word_label,word_label_IPA,word_label_IPA_syllabified,sN,word_cat_6,corpus_freq,in_mono_corpus
а,a,a,1,F,18689,TRUE
ав,aʋ,aʋ,1,F,6658,TRUE
авал,aʋal,a.ʋal,2,FF,1166,TRUE
аваллӑх,aʋallɵx,a.ʋal.lɵx,3,FFR,353,TRUE
авалтан,aʋaltan,a.ʋal.tan,3,FFF,742,TRUE
авалтанпа,aʋaltanpa,a.ʋal.tan.pa,4,FFFF,43,TRUE
авалхи,aʋalxi,a.ʋal.xi,3,FFF,5565,TRUE
авалхилле,aʋalxille,a.ʋal.xil.le,4,FFFF,23,TRUE
аван,aʋan,a.ʋan,2,FF,8829,TRUE
аванлан,aʋanlan,a.ʋan.lan,3,FFF,3,TRUE
аванлантар,aʋanlantar,a.ʋan.lan.tar,4,FFFF,,FALSE
аванлат,aʋanlat,a.ʋan.lat,3,FFF,5,TRUE
аванлаттар,aʋanlattar,a.ʋan.lat.tar,4,FFFF,,FALSE
аванлӑх,aʋanlɵx,a.ʋan.lɵx,3,FFR,,FALSE
аванмарлан,aʋanmarlan,a.ʋan.mar.lan,4,FFFF,,FALSE
аванс,aʋans,a.ʋans,2,FF,35,TRUE
авансла,aʋansla,a.ʋans.la,3,FFF,2,TRUE
авантюра,aʋantjura,a.ʋant.ju.ra,4,FFFF,2,TRUE
авантюрӑлӑх,aʋantjurɵlɵx,a.ʋant.ju.rɵ.lɵx,5,FFFRR,1,TRUE
авантюрӑллӑ,aʋantjurɵllɵ,a.ʋant.ju.rɵl.lɵ,5,FFFRR,3,TRUE
авантюрист,aʋantjurist,a.ʋant.ju.rist,4,FFFF,2,TRUE
авантюристла,aʋantjuristla,a.ʋant.ju.rist.la,5,FFFFF,2,TRUE
авар,aʋar,a.ʋar,2,FF,86,TRUE
авари,aʋari,a.ʋa.ri,3,FFF,491,TRUE
аварилӗх,aʋariløx,a.ʋa.ri.løx,4,FFFR,1,TRUE
аварисӗр,aʋarisør,a.ʋa.ri.sør,4,FFFR,6,TRUE
авӑ,aʋɵ,a.ʋɵ,2,FR,1451,TRUE
авӑк,aʋɵk,a.ʋɵk,2,FR,217,TRUE
авӑклан,aʋɵklan,a.ʋɵk.lan,3,FRF,,FALSE
авӑн,aʋɵn,a.ʋɵn,2,FR,2963,TRUE
авӑнлӑх,aʋɵnlɵx,a.ʋɵn.lɵx,3,FRR,,FALSE
авӑнтар,aʋɵntar,a.ʋɵn.tar,3,FRF,2,TRUE
авӑнчӑк,aʋɵntɕɵk,a.ʋɵn.tɕɵk,3,FRR,79,TRUE
авӑнчӑклан,aʋɵntɕɵklan,a.ʋɵn.tɕɵk.lan,4,FRRF,,FALSE
авӑнчӑклантар,aʋɵntɕɵklantar,a.ʋɵn.tɕɵk.lan.tar,5,FRRFF,,FALSE
авӑнчӑклат,aʋɵntɕɵklat,a.ʋɵn.tɕɵk.lat,4,FRRF,,FALSE
авӑнчӑклӑ,aʋɵntɕɵklɵ,a.ʋɵn.tɕɵk.lɵ,4,FRRR,1,TRUE
авӑр,aʋɵr,a.ʋɵr,2,FR,451,TRUE
авӑрла,aʋɵrla,a.ʋɵr.la,3,FRF,14,TRUE
авӑрлан,aʋɵrlan,a.ʋɵr.lan,3,FRF,2,TRUE
авӑрлаттар,aʋɵrlattar,a.ʋɵr.lat.tar,4,FRFF,,FALSE
авӑрлӑ,aʋɵrlɵ,a.ʋɵr.lɵ,3,FRR,164,TRUE
авӑрсӑр,aʋɵrsɵr,a.ʋɵr.sɵr,3,FRR,18,TRUE
авӑрсӑрлан,aʋɵrsɵrlan,a.ʋɵr.sɵr.lan,4,FRRF,,FALSE
авӑрт,aʋɵrt,a.ʋɵrt,2,FR,6,TRUE
авӑртӑн,aʋɵrtɵn,a.ʋɵr.tɵn,3,FRR,,FALSE
авӑрттар,aʋɵrttar,a.ʋɵrt.tar,3,FRF,,FALSE
авӑс,aʋɵs,a.ʋɵs,2,FR,22,TRUE
авӑсӑм,aʋɵsɵm,a.ʋɵ.sɵm,3,FRR,,FALSE
авӑсӑн,aʋɵsɵn,a.ʋɵ.sɵn,3,FRR,3,TRUE
авӑстар,aʋɵstar,a.ʋɵs.tar,3,FRF,,FALSE
авӑт,aʋɵt,a.ʋɵt,2,FR,29,TRUE
авӑттар,aʋɵttar,a.ʋɵt.tar,3,FRF,2,TRUE
авиалини,aʋialini,a.ʋi.a.li.ni,5,FFFFF,1,TRUE
авиаҫул,aʋiaɕul,a.ʋi.a.ɕul,4,FFFF,2,TRUE
авиаҫыхӑну,aʋiaɕʉxɵnu,a.ʋi.a.ɕʉ.xɵ.nu,6,FFFFRF,2,TRUE
авиатехник,aʋiatexnik,a.ʋi.a.tex.nik,5,FFFFF,3,TRUE
авиатрасса,aʋiatrassa,a.ʋi.at.ras.sa,5,FFFFF,,FALSE
авиачасть,aʋiatɕastʲ,a.ʋi.a.tɕastʲ,4,FFFF,,FALSE
авиашкул,aʋiaʃkul,a.ʋi.aʃ.kul,4,FFFF,,FALSE
авка,aʋka,aʋ.ka,2,FF,24,TRUE
авкала,aʋkala,aʋ.ka.la,3,FFF,3,TRUE
авкалан,aʋkalan,aʋ.ka.lan,3,FFF,2,TRUE
авкалантар,aʋkalantar,aʋ.ka.lan.tar,4,FFFF,,FALSE
авкаланчӑк,aʋkalantɕɵk,aʋ.ka.lan.tɕɵk,4,FFFR,30,TRUE
авкаланчӑклан,aʋkalantɕɵklan,aʋ.ka.lan.tɕɵk.lan,5,FFFRF,,FALSE
авкӑҫ,aʋkɵɕ,aʋ.kɵɕ,2,FR,,FALSE
авкӑч,aʋkɵtɕ,aʋ.kɵtɕ,2,FR,1,TRUE
авкумшавкум,aʋkumʃaʋkum,aʋ.kum.ʃaʋ.kum,4,FFFF,,FALSE
авлан,aʋlan,aʋ.lan,2,FF,61,TRUE
авлантар,aʋlantar,aʋ.lan.tar,3,FFF,5,TRUE
авлану,aʋlanu,aʋ.la.nu,3,FFF,16,TRUE
авмак,aʋmak,aʋ.mak,2,FF,3,TRUE
авмака,aʋmaka,aʋ.ma.ka,3,FFF,2,TRUE
авмакалан,aʋmakalan,aʋ.ma.ka.lan,4,FFFF,,FALSE
авмашка,aʋmaʃka,aʋ.maʃ.ka,3,FFF,1,TRUE
авра,aʋra,aʋ.ra,2,FF,14,TRUE
авраҫавра,aʋraɕaʋra,aʋ.ra.ɕaʋ.ra,4,FFFF,,FALSE
аврал,aʋral,aʋ.ral,2,FF,12,TRUE
авран,aʋran,aʋ.ran,2,FF,,FALSE
аврантар,aʋrantar,aʋ.ran.tar,3,FFF,,FALSE
авраттар,aʋrattar,aʋ.rat.tar,3,FFF,,FALSE
авраш,aʋraʃ,aʋ.raʃ,2,FF,,FALSE
авраштар,aʋraʃtar,aʋ.raʃ.tar,3,FFF,,FALSE
аврӑҫ,aʋrɵɕ,aʋ.rɵɕ,2,FR,,FALSE
аврӑҫӑн,aʋrɵɕɵn,aʋ.rɵ.ɕɵn,3,FRR,,FALSE
аврӑҫлан,aʋrɵɕlan,aʋ.rɵɕ.lan,3,FRF,,FALSE
аврӑҫлӑ,aʋrɵɕlɵ,aʋ.rɵɕ.lɵ,3,FRR,,FALSE
аврӑҫтар,aʋrɵɕtar,aʋ.rɵɕ.tar,3,FRF,,FALSE
авсӑм,aʋsɵm,aʋ.sɵm,2,FR,1,TRUE
австрал,aʋstral,aʋst.ral,2,FF,2,TRUE
австри,aʋstri,aʋst.ri,2,FF,323,TRUE
автан,aʋtan,aʋ.tan,2,FF,1078,TRUE
автанла,aʋtanla,aʋ.tan.la,3,FFF,18,TRUE
автанччен,aʋtantɕtɕen,aʋ.tantɕ.tɕen,3,FFF,1,TRUE
автар,aʋtar,aʋ.tar,2,FF,,FALSE
автарки,aʋtarki,aʋ.tar.ki,3,FFF,,FALSE
автаркии,aʋtarkii,aʋ.tar.ki.i,4,FFFF,,FALSE
автӑ,aʋtɵ,aʋ.tɵ,2,FR,1,TRUE
аист,aist,a.ist,2,FF,76,TRUE
ай,aj,aj,1,F,4553,TRUE
айвай,ajʋaj,aj.ʋaj,2,FF,1,TRUE
айпайпай,ajpajpaj,aj.paj.paj,3,FFF,,FALSE
айуй,ajuj,a.juj,2,FF,3,TRUE
айхай,ajxaj,aj.xaj,2,FF,,FALSE
айяй,ajjaj,aj.jaj,2,FF,2,TRUE
айӑк,ajɵk,a.jɵk,2,FR,21,TRUE
айӑккӑн,ajɵkkɵn,a.jɵk.kɵn,3,FRR,12,TRUE
айӑм,ajɵm,a.jɵm,2,FR,4,TRUE
айӑн,ajɵn,a.jɵn,2,FR,120,TRUE
айӑнҫийӗн,ajɵnɕijøn,a.jɵn.ɕi.jøn,4,FRFR,3,TRUE
айӑп,ajɵp,a.jɵp,2,FR,551,TRUE
айӑпла,ajɵpla,a.jɵp.la,3,FRF,63,TRUE
айӑплав,ajɵplaʋ,a.jɵp.laʋ,3,FRF,238,TRUE
айӑплавҫӑ,ajɵplaʋɕɵ,a.jɵp.laʋ.ɕɵ,4,FRFR,,FALSE
айӑплакан,ajɵplakan,a.jɵp.la.kan,4,FRFF,32,TRUE
айӑплан,ajɵplan,a.jɵp.lan,3,FRF,6,TRUE
айӑпланакан,ajɵplanakan,a.jɵp.la.na.kan,5,FRFFF,112,TRUE
айӑплӑ,ajɵplɵ,a.jɵp.lɵ,3,FRR,2412,TRUE
айӑплӑн,ajɵplɵn,a.jɵp.lɵn,3,FRR,163,TRUE
айӑплӑх,ajɵplɵx,a.jɵp.lɵx,3,FRR,4,TRUE
айӑпсӑр,ajɵpsɵr,a.jɵp.sɵr,3,FRR,537,TRUE
айӑпсӑрлӑх,ajɵpsɵrlɵx,a.jɵp.sɵr.lɵx,4,FRRR,6,TRUE
айӑпсӑррӑн,ajɵpsɵrrɵn,a.jɵp.sɵr.rɵn,4,FRRR,1,TRUE
айва,ajʋa,aj.ʋa,2,FF,11,TRUE
айван,ajʋan,aj.ʋan,2,FF,1318,TRUE
айванӑн,ajʋanɵn,aj.ʋa.nɵn,3,FFR,7,TRUE
айванкка,ajʋankka,aj.ʋank.ka,3,FFF,55,TRUE
айванла,ajʋanla,aj.ʋan.la,3,FFF,179,TRUE
айванлан,ajʋanlan,aj.ʋan.lan,3,FFF,1,TRUE
айванлӑх,ajʋanlɵx,aj.ʋan.lɵx,3,FFR,89,TRUE
айванчӑк,ajʋantɕɵk,aj.ʋan.tɕɵk,3,FFR,,FALSE
аййӑн,ajjɵn,aj.jɵn,2,FR,,FALSE
айкан,ajkan,aj.kan,2,FF,,FALSE
айкат,ajkat,aj.kat,2,FF,,FALSE
айкаш,ajkaʃ,aj.kaʃ,2,FF,5,TRUE
айкаштар,ajkaʃtar,aj.kaʃ.tar,3,FFF,,FALSE
айкашу,ajkaʃu,aj.ka.ʃu,3,FFF,12,TRUE
айкашуллӑ,ajkaʃullɵ,aj.ka.ʃul.lɵ,4,FFFR,2,TRUE
айла,ajla,aj.la,2,FF,7,TRUE
айлан,ajlan,aj.lan,2,FF,2,TRUE
айлантар,ajlantar,aj.lan.tar,3,FFF,,FALSE
айлат,ajlat,aj.lat,2,FF,,FALSE
айлаттар,ajlattar,aj.lat.tar,3,FFF,,FALSE
айлату,ajlatu,aj.la.tu,3,FFF,1,TRUE
айлӑ,ajlɵ,aj.lɵ,2,FR,7,TRUE
айлӑҫийлӗ,ajlɵɕijlø,aj.lɵ.ɕij.lø,4,FRFR,,FALSE
айлӑм,ajlɵm,aj.lɵm,2,FR,146,TRUE
айлӑмлӑ,ajlɵmlɵ,aj.lɵm.lɵ,3,FRR,20,TRUE
айлӑмлӑх,ajlɵmlɵx,aj.lɵm.lɵx,3,FRR,,FALSE
айлӑнҫийлӗн,ajlɵnɕijløn,aj.lɵn.ɕij.løn,4,FRFR,,FALSE
айпарӑш,ajparɵʃ,aj.pa.rɵʃ,3,FFR,5,TRUE
айпӑлта,ajpɵlta,aj.pɵl.ta,3,FRF,18,TRUE
айсарӑм,ajsarɵm,aj.sa.rɵm,3,FFR,14,TRUE
айсӑр,ajsɵr,aj.sɵr,2,FR,,FALSE
айта,ajta,aj.ta,2,FF,575,TRUE
айтар,ajtar,aj.tar,2,FF,168,TRUE
айташ,ajtaʃ,aj.taʃ,2,FF,36,TRUE
айтурах,ajturax,aj.tu.rax,3,FFF,108,TRUE
айтуру,ajturu,aj.tu.ru,3,FFF,9,TRUE
айшатӑн,ajʃatɵn,aj.ʃa.tɵn,3,FFR,12,TRUE
ак,ak,ak,1,F,10124,TRUE
ака,aka,a.ka,2,FF,3906,TRUE
акасуха,akasuxa,a.ka.su.xa,4,FFFF,2,TRUE
акай,akaj,a.kaj,2,FF,18,TRUE
акала,akala,a.ka.la,3,FFF,1,TRUE
акам,akam,a.kam,2,FF,9,TRUE
акамлӑ,akamlɵ,a.kam.lɵ,3,FFR,2,TRUE
акапуҫ,akapuɕ,a.ka.puɕ,3,FFF,49,TRUE
акар,akar,a.kar,2,FF,32,TRUE
акаҫӑ,akaɕɵ,a.ka.ɕɵ,3,FFR,11,TRUE
акатуй,akatuj,a.ka.tuj,3,FFF,1067,TRUE
акӑ,akɵ,a.kɵ,2,FR,17015,TRUE
акӑлчан,akɵltɕan,a.kɵl.tɕan,3,FRF,1258,TRUE
акӑлчанла,akɵltɕanla,a.kɵl.tɕan.la,4,FRFF,637,TRUE
акӑм,akɵm,a.kɵm,2,FR,,FALSE
акӑн,akɵn,a.kɵn,2,FR,6,TRUE
акӑш,akɵʃ,a.kɵʃ,2,FR,1014,TRUE
акӑшмакӑш,akɵʃmakɵʃ,a.kɵʃ.ma.kɵʃ,4,FRFR,4,TRUE
акӑшмакӑшлан,akɵʃmakɵʃlan,a.kɵʃ.ma.kɵʃ.lan,5,FRFRF,,FALSE
акӑшла,akɵʃla,a.kɵʃ.la,3,FRF,8,TRUE
акварель,akʋarelʲ,ak.ʋa.relʲ,3,FFF,32,TRUE
аквариум,akʋarium,ak.ʋa.ri.um,4,FFFF,38,TRUE
акиҫак,akiɕak,a.ki.ɕak,3,FFF,,FALSE
акка,akka,ak.ka,2,FF,180,TRUE
акр,akr,akr,1,F,5,TRUE
аксакал,aksakal,ak.sa.kal,3,FFF,12,TRUE
акт,akt,akt,1,F,383,TRUE
актар,aktar,ak.tar,2,FF,1,TRUE
актер,akter,ak.ter,2,FF,422,TRUE
актерла,akterla,ak.ter.la,3,FFF,,FALSE
актӗрла,aktørla,ak.tør.la,3,FRF,,FALSE
актив,aktiʋ,ak.tiʋ,2,FF,35,TRUE
активист,aktiʋist,ak.ti.ʋist,3,FFF,27,TRUE
активистка,aktiʋistka,ak.ti.ʋist.ka,4,FFFF,10,TRUE
активлан,aktiʋlan,ak.tiʋ.lan,3,FFF,,FALSE
активлантар,aktiʋlantar,ak.tiʋ.lan.tar,4,FFFF,,FALSE
активлат,aktiʋlat,ak.tiʋ.lat,3,FFF,,FALSE
активлӑ,aktiʋlɵ,ak.tiʋ.lɵ,3,FFR,504,TRUE
активлӑн,aktiʋlɵn,ak.tiʋ.lɵn,3,FFR,28,TRUE
активлӑх,aktiʋlɵx,ak.tiʋ.lɵx,3,FFR,12,TRUE
актла,aktla,akt.la,2,FF,,FALSE
актриса,aktrisa,akt.ri.sa,3,FFF,254,TRUE
актуаллӑ,aktuallɵ,ak.tu.al.lɵ,4,FFFR,159,TRUE
актуаллӑх,aktuallɵx,ak.tu.al.lɵx,4,FFFR,4,TRUE
акула,akula,a.ku.la,3,FFF,67,TRUE
акустик,akustik,a.kus.tik,3,FFF,,FALSE
акустика,akustika,a.kus.ti.ka,4,FFFF,10,TRUE
акушер,akuʃer,a.ku.ʃer,3,FFF,465,TRUE
акушерка,akuʃerka,a.ku.ʃer.ka,4,FFFF,38,TRUE
акшар,akʃar,ak.ʃar,2,FF,81,TRUE
акшарла,akʃarla,ak.ʃar.la,3,FFF,,FALSE
акын,akʉn,a.kʉn,2,FF,2,TRUE
ал,al,al,1,F,5626,TRUE
алура,alura,a.lu.ra,3,FFF,5,TRUE
ала,ala,a.la,2,FF,264,TRUE
алай,alaj,a.laj,2,FF,24,TRUE
алайла,alajla,a.laj.la,3,FFF,,FALSE
алама,alama,a.la.ma,3,FFF,18,TRUE
аламалан,alamalan,a.la.ma.lan,4,FFFF,,FALSE
аланчӑк,alantɕɵk,a.lan.tɕɵk,3,FFR,,FALSE
алапаш,alapaʃ,a.la.paʃ,3,FFF,10,TRUE
алат,alat,a.lat,2,FF,4,TRUE
алӑ,alɵ,a.lɵ,2,FR,10041,TRUE
алӑура,alɵura,a.lɵ.u.ra,4,FRFF,3,TRUE
алӑк,alɵk,a.lɵk,2,FR,5123,TRUE
алӑкӑнтӗпелӗн,alɵkɵntøpeløn,a.lɵ.kɵn.tø.pe.løn,6,FRRRFR,,FALSE
алӑм,alɵm,a.lɵm,2,FR,1,TRUE
алӑсӑр,alɵsɵr,a.lɵ.sɵr,3,FRR,125,TRUE
алӑсӑрурасӑр,alɵsɵrurasɵr,a.lɵ.sɵ.ru.ra.sɵr,6,FRRFFR,,FALSE
алӑсталӑх,alɵstalɵx,a.lɵs.ta.lɵx,4,FRFR,10,TRUE
алӑстаҫ,alɵstaɕ,a.lɵs.taɕ,3,FRF,,FALSE
алӑсти,alɵsti,a.lɵs.ti,3,FRF,12,TRUE
алӑшни,alɵʃni,a.lɵʃ.ni,3,FRF,,FALSE
алимент,aliment,a.li.ment,3,FFF,387,TRUE
алиментҫӑ,alimentɕɵ,a.li.men.tɕɵ,4,FFFR,1,TRUE
алка,alka,al.ka,2,FF,190,TRUE
алкаллӑ,alkallɵ,al.kal.lɵ,3,FFR,20,TRUE
алкум,alkum,al.kum,2,FF,302,TRUE
алла,alla,al.la,2,FF,8297,TRUE
аллааллӑн,allaallɵn,al.la.al.lɵn,4,FFFR,4,TRUE
аллан,allan,al.lan,2,FF,4,TRUE
алланчӑк,allantɕɵk,al.lan.tɕɵk,3,FFR,,FALSE
аллаттар,allattar,al.lat.tar,3,FFF,,FALSE
аллӑ,allɵ,al.lɵ,2,FR,1218,TRUE
аллӑура,allɵura,al.lɵ.u.ra,4,FRFF,,FALSE
аллӑмӗш,allɵmøʃ,al.lɵ.møʃ,3,FRR,51,TRUE
аллӑн,allɵn,al.lɵn,2,FR,463,TRUE
аллӑшар,allɵʃar,al.lɵ.ʃar,3,FRF,28,TRUE
аллӑшарлӑх,allɵʃarlɵx,al.lɵ.ʃar.lɵx,4,FRFR,,FALSE
аллӑшӗ,allɵʃø,al.lɵ.ʃø,3,FRR,13,TRUE
аллея,alleja,al.le.ja,3,FFF,96,TRUE
алли,alli,al.li,2,FF,2532,TRUE
алмак,almak,al.mak,2,FF,1,TRUE
алпастӑ,alpastɵ,al.pas.tɵ,3,FFR,16,TRUE
алса,alsa,al.sa,2,FF,205,TRUE
алсачӑлха,alsatɕɵlxa,al.sa.tɕɵl.xa,4,FFRF,,FALSE
алсӑр,alsɵr,al.sɵr,2,FR,23,TRUE
алсиш,alsiʃ,al.siʃ,2,FF,201,TRUE
алҫыру,alɕʉru,al.ɕʉ.ru,3,FFF,39,TRUE
алт,alt,alt,1,F,17,TRUE
алтай,altaj,al.taj,2,FF,515,TRUE
алтарь,altarʲ,al.tarʲ,2,FF,81,TRUE
алтӑ,altɵ,al.tɵ,2,FR,1,TRUE
алтӑви,altɵʋi,al.tɵ.ʋi,3,FRF,,FALSE
алтӑк,altɵk,al.tɵk,2,FR,6,TRUE
алтӑккӑлтӑк,altɵkkɵltɵk,al.tɵk.kɵl.tɵk,4,FRRR,,FALSE
алтӑккӑлтӑклӑ,altɵkkɵltɵklɵ,al.tɵk.kɵl.tɵk.lɵ,5,FRRRR,,FALSE
алтӑкла,altɵkla,al.tɵk.la,3,FRF,,FALSE
алтӑклан,altɵklan,al.tɵk.lan,3,FRF,,FALSE
алтӑклантар,altɵklantar,al.tɵk.lan.tar,4,FRFF,,FALSE
алтӑклӑ,altɵklɵ,al.tɵk.lɵ,3,FRR,12,TRUE
алтӑн,altɵn,al.tɵn,2,FR,,FALSE
алтӑр,altɵr,al.tɵr,2,FR,449,TRUE
алтивӗҫҫӗн,altiʋøɕɕøn,al.ti.ʋøɕ.ɕøn,4,FFRR,5,TRUE
алхапӑл,alxapɵl,al.xa.pɵl,3,FFR,45,TRUE
алхапӑллӑн,alxapɵllɵn,al.xa.pɵl.lɵn,4,FFRR,7,TRUE
алхапӑлта,alxapɵlta,al.xa.pɵl.ta,4,FFRF,5,TRUE
алхас,alxas,al.xas,2,FF,30,TRUE
алхаслӑ,alxaslɵ,al.xas.lɵ,3,FFR,,FALSE
алхаслӑх,alxaslɵx,al.xas.lɵx,3,FFR,,FALSE
алхасма,alxasma,al.xas.ma,3,FFF,119,TRUE
алхастар,alxastar,al.xas.tar,3,FFF,,FALSE
алхасу,alxasu,al.xa.su,3,FFF,15,TRUE
алхасуллӑ,alxasullɵ,al.xa.sul.lɵ,4,FFFR,13,TRUE
алхасуллӑн,alxasullɵn,al.xa.sul.lɵn,4,FFFR,5,TRUE
алхими,alximi,al.xi.mi,3,FFF,6,TRUE
алхимик,alximik,al.xi.mik,3,FFF,4,TRUE
алчӑмалчӑ,altɕɵmaltɕɵ,al.tɕɵ.mal.tɕɵ,4,FRFR,,FALSE
алчӑр,altɕɵr,al.tɕɵr,2,FR,,FALSE
алчӑра,altɕɵra,al.tɕɵ.ra,3,FRF,2,TRUE
алчӑравлӑ,altɕɵraʋlɵ,al.tɕɵ.raʋ.lɵ,4,FRFR,1,TRUE
алчӑравлӑн,altɕɵraʋlɵn,al.tɕɵ.raʋ.lɵn,4,FRFR,5,TRUE
алччамуй,altɕtɕamuj,altɕ.tɕa.muj,3,FFF,3,TRUE
алшӑлли,alʃɵlli,al.ʃɵl.li,3,FRF,166,TRUE
алшиш,alʃiʃ,al.ʃiʃ,2,FF,,FALSE
алылмаш,alʉlmaʃ,a.lʉl.maʃ,3,FFF,6,TRUE
алыча,alʉtɕa,a.lʉ.tɕa,3,FFF,5,TRUE
альманах,alʲmanax,alʲ.ma.nax,3,FFF,55,TRUE
альпинист,alʲpinist,alʲ.pi.nist,3,FFF,11,TRUE
альт,alʲt,alʲt,1,F,14,TRUE
альтиметр,alʲtimetr,alʲ.ti.metr,3,FFF,,FALSE
альтист,alʲtist,alʲ.tist,2,FF,2,TRUE
альтруист,alʲtruist,alʲt.ru.ist,3,FFF,5,TRUE
альтруистла,alʲtruistla,alʲt.ru.ist.la,4,FFFF,,FALSE
алюмини,aljumini,al.ju.mi.ni,4,FFFF,105,TRUE
алялях,aljaljax,al.jal.jax,3,FFF,,FALSE
ам,am,am,1,F,156,TRUE
ама,ama,a.ma,2,FF,561,TRUE
амааҫа,amaaɕa,a.ma.a.ɕa,4,FFFF,,FALSE
амавус,amaʋus,a.ma.ʋus,3,FFF,,FALSE
амавуслан,amaʋuslan,a.ma.ʋus.lan,4,FFFF,,FALSE
амак,amak,a.mak,2,FF,200,TRUE
амаклан,amaklan,a.mak.lan,3,FFF,,FALSE
амала,amala,a.ma.la,3,FFF,,FALSE
амалан,amalan,a.ma.lan,3,FFF,3,TRUE
амалантар,amalantar,a.ma.lan.tar,4,FFFF,2,TRUE
амалӑх,amalɵx,a.ma.lɵx,3,FFR,74,TRUE
амалла,amalla,a.mal.la,3,FFF,,FALSE
амаллӑхӗрлӗ,amallɵxørlø,a.mal.lɵ.xør.lø,5,FFRRR,,FALSE
аман,aman,a.man,2,FF,18,TRUE
амант,amant,a.mant,2,FF,14,TRUE
аманчӑк,amantɕɵk,a.man.tɕɵk,3,FFR,9,TRUE
амасӑр,amasɵr,a.ma.sɵr,3,FFR,7,TRUE
амаҫури,amaɕuri,a.ma.ɕu.ri,4,FFFF,246,TRUE
амашка,amaʃka,a.maʃ.ka,3,FFF,9,TRUE
амашкалан,amaʃkalan,a.maʃ.ka.lan,4,FFFF,,FALSE
амӑш,amɵʃ,a.mɵʃ,2,FR,1525,TRUE
амӑшай,amɵʃaj,a.mɵ.ʃaj,3,FRF,6,TRUE
амӑшӗ,amɵʃø,a.mɵ.ʃø,3,FRR,16864,TRUE
амӑшлӑх,amɵʃlɵx,a.mɵʃ.lɵx,3,FRR,27,TRUE
аметист,ametist,a.me.tist,3,FFF,12,TRUE
ами,ami,a.mi,2,FF,490,TRUE
амма,amma,am.ma,2,FF,10,TRUE
аммиак,ammiak,am.mi.ak,3,FFF,63,TRUE
амнисти,amnisti,am.nis.ti,3,FFF,34,TRUE
амнистиле,amnistile,am.nis.ti.le,4,FFFF,,FALSE
ампар,ampar,am.par,2,FF,120,TRUE
ампӑстӗмпӗс,ampɵstømpøs,am.pɵs.tøm.pøs,4,FRRR,,FALSE
ампӑстӗмпӗслен,ampɵstømpøslen,am.pɵs.tøm.pøs.len,5,FRRRF,,FALSE
ампер,amper,am.per,2,FF,10,TRUE
амперметр,ampermetr,am.per.metr,3,FFF,1,TRUE
ампир,ampir,am.pir,2,FF,10,TRUE
ампула,ampula,am.pu.la,3,FFF,10,TRUE
амулет,amulet,a.mu.let,3,FFF,21,TRUE
амутке,amutke,a.mut.ke,3,FFF,11,TRUE
ан,an,an,1,F,36673,TRUE
ана,ana,a.na,2,FF,1357,TRUE
анаҫаран,anaɕaran,a.na.ɕa.ran,4,FFFF,,FALSE
анаҫарма,anaɕarma,a.na.ɕar.ma,4,FFFF,,FALSE
аналӑх,analɵx,a.na.lɵx,3,FFR,2,TRUE
аналитик,analitik,a.na.li.tik,4,FFFF,6,TRUE
ананас,ananas,a.na.nas,3,FFF,71,TRUE
анапест,anapest,a.na.pest,3,FFF,7,TRUE
анархи,anarxi,a.nar.xi,3,FFF,14,TRUE
анархилӗх,anarxiløx,a.nar.xi.løx,4,FFFR,,FALSE
анархиллӗ,anarxillø,a.nar.xil.lø,4,FFFR,,FALSE
анархист,anarxist,a.nar.xist,3,FFF,20,TRUE
анархистла,anarxistla,a.nar.xist.la,4,FFFF,5,TRUE
анас,anas,a.nas,2,FF,260,TRUE
анасла,anasla,a.nas.la,3,FFF,47,TRUE
анаслаттар,anaslattar,a.nas.lat.tar,4,FFFF,,FALSE
анаслу,anaslu,a.nas.lu,3,FFF,,FALSE
анат,anat,a.nat,2,FF,2205,TRUE
анатри,anatri,a.nat.ri,3,FFF,746,TRUE
анӑра,anɵra,a.nɵ.ra,3,FRF,2,TRUE
анӑрав,anɵraʋ,a.nɵ.raʋ,3,FRF,,FALSE
анӑрат,anɵrat,a.nɵ.rat,3,FRF,,FALSE
анӑраш,anɵraʃ,a.nɵ.raʃ,3,FRF,2,TRUE
анӑраштар,anɵraʃtar,a.nɵ.raʃ.tar,4,FRFF,,FALSE
анӑрашу,anɵraʃu,a.nɵ.ra.ʃu,4,FRFF,,FALSE
анӑҫ,anɵɕ,a.nɵɕ,2,FR,1787,TRUE
анӑш,anɵʃ,a.nɵʃ,2,FR,20,TRUE
анӑштӑнӑш,anɵʃtɵnɵʃ,a.nɵʃ.tɵ.nɵʃ,4,FRRR,,FALSE
анеми,anemi,a.ne.mi,3,FFF,22,TRUE
анилин,anilin,a.ni.lin,3,FFF,,FALSE
анилинлӑ,anilinlɵ,a.ni.lin.lɵ,4,FFFR,,FALSE
анис,anis,a.nis,2,FF,61,TRUE
анка,anka,an.ka,2,FF,13,TRUE
анкарти,ankarti,an.kar.ti,3,FFF,410,TRUE
анкӑминкӗ,ankɵminkø,an.kɵ.min.kø,4,FRFR,2,TRUE
анкӑминкӗлен,ankɵminkølen,an.kɵ.min.kø.len,5,FRFRF,,FALSE
анкӑминкӗлентер,ankɵminkølenter,an.kɵ.min.kø.len.ter,6,FRFRFF,,FALSE
анкӑминкӗлет,ankɵminkølet,an.kɵ.min.kø.let,5,FRFRF,,FALSE
анкер,anker,an.ker,2,FF,2,TRUE
анкерлӑ,ankerlɵ,an.ker.lɵ,3,FFR,,FALSE
анкета,anketa,an.ke.ta,3,FFF,86,TRUE
анкетӑла,anketɵla,an.ke.tɵ.la,4,FFRF,,FALSE
анклав,anklaʋ,ank.laʋ,2,FF,19,TRUE
анла,anla,an.la,2,FF,14,TRUE
анлан,anlan,an.lan,2,FF,15,TRUE
анлат,anlat,an.lat,2,FF,,FALSE
анлӑ,anlɵ,an.lɵ,2,FR,3638,TRUE
анлӑлан,anlɵlan,an.lɵ.lan,3,FRF,,FALSE
анлӑлантар,anlɵlantar,an.lɵ.lan.tar,4,FRFF,,FALSE
анлӑлат,anlɵlat,an.lɵ.lat,3,FRF,,FALSE
анлӑн,anlɵn,an.lɵn,2,FR,793,TRUE
анлӑх,anlɵx,an.lɵx,2,FR,11,TRUE
анлӑш,anlɵʃ,an.lɵʃ,2,FR,82,TRUE
анне,anne,an.ne,2,FF,16108,TRUE
аннекси,anneksi,an.nek.si,3,FFF,2,TRUE
аннексиле,anneksile,an.nek.si.le,4,FFFF,,FALSE
анпуҫҫи,anpuɕɕi,an.puɕ.ɕi,3,FFF,1,TRUE
анра,anra,an.ra,2,FF,111,TRUE
анрасухра,anrasuxra,an.ra.sux.ra,4,FFFF,,FALSE
анрат,anrat,an.rat,2,FF,1,TRUE
анраш,anraʃ,an.raʃ,2,FF,4,TRUE
анраштар,anraʃtar,an.raʃ.tar,3,FFF,,FALSE
анрашу,anraʃu,an.ra.ʃu,3,FFF,1,TRUE
ансат,ansat,an.sat,2,FF,1340,TRUE
ансатлан,ansatlan,an.sat.lan,3,FFF,1,TRUE
ансатлантар,ansatlantar,an.sat.lan.tar,4,FFFF,,FALSE
ансатлат,ansatlat,an.sat.lat,3,FFF,,FALSE
ансатлӑх,ansatlɵx,an.sat.lɵx,3,FFR,12,TRUE
ансӑр,ansɵr,an.sɵr,2,FR,618,TRUE
ансӑрӑш,ansɵrɵʃ,an.sɵ.rɵʃ,3,FRR,,FALSE
ансӑрлан,ansɵrlan,an.sɵr.lan,3,FRF,1,TRUE
ансӑрлат,ansɵrlat,an.sɵr.lat,3,FRF,4,TRUE
ансӑрлаттар,ansɵrlattar,an.sɵr.lat.tar,4,FRFF,,FALSE
ансӑрлӑх,ansɵrlɵx,an.sɵr.lɵx,3,FRR,1,TRUE
ансух,ansux,an.sux,2,FF,8,TRUE
ансухла,ansuxla,an.sux.la,3,FFF,2,TRUE
ансухлан,ansuxlan,an.sux.lan,3,FFF,,FALSE
ансухлат,ansuxlat,an.sux.lat,3,FFF,,FALSE
ант,ant,ant,1,F,57,TRUE
анта,anta,an.ta,2,FF,3,TRUE
антар,antar,an.tar,2,FF,29,TRUE
антӑрлӑх,antɵrlɵx,an.tɵr.lɵx,3,FRR,1,TRUE
антӑс,antɵs,an.tɵs,2,FR,5,TRUE
антӑх,antɵx,an.tɵx,2,FR,4,TRUE
антӑхтар,antɵxtar,an.tɵx.tar,3,FRF,,FALSE
антенна,antenna,an.ten.na,3,FFF,42,TRUE
антика,antika,an.ti.ka,3,FFF,18,TRUE
антиквар,antikʋar,an.tik.ʋar,3,FFF,13,TRUE
антисанитари,antisanitari,an.ti.sa.ni.ta.ri,6,FFFFFF,1,TRUE
антисемит,antisemit,an.ti.se.mit,4,FFFF,,FALSE
антисептик,antiseptik,an.ti.sep.tik,4,FFFF,13,TRUE
антисептика,antiseptika,an.ti.sep.ti.ka,5,FFFFF,,FALSE
антихрист,antixrist,an.tix.rist,3,FFF,48,TRUE
антракт,antrakt,ant.rakt,2,FF,37,TRUE
антти,antti,ant.ti,2,FF,8,TRUE
анчах,antɕax,an.tɕax,2,FF,71163,TRUE
анчӑк,antɕɵk,an.tɕɵk,2,FR,372,TRUE
анчӑкла,antɕɵkla,an.tɕɵk.la,3,FRF,7,TRUE
анчӑклан,antɕɵklan,an.tɕɵk.lan,3,FRF,,FALSE
аншарли,anʃarli,an.ʃar.li,3,FFF,119,TRUE
ап,ap,ap,1,F,113,TRUE
апа,apa,a.pa,2,FF,27,TRUE
апав,apaʋ,a.paʋ,2,FF,1,TRUE
апай,apaj,a.paj,2,FF,90,TRUE
апапап,apapap,a.pa.pap,3,FFF,3,TRUE
апаслан,apaslan,a.pas.lan,3,FFF,,FALSE
апат,apat,a.pat,2,FF,14635,TRUE
апатҫимӗҫ,apatɕimøɕ,a.pa.tɕi.møɕ,4,FFFR,70,TRUE
апатит,apatit,a.pa.tit,3,FFF,3,TRUE
апатла,apatla,a.pat.la,3,FFF,3,TRUE
апатлан,apatlan,a.pat.lan,3,FFF,25,TRUE
апатлантар,apatlantar,a.pat.lan.tar,4,FFFF,2,TRUE
апатлӑ,apatlɵ,a.pat.lɵ,3,FFR,7,TRUE
апӑрша,apɵrʃa,a.pɵr.ʃa,3,FRF,208,TRUE
апӑршалан,apɵrʃalan,a.pɵr.ʃa.lan,4,FRFF,,FALSE
апӑс,apɵs,a.pɵs,2,FR,36,TRUE
апӑсла,apɵsla,a.pɵs.la,3,FRF,3,TRUE
апельсин,apelʲsin,a.pelʲ.sin,3,FFF,216,TRUE
апла,apla,ap.la,2,FF,13033,TRUE
аплакапла,aplakapla,ap.la.kap.la,4,FFFF,,FALSE
аплам,aplam,ap.lam,2,FF,,FALSE
аппа,appa,ap.pa,2,FF,5188,TRUE
аппай,appaj,ap.paj,2,FF,5,TRUE
аппалан,appalan,ap.pa.lan,3,FFF,28,TRUE
аппалантар,appalantar,ap.pa.lan.tar,4,FFFF,,FALSE
аппалану,appalanu,ap.pa.la.nu,4,FFFF,2,TRUE
аппаланчӑк,appalantɕɵk,ap.pa.lan.tɕɵk,4,FFFR,1,TRUE
аппаллӑйӑмӑклӑ,appallɵjɵmɵklɵ,ap.pal.lɵ.jɵ.mɵk.lɵ,6,FFRRRR,,FALSE
аппарат,apparat,ap.pa.rat,3,FFF,267,TRUE
аппаратура,apparatura,ap.pa.ra.tu.ra,5,FFFFF,71,TRUE
аппаратчик,apparattɕik,ap.pa.rat.tɕik,4,FFFF,11,TRUE
аппару,apparu,ap.pa.ru,3,FFF,1,TRUE
аппӑнтӗппӗн,appɵntøppøn,ap.pɵn.tøp.pøn,4,FRRR,,FALSE
аппетит,appetit,ap.pe.tit,3,FFF,34,TRUE
аппетитлӑ,appetitlɵ,ap.pe.tit.lɵ,4,FFFR,1,TRUE
апрель,aprelʲ,ap.relʲ,2,FF,478,TRUE
аптӑра,aptɵra,ap.tɵ.ra,3,FRF,17,TRUE
аптӑрав,aptɵraʋ,ap.tɵ.raʋ,3,FRF,7,TRUE
аптӑравлӑ,aptɵraʋlɵ,ap.tɵ.raʋ.lɵ,4,FRFR,2,TRUE
аптӑрат,aptɵrat,ap.tɵ.rat,3,FRF,1,TRUE
аптӑратмӑш,aptɵratmɵʃ,ap.tɵ.rat.mɵʃ,4,FRFR,1,TRUE
аптӑрашки,aptɵraʃki,ap.tɵ.raʃ.ki,4,FRFF,,FALSE
аптӑрашкилле,aptɵraʃkille,ap.tɵ.raʃ.kil.le,5,FRFFF,,FALSE
аптӑри,aptɵri,ap.tɵ.ri,3,FRF,11,TRUE
аптека,apteka,ap.te.ka,3,FFF,143,TRUE
аптекарь,aptekarʲ,ap.te.karʲ,3,FFF,4,TRUE
аптечка,aptetɕka,ap.tetɕ.ka,3,FFF,15,TRUE
аптра,aptra,apt.ra,2,FF,25,TRUE
аптрав,aptraʋ,apt.raʋ,2,FF,1,TRUE
аптравлӑ,aptraʋlɵ,apt.raʋ.lɵ,3,FFR,4,TRUE
аптрат,aptrat,apt.rat,2,FF,5,TRUE
аптратмӑш,aptratmɵʃ,apt.rat.mɵʃ,3,FFR,4,TRUE
апчху,aptɕxu,aptɕ.xu,2,FF,15,TRUE
апчхулат,aptɕxulat,aptɕ.xu.lat,3,FFF,,FALSE
апчхулаттар,aptɕxulattar,aptɕ.xu.lat.tar,4,FFFF,,FALSE
апшур,apʃur,ap.ʃur,2,FF,20,TRUE
апшурла,apʃurla,ap.ʃur.la,3,FFF,2,TRUE
апшурлӑх,apʃurlɵx,ap.ʃur.lɵx,3,FFR,,FALSE
ар,ar,ar,1,F,1323,TRUE
архӗр,arxør,ar.xør,2,FR,,FALSE
арывӑл,arʉʋɵl,a.rʉ.ʋɵl,3,FFR,,FALSE
ара,ara,a.ra,2,FF,9021,TRUE
аравасӑр,araʋasɵr,a.ra.ʋa.sɵr,4,FFFR,7,TRUE
аран,aran,a.ran,2,FF,5130,TRUE
аранҫӑ,aranɕɵ,a.ran.ɕɵ,3,FFR,2,TRUE
арарах,ararax,a.ra.rax,3,FFF,1,TRUE
араслан,araslan,a.ras.lan,3,FFF,10,TRUE
араслантар,araslantar,a.ras.lan.tar,4,FFFF,,FALSE
арау,arau,a.ra.u,3,FFF,3,TRUE
арахис,araxis,a.ra.xis,3,FFF,33,TRUE
арӑм,arɵm,a.rɵm,2,FR,3543,TRUE
арӑмла,arɵmla,a.rɵm.la,3,FRF,4,TRUE
арӑмлӑ,arɵmlɵ,a.rɵm.lɵ,3,FRR,210,TRUE
арӑмлӑх,arɵmlɵx,a.rɵm.lɵx,3,FRR,14,TRUE
арӑслан,arɵslan,a.rɵs.lan,3,FRF,510,TRUE
арӑшпирӗш,arɵʃpirøʃ,a.rɵʃ.pi.røʃ,4,FRFR,2,TRUE
арӑшпирӗшлен,arɵʃpirøʃlen,a.rɵʃ.pi.røʃ.len,5,FRFRF,,FALSE
ареал,areal,a.re.al,3,FFF,5,TRUE
арена,arena,a.re.na,3,FFF,190,TRUE
арест,arest,a.rest,2,FF,20,TRUE
арестант,arestant,a.res.tant,3,FFF,7,TRUE
арестле,arestle,a.rest.le,3,FFF,2,TRUE
ари,ari,a.ri,2,FF,30,TRUE
аркан,arkan,ar.kan,2,FF,8,TRUE
аркану,arkanu,ar.ka.nu,3,FFF,159,TRUE
арканчӑк,arkantɕɵk,ar.kan.tɕɵk,3,FFR,4,TRUE
аркат,arkat,ar.kat,2,FF,19,TRUE
аркаттар,arkattar,ar.kat.tar,3,FFF,,FALSE
аркату,arkatu,ar.ka.tu,3,FFF,39,TRUE
аркатуллӑ,arkatullɵ,ar.ka.tul.lɵ,4,FFFR,13,TRUE
аркаш,arkaʃ,ar.kaʃ,2,FF,271,TRUE
аркаштар,arkaʃtar,ar.kaʃ.tar,3,FFF,,FALSE
аркӑ,arkɵ,ar.kɵ,2,FR,74,TRUE
аркӑллӑ,arkɵllɵ,ar.kɵl.lɵ,3,FRR,100,TRUE
аркка,arkka,ark.ka,2,FF,,FALSE
арккан,arkkan,ark.kan,2,FF,,FALSE
аркканла,arkkanla,ark.kan.la,3,FFF,,FALSE
арккӑллӑ,arkkɵllɵ,ark.kɵl.lɵ,3,FRR,2,TRUE
аркуҫ,arkuɕ,ar.kuɕ,2,FF,2,TRUE
арла,arla,ar.la,2,FF,6,TRUE
арлан,arlan,ar.lan,2,FF,198,TRUE
арлаҫҫи,arlaɕɕi,ar.laɕ.ɕi,3,FFF,4,TRUE
арлаттар,arlattar,ar.lat.tar,3,FFF,,FALSE
арлӑ,arlɵ,ar.lɵ,2,FR,235,TRUE
арлӑарӑмлӑ,arlɵarɵmlɵ,ar.lɵ.a.rɵm.lɵ,5,FRFRR,1,TRUE
арлӑйышлӑ,arlɵjʉʃlɵ,ar.lɵ.jʉʃ.lɵ,4,FRFR,,FALSE
арлӑх,arlɵx,ar.lɵx,2,FR,77,TRUE
армакчармак,armaktɕarmak,ar.mak.tɕar.mak,4,FFFF,1,TRUE
армакчармаклан,armaktɕarmaklan,ar.mak.tɕar.mak.lan,5,FFFFF,,FALSE
арман,arman,ar.man,2,FF,987,TRUE
арматура,armatura,ar.ma.tu.ra,4,FFFF,24,TRUE
арматурӑла,armaturɵla,ar.ma.tu.rɵ.la,5,FFFRF,,FALSE
арми,armi,ar.mi,2,FF,60,TRUE
армути,armuti,ar.mu.ti,3,FFF,139,TRUE
армян,armjan,arm.jan,2,FF,34,TRUE
армянла,armjanla,arm.jan.la,3,FFF,11,TRUE
арпа,arpa,ar.pa,2,FF,117,TRUE
арпатӗрпе,arpatørpe,ar.pa.tør.pe,4,FFRF,,FALSE
арпалӑх,arpalɵx,ar.pa.lɵx,3,FFR,39,TRUE
арпаллӑ,arpallɵ,ar.pal.lɵ,3,FFR,2,TRUE
арпаш,arpaʃ,ar.paʃ,2,FF,4,TRUE
арпашӑн,arpaʃɵn,ar.pa.ʃɵn,3,FFR,,FALSE
арпашӑнтар,arpaʃɵntar,ar.pa.ʃɵn.tar,4,FFRF,,FALSE
арпашӑнчӑк,arpaʃɵntɕɵk,ar.pa.ʃɵn.tɕɵk,4,FFRR,5,TRUE
арпаштар,arpaʃtar,ar.paʃ.tar,3,FFF,6,TRUE
арпашу,arpaʃu,ar.pa.ʃu,3,FFF,21,TRUE
арпус,arpus,ar.pus,2,FF,110,TRUE
арсӑр,arsɵr,ar.sɵr,2,FR,27,TRUE
арсӑрйышсӑр,arsɵrjʉʃsɵr,ar.sɵr.jʉʃ.sɵr,4,FRFR,,FALSE
арсӑрлӑх,arsɵrlɵx,ar.sɵr.lɵx,3,FRR,,FALSE
арсенал,arsenal,ar.se.nal,3,FFF,13,TRUE
арҫӑрйышсӑр,arɕɵrjʉʃsɵr,ar.ɕɵr.jʉʃ.sɵr,4,FRFR,,FALSE
арҫури,arɕuri,ar.ɕu.ri,3,FFF,479,TRUE
арҫурилен,arɕurilen,ar.ɕu.ri.len,4,FFFF,,FALSE
арҫурилле,arɕurille,ar.ɕu.ril.le,4,FFFF,7,TRUE
арҫын,arɕʉn,ar.ɕʉn,2,FF,16408,TRUE
арҫынла,arɕʉnla,ar.ɕʉn.la,3,FFF,106,TRUE
арта,arta,ar.ta,2,FF,8,TRUE
артак,artak,ar.tak,2,FF,27,TRUE
артакла,artakla,ar.tak.la,3,FFF,,FALSE
артаклӑ,artaklɵ,ar.tak.lɵ,3,FFR,7,TRUE
артель,artelʲ,ar.telʲ,2,FF,31,TRUE
артери,arteri,ar.te.ri,3,FFF,16,TRUE
артикул,artikul,ar.ti.kul,3,FFF,,FALSE
артиллери,artilleri,ar.til.le.ri,4,FFFF,862,TRUE
артиллерист,artillerist,ar.til.le.rist,4,FFFF,48,TRUE
артист,artist,ar.tist,2,FF,1514,TRUE
артистка,artistka,ar.tist.ka,3,FFF,373,TRUE
артистла,artistla,ar.tist.la,3,FFF,33,TRUE
арттӑнтан,arttɵntan,art.tɵn.tan,3,FRF,,FALSE
арттис,arttis,art.tis,2,FF,3,TRUE
ару,aru,a.ru,2,FF,10,TRUE
архар,arxar,ar.xar,2,FF,1,TRUE
архасар,arxasar,ar.xa.sar,3,FFF,,FALSE
архасӑр,arxasɵr,ar.xa.sɵr,3,FFR,1,TRUE
архив,arxiʋ,ar.xiʋ,2,FF,686,TRUE
архивариус,arxiʋarius,ar.xi.ʋa.ri.us,5,FFFFF,30,TRUE
архивҫӑ,arxiʋɕɵ,ar.xiʋ.ɕɵ,3,FFR,1,TRUE
архиерей,arxierej,ar.xi.e.rej,4,FFFF,87,TRUE
архитектура,arxitektura,ar.xi.tek.tu.ra,5,FFFFF,388,TRUE
арча,artɕa,ar.tɕa,2,FF,523,TRUE
аршӑн,arʃɵn,ar.ʃɵn,2,FR,113,TRUE
аршӑнлат,arʃɵnlat,ar.ʃɵn.lat,3,FRF,,FALSE
аршӑнлӑ,arʃɵnlɵ,ar.ʃɵn.lɵ,3,FRR,14,TRUE
арык,arʉk,a.rʉk,2,FF,6,TRUE
ас,as,as,1,F,2178,TRUE
асав,asaʋ,a.saʋ,2,FF,88,TRUE
асаилӳ,asaily,a.sa.i.ly,4,FFFF,258,TRUE
асам,asam,a.sam,2,FF,351,TRUE
асамат,asamat,a.sa.mat,3,FFF,1438,TRUE
асамӑҫ,asamɵɕ,a.sa.mɵɕ,3,FFR,26,TRUE
асамӑҫла,asamɵɕla,a.sa.mɵɕ.la,4,FFRF,5,TRUE
асамла,asamla,a.sam.la,3,FFF,10,TRUE
асамлӑ,asamlɵ,a.sam.lɵ,3,FFR,2655,TRUE
асамлӑн,asamlɵn,a.sam.lɵn,3,FFR,116,TRUE
асамлӑх,asamlɵx,a.sam.lɵx,3,FFR,408,TRUE
асамҫӑ,asamɕɵ,a.sam.ɕɵ,3,FFR,436,TRUE
асан,asan,a.san,2,FF,62,TRUE
асанне,asanne,a.san.ne,3,FFF,1875,TRUE
асанҫӑ,asanɕɵ,a.san.ɕɵ,3,FFR,1,TRUE
асап,asap,a.sap,2,FF,1070,TRUE
асапла,asapla,a.sap.la,3,FFF,4,TRUE
асаплан,asaplan,a.sap.lan,3,FFF,22,TRUE
асаплантар,asaplantar,a.sap.lan.tar,4,FFFF,20,TRUE
асаплантару,asaplantaru,a.sap.lan.ta.ru,5,FFFFF,1,TRUE
асаплӑ,asaplɵ,a.sap.lɵ,3,FFR,458,TRUE
асаплӑн,asaplɵn,a.sap.lɵn,3,FFR,126,TRUE
асаплӑх,asaplɵx,a.sap.lɵx,3,FFR,26,TRUE
асапсӑр,asapsɵr,a.sap.sɵr,3,FFR,19,TRUE
асарписер,asarpiser,a.sar.pi.ser,4,FFFF,4,TRUE
асат,asat,a.sat,2,FF,74,TRUE
асатте,asatte,a.sat.te,3,FFF,2074,TRUE
асӑмлӑ,asɵmlɵ,a.sɵm.lɵ,3,FRR,10,TRUE
асӑмлӑх,asɵmlɵx,a.sɵm.lɵx,3,FRR,2,TRUE
асӑн,asɵn,a.sɵn,2,FR,165,TRUE
асӑнмалӑх,asɵnmalɵx,a.sɵn.ma.lɵx,4,FRFR,1011,TRUE
асӑнтар,asɵntar,a.sɵn.tar,3,FRF,8,TRUE
асӑну,asɵnu,a.sɵ.nu,3,FRF,1109,TRUE
асӑрха,asɵrxa,a.sɵr.xa,3,FRF,55,TRUE
асӑрхавлӑ,asɵrxaʋlɵ,a.sɵr.xaʋ.lɵ,4,FRFR,3,TRUE
асӑрхамасла,asɵrxamasla,a.sɵr.xa.mas.la,5,FRFFF,6,TRUE
асӑрхан,asɵrxan,a.sɵr.xan,3,FRF,70,TRUE
асӑрхану,asɵrxanu,a.sɵr.xa.nu,4,FRFF,2,TRUE
асӑрханулӑх,asɵrxanulɵx,a.sɵr.xa.nu.lɵx,5,FRFFR,89,TRUE
асӑрхануллӑ,asɵrxanullɵ,a.sɵr.xa.nul.lɵ,5,FRFFR,565,TRUE
асӑрхануллӑн,asɵrxanullɵn,a.sɵr.xa.nul.lɵn,5,FRFFR,143,TRUE
асӑрханусӑр,asɵrxanusɵr,a.sɵr.xa.nu.sɵr,5,FRFFR,44,TRUE
асӑрханусӑрлӑх,asɵrxanusɵrlɵx,a.sɵr.xa.nu.sɵr.lɵx,6,FRFFRR,,FALSE
асӑрхаттар,asɵrxattar,a.sɵr.xat.tar,4,FRFF,12,TRUE
асӑрхаттару,asɵrxattaru,a.sɵr.xat.ta.ru,5,FRFFF,164,TRUE
асӑрхаттаруллӑ,asɵrxattarullɵ,a.sɵr.xat.ta.rul.lɵ,6,FRFFFR,5,TRUE
асӑрхаттаруллӑн,asɵrxattarullɵn,a.sɵr.xat.ta.rul.lɵn,6,FRFFFR,,FALSE
асӑх,asɵx,a.sɵx,2,FR,3,TRUE
асӑхтар,asɵxtar,a.sɵx.tar,3,FRF,,FALSE
асептика,aseptika,a.sep.ti.ka,4,FFFF,1,TRUE
аскӑн,askɵn,as.kɵn,2,FR,197,TRUE
аскӑнтӗскӗн,askɵntøskøn,as.kɵn.tøs.køn,4,FRRR,,FALSE
аскӑнла,askɵnla,as.kɵn.la,3,FRF,2,TRUE
аскӑнлан,askɵnlan,as.kɵn.lan,3,FRF,2,TRUE
аскӑнлантар,askɵnlantar,as.kɵn.lan.tar,4,FRFF,,FALSE
аскӑнлӑх,askɵnlɵx,as.kɵn.lɵx,3,FRR,29,TRUE
аскӑнчӑк,askɵntɕɵk,as.kɵn.tɕɵk,3,FRR,46,TRUE
аскӑнчӑклӑ,askɵntɕɵklɵ,as.kɵn.tɕɵk.lɵ,4,FRRR,,FALSE
аскет,asket,as.ket,2,FF,1,TRUE
аскетла,asketla,as.ket.la,3,FFF,4,TRUE
аскетлӑх,asketlɵx,as.ket.lɵx,3,FFR,,FALSE
асламӑшӗ,aslamɵʃø,as.la.mɵ.ʃø,4,FFRR,1031,TRUE
аслан,aslan,as.lan,2,FF,116,TRUE
аслаҫу,aslaɕu,as.la.ɕu,3,FFF,159,TRUE
аслат,aslat,as.lat,2,FF,1,TRUE
аслати,aslati,as.la.ti,3,FFF,984,TRUE
аслатилле,aslatille,as.la.til.le,4,FFFF,18,TRUE
аслатиллӗ,aslatillø,as.la.til.lø,4,FFFR,215,TRUE
аслашшӗ,aslaʃʃø,as.laʃ.ʃø,3,FFR,1162,TRUE
аслӑ,aslɵ,as.lɵ,2,FR,27229,TRUE
аслӑк,aslɵk,as.lɵk,2,FR,282,TRUE
аслӑла,aslɵla,as.lɵ.la,3,FRF,4,TRUE
аслӑлан,aslɵlan,as.lɵ.lan,3,FRF,2,TRUE
аслӑлат,aslɵlat,as.lɵ.lat,3,FRF,4,TRUE
аслӑш,aslɵʃ,as.lɵʃ,2,FR,1,TRUE
аспирант,aspirant,as.pi.rant,3,FFF,46,TRUE
аспирантка,aspirantka,as.pi.rant.ka,4,FFFF,1,TRUE
аспирантура,aspirantura,as.pi.ran.tu.ra,5,FFFFF,42,TRUE
аспирин,aspirin,as.pi.rin,3,FFF,27,TRUE
асратӗсре,asratøsre,as.ra.tøs.re,4,FFRF,,FALSE
асрантӗсрен,asrantøsren,as.ran.tøs.ren,4,FFRF,,FALSE
ассатӗссе,assatøsse,as.sa.tøs.se,4,FFRF,,FALSE
ассахӗссе,assaxøsse,as.sa.xøs.se,4,FFRF,,FALSE
ассӑн,assɵn,as.sɵn,2,FR,1540,TRUE
асси,assi,as.si,2,FF,37,TRUE
ассистент,assistent,as.sis.tent,3,FFF,50,TRUE
астар,astar,as.tar,2,FF,3,TRUE
астармӑш,astarmɵʃ,as.tar.mɵʃ,3,FFR,88,TRUE
астару,astaru,as.ta.ru,3,FFF,,FALSE
астаруллӑ,astarullɵ,as.ta.rul.lɵ,4,FFFR,8,TRUE
астив,astiʋ,as.tiʋ,2,FF,14,TRUE
астивтер,astiʋter,as.tiʋ.ter,3,FFF,,FALSE
астма,astma,ast.ma,2,FF,52,TRUE
астмӑллӑ,astmɵllɵ,ast.mɵl.lɵ,3,FRR,1,TRUE
астра,astra,ast.ra,2,FF,35,TRUE
аҫа,aɕa,a.ɕa,2,FF,858,TRUE
аҫаама,aɕaama,a.ɕa.a.ma,4,FFFF,,FALSE
аҫаҫиҫӗм,aɕaɕiɕøm,a.ɕa.ɕi.ɕøm,4,FFFR,2,TRUE
аҫаҫиҫӗмлӗ,aɕaɕiɕømlø,a.ɕa.ɕi.ɕøm.lø,5,FFFRR,,FALSE
аҫаллӑ,aɕallɵ,a.ɕal.lɵ,3,FFR,12,TRUE
аҫаллӑамаллӑ,aɕallɵamallɵ,a.ɕal.lɵ.a.mal.lɵ,6,FFRFFR,4,TRUE
аҫам,aɕam,a.ɕam,2,FF,64,TRUE
аҫасӑрамасӑр,aɕasɵramasɵr,a.ɕa.sɵ.ra.ma.sɵr,6,FFRFFR,,FALSE
аҫи,aɕi,a.ɕi,2,FF,348,TRUE
аҫлӑк,aɕlɵk,aɕ.lɵk,2,FR,13,TRUE
аҫлӑклӑ,aɕlɵklɵ,aɕ.lɵk.lɵ,3,FRR,2,TRUE
аҫтаха,aɕtaxa,aɕ.ta.xa,3,FFF,256,TRUE
аҫу,aɕu,a.ɕu,2,FF,1594,TRUE
аҫуаннӳ,aɕuanny,a.ɕu.an.ny,4,FFFF,2,TRUE
ат,at,at,1,F,173,TRUE
атака,ataka,a.ta.ka,3,FFF,57,TRUE
атакӑла,atakɵla,a.ta.kɵ.la,4,FFRF,2,TRUE
аталан,atalan,a.ta.lan,3,FFF,105,TRUE
аталантар,atalantar,a.ta.lan.tar,4,FFFF,18,TRUE
аталану,atalanu,a.ta.la.nu,4,FFFF,948,TRUE
аталӑх,atalɵx,a.ta.lɵx,3,FFR,6,TRUE
атаман,ataman,a.ta.man,3,FFF,83,TRUE
атаманла,atamanla,a.ta.man.la,4,FFFF,,FALSE
атаслан,ataslan,a.tas.lan,3,FFF,,FALSE
атаслантар,ataslantar,a.tas.lan.tar,4,FFFF,,FALSE
атаха,ataxa,a.ta.xa,3,FFF,1,TRUE
аташ,ataʃ,a.taʃ,2,FF,108,TRUE
аташлӑ,ataʃlɵ,a.taʃ.lɵ,3,FFR,1,TRUE
аташтар,ataʃtar,a.taʃ.tar,3,FFF,3,TRUE
аташу,ataʃu,a.ta.ʃu,3,FFF,22,TRUE
аташуллӑ,ataʃullɵ,a.ta.ʃul.lɵ,4,FFFR,3,TRUE
атӑ,atɵ,a.tɵ,2,FR,1207,TRUE
атӑпушмак,atɵpuʃmak,a.tɵ.puʃ.mak,4,FRFF,5,TRUE
атӑҫӑ,atɵɕɵ,a.tɵ.ɕɵ,3,FRR,37,TRUE
атӑш,atɵʃ,a.tɵʃ,2,FR,1,TRUE
атвит,atʋit,at.ʋit,2,FF,,FALSE
атвитсӗр,atʋitsør,at.ʋi.tsør,3,FFR,,FALSE
атеист,ateist,a.te.ist,3,FFF,13,TRUE
атеистла,ateistla,a.te.ist.la,4,FFFF,,FALSE
ателье,atelʲe,a.te.lʲe,3,FFF,15,TRUE
атлант,atlant,at.lant,2,FF,15,TRUE
атлас,atlas,at.las,2,FF,62,TRUE
атлет,atlet,at.let,2,FF,131,TRUE
атлетика,atletika,at.le.ti.ka,4,FFFF,644,TRUE
атлетла,atletla,at.let.la,3,FFF,1,TRUE
атма,atma,at.ma,2,FF,55,TRUE
атна,atna,at.na,2,FF,2,TRUE
аттан,attan,at.tan,2,FF,,FALSE
аттата,attata,at.ta.ta,3,FFF,,FALSE
атташе,attaʃe,at.ta.ʃe,3,FFF,7,TRUE
аттӑк,attɵk,at.tɵk,2,FR,,FALSE
атте,atte,at.te,2,FF,11989,TRUE
аттеанне,atteanne,at.te.an.ne,4,FFFF,40,TRUE
аттеаннеллӗ,atteannellø,at.te.an.nel.lø,5,FFFFR,,FALSE
аттеаннесӗр,atteannesør,at.te.an.ne.sør,5,FFFFR,,FALSE
аттеллӗаннеллӗ,attelløannellø,at.tel.lø.an.nel.lø,6,FFRFFR,,FALSE
аттесӗраннесӗр,attesørannesør,at.te.sø.ran.ne.sør,6,FFRFFR,,FALSE
аттестат,attestat,at.tes.tat,3,FFF,406,TRUE
атту,attu,at.tu,2,FF,933,TRUE
аттьу,attʲu,at.tʲu,2,FF,,FALSE
атьӑр,atʲɵr,a.tʲɵr,2,FR,983,TRUE
атьсемӗр,atʲsemør,atʲ.se.mør,3,FFR,155,TRUE
атьсемри,atʲsemri,atʲ.sem.ri,3,FFF,37,TRUE
атя,atja,at.ja,2,FF,3013,TRUE
ау,au,a.u,2,FF,106,TRUE
аук,auk,a.uk,2,FF,2,TRUE
ауклат,auklat,a.uk.lat,3,FFF,,FALSE
аул,aul,a.ul,2,FF,33,TRUE
аулат,aulat,a.u.lat,3,FFF,,FALSE
аут,aut,a.ut,2,FF,5,TRUE
ах,ax,ax,1,F,5157,TRUE
аха,axa,a.xa,2,FF,306,TRUE
ахалӗн,axaløn,a.xa.løn,3,FFR,23,TRUE
ахаллӗн,axalløn,a.xal.løn,3,FFR,86,TRUE
ахаль,axalʲ,a.xalʲ,2,FF,6383,TRUE
ахальтен,axalʲten,a.xalʲ.ten,3,FFF,3241,TRUE
ахальшӗн,axalʲʃøn,a.xalʲ.ʃøn,3,FFR,10,TRUE
ахах,axax,a.xax,2,FF,488,TRUE
ахахмерчен,axaxmertɕen,a.xax.mer.tɕen,4,FFFF,5,TRUE
ахӑлахӑл,axɵlaxɵl,a.xɵ.la.xɵl,4,FRFR,,FALSE
ахӑлтат,axɵltat,a.xɵl.tat,3,FRF,4,TRUE
ахӑлтаттар,axɵltattar,a.xɵl.tat.tar,4,FRFF,,FALSE
ахӑлти,axɵlti,a.xɵl.ti,3,FRF,7,TRUE
ахӑр,axɵr,a.xɵr,2,FR,937,TRUE
ахӑраш,axɵraʃ,a.xɵ.raʃ,3,FRF,1,TRUE
ахӑраштар,axɵraʃtar,a.xɵ.raʃ.tar,4,FRFF,,FALSE
ахӑрашу,axɵraʃu,a.xɵ.ra.ʃu,4,FRFF,2,TRUE
ахӑрма,axɵrma,a.xɵr.ma,3,FRF,49,TRUE
ахӑрт,axɵrt,a.xɵrt,2,FR,1,TRUE
ахӑртнех,axɵrtnex,a.xɵrt.nex,3,FRF,2299,TRUE
ахӑрттар,axɵrttar,a.xɵrt.tar,3,FRF,,FALSE
ахлат,axlat,ax.lat,2,FF,6,TRUE
ахлаттар,axlattar,ax.lat.tar,3,FFF,,FALSE
ахлату,axlatu,ax.la.tu,3,FFF,5,TRUE
ахрамат,axramat,ax.ra.mat,3,FFF,6,TRUE
ахрат,axrat,ax.rat,2,FF,188,TRUE
аху,axu,a.xu,2,FF,11,TRUE
ахух,axux,a.xux,2,FF,1,TRUE
аххан,axxan,ax.xan,2,FF,4,TRUE
ача,atɕa,a.tɕa,2,FF,39159,TRUE
ачапӑча,atɕapɵtɕa,a.tɕa.pɵ.tɕa,4,FFRF,108,TRUE
ачапӑчаллӑ,atɕapɵtɕallɵ,a.tɕa.pɵ.tɕal.lɵ,5,FFRFR,7,TRUE
ачапӑчасӑр,atɕapɵtɕasɵr,a.tɕa.pɵ.tɕa.sɵr,5,FFRFR,2,TRUE
ачалан,atɕalan,a.tɕa.lan,3,FFF,,FALSE
ачалӑх,atɕalɵx,a.tɕa.lɵx,3,FFR,2078,TRUE
ачалла,atɕalla,a.tɕal.la,3,FFF,254,TRUE
ачаллӑ,atɕallɵ,a.tɕal.lɵ,3,FFR,1685,TRUE
ачам,atɕam,a.tɕam,2,FF,1803,TRUE
ачамак,atɕamak,a.tɕa.mak,3,FFF,2,TRUE
ачамӑшкӑ,atɕamɵʃkɵ,a.tɕa.mɵʃ.kɵ,4,FFRR,,FALSE
ачамккӑ,atɕamkkɵ,a.tɕamk.kɵ,3,FFR,77,TRUE
ачаран,atɕaran,a.tɕa.ran,3,FFF,1485,TRUE
ачасӑр,atɕasɵr,a.tɕa.sɵr,3,FFR,87,TRUE
ачасӑрлӑх,atɕasɵrlɵx,a.tɕa.sɵr.lɵx,4,FFRR,1,TRUE
ачаш,atɕaʃ,a.tɕaʃ,2,FF,996,TRUE
ачашла,atɕaʃla,a.tɕaʃ.la,3,FFF,66,TRUE
ачашлан,atɕaʃlan,a.tɕaʃ.lan,3,FFF,4,TRUE
ачашлантар,atɕaʃlantar,a.tɕaʃ.lan.tar,4,FFFF,,FALSE
ачашлаттар,atɕaʃlattar,a.tɕaʃ.lat.tar,4,FFFF,,FALSE
ачашлӑх,atɕaʃlɵx,a.tɕaʃ.lɵx,3,FFR,121,TRUE
ачашшӑн,atɕaʃʃɵn,a.tɕaʃ.ʃɵn,3,FFR,918,TRUE
ачӑлташ,atɕɵltaʃ,a.tɕɵl.taʃ,3,FRF,2,TRUE
ачху,atɕxu,atɕ.xu,2,FF,6,TRUE
аш,aʃ,aʃ,1,F,1944,TRUE
ашкакай,aʃkakaj,aʃ.ka.kaj,3,FFF,16,TRUE
ашпӑш,aʃpɵʃ,aʃ.pɵʃ,2,FR,2,TRUE
ашҫу,aʃɕu,aʃ.ɕu,2,FF,,FALSE
ашак,aʃak,a.ʃak,2,FF,129,TRUE
ашакла,aʃakla,a.ʃak.la,3,FFF,1,TRUE
ашӑ,aʃɵ,a.ʃɵ,2,FR,60,TRUE
ашӑк,aʃɵk,a.ʃɵk,2,FR,9,TRUE
ашӑкла,aʃɵkla,a.ʃɵk.la,3,FRF,1,TRUE
ашӑклаттар,aʃɵklattar,a.ʃɵk.lat.tar,4,FRFF,,FALSE
ашӑм,aʃɵm,a.ʃɵm,2,FR,17,TRUE
ашӑмла,aʃɵmla,a.ʃɵm.la,3,FRF,,FALSE
ашкӑн,aʃkɵn,aʃ.kɵn,2,FR,56,TRUE
ашкӑнтар,aʃkɵntar,aʃ.kɵn.tar,3,FRF,,FALSE
ашкӑну,aʃkɵnu,aʃ.kɵ.nu,3,FRF,4,TRUE
ашкӑнчӑк,aʃkɵntɕɵk,aʃ.kɵn.tɕɵk,3,FRR,73,TRUE
ашкӑр,aʃkɵr,aʃ.kɵr,2,FR,1,TRUE
ашлан,aʃlan,aʃ.lan,2,FF,,FALSE
ашлантар,aʃlantar,aʃ.lan.tar,3,FFF,,FALSE
аштар,aʃtar,aʃ.tar,2,FF,1,TRUE
ашшӗ,aʃʃø,aʃ.ʃø,2,FR,18112,TRUE
ашшӗамӑшӗ,aʃʃøamɵʃø,aʃ.ʃø.a.mɵ.ʃø,5,FRFRR,139,TRUE
ашшӗамӑшӗсӗр,aʃʃøamɵʃøsør,aʃ.ʃø.a.mɵ.ʃø.sør,6,FRFRRR,6,TRUE
ашшӗамӑшлӗ,aʃʃøamɵʃlø,aʃ.ʃø.a.mɵʃ.lø,5,FRFRR,,FALSE
аюк,ajuk,a.juk,2,FF,48,TRUE
аюклат,ajuklat,a.juk.lat,3,FFF,,FALSE
аюях,ajujax,a.ju.jax,3,FFF,2,TRUE
аяк,ajak,a.jak,2,FF,338,TRUE
аякка,ajakka,a.jak.ka,3,FFF,981,TRUE
аяккӑн,ajakkɵn,a.jak.kɵn,3,FFR,7,TRUE
аякра,ajakra,a.jak.ra,3,FFF,1785,TRUE
аякран,ajakran,a.jak.ran,3,FFF,1081,TRUE
аякри,ajakri,a.jak.ri,3,FFF,1390,TRUE
аял,ajal,a.jal,2,FF,130,TRUE
аяла,ajala,a.ja.la,3,FFF,262,TRUE
аялалла,ajalalla,a.ja.lal.la,4,FFFF,920,TRUE
аялта,ajalta,a.jal.ta,3,FFF,320,TRUE
аялтан,ajaltan,a.jal.tan,3,FFF,273,TRUE
аялти,ajalti,a.jal.ti,3,FFF,799,TRUE
ӑ,ɵ,ɵ,1,R,2104,TRUE
ӑӑх,ɵɵx,ɵ.ɵx,2,RR,1,TRUE
ӑв,ɵʋ,ɵʋ,1,R,20,TRUE
ӑвӑ,ɵʋɵ,ɵ.ʋɵ,2,RR,44,TRUE
ӑвӑлӑх,ɵʋɵlɵx,ɵ.ʋɵ.lɵx,3,RRR,,FALSE
ӑвӑн,ɵʋɵn,ɵ.ʋɵn,2,RR,5,TRUE
ӑвӑнтар,ɵʋɵntar,ɵ.ʋɵn.tar,3,RRF,,FALSE
ӑвӑс,ɵʋɵs,ɵ.ʋɵs,2,RR,357,TRUE
ӑвӑсла,ɵʋɵsla,ɵ.ʋɵs.la,3,RRF,,FALSE
ӑвӑслан,ɵʋɵslan,ɵ.ʋɵs.lan,3,RRF,,FALSE
ӑвӑслӑх,ɵʋɵslɵx,ɵ.ʋɵs.lɵx,3,RRR,45,TRUE
ӑвӑш,ɵʋɵʃ,ɵ.ʋɵʃ,2,RR,3,TRUE
ӑвв,ɵʋʋ,ɵʋʋ,1,R,,FALSE
ӑвклат,ɵʋklat,ɵʋk.lat,2,RF,,FALSE
ӑвлат,ɵʋlat,ɵʋ.lat,2,RF,,FALSE
ӑй,ɵj,ɵj,1,R,21,TRUE
ӑйӑ,ɵjɵ,ɵ.jɵ,2,RR,9,TRUE
ӑйӑр,ɵjɵr,ɵ.jɵr,2,RR,328,TRUE
ӑйӑрла,ɵjɵrla,ɵ.jɵr.la,3,RRF,,FALSE
ӑйхӑ,ɵjxɵ,ɵj.xɵ,2,RR,4,TRUE
ӑлапа,ɵlapa,ɵ.la.pa,3,RFF,24,TRUE
ӑлах,ɵlax,ɵ.lax,2,RF,,FALSE
ӑм,ɵm,ɵm,1,R,133,TRUE
ӑман,ɵman,ɵ.man,2,RF,126,TRUE
ӑмӑр,ɵmɵr,ɵ.mɵr,2,RR,190,TRUE
ӑмӑрлан,ɵmɵrlan,ɵ.mɵr.lan,3,RRF,2,TRUE
ӑмӑрлантар,ɵmɵrlantar,ɵ.mɵr.lan.tar,4,RRFF,,FALSE
ӑмӑрлат,ɵmɵrlat,ɵ.mɵr.lat,3,RRF,,FALSE
ӑмӑрлӑ,ɵmɵrlɵ,ɵ.mɵr.lɵ,3,RRR,28,TRUE
ӑмӑрт,ɵmɵrt,ɵ.mɵrt,2,RR,247,TRUE
ӑмӑрткайӑк,ɵmɵrtkajɵk,ɵ.mɵrt.ka.jɵk,4,RRFR,308,TRUE
ӑмӑртлан,ɵmɵrtlan,ɵ.mɵrt.lan,3,RRF,,FALSE
ӑмӑртлану,ɵmɵrtlanu,ɵ.mɵrt.la.nu,4,RRFF,,FALSE
ӑмӑрттар,ɵmɵrttar,ɵ.mɵrt.tar,3,RRF,,FALSE
ӑмӑрту,ɵmɵrtu,ɵ.mɵr.tu,3,RRF,1691,TRUE
ӑмӑртуллӑ,ɵmɵrtullɵ,ɵ.mɵr.tul.lɵ,4,RRFR,15,TRUE
ӑмӑртуҫӑ,ɵmɵrtuɕɵ,ɵ.mɵr.tu.ɕɵ,4,RRFR,8,TRUE
ӑмлат,ɵmlat,ɵm.lat,2,RF,,FALSE
ӑмма,ɵmma,ɵm.ma,2,RF,24,TRUE
ӑмсан,ɵmsan,ɵm.san,2,RF,22,TRUE
ӑмсантар,ɵmsantar,ɵm.san.tar,3,RFF,,FALSE
ӑмсану,ɵmsanu,ɵm.sa.nu,3,RFF,65,TRUE
ӑмсанулӑх,ɵmsanulɵx,ɵm.sa.nu.lɵx,4,RFFR,1,TRUE
ӑмсануллӑ,ɵmsanullɵ,ɵm.sa.nul.lɵ,4,RFFR,16,TRUE
ӑмсануллӑн,ɵmsanullɵn,ɵm.sa.nul.lɵn,4,RFFR,8,TRUE
ӑмсанчӑк,ɵmsantɕɵk,ɵm.san.tɕɵk,3,RFR,13,TRUE
ӑмуу,ɵmuu,ɵ.mu.u,3,RFF,,FALSE
ӑн,ɵn,ɵn,1,R,688,TRUE
ӑнпуҫ,ɵnpuɕ,ɵn.puɕ,2,RF,,FALSE
ӑнпуҫсӑр,ɵnpuɕsɵr,ɵn.puɕ.sɵr,3,RFR,,FALSE
ӑна,ɵna,ɵ.na,2,RF,102963,TRUE
ӑнакӑна,ɵnakɵna,ɵ.na.kɵ.na,4,RFRF,7,TRUE
ӑнӑҫ,ɵnɵɕ,ɵ.nɵɕ,2,RR,24,TRUE
ӑнӑҫлӑ,ɵnɵɕlɵ,ɵ.nɵɕ.lɵ,3,RRR,3944,TRUE
ӑнӑҫлӑн,ɵnɵɕlɵn,ɵ.nɵɕ.lɵn,3,RRR,193,TRUE
ӑнӑҫлӑх,ɵnɵɕlɵx,ɵ.nɵɕ.lɵx,3,RRR,79,TRUE
ӑнӑҫсӑр,ɵnɵɕsɵr,ɵ.nɵɕ.sɵr,3,RRR,375,TRUE
ӑнӑҫсӑрлӑх,ɵnɵɕsɵrlɵx,ɵ.nɵɕ.sɵr.lɵx,4,RRRR,14,TRUE
ӑнӑҫтар,ɵnɵɕtar,ɵ.nɵɕ.tar,3,RRF,,FALSE
ӑнӑҫу,ɵnɵɕu,ɵ.nɵ.ɕu,3,RRF,2047,TRUE
ӑнӑҫулӑх,ɵnɵɕulɵx,ɵ.nɵ.ɕu.lɵx,4,RRFR,7,TRUE
ӑнӑҫуллӑ,ɵnɵɕullɵ,ɵ.nɵ.ɕul.lɵ,4,RRFR,73,TRUE
ӑнӑҫусӑр,ɵnɵɕusɵr,ɵ.nɵ.ɕu.sɵr,4,RRFR,25,TRUE
ӑнкай,ɵnkaj,ɵn.kaj,2,RF,2,TRUE
ӑнкайлӑ,ɵnkajlɵ,ɵn.kaj.lɵ,3,RFR,2,TRUE
ӑнкар,ɵnkar,ɵn.kar,2,RF,12,TRUE
ӑнкарт,ɵnkart,ɵn.kart,2,RF,1,TRUE
ӑнкарттар,ɵnkarttar,ɵn.kart.tar,3,RFF,,FALSE
ӑнкару,ɵnkaru,ɵn.ka.ru,3,RFF,8,TRUE
ӑнкарулӑх,ɵnkarulɵx,ɵn.ka.ru.lɵx,4,RFFR,5,TRUE
ӑнкаруллӑ,ɵnkarullɵ,ɵn.ka.rul.lɵ,4,RFFR,20,TRUE
ӑнкарусӑр,ɵnkarusɵr,ɵn.ka.ru.sɵr,4,RFFR,2,TRUE
ӑнла,ɵnla,ɵn.la,2,RF,5,TRUE
ӑнлав,ɵnlaʋ,ɵn.laʋ,2,RF,212,TRUE
ӑнлан,ɵnlan,ɵn.lan,2,RF,240,TRUE
ӑнлантар,ɵnlantar,ɵn.lan.tar,3,RFF,65,TRUE
ӑнлантару,ɵnlantaru,ɵn.lan.ta.ru,4,RFFF,154,TRUE
ӑнлантаруллӑ,ɵnlantarullɵ,ɵn.lan.ta.rul.lɵ,5,RFFFR,74,TRUE
ӑнлану,ɵnlanu,ɵn.la.nu,3,RFF,173,TRUE
ӑнланулӑх,ɵnlanulɵx,ɵn.la.nu.lɵx,4,RFFR,63,TRUE
ӑнланулӑхлӑ,ɵnlanulɵxlɵ,ɵn.la.nu.lɵx.lɵ,5,RFFRR,1,TRUE
ӑнлануллӑ,ɵnlanullɵ,ɵn.la.nul.lɵ,4,RFFR,26,TRUE
ӑнланусӑр,ɵnlanusɵr,ɵn.la.nu.sɵr,4,RFFR,5,TRUE
ӑнланусӑрлӑх,ɵnlanusɵrlɵx,ɵn.la.nu.sɵr.lɵx,5,RFFRR,4,TRUE
ӑнлӑ,ɵnlɵ,ɵn.lɵ,2,RR,11,TRUE
ӑнлӑпуҫлӑ,ɵnlɵpuɕlɵ,ɵn.lɵ.puɕ.lɵ,4,RRFR,,FALSE
ӑнман,ɵnman,ɵn.man,2,RF,298,TRUE
ӑнманлӑх,ɵnmanlɵx,ɵn.man.lɵx,3,RFR,2,TRUE
ӑнраш,ɵnraʃ,ɵn.raʃ,2,RF,,FALSE
ӑнсӑр,ɵnsɵr,ɵn.sɵr,2,RR,55,TRUE
ӑнсӑртӑнсӑр,ɵnsɵrtɵnsɵr,ɵn.sɵr.tɵn.sɵr,4,RRRR,,FALSE
ӑнсӑрлан,ɵnsɵrlan,ɵn.sɵr.lan,3,RRF,,FALSE
ӑнсӑрлат,ɵnsɵrlat,ɵn.sɵr.lat,3,RRF,,FALSE
ӑнсӑрлӑх,ɵnsɵrlɵx,ɵn.sɵr.lɵx,3,RRR,2,TRUE
ӑнсӑрт,ɵnsɵrt,ɵn.sɵrt,2,RR,82,TRUE
ӑнсӑртлӑх,ɵnsɵrtlɵx,ɵn.sɵrt.lɵx,3,RRR,56,TRUE
ӑнсӑртран,ɵnsɵrtran,ɵn.sɵrt.ran,3,RRF,2838,TRUE
ӑнт,ɵnt,ɵnt,1,R,11,TRUE
ӑнтар,ɵntar,ɵn.tar,2,RF,10,TRUE
ӑнтӑл,ɵntɵl,ɵn.tɵl,2,RR,9,TRUE
ӑнтӑлтар,ɵntɵltar,ɵn.tɵl.tar,3,RRF,,FALSE
ӑнтӑлу,ɵntɵlu,ɵn.tɵ.lu,3,RRF,74,TRUE
ӑнтӑх,ɵntɵx,ɵn.tɵx,2,RR,1,TRUE
ӑншӑрт,ɵnʃɵrt,ɵn.ʃɵrt,2,RR,68,TRUE
ӑпӑртапӑр,ɵpɵrtapɵr,ɵ.pɵr.ta.pɵr,4,RRFR,5,TRUE
ӑптӑ,ɵptɵ,ɵp.tɵ,2,RR,6,TRUE
ӑптӑркаптӑр,ɵptɵrkaptɵr,ɵp.tɵr.kap.tɵr,4,RRFR,,FALSE
ӑравасӑр,ɵraʋasɵr,ɵ.ra.ʋa.sɵr,4,RFFR,3,TRUE
ӑрамански,ɵramanski,ɵ.ra.mans.ki,4,RFFF,,FALSE
ӑраскал,ɵraskal,ɵ.ras.kal,3,RFF,452,TRUE
ӑраскаллӑ,ɵraskallɵ,ɵ.ras.kal.lɵ,4,RFFR,72,TRUE
ӑраскалсӑр,ɵraskalsɵr,ɵ.ras.kal.sɵr,4,RFFR,36,TRUE
ӑрасна,ɵrasna,ɵ.ras.na,3,RFF,63,TRUE
ӑрасналан,ɵrasnalan,ɵ.ras.na.lan,4,RFFF,,FALSE
ӑрасналат,ɵrasnalat,ɵ.ras.na.lat,4,RFFF,,FALSE
ӑрасналӑх,ɵrasnalɵx,ɵ.ras.na.lɵx,4,RFFR,4,TRUE
ӑрасналла,ɵrasnalla,ɵ.ras.nal.la,4,RFFF,1,TRUE
ӑрасналлӑ,ɵrasnallɵ,ɵ.ras.nal.lɵ,4,RFFR,,FALSE
ӑраснах,ɵrasnax,ɵ.ras.nax,3,RFF,11,TRUE
ӑрат,ɵrat,ɵ.rat,2,RF,109,TRUE
ӑратлан,ɵratlan,ɵ.rat.lan,3,RFF,1,TRUE
ӑратлантар,ɵratlantar,ɵ.rat.lan.tar,4,RFFF,,FALSE
ӑратлӑ,ɵratlɵ,ɵ.rat.lɵ,3,RFR,354,TRUE
ӑратлӑх,ɵratlɵx,ɵ.rat.lɵx,3,RFR,10,TRUE
ӑратне,ɵratne,ɵ.rat.ne,3,RFF,45,TRUE
ӑрӑлтат,ɵrɵltat,ɵ.rɵl.tat,3,RRF,1,TRUE
ӑрӑм,ɵrɵm,ɵ.rɵm,2,RR,55,TRUE
ӑрӑмсурӑм,ɵrɵmsurɵm,ɵ.rɵm.su.rɵm,4,RRFR,,FALSE
ӑрӑмла,ɵrɵmla,ɵ.rɵm.la,3,RRF,4,TRUE
ӑрӑмлӑ,ɵrɵmlɵ,ɵ.rɵm.lɵ,3,RRR,54,TRUE
ӑрӑмҫах,ɵrɵmɕax,ɵ.rɵm.ɕax,3,RRF,,FALSE
ӑрӑмҫӑ,ɵrɵmɕɵ,ɵ.rɵm.ɕɵ,3,RRR,93,TRUE
ӑрӑмҫӑла,ɵrɵmɕɵla,ɵ.rɵm.ɕɵ.la,4,RRRF,1,TRUE
ӑрӑс,ɵrɵs,ɵ.rɵs,2,RR,22,TRUE
ӑрӑслӑ,ɵrɵslɵ,ɵ.rɵs.lɵ,3,RRR,6,TRUE
ӑрӑссӑр,ɵrɵssɵr,ɵ.rɵs.sɵr,3,RRR,2,TRUE
ӑркай,ɵrkaj,ɵr.kaj,2,RF,17,TRUE
ӑрсурник,ɵrsurnik,ɵr.sur.nik,3,RFF,4,TRUE
ӑру,ɵru,ɵ.ru,2,RF,1254,TRUE
ӑрулӑх,ɵrulɵx,ɵ.ru.lɵx,3,RFR,4,TRUE
ӑруташлӑ,ɵrutaʃlɵ,ɵ.ru.taʃ.lɵ,4,RFFR,1,TRUE
ӑрша,ɵrʃa,ɵr.ʃa,2,RF,63,TRUE
ӑршаллӑ,ɵrʃallɵ,ɵr.ʃal.lɵ,3,RFR,1,TRUE
ӑръях,ɵrjax,ɵr.jax,2,RF,1,TRUE
ӑс,ɵs,ɵs,1,R,8278,TRUE
ӑспӑс,ɵspɵs,ɵs.pɵs,2,RR,,FALSE
ӑсхавал,ɵsxaʋal,ɵs.xa.ʋal,3,RFF,,FALSE
ӑсхакӑл,ɵsxakɵl,ɵs.xa.kɵl,3,RFR,13,TRUE
ӑсхал,ɵsxal,ɵs.xal,2,RF,1,TRUE
ӑса,ɵsa,ɵ.sa,2,RF,1200,TRUE
ӑсан,ɵsan,ɵ.san,2,RF,225,TRUE
ӑсат,ɵsat,ɵ.sat,2,RF,51,TRUE
ӑсаттар,ɵsattar,ɵ.sat.tar,3,RFF,,FALSE
ӑсату,ɵsatu,ɵ.sa.tu,3,RFF,186,TRUE
ӑскӑ,ɵskɵ,ɵs.kɵ,2,RR,3,TRUE
ӑскӑч,ɵskɵtɕ,ɵs.kɵtɕ,2,RR,24,TRUE
ӑсла,ɵsla,ɵs.la,2,RF,76,TRUE
ӑслав,ɵslaʋ,ɵs.laʋ,2,RF,54,TRUE
ӑславҫӑ,ɵslaʋɕɵ,ɵs.laʋ.ɕɵ,3,RFR,21,TRUE
ӑслай,ɵslaj,ɵs.laj,2,RF,60,TRUE
ӑслайла,ɵslajla,ɵs.laj.la,3,RFF,,FALSE
ӑслайлӑ,ɵslajlɵ,ɵs.laj.lɵ,3,RFR,3,TRUE
ӑслан,ɵslan,ɵs.lan,2,RF,4,TRUE
ӑслӑ,ɵslɵ,ɵs.lɵ,2,RR,3220,TRUE
ӑслӑпуҫлӑ,ɵslɵpuɕlɵ,ɵs.lɵ.puɕ.lɵ,4,RRFR,1,TRUE
ӑслӑтӑнлӑ,ɵslɵtɵnlɵ,ɵs.lɵ.tɵn.lɵ,4,RRRR,9,TRUE
ӑслӑла,ɵslɵla,ɵs.lɵ.la,3,RRF,1,TRUE
ӑслӑлан,ɵslɵlan,ɵs.lɵ.lan,3,RRF,5,TRUE
ӑслӑлӑх,ɵslɵlɵx,ɵs.lɵ.lɵx,3,RRR,1961,TRUE
ӑслӑлӑхҫӑ,ɵslɵlɵxɕɵ,ɵs.lɵ.lɵx.ɕɵ,4,RRRR,3,TRUE
ӑслӑн,ɵslɵn,ɵs.lɵn,2,RR,47,TRUE
ӑслӑх,ɵslɵx,ɵs.lɵx,2,RR,314,TRUE
ӑсма,ɵsma,ɵs.ma,2,RF,311,TRUE
ӑспаруҫӑ,ɵsparuɕɵ,ɵs.pa.ru.ɕɵ,4,RFFR,,FALSE
ӑспуҫ,ɵspuɕ,ɵs.puɕ,2,RF,7,TRUE
ӑспуҫлӑ,ɵspuɕlɵ,ɵs.puɕ.lɵ,3,RFR,,FALSE
ӑссӑн,ɵssɵn,ɵs.sɵn,2,RR,29,TRUE
ӑссӑр,ɵssɵr,ɵs.sɵr,2,RR,206,TRUE
ӑссӑрла,ɵssɵrla,ɵs.sɵr.la,3,RRF,93,TRUE
ӑссӑрлан,ɵssɵrlan,ɵs.sɵr.lan,3,RRF,1,TRUE
ӑссӑрлану,ɵssɵrlanu,ɵs.sɵr.la.nu,4,RRFF,,FALSE
ӑссӑрлат,ɵssɵrlat,ɵs.sɵr.lat,3,RRF,,FALSE
ӑссӑрлӑх,ɵssɵrlɵx,ɵs.sɵr.lɵx,3,RRR,15,TRUE
ӑссӑррӑн,ɵssɵrrɵn,ɵs.sɵr.rɵn,3,RRR,2,TRUE
ӑста,ɵsta,ɵs.ta,2,RF,3576,TRUE
ӑстай,ɵstaj,ɵs.taj,2,RF,,FALSE
ӑстайлӑ,ɵstajlɵ,ɵs.taj.lɵ,3,RFR,,FALSE
ӑстайлӑн,ɵstajlɵn,ɵs.taj.lɵn,3,RFR,5,TRUE
ӑстала,ɵstala,ɵs.ta.la,3,RFF,7,TRUE
ӑсталан,ɵstalan,ɵs.ta.lan,3,RFF,,FALSE
ӑсталӑх,ɵstalɵx,ɵs.ta.lɵx,3,RFR,1208,TRUE
ӑстар,ɵstar,ɵs.tar,2,RF,,FALSE
ӑстаҫӑ,ɵstaɕɵ,ɵs.ta.ɕɵ,3,RFR,203,TRUE
ӑстӑн,ɵstɵn,ɵs.tɵn,2,RR,68,TRUE
ӑстӑнлӑ,ɵstɵnlɵ,ɵs.tɵn.lɵ,3,RRR,23,TRUE
ӑстӑнлӑх,ɵstɵnlɵx,ɵs.tɵn.lɵx,3,RRR,,FALSE
ӑстрӑм,ɵstrɵm,ɵst.rɵm,2,RR,135,TRUE
ӑсчах,ɵstɕax,ɵs.tɕax,2,RF,818,TRUE
ӑсчахлан,ɵstɕaxlan,ɵs.tɕax.lan,3,RFF,,FALSE
ӑҫта,ɵɕta,ɵɕ.ta,2,RF,15657,TRUE
ӑҫталла,ɵɕtalla,ɵɕ.tal.la,3,RFF,846,TRUE
ӑҫтан,ɵɕtan,ɵɕ.tan,2,RF,5149,TRUE
ӑҫтиҫук,ɵɕtiɕuk,ɵɕ.ti.ɕuk,3,RFF,245,TRUE
ӑт,ɵt,ɵt,1,R,78,TRUE
ӑтӑр,ɵtɵr,ɵ.tɵr,2,RR,69,TRUE
ӑттар,ɵttar,ɵt.tar,2,RF,,FALSE
ӑхӑ,ɵxɵ,ɵ.xɵ,2,RR,199,TRUE
ӑхӑн,ɵxɵn,ɵ.xɵn,2,RR,,FALSE
ӑш,ɵʃ,ɵʃ,1,R,2101,TRUE
ӑшвар,ɵʃʋar,ɵʃ.ʋar,2,RF,,FALSE
ӑшала,ɵʃala,ɵ.ʃa.la,3,RFF,21,TRUE
ӑшалан,ɵʃalan,ɵ.ʃa.lan,3,RFF,1,TRUE
ӑшалантар,ɵʃalantar,ɵ.ʃa.lan.tar,4,RFFF,,FALSE
ӑшаланчӑк,ɵʃalantɕɵk,ɵ.ʃa.lan.tɕɵk,4,RFFR,,FALSE
ӑшӑ,ɵʃɵ,ɵ.ʃɵ,2,RR,8091,TRUE
ӑшӑла,ɵʃɵla,ɵ.ʃɵ.la,3,RRF,,FALSE
ӑшӑлла,ɵʃɵlla,ɵ.ʃɵl.la,3,RRF,21,TRUE
ӑшӑн,ɵʃɵn,ɵ.ʃɵn,2,RR,21,TRUE
ӑшӑнтар,ɵʃɵntar,ɵ.ʃɵn.tar,3,RRF,,FALSE
ӑшӑрха,ɵʃɵrxa,ɵ.ʃɵr.xa,3,RRF,2,TRUE
ӑшӑрхан,ɵʃɵrxan,ɵ.ʃɵr.xan,3,RRF,,FALSE
ӑшӑрхантар,ɵʃɵrxantar,ɵ.ʃɵr.xan.tar,4,RRFF,,FALSE
ӑшӑрхат,ɵʃɵrxat,ɵ.ʃɵr.xat,3,RRF,,FALSE
ӑшӑт,ɵʃɵt,ɵ.ʃɵt,2,RR,24,TRUE
ӑшӑткӑч,ɵʃɵtkɵtɕ,ɵ.ʃɵt.kɵtɕ,3,RRR,,FALSE
ӑшӑттар,ɵʃɵttar,ɵ.ʃɵt.tar,3,RRF,,FALSE
ӑшӑту,ɵʃɵtu,ɵ.ʃɵ.tu,3,RRF,21,TRUE
ӑшӑх,ɵʃɵx,ɵ.ʃɵx,2,RR,156,TRUE
ӑшӑхлан,ɵʃɵxlan,ɵ.ʃɵx.lan,3,RRF,1,TRUE
ӑшӑхлантар,ɵʃɵxlantar,ɵ.ʃɵx.lan.tar,4,RRFF,,FALSE
ӑшӑхлат,ɵʃɵxlat,ɵ.ʃɵx.lat,3,RRF,1,TRUE
ӑшӑхлӑх,ɵʃɵxlɵx,ɵ.ʃɵx.lɵx,3,RRR,3,TRUE
ӑшӑххӑн,ɵʃɵxxɵn,ɵ.ʃɵx.xɵn,3,RRR,,FALSE
ӑшлаттар,ɵʃlattar,ɵʃ.lat.tar,3,RFF,,FALSE
ӑшлӑх,ɵʃlɵx,ɵʃ.lɵx,2,RR,53,TRUE
ӑшпиллӗн,ɵʃpilløn,ɵʃ.pil.løn,3,RFR,72,TRUE
ӑшсӑр,ɵʃsɵr,ɵʃ.sɵr,2,RR,,FALSE
ӑшталан,ɵʃtalan,ɵʃ.ta.lan,3,RFF,6,TRUE
ӑшталантар,ɵʃtalantar,ɵʃ.ta.lan.tar,4,RFFF,,FALSE
ӑшталану,ɵʃtalanu,ɵʃ.ta.la.nu,4,RFFF,5,TRUE
ӑшталанчӑк,ɵʃtalantɕɵk,ɵʃ.ta.lan.tɕɵk,4,RFFR,2,TRUE
ӑштах,ɵʃtax,ɵʃ.tax,2,RF,2,TRUE
ӑшти,ɵʃti,ɵʃ.ti,2,RF,3,TRUE
ӑшчик,ɵʃtɕik,ɵʃ.tɕik,2,RF,66,TRUE
ӑшшӑ,ɵʃʃɵ,ɵʃ.ʃɵ,2,RR,7,TRUE
ӑшшӑн,ɵʃʃɵn,ɵʃ.ʃɵn,2,RR,3072,TRUE
ӑшшӗ,ɵʃʃø,ɵʃ.ʃø,2,RR,14,TRUE
ӑшшӗн,ɵʃʃøn,ɵʃ.ʃøn,2,RR,7,TRUE
ӑшши,ɵʃʃi,ɵʃ.ʃi,2,RF,1441,TRUE
ӑшшипӑшши,ɵʃʃipɵʃʃi,ɵʃ.ʃi.pɵʃ.ʃi,4,RFRF,,FALSE
вай,ʋaj,ʋaj,1,F,110,TRUE
вайӑкла,ʋajɵkla,ʋa.jɵk.la,3,FRF,,FALSE
вайӑклан,ʋajɵklan,ʋa.jɵk.lan,3,FRF,,FALSE
вайӑншайӑн,ʋajɵnʃajɵn,ʋa.jɵn.ʃa.jɵn,4,FRFR,,FALSE
вайкалан,ʋajkalan,ʋaj.ka.lan,3,FFF,,FALSE
вайкалантар,ʋajkalantar,ʋaj.ka.lan.tar,4,FFFF,,FALSE
вайкӑн,ʋajkɵn,ʋaj.kɵn,2,FR,,FALSE
вайкӑнтар,ʋajkɵntar,ʋaj.kɵn.tar,3,FRF,,FALSE
вайкӑш,ʋajkɵʃ,ʋaj.kɵʃ,2,FR,,FALSE
вайпут,ʋajput,ʋaj.put,2,FF,105,TRUE
вайсӑрлӑх,ʋajsɵrlɵx,ʋaj.sɵr.lɵx,3,FRR,,FALSE
вак,ʋak,ʋak,1,F,1751,TRUE
вактӗвек,ʋaktøʋek,ʋak.tø.ʋek,3,FRF,14,TRUE
вактӗвеклен,ʋaktøʋeklen,ʋak.tø.ʋek.len,4,FRFF,,FALSE
вакшак,ʋakʃak,ʋak.ʃak,2,FF,,FALSE
вака,ʋaka,ʋa.ka,2,FF,3,TRUE
ваканси,ʋakansi,ʋa.kan.si,3,FFF,106,TRUE
вакӑ,ʋakɵ,ʋa.kɵ,2,FR,60,TRUE
вакӑвӗтӗ,ʋakɵʋøtø,ʋa.kɵ.ʋø.tø,4,FRRR,,FALSE
ваккат,ʋakkat,ʋak.kat,2,FF,162,TRUE
ваккӑн,ʋakkɵn,ʋak.kɵn,2,FR,98,TRUE
ваккӑнтӗвеккӗн,ʋakkɵntøʋekkøn,ʋak.kɵn.tø.ʋek.køn,5,FRRFR,,FALSE
вакла,ʋakla,ʋak.la,2,FF,27,TRUE
ваклан,ʋaklan,ʋak.lan,2,FF,4,TRUE
ваклану,ʋaklanu,ʋak.la.nu,3,FFF,1,TRUE
вакланчӑк,ʋaklantɕɵk,ʋak.lan.tɕɵk,3,FFR,3,TRUE
вакланчӑклӑх,ʋaklantɕɵklɵx,ʋak.lan.tɕɵk.lɵx,4,FFRR,,FALSE
ваклаттар,ʋaklattar,ʋak.lat.tar,3,FFF,,FALSE
ваклаш,ʋaklaʃ,ʋak.laʃ,2,FF,2,TRUE
вакса,ʋaksa,ʋak.sa,2,FF,10,TRUE
ваксал,ʋaksal,ʋak.sal,2,FF,2,TRUE
вакун,ʋakun,ʋa.kun,2,FF,396,TRUE
вакунетка,ʋakunetka,ʋa.ku.net.ka,4,FFFF,,FALSE
вакуум,ʋakuum,ʋa.ku.um,3,FFF,24,TRUE
вал,ʋal,ʋal,1,F,736,TRUE
валак,ʋalak,ʋa.lak,2,FF,96,TRUE
валашка,ʋalaʃka,ʋa.laʃ.ka,3,FFF,126,TRUE
вале,ʋale,ʋa.le,2,FF,29,TRUE
валек,ʋalek,ʋa.lek,2,FF,,FALSE
валем,ʋalem,ʋa.lem,2,FF,173,TRUE
валемле,ʋalemle,ʋa.lem.le,3,FFF,,FALSE
валерьяна,ʋalerʲjana,ʋa.lerʲ.ja.na,4,FFFF,4,TRUE
валерьянка,ʋalerʲjanka,ʋa.lerʲ.jan.ka,4,FFFF,5,TRUE
валеҫ,ʋaleɕ,ʋa.leɕ,2,FF,6,TRUE
валеҫӗн,ʋaleɕøn,ʋa.le.ɕøn,3,FFR,1,TRUE
валеҫтер,ʋaleɕter,ʋa.leɕ.ter,3,FFF,,FALSE
валеҫӳ,ʋaleɕy,ʋa.le.ɕy,3,FFF,15,TRUE
валет,ʋalet,ʋa.let,2,FF,165,TRUE
валӗк,ʋaløk,ʋa.løk,2,FR,,FALSE
валӗншалӗн,ʋalønʃaløn,ʋa.løn.ʃa.løn,4,FRFR,,FALSE
валишали,ʋaliʃali,ʋa.li.ʃa.li,4,FFFF,,FALSE
валинкке,ʋalinkke,ʋa.link.ke,3,FFF,21,TRUE
валли,ʋalli,ʋal.li,2,FF,25487,TRUE
валт,ʋalt,ʋalt,1,F,17,TRUE
валтӑрт,ʋaltɵrt,ʋal.tɵrt,2,FR,2,TRUE
валь,ʋalʲ,ʋalʲ,1,F,19,TRUE
валькӑш,ʋalʲkɵʃ,ʋalʲ.kɵʃ,2,FR,,FALSE
вальс,ʋalʲs,ʋalʲs,1,F,284,TRUE
вальт,ʋalʲt,ʋalʲt,1,F,14,TRUE
валюта,ʋaljuta,ʋal.ju.ta,3,FFF,53,TRUE
ван,ʋan,ʋan,1,F,279,TRUE
ванилин,ʋanilin,ʋa.ni.lin,3,FFF,128,TRUE
ваниллӗ,ʋanillø,ʋa.nil.lø,3,FFR,,FALSE
ваниль,ʋanilʲ,ʋa.nilʲ,2,FF,60,TRUE
ванна,ʋanna,ʋan.na,2,FF,119,TRUE
ваннӑй,ʋannɵj,ʋan.nɵj,2,FR,42,TRUE
вантӑ,ʋantɵ,ʋan.tɵ,2,FR,,FALSE
ванчӑк,ʋantɕɵk,ʋan.tɕɵk,2,FR,90,TRUE
ванчӑкла,ʋantɕɵkla,ʋan.tɕɵk.la,3,FRF,,FALSE
ванчӑклан,ʋantɕɵklan,ʋan.tɕɵk.lan,3,FRF,,FALSE
вар,ʋar,ʋar,1,F,1889,TRUE
варвар,ʋarʋar,ʋar.ʋar,2,FFFF,20,TRUE
варвасан,ʋarʋasan,ʋar.ʋa.san,3,FFF,,FALSE
вархырӑм,ʋarxʉrɵm,ʋar.xʉ.rɵm,3,FFR,13,TRUE
вара,ʋara,ʋa.ra,2,FF,77149,TRUE
варак,ʋarak,ʋa.rak,2,FF,51,TRUE
варакла,ʋarakla,ʋa.rak.la,3,FFF,,FALSE
вараклан,ʋaraklan,ʋa.rak.lan,3,FFF,,FALSE
варала,ʋarala,ʋa.ra.la,3,FFF,22,TRUE
варалан,ʋaralan,ʋa.ra.lan,3,FFF,1,TRUE
варалантар,ʋaralantar,ʋa.ra.lan.tar,4,FFFF,,FALSE
вараланчӑк,ʋaralantɕɵk,ʋa.ra.lan.tɕɵk,4,FFFR,149,TRUE
варалаттар,ʋaralattar,ʋa.ra.lat.tar,4,FFFF,,FALSE
варарахпа,ʋararaxpa,ʋa.ra.rax.pa,4,FFFF,7,TRUE
варӑ,ʋarɵ,ʋa.rɵ,2,FR,29,TRUE
варӑн,ʋarɵn,ʋa.rɵn,2,FR,27,TRUE
варӑнтар,ʋarɵntar,ʋa.rɵn.tar,3,FRF,,FALSE
варӑш,ʋarɵʃ,ʋa.rɵʃ,2,FR,22,TRUE
варӑшлан,ʋarɵʃlan,ʋa.rɵʃ.lan,3,FRF,,FALSE
варварла,ʋarʋarla,ʋar.ʋar.la,3,FFF,3,TRUE
варварлӑх,ʋarʋarlɵx,ʋar.ʋar.lɵx,3,FFR,1,TRUE
варвитти,ʋarʋitti,ʋar.ʋit.ti,3,FFF,42,TRUE
варени,ʋareni,ʋa.re.ni,3,FFF,177,TRUE
вариант,ʋariant,ʋa.ri.ant,3,FFF,176,TRUE
вариантлӑ,ʋariantlɵ,ʋa.ri.ant.lɵ,4,FFFR,14,TRUE
вариантлӑх,ʋariantlɵx,ʋa.ri.ant.lɵx,4,FFFR,1,TRUE
варинкке,ʋarinkke,ʋa.rink.ke,3,FFF,14,TRUE
варка,ʋarka,ʋar.ka,2,FF,4,TRUE
варкаттар,ʋarkattar,ʋar.kat.tar,3,FFF,,FALSE
варкӑн,ʋarkɵn,ʋar.kɵn,2,FR,,FALSE
варкӑш,ʋarkɵʃ,ʋar.kɵʃ,2,FR,261,TRUE
варкӑшӑн,ʋarkɵʃɵn,ʋar.kɵ.ʃɵn,3,FRR,3,TRUE
варкӑштар,ʋarkɵʃtar,ʋar.kɵʃ.tar,3,FRF,1,TRUE
варлан,ʋarlan,ʋar.lan,2,FF,3,TRUE
варлаш,ʋarlaʃ,ʋar.laʃ,2,FF,,FALSE
варлӑ,ʋarlɵ,ʋar.lɵ,2,FR,84,TRUE
варлӑтуслӑ,ʋarlɵtuslɵ,ʋar.lɵ.tus.lɵ,4,FRFR,,FALSE
варт,ʋart,ʋart,1,F,153,TRUE
варта,ʋarta,ʋar.ta,2,FF,171,TRUE
вархан,ʋarxan,ʋar.xan,2,FF,5,TRUE
васан,ʋasan,ʋa.san,2,FF,140,TRUE
васанкӑ,ʋasankɵ,ʋa.san.kɵ,3,FFR,1,TRUE
васка,ʋaska,ʋas.ka,2,FF,640,TRUE
васкав,ʋaskaʋ,ʋas.kaʋ,2,FF,18,TRUE
васкавар,ʋaskaʋar,ʋas.ka.ʋar,3,FFF,33,TRUE
васкаварлӑ,ʋaskaʋarlɵ,ʋas.ka.ʋar.lɵ,4,FFFR,33,TRUE
васкаварлӑн,ʋaskaʋarlɵn,ʋas.ka.ʋar.lɵn,4,FFFR,43,TRUE
васкавлан,ʋaskaʋlan,ʋas.kaʋ.lan,3,FFF,1,TRUE
васкавлӑ,ʋaskaʋlɵ,ʋas.kaʋ.lɵ,3,FFR,1315,TRUE
васкавлӑх,ʋaskaʋlɵx,ʋas.kaʋ.lɵx,3,FFR,4,TRUE
васкавҫӑ,ʋaskaʋɕɵ,ʋas.kaʋ.ɕɵ,3,FFR,3,TRUE
васкат,ʋaskat,ʋas.kat,2,FF,34,TRUE
васпати,ʋaspati,ʋas.pa.ti,3,FFF,9,TRUE
вассал,ʋassal,ʋas.sal,2,FF,6,TRUE
вассалла,ʋassalla,ʋas.sal.la,3,FFF,,FALSE
вастра,ʋastra,ʋast.ra,2,FF,4,TRUE
ваҫка,ʋaɕka,ʋaɕ.ka,2,FF,318,TRUE
ват,ʋat,ʋat,1,F,3084,TRUE
ватӑ,ʋatɵ,ʋa.tɵ,2,FR,6713,TRUE
ватӑвӗтӗ,ʋatɵʋøtø,ʋa.tɵ.ʋø.tø,4,FRRR,,FALSE
ватӑл,ʋatɵl,ʋa.tɵl,2,FR,48,TRUE
ватӑлла,ʋatɵlla,ʋa.tɵl.la,3,FRF,23,TRUE
ватӑлтар,ʋatɵltar,ʋa.tɵl.tar,3,FRF,1,TRUE
ватӑрла,ʋatɵrla,ʋa.tɵr.la,3,FRF,,FALSE
ватерлини,ʋaterlini,ʋa.ter.li.ni,4,FFFF,,FALSE
ватерлинн,ʋaterlinn,ʋa.ter.linn,3,FFF,,FALSE
ватерпас,ʋaterpas,ʋa.ter.pas,3,FFF,1,TRUE
ватин,ʋatin,ʋa.tin,2,FF,2,TRUE
ватка,ʋatka,ʋat.ka,2,FF,34,TRUE
ваткӑ,ʋatkɵ,ʋat.kɵ,2,FR,7,TRUE
ваткӑллӑ,ʋatkɵllɵ,ʋat.kɵl.lɵ,3,FRR,15,TRUE
ватлӑх,ʋatlɵx,ʋat.lɵx,2,FR,523,TRUE
ватман,ʋatman,ʋat.man,2,FF,64,TRUE
ватник,ʋatnik,ʋat.nik,2,FF,2,TRUE
ватт,ʋatt,ʋatt,1,F,16,TRUE
ваттар,ʋattar,ʋat.tar,2,FF,,FALSE
вахта,ʋaxta,ʋax.ta,2,FF,114,TRUE
вахтер,ʋaxter,ʋax.ter,2,FF,56,TRUE
вача,ʋatɕa,ʋa.tɕa,2,FF,12,TRUE
вачак,ʋatɕak,ʋa.tɕak,2,FF,,FALSE
вачаклан,ʋatɕaklan,ʋa.tɕak.lan,3,FFF,,FALSE
ваш,ʋaʃ,ʋaʃ,1,F,647,TRUE
вашават,ʋaʃaʋat,ʋa.ʃa.ʋat,3,FFF,204,TRUE
вашаватлӑ,ʋaʃaʋatlɵ,ʋa.ʃa.ʋat.lɵ,4,FFFR,26,TRUE
вашаватлӑн,ʋaʃaʋatlɵn,ʋa.ʃa.ʋat.lɵn,4,FFFR,42,TRUE
вашаватлӑх,ʋaʃaʋatlɵx,ʋa.ʃa.ʋat.lɵx,4,FFFR,5,TRUE
вашак,ʋaʃak,ʋa.ʃak,2,FF,1,TRUE
вашаклан,ʋaʃaklan,ʋa.ʃak.lan,3,FFF,,FALSE
вашӑк,ʋaʃɵk,ʋa.ʃɵk,2,FR,7,TRUE
вашӑккӑн,ʋaʃɵkkɵn,ʋa.ʃɵk.kɵn,3,FRR,,FALSE
вашӑклан,ʋaʃɵklan,ʋa.ʃɵk.lan,3,FRF,,FALSE
вашӑклантар,ʋaʃɵklantar,ʋa.ʃɵk.lan.tar,4,FRFF,,FALSE
вашӑклат,ʋaʃɵklat,ʋa.ʃɵk.lat,3,FRF,,FALSE
вашӑл,ʋaʃɵl,ʋa.ʃɵl,2,FR,14,TRUE
вашӑлтат,ʋaʃɵltat,ʋa.ʃɵl.tat,3,FRF,,FALSE
вашӑлтаттар,ʋaʃɵltattar,ʋa.ʃɵl.tat.tar,4,FRFF,,FALSE
вашкӑн,ʋaʃkɵn,ʋaʃ.kɵn,2,FR,2,TRUE
вашкӑнтар,ʋaʃkɵntar,ʋaʃ.kɵn.tar,3,FRF,,FALSE
вашкӑр,ʋaʃkɵr,ʋaʃ.kɵr,2,FR,2,TRUE
вашкӑрт,ʋaʃkɵrt,ʋaʃ.kɵrt,2,FR,,FALSE
вашкӑрттар,ʋaʃkɵrttar,ʋaʃ.kɵrt.tar,3,FRF,,FALSE
вашлат,ʋaʃlat,ʋaʃ.lat,2,FF,4,TRUE
вашлаттар,ʋaʃlattar,ʋaʃ.lat.tar,3,FFF,,FALSE
вашмӑк,ʋaʃmɵk,ʋaʃ.mɵk,2,FR,26,TRUE
вашмӑкла,ʋaʃmɵkla,ʋaʃ.mɵk.la,3,FRF,1,TRUE
вашмӑклан,ʋaʃmɵklan,ʋaʃ.mɵk.lan,3,FRF,,FALSE
вашмӑклат,ʋaʃmɵklat,ʋaʃ.mɵk.lat,3,FRF,,FALSE
вашт,ʋaʃt,ʋaʃt,1,F,140,TRUE
ваштак,ʋaʃtak,ʋaʃ.tak,2,FF,2,TRUE
ваштӑрт,ʋaʃtɵrt,ʋaʃ.tɵrt,2,FR,2,TRUE
вашхӑрт,ʋaʃxɵrt,ʋaʃ.xɵrt,2,FR,,FALSE
вӑвв,ʋɵʋʋ,ʋɵʋʋ,1,R,,FALSE
вӑй,ʋɵj,ʋɵj,1,R,17451,TRUE
вӑйcӑй,ʋɵjsɵj,ʋɵj.sɵj,2,RR,,FALSE
вӑйхавал,ʋɵjxaʋal,ʋɵj.xa.ʋal,3,RFF,,FALSE
вӑйхаваллӑ,ʋɵjxaʋallɵ,ʋɵj.xa.ʋal.lɵ,4,RFFR,,FALSE
вӑйхал,ʋɵjxal,ʋɵj.xal,2,RF,20,TRUE
вӑйхаллӑ,ʋɵjxallɵ,ʋɵj.xal.lɵ,3,RFR,1,TRUE
вӑйхалсӑр,ʋɵjxalsɵr,ʋɵj.xal.sɵr,3,RFR,1,TRUE
вӑйхӑват,ʋɵjxɵʋat,ʋɵj.xɵ.ʋat,3,RRF,20,TRUE
вӑйхӑватлӑ,ʋɵjxɵʋatlɵ,ʋɵj.xɵ.ʋat.lɵ,4,RRFR,,FALSE
вӑйшайлӑ,ʋɵjʃajlɵ,ʋɵj.ʃaj.lɵ,3,RFR,,FALSE
вӑйӑ,ʋɵjɵ,ʋɵ.jɵ,2,RR,2977,TRUE
вӑйӑкулӑ,ʋɵjɵkulɵ,ʋɵ.jɵ.ku.lɵ,4,RRFR,1,TRUE
вӑйӑташӑ,ʋɵjɵtaʃɵ,ʋɵ.jɵ.ta.ʃɵ,4,RRFR,,FALSE
вӑйӑюрӑ,ʋɵjɵjurɵ,ʋɵ.jɵ.ju.rɵ,4,RRFR,,FALSE
вӑйӑм,ʋɵjɵm,ʋɵ.jɵm,2,RR,150,TRUE
вӑйӑмлӑ,ʋɵjɵmlɵ,ʋɵ.jɵm.lɵ,3,RRR,2,TRUE
вӑйӑн,ʋɵjɵn,ʋɵ.jɵn,2,RR,71,TRUE
вӑйӑншайӑн,ʋɵjɵnʃajɵn,ʋɵ.jɵn.ʃa.jɵn,4,RRFR,,FALSE
вӑйӑрхан,ʋɵjɵrxan,ʋɵ.jɵr.xan,3,RRF,,FALSE
вӑйӑрхантар,ʋɵjɵrxantar,ʋɵ.jɵr.xan.tar,4,RRFF,,FALSE
вӑйӑҫ,ʋɵjɵɕ,ʋɵ.jɵɕ,2,RR,46,TRUE
вӑйӑҫӑ,ʋɵjɵɕɵ,ʋɵ.jɵ.ɕɵ,3,RRR,26,TRUE
вӑйкӑн,ʋɵjkɵn,ʋɵj.kɵn,2,RR,1,TRUE
вӑйкӑнтар,ʋɵjkɵntar,ʋɵj.kɵn.tar,3,RRF,,FALSE
вӑйкӑт,ʋɵjkɵt,ʋɵj.kɵt,2,RR,1,TRUE
вӑйкӑш,ʋɵjkɵʃ,ʋɵj.kɵʃ,2,RR,1,TRUE
вӑйламас,ʋɵjlamas,ʋɵj.la.mas,3,RFF,5,TRUE
вӑйлан,ʋɵjlan,ʋɵj.lan,2,RF,7,TRUE
вӑйлантар,ʋɵjlantar,ʋɵj.lan.tar,3,RFF,,FALSE
вӑйлану,ʋɵjlanu,ʋɵj.la.nu,3,RFF,,FALSE
вӑйлат,ʋɵjlat,ʋɵj.lat,2,RF,3,TRUE
вӑйлаттар,ʋɵjlattar,ʋɵj.lat.tar,3,RFF,,FALSE
вӑйлату,ʋɵjlatu,ʋɵj.la.tu,3,RFF,6,TRUE
вӑйлӑ,ʋɵjlɵ,ʋɵj.lɵ,2,RR,5415,TRUE
вӑйлӑлан,ʋɵjlɵlan,ʋɵj.lɵ.lan,3,RRF,,FALSE
вӑйлӑлат,ʋɵjlɵlat,ʋɵj.lɵ.lat,3,RRF,,FALSE
вӑйлӑн,ʋɵjlɵn,ʋɵj.lɵn,2,RR,206,TRUE
вӑйпа,ʋɵjpa,ʋɵj.pa,2,RF,1318,TRUE
вӑйпитти,ʋɵjpitti,ʋɵj.pit.ti,3,RFF,421,TRUE
вӑйпиттилен,ʋɵjpittilen,ʋɵj.pit.ti.len,4,RFFF,,FALSE
вӑйсӑр,ʋɵjsɵr,ʋɵj.sɵr,2,RR,700,TRUE
вӑйсӑрлан,ʋɵjsɵrlan,ʋɵj.sɵr.lan,3,RRF,3,TRUE
вӑйсӑрлантар,ʋɵjsɵrlantar,ʋɵj.sɵr.lan.tar,4,RRFF,,FALSE
вӑйсӑрлат,ʋɵjsɵrlat,ʋɵj.sɵr.lat,3,RRF,,FALSE
вӑйсӑрлӑх,ʋɵjsɵrlɵx,ʋɵj.sɵr.lɵx,3,RRR,21,TRUE
вӑйсӑррӑн,ʋɵjsɵrrɵn,ʋɵj.sɵr.rɵn,3,RRR,184,TRUE
вӑйҫах,ʋɵjɕax,ʋɵj.ɕax,2,RF,1,TRUE
вӑкӑр,ʋɵkɵr,ʋɵ.kɵr,2,RR,1015,TRUE
вӑл,ʋɵl,ʋɵl,1,R,208825,TRUE
вӑлку,ʋɵlku,ʋɵl.ku,2,RF,,FALSE
вӑлишали,ʋɵliʃali,ʋɵ.li.ʃa.li,4,RFFF,,FALSE
вӑлт,ʋɵlt,ʋɵlt,1,R,18,TRUE
вӑлтвалт,ʋɵltʋalt,ʋɵlt.ʋalt,2,RF,,FALSE
вӑлта,ʋɵlta,ʋɵl.ta,2,RF,256,TRUE
вӑлтӑн,ʋɵltɵn,ʋɵl.tɵn,2,RR,,FALSE
вӑлтӑр,ʋɵltɵr,ʋɵl.tɵr,2,RR,1,TRUE
вӑлтӑрвалтӑр,ʋɵltɵrʋaltɵr,ʋɵl.tɵr.ʋal.tɵr,4,RRFR,,FALSE
вӑлтӑрт,ʋɵltɵrt,ʋɵl.tɵrt,2,RR,2,TRUE
вӑлтӑртвалтӑрт,ʋɵltɵrtʋaltɵrt,ʋɵl.tɵrt.ʋal.tɵrt,4,RRFR,,FALSE
вӑлтӑртат,ʋɵltɵrtat,ʋɵl.tɵr.tat,3,RRF,,FALSE
вӑлтлат,ʋɵltlat,ʋɵlt.lat,2,RF,,FALSE
вӑлтлаттар,ʋɵltlattar,ʋɵlt.lat.tar,3,RFF,,FALSE
вӑлттивалтти,ʋɵlttiʋaltti,ʋɵlt.ti.ʋalt.ti,4,RFFF,,FALSE
вӑлча,ʋɵltɕa,ʋɵl.tɕa,2,RF,113,TRUE
вӑлчаллӑ,ʋɵltɕallɵ,ʋɵl.tɕal.lɵ,3,RFR,3,TRUE
вӑль,ʋɵlʲ,ʋɵlʲ,1,R,14,TRUE
вӑльваль,ʋɵlʲʋalʲ,ʋɵlʲ.ʋalʲ,2,RF,,FALSE
вӑльтлат,ʋɵlʲtlat,ʋɵlʲt.lat,2,RF,,FALSE
вӑльть,ʋɵlʲtʲ,ʋɵlʲtʲ,1,R,7,TRUE
вӑльтьӑр,ʋɵlʲtʲɵr,ʋɵlʲ.tʲɵr,2,RR,,FALSE
вӑльтьӑрвальтьӑр,ʋɵlʲtʲɵrʋalʲtʲɵr,ʋɵlʲ.tʲɵr.ʋalʲ.tʲɵr,4,RRFR,,FALSE
вӑльтьӑрка,ʋɵlʲtʲɵrka,ʋɵlʲ.tʲɵr.ka,3,RRF,,FALSE
вӑльтьӑркка,ʋɵlʲtʲɵrkka,ʋɵlʲ.tʲɵrk.ka,3,RRF,,FALSE
вӑльтьӑртат,ʋɵlʲtʲɵrtat,ʋɵlʲ.tʲɵr.tat,3,RRF,,FALSE
вӑн,ʋɵn,ʋɵn,1,R,238,TRUE
вӑнк,ʋɵnk,ʋɵnk,1,R,25,TRUE
вӑнклаттар,ʋɵnklattar,ʋɵnk.lat.tar,3,RFF,,FALSE
вӑнла,ʋɵnla,ʋɵn.la,2,RF,,FALSE
вӑнпу,ʋɵnpu,ʋɵn.pu,2,RF,,FALSE
вӑнт,ʋɵnt,ʋɵnt,1,R,3,TRUE
вӑр,ʋɵr,ʋɵr,1,R,1306,TRUE
вӑрвар,ʋɵrʋar,ʋɵr.ʋar,2,RF,12,TRUE
вӑрваррӑн,ʋɵrʋarrɵn,ʋɵr.ʋar.rɵn,3,RFR,,FALSE
вӑрҫаврака,ʋɵrɕaʋraka,ʋɵr.ɕaʋ.ra.ka,4,RFFF,,FALSE
вӑран,ʋɵran,ʋɵ.ran,2,RF,120,TRUE
вӑрат,ʋɵrat,ʋɵ.rat,2,RF,62,TRUE
вӑраткӑҫ,ʋɵratkɵɕ,ʋɵ.rat.kɵɕ,3,RFR,4,TRUE
вӑрах,ʋɵrax,ʋɵ.rax,2,RF,1001,TRUE
вӑрахла,ʋɵraxla,ʋɵ.rax.la,3,RFF,3,TRUE
вӑрахлан,ʋɵraxlan,ʋɵ.rax.lan,3,RFF,,FALSE
вӑрахлантар,ʋɵraxlantar,ʋɵ.rax.lan.tar,4,RFFF,,FALSE
вӑрахлат,ʋɵraxlat,ʋɵ.rax.lat,3,RFF,,FALSE
вӑрахлӑх,ʋɵraxlɵx,ʋɵ.rax.lɵx,3,RFR,3,TRUE
вӑраххӑн,ʋɵraxxɵn,ʋɵ.rax.xɵn,3,RFR,489,TRUE
вӑрахчен,ʋɵraxtɕen,ʋɵ.rax.tɕen,3,RFF,370,TRUE
вӑрӑ,ʋɵrɵ,ʋɵ.rɵ,2,RR,2350,TRUE
вӑрӑхурах,ʋɵrɵxurax,ʋɵ.rɵ.xu.rax,4,RRFF,5,TRUE
вӑрӑхурахла,ʋɵrɵxuraxla,ʋɵ.rɵ.xu.rax.la,5,RRFFF,3,TRUE
вӑрӑхурахлан,ʋɵrɵxuraxlan,ʋɵ.rɵ.xu.rax.lan,5,RRFFF,,FALSE
вӑрӑхурахлӑх,ʋɵrɵxuraxlɵx,ʋɵ.rɵ.xu.rax.lɵx,5,RRFFR,,FALSE
вӑрӑхурӑ,ʋɵrɵxurɵ,ʋɵ.rɵ.xu.rɵ,4,RRFR,,FALSE
вӑрӑлла,ʋɵrɵlla,ʋɵ.rɵl.la,3,RRF,14,TRUE
вӑрӑлтат,ʋɵrɵltat,ʋɵ.rɵl.tat,3,RRF,,FALSE
вӑрӑм,ʋɵrɵm,ʋɵ.rɵm,2,RR,6074,TRUE
вӑрӑмӑш,ʋɵrɵmɵʃ,ʋɵ.rɵ.mɵʃ,3,RRR,150,TRUE
вӑрӑмкка,ʋɵrɵmkka,ʋɵ.rɵmk.ka,3,RRF,13,TRUE
вӑрӑмлан,ʋɵrɵmlan,ʋɵ.rɵm.lan,3,RRF,1,TRUE
вӑрӑмлат,ʋɵrɵmlat,ʋɵ.rɵm.lat,3,RRF,,FALSE
вӑрӑмлаттар,ʋɵrɵmlattar,ʋɵ.rɵm.lat.tar,4,RRFF,,FALSE
вӑрӑмлӑх,ʋɵrɵmlɵx,ʋɵ.rɵm.lɵx,3,RRR,1,TRUE
вӑрӑммӑн,ʋɵrɵmmɵn,ʋɵ.rɵm.mɵn,3,RRR,365,TRUE
вӑрӑмсӑмса,ʋɵrɵmsɵmsa,ʋɵ.rɵm.sɵm.sa,4,RRRF,4,TRUE
вӑрӑмтуна,ʋɵrɵmtuna,ʋɵ.rɵm.tu.na,4,RRFF,52,TRUE
вӑрӑн,ʋɵrɵn,ʋɵ.rɵn,2,RR,14,TRUE
вӑрӑнлат,ʋɵrɵnlat,ʋɵ.rɵn.lat,3,RRF,,FALSE
вӑрӑнлаттар,ʋɵrɵnlattar,ʋɵ.rɵn.lat.tar,4,RRFF,,FALSE
вӑрӑнтар,ʋɵrɵntar,ʋɵ.rɵn.tar,3,RRF,1,TRUE
вӑрӑнчӑк,ʋɵrɵntɕɵk,ʋɵ.rɵn.tɕɵk,3,RRR,1,TRUE
вӑрка,ʋɵrka,ʋɵr.ka,2,RF,11,TRUE
вӑркат,ʋɵrkat,ʋɵr.kat,2,RF,4,TRUE
вӑркаттар,ʋɵrkattar,ʋɵr.kat.tar,3,RFF,,FALSE
вӑркӑля,ʋɵrkɵlja,ʋɵr.kɵl.ja,3,RRF,3,TRUE
вӑркӑн,ʋɵrkɵn,ʋɵr.kɵn,2,RR,3,TRUE
вӑркӑнтар,ʋɵrkɵntar,ʋɵr.kɵn.tar,3,RRF,3,TRUE
вӑркӑт,ʋɵrkɵt,ʋɵr.kɵt,2,RR,3,TRUE
вӑркӑш,ʋɵrkɵʃ,ʋɵr.kɵʃ,2,RR,38,TRUE
вӑрла,ʋɵrla,ʋɵr.la,2,RF,44,TRUE
вӑрлат,ʋɵrlat,ʋɵr.lat,2,RF,,FALSE
вӑрлаттар,ʋɵrlattar,ʋɵr.lat.tar,3,RFF,2,TRUE
вӑрлӑх,ʋɵrlɵx,ʋɵr.lɵx,2,RR,1009,TRUE
вӑрлӑхлӑх,ʋɵrlɵxlɵx,ʋɵr.lɵx.lɵx,3,RRR,85,TRUE
вӑрман,ʋɵrman,ʋɵr.man,2,RF,9497,TRUE
вӑрманай,ʋɵrmanaj,ʋɵr.ma.naj,3,RFF,9,TRUE
вӑрманлат,ʋɵrmanlat,ʋɵr.man.lat,3,RFF,,FALSE
вӑрманлӑ,ʋɵrmanlɵ,ʋɵr.man.lɵ,3,RFR,213,TRUE
вӑрманлӑх,ʋɵrmanlɵx,ʋɵr.man.lɵx,3,RFR,20,TRUE
вӑрмансӑрлӑх,ʋɵrmansɵrlɵx,ʋɵr.man.sɵr.lɵx,4,RFRR,,FALSE
вӑрманҫӑ,ʋɵrmanɕɵ,ʋɵr.man.ɕɵ,3,RFR,92,TRUE
вӑрманти,ʋɵrmanti,ʋɵr.man.ti,3,RFF,776,TRUE
вӑрн,ʋɵrn,ʋɵrn,1,R,,FALSE
вӑрҫ,ʋɵrɕ,ʋɵrɕ,1,R,105,TRUE
вӑрҫахарҫӑ,ʋɵrɕaxarɕɵ,ʋɵr.ɕa.xar.ɕɵ,4,RFFR,,FALSE
вӑрҫӑ,ʋɵrɕɵ,ʋɵr.ɕɵ,2,RR,10640,TRUE
вӑрҫӑтӗркӗш,ʋɵrɕɵtørkøʃ,ʋɵr.ɕɵ.tør.køʃ,4,RRRR,,FALSE
вӑрҫӑлла,ʋɵrɕɵlla,ʋɵr.ɕɵl.la,3,RRF,49,TRUE
вӑрҫӑллӑ,ʋɵrɕɵllɵ,ʋɵr.ɕɵl.lɵ,3,RRR,10,TRUE
вӑрҫӑччен,ʋɵrɕɵtɕtɕen,ʋɵr.ɕɵtɕ.tɕen,3,RRF,270,TRUE
вӑрҫӑчченхи,ʋɵrɕɵtɕtɕenxi,ʋɵr.ɕɵtɕ.tɕen.xi,4,RRFF,54,TRUE
вӑрҫӑш,ʋɵrɕɵʃ,ʋɵr.ɕɵʃ,2,RR,2,TRUE
вӑрҫтар,ʋɵrɕtar,ʋɵrɕ.tar,2,RF,6,TRUE
вӑрҫухаркашу,ʋɵrɕuxarkaʃu,ʋɵr.ɕu.xar.ka.ʃu,5,RFFFF,,FALSE
вӑрҫчан,ʋɵrɕtɕan,ʋɵrɕ.tɕan,2,RF,1,TRUE
вӑрт,ʋɵrt,ʋɵrt,1,R,312,TRUE
вӑртварт,ʋɵrtʋart,ʋɵrt.ʋart,2,RF,,FALSE
вӑртах,ʋɵrtax,ʋɵr.tax,2,RF,63,TRUE
вӑртлат,ʋɵrtlat,ʋɵrt.lat,2,RF,,FALSE
вӑртлаттар,ʋɵrtlattar,ʋɵrt.lat.tar,3,RFF,,FALSE
вӑрттӑн,ʋɵrttɵn,ʋɵrt.tɵn,2,RR,3822,TRUE
вӑрттӑнкарттӑн,ʋɵrttɵnkarttɵn,ʋɵrt.tɵn.kart.tɵn,4,RRFR,,FALSE
вӑрттӑнлат,ʋɵrttɵnlat,ʋɵrt.tɵn.lat,3,RRF,,FALSE
вӑрттӑнлӑх,ʋɵrttɵnlɵx,ʋɵrt.tɵn.lɵx,3,RRR,856,TRUE
вӑрттивартти,ʋɵrttiʋartti,ʋɵrt.ti.ʋart.ti,4,RFFF,,FALSE
вӑрттин,ʋɵrttin,ʋɵrt.tin,2,RF,,FALSE
вӑршӑл,ʋɵrʃɵl,ʋɵr.ʃɵl,2,RR,1,TRUE
вӑси,ʋɵsi,ʋɵ.si,2,RF,1,TRUE
вӑсилет,ʋɵsilet,ʋɵ.si.let,3,RFF,,FALSE
вӑсилеттер,ʋɵsiletter,ʋɵ.si.let.ter,4,RFFF,,FALSE
вӑслат,ʋɵslat,ʋɵs.lat,2,RF,,FALSE
вӑслаттар,ʋɵslattar,ʋɵs.lat.tar,3,RFF,,FALSE
вӑслату,ʋɵslatu,ʋɵs.la.tu,3,RFF,,FALSE
вӑт,ʋɵt,ʋɵt,1,R,3866,TRUE
вӑта,ʋɵta,ʋɵ.ta,2,RF,747,TRUE
вӑталӑх,ʋɵtalɵx,ʋɵ.ta.lɵx,3,RFR,92,TRUE
вӑтам,ʋɵtam,ʋɵ.tam,2,RF,10063,TRUE
вӑтамла,ʋɵtamla,ʋɵ.tam.la,3,RFF,1,TRUE
вӑтамлан,ʋɵtamlan,ʋɵ.tam.lan,3,RFF,,FALSE
вӑтаммӑн,ʋɵtammɵn,ʋɵ.tam.mɵn,3,RFR,1,TRUE
вӑтамран,ʋɵtamran,ʋɵ.tam.ran,3,RFF,1097,TRUE
вӑтан,ʋɵtan,ʋɵ.tan,2,RF,114,TRUE
вӑтанӑҫ,ʋɵtanɵɕ,ʋɵ.ta.nɵɕ,3,RFR,6,TRUE
вӑтанӑҫлӑ,ʋɵtanɵɕlɵ,ʋɵ.ta.nɵɕ.lɵ,4,RFRR,5,TRUE
вӑтанӑҫлӑн,ʋɵtanɵɕlɵn,ʋɵ.ta.nɵɕ.lɵn,4,RFRR,4,TRUE
вӑтантар,ʋɵtantar,ʋɵ.tan.tar,3,RFF,5,TRUE
вӑтану,ʋɵtanu,ʋɵ.ta.nu,3,RFF,17,TRUE
вӑтанулӑх,ʋɵtanulɵx,ʋɵ.ta.nu.lɵx,4,RFFR,1,TRUE
вӑтанчӑк,ʋɵtantɕɵk,ʋɵ.tan.tɕɵk,3,RFR,174,TRUE
вӑтанчӑклӑн,ʋɵtantɕɵklɵn,ʋɵ.tan.tɕɵk.lɵn,4,RFRR,61,TRUE
вӑтаҫӗр,ʋɵtaɕør,ʋɵ.ta.ɕør,3,RFR,215,TRUE
вӑтӑр,ʋɵtɵr,ʋɵ.tɵr,2,RR,1741,TRUE
вӑтӑрватӑр,ʋɵtɵrʋatɵr,ʋɵ.tɵr.ʋa.tɵr,4,RRFR,,FALSE
вӑтӑрмӗш,ʋɵtɵrmøʃ,ʋɵ.tɵr.møʃ,3,RRR,118,TRUE
вӑхӑт,ʋɵxɵt,ʋɵ.xɵt,2,RR,20458,TRUE
вӑхӑтвӑхӑт,ʋɵxɵtʋɵxɵt,ʋɵ.xɵt.ʋɵ.xɵt,4,RRRR,2,TRUE
вӑхӑтӑнвӑхӑтӑн,ʋɵxɵtɵnʋɵxɵtɵn,ʋɵ.xɵ.tɵn.ʋɵ.xɵ.tɵn,6,RRRRRR,,FALSE
вӑхӑтла,ʋɵxɵtla,ʋɵ.xɵt.la,3,RRF,2,TRUE
вӑхӑтлӑ,ʋɵxɵtlɵ,ʋɵ.xɵt.lɵ,3,RRR,558,TRUE
вӑхӑтлӑх,ʋɵxɵtlɵx,ʋɵ.xɵt.lɵx,3,RRR,1342,TRUE
вӑхӑтсӑр,ʋɵxɵtsɵr,ʋɵ.xɵ.tsɵr,3,RRR,1028,TRUE
вӑхӑчӗвӑхӑчӗпе,ʋɵxɵtɕøʋɵxɵtɕøpe,ʋɵ.xɵ.tɕø.ʋɵ.xɵ.tɕø.pe,7,RRRRRRF,,FALSE
вӑчӑлтан,ʋɵtɕɵltan,ʋɵ.tɕɵl.tan,3,RRF,,FALSE
вӑчӑлтат,ʋɵtɕɵltat,ʋɵ.tɕɵl.tat,3,RRF,,FALSE
вӑчӑлтаттар,ʋɵtɕɵltattar,ʋɵ.tɕɵl.tat.tar,4,RRFF,,FALSE
вӑчӑра,ʋɵtɕɵra,ʋɵ.tɕɵ.ra,3,RRF,148,TRUE
вӑче,ʋɵtɕe,ʋɵ.tɕe,2,RF,,FALSE
вӑш,ʋɵʃ,ʋɵʃ,1,R,275,TRUE
вӑшваш,ʋɵʃʋaʃ,ʋɵʃ.ʋaʃ,2,RF,,FALSE
вӑшвашшӑн,ʋɵʃʋaʃʃɵn,ʋɵʃ.ʋaʃ.ʃɵn,3,RFR,,FALSE
вӑшӑл,ʋɵʃɵl,ʋɵ.ʃɵl,2,RR,92,TRUE
вӑшӑлвашӑл,ʋɵʃɵlʋaʃɵl,ʋɵ.ʃɵl.ʋa.ʃɵl,4,RRFR,,FALSE
вӑшӑлт,ʋɵʃɵlt,ʋɵ.ʃɵlt,2,RR,,FALSE
вӑшӑлтат,ʋɵʃɵltat,ʋɵ.ʃɵl.tat,3,RRF,,FALSE
вӑшӑлтаттар,ʋɵʃɵltattar,ʋɵ.ʃɵl.tat.tar,4,RRFF,,FALSE
вӑшӑлти,ʋɵʃɵlti,ʋɵ.ʃɵl.ti,3,RRF,4,TRUE
вӑшӑрха,ʋɵʃɵrxa,ʋɵ.ʃɵr.xa,3,RRF,,FALSE
вӑшик,ʋɵʃik,ʋɵ.ʃik,2,RF,3,TRUE
вӑшиклет,ʋɵʃiklet,ʋɵ.ʃik.let,3,RFF,,FALSE
вӑшиклеттер,ʋɵʃikletter,ʋɵ.ʃik.let.ter,4,RFFF,,FALSE
вӑшкӑлтат,ʋɵʃkɵltat,ʋɵʃ.kɵl.tat,3,RRF,,FALSE
вӑшкӑн,ʋɵʃkɵn,ʋɵʃ.kɵn,2,RR,1,TRUE
вӑшкӑрт,ʋɵʃkɵrt,ʋɵʃ.kɵrt,2,RR,,FALSE
вӑшлат,ʋɵʃlat,ʋɵʃ.lat,2,RF,,FALSE
вӑшлаттар,ʋɵʃlattar,ʋɵʃ.lat.tar,3,RFF,1,TRUE
вӑшт,ʋɵʃt,ʋɵʃt,1,R,393,TRUE
вӑштвашт,ʋɵʃtʋaʃt,ʋɵʃt.ʋaʃt,2,RF,,FALSE
вӑштӑр,ʋɵʃtɵr,ʋɵʃ.tɵr,2,RR,191,TRUE
вӑштӑрваштӑр,ʋɵʃtɵrʋaʃtɵr,ʋɵʃ.tɵr.ʋaʃ.tɵr,4,RRFR,,FALSE
вӑштӑртат,ʋɵʃtɵrtat,ʋɵʃ.tɵr.tat,3,RRF,2,TRUE
вӑштӑртаттар,ʋɵʃtɵrtattar,ʋɵʃ.tɵr.tat.tar,4,RRFF,,FALSE
вӑштик,ʋɵʃtik,ʋɵʃ.tik,2,RF,17,TRUE
вӑштлат,ʋɵʃtlat,ʋɵʃt.lat,2,RF,,FALSE
веер,ʋeer,ʋe.er,2,FF,16,TRUE
вексель,ʋekselʲ,ʋek.selʲ,2,FF,4,TRUE
вел,ʋel,ʋel,1,F,56,TRUE
велеселе,ʋelesele,ʋe.le.se.le,4,FFFF,,FALSE
вельвет,ʋelʲʋet,ʋelʲ.ʋet,2,FF,6,TRUE
велюр,ʋeljur,ʋel.jur,2,FF,3,TRUE
вена,ʋena,ʋe.na,2,FF,73,TRUE
венерик,ʋenerik,ʋe.ne.rik,3,FFF,1,TRUE
вентиль,ʋentilʲ,ʋen.tilʲ,2,FF,1,TRUE
венчет,ʋentɕet,ʋen.tɕet,2,FF,293,TRUE
венчетле,ʋentɕetle,ʋen.tɕet.le,3,FFF,2,TRUE
венчетлен,ʋentɕetlen,ʋen.tɕet.len,3,FFF,1,TRUE
венчетлӗ,ʋentɕetlø,ʋen.tɕet.lø,3,FFR,1,TRUE
венчетсӗр,ʋentɕetsør,ʋen.tɕe.tsør,3,FFR,10,TRUE
версур,ʋersur,ʋer.sur,2,FF,,FALSE
вере,ʋere,ʋe.re,2,FF,5,TRUE
вересӗр,ʋeresør,ʋe.re.sør,3,FFR,3,TRUE
вереск,ʋeresk,ʋe.resk,2,FF,,FALSE
вермахт,ʋermaxt,ʋer.maxt,2,FF,24,TRUE
вермишель,ʋermiʃelʲ,ʋer.mi.ʃelʲ,3,FFF,20,TRUE
вермут,ʋermut,ʋer.mut,2,FF,6,TRUE
верпӑнни,ʋerpɵnni,ʋer.pɵn.ni,3,FRF,2,TRUE
верси,ʋersi,ʋer.si,2,FF,179,TRUE
верстак,ʋerstak,ʋers.tak,2,FF,29,TRUE
верстка,ʋerstka,ʋerst.ka,2,FF,4,TRUE
вертикаллӗ,ʋertikallø,ʋer.ti.kal.lø,4,FFFR,5,TRUE
вертикаль,ʋertikalʲ,ʋer.ti.kalʲ,3,FFF,27,TRUE
веруҫ,ʋeruɕ,ʋe.ruɕ,2,FF,14,TRUE
вершен,ʋerʃen,ʋer.ʃen,2,FF,1,TRUE
верши,ʋerʃi,ʋer.ʃi,2,FF,,FALSE
вершник,ʋerʃnik,ʋerʃ.nik,2,FF,,FALSE
вершук,ʋerʃuk,ʋer.ʃuk,2,FF,14,TRUE
вес,ʋes,ʋes,1,F,5,TRUE
веселен,ʋeselen,ʋe.se.len,3,FFF,,FALSE
веси,ʋesi,ʋe.si,2,FF,,FALSE
веҫ,ʋeɕ,ʋeɕ,1,F,154,TRUE
ветврач,ʋetʋratɕ,ʋetʋ.ratɕ,2,FF,47,TRUE
ветел,ʋetel,ʋe.tel,2,FF,,FALSE
ветеран,ʋeteran,ʋe.te.ran,3,FFF,725,TRUE
ветеринар,ʋeterinar,ʋe.te.ri.nar,4,FFFF,122,TRUE
ветеринари,ʋeterinari,ʋe.te.ri.na.ri,5,FFFFF,590,TRUE
ветӗл,ʋetøl,ʋe.tøl,2,FR,,FALSE
ветчина,ʋettɕina,ʋet.tɕi.na,3,FFF,74,TRUE
вече,ʋetɕe,ʋe.tɕe,2,FF,6,TRUE
вечер,ʋetɕer,ʋe.tɕer,2,FF,115,TRUE
вешалка,ʋeʃalka,ʋe.ʃal.ka,3,FFF,13,TRUE
вешка,ʋeʃka,ʋeʃ.ka,2,FF,3,TRUE
вешник,ʋeʃnik,ʋeʃ.nik,2,FF,4,TRUE
веялка,ʋejalka,ʋe.jal.ka,3,FFF,11,TRUE
вӗл,ʋøl,ʋøl,1,R,320,TRUE
вӗлер,ʋøler,ʋø.ler,2,RF,147,TRUE
вӗлересле,ʋøleresle,ʋø.le.res.le,4,RFFF,11,TRUE
вӗлерттер,ʋølertter,ʋø.lert.ter,3,RFF,5,TRUE
вӗлерӳ,ʋølery,ʋø.le.ry,3,RFF,3,TRUE
вӗлкӗш,ʋølkøʃ,ʋøl.køʃ,2,RR,19,TRUE
вӗлкӗштер,ʋølkøʃter,ʋøl.køʃ.ter,3,RRF,2,TRUE
вӗлле,ʋølle,ʋøl.le,2,RF,737,TRUE
вӗлт,ʋølt,ʋølt,1,R,331,TRUE
вӗлтвелт,ʋøltʋelt,ʋølt.ʋelt,2,RF,,FALSE
вӗлтӗр,ʋøltør,ʋøl.tør,2,RR,200,TRUE
вӗлтӗрен,ʋøltøren,ʋøl.tø.ren,3,RRF,315,TRUE
вӗлтӗренлӗх,ʋøltørenløx,ʋøl.tø.ren.løx,4,RRFR,,FALSE
вӗлтӗркке,ʋøltørkke,ʋøl.tørk.ke,3,RRF,33,TRUE
вӗлтӗрт,ʋøltørt,ʋøl.tørt,2,RR,3,TRUE
вӗлтӗртет,ʋøltørtet,ʋøl.tør.tet,3,RRF,,FALSE
вӗлтӗртеттер,ʋøltørtetter,ʋøl.tør.tet.ter,4,RRFF,,FALSE
вӗлтӗрти,ʋøltørti,ʋøl.tør.ti,3,RRF,10,TRUE
вӗлтлет,ʋøltlet,ʋølt.let,2,RF,3,TRUE
вӗлтлеттер,ʋøltletter,ʋølt.let.ter,3,RFF,,FALSE
вӗлтрен,ʋøltren,ʋølt.ren,2,RF,254,TRUE
вӗлтренлӗх,ʋøltrenløx,ʋølt.ren.løx,3,RFR,,FALSE
вӗлттивелтти,ʋølttiʋeltti,ʋølt.ti.ʋelt.ti,4,RFFF,,FALSE
вӗр,ʋør,ʋør,1,R,591,TRUE
вӗрсур,ʋørsur,ʋør.sur,2,RF,,FALSE
вӗре,ʋøre,ʋø.re,2,RF,334,TRUE
вӗрен,ʋøren,ʋø.ren,2,RF,979,TRUE
вӗрене,ʋørene,ʋø.re.ne,3,RFF,456,TRUE
вӗренекен,ʋøreneken,ʋø.re.ne.ken,4,RFFF,3993,TRUE
вӗренелӗх,ʋøreneløx,ʋø.re.ne.løx,4,RFFR,5,TRUE
вӗренле,ʋørenle,ʋø.ren.le,3,RFF,,FALSE
вӗренлен,ʋørenlen,ʋø.ren.len,3,RFF,,FALSE
вӗренлеттер,ʋørenletter,ʋø.ren.let.ter,4,RFFF,,FALSE
вӗрент,ʋørent,ʋø.rent,2,RF,218,TRUE
вӗрентекен,ʋørenteken,ʋø.ren.te.ken,4,RFFF,4084,TRUE
вӗренттер,ʋørentter,ʋø.rent.ter,3,RFF,,FALSE
вӗрентӳ,ʋørenty,ʋø.ren.ty,3,RFF,3757,TRUE
вӗрентӳллӗ,ʋørentyllø,ʋø.ren.tyl.lø,4,RFFR,12,TRUE
вӗрентӳллӗн,ʋørentylløn,ʋø.ren.tyl.løn,4,RFFR,2,TRUE
вӗрентӳҫӗ,ʋørentyɕø,ʋø.ren.ty.ɕø,4,RFFR,225,TRUE
вӗренӳ,ʋøreny,ʋø.re.ny,3,RFF,7726,TRUE
вӗренӳлӗх,ʋørenyløx,ʋø.re.ny.løx,4,RFFR,4,TRUE
вӗрет,ʋøret,ʋø.ret,2,RF,924,TRUE
вӗреттер,ʋøretter,ʋø.ret.ter,3,RFF,1,TRUE
вӗрӗл,ʋørøl,ʋø.røl,2,RR,1,TRUE
вӗрӗлтер,ʋørølter,ʋø.røl.ter,3,RRF,,FALSE
вӗрӗлтет,ʋørøltet,ʋø.røl.tet,3,RRF,,FALSE
вӗри,ʋøri,ʋø.ri,2,RF,4251,TRUE
вӗриле,ʋørile,ʋø.ri.le,3,RFF,1,TRUE
вӗрилен,ʋørilen,ʋø.ri.len,3,RFF,21,TRUE
вӗрилентер,ʋørilenter,ʋø.ri.len.ter,4,RFFF,,FALSE
вӗрилет,ʋørilet,ʋø.ri.let,3,RFF,,FALSE
вӗрилеттер,ʋøriletter,ʋø.ri.let.ter,4,RFFF,,FALSE
вӗрилӗх,ʋøriløx,ʋø.ri.løx,3,RFR,5,TRUE
вӗрилле,ʋørille,ʋø.ril.le,3,RFF,43,TRUE
вӗрке,ʋørke,ʋør.ke,2,RF,2,TRUE
вӗркев,ʋørkeʋ,ʋør.keʋ,2,RF,,FALSE
вӗркеттер,ʋørketter,ʋør.ket.ter,3,RFF,,FALSE
вӗркеш,ʋørkeʃ,ʋør.keʃ,2,RF,,FALSE
вӗркӗлтет,ʋørkøltet,ʋør.køl.tet,3,RRF,,FALSE
вӗркӗн,ʋørkøn,ʋør.køn,2,RR,,FALSE
вӗркӗнтер,ʋørkønter,ʋør.køn.ter,3,RRF,,FALSE
вӗркӗч,ʋørkøtɕ,ʋør.køtɕ,2,RR,50,TRUE
вӗркӗш,ʋørkøʃ,ʋør.køʃ,2,RR,5,TRUE
вӗркӗштер,ʋørkøʃter,ʋør.køʃ.ter,3,RRF,,FALSE
вӗркӗшӳ,ʋørkøʃy,ʋør.kø.ʃy,3,RRF,1,TRUE
вӗрле,ʋørle,ʋør.le,2,RF,164,TRUE
вӗрлеш,ʋørleʃ,ʋør.leʃ,2,RF,,FALSE
вӗрлӗк,ʋørløk,ʋør.løk,2,RR,160,TRUE
вӗрлӗклӗх,ʋørløkløx,ʋør.løk.løx,3,RRR,1,TRUE
вӗрт,ʋørt,ʋørt,1,R,1,TRUE
вӗртер,ʋørter,ʋør.ter,2,RF,2,TRUE
вӗрӳсуру,ʋørysuru,ʋø.ry.su.ru,4,RFFF,1,TRUE
вӗрӳҫ,ʋøryɕ,ʋø.ryɕ,2,RF,5,TRUE
вӗрӳҫӗ,ʋøryɕø,ʋø.ry.ɕø,3,RFR,30,TRUE
вӗршӗн,ʋørʃøn,ʋør.ʃøn,2,RR,30,TRUE
вӗрши,ʋørʃi,ʋør.ʃi,2,RF,,FALSE
вӗс,ʋøs,ʋøs,1,R,36,TRUE
вӗселен,ʋøselen,ʋø.se.len,3,RFF,,FALSE
вӗселентер,ʋøselenter,ʋø.se.len.ter,4,RFFF,,FALSE
вӗселенчӗк,ʋøselentɕøk,ʋø.se.len.tɕøk,4,RFFR,,FALSE
вӗсем,ʋøsem,ʋø.sem,2,RF,59274,TRUE
вӗсемпе,ʋøsempe,ʋø.sem.pe,3,RFF,4178,TRUE
вӗсемсӗр,ʋøsemsør,ʋø.sem.sør,3,RFR,332,TRUE
вӗсемшӗн,ʋøsemʃøn,ʋø.sem.ʃøn,3,RFR,1364,TRUE
вӗсен,ʋøsen,ʋø.sen,2,RF,23252,TRUE
вӗсене,ʋøsene,ʋø.se.ne,3,RFF,28808,TRUE
вӗсенче,ʋøsentɕe,ʋø.sen.tɕe,3,RFF,1701,TRUE
вӗсенчен,ʋøsentɕen,ʋø.sen.tɕen,3,RFF,7820,TRUE
вӗси,ʋøsi,ʋø.si,2,RF,5,TRUE
вӗскӗрт,ʋøskørt,ʋøs.kørt,2,RR,,FALSE
вӗсхе,ʋøsxe,ʋøs.xe,2,RF,,FALSE
вӗҫ,ʋøɕ,ʋøɕ,1,R,962,TRUE
вӗҫвӗҫех,ʋøɕʋøɕex,ʋøɕ.ʋø.ɕex,3,RRF,,FALSE
вӗҫевӗҫ,ʋøɕeʋøɕ,ʋø.ɕe.ʋøɕ,3,RFR,,FALSE
вӗҫевӗҫӗн,ʋøɕeʋøɕøn,ʋø.ɕe.ʋø.ɕøn,4,RFRR,2,TRUE
вӗҫев,ʋøɕeʋ,ʋø.ɕeʋ,2,RF,369,TRUE
вӗҫевҫӗ,ʋøɕeʋɕø,ʋø.ɕeʋ.ɕø,3,RFR,127,TRUE
вӗҫен,ʋøɕen,ʋø.ɕen,2,RF,727,TRUE
вӗҫенчӗк,ʋøɕentɕøk,ʋø.ɕen.tɕøk,3,RFR,,FALSE
вӗҫер,ʋøɕer,ʋø.ɕer,2,RF,31,TRUE
вӗҫерӗн,ʋøɕerøn,ʋø.ɕe.røn,3,RFR,3,TRUE
вӗҫерт,ʋøɕert,ʋø.ɕert,2,RF,86,TRUE
вӗҫерттер,ʋøɕertter,ʋø.ɕert.ter,3,RFF,,FALSE
вӗҫӗхӗрри,ʋøɕøxørri,ʋø.ɕø.xør.ri,4,RRRF,6,TRUE
вӗҫӗхӗррисӗр,ʋøɕøxørrisør,ʋø.ɕø.xør.ri.sør,5,RRRFR,8,TRUE
вӗҫӗм,ʋøɕøm,ʋø.ɕøm,2,RR,494,TRUE
вӗҫӗмлӗ,ʋøɕømlø,ʋø.ɕøm.lø,3,RRR,16,TRUE
вӗҫӗмрен,ʋøɕømren,ʋø.ɕøm.ren,3,RRF,29,TRUE
вӗҫӗмсӗр,ʋøɕømsør,ʋø.ɕøm.sør,3,RRR,1123,TRUE
вӗҫӗмсӗрлӗх,ʋøɕømsørløx,ʋø.ɕøm.sør.løx,4,RRRR,2,TRUE
вӗҫкенлен,ʋøɕkenlen,ʋøɕ.ken.len,3,RFF,,FALSE
вӗҫкӗн,ʋøɕkøn,ʋøɕ.køn,2,RR,245,TRUE
вӗҫкӗнӗн,ʋøɕkønøn,ʋøɕ.kø.nøn,3,RRR,1,TRUE
вӗҫкӗнле,ʋøɕkønle,ʋøɕ.køn.le,3,RRF,15,TRUE
вӗҫкӗнлен,ʋøɕkønlen,ʋøɕ.køn.len,3,RRF,5,TRUE
вӗҫкӗнлентер,ʋøɕkønlenter,ʋøɕ.køn.len.ter,4,RRFF,,FALSE
вӗҫкӗнлет,ʋøɕkønlet,ʋøɕ.køn.let,3,RRF,,FALSE
вӗҫкӗнлӗх,ʋøɕkønløx,ʋøɕ.køn.løx,3,RRR,8,TRUE
вӗҫкӗнчӗк,ʋøɕkøntɕøk,ʋøɕ.køn.tɕøk,3,RRR,7,TRUE
вӗҫкӗнчӗкле,ʋøɕkøntɕøkle,ʋøɕ.køn.tɕøk.le,4,RRRF,,FALSE
вӗҫлӑ,ʋøɕlɵ,ʋøɕ.lɵ,2,RR,,FALSE
вӗҫле,ʋøɕle,ʋøɕ.le,2,RF,39,TRUE
вӗҫлев,ʋøɕleʋ,ʋøɕ.leʋ,2,RF,19,TRUE
вӗҫлеке,ʋøɕleke,ʋøɕ.le.ke,3,RFF,11,TRUE
вӗҫлекелен,ʋøɕlekelen,ʋøɕ.le.ke.len,4,RFFF,,FALSE
вӗҫлекелет,ʋøɕlekelet,ʋøɕ.le.ke.let,4,RFFF,,FALSE
вӗҫлен,ʋøɕlen,ʋøɕ.len,2,RF,6,TRUE
вӗҫленкӗ,ʋøɕlenkø,ʋøɕ.len.kø,3,RFR,,FALSE
вӗҫленӳ,ʋøɕleny,ʋøɕ.le.ny,3,RFF,10,TRUE
вӗҫлет,ʋøɕlet,ʋøɕ.let,2,RF,178,TRUE
вӗҫлеттер,ʋøɕletter,ʋøɕ.let.ter,3,RFF,,FALSE
вӗҫлӗ,ʋøɕlø,ʋøɕ.lø,2,RR,195,TRUE
вӗҫмевӗҫӑн,ʋøɕmeʋøɕɵn,ʋøɕ.me.ʋø.ɕɵn,4,RFRR,,FALSE
вӗҫмевӗҫӗн,ʋøɕmeʋøɕøn,ʋøɕ.me.ʋø.ɕøn,4,RFRR,,FALSE
вӗҫренвӗҫ,ʋøɕrenʋøɕ,ʋøɕ.ren.ʋøɕ,3,RFR,1,TRUE
вӗҫсӗр,ʋøɕsør,ʋøɕ.sør,2,RR,473,TRUE
вӗҫсӗрхӗрсӗр,ʋøɕsørxørsør,ʋøɕ.sør.xør.sør,4,RRRR,1,TRUE
вӗҫсӗрлӗх,ʋøɕsørløx,ʋøɕ.sør.løx,3,RRR,20,TRUE
вӗҫҫӗн,ʋøɕɕøn,ʋøɕ.ɕøn,2,RR,819,TRUE
вӗҫтер,ʋøɕter,ʋøɕ.ter,2,RF,245,TRUE
вӗҫтерекен,ʋøɕtereken,ʋøɕ.te.re.ken,4,RFFF,26,TRUE
вӗҫтеркӗч,ʋøɕterkøtɕ,ʋøɕ.ter.køtɕ,3,RFR,,FALSE
вӗт,ʋøt,ʋøt,1,R,12049,TRUE
вӗтшак,ʋøtʃak,ʋø.tʃak,2,RF,,FALSE
вӗтшакӑр,ʋøtʃakɵr,ʋø.tʃa.kɵr,3,RFR,2,TRUE
вӗтел,ʋøtel,ʋø.tel,2,RF,14,TRUE
вӗтеле,ʋøtele,ʋø.te.le,3,RFF,3,TRUE
вӗтелен,ʋøtelen,ʋø.te.len,3,RFF,,FALSE
вӗтелентер,ʋøtelenter,ʋø.te.len.ter,4,RFFF,,FALSE
вӗтеленӳ,ʋøteleny,ʋø.te.le.ny,4,RFFF,1,TRUE
вӗтеленчӗк,ʋøtelentɕøk,ʋø.te.len.tɕøk,4,RFFR,2,TRUE
вӗтет,ʋøtet,ʋø.tet,2,RF,15,TRUE
вӗтӗ,ʋøtø,ʋø.tø,2,RR,1419,TRUE
вӗтӗшакӑ,ʋøtøʃakɵ,ʋø.tø.ʃa.kɵ,4,RRFR,,FALSE
вӗтӗлвӗтӗл,ʋøtølʋøtøl,ʋø.tøl.ʋø.tøl,4,RRRR,,FALSE
вӗтӗлен,ʋøtølen,ʋø.tø.len,3,RRF,,FALSE
вӗтӗлӗх,ʋøtøløx,ʋø.tø.løx,3,RRR,,FALSE
вӗтӗлтет,ʋøtøltet,ʋø.tøl.tet,3,RRF,,FALSE
вӗтӗлтеттер,ʋøtøltetter,ʋø.tøl.tet.ter,4,RRFF,,FALSE
вӗтӗлти,ʋøtølti,ʋø.tøl.ti,3,RRF,5,TRUE
вӗтӗн,ʋøtøn,ʋø.tøn,2,RR,3,TRUE
вӗтӗнтер,ʋøtønter,ʋø.tøn.ter,3,RRF,,FALSE
вӗтӗнчӗк,ʋøtøntɕøk,ʋø.tøn.tɕøk,3,RRR,,FALSE
вӗтӗрвӗтӗр,ʋøtørʋøtør,ʋø.tør.ʋø.tør,4,RRRRRRRR,1,TRUE
вӗтӗршакӑр,ʋøtørʃakɵr,ʋø.tør.ʃa.kɵr,4,RRFR,3,TRUE
вӗтӗркке,ʋøtørkke,ʋø.tørk.ke,3,RRF,6,TRUE
вӗтӗрккелен,ʋøtørkkelen,ʋø.tørk.ke.len,4,RRFF,,FALSE
вӗтӗрлен,ʋøtørlen,ʋø.tør.len,3,RRF,,FALSE
вӗтӗрмӗш,ʋøtørmøʃ,ʋø.tør.møʃ,3,RRR,2,TRUE
вӗтӗртет,ʋøtørtet,ʋø.tør.tet,3,RRF,1,TRUE
вӗтӗртеттер,ʋøtørtetter,ʋø.tør.tet.ter,4,RRFF,,FALSE
вӗтӗрти,ʋøtørti,ʋø.tør.ti,3,RRF,9,TRUE
вӗткелен,ʋøtkelen,ʋøt.ke.len,3,RFF,,FALSE
вӗткеленӳ,ʋøtkeleny,ʋøt.ke.le.ny,4,RFFF,2,TRUE
вӗткеленчӗк,ʋøtkelentɕøk,ʋøt.ke.len.tɕøk,4,RFFR,5,TRUE
вӗтлем,ʋøtlem,ʋøt.lem,2,RF,5,TRUE
вӗтлӗх,ʋøtløx,ʋøt.løx,2,RR,109,TRUE
вӗтлӗхчӑтлӑх,ʋøtløxtɕɵtlɵx,ʋøt.løx.tɕɵt.lɵx,4,RRRR,,FALSE
вӗтлӳ,ʋøtly,ʋøt.ly,2,RF,,FALSE
вӗттер,ʋøtter,ʋøt.ter,2,RF,,FALSE
вӗттӗн,ʋøttøn,ʋøt.tøn,2,RR,415,TRUE
вӗтӳ,ʋøty,ʋø.ty,2,RF,1,TRUE
вӗтхӳ,ʋøtxy,ʋøt.xy,2,RF,1,TRUE
вӗтшӗн,ʋøtʃøn,ʋø.tʃøn,2,RR,1,TRUE
вӗче,ʋøtɕe,ʋø.tɕe,2,RF,18,TRUE
вӗчев,ʋøtɕeʋ,ʋø.tɕeʋ,2,RF,,FALSE
вӗчеш,ʋøtɕeʃ,ʋø.tɕeʃ,2,RF,1,TRUE
вӗчӗ,ʋøtɕø,ʋø.tɕø,2,RR,48,TRUE
вӗчӗхӗчӗ,ʋøtɕøxøtɕø,ʋø.tɕø.xø.tɕø,4,RRRR,,FALSE
вӗчӗкле,ʋøtɕøkle,ʋø.tɕøk.le,3,RRF,,FALSE
вӗчӗлвӗчӗл,ʋøtɕølʋøtɕøl,ʋø.tɕøl.ʋø.tɕøl,4,RRRR,,FALSE
вӗчӗлен,ʋøtɕølen,ʋø.tɕø.len,3,RRF,,FALSE
вӗчӗлентер,ʋøtɕølenter,ʋø.tɕø.len.ter,4,RRFF,,FALSE
вӗчӗлӗх,ʋøtɕøløx,ʋø.tɕø.løx,3,RRR,3,TRUE
вӗчӗллӗ,ʋøtɕøllø,ʋø.tɕøl.lø,3,RRR,7,TRUE
вӗчӗлтвӗчӗлт,ʋøtɕøltʋøtɕølt,ʋø.tɕølt.ʋø.tɕølt,4,RRRR,,FALSE
вӗчӗлтет,ʋøtɕøltet,ʋø.tɕøl.tet,3,RRF,,FALSE
вӗчӗлтеттер,ʋøtɕøltetter,ʋø.tɕøl.tet.ter,4,RRFF,,FALSE
вӗчӗлти,ʋøtɕølti,ʋø.tɕøl.ti,3,RRF,,FALSE
вӗчӗркке,ʋøtɕørkke,ʋø.tɕørk.ke,3,RRF,,FALSE
вӗчӗрхен,ʋøtɕørxen,ʋø.tɕør.xen,3,RRF,3,TRUE
вӗчӗрхентер,ʋøtɕørxenter,ʋø.tɕør.xen.ter,4,RRFF,5,TRUE
вӗчӗрхенӳ,ʋøtɕørxeny,ʋø.tɕør.xe.ny,4,RRFF,33,TRUE
вӗчӗрхенӳллӗ,ʋøtɕørxenyllø,ʋø.tɕør.xe.nyl.lø,5,RRFFR,4,TRUE
вӗчӗрхенӳллӗн,ʋøtɕørxenylløn,ʋø.tɕør.xe.nyl.løn,5,RRFFR,2,TRUE
вӗчӗрхенчӗк,ʋøtɕørxentɕøk,ʋø.tɕør.xen.tɕøk,4,RRFR,5,TRUE
вӗчӗх,ʋøtɕøx,ʋø.tɕøx,2,RR,35,TRUE
вӗчӗхтер,ʋøtɕøxter,ʋø.tɕøx.ter,3,RRF,,FALSE
вӗчӗхӳ,ʋøtɕøxy,ʋø.tɕø.xy,3,RRF,6,TRUE
вӗшӗл,ʋøʃøl,ʋø.ʃøl,2,RR,,FALSE
вӗшӗлтет,ʋøʃøltet,ʋø.ʃøl.tet,3,RRF,,FALSE
вӗшке,ʋøʃke,ʋøʃ.ke,2,RF,,FALSE
вӗшле,ʋøʃle,ʋøʃ.le,2,RF,66,TRUE
вӗшлеке,ʋøʃleke,ʋøʃ.le.ke,3,RFF,1,TRUE
вика,ʋika,ʋi.ka,2,FF,281,TRUE
виклӗшиклӗ,ʋikløʃiklø,ʋik.lø.ʃik.lø,4,FRFR,,FALSE
вил,ʋil,ʋil,1,F,938,TRUE
виле,ʋile,ʋi.le,2,FF,523,TRUE
вилесле,ʋilesle,ʋi.les.le,3,FFF,83,TRUE
вилеслӗх,ʋilesløx,ʋi.les.løx,3,FFR,19,TRUE
вилӗ,ʋilø,ʋi.lø,2,FR,446,TRUE
вилӗчӗрӗ,ʋiløtɕørø,ʋi.lø.tɕø.rø,4,FRRR,,FALSE
вилӗллӗчӗрӗллӗ,ʋilølløtɕørøllø,ʋi.løl.lø.tɕø.røl.lø,6,FRRRRR,,FALSE
вилӗм,ʋiløm,ʋi.løm,2,FR,1882,TRUE
вилӗмҫӗтӗм,ʋilømɕøtøm,ʋi.løm.ɕø.tøm,4,FRRR,,FALSE
вилӗмле,ʋilømle,ʋi.løm.le,3,FRF,60,TRUE
вилӗмлӗ,ʋilømlø,ʋi.løm.lø,3,FRR,31,TRUE
вилӗмлӗн,ʋilømløn,ʋi.løm.løn,3,FRR,2,TRUE
вилӗмлӗх,ʋilømløx,ʋi.løm.løx,3,FRR,7,TRUE
вилӗмсӗр,ʋilømsør,ʋi.løm.sør,3,FRR,752,TRUE
вилӗмсӗрлет,ʋilømsørlet,ʋi.løm.sør.let,4,FRRF,,FALSE
вилӗмсӗрлӗх,ʋilømsørløx,ʋi.løm.sør.løx,4,FRRR,40,TRUE
вилка,ʋilka,ʋil.ka,2,FF,37,TRUE
вилла,ʋilla,ʋil.la,2,FF,13,TRUE
виллӗнчӗррӗн,ʋilløntɕørrøn,ʋil.løn.tɕør.røn,4,FRRR,,FALSE
вилтӑпри,ʋiltɵpri,ʋil.tɵp.ri,3,FRF,376,TRUE
вилтер,ʋilter,ʋil.ter,2,FF,,FALSE
винават,ʋinaʋat,ʋi.na.ʋat,3,FFF,10,TRUE
винкас,ʋinkas,ʋin.kas,2,FF,,FALSE
винт,ʋint,ʋint,1,F,9,TRUE
винтла,ʋintla,ʋint.la,2,FF,,FALSE
винтлӑ,ʋintlɵ,ʋint.lɵ,2,FR,3,TRUE
виньетка,ʋinʲetka,ʋi.nʲet.ka,3,FFF,,FALSE
вир,ʋir,ʋir,1,F,377,TRUE
вирвитса,ʋirʋitsa,ʋir.ʋi.tsa,3,FFF,,FALSE
вирелле,ʋirelle,ʋi.rel.le,3,FFF,230,TRUE
вирӗк,ʋirøk,ʋi.røk,2,FR,2,TRUE
вирӗм,ʋirøm,ʋi.røm,2,FR,11,TRUE
виривири,ʋiriʋiri,ʋi.ri.ʋi.ri,4,FFFF,,FALSE
виркӗн,ʋirkøn,ʋir.køn,2,FR,1,TRUE
виркӗнтер,ʋirkønter,ʋir.køn.ter,3,FRF,,FALSE
виркӗс,ʋirkøs,ʋir.køs,2,FR,6,TRUE
вирлӗ,ʋirlø,ʋir.lø,2,FR,200,TRUE
вирлӗлен,ʋirlølen,ʋir.lø.len,3,FRF,,FALSE
вирлӗн,ʋirløn,ʋir.løn,2,FR,147,TRUE
вирлӗх,ʋirløx,ʋir.løx,2,FR,,FALSE
вирт,ʋirt,ʋirt,1,F,39,TRUE
виртлӗ,ʋirtlø,ʋirt.lø,2,FR,2,TRUE
вирус,ʋirus,ʋi.rus,2,FF,142,TRUE
вируслӑ,ʋiruslɵ,ʋi.rus.lɵ,3,FFR,34,TRUE
вирхӗн,ʋirxøn,ʋir.xøn,2,FR,2,TRUE
вирхӗнтер,ʋirxønter,ʋir.xøn.ter,3,FRF,,FALSE
вирьял,ʋirʲjal,ʋirʲ.jal,2,FF,194,TRUE
вирьялла,ʋirʲjalla,ʋirʲ.jal.la,3,FFF,11,TRUE
вис,ʋis,ʋis,1,F,94,TRUE
виселе,ʋisele,ʋi.se.le,3,FFF,,FALSE
виселен,ʋiselen,ʋi.se.len,3,FFF,,FALSE
виселентер,ʋiselenter,ʋi.se.len.ter,4,FFFF,,FALSE
виски,ʋiski,ʋis.ki,2,FF,102,TRUE
висте,ʋiste,ʋis.te,2,FF,4,TRUE
вистен,ʋisten,ʋis.ten,2,FF,,FALSE
вистенчӗк,ʋistentɕøk,ʋis.ten.tɕøk,3,FFR,,FALSE
виҫ,ʋiɕ,ʋiɕ,1,F,3227,TRUE
виҫтӑват,ʋiɕtɵʋat,ʋiɕ.tɵ.ʋat,3,FRF,1,TRUE
виҫе,ʋiɕe,ʋi.ɕe,2,FF,790,TRUE
виҫев,ʋiɕeʋ,ʋi.ɕeʋ,2,FF,28,TRUE
виҫеле,ʋiɕele,ʋi.ɕe.le,3,FFF,,FALSE
виҫелӗх,ʋiɕeløx,ʋi.ɕe.løx,3,FFR,17,TRUE
виҫеллӗ,ʋiɕellø,ʋi.ɕel.lø,3,FFR,340,TRUE
виҫеллӗн,ʋiɕelløn,ʋi.ɕel.løn,3,FFR,21,TRUE
виҫесӗр,ʋiɕesør,ʋi.ɕe.sør,3,FFR,268,TRUE
виҫӗ,ʋiɕø,ʋi.ɕø,2,FR,18693,TRUE
виҫӗтӑватӑ,ʋiɕøtɵʋatɵ,ʋi.ɕø.tɵ.ʋa.tɵ,5,FRRFR,8,TRUE
виҫӗмтӑватӑм,ʋiɕømtɵʋatɵm,ʋi.ɕøm.tɵ.ʋa.tɵm,5,FRRFR,,FALSE
виҫӗмкун,ʋiɕømkun,ʋi.ɕøm.kun,3,FRF,234,TRUE
виҫӗмкунхи,ʋiɕømkunxi,ʋi.ɕøm.kun.xi,4,FRFF,22,TRUE
виҫӗмлӗ,ʋiɕømlø,ʋi.ɕøm.lø,3,FRR,,FALSE
виҫӗмҫул,ʋiɕømɕul,ʋi.ɕøm.ɕul,3,FRF,146,TRUE
виҫӗмҫулхи,ʋiɕømɕulxi,ʋi.ɕøm.ɕul.xi,4,FRFF,41,TRUE
виҫӗн,ʋiɕøn,ʋi.ɕøn,2,FR,8,TRUE
виҫкӗлчӗ,ʋiɕkøltɕø,ʋiɕ.køl.tɕø,3,FRR,,FALSE
виҫкӗтеслӗх,ʋiɕkøtesløx,ʋiɕ.kø.tes.løx,4,FRFR,42,TRUE
виҫмине,ʋiɕmine,ʋiɕ.mi.ne,3,FFF,125,TRUE
виҫминетӑватмине,ʋiɕminetɵʋatmine,ʋiɕ.mi.ne.tɵ.ʋat.mi.ne,7,FFFRFFF,,FALSE
виҫминехи,ʋiɕminexi,ʋiɕ.mi.ne.xi,4,FFFF,,FALSE
виҫсӗмӗр,ʋiɕsømør,ʋiɕ.sø.mør,3,FRR,130,TRUE
виҫсӗр,ʋiɕsør,ʋiɕ.sør,2,FR,13,TRUE
виҫҫӗ,ʋiɕɕø,ʋiɕ.ɕø,2,FR,1196,TRUE
виҫҫӗлен,ʋiɕɕølen,ʋiɕ.ɕø.len,3,FRF,,FALSE
виҫҫӗлӗх,ʋiɕɕøløx,ʋiɕ.ɕø.løx,3,FRR,7,TRUE
виҫҫӗлле,ʋiɕɕølle,ʋiɕ.ɕøl.le,3,FRF,22,TRUE
виҫҫӗллӗ,ʋiɕɕøllø,ʋiɕ.ɕøl.lø,3,FRR,23,TRUE
виҫҫӗмӗш,ʋiɕɕømøʃ,ʋiɕ.ɕø.møʃ,3,FRR,4963,TRUE
виҫҫӗмӗшӗнчен,ʋiɕɕømøʃøntɕen,ʋiɕ.ɕø.mø.ʃøn.tɕen,5,FRRRF,67,TRUE
виҫҫӗн,ʋiɕɕøn,ʋiɕ.ɕøn,2,FR,1004,TRUE
виҫҫӗнтӑваттӑн,ʋiɕɕøntɵʋattɵn,ʋiɕ.ɕøn.tɵ.ʋat.tɵn,5,FRRFR,,FALSE
виҫҫӗр,ʋiɕɕør,ʋiɕ.ɕør,2,FR,215,TRUE
виҫҫӗш,ʋiɕɕøʃ,ʋiɕ.ɕøʃ,2,FR,91,TRUE
виҫҫӗшӗ,ʋiɕɕøʃø,ʋiɕ.ɕø.ʃø,3,FRR,679,TRUE
виҫтер,ʋiɕter,ʋiɕ.ter,2,FF,,FALSE
виҫшер,ʋiɕʃer,ʋiɕ.ʃer,2,FF,344,TRUE
виҫшерӗн,ʋiɕʃerøn,ʋiɕ.ʃe.røn,3,FFR,58,TRUE
вит,ʋit,ʋit,1,F,74,TRUE
витамин,ʋitamin,ʋi.ta.min,3,FFF,395,TRUE
витаминла,ʋitaminla,ʋi.ta.min.la,4,FFFF,,FALSE
витаминлӑ,ʋitaminlɵ,ʋi.ta.min.lɵ,4,FFFR,54,TRUE
вите,ʋite,ʋi.te,2,FF,617,TRUE
вителӗк,ʋiteløk,ʋi.te.løk,3,FFR,15,TRUE
витер,ʋiter,ʋi.ter,2,FF,40,TRUE
витерӳллӗ,ʋiteryllø,ʋi.te.ryl.lø,4,FFFR,9,TRUE
витерӳллӗн,ʋiterylløn,ʋi.te.ryl.løn,4,FFFR,1,TRUE
витӗ,ʋitø,ʋi.tø,2,FR,27,TRUE
витӗм,ʋitøm,ʋi.tøm,2,FR,1969,TRUE
витӗмлен,ʋitømlen,ʋi.tøm.len,3,FRF,,FALSE
витӗмлентер,ʋitømlenter,ʋi.tøm.len.ter,4,FRFF,,FALSE
витӗмлӗ,ʋitømlø,ʋi.tøm.lø,3,FRR,536,TRUE
витӗмлӗн,ʋitømløn,ʋi.tøm.løn,3,FRR,102,TRUE
витӗмлӗх,ʋitømløx,ʋi.tøm.løx,3,FRR,7,TRUE
витӗмсӗр,ʋitømsør,ʋi.tøm.sør,3,FRR,6,TRUE
витӗмсӗрлет,ʋitømsørlet,ʋi.tøm.sør.let,4,FRRF,,FALSE
витӗмсӗрлӗх,ʋitømsørløx,ʋi.tøm.sør.løx,4,FRRR,,FALSE
витӗн,ʋitøn,ʋi.tøn,2,FR,9,TRUE
витӗнкӗҫ,ʋitønkøɕ,ʋi.tøn.køɕ,3,FRR,15,TRUE
витӗнтер,ʋitønter,ʋi.tøn.ter,3,FRF,,FALSE
витӗнчӗк,ʋitøntɕøk,ʋi.tøn.tɕøk,3,FRR,2,TRUE
витӗр,ʋitør,ʋi.tør,2,FR,6659,TRUE
витӗрле,ʋitørle,ʋi.tør.le,3,FRF,,FALSE
виткӗч,ʋitkøtɕ,ʋit.køtɕ,2,FR,10,TRUE
витле,ʋitle,ʋit.le,2,FF,6,TRUE
витлев,ʋitleʋ,ʋit.leʋ,2,FF,13,TRUE
витлевлӗ,ʋitleʋlø,ʋit.leʋ.lø,3,FFR,5,TRUE
витлевлӗн,ʋitleʋløn,ʋit.leʋ.løn,3,FFR,,FALSE
витленчӗк,ʋitlentɕøk,ʋit.len.tɕøk,3,FFR,,FALSE
витлеттер,ʋitletter,ʋit.let.ter,3,FFF,,FALSE
витлеш,ʋitleʃ,ʋit.leʃ,2,FF,2,TRUE
витлештер,ʋitleʃter,ʋit.leʃ.ter,3,FFF,,FALSE
витлешӳ,ʋitleʃy,ʋit.le.ʃy,3,FFF,3,TRUE
витлӗх,ʋitløx,ʋit.løx,2,FR,1,TRUE
витре,ʋitre,ʋit.re,2,FF,988,TRUE
витречӗрес,ʋitretɕøres,ʋit.re.tɕø.res,4,FFRF,,FALSE
витреле,ʋitrele,ʋit.re.le,3,FFF,,FALSE
витрелет,ʋitrelet,ʋit.re.let,3,FFF,,FALSE
витрина,ʋitrina,ʋit.ri.na,3,FFF,21,TRUE
виттер,ʋitter,ʋit.ter,2,FF,,FALSE
вичкӗн,ʋitɕkøn,ʋitɕ.køn,2,FR,344,TRUE
вичкӗнӗш,ʋitɕkønøʃ,ʋitɕ.kø.nøʃ,3,FRR,1,TRUE
вичкӗнлен,ʋitɕkønlen,ʋitɕ.køn.len,3,FRF,,FALSE
вичкӗнлентер,ʋitɕkønlenter,ʋitɕ.køn.len.ter,4,FRFF,,FALSE
вичкӗнлет,ʋitɕkønlet,ʋitɕ.køn.let,3,FRF,1,TRUE
вичкӗннӗн,ʋitɕkønnøn,ʋitɕ.køn.nøn,3,FRR,10,TRUE
вишни,ʋiʃni,ʋiʃ.ni,2,FF,6,TRUE
включатель,ʋkljutɕatelʲ,ʋklju.tɕa.telʲ,3,FFF,,FALSE
власть,ʋlastʲ,ʋlastʲ,1,F,609,TRUE
влаҫлӑн,ʋlaɕlɵn,ʋlaɕ.lɵn,2,FR,,FALSE
влияни,ʋlijani,ʋli.ja.ni,3,FFF,3,TRUE
влияниллӗ,ʋlijanillø,ʋli.ja.nil.lø,4,FFFR,,FALSE
внтаминла,ʋntaminla,ʋnta.min.la,3,FFF,,FALSE
вратарь,ʋratarʲ,ʋra.tarʲ,2,FF,18,TRUE
врач,ʋratɕ,ʋratɕ,1,F,949,TRUE
втулка,ʋtulka,ʋtul.ka,2,FF,2,TRUE
ву,ʋu,ʋu,1,F,57,TRUE
вуалетка,ʋualetka,ʋu.a.let.ka,4,FFFF,,FALSE
вуаль,ʋualʲ,ʋu.alʲ,2,FF,5,TRUE
вула,ʋula,ʋu.la,2,FF,448,TRUE
вулав,ʋulaʋ,ʋu.laʋ,2,FF,730,TRUE
вулавӑш,ʋulaʋɵʃ,ʋu.la.ʋɵʃ,3,FFR,898,TRUE
вулавҫӑ,ʋulaʋɕɵ,ʋu.laʋ.ɕɵ,3,FFR,60,TRUE
вулакан,ʋulakan,ʋu.la.kan,3,FFF,1155,TRUE
вулан,ʋulan,ʋu.lan,2,FF,33,TRUE
вулаттар,ʋulattar,ʋu.lat.tar,3,FFF,7,TRUE
вулӑ,ʋulɵ,ʋu.lɵ,2,FR,33,TRUE
вулӑс,ʋulɵs,ʋu.lɵs,2,FR,461,TRUE
вулкан,ʋulkan,ʋul.kan,2,FF,123,TRUE
вун,ʋun,ʋun,1,F,4722,TRUE
вунӑ,ʋunɵ,ʋu.nɵ,2,FR,4264,TRUE
вунӑкунлӑх,ʋunɵkunlɵx,ʋu.nɵ.kun.lɵx,4,FRFR,15,TRUE
вунӑҫуллӑх,ʋunɵɕullɵx,ʋu.nɵ.ɕul.lɵx,4,FRFR,9,TRUE
вунвиҫ,ʋunʋiɕ,ʋun.ʋiɕ,2,FF,11,TRUE
вунвиҫӗ,ʋunʋiɕø,ʋun.ʋi.ɕø,3,FFR,87,TRUE
вунвиҫҫӗ,ʋunʋiɕɕø,ʋun.ʋiɕ.ɕø,3,FFR,20,TRUE
вунвиҫҫӗмӗш,ʋunʋiɕɕømøʃ,ʋun.ʋiɕ.ɕø.møʃ,4,FFRR,52,TRUE
вуник,ʋunik,ʋu.nik,2,FF,178,TRUE
вуникӗ,ʋunikø,ʋu.ni.kø,3,FFR,459,TRUE
вуниккӗ,ʋunikkø,ʋu.nik.kø,3,FFR,91,TRUE
вуниккӗмӗш,ʋunikkømøʃ,ʋu.nik.kø.møʃ,4,FFRR,36,TRUE
вуннӑ,ʋunnɵ,ʋun.nɵ,2,FR,352,TRUE
вуннӑлӑх,ʋunnɵlɵx,ʋun.nɵ.lɵx,3,FRR,5,TRUE
вуннӑмӗш,ʋunnɵmøʃ,ʋun.nɵ.møʃ,3,FRR,395,TRUE
вуннӑн,ʋunnɵn,ʋun.nɵn,2,FR,84,TRUE
вуннӑшӗ,ʋunnɵʃø,ʋun.nɵ.ʃø,3,FRR,51,TRUE
вунпӗр,ʋunpør,ʋun.pør,2,FR,201,TRUE
вунпӗрмӗш,ʋunpørmøʃ,ʋun.pør.møʃ,3,FRR,82,TRUE
вунпилӗк,ʋunpiløk,ʋun.pi.løk,3,FFR,388,TRUE
вунпиллӗк,ʋunpilløk,ʋun.pil.løk,3,FFR,24,TRUE
вунпиллӗкмӗш,ʋunpilløkmøʃ,ʋun.pil.løk.møʃ,4,FFRR,12,TRUE
вунсакӑр,ʋunsakɵr,ʋun.sa.kɵr,3,FFR,127,TRUE
вунсаккӑр,ʋunsakkɵr,ʋun.sak.kɵr,3,FFR,36,TRUE
вунсаккӑрмӗш,ʋunsakkɵrmøʃ,ʋun.sak.kɵr.møʃ,4,FFRR,42,TRUE
вунҫич,ʋunɕitɕ,ʋun.ɕitɕ,2,FF,32,TRUE
вунҫичӗ,ʋunɕitɕø,ʋun.ɕi.tɕø,3,FFR,121,TRUE
вунҫичче,ʋunɕitɕtɕe,ʋun.ɕitɕ.tɕe,3,FFF,18,TRUE
вунҫиччӗ,ʋunɕitɕtɕø,ʋun.ɕitɕ.tɕø,3,FFR,25,TRUE
вунҫиччӗмӗш,ʋunɕitɕtɕømøʃ,ʋun.ɕitɕ.tɕø.møʃ,4,FFRR,34,TRUE
вунтӑват,ʋuntɵʋat,ʋun.tɵ.ʋat,3,FRF,4,TRUE
вунтӑватӑ,ʋuntɵʋatɵ,ʋun.tɵ.ʋa.tɵ,4,FRFR,71,TRUE
вунтӑваттӑ,ʋuntɵʋattɵ,ʋun.tɵ.ʋat.tɵ,4,FRFR,16,TRUE
вунтӑваттӑмӗш,ʋuntɵʋattɵmøʃ,ʋun.tɵ.ʋat.tɵ.møʃ,5,FRFRR,20,TRUE
вунтӑхӑр,ʋuntɵxɵr,ʋun.tɵ.xɵr,3,FRR,27,TRUE
вунтӑххӑр,ʋuntɵxxɵr,ʋun.tɵx.xɵr,3,FRR,23,TRUE
вунтӑххӑрмӗш,ʋuntɵxxɵrmøʃ,ʋun.tɵx.xɵr.møʃ,4,FRRR,33,TRUE
вунулт,ʋunult,ʋu.nult,2,FF,13,TRUE
вунултӑ,ʋunultɵ,ʋu.nul.tɵ,3,FFR,89,TRUE
вунулттӑ,ʋunulttɵ,ʋu.nult.tɵ,3,FFR,23,TRUE
вунулттӑмӗш,ʋunulttɵmøʃ,ʋu.nult.tɵ.møʃ,4,FFRR,26,TRUE
вуншар,ʋunʃar,ʋun.ʃar,2,FF,801,TRUE
вуншарӑн,ʋunʃarɵn,ʋun.ʃa.rɵn,3,FFR,41,TRUE
вуншарлӑ,ʋunʃarlɵ,ʋun.ʃar.lɵ,3,FFR,1,TRUE
вуп,ʋup,ʋup,1,F,1,TRUE
вупӑр,ʋupɵr,ʋu.pɵr,2,FR,255,TRUE
вупкӑн,ʋupkɵn,ʋup.kɵn,2,FR,28,TRUE
вупкӑнла,ʋupkɵnla,ʋup.kɵn.la,3,FRF,,FALSE
вуҫ,ʋuɕ,ʋuɕ,1,F,10,TRUE
вуҫех,ʋuɕex,ʋu.ɕex,2,FF,647,TRUE
вут,ʋut,ʋut,1,F,5840,TRUE
вуткӑвар,ʋutkɵʋar,ʋut.kɵ.ʋar,3,FRF,3,TRUE
вуткӑварла,ʋutkɵʋarla,ʋut.kɵ.ʋar.la,4,FRFF,,FALSE
вутҫиҫемле,ʋutɕiɕemle,ʋu.tɕi.ɕem.le,4,FFFF,,FALSE
вутҫиҫӗм,ʋutɕiɕøm,ʋu.tɕi.ɕøm,3,FFR,,FALSE
вутҫиҫӗмле,ʋutɕiɕømle,ʋu.tɕi.ɕøm.le,4,FFRF,,FALSE
вутҫиҫӗмлӗ,ʋutɕiɕømlø,ʋu.tɕi.ɕøm.lø,4,FFRR,,FALSE
вутҫулам,ʋutɕulam,ʋu.tɕu.lam,3,FFF,,FALSE
вутҫулӑм,ʋutɕulɵm,ʋu.tɕu.lɵm,3,FFR,12,TRUE
вутҫулӑмлӑ,ʋutɕulɵmlɵ,ʋu.tɕu.lɵm.lɵ,4,FFRR,,FALSE
вутҫулӑмлӑн,ʋutɕulɵmlɵn,ʋu.tɕu.lɵm.lɵn,4,FFRR,,FALSE
вуттӑвӑл,ʋuttɵʋɵl,ʋut.tɵ.ʋɵl,3,FRR,,FALSE
вутхӗм,ʋutxøm,ʋut.xøm,2,FR,1,TRUE
вутхӗмлӗ,ʋutxømlø,ʋut.xøm.lø,3,FRR,,FALSE
вутшанкӑ,ʋutʃankɵ,ʋu.tʃan.kɵ,3,FFR,2,TRUE
вутшар,ʋutʃar,ʋu.tʃar,2,FF,,FALSE
вутӑ,ʋutɵ,ʋu.tɵ,2,FR,1182,TRUE
вутӑн,ʋutɵn,ʋu.tɵn,2,FR,36,TRUE
вутӑнкӑварӑн,ʋutɵnkɵʋarɵn,ʋu.tɵn.kɵ.ʋa.rɵn,5,FRRFR,,FALSE
вутӑш,ʋutɵʃ,ʋu.tɵʃ,2,FR,193,TRUE
вуткасси,ʋutkassi,ʋut.kas.si,3,FFF,,FALSE
вутла,ʋutla,ʋut.la,2,FF,46,TRUE
вутлан,ʋutlan,ʋut.lan,2,FF,87,TRUE
вутлантар,ʋutlantar,ʋut.lan.tar,3,FFF,,FALSE
вутлӑ,ʋutlɵ,ʋut.lɵ,2,FR,396,TRUE
вутлӑхемлӗ,ʋutlɵxemlø,ʋut.lɵ.xem.lø,4,FRFR,,FALSE
вутлӑхӗмлӗ,ʋutlɵxømlø,ʋut.lɵ.xøm.lø,4,FRRR,,FALSE
вутлӑшывлӑ,ʋutlɵʃʉʋlɵ,ʋut.lɵ.ʃʉʋ.lɵ,4,FRFR,,FALSE
вутпуҫҫи,ʋutpuɕɕi,ʋut.puɕ.ɕi,3,FFF,67,TRUE
вутпуҫҫилен,ʋutpuɕɕilen,ʋut.puɕ.ɕi.len,4,FFFF,,FALSE
вутпуҫҫиллӗ,ʋutpuɕɕillø,ʋut.puɕ.ɕil.lø,4,FFFR,1,TRUE
вутсыппи,ʋutsʉppi,ʋu.tsʉp.pi,3,FFF,1,TRUE
вутчуль,ʋuttɕulʲ,ʋut.tɕulʲ,2,FF,44,TRUE
вучах,ʋutɕax,ʋu.tɕax,2,FF,468,TRUE
вушар,ʋuʃar,ʋu.ʃar,2,FF,7,TRUE
выльӑх,ʋʉlʲɵx,ʋʉ.lʲɵx,2,FR,6734,TRUE
выльӑхчӗрлӗх,ʋʉlʲɵxtɕørløx,ʋʉ.lʲɵx.tɕør.løx,4,FRRR,66,TRUE
выля,ʋʉlja,ʋʉl.ja,2,FF,268,TRUE
выляв,ʋʉljaʋ,ʋʉl.jaʋ,2,FF,68,TRUE
вылямалли,ʋʉljamalli,ʋʉl.ja.mal.li,4,FFFF,304,TRUE
вылян,ʋʉljan,ʋʉl.jan,2,FF,10,TRUE
вылянтар,ʋʉljantar,ʋʉl.jan.tar,3,FFF,6,TRUE
выляну,ʋʉljanu,ʋʉl.ja.nu,3,FFF,6,TRUE
вылянчӑк,ʋʉljantɕɵk,ʋʉl.jan.tɕɵk,3,FFR,89,TRUE
вылянчӑклӑн,ʋʉljantɕɵklɵn,ʋʉl.jan.tɕɵk.lɵn,4,FFRR,15,TRUE
вылят,ʋʉljat,ʋʉl.jat,2,FF,14,TRUE
выляттар,ʋʉljattar,ʋʉl.jat.tar,3,FFF,3,TRUE
выляш,ʋʉljaʃ,ʋʉl.jaʃ,2,FF,,FALSE
вымпел,ʋʉmpel,ʋʉm.pel,2,FF,20,TRUE
выпрямитель,ʋʉprjamitelʲ,ʋʉpr.ja.mi.telʲ,4,FFFF,,FALSE
выр,ʋʉr,ʋʉr,1,F,670,TRUE
вырӑн,ʋʉrɵn,ʋʉ.rɵn,2,FR,15425,TRUE
вырӑнӑнвырӑнӑн,ʋʉrɵnɵnʋʉrɵnɵn,ʋʉ.rɵ.nɵn.ʋʉ.rɵ.nɵn,6,FRRFRR,,FALSE
вырӑнӑнвырӑнӑп,ʋʉrɵnɵnʋʉrɵnɵp,ʋʉ.rɵ.nɵn.ʋʉ.rɵ.nɵp,6,FRRFRR,,FALSE
вырӑнӗвырӑиӗпе,ʋʉrɵnøʋʉrɵiøpe,ʋʉ.rɵ.nø.ʋʉ.rɵ.i.ø.pe,8,FRRFRFRF,,FALSE
вырӑнӗвырӑнӗпе,ʋʉrɵnøʋʉrɵnøpe,ʋʉ.rɵ.nø.ʋʉ.rɵ.nø.pe,7,FRRFRRF,,FALSE
вырӑнлӑ,ʋʉrɵnlɵ,ʋʉ.rɵn.lɵ,3,FRR,1278,TRUE
вырӑнне,ʋʉrɵnne,ʋʉ.rɵn.ne,3,FRF,10832,TRUE
вырӑнсӑр,ʋʉrɵnsɵr,ʋʉ.rɵn.sɵr,3,FRR,420,TRUE
вырӑнти,ʋʉrɵnti,ʋʉ.rɵn.ti,3,FRF,5885,TRUE
вырӑс,ʋʉrɵs,ʋʉ.rɵs,2,FR,9758,TRUE
вырӑсла,ʋʉrɵsla,ʋʉ.rɵs.la,3,FRF,5942,TRUE
вырӑслантар,ʋʉrɵslantar,ʋʉ.rɵs.lan.tar,4,FRFF,,FALSE
вырӑслат,ʋʉrɵslat,ʋʉ.rɵs.lat,3,FRF,1,TRUE
вырваҫулӑх,ʋʉrʋaɕulɵx,ʋʉr.ʋa.ɕu.lɵx,4,FFFR,,FALSE
вырма,ʋʉrma,ʋʉr.ma,2,FF,1023,TRUE
вырнаҫ,ʋʉrnaɕ,ʋʉr.naɕ,2,FF,45,TRUE
вырнаҫӑн,ʋʉrnaɕɵn,ʋʉr.na.ɕɵn,3,FFR,6,TRUE
вырнаҫтар,ʋʉrnaɕtar,ʋʉr.naɕ.tar,3,FFF,21,TRUE
вырнаҫтарулӑх,ʋʉrnaɕtarulɵx,ʋʉr.naɕ.ta.ru.lɵx,5,FFFFR,,FALSE
вырнаҫулӑх,ʋʉrnaɕulɵx,ʋʉr.na.ɕu.lɵx,4,FFFR,,FALSE
вырнаҫуллӑ,ʋʉrnaɕullɵ,ʋʉr.na.ɕul.lɵ,4,FFFR,20,TRUE
вырнаҫуллӑн,ʋʉrnaɕullɵn,ʋʉr.na.ɕul.lɵn,4,FFFR,,FALSE
вырнаҫусӑр,ʋʉrnaɕusɵr,ʋʉr.na.ɕu.sɵr,4,FFFR,15,TRUE
вырсарни,ʋʉrsarni,ʋʉr.sar.ni,3,FFF,1090,TRUE
вырсарникун,ʋʉrsarnikun,ʋʉr.sar.ni.kun,4,FFFF,843,TRUE
вырт,ʋʉrt,ʋʉrt,1,F,416,TRUE
выртантӑран,ʋʉrtantɵran,ʋʉr.tan.tɵ.ran,4,FFRF,,FALSE
выртар,ʋʉrtar,ʋʉr.tar,2,FF,29,TRUE
выртма,ʋʉrtma,ʋʉrt.ma,2,FF,769,TRUE
вырттар,ʋʉrttar,ʋʉrt.tar,2,FF,15,TRUE
вырттармӑш,ʋʉrttarmɵʃ,ʋʉrt.tar.mɵʃ,3,FFR,1,TRUE
вырхан,ʋʉrxan,ʋʉr.xan,2,FF,1,TRUE
вырхантар,ʋʉrxantar,ʋʉr.xan.tar,3,FFF,,FALSE
выставка,ʋʉstaʋka,ʋʉs.taʋ.ka,3,FFF,106,TRUE
выҫ,ʋʉɕ,ʋʉɕ,1,F,156,TRUE
выҫалла,ʋʉɕalla,ʋʉ.ɕal.la,3,FFF,,FALSE
выҫӑ,ʋʉɕɵ,ʋʉ.ɕɵ,2,FR,1713,TRUE
выҫӑкуҫлан,ʋʉɕɵkuɕlan,ʋʉ.ɕɵ.kuɕ.lan,4,FRFF,,FALSE
выҫӑлла,ʋʉɕɵlla,ʋʉ.ɕɵl.la,3,FRF,31,TRUE
выҫӑллӑтутӑллӑ,ʋʉɕɵllɵtutɵllɵ,ʋʉ.ɕɵl.lɵ.tu.tɵl.lɵ,6,FRRFRR,8,TRUE
выҫӑх,ʋʉɕɵx,ʋʉ.ɕɵx,2,FR,2,TRUE
выҫӑхтар,ʋʉɕɵxtar,ʋʉ.ɕɵx.tar,3,FRF,,FALSE
выҫварла,ʋʉɕʋarla,ʋʉɕ.ʋar.la,3,FFF,29,TRUE
выҫкӑн,ʋʉɕkɵn,ʋʉɕ.kɵn,2,FR,7,TRUE
выҫлан,ʋʉɕlan,ʋʉɕ.lan,2,FF,,FALSE
выҫлӑх,ʋʉɕlɵx,ʋʉɕ.lɵx,2,FR,641,TRUE
выҫлӑхҫуклӑх,ʋʉɕlɵxɕuklɵx,ʋʉɕ.lɵx.ɕuk.lɵx,4,FRFR,,FALSE
выҫлӑхлан,ʋʉɕlɵxlan,ʋʉɕ.lɵx.lan,3,FRF,,FALSE
выҫлӑхлӑ,ʋʉɕlɵxlɵ,ʋʉɕ.lɵx.lɵ,3,FRR,3,TRUE
выҫҫӑн,ʋʉɕɕɵn,ʋʉɕ.ɕɵn,2,FR,19,TRUE
выҫҫӑнтуттӑн,ʋʉɕɕɵntuttɵn,ʋʉɕ.ɕɵn.tut.tɵn,4,FRFR,,FALSE
выҫтар,ʋʉɕtar,ʋʉɕ.tar,2,FF,,FALSE
выҫтах,ʋʉɕtax,ʋʉɕ.tax,2,FF,4,TRUE
выҫтахлан,ʋʉɕtaxlan,ʋʉɕ.tax.lan,3,FFF,,FALSE
вышка,ʋʉʃka,ʋʉʃ.ka,2,FF,56,TRUE
вышкайсӑр,ʋʉʃkajsɵr,ʋʉʃ.kaj.sɵr,3,FFR,142,TRUE
вышкайсӑрлан,ʋʉʃkajsɵrlan,ʋʉʃ.kaj.sɵr.lan,4,FFRF,,FALSE
вышкал,ʋʉʃkal,ʋʉʃ.kal,2,FF,,FALSE
вышкаллӑ,ʋʉʃkallɵ,ʋʉʃ.kal.lɵ,3,FFR,,FALSE
е,je,je,1,F,37981,TRUE
евӗк,jeʋøk,je.ʋøk,2,FR,37,TRUE
евӗккӗн,jeʋøkkøn,je.ʋøk.køn,3,FRR,31,TRUE
евӗклӗ,jeʋøklø,je.ʋøk.lø,3,FRR,40,TRUE
евӗклӗн,jeʋøkløn,je.ʋøk.løn,3,FRR,137,TRUE
евӗклӗх,jeʋøkløx,je.ʋøk.løx,3,FRR,4,TRUE
евӗксӗр,jeʋøksør,je.ʋøk.sør,3,FRR,1,TRUE
евӗксӗрлӗх,jeʋøksørløx,je.ʋøk.sør.løx,4,FRRR,,FALSE
евӗр,jeʋør,je.ʋør,2,FR,9041,TRUE
евӗрле,jeʋørle,je.ʋør.le,3,FRF,25,TRUE
евӗрлев,jeʋørleʋ,je.ʋør.leʋ,3,FRF,67,TRUE
евӗрлӗ,jeʋørlø,je.ʋør.lø,3,FRR,2636,TRUE
евӗрлӗн,jeʋørløn,je.ʋør.løn,3,FRR,19,TRUE
евит,jeʋit,je.ʋit,2,FF,37,TRUE
евитле,jeʋitle,je.ʋit.le,3,FFF,5,TRUE
евитлӗ,jeʋitlø,je.ʋit.lø,3,FFR,7,TRUE
еврей,jeʋrej,jeʋ.rej,2,FF,261,TRUE
еврейла,jeʋrejla,jeʋ.rej.la,3,FFF,12,TRUE
евчӗ,jeʋtɕø,jeʋ.tɕø,2,FR,312,TRUE
ей,jej,jej,1,F,121,TRUE
ейӗл,jejøl,je.jøl,2,FR,1,TRUE
ейӗлтер,jejølter,je.jøl.ter,3,FRF,,FALSE
ейкелен,jejkelen,jej.ke.len,3,FFF,1,TRUE
ейкелентер,jejkelenter,jej.ke.len.ter,4,FFFF,,FALSE
ейкеленӳ,jejkeleny,jej.ke.le.ny,4,FFFF,,FALSE
ейкеленчӗк,jejkelentɕøk,jej.ke.len.tɕøk,4,FFFR,,FALSE
ейле,jejle,jej.le,2,FF,,FALSE
ейлеке,jejleke,jej.le.ke,3,FFF,1,TRUE
ейме,jejme,jej.me,2,FF,7,TRUE
ейӳ,jejy,je.jy,2,FF,238,TRUE
ейӳлен,jejylen,je.jy.len,3,FFF,,FALSE
еке,jeke,je.ke,2,FF,5,TRUE
екерлӗ,jekerlø,je.ker.lø,3,FFR,,FALSE
екки,jekki,jek.ki,2,FF,104,TRUE
еклен,jeklen,jek.len,2,FF,,FALSE
елеке,jeleke,je.le.ke,3,FFF,,FALSE
елехей,jelexej,je.le.xej,3,FFF,2,TRUE
елке,jelke,jel.ke,2,FF,,FALSE
елпеке,jelpeke,jel.pe.ke,3,FFF,3,TRUE
елпен,jelpen,jel.pen,2,FF,,FALSE
елпешке,jelpeʃke,jel.peʃ.ke,3,FFF,7,TRUE
елпӗн,jelpøn,jel.pøn,2,FR,5,TRUE
елпӗр,jelpør,jel.pør,2,FR,,FALSE
елпӗрт,jelpørt,jel.pørt,2,FR,1,TRUE
емешӗл,jemeʃøl,je.me.ʃøl,3,FFR,2,TRUE
емпӗлтет,jempøltet,jem.pøl.tet,3,FRF,,FALSE
емпӗлти,jempølti,jem.pøl.ti,3,FRF,7,TRUE
емпӗлчӗ,jempøltɕø,jem.pøl.tɕø,3,FRR,,FALSE
ен,jen,jen,1,F,9815,TRUE
енерлӗ,jenerlø,je.ner.lø,3,FFR,,FALSE
енккӗ,jenkkø,jenk.kø,2,FR,1,TRUE
енлӗк,jenløk,jen.løk,2,FR,6,TRUE
еннелле,jennelle,jen.nel.le,3,FFF,9400,TRUE
енпӳ,jenpy,jen.py,2,FF,,FALSE
ентеш,jenteʃ,jen.teʃ,2,FF,1012,TRUE
енчен,jentɕen,jen.tɕen,2,FF,13098,TRUE
енчӗк,jentɕøk,jen.tɕøk,2,FR,205,TRUE
епархи,jeparxi,je.par.xi,3,FFF,34,TRUE
епле,jeple,jep.le,2,FF,12476,TRUE
еплелле,jeplelle,jep.lel.le,3,FFF,13,TRUE
епре,jepre,jep.re,2,FF,4,TRUE
епрел,jeprel,jep.rel,2,FF,2,TRUE
епрелен,jeprelen,jep.re.len,3,FFF,,FALSE
епреме,jepreme,jep.re.me,3,FFF,4,TRUE
епренчӗк,jeprentɕøk,jep.ren.tɕøk,3,FFR,3,TRUE
епрет,jepret,jep.ret,2,FF,,FALSE
епрешке,jepreʃke,jep.reʃ.ke,3,FFF,,FALSE
епсӗрӗл,jepsørøl,jep.sø.røl,3,FRR,,FALSE
ер,jer,jer,1,F,278,TRUE
ересь,jeresʲ,je.resʲ,2,FF,6,TRUE
ереҫ,jereɕ,je.reɕ,2,FF,1,TRUE
еретик,jeretik,je.re.tik,3,FFF,6,TRUE
ерӗҫ,jerøɕ,je.røɕ,2,FR,2,TRUE
ерӗш,jerøʃ,je.røʃ,2,FR,,FALSE
ерӗшке,jerøʃke,je.røʃ.ke,3,FRF,5,TRUE
ерипен,jeripen,je.ri.pen,3,FFF,1458,TRUE
еркӗн,jerkøn,jer.køn,2,FR,195,TRUE
ермек,jermek,jer.mek,2,FF,3,TRUE
ермеш,jermeʃ,jer.meʃ,2,FF,,FALSE
ермӗш,jermøʃ,jer.møʃ,2,FR,1,TRUE
ерҫ,jerɕ,jerɕ,1,F,5,TRUE
ерҫӳ,jerɕy,jer.ɕy,2,FF,89,TRUE
ерҫӳллӗ,jerɕyllø,jer.ɕyl.lø,3,FFR,25,TRUE
ерҫӳсӗр,jerɕysør,jer.ɕy.sør,3,FFR,8,TRUE
ерт,jert,jert,1,F,216,TRUE
ертер,jerter,jer.ter,2,FF,1,TRUE
ерттер,jertter,jert.ter,2,FF,,FALSE
ертӳҫӗ,jertyɕø,jer.ty.ɕø,3,FFR,990,TRUE
ерчӗн,jertɕøn,jer.tɕøn,2,FR,2,TRUE
есаул,jesaul,je.sa.ul,3,FFF,43,TRUE
еткер,jetker,jet.ker,2,FF,189,TRUE
еткерлӗх,jetkerløx,jet.ker.løx,3,FFR,47,TRUE
еткерҫӗ,jetkerɕø,jet.ker.ɕø,3,FFR,23,TRUE
ехӗлтет,jexøltet,je.xøl.tet,3,FRF,,FALSE
ечче,jetɕtɕe,jetɕ.tɕe,2,FF,2,TRUE
ешер,jeʃer,je.ʃer,2,FF,9,TRUE
ешеркке,jeʃerkke,je.ʃerk.ke,3,FFF,,FALSE
ешерлӗх,jeʃerløx,je.ʃer.løx,3,FFR,,FALSE
ешӗк,jeʃøk,je.ʃøk,2,FR,2,TRUE
ешӗл,jeʃøl,je.ʃøl,2,FR,1845,TRUE
ешӗлкке,jeʃølkke,je.ʃølk.ke,3,FRF,2,TRUE
ешӗлле,jeʃølle,je.ʃøl.le,3,FRF,1,TRUE
ешӗллен,jeʃøllen,je.ʃøl.len,3,FRF,1,TRUE
ешӗллет,jeʃøllet,je.ʃøl.let,3,FRF,,FALSE
ешӗллӗх,jeʃølløx,je.ʃøl.løx,3,FRR,6,TRUE
ешлӗ,jeʃlø,jeʃ.lø,2,FR,,FALSE
ешник,jeʃnik,jeʃ.nik,2,FF,2,TRUE
ӗк,øk,øk,1,R,26,TRUE
ӗкмек,økmek,øk.mek,2,RF,,FALSE
ӗкӗр,økør,ø.kør,2,RR,,FALSE
ӗккӗтеккӗ,økkøtekkø,øk.kø.tek.kø,4,RRFR,,FALSE
ӗлӗк,øløk,ø.løk,2,RR,2858,TRUE
ӗлӗкавал,øløkaʋal,ø.lø.ka.ʋal,4,RRFF,3,TRUE
ӗлӗкавалтан,øløkaʋaltan,ø.lø.ka.ʋal.tan,5,RRFFF,,FALSE
ӗлӗкренпе,øløkrenpe,ø.løk.ren.pe,4,RRFF,12,TRUE
ӗлӗкрех,øløkrex,ø.løk.rex,3,RRF,670,TRUE
ӗлӗксенче,øløksentɕe,ø.løk.sen.tɕe,4,RRFF,11,TRUE
ӗлӗкхи,øløkxi,ø.løk.xi,3,RRF,2523,TRUE
ӗлӗкхилле,øløkxille,ø.løk.xil.le,4,RRFF,96,TRUE
ӗлӗш,øløʃ,ø.løʃ,2,RR,9,TRUE
ӗлӗшлӗ,øløʃlø,ø.løʃ.lø,3,RRR,,FALSE
ӗлке,ølke,øl.ke,2,RF,30,TRUE
ӗлкӗр,ølkør,øl.kør,2,RR,61,TRUE
ӗлкӗрт,ølkørt,øl.kørt,2,RR,3,TRUE
ӗлккен,ølkken,ølk.ken,2,RF,183,TRUE
ӗлккенлен,ølkkenlen,ølk.ken.len,3,RFF,,FALSE
ӗлккенлентер,ølkkenlenter,ølk.ken.len.ter,4,RFFF,,FALSE
ӗлккенлет,ølkkenlet,ølk.ken.let,3,RFF,,FALSE
ӗлккенлӗх,ølkkenløx,ølk.ken.løx,3,RFR,14,TRUE
ӗм,øm,øm,1,R,85,TRUE
ӗметсӗр,ømetsør,ø.me.tsør,3,RFR,1,TRUE
ӗмӗл,ømøl,ø.møl,2,RR,7,TRUE
ӗмӗлке,ømølke,ø.møl.ke,3,RRF,58,TRUE
ӗмӗр,ømør,ø.mør,2,RR,8136,TRUE
ӗмӗрӗмӗр,ømørømør,ø.mø.rø.mør,4,RRRR,5,TRUE
ӗмӗрӗмӗре,ømørømøre,ø.mø.rø.mø.re,5,RRRRF,,FALSE
ӗмӗрӗмӗрхи,ømørømørxi,ø.mø.rø.mør.xi,5,RRRRF,,FALSE
ӗмӗрле,ømørle,ø.mør.le,3,RRF,4,TRUE
ӗмӗрлӗ,ømørlø,ø.mør.lø,3,RRR,129,TRUE
ӗмӗрлӗх,ømørløx,ø.mør.løx,3,RRR,615,TRUE
ӗмӗрлӗхе,ømørløxe,ø.mør.lø.xe,4,RRRF,900,TRUE
ӗмӗрне,ømørne,ø.mør.ne,3,RRF,1228,TRUE
ӗмӗрт,ømørt,ø.mørt,2,RR,4,TRUE
ӗмӗрте,ømørte,ø.mør.te,3,RRF,1997,TRUE
ӗмӗртенпе,ømørtenpe,ø.mør.ten.pe,4,RRFF,107,TRUE
ӗмӗртенхи,ømørtenxi,ø.mør.ten.xi,4,RRFF,14,TRUE
ӗмӗрттер,ømørtter,ø.mørt.ter,3,RRF,,FALSE
ӗмӗрхи,ømørxi,ø.mør.xi,3,RRF,556,TRUE
ӗмӗт,ømøt,ø.møt,2,RR,2575,TRUE
ӗмӗтшухӑш,ømøtʃuxɵʃ,ø.mø.tʃu.xɵʃ,4,RRFR,,FALSE
ӗмӗтлен,ømøtlen,ø.møt.len,3,RRF,56,TRUE
ӗмӗтлентер,ømøtlenter,ø.møt.len.ter,4,RRFF,,FALSE
ӗмӗтленӳ,ømøtleny,ø.møt.le.ny,4,RRFF,3,TRUE
ӗмӗтленӳллӗ,ømøtlenyllø,ø.møt.le.nyl.lø,5,RRFFR,1,TRUE
ӗмӗтлӗ,ømøtlø,ø.møt.lø,3,RRR,394,TRUE
ӗмӗтлӗн,ømøtløn,ø.møt.løn,3,RRR,20,TRUE
ӗмӗтсӗрле,ømøtsørle,ø.mø.tsør.le,4,RRRF,,FALSE
ӗмӗтсӗрлӗх,ømøtsørløx,ø.mø.tsør.løx,4,RRRR,5,TRUE
ӗмкӗч,ømkøtɕ,øm.køtɕ,2,RR,42,TRUE
ӗмпичче,ømpitɕtɕe,øm.pitɕ.tɕe,3,RFF,3,TRUE
ӗмпӳ,ømpy,øm.py,2,RF,195,TRUE
ӗмтер,ømter,øm.ter,2,RF,,FALSE
ӗн,øn,øn,1,R,692,TRUE
ӗне,øne,ø.ne,2,RF,4380,TRUE
ӗнесурӑх,ønesurɵx,ø.ne.su.rɵx,4,RFFR,1,TRUE
ӗнелле,ønelle,ø.nel.le,3,RFF,4,TRUE
ӗнемканам,ønemkanam,ø.nem.ka.nam,4,RFFF,,FALSE
ӗнен,ønen,ø.nen,2,RF,439,TRUE
ӗненмелле,ønenmelle,ø.nen.mel.le,4,RFFF,431,TRUE
ӗнентер,ønenter,ø.nen.ter,3,RFF,18,TRUE
ӗнентерӳ,ønentery,ø.nen.te.ry,4,RFFF,77,TRUE
ӗнентерӳлӗх,ønenteryløx,ø.nen.te.ry.løx,5,RFFFR,2,TRUE
ӗнентерӳллӗ,ønenteryllø,ø.nen.te.ryl.lø,5,RFFFR,76,TRUE
ӗнентерӳллӗн,ønenterylløn,ø.nen.te.ryl.løn,5,RFFFR,38,TRUE
ӗненӳ,øneny,ø.ne.ny,3,RFF,229,TRUE
ӗненӳллӗн,ønenylløn,ø.ne.nyl.løn,4,RFFR,5,TRUE
ӗненӳсӗрлӗх,ønenysørløx,ø.ne.ny.sør.løx,5,RFFRR,,FALSE
ӗненӳсӗррӗн,ønenysørrøn,ø.ne.ny.sør.røn,5,RFFRR,1,TRUE
ӗненчӗклӗни,ønentɕøkløni,ø.nen.tɕøk.lø.ni,5,RFRRF,,FALSE
ӗненчӗксӗр,ønentɕøksør,ø.nen.tɕøk.sør,4,RFRR,,FALSE
ӗнер,øner,ø.ner,2,RF,4314,TRUE
ӗнери,øneri,ø.ne.ri,3,RFF,3,TRUE
ӗнерлӗ,ønerlø,ø.ner.lø,3,RFR,2,TRUE
ӗнерсӗр,ønersør,ø.ner.sør,3,RFR,5,TRUE
ӗнертен,ønerten,ø.ner.ten,3,RFF,23,TRUE
ӗнертенпе,ønertenpe,ø.ner.ten.pe,4,RFFF,70,TRUE
ӗнерӳ,ønery,ø.ne.ry,3,RFF,,FALSE
ӗнерхи,ønerxi,ø.ner.xi,3,RFF,833,TRUE
ӗнерччен,ønertɕtɕen,ø.nertɕ.tɕen,3,RFF,4,TRUE
ӗнес,ønes,ø.nes,2,RF,4,TRUE
ӗнӗк,ønøk,ø.nøk,2,RR,45,TRUE
ӗнӗл,ønøl,ø.nøl,2,RR,,FALSE
ӗнӗлле,ønølle,ø.nøl.le,3,RRF,,FALSE
ӗнӗм,ønøm,ø.nøm,2,RR,,FALSE
ӗнӗр,ønør,ø.nør,2,RR,9,TRUE
ӗнӗреш,ønøreʃ,ø.nø.reʃ,3,RRF,,FALSE
ӗнӗрле,ønørle,ø.nør.le,3,RRF,2,TRUE
ӗнӗс,ønøs,ø.nøs,2,RR,,FALSE
ӗнӗҫ,ønøɕ,ø.nøɕ,2,RR,,FALSE
ӗнӗҫсӗр,ønøɕsør,ø.nøɕ.sør,3,RRR,,FALSE
ӗнӗх,ønøx,ø.nøx,2,RR,1,TRUE
ӗнсе,ønse,øn.se,2,RF,323,TRUE
ӗнселе,ønsele,øn.se.le,3,RFF,1,TRUE
ӗнт,ønt,ønt,1,R,57,TRUE
ӗнтӗ,øntø,øn.tø,2,RR,41432,TRUE
ӗнтӗрке,øntørke,øn.tør.ke,3,RRF,,FALSE
ӗнтӗркеттер,øntørketter,øn.tør.ket.ter,4,RRFF,,FALSE
ӗнтӗрки,øntørki,øn.tør.ki,3,RRF,,FALSE
ӗнтрӗк,øntrøk,ønt.røk,2,RR,65,TRUE
ӗнтрӗклен,øntrøklen,ønt.røk.len,3,RRF,1,TRUE
ӗнттер,øntter,ønt.ter,2,RF,,FALSE
ӗнчентен,øntɕenten,øn.tɕen.ten,3,RFF,1,TRUE
ӗнчӗ,øntɕø,øn.tɕø,2,RR,169,TRUE
ӗнчӗллӗ,øntɕøllø,øn.tɕøl.lø,3,RRR,,FALSE
ӗнчӗр,øntɕør,øn.tɕør,2,RR,1,TRUE
ӗппӗлтеппӗл,øppølteppøl,øp.pøl.tep.pøl,4,RRFR,,FALSE
ӗр,ør,ør,1,R,157,TRUE
ӗревӗҫ,øreʋøɕ,ø.re.ʋøɕ,3,RFR,4,TRUE
ӗревшӗ,øreʋʃø,ø.reʋ.ʃø,3,RFR,,FALSE
ӗренке,ørenke,ø.ren.ke,3,RFF,1,TRUE
ӗренкелех,ørenkelex,ø.ren.ke.lex,4,RFFF,,FALSE
ӗренкеллӗ,ørenkellø,ø.ren.kel.lø,4,RFFR,6,TRUE
ӗренкесӗр,ørenkesør,ø.ren.ke.sør,4,RFFR,4,TRUE
ӗренкесӗрлӗх,ørenkesørløx,ø.ren.ke.sør.løx,5,RFFRR,2,TRUE
ӗренкӗ,ørenkø,ø.ren.kø,3,RFR,2,TRUE
ӗрескел,øreskel,ø.res.kel,3,RFF,5,TRUE
ӗрескеллӗ,øreskellø,ø.res.kel.lø,4,RFFR,,FALSE
ӗрескет,øresket,ø.res.ket,3,RFF,1,TRUE
ӗрет,øret,ø.ret,2,RF,75,TRUE
ӗретӗн,øretøn,ø.re.tøn,3,RFR,21,TRUE
ӗретле,øretle,ø.ret.le,3,RFF,2,TRUE
ӗретлен,øretlen,ø.ret.len,3,RFF,,FALSE
ӗретлӗ,øretlø,ø.ret.lø,3,RFR,64,TRUE
ӗретлӗн,øretløn,ø.ret.løn,3,RFR,6,TRUE
ӗретнелле,øretnelle,ø.ret.nel.le,4,RFFF,1,TRUE
ӗретрен,øretren,ø.ret.ren,3,RFF,5,TRUE
ӗретсӗр,øretsør,ø.re.tsør,3,RFR,5,TRUE
ӗрех,ørex,ø.rex,2,RF,6,TRUE
ӗрехет,ørexet,ø.re.xet,3,RFF,6,TRUE
ӗрехетлен,ørexetlen,ø.re.xet.len,4,RFFF,,FALSE
ӗрехмет,ørexmet,ø.rex.met,3,RFF,24,TRUE
ӗречӗпе,øretɕøpe,ø.re.tɕø.pe,4,RFRF,10,TRUE
ӗрӗп,ørøp,ø.røp,2,RR,,FALSE
ӗрӗх,ørøx,ø.røx,2,RR,6,TRUE
ӗрӗхтер,ørøxter,ø.røx.ter,3,RRF,2,TRUE
ӗрӗшке,ørøʃke,ø.røʃ.ke,3,RRF,,FALSE
ӗрӗшкен,ørøʃken,ø.røʃ.ken,3,RRF,,FALSE
ӗриса,ørisa,ø.ri.sa,3,RFF,2,TRUE
ӗрле,ørle,ør.le,2,RF,6,TRUE
ӗрлев,ørleʋ,ør.leʋ,2,RF,8,TRUE
ӗрлеш,ørleʃ,ør.leʃ,2,RF,3,TRUE
ӗрлештер,ørleʃter,ør.leʃ.ter,3,RFF,,FALSE
ӗрпӗнчӗк,ørpøntɕøk,ør.pøn.tɕøk,3,RRR,,FALSE
ӗртӗ,ørtø,ør.tø,2,RR,4,TRUE
ӗрче,ørtɕe,ør.tɕe,2,RF,11,TRUE
ӗрчев,ørtɕeʋ,ør.tɕeʋ,2,RF,15,TRUE
ӗрчевлӗ,ørtɕeʋlø,ør.tɕeʋ.lø,3,RFR,34,TRUE
ӗрчевлӗх,ørtɕeʋløx,ør.tɕeʋ.løx,3,RFR,4,TRUE
ӗрчевсӗр,ørtɕeʋsør,ør.tɕeʋ.sør,3,RFR,1,TRUE
ӗрчет,ørtɕet,ør.tɕet,2,RF,88,TRUE
ӗрчеттер,ørtɕetter,ør.tɕet.ter,3,RFF,,FALSE
ӗрчӗм,ørtɕøm,ør.tɕøm,2,RR,,FALSE
ӗрчӗмлӗ,ørtɕømlø,ør.tɕøm.lø,3,RRR,,FALSE
ӗселе,øsele,ø.se.le,3,RFF,2,TRUE
ӗселен,øselen,ø.se.len,3,RFF,,FALSE
ӗсенкӗ,øsenkø,ø.sen.kø,3,RFR,3,TRUE
ӗсӗк,øsøk,ø.søk,2,RR,1,TRUE
ӗсӗкле,øsøkle,ø.søk.le,3,RRF,114,TRUE
ӗсӗксӗр,øsøksør,ø.søk.sør,3,RRR,,FALSE
ӗскер,øsker,øs.ker,2,RF,17,TRUE
ӗскӗрт,øskørt,øs.kørt,2,RR,,FALSE
ӗслет,øslet,øs.let,2,RF,8,TRUE
ӗслеттер,øsletter,øs.let.ter,3,RFF,,FALSE
ӗҫ,øɕ,øɕ,1,R,38529,TRUE
ӗҫйӗр,øɕjør,øɕ.jør,2,RR,,FALSE
ӗҫпуҫ,øɕpuɕ,øɕ.puɕ,2,RF,20,TRUE
ӗҫхӗл,øɕxøl,øɕ.xøl,2,RR,168,TRUE
ӗҫкей,øɕkej,øɕ.kej,2,RF,3,TRUE
ӗҫкӗ,øɕkø,øɕ.kø,2,RR,895,TRUE
ӗҫкӗҫикӗ,øɕkøɕikø,øɕ.kø.ɕi.kø,4,RRFR,7,TRUE
ӗҫкӗлле,øɕkølle,øɕ.køl.le,3,RRF,7,TRUE
ӗҫкӗллӗ,øɕkøllø,øɕ.køl.lø,3,RRR,31,TRUE
ӗҫкӗллӗҫикӗллӗ,øɕkølløɕikøllø,øɕ.køl.lø.ɕi.køl.lø,6,RRRFRR,,FALSE
ӗҫкӗҫӗ,øɕkøɕø,øɕ.kø.ɕø,3,RRR,5,TRUE
ӗҫкунӗ,øɕkunø,øɕ.ku.nø,3,RFR,51,TRUE
ӗҫле,øɕle,øɕ.le,2,RF,562,TRUE
ӗҫлев,øɕleʋ,øɕ.leʋ,2,RF,264,TRUE
ӗҫлевҫӗ,øɕleʋɕø,øɕ.leʋ.ɕø,3,RFR,17,TRUE
ӗҫлеме,øɕleme,øɕ.le.me,3,RFF,11560,TRUE
ӗҫлеттер,øɕletter,øɕ.let.ter,3,RFF,11,TRUE
ӗҫлӗ,øɕlø,øɕ.lø,2,RR,2273,TRUE
ӗҫлӗн,øɕløn,øɕ.løn,2,RR,62,TRUE
ӗҫлӗх,øɕløx,øɕ.løx,2,RR,382,TRUE
ӗҫлӗхлӗ,øɕløxlø,øɕ.løx.lø,3,RRR,13,TRUE
ӗҫлӗхлӗн,øɕløxløn,øɕ.løx.løn,3,RRR,,FALSE
ӗҫлӗхсӗр,øɕløxsør,øɕ.løx.sør,3,RRR,3,TRUE
ӗҫме,øɕme,øɕ.me,2,RF,2372,TRUE
ӗҫмеҫиме,øɕmeɕime,øɕ.me.ɕi.me,4,RFFF,1,TRUE
ӗҫмелли,øɕmelli,øɕ.mel.li,3,RFF,341,TRUE
ӗҫсӗр,øɕsør,øɕ.sør,2,RR,1154,TRUE
ӗҫсӗрлен,øɕsørlen,øɕ.sør.len,3,RRF,,FALSE
ӗҫсӗрлӗх,øɕsørløx,øɕ.sør.løx,3,RRR,144,TRUE
ӗҫҫи,øɕɕi,øɕ.ɕi,2,RF,189,TRUE
ӗҫҫынни,øɕɕʉnni,øɕ.ɕʉn.ni,3,RFF,16,TRUE
ӗҫтер,øɕter,øɕ.ter,2,RF,71,TRUE
ӗҫтеркӗч,øɕterkøtɕ,øɕ.ter.køtɕ,3,RFR,,FALSE
ӗҫхалӑх,øɕxalɵx,øɕ.xa.lɵx,3,RFR,45,TRUE
ӗҫчен,øɕtɕen,øɕ.tɕen,2,RF,2252,TRUE
ӗҫченлӗх,øɕtɕenløx,øɕ.tɕen.løx,3,RFR,98,TRUE
ӗтлентер,øtlenter,øt.len.ter,3,RFF,,FALSE
ӗхлет,øxlet,øx.let,2,RF,,FALSE
ӗххӗк,øxxøk,øx.xøk,2,RR,,FALSE
ӗххӗм,øxxøm,øx.xøm,2,RR,21,TRUE
ӗххӗмлет,øxxømlet,øx.xøm.let,3,RRF,,FALSE
ӗшелен,øʃelen,ø.ʃe.len,3,RFF,,FALSE
ӗшелентер,øʃelenter,ø.ʃe.len.ter,4,RFFF,,FALSE
ӗшеленчӗк,øʃelentɕøk,ø.ʃe.len.tɕøk,4,RFFR,,FALSE
ӗшен,øʃen,ø.ʃen,2,RF,,FALSE
ӗшеннӗн,øʃennøn,ø.ʃen.nøn,3,RFR,19,TRUE
ӗшентер,øʃenter,ø.ʃen.ter,3,RFF,,FALSE
ӗшенчӗк,øʃentɕøk,ø.ʃen.tɕøk,3,RFR,37,TRUE
ӗшенчӗклӗ,øʃentɕøklø,ø.ʃen.tɕøk.lø,4,RFRR,2,TRUE
ӗшенчӗклӗн,øʃentɕøkløn,ø.ʃen.tɕøk.løn,4,RFRR,25,TRUE
ӗшӗр,øʃør,ø.ʃør,2,RR,,FALSE
ӗшке,øʃke,øʃ.ke,2,RF,8,TRUE
ӗшкен,øʃken,øʃ.ken,2,RF,,FALSE
ӗшкет,øʃket,øʃ.ket,2,RF,,FALSE
ӗшкӗн,øʃkøn,øʃ.køn,2,RR,,FALSE
ӗшне,øʃne,øʃ.ne,2,RF,171,TRUE
ӗшпӗл,øʃpøl,øʃ.pøl,2,RR,3,TRUE
ии,ii,i.i,2,FF,8,TRUE
иӑпӑхяпӑх,iɵpɵxjapɵx,i.ɵ.pɵx.ja.pɵx,5,FRRFR,,FALSE
иӑрияри,iɵrijari,i.ɵ.ri.ja.ri,5,FRFFF,,FALSE
иваси,iʋasi,i.ʋa.si,3,FFF,2,TRUE
ие,ie,i.e,2,FF,50,TRUE
иелен,ielen,i.e.len,3,FFF,,FALSE
иена,iena,i.e.na,3,FFF,7,TRUE
иерархи,ierarxi,i.e.rar.xi,4,FFFF,6,TRUE
иерархилле,ierarxille,i.e.rar.xil.le,5,FFFFF,,FALSE
иикеклӗ,iikeklø,i.i.kek.lø,4,FFFR,,FALSE
ийӗ,ijø,i.jø,2,FR,17,TRUE
ийӗх,ijøx,i.jøx,2,FR,,FALSE
ийя,ijja,ij.ja,2,FF,114,TRUE
ик,ik,ik,1,F,6752,TRUE
иквиҫ,ikʋiɕ,ik.ʋiɕ,2,FF,,FALSE
икерч,ikertɕ,i.kertɕ,2,FF,20,TRUE
икерчӗ,ikertɕø,i.ker.tɕø,3,FFR,554,TRUE
икӗ,ikø,i.kø,2,FR,39133,TRUE
икӗвиҫӗ,ikøʋiɕø,i.kø.ʋi.ɕø,4,FRFR,8,TRUE
икӗвлаҫлӑх,ikøʋlaɕlɵx,i.køʋ.laɕ.lɵx,4,FRFR,,FALSE
икӗпитлен,ikøpitlen,i.kø.pit.len,4,FRFF,,FALSE
икӗпитлӗн,ikøpitløn,i.kø.pit.løn,4,FRFR,2,TRUE
икӗпитлӗх,ikøpitløx,i.kø.pit.løx,4,FRFR,16,TRUE
икӗр,ikør,i.kør,2,FR,,FALSE
икӗрт,ikørt,i.kørt,2,FR,,FALSE
икӗрчӗк,ikørtɕøk,i.kør.tɕøk,3,FRR,1,TRUE
иккен,ikken,ik.ken,2,FF,22133,TRUE
иккӗ,ikkø,ik.kø,2,FR,2088,TRUE
иккӗле,ikkøle,ik.kø.le,3,FRF,2,TRUE
иккӗлен,ikkølen,ik.kø.len,3,FRF,44,TRUE
иккӗлентер,ikkølenter,ik.kø.len.ter,4,FRFF,,FALSE
иккӗленӳ,ikkøleny,ik.kø.le.ny,4,FRFF,349,TRUE
иккӗленӳллӗ,ikkølenyllø,ik.kø.le.nyl.lø,5,FRFFR,360,TRUE
иккӗленӳллӗн,ikkølenylløn,ik.kø.le.nyl.løn,5,FRFFR,15,TRUE
иккӗленчӗк,ikkølentɕøk,ik.kø.len.tɕøk,4,FRFR,26,TRUE
иккӗленчӗклӗ,ikkølentɕøklø,ik.kø.len.tɕøk.lø,5,FRFRR,13,TRUE
иккӗленчӗклӗн,ikkølentɕøkløn,ik.kø.len.tɕøk.løn,5,FRFRR,8,TRUE
иккӗлле,ikkølle,ik.køl.le,3,FRF,82,TRUE
иккӗллӗ,ikkøllø,ik.køl.lø,3,FRR,99,TRUE
иккӗмӗш,ikkømøʃ,ik.kø.møʃ,3,FRR,9237,TRUE
иккӗмӗшӗнчен,ikkømøʃøntɕen,ik.kø.mø.ʃøn.tɕen,5,FRRRF,255,TRUE
иккӗмӗшле,ikkømøʃle,ik.kø.møʃ.le,4,FRRF,50,TRUE
иккӗн,ikkøn,ik.køn,2,FR,1904,TRUE
иккӗнвиҫҫӗн,ikkønʋiɕɕøn,ik.køn.ʋiɕ.ɕøn,4,FRFR,1,TRUE
иккӗш,ikkøʃ,ik.køʃ,2,FR,672,TRUE
иккӗшӗ,ikkøʃø,ik.kø.ʃø,3,FRR,4387,TRUE
иккун,ikkun,ik.kun,2,FF,44,TRUE
иклет,iklet,ik.let,2,FF,,FALSE
иклеттер,ikletter,ik.let.ter,3,FFF,,FALSE
икс,iks,iks,1,F,46,TRUE
иксӗл,iksøl,ik.søl,2,FR,3,TRUE
иксӗлтер,iksølter,ik.søl.ter,3,FRF,,FALSE
иксӗлӳ,iksøly,ik.sø.ly,3,FRF,,FALSE
иксӗмӗр,iksømør,ik.sø.mør,3,FRR,2666,TRUE
иксӗр,iksør,ik.sør,2,FR,461,TRUE
иксӗт,iksøt,ik.søt,2,FR,1,TRUE
иксу,iksu,ik.su,2,FF,1,TRUE
иксӳ,iksy,ik.sy,2,FF,3,TRUE
икшер,ikʃer,ik.ʃer,2,FF,653,TRUE
икшервиҫшер,ikʃerʋiɕʃer,ik.ʃer.ʋiɕ.ʃer,4,FFFF,,FALSE
икшерӗн,ikʃerøn,ik.ʃe.røn,3,FFR,147,TRUE
ил,il,il,1,F,1889,TRUE
илем,ilem,i.lem,2,FF,3533,TRUE
илемле,ilemle,i.lem.le,3,FFF,57,TRUE
илемлен,ilemlen,i.lem.len,3,FFF,8,TRUE
илемлентер,ilemlenter,i.lem.len.ter,4,FFFF,,FALSE
илемлет,ilemlet,i.lem.let,3,FFF,18,TRUE
илемлеттер,ilemletter,i.lem.let.ter,4,FFFF,,FALSE
илемлетӳ,ilemlety,i.lem.le.ty,4,FFFF,5,TRUE
илемлӗ,ilemlø,i.lem.lø,3,FFR,10941,TRUE
илемлӗн,ilemløn,i.lem.løn,3,FFR,550,TRUE
илемлӗх,ilemløx,i.lem.løx,3,FFR,955,TRUE
илемсӗр,ilemsør,i.lem.sør,3,FFR,262,TRUE
илемсӗрлен,ilemsørlen,i.lem.sør.len,4,FFRF,,FALSE
илемсӗрлентер,ilemsørlenter,i.lem.sør.len.ter,5,FFRFF,,FALSE
илемсӗрлет,ilemsørlet,i.lem.sør.let,4,FFRF,1,TRUE
илемсӗрлӗх,ilemsørløx,i.lem.sør.løx,4,FFRR,5,TRUE
илемсӗррӗн,ilemsørrøn,i.lem.sør.røn,4,FFRR,30,TRUE
илен,ilen,i.len,2,FF,104,TRUE
иленкӗ,ilenkø,i.len.kø,3,FFR,4,TRUE
иленкӗллӗ,ilenkøllø,i.len.køl.lø,4,FFRR,5,TRUE
илентер,ilenter,i.len.ter,3,FFF,1,TRUE
иленчӗк,ilentɕøk,i.len.tɕøk,3,FFR,1,TRUE
илепер,ileper,i.le.per,3,FFF,37,TRUE
илер,iler,i.ler,2,FF,851,TRUE
илесмилес,ilesmiles,i.les.mi.les,4,FFFF,,FALSE
илеш,ileʃ,i.leʃ,2,FF,2,TRUE
илештер,ileʃter,i.leʃ.ter,3,FFF,1,TRUE
илӗмтилӗм,ilømtiløm,i.løm.ti.løm,4,FRFR,,FALSE
илӗн,iløn,i.løn,2,FR,215,TRUE
илӗрт,ilørt,i.lørt,2,FR,32,TRUE
илӗртмӗш,ilørtmøʃ,i.lørt.møʃ,3,FRR,45,TRUE
илӗртӳ,ilørty,i.lør.ty,3,FRF,18,TRUE
илӗртӳлӗх,ilørtyløx,i.lør.ty.løx,4,FRFR,31,TRUE
илӗртӳллӗ,ilørtyllø,i.lør.tyl.lø,4,FRFR,980,TRUE
илӗртӳллӗн,ilørtylløn,i.lør.tyl.løn,4,FRFR,121,TRUE
илӗх,iløx,i.løx,2,FR,,FALSE
илмӗш,ilmøʃ,il.møʃ,2,FR,2,TRUE
илпек,ilpek,il.pek,2,FF,184,TRUE
илт,ilt,ilt,1,F,107,TRUE
илтер,ilter,il.ter,2,FF,21,TRUE
илтӗн,iltøn,il.tøn,2,FR,412,TRUE
илтӗнтер,iltønter,il.tøn.ter,3,FRF,,FALSE
илттер,iltter,ilt.ter,2,FF,,FALSE
им,im,im,1,F,6135,TRUE
имсим,imsim,im.sim,2,FF,1,TRUE
имсум,imsum,im.sum,2,FF,,FALSE
имюм,imjum,im.jum,2,FF,,FALSE
имюмла,imjumla,im.jum.la,3,FFF,,FALSE
имюмлан,imjumlan,im.jum.lan,3,FFF,,FALSE
имен,imen,i.men,2,FF,37,TRUE
имени,imeni,i.me.ni,3,FFF,57,TRUE
иментер,imenter,i.men.ter,3,FFF,2,TRUE
именӳ,imeny,i.me.ny,3,FFF,16,TRUE
именӳлӗх,imenyløx,i.me.ny.løx,4,FFFR,1,TRUE
именӳллӗ,imenyllø,i.me.nyl.lø,4,FFFR,3,TRUE
именӳллӗн,imenylløn,i.me.nyl.løn,4,FFFR,2,TRUE
именчӗк,imentɕøk,i.men.tɕøk,3,FFR,101,TRUE
именчӗклӗ,imentɕøklø,i.men.tɕøk.lø,4,FFRR,18,TRUE
именчӗклӗн,imentɕøkløn,i.men.tɕøk.løn,4,FFRR,128,TRUE
именчӗклӗх,imentɕøkløx,i.men.tɕøk.løx,4,FFRR,10,TRUE
имӗр,imør,i.mør,2,FR,5,TRUE
имӗрӗл,imørøl,i.mø.røl,3,FRR,,FALSE
имӗш,imøʃ,i.møʃ,2,FR,2852,TRUE
имкен,imken,im.ken,2,FF,,FALSE
имкет,imket,im.ket,2,FF,,FALSE
имле,imle,im.le,2,FF,5,TRUE
имлен,imlen,im.len,2,FF,,FALSE
имлӗ,imlø,im.lø,2,FR,17,TRUE
имлӗсимлӗ,imløsimlø,im.lø.sim.lø,4,FRFR,,FALSE
имлӗсиплӗ,imløsiplø,im.lø.sip.lø,4,FRFR,,FALSE
имлӗхсиплӗх,imløxsipløx,im.løx.sip.løx,4,FRFR,,FALSE
иммунитет,immunitet,im.mu.ni.tet,4,FFFF,89,TRUE
импери,imperi,im.pe.ri,3,FFF,106,TRUE
империалист,imperialist,im.pe.ri.a.list,5,FFFFF,,FALSE
империалистла,imperialistla,im.pe.ri.a.list.la,6,FFFFFF,1,TRUE
импӗр,impør,im.pør,2,FR,86,TRUE
импульс,impulʲs,im.pulʲs,2,FF,16,TRUE
импульсла,impulʲsla,im.pulʲs.la,3,FFF,,FALSE
имрет,imret,im.ret,2,FF,,FALSE
имсӗрсумсӑр,imsørsumsɵr,im.sør.sum.sɵr,4,FRFR,,FALSE
имҫам,imɕam,im.ɕam,2,FF,64,TRUE
имҫамла,imɕamla,im.ɕam.la,3,FFF,2,TRUE
имшер,imʃer,im.ʃer,2,FF,151,TRUE
имшеркке,imʃerkke,im.ʃerk.ke,3,FFF,116,TRUE
имшерлен,imʃerlen,im.ʃer.len,3,FFF,1,TRUE
имшерлентер,imʃerlenter,im.ʃer.len.ter,4,FFFF,,FALSE
имшерлет,imʃerlet,im.ʃer.let,3,FFF,,FALSE
инвентарь,inʋentarʲ,in.ʋen.tarʲ,3,FFF,10,TRUE
инверси,inʋersi,in.ʋer.si,3,FFF,2,TRUE
инверсиллӗ,inʋersillø,in.ʋer.sil.lø,4,FFFR,,FALSE
инел,inel,i.nel,2,FF,,FALSE
инертлӑ,inertlɵ,i.nert.lɵ,3,FFR,3,TRUE
инке,inke,in.ke,2,FF,1982,TRUE
инкеарӑм,inkearɵm,in.ke.a.rɵm,4,FFFR,,FALSE
инкек,inkek,in.kek,2,FF,4477,TRUE
инкексинкек,inkeksinkek,in.kek.sin.kek,4,FFFF,2,TRUE
инкексинкеклӗ,inkeksinkeklø,in.kek.sin.kek.lø,5,FFFFR,,FALSE
инкеклен,inkeklen,in.kek.len,3,FFF,,FALSE
инкеклӗ,inkeklø,in.kek.lø,3,FFR,310,TRUE
инстинкт,instinkt,ins.tinkt,2,FF,18,TRUE
инстинктла,instinktla,ins.tinkt.la,3,FFF,1,TRUE
институт,institut,ins.ti.tut,3,FFF,635,TRUE
инструмент,instrument,inst.ru.ment,3,FFF,211,TRUE
инсульт,insulʲt,in.sulʲt,2,FF,102,TRUE
инҫе,inɕe,in.ɕe,2,FF,3379,TRUE
инҫери,inɕeri,in.ɕe.ri,3,FFF,2,TRUE
инҫет,inɕet,in.ɕet,2,FF,914,TRUE
инҫете,inɕete,in.ɕe.te,3,FFF,635,TRUE
инҫетре,inɕetre,in.ɕet.re,3,FFF,875,TRUE
инҫетрен,inɕetren,in.ɕet.ren,3,FFF,470,TRUE
инҫетри,inɕetri,in.ɕet.ri,3,FFF,859,TRUE
инҫӗш,inɕøʃ,in.ɕøʃ,2,FR,7,TRUE
интеллект,intellekt,in.tel.lekt,3,FFF,38,TRUE
интенсивлӑ,intensiʋlɵ,in.ten.siʋ.lɵ,4,FFFR,13,TRUE
интенсивлӑх,intensiʋlɵx,in.ten.siʋ.lɵx,4,FFFR,,FALSE
интервал,interʋal,in.ter.ʋal,3,FFF,5,TRUE
интервент,interʋent,in.ter.ʋent,3,FFF,,FALSE
интервентла,interʋentla,in.ter.ʋent.la,4,FFFF,,FALSE
интервью,interʋʲju,in.terʋʲ.ju,3,FFF,346,TRUE
интерес,interes,in.te.res,3,FFF,79,TRUE
интереслен,intereslen,in.te.res.len,4,FFFF,3,TRUE
интереслентер,intereslenter,in.te.res.len.ter,5,FFFFF,1,TRUE
интереслӗ,intereslø,in.te.res.lø,4,FFFR,2511,TRUE
интернат,internat,in.ter.nat,3,FFF,416,TRUE
интерьер,interʲer,in.te.rʲer,3,FFF,18,TRUE
интурист,inturist,in.tu.rist,3,FFF,2,TRUE
ип,ip,ip,1,F,34,TRUE
ипле,iple,ip.le,2,FF,,FALSE
иплеш,ipleʃ,ip.leʃ,2,FF,,FALSE
иплӗ,iplø,ip.lø,2,FR,3,TRUE
ипсӗр,ipsør,ip.sør,2,FR,2,TRUE
иптӗк,iptøk,ip.tøk,2,FR,,FALSE
ир,ir,ir,1,F,4300,TRUE
ирир,irir,i.rir,2,FF,,FALSE
иркаҫ,irkaɕ,ir.kaɕ,2,FF,2,TRUE
ирӗк,irøk,i.røk,2,FR,5458,TRUE
ирӗккӗн,irøkkøn,i.røk.køn,3,FRR,246,TRUE
ирӗклен,irøklen,i.røk.len,3,FRF,2,TRUE
ирӗклентер,irøklenter,i.røk.len.ter,4,FRFF,,FALSE
ирӗклӗ,irøklø,i.røk.lø,3,FRR,2201,TRUE
ирӗклӗн,irøkløn,i.røk.løn,3,FRR,365,TRUE
ирӗклӗх,irøkløx,i.røk.løx,3,FRR,790,TRUE
ирӗксӗр,irøksør,i.røk.sør,3,FRR,563,TRUE
ирӗксӗрле,irøksørle,i.røk.sør.le,4,FRRF,1,TRUE
ирӗксӗрлӗх,irøksørløx,i.røk.sør.løx,4,FRRR,8,TRUE
ирӗксӗрлӳ,irøksørly,i.røk.sør.ly,4,FRRF,,FALSE
ирӗксӗртен,irøksørten,i.røk.sør.ten,4,FRRF,203,TRUE
ирӗл,irøl,i.røl,2,FR,9,TRUE
ирӗлтер,irølter,i.røl.ter,3,FRF,4,TRUE
ирӗлчӗк,irøltɕøk,i.røl.tɕøk,3,FRR,12,TRUE
ирӗм,irøm,i.røm,2,FR,5,TRUE
ирӗнкаҫӑн,irønkaɕɵn,i.røn.ka.ɕɵn,4,FRFR,3,TRUE
ирӗш,irøʃ,i.røʃ,2,FR,6,TRUE
ирӗшлӗ,irøʃlø,i.røʃ.lø,3,FRR,1,TRUE
ирис,iris,i.ris,2,FF,16,TRUE
ирлесе,irlese,ir.le.se,3,FFF,15,TRUE
ирлӗкаҫлӑ,irløkaɕlɵ,ir.lø.kaɕ.lɵ,4,FRFR,,FALSE
ирпе,irpe,ir.pe,2,FF,1068,TRUE
ирпеле,irpele,ir.pe.le,3,FFF,62,TRUE
ирсӗр,irsør,ir.sør,2,FR,785,TRUE
ирсӗрле,irsørle,ir.sør.le,3,FRF,41,TRUE
ирсӗрлен,irsørlen,ir.sør.len,3,FRF,,FALSE
ирсӗрлентер,irsørlenter,ir.sør.len.ter,4,FRFF,,FALSE
ирсӗрлет,irsørlet,ir.sør.let,3,FRF,1,TRUE
ирсӗрлӗх,irsørløx,ir.sør.løx,3,FRR,15,TRUE
ирҫе,irɕe,ir.ɕe,2,FF,388,TRUE
ирҫелле,irɕelle,ir.ɕel.le,3,FFF,26,TRUE
ирт,irt,irt,1,F,356,TRUE
иртенҫӳрен,irtenɕyren,ir.ten.ɕy.ren,4,FFFF,9,TRUE
иртенпе,irtenpe,ir.ten.pe,3,FFF,102,TRUE
иртӗн,irtøn,ir.tøn,2,FR,16,TRUE
иртӗнтер,irtønter,ir.tøn.ter,3,FRF,,FALSE
иртӗнчӗк,irtøntɕøk,ir.tøn.tɕøk,3,FRR,3,TRUE
иртӗх,irtøx,ir.tøx,2,FR,11,TRUE
иртӗхтер,irtøxter,ir.tøx.ter,3,FRF,4,TRUE
иртӗхӳ,irtøxy,ir.tø.xy,3,FRF,14,TRUE
ирттер,irtter,irt.ter,2,FF,66,TRUE
ирхи,irxi,ir.xi,2,FF,4671,TRUE
ирхине,irxine,ir.xi.ne,3,FFF,4535,TRUE
ирхинехи,irxinexi,ir.xi.ne.xi,4,FFFF,26,TRUE
ирччен,irtɕtɕen,irtɕ.tɕen,2,FF,430,TRUE
искер,isker,is.ker,2,FF,5,TRUE
искӗрт,iskørt,is.kørt,2,FR,,FALSE
ислам,islam,is.lam,2,FF,632,TRUE
ислен,islen,is.len,2,FF,5,TRUE
ислентер,islenter,is.len.ter,3,FFF,,FALSE
исленчӗк,islentɕøk,is.len.tɕøk,3,FFR,2,TRUE
ислет,islet,is.let,2,FF,5,TRUE
ислеттер,isletter,is.let.ter,3,FFF,,FALSE
испан,ispan,is.pan,2,FF,157,TRUE
испанла,ispanla,is.pan.la,3,FFF,61,TRUE
исправник,ispraʋnik,isp.raʋ.nik,3,FFF,147,TRUE
испытани,ispʉtani,is.pʉ.ta.ni,4,FFFF,4,TRUE
истери,isteri,is.te.ri,3,FFF,,FALSE
истерик,isterik,is.te.rik,3,FFF,,FALSE
истерика,isterika,is.te.ri.ka,4,FFFF,1,TRUE
истерикӑлла,isterikɵlla,is.te.ri.kɵl.la,5,FFFRF,,FALSE
истерикӑллӑ,isterikɵllɵ,is.te.ri.kɵl.lɵ,5,FFFRR,,FALSE
иҫӗм,iɕøm,i.ɕøm,2,FR,833,TRUE
иҫмасса,iɕmassa,iɕ.mas.sa,3,FFF,288,TRUE
итальян,italʲjan,i.talʲ.jan,3,FFF,68,TRUE
итальянла,italʲjanla,i.talʲ.jan.la,4,FFFF,28,TRUE
итле,itle,it.le,2,FF,1770,TRUE
итлеттер,itletter,it.let.ter,3,FFF,8,TRUE
итту,ittu,it.tu,2,FF,9,TRUE
их,ix,ix,1,F,203,TRUE
ихӗлтет,ixøltet,i.xøl.tet,3,FRF,1,TRUE
ихӗлти,ixølti,i.xøl.ti,3,FRF,1,TRUE
ихӗр,ixør,i.xør,2,FR,3,TRUE
иш,iʃ,iʃ,1,F,68,TRUE
ишӗл,iʃøl,i.ʃøl,2,FR,4,TRUE
ишӗлтер,iʃølter,i.ʃøl.ter,3,FRF,,FALSE
ишӗлӳ,iʃøly,i.ʃø.ly,3,FRF,,FALSE
ишӗлчӗк,iʃøltɕøk,i.ʃøl.tɕøk,3,FRR,55,TRUE
иштер,iʃter,iʃ.ter,2,FF,,FALSE
июк,ijuk,i.juk,2,FF,4,TRUE
июль,ijulʲ,i.julʲ,2,FF,476,TRUE
июнь,ijunʲ,i.junʲ,2,FF,551,TRUE
йалтарялтӑр,jaltarjaltɵr,jal.tar.jal.tɵr,4,FFFR,,FALSE
йарярт,jarjart,jar.jart,2,FF,,FALSE
йахтеп,jaxtep,jax.tep,2,FF,,FALSE
йӑва,jɵʋa,jɵ.ʋa,2,RF,838,TRUE
йӑвала,jɵʋala,jɵ.ʋa.la,3,RFF,29,TRUE
йӑвалан,jɵʋalan,jɵ.ʋa.lan,3,RFF,3,TRUE
йӑвалантар,jɵʋalantar,jɵ.ʋa.lan.tar,4,RFFF,1,TRUE
йӑваланчӑк,jɵʋalantɕɵk,jɵ.ʋa.lan.tɕɵk,4,RFFR,8,TRUE
йӑвалаттар,jɵʋalattar,jɵ.ʋa.lat.tar,4,RFFF,,FALSE
йӑван,jɵʋan,jɵ.ʋan,2,RF,424,TRUE
йӑвантар,jɵʋantar,jɵ.ʋan.tar,3,RFF,14,TRUE
йӑвача,jɵʋatɕa,jɵ.ʋa.tɕa,3,RFF,57,TRUE
йӑваш,jɵʋaʃ,jɵ.ʋaʃ,2,RF,811,TRUE
йӑвашлан,jɵʋaʃlan,jɵ.ʋaʃ.lan,3,RFF,1,TRUE
йӑвашлантар,jɵʋaʃlantar,jɵ.ʋaʃ.lan.tar,4,RFFF,,FALSE
йӑвашлат,jɵʋaʃlat,jɵ.ʋaʃ.lat,3,RFF,1,TRUE
йӑвашлӑх,jɵʋaʃlɵx,jɵ.ʋaʃ.lɵx,3,RFR,26,TRUE
йӑвашшӑн,jɵʋaʃʃɵn,jɵ.ʋaʃ.ʃɵn,3,RFR,414,TRUE
йӑвӑ,jɵʋɵ,jɵ.ʋɵ,2,RR,79,TRUE
йӑвӑлан,jɵʋɵlan,jɵ.ʋɵ.lan,3,RRF,,FALSE
йӑвӑлантар,jɵʋɵlantar,jɵ.ʋɵ.lan.tar,4,RRFF,,FALSE
йӑвӑлат,jɵʋɵlat,jɵ.ʋɵ.lat,3,RRF,,FALSE
йӑвӑлӑх,jɵʋɵlɵx,jɵ.ʋɵ.lɵx,3,RRR,,FALSE
йӑввӑн,jɵʋʋɵn,jɵʋ.ʋɵn,2,RR,8,TRUE
йӑк,jɵk,jɵk,1,R,7,TRUE
йӑкяк,jɵkjak,jɵk.jak,2,RF,,FALSE
йӑкӑлйӑкӑл,jɵkɵljɵkɵl,jɵ.kɵl.jɵ.kɵl,4,RRRR,,FALSE
йӑкӑлякӑл,jɵkɵljakɵl,jɵ.kɵl.ja.kɵl,4,RRFR,,FALSE
йӑкӑлт,jɵkɵlt,jɵ.kɵlt,2,RR,84,TRUE
йӑкӑлтякӑлт,jɵkɵltjakɵlt,jɵ.kɵlt.ja.kɵlt,4,RRFR,,FALSE
йӑкӑлтат,jɵkɵltat,jɵ.kɵl.tat,3,RRF,1,TRUE
йӑкӑлтаттар,jɵkɵltattar,jɵ.kɵl.tat.tar,4,RRFF,,FALSE
йӑкӑлти,jɵkɵlti,jɵ.kɵl.ti,3,RRF,14,TRUE
йӑкӑр,jɵkɵr,jɵ.kɵr,2,RR,47,TRUE
йӑкӑрякӑр,jɵkɵrjakɵr,jɵ.kɵr.ja.kɵr,4,RRFR,,FALSE
йӑкӑрла,jɵkɵrla,jɵ.kɵr.la,3,RRF,2,TRUE
йӑкӑрт,jɵkɵrt,jɵ.kɵrt,2,RR,1,TRUE
йӑкӑртат,jɵkɵrtat,jɵ.kɵr.tat,3,RRF,,FALSE
йӑкӑртаттар,jɵkɵrtattar,jɵ.kɵr.tat.tar,4,RRFF,,FALSE
йӑкӑрти,jɵkɵrti,jɵ.kɵr.ti,3,RRF,3,TRUE
йӑкӑс,jɵkɵs,jɵ.kɵs,2,RR,6,TRUE
йӑкӑслан,jɵkɵslan,jɵ.kɵs.lan,3,RRF,,FALSE
йӑкӑслантар,jɵkɵslantar,jɵ.kɵs.lan.tar,4,RRFF,,FALSE
йӑкӑш,jɵkɵʃ,jɵ.kɵʃ,2,RR,75,TRUE
йӑкӑшякӑш,jɵkɵʃjakɵʃ,jɵ.kɵʃ.ja.kɵʃ,4,RRFR,,FALSE
йӑкӑшт,jɵkɵʃt,jɵ.kɵʃt,2,RR,11,TRUE
йӑкӑштат,jɵkɵʃtat,jɵ.kɵʃ.tat,3,RRF,,FALSE
йӑкӑштаттар,jɵkɵʃtattar,jɵ.kɵʃ.tat.tar,4,RRFF,,FALSE
йӑккиякки,jɵkkijakki,jɵk.ki.jak.ki,4,RFFF,,FALSE
йӑл,jɵl,jɵl,1,R,3999,TRUE
йӑлял,jɵljal,jɵl.jal,2,RF,,FALSE
йӑлялт,jɵljalt,jɵl.jalt,2,RF,,FALSE
йӑла,jɵla,jɵ.la,2,RF,3100,TRUE
йӑлайӗрке,jɵlajørke,jɵ.la.jør.ke,4,RFRF,10,TRUE
йӑласӑлай,jɵlasɵlaj,jɵ.la.sɵ.laj,4,RFRF,,FALSE
йӑлалӑх,jɵlalɵx,jɵ.la.lɵx,3,RFR,4,TRUE
йӑланкӑ,jɵlankɵ,jɵ.lan.kɵ,3,RFR,,FALSE
йӑлӑ,jɵlɵ,jɵ.lɵ,2,RR,37,TRUE
йӑлӑлан,jɵlɵlan,jɵ.lɵ.lan,3,RRF,,FALSE
йӑлӑм,jɵlɵm,jɵ.lɵm,2,RR,222,TRUE
йӑлӑн,jɵlɵn,jɵ.lɵn,2,RR,12,TRUE
йӑлӑнтар,jɵlɵntar,jɵ.lɵn.tar,3,RRF,6,TRUE
йӑлӑнтармӑш,jɵlɵntarmɵʃ,jɵ.lɵn.tar.mɵʃ,4,RRFR,9,TRUE
йӑлӑну,jɵlɵnu,jɵ.lɵ.nu,3,RRF,11,TRUE
йӑлӑнуллӑ,jɵlɵnullɵ,jɵ.lɵ.nul.lɵ,4,RRFR,1,TRUE
йӑлӑнуллӑн,jɵlɵnullɵn,jɵ.lɵ.nul.lɵn,4,RRFR,6,TRUE
йӑлӑнчӑклӑ,jɵlɵntɕɵklɵ,jɵ.lɵn.tɕɵk.lɵ,4,RRRR,,FALSE
йӑлӑнчӑклӑн,jɵlɵntɕɵklɵn,jɵ.lɵn.tɕɵk.lɵn,4,RRRR,2,TRUE
йӑлӑх,jɵlɵx,jɵ.lɵx,2,RR,6,TRUE
йӑлӑхсӑр,jɵlɵxsɵr,jɵ.lɵx.sɵr,3,RRR,,FALSE
йӑлӑхтар,jɵlɵxtar,jɵ.lɵx.tar,3,RRF,5,TRUE
йӑлӑхтармӑш,jɵlɵxtarmɵʃ,jɵ.lɵx.tar.mɵʃ,4,RRFR,34,TRUE
йӑлкӑм,jɵlkɵm,jɵl.kɵm,2,RR,2,TRUE
йӑлкӑн,jɵlkɵn,jɵl.kɵn,2,RR,3,TRUE
йӑлкӑш,jɵlkɵʃ,jɵl.kɵʃ,2,RR,76,TRUE
йӑлкӑштар,jɵlkɵʃtar,jɵl.kɵʃ.tar,3,RRF,,FALSE
йӑлкӑшу,jɵlkɵʃu,jɵl.kɵ.ʃu,3,RRF,,FALSE
йӑлкӑшуллӑ,jɵlkɵʃullɵ,jɵl.kɵ.ʃul.lɵ,4,RRFR,1,TRUE
йӑлла,jɵlla,jɵl.la,2,RF,2,TRUE
йӑллан,jɵllan,jɵl.lan,2,RF,,FALSE
йӑллантар,jɵllantar,jɵl.lan.tar,3,RFF,,FALSE
йӑллаттар,jɵllattar,jɵl.lat.tar,3,RFF,,FALSE
йӑлма,jɵlma,jɵl.ma,2,RF,6,TRUE
йӑлмак,jɵlmak,jɵl.mak,2,RF,38,TRUE
йӑлмака,jɵlmaka,jɵl.ma.ka,3,RFF,48,TRUE
йӑлмакалан,jɵlmakalan,jɵl.ma.ka.lan,4,RFFF,,FALSE
йӑлмакаллӑ,jɵlmakallɵ,jɵl.ma.kal.lɵ,4,RFFR,7,TRUE
йӑлмакла,jɵlmakla,jɵl.mak.la,3,RFF,,FALSE
йӑлмаклан,jɵlmaklan,jɵl.mak.lan,3,RFF,,FALSE
йӑлмах,jɵlmax,jɵl.max,2,RF,1,TRUE
йӑлт,jɵlt,jɵlt,1,R,2230,TRUE
йӑлтарялтӑр,jɵltarjaltɵr,jɵl.tar.jal.tɵr,4,RFFR,,FALSE
йӑлтӑр,jɵltɵr,jɵl.tɵr,2,RR,820,TRUE
йӑлтӑрялтӑр,jɵltɵrjaltɵr,jɵl.tɵr.jal.tɵr,4,RRFR,6,TRUE
йӑлтӑра,jɵltɵra,jɵl.tɵ.ra,3,RRF,11,TRUE
йӑлтӑрав,jɵltɵraʋ,jɵl.tɵ.raʋ,3,RRF,2,TRUE
йӑлтӑркка,jɵltɵrkka,jɵl.tɵrk.ka,3,RRF,387,TRUE
йӑлтӑрккалан,jɵltɵrkkalan,jɵl.tɵrk.ka.lan,4,RRFF,,FALSE
йӑлтӑрт,jɵltɵrt,jɵl.tɵrt,2,RR,13,TRUE
йӑлтӑртат,jɵltɵrtat,jɵl.tɵr.tat,3,RRF,8,TRUE
йӑлтӑртаттар,jɵltɵrtattar,jɵl.tɵr.tat.tar,4,RRFF,,FALSE
йӑлтӑрти,jɵltɵrti,jɵl.tɵr.ti,3,RRF,37,TRUE
йӑлтлат,jɵltlat,jɵlt.lat,2,RF,,FALSE
йӑлтлаттар,jɵltlattar,jɵlt.lat.tar,3,RFF,,FALSE
йӑлттам,jɵlttam,jɵlt.tam,2,RF,45,TRUE
йӑлттӑмялттӑм,jɵlttɵmjalttɵm,jɵlt.tɵm.jalt.tɵm,4,RRFR,,FALSE
йӑлттиялтти,jɵlttijaltti,jɵlt.ti.jalt.ti,4,RFFF,,FALSE
йӑлхар,jɵlxar,jɵl.xar,2,RF,2,TRUE
йӑлхах,jɵlxax,jɵl.xax,2,RF,2,TRUE
йӑм,jɵm,jɵm,1,R,154,TRUE
йӑмйӑм,jɵmjɵm,jɵm.jɵm,2,RR,,FALSE
йӑмхура,jɵmxura,jɵm.xu.ra,3,RFF,,FALSE
йӑмӑк,jɵmɵk,jɵ.mɵk,2,RR,502,TRUE
йӑмӑл,jɵmɵl,jɵ.mɵl,2,RR,,FALSE
йӑмӑлкка,jɵmɵlkka,jɵ.mɵlk.ka,3,RRF,1,TRUE
йӑмӑх,jɵmɵx,jɵ.mɵx,2,RR,124,TRUE
йӑмӑхлан,jɵmɵxlan,jɵ.mɵx.lan,3,RRF,,FALSE
йӑмӑхтар,jɵmɵxtar,jɵ.mɵx.tar,3,RRF,,FALSE
йӑмпӑл,jɵmpɵl,jɵm.pɵl,2,RR,3,TRUE
йӑмпӑлямпӑл,jɵmpɵljampɵl,jɵm.pɵl.jam.pɵl,4,RRFR,,FALSE
йӑмпӑлкка,jɵmpɵlkka,jɵm.pɵlk.ka,3,RRF,2,TRUE
йӑмпӑлт,jɵmpɵlt,jɵm.pɵlt,2,RR,12,TRUE
йӑмпӑлтак,jɵmpɵltak,jɵm.pɵl.tak,3,RRF,4,TRUE
йӑмра,jɵmra,jɵm.ra,2,RF,2064,TRUE
йӑмралӑх,jɵmralɵx,jɵm.ra.lɵx,3,RFR,54,TRUE
йӑмран,jɵmran,jɵm.ran,2,RF,124,TRUE
йӑмтар,jɵmtar,jɵm.tar,2,RF,1,TRUE
йӑмшак,jɵmʃak,jɵm.ʃak,2,RF,12,TRUE
йӑмшакла,jɵmʃakla,jɵm.ʃak.la,3,RFF,,FALSE
йӑмшаклан,jɵmʃaklan,jɵm.ʃak.lan,3,RFF,,FALSE
йӑмшаклантар,jɵmʃaklantar,jɵm.ʃak.lan.tar,4,RFFF,,FALSE
йӑмшаклат,jɵmʃaklat,jɵm.ʃak.lat,3,RFF,,FALSE
йӑмшаклӑ,jɵmʃaklɵ,jɵm.ʃak.lɵ,3,RFR,,FALSE
йӑмшаклӑх,jɵmʃaklɵx,jɵm.ʃak.lɵx,3,RFR,,FALSE
йӑн,jɵn,jɵn,1,R,42,TRUE
йӑняк,jɵnjak,jɵn.jak,2,RF,,FALSE
йӑнян,jɵnjan,jɵn.jan,2,RF,,FALSE
йӑнӑш,jɵnɵʃ,jɵ.nɵʃ,2,RR,2131,TRUE
йӑнӑшлӑ,jɵnɵʃlɵ,jɵ.nɵʃ.lɵ,3,RRR,6,TRUE
йӑнӑшсӑр,jɵnɵʃsɵr,jɵ.nɵʃ.sɵr,3,RRR,54,TRUE
йӑнӑштар,jɵnɵʃtar,jɵ.nɵʃ.tar,3,RRF,,FALSE
йӑнк,jɵnk,jɵnk,1,R,13,TRUE
йӑнкянк,jɵnkjank,jɵnk.jank,2,RF,,FALSE
йӑнка,jɵnka,jɵn.ka,2,RF,,FALSE
йӑнкӑлянкӑл,jɵnkɵljankɵl,jɵn.kɵl.jan.kɵl,4,RRFR,,FALSE
йӑнкӑлт,jɵnkɵlt,jɵn.kɵlt,2,RR,7,TRUE
йӑнкӑлтат,jɵnkɵltat,jɵn.kɵl.tat,3,RRF,,FALSE
йӑнкӑлти,jɵnkɵlti,jɵn.kɵl.ti,3,RRF,1,TRUE
йӑнкӑр,jɵnkɵr,jɵn.kɵr,2,RR,4,TRUE
йӑнкӑрянкӑр,jɵnkɵrjankɵr,jɵn.kɵr.jan.kɵr,4,RRFR,,FALSE
йӑнкӑрав,jɵnkɵraʋ,jɵn.kɵ.raʋ,3,RRF,,FALSE
йӑнкӑрт,jɵnkɵrt,jɵn.kɵrt,2,RR,1,TRUE
йӑнкӑртат,jɵnkɵrtat,jɵn.kɵr.tat,3,RRF,,FALSE
йӑнкӑрти,jɵnkɵrti,jɵn.kɵr.ti,3,RRF,6,TRUE
йӑнкӑрчӑк,jɵnkɵrtɕɵk,jɵn.kɵr.tɕɵk,3,RRR,1,TRUE
йӑнккиянкки,jɵnkkijankki,jɵnk.ki.jank.ki,4,RFFF,,FALSE
йӑнклаттар,jɵnklattar,jɵnk.lat.tar,3,RFF,,FALSE
йӑнла,jɵnla,jɵn.la,2,RF,,FALSE
йӑнлат,jɵnlat,jɵn.lat,2,RF,,FALSE
йӑнлаттар,jɵnlattar,jɵn.lat.tar,3,RFF,,FALSE
йӑп,jɵp,jɵp,1,R,19,TRUE
йӑпавлӑ,jɵpaʋlɵ,jɵ.paʋ.lɵ,3,RFR,,FALSE
йӑпан,jɵpan,jɵ.pan,2,RF,3,TRUE
йӑпанӑҫ,jɵpanɵɕ,jɵ.pa.nɵɕ,3,RFR,42,TRUE
йӑпантар,jɵpantar,jɵ.pan.tar,3,RFF,,FALSE
йӑпану,jɵpanu,jɵ.pa.nu,3,RFF,71,TRUE
йӑпанчӑк,jɵpantɕɵk,jɵ.pan.tɕɵk,3,RFR,12,TRUE
йӑпар,jɵpar,jɵ.par,2,RF,13,TRUE
йӑпас,jɵpas,jɵ.pas,2,RF,,FALSE
йӑпат,jɵpat,jɵ.pat,2,RF,24,TRUE
йӑпатмӑш,jɵpatmɵʃ,jɵ.pat.mɵʃ,3,RFR,33,TRUE
йӑпаттар,jɵpattar,jɵ.pat.tar,3,RFF,,FALSE
йӑпату,jɵpatu,jɵ.pa.tu,3,RFF,8,TRUE
йӑпӑл,jɵpɵl,jɵ.pɵl,2,RR,16,TRUE
йӑпӑляпӑл,jɵpɵljapɵl,jɵ.pɵl.ja.pɵl,4,RRFR,,FALSE
йӑпӑлкка,jɵpɵlkka,jɵ.pɵlk.ka,3,RRF,14,TRUE
йӑпӑлккалан,jɵpɵlkkalan,jɵ.pɵlk.ka.lan,4,RRFF,,FALSE
йӑпӑлт,jɵpɵlt,jɵ.pɵlt,2,RR,4,TRUE
йӑпӑлтяпӑлт,jɵpɵltjapɵlt,jɵ.pɵlt.ja.pɵlt,4,RRFR,,FALSE
йӑпӑлтавҫӑ,jɵpɵltaʋɕɵ,jɵ.pɵl.taʋ.ɕɵ,4,RRFR,,FALSE
йӑпӑлтан,jɵpɵltan,jɵ.pɵl.tan,3,RRF,5,TRUE
йӑпӑлтат,jɵpɵltat,jɵ.pɵl.tat,3,RRF,7,TRUE
йӑпӑлтаттар,jɵpɵltattar,jɵ.pɵl.tat.tar,4,RRFF,,FALSE
йӑпӑлти,jɵpɵlti,jɵ.pɵl.ti,3,RRF,124,TRUE
йӑпӑлтилле,jɵpɵltille,jɵ.pɵl.til.le,4,RRFF,6,TRUE
йӑпӑр,jɵpɵr,jɵ.pɵr,2,RR,625,TRUE
йӑпӑрйӑпӑр,jɵpɵrjɵpɵr,jɵ.pɵr.jɵ.pɵr,4,RRRR,,FALSE
йӑпӑряпар,jɵpɵrjapar,jɵ.pɵr.ja.par,4,RRFF,,FALSE
йӑпӑряпӑр,jɵpɵrjapɵr,jɵ.pɵr.ja.pɵr,4,RRFR,5,TRUE
йӑпӑрка,jɵpɵrka,jɵ.pɵr.ka,3,RRF,4,TRUE
йӑпӑрр,jɵpɵrr,jɵ.pɵrr,2,RR,3,TRUE
йӑпӑрт,jɵpɵrt,jɵ.pɵrt,2,RR,198,TRUE
йӑпӑртяпӑрт,jɵpɵrtjapɵrt,jɵ.pɵrt.ja.pɵrt,4,RRFR,,FALSE
йӑпӑртат,jɵpɵrtat,jɵ.pɵr.tat,3,RRF,1,TRUE
йӑпӑртаттар,jɵpɵrtattar,jɵ.pɵr.tat.tar,4,RRFF,,FALSE
йӑпӑрти,jɵpɵrti,jɵ.pɵr.ti,3,RRF,3,TRUE
йӑпӑртлӑх,jɵpɵrtlɵx,jɵ.pɵrt.lɵx,3,RRR,15,TRUE
йӑпӑртлӑха,jɵpɵrtlɵxa,jɵ.pɵrt.lɵ.xa,4,RRRF,116,TRUE
йӑпӑрттӑн,jɵpɵrttɵn,jɵ.pɵrt.tɵn,3,RRR,2,TRUE
йӑпӑхяпӑх,jɵpɵxjapɵx,jɵ.pɵx.ja.pɵx,4,RRFR,,FALSE
йӑпӑш,jɵpɵʃ,jɵ.pɵʃ,2,RR,32,TRUE
йӑпӑшяпӑш,jɵpɵʃjapɵʃ,jɵ.pɵʃ.ja.pɵʃ,4,RRFR,,FALSE
йӑпӑшлан,jɵpɵʃlan,jɵ.pɵʃ.lan,3,RRF,,FALSE
йӑпӑшлат,jɵpɵʃlat,jɵ.pɵʃ.lat,3,RRF,,FALSE
йӑпӑшт,jɵpɵʃt,jɵ.pɵʃt,2,RR,10,TRUE
йӑпӑштӑн,jɵpɵʃtɵn,jɵ.pɵʃ.tɵn,3,RRR,9,TRUE
йӑплака,jɵplaka,jɵp.la.ka,3,RFF,7,TRUE
йӑплакала,jɵplakala,jɵp.la.ka.la,4,RFFF,,FALSE
йӑплакалан,jɵplakalan,jɵp.la.ka.lan,4,RFFF,,FALSE
йӑпсӑрӑн,jɵpsɵrɵn,jɵp.sɵ.rɵn,3,RRR,,FALSE
йӑптӑх,jɵptɵx,jɵp.tɵx,2,RR,12,TRUE
йӑптӑхяптӑх,jɵptɵxjaptɵx,jɵp.tɵx.jap.tɵx,4,RRFR,,FALSE
йӑптӑхлан,jɵptɵxlan,jɵp.tɵx.lan,3,RRF,,FALSE
йӑпшак,jɵpʃak,jɵp.ʃak,2,RF,6,TRUE
йӑпшака,jɵpʃaka,jɵp.ʃa.ka,3,RFF,6,TRUE
йӑпшаклан,jɵpʃaklan,jɵp.ʃak.lan,3,RFF,,FALSE
йӑпшаклантар,jɵpʃaklantar,jɵp.ʃak.lan.tar,4,RFFF,,FALSE
йӑпшаклат,jɵpʃaklat,jɵp.ʃak.lat,3,RFF,,FALSE
йӑпшӑн,jɵpʃɵn,jɵp.ʃɵn,2,RR,4,TRUE
йӑпшӑнтар,jɵpʃɵntar,jɵp.ʃɵn.tar,3,RRF,,FALSE
йӑпшӑт,jɵpʃɵt,jɵp.ʃɵt,2,RR,,FALSE
йӑр,jɵr,jɵr,1,R,165,TRUE
йӑряпӑш,jɵrjapɵʃ,jɵr.ja.pɵʃ,3,RFR,,FALSE
йӑряр,jɵrjar,jɵr.jar,2,RF,,FALSE
йӑрярт,jɵrjart,jɵr.jart,2,RF,,FALSE
йӑралан,jɵralan,jɵ.ra.lan,3,RFF,7,TRUE
йӑраланчӑк,jɵralantɕɵk,jɵ.ra.lan.tɕɵk,4,RFFR,2,TRUE
йӑран,jɵran,jɵ.ran,2,RF,373,TRUE
йӑрана,jɵrana,jɵ.ra.na,3,RFF,52,TRUE
йӑранла,jɵranla,jɵ.ran.la,3,RFF,,FALSE
йӑранлан,jɵranlan,jɵ.ran.lan,3,RFF,,FALSE
йӑранлантар,jɵranlantar,jɵ.ran.lan.tar,4,RFFF,,FALSE
йӑранлат,jɵranlat,jɵ.ran.lat,3,RFF,,FALSE
йӑрӑ,jɵrɵ,jɵ.rɵ,2,RR,221,TRUE
йӑрӑлан,jɵrɵlan,jɵ.rɵ.lan,3,RRF,,FALSE
йӑрӑлӑх,jɵrɵlɵx,jɵ.rɵ.lɵx,3,RRR,4,TRUE
йӑрӑлтат,jɵrɵltat,jɵ.rɵl.tat,3,RRF,,FALSE
йӑрӑлтаттар,jɵrɵltattar,jɵ.rɵl.tat.tar,4,RRFF,,FALSE
йӑрӑм,jɵrɵm,jɵ.rɵm,2,RR,149,TRUE
йӑрӑмярӑм,jɵrɵmjarɵm,jɵ.rɵm.ja.rɵm,4,RRFR,,FALSE
йӑрӑмӑн,jɵrɵmɵn,jɵ.rɵ.mɵn,3,RRR,2,TRUE
йӑрӑмла,jɵrɵmla,jɵ.rɵm.la,3,RRF,,FALSE
йӑрӑмлан,jɵrɵmlan,jɵ.rɵm.lan,3,RRF,,FALSE
йӑрӑмлат,jɵrɵmlat,jɵ.rɵm.lat,3,RRF,,FALSE
йӑрӑмлӑ,jɵrɵmlɵ,jɵ.rɵm.lɵ,3,RRR,68,TRUE
йӑрӑс,jɵrɵs,jɵ.rɵs,2,RR,415,TRUE
йӑрӑслан,jɵrɵslan,jɵ.rɵs.lan,3,RRF,1,TRUE
йӑрӑслӑх,jɵrɵslɵx,jɵ.rɵs.lɵx,3,RRR,6,TRUE
йӑрияри,jɵrijari,jɵ.ri.ja.ri,4,RFFF,,FALSE
йӑркалан,jɵrkalan,jɵr.ka.lan,3,RFF,,FALSE
йӑркка,jɵrkka,jɵrk.ka,2,RF,2,TRUE
йӑрккаттар,jɵrkkattar,jɵrk.kat.tar,3,RFF,,FALSE
йӑрла,jɵrla,jɵr.la,2,RF,2,TRUE
йӑрлат,jɵrlat,jɵr.lat,2,RF,,FALSE
йӑрлаттар,jɵrlattar,jɵr.lat.tar,3,RFF,,FALSE
йӑрмак,jɵrmak,jɵr.mak,2,RF,8,TRUE
йӑрпӑк,jɵrpɵk,jɵr.pɵk,2,RR,,FALSE
йӑрст,jɵrst,jɵrst,1,R,15,TRUE
йӑрт,jɵrt,jɵrt,1,R,29,TRUE
йӑртӑк,jɵrtɵk,jɵr.tɵk,2,RR,1,TRUE
йӑртлаттар,jɵrtlattar,jɵrt.lat.tar,3,RFF,,FALSE
йӑрхах,jɵrxax,jɵr.xax,2,RF,6,TRUE
йӑрхахла,jɵrxaxla,jɵr.xax.la,3,RFF,,FALSE
йӑс,jɵs,jɵs,1,R,45,TRUE
йӑспӑс,jɵspɵs,jɵs.pɵs,2,RR,,FALSE
йӑсӑр,jɵsɵr,jɵ.sɵr,2,RR,1,TRUE
йӑсӑркка,jɵsɵrkka,jɵ.sɵrk.ka,3,RRF,7,TRUE
йӑсӑрлан,jɵsɵrlan,jɵ.sɵr.lan,3,RRF,1,TRUE
йӑсӑрлантар,jɵsɵrlantar,jɵ.sɵr.lan.tar,4,RRFF,,FALSE
йӑсӑрланчӑк,jɵsɵrlantɕɵk,jɵ.sɵr.lan.tɕɵk,4,RRFR,3,TRUE
йӑска,jɵska,jɵs.ka,2,RF,1,TRUE
йӑскӑлтат,jɵskɵltat,jɵs.kɵl.tat,3,RRF,,FALSE
йӑскӑн,jɵskɵn,jɵs.kɵn,2,RR,4,TRUE
йӑскӑнӑн,jɵskɵnɵn,jɵs.kɵ.nɵn,3,RRR,4,TRUE
йӑсла,jɵsla,jɵs.la,2,RF,8,TRUE
йӑслав,jɵslaʋ,jɵs.laʋ,2,RF,12,TRUE
йӑслан,jɵslan,jɵs.lan,2,RF,,FALSE
йӑслат,jɵslat,jɵs.lat,2,RF,,FALSE
йӑслаттар,jɵslattar,jɵs.lat.tar,3,RFF,,FALSE
йӑслаш,jɵslaʃ,jɵs.laʃ,2,RF,,FALSE
йӑт,jɵt,jɵt,1,R,32,TRUE
йӑтӑм,jɵtɵm,jɵ.tɵm,2,RR,,FALSE
йӑтӑн,jɵtɵn,jɵ.tɵn,2,RR,3,TRUE
йӑтӑнтар,jɵtɵntar,jɵ.tɵn.tar,3,RRF,,FALSE
йӑтӑнчӑк,jɵtɵntɕɵk,jɵ.tɵn.tɕɵk,3,RRR,,FALSE
йӑтӑрла,jɵtɵrla,jɵ.tɵr.la,3,RRF,,FALSE
йӑтӑрлан,jɵtɵrlan,jɵ.tɵr.lan,3,RRF,,FALSE
йӑтӑрлантар,jɵtɵrlantar,jɵ.tɵr.lan.tar,4,RRFF,,FALSE
йӑтмак,jɵtmak,jɵt.mak,2,RF,2,TRUE
йӑтмарҫӑ,jɵtmarɕɵ,jɵt.mar.ɕɵ,3,RFR,8,TRUE
йӑттар,jɵttar,jɵt.tar,2,RF,,FALSE
йӑх,jɵx,jɵx,1,R,1432,TRUE
йӑхйӑх,jɵxjɵx,jɵx.jɵx,2,RR,,FALSE
йӑхнесӗл,jɵxnesøl,jɵx.ne.søl,3,RFR,1,TRUE
йӑхтӗп,jɵxtøp,jɵx.tøp,2,RR,,FALSE
йӑххурӑнташ,jɵxxurɵntaʃ,jɵx.xu.rɵn.taʃ,4,RFRF,,FALSE
йӑхях,jɵxjax,jɵx.jax,2,RF,1,TRUE
йӑхлан,jɵxlan,jɵx.lan,2,RF,,FALSE
йӑхлат,jɵxlat,jɵx.lat,2,RF,,FALSE
йӑхлӑ,jɵxlɵ,jɵx.lɵ,2,RR,6,TRUE
йӑхлӑх,jɵxlɵx,jɵx.lɵx,2,RR,5,TRUE
йӑхсӑр,jɵxsɵr,jɵx.sɵr,2,RR,7,TRUE
йӑхсӑрлӑх,jɵxsɵrlɵx,jɵx.sɵr.lɵx,3,RRR,1,TRUE
йӑхтар,jɵxtar,jɵx.tar,2,RF,,FALSE
йӑш,jɵʃ,jɵʃ,1,R,34,TRUE
йӑшалан,jɵʃalan,jɵ.ʃa.lan,3,RFF,,FALSE
йӑшаланчӑк,jɵʃalantɕɵk,jɵ.ʃa.lan.tɕɵk,4,RFFR,,FALSE
йӑшӑк,jɵʃɵk,jɵ.ʃɵk,2,RR,6,TRUE
йӑшӑкла,jɵʃɵkla,jɵ.ʃɵk.la,3,RRF,,FALSE
йӑшӑклан,jɵʃɵklan,jɵ.ʃɵk.lan,3,RRF,,FALSE
йӑшӑклат,jɵʃɵklat,jɵ.ʃɵk.lat,3,RRF,,FALSE
йӑшӑл,jɵʃɵl,jɵ.ʃɵl,2,RR,117,TRUE
йӑшӑлт,jɵʃɵlt,jɵ.ʃɵlt,2,RR,40,TRUE
йӑшӑлтат,jɵʃɵltat,jɵ.ʃɵl.tat,3,RRF,6,TRUE
йӑшӑлтаттар,jɵʃɵltattar,jɵ.ʃɵl.tat.tar,4,RRFF,,FALSE
йӑшӑлти,jɵʃɵlti,jɵ.ʃɵl.ti,3,RRF,5,TRUE
йӑшӑр,jɵʃɵr,jɵ.ʃɵr,2,RR,8,TRUE
йӑшӑрйӑшӑр,jɵʃɵrjɵʃɵr,jɵ.ʃɵr.jɵ.ʃɵr,4,RRRR,,FALSE
йӑшӑркка,jɵʃɵrkka,jɵ.ʃɵrk.ka,3,RRF,4,TRUE
йӑшӑртат,jɵʃɵrtat,jɵ.ʃɵr.tat,3,RRF,,FALSE
йӑшӑртаттар,jɵʃɵrtattar,jɵ.ʃɵr.tat.tar,4,RRFF,,FALSE
йӑшӑх,jɵʃɵx,jɵ.ʃɵx,2,RR,1,TRUE
йӑшка,jɵʃka,jɵʃ.ka,2,RF,2,TRUE
йӑшкаттар,jɵʃkattar,jɵʃ.kat.tar,3,RFF,,FALSE
йӑшт,jɵʃt,jɵʃt,1,R,26,TRUE
йӑшта,jɵʃta,jɵʃ.ta,2,RF,2,TRUE
йӑштай,jɵʃtaj,jɵʃ.taj,2,RF,,FALSE
йӑштар,jɵʃtar,jɵʃ.tar,2,RF,,FALSE
йӑштӑр,jɵʃtɵr,jɵʃ.tɵr,2,RR,11,TRUE
йӑштӑркка,jɵʃtɵrkka,jɵʃ.tɵrk.ka,3,RRF,7,TRUE
йӑштӑрккалан,jɵʃtɵrkkalan,jɵʃ.tɵrk.ka.lan,4,RRFF,,FALSE
йӑштӑртат,jɵʃtɵrtat,jɵʃ.tɵr.tat,3,RRF,,FALSE
йӑштӑртаттар,jɵʃtɵrtattar,jɵʃ.tɵr.tat.tar,4,RRFF,,FALSE
йемпелтет,jempeltet,jem.pel.tet,3,FFF,,FALSE
йӗвен,jøʋen,jø.ʋen,2,RF,147,TRUE
йӗвенле,jøʋenle,jø.ʋen.le,3,RFF,,FALSE
йӗвенлеттер,jøʋenletter,jø.ʋen.let.ter,4,RFFF,,FALSE
йӗк,jøk,jøk,1,R,14,TRUE
йӗке,jøke,jø.ke,2,RF,222,TRUE
йӗкев,jøkeʋ,jø.keʋ,2,RF,5,TRUE
йӗкевле,jøkeʋle,jø.keʋ.le,3,RFF,,FALSE
йӗкел,jøkel,jø.kel,2,RF,190,TRUE
йӗкеллӗх,jøkelløx,jø.kel.løx,3,RFR,,FALSE
йӗкер,jøker,jø.ker,2,RF,12,TRUE
йӗкерлен,jøkerlen,jø.ker.len,3,RFF,,FALSE
йӗкерлӗ,jøkerlø,jø.ker.lø,3,RFR,,FALSE
йӗкӗлйӗкӗл,jøkøljøkøl,jø.køl.jø.køl,4,RRRR,,FALSE
йӗкӗлен,jøkølen,jø.kø.len,3,RRF,,FALSE
йӗкӗлентер,jøkølenter,jø.kø.len.ter,4,RRFF,,FALSE
йӗкӗлте,jøkølte,jø.køl.te,3,RRF,17,TRUE
йӗкӗлтев,jøkølteʋ,jø.køl.teʋ,3,RRF,3,TRUE
йӗкӗлтевлӗ,jøkølteʋlø,jø.køl.teʋ.lø,4,RRFR,9,TRUE
йӗкӗлтевлӗн,jøkølteʋløn,jø.køl.teʋ.løn,4,RRFR,18,TRUE
йӗкӗлтевҫӗ,jøkølteʋɕø,jø.køl.teʋ.ɕø,4,RRFR,,FALSE
йӗкӗлтемӗш,jøkøltemøʃ,jø.køl.te.møʃ,4,RRFR,1,TRUE
йӗкӗлтет,jøkøltet,jø.køl.tet,3,RRF,62,TRUE
йӗкӗлтеш,jøkølteʃ,jø.køl.teʃ,3,RRF,3,TRUE
йӗкӗлти,jøkølti,jø.køl.ti,3,RRF,29,TRUE
йӗкӗр,jøkør,jø.kør,2,RR,211,TRUE
йӗкӗреш,jøkøreʃ,jø.kø.reʃ,3,RRF,417,TRUE
йӗкӗрешлен,jøkøreʃlen,jø.kø.reʃ.len,4,RRFF,,FALSE
йӗкӗрешлӗ,jøkøreʃlø,jø.kø.reʃ.lø,4,RRFR,,FALSE
йӗкӗрешлӗн,jøkøreʃløn,jø.kø.reʃ.løn,4,RRFR,,FALSE
йӗкӗрле,jøkørle,jø.kør.le,3,RRF,1,TRUE
йӗкӗрлен,jøkørlen,jø.kør.len,3,RRF,,FALSE
йӗкӗрлӗ,jøkørlø,jø.kør.lø,3,RRR,15,TRUE
йӗкӗрт,jøkørt,jø.kørt,2,RR,,FALSE
йӗкӗт,jøkøt,jø.køt,2,RR,2131,TRUE
йӗкӗтле,jøkøtle,jø.køt.le,3,RRF,6,TRUE
йӗкӗтлен,jøkøtlen,jø.køt.len,3,RRF,,FALSE
йӗкӗтлӗх,jøkøtløx,jø.køt.løx,3,RRR,2,TRUE
йӗккен,jøkken,jøk.ken,2,RF,,FALSE
йӗклен,jøklen,jøk.len,2,RF,,FALSE
йӗклентер,jøklenter,jøk.len.ter,3,RFF,,FALSE
йӗклӗ,jøklø,jøk.lø,2,RR,1,TRUE
йӗклӗх,jøkløx,jøk.løx,2,RR,,FALSE
йӗксӗк,jøksøk,jøk.søk,2,RR,256,TRUE
йӗксӗклен,jøksøklen,jøk.søk.len,3,RRF,,FALSE
йӗксӳ,jøksy,jøk.sy,2,RF,14,TRUE
йӗксӳле,jøksyle,jøk.sy.le,3,RFF,,FALSE
йӗксӳлентер,jøksylenter,jøk.sy.len.ter,4,RFFF,,FALSE
йӗлен,jølen,jø.len,2,RF,2,TRUE
йӗлӗ,jølø,jø.lø,2,RR,4,TRUE
йӗлме,jølme,jøl.me,2,RF,99,TRUE
йӗлмевӗс,jølmeʋøs,jøl.me.ʋøs,3,RFR,5,TRUE
йӗлмелӗх,jølmeløx,jøl.me.løx,3,RFR,1,TRUE
йӗлпӗнтер,jølpønter,jøl.pøn.ter,3,RRF,,FALSE
йӗлпӗнчӗк,jølpøntɕøk,jøl.pøn.tɕøk,3,RRR,1,TRUE
йӗлпӗр,jølpør,jøl.pør,2,RR,1,TRUE
йӗлпӗрӗн,jølpørøn,jøl.pø.røn,3,RRR,,FALSE
йӗлпӗрт,jølpørt,jøl.pørt,2,RR,,FALSE
йӗлтӗр,jøltør,jøl.tør,2,RR,1092,TRUE
йӗлтӗрле,jøltørle,jøl.tør.le,3,RRF,,FALSE
йӗлтӗрҫӗ,jøltørɕø,jøl.tør.ɕø,3,RRR,63,TRUE
йӗм,jøm,jøm,1,R,851,TRUE
йӗмпӗлтет,jømpøltet,jøm.pøl.tet,3,RRF,,FALSE
йӗмпӗлти,jømpølti,jøm.pøl.ti,3,RRF,2,TRUE
йӗмпӗлчӗк,jømpøltɕøk,jøm.pøl.tɕøk,3,RRR,3,TRUE
йӗнер,jøner,jø.ner,2,RF,170,TRUE
йӗнерле,jønerle,jø.ner.le,3,RFF,24,TRUE
йӗнерчӗк,jønertɕøk,jø.ner.tɕøk,3,RFR,28,TRUE
йӗнӗ,jønø,jø.nø,2,RR,229,TRUE
йӗнче,jøntɕe,jøn.tɕe,2,RF,5,TRUE
йӗнчет,jøntɕet,jøn.tɕet,2,RF,,FALSE
йӗп,jøp,jøp,1,R,957,TRUE
йӗпйӗпе,jøpjøpe,jøp.jø.pe,3,RRF,2,TRUE
йӗпҫип,jøpɕip,jøp.ɕip,2,RF,,FALSE
йӗпвӑрри,jøpʋɵrri,jøp.ʋɵr.ri,3,RRF,5,TRUE
йӗпе,jøpe,jø.pe,2,RF,1314,TRUE
йӗпесапа,jøpesapa,jø.pe.sa.pa,4,RFFF,2,TRUE
йӗпесапаллӑ,jøpesapallɵ,jø.pe.sa.pal.lɵ,5,RFFFR,,FALSE
йӗпен,jøpen,jø.pen,2,RF,5,TRUE
йӗпентер,jøpenter,jø.pen.ter,3,RFF,,FALSE
йӗпет,jøpet,jø.pet,2,RF,9,TRUE
йӗпеттер,jøpetter,jø.pet.ter,3,RFF,,FALSE
йӗпӗл,jøpøl,jø.pøl,2,RR,,FALSE
йӗпкӗн,jøpkøn,jøp.køn,2,RR,91,TRUE
йӗпкӗнле,jøpkønle,jøp.køn.le,3,RRF,,FALSE
йӗпле,jøple,jøp.le,2,RF,21,TRUE
йӗплен,jøplen,jøp.len,2,RF,1,TRUE
йӗпленчӗк,jøplentɕøk,jøp.len.tɕøk,3,RFR,1,TRUE
йӗплешке,jøpleʃke,jøp.leʃ.ke,3,RFF,1,TRUE
йӗплӗ,jøplø,jøp.lø,2,RR,638,TRUE
йӗплӗхен,jøpløxen,jøp.lø.xen,3,RRF,1,TRUE
йӗпсе,jøpse,jøp.se,2,RF,18,TRUE
йӗпселе,jøpsele,jøp.se.le,3,RFF,,FALSE
йӗпхӗр,jøpxør,jøp.xør,2,RR,1,TRUE
йӗпхӗрт,jøpxørt,jøp.xørt,2,RR,,FALSE
йӗпхӳ,jøpxy,jøp.xy,2,RF,87,TRUE
йӗпхӳллӗ,jøpxyllø,jøp.xyl.lø,3,RFR,3,TRUE
йӗр,jør,jør,1,R,6671,TRUE
йӗре,jøre,jø.re,2,RF,1225,TRUE
йӗрӗ,jørø,jø.rø,2,RR,1176,TRUE
йӗрӗл,jørøl,jø.røl,2,RR,,FALSE
йӗрӗлче,jørøltɕe,jø.røl.tɕe,3,RRF,22,TRUE
йӗрӗн,jørøn,jø.røn,2,RR,131,TRUE
йӗрӗнтер,jørønter,jø.røn.ter,3,RRF,,FALSE
йӗрӗнтермӗш,jørøntermøʃ,jø.røn.ter.møʃ,4,RRFR,2,TRUE
йӗрӗнӳ,jørøny,jø.rø.ny,3,RRF,1,TRUE
йӗрӗнӳллӗ,jørønyllø,jø.rø.nyl.lø,4,RRFR,,FALSE
йӗрӗнӳллӗн,jørønylløn,jø.rø.nyl.løn,4,RRFR,2,TRUE
йӗрӗнчӗк,jørøntɕøk,jø.røn.tɕøk,3,RRR,82,TRUE
йӗрӗнчӗклӗ,jørøntɕøklø,jø.røn.tɕøk.lø,4,RRRR,13,TRUE
йӗрӗнчӗклӗн,jørøntɕøkløn,jø.røn.tɕøk.løn,4,RRRR,78,TRUE
йӗрӗнчӗклӗх,jørøntɕøkløx,jø.røn.tɕøk.løx,4,RRRR,4,TRUE
йӗрӗх,jørøx,jø.røx,2,RR,152,TRUE
йӗрӗхярӑх,jørøxjarɵx,jø.røx.ja.rɵx,4,RRFR,,FALSE
йӗрӗхлен,jørøxlen,jø.røx.len,3,RRF,,FALSE
йӗритавра,jøritaʋra,jø.ri.taʋ.ra,4,RFFF,46,TRUE
йӗритавралӑх,jøritaʋralɵx,jø.ri.taʋ.ra.lɵx,5,RFFFR,1,TRUE
йӗритавралла,jøritaʋralla,jø.ri.taʋ.ral.la,5,RFFFF,8,TRUE
йӗритавраш,jøritaʋraʃ,jø.ri.taʋ.raʃ,4,RFFF,,FALSE
йӗрке,jørke,jør.ke,2,RF,3856,TRUE
йӗркетирпей,jørketirpej,jør.ke.tir.pej,4,RFFF,,FALSE
йӗркеле,jørkele,jør.ke.le,3,RFF,36,TRUE
йӗркелен,jørkelen,jør.ke.len,3,RFF,15,TRUE
йӗркелеттер,jørkeletter,jør.ke.let.ter,4,RFFF,,FALSE
йӗркелӗх,jørkeløx,jør.ke.løx,3,RFR,171,TRUE
йӗркеллӗ,jørkellø,jør.kel.lø,3,RFR,3082,TRUE
йӗркеллӗн,jørkelløn,jør.kel.løn,3,RFR,186,TRUE
йӗркен,jørken,jør.ken,2,RF,103,TRUE
йӗркерен,jørkeren,jør.ke.ren,3,RFF,280,TRUE
йӗркесӗр,jørkesør,jør.ke.sør,3,RFR,286,TRUE
йӗркесӗрлен,jørkesørlen,jør.ke.sør.len,4,RFRF,,FALSE
йӗркесӗрлӗх,jørkesørløx,jør.ke.sør.løx,4,RFRR,98,TRUE
йӗркипе,jørkipe,jør.ki.pe,3,RFF,1644,TRUE
йӗрле,jørle,jør.le,2,RF,48,TRUE
йӗрлев,jørleʋ,jør.leʋ,2,RF,58,TRUE
йӗрлевҫӗ,jørleʋɕø,jør.leʋ.ɕø,3,RFR,23,TRUE
йӗрлек,jørlek,jør.lek,2,RF,,FALSE
йӗрлен,jørlen,jør.len,2,RF,4,TRUE
йӗрлеттер,jørletter,jør.let.ter,3,RFF,,FALSE
йӗрлешӳ,jørleʃy,jør.le.ʃy,3,RFF,1,TRUE
йӗрлешӳллӗ,jørleʃyllø,jør.le.ʃyl.lø,4,RFFR,,FALSE
йӗрлӗйӗрлӗ,jørløjørlø,jør.lø.jør.lø,4,RRRR,,FALSE
йӗрмӗш,jørmøʃ,jør.møʃ,2,RR,6,TRUE
йӗрсӗр,jørsør,jør.sør,2,RR,139,TRUE
йӗрт,jørt,jørt,1,R,2,TRUE
йӗрӳ,jøry,jø.ry,2,RF,36,TRUE
йӗрӳмакӑру,jørymakɵru,jø.ry.ma.kɵ.ru,5,RFFRF,,FALSE
йӗрше,jørʃe,jør.ʃe,2,RF,1,TRUE
йӗс,jøs,jøs,1,R,359,TRUE
йӗсле,jøsle,jøs.le,2,RF,,FALSE
йӗсме,jøsme,jøs.me,2,RF,1,TRUE
йӗсмеле,jøsmele,jøs.me.le,3,RFF,,FALSE
йӗтем,jøtem,jø.tem,2,RF,607,TRUE
йӗтер,jøter,jø.ter,2,RF,,FALSE
йӗтес,jøtes,jø.tes,2,RF,74,TRUE
йӗтӗке,jøtøke,jø.tø.ke,3,RRF,,FALSE
йӗтӗм,jøtøm,jø.tøm,2,RR,90,TRUE
йӗтӗмлӗх,jøtømløx,jø.tøm.løx,3,RRR,1,TRUE
йӗтӗн,jøtøn,jø.tøn,2,RR,285,TRUE
йӗтӗнкантӑр,jøtønkantɵr,jø.tøn.kan.tɵr,4,RRFR,,FALSE
йӗтӗр,jøtør,jø.tør,2,RR,40,TRUE
йӗтӗрле,jøtørle,jø.tør.le,3,RRF,,FALSE
йӗтӗс,jøtøs,jø.tøs,2,RR,2,TRUE
йӗтре,jøtre,jøt.re,2,RF,107,TRUE
йӗшӗл,jøʃøl,jø.ʃøl,2,RR,,FALSE
йӗшӗлтет,jøʃøltet,jø.ʃøl.tet,3,RRF,,FALSE
йӗшке,jøʃke,jøʃ.ke,2,RF,,FALSE
йуиеҫӳллӗ,juieɕyllø,ju.i.e.ɕyl.lø,5,FFFFR,,FALSE
йӳле,jyle,jy.le,2,FF,191,TRUE
йӳлеке,jyleke,jy.le.ke,3,FFF,1,TRUE
йӳлекелен,jylekelen,jy.le.ke.len,4,FFFF,,FALSE
йӳлекеллӗ,jylekellø,jy.le.kel.lø,4,FFFR,,FALSE
йӳлер,jyler,jy.ler,2,FF,,FALSE
йӳлерӗн,jylerøn,jy.le.røn,3,FFR,,FALSE
йӳлехей,jylexej,jy.le.xej,3,FFF,1,TRUE
йӳн,jyn,jyn,1,F,67,TRUE
йӳней,jynej,jy.nej,2,FF,2,TRUE
йӳнейлӗ,jynejlø,jy.nej.lø,3,FFR,3,TRUE
йӳнейсӗр,jynejsør,jy.nej.sør,3,FFR,1,TRUE
йӳнел,jynel,jy.nel,2,FF,1,TRUE
йӳнеҫ,jyneɕ,jy.neɕ,2,FF,1,TRUE
йӳнеҫӗн,jyneɕøn,jy.ne.ɕøn,3,FFR,,FALSE
йӳнеҫтер,jyneɕter,jy.neɕ.ter,3,FFF,,FALSE
йӳнеҫӳллӗ,jyneɕyllø,jy.ne.ɕyl.lø,4,FFFR,2,TRUE
йӳнет,jynet,jy.net,2,FF,,FALSE
йӳнӗ,jynø,jy.nø,2,FR,590,TRUE
йӳнӗлӗх,jynøløx,jy.nø.løx,3,FRR,,FALSE
йӳнлӗ,jynlø,jyn.lø,2,FR,11,TRUE
йӳнлӗх,jynløx,jyn.løx,2,FR,1,TRUE
йӳнсӗр,jynsør,jyn.sør,2,FR,4,TRUE
йӳнсӗрлен,jynsørlen,jyn.sør.len,3,FRF,,FALSE
йӳнсӗрлӗх,jynsørløx,jyn.sør.løx,3,FRR,1,TRUE
йӳнчӗк,jyntɕøk,jyn.tɕøk,2,FR,7,TRUE
йӳпле,jyple,jyp.le,2,FF,1,TRUE
йӳпсӗн,jypsøn,jyp.søn,2,FR,,FALSE
йӳпсӗнтер,jypsønter,jyp.søn.ter,3,FRF,,FALSE
йӳрек,jyrek,jy.rek,2,FF,1,TRUE
йӳрӗк,jyrøk,jy.røk,2,FR,27,TRUE
йӳрӗккӗн,jyrøkkøn,jy.røk.køn,3,FRR,1,TRUE
йӳрӗклен,jyrøklen,jy.røk.len,3,FRF,,FALSE
йӳрӗклентер,jyrøklenter,jy.røk.len.ter,4,FRFF,,FALSE
йӳрӗклӗх,jyrøkløx,jy.røk.løx,3,FRR,2,TRUE
йӳрӗн,jyrøn,jy.røn,2,FR,,FALSE
йӳрӗнчӗк,jyrøntɕøk,jy.røn.tɕøk,3,FRR,1,TRUE
йӳҫ,jyɕ,jyɕ,1,F,223,TRUE
йӳҫек,jyɕek,jy.ɕek,2,FF,146,TRUE
йӳҫеккӗн,jyɕekkøn,jy.ɕek.køn,3,FFR,6,TRUE
йӳҫеклен,jyɕeklen,jy.ɕek.len,3,FFF,,FALSE
йӳҫеклентер,jyɕeklenter,jy.ɕek.len.ter,4,FFFF,1,TRUE
йӳҫеклӗх,jyɕekløx,jy.ɕek.løx,3,FFR,12,TRUE
йӳҫенкӗ,jyɕenkø,jy.ɕen.kø,3,FFR,17,TRUE
йӳҫенкӗллӗн,jyɕenkølløn,jy.ɕen.køl.løn,4,FFRR,1,TRUE
йӳҫенчӗк,jyɕentɕøk,jy.ɕen.tɕøk,3,FFR,3,TRUE
йӳҫӗ,jyɕø,jy.ɕø,2,FR,786,TRUE
йӳҫӗлле,jyɕølle,jy.ɕøl.le,3,FRF,,FALSE
йӳҫӗллӗтутӑллӑ,jyɕølløtutɵllɵ,jy.ɕøl.lø.tu.tɵl.lɵ,6,FRRFRR,,FALSE
йӳҫӗм,jyɕøm,jy.ɕøm,2,FR,,FALSE
йӳҫӗнчӗк,jyɕøntɕøk,jy.ɕøn.tɕøk,3,FRR,,FALSE
йӳҫӗт,jyɕøt,jy.ɕøt,2,FR,3,TRUE
йӳҫӗттер,jyɕøtter,jy.ɕøt.ter,3,FRF,,FALSE
йӳҫӗх,jyɕøx,jy.ɕøx,2,FR,2,TRUE
йӳҫӗхтер,jyɕøxter,jy.ɕøx.ter,3,FRF,3,TRUE
йӳҫленкӗ,jyɕlenkø,jyɕ.len.kø,3,FFR,4,TRUE
йӳҫлӗтутлӑ,jyɕløtutlɵ,jyɕ.lø.tut.lɵ,4,FRFR,,FALSE
йӳҫлӗх,jyɕløx,jyɕ.løx,2,FR,4,TRUE
йӳҫҫӗн,jyɕɕøn,jyɕ.ɕøn,2,FR,52,TRUE
йӳҫҫи,jyɕɕi,jyɕ.ɕi,2,FF,98,TRUE
йӳҫтер,jyɕter,jyɕ.ter,2,FF,,FALSE
йӳте,jyte,jy.te,2,FF,1,TRUE
йӳтен,jyten,jy.ten,2,FF,2,TRUE
йӳтет,jytet,jy.tet,2,FF,2,TRUE
йӳтетмӗш,jytetmøʃ,jy.tet.møʃ,3,FFR,10,TRUE
йӳтӗм,jytøm,jy.tøm,2,FR,35,TRUE
йӳтке,jytke,jyt.ke,2,FF,,FALSE
йӳткет,jytket,jyt.ket,2,FF,,FALSE
йӳшкӗн,jyʃkøn,jyʃ.køn,2,FR,,FALSE
йӳшкӗнтер,jyʃkønter,jyʃ.køn.ter,3,FRF,,FALSE
йываҫкурӑк,jʉʋaɕkurɵk,jʉ.ʋaɕ.ku.rɵk,4,FFFR,,FALSE
йывӑр,jʉʋɵr,jʉ.ʋɵr,2,FR,14743,TRUE
йывӑрӑш,jʉʋɵrɵʃ,jʉ.ʋɵ.rɵʃ,3,FRR,108,TRUE
йывӑрӑшсӑрлӑх,jʉʋɵrɵʃsɵrlɵx,jʉ.ʋɵ.rɵʃ.sɵr.lɵx,5,FRRRR,1,TRUE
йывӑрлан,jʉʋɵrlan,jʉ.ʋɵr.lan,3,FRF,1,TRUE
йывӑрлантар,jʉʋɵrlantar,jʉ.ʋɵr.lan.tar,4,FRFF,,FALSE
йывӑрлат,jʉʋɵrlat,jʉ.ʋɵr.lat,3,FRF,,FALSE
йывӑрлӑх,jʉʋɵrlɵx,jʉ.ʋɵr.lɵx,3,FRR,753,TRUE
йывӑррӑн,jʉʋɵrrɵn,jʉ.ʋɵr.rɵn,3,FRR,811,TRUE
йывӑҫ,jʉʋɵɕ,jʉ.ʋɵɕ,2,FR,6937,TRUE
йывӑҫлӑх,jʉʋɵɕlɵx,jʉ.ʋɵɕ.lɵx,3,FRR,7,TRUE
йыиӑшуллӑн,jʉiɵʃullɵn,jʉ.i.ɵ.ʃul.lɵn,5,FFRFR,,FALSE
йынӑш,jʉnɵʃ,jʉ.nɵʃ,2,FR,13,TRUE
йынӑштар,jʉnɵʃtar,jʉ.nɵʃ.tar,3,FRF,,FALSE
йынӑшу,jʉnɵʃu,jʉ.nɵ.ʃu,3,FRF,8,TRUE
йынӑшуллӑ,jʉnɵʃullɵ,jʉ.nɵ.ʃul.lɵ,4,FRFR,,FALSE
йынӑшуллӑн,jʉnɵʃullɵn,jʉ.nɵ.ʃul.lɵn,4,FRFR,,FALSE
йынша,jʉnʃa,jʉn.ʃa,2,FF,1,TRUE
йысна,jʉsna,jʉs.na,2,FF,432,TRUE
йыт,jʉt,jʉt,1,F,311,TRUE
йыткачка,jʉtkatɕka,jʉt.katɕ.ka,3,FFF,,FALSE
йытӑ,jʉtɵ,jʉ.tɵ,2,FR,3223,TRUE
йытӑлан,jʉtɵlan,jʉ.tɵ.lan,3,FRF,,FALSE
йытӑлла,jʉtɵlla,jʉ.tɵl.la,3,FRF,56,TRUE
йытпулли,jʉtpulli,jʉt.pul.li,3,FFF,11,TRUE
йытпырши,jʉtpʉrʃi,jʉt.pʉr.ʃi,3,FFF,18,TRUE
йыхӑр,jʉxɵr,jʉ.xɵr,2,FR,19,TRUE
йыхӑрттар,jʉxɵrttar,jʉ.xɵrt.tar,3,FRF,,FALSE
йыхӑру,jʉxɵru,jʉ.xɵ.ru,3,FRF,2,TRUE
йыхрав,jʉxraʋ,jʉx.raʋ,2,FF,322,TRUE
йыхравла,jʉxraʋla,jʉx.raʋ.la,3,FFF,5,TRUE
йыхравлӑ,jʉxraʋlɵ,jʉx.raʋ.lɵ,3,FFR,22,TRUE
йыхравлӑн,jʉxraʋlɵn,jʉx.raʋ.lɵn,3,FFR,19,TRUE
йыхравҫӑ,jʉxraʋɕɵ,jʉx.raʋ.ɕɵ,3,FFR,7,TRUE
йыш,jʉʃ,jʉʃ,1,F,2422,TRUE
йышкӳп,jʉʃkyp,jʉʃ.kyp,2,FF,,FALSE
йышӑн,jʉʃɵn,jʉ.ʃɵn,2,FR,273,TRUE
йышӑнтар,jʉʃɵntar,jʉ.ʃɵn.tar,3,FRF,1,TRUE
йышӑну,jʉʃɵnu,jʉ.ʃɵ.nu,3,FRF,1252,TRUE
йышлан,jʉʃlan,jʉʃ.lan,2,FF,5,TRUE
йышлантар,jʉʃlantar,jʉʃ.lan.tar,3,FFF,,FALSE
йышлат,jʉʃlat,jʉʃ.lat,2,FF,3,TRUE
йышлӑ,jʉʃlɵ,jʉʃ.lɵ,2,FR,2654,TRUE
йышлӑлан,jʉʃlɵlan,jʉʃ.lɵ.lan,3,FRF,3,TRUE
йышлӑлат,jʉʃlɵlat,jʉʃ.lɵ.lat,3,FRF,,FALSE
йышлӑн,jʉʃlɵn,jʉʃ.lɵn,2,FR,827,TRUE
йышсӑр,jʉʃsɵr,jʉʃ.sɵr,2,FR,15,TRUE
йышши,jʉʃʃi,jʉʃ.ʃi,2,FF,3595,TRUE
кавал,kaʋal,ka.ʋal,2,FF,228,TRUE
кавалер,kaʋaler,ka.ʋa.ler,3,FFF,38,TRUE
кавалери,kaʋaleri,ka.ʋa.le.ri,4,FFFF,249,TRUE
кавалерист,kaʋalerist,ka.ʋa.le.rist,4,FFFF,21,TRUE
кавалеристла,kaʋaleristla,ka.ʋa.le.rist.la,5,FFFFF,,FALSE
кавар,kaʋar,ka.ʋar,2,FF,235,TRUE
каварла,kaʋarla,ka.ʋar.la,3,FFF,5,TRUE
каварлан,kaʋarlan,ka.ʋar.lan,3,FFF,,FALSE
каварлаш,kaʋarlaʃ,ka.ʋar.laʃ,3,FFF,,FALSE
каварлашу,kaʋarlaʃu,ka.ʋar.la.ʃu,4,FFFF,2,TRUE
каварлӑ,kaʋarlɵ,ka.ʋar.lɵ,3,FFR,114,TRUE
каварлӑн,kaʋarlɵn,ka.ʋar.lɵn,3,FFR,15,TRUE
каварлӑх,kaʋarlɵx,ka.ʋar.lɵx,3,FFR,11,TRUE
каварҫӑ,kaʋarɕɵ,ka.ʋar.ɕɵ,3,FFR,12,TRUE
каватина,kaʋatina,ka.ʋa.ti.na,4,FFFF,,FALSE
кавӑн,kaʋɵn,ka.ʋɵn,2,FR,344,TRUE
кавӑнлӑх,kaʋɵnlɵx,ka.ʋɵn.lɵx,3,FRR,1,TRUE
кавӑс,kaʋɵs,ka.ʋɵs,2,FR,4,TRUE
каверна,kaʋerna,ka.ʋer.na,3,FFF,4,TRUE
кавернӑллӑ,kaʋernɵllɵ,ka.ʋer.nɵl.lɵ,4,FFRR,2,TRUE
кавир,kaʋir,ka.ʋir,2,FF,442,TRUE
кавле,kaʋle,kaʋ.le,2,FF,23,TRUE
кавлев,kaʋleʋ,kaʋ.leʋ,2,FF,1,TRUE
кавлек,kaʋlek,kaʋ.lek,2,FF,2,TRUE
кавлем,kaʋlem,kaʋ.lem,2,FF,2,TRUE
каврай,kaʋraj,kaʋ.raj,2,FF,,FALSE
каврӑҫ,kaʋrɵɕ,kaʋ.rɵɕ,2,FR,47,TRUE
кавринкке,kaʋrinkke,kaʋ.rink.ke,3,FFF,,FALSE
кавсӑклан,kaʋsɵklan,kaʋ.sɵk.lan,3,FRF,1,TRUE
кавсӑклантар,kaʋsɵklantar,kaʋ.sɵk.lan.tar,4,FRFF,1,TRUE
кавсӑл,kaʋsɵl,kaʋ.sɵl,2,FR,1,TRUE
кавсӑлтар,kaʋsɵltar,kaʋ.sɵl.tar,3,FRF,1,TRUE
кавсӑх,kaʋsɵx,kaʋ.sɵx,2,FR,1,TRUE
кавшӑ,kaʋʃɵ,kaʋ.ʃɵ,2,FR,1,TRUE
кавычка,kaʋʉtɕka,ka.ʋʉtɕ.ka,3,FFF,2,TRUE
кай,kaj,kaj,1,F,3686,TRUE
кайӑк,kajɵk,ka.jɵk,2,FR,5430,TRUE
кайӑккӗшӗк,kajɵkkøʃøk,ka.jɵk.kø.ʃøk,4,FRRR,16,TRUE
кайӑкла,kajɵkla,ka.jɵk.la,3,FRF,91,TRUE
кайӑклан,kajɵklan,ka.jɵk.lan,3,FRF,1,TRUE
кайӑклӑн,kajɵklɵn,ka.jɵk.lɵn,3,FRR,14,TRUE
кайӑклӑх,kajɵklɵx,ka.jɵk.lɵx,3,FRR,1,TRUE
кайӑкҫӑ,kajɵkɕɵ,ka.jɵk.ɕɵ,3,FRR,16,TRUE
кайӑр,kajɵr,ka.jɵr,2,FR,1104,TRUE
кайла,kajla,kaj.la,2,FF,2,TRUE
кайман,kajman,kaj.man,2,FF,2208,TRUE
кайра,kajra,kaj.ra,2,FF,149,TRUE
кайран,kajran,kaj.ran,2,FF,10462,TRUE
кайранмалтан,kajranmaltan,kaj.ran.mal.tan,4,FFFF,,FALSE
кайрантан,kajrantan,kaj.ran.tan,3,FFF,4,TRUE
кайрантарахпа,kajrantaraxpa,kaj.ran.ta.rax.pa,5,FFFFF,7,TRUE
кайрантарахран,kajrantaraxran,kaj.ran.ta.rax.ran,5,FFFFF,,FALSE
кайранхи,kajranxi,kaj.ran.xi,3,FFF,77,TRUE
кайри,kajri,kaj.ri,2,FF,890,TRUE
кайтар,kajtar,kaj.tar,2,FF,7,TRUE
кайттӑмкилттӗм,kajttɵmkilttøm,kajt.tɵm.kilt.tøm,4,FRFR,,FALSE
как,kak,kak,1,F,446,TRUE
какай,kakaj,ka.kaj,2,FF,1541,TRUE
какайкӗш,kakajkøʃ,ka.kaj.køʃ,3,FFR,,FALSE
какайла,kakajla,ka.kaj.la,3,FFF,,FALSE
какайлан,kakajlan,ka.kaj.lan,3,FFF,1,TRUE
какайлантар,kakajlantar,ka.kaj.lan.tar,4,FFFF,,FALSE
какайлӑ,kakajlɵ,ka.kaj.lɵ,3,FFR,14,TRUE
какак,kakak,ka.kak,2,FF,2,TRUE
какаклат,kakaklat,ka.kak.lat,3,FFF,,FALSE
какала,kakala,ka.ka.la,3,FFF,2,TRUE
какӑлтат,kakɵltat,ka.kɵl.tat,3,FRF,1,TRUE
какӑр,kakɵr,ka.kɵr,2,FR,24,TRUE
какӑрӑл,kakɵrɵl,ka.kɵ.rɵl,3,FRR,,FALSE
какӑрӑлтар,kakɵrɵltar,ka.kɵ.rɵl.tar,4,FRRF,1,TRUE
какӑрлан,kakɵrlan,ka.kɵr.lan,3,FRF,1,TRUE
какӑрт,kakɵrt,ka.kɵrt,2,FR,,FALSE
какӑрттар,kakɵrttar,ka.kɵrt.tar,3,FRF,,FALSE
какка,kakka,kak.ka,2,FF,1,TRUE
каккуй,kakkuj,kak.kuj,2,FF,98,TRUE
каклат,kaklat,kak.lat,2,FF,,FALSE
каклен,kaklen,kak.len,2,FF,,FALSE
каклиш,kakliʃ,kak.liʃ,2,FF,3,TRUE
каклишке,kakliʃke,kak.liʃ.ke,3,FFF,,FALSE
какрака,kakraka,kak.ra.ka,3,FFF,1,TRUE
какракалан,kakrakalan,kak.ra.ka.lan,4,FFFF,,FALSE
какрашка,kakraʃka,kak.raʃ.ka,3,FFF,1,TRUE
какрашкалан,kakraʃkalan,kak.raʃ.ka.lan,4,FFFF,,FALSE
какрӑк,kakrɵk,kak.rɵk,2,FR,,FALSE
какриш,kakriʃ,kak.riʃ,2,FF,4,TRUE
кактус,kaktus,kak.tus,2,FF,34,TRUE
какша,kakʃa,kak.ʃa,2,FF,2,TRUE
калкал,kalkal,kal.kal,2,FF,3,TRUE
калкалӑн,kalkalɵn,kal.ka.lɵn,3,FFR,,FALSE
кала,kala,ka.la,2,FF,4093,TRUE
калав,kalaʋ,ka.laʋ,2,FF,2639,TRUE
калавҫӑ,kalaʋɕɵ,ka.laʋ.ɕɵ,3,FFR,68,TRUE
калай,kalaj,ka.laj,2,FF,31,TRUE
калак,kalak,ka.lak,2,FF,17,TRUE
калакла,kalakla,ka.lak.la,3,FFF,4,TRUE
калаклӑ,kalaklɵ,ka.lak.lɵ,3,FFR,2,TRUE
каламянка,kalamjanka,ka.lam.jan.ka,4,FFFF,2,TRUE
калан,kalan,ka.lan,2,FF,129,TRUE
каланккӑ,kalankkɵ,ka.lank.kɵ,3,FFR,19,TRUE
каланча,kalantɕa,ka.lan.tɕa,3,FFF,17,TRUE
каларӑш,kalarɵʃ,ka.la.rɵʃ,3,FFR,657,TRUE
каларӗш,kalarøʃ,ka.la.røʃ,3,FFR,28,TRUE
каларӗшле,kalarøʃle,ka.la.røʃ.le,4,FFRF,19,TRUE
калаҫ,kalaɕ,ka.laɕ,2,FF,946,TRUE
калаҫӑн,kalaɕɵn,ka.la.ɕɵn,3,FFR,45,TRUE
калаҫӑш,kalaɕɵʃ,ka.la.ɕɵʃ,3,FFR,,FALSE
калаҫтар,kalaɕtar,ka.laɕ.tar,3,FFF,6,TRUE
калаҫу,kalaɕu,ka.la.ɕu,3,FFF,4400,TRUE
калашле,kalaʃle,ka.laʃ.le,3,FFF,675,TRUE
калашник,kalaʃnik,ka.laʃ.nik,3,FFF,13,TRUE
калӑм,kalɵm,ka.lɵm,2,FR,150,TRUE
калӑмҫӑ,kalɵmɕɵ,ka.lɵm.ɕɵ,3,FRR,,FALSE
калӑн,kalɵn,ka.lɵn,2,FR,820,TRUE
калӑп,kalɵp,ka.lɵp,2,FR,344,TRUE
калӑпӑш,kalɵpɵʃ,ka.lɵ.pɵʃ,3,FRR,50,TRUE
калӑпӑшлӑ,kalɵpɵʃlɵ,ka.lɵ.pɵʃ.lɵ,4,FRRR,303,TRUE
калӑпла,kalɵpla,ka.lɵp.la,3,FRF,8,TRUE
калӑплан,kalɵplan,ka.lɵp.lan,3,FRF,4,TRUE
калӑплаттар,kalɵplattar,ka.lɵp.lat.tar,4,FRFF,1,TRUE
калӑплӑ,kalɵplɵ,ka.lɵp.lɵ,3,FRR,60,TRUE
калӑппӑн,kalɵppɵn,ka.lɵp.pɵn,3,FRR,1,TRUE
калӑпсӑр,kalɵpsɵr,ka.lɵp.sɵr,3,FRR,6,TRUE
калем,kalem,ka.lem,2,FF,274,TRUE
калемпӗр,kalempør,ka.lem.pør,3,FFR,14,TRUE
кали,kali,ka.li,2,FF,136,TRUE
калиллӗ,kalillø,ka.lil.lø,3,FFR,2,TRUE
калинкке,kalinkke,ka.link.ke,3,FFF,151,TRUE
калиш,kaliʃ,ka.liʃ,2,FF,1,TRUE
калламалла,kallamalla,kal.la.mal.la,4,FFFF,3,TRUE
каллех,kallex,kal.lex,2,FF,15966,TRUE
каллӗмаллӗ,kallømallø,kal.lø.mal.lø,4,FRFR,7,TRUE
калмӑк,kalmɵk,kal.mɵk,2,FR,159,TRUE
калмӑкла,kalmɵkla,kal.mɵk.la,3,FRF,1,TRUE
калмык,kalmʉk,kal.mʉk,2,FF,5,TRUE
калмыкла,kalmʉkla,kal.mʉk.la,3,FFF,,FALSE
калпай,kalpaj,kal.paj,2,FF,2,TRUE
калпак,kalpak,kal.pak,2,FF,288,TRUE
калт,kalt,kalt,1,F,46,TRUE
калта,kalta,kal.ta,2,FF,180,TRUE
калтӑр,kaltɵr,kal.tɵr,2,FR,3,TRUE
калтӑра,kaltɵra,kal.tɵ.ra,3,FRF,,FALSE
калтӑрт,kaltɵrt,kal.tɵrt,2,FR,2,TRUE
калтӑртат,kaltɵrtat,kal.tɵr.tat,3,FRF,1,TRUE
калтӑртаттар,kaltɵrtattar,kal.tɵr.tat.tar,4,FRFF,1,TRUE
калтӑртӑк,kaltɵrtɵk,kal.tɵr.tɵk,3,FRR,1,TRUE
калтенек,kaltenek,kal.te.nek,3,FFF,2,TRUE
калтлат,kaltlat,kalt.lat,2,FF,,FALSE
калттак,kalttak,kalt.tak,2,FF,1,TRUE
калттам,kalttam,kalt.tam,2,FF,,FALSE
калттик,kalttik,kalt.tik,2,FF,,FALSE
калттир,kalttir,kalt.tir,2,FF,2,TRUE
калуллӑ,kalullɵ,ka.lul.lɵ,3,FFR,7,TRUE
калуш,kaluʃ,ka.luʃ,2,FF,229,TRUE
калча,kaltɕa,kal.tɕa,2,FF,340,TRUE
калчалан,kaltɕalan,kal.tɕa.lan,3,FFF,,FALSE
калчалантар,kaltɕalantar,kal.tɕa.lan.tar,4,FFFF,,FALSE
калым,kalʉm,ka.lʉm,2,FF,13,TRUE
кальвиль,kalʲʋilʲ,kalʲ.ʋilʲ,2,FF,,FALSE
калька,kalʲka,kalʲ.ka,2,FF,9,TRUE
калькӑла,kalʲkɵla,kalʲ.kɵ.la,3,FRF,,FALSE
кальмар,kalʲmar,kalʲ.mar,2,FF,8,TRUE
кальян,kalʲjan,kalʲ.jan,2,FF,32,TRUE
кам,kam,kam,1,F,18598,TRUE
камалсӑр,kamalsɵr,ka.mal.sɵr,3,FFR,16,TRUE
камантай,kamantaj,ka.man.taj,3,FFF,5,TRUE
камӑнлӑх,kamɵnlɵx,ka.mɵn.lɵx,3,FRR,75,TRUE
камӑр,kamɵr,ka.mɵr,2,FR,4,TRUE
камели,kameli,ka.me.li,3,FFF,2,TRUE
камера,kamera,ka.me.ra,3,FFF,152,TRUE
камерӑллӑ,kamerɵllɵ,ka.me.rɵl.lɵ,4,FFRR,7,TRUE
камин,kamin,ka.min,2,FF,34,TRUE
камит,kamit,ka.mit,2,FF,399,TRUE
камитле,kamitle,ka.mit.le,3,FFF,36,TRUE
камитлен,kamitlen,ka.mit.len,3,FFF,1,TRUE
камитлӗ,kamitlø,ka.mit.lø,3,FFR,8,TRUE
камитҫӗ,kamitɕø,ka.mi.tɕø,3,FFR,3,TRUE
камп,kamp,kamp,1,F,,FALSE
кампани,kampani,kam.pa.ni,3,FFF,82,TRUE
кампанилӗх,kampaniløx,kam.pa.ni.løx,4,FFFR,,FALSE
кампанилле,kampanille,kam.pa.nil.le,4,FFFF,,FALSE
камса,kamsa,kam.sa,2,FF,1,TRUE
камсӑрт,kamsɵrt,kam.sɵrt,2,FR,,FALSE
камсӑртат,kamsɵrtat,kam.sɵr.tat,3,FRF,1,TRUE
камсӑртаттар,kamsɵrtattar,kam.sɵr.tat.tar,4,FRFF,,FALSE
камсул,kamsul,kam.sul,2,FF,13,TRUE
камышит,kamʉʃit,ka.mʉ.ʃit,3,FFF,,FALSE
кан,kan,kan,1,F,740,TRUE
кана,kana,ka.na,2,FF,515,TRUE
канав,kanaʋ,ka.naʋ,2,FF,130,TRUE
канавал,kanaʋal,ka.na.ʋal,3,FFF,1,TRUE
канал,kanal,ka.nal,2,FF,320,TRUE
каналйӗ,kanaljø,ka.nal.jø,3,FFR,2,TRUE
канарейка,kanarejka,ka.na.rej.ka,4,FFFF,16,TRUE
канас,kanas,ka.nas,2,FF,283,TRUE
канат,kanat,ka.nat,2,FF,77,TRUE
канатлӑ,kanatlɵ,ka.nat.lɵ,3,FFR,3,TRUE
канаус,kanaus,ka.na.us,3,FFF,,FALSE
канаш,kanaʃ,ka.naʃ,2,FF,6086,TRUE
канашла,kanaʃla,ka.naʃ.la,3,FFF,7,TRUE
канашлан,kanaʃlan,ka.naʃ.lan,3,FFF,3,TRUE
канашлаттар,kanaʃlattar,ka.naʃ.lat.tar,4,FFFF,,FALSE
канашлӑ,kanaʃlɵ,ka.naʃ.lɵ,3,FFR,38,TRUE
канашлӑн,kanaʃlɵn,ka.naʃ.lɵn,3,FFR,9,TRUE
канашлу,kanaʃlu,ka.naʃ.lu,3,FFF,635,TRUE
канӑҫ,kanɵɕ,ka.nɵɕ,2,FR,1870,TRUE
канӑҫла,kanɵɕla,ka.nɵɕ.la,3,FRF,,FALSE
канӑҫлан,kanɵɕlan,ka.nɵɕ.lan,3,FRF,1,TRUE
канӑҫлантар,kanɵɕlantar,ka.nɵɕ.lan.tar,4,FRFF,1,TRUE
канӑҫлӑ,kanɵɕlɵ,ka.nɵɕ.lɵ,3,FRR,93,TRUE
канӑҫлӑн,kanɵɕlɵn,ka.nɵɕ.lɵn,3,FRR,45,TRUE
канӑҫлӑх,kanɵɕlɵx,ka.nɵɕ.lɵx,3,FRR,155,TRUE
канӑҫсӑр,kanɵɕsɵr,ka.nɵɕ.sɵr,3,FRR,496,TRUE
канӑҫсӑрлан,kanɵɕsɵrlan,ka.nɵɕ.sɵr.lan,4,FRRF,4,TRUE
канӑҫсӑрлантар,kanɵɕsɵrlantar,ka.nɵɕ.sɵr.lan.tar,5,FRRFF,1,TRUE
канӑҫсӑрлӑх,kanɵɕsɵrlɵx,ka.nɵɕ.sɵr.lɵx,4,FRRR,46,TRUE
канӑҫсӑррӑн,kanɵɕsɵrrɵn,ka.nɵɕ.sɵr.rɵn,4,FRRR,147,TRUE
канӑҫтар,kanɵɕtar,ka.nɵɕ.tar,3,FRF,1,TRUE
канӑҫу,kanɵɕu,ka.nɵ.ɕu,3,FRF,5,TRUE
канӑҫусӑр,kanɵɕusɵr,ka.nɵ.ɕu.sɵr,4,FRFR,1,TRUE
канва,kanʋa,kan.ʋa,2,FF,12,TRUE
каникул,kanikul,ka.ni.kul,3,FFF,644,TRUE
канистра,kanistra,ka.nist.ra,3,FFF,13,TRUE
канитель,kanitelʲ,ka.ni.telʲ,3,FFF,,FALSE
канкрав,kankraʋ,kank.raʋ,2,FF,,FALSE
канлӗ,kanlø,kan.lø,2,FR,664,TRUE
канлӗн,kanløn,kan.løn,2,FR,252,TRUE
канлӗх,kanløx,kan.løx,2,FR,419,TRUE
канлӗхлӗ,kanløxlø,kan.løx.lø,3,FRR,21,TRUE
канлӗхсӗр,kanløxsør,kan.løx.sør,3,FRR,7,TRUE
канн,kann,kann,1,F,23,TRUE
кансӗр,kansør,kan.sør,2,FR,323,TRUE
кансӗрле,kansørle,kan.sør.le,3,FRF,23,TRUE
кансӗрлен,kansørlen,kan.sør.len,3,FRF,3,TRUE
кансӗрлеттер,kansørletter,kan.sør.let.ter,4,FRFF,,FALSE
кансӗрлӗх,kansørløx,kan.sør.løx,3,FRR,9,TRUE
кансӗррӗн,kansørrøn,kan.sør.røn,3,FRR,3,TRUE
кант,kant,kant,1,F,27,TRUE
кантар,kantar,kan.tar,2,FF,11,TRUE
кантармӑш,kantarmɵʃ,kan.tar.mɵʃ,3,FFR,2,TRUE
кантата,kantata,kan.ta.ta,3,FFF,11,TRUE
кантӑк,kantɵk,kan.tɵk,2,FR,949,TRUE
кантӑкла,kantɵkla,kan.tɵk.la,3,FRF,2,TRUE
кантӑклӑ,kantɵklɵ,kan.tɵk.lɵ,3,FRR,53,TRUE
кантӑр,kantɵr,kan.tɵr,2,FR,545,TRUE
канти,kanti,kan.ti,2,FF,1,TRUE
кантлӑ,kantlɵ,kant.lɵ,2,FR,2,TRUE
кантра,kantra,kant.ra,2,FF,171,TRUE
кантрала,kantrala,kant.ra.la,3,FFF,,FALSE
кантралан,kantralan,kant.ra.lan,3,FFF,,FALSE
кантралат,kantralat,kant.ra.lat,3,FFF,1,TRUE
кантраллӑ,kantrallɵ,kant.ral.lɵ,3,FFR,11,TRUE
кантти,kantti,kant.ti,2,FF,1,TRUE
кантур,kantur,kan.tur,2,FF,491,TRUE
кану,kanu,ka.nu,2,FF,2349,TRUE
канусӑр,kanusɵr,ka.nu.sɵr,3,FFR,6,TRUE
канч,kantɕ,kantɕ,1,F,,FALSE
канчлаттар,kantɕlattar,kantɕ.lat.tar,3,FFF,,FALSE
кап,kap,kap,1,F,163,TRUE
капкап,kapkap,kap.kap,2,FF,,FALSE
капкаҫӑр,kapkaɕɵr,kap.ka.ɕɵr,3,FFR,,FALSE
капан,kapan,ka.pan,2,FF,304,TRUE
капанла,kapanla,ka.pan.la,3,FFF,,FALSE
капанлан,kapanlan,ka.pan.lan,3,FFF,1,TRUE
капанлаттар,kapanlattar,ka.pan.lat.tar,4,FFFF,,FALSE
капар,kapar,ka.par,2,FF,6,TRUE
капарапар,kaparapar,ka.pa.ra.par,4,FFFF,,FALSE
капарлан,kaparlan,ka.par.lan,3,FFF,,FALSE
капах,kapax,ka.pax,2,FF,7,TRUE
капаш,kapaʃ,ka.paʃ,2,FF,7,TRUE
капашлӑ,kapaʃlɵ,ka.paʃ.lɵ,3,FFR,14,TRUE
капашсӑр,kapaʃsɵr,ka.paʃ.sɵr,3,FFR,106,TRUE
капашсӑрлан,kapaʃsɵrlan,ka.paʃ.sɵr.lan,4,FFRF,1,TRUE
капаштар,kapaʃtar,ka.paʃ.tar,3,FFF,1,TRUE
капӑр,kapɵr,ka.pɵr,2,FR,1178,TRUE
капӑркапӑр,kapɵrkapɵr,ka.pɵr.ka.pɵr,4,FRFR,,FALSE
капӑрах,kapɵrax,ka.pɵ.rax,3,FRF,17,TRUE
капӑркка,kapɵrkka,ka.pɵrk.ka,3,FRF,3,TRUE
капӑрла,kapɵrla,ka.pɵr.la,3,FRF,,FALSE
капӑрлан,kapɵrlan,ka.pɵr.lan,3,FRF,6,TRUE
капӑрлантар,kapɵrlantar,ka.pɵr.lan.tar,4,FRFF,1,TRUE
капӑрлат,kapɵrlat,ka.pɵr.lat,3,FRF,5,TRUE
капӑрлаттар,kapɵrlattar,ka.pɵr.lat.tar,4,FRFF,1,TRUE
капӑрлӑх,kapɵrlɵx,ka.pɵr.lɵx,3,FRR,77,TRUE
капӑррӑн,kapɵrrɵn,ka.pɵr.rɵn,3,FRR,9,TRUE
капӑрт,kapɵrt,ka.pɵrt,2,FR,3,TRUE
капӑртат,kapɵrtat,ka.pɵr.tat,3,FRF,1,TRUE
капӑртаттар,kapɵrtattar,ka.pɵr.tat.tar,4,FRFF,,FALSE
капӑрти,kapɵrti,ka.pɵr.ti,3,FRF,,FALSE
капӑртма,kapɵrtma,ka.pɵrt.ma,3,FRF,46,TRUE
капӑрчӑк,kapɵrtɕɵk,ka.pɵr.tɕɵk,3,FRR,14,TRUE
капӑшт,kapɵʃt,ka.pɵʃt,2,FR,,FALSE
капӑштат,kapɵʃtat,ka.pɵʃ.tat,3,FRF,1,TRUE
капелла,kapella,ka.pel.la,3,FFF,26,TRUE
капельмейстер,kapelʲmejster,ka.pelʲ.mejs.ter,4,FFFF,3,TRUE
капилляр,kapilljar,ka.pill.jar,3,FFF,2,TRUE
капитал,kapital,ka.pi.tal,3,FFF,56,TRUE
капиталист,kapitalist,ka.pi.ta.list,4,FFFF,17,TRUE
капиталистла,kapitalistla,ka.pi.ta.list.la,5,FFFFF,,FALSE
капиталлӑ,kapitallɵ,ka.pi.tal.lɵ,4,FFFR,168,TRUE
капитан,kapitan,ka.pi.tan,3,FFF,1464,TRUE
капитель,kapitelʲ,ka.pi.telʲ,3,FFF,,FALSE
капитулянт,kapituljant,ka.pi.tul.jant,4,FFFF,1,TRUE
капитулянтла,kapituljantla,ka.pi.tul.jant.la,5,FFFFF,,FALSE
капкӑн,kapkɵn,kap.kɵn,2,FR,395,TRUE
капкӑнҫӑ,kapkɵnɕɵ,kap.kɵn.ɕɵ,3,FRR,7,TRUE
капла,kapla,kap.la,2,FF,3514,TRUE
каплалла,kaplalla,kap.lal.la,3,FFF,7,TRUE
каплам,kaplam,kap.lam,2,FF,10,TRUE
капламкапламӑн,kaplamkaplamɵn,kap.lam.kap.la.mɵn,5,FFFFR,,FALSE
капламӑш,kaplamɵʃ,kap.la.mɵʃ,3,FFR,,FALSE
каплан,kaplan,kap.lan,2,FF,2,TRUE
каплантар,kaplantar,kap.lan.tar,3,FFF,,FALSE
каплану,kaplanu,kap.la.nu,3,FFF,1,TRUE
капланчӑк,kaplantɕɵk,kap.lan.tɕɵk,3,FFR,5,TRUE
каплат,kaplat,kap.lat,2,FF,,FALSE
каплаттар,kaplattar,kap.lat.tar,3,FFF,,FALSE
капмар,kapmar,kap.mar,2,FF,337,TRUE
капмарлан,kapmarlan,kap.mar.lan,3,FFF,,FALSE
капмарлантар,kapmarlantar,kap.mar.lan.tar,4,FFFF,,FALSE
капмарлӑх,kapmarlɵx,kap.mar.lɵx,3,FFR,4,TRUE
капмаррӑн,kapmarrɵn,kap.mar.rɵn,3,FFR,6,TRUE
каппай,kappaj,kap.paj,2,FF,15,TRUE
каппайлан,kappajlan,kap.paj.lan,3,FFF,2,TRUE
каппайлӑх,kappajlɵx,kap.paj.lɵx,3,FFR,1,TRUE
каппайчӑк,kappajtɕɵk,kap.paj.tɕɵk,3,FFR,66,TRUE
каппӑн,kappɵn,kap.pɵn,2,FR,3,TRUE
каппипе,kappipe,kap.pi.pe,3,FFF,,FALSE
капрал,kapral,kap.ral,2,FF,40,TRUE
капсула,kapsula,kap.su.la,3,FFF,25,TRUE
капсюллӗ,kapsjullø,kaps.jul.lø,3,FFR,1,TRUE
капсюль,kapsjulʲ,kaps.julʲ,2,FF,1,TRUE
каптак,kaptak,kap.tak,2,FF,2,TRUE
каптака,kaptaka,kap.ta.ka,3,FFF,4,TRUE
каптал,kaptal,kap.tal,2,FF,1,TRUE
капташка,kaptaʃka,kap.taʃ.ka,3,FFF,2,TRUE
каптӑк,kaptɵk,kap.tɵk,2,FR,2,TRUE
каптӑкӑн,kaptɵkɵn,kap.tɵ.kɵn,3,FRR,1,TRUE
каптӑм,kaptɵm,kap.tɵm,2,FR,1,TRUE
каптӑмӑн,kaptɵmɵn,kap.tɵ.mɵn,3,FRR,6,TRUE
каптӑмӑнкаптӑмӑн,kaptɵmɵnkaptɵmɵn,kap.tɵ.mɵn.kap.tɵ.mɵn,6,FRRFRR,,FALSE
каптӑр,kaptɵr,kap.tɵr,2,FR,36,TRUE
каптӑркка,kaptɵrkka,kap.tɵrk.ka,3,FRF,11,TRUE
каптӑрма,kaptɵrma,kap.tɵr.ma,3,FRF,12,TRUE
каптӑрмаллӑ,kaptɵrmallɵ,kap.tɵr.mal.lɵ,4,FRFR,5,TRUE
каптӑрт,kaptɵrt,kap.tɵrt,2,FR,6,TRUE
каптӑртат,kaptɵrtat,kap.tɵr.tat,3,FRF,1,TRUE
каптӑртаттар,kaptɵrtattar,kap.tɵr.tat.tar,4,FRFF,1,TRUE
каптӑртӑк,kaptɵrtɵk,kap.tɵr.tɵk,3,FRR,1,TRUE
каптенармус,kaptenarmus,kap.te.nar.mus,4,FFFF,2,TRUE
каптерка,kapterka,kap.ter.ka,3,FFF,3,TRUE
капут,kaput,ka.put,2,FF,26,TRUE
кар,kar,kar,1,F,789,TRUE
кара,kara,ka.ra,2,FF,194,TRUE
карав,karaʋ,ka.raʋ,2,FF,3,TRUE
караван,karaʋan,ka.ra.ʋan,3,FFF,78,TRUE
караванҫӑ,karaʋanɕɵ,ka.ra.ʋan.ɕɵ,4,FFFR,,FALSE
каравелла,karaʋella,ka.ra.ʋel.la,4,FFFF,1,TRUE
караим,karaim,ka.ra.im,3,FFF,10,TRUE
караимла,karaimla,ka.ra.im.la,4,FFFF,,FALSE
карак,karak,ka.rak,2,FF,11,TRUE
каракалпак,karakalpak,ka.ra.kal.pak,4,FFFF,14,TRUE
каракалпакла,karakalpakla,ka.ra.kal.pak.la,5,FFFFF,1,TRUE
каракуль,karakulʲ,ka.ra.kulʲ,3,FFF,46,TRUE
карал,karal,ka.ral,2,FF,1,TRUE
карамель,karamelʲ,ka.ra.melʲ,3,FFF,25,TRUE
каран,karan,ka.ran,2,FF,30,TRUE
карантин,karantin,ka.ran.tin,3,FFF,111,TRUE
карап,karap,ka.rap,2,FF,968,TRUE
караппӑл,karappɵl,ka.rap.pɵl,3,FFR,44,TRUE
карас,karas,ka.ras,2,FF,426,TRUE
караслӑ,karaslɵ,ka.ras.lɵ,3,FFR,28,TRUE
карат,karat,ka.rat,2,FF,8,TRUE
каратель,karatelʲ,ka.ra.telʲ,3,FFF,22,TRUE
караул,karaul,ka.ra.ul,3,FFF,48,TRUE
карачай,karatɕaj,ka.ra.tɕaj,3,FFF,81,TRUE
карӑ,karɵ,ka.rɵ,2,FR,36,TRUE
карӑк,karɵk,ka.rɵk,2,FR,136,TRUE
карӑклат,karɵklat,ka.rɵk.lat,3,FRF,1,TRUE
карӑл,karɵl,ka.rɵl,2,FR,1,TRUE
карӑм,karɵm,ka.rɵm,2,FR,24,TRUE
карӑмлӑ,karɵmlɵ,ka.rɵm.lɵ,3,FRR,,FALSE
карӑн,karɵn,ka.rɵn,2,FR,14,TRUE
карӑнтар,karɵntar,ka.rɵn.tar,3,FRF,2,TRUE
карӑнтӑк,karɵntɵk,ka.rɵn.tɵk,3,FRR,13,TRUE
карӑнчӑк,karɵntɕɵk,ka.rɵn.tɕɵk,3,FRR,4,TRUE
карӑс,karɵs,ka.rɵs,2,FR,3,TRUE
карӑш,karɵʃ,ka.rɵʃ,2,FR,66,TRUE
карел,karel,ka.rel,2,FF,39,TRUE
карелла,karella,ka.rel.la,3,FFF,,FALSE
карета,kareta,ka.re.ta,3,FFF,33,TRUE
каретка,karetka,ka.ret.ka,3,FFF,1,TRUE
кариес,karies,ka.ri.es,3,FFF,19,TRUE
карик,karik,ka.rik,2,FF,,FALSE
карикатура,karikatura,ka.ri.ka.tu.ra,5,FFFFF,11,TRUE
карикатурӑлла,karikaturɵlla,ka.ri.ka.tu.rɵl.la,6,FFFFRF,,FALSE
карикатурӑллӑ,karikaturɵllɵ,ka.ri.ka.tu.rɵl.lɵ,6,FFFFRR,1,TRUE
карикатурист,karikaturist,ka.ri.ka.tu.rist,5,FFFFF,3,TRUE
кариклет,kariklet,ka.rik.let,3,FFF,,FALSE
кариклеттер,karikletter,ka.rik.let.ter,4,FFFF,,FALSE
карк,kark,kark,1,F,5,TRUE
каркал,karkal,kar.kal,2,FF,,FALSE
каркала,karkala,kar.ka.la,3,FFF,4,TRUE
каркалан,karkalan,kar.ka.lan,3,FFF,3,TRUE
каркаланчӑк,karkalantɕɵk,kar.ka.lan.tɕɵk,4,FFFR,2,TRUE
каркалт,karkalt,kar.kalt,2,FF,,FALSE
каркалтӑн,karkaltɵn,kar.kal.tɵn,3,FFR,1,TRUE
каркаррӑн,karkarrɵn,kar.kar.rɵn,3,FFR,1,TRUE
каркас,karkas,kar.kas,2,FF,13,TRUE
каркаслӑ,karkaslɵ,kar.kas.lɵ,3,FFR,6,TRUE
каркӑҫ,karkɵɕ,kar.kɵɕ,2,FR,11,TRUE
каркӑч,karkɵtɕ,kar.kɵtɕ,2,FR,1,TRUE
каркӑчла,karkɵtɕla,kar.kɵtɕ.la,3,FRF,1,TRUE
каркӑчлан,karkɵtɕlan,kar.kɵtɕ.lan,3,FRF,1,TRUE
карклат,karklat,kark.lat,2,FF,1,TRUE
карла,karla,kar.la,2,FF,28,TRUE
карлав,karlaʋ,kar.laʋ,2,FF,24,TRUE
карланкӑ,karlankɵ,kar.lan.kɵ,3,FFR,72,TRUE
карлат,karlat,kar.lat,2,FF,,FALSE
карлаттар,karlattar,kar.lat.tar,3,FFF,1,TRUE
карлӑк,karlɵk,kar.lɵk,2,FR,138,TRUE
карлӑклӑ,karlɵklɵ,kar.lɵk.lɵ,3,FRR,11,TRUE
карлӑч,karlɵtɕ,kar.lɵtɕ,2,FR,1,TRUE
карлик,karlik,kar.lik,2,FF,44,TRUE
карликла,karlikla,kar.lik.la,3,FFF,1,TRUE
карма,karma,kar.ma,2,FF,172,TRUE
кармак,karmak,kar.mak,2,FF,7,TRUE
кармакчармак,karmaktɕarmak,kar.mak.tɕar.mak,4,FFFF,,FALSE
кармака,karmaka,kar.ma.ka,3,FFF,3,TRUE
кармакла,karmakla,kar.mak.la,3,FFF,,FALSE
кармаклан,karmaklan,kar.mak.lan,3,FFF,,FALSE
кармаклантар,karmaklantar,kar.mak.lan.tar,4,FFFF,,FALSE
кармаклаттар,karmaklattar,kar.mak.lat.tar,4,FFFF,,FALSE
кармаклӑ,karmaklɵ,kar.mak.lɵ,3,FFR,3,TRUE
карман,karman,kar.man,2,FF,241,TRUE
кармаш,karmaʃ,kar.maʃ,2,FF,10,TRUE
кармашӑн,karmaʃɵn,kar.ma.ʃɵn,3,FFR,1,TRUE
кармаштар,karmaʃtar,kar.maʃ.tar,3,FFF,,FALSE
кармин,karmin,kar.min,2,FF,,FALSE
кармунь,karmunʲ,kar.munʲ,2,FF,1,TRUE
карнавал,karnaʋal,kar.na.ʋal,3,FFF,21,TRUE
карнис,karnis,kar.nis,2,FF,10,TRUE
карнисла,karnisla,kar.nis.la,3,FFF,,FALSE
карнт,karnt,karnt,1,F,,FALSE
карп,karp,karp,1,F,98,TRUE
карпӑчлан,karpɵtɕlan,kar.pɵtɕ.lan,3,FRF,,FALSE
карпӑчлантар,karpɵtɕlantar,kar.pɵtɕ.lan.tar,4,FRFF,,FALSE
карр,karr,karr,1,F,6,TRUE
каррӑн,karrɵn,kar.rɵn,2,FR,12,TRUE
карсак,karsak,kar.sak,2,FF,34,TRUE
карст,karst,karst,1,F,23,TRUE
карҫинкка,karɕinkka,kar.ɕink.ka,3,FFF,157,TRUE
карт,kart,kart,1,F,616,TRUE
карта,karta,kar.ta,2,FF,1977,TRUE
картавите,kartaʋite,kar.ta.ʋi.te,4,FFFF,,FALSE
картахура,kartaxura,kar.ta.xu.ra,4,FFFF,,FALSE
картала,kartala,kar.ta.la,3,FFF,2,TRUE
карталан,kartalan,kar.ta.lan,3,FFF,1,TRUE
карталантар,kartalantar,kar.ta.lan.tar,4,FFFF,,FALSE
карталаттар,kartalattar,kar.ta.lat.tar,4,FFFF,,FALSE
карталӑк,kartalɵk,kar.ta.lɵk,3,FFR,5,TRUE
карталла,kartalla,kar.tal.la,3,FFF,,FALSE
карталлӑ,kartallɵ,kar.tal.lɵ,3,FFR,12,TRUE
картан,kartan,kar.tan,2,FF,39,TRUE
картар,kartar,kar.tar,2,FF,,FALSE
картелле,kartelle,kar.tel.le,3,FFF,,FALSE
картель,kartelʲ,kar.telʲ,2,FF,3,TRUE
картер,karter,kar.ter,2,FF,18,TRUE
картечлӗ,kartetɕlø,kar.tetɕ.lø,3,FFR,1,TRUE
картечь,kartetɕʲ,kar.tetɕʲ,2,FF,2,TRUE
картикарти,kartikarti,kar.ti.kar.ti,4,FFFF,,FALSE
картина,kartina,kar.ti.na,3,FFF,518,TRUE
картинка,kartinka,kar.tin.ka,3,FFF,33,TRUE
картиш,kartiʃ,kar.tiʃ,2,FF,630,TRUE
картишлӗ,kartiʃlø,kar.tiʃ.lø,3,FFR,1,TRUE
картла,kartla,kart.la,2,FF,181,TRUE
картлам,kartlam,kart.lam,2,FF,9,TRUE
картлама,kartlama,kart.la.ma,3,FFF,11,TRUE
картлан,kartlan,kart.lan,2,FF,,FALSE
картлантар,kartlantar,kart.lan.tar,3,FFF,,FALSE
картланчӑк,kartlantɕɵk,kart.lan.tɕɵk,3,FFR,1,TRUE
картлат,kartlat,kart.lat,2,FF,,FALSE
картлаттар,kartlattar,kart.lat.tar,3,FFF,,FALSE
картлашка,kartlaʃka,kart.laʃ.ka,3,FFF,302,TRUE
картлашкалан,kartlaʃkalan,kart.laʃ.ka.lan,4,FFFF,,FALSE
картлашкаллӑ,kartlaʃkallɵ,kart.laʃ.kal.lɵ,4,FFFR,20,TRUE
картлӑ,kartlɵ,kart.lɵ,2,FR,50,TRUE
картлӑнкартлӑн,kartlɵnkartlɵn,kart.lɵn.kart.lɵn,4,FRFR,,FALSE
картсӑр,kartsɵr,kar.tsɵr,2,FR,2,TRUE
карттар,karttar,kart.tar,2,FF,,FALSE
карттӑ,karttɵ,kart.tɵ,2,FR,164,TRUE
карттус,karttus,kart.tus,2,FF,201,TRUE
картун,kartun,kar.tun,2,FF,59,TRUE
кару,karu,ka.ru,2,FF,6,TRUE
карусель,karuselʲ,ka.ru.selʲ,3,FFF,80,TRUE
карчамас,kartɕamas,kar.tɕa.mas,3,FFF,58,TRUE
карчӑк,kartɕɵk,kar.tɕɵk,2,FR,2935,TRUE
карчӑккӗрчӗк,kartɕɵkkørtɕøk,kar.tɕɵk.kør.tɕøk,4,FRRR,1,TRUE
карчӑкла,kartɕɵkla,kar.tɕɵk.la,3,FRF,15,TRUE
карчӑклан,kartɕɵklan,kar.tɕɵk.lan,3,FRF,1,TRUE
карччамай,kartɕtɕamaj,kartɕ.tɕa.maj,3,FFF,1,TRUE
карш,karʃ,karʃ,1,F,,FALSE
каршака,karʃaka,kar.ʃa.ka,3,FFF,,FALSE
каршлат,karʃlat,karʃ.lat,2,FF,,FALSE
карьер,karʲer,ka.rʲer,2,FF,7,TRUE
карьера,karʲera,ka.rʲe.ra,3,FFF,291,TRUE
карьерист,karʲerist,ka.rʲe.rist,3,FFF,10,TRUE
карьеристла,karʲeristla,ka.rʲe.rist.la,4,FFFF,2,TRUE
кас,kas,kas,1,F,947,TRUE
касйыш,kasjʉʃ,kas.jʉʃ,2,FF,,FALSE
каскас,kaskas,kas.kas,2,FF,,FALSE
касак,kasak,ka.sak,2,FF,147,TRUE
касаккин,kasakkin,ka.sak.kin,3,FFF,,FALSE
касакла,kasakla,ka.sak.la,3,FFF,2,TRUE
касамат,kasamat,ka.sa.mat,3,FFF,15,TRUE
касӑ,kasɵ,ka.sɵ,2,FR,137,TRUE
касӑк,kasɵk,ka.sɵk,2,FR,65,TRUE
касӑккӗсӗк,kasɵkkøsøk,ka.sɵk.kø.søk,4,FRRR,,FALSE
касӑкӑнкасӑкӑн,kasɵkɵnkasɵkɵn,ka.sɵ.kɵn.ka.sɵ.kɵn,6,FRRFRR,,FALSE
касӑл,kasɵl,ka.sɵl,2,FR,5,TRUE
касӑллӑ,kasɵllɵ,ka.sɵl.lɵ,3,FRR,10,TRUE
касӑлтар,kasɵltar,ka.sɵl.tar,3,FRF,1,TRUE
касӑм,kasɵm,ka.sɵm,2,FR,5,TRUE
касӑн,kasɵn,ka.sɵn,2,FR,13,TRUE
касӑх,kasɵx,ka.sɵx,2,FR,,FALSE
касӑхтар,kasɵxtar,ka.sɵx.tar,3,FRF,1,TRUE
каска,kaska,kas.ka,2,FF,460,TRUE
каскала,kaskala,kas.ka.la,3,FFF,2,TRUE
каскалакан,kaskalakan,kas.ka.la.kan,4,FFFF,6,TRUE
каскалан,kaskalan,kas.ka.lan,3,FFF,,FALSE
каскаланчӑк,kaskalantɕɵk,kas.ka.lan.tɕɵk,4,FFFR,2,TRUE
каскӑн,kaskɵn,kas.kɵn,2,FR,104,TRUE
каскӑнлан,kaskɵnlan,kas.kɵn.lan,3,FRF,1,TRUE
каскӑч,kaskɵtɕ,kas.kɵtɕ,2,FR,30,TRUE
касмак,kasmak,kas.mak,2,FF,8,TRUE
касмӑк,kasmɵk,kas.mɵk,2,FR,14,TRUE
касмӑкла,kasmɵkla,kas.mɵk.la,3,FRF,1,TRUE
касмӑклан,kasmɵklan,kas.mɵk.lan,3,FRF,2,TRUE
касмӑклаттар,kasmɵklattar,kas.mɵk.lat.tar,4,FRFF,,FALSE
касмӑч,kasmɵtɕ,kas.mɵtɕ,2,FR,,FALSE
касса,kassa,kas.sa,2,FF,4179,TRUE
кассӑнкассӑн,kassɵnkassɵn,kas.sɵn.kas.sɵn,4,FRFR,2,TRUE
кассӑр,kassɵr,kas.sɵr,2,FR,,FALSE
кассета,kasseta,kas.se.ta,3,FFF,31,TRUE
кассикассипе,kassikassipe,kas.si.kas.si.pe,5,FFFFF,,FALSE
кассир,kassir,kas.sir,2,FF,77,TRUE
кассирша,kassirʃa,kas.sir.ʃa,3,FFF,3,TRUE
каста,kasta,kas.ta,2,FF,4,TRUE
кастаньета,kastanʲeta,kas.ta.nʲe.ta,4,FFFF,,FALSE
кастар,kastar,kas.tar,2,FF,16,TRUE
кастӑлӑх,kastɵlɵx,kas.tɵ.lɵx,3,FRR,,FALSE
кастелянша,kasteljanʃa,kas.tel.jan.ʃa,4,FFFF,5,TRUE
кастрат,kastrat,kast.rat,2,FF,1,TRUE
кастрюль,kastrjulʲ,kastr.julʲ,2,FF,79,TRUE
касу,kasu,ka.su,2,FF,42,TRUE
касулла,kasulla,ka.sul.la,3,FFF,,FALSE
касуллӑ,kasullɵ,ka.sul.lɵ,3,FFR,1,TRUE
касуҫ,kasuɕ,ka.suɕ,2,FF,,FALSE
каҫ,kaɕ,kaɕ,1,F,7865,TRUE
каҫкаҫ,kaɕkaɕ,kaɕ.kaɕ,2,FF,,FALSE
каҫкаҫӑн,kaɕkaɕɵn,kaɕ.ka.ɕɵn,3,FFR,,FALSE
каҫа,kaɕa,ka.ɕa,2,FF,1151,TRUE
каҫак,kaɕak,ka.ɕak,2,FF,6,TRUE
каҫал,kaɕal,ka.ɕal,2,FF,389,TRUE
каҫала,kaɕala,ka.ɕa.la,3,FFF,12,TRUE
каҫалана,kaɕalana,ka.ɕa.la.na,4,FFFF,18,TRUE
каҫалапа,kaɕalapa,ka.ɕa.la.pa,4,FFFF,255,TRUE
каҫалахи,kaɕalaxi,ka.ɕa.la.xi,4,FFFF,4,TRUE
каҫалӑк,kaɕalɵk,ka.ɕa.lɵk,3,FFR,82,TRUE
каҫалла,kaɕalla,ka.ɕal.la,3,FFF,36,TRUE
каҫан,kaɕan,ka.ɕan,2,FF,8,TRUE
каҫансӑр,kaɕansɵr,ka.ɕan.sɵr,3,FFR,,FALSE
каҫар,kaɕar,ka.ɕar,2,FF,1905,TRUE
каҫарӑн,kaɕarɵn,ka.ɕa.rɵn,3,FFR,21,TRUE
каҫарттар,kaɕarttar,ka.ɕart.tar,3,FFF,3,TRUE
каҫару,kaɕaru,ka.ɕa.ru,3,FFF,1332,TRUE
каҫӑ,kaɕɵ,ka.ɕɵ,2,FR,165,TRUE
каҫӑн,kaɕɵn,ka.ɕɵn,2,FR,341,TRUE
каҫӑнирӗн,kaɕɵnirøn,ka.ɕɵ.ni.røn,4,FRFR,,FALSE
каҫӑр,kaɕɵr,ka.ɕɵr,2,FR,154,TRUE
каҫӑрӑл,kaɕɵrɵl,ka.ɕɵ.rɵl,3,FRR,2,TRUE
каҫӑрӑлтар,kaɕɵrɵltar,ka.ɕɵ.rɵl.tar,4,FRRF,1,TRUE
каҫӑрӑлчӑк,kaɕɵrɵltɕɵk,ka.ɕɵ.rɵl.tɕɵk,4,FRRR,1,TRUE
каҫӑркка,kaɕɵrkka,ka.ɕɵrk.ka,3,FRF,7,TRUE
каҫӑрт,kaɕɵrt,ka.ɕɵrt,2,FR,21,TRUE
каҫӑрттар,kaɕɵrttar,ka.ɕɵrt.tar,3,FRF,1,TRUE
каҫӑх,kaɕɵx,ka.ɕɵx,2,FR,3,TRUE
каҫӑхтар,kaɕɵxtar,ka.ɕɵx.tar,3,FRF,1,TRUE
каҫипе,kaɕipe,ka.ɕi.pe,3,FFF,227,TRUE
каҫиччен,kaɕitɕtɕen,ka.ɕitɕ.tɕen,3,FFF,267,TRUE
каҫкӑч,kaɕkɵtɕ,kaɕ.kɵtɕ,2,FR,1,TRUE
каҫла,kaɕla,kaɕ.la,2,FF,2,TRUE
каҫма,kaɕma,kaɕ.ma,2,FF,1325,TRUE
каҫмӑк,kaɕmɵk,kaɕ.mɵk,2,FR,1,TRUE
каҫпа,kaɕpa,kaɕ.pa,2,FF,828,TRUE
каҫранпа,kaɕranpa,kaɕ.ran.pa,3,FFF,18,TRUE
каҫрашка,kaɕraʃka,kaɕ.raʃ.ka,3,FFF,5,TRUE
каҫсерен,kaɕseren,kaɕ.se.ren,3,FFF,972,TRUE
каҫтар,kaɕtar,kaɕ.tar,2,FF,,FALSE
каҫунккӑ,kaɕunkkɵ,ka.ɕunk.kɵ,3,FFR,11,TRUE
каҫхи,kaɕxi,kaɕ.xi,2,FF,3544,TRUE
каҫхине,kaɕxine,kaɕ.xi.ne,3,FFF,4052,TRUE
каҫхинехи,kaɕxinexi,kaɕ.xi.ne.xi,4,FFFF,5,TRUE
каҫчен,kaɕtɕen,kaɕ.tɕen,2,FF,587,TRUE
кат,kat,kat,1,F,33,TRUE
ката,kata,ka.ta,2,FF,210,TRUE
каталепси,katalepsi,ka.ta.lep.si,4,FFFF,,FALSE
катамаран,katamaran,ka.ta.ma.ran,4,FFFF,11,TRUE
катан,katan,ka.tan,2,FF,56,TRUE
катана,katana,ka.ta.na,3,FFF,36,TRUE
катанпир,katanpir,ka.tan.pir,3,FFF,26,TRUE
катапульта,katapulʲta,ka.ta.pulʲ.ta,4,FFFF,2,TRUE
катапультӑла,katapulʲtɵla,ka.ta.pulʲ.tɵ.la,5,FFFRF,1,TRUE
катапультӑлан,katapulʲtɵlan,ka.ta.pulʲ.tɵ.lan,5,FFFRF,1,TRUE
катар,katar,ka.tar,2,FF,22,TRUE
катара,katara,ka.ta.ra,3,FFF,122,TRUE
катаракта,katarakta,ka.ta.rak.ta,4,FFFF,9,TRUE
катаран,kataran,ka.ta.ran,3,FFF,160,TRUE
катари,katari,ka.ta.ri,3,FFF,91,TRUE
катаччи,katatɕtɕi,ka.tatɕ.tɕi,3,FFF,237,TRUE
катӑк,katɵk,ka.tɵk,2,FR,560,TRUE
катӑккӗсӗк,katɵkkøsøk,ka.tɵk.kø.søk,4,FRRR,,FALSE
катӑкпӑсӑк,katɵkpɵsɵk,ka.tɵk.pɵ.sɵk,4,FRRR,,FALSE
катӑкӑн,katɵkɵn,ka.tɵ.kɵn,3,FRR,4,TRUE
катӑкӑнкӗсӗкӗн,katɵkɵnkøsøkøn,ka.tɵ.kɵn.kø.sø.køn,6,FRRRRR,,FALSE
катӑкла,katɵkla,ka.tɵk.la,3,FRF,,FALSE
катӑклӑ,katɵklɵ,ka.tɵk.lɵ,3,FRR,8,TRUE
катӑл,katɵl,ka.tɵl,2,FR,2,TRUE
катӑлтар,katɵltar,ka.tɵl.tar,3,FRF,1,TRUE
катӑркатӑр,katɵrkatɵr,ka.tɵr.ka.tɵr,4,FRFR,,FALSE
катӑркас,katɵrkas,ka.tɵr.kas,3,FRF,68,TRUE
катӑрмак,katɵrmak,ka.tɵr.mak,3,FRF,1,TRUE
катӑрт,katɵrt,ka.tɵrt,2,FR,6,TRUE
катӑртат,katɵrtat,ka.tɵr.tat,3,FRF,1,TRUE
катӑртаттар,katɵrtattar,ka.tɵr.tat.tar,4,FRFF,2,TRUE
катемпи,katempi,ka.tem.pi,3,FFF,148,TRUE
катемпилле,katempille,ka.tem.pil.le,4,FFFF,1,TRUE
катен,katen,ka.ten,2,FF,3,TRUE
катер,kater,ka.ter,2,FF,135,TRUE
катерӗн,katerøn,ka.te.røn,3,FFR,6,TRUE
катерт,katert,ka.tert,2,FF,2,TRUE
катерттер,katertter,ka.tert.ter,3,FFF,,FALSE
катет,katet,ka.tet,2,FF,3,TRUE
катӗр,katør,ka.tør,2,FR,2,TRUE
кати,kati,ka.ti,2,FF,138,TRUE
катикле,katikle,ka.tik.le,3,FFF,,FALSE
катир,katir,ka.tir,2,FF,,FALSE
катка,katka,kat.ka,2,FF,193,TRUE
каткапичке,katkapitɕke,kat.ka.pitɕ.ke,4,FFFF,,FALSE
каткасарма,katkasarma,kat.ka.sar.ma,4,FFFF,,FALSE
каткӑҫ,katkɵɕ,kat.kɵɕ,2,FR,,FALSE
катлат,katlat,kat.lat,2,FF,,FALSE
катлаттар,katlattar,kat.lat.tar,3,FFF,,FALSE
катмак,katmak,kat.mak,2,FF,24,TRUE
катмакла,katmakla,kat.mak.la,3,FFF,3,TRUE
катмаклан,katmaklan,kat.mak.lan,3,FFF,,FALSE
катмар,katmar,kat.mar,2,FF,44,TRUE
катмарлан,katmarlan,kat.mar.lan,3,FFF,,FALSE
катмаррӑн,katmarrɵn,kat.mar.rɵn,3,FFR,1,TRUE
катрака,katraka,kat.ra.ka,3,FFF,,FALSE
катрам,katram,kat.ram,2,FF,71,TRUE
катрамӑн,katramɵn,kat.ra.mɵn,3,FFR,3,TRUE
катрамлан,katramlan,kat.ram.lan,3,FFF,,FALSE
катрамлӑ,katramlɵ,kat.ram.lɵ,3,FFR,1,TRUE
катрашка,katraʃka,kat.raʃ.ka,3,FFF,5,TRUE
катрашкалан,katraʃkalan,kat.raʃ.ka.lan,4,FFFF,,FALSE
катрашкалантар,katraʃkalantar,kat.raʃ.ka.lan.tar,5,FFFFF,,FALSE
катрашкалат,katraʃkalat,kat.raʃ.ka.lat,4,FFFF,,FALSE
катрашкаллӑ,katraʃkallɵ,kat.raʃ.kal.lɵ,4,FFFR,6,TRUE
каттар,kattar,kat.tar,2,FF,,FALSE
каттӑршнӑй,kattɵrʃnɵj,kat.tɵrʃ.nɵj,3,FRR,22,TRUE
катти,katti,kat.ti,2,FF,3,TRUE
каття,kattja,katt.ja,2,FF,2,TRUE
катушка,katuʃka,ka.tuʃ.ka,3,FFF,6,TRUE
катюша,katjuʃa,kat.ju.ʃa,3,FFF,123,TRUE
каустик,kaustik,ka.us.tik,3,FFF,,FALSE
каучук,kautɕuk,ka.u.tɕuk,3,FFF,16,TRUE
каучуклӑ,kautɕuklɵ,ka.u.tɕuk.lɵ,4,FFFR,1,TRUE
ках,kax,kax,1,F,20,TRUE
кахал,kaxal,ka.xal,2,FF,351,TRUE
кахалнаян,kaxalnajan,ka.xal.na.jan,4,FFFF,,FALSE
кахаллан,kaxallan,ka.xal.lan,3,FFF,,FALSE
кахаллантар,kaxallantar,ka.xal.lan.tar,4,FFFF,1,TRUE
кахаллӑн,kaxallɵn,ka.xal.lɵn,3,FFR,18,TRUE
кахаллӑх,kaxallɵx,ka.xal.lɵx,3,FFR,11,TRUE
кахат,kaxat,ka.xat,2,FF,,FALSE
кахатлӑ,kaxatlɵ,ka.xat.lɵ,3,FFR,,FALSE
кахатлӑх,kaxatlɵx,ka.xat.lɵx,3,FFR,3,TRUE
кахӑр,kaxɵr,ka.xɵr,2,FR,5,TRUE
кахлат,kaxlat,kax.lat,2,FF,,FALSE
кахлаттар,kaxlattar,kax.lat.tar,3,FFF,,FALSE
кахлӑх,kaxlɵx,kax.lɵx,2,FR,,FALSE
кач,katɕ,katɕ,1,F,58,TRUE
кача,katɕa,ka.tɕa,2,FF,147,TRUE
качака,katɕaka,ka.tɕa.ka,3,FFF,1181,TRUE
качакалла,katɕakalla,ka.tɕa.kal.la,4,FFFF,15,TRUE
качакла,katɕakla,ka.tɕak.la,3,FFF,,FALSE
качала,katɕala,ka.tɕa.la,3,FFF,1,TRUE
качалан,katɕalan,ka.tɕa.lan,3,FFF,,FALSE
качалккӑ,katɕalkkɵ,ka.tɕalk.kɵ,3,FFR,,FALSE
качаллӑ,katɕallɵ,ka.tɕal.lɵ,3,FFR,5,TRUE
качама,katɕama,ka.tɕa.ma,3,FFF,,FALSE
качамас,katɕamas,ka.tɕa.mas,3,FFF,4,TRUE
качӑ,katɕɵ,ka.tɕɵ,2,FR,8,TRUE
качӑмӑчӑ,katɕɵmɵtɕɵ,ka.tɕɵ.mɵ.tɕɵ,4,FRRR,,FALSE
качӑр,katɕɵr,ka.tɕɵr,2,FR,16,TRUE
качӑрт,katɕɵrt,ka.tɕɵrt,2,FR,5,TRUE
качӑртат,katɕɵrtat,ka.tɕɵr.tat,3,FRF,1,TRUE
качӑртаттар,katɕɵrtattar,ka.tɕɵr.tat.tar,4,FRFF,,FALSE
качӑрти,katɕɵrti,ka.tɕɵr.ti,3,FRF,,FALSE
качи,katɕi,ka.tɕi,2,FF,16,TRUE
качка,katɕka,katɕ.ka,2,FF,43,TRUE
качлат,katɕlat,katɕ.lat,2,FF,,FALSE
качлаттар,katɕlattar,katɕ.lat.tar,3,FFF,,FALSE
качмак,katɕmak,katɕ.mak,2,FF,,FALSE
качтаки,katɕtaki,katɕ.ta.ki,3,FFF,33,TRUE
качча,katɕtɕa,katɕ.tɕa,2,FF,7560,TRUE
каччӑ,katɕtɕɵ,katɕ.tɕɵ,2,FR,10149,TRUE
каччӑтерӗш,katɕtɕɵterøʃ,katɕ.tɕɵ.te.røʃ,4,FRFR,,FALSE
каччӑлла,katɕtɕɵlla,katɕ.tɕɵl.la,3,FRF,139,TRUE
каччӑм,katɕtɕɵm,katɕ.tɕɵm,2,FR,12,TRUE
каш,kaʃ,kaʃ,1,F,210,TRUE
кашавар,kaʃaʋar,ka.ʃa.ʋar,3,FFF,,FALSE
кашаман,kaʃaman,ka.ʃa.man,3,FFF,38,TRUE
кашӑк,kaʃɵk,ka.ʃɵk,2,FR,1020,TRUE
кашӑктирӗк,kaʃɵktirøk,ka.ʃɵk.ti.røk,4,FRFR,,FALSE
кашӑкчашӑк,kaʃɵktɕaʃɵk,ka.ʃɵk.tɕa.ʃɵk,4,FRFR,,FALSE
кашӑкҫӑ,kaʃɵkɕɵ,ka.ʃɵk.ɕɵ,3,FRR,,FALSE
кашӑл,kaʃɵl,ka.ʃɵl,2,FR,3,TRUE
кашӑлтат,kaʃɵltat,ka.ʃɵl.tat,3,FRF,1,TRUE
кашӑр,kaʃɵr,ka.ʃɵr,2,FR,8,TRUE
кашӑрка,kaʃɵrka,ka.ʃɵr.ka,3,FRF,,FALSE
кашӑркка,kaʃɵrkka,ka.ʃɵrk.ka,3,FRF,2,TRUE
кашӑрккалан,kaʃɵrkkalan,ka.ʃɵrk.ka.lan,4,FRFF,1,TRUE
кашӑртат,kaʃɵrtat,ka.ʃɵr.tat,3,FRF,1,TRUE
кашӑртаттар,kaʃɵrtattar,ka.ʃɵr.tat.tar,4,FRFF,,FALSE
кашемир,kaʃemir,ka.ʃe.mir,3,FFF,8,TRUE
кашка,kaʃka,kaʃ.ka,2,FF,8,TRUE
кашкӑр,kaʃkɵr,kaʃ.kɵr,2,FR,2213,TRUE
кашкӑрла,kaʃkɵrla,kaʃ.kɵr.la,3,FRF,57,TRUE
кашкӑрлан,kaʃkɵrlan,kaʃ.kɵr.lan,3,FRF,1,TRUE
кашла,kaʃla,kaʃ.la,2,FF,25,TRUE
кашлав,kaʃlaʋ,kaʃ.laʋ,2,FF,1,TRUE
кашлавлӑ,kaʃlaʋlɵ,kaʃ.laʋ.lɵ,3,FFR,2,TRUE
кашлат,kaʃlat,kaʃ.lat,2,FF,,FALSE
кашлаттар,kaʃlattar,kaʃ.lat.tar,3,FFF,,FALSE
кашлинчӗ,kaʃlintɕø,kaʃ.lin.tɕø,3,FFR,1,TRUE
кашма,kaʃma,kaʃ.ma,2,FF,24,TRUE
кашне,kaʃne,kaʃ.ne,2,FF,11,TRUE
кашни,kaʃni,kaʃ.ni,2,FF,26941,TRUE
кашнипӗр,kaʃnipør,kaʃ.ni.pør,3,FFR,,FALSE
кашнинчех,kaʃnintɕex,kaʃ.nin.tɕex,3,FFF,1091,TRUE
кашт,kaʃt,kaʃt,1,F,215,TRUE
кашта,kaʃta,kaʃ.ta,2,FF,258,TRUE
кашталан,kaʃtalan,kaʃ.ta.lan,3,FFF,,FALSE
каштан,kaʃtan,kaʃ.tan,2,FF,23,TRUE
каштӑр,kaʃtɵr,kaʃ.tɵr,2,FR,13,TRUE
каштӑрка,kaʃtɵrka,kaʃ.tɵr.ka,3,FRF,1,TRUE
каштӑркка,kaʃtɵrkka,kaʃ.tɵrk.ka,3,FRF,2,TRUE
каштӑрккалан,kaʃtɵrkkalan,kaʃ.tɵrk.ka.lan,4,FRFF,1,TRUE
каштӑрт,kaʃtɵrt,kaʃ.tɵrt,2,FR,1,TRUE
каштӑртат,kaʃtɵrtat,kaʃ.tɵr.tat,3,FRF,1,TRUE
каштӑртаттар,kaʃtɵrtattar,kaʃ.tɵr.tat.tar,4,FRFF,1,TRUE
каю,kaju,ka.ju,2,FF,97,TRUE
каюлан,kajulan,ka.ju.lan,3,FFF,,FALSE
каюллӑ,kajullɵ,ka.jul.lɵ,3,FFR,8,TRUE
каюра,kajura,ka.ju.ra,3,FFF,109,TRUE
каюта,kajuta,ka.ju.ta,3,FFF,38,TRUE
кая,kaja,ka.ja,2,FF,4377,TRUE
каялла,kajalla,ka.jal.la,3,FFF,14221,TRUE
каялламалалла,kajallamalalla,ka.jal.la.ma.lal.la,6,FFFFFF,,FALSE
каяннӑй,kajannɵj,ka.jan.nɵj,3,FFR,35,TRUE
каярах,kajarax,ka.ja.rax,3,FFF,3975,TRUE
каярахпа,kajaraxpa,ka.ja.rax.pa,4,FFFF,2588,TRUE
каяраххӑн,kajaraxxɵn,ka.ja.rax.xɵn,4,FFFR,,FALSE
каяш,kajaʃ,ka.jaʃ,2,FF,254,TRUE
кӑв,kɵʋ,kɵʋ,1,R,3,TRUE
кӑвайт,kɵʋajt,kɵ.ʋajt,2,RF,1032,TRUE
кӑвак,kɵʋak,kɵ.ʋak,2,RF,5217,TRUE
кӑвакал,kɵʋakal,kɵ.ʋa.kal,3,RFF,941,TRUE
кӑвакалхӑй,kɵʋakalxɵj,kɵ.ʋa.kal.xɵj,4,RFFR,,FALSE
кӑвакар,kɵʋakar,kɵ.ʋa.kar,3,RFF,6,TRUE
кӑвакарт,kɵʋakart,kɵ.ʋa.kart,3,RFF,3,TRUE
кӑвакарчӑн,kɵʋakartɕɵn,kɵ.ʋa.kar.tɕɵn,4,RFFR,403,TRUE
кӑвакарчӑнла,kɵʋakartɕɵnla,kɵ.ʋa.kar.tɕɵn.la,5,RFFRF,4,TRUE
кӑвакӑш,kɵʋakɵʃ,kɵ.ʋa.kɵʃ,3,RFR,14,TRUE
кӑваккӑн,kɵʋakkɵn,kɵ.ʋak.kɵn,3,RFR,97,TRUE
кӑваклан,kɵʋaklan,kɵ.ʋak.lan,3,RFF,1,TRUE
кӑваклат,kɵʋaklat,kɵ.ʋak.lat,3,RFF,1,TRUE
кӑвапа,kɵʋapa,kɵ.ʋa.pa,3,RFF,88,TRUE
кӑвар,kɵʋar,kɵ.ʋar,2,RF,1268,TRUE
кӑварла,kɵʋarla,kɵ.ʋar.la,3,RFF,17,TRUE
кӑварлан,kɵʋarlan,kɵ.ʋar.lan,3,RFF,3,TRUE
кӑварлантар,kɵʋarlantar,kɵ.ʋar.lan.tar,4,RFFF,1,TRUE
кӑварлат,kɵʋarlat,kɵ.ʋar.lat,3,RFF,1,TRUE
кӑварлӑ,kɵʋarlɵ,kɵ.ʋar.lɵ,3,RFR,129,TRUE
кӑваррӑн,kɵʋarrɵn,kɵ.ʋar.rɵn,3,RFR,50,TRUE
кӑвас,kɵʋas,kɵ.ʋas,2,RF,113,TRUE
кӑвасак,kɵʋasak,kɵ.ʋa.sak,3,RFF,8,TRUE
кӑвасаклан,kɵʋasaklan,kɵ.ʋa.sak.lan,4,RFFF,1,TRUE
кӑвасаклантар,kɵʋasaklantar,kɵ.ʋa.sak.lan.tar,5,RFFFF,1,TRUE
кӑвасаклат,kɵʋasaklat,kɵ.ʋa.sak.lat,4,RFFF,1,TRUE
кӑвасаклӑ,kɵʋasaklɵ,kɵ.ʋa.sak.lɵ,4,RFFR,2,TRUE
кӑвӑклат,kɵʋɵklat,kɵ.ʋɵk.lat,3,RRF,1,TRUE
кӑвӑлтат,kɵʋɵltat,kɵ.ʋɵl.tat,3,RRF,1,TRUE
кӑвӑлтаттар,kɵʋɵltattar,kɵ.ʋɵl.tat.tar,4,RRFF,1,TRUE
кӑвӑрӑл,kɵʋɵrɵl,kɵ.ʋɵ.rɵl,3,RRR,1,TRUE
кӑвӑрт,kɵʋɵrt,kɵ.ʋɵrt,2,RR,1,TRUE
кӑвӑрч,kɵʋɵrtɕ,kɵ.ʋɵrtɕ,2,RR,3,TRUE
кӑвӑрчла,kɵʋɵrtɕla,kɵ.ʋɵrtɕ.la,3,RRF,1,TRUE
кӑвӑрчлан,kɵʋɵrtɕlan,kɵ.ʋɵrtɕ.lan,3,RRF,1,TRUE
кӑвӑрчлӑ,kɵʋɵrtɕlɵ,kɵ.ʋɵrtɕ.lɵ,3,RRR,1,TRUE
кӑвви,kɵʋʋi,kɵʋ.ʋi,2,RF,3,TRUE
кӑвик,kɵʋik,kɵ.ʋik,2,RF,8,TRUE
кӑвиклет,kɵʋiklet,kɵ.ʋik.let,3,RFF,1,TRUE
кӑвлат,kɵʋlat,kɵʋ.lat,2,RF,1,TRUE
кӑйӑк,kɵjɵk,kɵ.jɵk,2,RR,6,TRUE
кӑйӑклат,kɵjɵklat,kɵ.jɵk.lat,3,RRF,1,TRUE
кӑйик,kɵjik,kɵ.jik,2,RF,1,TRUE
кӑйиклет,kɵjiklet,kɵ.jik.let,3,RFF,1,TRUE
кӑйкӑр,kɵjkɵr,kɵj.kɵr,2,RR,194,TRUE
кӑйттӑ,kɵjttɵ,kɵjt.tɵ,2,RR,17,TRUE
кӑйттӑкайттӑ,kɵjttɵkajttɵ,kɵjt.tɵ.kajt.tɵ,4,RRFR,,FALSE
кӑйттӑлан,kɵjttɵlan,kɵjt.tɵ.lan,3,RRF,1,TRUE
кӑйттӑмкайттӑм,kɵjttɵmkajttɵm,kɵjt.tɵm.kajt.tɵm,4,RRFR,,FALSE
кӑк,kɵk,kɵk,1,R,115,TRUE
кӑкан,kɵkan,kɵ.kan,2,RF,3,TRUE
кӑкар,kɵkar,kɵ.kar,2,RF,25,TRUE
кӑкарӑн,kɵkarɵn,kɵ.ka.rɵn,3,RFR,3,TRUE
кӑкаркӑҫ,kɵkarkɵɕ,kɵ.kar.kɵɕ,3,RFR,3,TRUE
кӑкарттар,kɵkarttar,kɵ.kart.tar,3,RFF,1,TRUE
кӑкӑл,kɵkɵl,kɵ.kɵl,2,RR,,FALSE
кӑкӑлтат,kɵkɵltat,kɵ.kɵl.tat,3,RRF,1,TRUE
кӑкӑлти,kɵkɵlti,kɵ.kɵl.ti,3,RRF,1,TRUE
кӑкӑр,kɵkɵr,kɵ.kɵr,2,RR,1686,TRUE
кӑкӑрлӑ,kɵkɵrlɵ,kɵ.kɵr.lɵ,3,RRR,55,TRUE
кӑкӑрлӑх,kɵkɵrlɵx,kɵ.kɵr.lɵx,3,RRR,6,TRUE
кӑкӑрсӑр,kɵkɵrsɵr,kɵ.kɵr.sɵr,3,RRR,6,TRUE
кӑкла,kɵkla,kɵk.la,2,RF,18,TRUE
кӑклан,kɵklan,kɵk.lan,2,RF,1,TRUE
кӑклаттар,kɵklattar,kɵk.lat.tar,3,RFF,,FALSE
кӑкшӑм,kɵkʃɵm,kɵk.ʃɵm,2,RR,358,TRUE
кӑлкал,kɵlkal,kɵl.kal,2,RF,,FALSE
кӑлава,kɵlaʋa,kɵ.la.ʋa,3,RFF,22,TRUE
кӑлай,kɵlaj,kɵ.laj,2,RF,24,TRUE
кӑламаш,kɵlamaʃ,kɵ.la.maʃ,3,RFF,1,TRUE
кӑланпит,kɵlanpit,kɵ.lan.pit,3,RFF,,FALSE
кӑлар,kɵlar,kɵ.lar,2,RF,313,TRUE
кӑларӑм,kɵlarɵm,kɵ.la.rɵm,3,RFR,1836,TRUE
кӑларттар,kɵlarttar,kɵ.lart.tar,3,RFF,1,TRUE
кӑлат,kɵlat,kɵ.lat,2,RF,2,TRUE
кӑлӑк,kɵlɵk,kɵ.lɵk,2,RR,40,TRUE
кӑлӑкла,kɵlɵkla,kɵ.lɵk.la,3,RRF,1,TRUE
кӑлӑклат,kɵlɵklat,kɵ.lɵk.lat,3,RRF,2,TRUE
кӑлӑх,kɵlɵx,kɵ.lɵx,2,RR,90,TRUE
кӑлӑха,kɵlɵxa,kɵ.lɵ.xa,3,RRF,12,TRUE
кӑлин,kɵlin,kɵ.lin,2,RF,34,TRUE
кӑлинкалин,kɵlinkalin,kɵ.lin.ka.lin,4,RFFF,,FALSE
кӑлкан,kɵlkan,kɵl.kan,2,RF,237,TRUE
кӑлканлӑ,kɵlkanlɵ,kɵl.kan.lɵ,3,RFR,13,TRUE
кӑлт,kɵlt,kɵlt,1,R,502,TRUE
кӑлткалт,kɵltkalt,kɵlt.kalt,2,RF,3,TRUE
кӑлтӑк,kɵltɵk,kɵl.tɵk,2,RR,226,TRUE
кӑлтӑккалтӑк,kɵltɵkkaltɵk,kɵl.tɵk.kal.tɵk,4,RRFR,,FALSE
кӑлтӑклӑ,kɵltɵklɵ,kɵl.tɵk.lɵ,3,RRR,17,TRUE
кӑлтӑр,kɵltɵr,kɵl.tɵr,2,RR,230,TRUE
кӑлтӑркалтӑр,kɵltɵrkaltɵr,kɵl.tɵr.kal.tɵr,4,RRFR,,FALSE
кӑлтӑрмач,kɵltɵrmatɕ,kɵl.tɵr.matɕ,3,RRF,64,TRUE
кӑлтӑрмачла,kɵltɵrmatɕla,kɵl.tɵr.matɕ.la,4,RRFF,6,TRUE
кӑлтӑрмачлӑ,kɵltɵrmatɕlɵ,kɵl.tɵr.matɕ.lɵ,4,RRFR,3,TRUE
кӑлтӑрт,kɵltɵrt,kɵl.tɵrt,2,RR,21,TRUE
кӑлтӑртат,kɵltɵrtat,kɵl.tɵr.tat,3,RRF,1,TRUE
кӑлтӑртаттар,kɵltɵrtattar,kɵl.tɵr.tat.tar,4,RRFF,1,TRUE
кӑлтӑртӑк,kɵltɵrtɵk,kɵl.tɵr.tɵk,3,RRR,15,TRUE
кӑлтӑрттин,kɵltɵrttin,kɵl.tɵrt.tin,3,RRF,38,TRUE
кӑлтлат,kɵltlat,kɵlt.lat,2,RF,1,TRUE
кӑлтлаттар,kɵltlattar,kɵlt.lat.tar,3,RFF,1,TRUE
кӑлттикалтти,kɵlttikaltti,kɵlt.ti.kalt.ti,4,RFFF,,FALSE
кӑлттин,kɵlttin,kɵlt.tin,2,RF,18,TRUE
кӑлчак,kɵltɕak,kɵl.tɕak,2,RF,3,TRUE
кӑльт,kɵlʲt,kɵlʲt,1,R,6,TRUE
кӑльткальт,kɵlʲtkalʲt,kɵlʲt.kalʲt,2,RF,,FALSE
кӑльтӑкальтӑ,kɵlʲtɵkalʲtɵ,kɵlʲ.tɵ.kalʲ.tɵ,4,RRFR,,FALSE
кӑльттӑнкальттӑн,kɵlʲttɵnkalʲttɵn,kɵlʲt.tɵn.kalʲt.tɵn,4,RRFR,,FALSE
кӑм,kɵm,kɵm,1,R,42,TRUE
кӑмака,kɵmaka,kɵ.ma.ka,3,RFF,3063,TRUE
кӑмакаҫӑ,kɵmakaɕɵ,kɵ.ma.ka.ɕɵ,4,RFFR,30,TRUE
кӑмӑл,kɵmɵl,kɵ.mɵl,2,RR,9285,TRUE
кӑмӑлтуйам,kɵmɵltujam,kɵ.mɵl.tu.jam,4,RRFF,,FALSE
кӑмӑлшухӑш,kɵmɵlʃuxɵʃ,kɵ.mɵl.ʃu.xɵʃ,4,RRFR,,FALSE
кӑмӑлла,kɵmɵlla,kɵ.mɵl.la,3,RRF,20,TRUE
кӑмӑллан,kɵmɵllan,kɵ.mɵl.lan,3,RRF,5,TRUE
кӑмӑллӑ,kɵmɵllɵ,kɵ.mɵl.lɵ,3,RRR,6581,TRUE
кӑмӑллӑн,kɵmɵllɵn,kɵ.mɵl.lɵn,3,RRR,1586,TRUE
кӑмӑллӑх,kɵmɵllɵx,kɵ.mɵl.lɵx,3,RRR,886,TRUE
кӑмӑлсӑр,kɵmɵlsɵr,kɵ.mɵl.sɵr,3,RRR,683,TRUE
кӑмӑлсӑрла,kɵmɵlsɵrla,kɵ.mɵl.sɵr.la,4,RRRF,2,TRUE
кӑмӑлсӑрлан,kɵmɵlsɵrlan,kɵ.mɵl.sɵr.lan,4,RRRF,2,TRUE
кӑмӑлсӑрлантар,kɵmɵlsɵrlantar,kɵ.mɵl.sɵr.lan.tar,5,RRRFF,,FALSE
кӑмӑлсӑрлӑх,kɵmɵlsɵrlɵx,kɵ.mɵl.sɵr.lɵx,4,RRRR,24,TRUE
кӑмӑлсӑррӑн,kɵmɵlsɵrrɵn,kɵ.mɵl.sɵr.rɵn,4,RRRR,332,TRUE
кӑмӑлҫах,kɵmɵlɕax,kɵ.mɵl.ɕax,3,RRF,3,TRUE
кӑмӑлча,kɵmɵltɕa,kɵ.mɵl.tɕa,3,RRF,1,TRUE
кӑмӑр,kɵmɵr,kɵ.mɵr,2,RR,12,TRUE
кӑмӑркка,kɵmɵrkka,kɵ.mɵrk.ka,3,RRF,4,TRUE
кӑмӑрлӑ,kɵmɵrlɵ,kɵ.mɵr.lɵ,3,RRR,2,TRUE
кӑмӑрлӑх,kɵmɵrlɵx,kɵ.mɵr.lɵx,3,RRR,2,TRUE
кӑмӑрткӑмӑрт,kɵmɵrtkɵmɵrt,kɵ.mɵrt.kɵ.mɵrt,4,RRRR,,FALSE
кӑмӑртат,kɵmɵrtat,kɵ.mɵr.tat,3,RRF,1,TRUE
кӑмӑртаттар,kɵmɵrtattar,kɵ.mɵr.tat.tar,4,RRFF,1,TRUE
кӑмӑрчак,kɵmɵrtɕak,kɵ.mɵr.tɕak,3,RRF,10,TRUE
кӑмӑрчаклӑ,kɵmɵrtɕaklɵ,kɵ.mɵr.tɕak.lɵ,4,RRFR,2,TRUE
кӑмӑс,kɵmɵs,kɵ.mɵs,2,RR,36,TRUE
кӑмӑска,kɵmɵska,kɵ.mɵs.ka,3,RRF,9,TRUE
кӑмӑскалан,kɵmɵskalan,kɵ.mɵs.ka.lan,4,RRFF,1,TRUE
кӑмӑслӑх,kɵmɵslɵx,kɵ.mɵs.lɵx,3,RRR,3,TRUE
кӑмӑч,kɵmɵtɕ,kɵ.mɵtɕ,2,RR,,FALSE
кӑмӑш,kɵmɵʃ,kɵ.mɵʃ,2,RR,2,TRUE
кӑмӑшка,kɵmɵʃka,kɵ.mɵʃ.ka,3,RRF,53,TRUE
кӑмкан,kɵmkan,kɵm.kan,2,RF,19,TRUE
кӑмпа,kɵmpa,kɵm.pa,2,RF,1170,TRUE
кӑмпалан,kɵmpalan,kɵm.pa.lan,3,RFF,1,TRUE
кӑмпаллӑ,kɵmpallɵ,kɵm.pal.lɵ,3,RFR,19,TRUE
кӑмпаҫӑ,kɵmpaɕɵ,kɵm.pa.ɕɵ,3,RFR,22,TRUE
кӑмпӑркампӑр,kɵmpɵrkampɵr,kɵm.pɵr.kam.pɵr,4,RRFR,,FALSE
кӑмпӑрт,kɵmpɵrt,kɵm.pɵrt,2,RR,3,TRUE
кӑмпӑс,kɵmpɵs,kɵm.pɵs,2,RR,,FALSE
кӑмпӑслан,kɵmpɵslan,kɵm.pɵs.lan,3,RRF,1,TRUE
кӑмрӑк,kɵmrɵk,kɵm.rɵk,2,RR,393,TRUE
кӑмрӑклан,kɵmrɵklan,kɵm.rɵk.lan,3,RRF,1,TRUE
кӑмрӑклантар,kɵmrɵklantar,kɵm.rɵk.lan.tar,4,RRFF,1,TRUE
кӑмрӑклат,kɵmrɵklat,kɵm.rɵk.lat,3,RRF,1,TRUE
кӑн,kɵn,kɵn,1,R,892,TRUE
кӑнкан,kɵnkan,kɵn.kan,2,RF,,FALSE
кӑнкӑвак,kɵnkɵʋak,kɵn.kɵ.ʋak,3,RRF,5,TRUE
кӑна,kɵna,kɵ.na,2,RF,50454,TRUE
кӑнӑҫ,kɵnɵɕ,kɵ.nɵɕ,2,RR,2,TRUE
кӑнӑҫлӑ,kɵnɵɕlɵ,kɵ.nɵɕ.lɵ,3,RRR,1,TRUE
кӑнӑҫсӑр,kɵnɵɕsɵr,kɵ.nɵɕ.sɵr,3,RRR,1,TRUE
кӑнӑҫтар,kɵnɵɕtar,kɵ.nɵɕ.tar,3,RRF,1,TRUE
кӑнӑш,kɵnɵʃ,kɵ.nɵʃ,2,RR,5,TRUE
кӑнӑшканӑш,kɵnɵʃkanɵʃ,kɵ.nɵʃ.ka.nɵʃ,4,RRFR,,FALSE
кӑнн,kɵnn,kɵnn,1,R,96,TRUE
кӑнт,kɵnt,kɵnt,1,R,12,TRUE
кӑнткант,kɵntkant,kɵnt.kant,2,RF,,FALSE
кӑнтамлан,kɵntamlan,kɵn.tam.lan,3,RFF,1,TRUE
кӑнтар,kɵntar,kɵn.tar,2,RF,32,TRUE
кӑнтарӑм,kɵntarɵm,kɵn.ta.rɵm,3,RFR,1,TRUE
кӑнтарӑн,kɵntarɵn,kɵn.ta.rɵn,3,RFR,1,TRUE
кӑнтӑр,kɵntɵr,kɵn.tɵr,2,RR,4198,TRUE
кӑнтӑрхӗвеланӑҫ,kɵntɵrxøʋelanɵɕ,kɵn.tɵr.xø.ʋe.la.nɵɕ,6,RRRFFR,3,TRUE
кӑнтӑрхӗвелтухӑҫ,kɵntɵrxøʋeltuxɵɕ,kɵn.tɵr.xø.ʋel.tu.xɵɕ,6,RRRFFR,1,TRUE
кӑнтӑрла,kɵntɵrla,kɵn.tɵr.la,3,RRF,2780,TRUE
кӑнтӑрлан,kɵntɵrlan,kɵn.tɵr.lan,3,RRF,1,TRUE
кӑнтӑрлапа,kɵntɵrlapa,kɵn.tɵr.la.pa,4,RRFF,72,TRUE
кӑнтӑрларан,kɵntɵrlaran,kɵn.tɵr.la.ran,4,RRFF,29,TRUE
кӑнтӑрлахи,kɵntɵrlaxi,kɵn.tɵr.la.xi,4,RRFF,783,TRUE
кӑнтӑрлаччен,kɵntɵrlatɕtɕen,kɵn.tɵr.latɕ.tɕen,4,RRFF,159,TRUE
кӑнтӑрт,kɵntɵrt,kɵn.tɵrt,2,RR,1,TRUE
кӑнтлаттар,kɵntlattar,kɵnt.lat.tar,3,RFF,1,TRUE
кӑнттам,kɵnttam,kɵnt.tam,2,RF,130,TRUE
кӑнттамлан,kɵnttamlan,kɵnt.tam.lan,3,RFF,,FALSE
кӑнттамлӑх,kɵnttamlɵx,kɵnt.tam.lɵx,3,RFR,14,TRUE
кӑнттаммӑн,kɵnttammɵn,kɵnt.tam.mɵn,3,RFR,56,TRUE
кӑнттанис,kɵnttanis,kɵnt.ta.nis,3,RFF,,FALSE
кӑнттӑмканттӑм,kɵnttɵmkanttɵm,kɵnt.tɵm.kant.tɵm,4,RRFR,,FALSE
кӑнч,kɵntɕ,kɵntɕ,1,R,5,TRUE
кӑнчӑк,kɵntɕɵk,kɵn.tɕɵk,2,RR,5,TRUE
кӑнчӑр,kɵntɕɵr,kɵn.tɕɵr,2,RR,4,TRUE
кӑнчӑх,kɵntɕɵx,kɵn.tɕɵx,2,RR,1,TRUE
кӑп,kɵp,kɵp,1,R,47,TRUE
кӑпкаппӑн,kɵpkappɵn,kɵp.kap.pɵn,3,RFR,,FALSE
кӑпкӑпӑш,kɵpkɵpɵʃ,kɵp.kɵ.pɵʃ,3,RRR,,FALSE
кӑпкӑтра,kɵpkɵtra,kɵp.kɵt.ra,3,RRF,,FALSE
кӑпӑк,kɵpɵk,kɵ.pɵk,2,RR,160,TRUE
кӑпӑкла,kɵpɵkla,kɵ.pɵk.la,3,RRF,1,TRUE
кӑпӑклан,kɵpɵklan,kɵ.pɵk.lan,3,RRF,1,TRUE
кӑпӑклантар,kɵpɵklantar,kɵ.pɵk.lan.tar,4,RRFF,1,TRUE
кӑпӑклат,kɵpɵklat,kɵ.pɵk.lat,3,RRF,1,TRUE
кӑпӑклаттар,kɵpɵklattar,kɵ.pɵk.lat.tar,4,RRFF,1,TRUE
кӑпӑклӑ,kɵpɵklɵ,kɵ.pɵk.lɵ,3,RRR,166,TRUE
кӑпӑл,kɵpɵl,kɵ.pɵl,2,RR,4,TRUE
кӑпӑр,kɵpɵr,kɵ.pɵr,2,RR,78,TRUE
кӑпӑркапӑр,kɵpɵrkapɵr,kɵ.pɵr.ka.pɵr,4,RRFR,1,TRUE
кӑпӑркӑпӑр,kɵpɵrkɵpɵr,kɵ.pɵr.kɵ.pɵr,4,RRRR,,FALSE
кӑпӑркка,kɵpɵrkka,kɵ.pɵrk.ka,3,RRF,1,TRUE
кӑпӑрт,kɵpɵrt,kɵ.pɵrt,2,RR,7,TRUE
кӑпӑрткапӑрт,kɵpɵrtkapɵrt,kɵ.pɵrt.ka.pɵrt,4,RRFR,,FALSE
кӑпӑртат,kɵpɵrtat,kɵ.pɵr.tat,3,RRF,1,TRUE
кӑпӑртаттар,kɵpɵrtattar,kɵ.pɵr.tat.tar,4,RRFF,1,TRUE
кӑпӑш,kɵpɵʃ,kɵ.pɵʃ,2,RR,165,TRUE
кӑпӑшка,kɵpɵʃka,kɵ.pɵʃ.ka,3,RRF,320,TRUE
кӑпӑшкала,kɵpɵʃkala,kɵ.pɵʃ.ka.la,4,RRFF,1,TRUE
кӑпӑшкалан,kɵpɵʃkalan,kɵ.pɵʃ.ka.lan,4,RRFF,1,TRUE
кӑпӑшкалантар,kɵpɵʃkalantar,kɵ.pɵʃ.ka.lan.tar,5,RRFFF,1,TRUE
кӑпӑшкалат,kɵpɵʃkalat,kɵ.pɵʃ.ka.lat,4,RRFF,1,TRUE
кӑпӑшкалаттар,kɵpɵʃkalattar,kɵ.pɵʃ.ka.lat.tar,5,RRFFF,1,TRUE
кӑпӑшлан,kɵpɵʃlan,kɵ.pɵʃ.lan,3,RRF,2,TRUE
кӑпӑшлат,kɵpɵʃlat,kɵ.pɵʃ.lat,3,RRF,1,TRUE
кӑпӑшт,kɵpɵʃt,kɵ.pɵʃt,2,RR,2,TRUE
кӑпка,kɵpka,kɵp.ka,2,RF,17,TRUE
кӑпкалан,kɵpkalan,kɵp.ka.lan,3,RFF,1,TRUE
кӑпкалантар,kɵpkalantar,kɵp.ka.lan.tar,4,RFFF,1,TRUE
кӑпкалат,kɵpkalat,kɵp.ka.lat,3,RFF,3,TRUE
кӑпкалаттар,kɵpkalattar,kɵp.ka.lat.tar,4,RFFF,,FALSE
кӑпта,kɵpta,kɵp.ta,2,RF,1,TRUE
кӑптак,kɵptak,kɵp.tak,2,RF,3,TRUE
кӑптака,kɵptaka,kɵp.ta.ka,3,RFF,3,TRUE
кӑптӑк,kɵptɵk,kɵp.tɵk,2,RR,3,TRUE
кӑптӑкла,kɵptɵkla,kɵp.tɵk.la,3,RRF,1,TRUE
кӑптӑклан,kɵptɵklan,kɵp.tɵk.lan,3,RRF,1,TRUE
кӑптӑр,kɵptɵr,kɵp.tɵr,2,RR,49,TRUE
кӑптӑркаптӑр,kɵptɵrkaptɵr,kɵp.tɵr.kap.tɵr,4,RRFR,1,TRUE
кӑптӑркӑптӑр,kɵptɵrkɵptɵr,kɵp.tɵr.kɵp.tɵr,4,RRRR,,FALSE
кӑптӑрӑн,kɵptɵrɵn,kɵp.tɵ.rɵn,3,RRR,1,TRUE
кӑптӑрӑнчӑк,kɵptɵrɵntɕɵk,kɵp.tɵ.rɵn.tɕɵk,4,RRRR,1,TRUE
кӑптӑрка,kɵptɵrka,kɵp.tɵr.ka,3,RRF,3,TRUE
кӑптӑркка,kɵptɵrkka,kɵp.tɵrk.ka,3,RRF,4,TRUE
кӑптӑрмӑш,kɵptɵrmɵʃ,kɵp.tɵr.mɵʃ,3,RRR,23,TRUE
кӑптӑрт,kɵptɵrt,kɵp.tɵrt,2,RR,12,TRUE
кӑптӑртат,kɵptɵrtat,kɵp.tɵr.tat,3,RRF,2,TRUE
кӑптӑртаттар,kɵptɵrtattar,kɵp.tɵr.tat.tar,4,RRFF,,FALSE
кӑптӑрти,kɵptɵrti,kɵp.tɵr.ti,3,RRF,8,TRUE
кӑпчанкӑ,kɵptɕankɵ,kɵp.tɕan.kɵ,3,RFR,14,TRUE
кӑпшак,kɵpʃak,kɵp.ʃak,2,RF,4,TRUE
кӑпшаклан,kɵpʃaklan,kɵp.ʃak.lan,3,RFF,1,TRUE
кӑпшанкӑ,kɵpʃankɵ,kɵp.ʃan.kɵ,3,RFR,310,TRUE
кӑр,kɵr,kɵr,1,R,90,TRUE
кӑркар,kɵrkar,kɵr.kar,2,RF,,FALSE
кӑркӑр,kɵrkɵr,kɵr.kɵr,2,RR,,FALSE
кӑра,kɵra,kɵ.ra,2,RF,438,TRUE
кӑрак,kɵrak,kɵ.rak,2,RF,,FALSE
кӑракла,kɵrakla,kɵ.rak.la,3,RFF,,FALSE
кӑраклат,kɵraklat,kɵ.rak.lat,3,RFF,,FALSE
кӑрал,kɵral,kɵ.ral,2,RF,117,TRUE
кӑралан,kɵralan,kɵ.ra.lan,3,RFF,1,TRUE
кӑранк,kɵrank,kɵ.rank,2,RF,7,TRUE
кӑранклат,kɵranklat,kɵ.rank.lat,3,RFF,5,TRUE
кӑранташ,kɵrantaʃ,kɵ.ran.taʃ,3,RFF,328,TRUE
кӑрачӑ,kɵratɕɵ,kɵ.ra.tɕɵ,3,RFR,3,TRUE
кӑрачлан,kɵratɕlan,kɵ.ratɕ.lan,3,RFF,,FALSE
кӑрӑк,kɵrɵk,kɵ.rɵk,2,RR,4,TRUE
кӑрӑклат,kɵrɵklat,kɵ.rɵk.lat,3,RRF,1,TRUE
кӑрӑлкӑрӑл,kɵrɵlkɵrɵl,kɵ.rɵl.kɵ.rɵl,4,RRRR,,FALSE
кӑрӑлтат,kɵrɵltat,kɵ.rɵl.tat,3,RRF,1,TRUE
кӑрӑлтаттар,kɵrɵltattar,kɵ.rɵl.tat.tar,4,RRFF,1,TRUE
кӑрӑн,kɵrɵn,kɵ.rɵn,2,RR,10,TRUE
кӑрӑнкӑ,kɵrɵnkɵ,kɵ.rɵn.kɵ,3,RRR,5,TRUE
кӑрӑнлат,kɵrɵnlat,kɵ.rɵn.lat,3,RRF,,FALSE
кӑрӑнлаттар,kɵrɵnlattar,kɵ.rɵn.lat.tar,4,RRFF,1,TRUE
кӑрӑп,kɵrɵp,kɵ.rɵp,2,RR,1,TRUE
кӑрӑплат,kɵrɵplat,kɵ.rɵp.lat,3,RRF,1,TRUE
кӑрӑпчак,kɵrɵptɕak,kɵ.rɵp.tɕak,3,RRF,22,TRUE
кӑрӑс,kɵrɵs,kɵ.rɵs,2,RR,15,TRUE
кӑрӑслан,kɵrɵslan,kɵ.rɵs.lan,3,RRF,2,TRUE
кӑрӑслантар,kɵrɵslantar,kɵ.rɵs.lan.tar,4,RRFF,2,TRUE
кӑрӑслат,kɵrɵslat,kɵ.rɵs.lat,3,RRF,1,TRUE
кӑрӑслаттар,kɵrɵslattar,kɵ.rɵs.lat.tar,4,RRFF,1,TRUE
кӑрӑст,kɵrɵst,kɵ.rɵst,2,RR,,FALSE
кӑрӑҫ,kɵrɵɕ,kɵ.rɵɕ,2,RR,94,TRUE
кӑрӑҫлӑх,kɵrɵɕlɵx,kɵ.rɵɕ.lɵx,3,RRR,1,TRUE
кӑрӑш,kɵrɵʃ,kɵ.rɵʃ,2,RR,,FALSE
кӑренҫӳрен,kɵrenɕyren,kɵ.ren.ɕy.ren,4,RFFF,,FALSE
кӑрик,kɵrik,kɵ.rik,2,RF,4,TRUE
кӑриклет,kɵriklet,kɵ.rik.let,3,RFF,1,TRUE
кӑриклеттер,kɵrikletter,kɵ.rik.let.ter,4,RFFF,1,TRUE
кӑритур,kɵritur,kɵ.ri.tur,3,RFF,4,TRUE
кӑрка,kɵrka,kɵr.ka,2,RF,2,TRUE
кӑркӑс,kɵrkɵs,kɵr.kɵs,2,RR,139,TRUE
кӑркӑсла,kɵrkɵsla,kɵr.kɵs.la,3,RRF,15,TRUE
кӑркка,kɵrkka,kɵrk.ka,2,RF,294,TRUE
кӑрла,kɵrla,kɵr.la,2,RF,4,TRUE
кӑрлай,kɵrlaj,kɵr.laj,2,RF,9,TRUE
кӑрлат,kɵrlat,kɵr.lat,2,RF,1,TRUE
кӑрлаттар,kɵrlattar,kɵr.lat.tar,3,RFF,1,TRUE
кӑрлач,kɵrlatɕ,kɵr.latɕ,2,RF,1799,TRUE
кӑрлик,kɵrlik,kɵr.lik,2,RF,45,TRUE
кӑрман,kɵrman,kɵr.man,2,RF,14,TRUE
кӑрмачин,kɵrmatɕin,kɵr.ma.tɕin,3,RFF,1,TRUE
кӑрнатир,kɵrnatir,kɵr.na.tir,3,RFF,10,TRUE
кӑрнт,kɵrnt,kɵrnt,1,R,2,TRUE
кӑрнтлат,kɵrntlat,kɵrnt.lat,2,RF,1,TRUE
кӑрпӑк,kɵrpɵk,kɵr.pɵk,2,RR,4,TRUE
кӑрр,kɵrr,kɵrr,1,R,5,TRUE
кӑрркӑрр,kɵrrkɵrr,kɵrr.kɵrr,2,RR,,FALSE
кӑррик,kɵrrik,kɵr.rik,2,RF,3,TRUE
кӑрсака,kɵrsaka,kɵr.sa.ka,3,RFF,5,TRUE
кӑрсакалан,kɵrsakalan,kɵr.sa.ka.lan,4,RFFF,1,TRUE
кӑрслат,kɵrslat,kɵrs.lat,2,RF,1,TRUE
кӑрслаттар,kɵrslattar,kɵrs.lat.tar,3,RFF,1,TRUE
кӑрст,kɵrst,kɵrst,1,R,7,TRUE
кӑрт,kɵrt,kɵrt,1,R,261,TRUE
кӑрткӑрт,kɵrtkɵrt,kɵrt.kɵrt,2,RR,,FALSE
кӑртӑнкӑ,kɵrtɵnkɵ,kɵr.tɵn.kɵ,3,RRR,2,TRUE
кӑртӑш,kɵrtɵʃ,kɵr.tɵʃ,2,RR,24,TRUE
кӑртлат,kɵrtlat,kɵrt.lat,2,RF,1,TRUE
кӑртлаттар,kɵrtlattar,kɵrt.lat.tar,3,RFF,1,TRUE
кӑрттӑнкарттӑн,kɵrttɵnkarttɵn,kɵrt.tɵn.kart.tɵn,4,RRFR,,FALSE
кӑрттӑнкӑрттӑн,kɵrttɵnkɵrttɵn,kɵrt.tɵn.kɵrt.tɵn,4,RRRR,,FALSE
кӑрттикартти,kɵrttikartti,kɵrt.ti.kart.ti,4,RFFF,,FALSE
кӑрчама,kɵrtɕama,kɵr.tɕa.ma,3,RFF,85,TRUE
кӑрчан,kɵrtɕan,kɵr.tɕan,2,RF,1,TRUE
кӑрчанкӑ,kɵrtɕankɵ,kɵr.tɕan.kɵ,3,RFR,12,TRUE
кӑрчанкӑллӑ,kɵrtɕankɵllɵ,kɵr.tɕan.kɵl.lɵ,4,RFRR,2,TRUE
кӑскӑс,kɵskɵs,kɵs.kɵs,2,RR,1,TRUE
кӑсамӑк,kɵsamɵk,kɵ.sa.mɵk,3,RFR,3,TRUE
кӑсӑк,kɵsɵk,kɵ.sɵk,2,RR,444,TRUE
кӑсӑклан,kɵsɵklan,kɵ.sɵk.lan,3,RRF,4,TRUE
кӑсӑклантар,kɵsɵklantar,kɵ.sɵk.lan.tar,4,RRFF,,FALSE
кӑсӑклат,kɵsɵklat,kɵ.sɵk.lat,3,RRF,1,TRUE
кӑсӑклӑ,kɵsɵklɵ,kɵ.sɵk.lɵ,3,RRR,1626,TRUE
кӑсӑклӑх,kɵsɵklɵx,kɵ.sɵk.lɵx,3,RRR,78,TRUE
кӑсӑрук,kɵsɵruk,kɵ.sɵ.ruk,3,RRF,1,TRUE
кӑсӑруклӑ,kɵsɵruklɵ,kɵ.sɵ.ruk.lɵ,4,RRFR,4,TRUE
кӑсӑя,kɵsɵja,kɵ.sɵ.ja,3,RRF,182,TRUE
кӑстӑмпи,kɵstɵmpi,kɵs.tɵm.pi,3,RRF,1,TRUE
кӑстӑрма,kɵstɵrma,kɵs.tɵr.ma,3,RRF,1,TRUE
кӑҫал,kɵɕal,kɵ.ɕal,2,RF,14424,TRUE
кӑҫаллӑха,kɵɕallɵxa,kɵ.ɕal.lɵ.xa,4,RFRF,47,TRUE
кӑҫалтан,kɵɕaltan,kɵ.ɕal.tan,3,RFF,268,TRUE
кӑҫалхи,kɵɕalxi,kɵ.ɕal.xi,3,RFF,4960,TRUE
кӑҫалччен,kɵɕaltɕtɕen,kɵ.ɕaltɕ.tɕen,3,RFF,40,TRUE
кӑҫат,kɵɕat,kɵ.ɕat,2,RF,49,TRUE
кӑҫатӑ,kɵɕatɵ,kɵ.ɕa.tɵ,3,RFR,208,TRUE
кӑт,kɵt,kɵt,1,R,128,TRUE
кӑткат,kɵtkat,kɵt.kat,2,RF,,FALSE
кӑткӑт,kɵtkɵt,kɵt.kɵt,2,RR,1,TRUE
кӑткӑтик,kɵtkɵtik,kɵt.kɵ.tik,3,RRF,,FALSE
кӑтай,kɵtaj,kɵ.taj,2,RF,7,TRUE
кӑтарт,kɵtart,kɵ.tart,2,RF,610,TRUE
кӑтартмӑш,kɵtartmɵʃ,kɵ.tart.mɵʃ,3,RFR,7,TRUE
кӑтарттар,kɵtarttar,kɵ.tart.tar,3,RFF,,FALSE
кӑтарту,kɵtartu,kɵ.tar.tu,3,RFF,953,TRUE
кӑтартуллӑ,kɵtartullɵ,kɵ.tar.tul.lɵ,4,RFFR,164,TRUE
кӑтат,kɵtat,kɵ.tat,2,RF,10,TRUE
кӑтӑк,kɵtɵk,kɵ.tɵk,2,RR,12,TRUE
кӑтӑккатӑк,kɵtɵkkatɵk,kɵ.tɵk.ka.tɵk,4,RRFR,,FALSE
кӑтӑкла,kɵtɵkla,kɵ.tɵk.la,3,RRF,20,TRUE
кӑтӑклан,kɵtɵklan,kɵ.tɵk.lan,3,RRF,1,TRUE
кӑтӑклантар,kɵtɵklantar,kɵ.tɵk.lan.tar,4,RRFF,1,TRUE
кӑтӑклат,kɵtɵklat,kɵ.tɵk.lat,3,RRF,1,TRUE
кӑтӑклӑ,kɵtɵklɵ,kɵ.tɵk.lɵ,3,RRR,11,TRUE
кӑтӑксӑр,kɵtɵksɵr,kɵ.tɵk.sɵr,3,RRR,1,TRUE
кӑтӑлкӑтӑл,kɵtɵlkɵtɵl,kɵ.tɵl.kɵ.tɵl,4,RRRR,,FALSE
кӑтӑлтаттар,kɵtɵltattar,kɵ.tɵl.tat.tar,4,RRFF,1,TRUE
кӑтӑр,kɵtɵr,kɵ.tɵr,2,RR,149,TRUE
кӑтӑркатӑр,kɵtɵrkatɵr,kɵ.tɵr.ka.tɵr,4,RRFR,,FALSE
кӑтӑркӑтӑр,kɵtɵrkɵtɵr,kɵ.tɵr.kɵ.tɵr,4,RRRR,,FALSE
кӑтӑрка,kɵtɵrka,kɵ.tɵr.ka,3,RRF,5,TRUE
кӑтӑркалан,kɵtɵrkalan,kɵ.tɵr.ka.lan,4,RRFF,1,TRUE
кӑтӑркаллӑ,kɵtɵrkallɵ,kɵ.tɵr.kal.lɵ,4,RRFR,4,TRUE
кӑтӑрмачӑ,kɵtɵrmatɕɵ,kɵ.tɵr.ma.tɕɵ,4,RRFR,1,TRUE
кӑтӑрт,kɵtɵrt,kɵ.tɵrt,2,RR,129,TRUE
кӑтӑрткатӑрт,kɵtɵrtkatɵrt,kɵ.tɵrt.ka.tɵrt,4,RRFR,,FALSE
кӑтӑртат,kɵtɵrtat,kɵ.tɵr.tat,3,RRF,1,TRUE
кӑтӑртаттар,kɵtɵrtattar,kɵ.tɵr.tat.tar,4,RRFF,2,TRUE
кӑтӑш,kɵtɵʃ,kɵ.tɵʃ,2,RR,182,TRUE
кӑтех,kɵtex,kɵ.tex,2,RF,1,TRUE
кӑтик,kɵtik,kɵ.tik,2,RF,22,TRUE
кӑтикле,kɵtikle,kɵ.tik.le,3,RFF,6,TRUE
кӑткан,kɵtkan,kɵt.kan,2,RF,1,TRUE
кӑткантар,kɵtkantar,kɵt.kan.tar,3,RFF,1,TRUE
кӑткӑ,kɵtkɵ,kɵt.kɵ,2,RR,346,TRUE
кӑткӑлла,kɵtkɵlla,kɵt.kɵl.la,3,RRF,5,TRUE
кӑткӑс,kɵtkɵs,kɵt.kɵs,2,RR,1446,TRUE
кӑткӑслан,kɵtkɵslan,kɵt.kɵs.lan,3,RRF,1,TRUE
кӑткӑслантар,kɵtkɵslantar,kɵt.kɵs.lan.tar,4,RRFF,1,TRUE
кӑткӑслат,kɵtkɵslat,kɵt.kɵs.lat,3,RRF,1,TRUE
кӑткӑслӑх,kɵtkɵslɵx,kɵt.kɵs.lɵx,3,RRR,34,TRUE
кӑтра,kɵtra,kɵt.ra,2,RF,1090,TRUE
кӑтрака,kɵtraka,kɵt.ra.ka,3,RFF,2,TRUE
кӑтралан,kɵtralan,kɵt.ra.lan,3,RFF,,FALSE
кӑтралантар,kɵtralantar,kɵt.ra.lan.tar,4,RFFF,1,TRUE
кӑтралат,kɵtralat,kɵt.ra.lat,3,RFF,1,TRUE
кӑтралату,kɵtralatu,kɵt.ra.la.tu,4,RFFF,,FALSE
кӑтраллӑ,kɵtrallɵ,kɵt.ral.lɵ,3,RFR,5,TRUE
кӑтрашка,kɵtraʃka,kɵt.raʃ.ka,3,RFF,36,TRUE
кӑтрашкалан,kɵtraʃkalan,kɵt.raʃ.ka.lan,4,RFFF,1,TRUE
кӑтрашкаллӑ,kɵtraʃkallɵ,kɵt.raʃ.kal.lɵ,4,RFFR,11,TRUE
кӑть,kɵtʲ,kɵtʲ,1,R,14,TRUE
кӑтькӑть,kɵtʲkɵtʲ,kɵtʲ.kɵtʲ,2,RR,,FALSE
кӑтьӑркатьӑр,kɵtʲɵrkatʲɵr,kɵ.tʲɵr.ka.tʲɵr,4,RRFR,,FALSE
кӑтьӑрр,kɵtʲɵrr,kɵ.tʲɵrr,2,RR,1,TRUE
кӑх,kɵx,kɵx,1,R,34,TRUE
кӑхлат,kɵxlat,kɵx.lat,2,RF,1,TRUE
кӑхлаттар,kɵxlattar,kɵx.lat.tar,3,RFF,1,TRUE
кӑхх,kɵxx,kɵxx,1,R,1,TRUE
кӑххӑм,kɵxxɵm,kɵx.xɵm,2,RR,71,TRUE
кӑххӑмлат,kɵxxɵmlat,kɵx.xɵm.lat,3,RRF,1,TRUE
кӑч,kɵtɕ,kɵtɕ,1,R,11,TRUE
кӑчӑк,kɵtɕɵk,kɵ.tɕɵk,2,RR,357,TRUE
кӑчӑкла,kɵtɕɵkla,kɵ.tɕɵk.la,3,RRF,1,TRUE
кӑчӑклан,kɵtɕɵklan,kɵ.tɕɵk.lan,3,RRF,1,TRUE
кӑчӑклантар,kɵtɕɵklantar,kɵ.tɕɵk.lan.tar,4,RRFF,1,TRUE
кӑчӑр,kɵtɕɵr,kɵ.tɕɵr,2,RR,112,TRUE
кӑчӑркачӑр,kɵtɕɵrkatɕɵr,kɵ.tɕɵr.ka.tɕɵr,4,RRFR,,FALSE
кӑчӑрка,kɵtɕɵrka,kɵ.tɕɵr.ka,3,RRF,1,TRUE
кӑчӑркалан,kɵtɕɵrkalan,kɵ.tɕɵr.ka.lan,4,RRFF,1,TRUE
кӑчӑркалантар,kɵtɕɵrkalantar,kɵ.tɕɵr.ka.lan.tar,5,RRFFF,1,TRUE
кӑчӑркалат,kɵtɕɵrkalat,kɵ.tɕɵr.ka.lat,4,RRFF,1,TRUE
кӑчӑркан,kɵtɕɵrkan,kɵ.tɕɵr.kan,3,RRF,3,TRUE
кӑчӑрлан,kɵtɕɵrlan,kɵ.tɕɵr.lan,3,RRF,1,TRUE
кӑчӑрми,kɵtɕɵrmi,kɵ.tɕɵr.mi,3,RRF,4,TRUE
кӑчӑрт,kɵtɕɵrt,kɵ.tɕɵrt,2,RR,113,TRUE
кӑчӑрткачӑрт,kɵtɕɵrtkatɕɵrt,kɵ.tɕɵrt.ka.tɕɵrt,4,RRFR,,FALSE
кӑчӑртат,kɵtɕɵrtat,kɵ.tɕɵr.tat,3,RRF,1,TRUE
кӑчӑртаттар,kɵtɕɵrtattar,kɵ.tɕɵr.tat.tar,4,RRFF,,FALSE
кӑчӑртӑш,kɵtɕɵrtɵʃ,kɵ.tɕɵr.tɵʃ,3,RRR,1,TRUE
кӑчӑрти,kɵtɕɵrti,kɵ.tɕɵr.ti,3,RRF,2,TRUE
кӑчкӑ,kɵtɕkɵ,kɵtɕ.kɵ,2,RR,70,TRUE
кӑчкӑлан,kɵtɕkɵlan,kɵtɕ.kɵ.lan,3,RRF,1,TRUE
кӑчкӑллӑ,kɵtɕkɵllɵ,kɵtɕ.kɵl.lɵ,3,RRR,4,TRUE
кӑчрака,kɵtɕraka,kɵtɕ.ra.ka,3,RFF,1,TRUE
кӑш,kɵʃ,kɵʃ,1,R,103,TRUE
кӑшавай,kɵʃaʋaj,kɵ.ʃa.ʋaj,3,RFF,1,TRUE
кӑшарни,kɵʃarni,kɵ.ʃar.ni,3,RFF,172,TRUE
кӑшӑл,kɵʃɵl,kɵ.ʃɵl,2,RR,205,TRUE
кӑшӑлла,kɵʃɵlla,kɵ.ʃɵl.la,3,RRF,2,TRUE
кӑшӑллан,kɵʃɵllan,kɵ.ʃɵl.lan,3,RRF,1,TRUE
кӑшӑллӑ,kɵʃɵllɵ,kɵ.ʃɵl.lɵ,3,RRR,37,TRUE
кӑшӑлт,kɵʃɵlt,kɵ.ʃɵlt,2,RR,4,TRUE
кӑшӑлтат,kɵʃɵltat,kɵ.ʃɵl.tat,3,RRF,1,TRUE
кӑшӑлтаттар,kɵʃɵltattar,kɵ.ʃɵl.tat.tar,4,RRFF,1,TRUE
кӑшӑр,kɵʃɵr,kɵ.ʃɵr,2,RR,11,TRUE
кӑшӑркашӑр,kɵʃɵrkaʃɵr,kɵ.ʃɵr.ka.ʃɵr,4,RRFR,,FALSE
кӑшӑрка,kɵʃɵrka,kɵ.ʃɵr.ka,3,RRF,2,TRUE
кӑшӑрт,kɵʃɵrt,kɵ.ʃɵrt,2,RR,6,TRUE
кӑшӑртат,kɵʃɵrtat,kɵ.ʃɵr.tat,3,RRF,1,TRUE
кӑшӑртаттар,kɵʃɵrtattar,kɵ.ʃɵr.tat.tar,4,RRFF,1,TRUE
кӑшӑрти,kɵʃɵrti,kɵ.ʃɵr.ti,3,RRF,1,TRUE
кӑшкар,kɵʃkar,kɵʃ.kar,2,RF,116,TRUE
кӑшкаҫ,kɵʃkaɕ,kɵʃ.kaɕ,2,RF,1,TRUE
кӑшкаҫла,kɵʃkaɕla,kɵʃ.kaɕ.la,3,RFF,1,TRUE
кӑшкӑр,kɵʃkɵr,kɵʃ.kɵr,2,RR,117,TRUE
кӑшкӑра,kɵʃkɵra,kɵʃ.kɵ.ra,3,RRF,223,TRUE
кӑшкӑраш,kɵʃkɵraʃ,kɵʃ.kɵ.raʃ,3,RRF,8,TRUE
кӑшкӑрашу,kɵʃkɵraʃu,kɵʃ.kɵ.ra.ʃu,4,RRFF,42,TRUE
кӑшкӑрашуллӑ,kɵʃkɵraʃullɵ,kɵʃ.kɵ.ra.ʃul.lɵ,5,RRFFR,1,TRUE
кӑшкӑрт,kɵʃkɵrt,kɵʃ.kɵrt,2,RR,12,TRUE
кӑшкӑрттар,kɵʃkɵrttar,kɵʃ.kɵrt.tar,3,RRF,1,TRUE
кӑшкӑру,kɵʃkɵru,kɵʃ.kɵ.ru,3,RRF,53,TRUE
кӑшкӑруллӑ,kɵʃkɵrullɵ,kɵʃ.kɵ.rul.lɵ,4,RRFR,13,TRUE
кӑшла,kɵʃla,kɵʃ.la,2,RF,39,TRUE
кӑшлат,kɵʃlat,kɵʃ.lat,2,RF,1,TRUE
кӑшлаттар,kɵʃlattar,kɵʃ.lat.tar,3,RFF,1,TRUE
кӑшман,kɵʃman,kɵʃ.man,2,RF,529,TRUE
кӑшми,kɵʃmi,kɵʃ.mi,2,RF,2,TRUE
кӑшт,kɵʃt,kɵʃt,1,R,9933,TRUE
кӑшткашт,kɵʃtkaʃt,kɵʃt.kaʃt,2,RF,1,TRUE
кӑштак,kɵʃtak,kɵʃ.tak,2,RF,5,TRUE
кӑштакӑн,kɵʃtakɵn,kɵʃ.ta.kɵn,3,RFR,1,TRUE
кӑштахран,kɵʃtaxran,kɵʃ.tax.ran,3,RFF,831,TRUE
кӑштӑн,kɵʃtɵn,kɵʃ.tɵn,2,RR,8,TRUE
кӑштӑнкаштӑн,kɵʃtɵnkaʃtɵn,kɵʃ.tɵn.kaʃ.tɵn,4,RRFR,,FALSE
кӑштӑр,kɵʃtɵr,kɵʃ.tɵr,2,RR,51,TRUE
кӑштӑркаштӑр,kɵʃtɵrkaʃtɵr,kɵʃ.tɵr.kaʃ.tɵr,4,RRFR,,FALSE
кӑштӑрка,kɵʃtɵrka,kɵʃ.tɵr.ka,3,RRF,3,TRUE
кӑштӑркка,kɵʃtɵrkka,kɵʃ.tɵrk.ka,3,RRF,12,TRUE
кӑштӑрмак,kɵʃtɵrmak,kɵʃ.tɵr.mak,3,RRF,2,TRUE
кӑштӑрт,kɵʃtɵrt,kɵʃ.tɵrt,2,RR,38,TRUE
кӑштӑртат,kɵʃtɵrtat,kɵʃ.tɵr.tat,3,RRF,1,TRUE
кӑштӑртаттар,kɵʃtɵrtattar,kɵʃ.tɵr.tat.tar,4,RRFF,1,TRUE
кӑштӑрти,kɵʃtɵrti,kɵʃ.tɵr.ti,3,RRF,3,TRUE
кӑштик,kɵʃtik,kɵʃ.tik,2,RF,9,TRUE
кӑштра,kɵʃtra,kɵʃt.ra,2,RF,2,TRUE
кӑштрака,kɵʃtraka,kɵʃt.ra.ka,3,RFF,1,TRUE
кӑштралан,kɵʃtralan,kɵʃt.ra.lan,3,RFF,,FALSE
кӑштшарӑн,kɵʃtʃarɵn,kɵʃ.tʃa.rɵn,3,RFR,1,TRUE
кӑшша,kɵʃʃa,kɵʃ.ʃa,2,RF,13,TRUE
кӑшшавуй,kɵʃʃaʋuj,kɵʃ.ʃa.ʋuj,3,RFF,2,TRUE
кӑшшин,kɵʃʃin,kɵʃ.ʃin,2,RF,3,TRUE
квак,kʋak,kʋak,1,F,6,TRUE
кваклат,kʋaklat,kʋak.lat,2,FF,1,TRUE
квант,kʋant,kʋant,1,F,17,TRUE
кварта,kʋarta,kʋar.ta,2,FF,1,TRUE
квартал,kʋartal,kʋar.tal,2,FF,55,TRUE
квартала,kʋartala,kʋar.ta.la,3,FFF,18,TRUE
кварталӑн,kʋartalɵn,kʋar.ta.lɵn,3,FFR,7,TRUE
квартет,kʋartet,kʋar.tet,2,FF,25,TRUE
квартирант,kʋartirant,kʋar.ti.rant,3,FFF,5,TRUE
квартирмейстер,kʋartirmejster,kʋar.tir.mejs.ter,4,FFFF,,FALSE
квас,kʋas,kʋas,1,F,125,TRUE
квинтет,kʋintet,kʋin.tet,2,FF,7,TRUE
кевер,keʋer,ke.ʋer,2,FF,69,TRUE
кекс,keks,keks,1,F,40,TRUE
келептуҫ,keleptuɕ,ke.lep.tuɕ,3,FFF,,FALSE
кельма,kelʲma,kelʲ.ma,2,FF,4,TRUE
кельт,kelʲt,kelʲt,1,F,69,TRUE
келья,kelʲja,kelʲ.ja,2,FF,2,TRUE
кем,kem,kem,1,F,17,TRUE
кемет,kemet,ke.met,2,FF,,FALSE
кенеш,keneʃ,ke.neʃ,2,FF,6,TRUE
кентавр,kentaʋr,ken.taʋr,2,FF,3,TRUE
кепе,kepe,ke.pe,2,FF,49,TRUE
кепка,kepka,kep.ka,2,FF,23,TRUE
кептерлен,kepterlen,kep.ter.len,3,FFF,,FALSE
кептерт,keptert,kep.tert,2,FF,,FALSE
керамика,keramika,ke.ra.mi.ka,4,FFFF,59,TRUE
кервенлен,kerʋenlen,ker.ʋen.len,3,FFF,,FALSE
керенке,kerenke,ke.ren.ke,3,FFF,3,TRUE
керле,kerle,ker.le,2,FF,20,TRUE
кермен,kermen,ker.men,2,FF,731,TRUE
кесӗп,kesøp,ke.søp,2,FR,1,TRUE
кесӗплӗ,kesøplø,ke.søp.lø,3,FRR,1,TRUE
кеҫки,keɕki,keɕ.ki,2,FF,,FALSE
кет,ket,ket,1,F,22,TRUE
кета,keta,ke.ta,2,FF,8,TRUE
кӗв,køʋ,køʋ,1,R,45,TRUE
кӗввик,køʋʋik,køʋ.ʋik,2,RF,1,TRUE
кӗве,køʋe,kø.ʋe,2,RF,103,TRUE
кӗвел,køʋel,kø.ʋel,2,RF,1,TRUE
кӗвелен,køʋelen,kø.ʋe.len,3,RFF,,FALSE
кӗвелентер,køʋelenter,kø.ʋe.len.ter,4,RFFF,,FALSE
кӗвелӗк,køʋeløk,kø.ʋe.løk,3,RFR,21,TRUE
кӗвелӗклӗ,køʋeløklø,kø.ʋe.løk.lø,4,RFRR,1,TRUE
кӗвелӗксӗр,køʋeløksør,kø.ʋe.løk.sør,4,RFRR,1,TRUE
кӗвелтер,køʋelter,kø.ʋel.ter,3,RFF,1,TRUE
кӗвенте,køʋente,kø.ʋen.te,3,RFF,112,TRUE
кӗвер,køʋer,kø.ʋer,2,RF,13,TRUE
кӗвӗ,køʋø,kø.ʋø,2,RR,2760,TRUE
кӗвӗле,køʋøle,kø.ʋø.le,3,RRF,7,TRUE
кӗвӗлеттер,køʋøletter,kø.ʋø.let.ter,4,RRFF,1,TRUE
кӗвӗллӗ,køʋøllø,kø.ʋøl.lø,3,RRR,139,TRUE
кӗвӗсӗрлӗх,køʋøsørløx,kø.ʋø.sør.løx,4,RRRR,1,TRUE
кӗвӗҫ,køʋøɕ,kø.ʋøɕ,2,RR,207,TRUE
кӗвӗҫӗ,køʋøɕø,kø.ʋø.ɕø,3,RRR,36,TRUE
кӗвӗҫлӗ,køʋøɕlø,kø.ʋøɕ.lø,3,RRR,1,TRUE
кӗвӗҫтер,køʋøɕter,kø.ʋøɕ.ter,3,RRF,2,TRUE
кӗвӗҫӳ,køʋøɕy,kø.ʋø.ɕy,3,RRF,266,TRUE
кӗвӗҫӳллӗ,køʋøɕyllø,kø.ʋø.ɕyl.lø,4,RRFR,9,TRUE
кӗвик,køʋik,kø.ʋik,2,RF,1,TRUE
кӗвсе,køʋse,køʋ.se,2,RF,1,TRUE
кӗвсӗр,køʋsør,køʋ.sør,2,RR,1,TRUE
кӗвҫӗк,køʋɕøk,køʋ.ɕøk,2,RR,2,TRUE
кӗкрем,køkrem,køk.rem,2,RF,1,TRUE
кӗл,køl,køl,1,R,1462,TRUE
кӗле,køle,kø.le,2,RF,175,TRUE
кӗлевӗҫ,køleʋøɕ,kø.le.ʋøɕ,3,RFR,1,TRUE
кӗлевӗҫле,køleʋøɕle,kø.le.ʋøɕ.le,4,RFRF,1,TRUE
кӗлевҫӗ,køleʋɕø,kø.leʋ.ɕø,3,RFR,2,TRUE
кӗлеле,kølele,kø.le.le,3,RFF,1,TRUE
кӗлеллӗ,kølellø,kø.lel.lø,3,RFR,162,TRUE
кӗлеме,køleme,kø.le.me,3,RFF,10,TRUE
кӗлен,kølen,kø.len,2,RF,1,TRUE
кӗлентӗр,kølentør,kø.len.tør,3,RFR,20,TRUE
кӗленче,kølentɕe,kø.len.tɕe,3,RFF,1123,TRUE
кӗленчелен,kølentɕelen,kø.len.tɕe.len,4,RFFF,,FALSE
кӗленчеҫӗ,kølentɕeɕø,kø.len.tɕe.ɕø,4,RFFR,1,TRUE
кӗлер,køler,kø.ler,2,RF,1,TRUE
кӗлерӗн,kølerøn,kø.le.røn,3,RFR,1,TRUE
кӗлет,kølet,kø.let,2,RF,601,TRUE
кӗлетке,køletke,kø.let.ke,3,RFF,740,TRUE
кӗлеткеле,køletkele,kø.let.ke.le,4,RFFF,1,TRUE
кӗлеткесӗр,køletkesør,kø.let.ke.sør,4,RFFR,5,TRUE
кӗлеттер,køletter,kø.let.ter,3,RFF,,FALSE
кӗлеш,køleʃ,kø.leʃ,2,RF,2,TRUE
кӗлӗ,kølø,kø.lø,2,RR,1348,TRUE
кӗлӗм,køløm,kø.løm,2,RR,2,TRUE
кӗлӗмҫӗ,kølømɕø,kø.løm.ɕø,3,RRR,13,TRUE
кӗлӗшлен,køløʃlen,kø.løʃ.len,3,RRF,1,TRUE
кӗлккӗ,kølkkø,kølk.kø,2,RR,1,TRUE
кӗлле,kølle,køl.le,2,RF,221,TRUE
кӗллен,køllen,køl.len,2,RF,2,TRUE
кӗллентер,køllenter,køl.len.ter,3,RFF,6,TRUE
кӗлленчӗк,køllentɕøk,køl.len.tɕøk,3,RFR,1,TRUE
кӗллӗ,køllø,køl.lø,2,RR,49,TRUE
кӗлмӗҫ,kølmøɕ,køl.møɕ,2,RR,104,TRUE
кӗлмӗҫле,kølmøɕle,køl.møɕ.le,3,RRF,9,TRUE
кӗлмӗҫлен,kølmøɕlen,køl.møɕ.len,3,RRF,1,TRUE
кӗлмӗҫлӗх,kølmøɕløx,køl.møɕ.løx,3,RRR,1,TRUE
кӗлт,kølt,kølt,1,R,21,TRUE
кӗлте,kølte,køl.te,2,RF,527,TRUE
кӗлтӗр,køltør,køl.tør,2,RR,2,TRUE
кӗлтӗртет,køltørtet,køl.tør.tet,3,RRF,1,TRUE
кӗлтӗртеттер,køltørtetter,køl.tør.tet.ter,4,RRFF,1,TRUE
кӗлттех,kølttex,kølt.tex,2,RF,1,TRUE
кӗлттӗм,kølttøm,kølt.tøm,2,RR,1,TRUE
кӗмӗл,kømøl,kø.møl,2,RR,3583,TRUE
кӗмӗлӗн,kømøløn,kø.mø.løn,3,RRR,38,TRUE
кӗмӗлле,kømølle,kø.møl.le,3,RRF,13,TRUE
кӗмӗллен,kømøllen,kø.møl.len,3,RRF,1,TRUE
кӗмӗлҫӗ,kømølɕø,kø.møl.ɕø,3,RRR,1,TRUE
кӗмӗр,kømør,kø.mør,2,RR,5,TRUE
кӗмӗркке,kømørkke,kø.mørk.ke,3,RRF,4,TRUE
кӗмӗрккен,kømørkken,kø.mørk.ken,3,RRF,1,TRUE
кӗмӗрт,kømørt,kø.mørt,2,RR,1,TRUE
кӗмӗртен,kømørten,kø.mør.ten,3,RRF,1,TRUE
кӗмӗртет,kømørtet,kø.mør.tet,3,RRF,1,TRUE
кӗмӗшке,kømøʃke,kø.møʃ.ke,3,RRF,1,TRUE
кӗмпӗр,kømpør,køm.pør,2,RR,4,TRUE
кӗмпӗртет,kømpørtet,køm.pør.tet,3,RRF,1,TRUE
кӗмпӗртеттер,kømpørtetter,køm.pør.tet.ter,4,RRFF,1,TRUE
кӗмсӗр,kømsør,køm.sør,2,RR,54,TRUE
кӗмсӗркке,kømsørkke,køm.sørk.ke,3,RRF,19,TRUE
кӗмсӗрт,kømsørt,køm.sørt,2,RR,88,TRUE
кӗмсӗрткемсӗрт,kømsørtkemsørt,køm.sørt.kem.sørt,4,RRFR,,FALSE
кӗмсӗртет,kømsørtet,køm.sør.tet,3,RRF,6,TRUE
кӗмсӗртеттер,kømsørtetter,køm.sør.tet.ter,4,RRFF,1,TRUE
кӗмсӗртетӳ,kømsørtety,køm.sør.te.ty,4,RRFF,1,TRUE
кӗмшук,kømʃuk,køm.ʃuk,2,RF,1,TRUE
кӗнеке,køneke,kø.ne.ke,3,RFF,9726,TRUE
кӗнекехаҫат,kønekexaɕat,kø.ne.ke.xa.ɕat,5,RFFFF,,FALSE
кӗнекеҫӗ,kønekeɕø,kø.ne.ke.ɕø,4,RFFR,22,TRUE
кӗнтеле,køntele,køn.te.le,3,RFF,,FALSE
кӗнтелем,køntelem,køn.te.lem,3,RFF,3,TRUE
кӗнтӗк,køntøk,køn.tøk,2,RR,1,TRUE
кӗнчеле,køntɕele,køn.tɕe.le,3,RFF,182,TRUE
кӗнчелеҫҫи,køntɕeleɕɕi,køn.tɕe.leɕ.ɕi,4,RFFF,17,TRUE
кӗпе,køpe,kø.pe,2,RF,3621,TRUE
кӗпейӗм,køpejøm,kø.pe.jøm,3,RFR,14,TRUE
кӗпетумтир,køpetumtir,kø.pe.tum.tir,4,RFFF,1,TRUE
кӗпер,køper,kø.per,2,RF,2474,TRUE
кӗпӗр,køpør,kø.pør,2,RR,63,TRUE
кӗпӗрен,køpøren,kø.pø.ren,3,RRF,1,TRUE
кӗпӗрлен,køpørlen,kø.pør.len,3,RRF,1,TRUE
кӗпӗрленчӗк,køpørlentɕøk,kø.pør.len.tɕøk,4,RRFR,1,TRUE
кӗпӗрнаттӑр,køpørnattɵr,kø.pør.nat.tɵr,4,RRFR,277,TRUE
кӗпӗрне,køpørne,kø.pør.ne,3,RRF,76,TRUE
кӗпӗрт,køpørt,kø.pørt,2,RR,1,TRUE
кӗпӗртет,køpørtet,kø.pør.tet,3,RRF,1,TRUE
кӗпӗртеттер,køpørtetter,kø.pør.tet.ter,4,RRFF,1,TRUE
кӗплеске,køpleske,køp.les.ke,3,RFF,1,TRUE
кӗпсӗ,køpsø,køp.sø,2,RR,1,TRUE
кӗпҫе,køpɕe,køp.ɕe,2,RF,74,TRUE
кӗпҫелен,køpɕelen,køp.ɕe.len,3,RFF,,FALSE
кӗпҫеллӗ,køpɕellø,køp.ɕel.lø,3,RFR,68,TRUE
кӗптеклен,køpteklen,køp.tek.len,3,RFF,1,TRUE
кӗптӗр,køptør,køp.tør,2,RR,13,TRUE
кӗптӗркептӗр,køptørkeptør,køp.tør.kep.tør,4,RRFR,,FALSE
кӗптӗрке,køptørke,køp.tør.ke,3,RRF,1,TRUE
кӗптӗрки,køptørki,køp.tør.ki,3,RRF,1,TRUE
кӗптӗрт,køptørt,køp.tørt,2,RR,12,TRUE
кӗптӗртет,køptørtet,køp.tør.tet,3,RRF,1,TRUE
кӗпчек,køptɕek,køp.tɕek,2,RF,3,TRUE
кӗпшӗл,køpʃøl,køp.ʃøl,2,RR,11,TRUE
кӗр,kør,kør,1,R,2829,TRUE
кӗраки,køraki,kø.ra.ki,3,RFF,8,TRUE
кӗре,køre,kø.re,2,RF,593,TRUE
кӗреке,køreke,kø.re.ke,3,RFF,281,TRUE
кӗрекеҫӗ,kørekeɕø,kø.re.ke.ɕø,4,RFFR,22,TRUE
кӗрелен,kørelen,kø.re.len,3,RFF,,FALSE
кӗрелӗх,køreløx,kø.re.løx,3,RFR,1,TRUE
кӗрелле,kørelle,kø.rel.le,3,RFF,1,TRUE
кӗрен,køren,kø.ren,2,RF,779,TRUE
кӗренлен,kørenlen,kø.ren.len,3,RFF,1,TRUE
кӗренлентер,kørenlenter,kø.ren.len.ter,4,RFFF,,FALSE
кӗрепенке,kørepenke,kø.re.pen.ke,4,RFFF,11,TRUE
кӗрепле,køreple,kø.rep.le,3,RFF,151,TRUE
кӗреплеле,køreplele,kø.rep.le.le,4,RFFF,1,TRUE
кӗреплеллӗ,køreplellø,kø.rep.lel.lø,4,RFFR,1,TRUE
кӗрептук,køreptuk,kø.rep.tuk,3,RFF,1,TRUE
кӗрепук,kørepuk,kø.re.puk,3,RFF,2,TRUE
кӗресле,køresle,kø.res.le,3,RFF,8,TRUE
кӗреҫе,køreɕe,kø.re.ɕe,3,RFF,611,TRUE
кӗрет,køret,kø.ret,2,RF,17980,TRUE
кӗретӗн,køretøn,kø.re.tøn,3,RFR,184,TRUE
кӗретлен,køretlen,kø.ret.len,3,RFF,1,TRUE
кӗретлӗх,køretløx,kø.ret.løx,3,RFR,1,TRUE
кӗреш,køreʃ,kø.reʃ,2,RF,215,TRUE
кӗрешӗн,køreʃøn,kø.re.ʃøn,3,RFR,18,TRUE
кӗрешке,køreʃke,kø.reʃ.ke,3,RFF,2,TRUE
кӗрештер,køreʃter,kø.reʃ.ter,3,RFF,1,TRUE
кӗрешӳ,køreʃy,kø.re.ʃy,3,RFF,1044,TRUE
кӗрешӳҫӗ,køreʃyɕø,kø.re.ʃy.ɕø,4,RFFR,88,TRUE
кӗрӗ,kørø,kø.rø,2,RR,488,TRUE
кӗрӗк,kørøk,kø.røk,2,RR,841,TRUE
кӗрӗлтет,kørøltet,kø.røl.tet,3,RRF,1,TRUE
кӗрӗс,kørøs,kø.røs,2,RR,75,TRUE
кӗрӗсмерӗс,kørøsmerøs,kø.røs.me.røs,4,RRFR,1,TRUE
кӗрӗслет,kørøslet,kø.røs.let,3,RRF,1,TRUE
кӗрӗслеттер,kørøsletter,kø.røs.let.ter,4,RRFF,4,TRUE
кӗрӗслетӳ,kørøslety,kø.røs.le.ty,4,RRFF,2,TRUE
кӗрӗст,kørøst,kø.røst,2,RR,6,TRUE
кӗрӗш,kørøʃ,kø.røʃ,2,RR,6,TRUE
кӗрӗштер,kørøʃter,kø.røʃ.ter,3,RRF,1,TRUE
кӗриклет,køriklet,kø.rik.let,3,RFF,1,TRUE
кӗрип,kørip,kø.rip,2,RF,1,TRUE
кӗркке,kørkke,kørk.ke,2,RF,93,TRUE
кӗркунне,kørkunne,kør.kun.ne,3,RFF,3092,TRUE
кӗркуннепе,kørkunnepe,kør.kun.ne.pe,4,RFFF,133,TRUE
кӗркуннеренпе,kørkunnerenpe,kør.kun.ne.ren.pe,5,RFFFF,14,TRUE
кӗркуннехи,kørkunnexi,kør.kun.ne.xi,4,RFFF,279,TRUE
кӗркуннеччен,kørkunnetɕtɕen,kør.kun.netɕ.tɕen,4,RFFF,123,TRUE
кӗрле,kørle,kør.le,2,RF,102,TRUE
кӗрлев,kørleʋ,kør.leʋ,2,RF,61,TRUE
кӗрлевлӗ,kørleʋlø,kør.leʋ.lø,3,RFR,21,TRUE
кӗрлек,kørlek,kør.lek,2,RF,2,TRUE
кӗрленкӗ,kørlenkø,kør.len.kø,3,RFR,1,TRUE
кӗрленчӗк,kørlentɕøk,kør.len.tɕøk,3,RFR,1,TRUE
кӗрлеттер,kørletter,kør.let.ter,3,RFF,15,TRUE
кӗрлӗҫурлӑ,kørløɕurlɵ,kør.lø.ɕur.lɵ,4,RRFR,,FALSE
кӗрлӗхӗллӗ,kørløxøllø,kør.lø.xøl.lø,4,RRRR,,FALSE
кӗрлӗх,kørløx,kør.løx,2,RR,2,TRUE
кӗрме,kørme,kør.me,2,RF,8,TRUE
кӗрмек,kørmek,kør.mek,2,RF,3,TRUE
кӗрмеклен,kørmeklen,kør.mek.len,3,RFF,1,TRUE
кӗрмеклӗ,kørmeklø,kør.mek.lø,3,RFR,2,TRUE
кӗрмеле,kørmele,kør.me.le,3,RFF,,FALSE
кӗрмеш,kørmeʃ,kør.meʃ,2,RF,1,TRUE
кӗрмешӳ,kørmeʃy,kør.me.ʃy,3,RFF,1,TRUE
кӗрнек,kørnek,kør.nek,2,RF,73,TRUE
кӗрнекер,kørneker,kør.ne.ker,3,RFF,3,TRUE
кӗрнеклен,kørneklen,kør.nek.len,3,RFF,1,TRUE
кӗрнеклентер,kørneklenter,kør.nek.len.ter,4,RFFF,,FALSE
кӗрнеклет,kørneklet,kør.nek.let,3,RFF,,FALSE
кӗрнеклӗ,kørneklø,kør.nek.lø,3,RFR,335,TRUE
кӗрнеклӗх,kørnekløx,kør.nek.løx,3,RFR,6,TRUE
кӗрнексӗр,kørneksør,kør.nek.sør,3,RFR,7,TRUE
кӗрпе,kørpe,kør.pe,2,RF,469,TRUE
кӗрпек,kørpek,kør.pek,2,RF,9,TRUE
кӗрпекле,kørpekle,kør.pek.le,3,RFF,1,TRUE
кӗрпеклен,kørpeklen,kør.pek.len,3,RFF,1,TRUE
кӗрпеклет,kørpeklet,kør.pek.let,3,RFF,1,TRUE
кӗрпеклӗ,kørpeklø,kør.pek.lø,3,RFR,36,TRUE
кӗрс,kørs,kørs,1,R,19,TRUE
кӗрслет,kørslet,kørs.let,2,RF,2,TRUE
кӗрслеттер,kørsletter,kørs.let.ter,3,RFF,1,TRUE
кӗрҫе,kørɕe,kør.ɕe,2,RF,3,TRUE
кӗрт,kørt,kørt,1,R,534,TRUE
кӗртлет,kørtlet,kørt.let,2,RF,,FALSE
кӗртлеттер,kørtletter,kørt.let.ter,3,RFF,1,TRUE
кӗртлеш,kørtleʃ,kørt.leʃ,2,RF,1,TRUE
кӗрӳ,køry,kø.ry,2,RF,743,TRUE
кӗрхӗ,kørxø,kør.xø,2,RR,2,TRUE
кӗрхи,kørxi,kør.xi,2,RF,2599,TRUE
кӗрче,kørtɕe,kør.tɕe,2,RF,2,TRUE
кӗрчей,kørtɕej,kør.tɕej,2,RF,1,TRUE
кӗрчен,kørtɕen,kør.tɕen,2,RF,2,TRUE
кӗсел,køsel,kø.sel,2,RF,91,TRUE
кӗселлен,køsellen,kø.sel.len,3,RFF,1,TRUE
кӗселлентер,køsellenter,kø.sel.len.ter,4,RFFF,,FALSE
кӗсен,køsen,kø.sen,2,RF,51,TRUE
кӗсенсуран,køsensuran,kø.sen.su.ran,4,RFFF,,FALSE
кӗсенлен,køsenlen,kø.sen.len,3,RFF,1,TRUE
кӗсенлӗ,køsenlø,kø.sen.lø,3,RFR,8,TRUE
кӗске,køske,køs.ke,2,RF,4105,TRUE
кӗскел,køskel,køs.kel,2,RF,2,TRUE
кӗскен,køsken,køs.ken,2,RF,1970,TRUE
кӗскет,køsket,køs.ket,2,RF,9,TRUE
кӗскеттер,køsketter,køs.ket.ter,3,RFF,,FALSE
кӗскетӳ,køskety,køs.ke.ty,3,RFF,14,TRUE
кӗскӗ,køskø,køs.kø,2,RR,32,TRUE
кӗсле,køsle,køs.le,2,RF,363,TRUE
кӗслетӑмра,køsletɵmra,køs.le.tɵm.ra,4,RFRF,,FALSE
кӗслеле,køslele,køs.le.le,3,RFF,,FALSE
кӗслеллӗ,køslellø,køs.lel.lø,3,RFR,3,TRUE
кӗслеҫ,køsleɕ,køs.leɕ,2,RF,8,TRUE
кӗслеҫӗ,køsleɕø,køs.le.ɕø,3,RFR,49,TRUE
кӗсмен,køsmen,køs.men,2,RF,29,TRUE
кӗсменле,køsmenle,køs.men.le,3,RFF,1,TRUE
кӗсменлӗ,køsmenlø,køs.men.lø,3,RFR,5,TRUE
кӗсменҫӗ,køsmenɕø,køs.men.ɕø,3,RFR,4,TRUE
кӗсре,køsre,køs.re,2,RF,218,TRUE
кӗсъе,køse,kø.se,2,RF,56,TRUE
кӗҫ,køɕ,køɕ,1,R,1289,TRUE
кӗҫен,køɕen,kø.ɕen,2,RF,68,TRUE
кӗҫенлен,køɕenlen,kø.ɕen.len,3,RFF,1,TRUE
кӗҫӗ,køɕø,kø.ɕø,2,RR,38,TRUE
кӗҫӗллӗ,køɕøllø,kø.ɕøl.lø,3,RRR,3,TRUE
кӗҫӗн,køɕøn,kø.ɕøn,2,RR,5944,TRUE
кӗҫӗнкӗрӗм,køɕønkørøm,kø.ɕøn.kø.røm,4,RRRR,,FALSE
кӗҫӗнле,køɕønle,kø.ɕøn.le,3,RRF,1,TRUE
кӗҫӗнлет,køɕønlet,kø.ɕøn.let,3,RRF,1,TRUE
кӗҫӗр,køɕør,kø.ɕør,2,RR,1428,TRUE
кӗҫӗрлӗхе,køɕørløxe,kø.ɕør.lø.xe,4,RRRF,36,TRUE
кӗҫӗрхи,køɕørxi,kø.ɕør.xi,3,RRF,113,TRUE
кӗҫӗт,køɕøt,kø.ɕøt,2,RR,1,TRUE
кӗҫӗттер,køɕøtter,kø.ɕøt.ter,3,RRF,1,TRUE
кӗҫмек,køɕmek,køɕ.mek,2,RF,4,TRUE
кӗҫмер,køɕmer,køɕ.mer,2,RF,2,TRUE
кӗҫнерни,køɕnerni,køɕ.ner.ni,3,RFF,223,TRUE
кӗҫнерникун,køɕnernikun,køɕ.ner.ni.kun,4,RFFF,366,TRUE
кӗҫҫе,køɕɕe,køɕ.ɕe,2,RF,230,TRUE
кӗҫҫелен,køɕɕelen,køɕ.ɕe.len,3,RFF,,FALSE
кӗҫҫелентер,køɕɕelenter,køɕ.ɕe.len.ter,4,RFFF,,FALSE
кӗт,køt,køt,1,R,560,TRUE
кӗткать,køtkatʲ,køt.katʲ,2,RF,,FALSE
кӗткӗт,køtkøt,køt.køt,2,RR,,FALSE
кӗтев,køteʋ,kø.teʋ,2,RF,1,TRUE
кӗтевле,køteʋle,kø.teʋ.le,3,RFF,1,TRUE
кӗтевлӗн,køteʋløn,kø.teʋ.løn,3,RFR,7,TRUE
кӗтемӗн,køtemøn,kø.te.møn,3,RFR,1,TRUE
кӗтес,køtes,kø.tes,2,RF,1170,TRUE
кӗтесле,køtesle,kø.tes.le,3,RFF,12,TRUE
кӗтеслен,køteslen,kø.tes.len,3,RFF,,FALSE
кӗтеслет,køteslet,kø.tes.let,3,RFF,1,TRUE
кӗтеслӗ,køteslø,kø.tes.lø,3,RFR,506,TRUE
кӗтеслӗкӗтеслӗ,køtesløkøteslø,kø.tes.lø.kø.tes.lø,6,RFRRFR,,FALSE
кӗтӗ,køtø,kø.tø,2,RR,124,TRUE
кӗтӗк,køtøk,kø.tøk,2,RR,15,TRUE
кӗтӗклӗх,køtøkløx,kø.tøk.løx,3,RRR,2,TRUE
кӗтӗллӗ,køtøllø,kø.tøl.lø,3,RRR,1,TRUE
кӗтӗн,køtøn,kø.tøn,2,RR,208,TRUE
кӗтлӗх,køtløx,køt.løx,2,RR,4,TRUE
кӗтмел,køtmel,køt.mel,2,RF,84,TRUE
кӗтмелле,køtmelle,køt.mel.le,3,RFF,501,TRUE
кӗтрет,køtret,køt.ret,2,RF,128,TRUE
кӗттер,køtter,køt.ter,2,RF,24,TRUE
кӗттӗн,køttøn,køt.tøn,2,RR,2,TRUE
кӗтӳ,køty,kø.ty,2,RF,1327,TRUE
кӗтӳлӗх,køtyløx,kø.ty.løx,3,RFR,4,TRUE
кӗтӳлле,køtylle,kø.tyl.le,3,RFF,1,TRUE
кӗтӳҫ,køtyɕ,kø.tyɕ,2,RF,268,TRUE
кӗтӳҫӗ,køtyɕø,kø.ty.ɕø,3,RFR,257,TRUE
кӗтшер,køtʃer,kø.tʃer,2,RF,1,TRUE
кӗххӗм,køxxøm,køx.xøm,2,RR,26,TRUE
кӗххӗмлет,køxxømlet,køx.xøm.let,3,RRF,1,TRUE
кӗшемӗр,køʃemør,kø.ʃe.mør,3,RFR,9,TRUE
кӗшӗл,køʃøl,kø.ʃøl,2,RR,32,TRUE
кӗшӗлтет,køʃøltet,kø.ʃøl.tet,3,RRF,1,TRUE
кӗшӗлтетӳ,køʃøltety,kø.ʃøl.te.ty,4,RRFF,1,TRUE
кӗшӗлти,køʃølti,kø.ʃøl.ti,3,RRF,3,TRUE
кӗштек,køʃtek,køʃ.tek,2,RF,3,TRUE
кӗштӗр,køʃtør,køʃ.tør,2,RR,1,TRUE
кӗштӗркке,køʃtørkke,køʃ.tørk.ke,3,RRF,2,TRUE
кӗштӗртет,køʃtørtet,køʃ.tør.tet,3,RRF,1,TRUE
кӗштӗртеттер,køʃtørtetter,køʃ.tør.tet.ter,4,RRFF,,FALSE
кивер,kiʋer,ki.ʋer,2,FFFF,7,TRUE
кирка,kirka,kir.ka,2,FFFF,10,TRUE
кив,kiʋ,kiʋ,1,F,595,TRUE
кивкирӗк,kiʋkirøk,kiʋ.ki.røk,3,FFR,,FALSE
кивел,kiʋel,ki.ʋel,2,FF,4,TRUE
кивелтер,kiʋelter,ki.ʋel.ter,3,FFF,,FALSE
кивет,kiʋet,ki.ʋet,2,FF,5,TRUE
киветтер,kiʋetter,ki.ʋet.ter,3,FFF,,FALSE
кивӗ,kiʋø,ki.ʋø,2,FR,5581,TRUE
кивӗлле,kiʋølle,ki.ʋøl.le,3,FRF,35,TRUE
кивсе,kiʋse,kiʋ.se,2,FF,2,TRUE
кивҫен,kiʋɕen,kiʋ.ɕen,2,FF,686,TRUE
кивҫенле,kiʋɕenle,kiʋ.ɕen.le,3,FFF,76,TRUE
кивҫенлен,kiʋɕenlen,kiʋ.ɕen.len,3,FFF,,FALSE
киерентер,kierenter,ki.e.ren.ter,4,FFFF,,FALSE
кий,kij,kij,1,F,14,TRUE
кикак,kikak,ki.kak,2,FF,20,TRUE
кикаклат,kikaklat,ki.kak.lat,3,FFF,,FALSE
кикен,kiken,ki.ken,2,FF,46,TRUE
кикенек,kikenek,ki.ke.nek,3,FFF,6,TRUE
киккирик,kikkirik,kik.ki.rik,3,FFF,9,TRUE
киккириклет,kikkiriklet,kik.ki.rik.let,4,FFFF,,FALSE
кил,kil,kil,1,F,15781,TRUE
килйӗр,kiljør,kil.jør,2,FR,,FALSE
килҫурт,kilɕurt,kil.ɕurt,2,FF,12,TRUE
килен,kilen,ki.len,2,FF,327,TRUE
киленкаян,kilenkajan,ki.len.ka.jan,4,FFFF,2,TRUE
киленӗҫ,kilenøɕ,ki.le.nøɕ,3,FFR,175,TRUE
килентер,kilenter,ki.len.ter,3,FFF,2,TRUE
киленӳ,kileny,ki.le.ny,3,FFF,209,TRUE
килӗ,kilø,ki.lø,2,FR,2477,TRUE
килӗнтеш,kilønteʃ,ki.løn.teʃ,3,FRF,12,TRUE
килӗрен,kiløren,ki.lø.ren,3,FRF,394,TRUE
килӗш,kiløʃ,ki.løʃ,2,FR,189,TRUE
килӗшлӗх,kiløʃløx,ki.løʃ.løx,3,FRR,1,TRUE
килӗштер,kiløʃter,ki.løʃ.ter,3,FRF,11,TRUE
килӗштерӳ,kiløʃtery,ki.løʃ.te.ry,4,FRFF,15,TRUE
килӗштерчӗк,kiløʃtertɕøk,ki.løʃ.ter.tɕøk,4,FRFR,1,TRUE
килӗштерчӗклӗх,kiløʃtertɕøkløx,ki.løʃ.ter.tɕøk.løx,5,FRFRR,1,TRUE
килӗшӳ,kiløʃy,ki.lø.ʃy,3,FRF,1561,TRUE
килӗшӳлӗх,kiløʃyløx,ki.lø.ʃy.løx,4,FRFR,82,TRUE
килӗшӳллӗ,kiløʃyllø,ki.lø.ʃyl.lø,4,FRFR,890,TRUE
килӗшӳллӗн,kiløʃylløn,ki.lø.ʃyl.løn,4,FRFR,4103,TRUE
килӗшӳсӗр,kiløʃysør,ki.lø.ʃy.sør,4,FRFR,203,TRUE
килӗшӳсӗрлен,kiløʃysørlen,ki.lø.ʃy.sør.len,5,FRFRF,1,TRUE
килӗшӳсӗрлӗх,kiløʃysørløx,ki.lø.ʃy.sør.løx,5,FRFRR,4,TRUE
килйыш,kiljʉʃ,kil.jʉʃ,2,FF,73,TRUE
килйышла,kiljʉʃla,kil.jʉʃ.la,3,FFF,2,TRUE
килкарти,kilkarti,kil.kar.ti,3,FFF,77,TRUE
киллӗ,killø,kil.lø,2,FR,43,TRUE
киллӗҫуртлӑ,killøɕurtlɵ,kil.lø.ɕurt.lɵ,4,FRFR,,FALSE
килпет,kilpet,kil.pet,2,FF,11,TRUE
килпетлӗ,kilpetlø,kil.pet.lø,3,FFR,21,TRUE
килпетсӗр,kilpetsør,kil.pe.tsør,3,FFR,103,TRUE
килпетсӗрлӗх,kilpetsørløx,kil.pe.tsør.løx,4,FFRR,4,TRUE
килсерен,kilseren,kil.se.ren,3,FFF,70,TRUE
килсӗрҫуртсӑр,kilsørɕurtsɵr,kil.sør.ɕur.tsɵr,4,FRFR,5,TRUE
килтер,kilter,kil.ter,2,FF,7,TRUE
килтӗ,kiltø,kil.tø,2,FR,6,TRUE
килти,kilti,kil.ti,2,FF,2769,TRUE
килӳ,kily,ki.ly,2,FF,28,TRUE
киль,kilʲ,kilʲ,1,F,28,TRUE
килька,kilʲka,kilʲ.ka,2,FF,21,TRUE
кимӗ,kimø,ki.mø,2,FR,875,TRUE
кимӗкарап,kimøkarap,ki.mø.ka.rap,4,FRFF,,FALSE
кимӗл,kimøl,ki.møl,2,FR,1,TRUE
кимӗлтер,kimølter,ki.møl.ter,3,FRF,1,TRUE
кимӗр,kimør,ki.mør,2,FR,,FALSE
кимӗҫ,kimøɕ,ki.møɕ,2,FR,14,TRUE
кимӗҫӗ,kimøɕø,ki.mø.ɕø,3,FRR,10,TRUE
кимӗт,kimøt,ki.møt,2,FR,1,TRUE
кимӗттер,kimøtter,ki.møt.ter,3,FRF,,FALSE
кин,kin,kin,1,F,1396,TRUE
кинхӗр,kinxør,kin.xør,2,FR,,FALSE
кинемей,kinemej,ki.ne.mej,3,FFF,1540,TRUE
кинеми,kinemi,ki.ne.mi,3,FFF,737,TRUE
кинет,kinet,ki.net,2,FF,5,TRUE
кинетика,kinetika,ki.ne.ti.ka,4,FFFF,4,TRUE
кинкӑрканкӑр,kinkɵrkankɵr,kin.kɵr.kan.kɵr,4,FRFR,,FALSE
кипарис,kiparis,ki.pa.ris,3,FFF,10,TRUE
кипек,kipek,ki.pek,2,FF,152,TRUE
кипекле,kipekle,ki.pek.le,3,FFF,,FALSE
кипенкӗ,kipenkø,ki.pen.kø,3,FFR,2,TRUE
кипӗ,kipø,ki.pø,2,FR,3,TRUE
кипӗт,kipøt,ki.pøt,2,FR,,FALSE
кипӗтле,kipøtle,ki.pøt.le,3,FRF,,FALSE
кипке,kipke,kip.ke,2,FF,89,TRUE
кипкеле,kipkele,kip.ke.le,3,FFF,,FALSE
кир,kir,kir,1,F,55,TRUE
кире,kire,ki.re,2,FF,708,TRUE
киревлӗ,kireʋlø,ki.reʋ.lø,3,FFR,4,TRUE
киревсӗр,kireʋsør,ki.reʋ.sør,3,FFR,709,TRUE
киревсӗрлен,kireʋsørlen,ki.reʋ.sør.len,4,FFRF,1,TRUE
киревсӗрлӗх,kireʋsørløx,ki.reʋ.sør.løx,4,FFRR,16,TRUE
кирек,kirek,ki.rek,2,FF,5438,TRUE
киремет,kiremet,ki.re.met,3,FFF,790,TRUE
киреметле,kiremetle,ki.re.met.le,4,FFFF,,FALSE
киреметлен,kiremetlen,ki.re.met.len,4,FFFF,,FALSE
киресӗр,kiresør,ki.re.sør,3,FFR,1,TRUE
кирӗк,kirøk,ki.røk,2,FR,55,TRUE
кирӗклен,kirøklen,ki.røk.len,3,FRF,,FALSE
кирӗклентер,kirøklenter,ki.røk.len.ter,4,FRFF,,FALSE
кирӗклӗ,kirøklø,ki.røk.lø,3,FRR,7,TRUE
киркке,kirkke,kirk.ke,2,FF,,FALSE
кирлӗ,kirlø,kir.lø,2,FR,30199,TRUE
кирлӗлӗх,kirløløx,kir.lø.løx,3,FRR,13,TRUE
кирпет,kirpet,kir.pet,2,FF,8,TRUE
кирпӗч,kirpøtɕ,kir.pøtɕ,2,FR,1275,TRUE
кирпӗчле,kirpøtɕle,kir.pøtɕ.le,3,FRF,,FALSE
кирпӗчлен,kirpøtɕlen,kir.pøtɕ.len,3,FRF,,FALSE
кис,kis,kis,1,F,19,TRUE
кискис,kiskis,kis.kis,2,FF,,FALSE
кисек,kisek,ki.sek,2,FF,1,TRUE
кисепе,kisepe,ki.se.pe,3,FFF,2,TRUE
кисея,kiseja,ki.se.ja,3,FFF,1,TRUE
кисӗп,kisøp,ki.søp,2,FR,29,TRUE
кисрев,kisreʋ,kis.reʋ,2,FF,2,TRUE
кисрен,kisren,kis.ren,2,FF,,FALSE
кисренчӗк,kisrentɕøk,kis.ren.tɕøk,3,FFR,1,TRUE
кисрет,kisret,kis.ret,2,FF,,FALSE
кисреттер,kisretter,kis.ret.ter,3,FFF,,FALSE
кисретӳллӗ,kisretyllø,kis.re.tyl.lø,4,FFFR,1,TRUE
кистен,kisten,kis.ten,2,FF,19,TRUE
кисть,kistʲ,kistʲ,1,F,4,TRUE
киҫмӗк,kiɕmøk,kiɕ.møk,2,FR,1,TRUE
киҫмӗклен,kiɕmøklen,kiɕ.møk.len,3,FRF,1,TRUE
кит,kit,kit,1,F,68,TRUE
китай,kitaj,ki.taj,2,FF,1626,TRUE
китайка,kitajka,ki.taj.ka,3,FFF,16,TRUE
китайла,kitajla,ki.taj.la,3,FFF,117,TRUE
китель,kitelʲ,ki.telʲ,2,FF,28,TRUE
киттимитти,kittimitti,kit.ti.mit.ti,4,FFFF,,FALSE
кичем,kitɕem,ki.tɕem,2,FF,1135,TRUE
кичемле,kitɕemle,ki.tɕem.le,3,FFF,2,TRUE
кичемлен,kitɕemlen,ki.tɕem.len,3,FFF,3,TRUE
кичемлентер,kitɕemlenter,ki.tɕem.len.ter,4,FFFF,,FALSE
кичемлӗ,kitɕemlø,ki.tɕem.lø,3,FFR,9,TRUE
кичемлӗх,kitɕemløx,ki.tɕem.løx,3,FFR,98,TRUE
кичеммӗн,kitɕemmøn,ki.tɕem.møn,3,FFR,124,TRUE
кишӗк,kiʃøk,ki.ʃøk,2,FR,3,TRUE
кишӗкле,kiʃøkle,ki.ʃøk.le,3,FRF,2,TRUE
кишӗр,kiʃør,ki.ʃør,2,FR,782,TRUE
кишлак,kiʃlak,kiʃ.lak,2,FF,12,TRUE
кишмиш,kiʃmiʃ,kiʃ.miʃ,2,FF,5,TRUE
клавиатура,klaʋiatura,kla.ʋi.a.tu.ra,5,FFFFF,45,TRUE
клавиш,klaʋiʃ,kla.ʋiʃ,2,FF,6,TRUE
клан,klan,klan,1,F,7,TRUE
клантай,klantaj,klan.taj,2,FF,,FALSE
клапан,klapan,kla.pan,2,FF,6,TRUE
кларнет,klarnet,klar.net,2,FF,11,TRUE
класлӑх,klaslɵx,klas.lɵx,2,FR,5,TRUE
класс,klass,klass,1,F,4580,TRUE
классик,klassik,klas.sik,2,FF,73,TRUE
классика,klassika,klas.si.ka,3,FFF,300,TRUE
классикӑлла,klassikɵlla,klas.si.kɵl.la,4,FFRF,80,TRUE
клевер,kleʋer,kle.ʋer,2,FF,152,TRUE
клеенка,kleenka,kle.en.ka,3,FFF,22,TRUE
клейстер,klejster,klejs.ter,2,FF,1,TRUE
клеме,kleme,kle.me,2,FF,20,TRUE
клемеле,klemele,kle.me.le,3,FFF,,FALSE
клемеллӗ,klemellø,kle.mel.lø,3,FFR,2,TRUE
клемма,klemma,klem.ma,2,FF,1,TRUE
клентӗр,klentør,klen.tør,2,FR,11,TRUE
клепка,klepka,klep.ka,2,FF,6,TRUE
клерикал,klerikal,kle.ri.kal,3,FFF,1,TRUE
клерикала,klerikala,kle.ri.ka.la,4,FFFF,,FALSE
клерк,klerk,klerk,1,F,8,TRUE
клетк,kletk,kletk,1,F,,FALSE
клетка,kletka,klet.ka,2,FF,36,TRUE
клеткӑллӑ,kletkɵllɵ,klet.kɵl.lɵ,3,FRR,35,TRUE
клетчатка,klettɕatka,klet.tɕat.ka,3,FFF,68,TRUE
клеть,kletʲ,kletʲ,1,F,3,TRUE
клеш,kleʃ,kleʃ,1,F,5,TRUE
клӗпкӑла,kløpkɵla,kløp.kɵ.la,3,RRF,1,TRUE
клиент,klient,kli.ent,2,FF,72,TRUE
климакс,klimaks,kli.maks,2,FF,4,TRUE
климат,klimat,kli.mat,2,FF,159,TRUE
клиника,klinika,kli.ni.ka,3,FFF,338,TRUE
клинкер,klinker,klin.ker,2,FF,12,TRUE
клипер,kliper,kli.per,2,FF,2,TRUE
клипса,klipsa,klip.sa,2,FF,1,TRUE
клише,kliʃe,kli.ʃe,2,FF,11,TRUE
ключ,kljutɕ,kljutɕ,1,F,54,TRUE
клюшка,kljuʃka,kljuʃ.ka,2,FF,10,TRUE
кнеҫ,kneɕ,kneɕ,1,F,249,TRUE
кнеҫлӗх,kneɕløx,kneɕ.løx,2,FR,22,TRUE
кравать,kraʋatʲ,kra.ʋatʲ,2,FF,1104,TRUE
кравул,kraʋul,kra.ʋul,2,FF,8,TRUE
край,kraj,kraj,1,F,94,TRUE
крак,krak,krak,1,F,14,TRUE
краклат,kraklat,krak.lat,2,FF,,FALSE
кран,kran,kran,1,F,144,TRUE
кранк,krank,krank,1,F,8,TRUE
кранклат,kranklat,krank.lat,2,FF,,FALSE
красная,krasnaja,kras.na.ja,3,FFF,100,TRUE
краҫҫын,kraɕɕʉn,kraɕ.ɕʉn,2,FF,376,TRUE
краҫҫынла,kraɕɕʉnla,kraɕ.ɕʉn.la,3,FFF,1,TRUE
краҫҫынлан,kraɕɕʉnlan,kraɕ.ɕʉn.lan,3,FFF,1,TRUE
кратер,krater,kra.ter,2,FF,11,TRUE
крахмал,kraxmal,krax.mal,2,FF,197,TRUE
крахмалла,kraxmalla,krax.mal.la,3,FFF,,FALSE
крахмаллӑ,kraxmallɵ,krax.mal.lɵ,3,FFR,8,TRUE
крейсер,krejser,krej.ser,2,FF,42,TRUE
крем,krem,krem,1,F,266,TRUE
кремль,kremlʲ,kremlʲ,1,F,280,TRUE
кремльти,kremlʲti,kremlʲ.ti,2,FF,73,TRUE
кремни,kremni,krem.ni,2,FF,32,TRUE
креп,krep,krep,1,F,,FALSE
кресла,kresla,kres.la,2,FF,13,TRUE
кретин,kretin,kre.tin,2,FF,1,TRUE
криминалист,kriminalist,kri.mi.na.list,4,FFFF,20,TRUE
криминалистика,kriminalistika,kri.mi.na.lis.ti.ka,6,FFFFFF,24,TRUE
кристалл,kristall,kris.tall,2,FF,38,TRUE
кристалла,kristalla,kris.tal.la,3,FFF,1,TRUE
кристаллан,kristallan,kris.tal.lan,3,FFF,,FALSE
кристаллӑ,kristallɵ,kris.tal.lɵ,3,FFR,4,TRUE
критери,kriteri,kri.te.ri,3,FFF,17,TRUE
критик,kritik,kri.tik,2,FF,186,TRUE
критика,kritika,kri.ti.ka,3,FFF,128,TRUE
критикӑллӑ,kritikɵllɵ,kri.ti.kɵl.lɵ,4,FFRR,27,TRUE
критикле,kritikle,kri.tik.le,3,FFF,1,TRUE
круп,krup,krup,1,F,1,TRUE
крупчатка,kruptɕatka,krup.tɕat.ka,3,FFF,,FALSE
крушени,kruʃeni,kru.ʃe.ni,3,FFF,,FALSE
ку,ku,ku,1,F,67926,TRUE
куй,kuj,kuj,1,F,11,TRUE
куйкӑрӑш,kujkɵrɵʃ,kuj.kɵ.rɵʃ,3,FRR,13,TRUE
куймак,kujmak,kuj.mak,2,FF,13,TRUE
кук,kuk,kuk,1,F,114,TRUE
кука,kuka,ku.ka,2,FF,5,TRUE
кукале,kukale,ku.ka.le,3,FFF,4,TRUE
кукален,kukalen,ku.ka.len,3,FFF,1,TRUE
кукамай,kukamaj,ku.ka.maj,3,FFF,1344,TRUE
кукар,kukar,ku.kar,2,FF,155,TRUE
кукарлан,kukarlan,ku.kar.lan,3,FFF,,FALSE
кукарлантар,kukarlantar,ku.kar.lan.tar,4,FFFF,,FALSE
кукаҫи,kukaɕi,ku.ka.ɕi,3,FFF,591,TRUE
кукаҫлен,kukaɕlen,ku.kaɕ.len,3,FFF,1,TRUE
кукӑль,kukɵlʲ,ku.kɵlʲ,2,FR,921,TRUE
кукӑльпӳремеч,kukɵlʲpyremetɕ,ku.kɵlʲ.py.re.metɕ,5,FRFFF,1,TRUE
кукӑльт,kukɵlʲt,ku.kɵlʲt,2,FR,1,TRUE
кукӑр,kukɵr,ku.kɵr,2,FR,931,TRUE
кукӑркакӑр,kukɵrkakɵr,ku.kɵr.ka.kɵr,4,FRFR,,FALSE
кукӑрмакӑр,kukɵrmakɵr,ku.kɵr.ma.kɵr,4,FRFR,2,TRUE
кукӑрӑл,kukɵrɵl,ku.kɵ.rɵl,3,FRR,5,TRUE
кукӑрӑлчӑк,kukɵrɵltɕɵk,ku.kɵ.rɵl.tɕɵk,4,FRRR,8,TRUE
кукӑрӑҫ,kukɵrɵɕ,ku.kɵ.rɵɕ,3,FRR,1,TRUE
кукӑркут,kukɵrkut,ku.kɵr.kut,3,FRF,1,TRUE
кукӑрлан,kukɵrlan,ku.kɵr.lan,3,FRF,,FALSE
кукӑрлат,kukɵrlat,ku.kɵr.lat,3,FRF,1,TRUE
кукӑрсӑмса,kukɵrsɵmsa,ku.kɵr.sɵm.sa,4,FRRF,5,TRUE
кукӑрт,kukɵrt,ku.kɵrt,2,FR,3,TRUE
кукӑрттар,kukɵrttar,ku.kɵrt.tar,3,FRF,,FALSE
кукӑрчӑк,kukɵrtɕɵk,ku.kɵr.tɕɵk,3,FRR,7,TRUE
кукка,kukka,kuk.ka,2,FF,561,TRUE
кукки,kukki,kuk.ki,2,FF,30,TRUE
куккук,kukkuk,kuk.kuk,2,FF,563,TRUE
куккукла,kukkukla,kuk.kuk.la,3,FFF,8,TRUE
куккуруккук,kukkurukkuk,kuk.ku.ruk.kuk,4,FFFF,1,TRUE
куклек,kuklek,kuk.lek,2,FF,1,TRUE
куклен,kuklen,kuk.len,2,FF,5,TRUE
куклентер,kuklenter,kuk.len.ter,3,FFF,,FALSE
кукленчӗк,kuklentɕøk,kuk.len.tɕøk,3,FFR,1,TRUE
куклет,kuklet,kuk.let,2,FF,2,TRUE
куклетмӗш,kukletmøʃ,kuk.let.møʃ,3,FFR,1,TRUE
кукрашка,kukraʃka,kuk.raʃ.ka,3,FFF,16,TRUE
куктӗрри,kuktørri,kuk.tør.ri,3,FRF,5,TRUE
куктӗрриллӗ,kuktørrillø,kuk.tør.ril.lø,4,FRFR,7,TRUE
кукша,kukʃa,kuk.ʃa,2,FF,486,TRUE
кукшалан,kukʃalan,kuk.ʃa.lan,3,FFF,,FALSE
кукшаллӑ,kukʃallɵ,kuk.ʃal.lɵ,3,FFR,3,TRUE
кул,kul,kul,1,F,411,TRUE
кула,kula,ku.la,2,FF,820,TRUE
кулавкка,kulaʋkka,ku.laʋk.ka,3,FFF,2,TRUE
кулак,kulak,ku.lak,2,FF,397,TRUE
кулакла,kulakla,ku.lak.la,3,FFF,11,TRUE
куланай,kulanaj,ku.la.naj,3,FFF,240,TRUE
кулат,kulat,ku.lat,2,FF,2,TRUE
кулата,kulata,ku.la.ta,3,FFF,6,TRUE
кулатала,kulatala,ku.la.ta.la,4,FFFF,,FALSE
кулатник,kulatnik,ku.lat.nik,3,FFF,14,TRUE
кулач,kulatɕ,ku.latɕ,2,FF,253,TRUE
кулӑ,kulɵ,ku.lɵ,2,FR,1047,TRUE
кулӑш,kulɵʃ,ku.lɵʃ,2,FR,977,TRUE
кулӑшла,kulɵʃla,ku.lɵʃ.la,3,FRF,1098,TRUE
кулӑшлан,kulɵʃlan,ku.lɵʃ.lan,3,FRF,4,TRUE
кулӑшлат,kulɵʃlat,ku.lɵʃ.lat,3,FRF,1,TRUE
кулек,kulek,ku.lek,2,FF,1,TRUE
кули,kuli,ku.li,2,FF,128,TRUE
кулик,kulik,ku.lik,2,FF,25,TRUE
кулинар,kulinar,ku.li.nar,3,FFF,17,TRUE
кулинари,kulinari,ku.li.na.ri,4,FFFF,66,TRUE
кулиса,kulisa,ku.li.sa,3,FFF,33,TRUE
кулкка,kulkka,kulk.ka,2,FF,1,TRUE
куллен,kullen,kul.len,2,FF,2010,TRUE
кулленкун,kullenkun,kul.len.kun,3,FFF,1,TRUE
кулленхи,kullenxi,kul.len.xi,3,FFF,1353,TRUE
култар,kultar,kul.tar,2,FF,63,TRUE
култармӑш,kultarmɵʃ,kul.tar.mɵʃ,3,FFR,8,TRUE
кулуар,kuluar,ku.lu.ar,3,FFF,,FALSE
кулуҫах,kuluɕax,ku.lu.ɕax,3,FFF,1,TRUE
культ,kulʲt,kulʲt,1,F,65,TRUE
культура,kulʲtura,kulʲ.tu.ra,3,FFF,15997,TRUE
культурӑлан,kulʲturɵlan,kulʲ.tu.rɵ.lan,4,FFRF,3,TRUE
культурӑлат,kulʲturɵlat,kulʲ.tu.rɵ.lat,4,FFRF,1,TRUE
культурӑлӑх,kulʲturɵlɵx,kulʲ.tu.rɵ.lɵx,4,FFRR,1,TRUE
культурӑллӑ,kulʲturɵllɵ,kulʲ.tu.rɵl.lɵ,4,FFRR,261,TRUE
культурӑсӑр,kulʲturɵsɵr,kulʲ.tu.rɵ.sɵr,4,FFRR,12,TRUE
культурӑсӑрлӑх,kulʲturɵsɵrlɵx,kulʲ.tu.rɵ.sɵr.lɵx,5,FFRRR,4,TRUE
кулюкка,kuljukka,kul.juk.ka,3,FFF,279,TRUE
кулян,kuljan,kul.jan,2,FF,500,TRUE
кулянтар,kuljantar,kul.jan.tar,3,FFF,2,TRUE
куляну,kuljanu,kul.ja.nu,3,FFF,63,TRUE
кум,kum,kum,1,F,639,TRUE
кума,kuma,ku.ma,2,FF,411,TRUE
кумалан,kumalan,ku.ma.lan,3,FFF,,FALSE
кумалӑх,kumalɵx,ku.ma.lɵx,3,FFR,2,TRUE
кумаллӑ,kumallɵ,ku.mal.lɵ,3,FFR,7,TRUE
кумаляк,kumaljak,ku.mal.jak,3,FFF,17,TRUE
куманне,kumanne,ku.man.ne,3,FFF,,FALSE
куматте,kumatte,ku.mat.te,3,FFF,,FALSE
кумӑ,kumɵ,ku.mɵ,2,FR,,FALSE
кумир,kumir,ku.mir,2,FF,36,TRUE
кумкӑч,kumkɵtɕ,kum.kɵtɕ,2,FR,1,TRUE
кумкка,kumkka,kumk.ka,2,FF,21,TRUE
кумлӑ,kumlɵ,kum.lɵ,2,FR,11,TRUE
кумма,kumma,kum.ma,2,FF,26,TRUE
кумтар,kumtar,kum.tar,2,FF,,FALSE
кумык,kumʉk,ku.mʉk,2,FF,28,TRUE
кумыкла,kumʉkla,ku.mʉk.la,3,FFF,3,TRUE
кумыс,kumʉs,ku.mʉs,2,FF,13,TRUE
кун,kun,kun,1,F,54289,TRUE
кунӑн,kunɵn,ku.nɵn,2,FR,331,TRUE
кунӗ,kunø,ku.nø,2,FR,6387,TRUE
кунӗкунӗпе,kunøkunøpe,ku.nø.ku.nø.pe,5,FRFRF,1,TRUE
кунӗлен,kunølen,ku.nø.len,3,FRF,,FALSE
кунӗлентер,kunølenter,ku.nø.len.ter,4,FRFF,,FALSE
кунӗлет,kunølet,ku.nø.let,3,FRF,1,TRUE
кунӗлӗх,kunøløx,ku.nø.løx,3,FRR,3,TRUE
кунӗнҫӗрӗн,kunønɕørøn,ku.nøn.ɕø.røn,4,FRRR,20,TRUE
кунӗпе,kunøpe,ku.nø.pe,3,FRF,1588,TRUE
кункӑра,kunkɵra,kun.kɵ.ra,3,FRF,23,TRUE
кункӑралан,kunkɵralan,kun.kɵ.ra.lan,4,FRFF,1,TRUE
кункӑрашка,kunkɵraʃka,kun.kɵ.raʃ.ka,4,FRFF,1,TRUE
кункӑрашкалан,kunkɵraʃkalan,kun.kɵ.raʃ.ka.lan,5,FRFFF,1,TRUE
кункӑрашкаллӑ,kunkɵraʃkallɵ,kun.kɵ.raʃ.kal.lɵ,5,FRFFR,1,TRUE
кунла,kunla,kun.la,2,FF,5,TRUE
кунранкун,kunrankun,kun.ran.kun,3,FFF,8,TRUE
кунсерен,kunseren,kun.se.ren,3,FFF,1085,TRUE
кунҫул,kunɕul,kun.ɕul,2,FF,265,TRUE
кунта,kunta,kun.ta,2,FF,34505,TRUE
кунталла,kuntalla,kun.tal.la,3,FFF,1332,TRUE
кунтан,kuntan,kun.tan,2,FF,3254,TRUE
кунтанпа,kuntanpa,kun.tan.pa,3,FFF,23,TRUE
кунтӑ,kuntɵ,kun.tɵ,2,FR,27,TRUE
кунтӑк,kuntɵk,kun.tɵk,2,FR,55,TRUE
кунти,kunti,kun.ti,2,FF,2423,TRUE
кунхи,kunxi,kun.xi,2,FF,253,TRUE
кунча,kuntɕa,kun.tɕa,2,FF,11,TRUE
кунчаклан,kuntɕaklan,kun.tɕak.lan,3,FFF,,FALSE
кунчаклӑ,kuntɕaklɵ,kun.tɕak.lɵ,3,FFR,1,TRUE
кунчала,kuntɕala,kun.tɕa.la,3,FFF,1,TRUE
кунчаллӑ,kuntɕallɵ,kun.tɕal.lɵ,3,FFR,63,TRUE
кунччен,kuntɕtɕen,kuntɕ.tɕen,2,FF,740,TRUE
кунчченхи,kuntɕtɕenxi,kuntɕ.tɕen.xi,3,FFF,9,TRUE
купкукӑр,kupkukɵr,kup.ku.kɵr,3,FFR,,FALSE
купа,kupa,ku.pa,2,FF,305,TRUE
купала,kupala,ku.pa.la,3,FFF,59,TRUE
купалан,kupalan,ku.pa.lan,3,FFF,1,TRUE
купаланчӑк,kupalantɕɵk,ku.pa.lan.tɕɵk,4,FFFR,1,TRUE
купалаттар,kupalattar,ku.pa.lat.tar,4,FFFF,,FALSE
купальник,kupalʲnik,ku.palʲ.nik,3,FFF,8,TRUE
купальня,kupalʲnja,ku.palʲn.ja,3,FFF,3,TRUE
купарча,kupartɕa,ku.par.tɕa,3,FFF,46,TRUE
купӑс,kupɵs,ku.pɵs,2,FR,1908,TRUE
купӑсҫӑ,kupɵsɕɵ,ku.pɵs.ɕɵ,3,FRR,353,TRUE
купӑста,kupɵsta,ku.pɵs.ta,3,FRF,1082,TRUE
купе,kupe,ku.pe,2,FF,57,TRUE
купеллӗ,kupellø,ku.pel.lø,3,FFR,2,TRUE
куплак,kuplak,kup.lak,2,FF,1,TRUE
куплен,kuplen,kup.len,2,FF,5,TRUE
куплет,kuplet,kup.let,2,FF,35,TRUE
куплетлӑ,kupletlɵ,kup.let.lɵ,3,FFR,10,TRUE
купса,kupsa,kup.sa,2,FF,192,TRUE
купта,kupta,kup.ta,2,FF,7,TRUE
купташка,kuptaʃka,kup.taʃ.ka,3,FFF,2,TRUE
купчашка,kuptɕaʃka,kup.tɕaʃ.ka,3,FFF,5,TRUE
купюра,kupjura,kup.ju.ra,3,FFF,14,TRUE
кур,kur,kur,1,F,1852,TRUE
кура,kura,ku.ra,2,FF,6329,TRUE
курайманлӑх,kurajmanlɵx,ku.raj.man.lɵx,4,FFFR,209,TRUE
курак,kurak,ku.rak,2,FF,1038,TRUE
куракҫӑхан,kurakɕɵxan,ku.rak.ɕɵ.xan,4,FFRF,,FALSE
куракла,kurakla,ku.rak.la,3,FFF,5,TRUE
куран,kuran,ku.ran,2,FF,328,TRUE
курант,kurant,ku.rant,2,FF,2,TRUE
курӑк,kurɵk,ku.rɵk,2,FR,3794,TRUE
курӑкйывӑҫ,kurɵkjʉʋɵɕ,ku.rɵk.jʉ.ʋɵɕ,4,FRFR,,FALSE
курӑкла,kurɵkla,ku.rɵk.la,3,FRF,8,TRUE
курӑклан,kurɵklan,ku.rɵk.lan,3,FRF,1,TRUE
курӑклӑ,kurɵklɵ,ku.rɵk.lɵ,3,FRR,88,TRUE
курӑмлӑ,kurɵmlɵ,ku.rɵm.lɵ,3,FRR,635,TRUE
курӑмлӑх,kurɵmlɵx,ku.rɵm.lɵx,3,FRR,20,TRUE
курӑмсӑр,kurɵmsɵr,ku.rɵm.sɵr,3,FRR,14,TRUE
курӑмсӑрлӑх,kurɵmsɵrlɵx,ku.rɵm.sɵr.lɵx,4,FRRR,1,TRUE
курӑн,kurɵn,ku.rɵn,2,FR,517,TRUE
курӑнаслӑх,kurɵnaslɵx,ku.rɵ.nas.lɵx,4,FRFR,2,TRUE
курӑнӑҫ,kurɵnɵɕ,ku.rɵ.nɵɕ,3,FRR,1,TRUE
курӑну,kurɵnu,ku.rɵ.nu,3,FRF,159,TRUE
курӑнуллӑ,kurɵnullɵ,ku.rɵ.nul.lɵ,4,FRFR,11,TRUE
курӑс,kurɵs,ku.rɵs,2,FR,76,TRUE
курӑслан,kurɵslan,ku.rɵs.lan,3,FRF,1,TRUE
курӑслантар,kurɵslantar,ku.rɵs.lan.tar,4,FRFF,1,TRUE
кури,kuri,ku.ri,2,FF,183,TRUE
куринке,kurinke,ku.rin.ke,3,FFF,2,TRUE
курите,kurite,ku.ri.te,3,FFF,16,TRUE
курка,kurka,kur.ka,2,FF,791,TRUE
куркаҫӑпала,kurkaɕɵpala,kur.ka.ɕɵ.pa.la,5,FFRFF,,FALSE
куркаллӑ,kurkallɵ,kur.kal.lɵ,3,FFR,3,TRUE
куркуҫла,kurkuɕla,kur.kuɕ.la,3,FFF,2,TRUE
курланкӑ,kurlankɵ,kur.lan.kɵ,3,FFR,3,TRUE
курланкӑллӑ,kurlankɵllɵ,kur.lan.kɵl.lɵ,4,FFRR,1,TRUE
курманилтмен,kurmaniltmen,kur.ma.nilt.men,4,FFFF,3,TRUE
курмӑш,kurmɵʃ,kur.mɵʃ,2,FR,279,TRUE
курна,kurna,kur.na,2,FF,22,TRUE
курнӑҫ,kurnɵɕ,kur.nɵɕ,2,FR,35,TRUE
курнӑҫлан,kurnɵɕlan,kur.nɵɕ.lan,3,FRF,6,TRUE
курнӑҫлану,kurnɵɕlanu,kur.nɵɕ.la.nu,4,FRFF,1,TRUE
курнӑҫланчӑк,kurnɵɕlantɕɵk,kur.nɵɕ.lan.tɕɵk,4,FRFR,2,TRUE
курнӑҫлӑ,kurnɵɕlɵ,kur.nɵɕ.lɵ,3,FRR,1,TRUE
курнӑҫу,kurnɵɕu,kur.nɵ.ɕu,3,FRF,57,TRUE
курниилтни,kurniiltni,kur.ni.ilt.ni,4,FFFF,,FALSE
курпӑль,kurpɵlʲ,kur.pɵlʲ,2,FR,7,TRUE
курпун,kurpun,kur.pun,2,FF,103,TRUE
курпунлан,kurpunlan,kur.pun.lan,3,FFF,1,TRUE
курпунлантар,kurpunlantar,kur.pun.lan.tar,4,FFFF,1,TRUE
курпунлат,kurpunlat,kur.pun.lat,3,FFF,1,TRUE
курпунлӑ,kurpunlɵ,kur.pun.lɵ,3,FFR,52,TRUE
курпушка,kurpuʃka,kur.puʃ.ka,3,FFF,1,TRUE
курс,kurs,kurs,1,F,866,TRUE
курсант,kursant,kur.sant,2,FF,74,TRUE
курсив,kursiʋ,kur.siʋ,2,FF,3,TRUE
курсивлӑ,kursiʋlɵ,kur.siʋ.lɵ,3,FFR,2,TRUE
куртка,kurtka,kurt.ka,2,FF,202,TRUE
курттӑм,kurttɵm,kurt.tɵm,2,FR,60,TRUE
курттӑмӑн,kurttɵmɵn,kurt.tɵ.mɵn,3,FRR,15,TRUE
куршак,kurʃak,kur.ʃak,2,FF,38,TRUE
куршанак,kurʃanak,kur.ʃa.nak,3,FFF,177,TRUE
куршанакла,kurʃanakla,kur.ʃa.nak.la,4,FFFF,1,TRUE
курьер,kurʲer,ku.rʲer,2,FF,851,TRUE
курьерла,kurʲerla,ku.rʲer.la,3,FFF,,FALSE
кус,kus,kus,1,F,20,TRUE
кусак,kusak,ku.sak,2,FF,,FALSE
кусан,kusan,ku.san,2,FF,8,TRUE
кусанҫӳрен,kusanɕyren,ku.san.ɕy.ren,4,FFFF,4,TRUE
кусар,kusar,ku.sar,2,FF,74,TRUE
кусатӑран,kusatɵran,ku.sa.tɵ.ran,4,FFRF,3,TRUE
кусӑ,kusɵ,ku.sɵ,2,FR,,FALSE
кусӑрка,kusɵrka,ku.sɵr.ka,3,FRF,15,TRUE
кусӑркаллӑ,kusɵrkallɵ,ku.sɵr.kal.lɵ,4,FRFR,2,TRUE
кусиле,kusile,ku.si.le,3,FFF,,FALSE
кускала,kuskala,kus.ka.la,3,FFF,3,TRUE
кускӑч,kuskɵtɕ,kus.kɵtɕ,2,FR,3,TRUE
кусла,kusla,kus.la,2,FF,24,TRUE
кусна,kusna,kus.na,2,FF,3,TRUE
кусналла,kusnalla,kus.nal.la,3,FFF,7,TRUE
куссуй,kussuj,kus.suj,2,FF,,FALSE
куст,kust,kust,1,F,12,TRUE
кустар,kustar,kus.tar,2,FF,4,TRUE
кустарӑн,kustarɵn,kus.ta.rɵn,3,FFR,,FALSE
кустӑрма,kustɵrma,kus.tɵr.ma,3,FRF,250,TRUE
кустӑрмаллӑ,kustɵrmallɵ,kus.tɵr.mal.lɵ,4,FRFR,166,TRUE
куҫ,kuɕ,kuɕ,1,F,14100,TRUE
куҫпуҫ,kuɕpuɕ,kuɕ.puɕ,2,FF,31,TRUE
куҫакуҫӑн,kuɕakuɕɵn,ku.ɕa.ku.ɕɵn,4,FFFR,14,TRUE
куҫар,kuɕar,ku.ɕar,2,FF,82,TRUE
куҫарӑн,kuɕarɵn,ku.ɕa.rɵn,3,FFR,3,TRUE
куҫарттар,kuɕarttar,ku.ɕart.tar,3,FFF,,FALSE
куҫару,kuɕaru,ku.ɕa.ru,3,FFF,415,TRUE
куҫаруҫӑ,kuɕaruɕɵ,ku.ɕa.ru.ɕɵ,4,FFFR,319,TRUE
куҫӑм,kuɕɵm,ku.ɕɵm,2,FR,657,TRUE
куҫӑмлӑ,kuɕɵmlɵ,ku.ɕɵm.lɵ,3,FRR,107,TRUE
куҫӑмлӑх,kuɕɵmlɵx,ku.ɕɵm.lɵx,3,FRR,3,TRUE
куҫӑмсӑр,kuɕɵmsɵr,ku.ɕɵm.sɵr,3,FRR,151,TRUE
куҫӑн,kuɕɵn,ku.ɕɵn,2,FR,1250,TRUE
куҫӑх,kuɕɵx,ku.ɕɵx,2,FR,3,TRUE
куҫӑхтар,kuɕɵxtar,ku.ɕɵx.tar,3,FRF,1,TRUE
куҫкаланчӑк,kuɕkalantɕɵk,kuɕ.ka.lan.tɕɵk,4,FFFR,1,TRUE
куҫкӗрет,kuɕkøret,kuɕ.kø.ret,3,FRF,466,TRUE
куҫкӗретӗн,kuɕkøretøn,kuɕ.kø.re.tøn,4,FRFR,18,TRUE
куҫкӗски,kuɕkøski,kuɕ.køs.ki,3,FRF,92,TRUE
куҫла,kuɕla,kuɕ.la,2,FF,9,TRUE
куҫлан,kuɕlan,kuɕ.lan,2,FF,1,TRUE
куҫлантар,kuɕlantar,kuɕ.lan.tar,3,FFF,1,TRUE
куҫлӑ,kuɕlɵ,kuɕ.lɵ,2,FR,1701,TRUE
куҫлӑпуҫлӑ,kuɕlɵpuɕlɵ,kuɕ.lɵ.puɕ.lɵ,4,FRFR,,FALSE
куҫлӑх,kuɕlɵx,kuɕ.lɵx,2,FR,271,TRUE
куҫлӑхлӑ,kuɕlɵxlɵ,kuɕ.lɵx.lɵ,3,FRR,83,TRUE
куҫсӑр,kuɕsɵr,kuɕ.sɵr,2,FR,125,TRUE
куҫсӑрлан,kuɕsɵrlan,kuɕ.sɵr.lan,3,FRF,1,TRUE
куҫсӑрлат,kuɕsɵrlat,kuɕ.sɵr.lat,3,FRF,1,TRUE
куҫсӑрлӑх,kuɕsɵrlɵx,kuɕ.sɵr.lɵx,3,FRR,1,TRUE
куҫҫи,kuɕɕi,kuɕ.ɕi,2,FF,32,TRUE
куҫҫуллен,kuɕɕullen,kuɕ.ɕul.len,3,FFF,1,TRUE
куҫҫуль,kuɕɕulʲ,kuɕ.ɕulʲ,2,FF,3097,TRUE
куҫтар,kuɕtar,kuɕ.tar,2,FF,1,TRUE
кут,kut,kut,1,F,122,TRUE
кутпуҫ,kutpuɕ,kut.puɕ,2,FF,,FALSE
кутакутӑн,kutakutɵn,ku.ta.ku.tɵn,4,FFFR,,FALSE
кутамас,kutamas,ku.ta.mas,3,FFF,68,TRUE
кутамаслан,kutamaslan,ku.ta.mas.lan,4,FFFF,,FALSE
кутамкка,kutamkka,ku.tamk.ka,3,FFF,174,TRUE
кутамккала,kutamkkala,ku.tamk.ka.la,4,FFFF,,FALSE
кутан,kutan,ku.tan,2,FF,18,TRUE
кутана,kutana,ku.ta.na,3,FFF,8,TRUE
кутӑн,kutɵn,ku.tɵn,2,FR,645,TRUE
кутӑнпуҫӑн,kutɵnpuɕɵn,ku.tɵn.pu.ɕɵn,4,FRFR,,FALSE
кутӑнла,kutɵnla,ku.tɵn.la,3,FRF,78,TRUE
кутӑнлан,kutɵnlan,ku.tɵn.lan,3,FRF,12,TRUE
кутӑнлаш,kutɵnlaʃ,ku.tɵn.laʃ,3,FRF,4,TRUE
кутӑнлӑх,kutɵnlɵx,ku.tɵn.lɵx,3,FRR,4,TRUE
кутӑр,kutɵr,ku.tɵr,2,FR,1,TRUE
кутӑрка,kutɵrka,ku.tɵr.ka,3,FRF,3,TRUE
кутӑркаллӑ,kutɵrkallɵ,ku.tɵr.kal.lɵ,4,FRFR,1,TRUE
кутӑрлан,kutɵrlan,ku.tɵr.lan,3,FRF,1,TRUE
кутӑрлӑ,kutɵrlɵ,ku.tɵr.lɵ,3,FRR,1,TRUE
кутӑруҫӑн,kutɵruɕɵn,ku.tɵ.ru.ɕɵn,4,FRFR,23,TRUE
кутекле,kutekle,ku.tek.le,3,FFF,,FALSE
кутеклен,kuteklen,ku.tek.len,3,FFF,,FALSE
кутелен,kutelen,ku.te.len,3,FFF,,FALSE
кутемӗн,kutemøn,ku.te.møn,3,FFR,32,TRUE
кутеҫлен,kuteɕlen,ku.teɕ.len,3,FFF,,FALSE
кутӗк,kutøk,ku.tøk,2,FR,2,TRUE
кутлӑх,kutlɵx,kut.lɵx,2,FR,12,TRUE
кутник,kutnik,kut.nik,2,FF,112,TRUE
кутсӑр,kutsɵr,ku.tsɵr,2,FR,58,TRUE
кутсӑрпуҫсӑр,kutsɵrpuɕsɵr,ku.tsɵr.puɕ.sɵr,4,FRFR,1,TRUE
кухарка,kuxarka,ku.xar.ka,3,FFF,15,TRUE
кухня,kuxnja,kuxn.ja,2,FF,187,TRUE
кучан,kutɕan,ku.tɕan,2,FF,37,TRUE
кучер,kutɕer,ku.tɕer,2,FF,62,TRUE
кучик,kutɕik,ku.tɕik,2,FF,,FALSE
куччав,kutɕtɕaʋ,kutɕ.tɕaʋ,2,FF,1,TRUE
кучченеҫ,kutɕtɕeneɕ,kutɕ.tɕe.neɕ,3,FFF,474,TRUE
кучченеҫпарне,kutɕtɕeneɕparne,kutɕ.tɕe.neɕ.par.ne,5,FFFFF,,FALSE
куш,kuʃ,kuʃ,1,F,16,TRUE
кушак,kuʃak,ku.ʃak,2,FF,2454,TRUE
кушам,kuʃam,ku.ʃam,2,FF,,FALSE
кушӑрка,kuʃɵrka,ku.ʃɵr.ka,3,FRF,4,TRUE
кушӑркаттар,kuʃɵrkattar,ku.ʃɵr.kat.tar,4,FRFF,,FALSE
кушӑрхат,kuʃɵrxat,ku.ʃɵr.xat,3,FRF,1,TRUE
кушӑх,kuʃɵx,ku.ʃɵx,2,FR,2,TRUE
кушӑхтар,kuʃɵxtar,ku.ʃɵx.tar,3,FRF,1,TRUE
кушел,kuʃel,ku.ʃel,2,FF,13,TRUE
кушетка,kuʃetka,ku.ʃet.ka,3,FFF,24,TRUE
кушиле,kuʃile,ku.ʃi.le,3,FFF,15,TRUE
кушилкке,kuʃilkke,ku.ʃilk.ke,3,FFF,1,TRUE
куштан,kuʃtan,kuʃ.tan,2,FF,311,TRUE
куштанла,kuʃtanla,kuʃ.tan.la,3,FFF,9,TRUE
куштанлан,kuʃtanlan,kuʃ.tan.lan,3,FFF,4,TRUE
куштанлӑх,kuʃtanlɵx,kuʃ.tan.lɵx,3,FFR,9,TRUE
куштар,kuʃtar,kuʃ.tar,2,FF,,FALSE
куштӑрка,kuʃtɵrka,kuʃ.tɵr.ka,3,FRF,3,TRUE
куштӑркка,kuʃtɵrkka,kuʃ.tɵrk.ka,3,FRF,4,TRUE
куштер,kuʃter,kuʃ.ter,2,FF,,FALSE
кушук,kuʃuk,ku.ʃuk,2,FF,,FALSE
куян,kujan,ku.jan,2,FF,355,TRUE
кӳ,ky,ky,1,F,170,TRUE
кӳв,kyʋ,kyʋ,1,F,,FALSE
кӳкен,kyken,ky.ken,2,FF,24,TRUE
кӳкӗр,kykør,ky.kør,2,FR,2,TRUE
кӳкӗрт,kykørt,ky.kørt,2,FR,118,TRUE
кӳкӗртлӗ,kykørtlø,ky.kørt.lø,3,FRR,12,TRUE
кӳкӗрчен,kykørtɕen,ky.kør.tɕen,3,FRF,4,TRUE
кӳкрем,kykrem,kyk.rem,2,FF,,FALSE
кӳл,kyl,kyl,1,F,168,TRUE
кӳле,kyle,ky.le,2,FF,19,TRUE
кӳлев,kyleʋ,ky.leʋ,2,FF,1,TRUE
кӳлек,kylek,ky.lek,2,FF,1,TRUE
кӳлемлӗ,kylemlø,ky.lem.lø,3,FFR,3,TRUE
кӳлепе,kylepe,ky.le.pe,3,FFF,153,TRUE
кӳлепеллӗ,kylepellø,ky.le.pel.lø,4,FFFR,29,TRUE
кӳлепесӗр,kylepesør,ky.le.pe.sør,4,FFFR,1,TRUE
кӳлеш,kyleʃ,ky.leʃ,2,FF,7,TRUE
кӳлештер,kyleʃter,ky.leʃ.ter,3,FFF,1,TRUE
кӳлешӳ,kyleʃy,ky.le.ʃy,3,FFF,42,TRUE
кӳлешӳллӗ,kyleʃyllø,ky.le.ʃyl.lø,4,FFFR,1,TRUE
кӳлӗ,kylø,ky.lø,2,FR,4799,TRUE
кӳлӗм,kyløm,ky.løm,2,FR,331,TRUE
кӳлӗн,kyløn,ky.løn,2,FR,43,TRUE
кӳлӗнтер,kylønter,ky.løn.ter,3,FRF,1,TRUE
кӳллен,kyllen,kyl.len,2,FF,3,TRUE
кӳлленчӗк,kyllentɕøk,kyl.len.tɕøk,3,FFR,39,TRUE
кӳлленчӗклен,kyllentɕøklen,kyl.len.tɕøk.len,4,FFRF,1,TRUE
кӳлтер,kylter,kyl.ter,2,FF,,FALSE
кӳме,kyme,ky.me,2,FF,963,TRUE
кӳмеллӗ,kymellø,ky.mel.lø,3,FFR,24,TRUE
кӳмеркке,kymerkke,ky.merk.ke,3,FFF,7,TRUE
кӳмерккеллӗ,kymerkkellø,ky.merk.kel.lø,4,FFFR,2,TRUE
кӳмертен,kymerten,ky.mer.ten,3,FFF,2,TRUE
кӳн,kyn,kyn,1,F,3,TRUE
кӳнк,kynk,kynk,1,F,,FALSE
кӳнкӗрешке,kynkøreʃke,kyn.kø.reʃ.ke,4,FRFF,1,TRUE
кӳнкӗрешкелен,kynkøreʃkelen,kyn.kø.reʃ.ke.len,5,FRFFF,1,TRUE
кӳнтем,kyntem,kyn.tem,2,FF,2,TRUE
кӳнтӗрке,kyntørke,kyn.tør.ke,3,FRF,1,TRUE
кӳнчӗк,kyntɕøk,kyn.tɕøk,2,FR,3,TRUE
кӳнчӗкле,kyntɕøkle,kyn.tɕøk.le,3,FRF,1,TRUE
кӳп,kyp,kyp,1,F,34,TRUE
кӳпелек,kypelek,ky.pe.lek,3,FFF,,FALSE
кӳпӗ,kypø,ky.pø,2,FR,1,TRUE
кӳпӗн,kypøn,ky.pøn,2,FR,1,TRUE
кӳпӗнтер,kypønter,ky.pøn.ter,3,FRF,1,TRUE
кӳпӗнчӗк,kypøntɕøk,ky.pøn.tɕøk,3,FRR,1,TRUE
кӳпке,kypke,kyp.ke,2,FF,2,TRUE
кӳпкеттер,kypketter,kyp.ket.ter,3,FFF,,FALSE
кӳплет,kyplet,kyp.let,2,FF,,FALSE
кӳплеттер,kypletter,kyp.let.ter,3,FFF,,FALSE
кӳпмен,kypmen,kyp.men,2,FF,1,TRUE
кӳптеке,kypteke,kyp.te.ke,3,FFF,,FALSE
кӳптен,kypten,kyp.ten,2,FF,,FALSE
кӳптер,kypter,kyp.ter,2,FF,2,TRUE
кӳптӗркке,kyptørkke,kyp.tørk.ke,3,FRF,1,TRUE
кӳптӗрккелен,kyptørkkelen,kyp.tørk.ke.len,4,FRFF,,FALSE
кӳптӗрме,kyptørme,kyp.tør.me,3,FRF,9,TRUE
кӳпче,kyptɕe,kyp.tɕe,2,FF,1,TRUE
кӳпчек,kyptɕek,kyp.tɕek,2,FF,10,TRUE
кӳпчем,kyptɕem,kyp.tɕem,2,FF,2,TRUE
кӳпчеме,kyptɕeme,kyp.tɕe.me,3,FFF,5,TRUE
кӳпчен,kyptɕen,kyp.tɕen,2,FF,,FALSE
кӳпчет,kyptɕet,kyp.tɕet,2,FF,4,TRUE
кӳпчӗк,kyptɕøk,kyp.tɕøk,2,FR,2,TRUE
кӳпшеке,kypʃeke,kyp.ʃe.ke,3,FFF,8,TRUE
кӳпшеклен,kypʃeklen,kyp.ʃek.len,3,FFF,,FALSE
кӳпшем,kypʃem,kyp.ʃem,2,FF,1,TRUE
кӳр,kyr,kyr,1,F,285,TRUE
кӳрен,kyren,ky.ren,2,FF,186,TRUE
кӳренӗҫ,kyrenøɕ,ky.re.nøɕ,3,FFR,9,TRUE
кӳрентер,kyrenter,ky.ren.ter,3,FFF,60,TRUE
кӳренӳ,kyreny,ky.re.ny,3,FFF,154,TRUE
кӳренӳллӗ,kyrenyllø,ky.re.nyl.lø,4,FFFR,18,TRUE
кӳренӳллӗн,kyrenylløn,ky.re.nyl.løn,4,FFFR,15,TRUE
кӳренчӗк,kyrentɕøk,ky.ren.tɕøk,3,FFR,13,TRUE
кӳренчӗклӗ,kyrentɕøklø,ky.ren.tɕøk.lø,4,FFRR,7,TRUE
кӳренчӗклӗн,kyrentɕøkløn,ky.ren.tɕøk.løn,4,FFRR,19,TRUE
кӳрнеҫтер,kyrneɕter,kyr.neɕ.ter,3,FFF,,FALSE
кӳртӗм,kyrtøm,kyr.tøm,2,FR,34,TRUE
кӳршӗ,kyrʃø,kyr.ʃø,2,FR,3728,TRUE
кӳршӗаршӑ,kyrʃøarʃɵ,kyr.ʃø.ar.ʃɵ,4,FRFR,4,TRUE
кӳршӗкӳп,kyrʃøkyp,kyr.ʃø.kyp,3,FRF,,FALSE
кӳршӗлӗх,kyrʃøløx,kyr.ʃø.løx,3,FRR,2,TRUE
кӳршӗллӗ,kyrʃøllø,kyr.ʃøl.lø,3,FRR,541,TRUE
кӳршӗри,kyrʃøri,kyr.ʃø.ri,3,FRF,710,TRUE
кӳсе,kyse,ky.se,2,FF,38,TRUE
кӳсек,kysek,ky.sek,2,FF,46,TRUE
кӳслемкке,kyslemkke,kys.lemk.ke,3,FFF,,FALSE
кӳсмек,kysmek,kys.mek,2,FF,1,TRUE
кӳт,kyt,kyt,1,F,1,TRUE
кӳте,kyte,ky.te,2,FF,2,TRUE
кӳтеме,kyteme,ky.te.me,3,FFF,6,TRUE
кӳтет,kytet,ky.tet,2,FF,18,TRUE
кӳттер,kytter,kyt.ter,2,FF,,FALSE
кӳттермӗш,kyttermøʃ,kyt.ter.møʃ,3,FFR,2,TRUE
кӳште,kyʃte,kyʃ.te,2,FF,,FALSE
кӳштек,kyʃtek,kyʃ.tek,2,FF,,FALSE
кша,kʃa,kʃa,1,F,18,TRUE
кювет,kjuʋet,kju.ʋet,2,FF,6,TRUE
кюре,kjure,kju.re,2,FF,1,TRUE
лав,laʋ,laʋ,1,F,1255,TRUE
лава,laʋa,la.ʋa,2,FF,274,TRUE
лавӑн,laʋɵn,la.ʋɵn,2,FR,8,TRUE
лавка,laʋka,laʋ.ka,2,FF,43,TRUE
лавккаҫӑ,laʋkkaɕɵ,laʋk.ka.ɕɵ,3,FFR,59,TRUE
лавр,laʋr,laʋr,1,F,398,TRUE
лавсан,laʋsan,laʋ.san,2,FF,4,TRUE
лавҫӑ,laʋɕɵ,laʋ.ɕɵ,2,FR,178,TRUE
лайӑх,lajɵx,la.jɵx,2,FR,26625,TRUE
лайӑхлан,lajɵxlan,la.jɵx.lan,3,FRF,3,TRUE
лайӑхлантар,lajɵxlantar,la.jɵx.lan.tar,4,FRFF,,FALSE
лайӑхлат,lajɵxlat,la.jɵx.lat,3,FRF,2,TRUE
лайӑхлаттар,lajɵxlattar,la.jɵx.lat.tar,4,FRFF,,FALSE
лайӑхмарлан,lajɵxmarlan,la.jɵx.mar.lan,4,FRFF,,FALSE
лайӑхмарлантар,lajɵxmarlantar,la.jɵx.mar.lan.tar,5,FRFFF,,FALSE
лайӑххӑн,lajɵxxɵn,la.jɵx.xɵn,3,FRR,227,TRUE
лайка,lajka,laj.ka,2,FF,17,TRUE
лайнер,lajner,laj.ner,2,FF,23,TRUE
лак,lak,lak,1,F,114,TRUE
лака,laka,la.ka,2,FF,12,TRUE
лаками,lakami,la.ka.mi,3,FFF,,FALSE
лакан,lakan,la.kan,2,FF,17,TRUE
лаканай,lakanaj,la.ka.naj,3,FFF,,FALSE
лакартак,lakartak,la.kar.tak,3,FFF,,FALSE
лакӑм,lakɵm,la.kɵm,2,FR,121,TRUE
лакӑмлӗкӗм,lakɵmløkøm,la.kɵm.lø.køm,4,FRRR,,FALSE
лакӑмтӗкӗм,lakɵmtøkøm,la.kɵm.tø.køm,4,FRRR,,FALSE
лакӑмтӗкӗмлен,lakɵmtøkømlen,la.kɵm.tø.køm.len,5,FRRRF,,FALSE
лакӑмтӗкӗмлӗ,lakɵmtøkømlø,la.kɵm.tø.køm.lø,5,FRRRR,,FALSE
лакӑмлан,lakɵmlan,la.kɵm.lan,3,FRF,,FALSE
лакӑмлантар,lakɵmlantar,la.kɵm.lan.tar,4,FRFF,,FALSE
лакӑмлат,lakɵmlat,la.kɵm.lat,3,FRF,,FALSE
лакӑмлӑ,lakɵmlɵ,la.kɵm.lɵ,3,FRR,17,TRUE
лакӑр,lakɵr,la.kɵr,2,FR,17,TRUE
лакӑркка,lakɵrkka,la.kɵrk.ka,3,FRF,2,TRUE
лакӑрт,lakɵrt,la.kɵrt,2,FR,,FALSE
лакӑртат,lakɵrtat,la.kɵr.tat,3,FRF,1,TRUE
лакӑртаттар,lakɵrtattar,la.kɵr.tat.tar,4,FRFF,,FALSE
лакӑртӑк,lakɵrtɵk,la.kɵr.tɵk,3,FRR,,FALSE
лакӑш,lakɵʃ,la.kɵʃ,2,FR,10,TRUE
лакӑшт,lakɵʃt,la.kɵʃt,2,FR,,FALSE
лакӑштат,lakɵʃtat,la.kɵʃ.tat,3,FRF,1,TRUE
лакӑштаттар,lakɵʃtattar,la.kɵʃ.tat.tar,4,FRFF,,FALSE
лакӑштӑк,lakɵʃtɵk,la.kɵʃ.tɵk,3,FRR,,FALSE
лакӑшти,lakɵʃti,la.kɵʃ.ti,3,FRF,,FALSE
лакейла,lakejla,la.kej.la,3,FFF,1,TRUE
лаки,laki,la.ki,2,FF,3,TRUE
лакка,lakka,lak.ka,2,FF,1,TRUE
лакки,lakki,lak.ki,2,FF,2,TRUE
лакла,lakla,lak.la,2,FF,2,TRUE
лаклат,laklat,lak.lat,2,FF,,FALSE
лаклаттар,laklattar,lak.lat.tar,3,FFF,,FALSE
лаклӑ,laklɵ,lak.lɵ,2,FR,4,TRUE
лакмус,lakmus,lak.mus,2,FF,1,TRUE
лактар,laktar,lak.tar,2,FF,,FALSE
лакчӑк,laktɕɵk,lak.tɕɵk,2,FR,,FALSE
лам,lam,lam,1,F,21,TRUE
ламлам,lamlam,lam.lam,2,FF,,FALSE
лама,lama,la.ma,2,FF,272,TRUE
ламаист,lamaist,la.ma.ist,3,FFF,,FALSE
ламӑнламӑн,lamɵnlamɵn,la.mɵn.la.mɵn,4,FRFR,,FALSE
лампа,lampa,lam.pa,2,FF,336,TRUE
лампас,lampas,lam.pas,2,FF,3,TRUE
лампӑллӑ,lampɵllɵ,lam.pɵl.lɵ,3,FRR,4,TRUE
лампӑр,lampɵr,lam.pɵr,2,FR,,FALSE
лампӑркка,lampɵrkka,lam.pɵrk.ka,3,FRF,1,TRUE
лампӑрт,lampɵrt,lam.pɵrt,2,FR,,FALSE
лампӑртат,lampɵrtat,lam.pɵr.tat,3,FRF,,FALSE
лампӑртаттар,lampɵrtattar,lam.pɵr.tat.tar,4,FRFF,,FALSE
ламса,lamsa,lam.sa,2,FF,1,TRUE
ламсӑр,lamsɵr,lam.sɵr,2,FR,,FALSE
ламсӑркка,lamsɵrkka,lam.sɵrk.ka,3,FRF,2,TRUE
ламсӑртат,lamsɵrtat,lam.sɵr.tat,3,FRF,,FALSE
ламсӑртаттар,lamsɵrtattar,lam.sɵr.tat.tar,4,FRFF,,FALSE
ламсур,lamsur,lam.sur,2,FF,14,TRUE
ламчӑр,lamtɕɵr,lam.tɕɵr,2,FR,1,TRUE
ламчӑртат,lamtɕɵrtat,lam.tɕɵr.tat,3,FRF,,FALSE
ланк,lank,lank,1,F,23,TRUE
ланка,lanka,lan.ka,2,FF,20,TRUE
ланкашка,lankaʃka,lan.kaʃ.ka,3,FFF,9,TRUE
ланкашкалан,lankaʃkalan,lan.kaʃ.ka.lan,4,FFFF,,FALSE
ланкашкаллӑ,lankaʃkallɵ,lan.kaʃ.kal.lɵ,4,FFFR,2,TRUE
ланкӑ,lankɵ,lan.kɵ,2,FR,6,TRUE
ланкӑр,lankɵr,lan.kɵr,2,FR,1,TRUE
ланкӑрт,lankɵrt,lan.kɵrt,2,FR,8,TRUE
ланкӑртат,lankɵrtat,lan.kɵr.tat,3,FRF,,FALSE
ланкӑртаттар,lankɵrtattar,lan.kɵr.tat.tar,4,FRFF,,FALSE
ланкка,lankka,lank.ka,2,FF,,FALSE
ланккама,lankkama,lank.ka.ma,3,FFF,1,TRUE
лантӑш,lantɵʃ,lan.tɵʃ,2,FR,154,TRUE
ланч,lantɕ,lantɕ,1,F,4,TRUE
ланчак,lantɕak,lan.tɕak,2,FF,6,TRUE
ланчашка,lantɕaʃka,lan.tɕaʃ.ka,3,FFF,14,TRUE
ланчашкала,lantɕaʃkala,lan.tɕaʃ.ka.la,4,FFFF,,FALSE
ланчашкалан,lantɕaʃkalan,lan.tɕaʃ.ka.lan,4,FFFF,,FALSE
ланчашкалат,lantɕaʃkalat,lan.tɕaʃ.ka.lat,4,FFFF,,FALSE
ланчӑркка,lantɕɵrkka,lan.tɕɵrk.ka,3,FRF,,FALSE
ланчӑрт,lantɕɵrt,lan.tɕɵrt,2,FR,,FALSE
ланчӑртат,lantɕɵrtat,lan.tɕɵr.tat,3,FRF,,FALSE
лань,lanʲ,lanʲ,1,F,4,TRUE
лап,lap,lap,1,F,392,TRUE
лаплап,laplap,lap.lap,2,FF,,FALSE
лапа,lapa,la.pa,2,FF,31,TRUE
лапам,lapam,la.pam,2,FF,251,TRUE
лапатка,lapatka,la.pat.ka,3,FFF,16,TRUE
лапаткала,lapatkala,la.pat.ka.la,4,FFFF,,FALSE
лапаткалаттар,lapatkalattar,la.pat.ka.lat.tar,5,FFFFF,,FALSE
лапашка,lapaʃka,la.paʃ.ka,3,FFF,,FALSE
лапашкалан,lapaʃkalan,la.paʃ.ka.lan,4,FFFF,,FALSE
лапаштат,lapaʃtat,la.paʃ.tat,3,FFF,,FALSE
лапӑ,lapɵ,la.pɵ,2,FR,5,TRUE
лапӑр,lapɵr,la.pɵr,2,FR,47,TRUE
лапӑрӑнчӑк,lapɵrɵntɕɵk,la.pɵ.rɵn.tɕɵk,4,FRRR,,FALSE
лапӑркка,lapɵrkka,la.pɵrk.ka,3,FRF,3,TRUE
лапӑрккала,lapɵrkkala,la.pɵrk.ka.la,4,FRFF,,FALSE
лапӑрккалан,lapɵrkkalan,la.pɵrk.ka.lan,4,FRFF,,FALSE
лапӑрккалантар,lapɵrkkalantar,la.pɵrk.ka.lan.tar,5,FRFFF,,FALSE
лапӑрт,lapɵrt,la.pɵrt,2,FR,,FALSE
лапӑрта,lapɵrta,la.pɵr.ta,3,FRF,2,TRUE
лапӑртан,lapɵrtan,la.pɵr.tan,3,FRF,,FALSE
лапӑртанчӑк,lapɵrtantɕɵk,la.pɵr.tan.tɕɵk,4,FRFR,,FALSE
лапӑртат,lapɵrtat,la.pɵr.tat,3,FRF,7,TRUE
лапӑртаттар,lapɵrtattar,la.pɵr.tat.tar,4,FRFF,,FALSE
лапӑртату,lapɵrtatu,la.pɵr.ta.tu,4,FRFF,2,TRUE
лапӑрти,lapɵrti,la.pɵr.ti,3,FRF,1,TRUE
лапӑрчӑк,lapɵrtɕɵk,la.pɵr.tɕɵk,3,FRR,8,TRUE
лапӑс,lapɵs,la.pɵs,2,FR,10,TRUE
лапӑслапӑс,lapɵslapɵs,la.pɵs.la.pɵs,4,FRFR,,FALSE
лапӑстан,lapɵstan,la.pɵs.tan,3,FRF,,FALSE
лапӑстат,lapɵstat,la.pɵs.tat,3,FRF,,FALSE
лапӑстаттар,lapɵstattar,la.pɵs.tat.tar,4,FRFF,,FALSE
лапӑсти,lapɵsti,la.pɵs.ti,3,FRF,2,TRUE
лапӑш,lapɵʃ,la.pɵʃ,2,FR,4,TRUE
лапӑшт,lapɵʃt,la.pɵʃt,2,FR,,FALSE
лапӑштат,lapɵʃtat,la.pɵʃ.tat,3,FRF,,FALSE
лапӑшти,lapɵʃti,la.pɵʃ.ti,3,FRF,,FALSE
лапка,lapka,lap.ka,2,FF,300,TRUE
лапкалапка,lapkalapka,lap.ka.lap.ka,4,FFFF,,FALSE
лапкалан,lapkalan,lap.ka.lan,3,FFF,,FALSE
лапкалантар,lapkalantar,lap.ka.lan.tar,4,FFFF,,FALSE
лапкалат,lapkalat,lap.ka.lat,3,FFF,,FALSE
лапкамлапкам,lapkamlapkam,lap.kam.lap.kam,4,FFFF,,FALSE
лапкӑмлапкӑм,lapkɵmlapkɵm,lap.kɵm.lap.kɵm,4,FRFR,,FALSE
лапкӑш,lapkɵʃ,lap.kɵʃ,2,FR,,FALSE
лапкӑшӗпе,lapkɵʃøpe,lap.kɵ.ʃø.pe,4,FRRF,4,TRUE
лапкипе,lapkipe,lap.ki.pe,3,FFF,2,TRUE
лаплат,laplat,lap.lat,2,FF,1,TRUE
лаплаттар,laplattar,lap.lat.tar,3,FFF,,FALSE
лаппипе,lappipe,lap.pi.pe,3,FFF,122,TRUE
лапра,lapra,lap.ra,2,FF,95,TRUE
лапраҫӗпре,lapraɕøpre,lap.ra.ɕøp.re,4,FFRF,,FALSE
лапрака,lapraka,lap.ra.ka,3,FFF,1,TRUE
лапрала,laprala,lap.ra.la,3,FFF,,FALSE
лапралан,lapralan,lap.ra.lan,3,FFF,,FALSE
лапралантар,lapralantar,lap.ra.lan.tar,4,FFFF,,FALSE
лапраллӑ,laprallɵ,lap.ral.lɵ,3,FFR,11,TRUE
лапрашка,lapraʃka,lap.raʃ.ka,3,FFF,1,TRUE
лапрашки,lapraʃki,lap.raʃ.ki,3,FFF,9,TRUE
лапсака,lapsaka,lap.sa.ka,3,FFF,52,TRUE
лапсакалан,lapsakalan,lap.sa.ka.lan,4,FFFF,,FALSE
лапсакалантар,lapsakalantar,lap.sa.ka.lan.tar,5,FFFFF,,FALSE
лапсӑр,lapsɵr,lap.sɵr,2,FR,17,TRUE
лапсӑрӑл,lapsɵrɵl,lap.sɵ.rɵl,3,FRR,,FALSE
лапсӑркка,lapsɵrkka,lap.sɵrk.ka,3,FRF,226,TRUE
лапсӑрккалан,lapsɵrkkalan,lap.sɵrk.ka.lan,4,FRFF,,FALSE
лапсӑртат,lapsɵrtat,lap.sɵr.tat,3,FRF,,FALSE
лапсӑртаттар,lapsɵrtattar,lap.sɵr.tat.tar,4,FRFF,,FALSE
лапсӑрти,lapsɵrti,lap.sɵr.ti,3,FRF,2,TRUE
лапта,lapta,lap.ta,2,FF,20,TRUE
лаптак,laptak,lap.tak,2,FF,114,TRUE
лаптака,laptaka,lap.ta.ka,3,FFF,1,TRUE
лаптакалан,laptakalan,lap.ta.ka.lan,4,FFFF,,FALSE
лаптакла,laptakla,lap.tak.la,3,FFF,,FALSE
лаптаклан,laptaklan,lap.tak.lan,3,FFF,,FALSE
лаптаклат,laptaklat,lap.tak.lat,3,FFF,,FALSE
лапталла,laptalla,lap.tal.la,3,FFF,44,TRUE
лапташка,laptaʃka,lap.taʃ.ka,3,FFF,1,TRUE
лаптӑк,laptɵk,lap.tɵk,2,FR,797,TRUE
лаптӑкӑнлаптӑкӑн,laptɵkɵnlaptɵkɵn,lap.tɵ.kɵn.lap.tɵ.kɵn,6,FRRFRR,,FALSE
лаптӑкӑш,laptɵkɵʃ,lap.tɵ.kɵʃ,3,FRR,9,TRUE
лапчашка,laptɕaʃka,lap.tɕaʃ.ka,3,FFF,2,TRUE
лапчӑк,laptɕɵk,lap.tɕɵk,2,FR,104,TRUE
лапчӑклан,laptɕɵklan,lap.tɕɵk.lan,3,FRF,,FALSE
лапчӑклантар,laptɕɵklantar,lap.tɕɵk.lan.tar,4,FRFF,,FALSE
лапчӑклат,laptɕɵklat,lap.tɕɵk.lat,3,FRF,,FALSE
лапчӑн,laptɕɵn,lap.tɕɵn,2,FR,1,TRUE
лапчӑнтар,laptɕɵntar,lap.tɕɵn.tar,3,FRF,,FALSE
лапчӑр,laptɕɵr,lap.tɕɵr,2,FR,,FALSE
лапчӑрӑн,laptɕɵrɵn,lap.tɕɵ.rɵn,3,FRR,,FALSE
лапчӑрт,laptɕɵrt,lap.tɕɵrt,2,FR,,FALSE
лапчӑртат,laptɕɵrtat,lap.tɕɵr.tat,3,FRF,,FALSE
лапчӑртаттар,laptɕɵrtattar,lap.tɕɵr.tat.tar,4,FRFF,,FALSE
лапчӑт,laptɕɵt,lap.tɕɵt,2,FR,8,TRUE
лапчӑттар,laptɕɵttar,lap.tɕɵt.tar,3,FRF,,FALSE
лапша,lapʃa,lap.ʃa,2,FF,69,TRUE
лапшака,lapʃaka,lap.ʃa.ka,3,FFF,3,TRUE
лапшакалан,lapʃakalan,lap.ʃa.ka.lan,4,FFFF,,FALSE
лапшакалат,lapʃakalat,lap.ʃa.ka.lat,4,FFFF,,FALSE
лар,lar,lar,1,F,1757,TRUE
ларатӑра,laratɵra,la.ra.tɵ.ra,4,FFRF,6,TRUE
ларалла,laralla,la.ral.la,3,FFF,1,TRUE
ларӑк,larɵk,la.rɵk,2,FR,,FALSE
ларӑклат,larɵklat,la.rɵk.lat,3,FRF,,FALSE
ларӑш,larɵʃ,la.rɵʃ,2,FR,1,TRUE
ларек,larek,la.rek,2,FF,10,TRUE
ларка,larka,lar.ka,2,FF,8,TRUE
ларкӑч,larkɵtɕ,lar.kɵtɕ,2,FR,260,TRUE
ларкка,larkka,lark.ka,2,FF,3,TRUE
ларлат,larlat,lar.lat,2,FF,,FALSE
ларлаттар,larlattar,lar.lat.tar,3,FFF,,FALSE
ларма,larma,lar.ma,2,FF,3569,TRUE
лармалли,larmalli,lar.mal.li,3,FFF,190,TRUE
ларт,lart,lart,1,F,341,TRUE
лартар,lartar,lar.tar,2,FF,60,TRUE
лартлат,lartlat,lart.lat,2,FF,,FALSE
лартлаттар,lartlattar,lart.lat.tar,3,FFF,,FALSE
ларттар,larttar,lart.tar,2,FF,2,TRUE
ларттинларттин,larttinlarttin,lart.tin.lart.tin,4,FFFF,,FALSE
лару,laru,la.ru,2,FF,8195,TRUE
ларутӑру,larutɵru,la.ru.tɵ.ru,4,FFRF,52,TRUE
ларчӑк,lartɕɵk,lar.tɕɵk,2,FR,12,TRUE
лас,las,las,1,F,64,TRUE
ласт,last,last,1,F,37,TRUE
ластак,lastak,las.tak,2,FF,1,TRUE
ластанкӑ,lastankɵ,las.tan.kɵ,3,FFR,,FALSE
ластӑк,lastɵk,las.tɵk,2,FR,11,TRUE
ластӑкӑнластӑкӑн,lastɵkɵnlastɵkɵn,las.tɵ.kɵn.las.tɵ.kɵn,6,FRRFRR,,FALSE
ластӑр,lastɵr,las.tɵr,2,FR,18,TRUE
ластӑркка,lastɵrkka,las.tɵrk.ka,3,FRF,2,TRUE
ластӑртат,lastɵrtat,las.tɵr.tat,3,FRF,,FALSE
ластӑртаттар,lastɵrtattar,las.tɵr.tat.tar,4,FRFF,,FALSE
ластик,lastik,las.tik,2,FF,5,TRUE
лаҫ,laɕ,laɕ,1,F,255,TRUE
лат,lat,lat,1,F,99,TRUE
латак,latak,la.tak,2,FF,,FALSE
латака,lataka,la.ta.ka,3,FFF,2,TRUE
латакай,latakaj,la.ta.kaj,3,FFF,,FALSE
латан,latan,la.tan,2,FF,1,TRUE
латӑ,latɵ,la.tɵ,2,FR,2,TRUE
латӑн,latɵn,la.tɵn,2,FR,12,TRUE
латӑр,latɵr,la.tɵr,2,FR,7,TRUE
латӑрт,latɵrt,la.tɵrt,2,FR,4,TRUE
латӑртат,latɵrtat,la.tɵr.tat,3,FRF,,FALSE
латӑртаттар,latɵrtattar,la.tɵr.tat.tar,4,FRFF,,FALSE
латин,latin,la.tin,2,FF,266,TRUE
латинла,latinla,la.tin.la,3,FFF,139,TRUE
латла,latla,lat.la,2,FF,,FALSE
латлат,latlat,lat.lat,2,FF,,FALSE
латлаттар,latlattar,lat.lat.tar,3,FFF,,FALSE
латлӑ,latlɵ,lat.lɵ,2,FR,16,TRUE
латлӑн,latlɵn,lat.lɵn,2,FR,2,TRUE
латнӑ,latnɵ,lat.nɵ,2,FR,23,TRUE
латсӑр,latsɵr,la.tsɵr,2,FR,51,TRUE
латтӑ,lattɵ,lat.tɵ,2,FR,,FALSE
латтисӗр,lattisør,lat.ti.sør,3,FFR,2,TRUE
латук,latuk,la.tuk,2,FF,3,TRUE
латынь,latʉnʲ,la.tʉnʲ,2,FF,29,TRUE
латыш,latʉʃ,la.tʉʃ,2,FF,46,TRUE
латышла,latʉʃla,la.tʉʃ.la,3,FFF,10,TRUE
лать,latʲ,latʲ,1,F,105,TRUE
лауреат,laureat,la.u.re.at,4,FFFF,310,TRUE
лахлах,laxlax,lax.lax,2,FF,,FALSE
лахӑллахӑл,laxɵllaxɵl,la.xɵl.la.xɵl,4,FRFR,,FALSE
лахӑлтат,laxɵltat,la.xɵl.tat,3,FRF,,FALSE
лахлат,laxlat,lax.lat,2,FF,,FALSE
лаххан,laxxan,lax.xan,2,FF,35,TRUE
лач,latɕ,latɕ,1,F,160,TRUE
лачака,latɕaka,la.tɕa.ka,3,FFF,78,TRUE
лачакала,latɕakala,la.tɕa.ka.la,4,FFFF,,FALSE
лачакалан,latɕakalan,la.tɕa.ka.lan,4,FFFF,,FALSE
лачакалантар,latɕakalantar,la.tɕa.ka.lan.tar,5,FFFFF,,FALSE
лачакалат,latɕakalat,la.tɕa.ka.lat,4,FFFF,,FALSE
лачакаллӑ,latɕakallɵ,la.tɕa.kal.lɵ,4,FFFR,22,TRUE
лачарт,latɕart,la.tɕart,2,FF,,FALSE
лачӑклат,latɕɵklat,la.tɕɵk.lat,3,FRF,,FALSE
лачӑклаттар,latɕɵklattar,la.tɕɵk.lat.tar,4,FRFF,,FALSE
лачӑр,latɕɵr,la.tɕɵr,2,FR,8,TRUE
лачӑрка,latɕɵrka,la.tɕɵr.ka,3,FRF,,FALSE
лачӑркка,latɕɵrkka,la.tɕɵrk.ka,3,FRF,4,TRUE
лачӑрккала,latɕɵrkkala,la.tɕɵrk.ka.la,4,FRFF,,FALSE
лачӑрккалан,latɕɵrkkalan,la.tɕɵrk.ka.lan,4,FRFF,,FALSE
лачӑрт,latɕɵrt,la.tɕɵrt,2,FR,11,TRUE
лачӑртат,latɕɵrtat,la.tɕɵr.tat,3,FRF,,FALSE
лачӑртаттар,latɕɵrtattar,la.tɕɵr.tat.tar,4,FRFF,,FALSE
лачка,latɕka,latɕ.ka,2,FF,1,TRUE
лачкам,latɕkam,latɕ.kam,2,FF,168,TRUE
лачкаттар,latɕkattar,latɕ.kat.tar,3,FFF,,FALSE
лачлат,latɕlat,latɕ.lat,2,FF,,FALSE
лачлаттар,latɕlattar,latɕ.lat.tar,3,FFF,1,TRUE
лачрашка,latɕraʃka,latɕ.raʃ.ka,3,FFF,,FALSE
лаччӑн,latɕtɕɵn,latɕ.tɕɵn,2,FR,2,TRUE
лаш,laʃ,laʃ,1,F,380,TRUE
лаша,laʃa,la.ʃa,2,FF,7063,TRUE
лашавыльӑх,laʃaʋʉlʲɵx,la.ʃa.ʋʉ.lʲɵx,4,FFFR,,FALSE
лашалла,laʃalla,la.ʃal.la,3,FFF,31,TRUE
лашка,laʃka,laʃ.ka,2,FF,2,TRUE
лашлат,laʃlat,laʃ.lat,2,FF,,FALSE
лашлаттар,laʃlattar,laʃ.lat.tar,3,FFF,,FALSE
лашман,laʃman,laʃ.man,2,FF,77,TRUE
лашт,laʃt,laʃt,1,F,59,TRUE
лаштӑр,laʃtɵr,laʃ.tɵr,2,FR,31,TRUE
лаштӑрт,laʃtɵrt,laʃ.tɵrt,2,FR,4,TRUE
лаштӑртат,laʃtɵrtat,laʃ.tɵr.tat,3,FRF,,FALSE
лаштӑртаттар,laʃtɵrtattar,laʃ.tɵr.tat.tar,4,FRFF,,FALSE
лаштра,laʃtra,laʃt.ra,2,FF,255,TRUE
лӑйлай,lɵjlaj,lɵj.laj,2,RF,,FALSE
лӑйла,lɵjla,lɵj.la,2,RF,,FALSE
лӑйма,lɵjma,lɵj.ma,2,RF,,FALSE
лӑймака,lɵjmaka,lɵj.ma.ka,3,RFF,21,TRUE
лӑймакала,lɵjmakala,lɵj.ma.ka.la,4,RFFF,,FALSE
лӑймакалан,lɵjmakalan,lɵj.ma.ka.lan,4,RFFF,,FALSE
лӑймакалантар,lɵjmakalantar,lɵj.ma.ka.lan.tar,5,RFFFF,,FALSE
лӑймакаллӑ,lɵjmakallɵ,lɵj.ma.kal.lɵ,4,RFFR,8,TRUE
лӑймала,lɵjmala,lɵj.ma.la,3,RFF,,FALSE
лӑймалан,lɵjmalan,lɵj.ma.lan,3,RFF,,FALSE
лӑймаллӑ,lɵjmallɵ,lɵj.mal.lɵ,3,RFR,,FALSE
лӑк,lɵk,lɵk,1,R,360,TRUE
лӑклак,lɵklak,lɵk.lak,2,RRFF,,FALSE
лӑка,lɵka,lɵ.ka,2,RF,8,TRUE
лӑками,lɵkami,lɵ.ka.mi,3,RFF,,FALSE
лӑкан,lɵkan,lɵ.kan,2,RF,,FALSE
лӑкантар,lɵkantar,lɵ.kan.tar,3,RFF,,FALSE
лӑкаттар,lɵkattar,lɵ.kat.tar,3,RFF,,FALSE
лӑкӑ,lɵkɵ,lɵ.kɵ,2,RR,5,TRUE
лӑкӑлакӑ,lɵkɵlakɵ,lɵ.kɵ.la.kɵ,4,RRFR,,FALSE
лӑкӑлӑкӑ,lɵkɵlɵkɵ,lɵ.kɵ.lɵ.kɵ,4,RRRR,,FALSE
лӑкӑлтат,lɵkɵltat,lɵ.kɵl.tat,3,RRF,,FALSE
лӑкӑр,lɵkɵr,lɵ.kɵr,2,RR,19,TRUE
лӑкӑрлакӑр,lɵkɵrlakɵr,lɵ.kɵr.la.kɵr,4,RRFR,,FALSE
лӑкӑрлӑкӑр,lɵkɵrlɵkɵr,lɵ.kɵr.lɵ.kɵr,4,RRRR,,FALSE
лӑкӑрт,lɵkɵrt,lɵ.kɵrt,2,RR,6,TRUE
лӑкӑртат,lɵkɵrtat,lɵ.kɵr.tat,3,RRF,,FALSE
лӑкӑртаттар,lɵkɵrtattar,lɵ.kɵr.tat.tar,4,RRFF,,FALSE
лӑкӑртӑк,lɵkɵrtɵk,lɵ.kɵr.tɵk,3,RRR,1,TRUE
лӑкӑрти,lɵkɵrti,lɵ.kɵr.ti,3,RRF,2,TRUE
лӑкӑш,lɵkɵʃ,lɵ.kɵʃ,2,RR,13,TRUE
лӑкӑшлакӑш,lɵkɵʃlakɵʃ,lɵ.kɵʃ.la.kɵʃ,4,RRFR,,FALSE
лӑкӑшт,lɵkɵʃt,lɵ.kɵʃt,2,RR,9,TRUE
лӑкӑштат,lɵkɵʃtat,lɵ.kɵʃ.tat,3,RRF,1,TRUE
лӑкӑштаттар,lɵkɵʃtattar,lɵ.kɵʃ.tat.tar,4,RRFF,,FALSE
лӑкӑштӑк,lɵkɵʃtɵk,lɵ.kɵʃ.tɵk,3,RRR,,FALSE
лӑкӑшти,lɵkɵʃti,lɵ.kɵʃ.ti,3,RRF,,FALSE
лӑккӑтах,lɵkkɵtax,lɵk.kɵ.tax,3,RRF,,FALSE
лӑккилакки,lɵkkilakki,lɵk.ki.lak.ki,4,RFFF,,FALSE
лӑклан,lɵklan,lɵk.lan,2,RF,,FALSE
лӑклантар,lɵklantar,lɵk.lan.tar,3,RFF,,FALSE
лӑклат,lɵklat,lɵk.lat,2,RF,,FALSE
лӑклаттар,lɵklattar,lɵk.lat.tar,3,RFF,,FALSE
лӑкҫӑклакҫӑк,lɵkɕɵklakɕɵk,lɵk.ɕɵk.lak.ɕɵk,4,RRFR,,FALSE
лӑм,lɵm,lɵm,1,R,52,TRUE
лӑмлан,lɵmlan,lɵm.lan,2,RF,,FALSE
лӑмлантар,lɵmlantar,lɵm.lan.tar,3,RFF,,FALSE
лӑмлӑ,lɵmlɵ,lɵm.lɵ,2,RR,1,TRUE
лӑмпӑр,lɵmpɵr,lɵm.pɵr,2,RR,2,TRUE
лӑмпӑртат,lɵmpɵrtat,lɵm.pɵr.tat,3,RRF,,FALSE
лӑмпӑртаттар,lɵmpɵrtattar,lɵm.pɵr.tat.tar,4,RRFF,,FALSE
лӑмсӑрламсӑр,lɵmsɵrlamsɵr,lɵm.sɵr.lam.sɵr,4,RRFR,,FALSE
лӑнк,lɵnk,lɵnk,1,R,57,TRUE
лӑнкланк,lɵnklank,lɵnk.lank,2,RF,,FALSE
лӑнкӑ,lɵnkɵ,lɵn.kɵ,2,RR,10,TRUE
лӑнкӑланкӑ,lɵnkɵlankɵ,lɵn.kɵ.lan.kɵ,4,RRFR,,FALSE
лӑнкӑрланкӑр,lɵnkɵrlankɵr,lɵn.kɵr.lan.kɵr,4,RRFR,,FALSE
лӑнкӑрлӑнкӑр,lɵnkɵrlɵnkɵr,lɵn.kɵr.lɵn.kɵr,4,RRRR,,FALSE
лӑнкӑрт,lɵnkɵrt,lɵn.kɵrt,2,RR,56,TRUE
лӑнкӑртат,lɵnkɵrtat,lɵn.kɵr.tat,3,RRF,,FALSE
лӑнкӑртаттар,lɵnkɵrtattar,lɵn.kɵr.tat.tar,4,RRFF,,FALSE
лӑнкӑрчӑк,lɵnkɵrtɕɵk,lɵn.kɵr.tɕɵk,3,RRR,1,TRUE
лӑнккиланкки,lɵnkkilankki,lɵnk.ki.lank.ki,4,RFFF,,FALSE
лӑнклат,lɵnklat,lɵnk.lat,2,RF,,FALSE
лӑнклаттар,lɵnklattar,lɵnk.lat.tar,3,RFF,,FALSE
лӑнч,lɵntɕ,lɵntɕ,1,R,7,TRUE
лӑнчланч,lɵntɕlantɕ,lɵntɕ.lantɕ,2,RF,,FALSE
лӑнчӑ,lɵntɕɵ,lɵn.tɕɵ,2,RR,11,TRUE
лӑнчӑланчӑ,lɵntɕɵlantɕɵ,lɵn.tɕɵ.lan.tɕɵ,4,RRFR,,FALSE
лӑнчӑлан,lɵntɕɵlan,lɵn.tɕɵ.lan,3,RRF,2,TRUE
лӑнчӑлат,lɵntɕɵlat,lɵn.tɕɵ.lat,3,RRF,,FALSE
лӑнчӑр,lɵntɕɵr,lɵn.tɕɵr,2,RR,9,TRUE
лӑнчӑрланчӑр,lɵntɕɵrlantɕɵr,lɵn.tɕɵr.lan.tɕɵr,4,RRFR,,FALSE
лӑнчӑркка,lɵntɕɵrkka,lɵn.tɕɵrk.ka,3,RRF,,FALSE
лӑнчӑрт,lɵntɕɵrt,lɵn.tɕɵrt,2,RR,1,TRUE
лӑнчӑртланчӑрт,lɵntɕɵrtlantɕɵrt,lɵn.tɕɵrt.lan.tɕɵrt,4,RRFR,,FALSE
лӑнчӑртат,lɵntɕɵrtat,lɵn.tɕɵr.tat,3,RRF,,FALSE
лӑнчӑртаттар,lɵntɕɵrtattar,lɵn.tɕɵr.tat.tar,4,RRFF,,FALSE
лӑп,lɵp,lɵp,1,R,1173,TRUE
лӑплап,lɵplap,lɵp.lap,2,RF,,FALSE
лӑпӑ,lɵpɵ,lɵ.pɵ,2,RR,28,TRUE
лӑпӑлапӑ,lɵpɵlapɵ,lɵ.pɵ.la.pɵ,4,RRFR,,FALSE
лӑпӑллапӑл,lɵpɵllapɵl,lɵ.pɵl.la.pɵl,4,RRFR,,FALSE
лӑпӑлтат,lɵpɵltat,lɵ.pɵl.tat,3,RRF,,FALSE
лӑпӑр,lɵpɵr,lɵ.pɵr,2,RR,76,TRUE
лӑпӑрлапӑр,lɵpɵrlapɵr,lɵ.pɵr.la.pɵr,4,RRFR,,FALSE
лӑпӑрлӑпӑр,lɵpɵrlɵpɵr,lɵ.pɵr.lɵ.pɵr,4,RRRR,,FALSE
лӑпӑркка,lɵpɵrkka,lɵ.pɵrk.ka,3,RRF,,FALSE
лӑпӑрт,lɵpɵrt,lɵ.pɵrt,2,RR,,FALSE
лӑпӑртлапӑрт,lɵpɵrtlapɵrt,lɵ.pɵrt.la.pɵrt,4,RRFR,,FALSE
лӑпӑртат,lɵpɵrtat,lɵ.pɵr.tat,3,RRF,20,TRUE
лӑпӑртаттар,lɵpɵrtattar,lɵ.pɵr.tat.tar,4,RRFF,,FALSE
лӑпӑрти,lɵpɵrti,lɵ.pɵr.ti,3,RRF,14,TRUE
лӑпӑс,lɵpɵs,lɵ.pɵs,2,RR,95,TRUE
лӑпӑслапӑс,lɵpɵslapɵs,lɵ.pɵs.la.pɵs,4,RRFR,,FALSE
лӑпӑслӑпӑс,lɵpɵslɵpɵs,lɵ.pɵs.lɵ.pɵs,4,RRRR,1,TRUE
лӑпӑска,lɵpɵska,lɵ.pɵs.ka,3,RRF,10,TRUE
лӑпӑстат,lɵpɵstat,lɵ.pɵs.tat,3,RRF,,FALSE
лӑпӑстаттар,lɵpɵstattar,lɵ.pɵs.tat.tar,4,RRFF,,FALSE
лӑпӑсти,lɵpɵsti,lɵ.pɵs.ti,3,RRF,4,TRUE
лӑпӑшлапӑш,lɵpɵʃlapɵʃ,lɵ.pɵʃ.la.pɵʃ,4,RRFR,,FALSE
лӑпӑштат,lɵpɵʃtat,lɵ.pɵʃ.tat,3,RRF,,FALSE
лӑпка,lɵpka,lɵp.ka,2,RF,79,TRUE
лӑпкаттар,lɵpkattar,lɵp.kat.tar,3,RFF,,FALSE
лӑпкӑ,lɵpkɵ,lɵp.kɵ,2,RR,3430,TRUE
лӑпкӑлантар,lɵpkɵlantar,lɵp.kɵ.lan.tar,4,RRFF,,FALSE
лӑпкӑлӑх,lɵpkɵlɵx,lɵp.kɵ.lɵx,3,RRR,319,TRUE
лӑпкӑн,lɵpkɵn,lɵp.kɵn,2,RR,1978,TRUE
лӑплан,lɵplan,lɵp.lan,2,RF,396,TRUE
лӑпланӑҫ,lɵplanɵɕ,lɵp.la.nɵɕ,3,RFR,2,TRUE
лӑплантар,lɵplantar,lɵp.lan.tar,3,RFF,23,TRUE
лӑпланчӑк,lɵplantɕɵk,lɵp.lan.tɕɵk,3,RFR,,FALSE
лӑплаттар,lɵplattar,lɵp.lat.tar,3,RFF,,FALSE
лӑппӑн,lɵppɵn,lɵp.pɵn,2,RR,6,TRUE
лӑппилаппи,lɵppilappi,lɵp.pi.lap.pi,4,RFFF,,FALSE
лӑпсака,lɵpsaka,lɵp.sa.ka,3,RFF,,FALSE
лӑпсӑр,lɵpsɵr,lɵp.sɵr,2,RR,44,TRUE
лӑпсӑрлапсӑр,lɵpsɵrlapsɵr,lɵp.sɵr.lap.sɵr,4,RRFR,,FALSE
лӑпсӑрлӑпсӑр,lɵpsɵrlɵpsɵr,lɵp.sɵr.lɵp.sɵr,4,RRRR,,FALSE
лӑпсӑрӑн,lɵpsɵrɵn,lɵp.sɵ.rɵn,3,RRR,,FALSE
лӑпсӑрӑнтар,lɵpsɵrɵntar,lɵp.sɵ.rɵn.tar,4,RRRF,,FALSE
лӑпсӑркка,lɵpsɵrkka,lɵp.sɵrk.ka,3,RRF,62,TRUE
лӑпсӑрт,lɵpsɵrt,lɵp.sɵrt,2,RR,,FALSE
лӑпсӑртат,lɵpsɵrtat,lɵp.sɵr.tat,3,RRF,1,TRUE
лӑпсӑртаттар,lɵpsɵrtattar,lɵp.sɵr.tat.tar,4,RRFF,,FALSE
лӑпчӑн,lɵptɕɵn,lɵp.tɕɵn,2,RR,3,TRUE
лӑпчӑнтар,lɵptɕɵntar,lɵp.tɕɵn.tar,3,RRF,,FALSE
лӑпчӑрӑн,lɵptɕɵrɵn,lɵp.tɕɵ.rɵn,3,RRR,,FALSE
лӑпчӑт,lɵptɕɵt,lɵp.tɕɵt,2,RR,,FALSE
лӑр,lɵr,lɵr,1,R,44,TRUE
лӑрлар,lɵrlar,lɵr.lar,2,RF,,FALSE
лӑрӑк,lɵrɵk,lɵ.rɵk,2,RR,,FALSE
лӑрӑклат,lɵrɵklat,lɵ.rɵk.lat,3,RRF,,FALSE
лӑрӑлтат,lɵrɵltat,lɵ.rɵl.tat,3,RRF,,FALSE
лӑрилари,lɵrilari,lɵ.ri.la.ri,4,RFFF,,FALSE
лӑрка,lɵrka,lɵr.ka,2,RF,7,TRUE
лӑркамӑш,lɵrkamɵʃ,lɵr.ka.mɵʃ,3,RFR,,FALSE
лӑркаттар,lɵrkattar,lɵr.kat.tar,3,RFF,,FALSE
лӑркӑлтат,lɵrkɵltat,lɵr.kɵl.tat,3,RRF,,FALSE
лӑркка,lɵrkka,lɵrk.ka,2,RF,2,TRUE
лӑрккаҫ,lɵrkkaɕ,lɵrk.kaɕ,2,RF,,FALSE
лӑрккаш,lɵrkkaʃ,lɵrk.kaʃ,2,RF,,FALSE
лӑрла,lɵrla,lɵr.la,2,RF,1,TRUE
лӑрлат,lɵrlat,lɵr.lat,2,RF,,FALSE
лӑрлаттар,lɵrlattar,lɵr.lat.tar,3,RFF,,FALSE
лӑртларт,lɵrtlart,lɵrt.lart,2,RF,,FALSE
лӑртлат,lɵrtlat,lɵrt.lat,2,RF,,FALSE
лӑс,lɵs,lɵs,1,R,161,TRUE
лӑслас,lɵslas,lɵs.las,2,RF,,FALSE
лӑслӑс,lɵslɵs,lɵs.lɵs,2,RR,,FALSE
лӑсӑ,lɵsɵ,lɵ.sɵ,2,RR,10,TRUE
лӑсӑллӑ,lɵsɵllɵ,lɵ.sɵl.lɵ,3,RRR,86,TRUE
лӑска,lɵska,lɵs.ka,2,RF,23,TRUE
лӑскан,lɵskan,lɵs.kan,2,RF,2,TRUE
лӑсканчӑк,lɵskantɕɵk,lɵs.kan.tɕɵk,3,RFR,1,TRUE
лӑскаттар,lɵskattar,lɵs.kat.tar,3,RFF,,FALSE
лӑслан,lɵslan,lɵs.lan,2,RF,,FALSE
лӑслат,lɵslat,lɵs.lat,2,RF,,FALSE
лӑслӑ,lɵslɵ,lɵs.lɵ,2,RR,1,TRUE
лӑст,lɵst,lɵst,1,R,28,TRUE
лӑстлӑст,lɵstlɵst,lɵst.lɵst,2,RR,,FALSE
лӑстака,lɵstaka,lɵs.ta.ka,3,RFF,3,TRUE
лӑстанкӑ,lɵstankɵ,lɵs.tan.kɵ,3,RFR,3,TRUE
лӑстӑк,lɵstɵk,lɵs.tɵk,2,RR,13,TRUE
лӑстӑр,lɵstɵr,lɵs.tɵr,2,RR,119,TRUE
лӑстӑрластӑр,lɵstɵrlastɵr,lɵs.tɵr.las.tɵr,4,RRFR,1,TRUE
лӑстӑрлӑстӑр,lɵstɵrlɵstɵr,lɵs.tɵr.lɵs.tɵr,4,RRRR,,FALSE
лӑстӑркка,lɵstɵrkka,lɵs.tɵrk.ka,3,RRF,9,TRUE
лӑстӑрт,lɵstɵrt,lɵs.tɵrt,2,RR,,FALSE
лӑстӑртат,lɵstɵrtat,lɵs.tɵr.tat,3,RRF,,FALSE
лӑстӑртаттар,lɵstɵrtattar,lɵs.tɵr.tat.tar,4,RRFF,,FALSE
лӑстӑрти,lɵstɵrti,lɵs.tɵr.ti,3,RRF,,FALSE
лӑтӑр,lɵtɵr,lɵ.tɵr,2,RR,5,TRUE
лӑтӑрлатӑр,lɵtɵrlatɵr,lɵ.tɵr.la.tɵr,4,RRFR,,FALSE
лӑтӑрт,lɵtɵrt,lɵ.tɵrt,2,RR,1,TRUE
лӑтӑртлатӑрт,lɵtɵrtlatɵrt,lɵ.tɵrt.la.tɵrt,4,RRFR,,FALSE
лӑтӑртат,lɵtɵrtat,lɵ.tɵr.tat,3,RRF,,FALSE
лӑтӑртаттар,lɵtɵrtattar,lɵ.tɵr.tat.tar,4,RRFF,,FALSE
лӑтӑрти,lɵtɵrti,lɵ.tɵr.ti,3,RRF,,FALSE
лӑхлӑх,lɵxlɵx,lɵx.lɵx,2,RR,,FALSE
лӑхӑллахӑл,lɵxɵllaxɵl,lɵ.xɵl.la.xɵl,4,RRFR,,FALSE
лӑхӑлтат,lɵxɵltat,lɵ.xɵl.tat,3,RRF,,FALSE
лӑхлат,lɵxlat,lɵx.lat,2,RF,,FALSE
лӑхлаттар,lɵxlattar,lɵx.lat.tar,3,RFF,,FALSE
лӑч,lɵtɕ,lɵtɕ,1,R,13,TRUE
лӑчлач,lɵtɕlatɕ,lɵtɕ.latɕ,2,RF,,FALSE
лӑчӑ,lɵtɕɵ,lɵ.tɕɵ,2,RR,8,TRUE
лӑчӑк,lɵtɕɵk,lɵ.tɕɵk,2,RR,1,TRUE
лӑчӑр,lɵtɕɵr,lɵ.tɕɵr,2,RR,23,TRUE
лӑчӑрлачӑр,lɵtɕɵrlatɕɵr,lɵ.tɕɵr.la.tɕɵr,4,RRFR,,FALSE
лӑчӑрт,lɵtɕɵrt,lɵ.tɕɵrt,2,RR,13,TRUE
лӑчӑртлачӑрт,lɵtɕɵrtlatɕɵrt,lɵ.tɕɵrt.la.tɕɵrt,4,RRFR,,FALSE
лӑчӑртат,lɵtɕɵrtat,lɵ.tɕɵr.tat,3,RRF,,FALSE
лӑчӑртаттар,lɵtɕɵrtattar,lɵ.tɕɵr.tat.tar,4,RRFF,,FALSE
лӑчлаттар,lɵtɕlattar,lɵtɕ.lat.tar,3,RFF,,FALSE
лӑш,lɵʃ,lɵʃ,1,R,201,TRUE
лӑшлаш,lɵʃlaʃ,lɵʃ.laʃ,2,RF,,FALSE
лӑшлан,lɵʃlan,lɵʃ.lan,2,RF,,FALSE
лӑшлантар,lɵʃlantar,lɵʃ.lan.tar,3,RFF,,FALSE
лӑшлат,lɵʃlat,lɵʃ.lat,2,RF,,FALSE
лӑшлаттар,lɵʃlattar,lɵʃ.lat.tar,3,RFF,,FALSE
лӑшт,lɵʃt,lɵʃt,1,R,30,TRUE
лӑштлашт,lɵʃtlaʃt,lɵʃt.laʃt,2,RF,,FALSE
лӑштӑр,lɵʃtɵr,lɵʃ.tɵr,2,RR,57,TRUE
лӑштӑрлаштӑр,lɵʃtɵrlaʃtɵr,lɵʃ.tɵr.laʃ.tɵr,4,RRFR,,FALSE
лӑштӑркка,lɵʃtɵrkka,lɵʃ.tɵrk.ka,3,RRF,1,TRUE
левӗр,leʋør,le.ʋør,2,FR,,FALSE
лейка,lejka,lej.ka,2,FF,9,TRUE
лейтенант,lejtenant,lej.te.nant,3,FFF,1402,TRUE
лек,lek,lek,1,F,109,TRUE
лекӗр,lekør,le.kør,2,FR,21,TRUE
лекке,lekke,lek.ke,2,FF,,FALSE
лексика,leksika,lek.si.ka,3,FFF,98,TRUE
лектер,lekter,lek.ter,2,FF,3,TRUE
лектерттер,lektertter,lek.tert.ter,3,FFF,,FALSE
лемех,lemex,le.mex,2,FF,,FALSE
лемсӗр,lemsør,lem.sør,2,FR,,FALSE
лемсӗркке,lemsørkke,lem.sørk.ke,3,FRF,1,TRUE
лемсӗртет,lemsørtet,lem.sør.tet,3,FRF,,FALSE
лен,len,len,1,F,76,TRUE
лени,leni,le.ni,2,FF,13,TRUE
ленинла,leninla,le.nin.la,3,FFF,41,TRUE
ленкленк,lenklenk,lenk.lenk,2,FF,,FALSE
ленкер,lenker,len.ker,2,FF,2,TRUE
ленкес,lenkes,len.kes,2,FF,4,TRUE
ленкӗрленкӗр,lenkørlenkør,len.kør.len.kør,4,FRFR,,FALSE
ленкӗрчӗ,lenkørtɕø,len.kør.tɕø,3,FRR,,FALSE
ленкке,lenkke,lenk.ke,2,FF,4,TRUE
лента,lenta,len.ta,2,FF,59,TRUE
лентӑллӑ,lentɵllɵ,len.tɵl.lɵ,3,FRR,7,TRUE
ленче,lentɕe,len.tɕe,2,FF,1,TRUE
ленчел,lentɕel,len.tɕel,2,FF,,FALSE
ленчет,lentɕet,len.tɕet,2,FF,,FALSE
ленчешке,lentɕeʃke,len.tɕeʃ.ke,3,FFF,12,TRUE
ленчешкеле,lentɕeʃkele,len.tɕeʃ.ke.le,4,FFFF,,FALSE
ленчешкелен,lentɕeʃkelen,len.tɕeʃ.ke.len,4,FFFF,,FALSE
ленчешкелет,lentɕeʃkelet,len.tɕeʃ.ke.let,4,FFFF,,FALSE
ленчӗр,lentɕør,len.tɕør,2,FR,9,TRUE
ленчӗркке,lentɕørkke,len.tɕørk.ke,3,FRF,,FALSE
ленчӗртет,lentɕørtet,len.tɕør.tet,3,FRF,,FALSE
ленчӗртеттер,lentɕørtetter,len.tɕør.tet.ter,4,FRFF,,FALSE
леп,lep,lep,1,F,12,TRUE
лепӗр,lepør,le.pør,2,FR,3,TRUE
лепӗркке,lepørkke,le.pørk.ke,3,FRF,,FALSE
лепӗрккеле,lepørkkele,le.pørk.ke.le,4,FRFF,,FALSE
лепӗрккелен,lepørkkelen,le.pørk.ke.len,4,FRFF,,FALSE
лепӗрт,lepørt,le.pørt,2,FR,,FALSE
лепӗстет,lepøstet,le.pøs.tet,3,FRF,,FALSE
лепӗстеттер,lepøstetter,le.pøs.tet.ter,4,FRFF,,FALSE
леплет,leplet,lep.let,2,FF,,FALSE
леплеттер,lepletter,lep.let.ter,3,FFF,,FALSE
лере,lere,le.re,2,FF,572,TRUE
лерелле,lerelle,le.rel.le,3,FFF,64,TRUE
лерелли,lerelli,le.rel.li,3,FFF,1,TRUE
лерен,leren,le.ren,2,FF,60,TRUE
леререхре,lererexre,le.re.rex.re,4,FFFF,16,TRUE
леререхрен,lererexren,le.re.rex.ren,4,FFFF,,FALSE
леререхри,lererexri,le.re.rex.ri,4,FFFF,1,TRUE
лери,leri,le.ri,2,FF,40,TRUE
лесник,lesnik,les.nik,2,FF,165,TRUE
лесничи,lesnitɕi,les.ni.tɕi,3,FFF,11,TRUE
леҫ,leɕ,leɕ,1,F,16,TRUE
леҫтер,leɕter,leɕ.ter,2,FF,3,TRUE
летун,letun,le.tun,2,FF,1,TRUE
летучка,letutɕka,le.tutɕ.ka,3,FFF,2,TRUE
леч,letɕ,letɕ,1,F,4,TRUE
лечеке,letɕeke,le.tɕe.ke,3,FFF,3,TRUE
лечекелен,letɕekelen,le.tɕe.ke.len,4,FFFF,,FALSE
лечекелентер,letɕekelenter,le.tɕe.ke.len.ter,5,FFFFF,,FALSE
лечӗр,letɕør,le.tɕør,2,FR,1,TRUE
лечӗркке,letɕørkke,le.tɕørk.ke,3,FRF,,FALSE
лечӗрт,letɕørt,le.tɕørt,2,FR,,FALSE
лечӗртет,letɕørtet,le.tɕør.tet,3,FRF,,FALSE
лечӗртеттер,letɕørtetter,le.tɕør.tet.ter,4,FRFF,,FALSE
леш,leʃ,leʃ,1,F,6085,TRUE
лешӗ,leʃø,le.ʃø,2,FR,5222,TRUE
лешӗн,leʃøn,le.ʃøn,2,FR,367,TRUE
лешинке,leʃinke,le.ʃin.ke,3,FFF,,FALSE
лӗк,løk,løk,1,R,37,TRUE
лӗкӗ,løkø,lø.kø,2,RR,60,TRUE
лӗкӗлен,løkølen,lø.kø.len,3,RRF,,FALSE
лӗкӗлентер,løkølenter,lø.kø.len.ter,4,RRFF,,FALSE
лӗкӗллӗ,løkøllø,lø.køl.lø,3,RRR,2,TRUE
лӗкӗр,løkør,lø.kør,2,RR,10,TRUE
лӗкӗрт,løkørt,lø.kørt,2,RR,4,TRUE
лӗкӗртет,løkørtet,lø.kør.tet,3,RRF,,FALSE
лӗкӗрти,løkørti,lø.kør.ti,3,RRF,3,TRUE
лӗкӗшти,løkøʃti,lø.køʃ.ti,3,RRF,,FALSE
лӗклен,løklen,løk.len,2,RF,,FALSE
лӗклентер,løklenter,løk.len.ter,3,RFF,,FALSE
лӗмпӗр,lømpør,løm.pør,2,RR,7,TRUE
лӗмпӗрлемпӗр,lømpørlempør,løm.pør.lem.pør,4,RRFR,,FALSE
лӗмпӗркке,lømpørkke,løm.pørk.ke,3,RRF,1,TRUE
лӗмпӗртет,lømpørtet,løm.pør.tet,3,RRF,,FALSE
лӗмсӗр,lømsør,løm.sør,2,RR,,FALSE
лӗмсӗрлемсӗр,lømsørlemsør,løm.sør.lem.sør,4,RRFR,,FALSE
лӗмсӗркке,lømsørkke,løm.sørk.ke,3,RRF,3,TRUE
лӗмсӗртет,lømsørtet,løm.sør.tet,3,RRF,,FALSE
лӗнкӗрленкӗр,lønkørlenkør,løn.kør.len.kør,4,RRFR,,FALSE
лӗнкӗртет,lønkørtet,løn.kør.tet,3,RRF,,FALSE
лӗнкӗрчӗк,lønkørtɕøk,løn.kør.tɕøk,3,RRR,,FALSE
лӗнче,løntɕe,løn.tɕe,2,RF,4,TRUE
лӗнчӗленчӗ,løntɕølentɕø,løn.tɕø.len.tɕø,4,RRFR,,FALSE
лӗнчӗр,løntɕør,løn.tɕør,2,RR,69,TRUE
лӗнчӗрленчӗр,løntɕørlentɕør,løn.tɕør.len.tɕør,4,RRFR,,FALSE
лӗнчӗрленчӗрлен,løntɕørlentɕørlen,løn.tɕør.len.tɕør.len,5,RRFRF,,FALSE
лӗнчӗркке,løntɕørkke,løn.tɕørk.ke,3,RRF,6,TRUE
лӗнчӗртет,løntɕørtet,løn.tɕør.tet,3,RRF,,FALSE
лӗнчӗртеттер,løntɕørtetter,løn.tɕør.tet.ter,4,RRFF,,FALSE
лӗп,løp,løp,1,R,184,TRUE
лӗплеп,løplep,løp.lep,2,RF,,FALSE
лӗпӗ,løpø,lø.pø,2,RR,11,TRUE
лӗпӗлен,løpølen,lø.pø.len,3,RRF,,FALSE
лӗпӗллӗ,løpøllø,lø.pøl.lø,3,RRR,,FALSE
лӗпӗр,løpør,lø.pør,2,RR,28,TRUE
лӗпӗрлепӗр,løpørlepør,lø.pør.le.pør,4,RRFR,,FALSE
лӗпӗркке,løpørkke,lø.pørk.ke,3,RRF,2,TRUE
лӗпӗрккелен,løpørkkelen,lø.pørk.ke.len,4,RRFF,,FALSE
лӗпӗрт,løpørt,lø.pørt,2,RR,3,TRUE
лӗпӗртет,løpørtet,lø.pør.tet,3,RRF,13,TRUE
лӗпӗртеттер,løpørtetter,lø.pør.tet.ter,4,RRFF,,FALSE
лӗпӗрти,løpørti,lø.pør.ti,3,RRF,8,TRUE
лӗпӗслепӗс,løpøslepøs,lø.pøs.le.pøs,4,RRFR,,FALSE
лӗпӗстет,løpøstet,lø.pøs.tet,3,RRF,4,TRUE
лӗпӗстеттер,løpøstetter,lø.pøs.tet.ter,4,RRFF,,FALSE
лӗпӗсти,løpøsti,lø.pøs.ti,3,RRF,4,TRUE
лӗпӗте,løpøte,lø.pø.te,3,RRF,,FALSE
лӗпӗш,løpøʃ,lø.pøʃ,2,RR,368,TRUE
лӗпке,løpke,løp.ke,2,RF,26,TRUE
лӗплен,løplen,løp.len,2,RF,,FALSE
лӗплентер,løplenter,løp.len.ter,3,RFF,,FALSE
лӗпсӗр,løpsør,løp.sør,2,RR,31,TRUE
лӗпсӗрлепсӗр,løpsørlepsør,løp.sør.lep.sør,4,RRFR,,FALSE
лӗпсӗрт,løpsørt,løp.sørt,2,RR,,FALSE
лӗпсӗртет,løpsørtet,løp.sør.tet,3,RRF,,FALSE
лӗпшенкӗ,løpʃenkø,løp.ʃen.kø,3,RFR,1,TRUE
лӗр,lør,lør,1,R,39,TRUE
лӗрк,lørk,lørk,1,R,,FALSE
лӗрке,lørke,lør.ke,2,RF,2,TRUE
лӗркке,lørkke,lørk.ke,2,RF,7,TRUE
лӗрле,lørle,lør.le,2,RF,,FALSE
лӗрп,lørp,lørp,1,R,,FALSE
лӗрплеттер,lørpletter,lørp.let.ter,3,RFF,,FALSE
лӗхлет,løxlet,løx.let,2,RF,,FALSE
лӗхлетлӗхлет,løxletløxlet,løx.let.løx.let,4,RFRF,,FALSE
лӗчӗр,løtɕør,lø.tɕør,2,RR,3,TRUE
лӗчӗрлечӗр,løtɕørletɕør,lø.tɕør.le.tɕør,4,RRFR,,FALSE
лӗчӗрке,løtɕørke,lø.tɕør.ke,3,RRF,,FALSE
лӗчӗртет,løtɕørtet,lø.tɕør.tet,3,RRF,,FALSE
лӗштӗркке,løʃtørkke,løʃ.tørk.ke,3,RRF,,FALSE
лиана,liana,li.a.na,3,FFF,59,TRUE
ливер,liʋer,li.ʋer,2,FF,1,TRUE
ливрея,liʋreja,liʋ.re.ja,3,FFF,1,TRUE
ликер,liker,li.ker,2,FF,10,TRUE
ликерлӑ,likerlɵ,li.ker.lɵ,3,FFR,,FALSE
ликӗрлӑ,likørlɵ,li.kør.lɵ,3,FRR,,FALSE
лили,lili,li.li,2,FF,144,TRUE
лилипут,liliput,li.li.put,3,FFF,4,TRUE
лиман,liman,li.man,2,FF,8,TRUE
лимит,limit,li.mit,2,FF,12,TRUE
лимитла,limitla,li.mit.la,3,FFF,,FALSE
линейка,linejka,li.nej.ka,3,FFF,59,TRUE
лини,lini,li.ni,2,FF,337,TRUE
линиле,linile,li.ni.le,3,FFF,,FALSE
линкруст,linkrust,link.rust,2,FF,,FALSE
линчла,lintɕla,lintɕ.la,2,FF,,FALSE
лира,lira,li.ra,2,FF,76,TRUE
лирик,lirik,li.rik,2,FF,61,TRUE
лирика,lirika,li.ri.ka,3,FFF,154,TRUE
лирикӑлӑ,lirikɵlɵ,li.ri.kɵ.lɵ,4,FFRR,,FALSE
лирикӑлӑх,lirikɵlɵx,li.ri.kɵ.lɵx,4,FFRR,1,TRUE
лирикӑллӑ,lirikɵllɵ,li.ri.kɵl.lɵ,4,FFRR,75,TRUE
лиска,liska,lis.ka,2,FF,16,TRUE
листа,lista,lis.ta,2,FF,65,TRUE
листаллӑ,listallɵ,lis.tal.lɵ,3,FFR,7,TRUE
лиҫ,liɕ,liɕ,1,F,1,TRUE
литавра,litaʋra,li.taʋ.ra,3,FFF,,FALSE
литва,litʋa,lit.ʋa,2,FF,226,TRUE
литвалла,litʋalla,lit.ʋal.la,3,FFF,16,TRUE
литер,liter,li.ter,2,FF,9,TRUE
литера,litera,li.te.ra,3,FFF,2,TRUE
литература,literatura,li.te.ra.tu.ra,5,FFFFF,5289,TRUE
лити,liti,li.ti,2,FF,15,TRUE
литлӗрлешӳ,litlørleʃy,lit.lør.le.ʃy,4,FRFF,,FALSE
литпӗрлешӳ,litpørleʃy,lit.pør.le.ʃy,4,FRFF,162,TRUE
литр,litr,litr,1,F,1155,TRUE
личинка,litɕinka,li.tɕin.ka,3,FFF,4,TRUE
лишайник,liʃajnik,li.ʃaj.nik,3,FFF,1,TRUE
лум,lum,lum,1,F,70,TRUE
лунатик,lunatik,lu.na.tik,3,FFF,1,TRUE
лунатикла,lunatikla,lu.na.tik.la,4,FFFF,,FALSE
лунит,lunit,lu.nit,2,FF,,FALSE
лунник,lunnik,lun.nik,2,FF,,FALSE
лупа,lupa,lu.pa,2,FF,22,TRUE
лупам,lupam,lu.pam,2,FF,,FALSE
лупас,lupas,lu.pas,2,FF,399,TRUE
лупасай,lupasaj,lu.pa.saj,3,FFF,17,TRUE
лупашка,lupaʃka,lu.paʃ.ka,3,FFF,82,TRUE
лупашкала,lupaʃkala,lu.paʃ.ka.la,4,FFFF,,FALSE
лупашкалан,lupaʃkalan,lu.paʃ.ka.lan,4,FFFF,,FALSE
лупашкаллӑ,lupaʃkallɵ,lu.paʃ.kal.lɵ,4,FFFR,3,TRUE
лупӑнчӑ,lupɵntɕɵ,lu.pɵn.tɕɵ,3,FRR,,FALSE
луппер,lupper,lup.per,2,FF,,FALSE
луптук,luptuk,lup.tuk,2,FF,,FALSE
лупулин,lupulin,lu.pu.lin,3,FFF,,FALSE
луска,luska,lus.ka,2,FF,,FALSE
лутака,lutaka,lu.ta.ka,3,FFF,65,TRUE
лутӑрка,lutɵrka,lu.tɵr.ka,3,FRF,4,TRUE
лутӑркан,lutɵrkan,lu.tɵr.kan,3,FRF,1,TRUE
лутӑрканчӑк,lutɵrkantɕɵk,lu.tɵr.kan.tɕɵk,4,FRFR,7,TRUE
лутӑркаттар,lutɵrkattar,lu.tɵr.kat.tar,4,FRFF,,FALSE
лутка,lutka,lut.ka,2,FF,24,TRUE
лутра,lutra,lut.ra,2,FF,765,TRUE
лутралан,lutralan,lut.ra.lan,3,FFF,,FALSE
лутралантар,lutralantar,lut.ra.lan.tar,4,FFFF,,FALSE
лутралат,lutralat,lut.ra.lat,3,FFF,,FALSE
лутрамас,lutramas,lut.ra.mas,3,FFF,,FALSE
лутрашка,lutraʃka,lut.raʃ.ka,3,FFF,2,TRUE
луттук,luttuk,lut.tuk,2,FF,2,TRUE
луччӗ,lutɕtɕø,lutɕ.tɕø,2,FR,204,TRUE
луш,luʃ,luʃ,1,F,4,TRUE
лӳ,ly,ly,1,F,41,TRUE
лӳп,lyp,lyp,1,F,8,TRUE
лӳпем,lypem,ly.pem,2,FF,1,TRUE
лӳплет,lyplet,lyp.let,2,FF,,FALSE
лӳплеттер,lypletter,lyp.let.ter,3,FFF,,FALSE
лӳппер,lypper,lyp.per,2,FF,51,TRUE
лӳпперлен,lypperlen,lyp.per.len,3,FFF,,FALSE
лӳпперлентер,lypperlenter,lyp.per.len.ter,4,FFFF,,FALSE
лӳпперрӗн,lypperrøn,lyp.per.røn,3,FFR,27,TRUE
лӳчӗрке,lytɕørke,ly.tɕør.ke,3,FRF,3,TRUE
лӳчӗркен,lytɕørken,ly.tɕør.ken,3,FRF,,FALSE
лӳчӗркенчӗк,lytɕørkentɕøk,ly.tɕør.ken.tɕøk,4,FRFR,10,TRUE
лӳшке,lyʃke,lyʃ.ke,2,FF,,FALSE
лӳшкен,lyʃken,lyʃ.ken,2,FF,,FALSE
лӳшкентер,lyʃkenter,lyʃ.ken.ter,3,FFF,,FALSE
люк,ljuk,ljuk,1,F,22,TRUE
люкс,ljuks,ljuks,1,F,21,TRUE
люкша,ljukʃa,ljuk.ʃa,2,FF,,FALSE
люлька,ljulʲka,ljulʲ.ka,2,FF,,FALSE
люлькӑллӑ,ljulʲkɵllɵ,ljulʲ.kɵl.lɵ,3,FRR,,FALSE
люминал,ljuminal,lju.mi.nal,3,FFF,1,TRUE
люпин,ljupin,lju.pin,2,FF,8,TRUE
люстра,ljustra,ljust.ra,2,FF,17,TRUE
лютеран,ljuteran,lju.te.ran,3,FFF,5,TRUE
лютеранка,ljuteranka,lju.te.ran.ka,4,FFFF,,FALSE
лютик,ljutik,lju.tik,2,FF,1,TRUE
лютня,ljutnja,ljutn.ja,2,FF,3,TRUE
ля,lja,lja,1,F,48,TRUE
лякка,ljakka,ljak.ka,2,FF,,FALSE
ляпис,ljapis,lja.pis,2,FF,3,TRUE
ма,ma,ma,1,F,6669,TRUE
манка,manka,man.ka,2,FFFF,14,TRUE
мавр,maʋr,maʋr,1,F,6,TRUE
маевка,maeʋka,ma.eʋ.ka,3,FFF,8,TRUE
маис,mais,ma.is,2,FF,6,TRUE
май,maj,maj,1,F,38731,TRUE
майшыв,majʃʉʋ,maj.ʃʉʋ,2,FF,,FALSE
майӑкла,majɵkla,ma.jɵk.la,3,FRF,1,TRUE
майӑн,majɵn,ma.jɵn,2,FR,1739,TRUE
майӗмайӗпе,majømajøpe,ma.jø.ma.jø.pe,5,FRFRF,,FALSE
майӗпе,majøpe,ma.jø.pe,3,FRF,465,TRUE
майӗпен,majøpen,ma.jø.pen,3,FRF,2113,TRUE
майка,majka,maj.ka,2,FF,97,TRUE
майла,majla,maj.la,2,FF,51,TRUE
майлан,majlan,maj.lan,2,FF,1,TRUE
майлаттар,majlattar,maj.lat.tar,3,FFF,,FALSE
майлаш,majlaʃ,maj.laʃ,2,FF,10,TRUE
майлаштар,majlaʃtar,maj.laʃ.tar,3,FFF,9,TRUE
майлашу,majlaʃu,maj.la.ʃu,3,FFF,3,TRUE
майлашулӑх,majlaʃulɵx,maj.la.ʃu.lɵx,4,FFFR,1,TRUE
майлашуллӑ,majlaʃullɵ,maj.la.ʃul.lɵ,4,FFFR,2,TRUE
майлашусӑрлӑх,majlaʃusɵrlɵx,maj.la.ʃu.sɵr.lɵx,5,FFFRR,1,TRUE
майлӑ,majlɵ,maj.lɵ,2,FR,3312,TRUE
маймӑл,majmɵl,maj.mɵl,2,FR,11,TRUE
майра,majra,maj.ra,2,FF,943,TRUE
майраккай,majrakkaj,maj.rak.kaj,3,FFF,,FALSE
майралат,majralat,maj.ra.lat,3,FFF,,FALSE
майралла,majralla,maj.ral.la,3,FFF,55,TRUE
майсӑр,majsɵr,maj.sɵr,2,FR,86,TRUE
майсӑрлӑх,majsɵrlɵx,maj.sɵr.lɵx,3,FRR,3,TRUE
майсӑррӑн,majsɵrrɵn,maj.sɵr.rɵn,3,FRR,8,TRUE
майҫӑ,majɕɵ,maj.ɕɵ,2,FR,1,TRUE
майтан,majtan,maj.tan,2,FF,,FALSE
майхана,majxana,maj.xa.na,3,FFF,,FALSE
майя,majja,maj.ja,2,FF,109,TRUE
мак,mak,mak,1,F,88,TRUE
макака,makaka,ma.ka.ka,3,FFF,5,TRUE
макакак,makakak,ma.ka.kak,3,FFF,1,TRUE
макарав,makaraʋ,ma.ka.raʋ,3,FFF,3,TRUE
макарин,makarin,ma.ka.rin,3,FFF,19,TRUE
макарнн,makarnn,ma.karnn,2,FF,,FALSE
макаҫ,makaɕ,ma.kaɕ,2,FF,66,TRUE
макаҫи,makaɕi,ma.ka.ɕi,3,FFF,15,TRUE
макаш,makaʃ,ma.kaʃ,2,FF,2,TRUE
макӑл,makɵl,ma.kɵl,2,FR,15,TRUE
макӑлт,makɵlt,ma.kɵlt,2,FR,2,TRUE
макӑлтат,makɵltat,ma.kɵl.tat,3,FRF,1,TRUE
макӑлтаттар,makɵltattar,ma.kɵl.tat.tar,4,FRFF,1,TRUE
макӑр,makɵr,ma.kɵr,2,FR,525,TRUE
макӑра,makɵra,ma.kɵ.ra,3,FRF,247,TRUE
макӑравлӑ,makɵraʋlɵ,ma.kɵ.raʋ.lɵ,4,FRFR,1,TRUE
макӑравҫӑ,makɵraʋɕɵ,ma.kɵ.raʋ.ɕɵ,4,FRFR,1,TRUE
макӑраш,makɵraʃ,ma.kɵ.raʃ,3,FRF,,FALSE
макӑрашу,makɵraʃu,ma.kɵ.ra.ʃu,4,FRFF,3,TRUE
макӑрашуллӑ,makɵraʃullɵ,ma.kɵ.ra.ʃul.lɵ,5,FRFFR,1,TRUE
макӑрмалла,makɵrmalla,ma.kɵr.mal.la,4,FRFF,40,TRUE
макӑрт,makɵrt,ma.kɵrt,2,FR,12,TRUE
макӑру,makɵru,ma.kɵ.ru,3,FRF,14,TRUE
макӑруллӑ,makɵrullɵ,ma.kɵ.rul.lɵ,4,FRFR,,FALSE
макет,maket,ma.ket,2,FF,21,TRUE
маккар,makkar,mak.kar,2,FF,2,TRUE
маккарлан,makkarlan,mak.kar.lan,3,FFF,,FALSE
маклака,maklaka,mak.la.ka,3,FFF,,FALSE
маклашка,maklaʃka,mak.laʃ.ka,3,FFF,,FALSE
маклер,makler,mak.ler,2,FF,2,TRUE
макра,makra,mak.ra,2,FF,20,TRUE
макрав,makraʋ,mak.raʋ,2,FF,,FALSE
макраҫ,makraɕ,mak.raɕ,2,FF,,FALSE
макрель,makrelʲ,mak.relʲ,2,FF,2,TRUE
максӑма,maksɵma,mak.sɵ.ma,3,FRF,9,TRUE
максим,maksim,mak.sim,2,FF,1222,TRUE
максималист,maksimalist,mak.si.ma.list,4,FFFF,3,TRUE
максималистла,maksimalistla,mak.si.ma.list.la,5,FFFFF,1,TRUE
максимум,maksimum,mak.si.mum,3,FFF,14,TRUE
макулатура,makulatura,ma.ku.la.tu.ra,5,FFFFF,21,TRUE
мал,mal,mal,1,F,845,TRUE
мала,mala,ma.la,2,FF,2903,TRUE
малай,malaj,ma.laj,2,FF,46,TRUE
малалла,malalla,ma.lal.la,3,FFF,14634,TRUE
малаллахи,malallaxi,ma.lal.la.xi,4,FFFF,121,TRUE
малалли,malalli,ma.lal.li,3,FFF,330,TRUE
малахит,malaxit,ma.la.xit,3,FFF,11,TRUE
малаш,malaʃ,ma.laʃ,2,FF,88,TRUE
малашкаяш,malaʃkajaʃ,ma.laʃ.ka.jaʃ,4,FFFF,,FALSE
малашлӑ,malaʃlɵ,ma.laʃ.lɵ,3,FFR,4,TRUE
малашлӑх,malaʃlɵx,ma.laʃ.lɵx,3,FFR,829,TRUE
малашлӑхлӑ,malaʃlɵxlɵ,ma.laʃ.lɵx.lɵ,4,FFRR,67,TRUE
малашлӑхсӑр,malaʃlɵxsɵr,ma.laʃ.lɵx.sɵr,4,FFRR,14,TRUE
малашне,malaʃne,ma.laʃ.ne,3,FFF,6271,TRUE
малашнехи,malaʃnexi,ma.laʃ.ne.xi,4,FFFF,810,TRUE
малашсӑрлӑх,malaʃsɵrlɵx,ma.laʃ.sɵr.lɵx,4,FFRR,1,TRUE
малта,malta,mal.ta,2,FF,2175,TRUE
малтан,maltan,mal.tan,2,FF,15276,TRUE
малтанах,maltanax,mal.ta.nax,3,FFF,5627,TRUE
малтанласа,maltanlasa,mal.tan.la.sa,4,FFFF,641,TRUE
малтанлӑха,maltanlɵxa,mal.tan.lɵ.xa,4,FFRF,741,TRUE
малтанхи,maltanxi,mal.tan.xi,3,FFF,5503,TRUE
малтанхилле,maltanxille,mal.tan.xil.le,4,FFFF,5,TRUE
малти,malti,mal.ti,2,FF,3375,TRUE
мальва,malʲʋa,malʲ.ʋa,2,FF,8,TRUE
маляр,maljar,mal.jar,2,FF,51,TRUE
маляри,maljari,mal.ja.ri,3,FFF,13,TRUE
малярии,maljarii,mal.ja.ri.i,4,FFFF,,FALSE
маляриллӗ,maljarillø,mal.ja.ril.lø,4,FFFR,,FALSE
мама,mama,ma.ma,2,FF,172,TRUE
мамак,mamak,ma.mak,2,FF,54,TRUE
мамӑк,mamɵk,ma.mɵk,2,FR,519,TRUE
мамӑкла,mamɵkla,ma.mɵk.la,3,FRF,2,TRUE
мамӑкламас,mamɵklamas,ma.mɵk.la.mas,4,FRFF,,FALSE
мамӑклан,mamɵklan,ma.mɵk.lan,3,FRF,,FALSE
мамӑклантар,mamɵklantar,ma.mɵk.lan.tar,4,FRFF,,FALSE
мамӑклӑ,mamɵklɵ,ma.mɵk.lɵ,3,FRR,19,TRUE
мамӑкҫӑ,mamɵkɕɵ,ma.mɵk.ɕɵ,3,FRR,1,TRUE
мамӑлтӑк,mamɵltɵk,ma.mɵl.tɵk,3,FRR,2,TRUE
мами,mami,ma.mi,2,FF,163,TRUE
мамла,mamla,mam.la,2,FF,,FALSE
мамма,mamma,mam.ma,2,FF,6,TRUE
ман,man,man,1,F,36945,TRUE
мана,mana,ma.na,2,FF,45537,TRUE
манайми,manajmi,ma.naj.mi,3,FFF,11,TRUE
манах,manax,ma.nax,2,FF,107,TRUE
манахла,manaxla,ma.nax.la,3,FFF,2,TRUE
манашкал,manaʃkal,ma.naʃ.kal,3,FFF,62,TRUE
манашкӑ,manaʃkɵ,ma.naʃ.kɵ,3,FFR,41,TRUE
манашкӑлла,manaʃkɵlla,ma.naʃ.kɵl.la,4,FFRF,1,TRUE
манӑн,manɵn,ma.nɵn,2,FR,23364,TRUE
манӑҫ,manɵɕ,ma.nɵɕ,2,FR,31,TRUE
манӑҫла,manɵɕla,ma.nɵɕ.la,3,FRF,2,TRUE
манӑҫлӑ,manɵɕlɵ,ma.nɵɕ.lɵ,3,FRR,,FALSE
манӑҫлӑх,manɵɕlɵx,ma.nɵɕ.lɵx,3,FRR,7,TRUE
манӑҫми,manɵɕmi,ma.nɵɕ.mi,3,FRF,274,TRUE
манӑҫсӑр,manɵɕsɵr,ma.nɵɕ.sɵr,3,FRR,3,TRUE
манӑҫтар,manɵɕtar,ma.nɵɕ.tar,3,FRF,1,TRUE
маневр,maneʋr,ma.neʋr,2,FF,24,TRUE
маневрлӑ,maneʋrlɵ,ma.neʋr.lɵ,3,FFR,1,TRUE
манекен,maneken,ma.ne.ken,3,FFF,30,TRUE
манер,maner,ma.ner,2,FF,16,TRUE
манерле,manerle,ma.ner.le,3,FFF,3,TRUE
манерлен,manerlen,ma.ner.len,3,FFF,,FALSE
манерлӗ,manerlø,ma.ner.lø,3,FFR,117,TRUE
манерсӗр,manersør,ma.ner.sør,3,FFR,8,TRUE
манет,manet,ma.net,2,FF,,FALSE
манӗврлӑ,manøʋrlɵ,ma.nøʋr.lɵ,3,FRR,1,TRUE
мани,mani,ma.ni,2,FF,51,TRUE
маникюр,manikjur,ma.nik.jur,3,FFF,22,TRUE
манишка,maniʃka,ma.niʃ.ka,3,FFF,1,TRUE
манкалан,mankalan,man.ka.lan,3,FFF,,FALSE
манкаллӑ,mankallɵ,man.kal.lɵ,3,FFR,6,TRUE
манкӑлт,mankɵlt,man.kɵlt,2,FR,,FALSE
манмасла,manmasla,man.mas.la,3,FFF,6,TRUE
манми,manmi,man.mi,2,FF,153,TRUE
манна,manna,man.na,2,FF,167,TRUE
манпа,manpa,man.pa,2,FF,3238,TRUE
манра,manra,man.ra,2,FF,476,TRUE
манран,manran,man.ran,2,FF,3959,TRUE
мансӑр,mansɵr,man.sɵr,2,FR,290,TRUE
мантар,mantar,man.tar,2,FF,1,TRUE
манти,manti,man.ti,2,FF,14,TRUE
мантии,mantii,man.ti.i,3,FFF,,FALSE
манускрипт,manuskript,ma.nusk.ript,3,FFF,4,TRUE
маншӑн,manʃɵn,man.ʃɵn,2,FR,4652,TRUE
маньяк,manʲjak,manʲ.jak,2,FF,19,TRUE
мар,mar,mar,1,F,118595,TRUE
марал,maral,ma.ral,2,FF,7,TRUE
марата,marata,ma.ra.ta,3,FFF,13,TRUE
марена,marena,ma.re.na,3,FFF,,FALSE
мари,mari,ma.ri,2,FF,1404,TRUE
марилле,marille,ma.ril.le,3,FFF,24,TRUE
маринист,marinist,ma.ri.nist,3,FFF,2,TRUE
марихуана,marixuana,ma.ri.xu.a.na,5,FFFFF,35,TRUE
марка,marka,mar.ka,2,FF,142,TRUE
маркӑллӑ,markɵllɵ,mar.kɵl.lɵ,3,FRR,169,TRUE
маркер,marker,mar.ker,2,FF,6,TRUE
марксист,marksist,mark.sist,2,FF,24,TRUE
марксистла,marksistla,mark.sist.la,3,FFF,3,TRUE
марксистлаленинла,marksistlaleninla,mark.sist.la.le.nin.la,6,FFFFFF,,FALSE
марля,marlja,marl.ja,2,FF,80,TRUE
марса,marsa,mar.sa,2,FF,24,TRUE
марсиан,marsian,mar.si.an,3,FFF,11,TRUE
март,mart,mart,1,F,635,TRUE
марта,marta,mar.ta,2,FF,152,TRUE
марталӑх,martalɵx,mar.ta.lɵx,3,FFR,,FALSE
мартах,martax,mar.tax,2,FF,,FALSE
мартен,marten,mar.ten,2,FF,8,TRUE
мартын,martʉn,mar.tʉn,2,FF,11,TRUE
мартышка,martʉʃka,mar.tʉʃ.ka,3,FFF,1,TRUE
мартышкӑлла,martʉʃkɵlla,mar.tʉʃ.kɵl.la,4,FFRF,1,TRUE
марш,marʃ,marʃ,1,F,198,TRUE
маршал,marʃal,mar.ʃal,2,FF,68,TRUE
маршрут,marʃrut,marʃ.rut,2,FF,272,TRUE
маршрутлӑ,marʃrutlɵ,marʃ.rut.lɵ,3,FFR,73,TRUE
маса,masa,ma.sa,2,FF,4,TRUE
масар,masar,ma.sar,2,FF,1014,TRUE
масарла,masarla,ma.sar.la,3,FFF,1,TRUE
масарлан,masarlan,ma.sar.lan,3,FFF,,FALSE
масарлӑ,masarlɵ,ma.sar.lɵ,3,FFR,7,TRUE
маска,maska,mas.ka,2,FF,337,TRUE
маскхалат,maskxalat,mask.xa.lat,3,FFF,5,TRUE
масла,masla,mas.la,2,FF,21,TRUE
масленка,maslenka,mas.len.ka,3,FFF,1,TRUE
маслина,maslina,mas.li.na,3,FFF,11,TRUE
масмак,masmak,mas.mak,2,FF,72,TRUE
масса,massa,mas.sa,2,FF,34,TRUE
массӑлӑх,massɵlɵx,mas.sɵ.lɵx,3,FRR,4,TRUE
массӑллӑ,massɵllɵ,mas.sɵl.lɵ,3,FRR,1538,TRUE
массив,massiʋ,mas.siʋ,2,FF,1,TRUE
мастер,master,mas.ter,2,FF,654,TRUE
мастика,mastika,mas.ti.ka,3,FFF,7,TRUE
маҫ,maɕ,maɕ,1,F,41,TRUE
маҫак,maɕak,ma.ɕak,2,FF,48,TRUE
маҫтӑр,maɕtɵr,maɕ.tɵr,2,FR,303,TRUE
маҫтӑрла,maɕtɵrla,maɕ.tɵr.la,3,FRF,5,TRUE
маҫтӑрлан,maɕtɵrlan,maɕ.tɵr.lan,3,FRF,1,TRUE
маҫтӑрлӑх,maɕtɵrlɵx,maɕ.tɵr.lɵx,3,FRR,3,TRUE
мат,mat,mat,1,F,55,TRUE
маташ,mataʃ,ma.taʃ,2,FF,,FALSE
матӑшкӑ,matɵʃkɵ,ma.tɵʃ.kɵ,3,FRR,112,TRUE
математик,matematik,ma.te.ma.tik,4,FFFF,120,TRUE
математика,matematika,ma.te.ma.ti.ka,5,FFFFF,894,TRUE
математикӑлла,matematikɵlla,ma.te.ma.ti.kɵl.la,6,FFFFRF,30,TRUE
матери,materi,ma.te.ri,3,FFF,53,TRUE
материал,material,ma.te.ri.al,4,FFFF,710,TRUE
материалист,materialist,ma.te.ri.a.list,5,FFFFF,7,TRUE
материалистла,materialistla,ma.te.ri.a.list.la,6,FFFFFF,4,TRUE
материк,materik,ma.te.rik,3,FFF,26,TRUE
материлле,materille,ma.te.ril.le,4,FFFF,3,TRUE
матка,matka,mat.ka,2,FF,61,TRUE
маткӑ,matkɵ,mat.kɵ,2,FR,15,TRUE
матрас,matras,mat.ras,2,FF,60,TRUE
матриархат,matriarxat,mat.ri.ar.xat,4,FFFF,16,TRUE
матрус,matrus,mat.rus,2,FF,10,TRUE
матрӳшке,matryʃke,mat.ryʃ.ke,3,FFF,38,TRUE
матти,matti,mat.ti,2,FF,9,TRUE
маттур,mattur,mat.tur,2,FF,4642,TRUE
маттурла,matturla,mat.tur.la,3,FFF,1,TRUE
маттурлан,matturlan,mat.tur.lan,3,FFF,3,TRUE
маттурлат,matturlat,mat.tur.lat,3,FFF,,FALSE
маттурлӑх,matturlɵx,mat.tur.lɵx,3,FFR,12,TRUE
матч,mattɕ,mattɕ,1,F,122,TRUE
матяк,matjak,mat.jak,2,FF,,FALSE
матяр,matjar,mat.jar,2,FF,2,TRUE
мах,max,max,1,F,208,TRUE
маххан,maxxan,max.xan,2,FF,,FALSE
маххӑ,maxxɵ,max.xɵ,2,FR,168,TRUE
мачӑлта,matɕɵlta,ma.tɕɵl.ta,3,FRF,4,TRUE
мачӑлташ,matɕɵltaʃ,ma.tɕɵl.taʃ,3,FRF,4,TRUE
мачта,matɕta,matɕ.ta,2,FF,16,TRUE
мачча,matɕtɕa,matɕ.tɕa,2,FF,527,TRUE
маччалан,matɕtɕalan,matɕ.tɕa.lan,3,FFF,1,TRUE
маш,maʃ,maʃ,1,F,13,TRUE
машӑлтат,maʃɵltat,ma.ʃɵl.tat,3,FRF,1,TRUE
машӑлтаттар,maʃɵltattar,ma.ʃɵl.tat.tar,4,FRFF,,FALSE
машӑлти,maʃɵlti,ma.ʃɵl.ti,3,FRF,1,TRUE
машина,maʃina,ma.ʃi.na,3,FFF,4222,TRUE
машинӑлан,maʃinɵlan,ma.ʃi.nɵ.lan,4,FFRF,1,TRUE
машинӑлантар,maʃinɵlantar,ma.ʃi.nɵ.lan.tar,5,FFRFF,1,TRUE
машинӑлат,maʃinɵlat,ma.ʃi.nɵ.lat,4,FFRF,1,TRUE
машинист,maʃinist,ma.ʃi.nist,3,FFF,55,TRUE
машинистка,maʃinistka,ma.ʃi.nist.ka,4,FFFF,21,TRUE
машинка,maʃinka,ma.ʃin.ka,3,FFF,24,TRUE
машла,maʃla,maʃ.la,2,FF,,FALSE
машлат,maʃlat,maʃ.lat,2,FF,1,TRUE
машлаттар,maʃlattar,maʃ.lat.tar,3,FFF,,FALSE
машт,maʃt,maʃt,1,F,1,TRUE
маштлат,maʃtlat,maʃt.lat,2,FF,,FALSE
мая,maja,ma.ja,2,FF,216,TRUE
маяк,majak,ma.jak,2,FF,202,TRUE
маяклӑ,majaklɵ,ma.jak.lɵ,3,FFR,1,TRUE
маятник,majatnik,ma.jat.nik,3,FFF,4,TRUE
маятниклӑ,majatniklɵ,ma.jat.nik.lɵ,4,FFFR,,FALSE
мӑй,mɵj,mɵj,1,R,691,TRUE
мӑймай,mɵjmaj,mɵj.maj,2,RF,1,TRUE
мӑймӑй,mɵjmɵj,mɵj.mɵj,2,RR,,FALSE
мӑймӑйла,mɵjmɵjla,mɵj.mɵj.la,3,RRF,,FALSE
мӑйӑк,mɵjɵk,mɵ.jɵk,2,RR,,FALSE
мӑйӑклат,mɵjɵklat,mɵ.jɵk.lat,3,RRF,,FALSE
мӑйӑлтат,mɵjɵltat,mɵ.jɵl.tat,3,RRF,1,TRUE
мӑйӑр,mɵjɵr,mɵ.jɵr,2,RR,884,TRUE
мӑйӑрла,mɵjɵrla,mɵ.jɵr.la,3,RRF,1,TRUE
мӑйӑрлӑх,mɵjɵrlɵx,mɵ.jɵr.lɵx,3,RRR,1,TRUE
мӑйӑх,mɵjɵx,mɵ.jɵx,2,RR,72,TRUE
мӑйӑхсухал,mɵjɵxsuxal,mɵ.jɵx.su.xal,4,RRFF,,FALSE
мӑйкмӑйк,mɵjkmɵjk,mɵjk.mɵjk,2,RR,,FALSE
мӑйкӑч,mɵjkɵtɕ,mɵj.kɵtɕ,2,RR,41,TRUE
мӑйкӑчла,mɵjkɵtɕla,mɵj.kɵtɕ.la,3,RRF,1,TRUE
мӑйкӑчлан,mɵjkɵtɕlan,mɵj.kɵtɕ.lan,3,RRF,1,TRUE
мӑйла,mɵjla,mɵj.la,2,RF,2,TRUE
мӑйлӑ,mɵjlɵ,mɵj.lɵ,2,RR,94,TRUE
мӑйлӑх,mɵjlɵx,mɵj.lɵx,2,RR,1,TRUE
мӑйпӑран,mɵjpɵran,mɵj.pɵ.ran,3,RRF,101,TRUE
мӑйрака,mɵjraka,mɵj.ra.ka,3,RFF,117,TRUE
мӑйракалан,mɵjrakalan,mɵj.ra.ka.lan,4,RFFF,,FALSE
мӑйракаллӑ,mɵjrakallɵ,mɵj.ra.kal.lɵ,4,RFFR,551,TRUE
мӑйракалли,mɵjrakalli,mɵj.ra.kal.li,4,RFFF,10,TRUE
мӑйракасар,mɵjrakasar,mɵj.ra.ka.sar,4,RFFF,,FALSE
мӑйса,mɵjsa,mɵj.sa,2,RF,1,TRUE
мӑйтӑкмайтӑк,mɵjtɵkmajtɵk,mɵj.tɵk.maj.tɵk,4,RRFR,,FALSE
мӑйтӑкла,mɵjtɵkla,mɵj.tɵk.la,3,RRF,,FALSE
мӑйтӑклан,mɵjtɵklan,mɵj.tɵk.lan,3,RRF,1,TRUE
мӑк,mɵk,mɵk,1,R,262,TRUE
мӑкмак,mɵkmak,mɵk.mak,2,RF,,FALSE
мӑкмӑк,mɵkmɵk,mɵk.mɵk,2,RR,,FALSE
мӑка,mɵka,mɵ.ka,2,RF,110,TRUE
мӑкавлӑн,mɵkaʋlɵn,mɵ.kaʋ.lɵn,3,RFR,9,TRUE
мӑкайӗн,mɵkajøn,mɵ.ka.jøn,3,RFR,1,TRUE
мӑкал,mɵkal,mɵ.kal,2,RF,2,TRUE
мӑкалӑх,mɵkalɵx,mɵ.ka.lɵx,3,RFR,2,TRUE
мӑкарич,mɵkaritɕ,mɵ.ka.ritɕ,3,RFF,2,TRUE
мӑкаҫей,mɵkaɕej,mɵ.ka.ɕej,3,RFF,89,TRUE
мӑкат,mɵkat,mɵ.kat,2,RF,3,TRUE
мӑкаттар,mɵkattar,mɵ.kat.tar,3,RFF,,FALSE
мӑкӑл,mɵkɵl,mɵ.kɵl,2,RR,44,TRUE
мӑкӑлмакӑл,mɵkɵlmakɵl,mɵ.kɵl.ma.kɵl,4,RRFR,,FALSE
мӑкӑлле,mɵkɵlle,mɵ.kɵl.le,3,RRF,1,TRUE
мӑкӑллен,mɵkɵllen,mɵ.kɵl.len,3,RRF,1,TRUE
мӑкӑлт,mɵkɵlt,mɵ.kɵlt,2,RR,21,TRUE
мӑкӑлтмакӑлт,mɵkɵltmakɵlt,mɵ.kɵlt.ma.kɵlt,4,RRFR,,FALSE
мӑкӑлта,mɵkɵlta,mɵ.kɵl.ta,3,RRF,3,TRUE
мӑкӑлтак,mɵkɵltak,mɵ.kɵl.tak,3,RRF,2,TRUE
мӑкӑлтан,mɵkɵltan,mɵ.kɵl.tan,3,RRF,1,TRUE
мӑкӑлтану,mɵkɵltanu,mɵ.kɵl.ta.nu,4,RRFF,1,TRUE
мӑкӑлтанчӑк,mɵkɵltantɕɵk,mɵ.kɵl.tan.tɕɵk,4,RRFR,1,TRUE
мӑкӑлтат,mɵkɵltat,mɵ.kɵl.tat,3,RRF,,FALSE
мӑкӑлтаттар,mɵkɵltattar,mɵ.kɵl.tat.tar,4,RRFF,1,TRUE
мӑкӑлти,mɵkɵlti,mɵ.kɵl.ti,3,RRF,6,TRUE
мӑкӑль,mɵkɵlʲ,mɵ.kɵlʲ,2,RR,127,TRUE
мӑкӑльмакӑль,mɵkɵlʲmakɵlʲ,mɵ.kɵlʲ.ma.kɵlʲ,4,RRFR,,FALSE
мӑкӑльшакӑль,mɵkɵlʲʃakɵlʲ,mɵ.kɵlʲ.ʃa.kɵlʲ,4,RRFR,,FALSE
мӑкӑльт,mɵkɵlʲt,mɵ.kɵlʲt,2,RR,23,TRUE
мӑкӑльтек,mɵkɵlʲtek,mɵ.kɵlʲ.tek,3,RRF,1,TRUE
мӑкӑльтеттер,mɵkɵlʲtetter,mɵ.kɵlʲ.tet.ter,4,RRFF,,FALSE
мӑкӑнь,mɵkɵnʲ,mɵ.kɵnʲ,2,RR,320,TRUE
мӑкӑр,mɵkɵr,mɵ.kɵr,2,RR,239,TRUE
мӑкӑрмӑкӑр,mɵkɵrmɵkɵr,mɵ.kɵr.mɵ.kɵr,4,RRRR,,FALSE
мӑкӑрӑл,mɵkɵrɵl,mɵ.kɵ.rɵl,3,RRR,2,TRUE
мӑкӑрӑлтар,mɵkɵrɵltar,mɵ.kɵ.rɵl.tar,4,RRRF,1,TRUE
мӑкӑрӑлчӑк,mɵkɵrɵltɕɵk,mɵ.kɵ.rɵl.tɕɵk,4,RRRR,20,TRUE
мӑкӑрлан,mɵkɵrlan,mɵ.kɵr.lan,3,RRF,3,TRUE
мӑкӑрлантар,mɵkɵrlantar,mɵ.kɵr.lan.tar,4,RRFF,4,TRUE
мӑкӑрланчӑк,mɵkɵrlantɕɵk,mɵ.kɵr.lan.tɕɵk,4,RRFR,1,TRUE
мӑкӑрт,mɵkɵrt,mɵ.kɵrt,2,RR,1,TRUE
мӑкӑртат,mɵkɵrtat,mɵ.kɵr.tat,3,RRF,2,TRUE
мӑкӑртатмӑш,mɵkɵrtatmɵʃ,mɵ.kɵr.tat.mɵʃ,4,RRFR,1,TRUE
мӑкӑртаттар,mɵkɵrtattar,mɵ.kɵr.tat.tar,4,RRFF,1,TRUE
мӑкӑртату,mɵkɵrtatu,mɵ.kɵr.ta.tu,4,RRFF,1,TRUE
мӑкӑрти,mɵkɵrti,mɵ.kɵr.ti,3,RRF,30,TRUE
мӑкӑрттар,mɵkɵrttar,mɵ.kɵrt.tar,3,RRF,1,TRUE
мӑкка,mɵkka,mɵk.ka,2,RF,2,TRUE
мӑкла,mɵkla,mɵk.la,2,RF,30,TRUE
мӑклака,mɵklaka,mɵk.la.ka,3,RFF,,FALSE
мӑкламас,mɵklamas,mɵk.la.mas,3,RFF,3,TRUE
мӑклан,mɵklan,mɵk.lan,2,RF,1,TRUE
мӑклантар,mɵklantar,mɵk.lan.tar,3,RFF,,FALSE
мӑклат,mɵklat,mɵk.lat,2,RF,1,TRUE
мӑклаттар,mɵklattar,mɵk.lat.tar,3,RFF,,FALSE
мӑклӑ,mɵklɵ,mɵk.lɵ,2,RR,54,TRUE
мӑклӑх,mɵklɵx,mɵk.lɵx,2,RR,1,TRUE
мӑкрӑҫ,mɵkrɵɕ,mɵk.rɵɕ,2,RR,8,TRUE
мӑкшӑ,mɵkʃɵ,mɵk.ʃɵ,2,RR,485,TRUE
мӑкшӑирҫе,mɵkʃɵirɕe,mɵk.ʃɵ.ir.ɕe,4,RRFF,,FALSE
мӑкшӑсимӗс,mɵkʃɵsimøs,mɵk.ʃɵ.si.møs,4,RRFR,,FALSE
мӑкшӑлла,mɵkʃɵlla,mɵk.ʃɵl.la,3,RRF,23,TRUE
мӑкши,mɵkʃi,mɵk.ʃi,2,RF,9,TRUE
мӑлмӑл,mɵlmɵl,mɵl.mɵl,2,RR,,FALSE
мӑлатук,mɵlatuk,mɵ.la.tuk,3,RFF,218,TRUE
мӑлтмӑлт,mɵltmɵlt,mɵlt.mɵlt,2,RR,,FALSE
мӑльт,mɵlʲt,mɵlʲt,1,R,2,TRUE
мӑн,mɵn,mɵn,1,R,7032,TRUE
мӑнакка,mɵnakka,mɵ.nak.ka,3,RFF,129,TRUE
мӑнами,mɵnami,mɵ.na.mi,3,RFF,1,TRUE
мӑнастир,mɵnastir,mɵ.nas.tir,3,RFF,154,TRUE
мӑнаҫ,mɵnaɕ,mɵ.naɕ,2,RF,68,TRUE
мӑнаҫӑн,mɵnaɕɵn,mɵ.na.ɕɵn,3,RFR,1,TRUE
мӑнаҫи,mɵnaɕi,mɵ.na.ɕi,3,RFF,2,TRUE
мӑнаҫлан,mɵnaɕlan,mɵ.naɕ.lan,3,RFF,25,TRUE
мӑнаҫлантар,mɵnaɕlantar,mɵ.naɕ.lan.tar,4,RFFF,1,TRUE
мӑнаҫлӑ,mɵnaɕlɵ,mɵ.naɕ.lɵ,3,RFR,572,TRUE
мӑнаҫлӑн,mɵnaɕlɵn,mɵ.naɕ.lɵn,3,RFR,762,TRUE
мӑнаҫлӑх,mɵnaɕlɵx,mɵ.naɕ.lɵx,3,RFR,189,TRUE
мӑнаҫҫӑн,mɵnaɕɕɵn,mɵ.naɕ.ɕɵn,3,RFR,15,TRUE
мӑнат,mɵnat,mɵ.nat,2,RF,1,TRUE
мӑнӑ,mɵnɵ,mɵ.nɵ,2,RR,73,TRUE
мӑнӑлан,mɵnɵlan,mɵ.nɵ.lan,3,RRF,1,TRUE
мӑнӑлӑх,mɵnɵlɵx,mɵ.nɵ.lɵx,3,RRR,3,TRUE
мӑнӑш,mɵnɵʃ,mɵ.nɵʃ,2,RR,44,TRUE
мӑнкӑмӑллан,mɵnkɵmɵllan,mɵn.kɵ.mɵl.lan,4,RRRF,3,TRUE
мӑнкӑмӑллӑ,mɵnkɵmɵllɵ,mɵn.kɵ.mɵl.lɵ,4,RRRR,44,TRUE
мӑнкӑмӑллӑн,mɵnkɵmɵllɵn,mɵn.kɵ.mɵl.lɵn,4,RRRR,124,TRUE
мӑнкӑмӑллӑх,mɵnkɵmɵllɵx,mɵn.kɵ.mɵl.lɵx,4,RRRR,55,TRUE
мӑнкун,mɵnkun,mɵn.kun,2,RF,425,TRUE
мӑнлан,mɵnlan,mɵn.lan,2,RF,1,TRUE
мӑнлантар,mɵnlantar,mɵn.lan.tar,3,RFF,1,TRUE
мӑннӑн,mɵnnɵn,mɵn.nɵn,2,RR,17,TRUE
мӑнтарӑн,mɵntarɵn,mɵn.ta.rɵn,3,RFR,593,TRUE
мӑнтӑр,mɵntɵr,mɵn.tɵr,2,RR,528,TRUE
мӑнтӑрӑш,mɵntɵrɵʃ,mɵn.tɵ.rɵʃ,3,RRR,2,TRUE
мӑнтӑркка,mɵntɵrkka,mɵn.tɵrk.ka,3,RRF,112,TRUE
мӑнтӑрккалан,mɵntɵrkkalan,mɵn.tɵrk.ka.lan,4,RRFF,1,TRUE
мӑнтӑрлан,mɵntɵrlan,mɵn.tɵr.lan,3,RRF,2,TRUE
мӑнтӑрлантар,mɵntɵrlantar,mɵn.tɵr.lan.tar,4,RRFF,1,TRUE
мӑнтӑрлат,mɵntɵrlat,mɵn.tɵr.lat,3,RRF,2,TRUE
мӑнтӑрлӑх,mɵntɵrlɵx,mɵn.tɵr.lɵx,3,RRR,3,TRUE
мӑнттай,mɵnttaj,mɵnt.taj,2,RF,44,TRUE
мӑнук,mɵnuk,mɵ.nuk,2,RF,568,TRUE
мӑр,mɵr,mɵr,1,R,364,TRUE
мӑралан,mɵralan,mɵ.ra.lan,3,RFF,1,TRUE
мӑраланчӑк,mɵralantɕɵk,mɵ.ra.lan.tɕɵk,4,RFFR,4,TRUE
мӑран,mɵran,mɵ.ran,2,RF,98,TRUE
мӑранкка,mɵrankka,mɵ.rank.ka,3,RFF,7,TRUE
мӑранлан,mɵranlan,mɵ.ran.lan,3,RFF,1,TRUE
мӑранлантар,mɵranlantar,mɵ.ran.lan.tar,4,RFFF,1,TRUE
мӑранлӑх,mɵranlɵx,mɵ.ran.lɵx,3,RFR,4,TRUE
мӑраннӑн,mɵrannɵn,mɵ.ran.nɵn,3,RFR,41,TRUE
мӑрӑлтат,mɵrɵltat,mɵ.rɵl.tat,3,RRF,1,TRUE
мӑрӑлти,mɵrɵlti,mɵ.rɵl.ti,3,RRF,5,TRUE
мӑриккан,mɵrikkan,mɵ.rik.kan,3,RFF,16,TRUE
мӑрка,mɵrka,mɵr.ka,2,RF,1,TRUE
мӑркӑл,mɵrkɵl,mɵr.kɵl,2,RR,,FALSE
мӑркӑлтат,mɵrkɵltat,mɵr.kɵl.tat,3,RRF,1,TRUE
мӑркӑлти,mɵrkɵlti,mɵr.kɵl.ti,3,RRF,1,TRUE
мӑрла,mɵrla,mɵr.la,2,RF,12,TRUE
мӑрлат,mɵrlat,mɵr.lat,2,RF,1,TRUE
мӑрлату,mɵrlatu,mɵr.la.tu,3,RFF,1,TRUE
мӑррмӑрр,mɵrrmɵrr,mɵrr.mɵrr,2,RR,,FALSE
мӑрса,mɵrsa,mɵr.sa,2,RF,1593,TRUE
мӑрсалла,mɵrsalla,mɵr.sal.la,3,RFF,2,TRUE
мӑрт,mɵrt,mɵrt,1,R,41,TRUE
мӑртмарт,mɵrtmart,mɵrt.mart,2,RF,,FALSE
мӑртӑк,mɵrtɵk,mɵr.tɵk,2,RR,7,TRUE
мӑртӑклӑх,mɵrtɵklɵx,mɵr.tɵk.lɵx,3,RRR,1,TRUE
мӑртлат,mɵrtlat,mɵrt.lat,2,RF,1,TRUE
мӑршак,mɵrʃak,mɵr.ʃak,2,RF,1,TRUE
мӑрье,mɵrʲe,mɵ.rʲe,2,RF,106,TRUE
мӑсӑльман,mɵsɵlʲman,mɵ.sɵlʲ.man,3,RRF,270,TRUE
мӑскал,mɵskal,mɵs.kal,2,RF,23,TRUE
мӑҫтамӑҫта,mɵɕtamɵɕta,mɵɕ.ta.mɵɕ.ta,4,RFRF,,FALSE
мӑтӑк,mɵtɵk,mɵ.tɵk,2,RR,16,TRUE
мӑтӑкла,mɵtɵkla,mɵ.tɵk.la,3,RRF,1,TRUE
мӑтӑклан,mɵtɵklan,mɵ.tɵk.lan,3,RRF,1,TRUE
мӑтӑклат,mɵtɵklat,mɵ.tɵk.lat,3,RRF,1,TRUE
мӑтӑклӑх,mɵtɵklɵx,mɵ.tɵk.lɵx,3,RRR,1,TRUE
мӑтӑрмӑтӑрт,mɵtɵrmɵtɵrt,mɵ.tɵr.mɵ.tɵrt,4,RRRR,,FALSE
мӑтӑртмӑтӑрт,mɵtɵrtmɵtɵrt,mɵ.tɵrt.mɵ.tɵrt,4,RRRR,,FALSE
мӑтеҫ,mɵteɕ,mɵ.teɕ,2,RF,,FALSE
мӑтьӑркка,mɵtʲɵrkka,mɵ.tʲɵrk.ka,3,RRF,7,TRUE
мӑх,mɵx,mɵx,1,R,,FALSE
мӑхамет,mɵxamet,mɵ.xa.met,3,RFF,36,TRUE
мӑч,mɵtɕ,mɵtɕ,1,R,287,TRUE
мӑчавӑр,mɵtɕaʋɵr,mɵ.tɕa.ʋɵr,3,RFR,68,TRUE
мӑчавӑрлан,mɵtɕaʋɵrlan,mɵ.tɕa.ʋɵr.lan,4,RFRF,1,TRUE
мӑчӑлт,mɵtɕɵlt,mɵ.tɕɵlt,2,RR,1,TRUE
мӑчӑлтат,mɵtɕɵltat,mɵ.tɕɵl.tat,3,RRF,1,TRUE
мӑчӑлтаттар,mɵtɕɵltattar,mɵ.tɕɵl.tat.tar,4,RRFF,,FALSE
мӑчӑлти,mɵtɕɵlti,mɵ.tɕɵl.ti,3,RRF,9,TRUE
мӑчи,mɵtɕi,mɵ.tɕi,2,RF,24,TRUE
мӑчлат,mɵtɕlat,mɵtɕ.lat,2,RF,1,TRUE
мӑчлаттар,mɵtɕlattar,mɵtɕ.lat.tar,3,RFF,,FALSE
мӑш,mɵʃ,mɵʃ,1,R,95,TRUE
мӑшмаш,mɵʃmaʃ,mɵʃ.maʃ,2,RF,,FALSE
мӑшӑк,mɵʃɵk,mɵ.ʃɵk,2,RR,1,TRUE
мӑшӑл,mɵʃɵl,mɵ.ʃɵl,2,RR,7,TRUE
мӑшӑлт,mɵʃɵlt,mɵ.ʃɵlt,2,RR,3,TRUE
мӑшӑлтат,mɵʃɵltat,mɵ.ʃɵl.tat,3,RRF,2,TRUE
мӑшӑлти,mɵʃɵlti,mɵ.ʃɵl.ti,3,RRF,4,TRUE
мӑшӑр,mɵʃɵr,mɵ.ʃɵr,2,RR,3927,TRUE
мӑшӑрӑнмӑшӑрӑн,mɵʃɵrɵnmɵʃɵrɵn,mɵ.ʃɵ.rɵn.mɵ.ʃɵ.rɵn,6,RRRRRR,2,TRUE
мӑшӑрла,mɵʃɵrla,mɵ.ʃɵr.la,3,RRF,8,TRUE
мӑшӑрлан,mɵʃɵrlan,mɵ.ʃɵr.lan,3,RRF,3,TRUE
мӑшӑрлантар,mɵʃɵrlantar,mɵ.ʃɵr.lan.tar,4,RRFF,1,TRUE
мӑшӑрлану,mɵʃɵrlanu,mɵ.ʃɵr.la.nu,4,RRFF,279,TRUE
мӑшӑрлат,mɵʃɵrlat,mɵ.ʃɵr.lat,3,RRF,,FALSE
мӑшӑрлаттар,mɵʃɵrlattar,mɵ.ʃɵr.lat.tar,4,RRFF,,FALSE
мӑшӑрлӑ,mɵʃɵrlɵ,mɵ.ʃɵr.lɵ,3,RRR,245,TRUE
мӑшӑрлӑн,mɵʃɵrlɵn,mɵ.ʃɵr.lɵn,3,RRR,9,TRUE
мӑшӑрлӑх,mɵʃɵrlɵx,mɵ.ʃɵr.lɵx,3,RRR,10,TRUE
мӑшӑррӑн,mɵʃɵrrɵn,mɵ.ʃɵr.rɵn,3,RRR,33,TRUE
мӑшӑрсӑр,mɵʃɵrsɵr,mɵ.ʃɵr.sɵr,3,RRR,130,TRUE
мӑшӑршарӑн,mɵʃɵrʃarɵn,mɵ.ʃɵr.ʃa.rɵn,4,RRFR,1,TRUE
мӑшкӑл,mɵʃkɵl,mɵʃ.kɵl,2,RR,538,TRUE
мӑшкӑлхур,mɵʃkɵlxur,mɵʃ.kɵl.xur,3,RRF,,FALSE
мӑшкӑлавлӑ,mɵʃkɵlaʋlɵ,mɵʃ.kɵ.laʋ.lɵ,4,RRFR,1,TRUE
мӑшкӑлла,mɵʃkɵlla,mɵʃ.kɵl.la,3,RRF,19,TRUE
мӑшкӑллан,mɵʃkɵllan,mɵʃ.kɵl.lan,3,RRF,3,TRUE
мӑшкӑллаттар,mɵʃkɵllattar,mɵʃ.kɵl.lat.tar,4,RRFF,2,TRUE
мӑшкӑллаш,mɵʃkɵllaʃ,mɵʃ.kɵl.laʃ,3,RRF,1,TRUE
мӑшкӑллӑ,mɵʃkɵllɵ,mɵʃ.kɵl.lɵ,3,RRR,22,TRUE
мӑшкӑллӑн,mɵʃkɵllɵn,mɵʃ.kɵl.lɵn,3,RRR,6,TRUE
мӑшкӑллӑх,mɵʃkɵllɵx,mɵʃ.kɵl.lɵx,3,RRR,3,TRUE
мӑшкӑлҫӑ,mɵʃkɵlɕɵ,mɵʃ.kɵl.ɕɵ,3,RRR,5,TRUE
мӑшкӑлтӑк,mɵʃkɵltɵk,mɵʃ.kɵl.tɵk,3,RRR,42,TRUE
мӑшла,mɵʃla,mɵʃ.la,2,RF,1,TRUE
мӑшлат,mɵʃlat,mɵʃ.lat,2,RF,2,TRUE
мӑшлаттар,mɵʃlattar,mɵʃ.lat.tar,3,RFF,,FALSE
мӑшт,mɵʃt,mɵʃt,1,R,18,TRUE
мӑштмашт,mɵʃtmaʃt,mɵʃt.maʃt,2,RF,,FALSE
мӑштӑкмӑштӑк,mɵʃtɵkmɵʃtɵk,mɵʃ.tɵk.mɵʃ.tɵk,4,RRRR,,FALSE
мӑштӑр,mɵʃtɵr,mɵʃ.tɵr,2,RR,10,TRUE
мӑштӑркка,mɵʃtɵrkka,mɵʃ.tɵrk.ka,3,RRF,5,TRUE
мӑштӑртат,mɵʃtɵrtat,mɵʃ.tɵr.tat,3,RRF,1,TRUE
мӑштлат,mɵʃtlat,mɵʃt.lat,2,RF,,FALSE
мӑштлаттар,mɵʃtlattar,mɵʃt.lat.tar,3,RFF,,FALSE
мӑя,mɵja,mɵ.ja,2,RF,135,TRUE
мӑяв,mɵjaʋ,mɵ.jaʋ,2,RF,1,TRUE
мӑявлат,mɵjaʋlat,mɵ.jaʋ.lat,3,RFF,,FALSE
мӑяла,mɵjala,mɵ.ja.la,3,RFF,,FALSE
мӑян,mɵjan,mɵ.jan,2,RF,217,TRUE
мӑянсуран,mɵjansuran,mɵ.jan.su.ran,4,RFFF,,FALSE
мӑянлӑ,mɵjanlɵ,mɵ.jan.lɵ,3,RFR,8,TRUE
ме,me,me,1,F,971,TRUE
мее,mee,me.e,2,FF,1,TRUE
мек,mek,mek,1,F,8,TRUE
мекеке,mekeke,me.ke.ke,3,FFF,3,TRUE
мекекек,mekekek,me.ke.kek,3,FFF,12,TRUE
мекеклет,mekeklet,me.kek.let,3,FFF,1,TRUE
мекеҫлен,mekeɕlen,me.keɕ.len,3,FFF,1,TRUE
мекӗлчек,mekøltɕek,me.køl.tɕek,3,FRF,3,TRUE
мекӗрлен,mekørlen,me.kør.len,3,FRF,7,TRUE
мекӗрлентер,mekørlenter,me.kør.len.ter,4,FRFF,,FALSE
меклет,meklet,mek.let,2,FF,,FALSE
мел,mel,mel,1,F,712,TRUE
мелинит,melinit,me.li.nit,3,FFF,1,TRUE
мелке,melke,mel.ke,2,FF,29,TRUE
мелкемес,melkemes,mel.ke.mes,3,FFF,1,TRUE
мелле,melle,mel.le,2,FF,41,TRUE
меллен,mellen,mel.len,2,FF,,FALSE
меллӗ,mellø,mel.lø,2,FR,1524,TRUE
меллӗн,melløn,mel.løn,2,FR,145,TRUE
меллӗх,melløx,mel.løx,2,FR,4,TRUE
мелник,melnik,mel.nik,2,FF,37,TRUE
мелсӗр,melsør,mel.sør,2,FR,71,TRUE
мелсӗрлӗх,melsørløx,mel.sør.løx,3,FRR,,FALSE
мелсӗррӗн,melsørrøn,mel.sør.røn,3,FRR,21,TRUE
мемеле,memele,me.me.le,3,FFF,2,TRUE
мемелкке,memelkke,me.melk.ke,3,FFF,,FALSE
мемме,memme,mem.me,2,FF,96,TRUE
мемуар,memuar,me.mu.ar,3,FFF,4,TRUE
менелник,menelnik,me.nel.nik,3,FFF,87,TRUE
менкӗ,menkø,men.kø,2,FR,4,TRUE
менуэт,menuet,me.nu.et,3,FFF,1,TRUE
меньшевик,menʲʃeʋik,menʲ.ʃe.ʋik,3,FFF,10,TRUE
меньшевикла,menʲʃeʋikla,menʲ.ʃe.ʋik.la,4,FFFF,,FALSE
меню,menju,men.ju,2,FF,59,TRUE
мера,mera,me.ra,2,FF,61,TRUE
мере,mere,me.re,2,FF,8,TRUE
мерекке,merekke,me.rek.ke,3,FFF,26,TRUE
мереккеллӗ,merekkellø,me.rek.kel.lø,4,FFFR,2,TRUE
мерешке,mereʃke,me.reʃ.ke,3,FFF,1,TRUE
мерешкеллӗ,mereʃkellø,me.reʃ.kel.lø,4,FFFR,,FALSE
мерттес,merttes,mert.tes,2,FF,10,TRUE
мерчен,mertɕen,mer.tɕen,2,FF,603,TRUE
мерченӗ,mertɕenø,mer.tɕe.nø,3,FFR,54,TRUE
мерченле,mertɕenle,mer.tɕen.le,3,FFF,1,TRUE
мерчче,mertɕtɕe,mertɕ.tɕe,2,FF,1,TRUE
месерле,meserle,me.ser.le,3,FFF,254,TRUE
меслет,meslet,mes.let,2,FF,681,TRUE
меслетлӗ,mesletlø,mes.let.lø,3,FFR,3,TRUE
меслетсӗр,mesletsør,mes.le.tsør,3,FFR,4,TRUE
месса,messa,mes.sa,2,FF,1,TRUE
меҫник,meɕnik,meɕ.nik,2,FF,1,TRUE
металл,metall,me.tall,2,FF,308,TRUE
металла,metalla,me.tal.la,3,FFF,13,TRUE
металлӑ,metallɵ,me.tal.lɵ,3,FFR,12,TRUE
металлист,metallist,me.tal.list,3,FFF,3,TRUE
метан,metan,me.tan,2,FF,20,TRUE
метил,metil,me.til,2,FF,11,TRUE
метис,metis,me.tis,2,FF,23,TRUE
метр,metr,metr,1,F,2732,TRUE
метрика,metrika,met.ri.ka,3,FFF,28,TRUE
метрлӑ,metrlɵ,metr.lɵ,2,FR,307,TRUE
меуклет,meuklet,me.uk.let,3,FFF,,FALSE
мех,mex,mex,1,F,16,TRUE
механик,mexanik,me.xa.nik,3,FFF,308,TRUE
механика,mexanika,me.xa.ni.ka,4,FFFF,176,TRUE
механикӑлла,mexanikɵlla,me.xa.ni.kɵl.la,5,FFFRF,5,TRUE
мехел,mexel,me.xel,2,FF,339,TRUE
мехелен,mexelen,me.xe.len,3,FFF,1,TRUE
мехелӗн,mexeløn,me.xe.løn,3,FFR,4,TRUE
мехеллӗ,mexellø,me.xel.lø,3,FFR,8,TRUE
мехелсӗр,mexelsør,me.xel.sør,3,FFR,7,TRUE
мехер,mexer,me.xer,2,FF,5,TRUE
мехертрен,mexertren,me.xert.ren,3,FFF,,FALSE
мехмӗрлен,mexmørlen,mex.mør.len,3,FRF,,FALSE
мечӗк,metɕøk,me.tɕøk,2,FR,347,TRUE
мечӗкле,metɕøkle,me.tɕøk.le,3,FRF,20,TRUE
мечӗклӗ,metɕøklø,me.tɕøk.lø,3,FRR,7,TRUE
мешехе,meʃexe,me.ʃe.xe,3,FFF,42,TRUE
мешӳрет,meʃyret,me.ʃy.ret,3,FFF,1,TRUE
мӗкӗл,møkøl,mø.køl,2,RR,13,TRUE
мӗкӗлмӗкӗл,møkølmøkøl,mø.køl.mø.køl,4,RRRR,,FALSE
мӗкӗлт,møkølt,mø.kølt,2,RR,6,TRUE
мӗкӗлтет,møkøltet,mø.køl.tet,3,RRF,1,TRUE
мӗкӗлтеттер,møkøltetter,mø.køl.tet.ter,4,RRFF,1,TRUE
мӗкӗлти,møkølti,mø.køl.ti,3,RRF,3,TRUE
мӗкӗр,møkør,mø.kør,2,RR,6,TRUE
мӗкӗреш,møkøreʃ,mø.kø.reʃ,3,RRF,1,TRUE
мӗкӗрешӳ,møkøreʃy,mø.kø.re.ʃy,4,RRFF,1,TRUE
мӗкӗрт,møkørt,mø.kørt,2,RR,1,TRUE
мӗкӗрттер,møkørtter,mø.kørt.ter,3,RRF,1,TRUE
мӗл,møl,møl,1,R,44,TRUE
мӗлке,mølke,møl.ke,2,RF,522,TRUE
мӗлкев,mølkeʋ,møl.keʋ,2,RF,1,TRUE
мӗлкелен,mølkelen,møl.ke.len,3,RFF,1,TRUE
мӗлкеллӗ,mølkellø,møl.kel.lø,3,RFR,13,TRUE
мӗлт,mølt,mølt,1,R,54,TRUE
мӗлтлет,møltlet,mølt.let,2,RF,1,TRUE
мӗльюн,mølʲjun,mølʲ.jun,2,RF,78,TRUE
мӗн,møn,møn,1,R,83242,TRUE
мӗнма,mønma,møn.ma,2,RF,,FALSE
мӗнешкел,møneʃkel,mø.neʃ.kel,3,RFF,241,TRUE
мӗнӗкке,mønøkke,mø.nøk.ke,3,RRF,1,TRUE
мӗнле,mønle,møn.le,2,RF,36583,TRUE
мӗнлелӗх,mønleløx,møn.le.løx,3,RFR,7,TRUE
мӗнлетлӗ,mønletlø,møn.let.lø,3,RFR,2,TRUE
мӗнпур,mønpur,møn.pur,2,RF,4301,TRUE
мӗнччен,møntɕtɕen,møntɕ.tɕen,2,RF,4,TRUE
мӗншӗн,mønʃøn,møn.ʃøn,2,RR,22211,TRUE
мӗр,mør,mør,1,R,93,TRUE
мӗрес,møres,mø.res,2,RF,1,TRUE
мӗрчен,mørtɕen,mør.tɕen,2,RF,1,TRUE
мӗскер,møsker,møs.ker,2,RF,1749,TRUE
мӗскерле,møskerle,møs.ker.le,3,RFF,30,TRUE
мӗскершӗн,møskerʃøn,møs.ker.ʃøn,3,RFR,176,TRUE
мӗскӗн,møskøn,møs.køn,2,RR,1452,TRUE
мӗскӗнӗн,møskønøn,møs.kø.nøn,3,RRR,53,TRUE
мӗскӗнле,møskønle,møs.køn.le,3,RRF,25,TRUE
мӗскӗнлен,møskønlen,møs.køn.len,3,RRF,6,TRUE
мӗскӗнлентер,møskønlenter,møs.køn.len.ter,4,RRFF,1,TRUE
мӗскӗнлӗх,møskønløx,møs.køn.løx,3,RRR,36,TRUE
мӗтек,møtek,mø.tek,2,RF,1,TRUE
мӗтеҫ,møteɕ,mø.teɕ,2,RF,3,TRUE
мӗхле,møxle,møx.le,2,RF,21,TRUE
мӗчевӗр,møtɕeʋør,mø.tɕe.ʋør,3,RFR,3,TRUE
мӗшӗл,møʃøl,mø.ʃøl,2,RR,43,TRUE
мӗшӗлкке,møʃølkke,mø.ʃølk.ke,3,RRF,4,TRUE
мӗшӗлт,møʃølt,mø.ʃølt,2,RR,3,TRUE
мӗшӗлтет,møʃøltet,mø.ʃøl.tet,3,RRF,3,TRUE
мӗшӗлтетӳ,møʃøltety,mø.ʃøl.te.ty,4,RRFF,1,TRUE
мӗшӗлти,møʃølti,mø.ʃøl.ti,3,RRF,44,TRUE
мӗшкӗл,møʃkøl,møʃ.køl,2,RR,1,TRUE
мӗшле,møʃle,møʃ.le,2,RF,4,TRUE
мӗшлет,møʃlet,møʃ.let,2,RF,1,TRUE
мӗштӗркке,møʃtørkke,møʃ.tørk.ke,3,RRF,7,TRUE
мӗштӗртет,møʃtørtet,møʃ.tør.tet,3,RRF,1,TRUE
ми,mi,mi,1,F,243,TRUE
миелит,mielit,mi.e.lit,3,FFF,,FALSE
миксер,mikser,mik.ser,2,FF,4,TRUE
микстура,mikstura,miks.tu.ra,3,FFF,5,TRUE
милетлӗ,miletlø,mi.let.lø,3,FFR,1,TRUE
милӗк,miløk,mi.løk,2,FR,205,TRUE
милӗклӗх,miløkløx,mi.løk.løx,3,FRR,13,TRUE
милитарист,militarist,mi.li.ta.rist,4,FFFF,,FALSE
милке,milke,mil.ke,2,FF,7,TRUE
милкемес,milkemes,mil.ke.mes,3,FFF,10,TRUE
миллиампер,milliamper,mil.li.am.per,4,FFFF,1,TRUE
миллилитр,millilitr,mil.li.litr,3,FFF,337,TRUE
миллиметр,millimetr,mil.li.metr,3,FFF,86,TRUE
миллиметрлӑ,millimetrlɵ,mil.li.metr.lɵ,4,FFFR,34,TRUE
миля,milja,mil.ja,2,FF,122,TRUE
миме,mime,mi.me,2,FF,61,TRUE
мимесӗр,mimesør,mi.me.sør,3,FFR,1,TRUE
мимика,mimika,mi.mi.ka,3,FFF,7,TRUE
мимикӑллӑ,mimikɵllɵ,mi.mi.kɵl.lɵ,4,FFRR,1,TRUE
мимикри,mimikri,mi.mik.ri,3,FFF,,FALSE
мин,min,min,1,F,120,TRUE
мина,mina,mi.na,2,FF,337,TRUE
минарет,minaret,mi.na.ret,3,FFF,18,TRUE
минӑла,minɵla,mi.nɵ.la,3,FRF,,FALSE
минер,miner,mi.ner,2,FF,3,TRUE
минерал,mineral,mi.ne.ral,3,FFF,198,TRUE
минералла,mineralla,mi.ne.ral.la,4,FFFF,1,TRUE
минераллӑ,minerallɵ,mi.ne.ral.lɵ,4,FFFR,237,TRUE
миниатюра,miniatjura,mi.ni.at.ju.ra,5,FFFFF,13,TRUE
минимум,minimum,mi.ni.mum,3,FFF,40,TRUE
министр,ministr,mi.nistr,2,FF,1331,TRUE
минкел,minkel,min.kel,2,FF,,FALSE
минкет,minket,min.ket,2,FF,,FALSE
минкрев,minkreʋ,mink.reʋ,2,FF,,FALSE
минлӗ,minlø,min.lø,2,FR,,FALSE
минре,minre,min.re,2,FF,1,TRUE
минрет,minret,min.ret,2,FF,4,TRUE
минреттер,minretter,min.ret.ter,3,FFF,,FALSE
минреш,minreʃ,min.reʃ,2,FF,,FALSE
минтев,minteʋ,min.teʋ,2,FF,,FALSE
минтевле,minteʋle,min.teʋ.le,3,FFF,,FALSE
минтевлен,minteʋlen,min.teʋ.len,3,FFF,,FALSE
минтер,minter,min.ter,2,FF,551,TRUE
минтертӳшек,mintertyʃek,min.ter.ty.ʃek,4,FFFF,,FALSE
минтерлӗ,minterlø,min.ter.lø,3,FFR,7,TRUE
минус,minus,mi.nus,2,FF,26,TRUE
минуслӑ,minuslɵ,mi.nus.lɵ,3,FFR,7,TRUE
минут,minut,mi.nut,2,FF,2719,TRUE
минутлӑх,minutlɵx,mi.nut.lɵx,3,FFR,49,TRUE
минутсерен,minutseren,mi.nu.tse.ren,4,FFFF,21,TRUE
мир,mir,mir,1,F,738,TRUE
миравай,miraʋaj,mi.ra.ʋaj,3,FFF,93,TRUE
мирлеш,mirleʃ,mir.leʃ,2,FF,5,TRUE
мирлештер,mirleʃter,mir.leʃ.ter,3,FFF,1,TRUE
мирлешӳ,mirleʃy,mir.le.ʃy,3,FFF,6,TRUE
мирлӗ,mirlø,mir.lø,2,FR,646,TRUE
мирлӗн,mirløn,mir.løn,2,FR,27,TRUE
мирлӗх,mirløx,mir.løx,2,FR,4,TRUE
мирт,mirt,mirt,1,F,4,TRUE
миска,miska,mis.ka,2,FF,5,TRUE
мисс,miss,miss,1,F,185,TRUE
мисси,missi,mis.si,2,FF,16,TRUE
миссис,missis,mis.sis,2,FF,52,TRUE
мистер,mister,mis.ter,2,FF,75,TRUE
мистик,mistik,mis.tik,2,FF,2,TRUE
мистика,mistika,mis.ti.ka,3,FFF,26,TRUE
мистикӑлла,mistikɵlla,mis.ti.kɵl.la,4,FFRF,3,TRUE
миҫе,miɕe,mi.ɕe,2,FF,4586,TRUE
миҫемӗш,miɕemøʃ,mi.ɕe.møʃ,3,FFR,294,TRUE
миҫен,miɕen,mi.ɕen,2,FF,144,TRUE
миҫепе,miɕepe,mi.ɕe.pe,3,FFF,1,TRUE
миҫери,miɕeri,mi.ɕe.ri,3,FFF,3,TRUE
миҫеччен,miɕetɕtɕen,mi.ɕetɕ.tɕen,3,FFF,4,TRUE
миҫешер,miɕeʃer,mi.ɕe.ʃer,3,FFF,13,TRUE
миҫешерӗн,miɕeʃerøn,mi.ɕe.ʃe.røn,4,FFFR,2,TRUE
митал,mital,mi.tal,2,FF,8,TRUE
митевлӗ,miteʋlø,mi.teʋ.lø,3,FFR,,FALSE
миткаль,mitkalʲ,mit.kalʲ,2,FF,2,TRUE
михӗ,mixø,mi.xø,2,FR,561,TRUE
михӗле,mixøle,mi.xø.le,3,FRF,,FALSE
михӗлӗх,mixøløx,mi.xø.løx,3,FRR,6,TRUE
михӗлле,mixølle,mi.xøl.le,3,FRF,,FALSE
мичӗт,mitɕøt,mi.tɕøt,2,FR,12,TRUE
мичман,mitɕman,mitɕ.man,2,FF,78,TRUE
мичманка,mitɕmanka,mitɕ.man.ka,3,FFF,,FALSE
мичуринла,mitɕurinla,mi.tɕu.rin.la,4,FFFF,2,TRUE
миша,miʃa,mi.ʃa,2,FF,1486,TRUE
мишавай,miʃaʋaj,mi.ʃa.ʋaj,3,FFF,63,TRUE
мишалук,miʃaluk,mi.ʃa.luk,3,FFF,,FALSE
мишень,miʃenʲ,mi.ʃenʲ,2,FF,26,TRUE
мишер,miʃer,mi.ʃer,2,FF,199,TRUE
мишерле,miʃerle,mi.ʃer.le,3,FFF,4,TRUE
мишук,miʃuk,mi.ʃuk,2,FF,35,TRUE
му,mu,mu,1,F,96,TRUE
муар,muar,mu.ar,2,FF,1,TRUE
мук,muk,muk,1,F,3,TRUE
мукка,mukka,muk.ka,2,FF,6,TRUE
муккалла,mukkalla,muk.kal.la,3,FFF,,FALSE
мукки,mukki,muk.ki,2,FF,1,TRUE
муклат,muklat,muk.lat,2,FF,,FALSE
муклашка,muklaʃka,muk.laʃ.ka,3,FFF,39,TRUE
муклашкалан,muklaʃkalan,muk.laʃ.ka.lan,4,FFFF,,FALSE
муклашкаллӑ,muklaʃkallɵ,muk.laʃ.kal.lɵ,4,FFFR,9,TRUE
мул,mul,mul,1,F,969,TRUE
мулпурлӑх,mulpurlɵx,mul.pur.lɵx,3,FFR,,FALSE
мулат,mulat,mu.lat,2,FF,4,TRUE
мулатка,mulatka,mu.lat.ka,3,FFF,2,TRUE
мулаххай,mulaxxaj,mu.lax.xaj,3,FFF,68,TRUE
мулине,muline,mu.li.ne,3,FFF,10,TRUE
мулкач,mulkatɕ,mul.katɕ,2,FF,820,TRUE
мулкачла,mulkatɕla,mul.katɕ.la,3,FFF,18,TRUE
мулла,mulla,mul.la,2,FF,198,TRUE
муллан,mullan,mul.lan,2,FF,2,TRUE
муллат,mullat,mul.lat,2,FF,,FALSE
муллах,mullax,mul.lax,2,FF,,FALSE
муллӑ,mullɵ,mul.lɵ,2,FR,29,TRUE
мулсӑр,mulsɵr,mul.sɵr,2,FR,18,TRUE
мулҫӑ,mulɕɵ,mul.ɕɵ,2,FR,2,TRUE
муми,mumi,mu.mi,2,FF,3,TRUE
мумиле,mumile,mu.mi.le,3,FFF,,FALSE
мумилен,mumilen,mu.mi.len,3,FFF,,FALSE
мункун,munkun,mun.kun,2,FF,170,TRUE
мунча,muntɕa,mun.tɕa,2,FF,2243,TRUE
мунчала,muntɕala,mun.tɕa.la,3,FFF,133,TRUE
мунчалан,muntɕalan,mun.tɕa.lan,3,FFF,,FALSE
мунчалантар,muntɕalantar,mun.tɕa.lan.tar,4,FFFF,,FALSE
мур,mur,mur,1,F,648,TRUE
мурилли,murilli,mu.ril.li,3,FFF,,FALSE
муритле,muritle,mu.rit.le,3,FFF,1,TRUE
муритлен,muritlen,mu.rit.len,3,FFF,,FALSE
муркка,murkka,murk.ka,2,FF,2,TRUE
мурла,murla,mur.la,2,FF,5,TRUE
мурлан,murlan,mur.lan,2,FF,,FALSE
мурлӑх,murlɵx,mur.lɵx,2,FR,1,TRUE
мурта,murta,mur.ta,2,FF,10,TRUE
муртак,murtak,mur.tak,2,FF,5,TRUE
муртаклан,murtaklan,mur.tak.lan,3,FFF,,FALSE
муртӑх,murtɵx,mur.tɵx,2,FR,1,TRUE
муртӑхтар,murtɵxtar,mur.tɵx.tar,3,FRF,1,TRUE
мусӑк,musɵk,mu.sɵk,2,FR,336,TRUE
мускат,muskat,mus.kat,2,FF,67,TRUE
мускул,muskul,mus.kul,2,FF,9,TRUE
мускулатура,muskulatura,mus.ku.la.tu.ra,5,FFFFF,3,TRUE
мускус,muskus,mus.kus,2,FF,6,TRUE
муслин,muslin,mus.lin,2,FF,,FALSE
мусс,muss,muss,1,F,6,TRUE
мусульман,musulʲman,mu.sulʲ.man,3,FFF,32,TRUE
мусульманла,musulʲmanla,mu.sulʲ.man.la,4,FFFF,2,TRUE
мутавкка,mutaʋkka,mu.taʋk.ka,3,FFF,,FALSE
мутала,mutala,mu.ta.la,3,FFF,1,TRUE
муталан,mutalan,mu.ta.lan,3,FFF,,FALSE
муталантар,mutalantar,mu.ta.lan.tar,4,FFFF,,FALSE
муталанчӑк,mutalantɕɵk,mu.ta.lan.tɕɵk,4,FFFR,7,TRUE
муталаш,mutalaʃ,mu.ta.laʃ,3,FFF,,FALSE
мутӑкла,mutɵkla,mu.tɵk.la,3,FRF,1,TRUE
мутӗркке,mutørkke,mu.tørk.ke,3,FRF,1,TRUE
муттик,muttik,mut.tik,2,FF,4,TRUE
муттикле,muttikle,mut.tik.le,3,FFF,,FALSE
мухмӑр,muxmɵr,mux.mɵr,2,FR,295,TRUE
мухмӑрсухмӑр,muxmɵrsuxmɵr,mux.mɵr.sux.mɵr,4,FRFR,,FALSE
мухмӑрла,muxmɵrla,mux.mɵr.la,3,FRF,36,TRUE
мухмӑрлат,muxmɵrlat,mux.mɵr.lat,3,FRF,1,TRUE
мухмӑрлӑ,muxmɵrlɵ,mux.mɵr.lɵ,3,FRR,64,TRUE
мухта,muxta,mux.ta,2,FF,135,TRUE
мухтав,muxtaʋ,mux.taʋ,2,FF,1162,TRUE
мухтавла,muxtaʋla,mux.taʋ.la,3,FFF,6,TRUE
мухтавлӑ,muxtaʋlɵ,mux.taʋ.lɵ,3,FFR,1073,TRUE
мухтавлӑн,muxtaʋlɵn,mux.taʋ.lɵn,3,FFR,26,TRUE
мухтавлӑх,muxtaʋlɵx,mux.taʋ.lɵx,3,FFR,6,TRUE
мухтан,muxtan,mux.tan,2,FF,75,TRUE
мухтантар,muxtantar,mux.tan.tar,3,FFF,,FALSE
мухтану,muxtanu,mux.ta.nu,3,FFF,2,TRUE
мухтанчӑк,muxtantɕɵk,mux.tan.tɕɵk,3,FFR,81,TRUE
мухтанчӑклӑ,muxtantɕɵklɵ,mux.tan.tɕɵk.lɵ,4,FFRR,1,TRUE
мухтанчӑклӑн,muxtantɕɵklɵn,mux.tan.tɕɵk.lɵn,4,FFRR,4,TRUE
мухтаттар,muxtattar,mux.tat.tar,3,FFF,,FALSE
мучей,mutɕej,mu.tɕej,2,FF,22,TRUE
мучи,mutɕi,mu.tɕi,2,FF,4492,TRUE
мушар,muʃar,mu.ʃar,2,FF,8,TRUE
мушка,muʃka,muʃ.ka,2,FF,5,TRUE
мушкӑр,muʃkɵr,muʃ.kɵr,2,FR,1,TRUE
мушкет,muʃket,muʃ.ket,2,FF,2,TRUE
мушкетер,muʃketer,muʃ.ke.ter,3,FFF,4,TRUE
муштра,muʃtra,muʃt.ra,2,FF,4,TRUE
муштук,muʃtuk,muʃ.tuk,2,FF,2,TRUE
мӳклет,myklet,myk.let,2,FF,1,TRUE
мӳшенкӗр,myʃenkør,my.ʃen.kør,3,FFR,1,TRUE
мыма,mʉma,mʉ.ma,2,FF,,FALSE
мыскара,mʉskara,mʉs.ka.ra,3,FFF,370,TRUE
мыскаралла,mʉskaralla,mʉs.ka.ral.la,4,FFFF,14,TRUE
мыскараллӑ,mʉskarallɵ,mʉs.ka.ral.lɵ,4,FFFR,41,TRUE
мыскараҫӑ,mʉskaraɕɵ,mʉs.ka.ra.ɕɵ,4,FFFR,45,TRUE
мыть,mʉtʲ,mʉtʲ,1,F,5,TRUE
мышьяк,mʉʃʲjak,mʉʃʲ.jak,2,FF,7,TRUE
мышьяклӑ,mʉʃʲjaklɵ,mʉʃʲ.jak.lɵ,3,FFR,2,TRUE
мэр,mer,mer,1,F,132,TRUE
мэри,meri,me.ri,2,FF,254,TRUE
мяук,mjauk,mja.uk,2,FF,10,TRUE
мяуклат,mjauklat,mja.uk.lat,3,FFF,,FALSE
на,na,na,1,F,3173,TRUE
навус,naʋus,na.ʋus,2,FF,62,TRUE
навусла,naʋusla,na.ʋus.la,3,FFF,,FALSE
навуслан,naʋuslan,na.ʋus.lan,3,FFF,,FALSE
най,naj,naj,1,F,28,TRUE
накас,nakas,na.kas,2,FF,2,TRUE
наклат,naklat,nak.lat,2,FF,4,TRUE
наклӑх,naklɵx,nak.lɵx,2,FR,,FALSE
налет,nalet,na.let,2,FF,2,TRUE
налив,naliʋ,na.liʋ,2,FF,1,TRUE
наливка,naliʋka,na.liʋ.ka,3,FFF,,FALSE
налук,naluk,na.luk,2,FF,733,TRUE
намас,namas,na.mas,2,FF,13,TRUE
намӑс,namɵs,na.mɵs,2,FR,2004,TRUE
намӑссимӗс,namɵssimøs,na.mɵs.si.møs,4,FRFR,3,TRUE
намӑссимӗссӗр,namɵssimøssør,na.mɵs.si.møs.sør,5,FRFRR,,FALSE
намӑслан,namɵslan,na.mɵs.lan,3,FRF,6,TRUE
намӑслантар,namɵslantar,na.mɵs.lan.tar,4,FRFF,7,TRUE
намӑслӑ,namɵslɵ,na.mɵs.lɵ,3,FRR,10,TRUE
намӑслӑх,namɵslɵx,na.mɵs.lɵx,3,FRR,26,TRUE
намӑссӑр,namɵssɵr,na.mɵs.sɵr,3,FRR,225,TRUE
намӑссӑрла,namɵssɵrla,na.mɵs.sɵr.la,4,FRRF,3,TRUE
намӑссӑрлан,namɵssɵrlan,na.mɵs.sɵr.lan,4,FRRF,,FALSE
намӑссӑрлӑх,namɵssɵrlɵx,na.mɵs.sɵr.lɵx,4,FRRR,9,TRUE
наместник,namestnik,na.mest.nik,3,FFF,28,TRUE
нана,nana,na.na,2,FF,23,TRUE
нанчӑк,nantɕɵk,nan.tɕɵk,2,FR,1,TRUE
напалм,napalm,na.palm,2,FF,,FALSE
напалмлӑ,napalmlɵ,na.palm.lɵ,3,FFR,,FALSE
направлени,napraʋleni,nap.raʋ.le.ni,4,FFFF,90,TRUE
нар,nar,nar,1,F,291,TRUE
нараста,narasta,na.ras.ta,3,FFF,15,TRUE
нарастаран,narastaran,na.ras.ta.ran,4,FFFF,13,TRUE
нарат,narat,na.rat,2,FF,55,TRUE
нарӑс,narɵs,na.rɵs,2,FR,1649,TRUE
наречи,naretɕi,na.re.tɕi,3,FFF,8,TRUE
наркӑмӑш,narkɵmɵʃ,nar.kɵ.mɵʃ,3,FRR,369,TRUE
наркӑмӑшла,narkɵmɵʃla,nar.kɵ.mɵʃ.la,4,FRRF,5,TRUE
наркӑмӑшлан,narkɵmɵʃlan,nar.kɵ.mɵʃ.lan,4,FRRF,10,TRUE
наркӑмӑшлантар,narkɵmɵʃlantar,nar.kɵ.mɵʃ.lan.tar,5,FRRFF,,FALSE
наркӑмӑшлӑ,narkɵmɵʃlɵ,nar.kɵ.mɵʃ.lɵ,4,FRRR,278,TRUE
наркӑмӑшсӑр,narkɵmɵʃsɵr,nar.kɵ.mɵʃ.sɵr,4,FRRR,3,TRUE
нарлан,narlan,nar.lan,2,FF,1,TRUE
нарт,nart,nart,1,F,67,TRUE
нарта,narta,nar.ta,2,FF,3,TRUE
нартӑван,nartɵʋan,nar.tɵ.ʋan,3,FRF,6,TRUE
нартлат,nartlat,nart.lat,2,FF,3,TRUE
нартлаттар,nartlattar,nart.lat.tar,3,FFF,,FALSE
наруш,naruʃ,na.ruʃ,2,FF,,FALSE
насейка,nasejka,na.sej.ka,3,FFF,,FALSE
наставниклӑх,nastaʋniklɵx,nas.taʋ.nik.lɵx,4,FFFR,,FALSE
наструк,nastruk,nast.ruk,2,FF,2,TRUE
наструкла,nastrukla,nast.ruk.la,3,FFF,,FALSE
насус,nasus,na.sus,2,FF,79,TRUE
наҫилкка,naɕilkka,na.ɕilk.ka,3,FFF,43,TRUE
натӑрт,natɵrt,na.tɵrt,2,FR,1,TRUE
натӑртат,natɵrtat,na.tɵr.tat,3,FRF,,FALSE
натӑртаттар,natɵrtattar,na.tɵr.tat.tar,4,FRFF,,FALSE
натри,natri,nat.ri,2,FF,50,TRUE
натриллӗ,natrillø,nat.ril.lø,3,FFR,,FALSE
натура,natura,na.tu.ra,3,FFF,8,TRUE
натуралист,naturalist,na.tu.ra.list,4,FFFF,5,TRUE
натурӑллӑ,naturɵllɵ,na.tu.rɵl.lɵ,4,FFRR,2,TRUE
наука,nauka,na.u.ka,3,FFF,1733,TRUE
наушник,nauʃnik,na.uʃ.nik,3,FFF,26,TRUE
нахак,naxak,na.xak,2,FF,2,TRUE
нахра,naxra,nax.ra,2,FF,5,TRUE
нач,natɕ,natɕ,1,F,11,TRUE
начальник,natɕalʲnik,na.tɕalʲ.nik,3,FFF,403,TRUE
начальникла,natɕalʲnikla,na.tɕalʲ.nik.la,4,FFFF,,FALSE
начар,natɕar,na.tɕar,2,FF,2428,TRUE
начарнӗчӗр,natɕarnøtɕør,na.tɕar.nø.tɕør,4,FFRR,,FALSE
начаркка,natɕarkka,na.tɕark.ka,3,FFF,29,TRUE
начарлан,natɕarlan,na.tɕar.lan,3,FFF,2,TRUE
начарлантар,natɕarlantar,na.tɕar.lan.tar,4,FFFF,,FALSE
начарлат,natɕarlat,na.tɕar.lat,3,FFF,,FALSE
начарлӑх,natɕarlɵx,na.tɕar.lɵx,3,FFR,1,TRUE
начӑртат,natɕɵrtat,na.tɕɵr.tat,3,FRF,,FALSE
начка,natɕka,natɕ.ka,2,FF,1,TRUE
начкамас,natɕkamas,natɕ.ka.mas,3,FFF,1,TRUE
начлат,natɕlat,natɕ.lat,2,FF,1,TRUE
начлаттар,natɕlattar,natɕ.lat.tar,3,FFF,,FALSE
наччас,natɕtɕas,natɕ.tɕas,2,FF,86,TRUE
наччаслӑха,natɕtɕaslɵxa,natɕ.tɕas.lɵ.xa,4,FFRF,33,TRUE
наччасра,natɕtɕasra,natɕ.tɕas.ra,3,FFF,41,TRUE
наш,naʃ,naʃ,1,F,108,TRUE
нашатырь,naʃatʉrʲ,na.ʃa.tʉrʲ,3,FFF,64,TRUE
нашлат,naʃlat,naʃ.lat,2,FF,,FALSE
нашлаттар,naʃlattar,naʃ.lat.tar,3,FFF,,FALSE
нашт,naʃt,naʃt,1,F,,FALSE
наян,najan,na.jan,2,FF,155,TRUE
наянлан,najanlan,na.jan.lan,3,FFF,,FALSE
наянлантар,najanlantar,na.jan.lan.tar,4,FFFF,,FALSE
наянлӑх,najanlɵx,na.jan.lɵx,3,FFR,20,TRUE
наяннӑн,najannɵn,na.jan.nɵn,3,FFR,3,TRUE
нӑй,nɵj,nɵj,1,R,104,TRUE
нӑйнай,nɵjnaj,nɵj.naj,2,RF,,FALSE
нӑйӑклат,nɵjɵklat,nɵ.jɵk.lat,3,RRF,,FALSE
нӑйӑлтат,nɵjɵltat,nɵ.jɵl.tat,3,RRF,1,TRUE
нӑйӑлтаттар,nɵjɵltattar,nɵ.jɵl.tat.tar,4,RRFF,,FALSE
нӑйӑлти,nɵjɵlti,nɵ.jɵl.ti,3,RRF,9,TRUE
нӑйка,nɵjka,nɵj.ka,2,RF,1,TRUE
нӑйкӑш,nɵjkɵʃ,nɵj.kɵʃ,2,RR,34,TRUE
нӑйкӑшка,nɵjkɵʃka,nɵj.kɵʃ.ka,3,RRF,,FALSE
нӑйкӑшлӑх,nɵjkɵʃlɵx,nɵj.kɵʃ.lɵx,3,RRR,1,TRUE
нӑйкӑштар,nɵjkɵʃtar,nɵj.kɵʃ.tar,3,RRF,,FALSE
нӑйкӑшу,nɵjkɵʃu,nɵj.kɵ.ʃu,3,RRF,1,TRUE
нӑйкӑшуллӑ,nɵjkɵʃullɵ,nɵj.kɵ.ʃul.lɵ,4,RRFR,2,TRUE
нӑйла,nɵjla,nɵj.la,2,RF,2,TRUE
нӑйлат,nɵjlat,nɵj.lat,2,RF,1,TRUE
нӑйлаттар,nɵjlattar,nɵj.lat.tar,3,RFF,2,TRUE
нӑк,nɵk,nɵk,1,R,20,TRUE
нӑкӑ,nɵkɵ,nɵ.kɵ,2,RR,52,TRUE
нӑкӑлтат,nɵkɵltat,nɵ.kɵl.tat,3,RRF,,FALSE
нӑкӑт,nɵkɵt,nɵ.kɵt,2,RR,11,TRUE
нӑклаттар,nɵklattar,nɵk.lat.tar,3,RFF,,FALSE
нӑклӑх,nɵklɵx,nɵk.lɵx,2,RR,2,TRUE
нӑр,nɵr,nɵr,1,R,21,TRUE
нӑрӑ,nɵrɵ,nɵ.rɵ,2,RR,130,TRUE
нӑрӑк,nɵrɵk,nɵ.rɵk,2,RR,4,TRUE
нӑрӑклат,nɵrɵklat,nɵ.rɵk.lat,3,RRF,,FALSE
нӑрӑлтат,nɵrɵltat,nɵ.rɵl.tat,3,RRF,,FALSE
нӑрик,nɵrik,nɵ.rik,2,RF,38,TRUE
нӑриклет,nɵriklet,nɵ.rik.let,3,RFF,2,TRUE
нӑрла,nɵrla,nɵr.la,2,RF,2,TRUE
нӑрлат,nɵrlat,nɵr.lat,2,RF,21,TRUE
нӑрлаттар,nɵrlattar,nɵr.lat.tar,3,RFF,,FALSE
нӑрт,nɵrt,nɵrt,1,R,9,TRUE
нӑтӑр,nɵtɵr,nɵ.tɵr,2,RR,20,TRUE
нӑтӑрт,nɵtɵrt,nɵ.tɵrt,2,RR,30,TRUE
нӑтӑртат,nɵtɵrtat,nɵ.tɵr.tat,3,RRF,,FALSE
нӑтӑртаттар,nɵtɵrtattar,nɵ.tɵr.tat.tar,4,RRFF,,FALSE
нӑх,nɵx,nɵx,1,R,12,TRUE
нӑхта,nɵxta,nɵx.ta,2,RF,18,TRUE
нӑхтала,nɵxtala,nɵx.ta.la,3,RFF,,FALSE
нӑч,nɵtɕ,nɵtɕ,1,R,12,TRUE
нӑчӑк,nɵtɕɵk,nɵ.tɕɵk,2,RR,5,TRUE
нӑчӑрт,nɵtɕɵrt,nɵ.tɕɵrt,2,RR,2,TRUE
нӑчӑртат,nɵtɕɵrtat,nɵ.tɕɵr.tat,3,RRF,,FALSE
нӑчӑртаттар,nɵtɕɵrtattar,nɵ.tɕɵr.tat.tar,4,RRFF,,FALSE
нӑчлат,nɵtɕlat,nɵtɕ.lat,2,RF,,FALSE
нӑчлаттар,nɵtɕlattar,nɵtɕ.lat.tar,3,RFF,,FALSE
нӑш,nɵʃ,nɵʃ,1,R,160,TRUE
нӑшӑк,nɵʃɵk,nɵ.ʃɵk,2,RR,8,TRUE
нӑшӑкла,nɵʃɵkla,nɵ.ʃɵk.la,3,RRF,,FALSE
нӑшӑклат,nɵʃɵklat,nɵ.ʃɵk.lat,3,RRF,,FALSE
нӑшӑклаттар,nɵʃɵklattar,nɵ.ʃɵk.lat.tar,4,RRFF,,FALSE
нӑшӑлкка,nɵʃɵlkka,nɵ.ʃɵlk.ka,3,RRF,,FALSE
нӑшлат,nɵʃlat,nɵʃ.lat,2,RF,,FALSE
нӑшлаттар,nɵʃlattar,nɵʃ.lat.tar,3,RFF,,FALSE
нӑшт,nɵʃt,nɵʃt,1,R,6,TRUE
нӑштлат,nɵʃtlat,nɵʃt.lat,2,RF,,FALSE
нӑштлаттар,nɵʃtlattar,nɵʃt.lat.tar,3,RFF,,FALSE
неврастени,neʋrasteni,neʋ.ras.te.ni,4,FFFF,1,TRUE
неврастении,neʋrastenii,neʋ.ras.te.ni.i,5,FFFFF,,FALSE
неврастеник,neʋrastenik,neʋ.ras.te.nik,4,FFFF,1,TRUE
неврастениллӗ,neʋrastenillø,neʋ.ras.te.nil.lø,5,FFFFR,,FALSE
нейтралитет,nejtralitet,nejt.ra.li.tet,4,FFFF,6,TRUE
нейтраллӑ,nejtrallɵ,nejt.ral.lɵ,3,FFR,20,TRUE
нейтраллӑх,nejtrallɵx,nejt.ral.lɵx,3,FFR,,FALSE
неккес,nekkes,nek.kes,2,FF,1,TRUE
нектар,nektar,nek.tar,2,FF,24,TRUE
нелет,nelet,ne.let,2,FF,1,TRUE
ненай,nenaj,ne.naj,2,FF,54,TRUE
ненне,nenne,nen.ne,2,FF,,FALSE
непӗс,nepøs,ne.pøs,2,FR,3,TRUE
непӗслен,nepøslen,ne.pøs.len,3,FRF,1,TRUE
непӗссӗр,nepøssør,ne.pøs.sør,3,FRR,5,TRUE
непӗссӗрлӗх,nepøssørløx,ne.pøs.sør.løx,4,FRRR,1,TRUE
нерв,nerʋ,nerʋ,1,F,312,TRUE
нервен,nerʋen,ner.ʋen,2,FF,,FALSE
нерет,neret,ne.ret,2,FF,,FALSE
нерпа,nerpa,ner.pa,2,FF,3,TRUE
несӗл,nesøl,ne.søl,2,FR,257,TRUE
несӗллӗ,nesøllø,ne.søl.lø,3,FRR,1,TRUE
несӗллӗх,nesølløx,ne.søl.løx,3,FRR,18,TRUE
несӗлсӗр,nesølsør,ne.søl.sør,3,FRR,1,TRUE
нехек,nexek,ne.xek,2,FF,2,TRUE
нехекрен,nexekren,ne.xek.ren,3,FFF,14,TRUE
неччу,netɕtɕu,netɕ.tɕu,2,FF,16,TRUE
нӗр,nør,nør,1,R,15,TRUE
нӗрккес,nørkkes,nørk.kes,2,RF,,FALSE
нӗрле,nørle,nør.le,2,RF,4,TRUE
нӗрлен,nørlen,nør.len,2,RF,,FALSE
нӗрлӗ,nørlø,nør.lø,2,RR,4,TRUE
нӗрсӗр,nørsør,nør.sør,2,RR,101,TRUE
нӗрсӗрлен,nørsørlen,nør.sør.len,3,RRF,,FALSE
нӗрсӗрлентер,nørsørlenter,nør.sør.len.ter,4,RRFF,,FALSE
нӗрсӗрлет,nørsørlet,nør.sør.let,3,RRF,,FALSE
нӗрсӗрлӗх,nørsørløx,nør.sør.løx,3,RRR,6,TRUE
нӗрсӗррӗн,nørsørrøn,nør.sør.røn,3,RRR,10,TRUE
нӗртте,nørtte,nørt.te,2,RF,,FALSE
нӗрттемес,nørttemes,nørt.te.mes,3,RFF,,FALSE
нӗсӗлкке,nøsølkke,nø.sølk.ke,3,RRF,,FALSE
ни,ni,ni,1,F,2627,TRUE
нивелир,niʋelir,ni.ʋe.lir,3,FFF,,FALSE
нивушлӗ,niʋuʃlø,ni.ʋuʃ.lø,3,FFR,1259,TRUE
ниепле,nieple,ni.ep.le,3,FFF,2559,TRUE
никам,nikam,ni.kam,2,FF,9513,TRUE
никелле,nikelle,ni.kel.le,3,FFF,,FALSE
никель,nikelʲ,ni.kelʲ,2,FF,10,TRUE
никӗс,nikøs,ni.køs,2,FR,506,TRUE
никӗсле,nikøsle,ni.køs.le,3,FRF,1,TRUE
никӗслевҫӗ,nikøsleʋɕø,ni.køs.leʋ.ɕø,4,FRFR,2,TRUE
никӗслен,nikøslen,ni.køs.len,3,FRF,1,TRUE
никрес,nikres,nik.res,2,FF,4,TRUE
никреслен,nikreslen,nik.res.len,3,FFF,,FALSE
никрут,nikrut,nik.rut,2,FF,32,TRUE
ним,nim,nim,1,F,12024,TRUE
ниме,nime,ni.me,2,FF,1248,TRUE
нимеке,nimeke,ni.me.ke,3,FFF,,FALSE
нимекелен,nimekelen,ni.me.ke.len,4,FFFF,,FALSE
нимекелентер,nimekelenter,ni.me.ke.len.ter,5,FFFFF,,FALSE
нимӗн,nimøn,ni.møn,2,FR,10984,TRUE
нимӗнле,nimønle,ni.møn.le,3,FRF,3009,TRUE
нимӗнсӗрех,nimønsørex,ni.møn.sø.rex,4,FRRF,7,TRUE
нимӗр,nimør,ni.mør,2,FR,169,TRUE
нимӗрӗл,nimørøl,ni.mø.røl,3,FRR,,FALSE
нимӗрле,nimørle,ni.mør.le,3,FRF,4,TRUE
нимӗҫ,nimøɕ,ni.møɕ,2,FR,2319,TRUE
нимӗҫле,nimøɕle,ni.møɕ.le,3,FRF,322,TRUE
нимле,nimle,nim.le,2,FF,1387,TRUE
нимпе,nimpe,nim.pe,2,FF,451,TRUE
нимсӗрех,nimsørex,nim.sø.rex,3,FRF,83,TRUE
нимскер,nimsker,nims.ker,2,FF,71,TRUE
нимскерле,nimskerle,nims.ker.le,3,FFF,,FALSE
ниппель,nippelʲ,nip.pelʲ,2,FF,,FALSE
нирке,nirke,nir.ke,2,FF,2,TRUE
нисамай,nisamaj,ni.sa.maj,3,FFF,,FALSE
ниҫта,niɕta,niɕ.ta,2,FF,4202,TRUE
ниҫталла,niɕtalla,niɕ.tal.la,3,FFF,160,TRUE
ниҫталлисӗр,niɕtallisør,niɕ.tal.li.sør,4,FFFR,1,TRUE
ниҫтан,niɕtan,niɕ.tan,2,FF,181,TRUE
ниҫти,niɕti,niɕ.ti,2,FF,11,TRUE
нитрат,nitrat,nit.rat,2,FF,32,TRUE
ниушлӗ,niuʃlø,ni.uʃ.lø,3,FFR,114,TRUE
нихак,nixak,ni.xak,2,FF,2,TRUE
нихӑҫан,nixɵɕan,ni.xɵ.ɕan,3,FRF,5766,TRUE
нихӑш,nixɵʃ,ni.xɵʃ,2,FR,548,TRUE
нихҫан,nixɕan,nix.ɕan,2,FF,3968,TRUE
нихҫанхинчен,nixɕanxintɕen,nix.ɕan.xin.tɕen,4,FFFF,322,TRUE
ниш,niʃ,niʃ,1,F,16,TRUE
нишлен,niʃlen,niʃ.len,2,FF,1,TRUE
нишлӗ,niʃlø,niʃ.lø,2,FR,93,TRUE
нишлӗх,niʃløx,niʃ.løx,2,FR,12,TRUE
ннмӗр,nnmør,nnmør,1,R,,FALSE
ну,nu,nu,1,F,6324,TRUE
нуккӑ,nukkɵ,nuk.kɵ,2,FR,25,TRUE
нуль,nulʲ,nulʲ,1,F,75,TRUE
нумай,numaj,nu.maj,2,FF,34441,TRUE
нумайӑн,numajɵn,nu.ma.jɵn,3,FFR,299,TRUE
нумайӑшӗ,numajɵʃø,nu.ma.jɵ.ʃø,4,FFRR,1951,TRUE
нумайлан,numajlan,nu.maj.lan,3,FFF,,FALSE
нумайлантар,numajlantar,nu.maj.lan.tar,4,FFFF,1,TRUE
нумайлат,numajlat,nu.maj.lat,3,FFF,,FALSE
нумайлӑ,numajlɵ,nu.maj.lɵ,3,FFR,85,TRUE
нумайлӑх,numajlɵx,nu.maj.lɵx,3,FFR,34,TRUE
нумайлӑха,numajlɵxa,nu.maj.lɵ.xa,4,FFRF,301,TRUE
нумайран,numajran,nu.maj.ran,3,FFF,73,TRUE
нумайранпа,numajranpa,nu.maj.ran.pa,4,FFFF,205,TRUE
нумайрахӑшӗ,numajraxɵʃø,nu.maj.ra.xɵ.ʃø,5,FFFRR,4,TRUE
нумайраххӑн,numajraxxɵn,nu.maj.rax.xɵn,4,FFFR,1,TRUE
нумайтараххӑн,numajtaraxxɵn,nu.maj.ta.rax.xɵn,5,FFFFR,,FALSE
нумайччен,numajtɕtɕen,nu.majtɕ.tɕen,3,FFF,786,TRUE
нумайшар,numajʃar,nu.maj.ʃar,3,FFF,10,TRUE
нумайшарӑн,numajʃarɵn,nu.maj.ʃa.rɵn,4,FFFR,,FALSE
нурӑс,nurɵs,nu.rɵs,2,FR,172,TRUE
нуски,nuski,nus.ki,2,FF,337,TRUE
нутри,nutri,nut.ri,2,FF,1,TRUE
нухай,nuxaj,nu.xaj,2,FF,148,TRUE
нухайкка,nuxajkka,nu.xajk.ka,3,FFF,27,TRUE
нухӑт,nuxɵt,nu.xɵt,2,FR,9,TRUE
нухрат,nuxrat,nux.rat,2,FF,673,TRUE
нучка,nutɕka,nutɕ.ka,2,FF,,FALSE
нуша,nuʃa,nu.ʃa,2,FF,1029,TRUE
нушалан,nuʃalan,nu.ʃa.lan,3,FFF,15,TRUE
нушалантар,nuʃalantar,nu.ʃa.lan.tar,4,FFFF,2,TRUE
нушалӑх,nuʃalɵx,nu.ʃa.lɵx,3,FFR,3,TRUE
нушаллӑ,nuʃallɵ,nu.ʃal.lɵ,3,FFR,239,TRUE
нушник,nuʃnik,nuʃ.nik,2,FF,14,TRUE
нушта,nuʃta,nuʃ.ta,2,FF,16,TRUE
нӳлеке,nyleke,ny.le.ke,3,FFF,1,TRUE
нӳлекелен,nylekelen,ny.le.ke.len,4,FFFF,,FALSE
нӳр,nyr,nyr,1,F,67,TRUE
нӳрел,nyrel,ny.rel,2,FF,,FALSE
нӳрет,nyret,ny.ret,2,FF,8,TRUE
нӳрӗ,nyrø,ny.rø,2,FR,346,TRUE
нӳрӗк,nyrøk,ny.røk,2,FR,283,TRUE
нӳрӗклӗх,nyrøkløx,ny.røk.løx,3,FRR,22,TRUE
нӳрӗлле,nyrølle,ny.røl.le,3,FRF,,FALSE
нӳрле,nyrle,nyr.le,2,FF,2,TRUE
нӳрлен,nyrlen,nyr.len,2,FF,,FALSE
нӳрлентер,nyrlenter,nyr.len.ter,3,FFF,,FALSE
нӳрлет,nyrlet,nyr.let,2,FF,,FALSE
нӳрлӗ,nyrlø,nyr.lø,2,FR,241,TRUE
нӳрлӗх,nyrløx,nyr.løx,2,FR,7,TRUE
нӳс,nys,nys,1,F,1,TRUE
нӳслен,nyslen,nys.len,2,FF,,FALSE
нӳслентер,nyslenter,nys.len.ter,3,FFF,,FALSE
нӳслӗ,nyslø,nys.lø,2,FR,3,TRUE
нӳхреп,nyxrep,nyx.rep,2,FF,209,TRUE
нӳххи,nyxxi,nyx.xi,2,FF,,FALSE
нэп,nep,nep,1,F,26,TRUE
нэпман,nepman,nep.man,2,FF,3,TRUE
няня,njanja,njan.ja,2,FFFF,91,TRUE
ням,njam,njam,1,F,23,TRUE
нянька,njanʲka,njanʲ.ka,2,FF,4,TRUE
няхха,njaxxa,njax.xa,2,FF,6,TRUE
па,pa,pa,1,F,1539,TRUE
павар,paʋar,pa.ʋar,2,FF,19,TRUE
павартла,paʋartla,pa.ʋart.la,3,FFF,,FALSE
павӑшка,paʋɵʃka,pa.ʋɵʃ.ka,3,FRF,,FALSE
павиан,paʋian,pa.ʋi.an,3,FFF,4,TRUE
павра,paʋra,paʋ.ra,2,FF,12,TRUE
павуска,paʋuska,pa.ʋus.ka,3,FFF,,FALSE
паек,paek,pa.ek,2,FF,26,TRUE
пай,paj,paj,1,F,1415,TRUE
пайӑнпайӑн,pajɵnpajɵn,pa.jɵn.pa.jɵn,4,FRFR,1,TRUE
пайӑр,pajɵr,pa.jɵr,2,FR,238,TRUE
пайӑрка,pajɵrka,pa.jɵr.ka,3,FRF,82,TRUE
пайӑркала,pajɵrkala,pa.jɵr.ka.la,4,FRFF,,FALSE
пайӑркалан,pajɵrkalan,pa.jɵr.ka.lan,4,FRFF,,FALSE
пайӑркаллӑ,pajɵrkallɵ,pa.jɵr.kal.lɵ,4,FRFR,9,TRUE
пайӑрканпайӑркан,pajɵrkanpajɵrkan,pa.jɵr.kan.pa.jɵr.kan,6,FRFFRF,,FALSE
пайӑрла,pajɵrla,pa.jɵr.la,3,FRF,1,TRUE
пайӑррӑн,pajɵrrɵn,pa.jɵr.rɵn,3,FRR,69,TRUE
пайӑрт,pajɵrt,pa.jɵrt,2,FR,1,TRUE
пайккал,pajkkal,pajk.kal,2,FF,5,TRUE
пайкучек,pajkutɕek,paj.ku.tɕek,3,FFF,,FALSE
пайкуш,pajkuʃ,paj.kuʃ,2,FF,3,TRUE
пайла,pajla,paj.la,2,FF,19,TRUE
пайлав,pajlaʋ,paj.laʋ,2,FF,,FALSE
пайлаканни,pajlakanni,paj.la.kan.ni,4,FFFF,2,TRUE
пайлан,pajlan,paj.lan,2,FF,4,TRUE
пайланаканни,pajlanakanni,paj.la.na.kan.ni,5,FFFFF,1,TRUE
пайлану,pajlanu,paj.la.nu,3,FFF,11,TRUE
пайлаттар,pajlattar,paj.lat.tar,3,FFF,,FALSE
пайлаш,pajlaʃ,paj.laʃ,2,FF,2,TRUE
пайлашу,pajlaʃu,paj.la.ʃu,3,FFF,,FALSE
пайлӑ,pajlɵ,paj.lɵ,2,FR,200,TRUE
пайралан,pajralan,paj.ra.lan,3,FFF,,FALSE
пайта,pajta,paj.ta,2,FF,105,TRUE
пайталан,pajtalan,paj.ta.lan,3,FFF,,FALSE
пайталӑх,pajtalɵx,paj.ta.lɵx,3,FFR,4,TRUE
пайталла,pajtalla,paj.tal.la,3,FFF,1,TRUE
пайталлӑ,pajtallɵ,paj.tal.lɵ,3,FFR,21,TRUE
пайтах,pajtax,paj.tax,2,FF,1540,TRUE
пайтахӑшӗ,pajtaxɵʃø,paj.ta.xɵ.ʃø,4,FFRR,12,TRUE
пайтахран,pajtaxran,paj.tax.ran,3,FFF,2,TRUE
пайтахранпа,pajtaxranpa,paj.tax.ran.pa,4,FFFF,15,TRUE
пайтаххӑн,pajtaxxɵn,paj.tax.xɵn,3,FFR,1,TRUE
пайтахчен,pajtaxtɕen,paj.tax.tɕen,3,FFF,36,TRUE
пайтахшар,pajtaxʃar,paj.tax.ʃar,3,FFF,,FALSE
пайташ,pajtaʃ,paj.taʃ,2,FF,64,TRUE
пак,pak,pak,1,F,84,TRUE
пакалчамас,pakaltɕamas,pa.kal.tɕa.mas,4,FFFF,1,TRUE
пакапар,pakapar,pa.ka.par,3,FFF,2,TRUE
пакарта,pakarta,pa.kar.ta,3,FFF,27,TRUE
пакартамас,pakartamas,pa.kar.ta.mas,4,FFFF,,FALSE
пакартан,pakartan,pa.kar.tan,3,FFF,6,TRUE
пакӑлпакӑл,pakɵlpakɵl,pa.kɵl.pa.kɵl,4,FRFR,,FALSE
пакӑлтат,pakɵltat,pa.kɵl.tat,3,FRF,20,TRUE
пакӑлти,pakɵlti,pa.kɵl.ti,3,FRF,31,TRUE
пакӑлчак,pakɵltɕak,pa.kɵl.tɕak,3,FRF,20,TRUE
пакӑр,pakɵr,pa.kɵr,2,FFRR,3,TRUE
пакӑртат,pakɵrtat,pa.kɵr.tat,3,FRF,,FALSE
пакӑҫ,pakɵɕ,pa.kɵɕ,2,FR,40,TRUE
пакет,paket,pa.ket,2,FF,90,TRUE
пакетла,paketla,pa.ket.la,3,FFF,,FALSE
пакка,pakka,pak.ka,2,FF,20,TRUE
паккал,pakkal,pak.kal,2,FF,1,TRUE
паккус,pakkus,pak.kus,2,FF,53,TRUE
паклат,paklat,pak.lat,2,FF,,FALSE
паклаттар,paklattar,pak.lat.tar,3,FFF,2,TRUE
пакрас,pakras,pak.ras,2,FF,,FALSE
паксӑр,paksɵr,pak.sɵr,2,FR,3,TRUE
пакт,pakt,pakt,1,F,3,TRUE
пакун,pakun,pa.kun,2,FF,24,TRUE
пакур,pakur,pa.kur,2,FF,42,TRUE
пакша,pakʃa,pak.ʃa,2,FF,264,TRUE
пал,pal,pal,1,F,288,TRUE
палан,palan,pa.lan,2,FF,431,TRUE
паланлӑх,palanlɵx,pa.lan.lɵx,3,FFR,1,TRUE
палас,palas,pa.las,2,FF,149,TRUE
палат,palat,pa.lat,2,FF,6,TRUE
палата,palata,pa.la.ta,3,FFF,154,TRUE
палатка,palatka,pa.lat.ka,3,FFF,112,TRUE
палач,palatɕ,pa.latɕ,2,FF,22,TRUE
палашу,palaʃu,pa.la.ʃu,3,FFF,,FALSE
палӑк,palɵk,pa.lɵk,2,FR,1816,TRUE
палӑр,palɵr,pa.lɵr,2,FR,6,TRUE
палӑрӑм,palɵrɵm,pa.lɵ.rɵm,3,FRR,11,TRUE
палӑрмалла,palɵrmalla,pa.lɵr.mal.la,4,FRFF,137,TRUE
палӑрмаллах,palɵrmallax,pa.lɵr.mal.lax,4,FRFF,505,TRUE
палӑрт,palɵrt,pa.lɵrt,2,FR,40,TRUE
палӑрттар,palɵrttar,pa.lɵrt.tar,3,FRF,,FALSE
палӑрту,palɵrtu,pa.lɵr.tu,3,FRF,76,TRUE
палӑртуллӑ,palɵrtullɵ,pa.lɵr.tul.lɵ,4,FRFR,42,TRUE
палӑру,palɵru,pa.lɵ.ru,3,FRF,,FALSE
палитра,palitra,pa.lit.ra,3,FFF,13,TRUE
палка,palka,pal.ka,2,FF,42,TRUE
палкавҫӑ,palkaʋɕɵ,pal.kaʋ.ɕɵ,3,FFR,2,TRUE
палкам,palkam,pal.kam,2,FF,,FALSE
палкат,palkat,pal.kat,2,FF,,FALSE
палкаттар,palkattar,pal.kat.tar,3,FFF,,FALSE
палла,palla,pal.la,2,FF,245,TRUE
паллаттар,pallattar,pal.lat.tar,3,FFF,,FALSE
паллах,pallax,pal.lax,2,FF,12226,TRUE
паллаш,pallaʃ,pal.laʃ,2,FF,94,TRUE
паллаштар,pallaʃtar,pal.laʃ.tar,3,FFF,54,TRUE
паллашу,pallaʃu,pal.la.ʃu,3,FFF,407,TRUE
паллӑ,pallɵ,pal.lɵ,2,FR,20348,TRUE
паллӑлӑх,pallɵlɵx,pal.lɵ.lɵx,3,FRR,40,TRUE
паллӑллӑ,pallɵllɵ,pal.lɵl.lɵ,3,FRR,16,TRUE
паллӑмарлӑх,pallɵmarlɵx,pal.lɵ.mar.lɵx,4,FRFR,5,TRUE
паллӑн,pallɵn,pal.lɵn,2,FR,43,TRUE
палнай,palnaj,pal.naj,2,FF,65,TRUE
палт,palt,palt,1,F,135,TRUE
палтӑр,paltɵr,pal.tɵr,2,FR,43,TRUE
палтӑркка,paltɵrkka,pal.tɵrk.ka,3,FRF,,FALSE
палтӑрт,paltɵrt,pal.tɵrt,2,FR,7,TRUE
палтӑртат,paltɵrtat,pal.tɵr.tat,3,FRF,,FALSE
палтӑртаттар,paltɵrtattar,pal.tɵr.tat.tar,4,FRFF,,FALSE
палтлат,paltlat,palt.lat,2,FF,,FALSE
палтлаттар,paltlattar,palt.lat.tar,3,FFF,,FALSE
палтус,paltus,pal.tus,2,FF,5,TRUE
палчас,paltɕas,pal.tɕas,2,FF,2,TRUE
пальма,palʲma,palʲ.ma,2,FF,84,TRUE
паляскӑ,paljaskɵ,pal.jas.kɵ,3,FFR,,FALSE
пампас,pampas,pam.pas,2,FF,,FALSE
памятник,pamjatnik,pam.jat.nik,3,FFF,23,TRUE
пан,pan,pan,1,F,749,TRUE
панамар,panamar,pa.na.mar,3,FFF,1,TRUE
панамка,panamka,pa.nam.ka,3,FFF,12,TRUE
панеллӗ,panellø,pa.nel.lø,3,FFR,1,TRUE
панель,panelʲ,pa.nelʲ,2,FF,39,TRUE
паника,panika,pa.ni.ka,3,FFF,15,TRUE
паникер,paniker,pa.ni.ker,3,FFF,3,TRUE
паникерла,panikerla,pa.ni.ker.la,4,FFFF,,FALSE
паникӗрла,panikørla,pa.ni.kør.la,4,FFRF,,FALSE
панк,pank,pank,1,F,41,TRUE
панкав,pankaʋ,pan.kaʋ,2,FF,1,TRUE
панкӑлт,pankɵlt,pan.kɵlt,2,FR,1,TRUE
панкӑрт,pankɵrt,pan.kɵrt,2,FR,,FALSE
панкӑртат,pankɵrtat,pan.kɵr.tat,3,FRF,,FALSE
панккамас,pankkamas,pank.ka.mas,3,FFF,,FALSE
панклат,panklat,pank.lat,2,FF,,FALSE
панклаттар,panklattar,pank.lat.tar,3,FFF,,FALSE
панкрут,pankrut,pank.rut,2,FF,18,TRUE
панлат,panlat,pan.lat,2,FF,,FALSE
панлаттар,panlattar,pan.lat.tar,3,FFF,,FALSE
панн,pann,pann,1,F,4,TRUE
пански,panski,pans.ki,2,FF,27,TRUE
пант,pant,pant,1,F,2,TRUE
пантаккай,pantakkaj,pan.tak.kaj,3,FFF,,FALSE
панташка,pantaʃka,pan.taʃ.ka,3,FFF,1,TRUE
пантӑ,pantɵ,pan.tɵ,2,FR,4,TRUE
пантӑртат,pantɵrtat,pan.tɵr.tat,3,FRF,,FALSE
пантӑртаттар,pantɵrtattar,pan.tɵr.tat.tar,4,FRFF,1,TRUE
пантеист,panteist,pan.te.ist,3,FFF,1,TRUE
пантера,pantera,pan.te.ra,3,FFF,14,TRUE
пантлат,pantlat,pant.lat,2,FF,,FALSE
панук,panuk,pa.nuk,2,FF,,FALSE
панулми,panulmi,pa.nul.mi,3,FFF,812,TRUE
панч,pantɕ,pantɕ,1,F,3,TRUE
панча,pantɕa,pan.tɕa,2,FF,10,TRUE
панчас,pantɕas,pan.tɕas,2,FF,1,TRUE
панчӑлт,pantɕɵlt,pan.tɕɵlt,2,FR,,FALSE
папа,papa,pa.pa,2,FFFF,141,TRUE
папай,papaj,pa.paj,2,FF,153,TRUE
папак,papak,pa.pak,2,FF,17,TRUE
папаклан,papaklan,pa.pak.lan,3,FFF,,FALSE
папарняк,paparnjak,pa.parn.jak,3,FFF,,FALSE
папаха,papaxa,pa.pa.xa,3,FFF,10,TRUE
папи,papi,pa.pi,2,FF,17,TRUE
папирус,papirus,pa.pi.rus,3,FFF,5,TRUE
папка,papka,pap.ka,2,FF,153,TRUE
папкалан,papkalan,pap.ka.lan,3,FFF,1,TRUE
папкӑ,papkɵ,pap.kɵ,2,FR,3,TRUE
паппа,pappa,pap.pa,2,FF,44,TRUE
папьемаше,papʲemaʃe,pa.pʲe.ma.ʃe,4,FFFF,,FALSE
пар,par,par,1,F,4459,TRUE
пара,para,pa.ra,2,FF,157,TRUE
параличлӑ,paralitɕlɵ,pa.ra.litɕ.lɵ,4,FFFR,,FALSE
параллеллӗ,parallellø,pa.ral.lel.lø,4,FFFR,7,TRUE
параллеллӗх,parallelløx,pa.ral.lel.løx,4,FFFR,,FALSE
параллель,parallelʲ,pa.ral.lelʲ,3,FFF,5,TRUE
парамат,paramat,pa.ra.mat,3,FFF,1,TRUE
параметр,parametr,pa.ra.metr,3,FFF,5,TRUE
паранкӑ,parankɵ,pa.ran.kɵ,3,FFR,195,TRUE
парапет,parapet,pa.ra.pet,3,FFF,4,TRUE
параплан,paraplan,pa.rap.lan,3,FFF,2,TRUE
параппан,parappan,pa.rap.pan,3,FFF,298,TRUE
параппанҫӑ,parappanɕɵ,pa.rap.pan.ɕɵ,4,FFFR,23,TRUE
парашют,paraʃjut,pa.raʃ.jut,3,FFF,115,TRUE
парашютист,paraʃjutist,pa.raʃ.ju.tist,4,FFFF,10,TRUE
парашютистка,paraʃjutistka,pa.raʃ.ju.tist.ka,5,FFFFF,11,TRUE
парашютлӑ,paraʃjutlɵ,pa.raʃ.jut.lɵ,4,FFFR,6,TRUE
парӑлтат,parɵltat,pa.rɵl.tat,3,FRF,,FALSE
парӑлтаттар,parɵltattar,pa.rɵl.tat.tar,4,FRFF,,FALSE
парӑм,parɵm,pa.rɵm,2,FR,499,TRUE
парӑмлан,parɵmlan,pa.rɵm.lan,3,FRF,,FALSE
парӑмлантар,parɵmlantar,pa.rɵm.lan.tar,4,FRFF,,FALSE
парӑмлӑ,parɵmlɵ,pa.rɵm.lɵ,3,FRR,112,TRUE
парӑн,parɵn,pa.rɵn,2,FR,338,TRUE
парӑнтар,parɵntar,pa.rɵn.tar,3,FRF,7,TRUE
парӑс,parɵs,pa.rɵs,2,FR,158,TRUE
парӑслӑ,parɵslɵ,pa.rɵs.lɵ,3,FRR,42,TRUE
парик,parik,pa.rik,2,FF,27,TRUE
парикмахер,parikmaxer,pa.rik.ma.xer,4,FFFF,71,TRUE
парикмахерски,parikmaxerski,pa.rik.ma.xers.ki,5,FFFFF,22,TRUE
паритет,paritet,pa.ri.tet,3,FFF,,FALSE
париш,pariʃ,pa.riʃ,2,FF,7,TRUE
парк,park,park,1,F,472,TRUE
парка,parka,par.ka,2,FF,426,TRUE
паркалан,parkalan,par.ka.lan,3,FFF,1,TRUE
паркалантар,parkalantar,par.ka.lan.tar,4,FFFF,,FALSE
паркамас,parkamas,par.ka.mas,3,FFF,3,TRUE
паркет,parket,par.ket,2,FF,18,TRUE
паркетчик,parkettɕik,par.ket.tɕik,3,FFF,1,TRUE
парла,parla,par.la,2,FF,,FALSE
парлак,parlak,par.lak,2,FF,19,TRUE
парламент,parlament,par.la.ment,3,FFF,218,TRUE
парламентари,parlamentari,par.la.men.ta.ri,5,FFFFF,19,TRUE
парламентер,parlamenter,par.la.men.ter,4,FFFF,,FALSE
парламентлӑ,parlamentlɵ,par.la.ment.lɵ,4,FFFR,4,TRUE
парлан,parlan,par.lan,2,FF,,FALSE
парлат,parlat,par.lat,2,FF,,FALSE
парлаттар,parlattar,par.lat.tar,3,FFF,,FALSE
пармапар,parmapar,par.ma.par,3,FFF,,FALSE
парне,parne,par.ne,2,FF,3433,TRUE
парнесарне,parnesarne,par.ne.sar.ne,4,FFFF,,FALSE
парнеле,parnele,par.ne.le,3,FFF,126,TRUE
парнелӗх,parneløx,par.ne.løx,3,FFR,78,TRUE
парник,parnik,par.nik,2,FF,24,TRUE
парсак,parsak,par.sak,2,FF,,FALSE
парсаклан,parsaklan,par.sak.lan,3,FFF,,FALSE
парт,part,part,1,F,18,TRUE
парта,parta,par.ta,2,FF,582,TRUE
партактив,partaktiʋ,par.tak.tiʋ,3,FFF,1,TRUE
партас,partas,par.tas,2,FF,27,TRUE
партер,parter,par.ter,2,FF,6,TRUE
парти,parti,par.ti,2,FF,1599,TRUE
партилӗх,partiløx,par.ti.løx,3,FFR,4,TRUE
партитура,partitura,par.ti.tu.ra,4,FFFF,3,TRUE
партнер,partner,part.ner,2,FF,69,TRUE
паруилӳ,paruily,pa.ru.i.ly,4,FFFF,,FALSE
парутӑву,parutɵʋu,pa.ru.tɵ.ʋu,4,FFRF,,FALSE
парусина,parusina,pa.ru.si.na,4,FFFF,,FALSE
пархат,parxat,par.xat,2,FF,1,TRUE
пархатар,parxatar,par.xa.tar,3,FFF,169,TRUE
пархатарлӑ,parxatarlɵ,par.xa.tar.lɵ,4,FFFR,1417,TRUE
пархатарлӑн,parxatarlɵn,par.xa.tar.lɵn,4,FFFR,33,TRUE
пархатарлӑх,parxatarlɵx,par.xa.tar.lɵx,4,FFFR,51,TRUE
пархатарсӑр,parxatarsɵr,par.xa.tar.sɵr,4,FFFR,64,TRUE
пархатарсӑрлӑх,parxatarsɵrlɵx,par.xa.tar.sɵr.lɵx,5,FFFRR,1,TRUE
парча,partɕa,par.tɕa,2,FF,3,TRUE
пас,pas,pas,1,F,233,TRUE
пасар,pasar,pa.sar,2,FF,1084,TRUE
пасарлӑх,pasarlɵx,pa.sar.lɵx,3,FFR,1,TRUE
пасма,pasma,pas.ma,2,FF,7,TRUE
пасман,pasman,pas.man,2,FF,2,TRUE
пасса,passa,pas.sa,2,FF,13,TRUE
пассат,passat,pas.sat,2,FF,4,TRUE
пассив,passiʋ,pas.siʋ,2,FF,,FALSE
пассивлӑ,passiʋlɵ,pas.siʋ.lɵ,3,FFR,16,TRUE
паста,pasta,pas.ta,2,FF,47,TRUE
пастай,pastaj,pas.taj,2,FF,50,TRUE
пастар,pastar,pas.tar,2,FF,,FALSE
пастарккӑ,pastarkkɵ,pas.tark.kɵ,3,FFR,,FALSE
пастель,pastelʲ,pas.telʲ,2,FF,11,TRUE
пастернак,pasternak,pas.ter.nak,3,FFF,23,TRUE
пастила,pastila,pas.ti.la,3,FFF,11,TRUE
паструмкка,pastrumkka,past.rumk.ka,3,FFF,,FALSE
пасьянс,pasʲjans,pasʲ.jans,2,FF,,FALSE
паҫӑр,paɕɵr,pa.ɕɵr,2,FR,939,TRUE
паҫӑртанпа,paɕɵrtanpa,pa.ɕɵr.tan.pa,4,FRFF,9,TRUE
паҫӑрхи,paɕɵrxi,pa.ɕɵr.xi,3,FRF,579,TRUE
паҫма,paɕma,paɕ.ma,2,FF,8,TRUE
паҫник,paɕnik,paɕ.nik,2,FF,,FALSE
пат,pat,pat,1,F,809,TRUE
патпат,patpat,pat.pat,2,FF,1,TRUE
пата,pata,pa.ta,2,FF,5807,TRUE
патак,patak,pa.tak,2,FF,797,TRUE
паталлӑ,patallɵ,pa.tal.lɵ,3,FFR,4,TRUE
паталлӑв,patallɵʋ,pa.tal.lɵʋ,3,FFR,,FALSE
патанпаш,patanpaʃ,pa.tan.paʃ,3,FFF,3,TRUE
патӑр,patɵr,pa.tɵr,2,FR,784,TRUE
патӑрпатӑр,patɵrpatɵr,pa.tɵr.pa.tɵr,4,FRFR,,FALSE
патӑрка,patɵrka,pa.tɵr.ka,3,FRF,1,TRUE
патӑркалан,patɵrkalan,pa.tɵr.ka.lan,4,FRFF,,FALSE
патӑрт,patɵrt,pa.tɵrt,2,FR,4,TRUE
патӑртат,patɵrtat,pa.tɵr.tat,3,FRF,,FALSE
патӑртаттар,patɵrtattar,pa.tɵr.tat.tar,4,FRFF,,FALSE
патвар,patʋar,pat.ʋar,2,FF,595,TRUE
патварлан,patʋarlan,pat.ʋar.lan,3,FFF,,FALSE
патварлантар,patʋarlantar,pat.ʋar.lan.tar,4,FFFF,,FALSE
патварлат,patʋarlat,pat.ʋar.lat,3,FFF,,FALSE
патварлӑх,patʋarlɵx,pat.ʋar.lɵx,3,FFR,5,TRUE
патваррӑн,patʋarrɵn,pat.ʋar.rɵn,3,FFR,33,TRUE
патент,patent,pa.tent,2,FF,63,TRUE
патентла,patentla,pa.tent.la,3,FFF,,FALSE
патетика,patetika,pa.te.ti.ka,4,FFFF,2,TRUE
патетикӑллӑ,patetikɵllɵ,pa.te.ti.kɵl.lɵ,5,FFFRR,,FALSE
патлат,patlat,pat.lat,2,FF,,FALSE
патлаттар,patlattar,pat.lat.tar,3,FFF,2,TRUE
патман,patman,pat.man,2,FF,20,TRUE
патрак,patrak,pat.rak,2,FF,24,TRUE
патраклан,patraklan,pat.rak.lan,3,FFF,,FALSE
патраклантар,patraklantar,pat.rak.lan.tar,4,FFFF,,FALSE
патраклат,patraklat,pat.rak.lat,3,FFF,,FALSE
патриарх,patriarx,pat.ri.arx,3,FFF,169,TRUE
патриархаллӑ,patriarxallɵ,pat.ri.ar.xal.lɵ,5,FFFFR,6,TRUE
патриархаллӑх,patriarxallɵx,pat.ri.ar.xal.lɵx,5,FFFFR,,FALSE
патриархат,patriarxat,pat.ri.ar.xat,4,FFFF,3,TRUE
патруль,patrulʲ,pat.rulʲ,2,FF,167,TRUE
паттӑр,pattɵr,pat.tɵr,2,FR,3898,TRUE
паттӑрла,pattɵrla,pat.tɵr.la,3,FRF,357,TRUE
паттӑрлан,pattɵrlan,pat.tɵr.lan,3,FRF,5,TRUE
паттӑрлантар,pattɵrlantar,pat.tɵr.lan.tar,4,FRFF,,FALSE
паттӑрлат,pattɵrlat,pat.tɵr.lat,3,FRF,,FALSE
паттӑрлӑх,pattɵrlɵx,pat.tɵr.lɵx,3,FRR,699,TRUE
паттӑррӑн,pattɵrrɵn,pat.tɵr.rɵn,3,FRR,375,TRUE
патуш,patuʃ,pa.tuʃ,2,FF,,FALSE
патша,patʃa,pa.tʃa,2,FF,5965,TRUE
патшалӑх,patʃalɵx,pa.tʃa.lɵx,3,FFR,21382,TRUE
патшалла,patʃalla,pa.tʃal.la,3,FFF,8,TRUE
патьӑр,patʲɵr,pa.tʲɵr,2,FR,,FALSE
патьен,patʲen,pa.tʲen,2,FF,8,TRUE
патьер,patʲer,pa.tʲer,2,FF,,FALSE
патька,patʲka,patʲ.ka,2,FF,541,TRUE
пахпах,paxpax,pax.pax,2,FF,,FALSE
паха,paxa,pa.xa,2,FF,3103,TRUE
пахав,paxaʋ,pa.xaʋ,2,FF,,FALSE
пахала,paxala,pa.xa.la,3,FFF,1,TRUE
пахалӑх,paxalɵx,pa.xa.lɵx,3,FFR,274,TRUE
пахалӑхлӑ,paxalɵxlɵ,pa.xa.lɵx.lɵ,4,FFRR,565,TRUE
пахалӑхсӑр,paxalɵxsɵr,pa.xa.lɵx.sɵr,4,FFRR,104,TRUE
пахасӑр,paxasɵr,pa.xa.sɵr,3,FFR,3,TRUE
пахилкке,paxilkke,pa.xilk.ke,3,FFF,34,TRUE
пахла,paxla,pax.la,2,FF,,FALSE
пахмат,paxmat,pax.mat,2,FF,9,TRUE
пахматсӑр,paxmatsɵr,pax.ma.tsɵr,3,FFR,15,TRUE
пахматсӑрлан,paxmatsɵrlan,pax.ma.tsɵr.lan,4,FFRF,,FALSE
пахматтай,paxmattaj,pax.mat.taj,3,FFF,3,TRUE
пахха,paxxa,pax.xa,2,FF,2,TRUE
паххӑр,paxxɵr,pax.xɵr,2,FR,1,TRUE
пахча,paxtɕa,pax.tɕa,2,FF,3791,TRUE
пахчалӑк,paxtɕalɵk,pax.tɕa.lɵk,3,FFR,5,TRUE
пахчалӑх,paxtɕalɵx,pax.tɕa.lɵx,3,FFR,1,TRUE
пахчаҫӑ,paxtɕaɕɵ,pax.tɕa.ɕɵ,3,FFR,106,TRUE
пахчаҫимӗҫ,paxtɕaɕimøɕ,pax.tɕa.ɕi.møɕ,4,FFFR,118,TRUE
пач,patɕ,patɕ,1,F,1395,TRUE
пачӑрт,patɕɵrt,pa.tɕɵrt,2,FR,,FALSE
пачӑртат,patɕɵrtat,pa.tɕɵr.tat,3,FRF,,FALSE
пачӑшкӑ,patɕɵʃkɵ,pa.tɕɵʃ.kɵ,3,FRR,857,TRUE
пачка,patɕka,patɕ.ka,2,FF,92,TRUE
пачкала,patɕkala,patɕ.ka.la,3,FFF,,FALSE
пачкӑла,patɕkɵla,patɕ.kɵ.la,3,FRF,,FALSE
пачлат,patɕlat,patɕ.lat,2,FF,,FALSE
паш,paʃ,paʃ,1,F,122,TRUE
пашалу,paʃalu,pa.ʃa.lu,3,FFF,294,TRUE
пашка,paʃka,paʃ.ka,2,FF,67,TRUE
пашкат,paʃkat,paʃ.kat,2,FF,,FALSE
пашкаттар,paʃkattar,paʃ.kat.tar,3,FFF,,FALSE
пашлат,paʃlat,paʃ.lat,2,FF,,FALSE
пашлаттар,paʃlattar,paʃ.lat.tar,3,FFF,,FALSE
пашлик,paʃlik,paʃ.lik,2,FF,1,TRUE
пашт,paʃt,paʃt,1,F,21,TRUE
паштет,paʃtet,paʃ.tet,2,FF,6,TRUE
пашшул,paʃʃul,paʃ.ʃul,2,FF,5,TRUE
паяльник,pajalʲnik,pa.jalʲ.nik,3,FFF,7,TRUE
паян,pajan,pa.jan,2,FF,21954,TRUE
паяныран,pajanʉran,pa.ja.nʉ.ran,4,FFFF,5,TRUE
паянлӑха,pajanlɵxa,pa.jan.lɵ.xa,4,FFRF,158,TRUE
паянхи,pajanxi,pa.jan.xi,3,FFF,9907,TRUE
пӑв,pɵʋ,pɵʋ,1,R,10,TRUE
пӑван,pɵʋan,pɵ.ʋan,2,RF,163,TRUE
пӑвӑн,pɵʋɵn,pɵ.ʋɵn,2,RR,,FALSE
пӑвӑнтар,pɵʋɵntar,pɵ.ʋɵn.tar,3,RRF,,FALSE
пӑвӑнтартӳ,pɵʋɵntarty,pɵ.ʋɵn.tar.ty,4,RRFF,,FALSE
пӑвӑнчӑк,pɵʋɵntɕɵk,pɵ.ʋɵn.tɕɵk,3,RRR,4,TRUE
пӑвӑрлан,pɵʋɵrlan,pɵ.ʋɵr.lan,3,RRF,,FALSE
пӑвӑрлӑ,pɵʋɵrlɵ,pɵ.ʋɵr.lɵ,3,RRR,4,TRUE
пӑвӑрт,pɵʋɵrt,pɵ.ʋɵrt,2,RR,1,TRUE
пӑк,pɵk,pɵk,1,R,57,TRUE
пӑкпак,pɵkpak,pɵk.pak,2,RF,,FALSE
пӑка,pɵka,pɵ.ka,2,RF,1,TRUE
пӑкӑ,pɵkɵ,pɵ.kɵ,2,RR,53,TRUE
пӑкӑлпакӑл,pɵkɵlpakɵl,pɵ.kɵl.pa.kɵl,4,RRFR,,FALSE
пӑкӑлпӑкӑл,pɵkɵlpɵkɵl,pɵ.kɵl.pɵ.kɵl,4,RRRR,,FALSE
пӑкӑла,pɵkɵla,pɵ.kɵ.la,3,RRF,3,TRUE
пӑкӑлт,pɵkɵlt,pɵ.kɵlt,2,RR,3,TRUE
пӑкӑрпӑкӑр,pɵkɵrpɵkɵr,pɵ.kɵr.pɵ.kɵr,4,RRRR,,FALSE
пӑкӑртпакӑрт,pɵkɵrtpakɵrt,pɵ.kɵrt.pa.kɵrt,4,RRFR,,FALSE
пӑкӑртат,pɵkɵrtat,pɵ.kɵr.tat,3,RRF,,FALSE
пӑкӑртаттар,pɵkɵrtattar,pɵ.kɵr.tat.tar,4,RRFF,,FALSE
пӑкӑс,pɵkɵs,pɵ.kɵs,2,RR,,FALSE
пӑккипакки,pɵkkipakki,pɵk.ki.pak.ki,4,RFFF,,FALSE
пӑккин,pɵkkin,pɵk.kin,2,RF,9,TRUE
пӑклат,pɵklat,pɵk.lat,2,RF,,FALSE
пӑклаттар,pɵklattar,pɵk.lat.tar,3,RFF,,FALSE
пӑл,pɵl,pɵl,1,R,55,TRUE
пӑлан,pɵlan,pɵ.lan,2,RF,247,TRUE
пӑланҫӑ,pɵlanɕɵ,pɵ.lan.ɕɵ,3,RFR,,FALSE
пӑлатна,pɵlatna,pɵ.lat.na,3,RFF,13,TRUE
пӑлахай,pɵlaxaj,pɵ.la.xaj,3,RFF,2,TRUE
пӑлашка,pɵlaʃka,pɵ.laʃ.ka,3,RFF,,FALSE
пӑлт,pɵlt,pɵlt,1,R,22,TRUE
пӑлтпалт,pɵltpalt,pɵlt.palt,2,RF,,FALSE
пӑлтӑр,pɵltɵr,pɵl.tɵr,2,RR,191,TRUE
пӑлтӑрпалтӑр,pɵltɵrpaltɵr,pɵl.tɵr.pal.tɵr,4,RRFR,,FALSE
пӑлтӑрка,pɵltɵrka,pɵl.tɵr.ka,3,RRF,1,TRUE
пӑлтӑрт,pɵltɵrt,pɵl.tɵrt,2,RR,6,TRUE
пӑлтӑртат,pɵltɵrtat,pɵl.tɵr.tat,3,RRF,1,TRUE
пӑлтӑртаттар,pɵltɵrtattar,pɵl.tɵr.tat.tar,4,RRFF,,FALSE
пӑлтлат,pɵltlat,pɵlt.lat,2,RF,,FALSE
пӑлхав,pɵlxaʋ,pɵl.xaʋ,2,RF,493,TRUE
пӑлхавӑр,pɵlxaʋɵr,pɵl.xa.ʋɵr,3,RFR,86,TRUE
пӑлхавлӑ,pɵlxaʋlɵ,pɵl.xaʋ.lɵ,3,RFR,132,TRUE
пӑлхавлӑн,pɵlxaʋlɵn,pɵl.xaʋ.lɵn,3,RFR,13,TRUE
пӑлхавлӑх,pɵlxaʋlɵx,pɵl.xaʋ.lɵx,3,RFR,,FALSE
пӑлхавҫӑ,pɵlxaʋɕɵ,pɵl.xaʋ.ɕɵ,3,RFR,114,TRUE
пӑлхан,pɵlxan,pɵl.xan,2,RF,45,TRUE
пӑлхантар,pɵlxantar,pɵl.xan.tar,3,RFF,2,TRUE
пӑлхану,pɵlxanu,pɵl.xa.nu,3,RFF,75,TRUE
пӑлхануллӑ,pɵlxanullɵ,pɵl.xa.nul.lɵ,4,RFFR,72,TRUE
пӑлхануллӑн,pɵlxanullɵn,pɵl.xa.nul.lɵn,4,RFFR,14,TRUE
пӑлханусӑр,pɵlxanusɵr,pɵl.xa.nu.sɵr,4,RFFR,5,TRUE
пӑлханусӑрлӑх,pɵlxanusɵrlɵx,pɵl.xa.nu.sɵr.lɵx,5,RFFRR,,FALSE
пӑлханчӑк,pɵlxantɕɵk,pɵl.xan.tɕɵk,3,RFR,67,TRUE
пӑлхар,pɵlxar,pɵl.xar,2,RF,3080,TRUE
пӑлхарла,pɵlxarla,pɵl.xar.la,3,RFF,68,TRUE
пӑлхат,pɵlxat,pɵl.xat,2,RF,5,TRUE
пӑлхаттар,pɵlxattar,pɵl.xat.tar,3,RFF,,FALSE
пӑлхатуҫӑ,pɵlxatuɕɵ,pɵl.xa.tu.ɕɵ,4,RFFR,,FALSE
пӑлчав,pɵltɕaʋ,pɵl.tɕaʋ,2,RF,16,TRUE
пӑльпӑль,pɵlʲpɵlʲ,pɵlʲ.pɵlʲ,2,RR,,FALSE
пӑн,pɵn,pɵn,1,R,26,TRUE
пӑнк,pɵnk,pɵnk,1,R,10,TRUE
пӑнкӑлт,pɵnkɵlt,pɵn.kɵlt,2,RR,11,TRUE
пӑнлат,pɵnlat,pɵn.lat,2,RF,,FALSE
пӑнлаттар,pɵnlattar,pɵn.lat.tar,3,RFF,,FALSE
пӑнт,pɵnt,pɵnt,1,R,3,TRUE
пӑнтӑрпӑнтӑр,pɵntɵrpɵntɵr,pɵn.tɵr.pɵn.tɵr,4,RRRR,,FALSE
пӑнтӑртат,pɵntɵrtat,pɵn.tɵr.tat,3,RRF,,FALSE
пӑнтӑртаттар,pɵntɵrtattar,pɵn.tɵr.tat.tar,4,RRFF,,FALSE
пӑнтӑх,pɵntɵx,pɵn.tɵx,2,RR,61,TRUE
пӑнтӑхтар,pɵntɵxtar,pɵn.tɵx.tar,3,RRF,,FALSE
пӑнтлат,pɵntlat,pɵnt.lat,2,RF,,FALSE
пӑнчӑ,pɵntɕɵ,pɵn.tɕɵ,2,RR,497,TRUE
пӑнчӑпӑнчӑ,pɵntɕɵpɵntɕɵ,pɵn.tɕɵ.pɵn.tɕɵ,4,RRRR,1,TRUE
пӑнчӑллӑ,pɵntɕɵllɵ,pɵn.tɕɵl.lɵ,3,RRR,64,TRUE
пӑнчӑлт,pɵntɕɵlt,pɵn.tɕɵlt,2,RR,2,TRUE
пӑнчлат,pɵntɕlat,pɵntɕ.lat,2,RF,,FALSE
пӑпка,pɵpka,pɵp.ka,2,RF,,FALSE
пӑр,pɵr,pɵr,1,R,2569,TRUE
пӑра,pɵra,pɵ.ra,2,RF,240,TRUE
пӑравус,pɵraʋus,pɵ.ra.ʋus,3,RFF,142,TRUE
пӑрака,pɵraka,pɵ.ra.ka,3,RFF,29,TRUE
пӑрала,pɵrala,pɵ.ra.la,3,RFF,14,TRUE
пӑралан,pɵralan,pɵ.ra.lan,3,RFF,1,TRUE
пӑрам,pɵram,pɵ.ram,2,RF,5,TRUE
пӑран,pɵran,pɵ.ran,2,RF,17,TRUE
пӑранла,pɵranla,pɵ.ran.la,3,RFF,,FALSE
пӑрасна,pɵrasna,pɵ.ras.na,3,RFF,,FALSE
пӑрах,pɵrax,pɵ.rax,2,RF,598,TRUE
пӑрахӑҫ,pɵraxɵɕ,pɵ.ra.xɵɕ,3,RFR,32,TRUE
пӑрахӑҫла,pɵraxɵɕla,pɵ.ra.xɵɕ.la,4,RFRF,5,TRUE
пӑрахӑҫлан,pɵraxɵɕlan,pɵ.ra.xɵɕ.lan,4,RFRF,,FALSE
пӑрахӑҫлаттар,pɵraxɵɕlattar,pɵ.ra.xɵɕ.lat.tar,5,RFRFF,,FALSE
пӑрахтар,pɵraxtar,pɵ.rax.tar,3,RFF,4,TRUE
пӑрахут,pɵraxut,pɵ.ra.xut,3,RFF,918,TRUE
пӑрӑлтат,pɵrɵltat,pɵ.rɵl.tat,3,RRF,,FALSE
пӑрӑлтаттар,pɵrɵltattar,pɵ.rɵl.tat.tar,4,RRFF,,FALSE
пӑрӑм,pɵrɵm,pɵ.rɵm,2,RR,1,TRUE
пӑрӑмлӑ,pɵrɵmlɵ,pɵ.rɵm.lɵ,3,RRR,2,TRUE
пӑрӑн,pɵrɵn,pɵ.rɵn,2,RR,207,TRUE
пӑрӑнӑҫ,pɵrɵnɵɕ,pɵ.rɵ.nɵɕ,3,RRR,55,TRUE
пӑрӑнӑҫлан,pɵrɵnɵɕlan,pɵ.rɵ.nɵɕ.lan,4,RRRF,,FALSE
пӑрӑнтӑк,pɵrɵntɵk,pɵ.rɵn.tɵk,3,RRR,170,TRUE
пӑрӑну,pɵrɵnu,pɵ.rɵ.nu,3,RRF,4,TRUE
пӑрӑнчӑк,pɵrɵntɕɵk,pɵ.rɵn.tɕɵk,3,RRR,27,TRUE
пӑрӑс,pɵrɵs,pɵ.rɵs,2,RR,29,TRUE
пӑрӑҫ,pɵrɵɕ,pɵ.rɵɕ,2,RR,1144,TRUE
пӑрӑҫла,pɵrɵɕla,pɵ.rɵɕ.la,3,RRF,,FALSE
пӑрӑҫлӑ,pɵrɵɕlɵ,pɵ.rɵɕ.lɵ,3,RRR,23,TRUE
пӑрӑх,pɵrɵx,pɵ.rɵx,2,RR,189,TRUE
пӑрван,pɵrʋan,pɵr.ʋan,2,RF,,FALSE
пӑри,pɵri,pɵ.ri,2,RF,131,TRUE
пӑркалан,pɵrkalan,pɵr.ka.lan,3,RFF,10,TRUE
пӑркалантар,pɵrkalantar,pɵr.ka.lan.tar,4,RFFF,,FALSE
пӑркаланчӑк,pɵrkalantɕɵk,pɵr.ka.lan.tɕɵk,4,RFFR,1,TRUE
пӑркӑч,pɵrkɵtɕ,pɵr.kɵtɕ,2,RR,14,TRUE
пӑркӑчла,pɵrkɵtɕla,pɵr.kɵtɕ.la,3,RRF,3,TRUE
пӑркӑчлан,pɵrkɵtɕlan,pɵr.kɵtɕ.lan,3,RRF,,FALSE
пӑркут,pɵrkut,pɵr.kut,2,RF,4,TRUE
пӑрлак,pɵrlak,pɵr.lak,2,RF,59,TRUE
пӑрлаклан,pɵrlaklan,pɵr.lak.lan,3,RFF,,FALSE
пӑрлан,pɵrlan,pɵr.lan,2,RF,2,TRUE
пӑрлантар,pɵrlantar,pɵr.lan.tar,3,RFF,,FALSE
пӑрлат,pɵrlat,pɵr.lat,2,RF,,FALSE
пӑрлӑ,pɵrlɵ,pɵr.lɵ,2,RR,539,TRUE
пӑрлӑх,pɵrlɵx,pɵr.lɵx,2,RR,53,TRUE
пӑрҫа,pɵrɕa,pɵr.ɕa,2,RF,1343,TRUE
пӑрҫаясмӑк,pɵrɕajasmɵk,pɵr.ɕa.jas.mɵk,4,RFFR,,FALSE
пӑрҫалан,pɵrɕalan,pɵr.ɕa.lan,3,RFF,,FALSE
пӑрҫӗмрен,pɵrɕømren,pɵr.ɕøm.ren,3,RRF,26,TRUE
пӑрт,pɵrt,pɵrt,1,R,7,TRUE
пӑртак,pɵrtak,pɵr.tak,2,RF,2005,TRUE
пӑртаккӑн,pɵrtakkɵn,pɵr.tak.kɵn,3,RFR,1,TRUE
пӑртаклӑх,pɵrtaklɵx,pɵr.tak.lɵx,3,RFR,,FALSE
пӑртакран,pɵrtakran,pɵr.tak.ran,3,RFF,244,TRUE
пӑртакҫӑ,pɵrtakɕɵ,pɵr.tak.ɕɵ,3,RFR,138,TRUE
пӑртакшарӑн,pɵrtakʃarɵn,pɵr.tak.ʃa.rɵn,4,RFFR,4,TRUE
пӑртлат,pɵrtlat,pɵrt.lat,2,RF,,FALSE
пӑртманет,pɵrtmanet,pɵrt.ma.net,3,RFF,1,TRUE
пӑртуҫҫи,pɵrtuɕɕi,pɵr.tuɕ.ɕi,3,RFF,4,TRUE
пӑру,pɵru,pɵ.ru,2,RF,953,TRUE
пӑрула,pɵrula,pɵ.ru.la,3,RFF,,FALSE
пӑрчӑкан,pɵrtɕɵkan,pɵr.tɕɵ.kan,3,RRF,183,TRUE
пӑс,pɵs,pɵs,1,R,386,TRUE
пӑсар,pɵsar,pɵ.sar,2,RF,12,TRUE
пӑсара,pɵsara,pɵ.sa.ra,3,RFF,88,TRUE
пӑсарлӑх,pɵsarlɵx,pɵ.sar.lɵx,3,RFR,,FALSE
пӑсарттар,pɵsarttar,pɵ.sart.tar,3,RFF,,FALSE
пӑсӑк,pɵsɵk,pɵ.sɵk,2,RR,199,TRUE
пӑсӑклӑ,pɵsɵklɵ,pɵ.sɵk.lɵ,3,RRR,12,TRUE
пӑсӑл,pɵsɵl,pɵ.sɵl,2,RR,1,TRUE
пӑсӑрккӑ,pɵsɵrkkɵ,pɵ.sɵrk.kɵ,3,RRR,,FALSE
пӑсӑрлан,pɵsɵrlan,pɵ.sɵr.lan,3,RRF,,FALSE
пӑсӑрлантар,pɵsɵrlantar,pɵ.sɵr.lan.tar,4,RRFF,4,TRUE
пӑскӑнчӑк,pɵskɵntɕɵk,pɵs.kɵn.tɕɵk,3,RRR,,FALSE
пӑскӑрт,pɵskɵrt,pɵs.kɵrt,2,RR,3,TRUE
пӑслан,pɵslan,pɵs.lan,2,RF,4,TRUE
пӑстар,pɵstar,pɵs.tar,2,RF,1,TRUE
пӑсташ,pɵstaʃ,pɵs.taʃ,2,RF,11,TRUE
пӑҫлан,pɵɕlan,pɵɕ.lan,2,RF,,FALSE
пӑҫлантар,pɵɕlantar,pɵɕ.lan.tar,3,RFF,,FALSE
пӑт,pɵt,pɵt,1,R,1050,TRUE
пӑтпат,pɵtpat,pɵt.pat,2,RF,2,TRUE
пӑта,pɵta,pɵ.ta,2,RF,486,TRUE
пӑтавкка,pɵtaʋkka,pɵ.taʋk.ka,3,RFF,27,TRUE
пӑтала,pɵtala,pɵ.ta.la,3,RFF,1,TRUE
пӑтӑ,pɵtɵ,pɵ.tɵ,2,RR,709,TRUE
пӑтӑлпатӑл,pɵtɵlpatɵl,pɵ.tɵl.pa.tɵl,4,RRFR,,FALSE
пӑтӑр,pɵtɵr,pɵ.tɵr,2,RR,96,TRUE
пӑтӑрпатӑр,pɵtɵrpatɵr,pɵ.tɵr.pa.tɵr,4,RRFR,,FALSE
пӑтӑрпӑтӑр,pɵtɵrpɵtɵr,pɵ.tɵr.pɵ.tɵr,4,RRRR,,FALSE
пӑтӑрмах,pɵtɵrmax,pɵ.tɵr.max,3,RRF,984,TRUE
пӑтӑрмахлӑ,pɵtɵrmaxlɵ,pɵ.tɵr.max.lɵ,4,RRFR,76,TRUE
пӑтӑрмахҫӑ,pɵtɵrmaxɕɵ,pɵ.tɵr.max.ɕɵ,4,RRFR,,FALSE
пӑтӑрмӑш,pɵtɵrmɵʃ,pɵ.tɵr.mɵʃ,3,RRR,,FALSE
пӑтӑрмӑшлан,pɵtɵrmɵʃlan,pɵ.tɵr.mɵʃ.lan,4,RRRF,,FALSE
пӑтӑрт,pɵtɵrt,pɵ.tɵrt,2,RR,6,TRUE
пӑтӑртпатӑрт,pɵtɵrtpatɵrt,pɵ.tɵrt.pa.tɵrt,4,RRFR,,FALSE
пӑтӑртат,pɵtɵrtat,pɵ.tɵr.tat,3,RRF,,FALSE
пӑтӑртаттар,pɵtɵrtattar,pɵ.tɵr.tat.tar,4,RRFF,,FALSE
пӑтӗҫӳллӗ,pɵtøɕyllø,pɵ.tø.ɕyl.lø,4,RRFR,,FALSE
пӑтла,pɵtla,pɵt.la,2,RF,1,TRUE
пӑтлат,pɵtlat,pɵt.lat,2,RF,,FALSE
пӑтрав,pɵtraʋ,pɵt.raʋ,2,RF,10,TRUE
пӑтравлӑ,pɵtraʋlɵ,pɵt.raʋ.lɵ,3,RFR,50,TRUE
пӑтравлӑн,pɵtraʋlɵn,pɵt.raʋ.lɵn,3,RFR,1,TRUE
пӑтрак,pɵtrak,pɵt.rak,2,RF,,FALSE
пӑтран,pɵtran,pɵt.ran,2,RF,29,TRUE
пӑтрантар,pɵtrantar,pɵt.ran.tar,3,RFF,,FALSE
пӑтрану,pɵtranu,pɵt.ra.nu,3,RFF,15,TRUE
пӑтранулӑх,pɵtranulɵx,pɵt.ra.nu.lɵx,4,RFFR,,FALSE
пӑтрануллӑ,pɵtranullɵ,pɵt.ra.nul.lɵ,4,RFFR,12,TRUE
пӑтранчӑк,pɵtrantɕɵk,pɵt.ran.tɕɵk,3,RFR,268,TRUE
пӑтрат,pɵtrat,pɵt.rat,2,RF,17,TRUE
пӑтратмӑш,pɵtratmɵʃ,pɵt.rat.mɵʃ,3,RFR,3,TRUE
пӑтратуллӑ,pɵtratullɵ,pɵt.ra.tul.lɵ,4,RFFR,,FALSE
пӑтраш,pɵtraʃ,pɵt.raʃ,2,RF,1,TRUE
пӑтрашӑн,pɵtraʃɵn,pɵt.ra.ʃɵn,3,RFR,3,TRUE
пӑтраштар,pɵtraʃtar,pɵt.raʃ.tar,3,RFF,5,TRUE
пӑтраштару,pɵtraʃtaru,pɵt.raʃ.ta.ru,4,RFFF,2,TRUE
пӑтрашу,pɵtraʃu,pɵt.ra.ʃu,3,RFF,12,TRUE
пӑтрашуллӑ,pɵtraʃullɵ,pɵt.ra.ʃul.lɵ,4,RFFR,41,TRUE
пӑттӑмпӑттӑм,pɵttɵmpɵttɵm,pɵt.tɵm.pɵt.tɵm,4,RRRR,,FALSE
пӑттипатти,pɵttipatti,pɵt.ti.pat.ti,4,RFFF,,FALSE
пӑтшар,pɵtʃar,pɵ.tʃar,2,RF,1,TRUE
пӑтшарӑн,pɵtʃarɵn,pɵ.tʃa.rɵn,3,RFR,3,TRUE
пӑтьӑр,pɵtʲɵr,pɵ.tʲɵr,2,RR,2,TRUE
пӑх,pɵx,pɵx,1,R,2407,TRUE
пӑхаттир,pɵxattir,pɵ.xat.tir,3,RFF,138,TRUE
пӑхӑн,pɵxɵn,pɵ.xɵn,2,RR,63,TRUE
пӑхӑнманлӑх,pɵxɵnmanlɵx,pɵ.xɵn.man.lɵx,4,RRFR,30,TRUE
пӑхӑнтар,pɵxɵntar,pɵ.xɵn.tar,3,RRF,2,TRUE
пӑхӑну,pɵxɵnu,pɵ.xɵ.nu,3,RRF,8,TRUE
пӑхӑнуллӑ,pɵxɵnullɵ,pɵ.xɵ.nul.lɵ,4,RRFR,49,TRUE
пӑхӑр,pɵxɵr,pɵ.xɵr,2,RR,2016,TRUE
пӑхӑрла,pɵxɵrla,pɵ.xɵr.la,3,RRF,2,TRUE
пӑхӑрҫӑ,pɵxɵrɕɵ,pɵ.xɵr.ɕɵ,3,RRR,4,TRUE
пӑхла,pɵxla,pɵx.la,2,RF,,FALSE
пӑхлан,pɵxlan,pɵx.lan,2,RF,,FALSE
пӑхлат,pɵxlat,pɵx.lat,2,RF,,FALSE
пӑхтар,pɵxtar,pɵx.tar,2,RF,13,TRUE
пӑч,pɵtɕ,pɵtɕ,1,R,186,TRUE
пӑчпач,pɵtɕpatɕ,pɵtɕ.patɕ,2,RF,1,TRUE
пӑчӑ,pɵtɕɵ,pɵ.tɕɵ,2,RR,370,TRUE
пӑчӑла,pɵtɕɵla,pɵ.tɕɵ.la,3,RRF,,FALSE
пӑчӑлан,pɵtɕɵlan,pɵ.tɕɵ.lan,3,RRF,,FALSE
пӑчӑлантар,pɵtɕɵlantar,pɵ.tɕɵ.lan.tar,4,RRFF,,FALSE
пӑчӑлт,pɵtɕɵlt,pɵ.tɕɵlt,2,RR,,FALSE
пӑчӑлтат,pɵtɕɵltat,pɵ.tɕɵl.tat,3,RRF,,FALSE
пӑчӑр,pɵtɕɵr,pɵ.tɕɵr,2,RR,227,TRUE
пӑчӑрла,pɵtɕɵrla,pɵ.tɕɵr.la,3,RRF,,FALSE
пӑчӑрт,pɵtɕɵrt,pɵ.tɕɵrt,2,RR,3,TRUE
пӑчӑрта,pɵtɕɵrta,pɵ.tɕɵr.ta,3,RRF,24,TRUE
пӑчӑртан,pɵtɕɵrtan,pɵ.tɕɵr.tan,3,RRF,6,TRUE
пӑчӑртат,pɵtɕɵrtat,pɵ.tɕɵr.tat,3,RRF,,FALSE
пӑчӑх,pɵtɕɵx,pɵ.tɕɵx,2,RR,7,TRUE
пӑчӑхлан,pɵtɕɵxlan,pɵ.tɕɵx.lan,3,RRF,,FALSE
пӑчӑхтар,pɵtɕɵxtar,pɵ.tɕɵx.tar,3,RRF,,FALSE
пӑчкӑ,pɵtɕkɵ,pɵtɕ.kɵ,2,RR,291,TRUE
пӑчламӑш,pɵtɕlamɵʃ,pɵtɕ.la.mɵʃ,3,RFR,1,TRUE
пӑчлан,pɵtɕlan,pɵtɕ.lan,2,RF,3,TRUE
пӑчлантар,pɵtɕlantar,pɵtɕ.lan.tar,3,RFF,,FALSE
пӑчлат,pɵtɕlat,pɵtɕ.lat,2,RF,,FALSE
пӑчча,pɵtɕtɕa,pɵtɕ.tɕa,2,RF,3,TRUE
пӑш,pɵʃ,pɵʃ,1,R,175,TRUE
пӑшпаш,pɵʃpaʃ,pɵʃ.paʃ,2,RF,,FALSE
пӑшал,pɵʃal,pɵ.ʃal,2,RF,1590,TRUE
пӑшалҫӑ,pɵʃalɕɵ,pɵ.ʃal.ɕɵ,3,RFR,1,TRUE
пӑшатан,pɵʃatan,pɵ.ʃa.tan,3,RFF,60,TRUE
пӑшӑ,pɵʃɵ,pɵ.ʃɵ,2,RR,,FALSE
пӑшӑкла,pɵʃɵkla,pɵ.ʃɵk.la,3,RRF,,FALSE
пӑшӑл,pɵʃɵl,pɵ.ʃɵl,2,RR,332,TRUE
пӑшӑлкӑ,pɵʃɵlkɵ,pɵ.ʃɵl.kɵ,3,RRR,,FALSE
пӑшӑлт,pɵʃɵlt,pɵ.ʃɵlt,2,RR,,FALSE
пӑшӑлтат,pɵʃɵltat,pɵ.ʃɵl.tat,3,RRF,8,TRUE
пӑшӑлти,pɵʃɵlti,pɵ.ʃɵl.ti,3,RRF,12,TRUE
пӑшӑрха,pɵʃɵrxa,pɵ.ʃɵr.xa,3,RRF,1,TRUE
пӑшӑрхан,pɵʃɵrxan,pɵ.ʃɵr.xan,3,RRF,413,TRUE
пӑшӑрханӑҫ,pɵʃɵrxanɵɕ,pɵ.ʃɵr.xa.nɵɕ,4,RRFR,5,TRUE
пӑшӑрхантар,pɵʃɵrxantar,pɵ.ʃɵr.xan.tar,4,RRFF,10,TRUE
пӑшӑрхану,pɵʃɵrxanu,pɵ.ʃɵr.xa.nu,4,RRFF,66,TRUE
пӑшӑрхануллӑ,pɵʃɵrxanullɵ,pɵ.ʃɵr.xa.nul.lɵ,5,RRFFR,30,TRUE
пӑшӑрханчӑк,pɵʃɵrxantɕɵk,pɵ.ʃɵr.xan.tɕɵk,4,RRFR,18,TRUE
пӑшӑрханчӑклӑн,pɵʃɵrxantɕɵklɵn,pɵ.ʃɵr.xan.tɕɵk.lɵn,5,RRFRR,,FALSE
пӑшӑх,pɵʃɵx,pɵ.ʃɵx,2,RR,4,TRUE
пӑшӑхла,pɵʃɵxla,pɵ.ʃɵx.la,3,RRF,,FALSE
пӑшӑхтар,pɵʃɵxtar,pɵ.ʃɵx.tar,3,RRF,,FALSE
пӑши,pɵʃi,pɵ.ʃi,2,RF,277,TRUE
пӑшка,pɵʃka,pɵʃ.ka,2,RF,,FALSE
пӑшлак,pɵʃlak,pɵʃ.lak,2,RF,3,TRUE
пӑшлаклан,pɵʃlaklan,pɵʃ.lak.lan,3,RFF,,FALSE
пӑшлат,pɵʃlat,pɵʃ.lat,2,RF,,FALSE
пӑшлаттар,pɵʃlattar,pɵʃ.lat.tar,3,RFF,,FALSE
пӑшт,pɵʃt,pɵʃt,1,R,21,TRUE
пӑштпашт,pɵʃtpaʃt,pɵʃt.paʃt,2,RF,,FALSE
пӑштӑн,pɵʃtɵn,pɵʃ.tɵn,2,RR,6,TRUE
пӑяв,pɵjaʋ,pɵ.jaʋ,2,RF,128,TRUE
пӑявшыв,pɵjaʋʃʉʋ,pɵ.jaʋ.ʃʉʋ,3,RFF,,FALSE
пӑянам,pɵjanam,pɵ.ja.nam,3,RFF,52,TRUE
пӑятам,pɵjatam,pɵ.ja.tam,3,RFF,19,TRUE
пӑяхам,pɵjaxam,pɵ.ja.xam,3,RFF,29,TRUE
пек,pek,pek,1,F,100724,TRUE
пекарня,pekarnja,pe.karn.ja,3,FFF,55,TRUE
пекарь,pekarʲ,pe.karʲ,2,FF,20,TRUE
пекӗ,pekø,pe.kø,2,FR,38,TRUE
пекӗлтет,pekøltet,pe.køl.tet,3,FRF,,FALSE
пеккет,pekket,pek.ket,2,FF,,FALSE
пекки,pekki,pek.ki,2,FF,2414,TRUE
пеккун,pekkun,pek.kun,2,FF,1,TRUE
пелӗш,peløʃ,pe.løʃ,2,FR,,FALSE
пеликан,pelikan,pe.li.kan,3,FFF,7,TRUE
пелмен,pelmen,pel.men,2,FF,9,TRUE
пелтек,peltek,pel.tek,2,FF,2,TRUE
пельмень,pelʲmenʲ,pelʲ.menʲ,2,FF,97,TRUE
пенал,penal,pe.nal,2,FF,6,TRUE
пенальти,penalʲti,pe.nalʲ.ti,3,FFF,16,TRUE
пеней,penej,pe.nej,2,FF,2,TRUE
пени,peni,pe.ni,2,FF,153,TRUE
пенси,pensi,pen.si,2,FF,1572,TRUE
пенсне,pensne,pens.ne,2,FF,5,TRUE
пер,per,per,1,F,404,TRUE
перекет,pereket,pe.re.ket,3,FFF,427,TRUE
перекетле,pereketle,pe.re.ket.le,4,FFFF,6,TRUE
перекетлен,pereketlen,pe.re.ket.len,4,FFFF,,FALSE
перекетлӗ,pereketlø,pe.re.ket.lø,4,FFFR,158,TRUE
перекетлӗн,pereketløn,pe.re.ket.løn,4,FFFR,18,TRUE
перекетлӗх,pereketløx,pe.re.ket.løx,4,FFFR,31,TRUE
перекись,perekisʲ,pe.re.kisʲ,3,FFF,1,TRUE
перекличка,pereklitɕka,pe.rek.litɕ.ka,4,FFFF,,FALSE
переключатель,perekljutɕatelʲ,pe.rekl.ju.tɕa.telʲ,5,FFFFF,1,TRUE
перемена,peremena,pe.re.me.na,4,FFFF,31,TRUE
перемири,peremiri,pe.re.mi.ri,4,FFFF,,FALSE
перемычка,peremʉtɕka,pe.re.mʉtɕ.ka,4,FFFF,,FALSE
переписчик,perepistɕik,pe.re.pis.tɕik,4,FFFF,1,TRUE
перепись,perepisʲ,pe.re.pisʲ,3,FFF,97,TRUE
переплет,pereplet,pe.rep.let,3,FFF,,FALSE
перӗн,perøn,pe.røn,2,FR,21,TRUE
перӗнтер,perønter,pe.røn.ter,3,FRF,1,TRUE
периметр,perimetr,pe.ri.metr,3,FFF,1,TRUE
перкелен,perkelen,per.ke.len,3,FFF,,FALSE
перкелеш,perkeleʃ,per.ke.leʃ,3,FFF,5,TRUE
перкелешӳ,perkeleʃy,per.ke.le.ʃy,4,FFFF,21,TRUE
перкӗҫ,perkøɕ,per.køɕ,2,FR,,FALSE
перламутр,perlamutr,per.la.mutr,3,FFF,1,TRUE
перс,pers,pers,1,F,136,TRUE
персик,persik,per.sik,2,FF,59,TRUE
персла,persla,pers.la,2,FF,5,TRUE
перспектива,perspektiʋa,pers.pek.ti.ʋa,4,FFFF,18,TRUE
перспективӑллӑ,perspektiʋɵllɵ,pers.pek.ti.ʋɵl.lɵ,5,FFFRR,,FALSE
перспективлӑ,perspektiʋlɵ,pers.pek.tiʋ.lɵ,4,FFFR,15,TRUE
пертер,perter,per.ter,2,FF,,FALSE
перхелей,perxelej,per.xe.lej,3,FFF,,FALSE
перчетке,pertɕetke,per.tɕet.ke,3,FFF,203,TRUE
пес,pes,pes,1,F,9,TRUE
пессимист,pessimist,pes.si.mist,3,FFF,13,TRUE
пессимистла,pessimistla,pes.si.mist.la,4,FFFF,8,TRUE
петит,petit,pe.tit,2,FF,1,TRUE
петле,petle,pet.le,2,FF,9,TRUE
петрушка,petruʃka,pet.ruʃ.ka,3,FFF,223,TRUE
пехет,pexet,pe.xet,2,FF,11,TRUE
пехетлӗ,pexetlø,pe.xet.lø,3,FFR,24,TRUE
пехил,pexil,pe.xil,2,FF,265,TRUE
пехилле,pexille,pe.xil.le,3,FFF,3,TRUE
пехиллеш,pexilleʃ,pe.xil.leʃ,3,FFF,,FALSE
пехиллӗх,pexilløx,pe.xil.løx,3,FFR,2,TRUE
пехле,pexle,pex.le,2,FF,3,TRUE
пехлет,pexlet,pex.let,2,FF,,FALSE
пехлеттер,pexletter,pex.let.ter,3,FFF,,FALSE
печатник,petɕatnik,pe.tɕat.nik,3,FFF,1,TRUE
печени,petɕeni,pe.tɕe.ni,3,FFF,201,TRUE
печник,petɕnik,petɕ.nik,2,FF,,FALSE
пешка,peʃka,peʃ.ka,2,FF,5,TRUE
пешне,peʃne,peʃ.ne,2,FF,9,TRUE
пештӗр,peʃtør,peʃ.tør,2,FR,23,TRUE
пӗве,pøʋe,pø.ʋe,2,RF,1872,TRUE
пӗвевҫӗ,pøʋeʋɕø,pø.ʋeʋ.ɕø,3,RFR,,FALSE
пӗвеле,pøʋele,pø.ʋe.le,3,RFF,4,TRUE
пӗвелен,pøʋelen,pø.ʋe.len,3,RFF,,FALSE
пӗвеленчӗк,pøʋelentɕøk,pø.ʋe.len.tɕøk,4,RFFR,,FALSE
пӗвен,pøʋen,pø.ʋen,2,RF,23,TRUE
пӗвер,pøʋer,pø.ʋer,2,RF,236,TRUE
пӗвет,pøʋet,pø.ʋet,2,RF,2,TRUE
пӗк,pøk,pøk,1,R,54,TRUE
пӗкече,pøketɕe,pø.ke.tɕe,3,RFF,5,TRUE
пӗкӗ,pøkø,pø.kø,2,RR,175,TRUE
пӗкӗле,pøkøle,pø.kø.le,3,RRF,,FALSE
пӗкӗлтет,pøkøltet,pø.køl.tet,3,RRF,,FALSE
пӗкӗн,pøkøn,pø.køn,2,RR,5,TRUE
пӗкӗрӗл,pøkørøl,pø.kø.røl,3,RRR,1,TRUE
пӗкӗрӗлтер,pøkørølter,pø.kø.røl.ter,4,RRRF,,FALSE
пӗкӗрӗлчӗк,pøkørøltɕøk,pø.kø.røl.tɕøk,4,RRRR,6,TRUE
пӗкӗрӗҫ,pøkørøɕ,pø.kø.røɕ,3,RRR,2,TRUE
пӗкӗрт,pøkørt,pø.kørt,2,RR,,FALSE
пӗкле,pøkle,pøk.le,2,RF,,FALSE
пӗкрӗк,pøkrøk,pøk.røk,2,RR,3,TRUE
пӗл,pøl,pøl,1,R,866,TRUE
пӗлпӗл,pølpøl,pøl.pøl,2,RR,,FALSE
пӗлев,pøleʋ,pø.leʋ,2,RF,1,TRUE
пӗлӗм,pøløm,pø.løm,2,RR,68,TRUE
пӗлӗмҫӗ,pølømɕø,pø.løm.ɕø,3,RRR,2,TRUE
пӗлӗт,pøløt,pø.løt,2,RR,2300,TRUE
пӗлӗтле,pøløtle,pø.løt.le,3,RRF,2,TRUE
пӗлӗтлен,pøløtlen,pø.løt.len,3,RRF,2,TRUE
пӗлӗтлӗ,pøløtlø,pø.løt.lø,3,RRR,75,TRUE
пӗлӗтлӗх,pøløtløx,pø.løt.løx,3,RRR,1,TRUE
пӗлӗтсӗр,pøløtsør,pø.lø.tsør,3,RRR,22,TRUE
пӗлӗш,pøløʃ,pø.løʃ,2,RR,333,TRUE
пӗлӗштантӑш,pøløʃtantɵʃ,pø.løʃ.tan.tɵʃ,4,RRFR,,FALSE
пӗлӗшлӗ,pøløʃlø,pø.løʃ.lø,3,RRR,7,TRUE
пӗлӗшлӗх,pøløʃløx,pø.løʃ.løx,3,RRR,3,TRUE
пӗлменлӗх,pølmenløx,pøl.men.løx,3,RFR,18,TRUE
пӗлт,pølt,pølt,1,R,22,TRUE
пӗлтер,pølter,pøl.ter,2,RF,367,TRUE
пӗлтерӗш,pølterøʃ,pøl.te.røʃ,3,RFR,145,TRUE
пӗлтерӗшлӗ,pølterøʃlø,pøl.te.røʃ.lø,4,RFRR,4936,TRUE
пӗлтерӳ,pøltery,pøl.te.ry,3,RFF,495,TRUE
пӗлтерӳҫӗ,pølteryɕø,pøl.te.ry.ɕø,4,RFFR,4,TRUE
пӗлтӗк,pøltøk,pøl.tøk,2,RR,29,TRUE
пӗлтӗр,pøltør,pøl.tør,2,RR,5188,TRUE
пӗлтӗркке,pøltørkke,pøl.tørk.ke,3,RRF,2,TRUE
пӗлтӗртенпе,pøltørtenpe,pøl.tør.ten.pe,4,RRFF,76,TRUE
пӗлтӗрхи,pøltørxi,pøl.tør.xi,3,RRF,2077,TRUE
пӗлтӗрччен,pøltørtɕtɕen,pøl.tørtɕ.tɕen,3,RRF,7,TRUE
пӗлӳ,pøly,pø.ly,2,RF,8314,TRUE
пӗлӳлӗх,pølyløx,pø.ly.løx,3,RFR,51,TRUE
пӗлӳҫӗ,pølyɕø,pø.ly.ɕø,3,RFR,99,TRUE
пӗр,pør,pør,1,R,135295,TRUE
пӗрпӗр,pørpør,pør.pør,2,RR,58,TRUE
пӗрпӗри,pørpøri,pør.pø.ri,3,RRF,,FALSE
пӗрпӗччен,pørpøtɕtɕen,pør.pøtɕ.tɕen,3,RRF,2,TRUE
пӗрепӗре,pørepøre,pø.re.pø.re,4,RFRF,,FALSE
пӗремӗк,pøremøk,pø.re.møk,3,RFR,230,TRUE
пӗрене,pørene,pø.re.ne,3,RFF,645,TRUE
пӗренеле,pørenele,pø.re.ne.le,4,RFFF,,FALSE
пӗрер,pører,pø.rer,2,RF,2028,TRUE
пӗрерӗн,pørerøn,pø.re.røn,3,RFR,533,TRUE
пӗрерӗш,pørerøʃ,pø.re.røʃ,3,RFR,2,TRUE
пӗрерччен,pørertɕtɕen,pø.rertɕ.tɕen,3,RFF,,FALSE
пӗрех,pørex,pø.rex,2,RF,3812,TRUE
пӗрехмай,pørexmaj,pø.rex.maj,3,RFF,117,TRUE
пӗрешке,pøreʃke,pø.reʃ.ke,3,RFF,4,TRUE
пӗрешкел,pøreʃkel,pø.reʃ.kel,3,RFF,537,TRUE
пӗрешкеле,pøreʃkele,pø.reʃ.ke.le,4,RFFF,,FALSE
пӗрешкелле,pøreʃkelle,pø.reʃ.kel.le,4,RFFF,,FALSE
пӗрешкеллен,pøreʃkellen,pø.reʃ.kel.len,4,RFFF,,FALSE
пӗрешкеллет,pøreʃkellet,pø.reʃ.kel.let,4,RFFF,,FALSE
пӗрешкеллӗ,pøreʃkellø,pø.reʃ.kel.lø,4,RFFR,2,TRUE
пӗрешкеллӗх,pøreʃkelløx,pø.reʃ.kel.løx,4,RFFR,8,TRUE
пӗрӗлчӗк,pørøltɕøk,pø.røl.tɕøk,3,RRR,,FALSE
пӗрӗм,pørøm,pø.røm,2,RR,10,TRUE
пӗрӗмлен,pørømlen,pø.røm.len,3,RRF,,FALSE
пӗрӗмлӗ,pørømlø,pø.røm.lø,3,RRR,9,TRUE
пӗрӗн,pørøn,pø.røn,2,RR,9,TRUE
пӗрӗнтер,pørønter,pø.røn.ter,3,RRF,1,TRUE
пӗрӗнчӗк,pørøntɕøk,pø.røn.tɕøk,3,RRR,7,TRUE
пӗрӗх,pørøx,pø.røx,2,RR,2,TRUE
пӗрӗхтер,pørøxter,pø.røx.ter,3,RRF,4,TRUE
пӗрӗхтеркӗч,pørøxterkøtɕ,pø.røx.ter.køtɕ,4,RRFR,,FALSE
пӗрӗш,pørøʃ,pø.røʃ,2,RR,3,TRUE
пӗри,pøri,pø.ri,2,RF,16004,TRUE
пӗрипӗр,pøripør,pø.ri.pør,3,RFR,,FALSE
пӗринче,pørintɕe,pø.rin.tɕe,3,RFF,1151,TRUE
пӗрке,pørke,pør.ke,2,RF,3,TRUE
пӗркев,pørkeʋ,pør.keʋ,2,RF,,FALSE
пӗркеле,pørkele,pør.ke.le,3,RFF,2,TRUE
пӗркелен,pørkelen,pør.ke.len,3,RFF,1,TRUE
пӗркелентер,pørkelenter,pør.ke.len.ter,4,RFFF,1,TRUE
пӗркеленчӗк,pørkelentɕøk,pør.ke.len.tɕøk,4,RFFR,87,TRUE
пӗркеленчӗклӗ,pørkelentɕøklø,pør.ke.len.tɕøk.lø,5,RFFRR,15,TRUE
пӗркен,pørken,pør.ken,2,RF,4,TRUE
пӗркентер,pørkenter,pør.ken.ter,3,RFF,,FALSE
пӗркенчӗк,pørkentɕøk,pør.ken.tɕøk,3,RFR,264,TRUE
пӗркӗт,pørkøt,pør.køt,2,RR,3,TRUE
пӗркун,pørkun,pør.kun,2,RF,280,TRUE
пӗркунне,pørkunne,pør.kun.ne,3,RFF,37,TRUE
пӗркунхи,pørkunxi,pør.kun.xi,3,RFF,34,TRUE
пӗрле,pørle,pør.le,2,RF,29355,TRUE
пӗрлелӗх,pørleløx,pør.le.løx,3,RFR,31,TRUE
пӗрлехи,pørlexi,pør.le.xi,3,RFF,1789,TRUE
пӗрлеш,pørleʃ,pør.leʃ,2,RF,28,TRUE
пӗрлештер,pørleʃter,pør.leʃ.ter,3,RFF,5,TRUE
пӗрлештерӳ,pørleʃtery,pør.leʃ.te.ry,4,RFFF,,FALSE
пӗрлешӳ,pørleʃy,pør.le.ʃy,3,RFF,449,TRUE
пӗрлешӳллӗ,pørleʃyllø,pør.le.ʃyl.lø,4,RFFR,386,TRUE
пӗрлешӳллӗн,pørleʃylløn,pør.le.ʃyl.løn,4,RFFR,,FALSE
пӗрлӗх,pørløx,pør.løx,2,RR,976,TRUE
пӗрлӗхен,pørløxen,pør.lø.xen,3,RRF,71,TRUE
пӗрлӗхенлӗх,pørløxenløx,pør.lø.xen.løx,4,RRFR,,FALSE
пӗрлӗхлӗ,pørløxlø,pør.løx.lø,3,RRR,673,TRUE
пӗрлӗхлӗх,pørløxløx,pør.løx.løx,3,RRR,33,TRUE
пӗрмай,pørmaj,pør.maj,2,RF,1653,TRUE
пӗрмаях,pørmajax,pør.ma.jax,3,RFF,750,TRUE
пӗрме,pørme,pør.me,2,RF,21,TRUE
пӗрмек,pørmek,pør.mek,2,RF,,FALSE
пӗрмеллӗ,pørmellø,pør.mel.lø,3,RFR,26,TRUE
пӗрмече,pørmetɕe,pør.me.tɕe,3,RFF,2,TRUE
пӗрмечеллӗ,pørmetɕellø,pør.me.tɕel.lø,4,RFFR,16,TRUE
пӗрне,pørne,pør.ne,2,RF,9934,TRUE
пӗрнепӗри,pørnepøri,pør.ne.pø.ri,4,RFRF,4,TRUE
пӗрнесупне,pørnesupne,pør.ne.sup.ne,4,RFFF,,FALSE
пӗрпеккӗн,pørpekkøn,pør.pek.køn,3,RFR,1,TRUE
пӗрпекле,pørpekle,pør.pek.le,3,RFF,,FALSE
пӗрпеклен,pørpeklen,pør.pek.len,3,RFF,2,TRUE
пӗрпеклентер,pørpeklenter,pør.pek.len.ter,4,RFFF,,FALSE
пӗрпекленӳ,pørpekleny,pør.pek.le.ny,4,RFFF,,FALSE
пӗрпеклет,pørpeklet,pør.pek.let,3,RFF,,FALSE
пӗрпеклеттер,pørpekletter,pør.pek.let.ter,4,RFFF,,FALSE
пӗрпеклетӳ,pørpeklety,pør.pek.le.ty,4,RFFF,2,TRUE
пӗрпеклӗх,pørpekløx,pør.pek.løx,3,RFR,91,TRUE
пӗрпекмарлӑх,pørpekmarlɵx,pør.pek.mar.lɵx,4,RFFR,,FALSE
пӗрпӗтӗмлӗх,pørpøtømløx,pør.pø.tøm.løx,4,RRRR,1,TRUE
пӗрре,pørre,pør.re,2,RF,14924,TRUE
пӗррелӗх,pørreløx,pør.re.løx,3,RFR,7,TRUE
пӗррелӗхе,pørreløxe,pør.re.lø.xe,4,RFRF,57,TRUE
пӗрреллӗ,pørrellø,pør.rel.lø,3,RFR,38,TRUE
пӗрремӗш,pørremøʃ,pør.re.møʃ,3,RFR,20943,TRUE
пӗрремӗшӗнчен,pørremøʃøntɕen,pør.re.mø.ʃøn.tɕen,5,RFRRF,304,TRUE
пӗрремӗшле,pørremøʃle,pør.re.møʃ.le,4,RFRF,25,TRUE
пӗррех,pørrex,pør.rex,2,RF,244,TRUE
пӗррехинче,pørrexintɕe,pør.re.xin.tɕe,4,RFFF,5842,TRUE
пӗрреччен,pørretɕtɕen,pør.retɕ.tɕen,3,RFF,29,TRUE
пӗррӗнпӗррӗн,pørrønpørrøn,pør.røn.pør.røn,4,RRRR,,FALSE
пӗрт,pørt,pørt,1,R,3,TRUE
пӗртанлӑх,pørtanlɵx,pør.tan.lɵx,3,RFR,58,TRUE
пӗртӑван,pørtɵʋan,pør.tɵ.ʋan,3,RRF,477,TRUE
пӗртекле,pørtekle,pør.tek.le,3,RFF,,FALSE
пӗртем,pørtem,pør.tem,2,RF,4,TRUE
пӗртемлӗ,pørtemlø,pør.tem.lø,3,RFR,4,TRUE
пӗртенпӗр,pørtenpør,pør.ten.pør,3,RFR,42,TRUE
пӗртте,pørtte,pørt.te,2,RF,1730,TRUE
пӗрхӗм,pørxøm,pør.xøm,2,RR,1,TRUE
пӗрхӗн,pørxøn,pør.xøn,2,RR,,FALSE
пӗрхӗнтер,pørxønter,pør.xøn.ter,3,RRF,,FALSE
пӗрхӗнчӗк,pørxøntɕøk,pør.xøn.tɕøk,3,RRR,5,TRUE
пӗрхӗт,pørxøt,pør.xøt,2,RR,5,TRUE
пӗрчӗ,pørtɕø,pør.tɕø,2,RR,451,TRUE
пӗрчӗк,pørtɕøk,pør.tɕøk,2,RR,16,TRUE
пӗрчӗкӗн,pørtɕøkøn,pør.tɕø.køn,3,RRR,1,TRUE
пӗрчӗлен,pørtɕølen,pør.tɕø.len,3,RRF,,FALSE
пӗрчӗлет,pørtɕølet,pør.tɕø.let,3,RRF,,FALSE
пӗрчӗллӗ,pørtɕøllø,pør.tɕøl.lø,3,RRR,293,TRUE
пӗрчӗн,pørtɕøn,pør.tɕøn,2,RR,332,TRUE
пӗрчӗшерӗн,pørtɕøʃerøn,pør.tɕø.ʃe.røn,4,RRFR,1,TRUE
пӗршӗн,pørʃøn,pør.ʃøn,2,RR,1,TRUE
пӗрьевӗрлен,pørʲeʋørlen,pø.rʲe.ʋør.len,4,RFRF,,FALSE
пӗрьевӗрлет,pørʲeʋørlet,pø.rʲe.ʋør.let,4,RFRF,,FALSE
пӗрьевӗрлӗх,pørʲeʋørløx,pø.rʲe.ʋør.løx,4,RFRR,,FALSE
пӗрьенлӗх,pørʲenløx,pø.rʲen.løx,3,RFR,,FALSE
пӗсехе,pøsexe,pø.se.xe,3,RFF,35,TRUE
пӗҫ,pøɕ,pøɕ,1,R,169,TRUE
пӗҫпӗҫ,pøɕpøɕ,pøɕ.pøɕ,2,RR,,FALSE
пӗҫер,pøɕer,pø.ɕer,2,RF,74,TRUE
пӗҫеркке,pøɕerkke,pø.ɕerk.ke,3,RFF,19,TRUE
пӗҫерт,pøɕert,pø.ɕert,2,RF,4,TRUE
пӗҫерттер,pøɕertter,pø.ɕert.ter,3,RFF,,FALSE
пӗҫӗ,pøɕø,pø.ɕø,2,RR,111,TRUE
пӗҫмех,pøɕmex,pøɕ.mex,2,RF,3,TRUE
пӗт,pøt,pøt,1,R,142,TRUE
пӗтпӗлтӗк,pøtpøltøk,pøt.pøl.tøk,3,RRR,11,TRUE
пӗтпӗлтлет,pøtpøltlet,pøt.pølt.let,3,RRF,,FALSE
пӗтӑр,pøtɵr,pø.tɵr,2,RR,,FALSE
пӗтӑрӗн,pøtɵrøn,pø.tɵ.røn,3,RRR,,FALSE
пӗтев,pøteʋ,pø.teʋ,2,RF,16,TRUE
пӗтевлӗ,pøteʋlø,pø.teʋ.lø,3,RFR,,FALSE
пӗтер,pøter,pø.ter,2,RF,242,TRUE
пӗтермӗш,pøtermøʃ,pø.ter.møʃ,3,RFR,1,TRUE
пӗтерттер,pøtertter,pø.tert.ter,3,RFF,,FALSE
пӗтӗ,pøtø,pø.tø,2,RR,227,TRUE
пӗтӗлпӗтӗл,pøtølpøtøl,pø.tøl.pø.tøl,4,RRRR,,FALSE
пӗтӗлен,pøtølen,pø.tø.len,3,RRF,,FALSE
пӗтӗлентер,pøtølenter,pø.tø.len.ter,4,RRFF,,FALSE
пӗтӗлле,pøtølle,pø.tøl.le,3,RRF,,FALSE
пӗтӗлтет,pøtøltet,pø.tøl.tet,3,RRF,,FALSE
пӗтӗлти,pøtølti,pø.tøl.ti,3,RRF,2,TRUE
пӗтӗм,pøtøm,pø.tøm,2,RR,20653,TRUE
пӗтӗмӗшле,pøtømøʃle,pø.tø.møʃ.le,4,RRRF,4026,TRUE
пӗтӗмӗшпе,pøtømøʃpe,pø.tø.møʃ.pe,4,RRRF,103,TRUE
пӗтӗмлет,pøtømlet,pø.tøm.let,3,RRF,28,TRUE
пӗтӗмлетӳ,pøtømlety,pø.tøm.le.ty,4,RRFF,899,TRUE
пӗтӗмлӗх,pøtømløx,pø.tøm.løx,3,RRR,5,TRUE
пӗтӗммӗн,pøtømmøn,pø.tøm.møn,3,RRR,,FALSE
пӗтӗмпе,pøtømpe,pø.tøm.pe,3,RRF,2299,TRUE
пӗтӗр,pøtør,pø.tør,2,RR,34,TRUE
пӗтӗрӗн,pøtørøn,pø.tø.røn,3,RRR,3,TRUE
пӗтӗрӗнтер,pøtørønter,pø.tø.røn.ter,4,RRRF,,FALSE
пӗтӗрӗнчӗк,pøtørøntɕøk,pø.tø.røn.tɕøk,4,RRRR,4,TRUE
пӗтӗрке,pøtørke,pø.tør.ke,3,RRF,,FALSE
пӗтӗркӗҫ,pøtørkøɕ,pø.tør.køɕ,3,RRR,2,TRUE
пӗтӗркке,pøtørkke,pø.tørk.ke,3,RRF,2,TRUE
пӗтӗрккелен,pøtørkkelen,pø.tørk.ke.len,4,RRFF,,FALSE
пӗтӗрлен,pøtørlen,pø.tør.len,3,RRF,,FALSE
пӗтӗртеттер,pøtørtetter,pø.tør.tet.ter,4,RRFF,,FALSE
пӗтӗрттер,pøtørtter,pø.tørt.ter,3,RRF,,FALSE
пӗтӗҫ,pøtøɕ,pø.tøɕ,2,RR,50,TRUE
пӗтӗҫлен,pøtøɕlen,pø.tøɕ.len,3,RRF,,FALSE
пӗтӗҫлентер,pøtøɕlenter,pø.tøɕ.len.ter,4,RRFF,,FALSE
пӗтӗҫтер,pøtøɕter,pø.tøɕ.ter,3,RRF,1,TRUE
пӗтӗҫӳ,pøtøɕy,pø.tø.ɕy,3,RRF,6,TRUE
пӗтӗҫӳлӗх,pøtøɕyløx,pø.tø.ɕy.løx,4,RRFR,1,TRUE
пӗтӗҫӳллӗ,pøtøɕyllø,pø.tø.ɕyl.lø,4,RRFR,,FALSE
пӗтӗш,pøtøʃ,pø.tøʃ,2,RR,,FALSE
пӗтмӗш,pøtmøʃ,pøt.møʃ,2,RR,6,TRUE
пӗтнӗк,pøtnøk,pøt.nøk,2,RR,96,TRUE
пӗтре,pøtre,pøt.re,2,RF,12,TRUE
пӗтреке,pøtreke,pøt.re.ke,3,RFF,4,TRUE
пӗтрекеллӗ,pøtrekellø,pøt.re.kel.lø,4,RFFR,,FALSE
пӗчӗк,pøtɕøk,pø.tɕøk,2,RR,16943,TRUE
пӗчӗккӗ,pøtɕøkkø,pø.tɕøk.kø,3,RRR,425,TRUE
пӗчӗккӗн,pøtɕøkkøn,pø.tɕøk.køn,3,RRR,621,TRUE
пӗчӗкле,pøtɕøkle,pø.tɕøk.le,3,RRF,23,TRUE
пӗчӗклен,pøtɕøklen,pø.tɕøk.len,3,RRF,,FALSE
пӗчӗклет,pøtɕøklet,pø.tɕøk.let,3,RRF,4,TRUE
пӗчӗклеттер,pøtɕøkletter,pø.tɕøk.let.ter,4,RRFF,,FALSE
пӗчӗкрен,pøtɕøkren,pø.tɕøk.ren,3,RRF,1046,TRUE
пӗчӗкренпе,pøtɕøkrenpe,pø.tɕøk.ren.pe,4,RRFF,8,TRUE
пӗчӗкреххӗн,pøtɕøkrexxøn,pø.tɕøk.rex.xøn,4,RRFR,1,TRUE
пӗчӗкҫеҫ,pøtɕøkɕeɕ,pø.tɕøk.ɕeɕ,3,RRF,98,TRUE
пӗчӗкҫеҫҫӗ,pøtɕøkɕeɕɕø,pø.tɕøk.ɕeɕ.ɕø,4,RRFR,70,TRUE
пӗчӗкҫӗ,pøtɕøkɕø,pø.tɕøk.ɕø,3,RRR,687,TRUE
пӗчӗкҫӗн,pøtɕøkɕøn,pø.tɕøk.ɕøn,3,RRR,11,TRUE
пӗчӗкшерӗн,pøtɕøkʃerøn,pø.tɕøk.ʃe.røn,4,RRFR,53,TRUE
пӗччен,pøtɕtɕen,pøtɕ.tɕen,2,RF,7748,TRUE
пӗччениккӗн,pøtɕtɕenikkøn,pøtɕ.tɕe.nik.køn,4,RFFR,,FALSE
пӗчченлен,pøtɕtɕenlen,pøtɕ.tɕen.len,3,RFF,,FALSE
пӗчченлӗх,pøtɕtɕenløx,pøtɕ.tɕen.løx,3,RFR,187,TRUE
пӗчченҫи,pøtɕtɕenɕi,pøtɕ.tɕen.ɕi,3,RFF,33,TRUE
пӗчченшер,pøtɕtɕenʃer,pøtɕ.tɕen.ʃer,3,RFF,17,TRUE
пӗчченшерӗн,pøtɕtɕenʃerøn,pøtɕ.tɕen.ʃe.røn,4,RFFR,78,TRUE
пӗшкӗн,pøʃkøn,pøʃ.køn,2,RR,24,TRUE
пӗшкӗнтер,pøʃkønter,pøʃ.køn.ter,3,RRF,,FALSE
пӗшкӗрт,pøʃkørt,pøʃ.kørt,2,RR,2,TRUE
пиала,piala,pi.a.la,3,FFF,1,TRUE
пианист,pianist,pi.a.nist,3,FFF,48,TRUE
пианистка,pianistka,pi.a.nist.ka,4,FFFF,4,TRUE
пие,pie,pi.e,2,FF,5,TRUE
пиевҫӗ,pieʋɕø,pi.eʋ.ɕø,3,FFR,,FALSE
пиеле,piele,pi.e.le,3,FFF,,FALSE
пиелен,pielen,pi.e.len,3,FFF,,FALSE
пиелеттер,pieletter,pi.e.let.ter,4,FFFF,,FALSE
пиелӗх,pieløx,pi.e.løx,3,FFR,,FALSE
пийпӑрр,pijpɵrr,pij.pɵrr,2,FR,,FALSE
пик,pik,pik,1,F,65,TRUE
пика,pika,pi.ka,2,FF,1,TRUE
пикап,pikap,pi.kap,2,FF,2,TRUE
пике,pike,pi.ke,2,FF,3767,TRUE
пикемпи,pikempi,pi.kem.pi,3,FFF,1,TRUE
пикен,piken,pi.ken,2,FF,314,TRUE
пикентер,pikenter,pi.ken.ter,3,FFF,,FALSE
пикенчӗк,pikentɕøk,pi.ken.tɕøk,3,FFR,1,TRUE
пикенчӗклӗ,pikentɕøklø,pi.ken.tɕøk.lø,4,FFRR,3,TRUE
пикенчӗксӗр,pikentɕøksør,pi.ken.tɕøk.sør,4,FFRR,,FALSE
пикет,piket,pi.ket,2,FF,52,TRUE
пиклет,piklet,pik.let,2,FF,1,TRUE
пикник,piknik,pik.nik,2,FF,18,TRUE
пил,pil,pil,1,F,812,TRUE
пилеш,pileʃ,pi.leʃ,2,FF,894,TRUE
пилешлӗх,pileʃløx,pi.leʃ.løx,3,FFR,3,TRUE
пилӗк,piløk,pi.løk,2,FR,7383,TRUE
пилӗкҫурӑм,piløkɕurɵm,pi.løk.ɕu.rɵm,4,FRFR,,FALSE
пилӗккӗтеслӗх,piløkkøtesløx,pi.løk.kø.tes.løx,5,FRRFR,,FALSE
пилӗккунлӑх,piløkkunlɵx,pi.løk.kun.lɵx,4,FRFR,,FALSE
пилӗклӗ,piløklø,pi.løk.lø,3,FRR,124,TRUE
пилӗксӗмӗр,piløksømør,pi.løk.sø.mør,4,FRRR,5,TRUE
пилӗксӗр,piløksør,pi.løk.sør,3,FRR,16,TRUE
пилӗкҫӗр,piløkɕør,pi.løk.ɕør,3,FRR,107,TRUE
пилӗкҫӗрмӗш,piløkɕørmøʃ,pi.løk.ɕør.møʃ,4,FRRR,1,TRUE
пилӗкҫуллӑх,piløkɕullɵx,pi.løk.ɕul.lɵx,4,FRFR,84,TRUE
пилӗкшер,piløkʃer,pi.løk.ʃer,3,FRF,120,TRUE
пилӗкшерӗн,piløkʃerøn,pi.løk.ʃe.røn,4,FRFR,15,TRUE
пилле,pille,pil.le,2,FF,70,TRUE
пиллеш,pilleʃ,pil.leʃ,2,FF,,FALSE
пиллӗ,pillø,pil.lø,2,FR,148,TRUE
пиллӗк,pilløk,pil.løk,2,FR,794,TRUE
пиллӗкӗн,pilløkøn,pil.lø.køn,3,FRR,258,TRUE
пиллӗкӗш,pilløkøʃ,pil.lø.køʃ,3,FRR,14,TRUE
пиллӗкӗшӗ,pilløkøʃø,pil.lø.kø.ʃø,4,FRRR,104,TRUE
пиллӗкле,pilløkle,pil.løk.le,3,FRF,,FALSE
пиллӗклӗ,pilløklø,pil.løk.lø,3,FRR,5,TRUE
пиллӗклӗх,pilløkløx,pil.løk.løx,3,FRR,50,TRUE
пиллӗкмӗш,pilløkmøʃ,pil.løk.møʃ,3,FRR,962,TRUE
пиллӗн,pilløn,pil.løn,2,FR,67,TRUE
пиллӗх,pilløx,pil.løx,2,FR,146,TRUE
пиллӗхлӗ,pilløxlø,pil.løx.lø,3,FRR,34,TRUE
пиллӗхсӗр,pilløxsør,pil.løx.sør,3,FRR,3,TRUE
пилсӗр,pilsør,pil.sør,2,FR,77,TRUE
пилсӗрлӗх,pilsørløx,pil.sør.løx,3,FRR,2,TRUE
пилсӗррӗн,pilsørrøn,pil.sør.røn,3,FRR,1,TRUE
пилюля,piljulja,pil.jul.ja,3,FFF,,FALSE
пилястра,piljastra,pil.jast.ra,3,FFF,,FALSE
пимпа,pimpa,pim.pa,2,FF,2,TRUE
пин,pin,pin,1,F,19398,TRUE
пинӗш,pinøʃ,pi.nøʃ,2,FR,1,TRUE
пинӗшӗ,pinøʃø,pi.nø.ʃø,3,FRR,79,TRUE
пинлӗ,pinlø,pin.lø,2,FR,133,TRUE
пинмӗш,pinmøʃ,pin.møʃ,2,FR,36,TRUE
пинпӳ,pinpy,pin.py,2,FF,25,TRUE
пиншак,pinʃak,pin.ʃak,2,FF,381,TRUE
пиншер,pinʃer,pin.ʃer,2,FF,444,TRUE
пиншерӗн,pinʃerøn,pin.ʃe.røn,3,FFR,42,TRUE
пипетка,pipetka,pi.pet.ka,3,FFF,,FALSE
пипи,pipi,pi.pi,2,FF,3,TRUE
пипка,pipka,pip.ka,2,FF,,FALSE
пир,pir,pir,1,F,1934,TRUE
пиравӑр,piraʋɵr,pi.ra.ʋɵr,3,FFR,5,TRUE
пиравӑрҫӑ,piraʋɵrɕɵ,pi.ra.ʋɵr.ɕɵ,4,FFRR,,FALSE
пират,pirat,pi.rat,2,FF,34,TRUE
пиратла,piratla,pi.rat.la,3,FFF,6,TRUE
пирвай,pirʋaj,pir.ʋaj,2,FF,301,TRUE
пирвайхи,pirʋajxi,pir.ʋaj.xi,3,FFF,1255,TRUE
пире,pire,pi.re,2,FF,20882,TRUE
пирешкел,pireʃkel,pi.reʃ.kel,3,FFF,5,TRUE
пирӗн,pirøn,pi.røn,2,FR,52931,TRUE
пирӗнле,pirønle,pi.røn.le,3,FRF,29,TRUE
пирӗнни,pirønni,pi.røn.ni,3,FRF,128,TRUE
пирӗнпе,pirønpe,pi.røn.pe,3,FRF,1784,TRUE
пирӗнсӗр,pirønsør,pi.røn.sør,3,FRR,96,TRUE
пирӗнте,pirønte,pi.røn.te,3,FRF,67,TRUE
пирӗнтен,pirønten,pi.røn.ten,3,FRF,1308,TRUE
пирӗншӗн,pirønʃøn,pi.røn.ʃøn,3,FRR,1971,TRUE
пирӗштесӗр,pirøʃtesør,pi.røʃ.te.sør,4,FRFR,,FALSE
пирӗшти,pirøʃti,pi.røʃ.ti,3,FRF,432,TRUE
пирке,pirke,pir.ke,2,FF,15,TRUE
пирки,pirki,pir.ki,2,FF,43862,TRUE
пирс,pirs,pirs,1,F,9,TRUE
пирте,pirte,pir.te,2,FF,194,TRUE
пиртен,pirten,pir.ten,2,FF,1285,TRUE
пирук,piruk,pi.ruk,2,FF,,FALSE
пирус,pirus,pi.rus,2,FF,1824,TRUE
пирускӑ,piruskɵ,pi.rus.kɵ,3,FFR,2,TRUE
пируэт,piruet,pi.ru.et,3,FFF,,FALSE
пирче,pirtɕe,pir.tɕe,2,FF,4,TRUE
пирчев,pirtɕeʋ,pir.tɕeʋ,2,FF,7,TRUE
пирчевлен,pirtɕeʋlen,pir.tɕeʋ.len,3,FFF,,FALSE
пирчевлет,pirtɕeʋlet,pir.tɕeʋ.let,3,FFF,,FALSE
пирчеклӗ,pirtɕeklø,pir.tɕek.lø,3,FFR,,FALSE
пирчен,pirtɕen,pir.tɕen,2,FF,1,TRUE
пирчентер,pirtɕenter,pir.tɕen.ter,3,FFF,,FALSE
пирчет,pirtɕet,pir.tɕet,2,FF,8,TRUE
пис,pis,pis,1,F,14,TRUE
писатель,pisatelʲ,pi.sa.telʲ,3,FFF,773,TRUE
писев,piseʋ,pi.seʋ,2,FF,70,TRUE
писевле,piseʋle,pi.seʋ.le,3,FFF,1,TRUE
писевлен,piseʋlen,pi.seʋ.len,3,FFF,,FALSE
писӗн,pisøn,pi.søn,2,FR,,FALSE
писмеле,pismele,pis.me.le,3,FFF,,FALSE
писмен,pismen,pis.men,2,FF,37,TRUE
писсӑр,pissɵr,pis.sɵr,2,FR,1,TRUE
пистер,pister,pis.ter,2,FF,,FALSE
пистермӗш,pistermøʃ,pis.ter.møʃ,3,FFR,,FALSE
пиҫ,piɕ,piɕ,1,F,32,TRUE
пиҫен,piɕen,pi.ɕen,2,FF,145,TRUE
пиҫӗ,piɕø,pi.ɕø,2,FR,197,TRUE
пиҫӗк,piɕøk,pi.ɕøk,2,FR,13,TRUE
пиҫӗлен,piɕølen,pi.ɕø.len,3,FRF,,FALSE
пиҫӗлӗх,piɕøløx,pi.ɕø.løx,3,FRR,12,TRUE
пиҫӗм,piɕøm,pi.ɕøm,2,FR,4,TRUE
пиҫӗх,piɕøx,pi.ɕøx,2,FR,5,TRUE
пиҫӗхтер,piɕøxter,pi.ɕøx.ter,3,FRF,,FALSE
пиҫиххи,piɕixxi,pi.ɕix.xi,3,FFF,362,TRUE
пит,pit,pit,1,F,10437,TRUE
питкуҫ,pitkuɕ,pit.kuɕ,2,FF,2,TRUE
питани,pitani,pi.ta.ni,3,FFF,5,TRUE
питепитӗн,pitepitøn,pi.te.pi.tøn,4,FFFR,,FALSE
питӗ,pitø,pi.tø,2,FR,33417,TRUE
питӗлен,pitølen,pi.tø.len,3,FRF,,FALSE
питӗлентер,pitølenter,pi.tø.len.ter,4,FRFF,,FALSE
питӗлӗх,pitøløx,pi.tø.løx,3,FRR,1,TRUE
питӗр,pitør,pi.tør,2,FR,473,TRUE
питӗрӗн,pitørøn,pi.tø.røn,3,FRR,1,TRUE
питӗрӗнчӗк,pitørøntɕøk,pi.tø.røn.tɕøk,4,FRRR,37,TRUE
питӗркӗч,pitørkøtɕ,pi.tør.køtɕ,3,FRR,5,TRUE
питӗрлен,pitørlen,pi.tør.len,3,FRF,1,TRUE
питӗрттер,pitørtter,pi.tørt.ter,3,FRF,,FALSE
питле,pitle,pit.le,2,FF,7,TRUE
питлеш,pitleʃ,pit.leʃ,2,FF,,FALSE
питлӗх,pitløx,pit.løx,2,FR,103,TRUE
питлӗхлӗ,pitløxlø,pit.løx.lø,3,FRR,6,TRUE
питсӗр,pitsør,pi.tsør,2,FR,8,TRUE
питҫӑмарти,pitɕɵmarti,pi.tɕɵ.mar.ti,4,FRFF,118,TRUE
пихампар,pixampar,pi.xam.par,3,FFF,155,TRUE
пихта,pixta,pix.ta,2,FF,33,TRUE
пичатнӑй,pitɕatnɵj,pi.tɕat.nɵj,3,FFR,5,TRUE
пичев,pitɕeʋ,pi.tɕeʋ,2,FF,3,TRUE
пичевле,pitɕeʋle,pi.tɕeʋ.le,3,FFF,,FALSE
пичет,pitɕet,pi.tɕet,2,FF,1230,TRUE
пичетле,pitɕetle,pi.tɕet.le,3,FFF,10,TRUE
пичетлен,pitɕetlen,pi.tɕet.len,3,FFF,6,TRUE
пичетлеттер,pitɕetletter,pi.tɕet.let.ter,4,FFFF,,FALSE
пичке,pitɕke,pitɕ.ke,2,FF,322,TRUE
пичуркка,pitɕurkka,pi.tɕurk.ka,3,FFF,,FALSE
пичче,pitɕtɕe,pitɕ.tɕe,2,FF,4685,TRUE
пиччӗн,pitɕtɕøn,pitɕ.tɕøn,2,FR,166,TRUE
пияла,pijala,pi.ja.la,3,FFF,,FALSE
плавун,plaʋun,pla.ʋun,2,FF,1,TRUE
плакат,plakat,pla.kat,2,FF,98,TRUE
план,plan,plan,1,F,654,TRUE
планер,planer,pla.ner,2,FF,5,TRUE
планерист,planerist,pla.ne.rist,3,FFF,,FALSE
планеристка,planeristka,pla.ne.rist.ka,4,FFFF,,FALSE
планета,planeta,pla.ne.ta,3,FFF,636,TRUE
планетари,planetari,pla.ne.ta.ri,4,FFFF,32,TRUE
планиметри,planimetri,pla.ni.met.ri,4,FFFF,,FALSE
планка,planka,plan.ka,2,FF,10,TRUE
планла,planla,plan.la,2,FF,,FALSE
планлӑ,planlɵ,plan.lɵ,2,FR,15,TRUE
планлӑх,planlɵx,plan.lɵx,2,FR,,FALSE
плансӑр,plansɵr,plan.sɵr,2,FR,11,TRUE
плансӑрлӑх,plansɵrlɵx,plan.sɵr.lɵx,3,FRR,,FALSE
планшет,planʃet,plan.ʃet,2,FF,92,TRUE
планшетка,planʃetka,plan.ʃet.ka,3,FFF,,FALSE
пластик,plastik,plas.tik,2,FF,346,TRUE
пластика,plastika,plas.ti.ka,3,FFF,33,TRUE
пластикӑллӑ,plastikɵllɵ,plas.ti.kɵl.lɵ,4,FFRR,2,TRUE
пластилин,plastilin,plas.ti.lin,3,FFF,18,TRUE
пластинка,plastinka,plas.tin.ka,3,FFF,32,TRUE
пластинкӑллӑ,plastinkɵllɵ,plas.tin.kɵl.lɵ,4,FFRR,2,TRUE
пластмасса,plastmassa,plast.mas.sa,3,FFF,52,TRUE
пластун,plastun,plas.tun,2,FF,,FALSE
пластунла,plastunla,plas.tun.la,3,FFF,3,TRUE
пластырь,plastʉrʲ,plas.tʉrʲ,2,FF,7,TRUE
платан,platan,pla.tan,2,FF,7,TRUE
платина,platina,pla.ti.na,3,FFF,29,TRUE
платна,platna,plat.na,2,FF,17,TRUE
платник,platnik,plat.nik,2,FF,314,TRUE
платье,platʲe,pla.tʲe,2,FF,80,TRUE
плашка,plaʃka,plaʃ.ka,2,FF,1,TRUE
плевра,pleʋra,pleʋ.ra,2,FF,1,TRUE
плеврит,pleʋrit,pleʋ.rit,2,FF,10,TRUE
пленарлӑ,plenarlɵ,ple.nar.lɵ,3,FFR,75,TRUE
пленка,plenka,plen.ka,2,FF,63,TRUE
пленкӑллӑ,plenkɵllɵ,plen.kɵl.lɵ,3,FRR,5,TRUE
пленум,plenum,ple.num,2,FF,37,TRUE
плӗнка,plønka,pløn.ka,2,RF,,FALSE
плӗнкӑллӑ,plønkɵllɵ,pløn.kɵl.lɵ,3,RRR,,FALSE
пли,pli,pli,1,F,4,TRUE
плинтус,plintus,plin.tus,2,FF,5,TRUE
плис,plis,plis,1,F,7,TRUE
плита,plita,pli.ta,2,FF,268,TRUE
плиталлӑ,plitallɵ,pli.tal.lɵ,3,FFR,6,TRUE
плитка,plitka,plit.ka,2,FF,41,TRUE
плиткӑллӑ,plitkɵllɵ,plit.kɵl.lɵ,3,FRR,,FALSE
плюс,pljus,pljus,1,F,59,TRUE
плюш,pljuʃ,pljuʃ,1,F,9,TRUE
плюшка,pljuʃka,pljuʃ.ka,2,FF,2,TRUE
пневматика,pneʋmatika,pneʋ.ma.ti.ka,4,FFFF,48,TRUE
пневматикӑллӑ,pneʋmatikɵllɵ,pneʋ.ma.ti.kɵl.lɵ,5,FFFRR,5,TRUE
права,praʋa,pra.ʋa,2,FF,192,TRUE
правӑлӑх,praʋɵlɵx,pra.ʋɵ.lɵx,3,FRR,,FALSE
правӑсӑр,praʋɵsɵr,pra.ʋɵ.sɵr,3,FRR,2,TRUE
правӑсӑрлӑх,praʋɵsɵrlɵx,pra.ʋɵ.sɵr.lɵx,4,FRRR,,FALSE
правитель,praʋitelʲ,pra.ʋi.telʲ,3,FFF,13,TRUE
правительству,praʋitelʲstʋu,pra.ʋi.telʲst.ʋu,4,FFFF,1,TRUE
правлени,praʋleni,praʋ.le.ni,3,FFF,493,TRUE
правур,praʋur,pra.ʋur,2,FF,112,TRUE
практик,praktik,prak.tik,2,FF,14,TRUE
практика,praktika,prak.ti.ka,3,FFF,854,TRUE
практикант,praktikant,prak.ti.kant,3,FFF,20,TRUE
практикантка,praktikantka,prak.ti.kant.ka,4,FFFF,11,TRUE
практикум,praktikum,prak.ti.kum,3,FFF,13,TRUE
пралук,praluk,pra.luk,2,FF,401,TRUE
пралуксӑр,praluksɵr,pra.luk.sɵr,3,FFR,9,TRUE
прапай,prapaj,pra.paj,2,FF,,FALSE
праҫиикле,praɕiikle,pra.ɕi.ik.le,4,FFFF,,FALSE
праҫник,praɕnik,praɕ.nik,2,FF,365,TRUE
праҫникле,praɕnikle,praɕ.nik.le,3,FFF,1,TRUE
прачак,pratɕak,pra.tɕak,2,FF,9,TRUE
прачечнӑй,pratɕetɕnɵj,pra.tɕetɕ.nɵj,3,FFR,12,TRUE
прачка,pratɕka,pratɕ.ka,2,FF,9,TRUE
прейскурант,prejskurant,prejs.ku.rant,3,FFF,2,TRUE
преми,premi,pre.mi,2,FF,785,TRUE
премиле,premile,pre.mi.le,3,FFF,,FALSE
премьер,premʲer,pre.mʲer,2,FF,914,TRUE
премьерминистр,premʲerministr,pre.mʲer.mi.nistr,4,FFFF,1,TRUE
премьера,premʲera,pre.mʲe.ra,3,FFF,233,TRUE
прени,preni,pre.ni,2,FF,9,TRUE
препарат,preparat,pre.pa.rat,3,FFF,71,TRUE
прери,preri,pre.ri,2,FF,,FALSE
пресла,presla,pres.la,2,FF,1,TRUE
преслан,preslan,pres.lan,2,FF,,FALSE
пресс,press,press,1,F,1414,TRUE
прессатташе,pressattaʃe,pres.sat.ta.ʃe,4,FFFF,,FALSE
пресспапье,presspapʲe,press.pa.pʲe,3,FFF,,FALSE
пресса,pressa,pres.sa,2,FF,78,TRUE
преступлени,prestupleni,pres.tup.le.ni,4,FFFF,795,TRUE
преступленилле,prestuplenille,pres.tup.le.nil.le,5,FFFFF,2,TRUE
преступник,prestupnik,pres.tup.nik,3,FFF,97,TRUE
прививка,priʋiʋka,pri.ʋiʋ.ka,3,FFF,146,TRUE
прививку,priʋiʋku,pri.ʋiʋ.ku,3,FFF,,FALSE
приемник,priemnik,pri.em.nik,3,FFF,25,TRUE
приӗмнӑй,priømnɵj,pri.øm.nɵj,3,FRR,,FALSE
прииск,priisk,pri.isk,2,FF,1,TRUE
приклат,priklat,prik.lat,2,FF,,FALSE
приключени,prikljutɕeni,prikl.ju.tɕe.ni,4,FFFF,26,TRUE
приключениллӗ,prikljutɕenillø,prikl.ju.tɕe.nil.lø,5,FFFFR,25,TRUE
прилив,priliʋ,pri.liʋ,2,FF,2,TRUE
прима,prima,pri.ma,2,FF,11,TRUE
приматсем,primatsem,pri.ma.tsem,3,FFF,,FALSE
пример,primer,pri.mer,2,FF,20,TRUE
примерла,primerla,pri.mer.la,3,FFF,,FALSE
примитив,primitiʋ,pri.mi.tiʋ,3,FFF,,FALSE
примитивлӑ,primitiʋlɵ,pri.mi.tiʋ.lɵ,4,FFFR,8,TRUE
примитивлӑх,primitiʋlɵx,pri.mi.tiʋ.lɵx,4,FFFR,1,TRUE
примус,primus,pri.mus,2,FF,9,TRUE
примыкани,primʉkani,pri.mʉ.ka.ni,4,FFFF,,FALSE
прис,pris,pris,1,F,7,TRUE
пристав,pristaʋ,pris.taʋ,2,FF,83,TRUE
приставка,pristaʋka,pris.taʋ.ka,3,FFF,13,TRUE
приставкӑллӑ,pristaʋkɵllɵ,pris.taʋ.kɵl.lɵ,4,FFRR,,FALSE
пристань,pristanʲ,pris.tanʲ,2,FF,203,TRUE
прихут,prixut,pri.xut,2,FF,159,TRUE
причак,pritɕak,pri.tɕak,2,FF,6,TRUE
причал,pritɕal,pri.tɕal,2,FF,18,TRUE
причасти,pritɕasti,pri.tɕas.ti,3,FFF,12,TRUE
причастиллӗ,pritɕastillø,pri.tɕas.til.lø,4,FFFR,,FALSE
прическа,pritɕeska,pri.tɕes.ka,3,FFF,89,TRUE
причт,pritɕt,pritɕt,1,F,,FALSE
приют,prijut,pri.jut,2,FF,37,TRUE
псалтырь,psaltʉrʲ,psal.tʉrʲ,2,FF,10,TRUE
психастени,psixasteni,psi.xas.te.ni,4,FFFF,,FALSE
психиатр,psixiatr,psi.xi.atr,3,FFF,57,TRUE
психиатри,psixiatri,psi.xi.at.ri,4,FFFF,175,TRUE
психика,psixika,psi.xi.ka,3,FFF,175,TRUE
психикӑлла,psixikɵlla,psi.xi.kɵl.la,4,FFRF,6,TRUE
пу,pu,pu,1,F,671,TRUE
пуй,puj,puj,1,F,11,TRUE
пуйӑс,pujɵs,pu.jɵs,2,FR,833,TRUE
пуйтар,pujtar,puj.tar,2,FF,1,TRUE
пук,puk,puk,1,F,1,TRUE
пукан,pukan,pu.kan,2,FF,1919,TRUE
пукане,pukane,pu.ka.ne,3,FFF,1188,TRUE
пуканелле,pukanelle,pu.ka.nel.le,4,FFFF,30,TRUE
пуклак,puklak,puk.lak,2,FF,97,TRUE
пуклаклан,puklaklan,puk.lak.lan,3,FFF,,FALSE
пуклаклат,puklaklat,puk.lak.lat,3,FFF,,FALSE
пуклашка,puklaʃka,puk.laʃ.ka,3,FFF,1,TRUE
пукра,pukra,puk.ra,2,FF,28,TRUE
пукрав,pukraʋ,puk.raʋ,2,FF,115,TRUE
пукраллӑ,pukrallɵ,puk.ral.lɵ,3,FFR,2,TRUE
пукранкка,pukrankka,puk.rank.ka,3,FFF,,FALSE
пукрас,pukras,puk.ras,2,FF,10,TRUE
пул,pul,pul,1,F,4682,TRUE
пула,pula,pu.la,2,FF,8847,TRUE
пулан,pulan,pu.lan,2,FF,170,TRUE
пуланкилен,pulankilen,pu.lan.ki.len,4,FFFF,,FALSE
пуланпулман,pulanpulman,pu.lan.pul.man,4,FFFF,,FALSE
пулас,pulas,pu.las,2,FF,15392,TRUE
пуласлӑх,pulaslɵx,pu.las.lɵx,3,FFR,767,TRUE
пуласси,pulassi,pu.las.si,3,FFF,1747,TRUE
пулах,pulax,pu.lax,2,FF,832,TRUE
пулӑ,pulɵ,pu.lɵ,2,FR,3836,TRUE
пулӑм,pulɵm,pu.lɵm,2,FR,1686,TRUE
пулӑҫӑ,pulɵɕɵ,pu.lɵ.ɕɵ,3,FRR,101,TRUE
пулӑх,pulɵx,pu.lɵx,2,FR,7,TRUE
пулӑхлӑ,pulɵxlɵ,pu.lɵx.lɵ,3,FRR,118,TRUE
пулӑхсӑр,pulɵxsɵr,pu.lɵx.sɵr,3,FRR,5,TRUE
пулӑш,pulɵʃ,pu.lɵʃ,2,FR,544,TRUE
пулӑштар,pulɵʃtar,pu.lɵʃ.tar,3,FRF,,FALSE
пулӑштух,pulɵʃtux,pu.lɵʃ.tux,3,FRF,30,TRUE
пулӑшу,pulɵʃu,pu.lɵ.ʃu,3,FRF,5997,TRUE
пулӑшулӑх,pulɵʃulɵx,pu.lɵ.ʃu.lɵx,4,FRFR,1,TRUE
пулӑшусӑр,pulɵʃusɵr,pu.lɵ.ʃu.sɵr,4,FRFR,68,TRUE
пулек,pulek,pu.lek,2,FF,1,TRUE
пулемет,pulemet,pu.le.met,3,FFF,251,TRUE
пулеметчик,pulemettɕik,pu.le.met.tɕik,4,FFFF,54,TRUE
пуленке,pulenke,pu.len.ke,3,FFF,45,TRUE
пуленкке,pulenkke,pu.lenk.ke,3,FFF,21,TRUE
пулӗ,pulø,pu.lø,2,FR,22507,TRUE
пулипулми,pulipulmi,pu.li.pul.mi,4,FFFF,6,TRUE
пулин,pulin,pu.lin,2,FF,21427,TRUE
пулинех,pulinex,pu.li.nex,3,FFF,252,TRUE
пулккӑ,pulkkɵ,pulk.kɵ,2,FR,1,TRUE
пулккӑнпулккӑн,pulkkɵnpulkkɵn,pulk.kɵn.pulk.kɵn,4,FRFR,,FALSE
пулле,pulle,pul.le,2,FF,4,TRUE
пулмас,pulmas,pul.mas,2,FF,14,TRUE
пулмасла,pulmasla,pul.mas.la,3,FFF,25,TRUE
пулнииртни,pulniirtni,pul.ni.irt.ni,4,FFFF,2,TRUE
пулсан,pulsan,pul.san,2,FF,39697,TRUE
пултар,pultar,pul.tar,2,FF,91,TRUE
пултараслӑх,pultaraslɵx,pul.ta.ras.lɵx,4,FFFR,15,TRUE
пултару,pultaru,pul.ta.ru,3,FFF,86,TRUE
пултарулӑх,pultarulɵx,pul.ta.ru.lɵx,4,FFFR,5003,TRUE
пултаруллӑ,pultarullɵ,pul.ta.rul.lɵ,4,FFFR,4643,TRUE
пултарусӑр,pultarusɵr,pul.ta.ru.sɵr,4,FFFR,11,TRUE
пултарусӑрлӑх,pultarusɵrlɵx,pul.ta.ru.sɵr.lɵx,5,FFFRR,,FALSE
пултӑк,pultɵk,pul.tɵk,2,FR,4,TRUE
пултӑклӑ,pultɵklɵ,pul.tɵk.lɵ,3,FRR,26,TRUE
пултӑксӑр,pultɵksɵr,pul.tɵk.sɵr,3,FRR,,FALSE
пултӑр,pultɵr,pul.tɵr,2,FR,10928,TRUE
пултӑран,pultɵran,pul.tɵ.ran,3,FRF,68,TRUE
пултӑранлӑх,pultɵranlɵx,pul.tɵ.ran.lɵx,4,FRFR,,FALSE
пултран,pultran,pult.ran,2,FF,54,TRUE
пултранкӑ,pultrankɵ,pult.ran.kɵ,3,FFR,1,TRUE
пултти,pultti,pult.ti,2,FF,6,TRUE
пулу,pulu,pu.lu,2,FF,607,TRUE
пуль,pulʲ,pulʲ,1,F,15032,TRUE
пульпа,pulʲpa,pulʲ.pa,2,FF,,FALSE
пульс,pulʲs,pulʲs,1,F,16,TRUE
пульт,pulʲt,pulʲt,1,F,31,TRUE
пуля,pulja,pul.ja,2,FF,400,TRUE
пума,puma,pu.ma,2,FF,11,TRUE
пумак,pumak,pu.mak,2,FF,,FALSE
пумаклан,pumaklan,pu.mak.lan,3,FFF,,FALSE
пумаҫи,pumaɕi,pu.ma.ɕi,3,FFF,4,TRUE
пумилкке,pumilkke,pu.milk.ke,3,FFF,28,TRUE
пунеттей,punettej,pu.net.tej,3,FFF,12,TRUE
пункт,punkt,punkt,1,F,194,TRUE
пунктир,punktir,punk.tir,2,FF,3,TRUE
пунктирлӑ,punktirlɵ,punk.tir.lɵ,3,FFR,,FALSE
пунш,punʃ,punʃ,1,F,7,TRUE
пуп,pup,pup,1,F,1938,TRUE
пупле,puple,pup.le,2,FF,45,TRUE
пуплев,pupleʋ,pup.leʋ,2,FF,482,TRUE
пуплеш,pupleʃ,pup.leʃ,2,FF,6,TRUE
пуплешӳ,pupleʃy,pup.le.ʃy,3,FFF,1,TRUE
пур,pur,pur,1,F,59478,TRUE
пурҫук,purɕuk,pur.ɕuk,2,FF,5,TRUE
пура,pura,pu.ra,2,FF,279,TRUE
пурак,purak,pu.rak,2,FF,39,TRUE
пурала,purala,pu.ra.la,3,FFF,,FALSE
пуран,puran,pu.ran,2,FF,12,TRUE
пурантар,purantar,pu.ran.tar,3,FFF,1,TRUE
пураттар,purattar,pu.rat.tar,3,FFF,,FALSE
пурӑ,purɵ,pu.rɵ,2,FR,84,TRUE
пурӑк,purɵk,pu.rɵk,2,FR,13,TRUE
пурӑла,purɵla,pu.rɵ.la,3,FRF,,FALSE
пурӑлан,purɵlan,pu.rɵ.lan,3,FRF,,FALSE
пурӑн,purɵn,pu.rɵn,2,FR,807,TRUE
пурӑнакиле,purɵnakile,pu.rɵ.na.ki.le,5,FRFFF,6,TRUE
пурӑнтар,purɵntar,pu.rɵn.tar,3,FRF,1,TRUE
пурӑш,purɵʃ,pu.rɵʃ,2,FR,50,TRUE
пурӗ,purø,pu.rø,2,FR,5082,TRUE
пурӗш,purøʃ,pu.røʃ,2,FR,3,TRUE
пурист,purist,pu.rist,2,FF,,FALSE
пуристла,puristla,pu.rist.la,3,FFF,,FALSE
пуритан,puritan,pu.ri.tan,3,FFF,1,TRUE
пуританла,puritanla,pu.ri.tan.la,4,FFFF,,FALSE
пуританлӑх,puritanlɵx,pu.ri.tan.lɵx,4,FFFR,,FALSE
пурла,purla,pur.la,2,FF,4,TRUE
пурлак,purlak,pur.lak,2,FF,,FALSE
пурлан,purlan,pur.lan,2,FF,,FALSE
пурлӑ,purlɵ,pur.lɵ,2,FR,103,TRUE
пурлӑҫуклӑ,purlɵɕuklɵ,pur.lɵ.ɕuk.lɵ,4,FRFR,,FALSE
пурлӑуклӑ,purlɵuklɵ,pur.lɵ.uk.lɵ,4,FRFR,,FALSE
пурлӑх,purlɵx,pur.lɵx,2,FR,1224,TRUE
пурлӑхырлӑх,purlɵxʉrlɵx,pur.lɵ.xʉr.lɵx,4,FRFR,,FALSE
пурлӑхюрлӑх,purlɵxjurlɵx,pur.lɵx.jur.lɵx,4,FRFR,,FALSE
пурлӑхлӑ,purlɵxlɵ,pur.lɵx.lɵ,3,FRR,32,TRUE
пурлӑхсӑр,purlɵxsɵr,pur.lɵx.sɵr,3,FRR,17,TRUE
пурмис,purmis,pur.mis,2,FF,98,TRUE
пурнӑҫ,purnɵɕ,pur.nɵɕ,2,FR,18112,TRUE
пурнӑҫла,purnɵɕla,pur.nɵɕ.la,3,FRF,41,TRUE
пурнӑҫлан,purnɵɕlan,pur.nɵɕ.lan,3,FRF,1,TRUE
пурнӑҫлаттар,purnɵɕlattar,pur.nɵɕ.lat.tar,4,FRFF,,FALSE
пурнӑҫлӑх,purnɵɕlɵx,pur.nɵɕ.lɵx,3,FRR,,FALSE
пурпӗр,purpør,pur.pør,2,FR,1489,TRUE
пурпур,purpur,pur.pur,2,FF,5,TRUE
пурсӑмӑр,pursɵmɵr,pur.sɵ.mɵr,3,FRR,155,TRUE
пурсӑр,pursɵr,pur.sɵr,2,FR,69,TRUE
пурсуй,pursuj,pur.suj,2,FF,11,TRUE
пурҫӑн,purɕɵn,pur.ɕɵn,2,FR,860,TRUE
пуртӑ,purtɵ,pur.tɵ,2,FR,812,TRUE
пуртӑпӑчкӑ,purtɵpɵtɕkɵ,pur.tɵ.pɵtɕ.kɵ,4,FRRR,1,TRUE
пурте,purte,pur.te,2,FF,17824,TRUE
пуртеку,purteku,pur.te.ku,3,FFF,,FALSE
пуртенкке,purtenkke,pur.tenk.ke,3,FFF,26,TRUE
пус,pus,pus,1,F,1667,TRUE
пуса,pusa,pu.sa,2,FF,350,TRUE
пусак,pusak,pu.sak,2,FF,3,TRUE
пусар,pusar,pu.sar,2,FF,22,TRUE
пусарӑн,pusarɵn,pu.sa.rɵn,3,FFR,4,TRUE
пусарӑнтар,pusarɵntar,pu.sa.rɵn.tar,4,FFRF,,FALSE
пусаркӑҫ,pusarkɵɕ,pu.sar.kɵɕ,3,FFR,1,TRUE
пусарлӑк,pusarlɵk,pu.sar.lɵk,3,FFR,,FALSE
пусаха,pusaxa,pu.sa.xa,3,FFF,,FALSE
пусахӑ,pusaxɵ,pu.sa.xɵ,3,FFR,,FALSE
пусахла,pusaxla,pu.sax.la,3,FFF,8,TRUE
пусӑ,pusɵ,pu.sɵ,2,FR,564,TRUE
пусӑлӑх,pusɵlɵx,pu.sɵ.lɵx,3,FRR,7,TRUE
пусӑм,pusɵm,pu.sɵm,2,FR,353,TRUE
пусӑмла,pusɵmla,pu.sɵm.la,3,FRF,,FALSE
пусӑмлӑ,pusɵmlɵ,pu.sɵm.lɵ,3,FRR,55,TRUE
пусӑмсӑр,pusɵmsɵr,pu.sɵm.sɵr,3,FRR,16,TRUE
пусӑн,pusɵn,pu.sɵn,2,FR,29,TRUE
пусӑнтар,pusɵntar,pu.sɵn.tar,3,FRF,10,TRUE
пусӑрӑн,pusɵrɵn,pu.sɵ.rɵn,3,FRR,2,TRUE
пусӑрӑнкӑ,pusɵrɵnkɵ,pu.sɵ.rɵn.kɵ,4,FRRR,1,TRUE
пусӑрӑнтар,pusɵrɵntar,pu.sɵ.rɵn.tar,4,FRRF,1,TRUE
пусӑрӑнчӑк,pusɵrɵntɕɵk,pu.sɵ.rɵn.tɕɵk,4,FRRR,186,TRUE
пусӑрӑнчӑклӑн,pusɵrɵntɕɵklɵn,pu.sɵ.rɵn.tɕɵk.lɵn,5,FRRRR,17,TRUE
пусӑх,pusɵx,pu.sɵx,2,FR,,FALSE
пускӑч,puskɵtɕ,pus.kɵtɕ,2,FR,73,TRUE
пускӑчлӑ,puskɵtɕlɵ,pus.kɵtɕ.lɵ,3,FRR,1,TRUE
пускил,puskil,pus.kil,2,FF,86,TRUE
пуслӑх,puslɵx,pus.lɵx,2,FR,306,TRUE
пусма,pusma,pus.ma,2,FF,1748,TRUE
пусматавар,pusmataʋar,pus.ma.ta.ʋar,4,FFFF,,FALSE
пусмалӑх,pusmalɵx,pus.ma.lɵx,3,FFR,15,TRUE
пусмӑр,pusmɵr,pus.mɵr,2,FR,120,TRUE
пусмӑрла,pusmɵrla,pus.mɵr.la,3,FRF,3,TRUE
пусмӑрлаттар,pusmɵrlattar,pus.mɵr.lat.tar,4,FRFF,2,TRUE
пусмӑрлӑх,pusmɵrlɵx,pus.mɵr.lɵx,3,FRR,17,TRUE
пусмӑрҫӑ,pusmɵrɕɵ,pus.mɵr.ɕɵ,3,FRR,19,TRUE
пустав,pustaʋ,pus.taʋ,2,FF,147,TRUE
пуставлӑ,pustaʋlɵ,pus.taʋ.lɵ,3,FFR,6,TRUE
пустар,pustar,pus.tar,2,FF,6,TRUE
пустуй,pustuj,pus.tuj,2,FF,408,TRUE
пусыпкӑ,pusʉpkɵ,pu.sʉp.kɵ,3,FFR,5,TRUE
пуҫ,puɕ,puɕ,1,F,13899,TRUE
пуҫура,puɕura,pu.ɕu.ra,3,FFF,,FALSE
пуҫапуҫӑн,puɕapuɕɵn,pu.ɕa.pu.ɕɵn,4,FFFR,,FALSE
пуҫана,puɕana,pu.ɕa.na,3,FFF,95,TRUE
пуҫаналлӑ,puɕanallɵ,pu.ɕa.nal.lɵ,4,FFFR,3,TRUE
пуҫар,puɕar,pu.ɕar,2,FF,12,TRUE
пуҫару,puɕaru,pu.ɕa.ru,3,FFF,249,TRUE
пуҫарулӑх,puɕarulɵx,pu.ɕa.ru.lɵx,4,FFFR,147,TRUE
пуҫаруллӑ,puɕarullɵ,pu.ɕa.rul.lɵ,4,FFFR,402,TRUE
пуҫаруҫӑ,puɕaruɕɵ,pu.ɕa.ru.ɕɵ,4,FFFR,23,TRUE
пуҫӑн,puɕɵn,pu.ɕɵn,2,FR,348,TRUE
пуҫӑнтар,puɕɵntar,pu.ɕɵn.tar,3,FRF,,FALSE
пуҫватмӑш,puɕʋatmɵʃ,puɕ.ʋat.mɵʃ,3,FFR,24,TRUE
пуҫелӗк,puɕeløk,pu.ɕe.løk,3,FFR,58,TRUE
пуҫӗпе,puɕøpe,pu.ɕø.pe,3,FRF,779,TRUE
пуҫиле,puɕile,pu.ɕi.le,3,FFF,491,TRUE
пуҫкасан,puɕkasan,puɕ.ka.san,3,FFF,3,TRUE
пуҫла,puɕla,puɕ.la,2,FF,159,TRUE
пуҫламӑш,puɕlamɵʃ,puɕ.la.mɵʃ,3,FFR,1953,TRUE
пуҫлан,puɕlan,puɕ.lan,2,FF,27,TRUE
пуҫлаттар,puɕlattar,puɕ.lat.tar,3,FFF,1,TRUE
пуҫлӑ,puɕlɵ,puɕ.lɵ,2,FR,935,TRUE
пуҫлӑвӗҫлӗ,puɕlɵʋøɕlø,puɕ.lɵ.ʋøɕ.lø,4,FRRR,,FALSE
пуҫлӑх,puɕlɵx,puɕ.lɵx,2,FR,1780,TRUE
пуҫлура,puɕlura,puɕ.lu.ra,3,FFF,,FALSE
пуҫмапуҫ,puɕmapuɕ,puɕ.ma.puɕ,3,FFF,,FALSE
пуҫне,puɕne,puɕ.ne,2,FF,21519,TRUE
пуҫпе,puɕpe,puɕ.pe,2,FF,16,TRUE
пуҫпул,puɕpul,puɕ.pul,2,FF,,FALSE
пуҫсӑр,puɕsɵr,puɕ.sɵr,2,FR,295,TRUE
пуҫсӑрла,puɕsɵrla,puɕ.sɵr.la,3,FRF,4,TRUE
пуҫсӑрлан,puɕsɵrlan,puɕ.sɵr.lan,3,FRF,,FALSE
пуҫсӑрлантар,puɕsɵrlantar,puɕ.sɵr.lan.tar,4,FRFF,,FALSE
пуҫсӑрлану,puɕsɵrlanu,puɕ.sɵr.la.nu,4,FRFF,,FALSE
пуҫсӑрлӑх,puɕsɵrlɵx,puɕ.sɵr.lɵx,3,FRR,1,TRUE
пуҫҫап,puɕɕap,puɕ.ɕap,2,FF,24,TRUE
пуҫтар,puɕtar,puɕ.tar,2,FF,132,TRUE
пуҫтарӑн,puɕtarɵn,puɕ.ta.rɵn,3,FFR,76,TRUE
пуҫтарттар,puɕtarttar,puɕ.tart.tar,3,FFF,,FALSE
пуҫтару,puɕtaru,puɕ.ta.ru,3,FFF,2,TRUE
пуҫтарулӑх,puɕtarulɵx,puɕ.ta.ru.lɵx,4,FFFR,,FALSE
пуҫтаруллӑ,puɕtarullɵ,puɕ.ta.rul.lɵ,4,FFFR,5,TRUE
пуҫтарусӑр,puɕtarusɵr,puɕ.ta.ru.sɵr,4,FFFR,3,TRUE
пуҫтах,puɕtax,puɕ.tax,2,FF,265,TRUE
пуҫтахлан,puɕtaxlan,puɕ.tax.lan,3,FFF,11,TRUE
пуҫтахлантар,puɕtaxlantar,puɕ.tax.lan.tar,4,FFFF,,FALSE
пуҫтахлӑх,puɕtaxlɵx,puɕ.tax.lɵx,3,FFR,1,TRUE
пуҫхӗрлӗ,puɕxørlø,puɕ.xør.lø,3,FRR,241,TRUE
пут,put,put,1,F,27,TRUE
пута,puta,pu.ta,2,FF,83,TRUE
путавҫӑ,putaʋɕɵ,pu.taʋ.ɕɵ,3,FFR,1,TRUE
путалӑх,putalɵx,pu.ta.lɵx,3,FFR,,FALSE
путам,putam,pu.tam,2,FF,2,TRUE
путар,putar,pu.tar,2,FF,4,TRUE
путарӑн,putarɵn,pu.ta.rɵn,3,FFR,,FALSE
путаркӑҫ,putarkɵɕ,pu.tar.kɵɕ,3,FFR,1,TRUE
путӑк,putɵk,pu.tɵk,2,FR,151,TRUE
путӑкшӑтӑк,putɵkʃɵtɵk,pu.tɵk.ʃɵ.tɵk,4,FRRR,,FALSE
путӑкла,putɵkla,pu.tɵk.la,3,FRF,,FALSE
путӑклан,putɵklan,pu.tɵk.lan,3,FRF,,FALSE
путӑклӑ,putɵklɵ,pu.tɵk.lɵ,3,FRR,60,TRUE
путӑклӑшӑтӑклӑ,putɵklɵʃɵtɵklɵ,pu.tɵk.lɵ.ʃɵ.tɵk.lɵ,6,FRRRRR,,FALSE
путӑм,putɵm,pu.tɵm,2,FR,1,TRUE
путӑш,putɵʃ,pu.tɵʃ,2,FR,10,TRUE
путвай,putʋaj,put.ʋaj,2,FF,,FALSE
путвал,putʋal,put.ʋal,2,FF,70,TRUE
путевка,puteʋka,pu.teʋ.ka,3,FFF,305,TRUE
путек,putek,pu.tek,2,FF,318,TRUE
путекпӑран,putekpɵran,pu.tek.pɵ.ran,4,FFRF,,FALSE
путексурӑх,puteksurɵx,pu.tek.su.rɵx,4,FFFR,1,TRUE
путекҫатак,putekɕatak,pu.tek.ɕa.tak,4,FFFF,,FALSE
путеке,puteke,pu.te.ke,3,FFF,72,TRUE
путекле,putekle,pu.tek.le,3,FFF,3,TRUE
путене,putene,pu.te.ne,3,FFF,270,TRUE
путех,putex,pu.tex,2,FF,85,TRUE
путӗвка,putøʋka,pu.tøʋ.ka,3,FRF,1,TRUE
пути,puti,pu.ti,2,FF,31,TRUE
путиш,putiʃ,pu.tiʃ,2,FF,36,TRUE
путишле,putiʃle,pu.tiʃ.le,3,FFF,51,TRUE
путлан,putlan,put.lan,2,FF,2,TRUE
путланкӑ,putlankɵ,put.lan.kɵ,3,FFR,,FALSE
путлантар,putlantar,put.lan.tar,3,FFF,,FALSE
путлӑх,putlɵx,put.lɵx,2,FR,16,TRUE
путлӑхлӑ,putlɵxlɵ,put.lɵx.lɵ,3,FRR,10,TRUE
путлӗ,putlø,put.lø,2,FR,121,TRUE
путлӗн,putløn,put.løn,2,FR,55,TRUE
путмар,putmar,put.mar,2,FF,110,TRUE
путпилккӑ,putpilkkɵ,put.pilk.kɵ,3,FFR,,FALSE
путрав,putraʋ,put.raʋ,2,FF,3,TRUE
путрешке,putreʃke,put.reʃ.ke,3,FFF,,FALSE
путрус,putrus,put.rus,2,FF,,FALSE
путсанккӑ,putsankkɵ,pu.tsank.kɵ,3,FFR,,FALSE
путсӗр,putsør,pu.tsør,2,FR,756,TRUE
путсӗрлен,putsørlen,pu.tsør.len,3,FRF,,FALSE
путсӗрлӗх,putsørløx,pu.tsør.løx,3,FRR,12,TRUE
путуш,putuʃ,pu.tuʃ,2,FF,,FALSE
путхах,putxax,put.xax,2,FF,,FALSE
путь,putʲ,putʲ,1,F,340,TRUE
пух,pux,pux,1,F,124,TRUE
пухӑ,puxɵ,pu.xɵ,2,FR,38,TRUE
пухӑн,puxɵn,pu.xɵn,2,FR,16,TRUE
пухмач,puxmatɕ,pux.matɕ,2,FF,30,TRUE
пухтар,puxtar,pux.tar,2,FF,,FALSE
пуху,puxu,pu.xu,2,FF,1343,TRUE
пухут,puxut,pu.xut,2,FF,4,TRUE
пухутлӑ,puxutlɵ,pu.xut.lɵ,3,FFR,6,TRUE
пухча,puxtɕa,pux.tɕa,2,FF,3,TRUE
пучах,putɕax,pu.tɕax,2,FF,348,TRUE
пучахлӑ,putɕaxlɵ,pu.tɕax.lɵ,3,FFR,35,TRUE
пучушши,putɕuʃʃi,pu.tɕuʃ.ʃi,3,FFF,1,TRUE
пуш,puʃ,puʃ,1,F,4255,TRUE
пуша,puʃa,pu.ʃa,2,FF,24,TRUE
пушали,puʃali,pu.ʃa.li,3,FFF,4,TRUE
пушан,puʃan,pu.ʃan,2,FF,6,TRUE
пушанка,puʃanka,pu.ʃan.ka,3,FFF,3,TRUE
пушантар,puʃantar,pu.ʃan.tar,3,FFF,,FALSE
пушар,puʃar,pu.ʃar,2,FF,3053,TRUE
пушартан,puʃartan,pu.ʃar.tan,3,FFF,196,TRUE
пушат,puʃat,pu.ʃat,2,FF,30,TRUE
пушаттар,puʃattar,pu.ʃat.tar,3,FFF,1,TRUE
пушӑ,puʃɵ,pu.ʃɵ,2,FR,4927,TRUE
пушӑлӑх,puʃɵlɵx,pu.ʃɵ.lɵx,3,FRR,37,TRUE
пушӑлла,puʃɵlla,pu.ʃɵl.la,3,FRF,91,TRUE
пушӑнка,puʃɵnka,pu.ʃɵn.ka,3,FRF,1,TRUE
пушӑт,puʃɵt,pu.ʃɵt,2,FR,210,TRUE
пушӑтмунчала,puʃɵtmuntɕala,pu.ʃɵt.mun.tɕa.la,5,FRFFF,,FALSE
пушкар,puʃkar,puʃ.kar,2,FF,11,TRUE
пушкарла,puʃkarla,puʃ.kar.la,3,FFF,,FALSE
пушкарлан,puʃkarlan,puʃ.kar.lan,3,FFF,,FALSE
пушкарт,puʃkart,puʃ.kart,2,FF,8,TRUE
пушкӑрт,puʃkɵrt,puʃ.kɵrt,2,FR,4151,TRUE
пушкӑртла,puʃkɵrtla,puʃ.kɵrt.la,3,FRF,125,TRUE
пушмак,puʃmak,puʃ.mak,2,FF,1151,TRUE
пушмакла,puʃmakla,puʃ.mak.la,3,FFF,,FALSE
пушмакҫӑ,puʃmakɕɵ,puʃ.mak.ɕɵ,3,FFR,4,TRUE
пуштӑ,puʃtɵ,puʃ.tɵ,2,FR,52,TRUE
пуштӗр,puʃtør,puʃ.tør,2,FR,,FALSE
пушуччи,puʃutɕtɕi,pu.ʃutɕ.tɕi,3,FFF,1,TRUE
пушхир,puʃxir,puʃ.xir,2,FF,90,TRUE
пушхирлӗ,puʃxirlø,puʃ.xir.lø,3,FFR,7,TRUE
пушшӑн,puʃʃɵn,puʃ.ʃɵn,2,FR,24,TRUE
пушшех,puʃʃex,puʃ.ʃex,2,FF,2575,TRUE
пуян,pujan,pu.jan,2,FF,5745,TRUE
пуянлан,pujanlan,pu.jan.lan,3,FFF,4,TRUE
пуянлантар,pujanlantar,pu.jan.lan.tar,4,FFFF,,FALSE
пуянлат,pujanlat,pu.jan.lat,3,FFF,4,TRUE
пуянлӑх,pujanlɵx,pu.jan.lɵx,3,FFR,658,TRUE
пӳ,py,py,1,F,720,TRUE
пӳси,pysi,py.si,2,FF,,FALSE
пӳсиллӗ,pysillø,py.sil.lø,3,FFR,8,TRUE
пӳк,pyk,pyk,1,F,,FALSE
пӳкӗм,pykøm,py.køm,2,FR,,FALSE
пӳкле,pykle,pyk.le,2,FF,74,TRUE
пӳклем,pyklem,pyk.lem,2,FF,,FALSE
пӳклеттер,pykletter,pyk.let.ter,3,FFF,,FALSE
пӳклеш,pykleʃ,pyk.leʃ,2,FF,7,TRUE
пӳл,pyl,pyl,1,F,49,TRUE
пӳлемес,pylemes,py.le.mes,3,FFF,1,TRUE
пӳлӗ,pylø,py.lø,2,FR,19,TRUE
пӳлӗм,pyløm,py.løm,2,FR,1676,TRUE
пӳлӗмлӗ,pylømlø,py.løm.lø,3,FRR,563,TRUE
пӳлӗн,pyløn,py.løn,2,FR,4,TRUE
пӳлӗнтер,pylønter,py.løn.ter,3,FRF,,FALSE
пӳлӗх,pyløx,py.løx,2,FR,174,TRUE
пӳлӗхҫӗ,pyløxɕø,py.løx.ɕø,3,FRR,290,TRUE
пӳллӗ,pyllø,pyl.lø,2,FR,627,TRUE
пӳлме,pylme,pyl.me,2,FF,196,TRUE
пӳлмек,pylmek,pyl.mek,2,FF,10,TRUE
пӳлтер,pylter,pyl.ter,2,FF,2,TRUE
пӳр,pyr,pyr,1,F,47,TRUE
пӳрсур,pyrsur,pyr.sur,2,FF,,FALSE
пӳрсурлан,pyrsurlan,pyr.sur.lan,3,FFF,,FALSE
пӳре,pyre,py.re,2,FF,199,TRUE
пӳремеч,pyremetɕ,py.re.metɕ,3,FFF,108,TRUE
пӳрен,pyren,py.ren,2,FF,37,TRUE
пӳрлен,pyrlen,pyr.len,2,FF,1,TRUE
пӳрлентер,pyrlenter,pyr.len.ter,3,FFF,,FALSE
пӳрлешке,pyrleʃke,pyr.leʃ.ke,3,FFF,17,TRUE
пӳрлешкеллӗ,pyrleʃkellø,pyr.leʃ.kel.lø,4,FFFR,6,TRUE
пӳрлӗсурлӑ,pyrløsurlɵ,pyr.lø.sur.lɵ,4,FRFR,,FALSE
пӳрне,pyrne,pyr.ne,2,FF,689,TRUE
пӳрнеккей,pyrnekkej,pyr.nek.kej,3,FFF,4,TRUE
пӳрнеллӗ,pyrnellø,pyr.nel.lø,3,FFR,48,TRUE
пӳрнеске,pyrneske,pyr.nes.ke,3,FFF,101,TRUE
пӳрнескеллӗ,pyrneskellø,pyr.nes.kel.lø,4,FFFR,4,TRUE
пӳрни,pyrni,pyr.ni,2,FF,263,TRUE
пӳрт,pyrt,pyrt,1,F,5050,TRUE
пӳртҫурт,pyrtɕurt,pyr.tɕurt,2,FF,,FALSE
пӳртекӳ,pyrteky,pyr.te.ky,3,FFF,,FALSE
пӳртем,pyrtem,pyr.tem,2,FF,7,TRUE
пӳртен,pyrten,pyr.ten,2,FF,12,TRUE
пӳртӗш,pyrtøʃ,pyr.tøʃ,2,FR,,FALSE
пӳртлӗх,pyrtløx,pyrt.løx,2,FR,21,TRUE
пӳртум,pyrtum,pyr.tum,2,FF,15,TRUE
пӳс,pys,pys,1,F,19,TRUE
пӳсӗр,pysør,py.sør,2,FR,29,TRUE
пӳсӗрлӗ,pysørlø,py.sør.lø,3,FRR,1,TRUE
пӳске,pyske,pys.ke,2,FF,83,TRUE
пӳскелле,pyskelle,pys.kel.le,3,FFF,10,TRUE
пӳҫек,pyɕek,py.ɕek,2,FF,,FALSE
пӳтекле,pytekle,py.tek.le,3,FFF,,FALSE
пӳтлӗ,pytlø,pyt.lø,2,FR,6,TRUE
пӳтсӗр,pytsør,py.tsør,2,FR,64,TRUE
пӳх,pyx,pyx,1,F,,FALSE
пӳхӗ,pyxø,py.xø,2,FR,5,TRUE
пӳшкӗн,pyʃkøn,pyʃ.køn,2,FR,,FALSE
пӳштӗр,pyʃtør,pyʃ.tør,2,FR,2,TRUE
пӳштӗрлӗ,pyʃtørlø,pyʃ.tør.lø,3,FRR,2,TRUE
пыйтӑ,pʉjtɵ,pʉj.tɵ,2,FR,93,TRUE
пыйтӑшӑрка,pʉjtɵʃɵrka,pʉj.tɵ.ʃɵr.ka,4,FRRF,,FALSE
пыйтӑлан,pʉjtɵlan,pʉj.tɵ.lan,3,FRF,,FALSE
пыйтӑлантар,pʉjtɵlantar,pʉj.tɵ.lan.tar,4,FRFF,,FALSE
пыйтӑллӑ,pʉjtɵllɵ,pʉj.tɵl.lɵ,3,FRR,3,TRUE
пыйтлан,pʉjtlan,pʉjt.lan,2,FF,,FALSE
пыйтлӑ,pʉjtlɵ,pʉjt.lɵ,2,FR,34,TRUE
пыл,pʉl,pʉl,1,F,2715,TRUE
пылкарас,pʉlkaras,pʉl.ka.ras,3,FFF,,FALSE
пылҫу,pʉlɕu,pʉl.ɕu,2,FFFF,,FALSE
пылак,pʉlak,pʉ.lak,2,FF,1893,TRUE
пылаккӑн,pʉlakkɵn,pʉ.lak.kɵn,3,FFR,33,TRUE
пылакла,pʉlakla,pʉ.lak.la,3,FFF,,FALSE
пылаклан,pʉlaklan,pʉ.lak.lan,3,FFF,,FALSE
пылаклантар,pʉlaklantar,pʉ.lak.lan.tar,4,FFFF,,FALSE
пылаклат,pʉlaklat,pʉ.lak.lat,3,FFF,,FALSE
пылаклӑ,pʉlaklɵ,pʉ.lak.lɵ,3,FFR,8,TRUE
пылаклӑх,pʉlaklɵx,pʉ.lak.lɵx,3,FFR,1,TRUE
пылӑх,pʉlɵx,pʉ.lɵx,2,FR,2,TRUE
пылла,pʉlla,pʉl.la,2,FF,3,TRUE
пыллан,pʉllan,pʉl.lan,2,FF,,FALSE
пыллантар,pʉllantar,pʉl.lan.tar,3,FFF,,FALSE
пыллӑх,pʉllɵx,pʉl.lɵx,2,FR,10,TRUE
пылна,pʉlna,pʉl.na,2,FF,1,TRUE
пылчӑк,pʉltɕɵk,pʉl.tɕɵk,2,FR,540,TRUE
пылчӑкла,pʉltɕɵkla,pʉl.tɕɵk.la,3,FRF,3,TRUE
пылчӑклан,pʉltɕɵklan,pʉl.tɕɵk.lan,3,FRF,,FALSE
пылчӑклӑ,pʉltɕɵklɵ,pʉl.tɕɵk.lɵ,3,FRR,190,TRUE
пымак,pʉmak,pʉ.mak,2,FF,10,TRUE
пыр,pʉr,pʉr,1,F,1347,TRUE
пыракиле,pʉrakile,pʉ.ra.ki.le,4,FFFF,,FALSE
пырав,pʉraʋ,pʉ.raʋ,2,FF,,FALSE
пыран,pʉran,pʉ.ran,2,FF,149,TRUE
пыранкилен,pʉrankilen,pʉ.ran.ki.len,4,FFFF,,FALSE
пыранка,pʉranka,pʉ.ran.ka,3,FFF,2,TRUE
пыранлан,pʉranlan,pʉ.ran.lan,3,FFF,,FALSE
пырасла,pʉrasla,pʉ.ras.la,3,FFF,15,TRUE
пыркка,pʉrkka,pʉrk.ka,2,FF,1,TRUE
пырлӑх,pʉrlɵx,pʉr.lɵx,2,FR,1,TRUE
пыртапакарта,pʉrtapakarta,pʉr.ta.pa.kar.ta,5,FFFFF,,FALSE
пыртар,pʉrtar,pʉr.tar,2,FF,1,TRUE
пыршӑ,pʉrʃɵ,pʉr.ʃɵ,2,FR,99,TRUE
пыршӑаршӑ,pʉrʃɵarʃɵ,pʉr.ʃɵ.ar.ʃɵ,4,FRFR,,FALSE
пыршӑпакарта,pʉrʃɵpakarta,pʉr.ʃɵ.pa.kar.ta,5,FRFFF,1,TRUE
пыршӑлӑх,pʉrʃɵlɵx,pʉr.ʃɵ.lɵx,3,FRR,99,TRUE
пыршӑль,pʉrʃɵlʲ,pʉr.ʃɵlʲ,2,FR,1,TRUE
пысӑк,pʉsɵk,pʉ.sɵk,2,FR,37112,TRUE
пысӑкӑш,pʉsɵkɵʃ,pʉ.sɵ.kɵʃ,3,FRR,1097,TRUE
пысӑккӑн,pʉsɵkkɵn,pʉ.sɵk.kɵn,3,FRR,48,TRUE
пысӑкла,pʉsɵkla,pʉ.sɵk.la,3,FRF,2,TRUE
пысӑклан,pʉsɵklan,pʉ.sɵk.lan,3,FRF,7,TRUE
пысӑклантар,pʉsɵklantar,pʉ.sɵk.lan.tar,4,FRFF,1,TRUE
пысӑклат,pʉsɵklat,pʉ.sɵk.lat,3,FRF,3,TRUE
пысӑклаттар,pʉsɵklattar,pʉ.sɵk.lat.tar,4,FRFF,,FALSE
пысӑкшарӑн,pʉsɵkʃarɵn,pʉ.sɵk.ʃa.rɵn,4,FRFR,,FALSE
пытан,pʉtan,pʉ.tan,2,FF,46,TRUE
пытантар,pʉtantar,pʉ.tan.tar,3,FFF,,FALSE
пытанчӑк,pʉtantɕɵk,pʉ.tan.tɕɵk,3,FFR,27,TRUE
пытар,pʉtar,pʉ.tar,2,FF,137,TRUE
пытарӑн,pʉtarɵn,pʉ.ta.rɵn,3,FFR,16,TRUE
пытарӑнчӑк,pʉtarɵntɕɵk,pʉ.ta.rɵn.tɕɵk,4,FFRR,23,TRUE
пытарттар,pʉtarttar,pʉ.tart.tar,3,FFF,,FALSE
пытару,pʉtaru,pʉ.ta.ru,3,FFF,27,TRUE
пыча,pʉtɕa,pʉ.tɕa,2,FF,7,TRUE
пычипычи,pʉtɕipʉtɕi,pʉ.tɕi.pʉ.tɕi,4,FFFF,,FALSE
пычча,pʉtɕtɕa,pʉtɕ.tɕa,2,FF,,FALSE
пьеса,pʲesa,pʲe.sa,2,FF,446,TRUE
пюпитр,pjupitr,pju.pitr,2,FF,3,TRUE
сайра,sajra,saj.ra,2,FFFF,2110,TRUE
сав,saʋ,saʋ,1,F,203,TRUE
сава,saʋa,sa.ʋa,2,FF,180,TRUE
савала,saʋala,sa.ʋa.la,3,FFF,7,TRUE
савалан,saʋalan,sa.ʋa.lan,3,FFF,3,TRUE
саваланчӑк,saʋalantɕɵk,sa.ʋa.lan.tɕɵk,4,FFFR,1,TRUE
савалаттар,saʋalattar,sa.ʋa.lat.tar,4,FFFF,,FALSE
савалин,saʋalin,sa.ʋa.lin,3,FFF,2,TRUE
саван,saʋan,sa.ʋan,2,FF,76,TRUE
саванна,saʋanna,sa.ʋan.na,3,FFF,7,TRUE
савӑк,saʋɵk,sa.ʋɵk,2,FR,1001,TRUE
савӑккӑн,saʋɵkkɵn,sa.ʋɵk.kɵn,3,FRR,55,TRUE
савӑклан,saʋɵklan,sa.ʋɵk.lan,3,FRF,,FALSE
савӑклантар,saʋɵklantar,sa.ʋɵk.lan.tar,4,FRFF,1,TRUE
савӑклӑ,saʋɵklɵ,sa.ʋɵk.lɵ,3,FRR,8,TRUE
савӑклӑн,saʋɵklɵn,sa.ʋɵk.lɵn,3,FRR,15,TRUE
савӑклӑх,saʋɵklɵx,sa.ʋɵk.lɵx,3,FRR,20,TRUE
савӑксӑр,saʋɵksɵr,sa.ʋɵk.sɵr,3,FRR,10,TRUE
савӑксӑрлан,saʋɵksɵrlan,sa.ʋɵk.sɵr.lan,4,FRRF,1,TRUE
савӑксӑрлӑх,saʋɵksɵrlɵx,sa.ʋɵk.sɵr.lɵx,4,FRRR,,FALSE
савӑксӑррӑн,saʋɵksɵrrɵn,sa.ʋɵk.sɵr.rɵn,4,FRRR,1,TRUE
савӑл,saʋɵl,sa.ʋɵl,2,FR,134,TRUE
савӑлла,saʋɵlla,sa.ʋɵl.la,3,FRF,,FALSE
савӑллан,saʋɵllan,sa.ʋɵl.lan,3,FRF,,FALSE
савӑн,saʋɵn,sa.ʋɵn,2,FR,291,TRUE
савӑнӑҫ,saʋɵnɵɕ,sa.ʋɵ.nɵɕ,3,FRR,2215,TRUE
савӑнӑҫлӑ,saʋɵnɵɕlɵ,sa.ʋɵ.nɵɕ.lɵ,4,FRRR,2862,TRUE
савӑнӑҫлӑн,saʋɵnɵɕlɵn,sa.ʋɵ.nɵɕ.lɵn,4,FRRR,679,TRUE
савӑнӑҫсӑр,saʋɵnɵɕsɵr,sa.ʋɵ.nɵɕ.sɵr,4,FRRR,21,TRUE
савӑнтар,saʋɵntar,sa.ʋɵn.tar,3,FRF,80,TRUE
савӑну,saʋɵnu,sa.ʋɵ.nu,3,FRF,12,TRUE
савӑнчӑк,saʋɵntɕɵk,sa.ʋɵn.tɕɵk,3,FRR,1,TRUE
савӑнчӑклӑ,saʋɵntɕɵklɵ,sa.ʋɵn.tɕɵk.lɵ,4,FRRR,1,TRUE
савӑнчӑклӑн,saʋɵntɕɵklɵn,sa.ʋɵn.tɕɵk.lɵn,4,FRRR,,FALSE
савӑт,saʋɵt,sa.ʋɵt,2,FR,970,TRUE
савӑтсапа,saʋɵtsapa,sa.ʋɵ.tsa.pa,4,FRFF,15,TRUE
савӑш,saʋɵʃ,sa.ʋɵʃ,2,FR,36,TRUE
савӑшнай,saʋɵʃnaj,sa.ʋɵʃ.naj,3,FRF,1,TRUE
савӑшу,saʋɵʃu,sa.ʋɵ.ʃu,3,FRF,130,TRUE
савӑшуллӑ,saʋɵʃullɵ,sa.ʋɵ.ʃul.lɵ,4,FRFR,5,TRUE
савит,saʋit,sa.ʋit,2,FF,1,TRUE
савитле,saʋitle,sa.ʋit.le,3,FFF,,FALSE
савни,saʋni,saʋ.ni,2,FF,2497,TRUE
савтар,saʋtar,saʋ.tar,2,FF,,FALSE
савук,saʋuk,sa.ʋuk,2,FF,22,TRUE
сай,saj,saj,1,F,24,TRUE
сайӑ,sajɵ,sa.jɵ,2,FR,,FALSE
сайӑм,sajɵm,sa.jɵm,2,FR,,FALSE
сайка,sajka,saj.ka,2,FF,1,TRUE
сайкка,sajkka,sajk.ka,2,FF,7,TRUE
саймӑрша,sajmɵrʃa,saj.mɵr.ʃa,3,FRF,,FALSE
сайрал,sajral,saj.ral,2,FF,1,TRUE
сайралан,sajralan,saj.ra.lan,3,FFF,,FALSE
сайралат,sajralat,saj.ra.lat,3,FFF,,FALSE
сайран,sajran,saj.ran,2,FF,22,TRUE
сайрара,sajrara,saj.ra.ra,3,FFF,3,TRUE
сайраран,sajraran,saj.ra.ran,3,FFF,22,TRUE
сайрат,sajrat,saj.rat,2,FF,,FALSE
сайхалӑх,sajxalɵx,saj.xa.lɵx,3,FFR,23,TRUE
сайхах,sajxax,saj.xax,2,FF,13,TRUE
сайхахлӑх,sajxaxlɵx,saj.xax.lɵx,3,FFR,1,TRUE
сак,sak,sak,1,F,1913,TRUE
сакай,sakaj,sa.kaj,2,FF,58,TRUE
сакӑл,sakɵl,sa.kɵl,2,FR,31,TRUE
сакӑлта,sakɵlta,sa.kɵl.ta,3,FRF,24,TRUE
сакӑлтак,sakɵltak,sa.kɵl.tak,3,FRF,2,TRUE
сакӑлтаклӑ,sakɵltaklɵ,sa.kɵl.tak.lɵ,4,FRFR,2,TRUE
сакӑлталан,sakɵltalan,sa.kɵl.ta.lan,4,FRFF,,FALSE
сакӑлталлӑ,sakɵltallɵ,sa.kɵl.tal.lɵ,4,FRFR,13,TRUE
сакӑр,sakɵr,sa.kɵr,2,FR,2537,TRUE
сакӑрвун,sakɵrʋun,sa.kɵr.ʋun,3,FRF,73,TRUE
сакӑрвунӑ,sakɵrʋunɵ,sa.kɵr.ʋu.nɵ,4,FRFR,64,TRUE
сакӑрвуннӑ,sakɵrʋunnɵ,sa.kɵr.ʋun.nɵ,4,FRFR,19,TRUE
сакӑрвуннӑмӗш,sakɵrʋunnɵmøʃ,sa.kɵr.ʋun.nɵ.møʃ,5,FRFRR,16,TRUE
сакӑрҫӗр,sakɵrɕør,sa.kɵr.ɕør,3,FRR,39,TRUE
сакӑрҫӗрмӗш,sakɵrɕørmøʃ,sa.kɵr.ɕør.møʃ,4,FRRR,,FALSE
сакӑршар,sakɵrʃar,sa.kɵr.ʃar,3,FRF,20,TRUE
сакӑршарӑн,sakɵrʃarɵn,sa.kɵr.ʃa.rɵn,4,FRFR,,FALSE
саккас,sakkas,sak.kas,2,FF,245,TRUE
саккаслат,sakkaslat,sak.kas.lat,3,FFF,,FALSE
саккасни,sakkasni,sak.kas.ni,3,FFF,,FALSE
саккӑр,sakkɵr,sak.kɵr,2,FR,304,TRUE
саккӑрӑн,sakkɵrɵn,sak.kɵ.rɵn,3,FRR,101,TRUE
саккӑрӑш,sakkɵrɵʃ,sak.kɵ.rɵʃ,3,FRR,3,TRUE
саккӑрӑшӗ,sakkɵrɵʃø,sak.kɵ.rɵ.ʃø,4,FRRR,27,TRUE
саккӑрла,sakkɵrla,sak.kɵr.la,3,FRF,50,TRUE
саккӑрлӑ,sakkɵrlɵ,sak.kɵr.lɵ,3,FRR,2,TRUE
саккӑрмӗш,sakkɵrmøʃ,sak.kɵr.møʃ,3,FRR,505,TRUE
саккун,sakkun,sak.kun,2,FF,1621,TRUE
саккунлӑ,sakkunlɵ,sak.kun.lɵ,3,FFR,376,TRUE
саккунлӑх,sakkunlɵx,sak.kun.lɵx,3,FFR,24,TRUE
саклат,saklat,sak.lat,2,FF,8,TRUE
сакля,saklja,sakl.ja,2,FF,8,TRUE
сакруй,sakruj,sak.ruj,2,FF,1,TRUE
сакруйла,sakrujla,sak.ruj.la,3,FFF,,FALSE
сакруйлӑ,sakrujlɵ,sak.ruj.lɵ,3,FFR,,FALSE
саксаул,saksaul,sak.sa.ul,3,FFF,9,TRUE
сакҫи,sakɕi,sak.ɕi,2,FF,,FALSE
сала,sala,sa.la,2,FF,316,TRUE
салават,salaʋat,sa.la.ʋat,3,FFF,253,TRUE
салака,salaka,sa.la.ka,3,FFF,7,TRUE
салам,salam,sa.lam,2,FF,2406,TRUE
саламалик,salamalik,sa.la.ma.lik,4,FFFF,7,TRUE
саламат,salamat,sa.la.mat,3,FFF,100,TRUE
саламла,salamla,sa.lam.la,3,FFF,26,TRUE
саламлаш,salamlaʃ,sa.lam.laʃ,3,FFF,,FALSE
саламлӑ,salamlɵ,sa.lam.lɵ,3,FFR,221,TRUE
саламлӑн,salamlɵn,sa.lam.lɵn,3,FFR,16,TRUE
салан,salan,sa.lan,2,FF,3,TRUE
саланкӑр,salankɵr,sa.lan.kɵr,3,FFR,6,TRUE
салантар,salantar,sa.lan.tar,3,FFF,,FALSE
саланчӑк,salantɕɵk,sa.lan.tɕɵk,3,FFR,26,TRUE
салат,salat,sa.lat,2,FF,534,TRUE
салаттар,salattar,sa.lat.tar,3,FFF,,FALSE
салӑ,salɵ,sa.lɵ,2,FR,50,TRUE
салма,salma,sal.ma,2,FF,139,TRUE
салмалӑх,salmalɵx,sal.ma.lɵx,3,FFR,3,TRUE
салт,salt,salt,1,F,15,TRUE
салтак,saltak,sal.tak,2,FF,5589,TRUE
салтакла,saltakla,sal.tak.la,3,FFF,90,TRUE
салтӑн,saltɵn,sal.tɵn,2,FR,26,TRUE
салтӑнтар,saltɵntar,sal.tɵn.tar,3,FRF,1,TRUE
салттар,salttar,salt.tar,2,FF,,FALSE
салук,saluk,sa.luk,2,FF,13,TRUE
салху,salxu,sal.xu,2,FF,469,TRUE
салхулан,salxulan,sal.xu.lan,3,FFF,,FALSE
салхулантар,salxulantar,sal.xu.lan.tar,4,FFFF,,FALSE
салхулат,salxulat,sal.xu.lat,3,FFF,1,TRUE
салхулӑх,salxulɵx,sal.xu.lɵx,3,FFR,47,TRUE
салхуллӑ,salxullɵ,sal.xul.lɵ,3,FFR,330,TRUE
салхуллӑн,salxullɵn,sal.xul.lɵn,3,FFR,367,TRUE
салхун,salxun,sal.xun,2,FF,27,TRUE
салхусӑр,salxusɵr,sal.xu.sɵr,3,FFR,3,TRUE
сальник,salʲnik,salʲ.nik,2,FF,,FALSE
салют,saljut,sal.jut,2,FF,284,TRUE
салютла,saljutla,sal.jut.la,3,FFF,,FALSE
самай,samaj,sa.maj,2,FF,3261,TRUE
самайӑн,samajɵn,sa.ma.jɵn,3,FFR,5,TRUE
самайӑш,samajɵʃ,sa.ma.jɵʃ,3,FFR,,FALSE
самайлан,samajlan,sa.maj.lan,3,FFF,,FALSE
самайлантар,samajlantar,sa.maj.lan.tar,4,FFFF,,FALSE
самайлат,samajlat,sa.maj.lat,3,FFF,,FALSE
самайран,samajran,sa.maj.ran,3,FFF,11,TRUE
самайранпа,samajranpa,sa.maj.ran.pa,4,FFFF,2,TRUE
самайччен,samajtɕtɕen,sa.majtɕ.tɕen,3,FFF,14,TRUE
саман,saman,sa.man,2,FF,24,TRUE
самана,samana,sa.ma.na,3,FFF,1840,TRUE
самант,samant,sa.mant,2,FF,3611,TRUE
самантлӑх,samantlɵx,sa.mant.lɵx,3,FFR,162,TRUE
самантсерен,samantseren,sa.man.tse.ren,4,FFFF,19,TRUE
самаскӑ,samaskɵ,sa.mas.kɵ,3,FFR,,FALSE
самӑй,samɵj,sa.mɵj,2,FR,16,TRUE
самӑр,samɵr,sa.mɵr,2,FR,296,TRUE
самӑрӑл,samɵrɵl,sa.mɵ.rɵl,3,FRR,,FALSE
самӑркка,samɵrkka,sa.mɵrk.ka,3,FRF,10,TRUE
самӑрлан,samɵrlan,sa.mɵr.lan,3,FRF,,FALSE
самӑрлантар,samɵrlantar,sa.mɵr.lan.tar,4,FRFF,,FALSE
самӑрлат,samɵrlat,sa.mɵr.lat,3,FRF,,FALSE
самӑрлӑх,samɵrlɵx,sa.mɵr.lɵx,3,FRR,7,TRUE
самӑрт,samɵrt,sa.mɵrt,2,FR,1,TRUE
самӑрту,samɵrtu,sa.mɵr.tu,3,FRF,,FALSE
самсаллӑ,samsallɵ,sam.sal.lɵ,3,FFR,1,TRUE
самум,samum,sa.mum,2,FF,6,TRUE
самурай,samuraj,sa.mu.raj,3,FFF,21,TRUE
самшит,samʃit,sam.ʃit,2,FF,4,TRUE
сан,san,san,1,F,16608,TRUE
сана,sana,sa.na,2,FF,26851,TRUE
санашкал,sanaʃkal,sa.naʃ.kal,3,FFF,80,TRUE
санӑн,sanɵn,sa.nɵn,2,FR,7436,TRUE
санитар,sanitar,sa.ni.tar,3,FFF,48,TRUE
санитари,sanitari,sa.ni.ta.ri,4,FFFF,229,TRUE
санитарка,sanitarka,sa.ni.tar.ka,4,FFFF,105,TRUE
санкӑлт,sankɵlt,san.kɵlt,2,FR,2,TRUE
санкӑлтат,sankɵltat,san.kɵl.tat,3,FRF,,FALSE
санлӑ,sanlɵ,san.lɵ,2,FR,5,TRUE
санлӑлан,sanlɵlan,san.lɵ.lan,3,FRF,,FALSE
санпа,sanpa,san.pa,2,FF,3707,TRUE
санра,sanra,san.ra,2,FF,362,TRUE
санран,sanran,san.ran,2,FF,2048,TRUE
сансӑр,sansɵr,san.sɵr,2,FR,703,TRUE
санскрит,sanskrit,sansk.rit,2,FF,10,TRUE
санскритла,sanskritla,sansk.rit.la,3,FFF,3,TRUE
сантал,santal,san.tal,2,FF,3,TRUE
сантехник,santexnik,san.tex.nik,3,FFF,23,TRUE
сантехника,santexnika,san.tex.ni.ka,4,FFFF,34,TRUE
сантиметр,santimetr,san.ti.metr,3,FFF,599,TRUE
санчасть,santɕastʲ,san.tɕastʲ,2,FF,2,TRUE
саншӑн,sanʃɵn,san.ʃɵn,2,FR,1689,TRUE
санырав,sanʉraʋ,sa.nʉ.raʋ,3,FFF,,FALSE
сап,sap,sap,1,F,712,TRUE
сапсарӑ,sapsarɵ,sap.sa.rɵ,3,FFR,4,TRUE
сапа,sapa,sa.pa,2,FF,567,TRUE
сапака,sapaka,sa.pa.ka,3,FFF,10,TRUE
сапакалан,sapakalan,sa.pa.ka.lan,4,FFFF,,FALSE
сапала,sapala,sa.pa.la,3,FFF,7,TRUE
сапалан,sapalan,sa.pa.lan,3,FFF,6,TRUE
сапаланчӑк,sapalantɕɵk,sa.pa.lan.tɕɵk,4,FFFR,131,TRUE
сапаланчӑклӑх,sapalantɕɵklɵx,sa.pa.lan.tɕɵk.lɵx,5,FFFRR,,FALSE
сапам,sapam,sa.pam,2,FF,2,TRUE
сапан,sapan,sa.pan,2,FF,15,TRUE
сапанкӑ,sapankɵ,sa.pan.kɵ,3,FFR,,FALSE
сапантуй,sapantuj,sa.pan.tuj,3,FFF,35,TRUE
сапарпи,saparpi,sa.par.pi,3,FFF,1,TRUE
сапас,sapas,sa.pas,2,FF,21,TRUE
сапат,sapat,sa.pat,2,FF,10,TRUE
сапӑм,sapɵm,sa.pɵm,2,FR,2,TRUE
сапӑн,sapɵn,sa.pɵn,2,FR,5,TRUE
сапӑнтар,sapɵntar,sa.pɵn.tar,3,FRF,,FALSE
сапӑнчӑк,sapɵntɕɵk,sa.pɵn.tɕɵk,3,FRR,1,TRUE
сапӑр,sapɵr,sa.pɵr,2,FR,253,TRUE
сапӑрла,sapɵrla,sa.pɵr.la,3,FRF,,FALSE
сапӑрлан,sapɵrlan,sa.pɵr.lan,3,FRF,3,TRUE
сапӑрлантар,sapɵrlantar,sa.pɵr.lan.tar,4,FRFF,,FALSE
сапӑрлат,sapɵrlat,sa.pɵr.lat,3,FRF,,FALSE
сапӑрлӑ,sapɵrlɵ,sa.pɵr.lɵ,3,FRR,4,TRUE
сапӑрлӑн,sapɵrlɵn,sa.pɵr.lɵn,3,FRR,1,TRUE
сапӑрлӑх,sapɵrlɵx,sa.pɵr.lɵx,3,FRR,69,TRUE
сапер,saper,sa.per,2,FF,62,TRUE
сапкаланчӑк,sapkalantɕɵk,sap.ka.lan.tɕɵk,4,FFFR,,FALSE
сапкалаш,sapkalaʃ,sap.ka.laʃ,3,FFF,,FALSE
сапла,sapla,sap.la,2,FF,68,TRUE
саплан,saplan,sap.lan,2,FF,,FALSE
саплану,saplanu,sap.la.nu,3,FFF,,FALSE
саплаттар,saplattar,sap.lat.tar,3,FFF,,FALSE
саплаш,saplaʃ,sap.laʃ,2,FF,,FALSE
саплӑк,saplɵk,sap.lɵk,2,FR,287,TRUE
саппан,sappan,sap.pan,2,FF,,FALSE
саппас,sappas,sap.pas,2,FF,141,TRUE
саппаслӑ,sappaslɵ,sap.pas.lɵ,3,FFR,1,TRUE
саппун,sappun,sap.pun,2,FF,446,TRUE
саптар,saptar,sap.tar,2,FF,1,TRUE
сар,sar,sar,1,F,3299,TRUE
сарай,saraj,sa.raj,2,FF,586,TRUE
сарал,saral,sa.ral,2,FF,1,TRUE
сарамак,saramak,sa.ra.mak,3,FFF,13,TRUE
сарамат,saramat,sa.ra.mat,3,FFF,4,TRUE
саран,saran,sa.ran,2,FF,29,TRUE
сарана,sarana,sa.ra.na,3,FFF,9,TRUE
саранча,sarantɕa,sa.ran.tɕa,3,FFF,35,TRUE
саранчалла,sarantɕalla,sa.ran.tɕal.la,4,FFFF,,FALSE
сараппан,sarappan,sa.rap.pan,3,FFF,42,TRUE
сарат,sarat,sa.rat,2,FF,2,TRUE
сараттар,sarattar,sa.rat.tar,3,FFF,,FALSE
сарӑ,sarɵ,sa.rɵ,2,FR,4826,TRUE
сарӑл,sarɵl,sa.rɵl,2,FR,11,TRUE
сарӑлтар,sarɵltar,sa.rɵl.tar,3,FRF,1,TRUE
сарӑм,sarɵm,sa.rɵm,2,FR,110,TRUE
сарӑмла,sarɵmla,sa.rɵm.la,3,FRF,,FALSE
сарӑмлӑ,sarɵmlɵ,sa.rɵm.lɵ,3,FRR,6,TRUE
сарӑмсӑр,sarɵmsɵr,sa.rɵm.sɵr,3,FRR,354,TRUE
сарӑн,sarɵn,sa.rɵn,2,FR,7,TRUE
сарӑп,sarɵp,sa.rɵp,2,FR,13,TRUE
сарӑпла,sarɵpla,sa.rɵp.la,3,FRF,1,TRUE
сарӑплан,sarɵplan,sa.rɵp.lan,3,FRF,,FALSE
сарӑплантар,sarɵplantar,sa.rɵp.lan.tar,4,FRFF,,FALSE
сарӑплӑ,sarɵplɵ,sa.rɵp.lɵ,3,FRR,8,TRUE
сарӑплӑх,sarɵplɵx,sa.rɵp.lɵx,3,FRR,,FALSE
сарӑпсӑр,sarɵpsɵr,sa.rɵp.sɵr,3,FRR,6,TRUE
сарӑх,sarɵx,sa.rɵx,2,FR,17,TRUE
сарӑхтар,sarɵxtar,sa.rɵx.tar,3,FRF,,FALSE
саркала,sarkala,sar.ka.la,3,FFF,2,TRUE
саркалан,sarkalan,sar.ka.lan,3,FFF,,FALSE
саркалантар,sarkalantar,sar.ka.lan.tar,4,FFFF,,FALSE
саркаланчӑк,sarkalantɕɵk,sar.ka.lan.tɕɵk,4,FFFR,1,TRUE
сарлака,sarlaka,sar.la.ka,3,FFF,2149,TRUE
сарлакалан,sarlakalan,sar.la.ka.lan,4,FFFF,1,TRUE
сарлакалантар,sarlakalantar,sar.la.ka.lan.tar,5,FFFFF,,FALSE
сарлакалат,sarlakalat,sar.la.ka.lat,4,FFFF,,FALSE
сарлакан,sarlakan,sar.la.kan,3,FFF,71,TRUE
сарлакӑш,sarlakɵʃ,sar.la.kɵʃ,3,FFR,274,TRUE
сарлашка,sarlaʃka,sar.laʃ.ka,3,FFF,6,TRUE
сарлӑк,sarlɵk,sar.lɵk,2,FR,2,TRUE
сарма,sarma,sar.ma,2,FF,543,TRUE
сарни,sarni,sar.ni,2,FF,63,TRUE
сарпинка,sarpinka,sar.pin.ka,3,FFF,2,TRUE
сарри,sarri,sar.ri,2,FF,604,TRUE
сартар,sartar,sar.tar,2,FF,,FALSE
сарчир,sartɕir,sar.tɕir,2,FF,1,TRUE
сас,sas,sas,1,F,4511,TRUE
сасхура,sasxura,sas.xu.ra,3,FFF,13,TRUE
сасхыпар,sasxʉpar,sas.xʉ.par,3,FFF,,FALSE
сасчӗв,sastɕøʋ,sas.tɕøʋ,2,FR,,FALSE
сасартӑк,sasartɵk,sa.sar.tɵk,3,FFR,6080,TRUE
сасӑ,sasɵ,sa.sɵ,2,FR,5646,TRUE
сасӑчӗвӗ,sasɵtɕøʋø,sa.sɵ.tɕø.ʋø,4,FRRR,,FALSE
сасӑла,sasɵla,sa.sɵ.la,3,FRF,8,TRUE
сасӑлав,sasɵlaʋ,sa.sɵ.laʋ,3,FRF,331,TRUE
сасӑпа,sasɵpa,sa.sɵ.pa,3,FRF,2559,TRUE
сасӑсӑр,sasɵsɵr,sa.sɵ.sɵr,3,FRR,134,TRUE
саслӑ,saslɵ,sas.lɵ,2,FR,397,TRUE
саспалли,saspalli,sas.pal.li,3,FFF,321,TRUE
сассӑрлан,sassɵrlan,sas.sɵr.lan,3,FRF,,FALSE
сассӑрлантар,sassɵrlantar,sas.sɵr.lan.tar,4,FRFF,,FALSE
сассӑрлат,sassɵrlat,sas.sɵr.lat,3,FRF,,FALSE
састуйлӑ,sastujlɵ,sas.tuj.lɵ,3,FFR,1,TRUE
саступ,sastup,sas.tup,2,FF,,FALSE
сат,sat,sat,1,F,28,TRUE
сатака,sataka,sa.ta.ka,3,FFF,1,TRUE
сататкӑ,satatkɵ,sa.tat.kɵ,3,FFR,13,TRUE
сателлит,satellit,sa.tel.lit,3,FFF,,FALSE
сатин,satin,sa.tin,2,FF,94,TRUE
сатира,satira,sa.ti.ra,3,FFF,104,TRUE
сатирӑлла,satirɵlla,sa.ti.rɵl.la,4,FFRF,9,TRUE
сатирӑллӑ,satirɵllɵ,sa.ti.rɵl.lɵ,4,FFRR,15,TRUE
сатирик,satirik,sa.ti.rik,3,FFF,28,TRUE
сатрап,satrap,sat.rap,2,FF,6,TRUE
сатур,satur,sa.tur,2,FF,237,TRUE
сатурлан,saturlan,sa.tur.lan,3,FFF,,FALSE
сатурлантар,saturlantar,sa.tur.lan.tar,4,FFFF,,FALSE
сатурлат,saturlat,sa.tur.lat,3,FFF,,FALSE
сатурлӑх,saturlɵx,sa.tur.lɵx,3,FFR,15,TRUE
саха,saxa,sa.xa,2,FF,87,TRUE
сахал,saxal,sa.xal,2,FF,9904,TRUE
сахалӑш,saxalɵʃ,sa.xa.lɵʃ,3,FFR,5,TRUE
сахалӑшӗ,saxalɵʃø,sa.xa.lɵ.ʃø,4,FFRR,28,TRUE
сахаллан,saxallan,sa.xal.lan,3,FFF,3,TRUE
сахаллантар,saxallantar,sa.xal.lan.tar,4,FFFF,,FALSE
сахаллат,saxallat,sa.xal.lat,3,FFF,,FALSE
сахаллӑн,saxallɵn,sa.xal.lɵn,3,FFR,107,TRUE
сахаллӑх,saxallɵx,sa.xal.lɵx,3,FFR,,FALSE
сахалрахӑшӗ,saxalraxɵʃø,sa.xal.ra.xɵ.ʃø,5,FFFRR,6,TRUE
сахалтан,saxaltan,sa.xal.tan,3,FFF,505,TRUE
сахалтараххӑн,saxaltaraxxɵn,sa.xal.ta.rax.xɵn,5,FFFFR,2,TRUE
сахалшар,saxalʃar,sa.xal.ʃar,3,FFF,4,TRUE
сахалшарӑн,saxalʃarɵn,sa.xal.ʃa.rɵn,4,FFFR,4,TRUE
сахарин,saxarin,sa.xa.rin,3,FFF,8,TRUE
сахӑр,saxɵr,sa.xɵr,2,FR,2602,TRUE
сахӑрла,saxɵrla,sa.xɵr.la,3,FRF,3,TRUE
сахӑрлан,saxɵrlan,sa.xɵr.lan,3,FRF,,FALSE
сахӑрлантар,saxɵrlantar,sa.xɵr.lan.tar,4,FRFF,,FALSE
сахӑрлат,saxɵrlat,sa.xɵr.lat,3,FRF,,FALSE
сахӑрлӑ,saxɵrlɵ,sa.xɵr.lɵ,3,FRR,13,TRUE
сахӑрлӑх,saxɵrlɵx,sa.xɵr.lɵx,3,FRR,,FALSE
сахьян,saxʲjan,saxʲ.jan,2,FF,11,TRUE
сая,saja,sa.ja,2,FF,1066,TRUE
сӑвай,sɵʋaj,sɵ.ʋaj,2,RF,68,TRUE
сӑвайлӑ,sɵʋajlɵ,sɵ.ʋaj.lɵ,3,RFR,,FALSE
сӑвап,sɵʋap,sɵ.ʋap,2,RF,195,TRUE
сӑваплӑ,sɵʋaplɵ,sɵ.ʋap.lɵ,3,RFR,1512,TRUE
сӑваплӑх,sɵʋaplɵx,sɵ.ʋap.lɵx,3,RFR,47,TRUE
сӑвапсӑр,sɵʋapsɵr,sɵ.ʋap.sɵr,3,RFR,7,TRUE
сӑвӑ,sɵʋɵ,sɵ.ʋɵ,2,RR,11237,TRUE
сӑвӑюрӑ,sɵʋɵjurɵ,sɵ.ʋɵ.ju.rɵ,4,RRFR,3,TRUE
сӑвӑла,sɵʋɵla,sɵ.ʋɵ.la,3,RRF,4,TRUE
сӑвӑлан,sɵʋɵlan,sɵ.ʋɵ.lan,3,RRF,,FALSE
сӑвӑлаттар,sɵʋɵlattar,sɵ.ʋɵ.lat.tar,4,RRFF,,FALSE
сӑвӑлла,sɵʋɵlla,sɵ.ʋɵl.la,3,RRF,200,TRUE
сӑвӑллӑ,sɵʋɵllɵ,sɵ.ʋɵl.lɵ,3,RRR,171,TRUE
сӑвӑм,sɵʋɵm,sɵ.ʋɵm,2,RR,111,TRUE
сӑвӑмлӑх,sɵʋɵmlɵx,sɵ.ʋɵm.lɵx,3,RRR,,FALSE
сӑвӑр,sɵʋɵr,sɵ.ʋɵr,2,RR,100,TRUE
сӑвӑрӑн,sɵʋɵrɵn,sɵ.ʋɵ.rɵn,3,RRR,,FALSE
сӑвӑрткӑҫ,sɵʋɵrtkɵɕ,sɵ.ʋɵrt.kɵɕ,3,RRR,,FALSE
сӑвӑрттар,sɵʋɵrttar,sɵ.ʋɵrt.tar,3,RRF,,FALSE
сӑвӑс,sɵʋɵs,sɵ.ʋɵs,2,RR,117,TRUE
сӑвӑсла,sɵʋɵsla,sɵ.ʋɵs.la,3,RRF,4,TRUE
сӑвӑслан,sɵʋɵslan,sɵ.ʋɵs.lan,3,RRF,12,TRUE
сӑвӑҫ,sɵʋɵɕ,sɵ.ʋɵɕ,2,RR,1350,TRUE
сӑвӑҫӑ,sɵʋɵɕɵ,sɵ.ʋɵ.ɕɵ,3,RRR,110,TRUE
сӑй,sɵj,sɵj,1,R,33,TRUE
сӑйла,sɵjla,sɵj.la,2,RF,13,TRUE
сӑйлан,sɵjlan,sɵj.lan,2,RF,2,TRUE
сӑкӑлтӑк,sɵkɵltɵk,sɵ.kɵl.tɵk,3,RRR,4,TRUE
сӑл,sɵl,sɵl,1,R,17,TRUE
сӑла,sɵla,sɵ.la,2,RF,5,TRUE
сӑлай,sɵlaj,sɵ.laj,2,RF,4,TRUE
сӑлайлӑ,sɵlajlɵ,sɵ.laj.lɵ,3,RFR,3,TRUE
сӑлан,sɵlan,sɵ.lan,2,RF,3,TRUE
сӑлӑк,sɵlɵk,sɵ.lɵk,2,RR,2,TRUE
сӑлӑп,sɵlɵp,sɵ.lɵp,2,RR,90,TRUE
сӑлпӑран,sɵlpɵran,sɵl.pɵ.ran,3,RRF,23,TRUE
сӑлпӑранлӑ,sɵlpɵranlɵ,sɵl.pɵ.ran.lɵ,4,RRFR,7,TRUE
сӑлпӑркка,sɵlpɵrkka,sɵl.pɵrk.ka,3,RRF,3,TRUE
сӑлпӑрккалан,sɵlpɵrkkalan,sɵl.pɵrk.ka.lan,4,RRFF,,FALSE
сӑлтав,sɵltaʋ,sɵl.taʋ,2,RF,1956,TRUE
сӑлтавла,sɵltaʋla,sɵl.taʋ.la,3,RFF,,FALSE
сӑлтавлан,sɵltaʋlan,sɵl.taʋ.lan,3,RFF,,FALSE
сӑлтавлӑ,sɵltaʋlɵ,sɵl.taʋ.lɵ,3,RFR,7,TRUE
сӑлтавлӑх,sɵltaʋlɵx,sɵl.taʋ.lɵx,3,RFR,,FALSE
сӑлтавсӑр,sɵltaʋsɵr,sɵl.taʋ.sɵr,3,RFR,353,TRUE
сӑлтӑк,sɵltɵk,sɵl.tɵk,2,RR,3,TRUE
сӑлтӑкла,sɵltɵkla,sɵl.tɵk.la,3,RRF,,FALSE
сӑлтӑр,sɵltɵr,sɵl.tɵr,2,RR,4,TRUE
сӑлтӑртат,sɵltɵrtat,sɵl.tɵr.tat,3,RRF,,FALSE
сӑмавар,sɵmaʋar,sɵ.ma.ʋar,3,RFF,287,TRUE
сӑмакун,sɵmakun,sɵ.ma.kun,3,RFF,326,TRUE
сӑмакунҫӑ,sɵmakunɕɵ,sɵ.ma.kun.ɕɵ,4,RFFR,4,TRUE
сӑмала,sɵmala,sɵ.ma.la,3,RFF,110,TRUE
сӑмалала,sɵmalala,sɵ.ma.la.la,4,RFFF,,FALSE
сӑмалалан,sɵmalalan,sɵ.ma.la.lan,4,RFFF,,FALSE
сӑмах,sɵmax,sɵ.max,2,RF,28563,TRUE
сӑмахюмах,sɵmaxjumax,sɵ.max.ju.max,4,RFFF,1,TRUE
сӑмахӑн,sɵmaxɵn,sɵ.ma.xɵn,3,RFR,496,TRUE
сӑмахла,sɵmaxla,sɵ.max.la,3,RFF,35,TRUE
сӑмахлан,sɵmaxlan,sɵ.max.lan,3,RFF,3,TRUE
сӑмахлаттар,sɵmaxlattar,sɵ.max.lat.tar,4,RFFF,,FALSE
сӑмахлӑ,sɵmaxlɵ,sɵ.max.lɵ,3,RFR,160,TRUE
сӑмахлӑх,sɵmaxlɵx,sɵ.max.lɵx,3,RFR,138,TRUE
сӑмахран,sɵmaxran,sɵ.max.ran,3,RFF,4286,TRUE
сӑмса,sɵmsa,sɵm.sa,2,RF,1056,TRUE
сӑмсала,sɵmsala,sɵm.sa.la,3,RFF,,FALSE
сӑмсалан,sɵmsalan,sɵm.sa.lan,3,RFF,,FALSE
сӑмсалантар,sɵmsalantar,sɵm.sa.lan.tar,4,RFFF,,FALSE
сӑмсалӑх,sɵmsalɵx,sɵm.sa.lɵx,3,RFR,,FALSE
сӑмсасӑр,sɵmsasɵr,sɵm.sa.sɵr,3,RFR,24,TRUE
сӑмсах,sɵmsax,sɵm.sax,2,RF,43,TRUE
сӑн,sɵn,sɵn,1,R,7457,TRUE
сӑнпит,sɵnpit,sɵn.pit,2,RF,2,TRUE
сӑнпуҫ,sɵnpuɕ,sɵn.puɕ,2,RF,2,TRUE
сӑнсӑпат,sɵnsɵpat,sɵn.sɵ.pat,3,RRF,,FALSE
сӑна,sɵna,sɵ.na,2,RF,322,TRUE
сӑнав,sɵnaʋ,sɵ.naʋ,2,RF,348,TRUE
сӑнавла,sɵnaʋla,sɵ.naʋ.la,3,RFF,1,TRUE
сӑнавлӑ,sɵnaʋlɵ,sɵ.naʋ.lɵ,3,RFR,63,TRUE
сӑнавлӑн,sɵnaʋlɵn,sɵ.naʋ.lɵn,3,RFR,27,TRUE
сӑнавлӑх,sɵnaʋlɵx,sɵ.naʋ.lɵx,3,RFR,2,TRUE
сӑнавҫӑ,sɵnaʋɕɵ,sɵ.naʋ.ɕɵ,3,RFR,41,TRUE
сӑнар,sɵnar,sɵ.nar,2,RF,930,TRUE
сӑнарла,sɵnarla,sɵ.nar.la,3,RFF,1,TRUE
сӑнарлан,sɵnarlan,sɵ.nar.lan,3,RFF,,FALSE
сӑнарлӑ,sɵnarlɵ,sɵ.nar.lɵ,3,RFR,349,TRUE
сӑнарлӑх,sɵnarlɵx,sɵ.nar.lɵx,3,RFR,54,TRUE
сӑнарсӑр,sɵnarsɵr,sɵ.nar.sɵr,3,RFR,6,TRUE
сӑнаттар,sɵnattar,sɵ.nat.tar,3,RFF,,FALSE
сӑнӑ,sɵnɵ,sɵ.nɵ,2,RR,308,TRUE
сӑнӑла,sɵnɵla,sɵ.nɵ.la,3,RRF,,FALSE
сӑнла,sɵnla,sɵn.la,2,RF,2,TRUE
сӑнлан,sɵnlan,sɵn.lan,2,RF,,FALSE
сӑнлӑх,sɵnlɵx,sɵn.lɵx,2,RR,39,TRUE
сӑнлӑхлӑ,sɵnlɵxlɵ,sɵn.lɵx.lɵ,3,RRR,,FALSE
сӑнсӑр,sɵnsɵr,sɵn.sɵr,2,RR,54,TRUE
сӑнсӑрлан,sɵnsɵrlan,sɵn.sɵr.lan,3,RRF,,FALSE
сӑнсӑрлантар,sɵnsɵrlantar,sɵn.sɵr.lan.tar,4,RRFF,,FALSE
сӑнсӑрлат,sɵnsɵrlat,sɵn.sɵr.lat,3,RRF,,FALSE
сӑнӳкерчӗк,sɵnykertɕøk,sɵ.ny.ker.tɕøk,4,RFFR,541,TRUE
сӑнчӑрсӑнчӑрла,sɵntɕɵrsɵntɕɵrla,sɵn.tɕɵr.sɵn.tɕɵr.la,5,RRRRF,,FALSE
сӑнчӑрлӑ,sɵntɕɵrlɵ,sɵn.tɕɵr.lɵ,3,RRR,8,TRUE
сӑпай,sɵpaj,sɵ.paj,2,RF,217,TRUE
сӑпайлан,sɵpajlan,sɵ.paj.lan,3,RFF,1,TRUE
сӑпайлӑ,sɵpajlɵ,sɵ.paj.lɵ,3,RFR,1075,TRUE
сӑпайлӑн,sɵpajlɵn,sɵ.paj.lɵn,3,RFR,274,TRUE
сӑпайлӑх,sɵpajlɵx,sɵ.paj.lɵx,3,RFR,151,TRUE
сӑпайсӑр,sɵpajsɵr,sɵ.paj.sɵr,3,RFR,11,TRUE
сӑпайсӑрлӑх,sɵpajsɵrlɵx,sɵ.paj.sɵr.lɵx,4,RFRR,2,TRUE
сӑпайсӑррӑн,sɵpajsɵrrɵn,sɵ.paj.sɵr.rɵn,4,RFRR,,FALSE
сӑпат,sɵpat,sɵ.pat,2,RF,172,TRUE
сӑпатла,sɵpatla,sɵ.pat.la,3,RFF,1,TRUE
сӑпатлан,sɵpatlan,sɵ.pat.lan,3,RFF,,FALSE
сӑпатлану,sɵpatlanu,sɵ.pat.la.nu,4,RFFF,6,TRUE
сӑпатлӑ,sɵpatlɵ,sɵ.pat.lɵ,3,RFR,86,TRUE
сӑпатсӑр,sɵpatsɵr,sɵ.pa.tsɵr,3,RFR,29,TRUE
сӑпӑ,sɵpɵ,sɵ.pɵ,2,RR,9,TRUE
сӑпӑлан,sɵpɵlan,sɵ.pɵ.lan,3,RRF,1,TRUE
сӑпӑн,sɵpɵn,sɵ.pɵn,2,RR,,FALSE
сӑпӑрчӑк,sɵpɵrtɕɵk,sɵ.pɵr.tɕɵk,3,RRR,10,TRUE
сӑпӑрчӑклан,sɵpɵrtɕɵklan,sɵ.pɵr.tɕɵk.lan,4,RRRF,,FALSE
сӑпӑрчӑклӑ,sɵpɵrtɕɵklɵ,sɵ.pɵr.tɕɵk.lɵ,4,RRRR,,FALSE
сӑпка,sɵpka,sɵp.ka,2,RF,485,TRUE
сӑппӑн,sɵppɵn,sɵp.pɵn,2,RR,4,TRUE
сӑпрай,sɵpraj,sɵp.raj,2,RF,1,TRUE
сӑпрам,sɵpram,sɵp.ram,2,RF,4,TRUE
сӑпрамлан,sɵpramlan,sɵp.ram.lan,3,RFF,,FALSE
сӑпса,sɵpsa,sɵp.sa,2,RF,146,TRUE
сӑпсалан,sɵpsalan,sɵp.sa.lan,3,RFF,,FALSE
сӑпсалла,sɵpsalla,sɵp.sal.la,3,RFF,3,TRUE
сӑптӑр,sɵptɵr,sɵp.tɵr,2,RR,8,TRUE
сӑптӑрӑн,sɵptɵrɵn,sɵp.tɵ.rɵn,3,RRR,,FALSE
сӑптӑрттар,sɵptɵrttar,sɵp.tɵrt.tar,3,RRF,,FALSE
сӑр,sɵr,sɵr,1,R,1134,TRUE
сӑра,sɵra,sɵ.ra,2,RF,3451,TRUE
сӑраэрех,sɵraerex,sɵ.ra.e.rex,4,RFFF,,FALSE
сӑрав,sɵraʋ,sɵ.raʋ,2,RF,1,TRUE
сӑравла,sɵraʋla,sɵ.raʋ.la,3,RFF,,FALSE
сӑран,sɵran,sɵ.ran,2,RF,722,TRUE
сӑранлан,sɵranlan,sɵ.ran.lan,3,RFF,,FALSE
сӑранлантар,sɵranlantar,sɵ.ran.lan.tar,4,RFFF,,FALSE
сӑрап,sɵrap,sɵ.rap,2,RF,,FALSE
сӑрӑ,sɵrɵ,sɵ.rɵ,2,RR,811,TRUE
сӑрӑл,sɵrɵl,sɵ.rɵl,2,RR,3,TRUE
сӑрӑла,sɵrɵla,sɵ.rɵ.la,3,RRF,,FALSE
сӑрӑлан,sɵrɵlan,sɵ.rɵ.lan,3,RRF,,FALSE
сӑрӑлтат,sɵrɵltat,sɵ.rɵl.tat,3,RRF,1,TRUE
сӑрӑлтаттар,sɵrɵltattar,sɵ.rɵl.tat.tar,4,RRFF,,FALSE
сӑрӑн,sɵrɵn,sɵ.rɵn,2,RR,15,TRUE
сӑрӑх,sɵrɵx,sɵ.rɵx,2,RR,3,TRUE
сӑрӑхтар,sɵrɵxtar,sɵ.rɵx.tar,3,RRF,,FALSE
сӑрка,sɵrka,sɵr.ka,2,RF,5,TRUE
сӑркат,sɵrkat,sɵr.kat,2,RF,,FALSE
сӑркӑлтат,sɵrkɵltat,sɵr.kɵl.tat,3,RRF,,FALSE
сӑркӑлтату,sɵrkɵltatu,sɵr.kɵl.ta.tu,4,RRFF,,FALSE
сӑркӑч,sɵrkɵtɕ,sɵr.kɵtɕ,2,RR,4,TRUE
сӑркӑчла,sɵrkɵtɕla,sɵr.kɵtɕ.la,3,RRF,,FALSE
сӑркка,sɵrkka,sɵrk.ka,2,RF,10,TRUE
сӑрккавай,sɵrkkaʋaj,sɵrk.ka.ʋaj,3,RFF,,FALSE
сӑрла,sɵrla,sɵr.la,2,RF,25,TRUE
сӑрлаккай,sɵrlakkaj,sɵr.lak.kaj,3,RFF,,FALSE
сӑрлан,sɵrlan,sɵr.lan,2,RF,1,TRUE
сӑрлат,sɵrlat,sɵr.lat,2,RF,,FALSE
сӑрлаттар,sɵrlattar,sɵr.lat.tar,3,RFF,,FALSE
сӑрлӑ,sɵrlɵ,sɵr.lɵ,2,RR,83,TRUE
сӑрмакла,sɵrmakla,sɵr.mak.la,3,RFF,,FALSE
сӑрнай,sɵrnaj,sɵr.naj,2,RF,218,TRUE
сӑрнайҫӑ,sɵrnajɕɵ,sɵr.naj.ɕɵ,3,RFR,1,TRUE
сӑрнаккай,sɵrnakkaj,sɵr.nak.kaj,3,RFF,1,TRUE
сӑрпалан,sɵrpalan,sɵr.pa.lan,3,RFF,2,TRUE
сӑрт,sɵrt,sɵrt,1,R,1735,TRUE
сӑртвар,sɵrtʋar,sɵrt.ʋar,2,RF,,FALSE
сӑртту,sɵrttu,sɵrt.tu,2,RF,4,TRUE
сӑртакла,sɵrtakla,sɵr.tak.la,3,RFF,,FALSE
сӑртанкӑ,sɵrtankɵ,sɵr.tan.kɵ,3,RFR,2,TRUE
сӑртар,sɵrtar,sɵr.tar,2,RF,,FALSE
сӑртлам,sɵrtlam,sɵrt.lam,2,RF,4,TRUE
сӑртлама,sɵrtlama,sɵrt.la.ma,3,RFF,2,TRUE
сӑртламлӑ,sɵrtlamlɵ,sɵrt.lam.lɵ,3,RFR,1,TRUE
сӑртлӑ,sɵrtlɵ,sɵrt.lɵ,2,RR,243,TRUE
сӑртлӑварлӑ,sɵrtlɵʋarlɵ,sɵrt.lɵ.ʋar.lɵ,4,RRFR,,FALSE
сӑртлӑтуллӑ,sɵrtlɵtullɵ,sɵrt.lɵ.tul.lɵ,4,RRFR,,FALSE
сӑртлӑх,sɵrtlɵx,sɵrt.lɵx,2,RR,27,TRUE
сӑрттай,sɵrttaj,sɵrt.taj,2,RF,,FALSE
сӑрхӑват,sɵrxɵʋat,sɵr.xɵ.ʋat,3,RRF,1,TRUE
сӑрхӑн,sɵrxɵn,sɵr.xɵn,2,RR,,FALSE
сӑрхӑнтар,sɵrxɵntar,sɵr.xɵn.tar,3,RRF,,FALSE
сӑс,sɵs,sɵs,1,R,3,TRUE
сӑсар,sɵsar,sɵ.sar,2,RF,93,TRUE
сӑсӑл,sɵsɵl,sɵ.sɵl,2,RR,37,TRUE
сӑсӑллан,sɵsɵllan,sɵ.sɵl.lan,3,RRF,,FALSE
сӑсӑллӑ,sɵsɵllɵ,sɵ.sɵl.lɵ,3,RRR,2,TRUE
сӑсӑрлантар,sɵsɵrlantar,sɵ.sɵr.lan.tar,4,RRFF,,FALSE
сӑскӑ,sɵskɵ,sɵs.kɵ,2,RR,3,TRUE
сӑскӑҫ,sɵskɵɕ,sɵs.kɵɕ,2,RR,,FALSE
сӑсла,sɵsla,sɵs.la,2,RF,2,TRUE
сӑстӑк,sɵstɵk,sɵs.tɵk,2,RR,2,TRUE
сӑтӑр,sɵtɵr,sɵ.tɵr,2,RR,421,TRUE
сӑтӑрӑл,sɵtɵrɵl,sɵ.tɵ.rɵl,3,RRR,,FALSE
сӑтӑрӑм,sɵtɵrɵm,sɵ.tɵ.rɵm,3,RRR,2,TRUE
сӑтӑрӑн,sɵtɵrɵn,sɵ.tɵ.rɵn,3,RRR,,FALSE
сӑтӑркка,sɵtɵrkka,sɵ.tɵrk.ka,3,RRF,,FALSE
сӑтӑрла,sɵtɵrla,sɵ.tɵr.la,3,RRF,21,TRUE
сӑтӑрлӑ,sɵtɵrlɵ,sɵ.tɵr.lɵ,3,RRR,4,TRUE
сӑтӑрлӑх,sɵtɵrlɵx,sɵ.tɵr.lɵx,3,RRR,,FALSE
сӑтӑрҫӑ,sɵtɵrɕɵ,sɵ.tɵr.ɕɵ,3,RRR,40,TRUE
сӑтӑрҫӑлла,sɵtɵrɕɵlla,sɵ.tɵr.ɕɵl.la,4,RRRF,,FALSE
сӑтӑрттар,sɵtɵrttar,sɵ.tɵrt.tar,3,RRF,1,TRUE
сӑх,sɵx,sɵx,1,R,98,TRUE
сӑхӑ,sɵxɵ,sɵ.xɵ,2,RR,100,TRUE
сӑхӑлан,sɵxɵlan,sɵ.xɵ.lan,3,RRF,,FALSE
сӑхӑлӑх,sɵxɵlɵx,sɵ.xɵ.lɵx,3,RRR,1,TRUE
сӑхӑм,sɵxɵm,sɵ.xɵm,2,RR,26,TRUE
сӑхӑн,sɵxɵn,sɵ.xɵn,2,RR,4,TRUE
сӑхӑнтар,sɵxɵntar,sɵ.xɵn.tar,3,RRF,,FALSE
сӑхлан,sɵxlan,sɵx.lan,2,RF,1,TRUE
сӑхлантар,sɵxlantar,sɵx.lan.tar,3,RFF,,FALSE
сӑхман,sɵxman,sɵx.man,2,RF,379,TRUE
сӑхсӑх,sɵxsɵx,sɵx.sɵx,2,RR,26,TRUE
сӑхсӑхтар,sɵxsɵxtar,sɵx.sɵx.tar,3,RRF,,FALSE
сӑхтар,sɵxtar,sɵx.tar,2,RF,,FALSE
сӑххӑн,sɵxxɵn,sɵx.xɵn,2,RR,5,TRUE
сӑянташ,sɵjantaʃ,sɵ.jan.taʃ,3,RFF,3,TRUE
сӑянташлӑ,sɵjantaʃlɵ,sɵ.jan.taʃ.lɵ,4,RFFR,2,TRUE
свай,sʋaj,sʋaj,1,F,14,TRUE
сварка,sʋarka,sʋar.ka,2,FF,57,TRUE
сваркӑллӑ,sʋarkɵllɵ,sʋar.kɵl.lɵ,3,FRR,,FALSE
свастика,sʋastika,sʋas.ti.ka,3,FFF,6,TRUE
светильник,sʋetilʲnik,sʋe.tilʲ.nik,3,FFF,9,TRUE
свеча,sʋetɕa,sʋe.tɕa,2,FF,7,TRUE
свинарь,sʋinarʲ,sʋi.narʲ,2,FF,,FALSE
свита,sʋita,sʋi.ta,2,FF,4,TRUE
свитер,sʋiter,sʋi.ter,2,FF,43,TRUE
сеанс,seans,se.ans,2,FF,58,TRUE
севеп,seʋep,se.ʋep,2,FF,2,TRUE
сейӗр,sejør,se.jør,2,FR,,FALSE
сейӗрле,sejørle,se.jør.le,3,FRF,1,TRUE
сейм,sejm,sejm,1,F,16,TRUE
сейнер,sejner,sej.ner,2,FF,2,TRUE
сейсмика,sejsmika,sejs.mi.ka,3,FFF,,FALSE
секвестр,sekʋestr,sek.ʋestr,2,FF,,FALSE
секрет,sekret,sek.ret,2,FF,11,TRUE
секретариат,sekretariat,sek.re.ta.ri.at,5,FFFFF,5,TRUE
секретарь,sekretarʲ,sek.re.tarʲ,3,FFF,429,TRUE
секретер,sekreter,sek.re.ter,3,FFF,,FALSE
секретлӑ,sekretlɵ,sek.ret.lɵ,3,FFR,9,TRUE
секретлӑх,sekretlɵx,sek.ret.lɵx,3,FFR,,FALSE
секста,seksta,seks.ta,2,FF,1,TRUE
секстант,sekstant,seks.tant,2,FF,,FALSE
секстет,sekstet,seks.tet,2,FF,1,TRUE
секта,sekta,sek.ta,2,FF,13,TRUE
сектант,sektant,sek.tant,2,FF,2,TRUE
сектантла,sektantla,sek.tant.la,3,FFF,,FALSE
селем,selem,se.lem,2,FF,5,TRUE
селен,selen,se.len,2,FF,25,TRUE
селӗм,seløm,se.løm,2,FR,184,TRUE
селӗмлен,selømlen,se.løm.len,3,FRF,,FALSE
селӗммӗн,selømmøn,se.løm.møn,3,FRR,1,TRUE
селӗп,seløp,se.løp,2,FR,76,TRUE
селӗплен,seløplen,se.løp.len,3,FRF,,FALSE
селӗплӗх,seløpløx,se.løp.løx,3,FRR,,FALSE
селӗппӗн,seløppøn,se.løp.pøn,3,FRR,9,TRUE
селитра,selitra,se.lit.ra,3,FFF,13,TRUE
семантика,semantika,se.man.ti.ka,4,FFFF,20,TRUE
семантику,semantiku,se.man.ti.ku,4,FFFF,,FALSE
семен,semen,se.men,2,FF,833,TRUE
семестр,semestr,se.mestr,2,FF,28,TRUE
семетле,semetle,se.met.le,3,FFF,,FALSE
семинар,seminar,se.mi.nar,3,FFF,385,TRUE
семинари,seminari,se.mi.na.ri,4,FFFF,39,TRUE
семинарист,seminarist,se.mi.na.rist,4,FFFF,5,TRUE
семит,semit,se.mit,2,FF,21,TRUE
сенат,senat,se.nat,2,FF,26,TRUE
сенӗк,senøk,se.nøk,2,FR,254,TRUE
сенӗкле,senøkle,se.nøk.le,3,FRF,,FALSE
сенкер,senker,sen.ker,2,FF,1080,TRUE
сенкерле,senkerle,sen.ker.le,3,FFF,,FALSE
сенкерлен,senkerlen,sen.ker.len,3,FFF,,FALSE
сенкерлентер,senkerlenter,sen.ker.len.ter,4,FFFF,,FALSE
сенкерлӗх,senkerløx,sen.ker.løx,3,FFR,11,TRUE
сенкӗ,senkø,sen.kø,2,FR,7,TRUE
сентел,sentel,sen.tel,2,FF,13,TRUE
сентименталлӑ,sentimentallɵ,sen.ti.men.tal.lɵ,5,FFFFR,2,TRUE
сентименталлӑх,sentimentallɵx,sen.ti.men.tal.lɵx,5,FFFFR,1,TRUE
сентре,sentre,sent.re,2,FF,242,TRUE
сенхерле,senxerle,sen.xer.le,3,FFF,,FALSE
сепсенкер,sepsenker,sep.sen.ker,3,FFF,,FALSE
сепаратистла,separatistla,se.pa.ra.tist.la,5,FFFFF,,FALSE
сепаратлӑ,separatlɵ,se.pa.rat.lɵ,4,FFFR,10,TRUE
сепаратлӑх,separatlɵx,se.pa.rat.lɵx,4,FFFR,,FALSE
сепи,sepi,se.pi,2,FF,2,TRUE
сеппер,sepper,sep.per,2,FF,4,TRUE
сепсис,sepsis,sep.sis,2,FF,2,TRUE
септет,septet,sep.tet,2,FF,,FALSE
сервант,serʋant,ser.ʋant,2,FF,15,TRUE
сервис,serʋis,ser.ʋis,2,FF,116,TRUE
серепе,serepe,se.re.pe,3,FFF,57,TRUE
серепелен,serepelen,se.re.pe.len,4,FFFF,,FALSE
серепеллӗ,serepellø,se.re.pel.lø,4,FFFR,1,TRUE
серете,serete,se.re.te,3,FFF,,FALSE
сери,seri,se.ri,2,FF,35,TRUE
серилӗх,seriløx,se.ri.løx,3,FFR,,FALSE
сериллӗ,serillø,se.ril.lø,3,FFR,72,TRUE
серна,serna,ser.na,2,FF,2,TRUE
серпантин,serpantin,ser.pan.tin,3,FFF,11,TRUE
серте,serte,ser.te,2,FF,194,TRUE
сертепултӑран,sertepultɵran,ser.te.pul.tɵ.ran,5,FFFRF,,FALSE
сертеҫеҫпӗл,serteɕeɕpøl,ser.te.ɕeɕ.pøl,4,FFFR,,FALSE
сертелӗх,serteløx,ser.te.løx,3,FFR,,FALSE
серхе,serxe,ser.xe,2,FF,,FALSE
сесси,sessi,ses.si,2,FF,212,TRUE
сестра,sestra,sest.ra,2,FF,336,TRUE
сет,set,set,1,F,52,TRUE
сетка,setka,set.ka,2,FF,82,TRUE
сеттер,setter,set.ter,2,FF,2,TRUE
сетчатка,settɕatka,set.tɕat.ka,3,FFF,5,TRUE
сеть,setʲ,setʲ,1,F,45,TRUE
сехет,sexet,se.xet,2,FF,6357,TRUE
сехетӗн,sexetøn,se.xe.tøn,3,FFR,27,TRUE
сехетсерен,sexetseren,se.xe.tse.ren,4,FFFF,31,TRUE
сехетшерӗн,sexetʃerøn,se.xe.tʃe.røn,4,FFFR,2,TRUE
сехӗрлен,sexørlen,se.xør.len,3,FRF,5,TRUE
сехӗрлентер,sexørlenter,se.xør.len.ter,4,FRFF,,FALSE
сехӗрленӳ,sexørleny,se.xør.le.ny,4,FRFF,3,TRUE
сехӗрлӗ,sexørlø,se.xør.lø,3,FRR,2,TRUE
сехмет,sexmet,sex.met,2,FF,377,TRUE
сехметлӗ,sexmetlø,sex.met.lø,3,FFR,4,TRUE
сехре,sexre,sex.re,2,FF,522,TRUE
сеялка,sejalka,se.jal.ka,3,FFF,61,TRUE
сӗв,søʋ,søʋ,1,R,3,TRUE
сӗвек,søʋek,sø.ʋek,2,RF,79,TRUE
сӗвеккӗн,søʋekkøn,sø.ʋek.køn,3,RFR,6,TRUE
сӗвеклен,søʋeklen,sø.ʋek.len,3,RFF,,FALSE
сӗвеклентер,søʋeklenter,sø.ʋek.len.ter,4,RFFF,,FALSE
сӗвеклет,søʋeklet,sø.ʋek.let,3,RFF,,FALSE
сӗвеклӗх,søʋekløx,sø.ʋek.løx,3,RFR,1,TRUE
сӗвеле,søʋele,sø.ʋe.le,3,RFF,,FALSE
сӗвелен,søʋelen,sø.ʋe.len,3,RFF,,FALSE
сӗвем,søʋem,sø.ʋem,2,RF,55,TRUE
сӗвемле,søʋemle,sø.ʋem.le,3,RFF,,FALSE
сӗвемлӗ,søʋemlø,sø.ʋem.lø,3,RFR,,FALSE
сӗвен,søʋen,sø.ʋen,2,RF,21,TRUE
сӗвентер,søʋenter,sø.ʋen.ter,3,RFF,1,TRUE
сӗвӗм,søʋøm,sø.ʋøm,2,RR,3,TRUE
сӗвӗн,søʋøn,sø.ʋøn,2,RR,1,TRUE
сӗвӗр,søʋør,sø.ʋør,2,RR,2,TRUE
сӗвӗрӗл,søʋørøl,sø.ʋø.røl,3,RRR,2,TRUE
сӗвӗрӗлтер,søʋørølter,sø.ʋø.røl.ter,4,RRRF,2,TRUE
сӗвӗрӗнкӗ,søʋørønkø,sø.ʋø.røn.kø,4,RRRR,3,TRUE
сӗвӗрт,søʋørt,sø.ʋørt,2,RR,2,TRUE
сӗвлет,søʋlet,søʋ.let,2,RF,,FALSE
сӗврӗк,søʋrøk,søʋ.røk,2,RR,2,TRUE
сӗврӗклен,søʋrøklen,søʋ.røk.len,3,RRF,,FALSE
сӗк,søk,søk,1,R,4,TRUE
сӗке,søke,sø.ke,2,RF,1,TRUE
сӗкӗн,søkøn,sø.køn,2,RR,9,TRUE
сӗкӗнтер,søkønter,sø.køn.ter,3,RRF,,FALSE
сӗкӗш,søkøʃ,sø.køʃ,2,RR,4,TRUE
сӗкӗштер,søkøʃter,sø.køʃ.ter,3,RRF,,FALSE
сӗкме,søkme,søk.me,2,RF,8,TRUE
сӗктер,søkter,søk.ter,2,RF,1,TRUE
сӗлевӗс,søleʋøs,sø.le.ʋøs,3,RFR,5,TRUE
сӗлеке,søleke,sø.le.ke,3,RFF,69,TRUE
сӗлекеле,sølekele,sø.le.ke.le,4,RFFF,,FALSE
сӗлекелен,sølekelen,sø.le.ke.len,4,RFFF,,FALSE
сӗлекеллӗ,sølekellø,sø.le.kel.lø,4,RFFR,13,TRUE
сӗлен,sølen,sø.len,2,RF,,FALSE
сӗлешен,søleʃen,sø.le.ʃen,3,RFF,1,TRUE
сӗлӗ,sølø,sø.lø,2,RR,837,TRUE
сӗлӗх,søløx,sø.løx,2,RR,42,TRUE
сӗлӗхле,søløxle,sø.løx.le,3,RRF,,FALSE
сӗлкӗ,sølkø,søl.kø,2,RR,31,TRUE
сӗлкӗш,sølkøʃ,søl.køʃ,2,RR,66,TRUE
сӗлкӗшлен,sølkøʃlen,søl.køʃ.len,3,RRF,,FALSE
сӗлкӗшлентер,sølkøʃlenter,søl.køʃ.len.ter,4,RRFF,,FALSE
сӗлкӗшлет,sølkøʃlet,søl.køʃ.let,3,RRF,,FALSE
сӗлкӗшлӗ,sølkøʃlø,søl.køʃ.lø,3,RRR,15,TRUE
сӗлкӗшшӗн,sølkøʃʃøn,søl.køʃ.ʃøn,3,RRR,2,TRUE
сӗлпӗр,sølpør,søl.pør,2,RR,2,TRUE
сӗлпӗрлен,sølpørlen,søl.pør.len,3,RRF,,FALSE
сӗлт,sølt,sølt,1,R,8,TRUE
сӗлтӗ,søltø,søl.tø,2,RR,60,TRUE
сӗлтӗле,søltøle,søl.tø.le,3,RRF,,FALSE
сӗлтӗлен,søltølen,søl.tø.len,3,RRF,,FALSE
сӗлтӗллӗ,søltøllø,søl.tøl.lø,3,RRR,3,TRUE
сӗлтӗрке,søltørke,søl.tør.ke,3,RRF,1,TRUE
сӗлттер,søltter,sølt.ter,2,RF,,FALSE
сӗлхе,sølxe,søl.xe,2,RF,13,TRUE
сӗм,søm,søm,1,R,2464,TRUE
сӗмеке,sømeke,sø.me.ke,3,RFF,,FALSE
сӗмле,sømle,søm.le,2,RF,1,TRUE
сӗмлен,sømlen,søm.len,2,RF,2,TRUE
сӗмлентер,sømlenter,søm.len.ter,3,RFF,,FALSE
сӗмлӗх,sømløx,søm.løx,2,RR,60,TRUE
сӗмпӗлтет,sømpøltet,søm.pøl.tet,3,RRF,,FALSE
сӗмпӗлти,sømpølti,søm.pøl.ti,3,RRF,,FALSE
сӗмсӗр,sømsør,søm.sør,2,RR,305,TRUE
сӗмсӗркке,sømsørkke,søm.sørk.ke,3,RRF,36,TRUE
сӗмсӗрле,sømsørle,søm.sør.le,3,RRF,15,TRUE
сӗмсӗрлен,sømsørlen,søm.sør.len,3,RRF,1,TRUE
сӗмсӗрлентер,sømsørlenter,søm.sør.len.ter,4,RRFF,,FALSE
сӗмсӗрлет,sømsørlet,søm.sør.let,3,RRF,,FALSE
сӗмсӗрлӗх,sømsørløx,søm.sør.løx,3,RRR,24,TRUE
сӗмсӗррӗн,sømsørrøn,søm.sør.røn,3,RRR,140,TRUE
сӗн,søn,søn,1,R,80,TRUE
сӗнк,sønk,sønk,1,R,37,TRUE
сӗнкӗлтет,sønkøltet,søn.køl.tet,3,RRF,,FALSE
сӗнкӗлтеттер,sønkøltetter,søn.køl.tet.ter,4,RRFF,,FALSE
сӗнкӗлти,sønkølti,søn.køl.ti,3,RRF,4,TRUE
сӗнкке,sønkke,sønk.ke,2,RF,1,TRUE
сӗнтер,sønter,søn.ter,2,RF,3,TRUE
сӗнӳ,søny,sø.ny,2,RF,876,TRUE
сӗр,sør,sør,1,R,228,TRUE
сӗре,søre,sø.re,2,RF,303,TRUE
сӗреке,søreke,sø.re.ke,3,RFF,81,TRUE
сӗрекететел,søreketetel,sø.re.ke.te.tel,5,RFFFF,,FALSE
сӗрелте,sørelte,sø.rel.te,3,RFF,2,TRUE
сӗрен,søren,sø.ren,2,RF,145,TRUE
сӗреплӗ,søreplø,sø.rep.lø,3,RFR,4,TRUE
сӗрепсӗр,sørepsør,sø.rep.sør,3,RFR,2,TRUE
сӗрӗлтет,sørøltet,sø.røl.tet,3,RRF,,FALSE
сӗрӗм,sørøm,sø.røm,2,RR,251,TRUE
сӗрӗмле,sørømle,sø.røm.le,3,RRF,,FALSE
сӗрӗмлен,sørømlen,sø.røm.len,3,RRF,,FALSE
сӗрӗмлӗ,sørømlø,sø.røm.lø,3,RRR,16,TRUE
сӗрӗн,sørøn,sø.røn,2,RR,1,TRUE
сӗрӗх,sørøx,sø.røx,2,RR,,FALSE
сӗрӗш,sørøʃ,sø.røʃ,2,RR,,FALSE
сӗрӗштер,sørøʃter,sø.røʃ.ter,3,RRF,,FALSE
сӗркеле,sørkele,sør.ke.le,3,RFF,1,TRUE
сӗркелен,sørkelen,sør.ke.len,3,RFF,,FALSE
сӗркеленчӗк,sørkelentɕøk,sør.ke.len.tɕøk,4,RFFR,1,TRUE
сӗркӗч,sørkøtɕ,sør.køtɕ,2,RR,19,TRUE
сӗрле,sørle,sør.le,2,RF,34,TRUE
сӗрлеттер,sørletter,sør.let.ter,3,RFF,,FALSE
сӗрлеш,sørleʃ,sør.leʃ,2,RF,,FALSE
сӗрлӗ,sørlø,sør.lø,2,RR,,FALSE
сӗрме,sørme,sør.me,2,RF,806,TRUE
сӗрт,sørt,sørt,1,R,1,TRUE
сӗртер,sørter,sør.ter,2,RF,,FALSE
сӗртӗн,sørtøn,sør.tøn,2,RR,15,TRUE
сӗртӗнтер,sørtønter,sør.tøn.ter,3,RRF,1,TRUE
сӗртӗнӳ,sørtøny,sør.tø.ny,3,RRF,1,TRUE
сӗт,søt,søt,1,R,4556,TRUE
сӗтҫу,søtɕu,sø.tɕu,2,RF,1,TRUE
сӗттурӑх,søtturɵx,søt.tu.rɵx,3,RFR,1,TRUE
сӗте,søte,sø.te,2,RF,564,TRUE
сӗтев,søteʋ,sø.teʋ,2,RF,273,TRUE
сӗтевле,søteʋle,sø.teʋ.le,3,RFF,4,TRUE
сӗтек,søtek,sø.tek,2,RF,7,TRUE
сӗтеклен,søteklen,sø.tek.len,3,RFF,,FALSE
сӗтеклентер,søteklenter,sø.tek.len.ter,4,RFFF,,FALSE
сӗтеклӗ,søteklø,sø.tek.lø,3,RFR,174,TRUE
сӗтеклӗн,søtekløn,sø.tek.løn,3,RFR,12,TRUE
сӗтеклӗх,søtekløx,sø.tek.løx,3,RFR,,FALSE
сӗтексӗр,søteksør,sø.tek.sør,3,RFR,1,TRUE
сӗтексӗрлен,søteksørlen,sø.tek.sør.len,4,RFRF,,FALSE
сӗтел,søtel,sø.tel,2,RF,10606,TRUE
сӗтелпукан,søtelpukan,sø.tel.pu.kan,4,RFFF,17,TRUE
сӗтелтенкел,søteltenkel,sø.tel.ten.kel,4,RFFF,,FALSE
сӗтӗр,søtør,sø.tør,2,RR,14,TRUE
сӗтӗрӗн,søtørøn,sø.tø.røn,3,RRR,3,TRUE
сӗтӗрӗнтер,søtørønter,sø.tø.røn.ter,4,RRRF,,FALSE
сӗтӗрӗнчӗк,søtørøntɕøk,sø.tø.røn.tɕøk,4,RRRR,14,TRUE
сӗтӗрттер,søtørtter,sø.tørt.ter,3,RRF,,FALSE
сӗткен,søtken,søt.ken,2,RF,284,TRUE
сӗткенлен,søtkenlen,søt.ken.len,3,RFF,,FALSE
сӗткенлентер,søtkenlenter,søt.ken.len.ter,4,RFFF,,FALSE
сӗткенлӗ,søtkenlø,søt.ken.lø,3,RFR,64,TRUE
сӗткенлӗх,søtkenløx,søt.ken.løx,3,RFR,4,TRUE
сӗткенсӗр,søtkensør,søt.ken.sør,3,RFR,6,TRUE
сӗткенсӗрлен,søtkensørlen,søt.ken.sør.len,4,RFRF,,FALSE
сӗтлӑх,søtlɵx,søt.lɵx,2,RR,,FALSE
сӗтле,søtle,søt.le,2,RF,,FALSE
сӗтлен,søtlen,søt.len,2,RF,,FALSE
сӗтлӗ,søtlø,søt.lø,2,RR,112,TRUE
сӗтлӗх,søtløx,søt.løx,2,RR,1,TRUE
си,si,si,1,F,404,TRUE
сив,siʋ,siʋ,1,F,938,TRUE
сиввӗн,siʋʋøn,siʋ.ʋøn,2,FR,870,TRUE
сивӗ,siʋø,si.ʋø,2,FR,5715,TRUE
сивӗлен,siʋølen,si.ʋø.len,3,FRF,,FALSE
сивӗлле,siʋølle,si.ʋøl.le,3,FRF,22,TRUE
сивӗллӗ,siʋøllø,si.ʋøl.lø,3,FRR,1,TRUE
сивӗн,siʋøn,si.ʋøn,2,FR,47,TRUE
сивӗнтер,siʋønter,si.ʋøn.ter,3,FRF,1,TRUE
сивӗреххӗн,siʋørexxøn,si.ʋø.rex.xøn,4,FRFR,4,TRUE
сивӗт,siʋøt,si.ʋøt,2,FR,8,TRUE
сивӗттер,siʋøtter,si.ʋøt.ter,3,FRF,,FALSE
сивле,siʋle,siʋ.le,2,FF,18,TRUE
сивлек,siʋlek,siʋ.lek,2,FF,126,TRUE
сивлеккӗн,siʋlekkøn,siʋ.lek.køn,3,FFR,38,TRUE
сивлеклӗ,siʋleklø,siʋ.lek.lø,3,FFR,4,TRUE
сивлеклӗх,siʋlekløx,siʋ.lek.løx,3,FFR,12,TRUE
сивлеттер,siʋletter,siʋ.let.ter,3,FFF,,FALSE
сиен,sien,si.en,2,FF,1514,TRUE
сиенсуран,siensuran,si.en.su.ran,4,FFFF,1,TRUE
сиенле,sienle,si.en.le,3,FFF,1,TRUE
сиенлен,sienlen,si.en.len,3,FFF,1,TRUE
сиенлет,sienlet,si.en.let,3,FFF,17,TRUE
сиенлӗ,sienlø,si.en.lø,3,FFR,1152,TRUE
сиенлӗх,sienløx,si.en.løx,3,FFR,7,TRUE
сиенсӗр,siensør,si.en.sør,3,FFR,38,TRUE
сиенсӗрлен,siensørlen,si.en.sør.len,4,FFRF,,FALSE
сиенсӗрлет,siensørlet,si.en.sør.let,4,FFRF,,FALSE
сиенҫӗ,sienɕø,si.en.ɕø,3,FFR,,FALSE
сий,sij,sij,1,F,263,TRUE
сийӗнсийӗн,sijønsijøn,si.jøn.si.jøn,4,FRFR,,FALSE
сийле,sijle,sij.le,2,FF,,FALSE
сийлен,sijlen,sij.len,2,FF,,FALSE
сийлентер,sijlenter,sij.len.ter,3,FFF,,FALSE
сийленӳ,sijleny,sij.le.ny,3,FFF,,FALSE
сийлӗ,sijlø,sij.lø,2,FR,138,TRUE
сик,sik,sik,1,F,134,TRUE
сикӗ,sikø,si.kø,2,FR,12,TRUE
сикӗлчӗк,sikøltɕøk,si.køl.tɕøk,3,FRR,,FALSE
сикӗлчӗклӗ,sikøltɕøklø,si.køl.tɕøk.lø,4,FRRR,,FALSE
сикӗм,sikøm,si.køm,2,FR,7,TRUE
сиккеле,sikkele,sik.ke.le,3,FFF,28,TRUE
сиккелен,sikkelen,sik.ke.len,3,FFF,2,TRUE
сиккелентер,sikkelenter,sik.ke.len.ter,4,FFFF,,FALSE
сиккеленчӗк,sikkelentɕøk,sik.ke.len.tɕøk,4,FFFR,,FALSE
сиккӗч,sikkøtɕ,sik.køtɕ,2,FR,3,TRUE
сиккипе,sikkipe,sik.ki.pe,3,FFF,438,TRUE
сикмӗрчӗк,sikmørtɕøk,sik.mør.tɕøk,3,FRR,,FALSE
сиктер,sikter,sik.ter,2,FF,12,TRUE
сиктерӗш,sikterøʃ,sik.te.røʃ,3,FFR,2,TRUE
сиктерӳ,siktery,sik.te.ry,3,FFF,2,TRUE
сиктерчӗк,siktertɕøk,sik.ter.tɕøk,3,FFR,2,TRUE
сиктерчӗклӗ,siktertɕøklø,sik.ter.tɕøk.lø,4,FFRR,,FALSE
сиктӗрӗш,siktørøʃ,sik.tø.røʃ,3,FRR,,FALSE
сиктӗрме,siktørme,sik.tør.me,3,FRF,144,TRUE
сиктӗрмелен,siktørmelen,sik.tør.me.len,4,FRFF,,FALSE
сиктӗрмеллӗ,siktørmellø,sik.tør.mel.lø,4,FRFR,6,TRUE
сикчев,siktɕeʋ,sik.tɕeʋ,2,FF,,FALSE
сикчевлӗ,siktɕeʋlø,sik.tɕeʋ.lø,3,FFR,29,TRUE
сикчевлӗн,siktɕeʋløn,sik.tɕeʋ.løn,3,FFR,2,TRUE
сикчевлӗх,siktɕeʋløx,sik.tɕeʋ.løx,3,FFR,4,TRUE
сикчӗ,siktɕø,sik.tɕø,2,FR,3,TRUE
сикчӗллӗ,siktɕøllø,sik.tɕøl.lø,3,FRR,8,TRUE
сикчӗллӗн,siktɕølløn,sik.tɕøl.løn,3,FRR,3,TRUE
силам,silam,si.lam,2,FF,1,TRUE
силӗм,siløm,si.løm,2,FR,2,TRUE
силикат,silikat,si.li.kat,3,FFF,14,TRUE
силле,sille,sil.le,2,FF,83,TRUE
силлен,sillen,sil.len,2,FF,1,TRUE
силлентер,sillenter,sil.len.ter,3,FFF,1,TRUE
силленчӗк,sillentɕøk,sil.len.tɕøk,3,FFR,3,TRUE
силуэт,siluet,si.lu.et,3,FFF,7,TRUE
сим,sim,sim,1,F,303,TRUE
симӗс,simøs,si.møs,2,FR,3725,TRUE
симӗскӑвак,simøskɵʋak,si.møs.kɵ.ʋak,4,FRRF,,FALSE
симӗсле,simøsle,si.møs.le,3,FRF,,FALSE
симӗслен,simøslen,si.møs.len,3,FRF,,FALSE
симӗслентер,simøslenter,si.møs.len.ter,4,FRFF,,FALSE
симӗслет,simøslet,si.møs.let,3,FRF,,FALSE
симле,simle,sim.le,2,FF,,FALSE
симлӗ,simlø,sim.lø,2,FR,12,TRUE
симметри,simmetri,sim.met.ri,3,FFF,6,TRUE
симметрилӗх,simmetriløx,sim.met.ri.løx,4,FFFR,,FALSE
симметриллӗ,simmetrillø,sim.met.ril.lø,4,FFFR,11,TRUE
симметрисӗрлӗх,simmetrisørløx,sim.met.ri.sør.løx,5,FFFRR,,FALSE
симпати,simpati,sim.pa.ti,3,FFF,,FALSE
симпатилле,simpatille,sim.pa.til.le,4,FFFF,,FALSE
симулянт,simuljant,si.mul.jant,3,FFF,9,TRUE
симулянтка,simuljantka,si.mul.jant.ka,4,FFFF,,FALSE
симулянтла,simuljantla,si.mul.jant.la,4,FFFF,,FALSE
синкер,sinker,sin.ker,2,FF,259,TRUE
синкерсехмет,sinkersexmet,sin.ker.sex.met,4,FFFF,,FALSE
синкерлен,sinkerlen,sin.ker.len,3,FFF,,FALSE
синкерлӗ,sinkerlø,sin.ker.lø,3,FFR,329,TRUE
синкерлӗх,sinkerløx,sin.ker.løx,3,FFR,41,TRUE
синкеррӗн,sinkerrøn,sin.ker.røn,3,FFR,1,TRUE
синтаксис,sintaksis,sin.tak.sis,3,FFF,70,TRUE
синтетик,sintetik,sin.te.tik,3,FFF,2,TRUE
синтетика,sintetika,sin.te.ti.ka,4,FFFF,55,TRUE
синька,sinʲka,sinʲ.ka,2,FF,2,TRUE
синькӑла,sinʲkɵla,sinʲ.kɵ.la,3,FRF,,FALSE
сип,sip,sip,1,F,466,TRUE
сипсивӗ,sipsiʋø,sip.si.ʋø,3,FFR,,FALSE
сипсимӗс,sipsimøs,sip.si.møs,3,FFR,2,TRUE
сипет,sipet,si.pet,2,FF,373,TRUE
сипетлӗ,sipetlø,si.pet.lø,3,FFR,115,TRUE
сипетсӗр,sipetsør,si.pe.tsør,3,FFR,15,TRUE
сипле,siple,sip.le,2,FF,19,TRUE
сиплев,sipleʋ,sip.leʋ,2,FF,585,TRUE
сиплевҫӗ,sipleʋɕø,sip.leʋ.ɕø,3,FFR,89,TRUE
сиплен,siplen,sip.len,2,FF,7,TRUE
сиплентер,siplenter,sip.len.ter,3,FFF,,FALSE
сиплет,siplet,sip.let,2,FF,206,TRUE
сиплеттер,sipletter,sip.let.ter,3,FFF,,FALSE
сиплеш,sipleʃ,sip.leʃ,2,FF,,FALSE
сиплештер,sipleʃter,sip.leʃ.ter,3,FFF,,FALSE
сиплӗ,siplø,sip.lø,2,FR,858,TRUE
сиплӗлен,siplølen,sip.lø.len,3,FRF,,FALSE
сиплӗх,sipløx,sip.løx,2,FR,90,TRUE
сиплӗхле,sipløxle,sip.løx.le,3,FRF,,FALSE
сиплӗхлӗ,sipløxlø,sip.løx.lø,3,FRR,26,TRUE
сир,sir,sir,1,F,134,TRUE
сире,sire,si.re,2,FF,13159,TRUE
сирек,sirek,si.rek,2,FF,1,TRUE
сирен,siren,si.ren,2,FF,79,TRUE
сирена,sirena,si.re.na,3,FFF,38,TRUE
сирень,sirenʲ,si.renʲ,2,FF,278,TRUE
сирешкел,sireʃkel,si.reʃ.kel,3,FFF,2,TRUE
сирӗл,sirøl,si.røl,2,FR,41,TRUE
сирӗлтер,sirølter,si.røl.ter,3,FRF,2,TRUE
сирӗн,sirøn,si.røn,2,FR,11906,TRUE
сирӗнле,sirønle,si.røn.le,3,FRF,9,TRUE
сирӗнпе,sirønpe,si.røn.pe,3,FRF,1375,TRUE
сирӗнсӗр,sirønsør,si.røn.sør,3,FRR,77,TRUE
сирӗнте,sirønte,si.røn.te,3,FRF,59,TRUE
сирӗнтен,sirønten,si.røn.ten,3,FRF,608,TRUE
сирӗншӗн,sirønʃøn,si.røn.ʃøn,3,FRR,818,TRUE
сирпӗн,sirpøn,sir.pøn,2,FR,3,TRUE
сирпӗнтер,sirpønter,sir.pøn.ter,3,FRF,2,TRUE
сирпӗнчӗк,sirpøntɕøk,sir.pøn.tɕøk,3,FRR,2,TRUE
сирпӗт,sirpøt,sir.pøt,2,FR,9,TRUE
сирпӗттер,sirpøtter,sir.pøt.ter,3,FRF,,FALSE
сирпӗтӳ,sirpøty,sir.pø.ty,3,FRF,1,TRUE
сирпӗш,sirpøʃ,sir.pøʃ,2,FR,,FALSE
сирте,sirte,sir.te,2,FF,74,TRUE
сиртен,sirten,sir.ten,2,FF,468,TRUE
сис,sis,sis,1,F,43,TRUE
сисевлӗ,siseʋlø,si.seʋ.lø,3,FFR,,FALSE
сисӗм,sisøm,si.søm,2,FR,145,TRUE
сисӗмтуйӑм,sisømtujɵm,si.søm.tu.jɵm,4,FRFR,,FALSE
сисӗмлӗ,sisømlø,si.søm.lø,3,FRR,211,TRUE
сисӗмлӗн,sisømløn,si.søm.løn,3,FRR,5,TRUE
сисӗмлӗх,sisømløx,si.søm.løx,3,FRR,21,TRUE
сисӗмсӗр,sisømsør,si.søm.sør,3,FRR,14,TRUE
сисӗмсӗрлен,sisømsørlen,si.søm.sør.len,4,FRRF,,FALSE
сисӗмсӗрлӗх,sisømsørløx,si.søm.sør.løx,4,FRRR,,FALSE
сисӗн,sisøn,si.søn,2,FR,11,TRUE
сисӗнкӗ,sisønkø,si.søn.kø,3,FRR,2,TRUE
сисӗнкӗллӗ,sisønkøllø,si.søn.køl.lø,4,FRRR,1,TRUE
сисӗнкӗсӗр,sisønkøsør,si.søn.kø.sør,4,FRRR,34,TRUE
сисӗнмелле,sisønmelle,si.søn.mel.le,4,FRFF,44,TRUE
сисмесле,sismesle,sis.mes.le,3,FFF,13,TRUE
система,sistema,sis.te.ma,3,FFF,253,TRUE
систематика,sistematika,sis.te.ma.ti.ka,5,FFFFF,2,TRUE
системӑла,sistemɵla,sis.te.mɵ.la,4,FFRF,,FALSE
системӑлан,sistemɵlan,sis.te.mɵ.lan,4,FFRF,,FALSE
системӑлӑх,sistemɵlɵx,sis.te.mɵ.lɵx,4,FFRR,6,TRUE
системӑллӑ,sistemɵllɵ,sis.te.mɵl.lɵ,4,FFRR,19,TRUE
системӑсӑр,sistemɵsɵr,sis.te.mɵ.sɵr,4,FFRR,4,TRUE
системӑсӑрлӑх,sistemɵsɵrlɵx,sis.te.mɵ.sɵr.lɵx,5,FFRRR,,FALSE
систер,sister,sis.ter,2,FF,71,TRUE
систерӳ,sistery,sis.te.ry,3,FFF,3,TRUE
сисӳ,sisy,si.sy,2,FF,,FALSE
ситрел,sitrel,sit.rel,2,FF,,FALSE
ситрелчӗк,sitreltɕøk,sit.rel.tɕøk,3,FFR,,FALSE
ситрет,sitret,sit.ret,2,FF,1,TRUE
скальпель,skalʲpelʲ,skalʲ.pelʲ,2,FF,10,TRUE
скамье,skamʲe,ska.mʲe,2,FF,10,TRUE
скарлатина,skarlatina,skar.la.ti.na,4,FFFF,9,TRUE
скарлатинӑллӑ,skarlatinɵllɵ,skar.la.ti.nɵl.lɵ,5,FFFRR,,FALSE
скат,skat,skat,1,F,11,TRUE
скатка,skatka,skat.ka,2,FF,1,TRUE
скаут,skaut,ska.ut,2,FF,,FALSE
сквер,skʋer,skʋer,1,F,90,TRUE
скелет,skelet,ske.let,2,FF,13,TRUE
скептик,skeptik,skep.tik,2,FF,6,TRUE
скептикла,skeptikla,skep.tik.la,3,FFF,,FALSE
скетч,skettɕ,skettɕ,1,F,2,TRUE
скипетр,skipetr,ski.petr,2,FF,4,TRUE
склеп,sklep,sklep,1,F,,FALSE
скрепер,skreper,skre.per,2,FF,,FALSE
скульптура,skulʲptura,skulʲp.tu.ra,3,FFF,166,TRUE
скунс,skuns,skuns,1,F,2,TRUE
скутер,skuter,sku.ter,2,FF,30,TRUE
славян,slaʋjan,slaʋ.jan,2,FF,219,TRUE
славянла,slaʋjanla,slaʋ.jan.la,3,FFF,17,TRUE
слесарь,slesarʲ,sle.sarʲ,2,FF,150,TRUE
слива,sliʋa,sli.ʋa,2,FF,211,TRUE
слушатель,sluʃatelʲ,slu.ʃa.telʲ,3,FFF,5,TRUE
смальта,smalʲta,smalʲ.ta,2,FF,1,TRUE
смена,smena,sme.na,2,FF,369,TRUE
сменӑлӑх,smenɵlɵx,sme.nɵ.lɵx,3,FRR,,FALSE
сменӑллӑ,smenɵllɵ,sme.nɵl.lɵ,3,FRR,3,TRUE
смеситель,smesitelʲ,sme.si.telʲ,3,FFF,3,TRUE
смета,smeta,sme.ta,2,FF,93,TRUE
смушка,smuʃka,smuʃ.ka,2,FF,,FALSE
снайпер,snajper,snaj.per,2,FF,61,TRUE
снайперлӑ,snajperlɵ,snaj.per.lɵ,3,FFR,,FALSE
спаҫҫипӑ,spaɕɕipɵ,spaɕ.ɕi.pɵ,3,FFR,90,TRUE
спектакль,spektaklʲ,spek.taklʲ,2,FF,1593,TRUE
спектр,spektr,spektr,1,F,16,TRUE
спекулянт,spekuljant,spe.kul.jant,3,FFF,31,TRUE
спекулянтла,spekuljantla,spe.kul.jant.la,4,FFFF,1,TRUE
сперма,sperma,sper.ma,2,FF,2,TRUE
спиралле,spiralle,spi.ral.le,3,FFF,,FALSE
спираллӗ,spirallø,spi.ral.lø,3,FFR,1,TRUE
спираль,spiralʲ,spi.ralʲ,2,FF,24,TRUE
спирт,spirt,spirt,1,F,282,TRUE
спиртла,spirtla,spirt.la,2,FF,2,TRUE
спиртлан,spirtlan,spirt.lan,2,FF,,FALSE
спиртлӑ,spirtlɵ,spirt.lɵ,2,FR,59,TRUE
списать,spisatʲ,spi.satʲ,2,FF,23,TRUE
справка,spraʋka,spraʋ.ka,2,FF,284,TRUE
спринт,sprint,sprint,1,F,14,TRUE
спринтер,sprinter,sprin.ter,2,FF,16,TRUE
спрут,sprut,sprut,1,F,4,TRUE
спурт,spurt,spurt,1,F,,FALSE
спутник,sputnik,sput.nik,2,FF,222,TRUE
ссылка,ssʉlka,ssʉl.ka,2,FF,35,TRUE
ставка,staʋka,staʋ.ka,2,FF,26,TRUE
стайер,stajer,sta.jer,2,FF,4,TRUE
стайкка,stajkka,stajk.ka,2,FF,,FALSE
стакан,stakan,sta.kan,2,FF,2042,TRUE
сталактит,stalaktit,sta.lak.tit,3,FFF,3,TRUE
стан,stan,stan,1,F,98,TRUE
станина,stanina,sta.ni.na,3,FFF,2,TRUE
станлӑ,stanlɵ,stan.lɵ,2,FR,4,TRUE
стансӑр,stansɵr,stan.sɵr,2,FR,3,TRUE
стапель,stapelʲ,sta.pelʲ,2,FF,,FALSE
старав,staraʋ,sta.raʋ,2,FF,2,TRUE
старатель,staratelʲ,sta.ra.telʲ,3,FFF,6,TRUE
старейшина,starejʃina,sta.rej.ʃi.na,4,FFFF,3,TRUE
старик,starik,sta.rik,2,FF,2830,TRUE
старикле,starikle,sta.rik.le,3,FFF,2,TRUE
старт,start,start,1,F,346,TRUE
стартер,starter,star.ter,2,FF,6,TRUE
стартла,startla,start.la,2,FF,,FALSE
старшина,starʃina,star.ʃi.na,3,FFF,472,TRUE
статика,statika,sta.ti.ka,3,FFF,3,TRUE
статист,statist,sta.tist,2,FF,4,TRUE
статистик,statistik,sta.tis.tik,3,FFF,7,TRUE
статистика,statistika,sta.tis.ti.ka,4,FFFF,459,TRUE
статус,status,sta.tus,2,FF,78,TRUE
статут,statut,sta.tut,2,FF,,FALSE
статуэтка,statuetka,sta.tu.et.ka,4,FFFF,25,TRUE
статуя,statuja,sta.tu.ja,3,FFF,14,TRUE
статья,statʲja,statʲ.ja,2,FF,1207,TRUE
стачка,statɕka,statɕ.ka,2,FF,2,TRUE
стаяк,stajak,sta.jak,2,FF,,FALSE
стеарин,stearin,ste.a.rin,3,FFF,3,TRUE
стелька,stelʲka,stelʲ.ka,2,FF,4,TRUE
степень,stepenʲ,ste.penʲ,2,FF,275,TRUE
стериллӗ,sterillø,ste.ril.lø,3,FFR,2,TRUE
стериллӗх,sterilløx,ste.ril.løx,3,FFR,,FALSE
стилет,stilet,sti.let,2,FF,,FALSE
стилист,stilist,sti.list,2,FF,43,TRUE
стилистика,stilistika,sti.lis.ti.ka,4,FFFF,21,TRUE
стиллӗ,stillø,stil.lø,2,FR,5,TRUE
стиллӗх,stilløx,stil.løx,2,FR,,FALSE
стиль,stilʲ,stilʲ,1,F,136,TRUE
стимул,stimul,sti.mul,2,FF,14,TRUE
стимулла,stimulla,sti.mul.la,3,FFF,,FALSE
стихийӑлӑх,stixijɵlɵx,sti.xi.jɵ.lɵx,4,FFRR,,FALSE
стихийӑлла,stixijɵlla,sti.xi.jɵl.la,4,FFRF,1,TRUE
стихия,stixija,sti.xi.ja,3,FFF,10,TRUE
страус,straus,stra.us,2,FF,56,TRUE
страхла,straxla,strax.la,2,FF,,FALSE
страхлан,straxlan,strax.lan,2,FF,,FALSE
стрела,strela,stre.la,2,FF,32,TRUE
стрелка,strelka,strel.ka,2,FF,21,TRUE
стрепет,strepet,stre.pet,2,FF,,FALSE
стрепке,strepke,strep.ke,2,FF,49,TRUE
стресс,stress,stress,1,F,111,TRUE
стрихнин,strixnin,strix.nin,2,FF,,FALSE
структура,struktura,struk.tu.ra,3,FFF,52,TRUE
структурӑллӑ,strukturɵllɵ,struk.tu.rɵl.lɵ,4,FFRR,9,TRUE
су,su,su,1,F,248,TRUE
сувенир,suʋenir,su.ʋe.nir,3,FFF,87,TRUE
суверенитет,suʋerenitet,su.ʋe.re.ni.tet,5,FFFFF,37,TRUE
суверенлӑ,suʋerenlɵ,su.ʋe.ren.lɵ,4,FFFR,30,TRUE
суеҫ,sueɕ,su.eɕ,2,FF,28,TRUE
суеҫӗ,sueɕø,su.e.ɕø,3,FFR,83,TRUE
суеҫтер,sueɕter,su.eɕ.ter,3,FFF,6,TRUE
суй,suj,suj,1,F,144,TRUE
суйӑр,sujɵr,su.jɵr,2,FR,8,TRUE
суйкӑн,sujkɵn,suj.kɵn,2,FR,42,TRUE
суйла,sujla,suj.la,2,FF,166,TRUE
суйлав,sujlaʋ,suj.laʋ,2,FF,1864,TRUE
суйлавлӑ,sujlaʋlɵ,suj.laʋ.lɵ,3,FFR,8,TRUE
суйлавлӑх,sujlaʋlɵx,suj.laʋ.lɵx,3,FFR,,FALSE
суйлавҫӑ,sujlaʋɕɵ,suj.laʋ.ɕɵ,3,FFR,44,TRUE
суйлан,sujlan,suj.lan,2,FF,14,TRUE
суйланчӑк,sujlantɕɵk,suj.lan.tɕɵk,3,FFR,3,TRUE
суйлаттар,sujlattar,suj.lat.tar,3,FFF,1,TRUE
суйлаш,sujlaʃ,suj.laʃ,2,FF,1,TRUE
суйлашу,sujlaʃu,suj.la.ʃu,3,FFF,,FALSE
суккӑр,sukkɵr,suk.kɵr,2,FR,722,TRUE
суккӑркаккӑр,sukkɵrkakkɵr,suk.kɵr.kak.kɵr,4,FRFR,,FALSE
суккӑрла,sukkɵrla,suk.kɵr.la,3,FRF,11,TRUE
суккӑрлан,sukkɵrlan,suk.kɵr.lan,3,FRF,,FALSE
суккӑрлат,sukkɵrlat,suk.kɵr.lat,3,FRF,,FALSE
суккӑрлӑх,sukkɵrlɵx,suk.kɵr.lɵx,3,FRR,9,TRUE
сукмак,sukmak,suk.mak,2,FF,815,TRUE
сукмаксӑкмак,sukmaksɵkmak,suk.mak.sɵk.mak,4,FFRF,,FALSE
сукмакла,sukmakla,suk.mak.la,3,FFF,2,TRUE
сукмаклан,sukmaklan,suk.mak.lan,3,FFF,,FALSE
сукна,sukna,suk.na,2,FF,45,TRUE
сукта,sukta,suk.ta,2,FF,,FALSE
сул,sul,sul,1,F,107,TRUE
сула,sula,su.la,2,FF,200,TRUE
суланча,sulantɕa,su.lan.tɕa,3,FFF,1,TRUE
сулатник,sulatnik,su.lat.nik,3,FFF,,FALSE
сулахай,sulaxaj,su.la.xaj,3,FFF,5632,TRUE
сулахайра,sulaxajra,su.la.xaj.ra,4,FFFF,162,TRUE
сулахайран,sulaxajran,su.la.xaj.ran,4,FFFF,101,TRUE
сулахайри,sulaxajri,su.la.xaj.ri,4,FFFF,87,TRUE
сулахая,sulaxaja,su.la.xa.ja,4,FFFF,57,TRUE
сулахаялла,sulaxajalla,su.la.xa.jal.la,5,FFFFF,306,TRUE
сулӑ,sulɵ,su.lɵ,2,FR,260,TRUE
сулӑла,sulɵla,su.lɵ.la,3,FRF,,FALSE
сулӑм,sulɵm,su.lɵm,2,FR,30,TRUE
сулӑмлан,sulɵmlan,su.lɵm.lan,3,FRF,,FALSE
сулӑмлантар,sulɵmlantar,su.lɵm.lan.tar,4,FRFF,,FALSE
сулӑмлӑ,sulɵmlɵ,su.lɵm.lɵ,3,FRR,50,TRUE
сулӑмлӑн,sulɵmlɵn,su.lɵm.lɵn,3,FRR,25,TRUE
сулӑмлӑх,sulɵmlɵx,su.lɵm.lɵx,3,FRR,2,TRUE
сулӑмсӑр,sulɵmsɵr,su.lɵm.sɵr,3,FRR,,FALSE
сулӑн,sulɵn,su.lɵn,2,FR,12,TRUE
сулӑнкӑ,sulɵnkɵ,su.lɵn.kɵ,3,FRR,10,TRUE
сулӑнкӑлан,sulɵnkɵlan,su.lɵn.kɵ.lan,4,FRRF,,FALSE
сулӑнкӑллӑ,sulɵnkɵllɵ,su.lɵn.kɵl.lɵ,4,FRRR,2,TRUE
сулӑнтар,sulɵntar,su.lɵn.tar,3,FRF,,FALSE
сулӑнчӑк,sulɵntɕɵk,su.lɵn.tɕɵk,3,FRR,9,TRUE
сулӑнчӑклӑ,sulɵntɕɵklɵ,su.lɵn.tɕɵk.lɵ,4,FRRR,2,TRUE
сулӑнчӑкҫӑ,sulɵntɕɵkɕɵ,su.lɵn.tɕɵk.ɕɵ,4,FRRR,,FALSE
сулӑҫӑ,sulɵɕɵ,su.lɵ.ɕɵ,3,FRR,,FALSE
сулема,sulema,su.le.ma,3,FFF,2,TRUE
сулкала,sulkala,sul.ka.la,3,FFF,11,TRUE
сулкалан,sulkalan,sul.ka.lan,3,FFF,,FALSE
сулкалантар,sulkalantar,sul.ka.lan.tar,4,FFFF,,FALSE
сулкалаш,sulkalaʃ,sul.ka.laʃ,3,FFF,,FALSE
сулла,sulla,sul.la,2,FF,143,TRUE
суллан,sullan,sul.lan,2,FF,21,TRUE
суллантар,sullantar,sul.lan.tar,3,FFF,,FALSE
суллану,sullanu,sul.la.nu,3,FFF,2,TRUE
сулланчӑк,sullantɕɵk,sul.lan.tɕɵk,3,FFR,6,TRUE
суллаттар,sullattar,sul.lat.tar,3,FFF,,FALSE
суллаш,sullaʃ,sul.laʃ,2,FF,,FALSE
сулмак,sulmak,sul.mak,2,FF,25,TRUE
сулмаклан,sulmaklan,sul.mak.lan,3,FFF,,FALSE
сулмаклантар,sulmaklantar,sul.mak.lan.tar,4,FFFF,,FALSE
сулмаклӑсулмаклӑн,sulmaklɵsulmaklɵn,sul.mak.lɵ.sul.mak.lɵn,6,FFRFFR,,FALSE
сулмаклӑх,sulmaklɵx,sul.mak.lɵx,3,FFR,4,TRUE
султан,sultan,sul.tan,2,FF,92,TRUE
султанат,sultanat,sul.ta.nat,3,FFF,3,TRUE
сулу,sulu,su.lu,2,FF,13,TRUE
сулхӑн,sulxɵn,sul.xɵn,2,FR,530,TRUE
сулхӑнӑн,sulxɵnɵn,sul.xɵ.nɵn,3,FRR,3,TRUE
сулхӑнла,sulxɵnla,sul.xɵn.la,3,FRF,1,TRUE
сулхӑнлан,sulxɵnlan,sul.xɵn.lan,3,FRF,,FALSE
сулхӑнлат,sulxɵnlat,sul.xɵn.lat,3,FRF,,FALSE
сулхӑнлӑ,sulxɵnlɵ,sul.xɵn.lɵ,3,FRR,2,TRUE
сулхӑнлӑх,sulxɵnlɵx,sul.xɵn.lɵx,3,FRR,,FALSE
сулчӑ,sultɕɵ,sul.tɕɵ,2,FR,9,TRUE
сулчӑк,sultɕɵk,sul.tɕɵk,2,FR,,FALSE
сулчӑкла,sultɕɵkla,sul.tɕɵk.la,3,FRF,,FALSE
сулчӑлан,sultɕɵlan,sul.tɕɵ.lan,3,FRF,,FALSE
сулчӑлантар,sultɕɵlantar,sul.tɕɵ.lan.tar,4,FRFF,,FALSE
сулчӑлат,sultɕɵlat,sul.tɕɵ.lat,3,FRF,,FALSE
сулчӑн,sultɕɵn,sul.tɕɵn,2,FR,,FALSE
сульха,sulʲxa,sulʲ.xa,2,FF,18,TRUE
сум,sum,sum,1,F,943,TRUE
сумка,sumka,sum.ka,2,FF,353,TRUE
сумла,sumla,sum.la,2,FF,8,TRUE
сумлӑ,sumlɵ,sum.lɵ,2,FR,2708,TRUE
сумлӑн,sumlɵn,sum.lɵn,2,FR,85,TRUE
сумлӑх,sumlɵx,sum.lɵx,2,FR,17,TRUE
сумма,summa,sum.ma,2,FF,127,TRUE
суммӑла,summɵla,sum.mɵ.la,3,FRF,,FALSE
сумсӑр,sumsɵr,sum.sɵr,2,FR,63,TRUE
сумсӑрлан,sumsɵrlan,sum.sɵr.lan,3,FRF,,FALSE
сумсӑрлат,sumsɵrlat,sum.sɵr.lat,3,FRF,,FALSE
сун,sun,sun,1,F,70,TRUE
сунар,sunar,su.nar,2,FF,780,TRUE
сунарҫӑ,sunarɕɵ,su.nar.ɕɵ,3,FFR,547,TRUE
сунас,sunas,su.nas,2,FF,225,TRUE
сунасла,sunasla,su.nas.la,3,FFF,6,TRUE
сунаслаттар,sunaslattar,su.nas.lat.tar,4,FFFF,,FALSE
сунаслӑ,sunaslɵ,su.nas.lɵ,3,FFR,,FALSE
сунӑм,sunɵm,su.nɵm,2,FR,38,TRUE
сункӑлтат,sunkɵltat,sun.kɵl.tat,3,FRF,1,TRUE
сунтал,suntal,sun.tal,2,FF,274,TRUE
сунталҫӑ,suntalɕɵ,sun.tal.ɕɵ,3,FFR,,FALSE
сунтар,suntar,sun.tar,2,FF,,FALSE
сунтӑх,suntɵx,sun.tɵx,2,FR,24,TRUE
сунчӑк,suntɕɵk,sun.tɕɵk,2,FR,79,TRUE
сунчӑка,suntɕɵka,sun.tɕɵ.ka,3,FRF,9,TRUE
суп,sup,sup,1,F,10,TRUE
супӑ,supɵ,su.pɵ,2,FR,1,TRUE
супӑн,supɵn,su.pɵn,2,FR,5,TRUE
супӑнчӑк,supɵntɕɵk,su.pɵn.tɕɵk,3,FRR,,FALSE
супӑнь,supɵnʲ,su.pɵnʲ,2,FR,278,TRUE
супӑньле,supɵnʲle,su.pɵnʲ.le,3,FRF,,FALSE
супӑньлен,supɵnʲlen,su.pɵnʲ.len,3,FRF,,FALSE
супӑньлеттер,supɵnʲletter,su.pɵnʲ.let.ter,4,FRFF,,FALSE
супӑш,supɵʃ,su.pɵʃ,2,FR,,FALSE
суперхуплашка,superxuplaʃka,su.per.xup.laʃ.ka,5,FFFFF,,FALSE
супинкке,supinkke,su.pink.ke,3,FFF,11,TRUE
супинккелӗх,supinkkeløx,su.pink.ke.løx,4,FFFR,2,TRUE
супинккеллӗ,supinkkellø,su.pink.kel.lø,4,FFFR,,FALSE
супинккен,supinkken,su.pink.ken,3,FFF,2,TRUE
супинккеҫӗ,supinkkeɕø,su.pink.ke.ɕø,4,FFFR,1,TRUE
супка,supka,sup.ka,2,FF,14,TRUE
супне,supne,sup.ne,2,FF,3,TRUE
суптар,suptar,sup.tar,2,FF,,FALSE
суптӑрка,suptɵrka,sup.tɵr.ka,3,FRF,2,TRUE
суптӑркаттар,suptɵrkattar,sup.tɵr.kat.tar,4,FRFF,,FALSE
супьях,supʲjax,supʲ.jax,2,FF,6,TRUE
супьяхлан,supʲjaxlan,supʲ.jax.lan,3,FFF,,FALSE
сур,sur,sur,1,F,101,TRUE
суран,suran,su.ran,2,FF,721,TRUE
суранюхан,suranjuxan,su.ran.ju.xan,4,FFFF,,FALSE
суранюханлӑ,suranjuxanlɵ,su.ran.ju.xan.lɵ,5,FFFFR,,FALSE
суранла,suranla,su.ran.la,3,FFF,1,TRUE
суранлан,suranlan,su.ran.lan,3,FFF,1,TRUE
суранлантар,suranlantar,su.ran.lan.tar,4,FFFF,,FALSE
суранлат,suranlat,su.ran.lat,3,FFF,1,TRUE
суранлӑ,suranlɵ,su.ran.lɵ,3,FFR,106,TRUE
суранлӑх,suranlɵx,su.ran.lɵx,3,FFR,,FALSE
сурат,surat,su.rat,2,FF,27,TRUE
сурӑ,surɵ,su.rɵ,2,FR,,FALSE
сурӑх,surɵx,su.rɵx,2,FR,1735,TRUE
сурӑхла,surɵxla,su.rɵx.la,3,FRF,4,TRUE
сури,suri,su.ri,2,FF,68,TRUE
сурик,surik,su.rik,2,FF,,FALSE
суркам,surkam,sur.kam,2,FF,1,TRUE
сурпан,surpan,sur.pan,2,FF,357,TRUE
сурпанмасмак,surpanmasmak,sur.pan.mas.mak,4,FFFF,,FALSE
суртар,surtar,sur.tar,2,FF,,FALSE
сурханах,surxanax,sur.xa.nax,3,FFF,5,TRUE
сурхури,surxuri,sur.xu.ri,3,FFF,397,TRUE
сурчӑк,surtɕɵk,sur.tɕɵk,2,FR,128,TRUE
сурчӑкла,surtɕɵkla,sur.tɕɵk.la,3,FRF,,FALSE
сурчӑклан,surtɕɵklan,sur.tɕɵk.lan,3,FRF,,FALSE
сурчӑклантар,surtɕɵklantar,sur.tɕɵk.lan.tar,4,FRFF,,FALSE
сурчӑклат,surtɕɵklat,sur.tɕɵk.lat,3,FRF,,FALSE
сурчӑклӑ,surtɕɵklɵ,sur.tɕɵk.lɵ,3,FRR,1,TRUE
сурьма,surʲma,surʲ.ma,2,FF,6,TRUE
сусат,susat,su.sat,2,FF,,FALSE
сусӑн,susɵn,su.sɵn,2,FR,5,TRUE
сусӑнтар,susɵntar,su.sɵn.tar,3,FRF,,FALSE
сусӑр,susɵr,su.sɵr,2,FR,726,TRUE
сусӑрӑн,susɵrɵn,su.sɵ.rɵn,3,FRR,8,TRUE
сусӑрла,susɵrla,su.sɵr.la,3,FRF,,FALSE
сусӑрлан,susɵrlan,su.sɵr.lan,3,FRF,,FALSE
сусӑрлантар,susɵrlantar,su.sɵr.lan.tar,4,FRFF,,FALSE
сусӑрт,susɵrt,su.sɵrt,2,FR,,FALSE
сусла,susla,sus.la,2,FF,2,TRUE
суслаш,suslaʃ,sus.laʃ,2,FF,,FALSE
сут,sut,sut,1,F,257,TRUE
сутйӗр,sutjør,sut.jør,2,FR,,FALSE
сутана,sutana,su.ta.na,3,FFF,5,TRUE
сутар,sutar,su.tar,2,FF,11,TRUE
сутӑ,sutɵ,su.tɵ,2,FR,360,TRUE
сутӑн,sutɵn,su.tɵn,2,FR,405,TRUE
сутӑнчӑк,sutɵntɕɵk,su.tɵn.tɕɵk,3,FRR,355,TRUE
сутӑнчӑкла,sutɵntɕɵkla,su.tɵn.tɕɵk.la,4,FRRF,8,TRUE
сутӑнчӑклӑх,sutɵntɕɵklɵx,su.tɵn.tɕɵk.lɵx,4,FRRR,14,TRUE
сутка,sutka,sut.ka,2,FF,8,TRUE
сутлаш,sutlaʃ,sut.laʃ,2,FF,1,TRUE
сутлаштар,sutlaʃtar,sut.laʃ.tar,3,FFF,,FALSE
сутлашу,sutlaʃu,sut.la.ʃu,3,FFF,,FALSE
сутлӑх,sutlɵx,sut.lɵx,2,FR,107,TRUE
суттар,suttar,sut.tar,2,FF,1,TRUE
сутуилӳ,sutuily,su.tu.i.ly,4,FFFF,26,TRUE
сутуҫӑ,sutuɕɵ,su.tu.ɕɵ,3,FFR,404,TRUE
сутье,sutʲe,su.tʲe,2,FF,1,TRUE
суха,suxa,su.xa,2,FF,948,TRUE
сухал,suxal,su.xal,2,FF,528,TRUE
сухалмӑйӑх,suxalmɵjɵx,su.xal.mɵ.jɵx,4,FFRR,,FALSE
сухала,suxala,su.xa.la,3,FFF,88,TRUE
сухалан,suxalan,su.xa.lan,3,FFF,2,TRUE
сухалаттар,suxalattar,su.xa.lat.tar,4,FFFF,,FALSE
сухалей,suxalej,su.xa.lej,3,FFF,,FALSE
сухаллан,suxallan,su.xal.lan,3,FFF,,FALSE
сухаллӑ,suxallɵ,su.xal.lɵ,3,FFR,738,TRUE
сухалсӑр,suxalsɵr,su.xal.sɵr,3,FFR,33,TRUE
сухан,suxan,su.xan,2,FF,1367,TRUE
суханлӑ,suxanlɵ,su.xan.lɵ,3,FFR,,FALSE
сухапуҫ,suxapuɕ,su.xa.puɕ,3,FFF,136,TRUE
сухари,suxari,su.xa.ri,3,FFF,151,TRUE
сухаҫ,suxaɕ,su.xaɕ,2,FF,21,TRUE
сухаҫӑ,suxaɕɵ,su.xa.ɕɵ,3,FFR,61,TRUE
сухӑр,suxɵr,su.xɵr,2,FR,151,TRUE
сухӑрла,suxɵrla,su.xɵr.la,3,FRF,1,TRUE
сухӑрлан,suxɵrlan,su.xɵr.lan,3,FRF,,FALSE
сухӑрлӑ,suxɵrlɵ,su.xɵr.lɵ,3,FRR,18,TRUE
сушилка,suʃilka,su.ʃil.ka,3,FFF,32,TRUE
сушка,suʃka,suʃ.ka,2,FF,18,TRUE
суя,suja,su.ja,2,FF,1877,TRUE
суялӑх,sujalɵx,su.ja.lɵx,3,FFR,43,TRUE
сӳ,sy,sy,1,F,105,TRUE
сӳкен,syken,sy.ken,2,FF,,FALSE
сӳкӗч,sykøtɕ,sy.køtɕ,2,FR,,FALSE
сӳл,syl,syl,1,F,1,TRUE
сӳле,syle,sy.le,2,FF,1,TRUE
сӳлеме,syleme,sy.le.me,3,FFF,,FALSE
сӳленкке,sylenkke,sy.lenk.ke,3,FFF,,FALSE
сӳлентер,sylenter,sy.len.ter,3,FFF,,FALSE
сӳлет,sylet,sy.let,2,FF,3,TRUE
сӳлеттер,syletter,sy.let.ter,3,FFF,,FALSE
сӳлкке,sylkke,sylk.ke,2,FF,,FALSE
сӳлтӗрке,syltørke,syl.tør.ke,3,FRF,,FALSE
сӳн,syn,syn,1,F,12,TRUE
сӳнӗк,synøk,sy.nøk,2,FR,3,TRUE
сӳнмесле,synmesle,syn.mes.le,3,FFF,1,TRUE
сӳнмеслӗх,synmesløx,syn.mes.løx,3,FFR,,FALSE
сӳнтер,synter,syn.ter,2,FF,43,TRUE
сӳнтеркӗҫ,synterkøɕ,syn.ter.køɕ,3,FFR,,FALSE
сӳнтерттер,syntertter,syn.tert.ter,3,FFF,,FALSE
сӳпӗлтет,sypøltet,sy.pøl.tet,3,FRF,40,TRUE
сӳпӗлтетӳ,sypøltety,sy.pøl.te.ty,4,FRFF,3,TRUE
сӳпӗлти,sypølti,sy.pøl.ti,3,FRF,32,TRUE
сӳптеркке,sypterkke,syp.terk.ke,3,FFF,,FALSE
сӳре,syre,sy.re,2,FF,125,TRUE
сӳрекке,syrekke,sy.rek.ke,3,FFF,3,TRUE
сӳреле,syrele,sy.re.le,3,FFF,3,TRUE
сӳрелен,syrelen,sy.re.len,3,FFF,,FALSE
сӳрелеттер,syreletter,sy.re.let.ter,4,FFFF,,FALSE
сӳренкӗ,syrenkø,sy.ren.kø,3,FFR,4,TRUE
сӳренкӗлен,syrenkølen,sy.ren.kø.len,4,FFRF,,FALSE
сӳреҫӗ,syreɕø,sy.re.ɕø,3,FFR,5,TRUE
сӳрет,syret,sy.ret,2,FF,14,TRUE
сӳреткесӳрӗк,syretkesyrøk,sy.ret.ke.sy.røk,5,FFFFR,,FALSE
сӳрӗккӗн,syrøkkøn,sy.røk.køn,3,FRR,192,TRUE
сӳрӗклен,syrøklen,sy.røk.len,3,FRF,,FALSE
сӳрӗклентер,syrøklenter,sy.røk.len.ter,4,FRFF,,FALSE
сӳрӗклет,syrøklet,sy.røk.let,3,FRF,,FALSE
сӳрӗклӗх,syrøkløx,sy.røk.løx,3,FRR,22,TRUE
сӳрӗл,syrøl,sy.røl,2,FR,,FALSE
сӳрӗлт,syrølt,sy.rølt,2,FR,,FALSE
сӳрӗлчӗк,syrøltɕøk,sy.røl.tɕøk,3,FRR,,FALSE
сӳрӗнкӗ,syrønkø,sy.røn.kø,3,FRR,3,TRUE
сӳрӗнкӗлен,syrønkølen,sy.røn.kø.len,4,FRRF,,FALSE
сӳрӗнкӗллӗ,syrønkøllø,sy.røn.køl.lø,4,FRRR,,FALSE
сӳс,sys,sys,1,F,259,TRUE
сӳскантӑр,syskantɵr,sys.kan.tɵr,3,FFR,1,TRUE
сӳсҫӑм,sysɕɵm,sys.ɕɵm,2,FR,,FALSE
сӳсен,sysen,sy.sen,2,FF,18,TRUE
сӳсенлен,sysenlen,sy.sen.len,3,FFF,,FALSE
сӳсле,sysle,sys.le,2,FF,,FALSE
сӳслен,syslen,sys.len,2,FF,,FALSE
сӳсленкӗ,syslenkø,sys.len.kø,3,FFR,1,TRUE
сӳслентер,syslenter,sys.len.ter,3,FFF,,FALSE
сӳсленчӗк,syslentɕøk,sys.len.tɕøk,3,FFR,19,TRUE
сӳслет,syslet,sys.let,2,FF,,FALSE
сӳслеттер,sysletter,sys.let.ter,3,FFF,,FALSE
сӳсмен,sysmen,sys.men,2,FF,56,TRUE
сӳт,syt,syt,1,F,12,TRUE
сӳтер,syter,sy.ter,2,FF,2,TRUE
сӳтӗк,sytøk,sy.tøk,2,FR,38,TRUE
сӳтӗкле,sytøkle,sy.tøk.le,3,FRF,,FALSE
сӳтӗклен,sytøklen,sy.tøk.len,3,FRF,1,TRUE
сӳтӗл,sytøl,sy.tøl,2,FR,8,TRUE
сӳтӗлтер,sytølter,sy.tøl.ter,3,FRF,,FALSE
сӳткелен,sytkelen,syt.ke.len,3,FFF,,FALSE
сӳткеленчӗк,sytkelentɕøk,syt.ke.len.tɕøk,4,FFFR,,FALSE
сӳттер,sytter,syt.ter,2,FF,,FALSE
схема,sxema,sxe.ma,2,FF,68,TRUE
схемӑла,sxemɵla,sxe.mɵ.la,3,FRF,,FALSE
схемӑлӑх,sxemɵlɵx,sxe.mɵ.lɵx,3,FRR,,FALSE
схемӑлла,sxemɵlla,sxe.mɵl.la,3,FRF,,FALSE
счет,stɕet,stɕet,1,F,170,TRUE
счетчик,stɕettɕik,stɕet.tɕik,2,FF,42,TRUE
сыв,sʉʋ,sʉʋ,1,F,1276,TRUE
сывал,sʉʋal,sʉ.ʋal,2,FF,52,TRUE
сывалу,sʉʋalu,sʉ.ʋa.lu,3,FFF,5,TRUE
сыват,sʉʋat,sʉ.ʋat,2,FF,27,TRUE
сывату,sʉʋatu,sʉ.ʋa.tu,3,FFF,31,TRUE
сывӑ,sʉʋɵ,sʉ.ʋɵ,2,FR,4792,TRUE
сыввӑн,sʉʋʋɵn,sʉʋ.ʋɵn,2,FR,64,TRUE
сывла,sʉʋla,sʉʋ.la,2,FF,159,TRUE
сывлав,sʉʋlaʋ,sʉʋ.laʋ,2,FF,109,TRUE
сывлам,sʉʋlam,sʉʋ.lam,2,FF,16,TRUE
сывламлӑ,sʉʋlamlɵ,sʉʋ.lam.lɵ,3,FFR,,FALSE
сывлаттар,sʉʋlattar,sʉʋ.lat.tar,3,FFF,2,TRUE
сывлӑм,sʉʋlɵm,sʉʋ.lɵm,2,FR,611,TRUE
сывлӑмлӑ,sʉʋlɵmlɵ,sʉʋ.lɵm.lɵ,3,FRR,43,TRUE
сывлӑх,sʉʋlɵx,sʉʋ.lɵx,2,FR,6980,TRUE
сывлӑхкӗрлӗх,sʉʋlɵxkørløx,sʉʋ.lɵx.kør.løx,4,FRRR,,FALSE
сывлӑхчӗрӗлӗх,sʉʋlɵxtɕørøløx,sʉʋ.lɵx.tɕø.rø.løx,5,FRRRR,,FALSE
сывлӑхлан,sʉʋlɵxlan,sʉʋ.lɵx.lan,3,FRF,,FALSE
сывлӑхлаш,sʉʋlɵxlaʃ,sʉʋ.lɵx.laʃ,3,FRF,,FALSE
сывлӑхлӑ,sʉʋlɵxlɵ,sʉʋ.lɵx.lɵ,3,FRR,611,TRUE
сывлӑхлӑн,sʉʋlɵxlɵn,sʉʋ.lɵx.lɵn,3,FRR,4,TRUE
сывлӑхсӑр,sʉʋlɵxsɵr,sʉʋ.lɵx.sɵr,3,FRR,10,TRUE
сывлӑхсӑрлан,sʉʋlɵxsɵrlan,sʉʋ.lɵx.sɵr.lan,4,FRRF,,FALSE
сывлӑхсӑрлӑх,sʉʋlɵxsɵrlɵx,sʉʋ.lɵx.sɵr.lɵx,4,FRRR,,FALSE
сывлӑш,sʉʋlɵʃ,sʉʋ.lɵʃ,2,FR,4516,TRUE
сывлӑшлӑх,sʉʋlɵʃlɵx,sʉʋ.lɵʃ.lɵx,3,FRR,,FALSE
сывлӑшсӑр,sʉʋlɵʃsɵr,sʉʋ.lɵʃ.sɵr,3,FRR,35,TRUE
сывмарлан,sʉʋmarlan,sʉʋ.mar.lan,3,FFF,,FALSE
сывмарлантар,sʉʋmarlantar,sʉʋ.mar.lan.tar,4,FFFF,,FALSE
сывмарлат,sʉʋmarlat,sʉʋ.mar.lat,3,FFF,,FALSE
сывпуллаш,sʉʋpullaʃ,sʉʋ.pul.laʃ,3,FFF,10,TRUE
сывпуллаштар,sʉʋpullaʃtar,sʉʋ.pul.laʃ.tar,4,FFFF,,FALSE
сывпуллашу,sʉʋpullaʃu,sʉʋ.pul.la.ʃu,4,FFFF,107,TRUE
сывсӑр,sʉʋsɵr,sʉʋ.sɵr,2,FR,,FALSE
сывсӑрлан,sʉʋsɵrlan,sʉʋ.sɵr.lan,3,FRF,,FALSE
сывсӑрлат,sʉʋsɵrlat,sʉʋ.sɵr.lat,3,FRF,,FALSE
сылтӑм,sʉltɵm,sʉl.tɵm,2,FR,6005,TRUE
сылтӑма,sʉltɵma,sʉl.tɵ.ma,3,FRF,39,TRUE
сылтӑмалла,sʉltɵmalla,sʉl.tɵ.mal.la,4,FRFF,573,TRUE
сылтӑмра,sʉltɵmra,sʉl.tɵm.ra,3,FRF,163,TRUE
сылтӑмран,sʉltɵmran,sʉl.tɵm.ran,3,FRF,68,TRUE
сылтӑмри,sʉltɵmri,sʉl.tɵm.ri,3,FRF,95,TRUE
сып,sʉp,sʉp,1,F,115,TRUE
сыпсывӑ,sʉpsʉʋɵ,sʉp.sʉ.ʋɵ,3,FFR,,FALSE
сыпӑ,sʉpɵ,sʉ.pɵ,2,FR,27,TRUE
сыпӑк,sʉpɵk,sʉ.pɵk,2,FR,505,TRUE
сыпӑкӑнсыпӑкӑн,sʉpɵkɵnsʉpɵkɵn,sʉ.pɵ.kɵn.sʉ.pɵ.kɵn,6,FRRFRR,2,TRUE
сыпӑкла,sʉpɵkla,sʉ.pɵk.la,3,FRF,2,TRUE
сыпӑклан,sʉpɵklan,sʉ.pɵk.lan,3,FRF,,FALSE
сыпӑклӑ,sʉpɵklɵ,sʉ.pɵk.lɵ,3,FRR,132,TRUE
сыпӑла,sʉpɵla,sʉ.pɵ.la,3,FRF,,FALSE
сыпӑн,sʉpɵn,sʉ.pɵn,2,FR,4,TRUE
сыпӑнтар,sʉpɵntar,sʉ.pɵn.tar,3,FRF,8,TRUE
сыпӑну,sʉpɵnu,sʉ.pɵ.nu,3,FRF,3,TRUE
сыпӑнуллӑ,sʉpɵnullɵ,sʉ.pɵ.nul.lɵ,4,FRFR,26,TRUE
сыпкӑм,sʉpkɵm,sʉp.kɵm,2,FR,129,TRUE
сыпкӑмсыпкӑм,sʉpkɵmsʉpkɵm,sʉp.kɵm.sʉp.kɵm,4,FRFR,,FALSE
сыпкӑмӑнсыпкӑмӑн,sʉpkɵmɵnsʉpkɵmɵn,sʉp.kɵ.mɵn.sʉp.kɵ.mɵn,6,FRRFRR,,FALSE
сыпкӑч,sʉpkɵtɕ,sʉp.kɵtɕ,2,FR,,FALSE
сыпмалли,sʉpmalli,sʉp.mal.li,3,FFF,21,TRUE
сыптар,sʉptar,sʉp.tar,2,FF,6,TRUE
сыр,sʉr,sʉr,1,F,732,TRUE
сыра,sʉra,sʉ.ra,2,FF,183,TRUE
сырала,sʉrala,sʉ.ra.la,3,FFF,,FALSE
сырӑн,sʉrɵn,sʉ.rɵn,2,FR,11,TRUE
сырӑнтар,sʉrɵntar,sʉ.rɵn.tar,3,FRF,,FALSE
сырӑнчӑк,sʉrɵntɕɵk,sʉ.rɵn.tɕɵk,3,FRR,1,TRUE
сырӑш,sʉrɵʃ,sʉ.rɵʃ,2,FR,59,TRUE
сырлан,sʉrlan,sʉr.lan,2,FF,73,TRUE
сырлӑх,sʉrlɵx,sʉr.lɵx,2,FR,,FALSE
сырлӑхан,sʉrlɵxan,sʉr.lɵ.xan,3,FRF,4,TRUE
сырник,sʉrnik,sʉr.nik,2,FF,7,TRUE
сыртар,sʉrtar,sʉr.tar,2,FF,1,TRUE
сыс,sʉs,sʉs,1,F,4,TRUE
сыса,sʉsa,sʉ.sa,2,FF,1,TRUE
сысалӑх,sʉsalɵx,sʉ.sa.lɵx,3,FFR,,FALSE
сыскӑрт,sʉskɵrt,sʉs.kɵrt,2,FR,,FALSE
сысна,sʉsna,sʉs.na,2,FF,2332,TRUE
сысналан,sʉsnalan,sʉs.na.lan,3,FFF,,FALSE
сысналла,sʉsnalla,sʉs.nal.la,3,FFF,28,TRUE
сых,sʉx,sʉx,1,F,162,TRUE
сыхӑ,sʉxɵ,sʉ.xɵ,2,FR,372,TRUE
сыхӑлӑх,sʉxɵlɵx,sʉ.xɵ.lɵx,3,FRR,11,TRUE
сыхла,sʉxla,sʉx.la,2,FF,180,TRUE
сыхлав,sʉxlaʋ,sʉx.laʋ,2,FF,826,TRUE
сыхлавлӑ,sʉxlaʋlɵ,sʉx.laʋ.lɵ,3,FFR,8,TRUE
сыхлавсӑр,sʉxlaʋsɵr,sʉx.laʋ.sɵr,3,FFR,2,TRUE
сыхлавсӑрлӑх,sʉxlaʋsɵrlɵx,sʉx.laʋ.sɵr.lɵx,4,FFRR,,FALSE
сыхлавҫӑ,sʉxlaʋɕɵ,sʉx.laʋ.ɕɵ,3,FFR,43,TRUE
сыхлан,sʉxlan,sʉx.lan,2,FF,91,TRUE
сыхлантар,sʉxlantar,sʉx.lan.tar,3,FFF,,FALSE
сыхлану,sʉxlanu,sʉx.la.nu,3,FFF,2,TRUE
сыхланулӑх,sʉxlanulɵx,sʉx.la.nu.lɵx,4,FFFR,,FALSE
сыхлануллӑ,sʉxlanullɵ,sʉx.la.nul.lɵ,4,FFFR,16,TRUE
сыхлануллӑн,sʉxlanullɵn,sʉx.la.nul.lɵn,4,FFFR,6,TRUE
сыхланусӑр,sʉxlanusɵr,sʉx.la.nu.sɵr,4,FFFR,,FALSE
сыхланусӑрлӑх,sʉxlanusɵrlɵx,sʉx.la.nu.sɵr.lɵx,5,FFFRR,,FALSE
сыхланчӑк,sʉxlantɕɵk,sʉx.lan.tɕɵk,3,FFR,,FALSE
сыхлӑ,sʉxlɵ,sʉx.lɵ,2,FR,1,TRUE
сыхлӑн,sʉxlɵn,sʉx.lɵn,2,FR,3,TRUE
сыхлӑх,sʉxlɵx,sʉx.lɵx,2,FR,98,TRUE
сыхчӑ,sʉxtɕɵ,sʉx.tɕɵ,2,FR,20,TRUE
сыхчуллӑ,sʉxtɕullɵ,sʉx.tɕul.lɵ,3,FFR,2,TRUE
сэр,ser,ser,1,F,58,TRUE
сюита,sjuita,sju.i.ta,3,FFF,7,TRUE
сюртук,sjurtuk,sjur.tuk,2,FF,5,TRUE
ҫав,ɕaʋ,ɕaʋ,1,F,67838,TRUE
ҫавҫавах,ɕaʋɕaʋax,ɕaʋ.ɕa.ʋax,3,FFF,12,TRUE
ҫава,ɕaʋa,ɕa.ʋa,2,FF,369,TRUE
ҫавах,ɕaʋax,ɕa.ʋax,2,FF,3964,TRUE
ҫавӑ,ɕaʋɵ,ɕa.ʋɵ,2,FR,2074,TRUE
ҫавӑку,ɕaʋɵku,ɕa.ʋɵ.ku,3,FRF,,FALSE
ҫавӑнпа,ɕaʋɵnpa,ɕa.ʋɵn.pa,3,FRF,20413,TRUE
ҫавӑнта,ɕaʋɵnta,ɕa.ʋɵn.ta,3,FRF,2453,TRUE
ҫавӑнталла,ɕaʋɵntalla,ɕa.ʋɵn.tal.la,4,FRFF,206,TRUE
ҫавӑнталли,ɕaʋɵntalli,ɕa.ʋɵn.tal.li,4,FRFF,1,TRUE
ҫавӑнтан,ɕaʋɵntan,ɕa.ʋɵn.tan,3,FRF,681,TRUE
ҫавӑнтанпа,ɕaʋɵntanpa,ɕa.ʋɵn.tan.pa,4,FRFF,522,TRUE
ҫавӑнтарахра,ɕaʋɵntaraxra,ɕa.ʋɵn.ta.rax.ra,5,FRFFF,1,TRUE
ҫавӑнтарахран,ɕaʋɵntaraxran,ɕa.ʋɵn.ta.rax.ran,5,FRFFF,2,TRUE
ҫавӑнти,ɕaʋɵnti,ɕa.ʋɵn.ti,3,FRF,79,TRUE
ҫавӑнччен,ɕaʋɵntɕtɕen,ɕa.ʋɵntɕ.tɕen,3,FRF,20,TRUE
ҫавӑншӑн,ɕaʋɵnʃɵn,ɕa.ʋɵn.ʃɵn,3,FRR,943,TRUE
ҫавӑр,ɕaʋɵr,ɕa.ʋɵr,2,FR,96,TRUE
ҫавӑрӑн,ɕaʋɵrɵn,ɕa.ʋɵ.rɵn,3,FRR,18,TRUE
ҫавӑрлан,ɕaʋɵrlan,ɕa.ʋɵr.lan,3,FRF,1,TRUE
ҫавӑрна,ɕaʋɵrna,ɕa.ʋɵr.na,3,FRF,2,TRUE
ҫавӑрни,ɕaʋɵrni,ɕa.ʋɵr.ni,3,FRF,75,TRUE
ҫавӑрттар,ɕaʋɵrttar,ɕa.ʋɵrt.tar,3,FRF,7,TRUE
ҫавӑт,ɕaʋɵt,ɕa.ʋɵt,2,FR,22,TRUE
ҫавӑтӑн,ɕaʋɵtɵn,ɕa.ʋɵ.tɵn,3,FRR,,FALSE
ҫавӑттар,ɕaʋɵttar,ɕa.ʋɵt.tar,3,FRF,,FALSE
ҫавнашкал,ɕaʋnaʃkal,ɕaʋ.naʃ.kal,3,FFF,1944,TRUE
ҫавра,ɕaʋra,ɕaʋ.ra,2,FF,2148,TRUE
ҫавракала,ɕaʋrakala,ɕaʋ.ra.ka.la,4,FFFF,,FALSE
ҫавракалан,ɕaʋrakalan,ɕaʋ.ra.ka.lan,4,FFFF,,FALSE
ҫавракалат,ɕaʋrakalat,ɕaʋ.ra.ka.lat,4,FFFF,,FALSE
ҫавракан,ɕaʋrakan,ɕaʋ.ra.kan,3,FFF,141,TRUE
ҫавракӑш,ɕaʋrakɵʃ,ɕaʋ.ra.kɵʃ,3,FFR,24,TRUE
ҫавралан,ɕaʋralan,ɕaʋ.ra.lan,3,FFF,,FALSE
ҫавралат,ɕaʋralat,ɕaʋ.ra.lat,3,FFF,,FALSE
ҫавранкӑ,ɕaʋrankɵ,ɕaʋ.ran.kɵ,3,FFR,,FALSE
ҫавраҫил,ɕaʋraɕil,ɕaʋ.ra.ɕil,3,FFF,162,TRUE
ҫаврашка,ɕaʋraʃka,ɕaʋ.raʃ.ka,3,FFF,204,TRUE
ҫаврашкалан,ɕaʋraʃkalan,ɕaʋ.raʃ.ka.lan,4,FFFF,,FALSE
ҫаврашкалат,ɕaʋraʃkalat,ɕaʋ.raʃ.ka.lat,4,FFFF,,FALSE
ҫаврашкан,ɕaʋraʃkan,ɕaʋ.raʃ.kan,3,FFF,57,TRUE
ҫаврӑм,ɕaʋrɵm,ɕaʋ.rɵm,2,FR,806,TRUE
ҫаврӑн,ɕaʋrɵn,ɕaʋ.rɵn,2,FR,104,TRUE
ҫаврӑнаслӑх,ɕaʋrɵnaslɵx,ɕaʋ.rɵ.nas.lɵx,4,FRFR,,FALSE
ҫаврӑнӑҫ,ɕaʋrɵnɵɕ,ɕaʋ.rɵ.nɵɕ,3,FRR,16,TRUE
ҫаврӑнӑҫлӑ,ɕaʋrɵnɵɕlɵ,ɕaʋ.rɵ.nɵɕ.lɵ,4,FRRR,3,TRUE
ҫаврӑнӑҫсӑр,ɕaʋrɵnɵɕsɵr,ɕaʋ.rɵ.nɵɕ.sɵr,4,FRRR,,FALSE
ҫаврӑнӑҫу,ɕaʋrɵnɵɕu,ɕaʋ.rɵ.nɵ.ɕu,4,FRRF,7,TRUE
ҫаврӑнӑҫулӑх,ɕaʋrɵnɵɕulɵx,ɕaʋ.rɵ.nɵ.ɕu.lɵx,5,FRRFR,23,TRUE
ҫаврӑнӑҫуллӑ,ɕaʋrɵnɵɕullɵ,ɕaʋ.rɵ.nɵ.ɕul.lɵ,5,FRRFR,126,TRUE
ҫаврӑнӑҫусӑр,ɕaʋrɵnɵɕusɵr,ɕaʋ.rɵ.nɵ.ɕu.sɵr,5,FRRFR,14,TRUE
ҫаврӑнӑҫусӑрлан,ɕaʋrɵnɵɕusɵrlan,ɕaʋ.rɵ.nɵ.ɕu.sɵr.lan,6,FRRFRF,,FALSE
ҫаврӑнӑҫусӑрлат,ɕaʋrɵnɵɕusɵrlat,ɕaʋ.rɵ.nɵ.ɕu.sɵr.lat,6,FRRFRF,,FALSE
ҫаврӑнӑҫусӑрлӑх,ɕaʋrɵnɵɕusɵrlɵx,ɕaʋ.rɵ.nɵ.ɕu.sɵr.lɵx,6,FRRFRR,1,TRUE
ҫаврӑнӑш,ɕaʋrɵnɵʃ,ɕaʋ.rɵ.nɵʃ,3,FRR,240,TRUE
ҫаврӑнкалӑш,ɕaʋrɵnkalɵʃ,ɕaʋ.rɵn.ka.lɵʃ,4,FRFR,,FALSE
ҫаврӑнтар,ɕaʋrɵntar,ɕaʋ.rɵn.tar,3,FRF,,FALSE
ҫаврӑну,ɕaʋrɵnu,ɕaʋ.rɵ.nu,3,FRF,11,TRUE
ҫаврӑнулӑх,ɕaʋrɵnulɵx,ɕaʋ.rɵ.nu.lɵx,4,FRFR,,FALSE
ҫавтӑн,ɕaʋtɵn,ɕaʋ.tɵn,2,FR,2,TRUE
ҫак,ɕak,ɕak,1,F,75494,TRUE
ҫакӑ,ɕakɵ,ɕa.kɵ,2,FR,8837,TRUE
ҫакӑн,ɕakɵn,ɕa.kɵn,2,FR,11604,TRUE
ҫакӑнта,ɕakɵnta,ɕa.kɵn.ta,3,FRF,2808,TRUE
ҫакӑнталла,ɕakɵntalla,ɕa.kɵn.tal.la,4,FRFF,13,TRUE
ҫакӑнтан,ɕakɵntan,ɕa.kɵn.tan,3,FRF,753,TRUE
ҫакӑнтар,ɕakɵntar,ɕa.kɵn.tar,3,FRF,,FALSE
ҫакӑнтарахра,ɕakɵntaraxra,ɕa.kɵn.ta.rax.ra,5,FRFFF,,FALSE
ҫакӑнти,ɕakɵnti,ɕa.kɵn.ti,3,FRF,163,TRUE
ҫаклан,ɕaklan,ɕak.lan,2,FF,15,TRUE
ҫаклантар,ɕaklantar,ɕak.lan.tar,3,FFF,,FALSE
ҫакланчӑк,ɕaklantɕɵk,ɕak.lan.tɕɵk,3,FFR,1,TRUE
ҫаклат,ɕaklat,ɕak.lat,2,FF,9,TRUE
ҫаклатма,ɕaklatma,ɕak.lat.ma,3,FFF,41,TRUE
ҫаклаттар,ɕaklattar,ɕak.lat.tar,3,FFF,3,TRUE
ҫаклашка,ɕaklaʃka,ɕak.laʃ.ka,3,FFF,,FALSE
ҫакма,ɕakma,ɕak.ma,2,FF,223,TRUE
ҫакнашкал,ɕaknaʃkal,ɕak.naʃ.kal,3,FFF,2809,TRUE
ҫактар,ɕaktar,ɕak.tar,2,FF,,FALSE
ҫалла,ɕalla,ɕal.la,2,FF,37,TRUE
ҫаллан,ɕallan,ɕal.lan,2,FF,,FALSE
ҫам,ɕam,ɕam,1,F,249,TRUE
ҫамка,ɕamka,ɕam.ka,2,FF,317,TRUE
ҫамкалӑх,ɕamkalɵx,ɕam.ka.lɵx,3,FFR,1,TRUE
ҫамлан,ɕamlan,ɕam.lan,2,FF,,FALSE
ҫамлӑх,ɕamlɵx,ɕam.lɵx,2,FR,8,TRUE
ҫамрӑк,ɕamrɵk,ɕam.rɵk,2,FR,22288,TRUE
ҫамрӑккӗрӗм,ɕamrɵkkørøm,ɕam.rɵk.kø.røm,4,FRRR,,FALSE
ҫамрӑкла,ɕamrɵkla,ɕam.rɵk.la,3,FRF,221,TRUE
ҫамрӑклан,ɕamrɵklan,ɕam.rɵk.lan,3,FRF,5,TRUE
ҫамрӑклантар,ɕamrɵklantar,ɕam.rɵk.lan.tar,4,FRFF,,FALSE
ҫамрӑклат,ɕamrɵklat,ɕam.rɵk.lat,3,FRF,1,TRUE
ҫамрӑклӑх,ɕamrɵklɵx,ɕam.rɵk.lɵx,3,FRR,918,TRUE
ҫамрӑкранпа,ɕamrɵkranpa,ɕam.rɵk.ran.pa,4,FRFF,4,TRUE
ҫан,ɕan,ɕan,1,F,698,TRUE
ҫанҫурӑм,ɕanɕurɵm,ɕan.ɕu.rɵm,3,FFR,47,TRUE
ҫанӑ,ɕanɵ,ɕa.nɵ,2,FR,611,TRUE
ҫанӑсӑр,ɕanɵsɵr,ɕa.nɵ.sɵr,3,FRR,26,TRUE
ҫанталӑк,ɕantalɵk,ɕan.ta.lɵk,3,FFR,5717,TRUE
ҫап,ɕap,ɕap,1,F,3321,TRUE
ҫапҫаврака,ɕapɕaʋraka,ɕap.ɕaʋ.ra.ka,4,FFFF,1,TRUE
ҫапҫара,ɕapɕara,ɕap.ɕa.ra,3,FFF,2,TRUE
ҫапах,ɕapax,ɕa.pax,2,FF,13729,TRUE
ҫапӑ,ɕapɵ,ɕa.pɵ,2,FR,138,TRUE
ҫапӑлан,ɕapɵlan,ɕa.pɵ.lan,3,FRF,,FALSE
ҫапӑллӑ,ɕapɵllɵ,ɕa.pɵl.lɵ,3,FRR,1,TRUE
ҫапӑн,ɕapɵn,ɕa.pɵn,2,FR,25,TRUE
ҫапӑнтар,ɕapɵntar,ɕa.pɵn.tar,3,FRF,,FALSE
ҫапӑр,ɕapɵr,ɕa.pɵr,2,FR,62,TRUE
ҫапӑҫ,ɕapɵɕ,ɕa.pɵɕ,2,FR,32,TRUE
ҫапӑҫтар,ɕapɵɕtar,ɕa.pɵɕ.tar,3,FRF,,FALSE
ҫапӑҫу,ɕapɵɕu,ɕa.pɵ.ɕu,3,FRF,1864,TRUE
ҫапкалан,ɕapkalan,ɕap.ka.lan,3,FFF,1,TRUE
ҫапкалантар,ɕapkalantar,ɕap.ka.lan.tar,4,FFFF,,FALSE
ҫапкаланчӑк,ɕapkalantɕɵk,ɕap.ka.lan.tɕɵk,4,FFFR,168,TRUE
ҫапкаланчӑкла,ɕapkalantɕɵkla,ɕap.ka.lan.tɕɵk.la,5,FFFRF,,FALSE
ҫапкалаш,ɕapkalaʃ,ɕap.ka.laʃ,3,FFF,2,TRUE
ҫапкалашу,ɕapkalaʃu,ɕap.ka.la.ʃu,4,FFFF,1,TRUE
ҫапкӑ,ɕapkɵ,ɕap.kɵ,2,FR,5,TRUE
ҫапкӑч,ɕapkɵtɕ,ɕap.kɵtɕ,2,FR,2,TRUE
ҫапла,ɕapla,ɕap.la,2,FF,39336,TRUE
ҫаплакапла,ɕaplakapla,ɕap.la.kap.la,4,FFFF,,FALSE
ҫаплалла,ɕaplalla,ɕap.lal.la,3,FFF,64,TRUE
ҫаплах,ɕaplax,ɕap.lax,2,FF,7657,TRUE
ҫаплипе,ɕaplipe,ɕap.li.pe,3,FFF,12,TRUE
ҫаппаҫарамас,ɕappaɕaramas,ɕap.pa.ɕa.ra.mas,5,FFFFF,9,TRUE
ҫаппаҫарамаслан,ɕappaɕaramaslan,ɕap.pa.ɕa.ra.mas.lan,6,FFFFFF,,FALSE
ҫаптар,ɕaptar,ɕap.tar,2,FF,18,TRUE
ҫаптаркка,ɕaptarkka,ɕap.tark.ka,3,FFF,3,TRUE
ҫапуҫҫи,ɕapuɕɕi,ɕa.puɕ.ɕi,3,FFF,1,TRUE
ҫар,ɕar,ɕar,1,F,10084,TRUE
ҫара,ɕara,ɕa.ra,2,FF,3058,TRUE
ҫараҫӗтӗк,ɕaraɕøtøk,ɕa.ra.ɕø.tøk,4,FFRR,,FALSE
ҫараккай,ɕarakkaj,ɕa.rak.kaj,3,FFF,,FALSE
ҫарал,ɕaral,ɕa.ral,2,FF,1,TRUE
ҫаралан,ɕaralan,ɕa.ra.lan,3,FFF,3,TRUE
ҫаралантар,ɕaralantar,ɕa.ra.lan.tar,4,FFFF,,FALSE
ҫаралат,ɕaralat,ɕa.ra.lat,3,FFF,,FALSE
ҫаралӑх,ɕaralɵx,ɕa.ra.lɵx,3,FFR,1,TRUE
ҫаралла,ɕaralla,ɕa.ral.la,3,FFF,3,TRUE
ҫарамас,ɕaramas,ɕa.ra.mas,3,FFF,367,TRUE
ҫарамаслан,ɕaramaslan,ɕa.ra.mas.lan,4,FFFF,2,TRUE
ҫарамаслантар,ɕaramaslantar,ɕa.ra.mas.lan.tar,5,FFFFF,1,TRUE
ҫарамассӑн,ɕaramassɵn,ɕa.ra.mas.sɵn,4,FFFR,6,TRUE
ҫаран,ɕaran,ɕa.ran,2,FF,633,TRUE
ҫаранлат,ɕaranlat,ɕa.ran.lat,3,FFF,,FALSE
ҫаранлату,ɕaranlatu,ɕa.ran.la.tu,4,FFFF,,FALSE
ҫаранлӑх,ɕaranlɵx,ɕa.ran.lɵx,3,FFR,28,TRUE
ҫарат,ɕarat,ɕa.rat,2,FF,12,TRUE
ҫарата,ɕarata,ɕa.ra.ta,3,FFF,3,TRUE
ҫараттар,ɕarattar,ɕa.rat.tar,3,FFF,,FALSE
ҫарату,ɕaratu,ɕa.ra.tu,3,FFF,34,TRUE
ҫаратуллӑ,ɕaratullɵ,ɕa.ra.tul.lɵ,4,FFFR,1,TRUE
ҫаратуҫӑ,ɕaratuɕɵ,ɕa.ra.tu.ɕɵ,4,FFFR,,FALSE
ҫарӑк,ɕarɵk,ɕa.rɵk,2,FR,166,TRUE
ҫарӑлтат,ɕarɵltat,ɕa.rɵl.tat,3,FRF,,FALSE
ҫарӑлтаттар,ɕarɵltattar,ɕa.rɵl.tat.tar,4,FRFF,,FALSE
ҫарӑлтату,ɕarɵltatu,ɕa.rɵl.ta.tu,4,FRFF,,FALSE
ҫари,ɕari,ɕa.ri,2,FF,155,TRUE
ҫарилет,ɕarilet,ɕa.ri.let,3,FFF,,FALSE
ҫарлан,ɕarlan,ɕar.lan,2,FF,,FALSE
ҫармӑс,ɕarmɵs,ɕar.mɵs,2,FR,718,TRUE
ҫармӑсла,ɕarmɵsla,ɕar.mɵs.la,3,FRF,73,TRUE
ҫарран,ɕarran,ɕar.ran,2,FF,211,TRUE
ҫарранлан,ɕarranlan,ɕar.ran.lan,3,FFF,,FALSE
ҫарт,ɕart,ɕart,1,F,2,TRUE
ҫарта,ɕarta,ɕar.ta,2,FF,669,TRUE
ҫартасӑр,ɕartasɵr,ɕar.ta.sɵr,3,FFR,,FALSE
ҫартлат,ɕartlat,ɕart.lat,2,FF,,FALSE
ҫартлаттар,ɕartlattar,ɕart.lat.tar,3,FFF,,FALSE
ҫат,ɕat,ɕat,1,F,366,TRUE
ҫатан,ɕatan,ɕa.tan,2,FF,315,TRUE
ҫатанвӗрлӗк,ɕatanʋørløk,ɕa.tan.ʋør.løk,4,FFRR,,FALSE
ҫатӑл,ɕatɵl,ɕa.tɵl,2,FR,40,TRUE
ҫатӑлтат,ɕatɵltat,ɕa.tɵl.tat,3,FRF,5,TRUE
ҫатӑлтаттар,ɕatɵltattar,ɕa.tɵl.tat.tar,4,FRFF,,FALSE
ҫатӑлтӑк,ɕatɵltɵk,ɕa.tɵl.tɵk,3,FRR,,FALSE
ҫатӑлти,ɕatɵlti,ɕa.tɵl.ti,3,FRF,13,TRUE
ҫатӑр,ɕatɵr,ɕa.tɵr,2,FR,196,TRUE
ҫатӑрка,ɕatɵrka,ɕa.tɵr.ka,3,FRF,44,TRUE
ҫатӑркка,ɕatɵrkka,ɕa.tɵrk.ka,3,FRF,8,TRUE
ҫатӑрла,ɕatɵrla,ɕa.tɵr.la,3,FRF,4,TRUE
ҫатӑрмак,ɕatɵrmak,ɕa.tɵr.mak,3,FRF,,FALSE
ҫатӑрт,ɕatɵrt,ɕa.tɵrt,2,FR,30,TRUE
ҫатӑртат,ɕatɵrtat,ɕa.tɵr.tat,3,FRF,1,TRUE
ҫатӑртаттар,ɕatɵrtattar,ɕa.tɵr.tat.tar,4,FRFF,,FALSE
ҫатӑрти,ɕatɵrti,ɕa.tɵr.ti,3,FRF,2,TRUE
ҫатка,ɕatka,ɕat.ka,2,FF,,FALSE
ҫатлат,ɕatlat,ɕat.lat,2,FF,,FALSE
ҫатлаттар,ɕatlattar,ɕat.lat.tar,3,FFF,2,TRUE
ҫатма,ɕatma,ɕat.ma,2,FF,479,TRUE
ҫатра,ɕatra,ɕat.ra,2,FF,389,TRUE
ҫатрака,ɕatraka,ɕat.ra.ka,3,FFF,55,TRUE
ҫатракала,ɕatrakala,ɕat.ra.ka.la,4,FFFF,,FALSE
ҫатракалан,ɕatrakalan,ɕat.ra.ka.lan,4,FFFF,1,TRUE
ҫатракаллӑ,ɕatrakallɵ,ɕat.ra.kal.lɵ,4,FFFR,2,TRUE
ҫатралан,ɕatralan,ɕat.ra.lan,3,FFF,,FALSE
ҫатралӑх,ɕatralɵx,ɕat.ra.lɵx,3,FFR,,FALSE
ҫатраллӑ,ɕatrallɵ,ɕat.ral.lɵ,3,FFR,99,TRUE
ҫатрамас,ɕatramas,ɕat.ra.mas,3,FFF,,FALSE
ҫатрашка,ɕatraʃka,ɕat.raʃ.ka,3,FFF,,FALSE
ҫатта,ɕatta,ɕat.ta,2,FF,24,TRUE
ҫатталан,ɕattalan,ɕat.ta.lan,3,FFF,1,TRUE
ҫӑва,ɕɵʋa,ɕɵ.ʋa,2,RF,1200,TRUE
ҫӑвак,ɕɵʋak,ɕɵ.ʋak,2,RF,5,TRUE
ҫӑваклан,ɕɵʋaklan,ɕɵ.ʋak.lan,3,RFF,,FALSE
ҫӑвар,ɕɵʋar,ɕɵ.ʋar,2,RF,1650,TRUE
ҫӑварлӑх,ɕɵʋarlɵx,ɕɵ.ʋar.lɵx,3,RFR,29,TRUE
ҫӑварлӑхла,ɕɵʋarlɵxla,ɕɵ.ʋar.lɵx.la,4,RFRF,7,TRUE
ҫӑварлӑхлаттар,ɕɵʋarlɵxlattar,ɕɵ.ʋar.lɵx.lat.tar,5,RFRFF,,FALSE
ҫӑварлӑхсӑр,ɕɵʋarlɵxsɵr,ɕɵ.ʋar.lɵx.sɵr,4,RFRR,1,TRUE
ҫӑварлӑхсӑрлан,ɕɵʋarlɵxsɵrlan,ɕɵ.ʋar.lɵx.sɵr.lan,5,RFRRF,,FALSE
ҫӑварни,ɕɵʋarni,ɕɵ.ʋar.ni,3,RFF,756,TRUE
ҫӑвӑн,ɕɵʋɵn,ɕɵ.ʋɵn,2,RR,410,TRUE
ҫӑвӑнтар,ɕɵʋɵntar,ɕɵ.ʋɵn.tar,3,RRF,3,TRUE
ҫӑвӑнчӑк,ɕɵʋɵntɕɵk,ɕɵ.ʋɵn.tɕɵk,3,RRR,3,TRUE
ҫӑвӑр,ɕɵʋɵr,ɕɵ.ʋɵr,2,RR,119,TRUE
ҫӑвӑрла,ɕɵʋɵrla,ɕɵ.ʋɵr.la,3,RRF,1,TRUE
ҫӑвӑрлаттар,ɕɵʋɵrlattar,ɕɵ.ʋɵr.lat.tar,4,RRFF,,FALSE
ҫӑвӑрлӑ,ɕɵʋɵrlɵ,ɕɵ.ʋɵr.lɵ,3,RRR,8,TRUE
ҫӑвӗпе,ɕɵʋøpe,ɕɵ.ʋø.pe,3,RRF,291,TRUE
ҫӑк,ɕɵk,ɕɵk,1,R,92,TRUE
ҫӑка,ɕɵka,ɕɵ.ka,2,RF,945,TRUE
ҫӑкалӑх,ɕɵkalɵx,ɕɵ.ka.lɵx,3,RFR,191,TRUE
ҫӑкӑн,ɕɵkɵn,ɕɵ.kɵn,2,RR,9,TRUE
ҫӑкӑнтар,ɕɵkɵntar,ɕɵ.kɵn.tar,3,RRF,,FALSE
ҫӑкӑр,ɕɵkɵr,ɕɵ.kɵr,2,RR,5373,TRUE
ҫӑкӑртӑвар,ɕɵkɵrtɵʋar,ɕɵ.kɵr.tɵ.ʋar,4,RRRF,1,TRUE
ҫӑкӑрла,ɕɵkɵrla,ɕɵ.kɵr.la,3,RRF,6,TRUE
ҫӑкӑрлӑ,ɕɵkɵrlɵ,ɕɵ.kɵr.lɵ,3,RRR,27,TRUE
ҫӑкӑрлӑтӑварлӑ,ɕɵkɵrlɵtɵʋarlɵ,ɕɵ.kɵr.lɵ.tɵ.ʋar.lɵ,6,RRRRFR,,FALSE
ҫӑклӑ,ɕɵklɵ,ɕɵk.lɵ,2,RR,6,TRUE
ҫӑкҫӑ,ɕɵkɕɵ,ɕɵk.ɕɵ,2,RR,5,TRUE
ҫӑл,ɕɵl,ɕɵl,1,R,2371,TRUE
ҫӑлӑ,ɕɵlɵ,ɕɵ.lɵ,2,RR,10,TRUE
ҫӑлӑн,ɕɵlɵn,ɕɵ.lɵn,2,RR,29,TRUE
ҫӑлӑнӑҫ,ɕɵlɵnɵɕ,ɕɵ.lɵ.nɵɕ,3,RRR,511,TRUE
ҫӑлӑну,ɕɵlɵnu,ɕɵ.lɵ.nu,3,RRF,11,TRUE
ҫӑлӑх,ɕɵlɵx,ɕɵ.lɵx,2,RR,,FALSE
ҫӑлкала,ɕɵlkala,ɕɵl.ka.la,3,RFF,,FALSE
ҫӑлкалан,ɕɵlkalan,ɕɵl.ka.lan,3,RFF,,FALSE
ҫӑлкӑш,ɕɵlkɵʃ,ɕɵl.kɵʃ,2,RR,5,TRUE
ҫӑлкуҫ,ɕɵlkuɕ,ɕɵl.kuɕ,2,RF,1158,TRUE
ҫӑлтӑр,ɕɵltɵr,ɕɵl.tɵr,2,RR,3869,TRUE
ҫӑлтӑрла,ɕɵltɵrla,ɕɵl.tɵr.la,3,RRF,25,TRUE
ҫӑлтӑрлан,ɕɵltɵrlan,ɕɵl.tɵr.lan,3,RRF,1,TRUE
ҫӑлтӑрлӑ,ɕɵltɵrlɵ,ɕɵl.tɵr.lɵ,3,RRR,340,TRUE
ҫӑлтӑрҫӑ,ɕɵltɵrɕɵ,ɕɵl.tɵr.ɕɵ,3,RRR,11,TRUE
ҫӑм,ɕɵm,ɕɵm,1,R,900,TRUE
ҫӑмарта,ɕɵmarta,ɕɵ.mar.ta,3,RFF,3035,TRUE
ҫӑмарталӑх,ɕɵmartalɵx,ɕɵ.mar.ta.lɵx,4,RFFR,8,TRUE
ҫӑмат,ɕɵmat,ɕɵ.mat,2,RF,9,TRUE
ҫӑматӑ,ɕɵmatɵ,ɕɵ.ma.tɵ,3,RFR,215,TRUE
ҫӑмах,ɕɵmax,ɕɵ.max,2,RF,193,TRUE
ҫӑмахлӑх,ɕɵmaxlɵx,ɕɵ.max.lɵx,3,RFR,1,TRUE
ҫӑмӑл,ɕɵmɵl,ɕɵ.mɵl,2,RR,8151,TRUE
ҫӑмӑлкка,ɕɵmɵlkka,ɕɵ.mɵlk.ka,3,RRF,15,TRUE
ҫӑмӑлла,ɕɵmɵlla,ɕɵ.mɵl.la,3,RRF,1,TRUE
ҫӑмӑллан,ɕɵmɵllan,ɕɵ.mɵl.lan,3,RRF,5,TRUE
ҫӑмӑллантар,ɕɵmɵllantar,ɕɵ.mɵl.lan.tar,4,RRFF,,FALSE
ҫӑмӑллат,ɕɵmɵllat,ɕɵ.mɵl.lat,3,RRF,8,TRUE
ҫӑмӑллаттар,ɕɵmɵllattar,ɕɵ.mɵl.lat.tar,4,RRFF,,FALSE
ҫӑмӑллӑн,ɕɵmɵllɵn,ɕɵ.mɵl.lɵn,3,RRR,1424,TRUE
ҫӑмӑллӑх,ɕɵmɵllɵx,ɕɵ.mɵl.lɵx,3,RRR,581,TRUE
ҫӑмӑлраххӑн,ɕɵmɵlraxxɵn,ɕɵ.mɵl.rax.xɵn,4,RRFR,41,TRUE
ҫӑмӑлҫах,ɕɵmɵlɕax,ɕɵ.mɵl.ɕax,3,RRF,5,TRUE
ҫӑмӑлттай,ɕɵmɵlttaj,ɕɵ.mɵlt.taj,3,RRF,256,TRUE
ҫӑмӑлттайла,ɕɵmɵlttajla,ɕɵ.mɵlt.taj.la,4,RRFF,86,TRUE
ҫӑмӑлттайлан,ɕɵmɵlttajlan,ɕɵ.mɵlt.taj.lan,4,RRFF,1,TRUE
ҫӑмӑлттайлантар,ɕɵmɵlttajlantar,ɕɵ.mɵlt.taj.lan.tar,5,RRFFF,,FALSE
ҫӑмӑлттайлӑх,ɕɵmɵlttajlɵx,ɕɵ.mɵlt.taj.lɵx,4,RRFR,36,TRUE
ҫӑмла,ɕɵmla,ɕɵm.la,2,RF,2,TRUE
ҫӑмламас,ɕɵmlamas,ɕɵm.la.mas,3,RFF,351,TRUE
ҫӑмламаслан,ɕɵmlamaslan,ɕɵm.la.mas.lan,4,RFFF,,FALSE
ҫӑмлан,ɕɵmlan,ɕɵm.lan,2,RF,,FALSE
ҫӑмлӑ,ɕɵmlɵ,ɕɵm.lɵ,2,RR,111,TRUE
ҫӑмха,ɕɵmxa,ɕɵm.xa,2,RF,218,TRUE
ҫӑмхала,ɕɵmxala,ɕɵm.xa.la,3,RFF,,FALSE
ҫӑмхалан,ɕɵmxalan,ɕɵm.xa.lan,3,RFF,,FALSE
ҫӑмхалантар,ɕɵmxalantar,ɕɵm.xa.lan.tar,4,RFFF,,FALSE
ҫӑмхалаттар,ɕɵmxalattar,ɕɵm.xa.lat.tar,4,RFFF,,FALSE
ҫӑмхалла,ɕɵmxalla,ɕɵm.xal.la,3,RFF,5,TRUE
ҫӑнӑх,ɕɵnɵx,ɕɵ.nɵx,2,RR,1524,TRUE
ҫӑнӑхкӗрпе,ɕɵnɵxkørpe,ɕɵ.nɵx.kør.pe,4,RRRF,,FALSE
ҫӑнӑхла,ɕɵnɵxla,ɕɵ.nɵx.la,3,RRF,7,TRUE
ҫӑнӑхлан,ɕɵnɵxlan,ɕɵ.nɵx.lan,3,RRF,,FALSE
ҫӑнӑхлӑ,ɕɵnɵxlɵ,ɕɵ.nɵx.lɵ,3,RRR,17,TRUE
ҫӑпҫӑмӑл,ɕɵpɕɵmɵl,ɕɵp.ɕɵ.mɵl,3,RRR,1,TRUE
ҫӑпҫӑмӑллӑн,ɕɵpɕɵmɵllɵn,ɕɵp.ɕɵ.mɵl.lɵn,4,RRRR,,FALSE
ҫӑпҫӑра,ɕɵpɕɵra,ɕɵp.ɕɵ.ra,3,RRF,,FALSE
ҫӑпала,ɕɵpala,ɕɵ.pa.la,3,RFF,68,TRUE
ҫӑпан,ɕɵpan,ɕɵ.pan,2,RF,138,TRUE
ҫӑпаншӑтан,ɕɵpanʃɵtan,ɕɵ.pan.ʃɵ.tan,4,RFRF,,FALSE
ҫӑпанла,ɕɵpanla,ɕɵ.pan.la,3,RFF,,FALSE
ҫӑпанлан,ɕɵpanlan,ɕɵ.pan.lan,3,RFF,,FALSE
ҫӑпанлӑ,ɕɵpanlɵ,ɕɵ.pan.lɵ,3,RFR,1,TRUE
ҫӑпата,ɕɵpata,ɕɵ.pa.ta,3,RFF,1041,TRUE
ҫӑпаталлӑ,ɕɵpatallɵ,ɕɵ.pa.tal.lɵ,4,RFFR,81,TRUE
ҫӑр,ɕɵr,ɕɵr,1,R,63,TRUE
ҫӑра,ɕɵra,ɕɵ.ra,2,RF,1497,TRUE
ҫӑрал,ɕɵral,ɕɵ.ral,2,RF,1,TRUE
ҫӑрала,ɕɵrala,ɕɵ.ra.la,3,RFF,,FALSE
ҫӑралан,ɕɵralan,ɕɵ.ra.lan,3,RFF,,FALSE
ҫӑралат,ɕɵralat,ɕɵ.ra.lat,3,RFF,,FALSE
ҫӑралӑх,ɕɵralɵx,ɕɵ.ra.lɵx,3,RFR,1,TRUE
ҫӑран,ɕɵran,ɕɵ.ran,2,RF,9,TRUE
ҫӑраҫҫи,ɕɵraɕɕi,ɕɵ.raɕ.ɕi,3,RFF,109,TRUE
ҫӑрат,ɕɵrat,ɕɵ.rat,2,RF,,FALSE
ҫӑрӑл,ɕɵrɵl,ɕɵ.rɵl,2,RR,2,TRUE
ҫӑрӑлтар,ɕɵrɵltar,ɕɵ.rɵl.tar,3,RRF,,FALSE
ҫӑрӑлтат,ɕɵrɵltat,ɕɵ.rɵl.tat,3,RRF,,FALSE
ҫӑрӑлти,ɕɵrɵlti,ɕɵ.rɵl.ti,3,RRF,2,TRUE
ҫӑрӑлчӑк,ɕɵrɵltɕɵk,ɕɵ.rɵl.tɕɵk,3,RRR,15,TRUE
ҫӑрӑн,ɕɵrɵn,ɕɵ.rɵn,2,RR,2,TRUE
ҫӑрӑнтар,ɕɵrɵntar,ɕɵ.rɵn.tar,3,RRF,,FALSE
ҫӑрӑх,ɕɵrɵx,ɕɵ.rɵx,2,RR,,FALSE
ҫӑрӗкунӗпе,ɕɵrøkunøpe,ɕɵ.rø.ku.nø.pe,5,RRFRF,,FALSE
ҫӑриҫари,ɕɵriɕari,ɕɵ.ri.ɕa.ri,4,RFFF,,FALSE
ҫӑртҫарт,ɕɵrtɕart,ɕɵr.tɕart,2,RF,,FALSE
ҫӑрта,ɕɵrta,ɕɵr.ta,2,RF,3,TRUE
ҫӑртар,ɕɵrtar,ɕɵr.tar,2,RF,1,TRUE
ҫӑрттан,ɕɵrttan,ɕɵrt.tan,2,RF,172,TRUE
ҫӑрттанла,ɕɵrttanla,ɕɵrt.tan.la,3,RFF,1,TRUE
ҫӑрха,ɕɵrxa,ɕɵr.xa,2,RF,26,TRUE
ҫӑрхала,ɕɵrxala,ɕɵr.xa.la,3,RFF,1,TRUE
ҫӑрхаланчӑк,ɕɵrxalantɕɵk,ɕɵr.xa.lan.tɕɵk,4,RFFR,3,TRUE
ҫӑрхалат,ɕɵrxalat,ɕɵr.xa.lat,3,RFF,1,TRUE
ҫӑрхалаттар,ɕɵrxalattar,ɕɵr.xa.lat.tar,4,RFFF,,FALSE
ҫӑт,ɕɵt,ɕɵt,1,R,151,TRUE
ҫӑтҫат,ɕɵtɕat,ɕɵ.tɕat,2,RF,,FALSE
ҫӑтҫӑт,ɕɵtɕɵt,ɕɵ.tɕɵt,2,RR,,FALSE
ҫӑтӑ,ɕɵtɵ,ɕɵ.tɵ,2,RR,87,TRUE
ҫӑтӑлҫатӑл,ɕɵtɵlɕatɵl,ɕɵ.tɵl.ɕa.tɵl,4,RRFR,,FALSE
ҫӑтӑлҫатӑлт,ɕɵtɵlɕatɵlt,ɕɵ.tɵl.ɕa.tɵlt,4,RRFR,,FALSE
ҫӑтӑлҫӑтӑл,ɕɵtɵlɕɵtɵl,ɕɵ.tɵl.ɕɵ.tɵl,4,RRRR,,FALSE
ҫӑтӑлан,ɕɵtɵlan,ɕɵ.tɵ.lan,3,RRF,,FALSE
ҫӑтӑлантар,ɕɵtɵlantar,ɕɵ.tɵ.lan.tar,4,RRFF,,FALSE
ҫӑтӑлӑх,ɕɵtɵlɵx,ɕɵ.tɵ.lɵx,3,RRR,,FALSE
ҫӑтӑлтат,ɕɵtɵltat,ɕɵ.tɵl.tat,3,RRF,,FALSE
ҫӑтӑм,ɕɵtɵm,ɕɵ.tɵm,2,RR,2,TRUE
ҫӑтӑмла,ɕɵtɵmla,ɕɵ.tɵm.la,3,RRF,,FALSE
ҫӑтӑн,ɕɵtɵn,ɕɵ.tɵn,2,RR,1,TRUE
ҫӑтӑр,ɕɵtɵr,ɕɵ.tɵr,2,RR,177,TRUE
ҫӑтӑрҫатӑр,ɕɵtɵrɕatɵr,ɕɵ.tɵr.ɕa.tɵr,4,RRFR,,FALSE
ҫӑтӑрҫӑтӑр,ɕɵtɵrɕɵtɵr,ɕɵ.tɵr.ɕɵ.tɵr,4,RRRR,,FALSE
ҫӑтӑркка,ɕɵtɵrkka,ɕɵ.tɵrk.ka,3,RRF,2,TRUE
ҫӑтӑрт,ɕɵtɵrt,ɕɵ.tɵrt,2,RR,19,TRUE
ҫӑтӑртҫатӑрт,ɕɵtɵrtɕatɵrt,ɕɵ.tɵr.tɕa.tɵrt,4,RRFR,,FALSE
ҫӑтӑртат,ɕɵtɵrtat,ɕɵ.tɵr.tat,3,RRF,2,TRUE
ҫӑтӑртаттар,ɕɵtɵrtattar,ɕɵ.tɵr.tat.tar,4,RRFF,,FALSE
ҫӑтӑх,ɕɵtɵx,ɕɵ.tɵx,2,RR,8,TRUE
ҫӑтӑхла,ɕɵtɵxla,ɕɵ.tɵx.la,3,RRF,,FALSE
ҫӑтӑхлан,ɕɵtɵxlan,ɕɵ.tɵx.lan,3,RRF,,FALSE
ҫӑткӑн,ɕɵtkɵn,ɕɵt.kɵn,2,RR,306,TRUE
ҫӑткӑнла,ɕɵtkɵnla,ɕɵt.kɵn.la,3,RRF,8,TRUE
ҫӑткӑнлан,ɕɵtkɵnlan,ɕɵt.kɵn.lan,3,RRF,5,TRUE
ҫӑткӑнлантар,ɕɵtkɵnlantar,ɕɵt.kɵn.lan.tar,4,RRFF,,FALSE
ҫӑткӑнлӑх,ɕɵtkɵnlɵx,ɕɵt.kɵn.lɵx,3,RRR,21,TRUE
ҫӑткӑннӑн,ɕɵtkɵnnɵn,ɕɵt.kɵn.nɵn,3,RRR,8,TRUE
ҫӑтлат,ɕɵtlat,ɕɵt.lat,2,RF,,FALSE
ҫӑтлаттар,ɕɵtlattar,ɕɵt.lat.tar,3,RFF,,FALSE
ҫӑтмах,ɕɵtmax,ɕɵt.max,2,RF,403,TRUE
ҫӑттар,ɕɵttar,ɕɵt.tar,2,RF,,FALSE
ҫӑттиҫӑтти,ɕɵttiɕɵtti,ɕɵt.ti.ɕɵt.ti,4,RFRF,,FALSE
ҫӑх,ɕɵx,ɕɵx,1,R,,FALSE
ҫӑхав,ɕɵxaʋ,ɕɵ.xaʋ,2,RF,250,TRUE
ҫӑхавла,ɕɵxaʋla,ɕɵ.xaʋ.la,3,RFF,1,TRUE
ҫӑхан,ɕɵxan,ɕɵ.xan,2,RF,414,TRUE
ҫӑханла,ɕɵxanla,ɕɵ.xan.la,3,RFF,1,TRUE
ҫӑханлан,ɕɵxanlan,ɕɵ.xan.lan,3,RFF,,FALSE
ҫӑхӑр,ɕɵxɵr,ɕɵ.xɵr,2,RR,8,TRUE
ҫӑхӑрлан,ɕɵxɵrlan,ɕɵ.xɵr.lan,3,RRF,,FALSE
ҫӑхӑрлӑ,ɕɵxɵrlɵ,ɕɵ.xɵr.lɵ,3,RRR,,FALSE
ҫветкӑ,ɕʋetkɵ,ɕʋet.kɵ,2,FR,2,TRUE
ҫеврик,ɕeʋrik,ɕeʋ.rik,2,FF,5,TRUE
ҫекӗл,ɕekøl,ɕe.køl,2,FR,142,TRUE
ҫекӗлле,ɕekølle,ɕe.køl.le,3,FRF,1,TRUE
ҫеккунт,ɕekkunt,ɕek.kunt,2,FF,280,TRUE
ҫеккунтлӑх,ɕekkuntlɵx,ɕek.kunt.lɵx,3,FFR,,FALSE
ҫелке,ɕelke,ɕel.ke,2,FF,,FALSE
ҫемӗ,ɕemø,ɕe.mø,2,FR,293,TRUE
ҫемӗле,ɕemøle,ɕe.mø.le,3,FRF,,FALSE
ҫемӗлен,ɕemølen,ɕe.mø.len,3,FRF,,FALSE
ҫемӗн,ɕemøn,ɕe.møn,2,FR,112,TRUE
ҫемӗҫ,ɕemøɕ,ɕe.møɕ,2,FR,3,TRUE
ҫемӗҫтер,ɕemøɕter,ɕe.møɕ.ter,3,FRF,,FALSE
ҫемленкке,ɕemlenkke,ɕem.lenk.ke,3,FFF,4,TRUE
ҫемски,ɕemski,ɕems.ki,2,FF,6,TRUE
ҫемҫе,ɕemɕe,ɕem.ɕe,2,FF,2305,TRUE
ҫемҫеккей,ɕemɕekkej,ɕem.ɕek.kej,3,FFF,5,TRUE
ҫемҫел,ɕemɕel,ɕem.ɕel,2,FF,6,TRUE
ҫемҫелен,ɕemɕelen,ɕem.ɕe.len,3,FFF,2,TRUE
ҫемҫелет,ɕemɕelet,ɕem.ɕe.let,3,FFF,59,TRUE
ҫемҫелӗх,ɕemɕeløx,ɕem.ɕe.løx,3,FFR,24,TRUE
ҫемҫелле,ɕemɕelle,ɕem.ɕel.le,3,FFF,1,TRUE
ҫемҫен,ɕemɕen,ɕem.ɕen,2,FF,485,TRUE
ҫемҫет,ɕemɕet,ɕem.ɕet,2,FF,14,TRUE
ҫемҫеттер,ɕemɕetter,ɕem.ɕet.ter,3,FFF,,FALSE
ҫемҫетӳ,ɕemɕety,ɕem.ɕe.ty,3,FFF,14,TRUE
ҫемҫешке,ɕemɕeʃke,ɕem.ɕeʃ.ke,3,FFF,87,TRUE
ҫемҫешкелен,ɕemɕeʃkelen,ɕem.ɕeʃ.ke.len,4,FFFF,,FALSE
ҫемье,ɕemʲe,ɕe.mʲe,2,FF,9970,TRUE
ҫемьелен,ɕemʲelen,ɕe.mʲe.len,3,FFF,,FALSE
ҫемьеллӗ,ɕemʲellø,ɕe.mʲel.lø,3,FFR,508,TRUE
ҫемьесӗр,ɕemʲesør,ɕe.mʲe.sør,3,FFR,35,TRUE
ҫенаттӑр,ɕenattɵr,ɕe.nat.tɵr,3,FFR,,FALSE
ҫенӗк,ɕenøk,ɕe.nøk,2,FR,358,TRUE
ҫенҫе,ɕenɕe,ɕen.ɕe,2,FF,,FALSE
ҫепҫемҫе,ɕepɕemɕe,ɕep.ɕem.ɕe,3,FFF,,FALSE
ҫепӗҫ,ɕepøɕ,ɕe.pøɕ,2,FR,1707,TRUE
ҫепӗҫлен,ɕepøɕlen,ɕe.pøɕ.len,3,FRF,,FALSE
ҫепӗҫлет,ɕepøɕlet,ɕe.pøɕ.let,3,FRF,,FALSE
ҫепӗҫлӗх,ɕepøɕløx,ɕe.pøɕ.løx,3,FRR,95,TRUE
ҫепӗҫҫӗн,ɕepøɕɕøn,ɕe.pøɕ.ɕøn,3,FRR,533,TRUE
ҫепле,ɕeple,ɕep.le,2,FF,1,TRUE
ҫерем,ɕerem,ɕe.rem,2,FF,849,TRUE
ҫеремле,ɕeremle,ɕe.rem.le,3,FFF,,FALSE
ҫеремлен,ɕeremlen,ɕe.rem.len,3,FFF,,FALSE
ҫеремлентер,ɕeremlenter,ɕe.rem.len.ter,4,FFFF,,FALSE
ҫеремлӗ,ɕeremlø,ɕe.rem.lø,3,FFR,80,TRUE
ҫеремлӗх,ɕeremløx,ɕe.rem.løx,3,FFR,14,TRUE
ҫерке,ɕerke,ɕer.ke,2,FF,2,TRUE
ҫерҫи,ɕerɕi,ɕer.ɕi,2,FF,651,TRUE
ҫерҫилле,ɕerɕille,ɕer.ɕil.le,3,FFF,5,TRUE
ҫеҫ,ɕeɕ,ɕeɕ,1,F,49406,TRUE
ҫеҫен,ɕeɕen,ɕe.ɕen,2,FF,338,TRUE
ҫеҫенлен,ɕeɕenlen,ɕe.ɕen.len,3,FFF,,FALSE
ҫеҫенхир,ɕeɕenxir,ɕe.ɕen.xir,3,FFF,269,TRUE
ҫеҫенхирлӗ,ɕeɕenxirlø,ɕe.ɕen.xir.lø,4,FFFR,7,TRUE
ҫеҫке,ɕeɕke,ɕeɕ.ke,2,FF,615,TRUE
ҫеҫкелен,ɕeɕkelen,ɕeɕ.ke.len,3,FFF,7,TRUE
ҫеҫкеллӗ,ɕeɕkellø,ɕeɕ.kel.lø,3,FFR,75,TRUE
ҫеҫпӗл,ɕeɕpøl,ɕeɕ.pøl,2,FR,2329,TRUE
ҫеҫтенкӗ,ɕeɕtenkø,ɕeɕ.ten.kø,3,FFR,12,TRUE
ҫеҫтех,ɕeɕtex,ɕeɕ.tex,2,FF,,FALSE
ҫеҫтехлен,ɕeɕtexlen,ɕeɕ.tex.len,3,FFF,,FALSE
ҫех,ɕex,ɕex,1,F,1047,TRUE
ҫӗве,ɕøʋe,ɕø.ʋe,2,RF,21,TRUE
ҫӗвек,ɕøʋek,ɕø.ʋek,2,RF,17,TRUE
ҫӗвеклен,ɕøʋeklen,ɕø.ʋek.len,3,RFF,,FALSE
ҫӗвӗ,ɕøʋø,ɕø.ʋø,2,RR,372,TRUE
ҫӗвӗк,ɕøʋøk,ɕø.ʋøk,2,RR,26,TRUE
ҫӗвӗле,ɕøʋøle,ɕø.ʋø.le,3,RRF,,FALSE
ҫӗвӗлен,ɕøʋølen,ɕø.ʋø.len,3,RRF,,FALSE
ҫӗвӗллӗ,ɕøʋøllø,ɕø.ʋøl.lø,3,RRR,5,TRUE
ҫӗвӗллӗшакӑллӑ,ɕøʋølløʃakɵllɵ,ɕø.ʋøl.lø.ʃa.kɵl.lɵ,6,RRRFRR,,FALSE
ҫӗвӗсӗр,ɕøʋøsør,ɕø.ʋø.sør,3,RRR,6,TRUE
ҫӗвӗҫ,ɕøʋøɕ,ɕø.ʋøɕ,2,RR,174,TRUE
ҫӗвӗҫӗ,ɕøʋøɕø,ɕø.ʋø.ɕø,3,RRR,30,TRUE
ҫӗкӗ,ɕøkø,ɕø.kø,2,RR,36,TRUE
ҫӗкле,ɕøkle,ɕøk.le,2,RF,227,TRUE
ҫӗклевӗҫ,ɕøkleʋøɕ,ɕøk.le.ʋøɕ,3,RFR,1,TRUE
ҫӗклем,ɕøklem,ɕøk.lem,2,RF,242,TRUE
ҫӗклен,ɕøklen,ɕøk.len,2,RF,92,TRUE
ҫӗклентер,ɕøklenter,ɕøk.len.ter,3,RFF,2,TRUE
ҫӗкленӳ,ɕøkleny,ɕøk.le.ny,3,RFF,38,TRUE
ҫӗкленӳллӗ,ɕøklenyllø,ɕøk.le.nyl.lø,4,RFFR,427,TRUE
ҫӗкленӳллӗн,ɕøklenylløn,ɕøk.le.nyl.løn,4,RFFR,53,TRUE
ҫӗкленчӗк,ɕøklentɕøk,ɕøk.len.tɕøk,3,RFR,17,TRUE
ҫӗкленчӗклӗн,ɕøklentɕøkløn,ɕøk.len.tɕøk.løn,4,RFRR,1,TRUE
ҫӗклеттер,ɕøkletter,ɕøk.let.ter,3,RFF,1,TRUE
ҫӗле,ɕøle,ɕø.le,2,RF,27,TRUE
ҫӗлен,ɕølen,ɕø.len,2,RF,2019,TRUE
ҫӗленкалта,ɕølenkalta,ɕø.len.kal.ta,4,RFFF,4,TRUE
ҫӗленкалталла,ɕølenkaltalla,ɕø.len.kal.tal.la,5,RFFFF,,FALSE
ҫӗленхура,ɕølenxura,ɕø.len.xu.ra,4,RFFF,,FALSE
ҫӗленшӑван,ɕølenʃɵʋan,ɕø.len.ʃɵ.ʋan,4,RFRF,,FALSE
ҫӗленле,ɕølenle,ɕø.len.le,3,RFF,27,TRUE
ҫӗленлӗх,ɕølenløx,ɕø.len.løx,3,RFR,,FALSE
ҫӗлет,ɕølet,ɕø.let,2,RF,83,TRUE
ҫӗлеттер,ɕøletter,ɕø.let.ter,3,RFF,1,TRUE
ҫӗлӗк,ɕøløk,ɕø.løk,2,RR,501,TRUE
ҫӗлӗкалса,ɕøløkalsa,ɕø.lø.kal.sa,4,RRFF,,FALSE
ҫӗлӗклӗ,ɕøløklø,ɕø.løk.lø,3,RRR,24,TRUE
ҫӗмел,ɕømel,ɕø.mel,2,RF,91,TRUE
ҫӗмелсурат,ɕømelsurat,ɕø.mel.su.rat,4,RFFF,,FALSE
ҫӗмӗр,ɕømør,ɕø.mør,2,RR,39,TRUE
ҫӗмӗрӗл,ɕømørøl,ɕø.mø.røl,3,RRR,2,TRUE
ҫӗмӗрӗлтер,ɕømørølter,ɕø.mø.røl.ter,4,RRRF,,FALSE
ҫӗмӗрӗлӳ,ɕømørøly,ɕø.mø.rø.ly,4,RRRF,1,TRUE
ҫӗмӗрӗлчӗк,ɕømørøltɕøk,ɕø.mø.røl.tɕøk,4,RRRR,3,TRUE
ҫӗмӗрлеш,ɕømørleʃ,ɕø.mør.leʃ,3,RRF,,FALSE
ҫӗмӗрлешӳ,ɕømørleʃy,ɕø.mør.le.ʃy,4,RRFF,1,TRUE
ҫӗмӗрт,ɕømørt,ɕø.mørt,2,RR,850,TRUE
ҫӗмӗртлӗх,ɕømørtløx,ɕø.mørt.løx,3,RRR,33,TRUE
ҫӗмӗрттер,ɕømørtter,ɕø.mørt.ter,3,RRF,4,TRUE
ҫӗмӗрӳ,ɕømøry,ɕø.mø.ry,3,RRF,,FALSE
ҫӗмрен,ɕømren,ɕøm.ren,2,RF,311,TRUE
ҫӗмренӗн,ɕømrenøn,ɕøm.re.nøn,3,RFR,9,TRUE
ҫӗмренҫӗ,ɕømrenɕø,ɕøm.ren.ɕø,3,RFR,1,TRUE
ҫӗмрӗк,ɕømrøk,ɕøm.røk,2,RR,134,TRUE
ҫӗмрӗл,ɕømrøl,ɕøm.røl,2,RR,,FALSE
ҫӗн,ɕøn,ɕøn,1,R,2541,TRUE
ҫӗнел,ɕønel,ɕø.nel,2,RF,12,TRUE
ҫӗнет,ɕønet,ɕø.net,2,RF,46,TRUE
ҫӗнеттер,ɕønetter,ɕø.net.ter,3,RFF,,FALSE
ҫӗнетӳ,ɕønety,ɕø.ne.ty,3,RFF,103,TRUE
ҫӗнетӳҫӗ,ɕønetyɕø,ɕø.ne.ty.ɕø,4,RFFR,,FALSE
ҫӗнӗ,ɕønø,ɕø.nø,2,RR,39344,TRUE
ҫӗнӗлен,ɕønølen,ɕø.nø.len,3,RRF,,FALSE
ҫӗнӗлет,ɕønølet,ɕø.nø.let,3,RRF,9,TRUE
ҫӗнӗлӗх,ɕønøløx,ɕø.nø.løx,3,RRR,841,TRUE
ҫӗнӗлле,ɕønølle,ɕø.nøl.le,3,RRF,763,TRUE
ҫӗнӗрен,ɕønøren,ɕø.nø.ren,3,RRF,3946,TRUE
ҫӗнтер,ɕønter,ɕøn.ter,2,RF,133,TRUE
ҫӗнтерӳ,ɕøntery,ɕøn.te.ry,3,RFF,3043,TRUE
ҫӗнтерӳллӗ,ɕønteryllø,ɕøn.te.ryl.lø,4,RFFR,37,TRUE
ҫӗнтерӳллӗн,ɕønterylløn,ɕøn.te.ryl.løn,4,RFFR,42,TRUE
ҫӗнтерӳҫӗ,ɕønteryɕø,ɕøn.te.ry.ɕø,4,RFFR,1037,TRUE
ҫӗпре,ɕøpre,ɕøp.re,2,RF,175,TRUE
ҫӗпреле,ɕøprele,ɕøp.re.le,3,RFF,7,TRUE
ҫӗпрелентер,ɕøprelenter,ɕøp.re.len.ter,4,RFFF,,FALSE
ҫӗпрелет,ɕøprelet,ɕøp.re.let,3,RFF,,FALSE
ҫӗр,ɕør,ɕør,1,R,38073,TRUE
ҫӗркун,ɕørkun,ɕør.kun,2,RF,,FALSE
ҫӗршыв,ɕørʃʉʋ,ɕør.ʃʉʋ,2,RRFF,5599,TRUE
ҫӗрелле,ɕørelle,ɕø.rel.le,3,RFF,989,TRUE
ҫӗрӗ,ɕørø,ɕø.rø,2,RR,2811,TRUE
ҫӗрӗҫӗрӗпе,ɕørøɕørøpe,ɕø.rø.ɕø.rø.pe,5,RRRRF,8,TRUE
ҫӗрӗк,ɕørøk,ɕø.røk,2,RR,379,TRUE
ҫӗрӗкмарӑк,ɕørøkmarɵk,ɕø.røk.ma.rɵk,4,RRFR,,FALSE
ҫӗрӗкҫарӑк,ɕørøkɕarɵk,ɕø.røk.ɕa.rɵk,4,RRFR,,FALSE
ҫӗрӗн,ɕørøn,ɕø.røn,2,RR,1623,TRUE
ҫӗрӗнкунӗн,ɕørønkunøn,ɕø.røn.ku.nøn,4,RRFR,2,TRUE
ҫӗрӗнҫӗрӗн,ɕørønɕørøn,ɕø.røn.ɕø.røn,4,RRRR,,FALSE
ҫӗрӗпе,ɕørøpe,ɕø.rø.pe,3,RRF,1303,TRUE
ҫӗрӗҫ,ɕørøɕ,ɕø.røɕ,2,RR,49,TRUE
ҫӗрӗҫӗ,ɕørøɕø,ɕø.rø.ɕø,3,RRR,5,TRUE
ҫӗрӗх,ɕørøx,ɕø.røx,2,RR,2,TRUE
ҫӗрӗш,ɕørøʃ,ɕø.røʃ,2,RR,2,TRUE
ҫӗрӗшӗ,ɕørøʃø,ɕø.rø.ʃø,3,RRR,6,TRUE
ҫӗрйӗркелӳ,ɕørjørkely,ɕør.jør.ke.ly,4,RRFF,3,TRUE
ҫӗрйӗркелӳҫӗ,ɕørjørkelyɕø,ɕør.jør.ke.ly.ɕø,5,RRFFR,4,TRUE
ҫӗркаҫ,ɕørkaɕ,ɕør.kaɕ,2,RF,228,TRUE
ҫӗркаҫхи,ɕørkaɕxi,ɕør.kaɕ.xi,3,RFF,16,TRUE
ҫӗркӑмрӑк,ɕørkɵmrɵk,ɕør.kɵm.rɵk,3,RRR,14,TRUE
ҫӗрле,ɕørle,ɕør.le,2,RF,3068,TRUE
ҫӗрлелӗх,ɕørleløx,ɕør.le.løx,3,RFR,,FALSE
ҫӗрлен,ɕørlen,ɕør.len,2,RF,3,TRUE
ҫӗрлеренпе,ɕørlerenpe,ɕør.le.ren.pe,4,RFFF,3,TRUE
ҫӗрлерехпе,ɕørlerexpe,ɕør.le.rex.pe,4,RFFF,,FALSE
ҫӗрлесерен,ɕørleseren,ɕør.le.se.ren,4,RFFF,101,TRUE
ҫӗрлехи,ɕørlexi,ɕør.le.xi,3,RFF,760,TRUE
ҫӗрлеччен,ɕørletɕtɕen,ɕør.letɕ.tɕen,3,RFF,92,TRUE
ҫӗрлӗ,ɕørlø,ɕør.lø,2,RR,61,TRUE
ҫӗрлӗшывлӑ,ɕørløʃʉʋlɵ,ɕør.lø.ʃʉʋ.lɵ,4,RRFR,,FALSE
ҫӗрлӗх,ɕørløx,ɕør.løx,2,RR,1,TRUE
ҫӗрмамӑк,ɕørmamɵk,ɕør.ma.mɵk,3,RFR,12,TRUE
ҫӗрме,ɕørme,ɕør.me,2,RF,338,TRUE
ҫӗрмӗш,ɕørmøʃ,ɕør.møʃ,2,RR,24,TRUE
ҫӗрпӳ,ɕørpy,ɕør.py,2,RF,3369,TRUE
ҫӗрпӳрт,ɕørpyrt,ɕør.pyrt,2,RF,92,TRUE
ҫӗрсӗр,ɕørsør,ɕør.sør,2,RR,54,TRUE
ҫӗрсӗрлен,ɕørsørlen,ɕør.sør.len,3,RRF,,FALSE
ҫӗрсӗрлентер,ɕørsørlenter,ɕør.sør.len.ter,4,RRFF,,FALSE
ҫӗрсӗрлӗх,ɕørsørløx,ɕør.sør.løx,3,RRR,,FALSE
ҫӗрҫен,ɕørɕen,ɕør.ɕen,2,RF,1,TRUE
ҫӗрҫуллӑх,ɕørɕullɵx,ɕør.ɕul.lɵx,3,RFR,14,TRUE
ҫӗрт,ɕørt,ɕørt,1,R,28,TRUE
ҫӗртеш,ɕørteʃ,ɕør.teʃ,2,RF,,FALSE
ҫӗртешлӗх,ɕørteʃløx,ɕør.teʃ.løx,3,RFR,1,TRUE
ҫӗртишыври,ɕørtiʃʉʋri,ɕør.ti.ʃʉʋ.ri,4,RFFF,,FALSE
ҫӗртме,ɕørtme,ɕørt.me,2,RF,2423,TRUE
ҫӗрттер,ɕørtter,ɕørt.ter,2,RF,,FALSE
ҫӗрулми,ɕørulmi,ɕø.rul.mi,3,RFF,1816,TRUE
ҫӗрура,ɕørura,ɕø.ru.ra,3,RFF,,FALSE
ҫӗрхи,ɕørxi,ɕør.xi,2,RF,2,TRUE
ҫӗрччен,ɕørtɕtɕen,ɕørtɕ.tɕen,2,RF,42,TRUE
ҫӗршер,ɕørʃer,ɕør.ʃer,2,RF,610,TRUE
ҫӗршерӗн,ɕørʃerøn,ɕør.ʃe.røn,3,RFR,34,TRUE
ҫӗршӗн,ɕørʃøn,ɕør.ʃøn,2,RR,125,TRUE
ҫӗршӗнкӗ,ɕørʃønkø,ɕør.ʃøn.kø,3,RRR,2,TRUE
ҫӗҫӗ,ɕøɕø,ɕø.ɕø,2,RR,718,TRUE
ҫӗҫӗлле,ɕøɕølle,ɕø.ɕøl.le,3,RRF,2,TRUE
ҫӗҫҫи,ɕøɕɕi,ɕøɕ.ɕi,2,RF,107,TRUE
ҫӗҫтӗлпи,ɕøɕtølpi,ɕøɕ.tøl.pi,3,RRF,,FALSE
ҫӗт,ɕøt,ɕøt,1,R,23,TRUE
ҫӗтер,ɕøter,ɕø.ter,2,RF,4,TRUE
ҫӗтӗк,ɕøtøk,ɕø.tøk,2,RR,858,TRUE
ҫӗтӗкҫатӑк,ɕøtøkɕatɵk,ɕø.tøk.ɕa.tɵk,4,RRFR,1,TRUE
ҫӗтӗкҫурӑк,ɕøtøkɕurɵk,ɕø.tøk.ɕu.rɵk,4,RRFR,,FALSE
ҫӗтӗл,ɕøtøl,ɕø.tøl,2,RR,7,TRUE
ҫӗтӗлтер,ɕøtølter,ɕø.tøl.ter,3,RRF,,FALSE
ҫӗткелен,ɕøtkelen,ɕøt.ke.len,3,RFF,,FALSE
ҫӗткеленчӗк,ɕøtkelentɕøk,ɕøt.ke.len.tɕøk,4,RFFR,3,TRUE
ҫӗткелеш,ɕøtkeleʃ,ɕøt.ke.leʃ,3,RFF,,FALSE
ҫӗттер,ɕøtter,ɕøt.ter,2,RF,,FALSE
ҫӗхре,ɕøxre,ɕøx.re,2,RF,,FALSE
ҫӗхрелен,ɕøxrelen,ɕøx.re.len,3,RFF,,FALSE
ҫи,ɕi,ɕi,1,F,2864,TRUE
ҫивӗт,ɕiʋøt,ɕi.ʋøt,2,FR,161,TRUE
ҫивӗтле,ɕiʋøtle,ɕi.ʋøt.le,3,FRF,6,TRUE
ҫивӗтлен,ɕiʋøtlen,ɕi.ʋøt.len,3,FRF,2,TRUE
ҫивӗтлеттер,ɕiʋøtletter,ɕi.ʋøt.let.ter,4,FRFF,,FALSE
ҫивӗч,ɕiʋøtɕ,ɕi.ʋøtɕ,2,FR,3114,TRUE
ҫивӗчӗш,ɕiʋøtɕøʃ,ɕi.ʋø.tɕøʃ,3,FRR,3,TRUE
ҫивӗчле,ɕiʋøtɕle,ɕi.ʋøtɕ.le,3,FRF,,FALSE
ҫивӗчлен,ɕiʋøtɕlen,ɕi.ʋøtɕ.len,3,FRF,2,TRUE
ҫивӗчлентер,ɕiʋøtɕlenter,ɕi.ʋøtɕ.len.ter,4,FRFF,,FALSE
ҫивӗчлет,ɕiʋøtɕlet,ɕi.ʋøtɕ.let,3,FRF,2,TRUE
ҫивӗчлеттер,ɕiʋøtɕletter,ɕi.ʋøtɕ.let.ter,4,FRFF,,FALSE
ҫивӗчлӗх,ɕiʋøtɕløx,ɕi.ʋøtɕ.løx,3,FRR,37,TRUE
ҫивӗччен,ɕiʋøtɕtɕen,ɕi.ʋøtɕ.tɕen,3,FRF,2,TRUE
ҫивитти,ɕiʋitti,ɕi.ʋit.ti,3,FFF,129,TRUE
ҫиекен,ɕieken,ɕi.e.ken,3,FFF,221,TRUE
ҫиел,ɕiel,ɕi.el,2,FF,3,TRUE
ҫиеле,ɕiele,ɕi.e.le,3,FFF,780,TRUE
ҫиелте,ɕielte,ɕi.el.te,3,FFF,62,TRUE
ҫиелтен,ɕielten,ɕi.el.ten,3,FFF,1063,TRUE
ҫиелти,ɕielti,ɕi.el.ti,3,FFF,226,TRUE
ҫиен,ɕien,ɕi.en,2,FF,40,TRUE
ҫиесле,ɕiesle,ɕi.es.le,3,FFF,,FALSE
ҫийӗн,ɕijøn,ɕi.jøn,2,FR,1614,TRUE
ҫийӗнтер,ɕijønter,ɕi.jøn.ter,3,FRF,2,TRUE
ҫийӗнчен,ɕijøntɕen,ɕi.jøn.tɕen,3,FRF,233,TRUE
ҫийӗнчех,ɕijøntɕex,ɕi.jøn.tɕex,3,FRF,1966,TRUE
ҫийӗнчӗк,ɕijøntɕøk,ɕi.jøn.tɕøk,3,FRR,6,TRUE
ҫил,ɕil,ɕil,1,F,7884,TRUE
ҫилйӗр,ɕiljør,ɕil.jør,2,FR,,FALSE
ҫилтӑвӑл,ɕiltɵʋɵl,ɕil.tɵ.ʋɵl,3,FRR,8,TRUE
ҫилтӑвӑлла,ɕiltɵʋɵlla,ɕil.tɵ.ʋɵl.la,4,FRRF,,FALSE
ҫилтӑвӑллӑ,ɕiltɵʋɵllɵ,ɕil.tɵ.ʋɵl.lɵ,4,FRRR,1,TRUE
ҫилтӑман,ɕiltɵman,ɕil.tɵ.man,3,FRF,19,TRUE
ҫилтӑманлӑ,ɕiltɵmanlɵ,ɕil.tɵ.man.lɵ,4,FRFR,1,TRUE
ҫиламласа,ɕilamlasa,ɕi.lam.la.sa,4,FFFF,,FALSE
ҫилеке,ɕileke,ɕi.le.ke,3,FFF,,FALSE
ҫилӗ,ɕilø,ɕi.lø,2,FR,669,TRUE
ҫилӗхаярҫилӗлӗх,ɕiløxajarɕiløløx,ɕi.lø.xa.jar.ɕi.lø.løx,7,FRFFFRR,,FALSE
ҫилӗллӗ,ɕiløllø,ɕi.løl.lø,3,FRR,122,TRUE
ҫилӗллӗн,ɕilølløn,ɕi.løl.løn,3,FRR,144,TRUE
ҫилӗм,ɕiløm,ɕi.løm,2,FR,159,TRUE
ҫилӗмле,ɕilømle,ɕi.løm.le,3,FRF,2,TRUE
ҫилӗмлен,ɕilømlen,ɕi.løm.len,3,FRF,,FALSE
ҫилӗмлентер,ɕilømlenter,ɕi.løm.len.ter,4,FRFF,,FALSE
ҫилӗмлеттер,ɕilømletter,ɕi.løm.let.ter,4,FRFF,,FALSE
ҫилӗмлӗ,ɕilømlø,ɕi.løm.lø,3,FRR,8,TRUE
ҫилӗмлӗх,ɕilømløx,ɕi.løm.løx,3,FRR,1,TRUE
ҫилӗмҫӗ,ɕilømɕø,ɕi.løm.ɕø,3,FRR,,FALSE
ҫилӗсӗр,ɕiløsør,ɕi.lø.sør,3,FRR,3,TRUE
ҫилкӗҫ,ɕilkøɕ,ɕil.køɕ,2,FR,6,TRUE
ҫиллемес,ɕillemes,ɕil.le.mes,3,FFF,4,TRUE
ҫиллен,ɕillen,ɕil.len,2,FF,343,TRUE
ҫилленнӗн,ɕillennøn,ɕil.len.nøn,3,FFR,8,TRUE
ҫиллентер,ɕillenter,ɕil.len.ter,3,FFF,14,TRUE
ҫиллентермӗш,ɕillentermøʃ,ɕil.len.ter.møʃ,4,FFFR,,FALSE
ҫилленчӗк,ɕillentɕøk,ɕil.len.tɕøk,3,FFR,13,TRUE
ҫилленчӗклӗн,ɕillentɕøkløn,ɕil.len.tɕøk.løn,4,FFRR,5,TRUE
ҫиллес,ɕilles,ɕil.les,2,FF,173,TRUE
ҫиллеслен,ɕilleslen,ɕil.les.len,3,FFF,,FALSE
ҫиллеслӗх,ɕillesløx,ɕil.les.løx,3,FFR,,FALSE
ҫиллессӗн,ɕillessøn,ɕil.les.søn,3,FFR,298,TRUE
ҫиллӗ,ɕillø,ɕil.lø,2,FR,165,TRUE
ҫилсӗр,ɕilsør,ɕil.sør,2,FR,69,TRUE
ҫилсӗрлӗх,ɕilsørløx,ɕil.sør.løx,3,FRR,1,TRUE
ҫилтер,ɕilter,ɕil.ter,2,FF,,FALSE
ҫилтерле,ɕilterle,ɕil.ter.le,3,FFF,,FALSE
ҫилхе,ɕilxe,ɕil.xe,2,FF,27,TRUE
ҫилхемес,ɕilxemes,ɕil.xe.mes,3,FFF,11,TRUE
ҫимакур,ɕimakur,ɕi.ma.kur,3,FFF,3,TRUE
ҫиме,ɕime,ɕi.me,2,FF,2995,TRUE
ҫимелли,ɕimelli,ɕi.mel.li,3,FFF,619,TRUE
ҫимӗк,ɕimøk,ɕi.møk,2,FR,633,TRUE
ҫимӗҫ,ɕimøɕ,ɕi.møɕ,2,FR,5987,TRUE
ҫимӗҫлӗ,ɕimøɕlø,ɕi.møɕ.lø,3,FRR,46,TRUE
ҫимӗҫлӗх,ɕimøɕløx,ɕi.møɕ.løx,3,FRR,3,TRUE
ҫимӗҫсӗр,ɕimøɕsør,ɕi.møɕ.sør,3,FRR,29,TRUE
ҫимӗҫсӗрлӗх,ɕimøɕsørløx,ɕi.møɕ.sør.løx,4,FRRR,,FALSE
ҫимӗш,ɕimøʃ,ɕi.møʃ,2,FR,,FALSE
ҫине,ɕine,ɕi.ne,2,FF,76955,TRUE
ҫинеҫине,ɕineɕine,ɕi.ne.ɕi.ne,4,FFFF,4,TRUE
ҫинеҫинех,ɕineɕinex,ɕi.ne.ɕi.nex,4,FFFF,8,TRUE
ҫинерех,ɕinerex,ɕi.ne.rex,3,FFF,43,TRUE
ҫинҫе,ɕinɕe,ɕin.ɕe,2,FF,1401,TRUE
ҫинҫел,ɕinɕel,ɕin.ɕel,2,FF,2,TRUE
ҫинҫелен,ɕinɕelen,ɕin.ɕe.len,3,FFF,,FALSE
ҫинҫелет,ɕinɕelet,ɕin.ɕe.let,3,FFF,1,TRUE
ҫинҫелӗх,ɕinɕeløx,ɕin.ɕe.løx,3,FFR,,FALSE
ҫинҫен,ɕinɕen,ɕin.ɕen,2,FF,75,TRUE
ҫинҫет,ɕinɕet,ɕin.ɕet,2,FF,,FALSE
ҫинҫешке,ɕinɕeʃke,ɕin.ɕeʃ.ke,3,FFF,147,TRUE
ҫинҫӗш,ɕinɕøʃ,ɕin.ɕøʃ,2,FR,,FALSE
ҫинче,ɕintɕe,ɕin.tɕe,2,FF,35706,TRUE
ҫинчен,ɕintɕen,ɕin.tɕen,2,FF,50958,TRUE
ҫинчи,ɕintɕi,ɕin.tɕi,2,FF,8429,TRUE
ҫип,ɕip,ɕip,1,F,964,TRUE
ҫипҫинҫе,ɕipɕinɕe,ɕip.ɕin.ɕe,3,FFF,4,TRUE
ҫипиркке,ɕipirkke,ɕi.pirk.ke,3,FFF,2,TRUE
ҫипуҫ,ɕipuɕ,ɕi.puɕ,2,FF,85,TRUE
ҫирӗк,ɕirøk,ɕi.røk,2,FR,122,TRUE
ҫирӗклӗх,ɕirøkløx,ɕi.røk.løx,3,FRR,21,TRUE
ҫирӗм,ɕirøm,ɕi.røm,2,FR,3377,TRUE
ҫирӗмвӑтӑр,ɕirømʋɵtɵr,ɕi.røm.ʋɵ.tɵr,4,FRRR,,FALSE
ҫирӗмӗн,ɕirømøn,ɕi.rø.møn,3,FRR,20,TRUE
ҫирӗмӗш,ɕirømøʃ,ɕi.rø.møʃ,3,FRR,5,TRUE
ҫирӗмӗшӗ,ɕirømøʃø,ɕi.rø.mø.ʃø,4,FRRR,6,TRUE
ҫирӗммӗш,ɕirømmøʃ,ɕi.røm.møʃ,3,FRR,124,TRUE
ҫирӗмшер,ɕirømʃer,ɕi.røm.ʃer,3,FRF,58,TRUE
ҫирӗмшерӗн,ɕirømʃerøn,ɕi.røm.ʃe.røn,4,FRFR,3,TRUE
ҫирӗп,ɕirøp,ɕi.røp,2,FR,7780,TRUE
ҫирӗплен,ɕirøplen,ɕi.røp.len,3,FRF,12,TRUE
ҫирӗплет,ɕirøplet,ɕi.røp.let,3,FRF,28,TRUE
ҫирӗплеттер,ɕirøpletter,ɕi.røp.let.ter,4,FRFF,,FALSE
ҫирӗплетӳ,ɕirøplety,ɕi.røp.le.ty,4,FRFF,36,TRUE
ҫирӗплӗх,ɕirøpløx,ɕi.røp.løx,3,FRR,87,TRUE
ҫирӗппӗн,ɕirøppøn,ɕi.røp.pøn,3,FRR,1174,TRUE
ҫиҫ,ɕiɕ,ɕiɕ,1,F,30,TRUE
ҫиҫӗм,ɕiɕøm,ɕi.ɕøm,2,FR,1377,TRUE
ҫиҫӗмле,ɕiɕømle,ɕi.ɕøm.le,3,FRF,146,TRUE
ҫиҫӗн,ɕiɕøn,ɕi.ɕøn,2,FR,4,TRUE
ҫиҫӗнтер,ɕiɕønter,ɕi.ɕøn.ter,3,FRF,,FALSE
ҫиҫкӗн,ɕiɕkøn,ɕiɕ.køn,2,FR,14,TRUE
ҫиҫкӗнчӗк,ɕiɕkøntɕøk,ɕiɕ.køn.tɕøk,3,FRR,5,TRUE
ҫиҫтер,ɕiɕter,ɕiɕ.ter,2,FF,1,TRUE
ҫит,ɕit,ɕit,1,F,281,TRUE
ҫителӗк,ɕiteløk,ɕi.te.løk,3,FFR,4,TRUE
ҫителӗклӗ,ɕiteløklø,ɕi.te.løk.lø,4,FFRR,2178,TRUE
ҫителӗклӗн,ɕiteløkløn,ɕi.te.løk.løn,4,FFRR,8,TRUE
ҫителӗклӗх,ɕiteløkløx,ɕi.te.løk.løx,4,FFRR,9,TRUE
ҫителӗксӗр,ɕiteløksør,ɕi.te.løk.sør,4,FFRR,893,TRUE
ҫителӗксӗрлӗх,ɕiteløksørløx,ɕi.te.løk.sør.løx,5,FFRRR,,FALSE
ҫитер,ɕiter,ɕi.ter,2,FF,263,TRUE
ҫитеркӗч,ɕiterkøtɕ,ɕi.ter.køtɕ,3,FFR,,FALSE
ҫитерме,ɕiterme,ɕi.ter.me,3,FFF,1442,TRUE
ҫитӗ,ɕitø,ɕi.tø,2,FR,1839,TRUE
ҫитӗн,ɕitøn,ɕi.tøn,2,FR,172,TRUE
ҫитӗнтер,ɕitønter,ɕi.tøn.ter,3,FRF,13,TRUE
ҫитӗнӳ,ɕitøny,ɕi.tø.ny,3,FRF,1246,TRUE
ҫитӗнӳллӗ,ɕitønyllø,ɕi.tø.nyl.lø,4,FRFR,4,TRUE
ҫитӗш,ɕitøʃ,ɕi.tøʃ,2,FR,,FALSE
ҫити,ɕiti,ɕi.ti,2,FF,2048,TRUE
ҫитиччен,ɕititɕtɕen,ɕi.titɕ.tɕen,3,FFF,1877,TRUE
ҫитменлӗх,ɕitmenløx,ɕit.men.løx,3,FFR,317,TRUE
ҫитменнине,ɕitmennine,ɕit.men.ni.ne,4,FFFF,2368,TRUE
ҫитмӗл,ɕitmøl,ɕit.møl,2,FR,941,TRUE
ҫитмӗлмӗш,ɕitmølmøʃ,ɕit.møl.møʃ,3,FRR,37,TRUE
ҫитмӗлшер,ɕitmølʃer,ɕit.møl.ʃer,3,FRF,6,TRUE
ҫитсӑ,ɕitsɵ,ɕi.tsɵ,2,FR,118,TRUE
ҫихар,ɕixar,ɕi.xar,2,FF,,FALSE
ҫихарет,ɕixaret,ɕi.xa.ret,3,FFF,,FALSE
ҫихӗр,ɕixør,ɕi.xør,2,FR,1,TRUE
ҫихӗреш,ɕixøreʃ,ɕi.xø.reʃ,3,FRF,,FALSE
ҫихӗрттер,ɕixørtter,ɕi.xørt.ter,3,FRF,,FALSE
ҫихӗрчӗк,ɕixørtɕøk,ɕi.xør.tɕøk,3,FRR,,FALSE
ҫич,ɕitɕ,ɕitɕ,1,F,863,TRUE
ҫичсакӑр,ɕitɕsakɵr,ɕitɕ.sa.kɵr,3,FFR,,FALSE
ҫичӗ,ɕitɕø,ɕi.tɕø,2,FR,4996,TRUE
ҫичсӗмӗр,ɕitɕsømør,ɕitɕ.sø.mør,3,FRR,6,TRUE
ҫичсӗр,ɕitɕsør,ɕitɕ.sør,2,FR,1,TRUE
ҫичҫӗр,ɕitɕɕør,ɕitɕ.ɕør,2,FR,68,TRUE
ҫиччас,ɕitɕtɕas,ɕitɕ.tɕas,2,FF,201,TRUE
ҫиччӗ,ɕitɕtɕø,ɕitɕ.tɕø,2,FR,574,TRUE
ҫиччӗлле,ɕitɕtɕølle,ɕitɕ.tɕøl.le,3,FRF,8,TRUE
ҫиччӗмӗш,ɕitɕtɕømøʃ,ɕitɕ.tɕø.møʃ,3,FRR,564,TRUE
ҫиччӗн,ɕitɕtɕøn,ɕitɕ.tɕøn,2,FR,139,TRUE
ҫиччӗш,ɕitɕtɕøʃ,ɕitɕ.tɕøʃ,2,FR,5,TRUE
ҫиччӗшӗ,ɕitɕtɕøʃø,ɕitɕ.tɕø.ʃø,3,FRR,86,TRUE
ҫичшер,ɕitɕʃer,ɕitɕ.ʃer,2,FF,49,TRUE
ҫичшерӗн,ɕitɕʃerøn,ɕitɕ.ʃe.røn,3,FFR,,FALSE
ҫтерлӗк,ɕterløk,ɕter.løk,2,FR,15,TRUE
ҫу,ɕu,ɕu,1,F,9339,TRUE
ҫушур,ɕuʃur,ɕu.ʃur,2,FF,,FALSE
ҫуй,ɕuj,ɕuj,1,F,162,TRUE
ҫуйӑн,ɕujɵn,ɕu.jɵn,2,FR,73,TRUE
ҫуйӑх,ɕujɵx,ɕu.jɵx,2,FR,19,TRUE
ҫуйӑхтар,ɕujɵxtar,ɕu.jɵx.tar,3,FRF,,FALSE
ҫуйӑху,ɕujɵxu,ɕu.jɵ.xu,3,FRF,5,TRUE
ҫуйкӑн,ɕujkɵn,ɕuj.kɵn,2,FR,25,TRUE
ҫуйкӑнлан,ɕujkɵnlan,ɕuj.kɵn.lan,3,FRF,,FALSE
ҫуйкӑнлӑх,ɕujkɵnlɵx,ɕuj.kɵn.lɵx,3,FRR,2,TRUE
ҫуйлан,ɕujlan,ɕuj.lan,2,FF,,FALSE
ҫуйлантар,ɕujlantar,ɕuj.lan.tar,3,FFF,,FALSE
ҫуйлаш,ɕujlaʃ,ɕuj.laʃ,2,FF,,FALSE
ҫуйлӑ,ɕujlɵ,ɕuj.lɵ,2,FR,40,TRUE
ҫуйхан,ɕujxan,ɕuj.xan,2,FF,1,TRUE
ҫуйхат,ɕujxat,ɕuj.xat,2,FF,,FALSE
ҫуйхаш,ɕujxaʃ,ɕuj.xaʃ,2,FF,9,TRUE
ҫуйхаштар,ɕujxaʃtar,ɕuj.xaʃ.tar,3,FFF,,FALSE
ҫуйхашу,ɕujxaʃu,ɕuj.xa.ʃu,3,FFF,22,TRUE
ҫуйхашуллӑ,ɕujxaʃullɵ,ɕuj.xa.ʃul.lɵ,4,FFFR,,FALSE
ҫук,ɕuk,ɕuk,1,F,63151,TRUE
ҫукалан,ɕukalan,ɕu.ka.lan,3,FFF,,FALSE
ҫукаланчӑк,ɕukalantɕɵk,ɕu.ka.lan.tɕɵk,4,FFFR,3,TRUE
ҫукан,ɕukan,ɕu.kan,2,FF,,FALSE
ҫуканӗ,ɕukanø,ɕu.ka.nø,3,FFR,,FALSE
ҫуккӑ,ɕukkɵ,ɕuk.kɵ,2,FR,260,TRUE
ҫуклат,ɕuklat,ɕuk.lat,2,FF,,FALSE
ҫуклӑ,ɕuklɵ,ɕuk.lɵ,2,FR,102,TRUE
ҫуклӑх,ɕuklɵx,ɕuk.lɵx,2,FR,60,TRUE
ҫул,ɕul,ɕul,1,F,76655,TRUE
ҫулйӗр,ɕuljør,ɕul.jør,2,FR,18,TRUE
ҫула,ɕula,ɕu.la,2,FF,11297,TRUE
ҫулан,ɕulan,ɕu.lan,2,FF,3,TRUE
ҫулантар,ɕulantar,ɕu.lan.tar,3,FFF,,FALSE
ҫуланчӑк,ɕulantɕɵk,ɕu.lan.tɕɵk,3,FFR,2,TRUE
ҫулаттар,ɕulattar,ɕu.lat.tar,3,FFF,,FALSE
ҫулӑк,ɕulɵk,ɕu.lɵk,2,FR,11,TRUE
ҫулӑм,ɕulɵm,ɕu.lɵm,2,FR,2362,TRUE
ҫулӑмлан,ɕulɵmlan,ɕu.lɵm.lan,3,FRF,1,TRUE
ҫулӑмлантар,ɕulɵmlantar,ɕu.lɵm.lan.tar,4,FRFF,,FALSE
ҫулӑмлӑ,ɕulɵmlɵ,ɕu.lɵm.lɵ,3,FRR,205,TRUE
ҫулӑмлӑн,ɕulɵmlɵn,ɕu.lɵm.lɵn,3,FRR,18,TRUE
ҫулӑн,ɕulɵn,ɕu.lɵn,2,FR,1264,TRUE
ҫулӑх,ɕulɵx,ɕu.lɵx,2,FR,57,TRUE
ҫулӑхтар,ɕulɵxtar,ɕu.lɵx.tar,3,FRF,,FALSE
ҫулӗҫулӗпе,ɕuløɕuløpe,ɕu.lø.ɕu.lø.pe,5,FRFRF,,FALSE
ҫулӗпе,ɕuløpe,ɕu.lø.pe,3,FRF,2343,TRUE
ҫулла,ɕulla,ɕul.la,2,FF,3632,TRUE
ҫуллан,ɕullan,ɕul.lan,2,FF,25,TRUE
ҫулларанпа,ɕullaranpa,ɕul.la.ran.pa,4,FFFF,9,TRUE
ҫуллахи,ɕullaxi,ɕul.la.xi,3,FFF,3184,TRUE
ҫуллахилле,ɕullaxille,ɕul.la.xil.le,4,FFFF,,FALSE
ҫуллаччен,ɕullatɕtɕen,ɕul.latɕ.tɕen,3,FFF,33,TRUE
ҫуллӑ,ɕullɵ,ɕul.lɵ,2,FR,641,TRUE
ҫуллӑх,ɕullɵx,ɕul.lɵx,2,FR,324,TRUE
ҫуллен,ɕullen,ɕul.len,2,FF,532,TRUE
ҫулленҫул,ɕullenɕul,ɕul.len.ɕul,3,FFF,,FALSE
ҫулленхи,ɕullenxi,ɕul.len.xi,3,FFF,65,TRUE
ҫулпуҫ,ɕulpuɕ,ɕul.puɕ,2,FF,68,TRUE
ҫулсӑрлӑх,ɕulsɵrlɵx,ɕul.sɵr.lɵx,3,FRR,,FALSE
ҫулсерен,ɕulseren,ɕul.se.ren,3,FFF,2140,TRUE
ҫулҫӑ,ɕulɕɵ,ɕul.ɕɵ,2,FR,1033,TRUE
ҫулҫӑлан,ɕulɕɵlan,ɕul.ɕɵ.lan,3,FRF,,FALSE
ҫулҫӑллӑ,ɕulɕɵllɵ,ɕul.ɕɵl.lɵ,3,FRR,220,TRUE
ҫулҫӑсӑр,ɕulɕɵsɵr,ɕul.ɕɵ.sɵr,3,FRR,11,TRUE
ҫулҫӳрев,ɕulɕyreʋ,ɕul.ɕy.reʋ,3,FFF,307,TRUE
ҫулҫӳревҫӗ,ɕulɕyreʋɕø,ɕul.ɕy.reʋ.ɕø,4,FFFR,93,TRUE
ҫулҫӳрен,ɕulɕyren,ɕul.ɕy.ren,3,FFF,31,TRUE
ҫулталӑк,ɕultalɵk,ɕul.ta.lɵk,3,FFR,4711,TRUE
ҫулталӑкӗпе,ɕultalɵkøpe,ɕul.ta.lɵ.kø.pe,5,FFRRF,104,TRUE
ҫулталӑклӑх,ɕultalɵklɵx,ɕul.ta.lɵk.lɵx,4,FFRR,36,TRUE
ҫулталӑклӑха,ɕultalɵklɵxa,ɕul.ta.lɵk.lɵ.xa,5,FFRRF,57,TRUE
ҫултар,ɕultar,ɕul.tar,2,FF,1,TRUE
ҫулу,ɕulu,ɕu.lu,2,FF,210,TRUE
ҫум,ɕum,ɕum,1,F,927,TRUE
ҫумаҫумӑн,ɕumaɕumɵn,ɕu.ma.ɕu.mɵn,4,FFFR,2,TRUE
ҫумӑн,ɕumɵn,ɕu.mɵn,2,FR,318,TRUE
ҫумӑр,ɕumɵr,ɕu.mɵr,2,FR,4990,TRUE
ҫумӑрла,ɕumɵrla,ɕu.mɵr.la,3,FRF,4,TRUE
ҫумӑрлан,ɕumɵrlan,ɕu.mɵr.lan,3,FRF,1,TRUE
ҫумӑрлӑ,ɕumɵrlɵ,ɕu.mɵr.lɵ,3,FRR,357,TRUE
ҫумӑрсӑрлӑх,ɕumɵrsɵrlɵx,ɕu.mɵr.sɵr.lɵx,4,FRRR,,FALSE
ҫумка,ɕumka,ɕum.ka,2,FF,,FALSE
ҫумкурӑк,ɕumkurɵk,ɕum.ku.rɵk,3,FFR,81,TRUE
ҫумла,ɕumla,ɕum.la,2,FF,10,TRUE
ҫумлан,ɕumlan,ɕum.lan,2,FF,,FALSE
ҫумлаттар,ɕumlattar,ɕum.lat.tar,3,FFF,,FALSE
ҫумлӑ,ɕumlɵ,ɕum.lɵ,2,FR,32,TRUE
ҫумлӑн,ɕumlɵn,ɕum.lɵn,2,FR,29,TRUE
ҫумне,ɕumne,ɕum.ne,2,FF,6940,TRUE
ҫун,ɕun,ɕun,1,F,131,TRUE
ҫуна,ɕuna,ɕu.na,2,FF,1329,TRUE
ҫунат,ɕunat,ɕu.nat,2,FF,1434,TRUE
ҫунатла,ɕunatla,ɕu.nat.la,3,FFF,4,TRUE
ҫунатлан,ɕunatlan,ɕu.nat.lan,3,FFF,12,TRUE
ҫунатлантар,ɕunatlantar,ɕu.nat.lan.tar,4,FFFF,1,TRUE
ҫунатлӑ,ɕunatlɵ,ɕu.nat.lɵ,3,FFR,981,TRUE
ҫунатлӑн,ɕunatlɵn,ɕu.nat.lɵn,3,FFR,16,TRUE
ҫунатсӑр,ɕunatsɵr,ɕu.na.tsɵr,3,FFR,101,TRUE
ҫунашка,ɕunaʃka,ɕu.naʃ.ka,3,FFF,137,TRUE
ҫунӑк,ɕunɵk,ɕu.nɵk,2,FR,81,TRUE
ҫунӑх,ɕunɵx,ɕu.nɵx,2,FR,2,TRUE
ҫункав,ɕunkaʋ,ɕun.kaʋ,2,FF,21,TRUE
ҫункӑҫ,ɕunkɵɕ,ɕun.kɵɕ,2,FR,6,TRUE
ҫунтар,ɕuntar,ɕun.tar,2,FF,92,TRUE
ҫунтармӑш,ɕuntarmɵʃ,ɕun.tar.mɵʃ,3,FFR,61,TRUE
ҫунтарттар,ɕuntarttar,ɕun.tart.tar,3,FFF,,FALSE
ҫунчӑк,ɕuntɕɵk,ɕun.tɕɵk,2,FR,,FALSE
ҫуп,ɕup,ɕup,1,F,81,TRUE
ҫупах,ɕupax,ɕu.pax,2,FF,43,TRUE
ҫупахай,ɕupaxaj,ɕu.pa.xaj,3,FFF,1,TRUE
ҫупӑ,ɕupɵ,ɕu.pɵ,2,FR,3,TRUE
ҫупӑрла,ɕupɵrla,ɕu.pɵr.la,3,FRF,18,TRUE
ҫупӑрлан,ɕupɵrlan,ɕu.pɵr.lan,3,FRF,4,TRUE
ҫупкӑ,ɕupkɵ,ɕup.kɵ,2,FR,100,TRUE
ҫупкӑтапкӑ,ɕupkɵtapkɵ,ɕup.kɵ.tap.kɵ,4,FRFR,,FALSE
ҫупкӑла,ɕupkɵla,ɕup.kɵ.la,3,FRF,,FALSE
ҫупкӑм,ɕupkɵm,ɕup.kɵm,2,FR,45,TRUE
ҫупкӑмла,ɕupkɵmla,ɕup.kɵm.la,3,FRF,,FALSE
ҫупкӑмлан,ɕupkɵmlan,ɕup.kɵm.lan,3,FRF,,FALSE
ҫупкӑҫ,ɕupkɵɕ,ɕup.kɵɕ,2,FR,,FALSE
ҫупкӑҫла,ɕupkɵɕla,ɕup.kɵɕ.la,3,FRF,,FALSE
ҫуптар,ɕuptar,ɕup.tar,2,FF,,FALSE
ҫуптӑк,ɕuptɵk,ɕup.tɵk,2,FR,,FALSE
ҫур,ɕur,ɕur,1,F,8718,TRUE
ҫура,ɕura,ɕu.ra,2,FF,276,TRUE
ҫураки,ɕuraki,ɕu.ra.ki,3,FFF,284,TRUE
ҫурал,ɕural,ɕu.ral,2,FF,7,TRUE
ҫураллӑ,ɕurallɵ,ɕu.ral.lɵ,3,FFR,3,TRUE
ҫуралу,ɕuralu,ɕu.ra.lu,3,FFF,7,TRUE
ҫуран,ɕuran,ɕu.ran,2,FF,1532,TRUE
ҫураҫ,ɕuraɕ,ɕu.raɕ,2,FF,13,TRUE
ҫураҫма,ɕuraɕma,ɕu.raɕ.ma,3,FFF,200,TRUE
ҫураҫтар,ɕuraɕtar,ɕu.raɕ.tar,3,FFF,1,TRUE
ҫураҫу,ɕuraɕu,ɕu.ra.ɕu,3,FFF,68,TRUE
ҫураҫулӑх,ɕuraɕulɵx,ɕu.ra.ɕu.lɵx,4,FFFR,40,TRUE
ҫураҫуллӑ,ɕuraɕullɵ,ɕu.ra.ɕul.lɵ,4,FFFR,51,TRUE
ҫурат,ɕurat,ɕu.rat,2,FF,57,TRUE
ҫураттар,ɕurattar,ɕu.rat.tar,3,FFF,1,TRUE
ҫурату,ɕuratu,ɕu.ra.tu,3,FFF,16,TRUE
ҫурӑ,ɕurɵ,ɕu.rɵ,2,FR,1049,TRUE
ҫурӑк,ɕurɵk,ɕu.rɵk,2,FR,277,TRUE
ҫурӑл,ɕurɵl,ɕu.rɵl,2,FR,16,TRUE
ҫурӑм,ɕurɵm,ɕu.rɵm,2,FR,1503,TRUE
ҫуркалан,ɕurkalan,ɕur.ka.lan,3,FFF,1,TRUE
ҫуркалантар,ɕurkalantar,ɕur.ka.lan.tar,4,FFFF,,FALSE
ҫуркаланчӑк,ɕurkalantɕɵk,ɕur.ka.lan.tɕɵk,4,FFFR,10,TRUE
ҫуркунне,ɕurkunne,ɕur.kun.ne,3,FFF,3836,TRUE
ҫуркуннехи,ɕurkunnexi,ɕur.kun.ne.xi,4,FFFF,417,TRUE
ҫуркуннехилле,ɕurkunnexille,ɕur.kun.ne.xil.le,5,FFFFF,,FALSE
ҫурла,ɕurla,ɕur.la,2,FF,2563,TRUE
ҫурлаҫава,ɕurlaɕaʋa,ɕur.la.ɕa.ʋa,4,FFFF,,FALSE
ҫурлӑкӗрлӗ,ɕurlɵkørlø,ɕur.lɵ.kør.lø,4,FRRR,,FALSE
ҫурлӑхлӑ,ɕurlɵxlɵ,ɕur.lɵx.lɵ,3,FRR,,FALSE
ҫурма,ɕurma,ɕur.ma,2,FF,1481,TRUE
ҫурмаккай,ɕurmakkaj,ɕur.mak.kaj,3,FFF,9,TRUE
ҫурмаккайлан,ɕurmakkajlan,ɕur.mak.kaj.lan,4,FFFF,,FALSE
ҫурмаккайлӑх,ɕurmakkajlɵx,ɕur.mak.kaj.lɵx,4,FFFR,2,TRUE
ҫурмалла,ɕurmalla,ɕur.mal.la,3,FFF,485,TRUE
ҫурмаран,ɕurmaran,ɕur.ma.ran,3,FFF,177,TRUE
ҫурмаутрав,ɕurmautraʋ,ɕur.ma.ut.raʋ,4,FFFF,5,TRUE
ҫурпилӗк,ɕurpiløk,ɕur.pi.løk,3,FFR,38,TRUE
ҫурҫӗр,ɕurɕør,ɕur.ɕør,2,FR,3954,TRUE
ҫурҫӗрхӗвеланӑҫ,ɕurɕørxøʋelanɵɕ,ɕur.ɕør.xø.ʋe.la.nɵɕ,6,FRRFFR,4,TRUE
ҫурҫӗрхӗвелтухӑҫ,ɕurɕørxøʋeltuxɵɕ,ɕur.ɕør.xø.ʋel.tu.xɵɕ,6,FRRFFR,2,TRUE
ҫурҫӗрти,ɕurɕørti,ɕur.ɕør.ti,3,FRF,162,TRUE
ҫурт,ɕurt,ɕurt,1,F,12920,TRUE
ҫуртйӗр,ɕurtjør,ɕurt.jør,2,FR,20,TRUE
ҫуртхӑмӑр,ɕurtxɵmɵr,ɕurt.xɵ.mɵr,3,FRR,,FALSE
ҫурта,ɕurta,ɕur.ta,2,FF,4143,TRUE
ҫуртар,ɕurtar,ɕur.tar,2,FF,2,TRUE
ҫуртлӑйӗрлӗ,ɕurtlɵjørlø,ɕurt.lɵ.jør.lø,4,FRRR,,FALSE
ҫуртри,ɕurtri,ɕurt.ri,2,FF,500,TRUE
ҫуртсӑр,ɕurtsɵr,ɕur.tsɵr,2,FR,244,TRUE
ҫуртсӑрйӗрсӗр,ɕurtsɵrjørsør,ɕur.tsɵr.jør.sør,4,FRRR,,FALSE
ҫуруҫӑ,ɕuruɕɵ,ɕu.ru.ɕɵ,3,FFR,,FALSE
ҫурутрав,ɕurutraʋ,ɕu.rut.raʋ,3,FFF,56,TRUE
ҫурхат,ɕurxat,ɕur.xat,2,FF,8,TRUE
ҫурхах,ɕurxax,ɕur.xax,2,FF,25,TRUE
ҫурхахлан,ɕurxaxlan,ɕur.xax.lan,3,FFF,,FALSE
ҫурхахлӑ,ɕurxaxlɵ,ɕur.xax.lɵ,3,FFR,1,TRUE
ҫурхи,ɕurxi,ɕur.xi,2,FF,3355,TRUE
ҫурчӑмӑр,ɕurtɕɵmɵr,ɕur.tɕɵ.mɵr,3,FRR,1,TRUE
ҫуршар,ɕurʃar,ɕur.ʃar,2,FF,180,TRUE
ҫуршарӑн,ɕurʃarɵn,ɕur.ʃa.rɵn,3,FFR,,FALSE
ҫурштав,ɕurʃtaʋ,ɕurʃ.taʋ,2,FF,,FALSE
ҫусӑр,ɕusɵr,ɕu.sɵr,2,FR,39,TRUE
ҫусӑрлан,ɕusɵrlan,ɕu.sɵr.lan,3,FRF,,FALSE
ҫусӑрлантар,ɕusɵrlantar,ɕu.sɵr.lan.tar,4,FRFF,,FALSE
ҫусӑрлану,ɕusɵrlanu,ɕu.sɵr.la.nu,4,FRFF,,FALSE
ҫут,ɕut,ɕut,1,F,9582,TRUE
ҫутал,ɕutal,ɕu.tal,2,FF,14,TRUE
ҫуталтар,ɕutaltar,ɕu.tal.tar,3,FFF,,FALSE
ҫутам,ɕutam,ɕu.tam,2,FF,17,TRUE
ҫутанкка,ɕutankka,ɕu.tank.ka,3,FFF,3,TRUE
ҫутар,ɕutar,ɕu.tar,2,FF,12,TRUE
ҫутат,ɕutat,ɕu.tat,2,FF,38,TRUE
ҫутаттар,ɕutattar,ɕu.tat.tar,3,FFF,,FALSE
ҫутӑ,ɕutɵ,ɕu.tɵ,2,FR,9061,TRUE
ҫутӑл,ɕutɵl,ɕu.tɵl,2,FR,12,TRUE
ҫутӑлӑх,ɕutɵlɵx,ɕu.tɵ.lɵx,3,FRR,15,TRUE
ҫутӑлла,ɕutɵlla,ɕu.tɵl.la,3,FRF,30,TRUE
ҫутӑлтар,ɕutɵltar,ɕu.tɵl.tar,3,FRF,6,TRUE
ҫутӗҫ,ɕutøɕ,ɕu.tøɕ,2,FR,394,TRUE
ҫуткам,ɕutkam,ɕut.kam,2,FF,21,TRUE
ҫуткӑҫ,ɕutkɵɕ,ɕut.kɵɕ,2,FR,12,TRUE
ҫутлӑх,ɕutlɵx,ɕut.lɵx,2,FR,52,TRUE
ҫутҫанталӑк,ɕutɕantalɵk,ɕu.tɕan.ta.lɵk,4,FFFR,1710,TRUE
ҫуттар,ɕuttar,ɕut.tar,2,FF,,FALSE
ҫуттӑн,ɕuttɵn,ɕut.tɵn,2,FR,134,TRUE
ҫутти,ɕutti,ɕut.ti,2,FF,170,TRUE
ҫуха,ɕuxa,ɕu.xa,2,FF,67,TRUE
ҫухава,ɕuxaʋa,ɕu.xa.ʋa,3,FFF,9,TRUE
ҫухал,ɕuxal,ɕu.xal,2,FF,91,TRUE
ҫухалат,ɕuxalat,ɕu.xa.lat,3,FFF,,FALSE
ҫухалӑх,ɕuxalɵx,ɕu.xa.lɵx,3,FFR,,FALSE
ҫухат,ɕuxat,ɕu.xat,2,FF,98,TRUE
ҫухату,ɕuxatu,ɕu.xa.tu,3,FFF,404,TRUE
ҫухӑн,ɕuxɵn,ɕu.xɵn,2,FR,,FALSE
ҫухӑнчӑк,ɕuxɵntɕɵk,ɕu.xɵn.tɕɵk,3,FRR,3,TRUE
ҫухӑр,ɕuxɵr,ɕu.xɵr,2,FR,30,TRUE
ҫухӑраш,ɕuxɵraʃ,ɕu.xɵ.raʃ,3,FRF,5,TRUE
ҫухӑрашка,ɕuxɵraʃka,ɕu.xɵ.raʃ.ka,4,FRFF,,FALSE
ҫухӑрашу,ɕuxɵraʃu,ɕu.xɵ.ra.ʃu,4,FRFF,12,TRUE
ҫухӑрашуллӑ,ɕuxɵraʃullɵ,ɕu.xɵ.ra.ʃul.lɵ,5,FRFFR,,FALSE
ҫухӑрт,ɕuxɵrt,ɕu.xɵrt,2,FR,,FALSE
ҫухӑрттар,ɕuxɵrttar,ɕu.xɵrt.tar,3,FRF,,FALSE
ҫухрӑм,ɕuxrɵm,ɕux.rɵm,2,FR,2278,TRUE
ҫухрӑмла,ɕuxrɵmla,ɕux.rɵm.la,3,FRF,,FALSE
ҫӳл,ɕyl,ɕyl,1,F,718,TRUE
ҫӳле,ɕyle,ɕy.le,2,FF,1352,TRUE
ҫӳлевӗҫ,ɕyleʋøɕ,ɕy.le.ʋøɕ,3,FFR,86,TRUE
ҫӳлелле,ɕylelle,ɕy.lel.le,3,FFF,1936,TRUE
ҫӳлерехрен,ɕylerexren,ɕy.le.rex.ren,4,FFFF,4,TRUE
ҫӳлӗ,ɕylø,ɕy.lø,2,FR,186,TRUE
ҫӳлӗк,ɕyløk,ɕy.løk,2,FR,178,TRUE
ҫӳлӗлен,ɕylølen,ɕy.lø.len,3,FRF,,FALSE
ҫӳлӗлет,ɕylølet,ɕy.lø.let,3,FRF,,FALSE
ҫӳлӗш,ɕyløʃ,ɕy.løʃ,2,FR,16,TRUE
ҫӳлте,ɕylte,ɕyl.te,2,FF,1027,TRUE
ҫӳлтен,ɕylten,ɕyl.ten,2,FF,1107,TRUE
ҫӳлти,ɕylti,ɕyl.ti,2,FF,1996,TRUE
ҫӳмен,ɕymen,ɕy.men,2,FF,,FALSE
ҫӳп,ɕyp,ɕyp,1,F,2391,TRUE
ҫӳпҫап,ɕypɕap,ɕyp.ɕap,2,FF,12,TRUE
ҫӳпҫапла,ɕypɕapla,ɕyp.ɕap.la,3,FFF,,FALSE
ҫӳпҫаплан,ɕypɕaplan,ɕyp.ɕap.lan,3,FFF,,FALSE
ҫӳпҫаплӑ,ɕypɕaplɵ,ɕyp.ɕap.lɵ,3,FFR,,FALSE
ҫӳпҫӳхе,ɕypɕyxe,ɕyp.ɕy.xe,3,FFF,,FALSE
ҫӳпӗ,ɕypø,ɕy.pø,2,FR,91,TRUE
ҫӳпӗле,ɕypøle,ɕy.pø.le,3,FRF,1,TRUE
ҫӳпӗлен,ɕypølen,ɕy.pø.len,3,FRF,,FALSE
ҫӳпӗлентер,ɕypølenter,ɕy.pø.len.ter,4,FRFF,,FALSE
ҫӳпӗллӗ,ɕypøllø,ɕy.pøl.lø,3,FRR,3,TRUE
ҫӳпле,ɕyple,ɕyp.le,2,FF,,FALSE
ҫӳплӗ,ɕyplø,ɕyp.lø,2,FR,9,TRUE
ҫӳпҫе,ɕypɕe,ɕyp.ɕe,2,FF,110,TRUE
ҫӳпҫеҫарма,ɕypɕeɕarma,ɕyp.ɕe.ɕar.ma,4,FFFF,,FALSE
ҫӳре,ɕyre,ɕy.re,2,FF,964,TRUE
ҫӳрев,ɕyreʋ,ɕy.reʋ,2,FF,378,TRUE
ҫӳревҫӗ,ɕyreʋɕø,ɕy.reʋ.ɕø,3,FFR,85,TRUE
ҫӳрен,ɕyren,ɕy.ren,2,FF,792,TRUE
ҫӳрет,ɕyret,ɕy.ret,2,FF,6145,TRUE
ҫӳреттер,ɕyretter,ɕy.ret.ter,3,FFF,1,TRUE
ҫӳрме,ɕyrme,ɕyr.me,2,FF,15,TRUE
ҫӳҫ,ɕyɕ,ɕyɕ,1,F,1426,TRUE
ҫӳҫпуҫ,ɕyɕpuɕ,ɕyɕ.puɕ,2,FF,21,TRUE
ҫӳҫсухал,ɕyɕsuxal,ɕyɕ.su.xal,3,FFF,,FALSE
ҫӳҫе,ɕyɕe,ɕy.ɕe,2,FF,628,TRUE
ҫӳҫехӑва,ɕyɕexɵʋa,ɕy.ɕe.xɵ.ʋa,4,FFRF,,FALSE
ҫӳҫелӗх,ɕyɕeløx,ɕy.ɕe.løx,3,FFR,10,TRUE
ҫӳҫеллӗ,ɕyɕellø,ɕy.ɕel.lø,3,FFR,73,TRUE
ҫӳҫен,ɕyɕen,ɕy.ɕen,2,FF,11,TRUE
ҫӳҫенкӗ,ɕyɕenkø,ɕy.ɕen.kø,3,FFR,,FALSE
ҫӳҫентер,ɕyɕenter,ɕy.ɕen.ter,3,FFF,1,TRUE
ҫӳҫентерӳллӗ,ɕyɕenteryllø,ɕy.ɕen.te.ryl.lø,5,FFFFR,2,TRUE
ҫӳҫенӳ,ɕyɕeny,ɕy.ɕe.ny,3,FFF,3,TRUE
ҫӳҫенӳллӗ,ɕyɕenyllø,ɕy.ɕe.nyl.lø,4,FFFR,1,TRUE
ҫӳҫенӳллӗн,ɕyɕenylløn,ɕy.ɕe.nyl.løn,4,FFFR,4,TRUE
ҫӳҫенчӗк,ɕyɕentɕøk,ɕy.ɕen.tɕøk,3,FFR,36,TRUE
ҫӳҫенчӗклӗн,ɕyɕentɕøkløn,ɕy.ɕen.tɕøk.løn,4,FFRR,2,TRUE
ҫӳҫӗм,ɕyɕøm,ɕy.ɕøm,2,FR,81,TRUE
ҫӳҫке,ɕyɕke,ɕyɕ.ke,2,FF,4,TRUE
ҫӳҫлемес,ɕyɕlemes,ɕyɕ.le.mes,3,FFF,5,TRUE
ҫӳҫлеш,ɕyɕleʃ,ɕyɕ.leʃ,2,FF,,FALSE
ҫӳҫлӗ,ɕyɕlø,ɕyɕ.lø,2,FR,1316,TRUE
ҫӳҫсӗр,ɕyɕsør,ɕyɕ.sør,2,FR,13,TRUE
ҫӳхе,ɕyxe,ɕy.xe,2,FF,1016,TRUE
ҫӳхел,ɕyxel,ɕy.xel,2,FF,1,TRUE
ҫӳхелен,ɕyxelen,ɕy.xe.len,3,FFF,,FALSE
ҫӳхелет,ɕyxelet,ɕy.xe.let,3,FFF,16,TRUE
ҫӳхен,ɕyxen,ɕy.xen,2,FF,81,TRUE
ҫӳхет,ɕyxet,ɕy.xet,2,FF,1,TRUE
ҫӳхеттер,ɕyxetter,ɕy.xet.ter,3,FFF,,FALSE
ҫӳхешке,ɕyxeʃke,ɕy.xeʃ.ke,3,FFF,1,TRUE
ҫӳхӳ,ɕyxy,ɕy.xy,2,FF,16,TRUE
ҫывӑр,ɕʉʋɵr,ɕʉ.ʋɵr,2,FR,526,TRUE
ҫывӑра,ɕʉʋɵra,ɕʉ.ʋɵ.ra,3,FRF,18,TRUE
ҫывӑрат,ɕʉʋɵrat,ɕʉ.ʋɵ.rat,3,FRF,1,TRUE
ҫывӑх,ɕʉʋɵx,ɕʉ.ʋɵx,2,FR,9442,TRUE
ҫывӑхлан,ɕʉʋɵxlan,ɕʉ.ʋɵx.lan,3,FRF,6,TRUE
ҫывӑхлантар,ɕʉʋɵxlantar,ɕʉ.ʋɵx.lan.tar,4,FRFF,,FALSE
ҫывӑхлану,ɕʉʋɵxlanu,ɕʉ.ʋɵx.la.nu,4,FRFF,2,TRUE
ҫывӑхлат,ɕʉʋɵxlat,ɕʉ.ʋɵx.lat,3,FRF,2,TRUE
ҫывӑхра,ɕʉʋɵxra,ɕʉ.ʋɵx.ra,3,FRF,651,TRUE
ҫывӑхран,ɕʉʋɵxran,ɕʉ.ʋɵx.ran,3,FRF,191,TRUE
ҫывӑхри,ɕʉʋɵxri,ɕʉ.ʋɵx.ri,3,FRF,1210,TRUE
ҫывӑххӑн,ɕʉʋɵxxɵn,ɕʉ.ʋɵx.xɵn,3,FRR,43,TRUE
ҫыврат,ɕʉʋrat,ɕʉʋ.rat,2,FF,6,TRUE
ҫывхар,ɕʉʋxar,ɕʉʋ.xar,2,FF,29,TRUE
ҫывхарт,ɕʉʋxart,ɕʉʋ.xart,2,FF,1,TRUE
ҫылӑх,ɕʉlɵx,ɕʉ.lɵx,2,FR,763,TRUE
ҫылӑхлан,ɕʉlɵxlan,ɕʉ.lɵx.lan,3,FRF,,FALSE
ҫылӑхлӑ,ɕʉlɵxlɵ,ɕʉ.lɵx.lɵ,3,FRR,375,TRUE
ҫылӑхсӑр,ɕʉlɵxsɵr,ɕʉ.lɵx.sɵr,3,FRR,144,TRUE
ҫын,ɕʉn,ɕʉn,1,F,57959,TRUE
ҫынкун,ɕʉnkun,ɕʉn.kun,2,FF,,FALSE
ҫынсехет,ɕʉnsexet,ɕʉn.se.xet,3,FFF,,FALSE
ҫынвӗлерен,ɕʉnʋøleren,ɕʉn.ʋø.le.ren,4,FRFF,7,TRUE
ҫынла,ɕʉnla,ɕʉn.la,2,FF,116,TRUE
ҫынлӑх,ɕʉnlɵx,ɕʉn.lɵx,2,FR,173,TRUE
ҫынсӑр,ɕʉnsɵr,ɕʉn.sɵr,2,FR,80,TRUE
ҫынсӑрлан,ɕʉnsɵrlan,ɕʉn.sɵr.lan,3,FRF,,FALSE
ҫынсӑрлӑх,ɕʉnsɵrlɵx,ɕʉn.sɵr.lɵx,3,FRR,2,TRUE
ҫынҫиен,ɕʉnɕien,ɕʉn.ɕi.en,3,FFF,18,TRUE
ҫынҫиенле,ɕʉnɕienle,ɕʉn.ɕi.en.le,4,FFFF,2,TRUE
ҫынҫиенлӗх,ɕʉnɕienløx,ɕʉn.ɕi.en.løx,4,FFFR,,FALSE
ҫыпӑҫ,ɕʉpɵɕ,ɕʉ.pɵɕ,2,FR,26,TRUE
ҫыпӑҫтар,ɕʉpɵɕtar,ɕʉ.pɵɕ.tar,3,FRF,14,TRUE
ҫыпӑҫу,ɕʉpɵɕu,ɕʉ.pɵ.ɕu,3,FRF,4,TRUE
ҫыпӑҫулӑх,ɕʉpɵɕulɵx,ɕʉ.pɵ.ɕu.lɵx,4,FRFR,1,TRUE
ҫыпӑҫуллӑ,ɕʉpɵɕullɵ,ɕʉ.pɵ.ɕul.lɵ,4,FRFR,180,TRUE
ҫыпӑҫусӑр,ɕʉpɵɕusɵr,ɕʉ.pɵ.ɕu.sɵr,4,FRFR,7,TRUE
ҫыпӑҫусӑрлӑх,ɕʉpɵɕusɵrlɵx,ɕʉ.pɵ.ɕu.sɵr.lɵx,5,FRFRR,,FALSE
ҫыпҫанкӑ,ɕʉpɕankɵ,ɕʉp.ɕan.kɵ,3,FFR,3,TRUE
ҫыпҫӑн,ɕʉpɕɵn,ɕʉp.ɕɵn,2,FR,27,TRUE
ҫыпҫӑнтар,ɕʉpɕɵntar,ɕʉp.ɕɵn.tar,3,FRF,,FALSE
ҫыпҫӑнчӑк,ɕʉpɕɵntɕɵk,ɕʉp.ɕɵn.tɕɵk,3,FRR,10,TRUE
ҫыр,ɕʉr,ɕʉr,1,F,807,TRUE
ҫыра,ɕʉra,ɕʉ.ra,2,FF,250,TRUE
ҫыравҫӑ,ɕʉraʋɕɵ,ɕʉ.raʋ.ɕɵ,3,FFR,2143,TRUE
ҫыран,ɕʉran,ɕʉ.ran,2,FF,1906,TRUE
ҫыранлан,ɕʉranlan,ɕʉ.ran.lan,3,FFF,,FALSE
ҫыранлӑх,ɕʉranlɵx,ɕʉ.ran.lɵx,3,FFR,7,TRUE
ҫырансӑр,ɕʉransɵr,ɕʉ.ran.sɵr,3,FFR,18,TRUE
ҫырӑ,ɕʉrɵ,ɕʉ.rɵ,2,FR,243,TRUE
ҫырӑн,ɕʉrɵn,ɕʉ.rɵn,2,FR,48,TRUE
ҫырӑнтар,ɕʉrɵntar,ɕʉ.rɵn.tar,3,FRF,4,TRUE
ҫырӑну,ɕʉrɵnu,ɕʉ.rɵ.nu,3,FRF,14,TRUE
ҫыркаланчӑк,ɕʉrkalantɕɵk,ɕʉr.ka.lan.tɕɵk,4,FFFR,,FALSE
ҫырла,ɕʉrla,ɕʉr.la,2,FF,2226,TRUE
ҫырлалӑх,ɕʉrlalɵx,ɕʉr.la.lɵx,3,FFR,16,TRUE
ҫырлах,ɕʉrlax,ɕʉr.lax,2,FF,327,TRUE
ҫырлахтар,ɕʉrlaxtar,ɕʉr.lax.tar,3,FFF,9,TRUE
ҫырлаху,ɕʉrlaxu,ɕʉr.la.xu,3,FFF,4,TRUE
ҫырма,ɕʉrma,ɕʉr.ma,2,FF,7620,TRUE
ҫырмаҫатра,ɕʉrmaɕatra,ɕʉr.ma.ɕat.ra,4,FFFF,3,TRUE
ҫырмаҫатраллӑ,ɕʉrmaɕatrallɵ,ɕʉr.ma.ɕat.ral.lɵ,5,FFFFR,3,TRUE
ҫырмалӑх,ɕʉrmalɵx,ɕʉr.ma.lɵx,3,FFR,22,TRUE
ҫырмаллӑ,ɕʉrmallɵ,ɕʉr.mal.lɵ,3,FFR,46,TRUE
ҫырт,ɕʉrt,ɕʉrt,1,F,74,TRUE
ҫыртар,ɕʉrtar,ɕʉr.tar,2,FF,14,TRUE
ҫыртӑк,ɕʉrtɵk,ɕʉr.tɵk,2,FR,12,TRUE
ҫыртӑкла,ɕʉrtɵkla,ɕʉr.tɵk.la,3,FRF,,FALSE
ҫыртӑм,ɕʉrtɵm,ɕʉr.tɵm,2,FR,536,TRUE
ҫырткала,ɕʉrtkala,ɕʉrt.ka.la,3,FFF,21,TRUE
ҫырткалаш,ɕʉrtkalaʃ,ɕʉrt.ka.laʃ,3,FFF,,FALSE
ҫыртма,ɕʉrtma,ɕʉrt.ma,2,FF,240,TRUE
ҫыртмалли,ɕʉrtmalli,ɕʉrt.mal.li,3,FFF,38,TRUE
ҫырттар,ɕʉrttar,ɕʉrt.tar,2,FF,3,TRUE
ҫыру,ɕʉru,ɕʉ.ru,2,FF,6620,TRUE
ҫырулӑх,ɕʉrulɵx,ɕʉ.ru.lɵx,3,FFR,259,TRUE
ҫырулӑхлӑ,ɕʉrulɵxlɵ,ɕʉ.ru.lɵx.lɵ,4,FFRR,13,TRUE
ҫырулӑхсӑр,ɕʉrulɵxsɵr,ɕʉ.ru.lɵx.sɵr,4,FFRR,7,TRUE
ҫыруллӑ,ɕʉrullɵ,ɕʉ.rul.lɵ,3,FFR,112,TRUE
ҫыруҫӑ,ɕʉruɕɵ,ɕʉ.ru.ɕɵ,3,FFR,69,TRUE
ҫытак,ɕʉtak,ɕʉ.tak,2,FF,,FALSE
ҫытар,ɕʉtar,ɕʉ.tar,2,FF,49,TRUE
ҫытма,ɕʉtma,ɕʉt.ma,2,FF,20,TRUE
ҫых,ɕʉx,ɕʉx,1,F,90,TRUE
ҫыхӑ,ɕʉxɵ,ɕʉ.xɵ,2,FR,217,TRUE
ҫыхӑн,ɕʉxɵn,ɕʉ.xɵn,2,FR,19,TRUE
ҫыхӑнӑвӗ,ɕʉxɵnɵʋø,ɕʉ.xɵ.nɵ.ʋø,4,FRRR,208,TRUE
ҫыхӑнтар,ɕʉxɵntar,ɕʉ.xɵn.tar,3,FRF,8,TRUE
ҫыхӑну,ɕʉxɵnu,ɕʉ.xɵ.nu,3,FRF,2754,TRUE
ҫыхӑнулӑх,ɕʉxɵnulɵx,ɕʉ.xɵ.nu.lɵx,4,FRFR,2,TRUE
ҫыхӑнуллӑ,ɕʉxɵnullɵ,ɕʉ.xɵ.nul.lɵ,4,FRFR,109,TRUE
ҫыхӑнусӑр,ɕʉxɵnusɵr,ɕʉ.xɵ.nu.sɵr,4,FRFR,27,TRUE
ҫыхӑнусӑрлӑх,ɕʉxɵnusɵrlɵx,ɕʉ.xɵ.nu.sɵr.lɵx,5,FRFRR,1,TRUE
ҫыхӑнуҫӑ,ɕʉxɵnuɕɵ,ɕʉ.xɵ.nu.ɕɵ,4,FRFR,6,TRUE
ҫыхлан,ɕʉxlan,ɕʉx.lan,2,FF,84,TRUE
ҫыхлантар,ɕʉxlantar,ɕʉx.lan.tar,3,FFF,2,TRUE
ҫыхланчӑк,ɕʉxlantɕɵk,ɕʉx.lan.tɕɵk,3,FFR,5,TRUE
ҫыхлаш,ɕʉxlaʃ,ɕʉx.laʃ,2,FF,,FALSE
ҫыхтар,ɕʉxtar,ɕʉx.tar,2,FF,3,TRUE
та,ta,ta,1,F,306454,TRUE
тав,taʋ,taʋ,1,F,8452,TRUE
тавшав,taʋʃaʋ,taʋ.ʃaʋ,2,FF,,FALSE
тавшавлӑ,taʋʃaʋlɵ,taʋ.ʃaʋ.lɵ,3,FFR,,FALSE
тавай,taʋaj,ta.ʋaj,2,FF,328,TRUE
тавар,taʋar,ta.ʋar,2,FF,1550,TRUE
таварлан,taʋarlan,ta.ʋar.lan,3,FFF,,FALSE
таварлӑ,taʋarlɵ,ta.ʋar.lɵ,3,FFR,3,TRUE
таварлӑх,taʋarlɵx,ta.ʋar.lɵx,3,FFR,1,TRUE
тавӑр,taʋɵr,ta.ʋɵr,2,FR,39,TRUE
тавӑрӑн,taʋɵrɵn,ta.ʋɵ.rɵn,3,FRR,11,TRUE
тавӑрӑнӑҫ,taʋɵrɵnɵɕ,ta.ʋɵ.rɵ.nɵɕ,4,FRRR,,FALSE
тавӑрӑнӑҫла,taʋɵrɵnɵɕla,ta.ʋɵ.rɵ.nɵɕ.la,5,FRRRF,1,TRUE
тавӑрӑнчӑк,taʋɵrɵntɕɵk,ta.ʋɵ.rɵn.tɕɵk,4,FRRR,,FALSE
тавӑрма,taʋɵrma,ta.ʋɵr.ma,3,FRF,683,TRUE
тавӑрми,taʋɵrmi,ta.ʋɵr.mi,3,FRF,4,TRUE
тавӑрна,taʋɵrna,ta.ʋɵr.na,3,FRF,4,TRUE
тавӑрттар,taʋɵrttar,ta.ʋɵrt.tar,3,FRF,,FALSE
тавӑру,taʋɵru,ta.ʋɵ.ru,3,FRF,148,TRUE
тавӑҫ,taʋɵɕ,ta.ʋɵɕ,2,FR,97,TRUE
таверна,taʋerna,ta.ʋer.na,3,FFF,9,TRUE
тавлаш,taʋlaʃ,taʋ.laʃ,2,FF,42,TRUE
тавлаштар,taʋlaʃtar,taʋ.laʃ.tar,3,FFF,,FALSE
тавлашу,taʋlaʃu,taʋ.la.ʃu,3,FFF,400,TRUE
тавлашухаркашу,taʋlaʃuxarkaʃu,taʋ.la.ʃu.xar.ka.ʃu,6,FFFFFF,,FALSE
тавлашуятлаҫу,taʋlaʃujatlaɕu,taʋ.la.ʃu.jat.la.ɕu,6,FFFFFF,,FALSE
тавлашуллӑ,taʋlaʃullɵ,taʋ.la.ʃul.lɵ,4,FFFR,145,TRUE
тавлашусӑр,taʋlaʃusɵr,taʋ.la.ʃu.sɵr,4,FFFR,10,TRUE
тавлӑ,taʋlɵ,taʋ.lɵ,2,FR,19,TRUE
тавлӑшавлӑ,taʋlɵʃaʋlɵ,taʋ.lɵ.ʃaʋ.lɵ,4,FRFR,,FALSE
тавлӑн,taʋlɵn,taʋ.lɵn,2,FR,6,TRUE
тавра,taʋra,taʋ.ra,2,FF,7752,TRUE
тавракурӑм,taʋrakurɵm,taʋ.ra.ku.rɵm,4,FFFR,58,TRUE
тавралӑх,taʋralɵx,taʋ.ra.lɵx,3,FFR,1371,TRUE
тавралла,taʋralla,taʋ.ral.la,3,FFF,598,TRUE
тавран,taʋran,taʋ.ran,2,FF,35,TRUE
таврара,taʋrara,taʋ.ra.ra,3,FFF,1418,TRUE
таврари,taʋrari,taʋ.ra.ri,3,FFF,1350,TRUE
тавраш,taʋraʃ,taʋ.raʃ,2,FF,858,TRUE
тавраштевреш,taʋraʃteʋreʃ,taʋ.raʃ.teʋ.reʃ,4,FFFF,,FALSE
таврӑм,taʋrɵm,taʋ.rɵm,2,FR,,FALSE
таврӑн,taʋrɵn,taʋ.rɵn,2,FR,208,TRUE
таврӑнаҫла,taʋrɵnaɕla,taʋ.rɵ.naɕ.la,4,FRFF,,FALSE
таврӑнӑҫ,taʋrɵnɵɕ,taʋ.rɵ.nɵɕ,3,FRR,1,TRUE
таврӑнӑҫла,taʋrɵnɵɕla,taʋ.rɵ.nɵɕ.la,4,FRRF,3,TRUE
таврӑну,taʋrɵnu,taʋ.rɵ.nu,3,FRF,15,TRUE
тавсӑр,taʋsɵr,taʋ.sɵr,2,FR,10,TRUE
тавсъе,taʋse,taʋ.se,2,FF,17,TRUE
тавҫӑр,taʋɕɵr,taʋ.ɕɵr,2,FR,21,TRUE
тавҫӑрттар,taʋɕɵrttar,taʋ.ɕɵrt.tar,3,FRF,,FALSE
тавҫӑру,taʋɕɵru,taʋ.ɕɵ.ru,3,FRF,24,TRUE
тавҫӑрулӑх,taʋɕɵrulɵx,taʋ.ɕɵ.ru.lɵx,4,FRFR,40,TRUE
тавҫӑруллӑ,taʋɕɵrullɵ,taʋ.ɕɵ.rul.lɵ,4,FRFR,159,TRUE
тавҫӑрусӑр,taʋɕɵrusɵr,taʋ.ɕɵ.ru.sɵr,4,FRFR,3,TRUE
тавтапуҫ,taʋtapuɕ,taʋ.ta.puɕ,3,FFF,1632,TRUE
тай,taj,taj,1,F,88,TRUE
тайӑл,tajɵl,ta.jɵl,2,FR,22,TRUE
тайӑлтар,tajɵltar,ta.jɵl.tar,3,FRF,4,TRUE
тайӑлу,tajɵlu,ta.jɵ.lu,3,FRF,6,TRUE
тайӑлчӑк,tajɵltɕɵk,ta.jɵl.tɕɵk,3,FRR,2,TRUE
тайӑм,tajɵm,ta.jɵm,2,FR,22,TRUE
тайӑн,tajɵn,ta.jɵn,2,FR,38,TRUE
тайӑнтар,tajɵntar,ta.jɵn.tar,3,FRF,,FALSE
тайкалан,tajkalan,taj.ka.lan,3,FFF,,FALSE
тайкалантар,tajkalantar,taj.ka.lan.tar,4,FFFF,,FALSE
тайкаланчӑк,tajkalantɕɵk,taj.ka.lan.tɕɵk,4,FFFR,4,TRUE
тайлӑк,tajlɵk,taj.lɵk,2,FR,193,TRUE
тайлӑктӑйлӑк,tajlɵktɵjlɵk,taj.lɵk.tɵj.lɵk,4,FRRR,,FALSE
тайлӑклан,tajlɵklan,taj.lɵk.lan,3,FRF,,FALSE
тайлӑклат,tajlɵklat,taj.lɵk.lat,3,FRF,,FALSE
тайлӑклӑ,tajlɵklɵ,taj.lɵk.lɵ,3,FRR,1,TRUE
тайлӑм,tajlɵm,taj.lɵm,2,FR,20,TRUE
тайм,tajm,tajm,1,F,30,TRUE
таймаут,tajmaut,taj.ma.ut,3,FFF,,FALSE
тайма,tajma,taj.ma,2,FF,307,TRUE
так,tak,tak,1,F,558,TRUE
така,taka,ta.ka,2,FF,720,TRUE
такам,takam,ta.kam,2,FF,2995,TRUE
такан,takan,ta.kan,2,FF,177,TRUE
такана,takana,ta.ka.na,3,FFF,179,TRUE
таканай,takanaj,ta.ka.naj,3,FFF,14,TRUE
таканкка,takankka,ta.kank.ka,3,FFF,5,TRUE
таканла,takanla,ta.kan.la,3,FFF,1,TRUE
таканлаттар,takanlattar,ta.kan.lat.tar,4,FFFF,,FALSE
таканлӑ,takanlɵ,ta.kan.lɵ,3,FFR,63,TRUE
такар,takar,ta.kar,2,FF,4,TRUE
такатмӑр,takatmɵr,ta.kat.mɵr,3,FFR,,FALSE
таках,takax,ta.kax,2,FF,9,TRUE
такӑлтакӑл,takɵltakɵl,ta.kɵl.ta.kɵl,4,FRFR,,FALSE
такӑлт,takɵlt,ta.kɵlt,2,FR,,FALSE
такӑлтак,takɵltak,ta.kɵl.tak,3,FRF,,FALSE
такӑлтат,takɵltat,ta.kɵl.tat,3,FRF,1,TRUE
такӑлтаттар,takɵltattar,ta.kɵl.tat.tar,4,FRFF,,FALSE
такӑлтӑк,takɵltɵk,ta.kɵl.tɵk,3,FRR,,FALSE
такӑн,takɵn,ta.kɵn,2,FR,14,TRUE
такӑнкӑ,takɵnkɵ,ta.kɵn.kɵ,3,FRR,,FALSE
такӑнтар,takɵntar,ta.kɵn.tar,3,FRF,,FALSE
такӑнчӑк,takɵntɕɵk,ta.kɵn.tɕɵk,3,FRR,1,TRUE
такӑнчӑклӑ,takɵntɕɵklɵ,ta.kɵn.tɕɵk.lɵ,4,FRRR,,FALSE
такӑр,takɵr,ta.kɵr,2,FR,579,TRUE
такӑрр,takɵrr,ta.kɵrr,2,FR,,FALSE
такӑркан,takɵrkan,ta.kɵr.kan,3,FRF,,FALSE
такӑрла,takɵrla,ta.kɵr.la,3,FRF,,FALSE
такӑрлан,takɵrlan,ta.kɵr.lan,3,FRF,,FALSE
такӑрлантар,takɵrlantar,ta.kɵr.lan.tar,4,FRFF,,FALSE
такӑрлат,takɵrlat,ta.kɵr.lat,3,FRF,4,TRUE
такӑрлаттар,takɵrlattar,ta.kɵr.lat.tar,4,FRFF,,FALSE
такӑртат,takɵrtat,ta.kɵr.tat,3,FRF,,FALSE
такӑртаттар,takɵrtattar,ta.kɵr.tat.tar,4,FRFF,,FALSE
такка,takka,tak.ka,2,FF,69,TRUE
таккаттар,takkattar,tak.kat.tar,3,FFF,,FALSE
такки,takki,tak.ki,2,FF,50,TRUE
таккуй,takkuj,tak.kuj,2,FF,,FALSE
таккулӑх,takkulɵx,tak.ku.lɵx,3,FFR,,FALSE
таклат,taklat,tak.lat,2,FF,,FALSE
таклаттар,taklattar,tak.lat.tar,3,FFF,1,TRUE
такмак,takmak,tak.mak,2,FF,312,TRUE
такмакла,takmakla,tak.mak.la,3,FFF,32,TRUE
такмакҫӑ,takmakɕɵ,tak.mak.ɕɵ,3,FFR,8,TRUE
такрак,takrak,tak.rak,2,FF,,FALSE
такса,taksa,tak.sa,2,FF,7,TRUE
такси,taksi,tak.si,2,FF,284,TRUE
такт,takt,takt,1,F,8,TRUE
такта,takta,tak.ta,2,FF,5,TRUE
тактика,taktika,tak.ti.ka,3,FFF,59,TRUE
тактикӑлла,taktikɵlla,tak.ti.kɵl.la,4,FFRF,1,TRUE
тактлӑ,taktlɵ,takt.lɵ,2,FR,3,TRUE
такшак,takʃak,tak.ʃak,2,FF,,FALSE
тал,tal,tal,1,F,161,TRUE
талай,talaj,ta.laj,2,FF,39,TRUE
талак,talak,ta.lak,2,FF,3,TRUE
талакла,talakla,ta.lak.la,3,FFF,,FALSE
таламан,talaman,ta.la.man,3,FFF,,FALSE
талан,talan,ta.lan,2,FF,6,TRUE
таланлӑ,talanlɵ,ta.lan.lɵ,3,FFR,3,TRUE
талансӑр,talansɵr,ta.lan.sɵr,3,FFR,7,TRUE
талант,talant,ta.lant,2,FF,287,TRUE
талантлӑ,talantlɵ,ta.lant.lɵ,3,FFR,556,TRUE
талантлӑх,talantlɵx,ta.lant.lɵx,3,FFR,2,TRUE
талар,talar,ta.lar,2,FF,,FALSE
талӑк,talɵk,ta.lɵk,2,FR,827,TRUE
талӑклӑх,talɵklɵx,ta.lɵk.lɵx,3,FRR,10,TRUE
талӑкшарӑн,talɵkʃarɵn,ta.lɵk.ʃa.rɵn,4,FRFR,1,TRUE
талӑр,talɵr,ta.lɵr,2,FR,,FALSE
талер,taler,ta.ler,2,FF,7,TRUE
талисман,talisman,ta.lis.man,3,FFF,45,TRUE
талкаланчӑк,talkalantɕɵk,tal.ka.lan.tɕɵk,4,FFFR,,FALSE
талкӑш,talkɵʃ,tal.kɵʃ,2,FR,3,TRUE
талкӑштар,talkɵʃtar,tal.kɵʃ.tar,3,FRF,,FALSE
талккӑм,talkkɵm,talk.kɵm,2,FR,3,TRUE
талккӑнталккӑн,talkkɵntalkkɵn,talk.kɵn.talk.kɵn,4,FRFR,,FALSE
талккӑш,talkkɵʃ,talk.kɵʃ,2,FR,29,TRUE
талккӑшӗпе,talkkɵʃøpe,talk.kɵ.ʃø.pe,4,FRRF,20,TRUE
талккин,talkkin,talk.kin,2,FF,4,TRUE
таллӑ,tallɵ,tal.lɵ,2,FR,10,TRUE
талпам,talpam,tal.pam,2,FF,1,TRUE
талпар,talpar,tal.par,2,FF,,FALSE
талпас,talpas,tal.pas,2,FF,21,TRUE
талпаслан,talpaslan,tal.pas.lan,3,FFF,,FALSE
талпаслӑ,talpaslɵ,tal.pas.lɵ,3,FFR,,FALSE
талпӑн,talpɵn,tal.pɵn,2,FR,20,TRUE
талпӑнтар,talpɵntar,tal.pɵn.tar,3,FRF,,FALSE
талпӑну,talpɵnu,tal.pɵ.nu,3,FRF,28,TRUE
талпӑҫ,talpɵɕ,tal.pɵɕ,2,FR,,FALSE
талпиҫен,talpiɕen,tal.pi.ɕen,3,FFF,20,TRUE
талппан,talppan,talp.pan,2,FF,,FALSE
талт,talt,talt,1,F,96,TRUE
талтлат,taltlat,talt.lat,2,FF,,FALSE
талтлаттар,taltlattar,talt.lat.tar,3,FFF,,FALSE
талттиталтти,talttitaltti,talt.ti.talt.ti,4,FFFF,,FALSE
талттинталттин,talttintalttin,talt.tin.talt.tin,4,FFFF,,FALSE
талхӑр,talxɵr,tal.xɵr,2,FR,1,TRUE
талхӑру,talxɵru,tal.xɵ.ru,3,FRF,1,TRUE
тальк,talʲk,talʲk,1,F,6,TRUE
тальянккӑ,talʲjankkɵ,talʲ.jank.kɵ,3,FFR,,FALSE
тамак,tamak,ta.mak,2,FF,12,TRUE
тамал,tamal,ta.mal,2,FF,2,TRUE
тамалан,tamalan,ta.ma.lan,3,FFF,,FALSE
тамалантар,tamalantar,ta.ma.lan.tar,4,FFFF,,FALSE
тамалтар,tamaltar,ta.mal.tar,3,FFF,,FALSE
таман,taman,ta.man,2,FF,40,TRUE
таманлан,tamanlan,ta.man.lan,3,FFF,,FALSE
тамаша,tamaʃa,ta.ma.ʃa,3,FFF,458,TRUE
тамашаллӑ,tamaʃallɵ,ta.ma.ʃal.lɵ,4,FFFR,3,TRUE
тамӑк,tamɵk,ta.mɵk,2,FR,423,TRUE
тан,tan,tan,1,F,2538,TRUE
таната,tanata,ta.na.ta,3,FFF,47,TRUE
танк,tank,tank,1,F,1684,TRUE
танкӑлт,tankɵlt,tan.kɵlt,2,FR,,FALSE
танкӑлтат,tankɵltat,tan.kɵl.tat,3,FRF,,FALSE
танкӑлтаттар,tankɵltattar,tan.kɵl.tat.tar,4,FRFF,,FALSE
танкӑр,tankɵr,tan.kɵr,2,FR,109,TRUE
танкӑркка,tankɵrkka,tan.kɵrk.ka,3,FRF,,FALSE
танкӑртат,tankɵrtat,tan.kɵr.tat,3,FRF,,FALSE
танкӑртаттар,tankɵrtattar,tan.kɵr.tat.tar,4,FRFF,,FALSE
танкӑш,tankɵʃ,tan.kɵʃ,2,FR,7,TRUE
танкӑштар,tankɵʃtar,tan.kɵʃ.tar,3,FRF,,FALSE
танкер,tanker,tan.ker,2,FF,11,TRUE
танкетка,tanketka,tan.ket.ka,3,FFF,3,TRUE
танкка,tankka,tank.ka,2,FF,10,TRUE
танклаттар,tanklattar,tank.lat.tar,3,FFF,,FALSE
танла,tanla,tan.la,2,FF,7,TRUE
танлан,tanlan,tan.lan,2,FF,,FALSE
танлат,tanlat,tan.lat,2,FF,,FALSE
танлаттар,tanlattar,tan.lat.tar,3,FFF,,FALSE
танлаш,tanlaʃ,tan.laʃ,2,FF,8,TRUE
танлаштар,tanlaʃtar,tan.laʃ.tar,3,FFF,17,TRUE
танлаштару,tanlaʃtaru,tan.laʃ.ta.ru,4,FFFF,121,TRUE
танлаштарулӑх,tanlaʃtarulɵx,tan.laʃ.ta.ru.lɵx,5,FFFFR,3,TRUE
танлаштаруллӑ,tanlaʃtarullɵ,tan.laʃ.ta.rul.lɵ,5,FFFFR,108,TRUE
танлӑ,tanlɵ,tan.lɵ,2,FR,62,TRUE
танлӑн,tanlɵn,tan.lɵn,2,FR,109,TRUE
танлӑх,tanlɵx,tan.lɵx,2,FR,37,TRUE
танмарлӑх,tanmarlɵx,tan.mar.lɵx,3,FFR,36,TRUE
танн,tann,tann,1,F,2,TRUE
тансӑртӗнсӗр,tansɵrtønsør,tan.sɵr.tøn.sør,4,FRRR,,FALSE
тансӑрлӑх,tansɵrlɵx,tan.sɵr.lɵx,3,FRR,,FALSE
тантал,tantal,tan.tal,2,FF,11,TRUE
тантӑш,tantɵʃ,tan.tɵʃ,2,FR,1510,TRUE
тантӑшпӗлӗш,tantɵʃpøløʃ,tan.tɵʃ.pø.løʃ,4,FRRR,,FALSE
тантӑшюлташ,tantɵʃjultaʃ,tan.tɵʃ.jul.taʃ,4,FRFF,,FALSE
тантӑшлӑ,tantɵʃlɵ,tan.tɵʃ.lɵ,3,FRR,11,TRUE
тантӑшлӑх,tantɵʃlɵx,tan.tɵʃ.lɵx,3,FRR,12,TRUE
танти,tanti,tan.ti,2,FF,,FALSE
тап,tap,tap,1,F,870,TRUE
таптакӑр,taptakɵr,tap.ta.kɵr,3,FFR,,FALSE
таптан,taptan,tap.tan,2,FFFF,4,TRUE
таптаса,taptasa,tap.ta.sa,3,FFF,497,TRUE
тапак,tapak,ta.pak,2,FF,92,TRUE
тапалан,tapalan,ta.pa.lan,3,FFF,8,TRUE
тапалантар,tapalantar,ta.pa.lan.tar,4,FFFF,,FALSE
тапалаш,tapalaʃ,ta.pa.laʃ,3,FFF,,FALSE
тапаҫлан,tapaɕlan,ta.paɕ.lan,3,FFF,11,TRUE
тапаҫлантар,tapaɕlantar,ta.paɕ.lan.tar,4,FFFF,,FALSE
тапаҫлану,tapaɕlanu,ta.paɕ.la.nu,4,FFFF,1,TRUE
тапӑ,tapɵ,ta.pɵ,2,FR,39,TRUE
тапӑл,tapɵl,ta.pɵl,2,FR,9,TRUE
тапӑлт,tapɵlt,ta.pɵlt,2,FR,,FALSE
тапӑлтат,tapɵltat,ta.pɵl.tat,3,FRF,,FALSE
тапӑлтаттар,tapɵltattar,ta.pɵl.tat.tar,4,FRFF,,FALSE
тапӑм,tapɵm,ta.pɵm,2,FR,,FALSE
тапӑмлӑ,tapɵmlɵ,ta.pɵm.lɵ,3,FRR,,FALSE
тапӑн,tapɵn,ta.pɵn,2,FR,8,TRUE
тапӑнтар,tapɵntar,ta.pɵn.tar,3,FRF,,FALSE
тапӑну,tapɵnu,ta.pɵ.nu,3,FRF,120,TRUE
тапӑр,tapɵr,ta.pɵr,2,FR,335,TRUE
тапӑрла,tapɵrla,ta.pɵr.la,3,FRF,,FALSE
тапӑрт,tapɵrt,ta.pɵrt,2,FR,4,TRUE
тапӑртат,tapɵrtat,ta.pɵr.tat,3,FRF,1,TRUE
тапӑртаттар,tapɵrtattar,ta.pɵr.tat.tar,4,FRFF,,FALSE
тапӑртату,tapɵrtatu,ta.pɵr.ta.tu,4,FRFF,,FALSE
тапӑҫ,tapɵɕ,ta.pɵɕ,2,FR,1,TRUE
тапӑҫтар,tapɵɕtar,ta.pɵɕ.tar,3,FRF,,FALSE
тапир,tapir,ta.pir,2,FF,,FALSE
тапкалан,tapkalan,tap.ka.lan,3,FFF,,FALSE
тапкалантар,tapkalantar,tap.ka.lan.tar,4,FFFF,,FALSE
тапкалану,tapkalanu,tap.ka.la.nu,4,FFFF,,FALSE
тапкалаш,tapkalaʃ,tap.ka.laʃ,3,FFF,3,TRUE
тапкалашу,tapkalaʃu,tap.ka.la.ʃu,4,FFFF,,FALSE
тапкӑ,tapkɵ,tap.kɵ,2,FR,33,TRUE
тапкӑҫупкӑ,tapkɵɕupkɵ,tap.kɵ.ɕup.kɵ,4,FRFR,,FALSE
тапкӑҫ,tapkɵɕ,tap.kɵɕ,2,FR,1,TRUE
тапкӑч,tapkɵtɕ,tap.kɵtɕ,2,FR,5,TRUE
тапкӑчла,tapkɵtɕla,tap.kɵtɕ.la,3,FRF,,FALSE
таплаттар,taplattar,tap.lat.tar,3,FFF,4,TRUE
таппатан,tappatan,tap.pa.tan,3,FFF,,FALSE
таппахирӗҫ,tappaxirøɕ,tap.pa.xi.røɕ,4,FFFR,,FALSE
тапран,tapran,tap.ran,2,FF,18,TRUE
тапрантар,taprantar,tap.ran.tar,3,FFF,,FALSE
тапрану,tapranu,tap.ra.nu,3,FFF,2,TRUE
тапрат,taprat,tap.rat,2,FF,31,TRUE
тапраттар,taprattar,tap.rat.tar,3,FFF,,FALSE
тапрату,tapratu,tap.ra.tu,3,FFF,,FALSE
тапта,tapta,tap.ta,2,FF,71,TRUE
таптав,taptaʋ,tap.taʋ,2,FF,,FALSE
таптанчӑк,taptantɕɵk,tap.tan.tɕɵk,3,FFR,2,TRUE
таптар,taptar,tap.tar,2,FF,4,TRUE
таптат,taptat,tap.tat,2,FF,2,TRUE
таптаттар,taptattar,tap.tat.tar,3,FFF,,FALSE
тапхӑр,tapxɵr,tap.xɵr,2,FR,2097,TRUE
тапхӑртапхӑр,tapxɵrtapxɵr,tap.xɵr.tap.xɵr,4,FRFR,,FALSE
тапхӑрӑн,tapxɵrɵn,tap.xɵ.rɵn,3,FRR,136,TRUE
тапхӑрӗпе,tapxɵrøpe,tap.xɵ.rø.pe,4,FRRF,46,TRUE
тапчам,taptɕam,tap.tɕam,2,FF,30,TRUE
тапчамлан,taptɕamlan,tap.tɕam.lan,3,FFF,,FALSE
тапчан,taptɕan,tap.tɕan,2,FF,10,TRUE
тар,tar,tar,1,F,2351,TRUE
тарйӗтре,tarjøtre,tar.jøt.re,3,FRF,,FALSE
таршур,tarʃur,tar.ʃur,2,FF,,FALSE
тара,tara,ta.ra,2,FF,1536,TRUE
тарават,taraʋat,ta.ra.ʋat,3,FFF,802,TRUE
тараватлӑ,taraʋatlɵ,ta.ra.ʋat.lɵ,4,FFFR,197,TRUE
тараватлӑн,taraʋatlɵn,ta.ra.ʋat.lɵn,4,FFFR,153,TRUE
тараватлӑх,taraʋatlɵx,ta.ra.ʋat.lɵx,4,FFFR,47,TRUE
тарай,taraj,ta.raj,2,FF,60,TRUE
таракан,tarakan,ta.ra.kan,3,FFF,217,TRUE
тарам,taram,ta.ram,2,FF,85,TRUE
таран,taran,ta.ran,2,FF,6433,TRUE
таранла,taranla,ta.ran.la,3,FFF,,FALSE
тарантас,tarantas,ta.ran.tas,3,FFF,20,TRUE
тарантелла,tarantella,ta.ran.tel.la,4,FFFF,1,TRUE
тарантул,tarantul,ta.ran.tul,3,FFF,3,TRUE
таранччен,tarantɕtɕen,ta.rantɕ.tɕen,3,FFF,1904,TRUE
тарань,taranʲ,ta.ranʲ,2,FF,,FALSE
тарап,tarap,ta.rap,2,FF,9,TRUE
тараплан,taraplan,ta.rap.lan,3,FFF,,FALSE
тарапҫӑ,tarapɕɵ,ta.rap.ɕɵ,3,FFR,,FALSE
тараса,tarasa,ta.ra.sa,3,FFF,262,TRUE
тарӑ,tarɵ,ta.rɵ,2,FR,7,TRUE
тарӑлтат,tarɵltat,ta.rɵl.tat,3,FRF,,FALSE
тарӑмшарӑм,tarɵmʃarɵm,ta.rɵm.ʃa.rɵm,4,FRFR,,FALSE
тарӑн,tarɵn,ta.rɵn,2,FR,3748,TRUE
тарӑнӑш,tarɵnɵʃ,ta.rɵ.nɵʃ,3,FRR,141,TRUE
тарӑнлан,tarɵnlan,ta.rɵn.lan,3,FRF,,FALSE
тарӑнлат,tarɵnlat,ta.rɵn.lat,3,FRF,,FALSE
тарӑнлаттар,tarɵnlattar,ta.rɵn.lat.tar,4,FRFF,,FALSE
тарӑнлӑх,tarɵnlɵx,ta.rɵn.lɵx,3,FRR,2,TRUE
тарӑннӑн,tarɵnnɵn,ta.rɵn.nɵn,3,FRR,481,TRUE
тарӑх,tarɵx,ta.rɵx,2,FR,127,TRUE
тарӑхлӑн,tarɵxlɵn,ta.rɵx.lɵn,3,FRR,,FALSE
тарӑхтар,tarɵxtar,ta.rɵx.tar,3,FRF,19,TRUE
тарӑхтармӑш,tarɵxtarmɵʃ,ta.rɵx.tar.mɵʃ,4,FRFR,8,TRUE
тарӑху,tarɵxu,ta.rɵ.xu,3,FRF,156,TRUE
тарӑхуллӑ,tarɵxullɵ,ta.rɵ.xul.lɵ,4,FRFR,11,TRUE
тарӑхуллӑн,tarɵxullɵn,ta.rɵ.xul.lɵn,4,FRFR,8,TRUE
таркӑн,tarkɵn,tar.kɵn,2,FR,412,TRUE
тарла,tarla,tar.la,2,FF,35,TRUE
тарлат,tarlat,tar.lat,2,FF,,FALSE
тарлаттар,tarlattar,tar.lat.tar,3,FFF,,FALSE
тарлӑ,tarlɵ,tar.lɵ,2,FR,91,TRUE
тарлӑшурлӑ,tarlɵʃurlɵ,tar.lɵ.ʃur.lɵ,4,FRFR,,FALSE
тармак,tarmak,tar.mak,2,FF,,FALSE
тармакла,tarmakla,tar.mak.la,3,FFF,,FALSE
тармаклан,tarmaklan,tar.mak.lan,3,FFF,,FALSE
тарман,tarman,tar.man,2,FF,70,TRUE
тарҫӑ,tarɕɵ,tar.ɕɵ,2,FR,589,TRUE
тарҫӑтӗрҫӗ,tarɕɵtørɕø,tar.ɕɵ.tør.ɕø,4,FRRR,,FALSE
тарт,tart,tart,1,F,44,TRUE
тархас,tarxas,tar.xas,2,FF,8,TRUE
тархасла,tarxasla,tar.xas.la,3,FFF,36,TRUE
тархаслаттар,tarxaslattar,tar.xas.lat.tar,4,FFFF,3,TRUE
тархаслӑ,tarxaslɵ,tar.xas.lɵ,3,FFR,,FALSE
тархасшӑн,tarxasʃɵn,tar.xas.ʃɵn,3,FFR,2832,TRUE
тархӑ,tarxɵ,tar.xɵ,2,FR,,FALSE
тас,tas,tas,1,F,37,TRUE
таса,tasa,ta.sa,2,FF,8320,TRUE
тасал,tasal,ta.sal,2,FF,125,TRUE
тасалан,tasalan,ta.sa.lan,3,FFF,2,TRUE
тасалӑх,tasalɵx,ta.sa.lɵx,3,FFR,306,TRUE
тасамарлан,tasamarlan,ta.sa.mar.lan,4,FFFF,,FALSE
тасамарлантар,tasamarlantar,ta.sa.mar.lan.tar,5,FFFFF,,FALSE
тасамарлат,tasamarlat,ta.sa.mar.lat,4,FFFF,,FALSE
тасамарлӑх,tasamarlɵx,ta.sa.mar.lɵx,4,FFFR,52,TRUE
тасат,tasat,ta.sat,2,FF,81,TRUE
тасаткӑч,tasatkɵtɕ,ta.sat.kɵtɕ,3,FFR,2,TRUE
тасаттар,tasattar,ta.sat.tar,3,FFF,,FALSE
тастар,tastar,tas.tar,2,FF,,FALSE
таҫта,taɕta,taɕ.ta,2,FF,5239,TRUE
таҫталла,taɕtalla,taɕ.tal.la,3,FFF,229,TRUE
таҫтан,taɕtan,taɕ.tan,2,FF,1826,TRUE
таҫти,taɕti,taɕ.ti,2,FF,651,TRUE
тат,tat,tat,1,F,230,TRUE
тата,tata,ta.ta,2,FF,127398,TRUE
татӑк,tatɵk,ta.tɵk,2,FR,718,TRUE
татӑккӗсӗк,tatɵkkøsøk,ta.tɵk.kø.søk,4,FRRR,,FALSE
татӑккӗсӗклен,tatɵkkøsøklen,ta.tɵk.kø.søk.len,5,FRRRF,,FALSE
татӑкӑнкӗсӗкӗн,tatɵkɵnkøsøkøn,ta.tɵ.kɵn.kø.sø.køn,6,FRRRRR,,FALSE
татӑкӑнтатӑкӑн,tatɵkɵntatɵkɵn,ta.tɵ.kɵn.ta.tɵ.kɵn,6,FRRFRR,1,TRUE
татӑкла,tatɵkla,ta.tɵk.la,3,FRF,3,TRUE
татӑклӑ,tatɵklɵ,ta.tɵk.lɵ,3,FRR,491,TRUE
татӑклӑн,tatɵklɵn,ta.tɵk.lɵn,3,FRR,476,TRUE
татӑл,tatɵl,ta.tɵl,2,FR,51,TRUE
татӑлтат,tatɵltat,ta.tɵl.tat,3,FRF,,FALSE
татӑҫ,tatɵɕ,ta.tɵɕ,2,FR,1,TRUE
татӑҫу,tatɵɕu,ta.tɵ.ɕu,3,FRF,4,TRUE
таткала,tatkala,tat.ka.la,3,FFF,9,TRUE
таткалан,tatkalan,tat.ka.lan,3,FFF,1,TRUE
таткалантар,tatkalantar,tat.ka.lan.tar,4,FFFF,,FALSE
таткаланчӑк,tatkalantɕɵk,tat.ka.lan.tɕɵk,4,FFFR,4,TRUE
таткӑҫ,tatkɵɕ,tat.kɵɕ,2,FR,,FALSE
таттар,tattar,tat.tar,2,FF,,FALSE
татти,tatti,tat.ti,2,FF,272,TRUE
таттисыппи,tattisʉppi,tat.ti.sʉp.pi,4,FFFF,,FALSE
таттисыпписӗр,tattisʉppisør,tat.ti.sʉp.pi.sør,5,FFFFR,3,TRUE
таттисӗр,tattisør,tat.ti.sør,3,FFR,59,TRUE
тату,tatu,ta.tu,2,FF,261,TRUE
татулӑх,tatulɵx,ta.tu.lɵx,3,FFR,35,TRUE
татуллӑ,tatullɵ,ta.tul.lɵ,3,FFR,37,TRUE
татуллӑн,tatullɵn,ta.tul.lɵn,3,FFR,8,TRUE
тахат,taxat,ta.xat,2,FF,12,TRUE
тахатла,taxatla,ta.xat.la,3,FFF,,FALSE
тахатлӑ,taxatlɵ,ta.xat.lɵ,3,FFR,,FALSE
тахӑш,taxɵʃ,ta.xɵʃ,2,FR,591,TRUE
тахӑшӗ,taxɵʃø,ta.xɵ.ʃø,3,FRR,675,TRUE
тахҫан,taxɕan,tax.ɕan,2,FF,2159,TRUE
тахҫантан,taxɕantan,tax.ɕan.tan,3,FFF,42,TRUE
тахҫантантахҫан,taxɕantantaxɕan,tax.ɕan.tan.tax.ɕan,5,FFFFF,,FALSE
тахҫантанпа,taxɕantanpa,tax.ɕan.tan.pa,4,FFFF,195,TRUE
тахҫантанхи,taxɕantanxi,tax.ɕan.tan.xi,4,FFFF,1,TRUE
тахҫанхи,taxɕanxi,tax.ɕan.xi,3,FFF,577,TRUE
тахҫанччен,taxɕantɕtɕen,tax.ɕantɕ.tɕen,3,FFF,208,TRUE
тахта,taxta,tax.ta,2,FF,11,TRUE
тахтӑр,taxtɵr,tax.tɵr,2,FR,2,TRUE
тахшин,taxʃin,tax.ʃin,2,FF,8,TRUE
тач,tatɕ,tatɕ,1,F,39,TRUE
тачӑ,tatɕɵ,ta.tɕɵ,2,FR,1326,TRUE
тачӑлан,tatɕɵlan,ta.tɕɵ.lan,3,FRF,,FALSE
тачӑлантар,tatɕɵlantar,ta.tɕɵ.lan.tar,4,FRFF,,FALSE
тачӑлат,tatɕɵlat,ta.tɕɵ.lat,3,FRF,,FALSE
тачӑлӑх,tatɕɵlɵx,ta.tɕɵ.lɵx,3,FRR,4,TRUE
тачка,tatɕka,tatɕ.ka,2,FF,319,TRUE
тачкал,tatɕkal,tatɕ.kal,2,FF,,FALSE
тачкалан,tatɕkalan,tatɕ.ka.lan,3,FFF,,FALSE
тачкалантар,tatɕkalantar,tatɕ.ka.lan.tar,4,FFFF,,FALSE
тачкалат,tatɕkalat,tatɕ.ka.lat,3,FFF,,FALSE
тачкалла,tatɕkalla,tatɕ.kal.la,3,FFF,1,TRUE
тачкамас,tatɕkamas,tatɕ.ka.mas,3,FFF,,FALSE
тачкӑш,tatɕkɵʃ,tatɕ.kɵʃ,2,FR,11,TRUE
тачлат,tatɕlat,tatɕ.lat,2,FF,,FALSE
тачлаттар,tatɕlattar,tatɕ.lat.tar,3,FFF,,FALSE
таччӑн,tatɕtɕɵn,tatɕ.tɕɵn,2,FR,78,TRUE
ташӑ,taʃɵ,ta.ʃɵ,2,FR,3517,TRUE
ташӑвӑйӑ,taʃɵʋɵjɵ,ta.ʃɵ.ʋɵ.jɵ,4,FRRR,,FALSE
ташӑкӗвӗ,taʃɵkøʋø,ta.ʃɵ.kø.ʋø,4,FRRR,,FALSE
ташӑюрӑ,taʃɵjurɵ,ta.ʃɵ.ju.rɵ,4,FRFR,,FALSE
ташӑҫӑ,taʃɵɕɵ,ta.ʃɵ.ɕɵ,3,FRR,49,TRUE
ташла,taʃla,taʃ.la,2,FF,276,TRUE
ташлама,taʃlama,taʃ.la.ma,3,FFF,1546,TRUE
ташлат,taʃlat,taʃ.lat,2,FF,4,TRUE
ташлаттар,taʃlattar,taʃ.lat.tar,3,FFF,8,TRUE
ташпан,taʃpan,taʃ.pan,2,FF,,FALSE
таяв,tajaʋ,ta.jaʋ,2,FF,,FALSE
таян,tajan,ta.jan,2,FF,7,TRUE
таянтар,tajantar,ta.jan.tar,3,FFF,3,TRUE
таянчӑк,tajantɕɵk,ta.jan.tɕɵk,3,FFR,9,TRUE
таянчӑклӑ,tajantɕɵklɵ,ta.jan.tɕɵk.lɵ,4,FFRR,,FALSE
тӑвайкки,tɵʋajkki,tɵ.ʋajk.ki,3,RFF,244,TRUE
тӑвалла,tɵʋalla,tɵ.ʋal.la,3,RFF,585,TRUE
тӑван,tɵʋan,tɵ.ʋan,2,RF,32888,TRUE
тӑванпӗлӗш,tɵʋanpøløʃ,tɵ.ʋan.pø.løʃ,4,RFRR,,FALSE
тӑванпӗтен,tɵʋanpøten,tɵ.ʋan.pø.ten,4,RFRF,2,TRUE
тӑванкас,tɵʋankas,tɵ.ʋan.kas,3,RFF,46,TRUE
тӑванла,tɵʋanla,tɵ.ʋan.la,3,RFF,385,TRUE
тӑванлан,tɵʋanlan,tɵ.ʋan.lan,3,RFF,,FALSE
тӑванлат,tɵʋanlat,tɵ.ʋan.lat,3,RFF,,FALSE
тӑванлаш,tɵʋanlaʃ,tɵ.ʋan.laʃ,3,RFF,3,TRUE
тӑванлаштар,tɵʋanlaʃtar,tɵ.ʋan.laʃ.tar,4,RFFF,,FALSE
тӑванлӑ,tɵʋanlɵ,tɵ.ʋan.lɵ,3,RFR,150,TRUE
тӑванлӑх,tɵʋanlɵx,tɵ.ʋan.lɵx,3,RFR,374,TRUE
тӑвар,tɵʋar,tɵ.ʋar,2,RF,3080,TRUE
тӑвара,tɵʋara,tɵ.ʋa.ra,3,RFF,172,TRUE
тӑварак,tɵʋarak,tɵ.ʋa.rak,3,RFF,1,TRUE
тӑварӑн,tɵʋarɵn,tɵ.ʋa.rɵn,3,RFR,2,TRUE
тӑварла,tɵʋarla,tɵ.ʋar.la,3,RFF,9,TRUE
тӑварлан,tɵʋarlan,tɵ.ʋar.lan,3,RFF,,FALSE
тӑварлантар,tɵʋarlantar,tɵ.ʋar.lan.tar,4,RFFF,,FALSE
тӑварлану,tɵʋarlanu,tɵ.ʋar.la.nu,4,RFFF,,FALSE
тӑварлат,tɵʋarlat,tɵ.ʋar.lat,3,RFF,,FALSE
тӑварлаттар,tɵʋarlattar,tɵ.ʋar.lat.tar,4,RFFF,,FALSE
тӑварлӑ,tɵʋarlɵ,tɵ.ʋar.lɵ,3,RFR,503,TRUE
тӑварлӑх,tɵʋarlɵx,tɵ.ʋar.lɵx,3,RFR,5,TRUE
тӑварсӑр,tɵʋarsɵr,tɵ.ʋar.sɵr,3,RFR,96,TRUE
тӑварсӑрлан,tɵʋarsɵrlan,tɵ.ʋar.sɵr.lan,4,RFRF,,FALSE
тӑварсӑрлат,tɵʋarsɵrlat,tɵ.ʋar.sɵr.lat,4,RFRF,,FALSE
тӑваслӑх,tɵʋaslɵx,tɵ.ʋas.lɵx,3,RFR,9,TRUE
тӑват,tɵʋat,tɵ.ʋat,2,RF,802,TRUE
тӑватпилӗк,tɵʋatpiløk,tɵ.ʋat.pi.løk,4,RFFR,,FALSE
тӑватӑ,tɵʋatɵ,tɵ.ʋa.tɵ,3,RFR,6741,TRUE
тӑваткал,tɵʋatkal,tɵ.ʋat.kal,3,RFF,1560,TRUE
тӑваткалла,tɵʋatkalla,tɵ.ʋat.kal.la,4,RFFF,,FALSE
тӑваткаллӑн,tɵʋatkallɵn,tɵ.ʋat.kal.lɵn,4,RFFR,3,TRUE
тӑваткӑл,tɵʋatkɵl,tɵ.ʋat.kɵl,3,RFR,82,TRUE
тӑваткӑлла,tɵʋatkɵlla,tɵ.ʋat.kɵl.la,4,RFRF,,FALSE
тӑваткӑллан,tɵʋatkɵllan,tɵ.ʋat.kɵl.lan,4,RFRF,,FALSE
тӑваткӑллат,tɵʋatkɵllat,tɵ.ʋat.kɵl.lat,4,RFRF,,FALSE
тӑваткӑллӑ,tɵʋatkɵllɵ,tɵ.ʋat.kɵl.lɵ,4,RFRR,1,TRUE
тӑваткӗтеслӗх,tɵʋatkøtesløx,tɵ.ʋat.kø.tes.løx,5,RFRFR,7,TRUE
тӑватмине,tɵʋatmine,tɵ.ʋat.mi.ne,4,RFFF,6,TRUE
тӑватсӑмӑр,tɵʋatsɵmɵr,tɵ.ʋa.tsɵ.mɵr,4,RFRR,30,TRUE
тӑватсӑр,tɵʋatsɵr,tɵ.ʋa.tsɵr,3,RFR,4,TRUE
тӑватҫӗр,tɵʋatɕør,tɵ.ʋa.tɕør,3,RFR,86,TRUE
тӑваттӑ,tɵʋattɵ,tɵ.ʋat.tɵ,3,RFR,481,TRUE
тӑваттӑлла,tɵʋattɵlla,tɵ.ʋat.tɵl.la,4,RFRF,5,TRUE
тӑваттӑллӑ,tɵʋattɵllɵ,tɵ.ʋat.tɵl.lɵ,4,RFRR,3,TRUE
тӑваттӑмӗш,tɵʋattɵmøʃ,tɵ.ʋat.tɵ.møʃ,4,RFRR,1452,TRUE
тӑваттӑн,tɵʋattɵn,tɵ.ʋat.tɵn,3,RFR,476,TRUE
тӑваттӑш,tɵʋattɵʃ,tɵ.ʋat.tɵʃ,3,RFR,8,TRUE
тӑваттӑшӗ,tɵʋattɵʃø,tɵ.ʋat.tɵ.ʃø,4,RFRR,178,TRUE
тӑватшар,tɵʋatʃar,tɵ.ʋa.tʃar,3,RFF,134,TRUE
тӑватшарӑн,tɵʋatʃarɵn,tɵ.ʋa.tʃa.rɵn,4,RFFR,18,TRUE
тӑвӑл,tɵʋɵl,tɵ.ʋɵl,2,RR,1218,TRUE
тӑвӑлла,tɵʋɵlla,tɵ.ʋɵl.la,3,RRF,10,TRUE
тӑвӑллан,tɵʋɵllan,tɵ.ʋɵl.lan,3,RRF,2,TRUE
тӑвӑллӑ,tɵʋɵllɵ,tɵ.ʋɵl.lɵ,3,RRR,127,TRUE
тӑвӑллӑн,tɵʋɵllɵn,tɵ.ʋɵl.lɵn,3,RRR,465,TRUE
тӑвӑлтар,tɵʋɵltar,tɵ.ʋɵl.tar,3,RRF,,FALSE
тӑвӑн,tɵʋɵn,tɵ.ʋɵn,2,RR,781,TRUE
тӑвӑнтар,tɵʋɵntar,tɵ.ʋɵn.tar,3,RRF,1,TRUE
тӑвӑну,tɵʋɵnu,tɵ.ʋɵ.nu,3,RRF,1,TRUE
тӑвӑр,tɵʋɵr,tɵ.ʋɵr,2,RR,1187,TRUE
тӑвӑрла,tɵʋɵrla,tɵ.ʋɵr.la,3,RRF,1,TRUE
тӑвӑрлан,tɵʋɵrlan,tɵ.ʋɵr.lan,3,RRF,,FALSE
тӑвӑрлантар,tɵʋɵrlantar,tɵ.ʋɵr.lan.tar,4,RRFF,,FALSE
тӑвӑрлат,tɵʋɵrlat,tɵ.ʋɵr.lat,3,RRF,,FALSE
тӑвӑрлӑх,tɵʋɵrlɵx,tɵ.ʋɵr.lɵx,3,RRR,1,TRUE
тӑву,tɵʋu,tɵ.ʋu,2,RF,19,TRUE
тӑйтай,tɵjtaj,tɵj.taj,2,RF,,FALSE
тӑйлӑктайлӑк,tɵjlɵktajlɵk,tɵj.lɵk.taj.lɵk,4,RRFR,,FALSE
тӑк,tɵk,tɵk,1,R,4702,TRUE
тӑктак,tɵktak,tɵk.tak,2,RF,,FALSE
тӑктӑк,tɵktɵk,tɵk.tɵk,2,RR,1,TRUE
тӑка,tɵka,tɵ.ka,2,RF,64,TRUE
тӑкак,tɵkak,tɵ.kak,2,RF,420,TRUE
тӑкакла,tɵkakla,tɵ.kak.la,3,RFF,2,TRUE
тӑкаклан,tɵkaklan,tɵ.kak.lan,3,RFF,7,TRUE
тӑкаклантар,tɵkaklantar,tɵ.kak.lan.tar,4,RFFF,,FALSE
тӑкаклаттар,tɵkaklattar,tɵ.kak.lat.tar,4,RFFF,,FALSE
тӑкаклӑ,tɵkaklɵ,tɵ.kak.lɵ,3,RFR,105,TRUE
тӑкӑ,tɵkɵ,tɵ.kɵ,2,RR,1,TRUE
тӑкӑл,tɵkɵl,tɵ.kɵl,2,RR,1,TRUE
тӑкӑлт,tɵkɵlt,tɵ.kɵlt,2,RR,6,TRUE
тӑкӑлтар,tɵkɵltar,tɵ.kɵl.tar,3,RRF,1,TRUE
тӑкӑлтат,tɵkɵltat,tɵ.kɵl.tat,3,RRF,,FALSE
тӑкӑлтаттар,tɵkɵltattar,tɵ.kɵl.tat.tar,4,RRFF,,FALSE
тӑкӑлтӑк,tɵkɵltɵk,tɵ.kɵl.tɵk,3,RRR,4,TRUE
тӑкӑлти,tɵkɵlti,tɵ.kɵl.ti,3,RRF,,FALSE
тӑкӑм,tɵkɵm,tɵ.kɵm,2,RR,,FALSE
тӑкӑн,tɵkɵn,tɵ.kɵn,2,RR,13,TRUE
тӑкӑнтар,tɵkɵntar,tɵ.kɵn.tar,3,RRF,,FALSE
тӑкӑнчӑк,tɵkɵntɕɵk,tɵ.kɵn.tɕɵk,3,RRR,,FALSE
тӑкӑр,tɵkɵr,tɵ.kɵr,2,RR,61,TRUE
тӑкӑртакӑр,tɵkɵrtakɵr,tɵ.kɵr.ta.kɵr,4,RRFR,,FALSE
тӑкӑртӑкӑр,tɵkɵrtɵkɵr,tɵ.kɵr.tɵ.kɵr,4,RRRR,,FALSE
тӑкӑрлӑк,tɵkɵrlɵk,tɵ.kɵr.lɵk,3,RRR,126,TRUE
тӑкӑрт,tɵkɵrt,tɵ.kɵrt,2,RR,,FALSE
тӑкӑртат,tɵkɵrtat,tɵ.kɵr.tat,3,RRF,,FALSE
тӑкӑртаттар,tɵkɵrtattar,tɵ.kɵr.tat.tar,4,RRFF,,FALSE
тӑкӑс,tɵkɵs,tɵ.kɵs,2,RR,42,TRUE
тӑкӑскӑ,tɵkɵskɵ,tɵ.kɵs.kɵ,3,RRR,44,TRUE
тӑкӑскӑлан,tɵkɵskɵlan,tɵ.kɵs.kɵ.lan,4,RRRF,,FALSE
тӑкӑскӑлантар,tɵkɵskɵlantar,tɵ.kɵs.kɵ.lan.tar,5,RRRFF,,FALSE
тӑкӑскӑлат,tɵkɵskɵlat,tɵ.kɵs.kɵ.lat,4,RRRF,,FALSE
тӑкӑскӑлӑх,tɵkɵskɵlɵx,tɵ.kɵs.kɵ.lɵx,4,RRRR,,FALSE
тӑкӑскӑн,tɵkɵskɵn,tɵ.kɵs.kɵn,3,RRR,6,TRUE
тӑкӑсла,tɵkɵsla,tɵ.kɵs.la,3,RRF,,FALSE
тӑкӑслан,tɵkɵslan,tɵ.kɵs.lan,3,RRF,,FALSE
тӑкӑслантар,tɵkɵslantar,tɵ.kɵs.lan.tar,4,RRFF,,FALSE
тӑкӑслат,tɵkɵslat,tɵ.kɵs.lat,3,RRF,,FALSE
тӑкӑслӑх,tɵkɵslɵx,tɵ.kɵs.lɵx,3,RRR,,FALSE
тӑкӑш,tɵkɵʃ,tɵ.kɵʃ,2,RR,2,TRUE
тӑкӑштат,tɵkɵʃtat,tɵ.kɵʃ.tat,3,RRF,,FALSE
тӑккала,tɵkkala,tɵk.ka.la,3,RFF,6,TRUE
тӑккалан,tɵkkalan,tɵk.ka.lan,3,RFF,,FALSE
тӑккалантар,tɵkkalantar,tɵk.ka.lan.tar,4,RFFF,,FALSE
тӑккаланчӑк,tɵkkalantɕɵk,tɵk.ka.lan.tɕɵk,4,RFFR,1,TRUE
тӑклат,tɵklat,tɵk.lat,2,RF,,FALSE
тӑклаттар,tɵklattar,tɵk.lat.tar,3,RFF,,FALSE
тӑкмаҫ,tɵkmaɕ,tɵk.maɕ,2,RF,,FALSE
тӑктар,tɵktar,tɵk.tar,2,RF,,FALSE
тӑла,tɵla,tɵ.la,2,RF,163,TRUE
тӑлаҫӑпата,tɵlaɕɵpata,tɵ.la.ɕɵ.pa.ta,5,RFRFF,,FALSE
тӑлаҫӳпата,tɵlaɕypata,tɵ.la.ɕy.pa.ta,5,RFFFF,,FALSE
тӑлавар,tɵlaʋar,tɵ.la.ʋar,3,RFF,17,TRUE
тӑламан,tɵlaman,tɵ.la.man,3,RFF,1,TRUE
тӑлахуп,tɵlaxup,tɵ.la.xup,3,RFF,,FALSE
тӑлӑ,tɵlɵ,tɵ.lɵ,2,RR,29,TRUE
тӑлӑм,tɵlɵm,tɵ.lɵm,2,RR,5,TRUE
тӑлӑмӑнтӑлӑмӑн,tɵlɵmɵntɵlɵmɵn,tɵ.lɵ.mɵn.tɵ.lɵ.mɵn,6,RRRRRR,,FALSE
тӑлӑмлӑ,tɵlɵmlɵ,tɵ.lɵm.lɵ,3,RRR,,FALSE
тӑлӑп,tɵlɵp,tɵ.lɵp,2,RR,208,TRUE
тӑлӑх,tɵlɵx,tɵ.lɵx,2,RR,2333,TRUE
тӑлӑхтурат,tɵlɵxturat,tɵ.lɵx.tu.rat,4,RRFF,,FALSE
тӑлӑхтуратӑн,tɵlɵxturatɵn,tɵ.lɵx.tu.ra.tɵn,5,RRFFR,,FALSE
тӑлӑххӑн,tɵlɵxxɵn,tɵ.lɵx.xɵn,3,RRR,235,TRUE
тӑлла,tɵlla,tɵl.la,2,RF,33,TRUE
тӑллав,tɵllaʋ,tɵl.laʋ,2,RF,,FALSE
тӑллан,tɵllan,tɵl.lan,2,RF,,FALSE
тӑллантар,tɵllantar,tɵl.lan.tar,3,RFF,,FALSE
тӑллаттар,tɵllattar,tɵl.lat.tar,3,RFF,,FALSE
тӑлмач,tɵlmatɕ,tɵl.matɕ,2,RF,261,TRUE
тӑлмачла,tɵlmatɕla,tɵl.matɕ.la,3,RFF,,FALSE
тӑлпала,tɵlpala,tɵl.pa.la,3,RFF,,FALSE
тӑлпалан,tɵlpalan,tɵl.pa.lan,3,RFF,,FALSE
тӑлпалантар,tɵlpalantar,tɵl.pa.lan.tar,4,RFFF,,FALSE
тӑлпаланчӑк,tɵlpalantɕɵk,tɵl.pa.lan.tɕɵk,4,RFFR,,FALSE
тӑлпан,tɵlpan,tɵl.pan,2,RF,21,TRUE
тӑлпаста,tɵlpasta,tɵl.pas.ta,3,RFF,,FALSE
тӑлпу,tɵlpu,tɵl.pu,2,RF,3,TRUE
тӑлт,tɵlt,tɵlt,1,R,64,TRUE
тӑлтталт,tɵlttalt,tɵlt.talt,2,RF,,FALSE
тӑлтлат,tɵltlat,tɵlt.lat,2,RF,,FALSE
тӑлттиталтти,tɵlttitaltti,tɵlt.ti.talt.ti,4,RFFF,,FALSE
тӑм,tɵm,tɵm,1,R,1541,TRUE
тӑмала,tɵmala,tɵ.ma.la,3,RFF,6,TRUE
тӑмалан,tɵmalan,tɵ.ma.lan,3,RFF,,FALSE
тӑмалантар,tɵmalantar,tɵ.ma.lan.tar,4,RFFF,,FALSE
тӑман,tɵman,tɵ.man,2,RF,2340,TRUE
тӑмана,tɵmana,tɵ.ma.na,3,RFF,442,TRUE
тӑманлӑ,tɵmanlɵ,tɵ.man.lɵ,3,RFR,174,TRUE
тӑмат,tɵmat,tɵ.mat,2,RF,1,TRUE
тӑматлан,tɵmatlan,tɵ.mat.lan,3,RFF,,FALSE
тӑматлӑ,tɵmatlɵ,tɵ.mat.lɵ,3,RFR,,FALSE
тӑматлӑх,tɵmatlɵx,tɵ.mat.lɵx,3,RFR,,FALSE
тӑмкка,tɵmkka,tɵmk.ka,2,RF,,FALSE
тӑмла,tɵmla,tɵm.la,2,RF,1,TRUE
тӑмлан,tɵmlan,tɵm.lan,2,RF,,FALSE
тӑмлӑ,tɵmlɵ,tɵm.lɵ,2,RR,123,TRUE
тӑмпай,tɵmpaj,tɵm.paj,2,RF,43,TRUE
тӑмпайлан,tɵmpajlan,tɵm.paj.lan,3,RFF,,FALSE
тӑмпӑр,tɵmpɵr,tɵm.pɵr,2,RR,2,TRUE
тӑмпӑртат,tɵmpɵrtat,tɵm.pɵr.tat,3,RRF,,FALSE
тӑмпӑртаттар,tɵmpɵrtattar,tɵm.pɵr.tat.tar,4,RRFF,,FALSE
тӑмплат,tɵmplat,tɵmp.lat,2,RF,,FALSE
тӑмплаттар,tɵmplattar,tɵmp.lat.tar,3,RFF,,FALSE
тӑмра,tɵmra,tɵm.ra,2,RF,75,TRUE
тӑмраҫӑ,tɵmraɕɵ,tɵm.ra.ɕɵ,3,RFR,2,TRUE
тӑмса,tɵmsa,tɵm.sa,2,RF,6,TRUE
тӑмсай,tɵmsaj,tɵm.saj,2,RF,173,TRUE
тӑмсайла,tɵmsajla,tɵm.saj.la,3,RFF,4,TRUE
тӑмсайлан,tɵmsajlan,tɵm.saj.lan,3,RFF,,FALSE
тӑмсайлӑх,tɵmsajlɵx,tɵm.saj.lɵx,3,RFR,2,TRUE
тӑмсака,tɵmsaka,tɵm.sa.ka,3,RFF,,FALSE
тӑмха,tɵmxa,tɵm.xa,2,RF,54,TRUE
тӑн,tɵn,tɵn,1,R,1805,TRUE
тӑнтан,tɵntan,tɵn.tan,2,RRFF,4,TRUE
тӑнтӑн,tɵntɵn,tɵn.tɵn,2,RR,4,TRUE
тӑнӑҫ,tɵnɵɕ,tɵ.nɵɕ,2,RR,434,TRUE
тӑнӑҫлан,tɵnɵɕlan,tɵ.nɵɕ.lan,3,RRF,,FALSE
тӑнӑҫлантар,tɵnɵɕlantar,tɵ.nɵɕ.lan.tar,4,RRFF,,FALSE
тӑнӑҫлӑ,tɵnɵɕlɵ,tɵ.nɵɕ.lɵ,3,RRR,135,TRUE
тӑнӑҫлӑн,tɵnɵɕlɵn,tɵ.nɵɕ.lɵn,3,RRR,42,TRUE
тӑнӑҫлӑх,tɵnɵɕlɵx,tɵ.nɵɕ.lɵx,3,RRR,267,TRUE
тӑнӑҫсӑр,tɵnɵɕsɵr,tɵ.nɵɕ.sɵr,3,RRR,29,TRUE
тӑнӑҫсӑрлан,tɵnɵɕsɵrlan,tɵ.nɵɕ.sɵr.lan,4,RRRF,,FALSE
тӑнӑҫсӑрлӑх,tɵnɵɕsɵrlɵx,tɵ.nɵɕ.sɵr.lɵx,4,RRRR,1,TRUE
тӑнӑҫсӑррӑн,tɵnɵɕsɵrrɵn,tɵ.nɵɕ.sɵr.rɵn,4,RRRR,,FALSE
тӑнк,tɵnk,tɵnk,1,R,94,TRUE
тӑнктанк,tɵnktank,tɵnk.tank,2,RF,,FALSE
тӑнкӑлтанкӑл,tɵnkɵltankɵl,tɵn.kɵl.tan.kɵl,4,RRFR,,FALSE
тӑнкӑлтат,tɵnkɵltat,tɵn.kɵl.tat,3,RRF,,FALSE
тӑнкӑлтаттар,tɵnkɵltattar,tɵn.kɵl.tat.tar,4,RRFF,,FALSE
тӑнкӑр,tɵnkɵr,tɵn.kɵr,2,RR,50,TRUE
тӑнкӑртанкӑр,tɵnkɵrtankɵr,tɵn.kɵr.tan.kɵr,4,RRFR,1,TRUE
тӑнкӑркка,tɵnkɵrkka,tɵn.kɵrk.ka,3,RRF,1,TRUE
тӑнкӑртат,tɵnkɵrtat,tɵn.kɵr.tat,3,RRF,,FALSE
тӑнкӑртаттар,tɵnkɵrtattar,tɵn.kɵr.tat.tar,4,RRFF,,FALSE
тӑнкӑрти,tɵnkɵrti,tɵn.kɵr.ti,3,RRF,4,TRUE
тӑнкка,tɵnkka,tɵnk.ka,2,RF,,FALSE
тӑнккитанкки,tɵnkkitankki,tɵnk.ki.tank.ki,4,RFFF,,FALSE
тӑнклат,tɵnklat,tɵnk.lat,2,RF,,FALSE
тӑнклаттар,tɵnklattar,tɵnk.lat.tar,3,RFF,,FALSE
тӑнла,tɵnla,tɵn.la,2,RF,126,TRUE
тӑнлав,tɵnlaʋ,tɵn.laʋ,2,RF,101,TRUE
тӑнлан,tɵnlan,tɵn.lan,2,RF,4,TRUE
тӑнлантар,tɵnlantar,tɵn.lan.tar,3,RFF,,FALSE
тӑнлат,tɵnlat,tɵn.lat,2,RF,,FALSE
тӑнлаттар,tɵnlattar,tɵn.lat.tar,3,RFF,,FALSE
тӑнлӑ,tɵnlɵ,tɵn.lɵ,2,RR,414,TRUE
тӑнлӑпуҫлӑ,tɵnlɵpuɕlɵ,tɵn.lɵ.puɕ.lɵ,4,RRFR,2,TRUE
тӑнлӑх,tɵnlɵx,tɵn.lɵx,2,RR,15,TRUE
тӑнпуҫ,tɵnpuɕ,tɵn.puɕ,2,RF,7,TRUE
тӑнпуҫлӑ,tɵnpuɕlɵ,tɵn.puɕ.lɵ,3,RFR,3,TRUE
тӑнпуҫсӑр,tɵnpuɕsɵr,tɵn.puɕ.sɵr,3,RFR,,FALSE
тӑнсӑр,tɵnsɵr,tɵn.sɵr,2,RR,193,TRUE
тӑнсӑрпуҫсӑр,tɵnsɵrpuɕsɵr,tɵn.sɵr.puɕ.sɵr,4,RRFR,,FALSE
тӑнсӑрлан,tɵnsɵrlan,tɵn.sɵr.lan,3,RRF,,FALSE
тӑнсӑрлантар,tɵnsɵrlantar,tɵn.sɵr.lan.tar,4,RRFF,,FALSE
тӑнсӑрлат,tɵnsɵrlat,tɵn.sɵr.lat,3,RRF,,FALSE
тӑнсӑрлӑх,tɵnsɵrlɵx,tɵn.sɵr.lɵx,3,RRR,1,TRUE
тӑнтанлан,tɵntanlan,tɵn.tan.lan,3,RFF,,FALSE
тӑнтӑнлан,tɵntɵnlan,tɵn.tɵn.lan,3,RRF,,FALSE
тӑнтӑнлат,tɵntɵnlat,tɵn.tɵn.lat,3,RRF,,FALSE
тӑнтӑнлӑх,tɵntɵnlɵx,tɵn.tɵn.lɵx,3,RRR,,FALSE
тӑнч,tɵntɕ,tɵntɕ,1,R,17,TRUE
тӑп,tɵp,tɵp,1,R,1310,TRUE
тӑптан,tɵptan,tɵp.tan,2,RF,,FALSE
тӑптӑваткал,tɵptɵʋatkal,tɵp.tɵ.ʋat.kal,4,RRFF,,FALSE
тӑптӑп,tɵptɵp,tɵp.tɵp,2,RR,1,TRUE
тӑптӑрӑ,tɵptɵrɵ,tɵp.tɵ.rɵ,3,RRR,3,TRUE
тӑпа,tɵpa,tɵ.pa,2,RF,9,TRUE
тӑпала,tɵpala,tɵ.pa.la,3,RFF,,FALSE
тӑпач,tɵpatɕ,tɵ.patɕ,2,RF,13,TRUE
тӑпӑ,tɵpɵ,tɵ.pɵ,2,RR,2,TRUE
тӑпӑл,tɵpɵl,tɵ.pɵl,2,RR,424,TRUE
тӑпӑлкка,tɵpɵlkka,tɵ.pɵlk.ka,3,RRF,64,TRUE
тӑпӑлттӑпӑлт,tɵpɵlttɵpɵlt,tɵ.pɵlt.tɵ.pɵlt,4,RRRR,,FALSE
тӑпӑлтар,tɵpɵltar,tɵ.pɵl.tar,3,RRF,13,TRUE
тӑпӑлтат,tɵpɵltat,tɵ.pɵl.tat,3,RRF,,FALSE
тӑпӑлтаттар,tɵpɵltattar,tɵ.pɵl.tat.tar,4,RRFF,,FALSE
тӑпӑртапӑр,tɵpɵrtapɵr,tɵ.pɵr.ta.pɵr,4,RRFR,,FALSE
тӑпӑртӑпӑр,tɵpɵrtɵpɵr,tɵ.pɵr.tɵ.pɵr,4,RRRR,1,TRUE
тӑпӑрка,tɵpɵrka,tɵ.pɵr.ka,3,RRF,1,TRUE
тӑпӑркалан,tɵpɵrkalan,tɵ.pɵr.ka.lan,4,RRFF,,FALSE
тӑпӑркалантар,tɵpɵrkalantar,tɵ.pɵr.ka.lan.tar,5,RRFFF,,FALSE
тӑпӑртат,tɵpɵrtat,tɵ.pɵr.tat,3,RRF,1,TRUE
тӑпӑртаттар,tɵpɵrtattar,tɵ.pɵr.tat.tar,4,RRFF,1,TRUE
тӑпӑртӑк,tɵpɵrtɵk,tɵ.pɵr.tɵk,3,RRR,43,TRUE
тӑпӑрч,tɵpɵrtɕ,tɵ.pɵrtɕ,2,RR,86,TRUE
тӑпӑрчӑ,tɵpɵrtɕɵ,tɵ.pɵr.tɕɵ,3,RRR,288,TRUE
тӑпӑрчӑлан,tɵpɵrtɕɵlan,tɵ.pɵr.tɕɵ.lan,4,RRRF,,FALSE
тӑпка,tɵpka,tɵp.ka,2,RF,1,TRUE
тӑпкала,tɵpkala,tɵp.ka.la,3,RFF,,FALSE
тӑпкалан,tɵpkalan,tɵp.ka.lan,3,RFF,,FALSE
тӑпкалантар,tɵpkalantar,tɵp.ka.lan.tar,4,RFFF,,FALSE
тӑплан,tɵplan,tɵp.lan,2,RF,1,TRUE
тӑплантар,tɵplantar,tɵp.lan.tar,3,RFF,,FALSE
тӑплӑм,tɵplɵm,tɵp.lɵm,2,RR,1,TRUE
тӑплӑх,tɵplɵx,tɵp.lɵx,2,RR,1,TRUE
тӑппӑн,tɵppɵn,tɵp.pɵn,2,RR,9,TRUE
тӑппитаппи,tɵppitappi,tɵp.pi.tap.pi,4,RFFF,,FALSE
тӑпра,tɵpra,tɵp.ra,2,RF,1408,TRUE
тӑпралан,tɵpralan,tɵp.ra.lan,3,RFF,,FALSE
тӑпраллӑ,tɵprallɵ,tɵp.ral.lɵ,3,RFR,90,TRUE
тӑпрас,tɵpras,tɵp.ras,2,RF,36,TRUE
тӑпруу,tɵpruu,tɵp.ru.u,3,RFF,,FALSE
тӑпса,tɵpsa,tɵp.sa,2,RF,22,TRUE
тӑпсаллӑ,tɵpsallɵ,tɵp.sal.lɵ,3,RFR,5,TRUE
тӑпсӑртӗпсӗр,tɵpsɵrtøpsør,tɵp.sɵr.tøp.sør,4,RRRR,,FALSE
тӑптӑм,tɵptɵm,tɵp.tɵm,2,RR,5,TRUE
тӑр,tɵr,tɵr,1,R,6464,TRUE
тӑракиле,tɵrakile,tɵ.ra.ki.le,4,RFFF,,FALSE
тӑрак,tɵrak,tɵ.rak,2,RF,6,TRUE
тӑран,tɵran,tɵ.ran,2,RF,1235,TRUE
тӑранаймасла,tɵranajmasla,tɵ.ra.naj.mas.la,5,RFFFF,,FALSE
тӑранманлӑх,tɵranmanlɵx,tɵ.ran.man.lɵx,4,RFFR,2,TRUE
тӑрант,tɵrant,tɵ.rant,2,RF,5,TRUE
тӑрантар,tɵrantar,tɵ.ran.tar,3,RFF,26,TRUE
тӑрат,tɵrat,tɵ.rat,2,RF,81,TRUE
тӑраткалан,tɵratkalan,tɵ.rat.ka.lan,4,RFFF,,FALSE
тӑраткалантар,tɵratkalantar,tɵ.rat.ka.lan.tar,5,RFFFF,,FALSE
тӑраткаланчӑк,tɵratkalantɕɵk,tɵ.rat.ka.lan.tɕɵk,5,RFFFR,2,TRUE
тӑратма,tɵratma,tɵ.rat.ma,3,RFF,635,TRUE
тӑрӑ,tɵrɵ,tɵ.rɵ,2,RR,1250,TRUE
тӑрӑл,tɵrɵl,tɵ.rɵl,2,RR,1,TRUE
тӑрӑла,tɵrɵla,tɵ.rɵ.la,3,RRF,11,TRUE
тӑрӑлан,tɵrɵlan,tɵ.rɵ.lan,3,RRF,,FALSE
тӑрӑлӑх,tɵrɵlɵx,tɵ.rɵ.lɵx,3,RRR,7,TRUE
тӑрӑллӑ,tɵrɵllɵ,tɵ.rɵl.lɵ,3,RRR,207,TRUE
тӑрӑлтар,tɵrɵltar,tɵ.rɵl.tar,3,RRF,,FALSE
тӑрӑлтат,tɵrɵltat,tɵ.rɵl.tat,3,RRF,2,TRUE
тӑрӑлтаттар,tɵrɵltattar,tɵ.rɵl.tat.tar,4,RRFF,,FALSE
тӑрӑлти,tɵrɵlti,tɵ.rɵl.ti,3,RRF,,FALSE
тӑрӑн,tɵrɵn,tɵ.rɵn,2,RR,373,TRUE
тӑрӑнлат,tɵrɵnlat,tɵ.rɵn.lat,3,RRF,,FALSE
тӑрӑнлаттар,tɵrɵnlattar,tɵ.rɵn.lat.tar,4,RRFF,,FALSE
тӑрӑнт,tɵrɵnt,tɵ.rɵnt,2,RR,4,TRUE
тӑрӑнтар,tɵrɵntar,tɵ.rɵn.tar,3,RRF,,FALSE
тӑрӑнти,tɵrɵnti,tɵ.rɵn.ti,3,RRF,23,TRUE
тӑрӑнчӑк,tɵrɵntɕɵk,tɵ.rɵn.tɕɵk,3,RRR,2,TRUE
тӑрӑпша,tɵrɵpʃa,tɵ.rɵp.ʃa,3,RRF,,FALSE
тӑрӑс,tɵrɵs,tɵ.rɵs,2,RR,97,TRUE
тӑрӑслат,tɵrɵslat,tɵ.rɵs.lat,3,RRF,,FALSE
тӑрӑслаттар,tɵrɵslattar,tɵ.rɵs.lat.tar,4,RRFF,2,TRUE
тӑрӑст,tɵrɵst,tɵ.rɵst,2,RR,34,TRUE
тӑрӑстлат,tɵrɵstlat,tɵ.rɵst.lat,3,RRF,,FALSE
тӑрӑстлаттар,tɵrɵstlattar,tɵ.rɵst.lat.tar,4,RRFF,,FALSE
тӑрӑх,tɵrɵx,tɵ.rɵx,2,RR,29297,TRUE
тӑрӑхла,tɵrɵxla,tɵ.rɵx.la,3,RRF,429,TRUE
тӑрӑхлав,tɵrɵxlaʋ,tɵ.rɵx.laʋ,3,RRF,7,TRUE
тӑрӑхлавлӑ,tɵrɵxlaʋlɵ,tɵ.rɵx.laʋ.lɵ,4,RRFR,4,TRUE
тӑрӑхлаттар,tɵrɵxlattar,tɵ.rɵx.lat.tar,4,RRFF,,FALSE
тӑрӑххӑн,tɵrɵxxɵn,tɵ.rɵx.xɵn,3,RRR,29,TRUE
тӑрӑш,tɵrɵʃ,tɵ.rɵʃ,2,RR,614,TRUE
тӑрӑштар,tɵrɵʃtar,tɵ.rɵʃ.tar,3,RRF,,FALSE
тӑрӑшу,tɵrɵʃu,tɵ.rɵ.ʃu,3,RRF,11,TRUE
тӑрӑшулӑх,tɵrɵʃulɵx,tɵ.rɵ.ʃu.lɵx,4,RRFR,90,TRUE
тӑрӑшуллӑ,tɵrɵʃullɵ,tɵ.rɵ.ʃul.lɵ,4,RRFR,667,TRUE
тӑрӑшуллӑн,tɵrɵʃullɵn,tɵ.rɵ.ʃul.lɵn,4,RRFR,5,TRUE
тӑрӑшусӑрлӑх,tɵrɵʃusɵrlɵx,tɵ.rɵ.ʃu.sɵr.lɵx,5,RRFRR,,FALSE
тӑри,tɵri,tɵ.ri,2,RF,477,TRUE
тӑрилле,tɵrille,tɵ.ril.le,3,RFF,2,TRUE
тӑркач,tɵrkatɕ,tɵr.katɕ,2,RF,47,TRUE
тӑркӑс,tɵrkɵs,tɵr.kɵs,2,RR,1,TRUE
тӑркӑч,tɵrkɵtɕ,tɵr.kɵtɕ,2,RR,14,TRUE
тӑркӑш,tɵrkɵʃ,tɵr.kɵʃ,2,RR,,FALSE
тӑрла,tɵrla,tɵr.la,2,RF,12,TRUE
тӑрлав,tɵrlaʋ,tɵr.laʋ,2,RF,6,TRUE
тӑрлавлӑ,tɵrlaʋlɵ,tɵr.laʋ.lɵ,3,RFR,21,TRUE
тӑрлавсӑр,tɵrlaʋsɵr,tɵr.laʋ.sɵr,3,RFR,131,TRUE
тӑрлавсӑрлан,tɵrlaʋsɵrlan,tɵr.laʋ.sɵr.lan,4,RFRF,,FALSE
тӑрлавсӑрлӑх,tɵrlaʋsɵrlɵx,tɵr.laʋ.sɵr.lɵx,4,RFRR,,FALSE
тӑрлак,tɵrlak,tɵr.lak,2,RF,,FALSE
тӑрлат,tɵrlat,tɵr.lat,2,RF,1,TRUE
тӑрлаттар,tɵrlattar,tɵr.lat.tar,3,RFF,,FALSE
тӑрлинк,tɵrlink,tɵr.link,2,RF,2,TRUE
тӑрмавҫӑ,tɵrmaʋɕɵ,tɵr.maʋ.ɕɵ,3,RFR,,FALSE
тӑрмаклан,tɵrmaklan,tɵr.mak.lan,3,RFF,,FALSE
тӑрмала,tɵrmala,tɵr.ma.la,3,RFF,6,TRUE
тӑрмалан,tɵrmalan,tɵr.ma.lan,3,RFF,1,TRUE
тӑрмаланчӑк,tɵrmalantɕɵk,tɵr.ma.lan.tɕɵk,4,RFFR,24,TRUE
тӑрмаш,tɵrmaʃ,tɵr.maʃ,2,RF,6,TRUE
тӑрмаштар,tɵrmaʃtar,tɵr.maʃ.tar,3,RFF,,FALSE
тӑрмашу,tɵrmaʃu,tɵr.ma.ʃu,3,RFF,4,TRUE
тӑрмӑш,tɵrmɵʃ,tɵr.mɵʃ,2,RR,194,TRUE
тӑрмӑшлӑ,tɵrmɵʃlɵ,tɵr.mɵʃ.lɵ,3,RRR,,FALSE
тӑрн,tɵrn,tɵrn,1,R,,FALSE
тӑрна,tɵrna,tɵr.na,2,RF,355,TRUE
тӑрнай,tɵrnaj,tɵr.naj,2,RF,3,TRUE
тӑрнаккай,tɵrnakkaj,tɵr.nak.kaj,3,RFF,57,TRUE
тӑрнашка,tɵrnaʃka,tɵr.naʃ.ka,3,RFF,5,TRUE
тӑрнашкалан,tɵrnaʃkalan,tɵr.naʃ.ka.lan,4,RFFF,,FALSE
тӑрнашкаллӑ,tɵrnaʃkallɵ,tɵr.naʃ.kal.lɵ,4,RFFR,3,TRUE
тӑрпа,tɵrpa,tɵr.pa,2,RF,9,TRUE
тӑрпалтай,tɵrpaltaj,tɵr.pal.taj,3,RFF,20,TRUE
тӑрпашка,tɵrpaʃka,tɵr.paʃ.ka,3,RFF,1,TRUE
тӑрс,tɵrs,tɵrs,1,R,27,TRUE
тӑрслат,tɵrslat,tɵrs.lat,2,RF,,FALSE
тӑрслаттар,tɵrslattar,tɵrs.lat.tar,3,RFF,,FALSE
тӑрта,tɵrta,tɵr.ta,2,RF,8,TRUE
тӑртан,tɵrtan,tɵr.tan,2,RF,3,TRUE
тӑртанчӑк,tɵrtantɕɵk,tɵr.tan.tɕɵk,3,RFR,8,TRUE
тӑртти,tɵrtti,tɵrt.ti,2,RF,1,TRUE
тӑрттилен,tɵrttilen,tɵrt.ti.len,3,RFF,,FALSE
тӑрук,tɵruk,tɵ.ruk,2,RF,848,TRUE
тӑруккӑн,tɵrukkɵn,tɵ.ruk.kɵn,3,RFR,7,TRUE
тӑрхала,tɵrxala,tɵr.xa.la,3,RFF,11,TRUE
тӑршӑ,tɵrʃɵ,tɵr.ʃɵ,2,RR,,FALSE
тӑршӑн,tɵrʃɵn,tɵr.ʃɵn,2,RR,,FALSE
тӑршӑнчӑк,tɵrʃɵntɕɵk,tɵr.ʃɵn.tɕɵk,3,RRR,,FALSE
тӑршшӗ,tɵrʃʃø,tɵrʃ.ʃø,2,RR,4652,TRUE
тӑршшӗпе,tɵrʃʃøpe,tɵrʃ.ʃø.pe,3,RRF,958,TRUE
тӑръя,tɵrja,tɵr.ja,2,RF,,FALSE
тӑс,tɵs,tɵs,1,R,66,TRUE
тӑсӑк,tɵsɵk,tɵ.sɵk,2,RR,16,TRUE
тӑсӑл,tɵsɵl,tɵ.sɵl,2,RR,4,TRUE
тӑсӑм,tɵsɵm,tɵ.sɵm,2,RR,7,TRUE
тӑсӑмлӑ,tɵsɵmlɵ,tɵ.sɵm.lɵ,3,RRR,8,TRUE
тӑскалан,tɵskalan,tɵs.ka.lan,3,RFF,,FALSE
тӑслак,tɵslak,tɵs.lak,2,RF,3,TRUE
тӑсланкӑ,tɵslankɵ,tɵs.lan.kɵ,3,RFR,223,TRUE
тӑсланчӑк,tɵslantɕɵk,tɵs.lan.tɕɵk,3,RFR,1,TRUE
тӑсмак,tɵsmak,tɵs.mak,2,RF,11,TRUE
тӑсмака,tɵsmaka,tɵs.ma.ka,3,RFF,15,TRUE
тӑсмаклан,tɵsmaklan,tɵs.mak.lan,3,RFF,,FALSE
тӑстар,tɵstar,tɵs.tar,2,RF,,FALSE
тӑтӑрха,tɵtɵrxa,tɵ.tɵr.xa,3,RRF,2,TRUE
тӑтӑрхаллӑ,tɵtɵrxallɵ,tɵ.tɵr.xal.lɵ,4,RRFR,3,TRUE
тӑтӑрхасӑр,tɵtɵrxasɵr,tɵ.tɵr.xa.sɵr,4,RRFR,1,TRUE
тӑтӑхлӑ,tɵtɵxlɵ,tɵ.tɵx.lɵ,3,RRR,2,TRUE
тӑтӑш,tɵtɵʃ,tɵ.tɵʃ,2,RR,654,TRUE
тӑтӑшӑн,tɵtɵʃɵn,tɵ.tɵ.ʃɵn,3,RRR,2,TRUE
тӑтӑшла,tɵtɵʃla,tɵ.tɵʃ.la,3,RRF,,FALSE
тӑтӑшлан,tɵtɵʃlan,tɵ.tɵʃ.lan,3,RRF,,FALSE
тӑтӑшшӑн,tɵtɵʃʃɵn,tɵ.tɵʃ.ʃɵn,3,RRR,8,TRUE
тӑтха,tɵtxa,tɵt.xa,2,RF,1,TRUE
тӑтхаллӑ,tɵtxallɵ,tɵt.xal.lɵ,3,RFR,,FALSE
тӑх,tɵx,tɵx,1,R,16,TRUE
тӑха,tɵxa,tɵ.xa,2,RF,21,TRUE
тӑхала,tɵxala,tɵ.xa.la,3,RFF,,FALSE
тӑхар,tɵxar,tɵ.xar,2,RF,5,TRUE
тӑхӑм,tɵxɵm,tɵ.xɵm,2,RR,53,TRUE
тӑхӑн,tɵxɵn,tɵ.xɵn,2,RR,177,TRUE
тӑхӑнтар,tɵxɵntar,tɵ.xɵn.tar,3,RRF,14,TRUE
тӑхӑнтарт,tɵxɵntart,tɵ.xɵn.tart,3,RRF,6,TRUE
тӑхӑр,tɵxɵr,tɵ.xɵr,2,RR,1572,TRUE
тӑхӑрвун,tɵxɵrʋun,tɵ.xɵr.ʋun,3,RRF,69,TRUE
тӑхӑрвунӑ,tɵxɵrʋunɵ,tɵ.xɵr.ʋu.nɵ,4,RRFR,30,TRUE
тӑхӑрвуннӑ,tɵxɵrʋunnɵ,tɵ.xɵr.ʋun.nɵ,4,RRFR,11,TRUE
тӑхӑрвуннӑмӗш,tɵxɵrʋunnɵmøʃ,tɵ.xɵr.ʋun.nɵ.møʃ,5,RRFRR,15,TRUE
тӑхӑрҫӗр,tɵxɵrɕør,tɵ.xɵr.ɕør,3,RRR,88,TRUE
тӑхӑршар,tɵxɵrʃar,tɵ.xɵr.ʃar,3,RRF,7,TRUE
тӑхӑршарӑн,tɵxɵrʃarɵn,tɵ.xɵr.ʃa.rɵn,4,RRFR,,FALSE
тӑхлан,tɵxlan,tɵx.lan,2,RF,378,TRUE
тӑхланла,tɵxlanla,tɵx.lan.la,3,RFF,,FALSE
тӑхланлаттар,tɵxlanlattar,tɵx.lan.lat.tar,4,RFFF,,FALSE
тӑхлач,tɵxlatɕ,tɵx.latɕ,2,RF,72,TRUE
тӑхлачӑ,tɵxlatɕɵ,tɵx.la.tɕɵ,3,RFR,212,TRUE
тӑхра,tɵxra,tɵx.ra,2,RF,1,TRUE
тӑхран,tɵxran,tɵx.ran,2,RF,13,TRUE
тӑхҫа,tɵxɕa,tɵx.ɕa,2,RF,2,TRUE
тӑхҫала,tɵxɕala,tɵx.ɕa.la,3,RFF,,FALSE
тӑхҫалан,tɵxɕalan,tɵx.ɕa.lan,3,RFF,,FALSE
тӑхта,tɵxta,tɵx.ta,2,RF,1184,TRUE
тӑхтав,tɵxtaʋ,tɵx.taʋ,2,RF,250,TRUE
тӑхтаттар,tɵxtattar,tɵx.tat.tar,3,RFF,,FALSE
тӑххӑр,tɵxxɵr,tɵx.xɵr,2,RR,153,TRUE
тӑххӑрӑн,tɵxxɵrɵn,tɵx.xɵ.rɵn,3,RRR,50,TRUE
тӑххӑрӑшӗ,tɵxxɵrɵʃø,tɵx.xɵ.rɵ.ʃø,4,RRRR,36,TRUE
тӑххӑрмӗш,tɵxxɵrmøʃ,tɵx.xɵr.møʃ,3,RRR,383,TRUE
тӑч,tɵtɕ,tɵtɕ,1,R,11,TRUE
тӑчтач,tɵtɕtatɕ,tɵtɕ.tatɕ,2,RF,,FALSE
тӑчӑ,tɵtɕɵ,tɵ.tɕɵ,2,RR,32,TRUE
тӑчӑлат,tɵtɕɵlat,tɵ.tɕɵ.lat,3,RRF,,FALSE
тӑчӑлӑх,tɵtɕɵlɵx,tɵ.tɕɵ.lɵx,3,RRR,,FALSE
тӑш,tɵʃ,tɵʃ,1,R,12,TRUE
тӑшӑрӑл,tɵʃɵrɵl,tɵ.ʃɵ.rɵl,3,RRR,,FALSE
тӑшка,tɵʃka,tɵʃ.ka,2,RF,,FALSE
тӑшлӑ,tɵʃlɵ,tɵʃ.lɵ,2,RR,1,TRUE
тӑшман,tɵʃman,tɵʃ.man,2,RF,3520,TRUE
тӑшманӑн,tɵʃmanɵn,tɵʃ.ma.nɵn,3,RFR,296,TRUE
тӑшманла,tɵʃmanla,tɵʃ.man.la,3,RFF,39,TRUE
тӑшманлӑх,tɵʃmanlɵx,tɵʃ.man.lɵx,3,RFR,5,TRUE
твист,tʋist,tʋist,1,F,5,TRUE
те,te,te,1,F,427604,TRUE
театр,teatr,te.atr,2,FF,2721,TRUE
тевек,teʋek,te.ʋek,2,FF,3,TRUE
тевет,teʋet,te.ʋet,2,FF,83,TRUE
теветкел,teʋetkel,te.ʋet.kel,3,FFF,205,TRUE
теветкеле,teʋetkele,te.ʋet.ke.le,4,FFFF,9,TRUE
теветкелле,teʋetkelle,te.ʋet.kel.le,4,FFFF,5,TRUE
теветкеллен,teʋetkellen,te.ʋet.kel.len,4,FFFF,,FALSE
теветкеллӗ,teʋetkellø,te.ʋet.kel.lø,4,FFFR,70,TRUE
теветкеллӗх,teʋetkelløx,te.ʋet.kel.løx,4,FFFR,23,TRUE
теветкелсӗр,teʋetkelsør,te.ʋet.kel.sør,4,FFFR,,FALSE
теветлӗ,teʋetlø,te.ʋet.lø,3,FFR,29,TRUE
тевӗш,teʋøʃ,te.ʋøʃ,2,FR,9,TRUE
тейӗпӗр,tejøpør,te.jø.pør,3,FRR,611,TRUE
тейӗр,tejør,te.jør,2,FR,196,TRUE
тек,tek,tek,1,F,3376,TRUE
текерлӗк,tekerløk,te.ker.løk,3,FFR,73,TRUE
текст,tekst,tekst,1,F,495,TRUE
теле,tele,te.le,2,FF,82,TRUE
телее,telee,te.le.e,3,FFF,1335,TRUE
телей,telej,te.lej,2,FF,5215,TRUE
телейлӗ,telejlø,te.lej.lø,3,FFR,4552,TRUE
телейлӗн,telejløn,te.lej.løn,3,FFR,176,TRUE
телейлӗх,telejløx,te.lej.løx,3,FFR,22,TRUE
телейсӗр,telejsør,te.lej.sør,3,FFR,718,TRUE
телейсӗрлен,telejsørlen,te.lej.sør.len,4,FFRF,,FALSE
телейсӗрлет,telejsørlet,te.lej.sør.let,4,FFRF,,FALSE
телейсӗрлӗх,telejsørløx,te.lej.sør.løx,4,FFRR,7,TRUE
телеметри,telemetri,te.le.met.ri,4,FFFF,9,TRUE
телемеханика,telemexanika,te.le.me.xa.ni.ka,6,FFFFFF,1,TRUE
теленӳ,teleny,te.le.ny,3,FFF,,FALSE
телепати,telepati,te.le.pa.ti,4,FFFF,5,TRUE
телетайп,teletajp,te.le.tajp,3,FFF,1,TRUE
тем,tem,tem,1,F,16668,TRUE
тема,tema,te.ma,2,FF,517,TRUE
тематикӑлла,tematikɵlla,te.ma.ti.kɵl.la,5,FFFRF,22,TRUE
темерӗн,temerøn,te.me.røn,3,FFR,333,TRUE
темӗн,temøn,te.møn,2,FR,4818,TRUE
темӗнле,temønle,te.møn.le,3,FRF,3008,TRUE
темӗнччен,temøntɕtɕen,te.møntɕ.tɕen,3,FRF,192,TRUE
темӗншӗн,temønʃøn,te.møn.ʃøn,3,FRR,78,TRUE
темӗскер,temøsker,te.møs.ker,3,FRF,516,TRUE
темӗскерле,temøskerle,te.møs.ker.le,4,FRFF,67,TRUE
темиҫе,temiɕe,te.mi.ɕe,3,FFF,15369,TRUE
темиҫемӗш,temiɕemøʃ,te.mi.ɕe.møʃ,4,FFFR,10,TRUE
темиҫен,temiɕen,te.mi.ɕen,3,FFF,276,TRUE
темиҫешер,temiɕeʃer,te.mi.ɕe.ʃer,4,FFFF,119,TRUE
темиҫешерӗн,temiɕeʃerøn,te.mi.ɕe.ʃe.røn,5,FFFFR,4,TRUE
темле,temle,tem.le,2,FF,6286,TRUE
темме,temme,tem.me,2,FF,138,TRUE
темп,temp,temp,1,F,16,TRUE
темперамент,temperament,tem.pe.ra.ment,4,FFFF,1,TRUE
темпераментлӑ,temperamentlɵ,tem.pe.ra.ment.lɵ,5,FFFFR,5,TRUE
температура,temperatura,tem.pe.ra.tu.ra,5,FFFFF,300,TRUE
темскер,temsker,tems.ker,2,FF,1207,TRUE
темскерле,temskerle,tems.ker.le,3,FFF,48,TRUE
темтепӗр,temtepør,tem.te.pør,3,FFR,185,TRUE
темччен,temtɕtɕen,temtɕ.tɕen,2,FF,252,TRUE
темшӗн,temʃøn,tem.ʃøn,2,FR,3474,TRUE
тен,ten,ten,1,F,16536,TRUE
тенепле,teneple,te.nep.le,3,FFF,4,TRUE
тенешкел,teneʃkel,te.neʃ.kel,3,FFF,135,TRUE
тени,teni,te.ni,2,FF,5057,TRUE
тенкел,tenkel,ten.kel,2,FF,547,TRUE
тенкӗ,tenkø,ten.kø,2,FR,14362,TRUE
тенкӗли,tenkøli,ten.kø.li,3,FRF,,FALSE
тенкӗшер,tenkøʃer,ten.kø.ʃer,3,FRF,10,TRUE
теннис,tennis,ten.nis,2,FF,173,TRUE
теннисла,tennisla,ten.nis.la,3,FFF,85,TRUE
теннисҫӗ,tennisɕø,ten.nis.ɕø,3,FFR,,FALSE
тент,tent,tent,1,F,5,TRUE
теп,tep,tep,1,F,364,TRUE
тепе,tepe,te.pe,2,FF,34,TRUE
тепӗр,tepør,te.pør,2,FR,36405,TRUE
тепӗртак,tepørtak,te.pør.tak,3,FRF,102,TRUE
тепӗртакран,tepørtakran,te.pør.tak.ran,4,FRFF,422,TRUE
теплавус,teplaʋus,tep.la.ʋus,3,FFF,,FALSE
тепле,teple,tep.le,2,FF,357,TRUE
теплелле,teplelle,tep.lel.le,3,FFF,6,TRUE
теплерен,tepleren,tep.le.ren,3,FFF,98,TRUE
теплеттер,tepletter,tep.let.ter,3,FFF,,FALSE
тепре,tepre,tep.re,2,FF,3860,TRUE
тепрер,teprer,tep.rer,2,FF,308,TRUE
тепрере,teprere,tep.re.re,3,FFF,,FALSE
тепрехинче,teprexintɕe,tep.re.xin.tɕe,4,FFFF,480,TRUE
тепреччен,tepretɕtɕen,tep.retɕ.tɕen,3,FFF,1,TRUE
тепри,tepri,tep.ri,2,FF,5270,TRUE
терапевт,terapeʋt,te.ra.peʋt,3,FFF,94,TRUE
терапи,terapi,te.ra.pi,3,FFF,89,TRUE
тери,teri,te.ri,2,FF,9207,TRUE
терка,terka,ter.ka,2,FF,76,TRUE
термен,termen,ter.men,2,FF,43,TRUE
терменлӗ,termenlø,ter.men.lø,3,FFR,1,TRUE
термин,termin,ter.min,2,FF,242,TRUE
термит,termit,ter.mit,2,FF,3,TRUE
тернар,ternar,ter.nar,2,FF,,FALSE
террариум,terrarium,ter.ra.ri.um,4,FFFF,,FALSE
терраса,terrasa,ter.ra.sa,3,FFF,13,TRUE
терт,tert,tert,1,F,441,TRUE
тертасап,tertasap,ter.ta.sap,3,FFF,,FALSE
тертхастар,tertxastar,tert.xas.tar,3,FFF,,FALSE
тертхур,tertxur,tert.xur,2,FF,,FALSE
тертлен,tertlen,tert.len,2,FF,9,TRUE
тертлентер,tertlenter,tert.len.ter,3,FFF,7,TRUE
тертленӳ,tertleny,tert.le.ny,3,FFF,8,TRUE
тертлӗ,tertlø,tert.lø,2,FR,222,TRUE
тертлӗшарлӑ,tertløʃarlɵ,tert.lø.ʃar.lɵ,4,FRFR,,FALSE
тертлӗн,tertløn,tert.løn,2,FR,15,TRUE
тертлӗх,tertløx,tert.løx,2,FR,1,TRUE
тертсӗр,tertsør,ter.tsør,2,FR,8,TRUE
тесак,tesak,te.sak,2,FF,3,TRUE
тестер,tester,tes.ter,2,FF,,FALSE
теҫетке,teɕetke,te.ɕet.ke,3,FFF,424,TRUE
теҫеткешер,teɕetkeʃer,te.ɕet.ke.ʃer,4,FFFF,3,TRUE
теҫетник,teɕetnik,te.ɕet.nik,3,FFF,42,TRUE
теҫеттин,teɕettin,te.ɕet.tin,3,FFF,102,TRUE
теҫӗл,teɕøl,te.ɕøl,2,FR,4,TRUE
теҫҫӗ,teɕɕø,teɕ.ɕø,2,FR,11178,TRUE
тет,tet,tet,1,F,21557,TRUE
тете,tete,te.te,2,FF,991,TRUE
тетел,tetel,te.tel,2,FF,162,TRUE
тетте,tette,tet.te,2,FF,712,TRUE
техӗм,texøm,te.xøm,2,FR,30,TRUE
техӗмлӗ,texømlø,te.xøm.lø,3,FRR,350,TRUE
техӗмсӗр,texømsør,te.xøm.sør,3,FRR,2,TRUE
техӗмсӗрлен,texømsørlen,te.xøm.sør.len,4,FRRF,,FALSE
техӗмсӗрлӗх,texømsørløx,te.xøm.sør.løx,4,FRRR,1,TRUE
техник,texnik,tex.nik,2,FF,120,TRUE
техника,texnika,tex.ni.ka,3,FFF,2787,TRUE
техникӑлла,texnikɵlla,tex.ni.kɵl.la,4,FFRF,11,TRUE
техникум,texnikum,tex.ni.kum,3,FFF,221,TRUE
тӗве,tøʋe,tø.ʋe,2,RF,215,TRUE
тӗвӗ,tøʋø,tø.ʋø,2,RR,99,TRUE
тӗвӗле,tøʋøle,tø.ʋø.le,3,RRF,,FALSE
тӗвӗлен,tøʋølen,tø.ʋø.len,3,RRF,2,TRUE
тӗвӗлентер,tøʋølenter,tø.ʋø.len.ter,4,RRFF,,FALSE
тӗвӗллӗ,tøʋøllø,tø.ʋøl.lø,3,RRR,7,TRUE
тӗвӗллӗшакӑллӑ,tøʋølløʃakɵllɵ,tø.ʋøl.lø.ʃa.kɵl.lɵ,6,RRRFRR,,FALSE
тӗвӗн,tøʋøn,tø.ʋøn,2,RR,,FALSE
тӗвик,tøʋik,tø.ʋik,2,RF,22,TRUE
тӗвиклет,tøʋiklet,tø.ʋik.let,3,RFF,,FALSE
тӗк,tøk,tøk,1,R,3057,TRUE
тӗкҫӳҫ,tøkɕyɕ,tøk.ɕyɕ,2,RF,,FALSE
тӗктӑмал,tøktɵmal,tøk.tɵ.mal,3,RRF,,FALSE
тӗкел,tøkel,tø.kel,2,RF,586,TRUE
тӗкетмӗш,tøketmøʃ,tø.ket.møʃ,3,RFR,3,TRUE
тӗкӗ,tøkø,tø.kø,2,RR,180,TRUE
тӗкӗлтӗкӗл,tøkøltøkøl,tø.køl.tø.køl,4,RRRR,,FALSE
тӗкӗле,tøkøle,tø.kø.le,3,RRF,2,TRUE
тӗкӗлтет,tøkøltet,tø.køl.tet,3,RRF,,FALSE
тӗкӗлтеттер,tøkøltetter,tø.køl.tet.ter,4,RRFF,,FALSE
тӗкӗлтура,tøkøltura,tø.køl.tu.ra,4,RRFF,42,TRUE
тӗкӗн,tøkøn,tø.køn,2,RR,123,TRUE
тӗкӗр,tøkør,tø.kør,2,RR,773,TRUE
тӗкӗртӗкӗр,tøkørtøkør,tø.kør.tø.kør,4,RRRR,,FALSE
тӗкӗрле,tøkørle,tø.kør.le,3,RRF,4,TRUE
тӗкӗрлӗ,tøkørlø,tø.kør.lø,3,RRR,16,TRUE
тӗкӗрҫӗ,tøkørɕø,tø.kør.ɕø,3,RRR,59,TRUE
тӗкӗчӗ,tøkøtɕø,tø.kø.tɕø,3,RRR,,FALSE
тӗкӗш,tøkøʃ,tø.køʃ,2,RR,1,TRUE
тӗкӗштер,tøkøʃter,tø.køʃ.ter,3,RRF,,FALSE
тӗккелеш,tøkkeleʃ,tøk.ke.leʃ,3,RFF,,FALSE
тӗклен,tøklen,tøk.len,2,RF,,FALSE
тӗклентер,tøklenter,tøk.len.ter,3,RFF,,FALSE
тӗклӗ,tøklø,tøk.lø,2,RR,56,TRUE
тӗкме,tøkme,tøk.me,2,RF,99,TRUE
тӗксӗлми,tøksølmi,tøk.søl.mi,3,RRF,1,TRUE
тӗксӗм,tøksøm,tøk.søm,2,RR,1064,TRUE
тӗксӗмлен,tøksømlen,tøk.søm.len,3,RRF,2,TRUE
тӗксӗмлентер,tøksømlenter,tøk.søm.len.ter,4,RRFF,,FALSE
тӗксӗмлет,tøksømlet,tøk.søm.let,3,RRF,5,TRUE
тӗксӗмлӗх,tøksømløx,tøk.søm.løx,3,RRR,,FALSE
тӗксӗммӗн,tøksømmøn,tøk.søm.møn,3,RRR,67,TRUE
тӗксӗр,tøksør,tøk.sør,2,RR,12,TRUE
тӗктер,tøkter,tøk.ter,2,RF,,FALSE
тӗл,tøl,tøl,1,R,17754,TRUE
тӗлйӗр,tøljør,tøl.jør,2,RR,,FALSE
тӗлтӗл,tøltøl,tøl.tøl,2,RR,,FALSE
тӗлӗтӗлӗпе,tøløtøløpe,tø.lø.tø.lø.pe,5,RRRRF,,FALSE
тӗлӗк,tøløk,tø.løk,2,RR,1426,TRUE
тӗлӗкле,tøløkle,tø.løk.le,3,RRF,5,TRUE
тӗлӗклен,tøløklen,tø.løk.len,3,RRF,,FALSE
тӗлӗн,tøløn,tø.løn,2,RR,90,TRUE
тӗлӗнмелле,tølønmelle,tø.løn.mel.le,4,RRFF,4114,TRUE
тӗлӗнтер,tølønter,tø.løn.ter,3,RRF,124,TRUE
тӗлӗнтермӗш,tøløntermøʃ,tø.løn.ter.møʃ,4,RRFR,1232,TRUE
тӗлӗнтермӗшле,tøløntermøʃle,tø.løn.ter.møʃ.le,5,RRFRF,10,TRUE
тӗлӗнӳ,tøløny,tø.lø.ny,3,RRF,14,TRUE
тӗлӗнчӗк,tøløntɕøk,tø.løn.tɕøk,3,RRR,1,TRUE
тӗлӗпе,tøløpe,tø.lø.pe,3,RRF,134,TRUE
тӗлӗр,tølør,tø.lør,2,RR,3,TRUE
тӗлӗрӳ,tøløry,tø.lø.ry,3,RRF,9,TRUE
тӗлӗш,tøløʃ,tø.løʃ,2,RR,17,TRUE
тӗлӗшшӗн,tøløʃʃøn,tø.løʃ.ʃøn,3,RRR,8,TRUE
тӗлкӗш,tølkøʃ,tøl.køʃ,2,RR,2,TRUE
тӗлкӗшет,tølkøʃet,tøl.kø.ʃet,3,RRF,65,TRUE
тӗлкӗштер,tølkøʃter,tøl.køʃ.ter,3,RRF,,FALSE
тӗлл,tøll,tøll,1,R,3,TRUE
тӗлле,tølle,tøl.le,2,RF,47,TRUE
тӗллев,tølleʋ,tøl.leʋ,2,RF,2467,TRUE
тӗллевсӑлтав,tølleʋsɵltaʋ,tøl.leʋ.sɵl.taʋ,4,RFRF,,FALSE
тӗллевлӗ,tølleʋlø,tøl.leʋ.lø,3,RFR,849,TRUE
тӗллевлӗн,tølleʋløn,tøl.leʋ.løn,3,RFR,173,TRUE
тӗллевлӗх,tølleʋløx,tøl.leʋ.løx,3,RFR,6,TRUE
тӗллевсӗр,tølleʋsør,tøl.leʋ.sør,3,RFR,96,TRUE
тӗллевсӗрлӗх,tølleʋsørløx,tøl.leʋ.sør.løx,4,RFRR,3,TRUE
тӗллен,tøllen,tøl.len,2,RF,31,TRUE
тӗллентер,tøllenter,tøl.len.ter,3,RFF,,FALSE
тӗллеттер,tølletter,tøl.let.ter,3,RFF,1,TRUE
тӗллӗ,tøllø,tøl.lø,2,RR,94,TRUE
тӗллӗн,tølløn,tøl.løn,2,RR,3296,TRUE
тӗллипалли,tøllipalli,tøl.li.pal.li,4,RFFF,,FALSE
тӗллипаллисӗр,tøllipallisør,tøl.li.pal.li.sør,5,RFFFR,7,TRUE
тӗллик,tøllik,tøl.lik,2,RF,,FALSE
тӗлметӗл,tølmetøl,tøl.me.tøl,3,RFR,,FALSE
тӗлмӗр,tølmør,tøl.mør,2,RR,,FALSE
тӗлпулу,tølpulu,tøl.pu.lu,3,RFF,1550,TRUE
тӗлсӗр,tølsør,tøl.sør,2,RR,222,TRUE
тӗлсӗрйӗрсӗр,tølsørjørsør,tøl.sør.jør.sør,4,RRRR,,FALSE
тӗлсӗррӗн,tølsørrøn,tøl.sør.røn,3,RRR,29,TRUE
тӗлт,tølt,tølt,1,R,3,TRUE
тӗлтлет,tøltlet,tølt.let,2,RF,,FALSE
тӗм,tøm,tøm,1,R,635,TRUE
тӗме,tøme,tø.me,2,RF,94,TRUE
тӗмел,tømel,tø.mel,2,RF,1,TRUE
тӗмелен,tømelen,tø.me.len,3,RFF,,FALSE
тӗмеллӗ,tømellø,tø.mel.lø,3,RFR,2,TRUE
тӗмен,tømen,tø.men,2,RF,235,TRUE
тӗмеске,tømeske,tø.mes.ke,3,RFF,190,TRUE
тӗмескеле,tømeskele,tø.mes.ke.le,4,RFFF,,FALSE
тӗмескелен,tømeskelen,tø.mes.ke.len,4,RFFF,,FALSE
тӗмескеллӗ,tømeskellø,tø.mes.kel.lø,4,RFFR,12,TRUE
тӗмӗ,tømø,tø.mø,2,RR,358,TRUE
тӗмӗн,tømøn,tø.møn,2,RR,24,TRUE
тӗмле,tømle,tøm.le,2,RF,2,TRUE
тӗмлен,tømlen,tøm.len,2,RF,,FALSE
тӗмлӗ,tømlø,tøm.lø,2,RR,2,TRUE
тӗмпек,tømpek,tøm.pek,2,RF,8,TRUE
тӗмпӗлтӗмпӗл,tømpøltømpøl,tøm.pøl.tøm.pøl,4,RRRR,,FALSE
тӗмпӗр,tømpør,tøm.pør,2,RR,27,TRUE
тӗмпӗртет,tømpørtet,tøm.pør.tet,3,RRF,1,TRUE
тӗмпӗртеттер,tømpørtetter,tøm.pør.tet.ter,4,RRFF,,FALSE
тӗмсӗл,tømsøl,tøm.søl,2,RR,,FALSE
тӗмсӗлтер,tømsølter,tøm.søl.ter,3,RRF,,FALSE
тӗмсӗлӳ,tømsøly,tøm.sø.ly,3,RRF,5,TRUE
тӗмсӗр,tømsør,tøm.sør,2,RR,1,TRUE
тӗмсӗрт,tømsørt,tøm.sørt,2,RR,,FALSE
тӗн,tøn,tøn,1,R,1503,TRUE
тӗнтӗшмӗш,tøntøʃmøʃ,tøn.tøʃ.møʃ,3,RRR,,FALSE
тӗнӗ,tønø,tø.nø,2,RR,398,TRUE
тӗнӗл,tønøl,tø.nøl,2,RR,41,TRUE
тӗнӗллӗ,tønøllø,tø.nøl.lø,3,RRR,9,TRUE
тӗнӗр,tønør,tø.nør,2,RR,4,TRUE
тӗнк,tønk,tønk,1,R,1,TRUE
тӗнкел,tønkel,tøn.kel,2,RF,,FALSE
тӗнкӗл,tønkøl,tøn.køl,2,RR,31,TRUE
тӗнкӗлт,tønkølt,tøn.kølt,2,RR,5,TRUE
тӗнкӗлтет,tønkøltet,tøn.køl.tet,3,RRF,1,TRUE
тӗнкӗлтеттер,tønkøltetter,tøn.køl.tet.ter,4,RRFF,,FALSE
тӗнкӗлти,tønkølti,tøn.køl.ti,3,RRF,13,TRUE
тӗнкке,tønkke,tønk.ke,2,RF,,FALSE
тӗнккев,tønkkeʋ,tønk.keʋ,2,RF,,FALSE
тӗнккевлӗ,tønkkeʋlø,tønk.keʋ.lø,3,RFR,,FALSE
тӗнккес,tønkkes,tønk.kes,2,RF,2,TRUE
тӗнклет,tønklet,tønk.let,2,RF,,FALSE
тӗнлӗ,tønlø,tøn.lø,2,RR,19,TRUE
тӗнлӗх,tønløx,tøn.løx,2,RR,,FALSE
тӗнсӗр,tønsør,tøn.sør,2,RR,28,TRUE
тӗнт,tønt,tønt,1,R,2,TRUE
тӗнче,tøntɕe,tøn.tɕe,2,RF,12487,TRUE
тӗп,tøp,tøp,1,R,23087,TRUE
тӗпйӗр,tøpjør,tøp.jør,2,RR,,FALSE
тӗпйӗрке,tøpjørke,tøp.jør.ke,3,RRF,,FALSE
тӗптӗрӗс,tøptørøs,tøp.tø.røs,3,RRR,1,TRUE
тӗптӗттӗм,tøptøttøm,tøp.tøt.tøm,3,RRR,,FALSE
тӗпек,tøpek,tø.pek,2,RF,26,TRUE
тӗпекле,tøpekle,tø.pek.le,3,RFF,,FALSE
тӗпеклен,tøpeklen,tø.pek.len,3,RFF,,FALSE
тӗпеклентер,tøpeklenter,tø.pek.len.ter,4,RFFF,,FALSE
тӗпеклӗ,tøpeklø,tø.pek.lø,3,RFR,22,TRUE
тӗпел,tøpel,tø.pel,2,RF,306,TRUE
тӗпӗйӗрӗпе,tøpøjørøpe,tø.pø.jø.rø.pe,5,RRRRF,17,TRUE
тӗпӗйӗркипе,tøpøjørkipe,tø.pø.jør.ki.pe,5,RRRFF,,FALSE
тӗпӗтымарӗпе,tøpøtʉmarøpe,tø.pø.tʉ.ma.rø.pe,6,RRFFRF,,FALSE
тӗпӗл,tøpøl,tø.pøl,2,RR,7,TRUE
тӗпӗлтет,tøpøltet,tø.pøl.tet,3,RRF,,FALSE
тӗпӗлтеттер,tøpøltetter,tø.pøl.tet.ter,4,RRFF,,FALSE
тӗпӗпе,tøpøpe,tø.pø.pe,3,RRF,129,TRUE
тӗпӗпех,tøpøpex,tø.pø.pex,3,RRF,19,TRUE
тӗпӗр,tøpør,tø.pør,2,RR,123,TRUE
тӗпӗртепӗр,tøpørtepør,tø.pør.te.pør,4,RRFR,,FALSE
тӗпӗрт,tøpørt,tø.pørt,2,RR,10,TRUE
тӗпӗртет,tøpørtet,tø.pør.tet,3,RRF,4,TRUE
тӗпӗртеттер,tøpørtetter,tø.pør.tet.ter,4,RRFF,,FALSE
тӗпӗртетӳ,tøpørtety,tø.pør.te.ty,4,RRFF,2,TRUE
тӗпӗртӗк,tøpørtøk,tø.pør.tøk,3,RRR,6,TRUE
тӗпкӗч,tøpkøtɕ,tøp.køtɕ,2,RR,27,TRUE
тӗпле,tøple,tøp.le,2,RF,6,TRUE
тӗплен,tøplen,tøp.len,2,RF,21,TRUE
тӗплеттер,tøpletter,tøp.let.ter,3,RFF,,FALSE
тӗплӗ,tøplø,tøp.lø,2,RR,1839,TRUE
тӗплӗн,tøpløn,tøp.løn,2,RR,3013,TRUE
тӗппӗлтӗппӗл,tøppøltøppøl,tøp.pøl.tøp.pøl,4,RRRR,,FALSE
тӗппи,tøppi,tøp.pi,2,RF,72,TRUE
тӗппипе,tøppipe,tøp.pi.pe,3,RFF,154,TRUE
тӗпрен,tøpren,tøp.ren,2,RF,1826,TRUE
тӗпренчӗк,tøprentɕøk,tøp.ren.tɕøk,3,RFR,182,TRUE
тӗпренчӗкӗн,tøprentɕøkøn,tøp.ren.tɕø.køn,4,RFRR,64,TRUE
тӗпрет,tøpret,tøp.ret,2,RF,5,TRUE
тӗпри,tøpri,tøp.ri,2,RF,70,TRUE
тӗпсакай,tøpsakaj,tøp.sa.kaj,3,RFF,58,TRUE
тӗпсӗр,tøpsør,tøp.sør,2,RR,587,TRUE
тӗпсӗрйӑхсӑр,tøpsørjɵxsɵr,tøp.sør.jɵx.sɵr,4,RRRR,,FALSE
тӗпсӗрйӗрсӗр,tøpsørjørsør,tøp.sør.jør.sør,4,RRRR,,FALSE
тӗпсӗрлӗх,tøpsørløx,tøp.sør.løx,3,RRR,8,TRUE
тӗпче,tøptɕe,tøp.tɕe,2,RF,62,TRUE
тӗпчев,tøptɕeʋ,tøp.tɕeʋ,2,RF,1905,TRUE
тӗпчевлӗ,tøptɕeʋlø,tøp.tɕeʋ.lø,3,RFR,38,TRUE
тӗпчевлӗн,tøptɕeʋløn,tøp.tɕeʋ.løn,3,RFR,61,TRUE
тӗпчевҫӗ,tøptɕeʋɕø,tøp.tɕeʋ.ɕø,3,RFR,570,TRUE
тӗпчеттер,tøptɕetter,tøp.tɕet.ter,3,RFF,,FALSE
тӗпчӗк,tøptɕøk,tøp.tɕøk,2,RR,16,TRUE
тӗр,tør,tør,1,R,2986,TRUE
тӗре,tøre,tø.re,2,RF,11,TRUE
тӗрев,tøreʋ,tø.reʋ,2,RF,438,TRUE
тӗревле,tøreʋle,tø.reʋ.le,3,RFF,,FALSE
тӗревлен,tøreʋlen,tø.reʋ.len,3,RFF,,FALSE
тӗревлеттер,tøreʋletter,tø.reʋ.let.ter,4,RFFF,,FALSE
тӗрек,tørek,tø.rek,2,RF,270,TRUE
тӗрекле,tørekle,tø.rek.le,3,RFF,6,TRUE
тӗреклен,tøreklen,tø.rek.len,3,RFF,4,TRUE
тӗреклентер,tøreklenter,tø.rek.len.ter,4,RFFF,1,TRUE
тӗреклет,tøreklet,tø.rek.let,3,RFF,4,TRUE
тӗреклеттер,tørekletter,tø.rek.let.ter,4,RFFF,,FALSE
тӗреклӗ,tøreklø,tø.rek.lø,3,RFR,973,TRUE
тӗреклӗн,tørekløn,tø.rek.løn,3,RFR,16,TRUE
тӗреклӗх,tørekløx,tø.rek.løx,3,RFR,22,TRUE
тӗрексӗр,tøreksør,tø.rek.sør,3,RFR,18,TRUE
тӗрексӗрлен,tøreksørlen,tø.rek.sør.len,4,RFRF,,FALSE
тӗрексӗрлентер,tøreksørlenter,tø.rek.sør.len.ter,5,RFRFF,,FALSE
тӗрексӗрлет,tøreksørlet,tø.rek.sør.let,4,RFRF,,FALSE
тӗрексӗрлӗх,tøreksørløx,tø.rek.sør.løx,4,RFRR,,FALSE
тӗреле,tørele,tø.re.le,3,RFF,2,TRUE
тӗрелен,tørelen,tø.re.len,3,RFF,,FALSE
тӗрен,tøren,tø.ren,2,RF,23,TRUE
тӗренлӗ,tørenlø,tø.ren.lø,3,RFR,3,TRUE
тӗренме,tørenme,tø.ren.me,3,RFF,6,TRUE
тӗрентер,tørenter,tø.ren.ter,3,RFF,,FALSE
тӗренче,tørentɕe,tø.ren.tɕe,3,RFF,8,TRUE
тӗренчӗк,tørentɕøk,tø.ren.tɕøk,3,RFR,3,TRUE
тӗрӗ,tørø,tø.rø,2,RR,1062,TRUE
тӗрӗк,tørøk,tø.røk,2,RR,1818,TRUE
тӗрӗкле,tørøkle,tø.røk.le,3,RRF,43,TRUE
тӗрӗлен,tørølen,tø.rø.len,3,RRF,1,TRUE
тӗрӗллӗ,tørøllø,tø.røl.lø,3,RRR,355,TRUE
тӗрӗлтет,tørøltet,tø.røl.tet,3,RRF,,FALSE
тӗрӗлтеттер,tørøltetter,tø.røl.tet.ter,4,RRFF,,FALSE
тӗрӗн,tørøn,tø.røn,2,RR,10,TRUE
тӗрӗнтер,tørønter,tø.røn.ter,3,RRF,,FALSE
тӗрӗнчӗк,tørøntɕøk,tø.røn.tɕøk,3,RRR,1,TRUE
тӗрӗс,tørøs,tø.røs,2,RR,10863,TRUE
тӗрӗстӗкел,tørøstøkel,tø.røs.tø.kel,4,RRRF,15,TRUE
тӗрӗсле,tørøsle,tø.røs.le,3,RRF,78,TRUE
тӗрӗслев,tørøsleʋ,tø.røs.leʋ,3,RRF,1553,TRUE
тӗрӗслевсӗр,tørøsleʋsør,tø.røs.leʋ.sør,4,RRFR,3,TRUE
тӗрӗслевсӗрлӗх,tørøsleʋsørløx,tø.røs.leʋ.sør.løx,5,RRFRR,,FALSE
тӗрӗслевҫӗ,tørøsleʋɕø,tø.røs.leʋ.ɕø,4,RRFR,16,TRUE
тӗрӗслен,tørøslen,tø.røs.len,3,RRF,6,TRUE
тӗрӗслет,tørøslet,tø.røs.let,3,RRF,319,TRUE
тӗрӗслеттер,tørøsletter,tø.røs.let.ter,4,RRFF,3,TRUE
тӗрӗслетӳ,tørøslety,tø.røs.le.ty,4,RRFF,2,TRUE
тӗрӗслӗх,tørøsløx,tø.røs.løx,3,RRR,539,TRUE
тӗрӗсмарлӑх,tørøsmarlɵx,tø.røs.mar.lɵx,4,RRFR,85,TRUE
тӗрӗссӗн,tørøssøn,tø.røs.søn,3,RRR,20,TRUE
тӗрӗссӗр,tørøssør,tø.røs.sør,3,RRR,,FALSE
тӗрӗссӗрлӗх,tørøssørløx,tø.røs.sør.løx,4,RRRR,,FALSE
тӗрӗссипе,tørøssipe,tø.røs.si.pe,4,RRFF,3404,TRUE
тӗрӗҫӗ,tørøɕø,tø.rø.ɕø,3,RRR,21,TRUE
тӗрке,tørke,tør.ke,2,RF,103,TRUE
тӗркеле,tørkele,tør.ke.le,3,RFF,2,TRUE
тӗркелен,tørkelen,tør.ke.len,3,RFF,2,TRUE
тӗркелентер,tørkelenter,tør.ke.len.ter,4,RFFF,,FALSE
тӗркем,tørkem,tør.kem,2,RF,23,TRUE
тӗркен,tørken,tør.ken,2,RF,4,TRUE
тӗркӗ,tørkø,tør.kø,2,RR,1,TRUE
тӗркӗлтет,tørkøltet,tør.køl.tet,3,RRF,,FALSE
тӗркӗн,tørkøn,tør.køn,2,RR,,FALSE
тӗркӗш,tørkøʃ,tør.køʃ,2,RR,17,TRUE
тӗркӗшлен,tørkøʃlen,tør.køʃ.len,3,RRF,,FALSE
тӗркӗштер,tørkøʃter,tør.køʃ.ter,3,RRF,,FALSE
тӗркӗшӳ,tørkøʃy,tør.kø.ʃy,3,RRF,41,TRUE
тӗркӗшӳллӗ,tørkøʃyllø,tør.kø.ʃyl.lø,4,RRFR,4,TRUE
тӗрле,tørle,tør.le,2,RF,102,TRUE
тӗрлен,tørlen,tør.len,2,RF,5,TRUE
тӗрленчӗк,tørlentɕøk,tør.len.tɕøk,3,RFR,105,TRUE
тӗрлеттер,tørletter,tør.let.ter,3,RFF,5,TRUE
тӗрлеш,tørleʃ,tør.leʃ,2,RF,,FALSE
тӗрлӗ,tørlø,tør.lø,2,RR,26670,TRUE
тӗрлӗмерлӗ,tørlømerlø,tør.lø.mer.lø,4,RRFR,,FALSE
тӗрлӗрен,tørløren,tør.lø.ren,3,RRF,2571,TRUE
тӗрме,tørme,tør.me,2,RF,441,TRUE
тӗрмекле,tørmekle,tør.mek.le,3,RFF,,FALSE
тӗрмеклен,tørmeklen,tør.mek.len,3,RFF,,FALSE
тӗрмеҫӗ,tørmeɕø,tør.me.ɕø,3,RFR,,FALSE
тӗрмеш,tørmeʃ,tør.meʃ,2,RF,2,TRUE
тӗрмешӳ,tørmeʃy,tør.me.ʃy,3,RFF,4,TRUE
тӗррӗс,tørrøs,tør.røs,2,RR,,FALSE
тӗррӗслет,tørrøslet,tør.røs.let,3,RRF,,FALSE
тӗррӗслеттер,tørrøsletter,tør.røs.let.ter,4,RRFF,,FALSE
тӗрт,tørt,tørt,1,R,27,TRUE
тӗртӗм,tørtøm,tør.tøm,2,RR,13,TRUE
тӗртӗн,tørtøn,tør.tøn,2,RR,3,TRUE
тӗртӗш,tørtøʃ,tør.tøʃ,2,RR,,FALSE
тӗрткелен,tørtkelen,tørt.ke.len,3,RFF,,FALSE
тӗрткелеш,tørtkeleʃ,tørt.ke.leʃ,3,RFF,1,TRUE
тӗрткелештер,tørtkeleʃter,tørt.ke.leʃ.ter,4,RFFF,,FALSE
тӗрткелешӳ,tørtkeleʃy,tørt.ke.le.ʃy,4,RFFF,8,TRUE
тӗртлет,tørtlet,tørt.let,2,RF,,FALSE
тӗртнӗҫ,tørtnøɕ,tørt.nøɕ,2,RR,2,TRUE
тӗрттер,tørtter,tørt.ter,2,RF,,FALSE
тӗршӗн,tørʃøn,tør.ʃøn,2,RR,8,TRUE
тӗршӗнчӗк,tørʃøntɕøk,tør.ʃøn.tɕøk,3,RRR,,FALSE
тӗс,tøs,tøs,1,R,1087,TRUE
тӗсйӗр,tøsjør,tøs.jør,2,RR,,FALSE
тӗсйыш,tøsjʉʃ,tøs.jʉʃ,2,RF,,FALSE
тӗспит,tøspit,tøs.pit,2,RF,,FALSE
тӗсе,tøse,tø.se,2,RF,249,TRUE
тӗсевлӗ,tøseʋlø,tø.seʋ.lø,3,RFR,,FALSE
тӗсел,tøsel,tø.sel,2,RF,155,TRUE
тӗсет,tøset,tø.set,2,RF,16,TRUE
тӗсӗ,tøsø,tø.sø,2,RR,1146,TRUE
тӗслен,tøslen,tøs.len,2,RF,,FALSE
тӗслӗ,tøslø,tøs.lø,2,RR,3821,TRUE
тӗслӗн,tøsløn,tøs.løn,2,RR,75,TRUE
тӗслӗрен,tøsløren,tøs.lø.ren,3,RRF,20,TRUE
тӗслӗх,tøsløx,tøs.løx,2,RR,3353,TRUE
тӗслӗхрен,tøsløxren,tøs.løx.ren,3,RRF,2859,TRUE
тӗссӗр,tøssør,tøs.sør,2,RR,170,TRUE
тӗссӗрле,tøssørle,tøs.sør.le,3,RRF,,FALSE
тӗссӗрлен,tøssørlen,tøs.sør.len,3,RRF,,FALSE
тӗссӗрлет,tøssørlet,tøs.sør.let,3,RRF,,FALSE
тӗссӗррӗн,tøssørrøn,tøs.sør.røn,3,RRR,2,TRUE
тӗтӗм,tøtøm,tø.tøm,2,RR,1364,TRUE
тӗтӗмсӗрӗм,tøtømsørøm,tø.tøm.sø.røm,4,RRRR,,FALSE
тӗтӗмҫулӑм,tøtømɕulɵm,tø.tøm.ɕu.lɵm,4,RRFR,,FALSE
тӗтӗмхӑрӑм,tøtømxɵrɵm,tø.tøm.xɵ.rɵm,4,RRRR,,FALSE
тӗтӗмле,tøtømle,tø.tøm.le,3,RRF,3,TRUE
тӗтӗмлен,tøtømlen,tø.tøm.len,3,RRF,1,TRUE
тӗтӗмлентер,tøtømlenter,tø.tøm.len.ter,4,RRFF,,FALSE
тӗтӗмлӗ,tøtømlø,tø.tøm.lø,3,RRR,31,TRUE
тӗтӗмсӗр,tøtømsør,tø.tøm.sør,3,RRR,26,TRUE
тӗтӗр,tøtør,tø.tør,2,RR,4,TRUE
тӗтӗркӗч,tøtørkøtɕ,tø.tør.køtɕ,3,RRR,2,TRUE
тӗтӗрлен,tøtørlen,tø.tør.len,3,RRF,,FALSE
тӗтӗрлентер,tøtørlenter,tø.tør.len.ter,4,RRFF,,FALSE
тӗтӗрхӗҫ,tøtørxøɕ,tø.tør.xøɕ,3,RRR,,FALSE
тӗтӗш,tøtøʃ,tø.tøʃ,2,RR,1,TRUE
тӗтре,tøtre,tøt.re,2,RF,751,TRUE
тӗтреле,tøtrele,tøt.re.le,3,RFF,,FALSE
тӗтрелен,tøtrelen,tøt.re.len,3,RFF,,FALSE
тӗтрелентер,tøtrelenter,tøt.re.len.ter,4,RFFF,,FALSE
тӗтрелет,tøtrelet,tøt.re.let,3,RFF,,FALSE
тӗтрелӗх,tøtreløx,tøt.re.løx,3,RFR,26,TRUE
тӗтреллӗ,tøtrellø,tøt.rel.lø,3,RFR,246,TRUE
тӗтреллӗн,tøtrelløn,tøt.rel.løn,3,RFR,33,TRUE
тӗттӗм,tøttøm,tøt.tøm,2,RR,2848,TRUE
тӗттӗмле,tøttømle,tøt.tøm.le,3,RRF,16,TRUE
тӗттӗмлен,tøttømlen,tøt.tøm.len,3,RRF,1,TRUE
тӗттӗмлет,tøttømlet,tøt.tøm.let,3,RRF,,FALSE
тӗттӗмлӗх,tøttømløx,tøt.tøm.løx,3,RRR,87,TRUE
тӗттӗммӗн,tøttømmøn,tøt.tøm.møn,3,RRR,2,TRUE
тӗттӗмччен,tøttømtɕtɕen,tøt.tømtɕ.tɕen,3,RRF,26,TRUE
тӗтхемпе,tøtxempe,tøt.xem.pe,3,RFF,2,TRUE
тӗх,tøx,tøx,1,R,2,TRUE
тӗхет,tøxet,tø.xet,2,RF,,FALSE
тӗш,tøʃ,tøʃ,1,R,493,TRUE
тӗшӗ,tøʃø,tø.ʃø,2,RR,78,TRUE
тӗшӗле,tøʃøle,tø.ʃø.le,3,RRF,,FALSE
тӗшӗлен,tøʃølen,tø.ʃø.len,3,RRF,,FALSE
тӗшӗлеттер,tøʃøletter,tø.ʃø.let.ter,4,RRFF,,FALSE
тӗшӗр,tøʃør,tø.ʃør,2,RR,,FALSE
тӗшӗрӗл,tøʃørøl,tø.ʃø.røl,3,RRR,,FALSE
тӗшӗрттер,tøʃørtter,tø.ʃørt.ter,3,RRF,,FALSE
тӗшле,tøʃle,tøʃ.le,2,RF,,FALSE
тӗшлен,tøʃlen,tøʃ.len,2,RF,,FALSE
тӗшлеттер,tøʃletter,tøʃ.let.ter,3,RFF,,FALSE
тӗшмӗрт,tøʃmørt,tøʃ.mørt,2,RR,1,TRUE
тӗшмӗш,tøʃmøʃ,tøʃ.møʃ,2,RR,109,TRUE
тӗшмӗшлен,tøʃmøʃlen,tøʃ.møʃ.len,3,RRF,,FALSE
тӗшмӗшлентер,tøʃmøʃlenter,tøʃ.møʃ.len.ter,4,RRFF,,FALSE
тӗшмӗшлӗ,tøʃmøʃlø,tøʃ.møʃ.lø,3,RRR,25,TRUE
тӗшмӗшлӗх,tøʃmøʃløx,tøʃ.møʃ.løx,3,RRR,8,TRUE
тӗштырӑ,tøʃtʉrɵ,tøʃ.tʉ.rɵ,3,RFR,51,TRUE
тив,tiʋ,tiʋ,1,F,1395,TRUE
тиверт,tiʋert,ti.ʋert,2,FF,1,TRUE
тиверттер,tiʋertter,ti.ʋert.ter,3,FFF,1,TRUE
тивӗҫ,tiʋøɕ,ti.ʋøɕ,2,FR,2855,TRUE
тивӗҫлӗ,tiʋøɕlø,ti.ʋøɕ.lø,3,FRR,9539,TRUE
тивӗҫлӗн,tiʋøɕløn,ti.ʋøɕ.løn,3,FRR,183,TRUE
тивӗҫлӗх,tiʋøɕløx,ti.ʋøɕ.løx,3,FRR,42,TRUE
тивӗҫлипе,tiʋøɕlipe,ti.ʋøɕ.li.pe,4,FRFF,786,TRUE
тивӗҫсӗр,tiʋøɕsør,ti.ʋøɕ.sør,3,FRR,134,TRUE
тивӗҫсӗрлӗх,tiʋøɕsørløx,ti.ʋøɕ.sør.løx,4,FRRR,,FALSE
тивӗҫтер,tiʋøɕter,ti.ʋøɕ.ter,3,FRF,9,TRUE
тивлет,tiʋlet,tiʋ.let,2,FF,220,TRUE
тивлетлӗ,tiʋletlø,tiʋ.let.lø,3,FFR,70,TRUE
тивлетлӗн,tiʋletløn,tiʋ.let.løn,3,FFR,9,TRUE
тивлетлӗх,tiʋletløx,tiʋ.let.løx,3,FFR,3,TRUE
тивлетсӗр,tiʋletsør,tiʋ.le.tsør,3,FFR,11,TRUE
тивтер,tiʋter,tiʋ.ter,2,FF,1,TRUE
тие,tie,ti.e,2,FF,57,TRUE
тиев,tieʋ,ti.eʋ,2,FF,200,TRUE
тиевлӗ,tieʋlø,ti.eʋ.lø,3,FFR,197,TRUE
тиевсӗр,tieʋsør,ti.eʋ.sør,3,FFR,5,TRUE
тиек,tiek,ti.ek,2,FF,391,TRUE
тиен,tien,ti.en,2,FF,4,TRUE
тиентер,tienter,ti.en.ter,3,FFF,,FALSE
тиеттер,tietter,ti.et.ter,3,FFF,,FALSE
тиечук,tietɕuk,ti.e.tɕuk,3,FFF,117,TRUE
тиечукла,tietɕukla,ti.e.tɕuk.la,4,FFFF,,FALSE
тик,tik,tik,1,F,63,TRUE
тиктак,tiktak,tik.tak,2,FF,1,TRUE
тикенек,tikenek,ti.ke.nek,3,FFF,17,TRUE
тикӗн,tikøn,ti.køn,2,FR,1,TRUE
тикӗс,tikøs,ti.køs,2,FR,976,TRUE
тикӗсле,tikøsle,ti.køs.le,3,FRF,1,TRUE
тикӗслен,tikøslen,ti.køs.len,3,FRF,,FALSE
тикӗслет,tikøslet,ti.køs.let,3,FRF,14,TRUE
тикӗслеттер,tikøsletter,ti.køs.let.ter,4,FRFF,,FALSE
тикӗслӗх,tikøsløx,ti.køs.løx,3,FRR,2,TRUE
тикӗсмарлан,tikøsmarlan,ti.køs.mar.lan,4,FRFF,,FALSE
тикӗсмарлантар,tikøsmarlantar,ti.køs.mar.lan.tar,5,FRFFF,,FALSE
тикӗсмарлат,tikøsmarlat,ti.køs.mar.lat,4,FRFF,,FALSE
тикӗсмарлӑх,tikøsmarlɵx,ti.køs.mar.lɵx,4,FRFR,1,TRUE
тикӗссӗн,tikøssøn,ti.køs.søn,3,FRR,221,TRUE
тикӗт,tikøt,ti.køt,2,FR,154,TRUE
тикӗтле,tikøtle,ti.køt.le,3,FRF,2,TRUE
тикӗтлен,tikøtlen,ti.køt.len,3,FRF,,FALSE
тикӗтлентер,tikøtlenter,ti.køt.len.ter,4,FRFF,,FALSE
тикӗтлӗ,tikøtlø,ti.køt.lø,3,FRR,5,TRUE
тикитики,tikitiki,ti.ki.ti.ki,4,FFFF,,FALSE
тиклет,tiklet,tik.let,2,FF,,FALSE
тиктаклат,tiktaklat,tik.tak.lat,3,FFF,,FALSE
тилӗ,tilø,ti.lø,2,FR,975,TRUE
тилӗлле,tilølle,ti.løl.le,3,FRF,1,TRUE
тилӗр,tilør,ti.lør,2,FR,3,TRUE
тилӗрт,tilørt,ti.lørt,2,FR,,FALSE
тилмӗр,tilmør,til.mør,2,FR,8,TRUE
тилмӗре,tilmøre,til.mø.re,3,FRF,5,TRUE
тилмӗрт,tilmørt,til.mørt,2,FR,,FALSE
тилмӗрттер,tilmørtter,til.mørt.ter,3,FRF,1,TRUE
тилпӗрен,tilpøren,til.pø.ren,3,FRF,35,TRUE
тилҫе,tilɕe,til.ɕe,2,FF,18,TRUE
тилҫеллӗ,tilɕellø,til.ɕel.lø,3,FFR,,FALSE
тилхепе,tilxepe,til.xe.pe,3,FFF,230,TRUE
тим,tim,tim,1,F,108,TRUE
тимӗр,timør,ti.mør,2,FR,5139,TRUE
тимӗрпӑхӑр,timørpɵxɵr,ti.mør.pɵ.xɵr,4,FRRR,,FALSE
тимӗрташ,timørtaʃ,ti.mør.taʃ,3,FRF,6,TRUE
тимӗртӑмӑр,timørtɵmɵr,ti.mør.tɵ.mɵr,4,FRRR,1,TRUE
тимӗрле,timørle,ti.mør.le,3,FRF,7,TRUE
тимӗрлен,timørlen,ti.mør.len,3,FRF,,FALSE
тимӗрлентер,timørlenter,ti.mør.len.ter,4,FRFF,,FALSE
тимӗрлеттер,timørletter,ti.mør.let.ter,4,FRFF,,FALSE
тимӗрлӗ,timørlø,ti.mør.lø,3,FRR,17,TRUE
тимӗрҫӗ,timørɕø,ti.mør.ɕø,3,FRR,987,TRUE
тимле,timle,tim.le,2,FF,16,TRUE
тимлен,timlen,tim.len,2,FF,2,TRUE
тимлеттер,timletter,tim.let.ter,3,FFF,,FALSE
тимлеш,timleʃ,tim.leʃ,2,FF,1,TRUE
тимлӗ,timlø,tim.lø,2,FR,1047,TRUE
тимлӗн,timløn,tim.løn,2,FR,845,TRUE
тимлӗх,timløx,tim.løx,2,FR,1764,TRUE
тимре,timre,tim.re,2,FF,5,TRUE
тимреллӗ,timrellø,tim.rel.lø,3,FFR,1,TRUE
тимсӗр,timsør,tim.sør,2,FR,34,TRUE
тимсӗрлен,timsørlen,tim.sør.len,3,FRF,,FALSE
тимсӗрлӗх,timsørløx,tim.sør.løx,3,FRR,20,TRUE
тин,tin,tin,1,F,8944,TRUE
тинӗс,tinøs,ti.nøs,2,FR,3807,TRUE
тинӗсҫар,tinøsɕar,ti.nøs.ɕar,3,FRF,4,TRUE
тинке,tinke,tin.ke,2,FF,34,TRUE
тинкелен,tinkelen,tin.ke.len,3,FFF,,FALSE
тинкелентер,tinkelenter,tin.ke.len.ter,4,FFFF,,FALSE
тинкер,tinker,tin.ker,2,FF,50,TRUE
тинкерлӗ,tinkerlø,tin.ker.lø,3,FFR,,FALSE
тинкерлӗн,tinkerløn,tin.ker.løn,3,FFR,1,TRUE
тинкерӳ,tinkery,tin.ke.ry,3,FFF,,FALSE
тинкерӳллӗ,tinkeryllø,tin.ke.ryl.lø,4,FFFR,9,TRUE
тинкерӳллӗн,tinkerylløn,tin.ke.ryl.løn,4,FFFR,1,TRUE
тинкӗлтин,tinkøltin,tin.køl.tin,3,FRF,,FALSE
тинкӗле,tinkøle,tin.kø.le,3,FRF,50,TRUE
тинкӗлтет,tinkøltet,tin.køl.tet,3,FRF,,FALSE
тинкӗлтеттер,tinkøltetter,tin.køl.tet.ter,4,FRFF,,FALSE
тинрех,tinrex,tin.rex,2,FF,15,TRUE
тип,tip,tip,1,F,1397,TRUE
типтикӗс,tiptikøs,tip.ti.køs,3,FFR,1,TRUE
типтипӗ,tiptipø,tip.ti.pø,3,FFR,1,TRUE
типӗ,tipø,ti.pø,2,FR,2057,TRUE
типӗлле,tipølle,ti.pøl.le,3,FRF,36,TRUE
типӗн,tipøn,ti.pøn,2,FR,11,TRUE
типӗнтер,tipønter,ti.pøn.ter,3,FRF,,FALSE
типӗт,tipøt,ti.pøt,2,FR,19,TRUE
типӗттер,tipøtter,ti.pøt.ter,3,FRF,,FALSE
типири,tipiri,ti.pi.ri,3,FFF,3,TRUE
типла,tipla,tip.la,2,FF,1,TRUE
типлӑ,tiplɵ,tip.lɵ,2,FR,48,TRUE
типлӑх,tiplɵx,tip.lɵx,2,FR,,FALSE
типлӗ,tiplø,tip.lø,2,FR,,FALSE
типлӗх,tipløx,tip.løx,2,FR,4,TRUE
типпӗн,tippøn,tip.pøn,2,FR,92,TRUE
типпи,tippi,tip.pi,2,FF,43,TRUE
типтер,tipter,tip.ter,2,FF,16,TRUE
типтерле,tipterle,tip.ter.le,3,FFF,,FALSE
типтерлӗ,tipterlø,tip.ter.lø,3,FFR,317,TRUE
типтерлӗн,tipterløn,tip.ter.løn,3,FFR,127,TRUE
типтерлӗх,tipterløx,tip.ter.løx,3,FFR,16,TRUE
типтерсӗр,tiptersør,tip.ter.sør,3,FFR,7,TRUE
типчак,tiptɕak,tip.tɕak,2,FF,1,TRUE
типшар,tipʃar,tip.ʃar,2,FF,30,TRUE
типшек,tipʃek,tip.ʃek,2,FF,5,TRUE
типшенкӗ,tipʃenkø,tip.ʃen.kø,3,FFR,2,TRUE
типшер,tipʃer,tip.ʃer,2,FF,,FALSE
типшӗм,tipʃøm,tip.ʃøm,2,FR,363,TRUE
типшӗмкке,tipʃømkke,tip.ʃømk.ke,3,FRF,4,TRUE
типшӗмлентер,tipʃømlenter,tip.ʃøm.len.ter,4,FRFF,,FALSE
типшӗмлет,tipʃømlet,tip.ʃøm.let,3,FRF,,FALSE
типшӗн,tipʃøn,tip.ʃøn,2,FR,2,TRUE
типшӗнкӗ,tipʃønkø,tip.ʃøn.kø,3,FRR,,FALSE
типшӗр,tipʃør,tip.ʃør,2,FR,1,TRUE
типшӗркке,tipʃørkke,tip.ʃørk.ke,3,FRF,,FALSE
типшӗрт,tipʃørt,tip.ʃørt,2,FR,,FALSE
тир,tir,tir,1,F,677,TRUE
тирсӑран,tirsɵran,tir.sɵ.ran,3,FRF,1,TRUE
тиран,tiran,ti.ran,2,FF,17,TRUE
тирани,tirani,ti.ra.ni,3,FFF,,FALSE
тиранла,tiranla,ti.ran.la,3,FFF,,FALSE
тиранлӑх,tiranlɵx,ti.ran.lɵx,3,FFR,,FALSE
тире,tire,ti.re,2,FF,266,TRUE
тирек,tirek,ti.rek,2,FF,181,TRUE
тиреклӗх,tirekløx,ti.rek.løx,3,FFR,9,TRUE
тирӗк,tirøk,ti.røk,2,FR,484,TRUE
тирӗккашӑк,tirøkkaʃɵk,ti.røk.ka.ʃɵk,4,FRFR,,FALSE
тирӗкҫӑпала,tirøkɕɵpala,ti.røk.ɕɵ.pa.la,5,FRRFF,,FALSE
тирӗм,tirøm,ti.røm,2,FR,10,TRUE
тирӗн,tirøn,ti.røn,2,FR,21,TRUE
тирӗнтер,tirønter,ti.røn.ter,3,FRF,,FALSE
тирӗнчӗк,tirøntɕøk,ti.røn.tɕøk,3,FRR,1,TRUE
тирӗс,tirøs,ti.røs,2,FR,37,TRUE
тирӗсле,tirøsle,ti.røs.le,3,FRF,,FALSE
тирӗслӗк,tirøsløk,ti.røs.løk,3,FRR,,FALSE
тирке,tirke,tir.ke,2,FF,46,TRUE
тиркев,tirkeʋ,tir.keʋ,2,FF,19,TRUE
тиркевлӗ,tirkeʋlø,tir.keʋ.lø,3,FFR,38,TRUE
тиркевлӗн,tirkeʋløn,tir.keʋ.løn,3,FFR,17,TRUE
тиркевсӗр,tirkeʋsør,tir.keʋ.sør,3,FFR,8,TRUE
тиркевсӗрлӗх,tirkeʋsørløx,tir.keʋ.sør.løx,4,FFRR,1,TRUE
тиркеттер,tirketter,tir.ket.ter,3,FFF,,FALSE
тиркеш,tirkeʃ,tir.keʃ,2,FF,7,TRUE
тиркештер,tirkeʃter,tir.keʃ.ter,3,FFF,2,TRUE
тиркешӳ,tirkeʃy,tir.ke.ʃy,3,FFF,3,TRUE
тирки,tirki,tir.ki,2,FF,14,TRUE
тирпей,tirpej,tir.pej,2,FF,779,TRUE
тирпейилем,tirpejilem,tir.pe.ji.lem,4,FFFF,17,TRUE
тирпейле,tirpejle,tir.pej.le,3,FFF,30,TRUE
тирпейлен,tirpejlen,tir.pej.len,3,FFF,6,TRUE
тирпейлеттер,tirpejletter,tir.pej.let.ter,4,FFFF,,FALSE
тирпейлӗ,tirpejlø,tir.pej.lø,3,FFR,1159,TRUE
тирпейлӗн,tirpejløn,tir.pej.løn,3,FFR,334,TRUE
тирпейлӗх,tirpejløx,tir.pej.løx,3,FFR,197,TRUE
тирпейсӗр,tirpejsør,tir.pej.sør,3,FFR,189,TRUE
тирпейсӗрлӗх,tirpejsørløx,tir.pej.sør.løx,4,FFRR,59,TRUE
тирпейсӗррӗн,tirpejsørrøn,tir.pej.sør.røn,4,FFRR,5,TRUE
тирҫӗ,tirɕø,tir.ɕø,2,FR,14,TRUE
тиртер,tirter,tir.ter,2,FF,,FALSE
тискер,tisker,tis.ker,2,FF,2575,TRUE
тискерлен,tiskerlen,tis.ker.len,3,FFF,,FALSE
тискерлентер,tiskerlenter,tis.ker.len.ter,4,FFFF,,FALSE
тискерлет,tiskerlet,tis.ker.let,3,FFF,2,TRUE
тискерлӗх,tiskerløx,tis.ker.løx,3,FFR,75,TRUE
тискеррӗн,tiskerrøn,tis.ker.røn,3,FFR,423,TRUE
тислӗк,tisløk,tis.løk,2,FR,568,TRUE
тислӗкле,tisløkle,tis.løk.le,3,FRF,,FALSE
тислӗклен,tisløklen,tis.løk.len,3,FRF,,FALSE
тислӗклӗ,tisløklø,tis.løk.lø,3,FRR,12,TRUE
титан,titan,ti.tan,2,FF,24,TRUE
титанла,titanla,ti.tan.la,3,FFF,,FALSE
титанлӑ,titanlɵ,ti.tan.lɵ,3,FFR,1,TRUE
титр,titr,titr,1,F,6,TRUE
титул,titul,ti.tul,2,FF,40,TRUE
титуллӑ,titullɵ,ti.tul.lɵ,3,FFR,19,TRUE
тиха,tixa,ti.xa,2,FF,520,TRUE
тихалла,tixalla,ti.xal.la,3,FFF,12,TRUE
тишкер,tiʃker,tiʃ.ker,2,FF,15,TRUE
тишкерӳ,tiʃkery,tiʃ.ke.ry,3,FFF,112,TRUE
тишкерӳллӗ,tiʃkeryllø,tiʃ.ke.ryl.lø,4,FFFR,28,TRUE
тишкерӳллӗн,tiʃkerylløn,tiʃ.ke.ryl.løn,4,FFFR,7,TRUE
тишкерӳҫӗ,tiʃkeryɕø,tiʃ.ke.ry.ɕø,4,FFFR,18,TRUE
тияккӑн,tijakkɵn,ti.jak.kɵn,3,FFR,47,TRUE
ткач,tkatɕ,tkatɕ,1,F,4,TRUE
тпру,tpru,tpru,1,F,37,TRUE
тпрулат,tprulat,tpru.lat,2,FF,,FALSE
тпручча,tprutɕtɕa,tprutɕ.tɕa,2,FF,,FALSE
трак,trak,trak,1,F,932,TRUE
тракт,trakt,trakt,1,F,8,TRUE
трактат,traktat,trak.tat,2,FF,11,TRUE
трактӑрҫӑ,traktɵrɕɵ,trak.tɵr.ɕɵ,3,FRR,,FALSE
трактир,traktir,trak.tir,2,FF,39,TRUE
трал,tral,tral,1,F,3,TRUE
трамвай,tramʋaj,tram.ʋaj,2,FF,116,TRUE
трамплин,tramplin,tramp.lin,2,FF,15,TRUE
транк,trank,trank,1,F,11,TRUE
транккай,trankkaj,trank.kaj,2,FF,1,TRUE
транкки,trankki,trank.ki,2,FF,20,TRUE
трансмисси,transmissi,trans.mis.si,3,FFF,6,TRUE
транспарант,transparant,trans.pa.rant,3,FFF,2,TRUE
траншея,tranʃeja,tran.ʃe.ja,3,FFF,60,TRUE
трап,trap,trap,1,F,37,TRUE
трасса,trassa,tras.sa,2,FF,219,TRUE
трассӑла,trassɵla,tras.sɵ.la,3,FRF,,FALSE
траулер,trauler,tra.u.ler,3,FFF,1,TRUE
траур,traur,tra.ur,2,FF,21,TRUE
траурлӑ,traurlɵ,tra.ur.lɵ,3,FFR,5,TRUE
трах,trax,trax,1,F,23,TRUE
трахея,traxeja,tra.xe.ja,3,FFF,2,TRUE
трахпункт,traxpunkt,trax.punkt,2,FF,2,TRUE
трейлер,trejler,trej.ler,2,FF,4,TRUE
трек,trek,trek,1,F,18,TRUE
трелевка,treleʋka,tre.leʋ.ka,3,FFF,2,TRUE
тренер,trener,tre.ner,2,FF,494,TRUE
тренчӗл,trentɕøl,tren.tɕøl,2,FR,5,TRUE
трепак,trepak,tre.pak,2,FF,1,TRUE
треска,treska,tres.ka,2,FF,30,TRUE
трест,trest,trest,1,F,18,TRUE
третейски,tretejski,tre.tejs.ki,3,FFF,,FALSE
триер,trier,tri.er,2,FF,20,TRUE
триерла,trierla,tri.er.la,3,FFF,,FALSE
тринк,trink,trink,1,F,13,TRUE
тринкки,trinkki,trink.ki,2,FF,41,TRUE
тринклет,trinklet,trink.let,2,FF,,FALSE
триппер,tripper,trip.per,2,FF,1,TRUE
триптих,triptix,trip.tix,2,FF,9,TRUE
тристих,tristix,tris.tix,2,FF,1,TRUE
триумвират,triumʋirat,tri.um.ʋi.rat,4,FFFF,7,TRUE
трихина,trixina,tri.xi.na,3,FFF,,FALSE
трихинӑллӑ,trixinɵllɵ,tri.xi.nɵl.lɵ,4,FFRR,,FALSE
труках,trukax,tru.kax,2,FF,63,TRUE
труппа,truppa,trup.pa,2,FF,29,TRUE
трусик,trusik,tru.sik,2,FF,3,TRUE
трусси,trussi,trus.si,2,FF,6,TRUE
трюк,trjuk,trjuk,1,F,12,TRUE
трюм,trjum,trjum,1,F,8,TRUE
ту,tu,tu,1,F,4792,TRUE
тусӑрт,tusɵrt,tu.sɵrt,2,FR,,FALSE
тучакӑл,tutɕakɵl,tu.tɕa.kɵl,3,FFR,,FALSE
туалет,tualet,tu.a.let,3,FFF,120,TRUE
тува,tuʋa,tu.ʋa,2,FF,42,TRUE
тувалла,tuʋalla,tu.ʋal.la,3,FFF,,FALSE
тувинла,tuʋinla,tu.ʋin.la,3,FFF,,FALSE
туй,tuj,tuj,1,F,4974,TRUE
туйҫуй,tujɕuj,tuj.ɕuj,2,FF,,FALSE
туйӑм,tujɵm,tu.jɵm,2,FR,2536,TRUE
туйӑмсисӗм,tujɵmsisøm,tu.jɵm.si.søm,4,FRFR,,FALSE
туйӑмтуртӑм,tujɵmturtɵm,tu.jɵm.tur.tɵm,4,FRFR,,FALSE
туйӑмлӑ,tujɵmlɵ,tu.jɵm.lɵ,3,FRR,272,TRUE
туйӑмлӑх,tujɵmlɵx,tu.jɵm.lɵx,3,FRR,22,TRUE
туйӑмсӑр,tujɵmsɵr,tu.jɵm.sɵr,3,FRR,49,TRUE
туйӑмсӑрлан,tujɵmsɵrlan,tu.jɵm.sɵr.lan,4,FRRF,,FALSE
туйӑмсӑрлат,tujɵmsɵrlat,tu.jɵm.sɵr.lat,4,FRRF,,FALSE
туйӑмсӑрлӑх,tujɵmsɵrlɵx,tu.jɵm.sɵr.lɵx,4,FRRR,,FALSE
туйӑн,tujɵn,tu.jɵn,2,FR,70,TRUE
туйӑнлӑ,tujɵnlɵ,tu.jɵn.lɵ,3,FRR,3,TRUE
туйӑнтар,tujɵntar,tu.jɵn.tar,3,FRF,,FALSE
туйла,tujla,tuj.la,2,FF,9,TRUE
туйлаш,tujlaʃ,tuj.laʃ,2,FF,,FALSE
туйра,tujra,tuj.ra,2,FF,447,TRUE
туйралӑх,tujralɵx,tuj.ra.lɵx,3,FFR,8,TRUE
туйтар,tujtar,tuj.tar,2,FF,1,TRUE
туйха,tujxa,tuj.xa,2,FF,1,TRUE
тук,tuk,tuk,1,F,193,TRUE
тука,tuka,tu.ka,2,FF,8,TRUE
туклат,tuklat,tuk.lat,2,FF,,FALSE
туклаттар,tuklattar,tuk.lat.tar,3,FFF,,FALSE
тукмак,tukmak,tuk.mak,2,FF,203,TRUE
тукмакла,tukmakla,tuk.mak.la,3,FFF,1,TRUE
тукмаҫ,tukmaɕ,tuk.maɕ,2,FF,1,TRUE
туктакӑл,tuktakɵl,tuk.ta.kɵl,3,FFR,,FALSE
туктакӑллан,tuktakɵllan,tuk.ta.kɵl.lan,4,FFRF,,FALSE
тукун,tukun,tu.kun,2,FF,4,TRUE
тукунла,tukunla,tu.kun.la,3,FFF,,FALSE
тукунлаттар,tukunlattar,tu.kun.lat.tar,4,FFFF,,FALSE
тукшан,tukʃan,tuk.ʃan,2,FF,7,TRUE
тул,tul,tul,1,F,1420,TRUE
тула,tula,tu.la,2,FF,700,TRUE
тулай,tulaj,tu.laj,2,FF,138,TRUE
тулалла,tulalla,tu.lal.la,3,FFF,302,TRUE
тулат,tulat,tu.lat,2,FF,,FALSE
тулаттар,tulattar,tu.lat.tar,3,FFF,,FALSE
тулаш,tulaʃ,tu.laʃ,2,FF,303,TRUE
тулашри,tulaʃri,tu.laʃ.ri,3,FFF,181,TRUE
тулаштар,tulaʃtar,tu.laʃ.tar,3,FFF,,FALSE
тулашу,tulaʃu,tu.la.ʃu,3,FFF,6,TRUE
тулашуллӑ,tulaʃullɵ,tu.la.ʃul.lɵ,4,FFFR,,FALSE
тулӑ,tulɵ,tu.lɵ,2,FR,1236,TRUE
тулӑк,tulɵk,tu.lɵk,2,FR,1,TRUE
тулӑклӑ,tulɵklɵ,tu.lɵk.lɵ,3,FRR,13,TRUE
тулӑксӑр,tulɵksɵr,tu.lɵk.sɵr,3,FRR,56,TRUE
тулӑксӑрлан,tulɵksɵrlan,tu.lɵk.sɵr.lan,4,FRRF,,FALSE
тулӑксӑрлӑх,tulɵksɵrlɵx,tu.lɵk.sɵr.lɵx,4,FRRR,,FALSE
тулӑншалӑн,tulɵnʃalɵn,tu.lɵn.ʃa.lɵn,4,FRFR,,FALSE
тулӑх,tulɵx,tu.lɵx,2,FR,626,TRUE
тулӑхлан,tulɵxlan,tu.lɵx.lan,3,FRF,,FALSE
тулӑхлантар,tulɵxlantar,tu.lɵx.lan.tar,4,FRFF,,FALSE
тулӑхлӑ,tulɵxlɵ,tu.lɵx.lɵ,3,FRR,36,TRUE
тулӑхлӑх,tulɵxlɵx,tu.lɵx.lɵx,3,FRR,7,TRUE
тулӗк,tuløk,tu.løk,2,FR,165,TRUE
тулӗккӗш,tuløkkøʃ,tu.løk.køʃ,3,FRR,26,TRUE
тулкӑш,tulkɵʃ,tul.kɵʃ,2,FR,,FALSE
туллат,tullat,tul.lat,2,FF,,FALSE
туллаттар,tullattar,tul.lat.tar,3,FFF,,FALSE
туллӑ,tullɵ,tul.lɵ,2,FR,138,TRUE
туллӑcӑртлӑ,tullɵsɵrtlɵ,tul.lɵ.sɵrt.lɵ,4,FRRR,,FALSE
тулли,tulli,tul.li,2,FF,7009,TRUE
тулливлаҫлӑх,tulliʋlaɕlɵx,tul.liʋ.laɕ.lɵx,4,FFFR,,FALSE
туллилен,tullilen,tul.li.len,3,FFF,,FALSE
туллилӗх,tulliløx,tul.li.løx,3,FFR,5,TRUE
туллин,tullin,tul.lin,2,FF,1694,TRUE
тулт,tult,tult,1,F,2,TRUE
тултар,tultar,tul.tar,2,FF,125,TRUE
тултармӑш,tultarmɵʃ,tul.tar.mɵʃ,3,FFR,67,TRUE
тултарттар,tultarttar,tul.tart.tar,3,FFF,3,TRUE
тулти,tulti,tul.ti,2,FF,183,TRUE
тулттар,tulttar,tult.tar,2,FF,,FALSE
тулхӑр,tulxɵr,tul.xɵr,2,FR,11,TRUE
тулхӑрав,tulxɵraʋ,tul.xɵ.raʋ,3,FRF,,FALSE
тулхӑрт,tulxɵrt,tul.xɵrt,2,FR,,FALSE
тум,tum,tum,1,F,1362,TRUE
тумхаяр,tumxajar,tum.xa.jar,3,FFF,,FALSE
тумхаяррӑн,tumxajarrɵn,tum.xa.jar.rɵn,4,FFFR,,FALSE
тумюм,tumjum,tum.jum,2,FF,,FALSE
тумак,tumak,tu.mak,2,FF,8,TRUE
тумла,tumla,tum.la,2,FF,153,TRUE
тумлак,tumlak,tum.lak,2,FF,2,TRUE
тумлам,tumlam,tum.lam,2,FF,766,TRUE
тумламӑн,tumlamɵn,tum.la.mɵn,3,FFR,81,TRUE
тумлан,tumlan,tum.lan,2,FF,71,TRUE
тумлантар,tumlantar,tum.lan.tar,3,FFF,6,TRUE
тумлат,tumlat,tum.lat,2,FF,3,TRUE
тумлаттар,tumlattar,tum.lat.tar,3,FFF,,FALSE
тумлӑ,tumlɵ,tum.lɵ,2,FR,412,TRUE
тумлӑҫумлӑ,tumlɵɕumlɵ,tum.lɵ.ɕum.lɵ,4,FRFR,,FALSE
тумсӑр,tumsɵr,tum.sɵr,2,FR,15,TRUE
тумтир,tumtir,tum.tir,2,FF,1436,TRUE
тумтирлӗ,tumtirlø,tum.tir.lø,3,FFR,55,TRUE
тумха,tumxa,tum.xa,2,FF,8,TRUE
тумхала,tumxala,tum.xa.la,3,FFF,,FALSE
тумхалан,tumxalan,tum.xa.lan,3,FFF,,FALSE
тумхаллӑ,tumxallɵ,tum.xal.lɵ,3,FFR,1,TRUE
тумхах,tumxax,tum.xax,2,FF,49,TRUE
тумхахла,tumxaxla,tum.xax.la,3,FFF,,FALSE
тумхахлан,tumxaxlan,tum.xax.lan,3,FFF,,FALSE
тумхахлантар,tumxaxlantar,tum.xax.lan.tar,4,FFFF,,FALSE
тумхахлӑ,tumxaxlɵ,tum.xax.lɵ,3,FFR,180,TRUE
тумхахсӑр,tumxaxsɵr,tum.xax.sɵr,3,FFR,27,TRUE
тумху,tumxu,tum.xu,2,FF,,FALSE
тун,tun,tun,1,F,84,TRUE
туна,tuna,tu.na,2,FF,170,TRUE
тунала,tunala,tu.na.la,3,FFF,,FALSE
туналан,tunalan,tu.na.lan,3,FFF,,FALSE
туналлӑ,tunallɵ,tu.nal.lɵ,3,FFR,49,TRUE
тунасӑр,tunasɵr,tu.na.sɵr,3,FFR,,FALSE
тунахар,tunaxar,tu.na.xar,3,FFF,1,TRUE
тунката,tunkata,tun.ka.ta,3,FFF,445,TRUE
тункаталӑх,tunkatalɵx,tun.ka.ta.lɵx,4,FFFR,1,TRUE
тункаталлӑ,tunkatallɵ,tun.ka.tal.lɵ,4,FFFR,4,TRUE
тункӑлтӑк,tunkɵltɵk,tun.kɵl.tɵk,3,FRR,4,TRUE
тункӑр,tunkɵr,tun.kɵr,2,FR,8,TRUE
тункӑрма,tunkɵrma,tun.kɵr.ma,3,FRF,1,TRUE
тункӑртат,tunkɵrtat,tun.kɵr.tat,3,FRF,,FALSE
тункӑс,tunkɵs,tun.kɵs,2,FR,1,TRUE
тункӑсла,tunkɵsla,tun.kɵs.la,3,FRF,2,TRUE
туннелле,tunnelle,tun.nel.le,3,FFF,,FALSE
туннель,tunnelʲ,tun.nelʲ,2,FF,34,TRUE
тунсӑх,tunsɵx,tun.sɵx,2,FR,905,TRUE
тунсӑхла,tunsɵxla,tun.sɵx.la,3,FRF,21,TRUE
тунсӑхлан,tunsɵxlan,tun.sɵx.lan,3,FRF,15,TRUE
тунсӑхлаттар,tunsɵxlattar,tun.sɵx.lat.tar,4,FRFF,,FALSE
тунсӑхлӑ,tunsɵxlɵ,tun.sɵx.lɵ,3,FRR,258,TRUE
тунсӑхлӑн,tunsɵxlɵn,tun.sɵx.lɵn,3,FRR,176,TRUE
тунти,tunti,tun.ti,2,FF,274,TRUE
тунтикун,tuntikun,tun.ti.kun,3,FFF,521,TRUE
туп,tup,tup,1,F,740,TRUE
туптутти,tuptutti,tup.tut.ti,3,FFF,,FALSE
тупа,tupa,tu.pa,2,FF,1126,TRUE
тупавҫӑ,tupaʋɕɵ,tu.paʋ.ɕɵ,3,FFR,,FALSE
тупала,tupala,tu.pa.la,3,FFF,3,TRUE
тупалак,tupalak,tu.pa.lak,3,FFF,71,TRUE
тупан,tupan,tu.pan,2,FF,94,TRUE
тупата,tupata,tu.pa.ta,3,FFF,828,TRUE
тупӑ,tupɵ,tu.pɵ,2,FR,425,TRUE
тупӑк,tupɵk,tu.pɵk,2,FR,335,TRUE
тупӑлла,tupɵlla,tu.pɵl.la,3,FRF,5,TRUE
тупӑлха,tupɵlxa,tu.pɵl.xa,3,FRF,16,TRUE
тупӑлхалӑх,tupɵlxalɵx,tu.pɵl.xa.lɵx,4,FRFR,,FALSE
тупӑлча,tupɵltɕa,tu.pɵl.tɕa,3,FRF,3,TRUE
тупӑм,tupɵm,tu.pɵm,2,FR,3,TRUE
тупӑн,tupɵn,tu.pɵn,2,FR,207,TRUE
тупӑрчӑк,tupɵrtɕɵk,tu.pɵr.tɕɵk,3,FRR,3,TRUE
тупӑҫӑ,tupɵɕɵ,tu.pɵ.ɕɵ,3,FRR,,FALSE
тупӑш,tupɵʃ,tu.pɵʃ,2,FR,1596,TRUE
тупӑшлӑ,tupɵʃlɵ,tu.pɵʃ.lɵ,3,FRR,450,TRUE
тупӑшлӑх,tupɵʃlɵx,tu.pɵʃ.lɵx,3,FRR,9,TRUE
тупӑшсӑр,tupɵʃsɵr,tu.pɵʃ.sɵr,3,FRR,28,TRUE
тупӑштар,tupɵʃtar,tu.pɵʃ.tar,3,FRF,2,TRUE
тупик,tupik,tu.pik,2,FF,4,TRUE
тупка,tupka,tup.ka,2,FF,,FALSE
тупкӑлат,tupkɵlat,tup.kɵ.lat,3,FRF,,FALSE
тупкӑч,tupkɵtɕ,tup.kɵtɕ,2,FR,1,TRUE
туплашка,tuplaʃka,tup.laʃ.ka,3,FFF,5,TRUE
туппур,tuppur,tup.pur,2,FF,1,TRUE
тупра,tupra,tup.ra,2,FF,320,TRUE
тупрапухча,tuprapuxtɕa,tup.ra.pux.tɕa,4,FFFF,,FALSE
тупраллӑ,tuprallɵ,tup.ral.lɵ,3,FFR,12,TRUE
тупсӑм,tupsɵm,tup.sɵm,2,FR,53,TRUE
тупта,tupta,tup.ta,2,FF,17,TRUE
туптав,tuptaʋ,tup.taʋ,2,FF,6,TRUE
туптавҫӑ,tuptaʋɕɵ,tup.taʋ.ɕɵ,3,FFR,1,TRUE
туптан,tuptan,tup.tan,2,FF,,FALSE
туптанаслӑх,tuptanaslɵx,tup.ta.nas.lɵx,4,FFFR,,FALSE
туптар,tuptar,tup.tar,2,FF,13,TRUE
туптаттар,tuptattar,tup.tat.tar,3,FFF,,FALSE
тупчӑ,tuptɕɵ,tup.tɕɵ,2,FR,,FALSE
тупчӑк,tuptɕɵk,tup.tɕɵk,2,FR,1,TRUE
тупчӑла,tuptɕɵla,tup.tɕɵ.la,3,FRF,,FALSE
тур,tur,tur,1,F,1895,TRUE
тура,tura,tu.ra,2,FF,307,TRUE
турам,turam,tu.ram,2,FF,61,TRUE
турамӑн,turamɵn,tu.ra.mɵn,3,FFR,6,TRUE
турамла,turamla,tu.ram.la,3,FFF,,FALSE
турамлан,turamlan,tu.ram.lan,3,FFF,,FALSE
туран,turan,tu.ran,2,FF,127,TRUE
турантӑ,turantɵ,tu.ran.tɵ,3,FFR,1,TRUE
туранчӑк,turantɕɵk,tu.ran.tɕɵk,3,FFR,1,TRUE
турат,turat,tu.rat,2,FF,1071,TRUE
тураттӗрет,turattøret,tu.rat.tø.ret,4,FFRF,,FALSE
туратламас,turatlamas,tu.rat.la.mas,4,FFFF,6,TRUE
туратлан,turatlan,tu.rat.lan,3,FFF,,FALSE
туратлантар,turatlantar,tu.rat.lan.tar,4,FFFF,,FALSE
туратлӑ,turatlɵ,tu.rat.lɵ,3,FFR,131,TRUE
туратлӑтӗретлӗ,turatlɵtøretlø,tu.rat.lɵ.tø.ret.lø,6,FFRRFR,,FALSE
туратсӑр,turatsɵr,tu.ra.tsɵr,3,FFR,26,TRUE
тураттар,turattar,tu.rat.tar,3,FFF,,FALSE
турахуп,turaxup,tu.ra.xup,3,FFF,15,TRUE
турашӑл,turaʃɵl,tu.ra.ʃɵl,3,FFR,6,TRUE
турӑ,turɵ,tu.rɵ,2,FR,9202,TRUE
турӑсӑр,turɵsɵr,tu.rɵ.sɵr,3,FRR,32,TRUE
турӑх,turɵx,tu.rɵx,2,FR,309,TRUE
турӑхлан,turɵxlan,tu.rɵx.lan,3,FRF,,FALSE
турӑхлантар,turɵxlantar,tu.rɵx.lan.tar,4,FRFF,,FALSE
турӑш,turɵʃ,tu.rɵʃ,2,FR,510,TRUE
турель,turelʲ,tu.relʲ,2,FF,,FALSE
тури,turi,tu.ri,2,FF,1807,TRUE
турилкке,turilkke,tu.rilk.ke,3,FFF,337,TRUE
турист,turist,tu.rist,2,FF,202,TRUE
турккӑ,turkkɵ,turk.kɵ,2,FR,381,TRUE
турккӑлан,turkkɵlan,turk.kɵ.lan,3,FRF,,FALSE
турккӑлантар,turkkɵlantar,turk.kɵ.lan.tar,4,FRFF,,FALSE
турккӑлла,turkkɵlla,turk.kɵl.la,3,FRF,135,TRUE
туркмен,turkmen,turk.men,2,FF,60,TRUE
туркменла,turkmenla,turk.men.la,3,FFF,13,TRUE
турман,turman,tur.man,2,FF,2,TRUE
турнепс,turneps,tur.neps,2,FF,4,TRUE
турник,turnik,tur.nik,2,FF,101,TRUE
турникет,turniket,tur.ni.ket,3,FFF,9,TRUE
турнир,turnir,tur.nir,2,FF,418,TRUE
турпалли,turpalli,tur.pal.li,3,FFF,34,TRUE
турпас,turpas,tur.pas,2,FF,183,TRUE
турпасла,turpasla,tur.pas.la,3,FFF,2,TRUE
турпаслан,turpaslan,tur.pas.lan,3,FFF,,FALSE
турпаслаттар,turpaslattar,tur.pas.lat.tar,4,FFFF,,FALSE
турпат,turpat,tur.pat,2,FF,,FALSE
турпатти,turpatti,tur.pat.ti,3,FFF,,FALSE
турҫӳрев,turɕyreʋ,tur.ɕy.reʋ,3,FFF,,FALSE
турт,turt,turt,1,F,116,TRUE
турта,turta,tur.ta,2,FF,538,TRUE
турталлӑ,turtallɵ,tur.tal.lɵ,3,FFR,20,TRUE
туртӑ,turtɵ,tur.tɵ,2,FR,,FALSE
туртӑм,turtɵm,tur.tɵm,2,FR,562,TRUE
туртӑн,turtɵn,tur.tɵn,2,FR,13,TRUE
туртӑнкӑ,turtɵnkɵ,tur.tɵn.kɵ,3,FRR,4,TRUE
туртӑнтар,turtɵntar,tur.tɵn.tar,3,FRF,,FALSE
туртӑну,turtɵnu,tur.tɵ.nu,3,FRF,17,TRUE
туртӑнчӑк,turtɵntɕɵk,tur.tɵn.tɕɵk,3,FRR,1,TRUE
туртӑш,turtɵʃ,tur.tɵʃ,2,FR,1,TRUE
турткалан,turtkalan,turt.ka.lan,3,FFF,8,TRUE
турткалантар,turtkalantar,turt.ka.lan.tar,4,FFFF,,FALSE
турткаланчӑк,turtkalantɕɵk,turt.ka.lan.tɕɵk,4,FFFR,1,TRUE
турткалаш,turtkalaʃ,turt.ka.laʃ,3,FFF,16,TRUE
турткӑҫ,turtkɵɕ,turt.kɵɕ,2,FR,2,TRUE
турткӑш,turtkɵʃ,turt.kɵʃ,2,FR,38,TRUE
туртма,turtma,turt.ma,2,FF,717,TRUE
туртмалли,turtmalli,turt.mal.li,3,FFF,118,TRUE
турттар,turttar,turt.tar,2,FF,18,TRUE
турттарӑн,turttarɵn,turt.ta.rɵn,3,FFR,1,TRUE
турттарттар,turttarttar,turt.tart.tar,3,FFF,,FALSE
турту,turtu,tur.tu,2,FF,6,TRUE
туртуллӑ,turtullɵ,tur.tul.lɵ,3,FFR,1,TRUE
турхан,turxan,tur.xan,2,FF,965,TRUE
турчӑка,turtɕɵka,tur.tɕɵ.ka,3,FRF,161,TRUE
тус,tus,tus,1,F,3917,TRUE
тусйӑмӑк,tusjɵmɵk,tus.jɵ.mɵk,3,FRR,,FALSE
тусйыш,tusjʉʃ,tus.jʉʃ,2,FF,1,TRUE
тустантӑш,tustantɵʃ,tus.tan.tɵʃ,3,FFR,2,TRUE
тустӑван,tustɵʋan,tus.tɵ.ʋan,3,FRF,3,TRUE
тустӑванлӑх,tustɵʋanlɵx,tus.tɵ.ʋan.lɵx,4,FRFR,,FALSE
тусан,tusan,tu.san,2,FF,2339,TRUE
тусанпӑсан,tusanpɵsan,tu.san.pɵ.san,4,FFRF,,FALSE
тусанла,tusanla,tu.san.la,3,FFF,2,TRUE
тусанлан,tusanlan,tu.san.lan,3,FFF,,FALSE
тусанлантар,tusanlantar,tu.san.lan.tar,4,FFFF,,FALSE
тусанлат,tusanlat,tu.san.lat,3,FFF,,FALSE
тусанлаттар,tusanlattar,tu.san.lat.tar,4,FFFF,,FALSE
тусанлӑ,tusanlɵ,tu.san.lɵ,3,FFR,185,TRUE
тусӑн,tusɵn,tu.sɵn,2,FR,93,TRUE
туска,tuska,tus.ka,2,FF,5,TRUE
тускӑнай,tuskɵnaj,tus.kɵ.naj,3,FRF,,FALSE
тусла,tusla,tus.la,2,FF,23,TRUE
туслан,tuslan,tus.lan,2,FF,1,TRUE
туслантар,tuslantar,tus.lan.tar,3,FFF,,FALSE
туслаш,tuslaʃ,tus.laʃ,2,FF,28,TRUE
туслаштар,tuslaʃtar,tus.laʃ.tar,3,FFF,1,TRUE
туслашу,tuslaʃu,tus.la.ʃu,3,FFF,3,TRUE
туслӑ,tuslɵ,tus.lɵ,2,FR,4011,TRUE
туслӑварлӑ,tuslɵʋarlɵ,tus.lɵ.ʋar.lɵ,4,FRFR,,FALSE
туслӑмирлӗ,tuslɵmirlø,tus.lɵ.mir.lø,4,FRFR,,FALSE
туслӑн,tuslɵn,tus.lɵn,2,FR,162,TRUE
туслӑх,tuslɵx,tus.lɵx,2,FR,2073,TRUE
тустар,tustar,tus.tar,2,FF,7,TRUE
тустарӑн,tustarɵn,tus.ta.rɵn,3,FFR,,FALSE
тустарттар,tustarttar,tus.tart.tar,3,FFF,,FALSE
тустару,tustaru,tus.ta.ru,3,FFF,10,TRUE
тусур,tusur,tu.sur,2,FF,1,TRUE
туҫӑр,tuɕɵr,tu.ɕɵr,2,FR,,FALSE
туҫлан,tuɕlan,tuɕ.lan,2,FF,,FALSE
тут,tut,tut,1,F,175,TRUE
тутту,tuttu,tut.tu,2,FF,,FALSE
тута,tuta,tu.ta,2,FF,623,TRUE
тутаҫӑвар,tutaɕɵʋar,tu.ta.ɕɵ.ʋar,4,FFRF,,FALSE
тутаянах,tutajanax,tu.ta.ja.nax,4,FFFF,,FALSE
тутака,tutaka,tu.ta.ka,3,FFF,,FALSE
тутал,tutal,tu.tal,2,FF,,FALSE
туталлӑ,tutallɵ,tu.tal.lɵ,3,FFR,98,TRUE
тутан,tutan,tu.tan,2,FF,31,TRUE
тутантар,tutantar,tu.tan.tar,3,FFF,,FALSE
тутар,tutar,tu.tar,2,FF,4997,TRUE
тутарла,tutarla,tu.tar.la,3,FFF,803,TRUE
тутарлан,tutarlan,tu.tar.lan,3,FFF,,FALSE
тутарлантар,tutarlantar,tu.tar.lan.tar,4,FFFF,,FALSE
тутарттар,tutarttar,tu.tart.tar,3,FFF,1,TRUE
тутат,tutat,tu.tat,2,FF,,FALSE
тутӑ,tutɵ,tu.tɵ,2,FR,820,TRUE
тутӑмаса,tutɵmasa,tu.tɵ.ma.sa,4,FRFF,,FALSE
тутӑлан,tutɵlan,tu.tɵ.lan,3,FRF,,FALSE
тутӑлӑх,tutɵlɵx,tu.tɵ.lɵx,3,FRR,4,TRUE
тутӑлла,tutɵlla,tu.tɵl.la,3,FRF,9,TRUE
тутӑллӑ,tutɵllɵ,tu.tɵl.lɵ,3,FRR,213,TRUE
тутӑр,tutɵr,tu.tɵr,2,FR,1741,TRUE
тутӑрсурпан,tutɵrsurpan,tu.tɵr.sur.pan,4,FRFF,,FALSE
тутӑсӑр,tutɵsɵr,tu.tɵ.sɵr,3,FRR,12,TRUE
тутӑсӑрлан,tutɵsɵrlan,tu.tɵ.sɵr.lan,4,FRRF,,FALSE
тутӑсӑрлантар,tutɵsɵrlantar,tu.tɵ.sɵr.lan.tar,5,FRRFF,,FALSE
тутӑх,tutɵx,tu.tɵx,2,FR,64,TRUE
тутӑхлӑ,tutɵxlɵ,tu.tɵx.lɵ,3,FRR,,FALSE
тутӑхтар,tutɵxtar,tu.tɵx.tar,3,FRF,,FALSE
тутимаси,tutimasi,tu.ti.ma.si,4,FFFF,1,TRUE
тутимасисӗр,tutimasisør,tu.ti.ma.si.sør,5,FFFFR,,FALSE
тутлан,tutlan,tut.lan,2,FF,3,TRUE
тутлӑ,tutlɵ,tut.lɵ,2,FR,4022,TRUE
тутлӑла,tutlɵla,tut.lɵ.la,3,FRF,,FALSE
тутлӑлан,tutlɵlan,tut.lɵ.lan,3,FRF,,FALSE
тутлӑлантар,tutlɵlantar,tut.lɵ.lan.tar,4,FRFF,,FALSE
тутлӑлат,tutlɵlat,tut.lɵ.lat,3,FRF,,FALSE
тутлӑлаттар,tutlɵlattar,tut.lɵ.lat.tar,4,FRFF,,FALSE
тутлӑлӑх,tutlɵlɵx,tut.lɵ.lɵx,3,FRR,,FALSE
тутлӑлла,tutlɵlla,tut.lɵl.la,3,FRF,14,TRUE
тутлӑмарлан,tutlɵmarlan,tut.lɵ.mar.lan,4,FRFF,,FALSE
тутлӑмарлантар,tutlɵmarlantar,tut.lɵ.mar.lan.tar,5,FRFFF,,FALSE
тутлӑмарлат,tutlɵmarlat,tut.lɵ.mar.lat,4,FRFF,,FALSE
тутлӑн,tutlɵn,tut.lɵn,2,FR,313,TRUE
тутлӑх,tutlɵx,tut.lɵx,2,FR,11,TRUE
тутлӑхлантар,tutlɵxlantar,tut.lɵx.lan.tar,4,FRFF,,FALSE
тутлӑхлӑ,tutlɵxlɵ,tut.lɵx.lɵ,3,FRR,108,TRUE
тух,tux,tux,1,F,1260,TRUE
туханкӗрен,tuxankøren,tu.xan.kø.ren,4,FFRF,,FALSE
тухат,tuxat,tu.xat,2,FF,17,TRUE
тухатла,tuxatla,tu.xat.la,3,FFF,4,TRUE
тухатмӑш,tuxatmɵʃ,tu.xat.mɵʃ,3,FFR,445,TRUE
тухаттар,tuxattar,tu.xat.tar,3,FFF,,FALSE
тухату,tuxatu,tu.xa.tu,3,FFF,25,TRUE
тухӑм,tuxɵm,tu.xɵm,2,FR,9,TRUE
тухӑҫ,tuxɵɕ,tu.xɵɕ,2,FR,2604,TRUE
тухӑҫлан,tuxɵɕlan,tu.xɵɕ.lan,3,FRF,,FALSE
тухӑҫлантар,tuxɵɕlantar,tu.xɵɕ.lan.tar,4,FRFF,,FALSE
тухӑҫлӑ,tuxɵɕlɵ,tu.xɵɕ.lɵ,3,FRR,1159,TRUE
тухӑҫлӑн,tuxɵɕlɵn,tu.xɵɕ.lɵn,3,FRR,36,TRUE
тухӑҫлӑх,tuxɵɕlɵx,tu.xɵɕ.lɵx,3,FRR,43,TRUE
тухӑҫсӑр,tuxɵɕsɵr,tu.xɵɕ.sɵr,3,FRR,31,TRUE
тухӑҫсӑрлан,tuxɵɕsɵrlan,tu.xɵɕ.sɵr.lan,4,FRRF,,FALSE
тухӑҫсӑрлантар,tuxɵɕsɵrlantar,tu.xɵɕ.sɵr.lan.tar,5,FRRFF,,FALSE
тухӑҫсӑрлат,tuxɵɕsɵrlat,tu.xɵɕ.sɵr.lat,4,FRRF,,FALSE
тухӑҫсӑрлӑх,tuxɵɕsɵrlɵx,tu.xɵɕ.sɵr.lɵx,4,FRRR,,FALSE
тухтӑр,tuxtɵr,tux.tɵr,2,FR,3435,TRUE
туху,tuxu,tu.xu,2,FF,31,TRUE
тухури,tuxuri,tu.xu.ri,3,FFF,1,TRUE
туххӑмра,tuxxɵmra,tux.xɵm.ra,3,FRF,34,TRUE
тухъя,tuxja,tux.ja,2,FF,40,TRUE
тухъяхушпу,tuxjaxuʃpu,tux.ja.xuʃ.pu,4,FFFF,,FALSE
туш,tuʃ,tuʃ,1,F,7,TRUE
тушенка,tuʃenka,tu.ʃen.ka,3,FFF,10,TRUE
тушка,tuʃka,tuʃ.ka,2,FF,3,TRUE
тушь,tuʃʲ,tuʃʲ,1,F,10,TRUE
туя,tuja,tu.ja,2,FF,1273,TRUE
туяла,tujala,tu.ja.la,3,FFF,,FALSE
туялан,tujalan,tu.ja.lan,3,FFF,1,TRUE
туялантар,tujalantar,tu.ja.lan.tar,4,FFFF,,FALSE
туялаттар,tujalattar,tu.ja.lat.tar,4,FFFF,,FALSE
туян,tujan,tu.jan,2,FF,158,TRUE
туянтар,tujantar,tu.jan.tar,3,FFF,2,TRUE
тӳ,ty,ty,1,F,131,TRUE
тӳк,tyk,tyk,1,F,,FALSE
тӳкерек,tykerek,ty.ke.rek,3,FFF,,FALSE
тӳкӗҫ,tykøɕ,ty.køɕ,2,FR,,FALSE
тӳкӗч,tykøtɕ,ty.køtɕ,2,FR,,FALSE
тӳклет,tyklet,tyk.let,2,FF,,FALSE
тӳклеттер,tykletter,tyk.let.ter,3,FFF,,FALSE
тӳле,tyle,ty.le,2,FF,99,TRUE
тӳлев,tyleʋ,ty.leʋ,2,FF,348,TRUE
тӳлевлӗ,tyleʋlø,ty.leʋ.lø,3,FFR,255,TRUE
тӳлевлӗх,tyleʋløx,ty.leʋ.løx,3,FFR,,FALSE
тӳлевсӗр,tyleʋsør,ty.leʋ.sør,3,FFR,1568,TRUE
тӳлевсӗрлӗх,tyleʋsørløx,ty.leʋ.sør.løx,4,FFRR,,FALSE
тӳлек,tylek,ty.lek,2,FF,509,TRUE
тӳлеккӗн,tylekkøn,ty.lek.køn,3,FFR,197,TRUE
тӳлеклен,tyleklen,ty.lek.len,3,FFF,,FALSE
тӳлеклентер,tyleklenter,ty.lek.len.ter,4,FFFF,,FALSE
тӳлеклӗ,tyleklø,ty.lek.lø,3,FFR,2,TRUE
тӳлеклӗх,tylekløx,ty.lek.løx,3,FFR,7,TRUE
тӳлем,tylem,ty.lem,2,FF,8,TRUE
тӳлеме,tyleme,ty.le.me,3,FFF,1124,TRUE
тӳлемлӗ,tylemlø,ty.lem.lø,3,FFR,,FALSE
тӳлен,tylen,ty.len,2,FF,8,TRUE
тӳлентер,tylenter,ty.len.ter,3,FFF,,FALSE
тӳлеттер,tyletter,ty.let.ter,3,FFF,,FALSE
тӳлт,tylt,tylt,1,F,,FALSE
тӳлтлет,tyltlet,tylt.let,2,FF,,FALSE
тӳме,tyme,ty.me,2,FF,140,TRUE
тӳмеле,tymele,ty.me.le,3,FFF,5,TRUE
тӳмелен,tymelen,ty.me.len,3,FFF,,FALSE
тӳмелентер,tymelenter,ty.me.len.ter,4,FFFF,,FALSE
тӳмелеттер,tymeletter,ty.me.let.ter,4,FFFF,,FALSE
тӳмеллӗ,tymellø,ty.mel.lø,3,FFR,58,TRUE
тӳн,tyn,tyn,1,F,25,TRUE
тӳнтӳнле,tyntynle,tyn.tyn.le,3,FFF,,FALSE
тӳнк,tynk,tynk,1,F,38,TRUE
тӳнкӗр,tynkør,tyn.kør,2,FR,10,TRUE
тӳнкӗртет,tynkørtet,tyn.kør.tet,3,FRF,,FALSE
тӳнкӗртеттер,tynkørtetter,tyn.kør.tet.ter,4,FRFF,,FALSE
тӳнкке,tynkke,tynk.ke,2,FF,,FALSE
тӳнккитӳнкки,tynkkitynkki,tynk.ki.tynk.ki,4,FFFF,,FALSE
тӳнклет,tynklet,tynk.let,2,FF,1,TRUE
тӳнклеттер,tynkletter,tynk.let.ter,3,FFF,,FALSE
тӳнлет,tynlet,tyn.let,2,FF,,FALSE
тӳнлеттер,tynletter,tyn.let.ter,3,FFF,,FALSE
тӳнтер,tynter,tyn.ter,2,FF,226,TRUE
тӳнтерӗш,tynterøʃ,tyn.te.røʃ,3,FFR,3,TRUE
тӳнтерле,tynterle,tyn.ter.le,3,FFF,132,TRUE
тӳнтерлет,tynterlet,tyn.ter.let,3,FFF,,FALSE
тӳнтерлӗх,tynterløx,tyn.ter.løx,3,FFR,3,TRUE
тӳнтеррӗн,tynterrøn,tyn.ter.røn,3,FFR,2,TRUE
тӳнтерттер,tyntertter,tyn.tert.ter,3,FFF,,FALSE
тӳнтӳн,tyntyn,tyn.tyn,2,FF,,FALSE
тӳп,typ,typ,1,F,379,TRUE
тӳптӳлек,typtylek,typ.ty.lek,3,FFF,,FALSE
тӳптӳрӗ,typtyrø,typ.ty.rø,3,FFR,1,TRUE
тӳпе,type,ty.pe,2,FF,2252,TRUE
тӳпек,typek,ty.pek,2,FF,1,TRUE
тӳпеле,typele,ty.pe.le,3,FFF,5,TRUE
тӳпелен,typelen,ty.pe.len,3,FFF,,FALSE
тӳпелеттер,typeletter,ty.pe.let.ter,4,FFFF,,FALSE
тӳпелеш,typeleʃ,ty.pe.leʃ,3,FFF,,FALSE
тӳпелешӳ,typeleʃy,ty.pe.le.ʃy,4,FFFF,4,TRUE
тӳпем,typem,ty.pem,2,FF,39,TRUE
тӳпеми,typemi,ty.pe.mi,3,FFF,13,TRUE
тӳпемлет,typemlet,ty.pem.let,3,FFF,,FALSE
тӳпен,typen,ty.pen,2,FF,54,TRUE
тӳпенелле,typenelle,ty.pe.nel.le,4,FFFF,488,TRUE
тӳпери,typeri,ty.pe.ri,3,FFF,593,TRUE
тӳпеттей,typettej,ty.pet.tej,3,FFF,47,TRUE
тӳпӗлтет,typøltet,ty.pøl.tet,3,FRF,,FALSE
тӳпке,typke,typ.ke,2,FF,3,TRUE
тӳпкелеш,typkeleʃ,typ.ke.leʃ,3,FFF,,FALSE
тӳпкелешӳ,typkeleʃy,typ.ke.le.ʃy,4,FFFF,2,TRUE
тӳплет,typlet,typ.let,2,FF,,FALSE
тӳплеттер,typletter,typ.let.ter,3,FFF,,FALSE
тӳр,tyr,tyr,1,F,2315,TRUE
тӳре,tyre,ty.re,2,FF,1801,TRUE
тӳрешара,tyreʃara,ty.re.ʃa.ra,4,FFFF,13,TRUE
тӳреле,tyrele,ty.re.le,3,FFF,,FALSE
тӳрем,tyrem,ty.rem,2,FF,279,TRUE
тӳремле,tyremle,ty.rem.le,3,FFF,,FALSE
тӳремлен,tyremlen,ty.rem.len,3,FFF,,FALSE
тӳремлет,tyremlet,ty.rem.let,3,FFF,,FALSE
тӳремлеттер,tyremletter,ty.rem.let.ter,4,FFFF,,FALSE
тӳремлӗх,tyremløx,ty.rem.løx,3,FFR,20,TRUE
тӳреммӗн,tyremmøn,ty.rem.møn,3,FFR,27,TRUE
тӳремсӑртлӑх,tyremsɵrtlɵx,ty.rem.sɵrt.lɵx,4,FFRR,1,TRUE
тӳремҫи,tyremɕi,ty.rem.ɕi,3,FFF,1,TRUE
тӳрех,tyrex,ty.rex,2,FF,9909,TRUE
тӳрӗ,tyrø,ty.rø,2,FR,3385,TRUE
тӳрӗлен,tyrølen,ty.rø.len,3,FRF,,FALSE
тӳрӗлентер,tyrølenter,ty.rø.len.ter,4,FRFF,,FALSE
тӳрӗлет,tyrølet,ty.rø.let,3,FRF,1,TRUE
тӳрӗлеш,tyrøleʃ,ty.rø.leʃ,3,FRF,,FALSE
тӳрӗлӗх,tyrøløx,ty.rø.løx,3,FRR,42,TRUE
тӳрӗрен,tyrøren,ty.rø.ren,3,FRF,103,TRUE
тӳрӗшӗ,tyrøʃø,ty.rø.ʃø,3,FRR,,FALSE
тӳркӑмӑллӑх,tyrkɵmɵllɵx,tyr.kɵ.mɵl.lɵx,4,FRRR,2,TRUE
тӳрккес,tyrkkes,tyrk.kes,2,FF,167,TRUE
тӳрккесле,tyrkkesle,tyrk.kes.le,3,FFF,6,TRUE
тӳрккеслен,tyrkkeslen,tyrk.kes.len,3,FFF,,FALSE
тӳрккеслӗх,tyrkkesløx,tyrk.kes.løx,3,FFR,10,TRUE
тӳрккессӗн,tyrkkessøn,tyrk.kes.søn,3,FFR,57,TRUE
тӳрлен,tyrlen,tyr.len,2,FF,2,TRUE
тӳрлентер,tyrlenter,tyr.len.ter,3,FFF,,FALSE
тӳрленӳ,tyrleny,tyr.le.ny,3,FFF,12,TRUE
тӳрлет,tyrlet,tyr.let,2,FF,88,TRUE
тӳрлеттер,tyrletter,tyr.let.ter,3,FFF,,FALSE
тӳрлетӳ,tyrlety,tyr.le.ty,3,FFF,35,TRUE
тӳрмен,tyrmen,tyr.men,2,FF,9,TRUE
тӳрменлен,tyrmenlen,tyr.men.len,3,FFF,,FALSE
тӳрремӗн,tyrremøn,tyr.re.møn,3,FFR,150,TRUE
тӳррӗн,tyrrøn,tyr.røn,2,FR,718,TRUE
тӳрри,tyrri,tyr.ri,2,FF,25,TRUE
тӳррипе,tyrripe,tyr.ri.pe,3,FFF,299,TRUE
тӳрт,tyrt,tyrt,1,F,5,TRUE
тӳртем,tyrtem,tyr.tem,2,FF,,FALSE
тӳртен,tyrten,tyr.ten,2,FF,157,TRUE
тӳртӗн,tyrtøn,tyr.tøn,2,FR,56,TRUE
тӳртӗнле,tyrtønle,tyr.tøn.le,3,FRF,,FALSE
тӳрткен,tyrtken,tyrt.ken,2,FF,3,TRUE
тӳртлӗх,tyrtløx,tyrt.løx,2,FR,,FALSE
тӳс,tys,tys,1,F,131,TRUE
тӳсӗм,tysøm,ty.søm,2,FR,170,TRUE
тӳсӗмлен,tysømlen,ty.søm.len,3,FRF,,FALSE
тӳсӗмлӗ,tysømlø,ty.søm.lø,3,FRR,133,TRUE
тӳсӗмлӗн,tysømløn,ty.søm.løn,3,FRR,41,TRUE
тӳсӗмлӗх,tysømløx,ty.søm.løx,3,FRR,131,TRUE
тӳсӗмсӗр,tysømsør,ty.søm.sør,3,FRR,41,TRUE
тӳсӗмсӗрлен,tysømsørlen,ty.søm.sør.len,4,FRRF,,FALSE
тӳсӗмсӗрлӗх,tysømsørløx,ty.søm.sør.løx,4,FRRR,,FALSE
тӳсӗмсӗррӗн,tysømsørrøn,ty.søm.sør.røn,4,FRRR,22,TRUE
тӳстер,tyster,tys.ter,2,FF,,FALSE
тӳт,tyt,tyt,1,F,14,TRUE
тӳтел,tytel,ty.tel,2,FF,,FALSE
тӳтер,tyter,ty.ter,2,FF,1,TRUE
тӳтлет,tytlet,tyt.let,2,FF,,FALSE
тӳтлеттер,tytletter,tyt.let.ter,3,FFF,,FALSE
тӳтрем,tytrem,tyt.rem,2,FF,,FALSE
тӳтрешке,tytreʃke,tyt.reʃ.ke,3,FFF,2,TRUE
тӳттӳ,tytty,tyt.ty,2,FF,11,TRUE
тӳттӳрӳт,tyttyryt,tyt.ty.ryt,3,FFF,1,TRUE
тӳтӳт,tytyt,ty.tyt,2,FF,4,TRUE
тӳч,tytɕ,tytɕ,1,F,2,TRUE
тӳчке,tytɕke,tytɕ.ke,2,FF,,FALSE
тӳчкем,tytɕkem,tytɕ.kem,2,FF,2,TRUE
тӳчлет,tytɕlet,tytɕ.let,2,FF,,FALSE
тӳчлеттер,tytɕletter,tytɕ.let.ter,3,FFF,,FALSE
тӳш,tyʃ,tyʃ,1,F,4,TRUE
тӳшек,tyʃek,ty.ʃek,2,FF,404,TRUE
тӳшекминтер,tyʃekminter,ty.ʃek.min.ter,4,FFFF,1,TRUE
тӳшекҫытар,tyʃekɕʉtar,ty.ʃek.ɕʉ.tar,4,FFFF,,FALSE
тӳшӗн,tyʃøn,ty.ʃøn,2,FR,,FALSE
тыл,tʉl,tʉl,1,F,387,TRUE
тылӑ,tʉlɵ,tʉ.lɵ,2,FR,79,TRUE
тылла,tʉlla,tʉl.la,2,FF,21,TRUE
тыллан,tʉllan,tʉl.lan,2,FF,,FALSE
тыллаттар,tʉllattar,tʉl.lat.tar,3,FFF,,FALSE
тымар,tʉmar,tʉ.mar,2,FF,940,TRUE
тымарлан,tʉmarlan,tʉ.mar.lan,3,FFF,43,TRUE
тымарлантар,tʉmarlantar,tʉ.mar.lan.tar,4,FFFF,,FALSE
тымарлӑ,tʉmarlɵ,tʉ.mar.lɵ,3,FFR,65,TRUE
тымарҫимӗҫ,tʉmarɕimøɕ,tʉ.mar.ɕi.møɕ,4,FFFR,2,TRUE
тымартуна,tʉmartuna,tʉ.mar.tu.na,4,FFFF,,FALSE
тын,tʉn,tʉn,1,F,6,TRUE
тына,tʉna,tʉ.na,2,FF,83,TRUE
тынас,tʉnas,tʉ.nas,2,FF,1,TRUE
тынашка,tʉnaʃka,tʉ.naʃ.ka,3,FFF,10,TRUE
тынӑ,tʉnɵ,tʉ.nɵ,2,FR,10,TRUE
тырӑ,tʉrɵ,tʉ.rɵ,2,FR,4502,TRUE
тырӑпулӑ,tʉrɵpulɵ,tʉ.rɵ.pu.lɵ,4,FRFR,5,TRUE
тырӑллӑ,tʉrɵllɵ,tʉ.rɵl.lɵ,3,FRR,38,TRUE
тырӑҫи,tʉrɵɕi,tʉ.rɵ.ɕi,3,FRF,,FALSE
тыркас,tʉrkas,tʉr.kas,2,FF,29,TRUE
тырпул,tʉrpul,tʉr.pul,2,FF,355,TRUE
тырпуллӑ,tʉrpullɵ,tʉr.pul.lɵ,3,FFR,4,TRUE
тырса,tʉrsa,tʉr.sa,2,FF,8,TRUE
тыт,tʉt,tʉt,1,F,1082,TRUE
тытамак,tʉtamak,tʉ.ta.mak,3,FFF,60,TRUE
тытамаклӑ,tʉtamaklɵ,tʉ.ta.mak.lɵ,4,FFFR,8,TRUE
тытанкӑ,tʉtankɵ,tʉ.tan.kɵ,3,FFR,,FALSE
тытӑм,tʉtɵm,tʉ.tɵm,2,FR,367,TRUE
тытӑн,tʉtɵn,tʉ.tɵn,2,FR,145,TRUE
тытӑнкӑ,tʉtɵnkɵ,tʉ.tɵn.kɵ,3,FRR,2,TRUE
тытӑнкӑллӑ,tʉtɵnkɵllɵ,tʉ.tɵn.kɵl.lɵ,4,FRRR,7,TRUE
тытӑнкӑллӑн,tʉtɵnkɵllɵn,tʉ.tɵn.kɵl.lɵn,4,FRRR,1,TRUE
тытӑнкӑсӑр,tʉtɵnkɵsɵr,tʉ.tɵn.kɵ.sɵr,4,FRRR,7,TRUE
тытӑнтар,tʉtɵntar,tʉ.tɵn.tar,3,FRF,,FALSE
тытӑнчӑк,tʉtɵntɕɵk,tʉ.tɵn.tɕɵk,3,FRR,16,TRUE
тытӑнчӑклан,tʉtɵntɕɵklan,tʉ.tɵn.tɕɵk.lan,4,FRRF,2,TRUE
тытӑнчӑклӑ,tʉtɵntɕɵklɵ,tʉ.tɵn.tɕɵk.lɵ,4,FRRR,51,TRUE
тытӑнчӑклӑн,tʉtɵntɕɵklɵn,tʉ.tɵn.tɕɵk.lɵn,4,FRRR,57,TRUE
тытӑҫ,tʉtɵɕ,tʉ.tɵɕ,2,FR,2,TRUE
тытӑҫтар,tʉtɵɕtar,tʉ.tɵɕ.tar,3,FRF,,FALSE
тытӑҫу,tʉtɵɕu,tʉ.tɵ.ɕu,3,FRF,184,TRUE
тыткала,tʉtkala,tʉt.ka.la,3,FFF,37,TRUE
тыткӑ,tʉtkɵ,tʉt.kɵ,2,FR,4,TRUE
тыткӑн,tʉtkɵn,tʉt.kɵn,2,FR,25,TRUE
тыткӑнла,tʉtkɵnla,tʉt.kɵn.la,3,FRF,1,TRUE
тыткӑнлан,tʉtkɵnlan,tʉt.kɵn.lan,3,FRF,,FALSE
тыткӑнҫӑ,tʉtkɵnɕɵ,tʉt.kɵn.ɕɵ,3,FRR,2,TRUE
тыткӑч,tʉtkɵtɕ,tʉt.kɵtɕ,2,FR,6,TRUE
тытма,tʉtma,tʉt.ma,2,FF,4469,TRUE
тыттар,tʉttar,tʉt.tar,2,FF,52,TRUE
тышла,tʉʃla,tʉʃ.la,2,FF,,FALSE
тьӑхтьӑх,tʲɵxtʲɵx,tʲɵx.tʲɵx,2,RR,,FALSE
тьӑхлат,tʲɵxlat,tʲɵx.lat,2,RF,,FALSE
тюлень,tjulenʲ,tju.lenʲ,2,FF,8,TRUE
тюль,tjulʲ,tjulʲ,1,F,17,TRUE
тюлька,tjulʲka,tjulʲ.ka,2,FF,2,TRUE
тюльпан,tjulʲpan,tjulʲ.pan,2,FF,79,TRUE
тяптяп,tjaptjap,tjapt.jap,2,FF,1,TRUE
тяпка,tjapka,tjap.ka,2,FF,4,TRUE
тяппа,tjappa,tjap.pa,2,FF,10,TRUE
уу,uu,u.u,2,FF,9,TRUE
уа,ua,u.a,2,FF,22,TRUE
уак,uak,u.ak,2,FF,,FALSE
увертюра,uʋertjura,u.ʋert.ju.ra,4,FFFF,11,TRUE
увиткӑ,uʋitkɵ,u.ʋit.kɵ,3,FFR,,FALSE
уес,ues,u.es,2,FF,213,TRUE
уй,uj,uj,1,F,4586,TRUE
уйхир,ujxir,uj.xir,2,FF,6,TRUE
уйӑл,ujɵl,u.jɵl,2,FR,,FALSE
уйӑп,ujɵp,u.jɵp,2,FR,120,TRUE
уйӑр,ujɵr,u.jɵr,2,FR,32,TRUE
уйӑрӑл,ujɵrɵl,u.jɵ.rɵl,3,FRR,2,TRUE
уйӑрттар,ujɵrttar,u.jɵrt.tar,3,FRF,,FALSE
уйӑру,ujɵru,u.jɵ.ru,3,FRF,11,TRUE
уйӑх,ujɵx,u.jɵx,2,FR,7712,TRUE
уйӑхӗуйӑхӗпе,ujɵxøujɵxøpe,u.jɵ.xø.u.jɵ.xø.pe,7,FRRFRRF,2,TRUE
уйӑхӗпе,ujɵxøpe,u.jɵ.xø.pe,4,FRRF,130,TRUE
уйӑхла,ujɵxla,u.jɵx.la,3,FRF,3,TRUE
уйӑхлӑх,ujɵxlɵx,u.jɵx.lɵx,3,FRR,217,TRUE
уйӑхсерен,ujɵxseren,u.jɵx.se.ren,4,FRFF,510,TRUE
уйла,ujla,uj.la,2,FF,8,TRUE
уйлӑх,ujlɵx,uj.lɵx,2,FR,119,TRUE
уймӑл,ujmɵl,uj.mɵl,2,FR,2,TRUE
уймӑллӑ,ujmɵllɵ,uj.mɵl.lɵ,3,FRR,2,TRUE
уймӑллӑн,ujmɵllɵn,uj.mɵl.lɵn,3,FRR,,FALSE
уймӑллӑх,ujmɵllɵx,uj.mɵl.lɵx,3,FRR,,FALSE
уйран,ujran,uj.ran,2,FF,308,TRUE
уйрантурах,ujranturax,uj.ran.tu.rax,4,FFFF,,FALSE
уйрӑл,ujrɵl,uj.rɵl,2,FR,34,TRUE
уйрӑлтар,ujrɵltar,uj.rɵl.tar,3,FRF,,FALSE
уйрӑлу,ujrɵlu,uj.rɵ.lu,3,FRF,355,TRUE
уйрӑм,ujrɵm,uj.rɵm,2,FR,6478,TRUE
уйрӑмайрӑм,ujrɵmajrɵm,uj.rɵ.maj.rɵm,4,FRFR,,FALSE
уйрӑмуйрӑм,ujrɵmujrɵm,uj.rɵ.muj.rɵm,4,FRFR,,FALSE
уйрӑмах,ujrɵmax,uj.rɵ.max,3,FRF,8016,TRUE
уйрӑмлан,ujrɵmlan,uj.rɵm.lan,3,FRF,,FALSE
уйрӑмлӑх,ujrɵmlɵx,uj.rɵm.lɵx,3,FRR,366,TRUE
уйрӑммӑн,ujrɵmmɵn,uj.rɵm.mɵn,3,FRR,826,TRUE
уйрӑммӑнуйрӑммӑн,ujrɵmmɵnujrɵmmɵn,uj.rɵm.mɵ.nuj.rɵm.mɵn,6,FRRFRR,,FALSE
уйрӑммӑнах,ujrɵmmɵnax,uj.rɵm.mɵ.nax,4,FRRF,106,TRUE
уйрӑмшарӑн,ujrɵmʃarɵn,uj.rɵm.ʃa.rɵn,4,FRFR,102,TRUE
ука,uka,u.ka,2,FF,207,TRUE
укала,ukala,u.ka.la,3,FFF,,FALSE
укалан,ukalan,u.ka.lan,3,FFF,,FALSE
укаллӑ,ukallɵ,u.kal.lɵ,3,FFR,11,TRUE
укӑлча,ukɵltɕa,u.kɵl.tɕa,3,FRF,349,TRUE
укӑр,ukɵr,u.kɵr,2,FR,43,TRUE
украин,ukrain,uk.ra.in,3,FFF,209,TRUE
украинла,ukrainla,uk.ra.in.la,4,FFFF,72,TRUE
укреплени,ukrepleni,uk.rep.le.ni,4,FFFF,2,TRUE
укрук,ukruk,uk.ruk,2,FF,1,TRUE
укрукла,ukrukla,uk.ruk.la,3,FFF,,FALSE
уксах,uksax,uk.sax,2,FF,451,TRUE
уксахчӑлах,uksaxtɕɵlax,uk.sax.tɕɵ.lax,4,FFRF,,FALSE
уксахла,uksaxla,uk.sax.la,3,FFF,26,TRUE
уксахлан,uksaxlan,uk.sax.lan,3,FFF,,FALSE
уксахлаттар,uksaxlattar,uk.sax.lat.tar,4,FFFF,,FALSE
уксӑм,uksɵm,uk.sɵm,2,FR,10,TRUE
уксус,uksus,uk.sus,2,FF,443,TRUE
укҫа,ukɕa,uk.ɕa,2,FF,18055,TRUE
укҫапухча,ukɕapuxtɕa,uk.ɕa.pux.tɕa,4,FFFF,,FALSE
укҫатенкӗ,ukɕatenkø,uk.ɕa.ten.kø,4,FFFR,47,TRUE
укҫалан,ukɕalan,uk.ɕa.lan,3,FFF,,FALSE
укҫалантар,ukɕalantar,uk.ɕa.lan.tar,4,FFFF,,FALSE
укҫалла,ukɕalla,uk.ɕal.la,3,FFF,357,TRUE
укҫаллӑ,ukɕallɵ,uk.ɕal.lɵ,3,FFR,240,TRUE
укҫан,ukɕan,uk.ɕan,2,FF,590,TRUE
укҫу,ukɕu,uk.ɕu,2,FF,117,TRUE
ула,ula,u.la,2,FF,1169,TRUE
улачӑла,ulatɕɵla,u.la.tɕɵ.la,4,FFRF,7,TRUE
улачӑлалан,ulatɕɵlalan,u.la.tɕɵ.la.lan,5,FFRFF,,FALSE
улачӑлалантар,ulatɕɵlalantar,u.la.tɕɵ.la.lan.tar,6,FFRFFF,,FALSE
улачӑлалат,ulatɕɵlalat,u.la.tɕɵ.la.lat,5,FFRFF,,FALSE
улачӑпар,ulatɕɵpar,u.la.tɕɵ.par,4,FFRF,,FALSE
улалан,ulalan,u.la.lan,3,FFF,,FALSE
улалантар,ulalantar,u.la.lan.tar,4,FFFF,,FALSE
улалат,ulalat,u.la.lat,3,FFF,,FALSE
улаллӑ,ulallɵ,u.lal.lɵ,3,FFR,2,TRUE
уламас,ulamas,u.la.mas,3,FFF,15,TRUE
улан,ulan,u.lan,2,FF,117,TRUE
уланкӑ,ulankɵ,u.lan.kɵ,3,FFR,93,TRUE
улаппа,ulappa,u.lap.pa,3,FFF,7,TRUE
улатакка,ulatakka,u.la.tak.ka,4,FFFF,106,TRUE
улатӑпа,ulatɵpa,u.la.tɵ.pa,4,FFRF,16,TRUE
улаттар,ulattar,u.lat.tar,3,FFF,,FALSE
улах,ulax,u.lax,2,FF,729,TRUE
улахлан,ulaxlan,u.lax.lan,3,FFF,,FALSE
улахлантар,ulaxlantar,u.lax.lan.tar,4,FFFF,,FALSE
улаххӑн,ulaxxɵn,u.lax.xɵn,3,FFR,24,TRUE
улача,ulatɕa,u.la.tɕa,3,FFF,156,TRUE
улаш,ulaʃ,u.laʃ,2,FF,,FALSE
улӑм,ulɵm,u.lɵm,2,FR,1469,TRUE
улӑмла,ulɵmla,u.lɵm.la,3,FRF,2,TRUE
улӑмлан,ulɵmlan,u.lɵm.lan,3,FRF,,FALSE
улӑп,ulɵp,u.lɵp,2,FR,1478,TRUE
улӑпла,ulɵpla,u.lɵp.la,3,FRF,110,TRUE
улӑплан,ulɵplan,u.lɵp.lan,3,FRF,,FALSE
улӑх,ulɵx,u.lɵx,2,FR,1046,TRUE
улӑхвӑрман,ulɵxʋɵrman,u.lɵx.ʋɵr.man,4,FRRF,,FALSE
улӑхҫаран,ulɵxɕaran,u.lɵx.ɕa.ran,4,FRFF,,FALSE
улӑхлӑх,ulɵxlɵx,u.lɵx.lɵx,3,FRR,3,TRUE
улӑхтар,ulɵxtar,u.lɵx.tar,3,FRF,,FALSE
улӑш,ulɵʃ,u.lɵʃ,2,FR,7,TRUE
улӑштар,ulɵʃtar,u.lɵʃ.tar,3,FRF,54,TRUE
улӑштарттар,ulɵʃtarttar,u.lɵʃ.tart.tar,4,FRFF,,FALSE
улӑштару,ulɵʃtaru,u.lɵʃ.ta.ru,4,FRFF,8,TRUE
улӑшу,ulɵʃu,u.lɵ.ʃu,3,FRF,7,TRUE
улӗмччен,ulømtɕtɕen,u.lømtɕ.tɕen,3,FRF,,FALSE
улма,ulma,ul.ma,2,FF,1738,TRUE
улмаҫырла,ulmaɕʉrla,ul.ma.ɕʉr.la,4,FFFF,44,TRUE
улмал,ulmal,ul.mal,2,FF,,FALSE
улмаш,ulmaʃ,ul.maʃ,2,FF,1,TRUE
улмашлӑ,ulmaʃlɵ,ul.maʃ.lɵ,3,FFR,,FALSE
улмуҫҫи,ulmuɕɕi,ul.muɕ.ɕi,3,FFF,621,TRUE
улмуҫҫилӗх,ulmuɕɕiløx,ul.muɕ.ɕi.løx,4,FFFR,,FALSE
улпут,ulput,ul.put,2,FF,918,TRUE
улпутхуҫа,ulputxuɕa,ul.put.xu.ɕa,4,FFFF,,FALSE
улпутла,ulputla,ul.put.la,3,FFF,21,TRUE
улпутлан,ulputlan,ul.put.lan,3,FFF,,FALSE
улпутлӑх,ulputlɵx,ul.put.lɵx,3,FFR,,FALSE
улт,ult,ult,1,F,233,TRUE
ултҫич,ultɕitɕ,ul.tɕitɕ,2,FF,,FALSE
ултав,ultaʋ,ul.taʋ,2,FF,517,TRUE
ултавлӑ,ultaʋlɵ,ul.taʋ.lɵ,3,FFR,314,TRUE
ултавлӑн,ultaʋlɵn,ul.taʋ.lɵn,3,FFR,21,TRUE
ултавлӑх,ultaʋlɵx,ul.taʋ.lɵx,3,FFR,9,TRUE
ултавҫӑ,ultaʋɕɵ,ul.taʋ.ɕɵ,3,FFR,185,TRUE
ултавҫӑлан,ultaʋɕɵlan,ul.taʋ.ɕɵ.lan,4,FFRF,,FALSE
ултала,ultala,ul.ta.la,3,FFF,37,TRUE
улталан,ultalan,ul.ta.lan,3,FFF,12,TRUE
улталаттар,ultalattar,ul.ta.lat.tar,4,FFFF,,FALSE
ултӑ,ultɵ,ul.tɵ,2,FR,3151,TRUE
ултмине,ultmine,ult.mi.ne,3,FFF,,FALSE
ултсӑмӑр,ultsɵmɵr,ul.tsɵ.mɵr,3,FRR,1,TRUE
ултсӑр,ultsɵr,ul.tsɵr,2,FR,,FALSE
ултҫӗр,ultɕør,ul.tɕør,2,FR,51,TRUE
улттӑ,ulttɵ,ult.tɵ,2,FR,257,TRUE
улттӑлла,ulttɵlla,ult.tɵl.la,3,FRF,3,TRUE
улттӑмӗш,ulttɵmøʃ,ult.tɵ.møʃ,3,FRR,597,TRUE
улттӑн,ulttɵn,ult.tɵn,2,FR,193,TRUE
улттӑш,ulttɵʃ,ult.tɵʃ,2,FR,4,TRUE
улттӑшӗ,ulttɵʃø,ult.tɵ.ʃø,3,FRR,71,TRUE
ултшар,ultʃar,ul.tʃar,2,FF,43,TRUE
ултшарӑн,ultʃarɵn,ul.tʃa.rɵn,3,FFR,9,TRUE
улу,ulu,u.lu,2,FF,51,TRUE
улус,ulus,u.lus,2,FF,74,TRUE
улча,ultɕa,ul.tɕa,2,FF,6,TRUE
улчепи,ultɕepi,ul.tɕe.pi,3,FFF,1,TRUE
улшӑн,ulʃɵn,ul.ʃɵn,2,FR,16,TRUE
улшӑнтар,ulʃɵntar,ul.ʃɵn.tar,3,FRF,,FALSE
улшӑну,ulʃɵnu,ul.ʃɵ.nu,3,FRF,545,TRUE
улшу,ulʃu,ul.ʃu,2,FF,7,TRUE
улшуҫ,ulʃuɕ,ul.ʃuɕ,2,FF,66,TRUE
улшуҫӑ,ulʃuɕɵ,ul.ʃu.ɕɵ,3,FFR,11,TRUE
улшуҫла,ulʃuɕla,ul.ʃuɕ.la,3,FFF,2,TRUE
ультиматум,ulʲtimatum,ulʲ.ti.ma.tum,4,FFFF,15,TRUE
ультиматумла,ulʲtimatumla,ulʲ.ti.ma.tum.la,5,FFFFF,,FALSE
ультиматумлӑ,ulʲtimatumlɵ,ulʲ.ti.ma.tum.lɵ,5,FFFFR,,FALSE
ультрамарин,ulʲtramarin,ulʲt.ra.ma.rin,4,FFFF,1,TRUE
ультрасасӑ,ulʲtrasasɵ,ulʲt.ra.sa.sɵ,4,FFFR,21,TRUE
ум,um,um,1,F,353,TRUE
умсум,umsum,um.sum,2,FF,,FALSE
умхыҫ,umxʉɕ,um.xʉɕ,2,FF,,FALSE
умлӑхыҫлӑ,umlɵxʉɕlɵ,um.lɵ.xʉɕ.lɵ,4,FRFR,5,TRUE
умлӑнхыҫлӑн,umlɵnxʉɕlɵn,um.lɵn.xʉɕ.lɵn,4,FRFR,13,TRUE
умсӑмах,umsɵmax,um.sɵ.max,3,FRF,61,TRUE
умсӑрсумсӑр,umsɵrsumsɵr,um.sɵr.sum.sɵr,4,FRFR,,FALSE
ун,un,un,1,F,63644,TRUE
ункун,unkun,un.kun,2,FF,5,TRUE
уна,una,u.na,2,FF,72,TRUE
унан,unan,u.nan,2,FF,126,TRUE
унаҫ,unaɕ,u.naɕ,2,FF,1,TRUE
унаттар,unattar,u.nat.tar,3,FFF,,FALSE
уначӑ,unatɕɵ,u.na.tɕɵ,3,FFR,1,TRUE
унашкал,unaʃkal,u.naʃ.kal,3,FFF,1392,TRUE
унӑн,unɵn,u.nɵn,2,FR,47893,TRUE
уни,uni,u.ni,2,FF,70,TRUE
универсал,uniʋersal,u.ni.ʋer.sal,4,FFFF,28,TRUE
универсаллӑ,uniʋersallɵ,u.ni.ʋer.sal.lɵ,5,FFFFR,116,TRUE
универсам,uniʋersam,u.ni.ʋer.sam,4,FFFF,1,TRUE
университет,uniʋersitet,u.ni.ʋer.si.tet,5,FFFFF,668,TRUE
униче,unitɕe,u.ni.tɕe,3,FFF,64,TRUE
ункай,unkaj,un.kaj,2,FF,14,TRUE
ункайла,unkajla,un.kaj.la,3,FFF,,FALSE
ункайлӑ,unkajlɵ,un.kaj.lɵ,3,FFR,14,TRUE
ункӑ,unkɵ,un.kɵ,2,FR,379,TRUE
ункӑла,unkɵla,un.kɵ.la,3,FRF,,FALSE
ункӑлан,unkɵlan,un.kɵ.lan,3,FRF,2,TRUE
ункӑллӑ,unkɵllɵ,un.kɵl.lɵ,3,FRR,22,TRUE
ункӑнункӑн,unkɵnunkɵn,un.kɵ.nun.kɵn,4,FRFR,,FALSE
унпа,unpa,un.pa,2,FF,12108,TRUE
унра,unra,un.ra,2,FF,916,TRUE
унран,unran,un.ran,2,FF,5131,TRUE
унсӑр,unsɵr,un.sɵr,2,FR,4067,TRUE
унсӑрах,unsɵrax,un.sɵ.rax,3,FRF,136,TRUE
унсӑрӑн,unsɵrɵn,un.sɵ.rɵn,3,FRR,2730,TRUE
унт,unt,unt,1,F,11,TRUE
унта,unta,un.ta,2,FF,42134,TRUE
унтакунта,untakunta,un.ta.kun.ta,4,FFFF,11,TRUE
унталла,untalla,un.tal.la,3,FFF,1307,TRUE
унталлакунталла,untallakuntalla,un.tal.la.kun.tal.la,6,FFFFFF,21,TRUE
унталли,untalli,un.tal.li,3,FFF,1,TRUE
унтан,untan,un.tan,2,FF,18822,TRUE
унтанкунтан,untankuntan,un.tan.kun.tan,4,FFFF,3,TRUE
унтанпа,untanpa,un.tan.pa,3,FFF,1375,TRUE
унтараххӑн,untaraxxɵn,un.ta.rax.xɵn,4,FFFR,,FALSE
унтер,unter,un.ter,2,FF,56,TRUE
унти,unti,un.ti,2,FF,3089,TRUE
унччен,untɕtɕen,untɕ.tɕen,2,FF,5324,TRUE
унчченхи,untɕtɕenxi,untɕ.tɕen.xi,3,FFF,1284,TRUE
унчченхилле,untɕtɕenxille,untɕ.tɕen.xil.le,4,FFFF,10,TRUE
уншӑн,unʃɵn,un.ʃɵn,2,FR,5119,TRUE
упа,upa,u.pa,2,FF,1839,TRUE
упален,upalen,u.pa.len,3,FFF,9,TRUE
упалентер,upalenter,u.pa.len.ter,4,FFFF,,FALSE
упалла,upalla,u.pal.la,3,FFF,17,TRUE
упамас,upamas,u.pa.mas,3,FFF,2,TRUE
упасарри,upasarri,u.pa.sar.ri,4,FFFF,11,TRUE
упӑлча,upɵltɕa,u.pɵl.tɕa,3,FRF,,FALSE
упӑрч,upɵrtɕ,u.pɵrtɕ,2,FR,2,TRUE
упӑте,upɵte,u.pɵ.te,3,FRF,303,TRUE
упӑтелен,upɵtelen,u.pɵ.te.len,4,FRFF,4,TRUE
упӑтелле,upɵtelle,u.pɵ.tel.le,4,FRFF,8,TRUE
упӑшка,upɵʃka,u.pɵʃ.ka,3,FRF,1962,TRUE
упӑшкаллӑ,upɵʃkallɵ,u.pɵʃ.kal.lɵ,4,FRFR,35,TRUE
упӑшкаллӑарӑмлӑ,upɵʃkallɵarɵmlɵ,u.pɵʃ.kal.lɵ.a.rɵm.lɵ,7,FRFRFRR,,FALSE
уписупи,upisupi,u.pi.su.pi,4,FFFF,1,TRUE
уплювкка,upljuʋkka,upl.juʋk.ka,3,FFF,,FALSE
упра,upra,up.ra,2,FF,290,TRUE
управ,upraʋ,up.raʋ,2,FF,77,TRUE
управа,upraʋa,up.ra.ʋa,3,FFF,50,TRUE
управлӑн,upraʋlɵn,up.raʋ.lɵn,3,FFR,9,TRUE
управлени,upraʋleni,up.raʋ.le.ni,4,FFFF,417,TRUE
упран,upran,up.ran,2,FF,27,TRUE
упраттар,uprattar,up.rat.tar,3,FFF,,FALSE
упрем,uprem,up.rem,2,FF,,FALSE
упрук,upruk,up.ruk,2,FF,1,TRUE
упус,upus,u.pus,2,FF,4,TRUE
упшур,upʃur,up.ʃur,2,FF,3,TRUE
упшурла,upʃurla,up.ʃur.la,3,FFF,1,TRUE
упшурлан,upʃurlan,up.ʃur.lan,3,FFF,,FALSE
ур,ur,ur,1,F,372,TRUE
ура,ura,u.ra,2,FF,9374,TRUE
уравнени,uraʋneni,u.raʋ.ne.ni,4,FFFF,5,TRUE
урай,uraj,u.raj,2,FF,1482,TRUE
урайлӑх,urajlɵx,u.raj.lɵx,3,FFR,,FALSE
урала,urala,u.ra.la,3,FFF,53,TRUE
уралан,uralan,u.ra.lan,3,FFF,3,TRUE
уралантар,uralantar,u.ra.lan.tar,4,FFFF,1,TRUE
уралаш,uralaʃ,u.ra.laʃ,3,FFF,,FALSE
ураллӑ,urallɵ,u.ral.lɵ,3,FFR,604,TRUE
урам,uram,u.ram,2,FF,3541,TRUE
уран,uran,u.ran,2,FF,559,TRUE
урапа,urapa,u.ra.pa,3,FFF,2203,TRUE
урапаҫуна,urapaɕuna,u.ra.pa.ɕu.na,5,FFFFF,1,TRUE
урапатарантас,urapatarantas,u.ra.pa.ta.ran.tas,6,FFFFFF,,FALSE
урапалӑх,urapalɵx,u.ra.pa.lɵx,4,FFFR,1,TRUE
урапаллӑ,urapallɵ,u.ra.pal.lɵ,4,FFFR,125,TRUE
ураса,urasa,u.ra.sa,3,FFF,9,TRUE
урасӑр,urasɵr,u.ra.sɵr,3,FFR,276,TRUE
урасӑрлан,urasɵrlan,u.ra.sɵr.lan,4,FFRF,,FALSE
ураҫӑ,uraɕɵ,u.ra.ɕɵ,3,FFR,1,TRUE
ураҫҫи,uraɕɕi,u.raɕ.ɕi,3,FFF,6,TRUE
урата,urata,u.ra.ta,3,FFF,28,TRUE
урӑ,urɵ,u.rɵ,2,FR,327,TRUE
урӑл,urɵl,u.rɵl,2,FR,7,TRUE
урӑлла,urɵlla,u.rɵl.la,3,FRF,30,TRUE
урӑлтар,urɵltar,u.rɵl.tar,3,FRF,1,TRUE
урӑмcурӑм,urɵmsurɵm,u.rɵm.su.rɵm,4,FRFR,,FALSE
урӑмсурӑмлан,urɵmsurɵmlan,u.rɵm.su.rɵm.lan,5,FRFRF,,FALSE
урӑх,urɵx,u.rɵx,2,FR,14014,TRUE
урӑхла,urɵxla,u.rɵx.la,3,FRF,4151,TRUE
урӑхлан,urɵxlan,u.rɵx.lan,3,FRF,1,TRUE
урӑхлантар,urɵxlantar,u.rɵx.lan.tar,4,FRFF,,FALSE
урӑхлат,urɵxlat,u.rɵx.lat,3,FRF,1,TRUE
урӑхлаттар,urɵxlattar,u.rɵx.lat.tar,4,FRFF,,FALSE
урӑхран,urɵxran,u.rɵx.ran,3,FRF,169,TRUE
уреми,uremi,u.re.mi,3,FFF,,FALSE
уретник,uretnik,u.ret.nik,3,FFF,307,TRUE
урлав,urlaʋ,ur.laʋ,2,FF,6,TRUE
урлаҫҫи,urlaɕɕi,ur.laɕ.ɕi,3,FFF,1,TRUE
урлашка,urlaʃka,ur.laʃ.ka,3,FFF,5,TRUE
урлӑ,urlɵ,ur.lɵ,2,FR,12262,TRUE
урлӑпирлӗ,urlɵpirlø,ur.lɵ.pir.lø,4,FRFR,3,TRUE
урлӑтӑрӑх,urlɵtɵrɵx,ur.lɵ.tɵ.rɵx,4,FRRR,,FALSE
урлӑлла,urlɵlla,ur.lɵl.la,3,FRF,11,TRUE
урлӑн,urlɵn,ur.lɵn,2,FR,5,TRUE
урлӑсерен,urlɵseren,ur.lɵ.se.ren,4,FRFF,,FALSE
урлӑш,urlɵʃ,ur.lɵʃ,2,FR,33,TRUE
урлӑшӗ,urlɵʃø,ur.lɵ.ʃø,3,FRR,23,TRUE
урлӑшӗтӑршшӗ,urlɵʃøtɵrʃʃø,ur.lɵ.ʃø.tɵrʃ.ʃø,5,FRRRR,1,TRUE
урлу,urlu,ur.lu,2,FF,1,TRUE
урлуҫҫи,urluɕɕi,ur.luɕ.ɕi,3,FFF,1,TRUE
урмӑш,urmɵʃ,ur.mɵʃ,2,FR,69,TRUE
урмӑшлан,urmɵʃlan,ur.mɵʃ.lan,3,FRF,,FALSE
урмӑштар,urmɵʃtar,ur.mɵʃ.tar,3,FRF,2,TRUE
урна,urna,ur.na,2,FF,15,TRUE
урпа,urpa,ur.pa,2,FF,501,TRUE
урпанла,urpanla,ur.pan.la,3,FFF,,FALSE
урпанлан,urpanlan,ur.pan.lan,3,FFF,,FALSE
урра,urra,ur.ra,2,FF,135,TRUE
урҫа,urɕa,ur.ɕa,2,FF,46,TRUE
урт,urt,urt,1,F,27,TRUE
урта,urta,ur.ta,2,FF,241,TRUE
уртар,urtar,ur.tar,2,FF,1,TRUE
уртӑн,urtɵn,ur.tɵn,2,FR,6,TRUE
уртӑнтар,urtɵntar,ur.tɵn.tar,3,FRF,,FALSE
уртӑш,urtɵʃ,ur.tɵʃ,2,FR,82,TRUE
уртмах,urtmax,urt.max,2,FF,11,TRUE
уртмахҫӑ,urtmaxɕɵ,urt.max.ɕɵ,3,FFR,14,TRUE
урхалӑх,urxalɵx,ur.xa.lɵx,3,FFR,13,TRUE
урхамах,urxamax,ur.xa.max,3,FFF,1011,TRUE
урша,urʃa,ur.ʃa,2,FF,1,TRUE
урюк,urjuk,ur.juk,2,FF,14,TRUE
ус,us,us,1,F,229,TRUE
уса,usa,u.sa,2,FF,233,TRUE
усал,usal,u.sal,2,FF,7087,TRUE
усалтӗсел,usaltøsel,u.sal.tø.sel,4,FFRF,4,TRUE
усалхаяр,usalxajar,u.sal.xa.jar,4,FFFF,,FALSE
усалла,usalla,u.sal.la,3,FFF,6,TRUE
усаллан,usallan,u.sal.lan,3,FFF,,FALSE
усаллантар,usallantar,u.sal.lan.tar,4,FFFF,,FALSE
усаллӑн,usallɵn,u.sal.lɵn,3,FFR,95,TRUE
усаллӑх,usallɵx,u.sal.lɵx,3,FFR,67,TRUE
усапка,usapka,u.sap.ka,3,FFF,2,TRUE
усӑ,usɵ,u.sɵ,2,FR,17145,TRUE
усӑк,usɵk,u.sɵk,2,FR,42,TRUE
усӑлӑх,usɵlɵx,u.sɵ.lɵx,3,FRR,13,TRUE
усӑллӑ,usɵllɵ,u.sɵl.lɵ,3,FRR,3137,TRUE
усӑн,usɵn,u.sɵn,2,FR,13,TRUE
усӑнтар,usɵntar,u.sɵn.tar,3,FRF,2,TRUE
усӑнчӑк,usɵntɕɵk,u.sɵn.tɕɵk,3,FRR,25,TRUE
усӑсӑр,usɵsɵr,u.sɵ.sɵr,3,FRR,556,TRUE
усӑсӑрлан,usɵsɵrlan,u.sɵ.sɵr.lan,4,FRRF,,FALSE
усӑсӑрлӑх,usɵsɵrlɵx,u.sɵ.sɵr.lɵx,4,FRRR,,FALSE
усилитель,usilitelʲ,u.si.li.telʲ,4,FFFF,2,TRUE
ускӑн,uskɵn,us.kɵn,2,FR,,FALSE
ускӑнлан,uskɵnlan,us.kɵn.lan,3,FRF,,FALSE
услам,uslam,us.lam,2,FF,983,TRUE
усламла,uslamla,us.lam.la,3,FFF,1,TRUE
усламлӑ,uslamlɵ,us.lam.lɵ,3,FFR,3,TRUE
усламҫӑ,uslamɕɵ,us.lam.ɕɵ,3,FFR,468,TRUE
усламҫӑлла,uslamɕɵlla,us.lam.ɕɵl.la,4,FFRF,1,TRUE
услан,uslan,us.lan,2,FF,17,TRUE
усланкӑ,uslankɵ,us.lan.kɵ,3,FFR,2,TRUE
услап,uslap,us.lap,2,FF,90,TRUE
услаплан,uslaplan,us.lap.lan,3,FFF,,FALSE
усмак,usmak,us.mak,2,FF,1,TRUE
усмаклан,usmaklan,us.mak.lan,3,FFF,,FALSE
усмаклантар,usmaklantar,us.mak.lan.tar,4,FFFF,,FALSE
усра,usra,us.ra,2,FF,76,TRUE
усрав,usraʋ,us.raʋ,2,FF,285,TRUE
усравкка,usraʋkka,us.raʋk.ka,3,FFF,,FALSE
усравлӑ,usraʋlɵ,us.raʋ.lɵ,3,FFR,,FALSE
усравлӑх,usraʋlɵx,us.raʋ.lɵx,3,FFR,3,TRUE
усран,usran,us.ran,2,FF,8,TRUE
усраттар,usrattar,us.rat.tar,3,FFF,,FALSE
уссӑр,ussɵr,us.sɵr,2,FR,121,TRUE
усси,ussi,us.si,2,FF,1750,TRUE
уссиллӗ,ussillø,us.sil.lø,3,FFR,51,TRUE
устав,ustaʋ,us.taʋ,2,FF,101,TRUE
устар,ustar,us.tar,2,FF,,FALSE
уҫ,uɕ,uɕ,1,F,508,TRUE
уҫав,uɕaʋ,u.ɕaʋ,2,FF,1,TRUE
уҫӑ,uɕɵ,u.ɕɵ,2,FR,6410,TRUE
уҫӑл,uɕɵl,u.ɕɵl,2,FR,30,TRUE
уҫӑлан,uɕɵlan,u.ɕɵ.lan,3,FRF,,FALSE
уҫӑлтар,uɕɵltar,u.ɕɵl.tar,3,FRF,5,TRUE
уҫӑм,uɕɵm,u.ɕɵm,2,FR,50,TRUE
уҫӑмлӑ,uɕɵmlɵ,u.ɕɵm.lɵ,3,FRR,336,TRUE
уҫӑмлӑн,uɕɵmlɵn,u.ɕɵm.lɵn,3,FRR,264,TRUE
уҫӑмлӑх,uɕɵmlɵx,u.ɕɵm.lɵx,3,FRR,35,TRUE
уҫӑмсӑр,uɕɵmsɵr,u.ɕɵm.sɵr,3,FRR,49,TRUE
уҫӑмсӑррӑн,uɕɵmsɵrrɵn,u.ɕɵm.sɵr.rɵn,4,FRRR,12,TRUE
уҫкӑч,uɕkɵtɕ,uɕ.kɵtɕ,2,FR,1,TRUE
уҫла,uɕla,uɕ.la,2,FF,7,TRUE
уҫланкӑ,uɕlankɵ,uɕ.lan.kɵ,3,FFR,328,TRUE
уҫлаттар,uɕlattar,uɕ.lat.tar,3,FFF,,FALSE
уҫлӑх,uɕlɵx,uɕ.lɵx,2,FR,191,TRUE
уҫмухха,uɕmuxxa,uɕ.mux.xa,3,FFF,,FALSE
уҫҫӑн,uɕɕɵn,uɕ.ɕɵn,2,FR,1280,TRUE
уҫҫихуппи,uɕɕixuppi,uɕ.ɕi.xup.pi,4,FFFF,2,TRUE
уҫҫихупписӗр,uɕɕixuppisør,uɕ.ɕi.xup.pi.sør,5,FFFFR,,FALSE
уҫтар,uɕtar,uɕ.tar,2,FF,3,TRUE
ут,ut,ut,1,F,2049,TRUE
уткӑвакал,utkɵʋakal,ut.kɵ.ʋa.kal,4,FRFF,,FALSE
уткӗлетке,utkøletke,ut.kø.let.ke,4,FRFF,,FALSE
уттум,uttum,ut.tum,2,FF,,FALSE
утаман,utaman,u.ta.man,3,FFF,241,TRUE
утар,utar,u.tar,2,FF,586,TRUE
утарҫӑ,utarɕɵ,u.tar.ɕɵ,3,FFR,147,TRUE
утас,utas,u.tas,2,FF,518,TRUE
утасла,utasla,u.tas.la,3,FFF,2,TRUE
утӑ,utɵ,u.tɵ,2,FR,5086,TRUE
утӑкурӑк,utɵkurɵk,u.tɵ.ku.rɵk,4,FRFR,,FALSE
утӑтӑрӑ,utɵtɵrɵ,u.tɵ.tɵ.rɵ,4,FRRR,,FALSE
утӑулӑм,utɵulɵm,u.tɵ.u.lɵm,4,FRFR,3,TRUE
утӑлӑх,utɵlɵx,u.tɵ.lɵx,3,FRR,7,TRUE
утӑм,utɵm,u.tɵm,2,FR,2394,TRUE
утӑмла,utɵmla,u.tɵm.la,3,FRF,6,TRUE
утӑмлаттар,utɵmlattar,u.tɵm.lat.tar,4,FRFF,,FALSE
утӑрья,utɵrʲja,u.tɵrʲ.ja,3,FRF,30,TRUE
утвалли,utʋalli,ut.ʋal.li,3,FFF,6,TRUE
утелни,utelni,u.tel.ni,3,FFF,73,TRUE
утиути,utiuti,u.ti.u.ti,4,FFFF,,FALSE
утиль,utilʲ,u.tilʲ,2,FF,2,TRUE
утиял,utijal,u.ti.jal,3,FFF,201,TRUE
уткаларӑш,utkalarɵʃ,ut.ka.la.rɵʃ,4,FFFR,,FALSE
утлан,utlan,ut.lan,2,FF,24,TRUE
утлантар,utlantar,ut.lan.tar,3,FFF,1,TRUE
утлӑ,utlɵ,ut.lɵ,2,FR,405,TRUE
утма,utma,ut.ma,2,FF,2138,TRUE
утмӑл,utmɵl,ut.mɵl,2,FR,683,TRUE
утмӑлмӗш,utmɵlmøʃ,ut.mɵl.møʃ,3,FRR,31,TRUE
утмӑлтурат,utmɵlturat,ut.mɵl.tu.rat,4,FRFF,85,TRUE
утна,utna,ut.na,2,FF,43,TRUE
утнаккӑ,utnakkɵ,ut.nak.kɵ,3,FFR,1,TRUE
утнаккӑлан,utnakkɵlan,ut.nak.kɵ.lan,4,FFRF,,FALSE
утрав,utraʋ,ut.raʋ,2,FF,824,TRUE
утренник,utrennik,ut.ren.nik,3,FFF,12,TRUE
утруска,utruska,ut.rus.ka,3,FFF,,FALSE
уттар,uttar,ut.tar,2,FF,72,TRUE
уття,uttja,utt.ja,2,FF,32,TRUE
утьуть,utʲutʲ,u.tʲutʲ,2,FF,,FALSE
утьӑкка,utʲɵkka,u.tʲɵk.ka,3,FRF,122,TRUE
ух,ux,ux,1,F,223,TRUE
ухала,uxala,u.xa.la,3,FFF,2,TRUE
ухата,uxata,u.xa.ta,3,FFF,12,TRUE
ухатник,uxatnik,u.xat.nik,3,FFF,13,TRUE
ухӑ,uxɵ,u.xɵ,2,FR,427,TRUE
ухӑҫӗмрен,uxɵɕømren,u.xɵ.ɕøm.ren,4,FRRF,,FALSE
ухӑла,uxɵla,u.xɵ.la,3,FRF,,FALSE
ухӑн,uxɵn,u.xɵn,2,FR,,FALSE
ухӑр,uxɵr,u.xɵr,2,FR,1,TRUE
ухӑт,uxɵt,u.xɵt,2,FR,,FALSE
ухват,uxʋat,ux.ʋat,2,FF,46,TRUE
ухла,uxla,ux.la,2,FF,,FALSE
ухлат,uxlat,ux.lat,2,FF,,FALSE
ухлаттар,uxlattar,ux.lat.tar,3,FFF,,FALSE
ухлӗм,uxløm,ux.løm,2,FR,21,TRUE
ухмах,uxmax,ux.max,2,FF,1486,TRUE
ухмахла,uxmaxla,ux.max.la,3,FFF,187,TRUE
ухмахлан,uxmaxlan,ux.max.lan,3,FFF,48,TRUE
ухмахлантар,uxmaxlantar,ux.max.lan.tar,4,FFFF,,FALSE
ухмахлат,uxmaxlat,ux.max.lat,3,FFF,,FALSE
ухмахлӑӑслӑллӑ,uxmaxlɵɵslɵllɵ,ux.max.lɵ.ɵs.lɵl.lɵ,6,FFRRRR,,FALSE
ухмахлӑх,uxmaxlɵx,ux.max.lɵx,3,FFR,16,TRUE
ухтар,uxtar,ux.tar,2,FF,3,TRUE
ухтарттар,uxtarttar,ux.tart.tar,3,FFF,,FALSE
ухтару,uxtaru,ux.ta.ru,3,FFF,19,TRUE
ухута,uxuta,u.xu.ta,3,FFF,32,TRUE
ухутпах,uxutpax,u.xut.pax,3,FFF,,FALSE
участник,utɕastnik,u.tɕast.nik,3,FFF,8,TRUE
ученӑй,utɕenɵj,u.tɕe.nɵj,3,FFR,364,TRUE
учет,utɕet,u.tɕet,2,FF,62,TRUE
учетчик,utɕettɕik,u.tɕet.tɕik,3,FFF,19,TRUE
учитель,utɕitelʲ,u.tɕi.telʲ,3,FFF,2470,TRUE
учӳк,utɕyk,u.tɕyk,2,FF,150,TRUE
учча,utɕtɕa,utɕ.tɕa,2,FF,1,TRUE
уччине,utɕtɕine,utɕ.tɕi.ne,3,FFF,,FALSE
уша,uʃa,u.ʃa,2,FF,26,TRUE
ушат,uʃat,u.ʃat,2,FF,,FALSE
ушах,uʃax,u.ʃax,2,FF,14,TRUE
ушахлан,uʃaxlan,u.ʃax.lan,3,FFF,,FALSE
ушахлат,uʃaxlat,u.ʃax.lat,3,FFF,,FALSE
ушахлӑх,uʃaxlɵx,u.ʃax.lɵx,3,FFR,,FALSE
ушӑ,uʃɵ,u.ʃɵ,2,FR,3,TRUE
ушӑн,uʃɵn,u.ʃɵn,2,FR,,FALSE
ушкӑн,uʃkɵn,uʃ.kɵn,2,FR,4616,TRUE
ушкӑнушкӑн,uʃkɵnuʃkɵn,uʃ.kɵ.nuʃ.kɵn,4,FRFR,,FALSE
ушкӑнӑн,uʃkɵnɵn,uʃ.kɵ.nɵn,3,FRR,596,TRUE
ушкӑнӗушкӑнӗпе,uʃkɵnøuʃkɵnøpe,uʃ.kɵ.nø.uʃ.kɵ.nø.pe,7,FRRFRRF,,FALSE
ушкӑнӗпе,uʃkɵnøpe,uʃ.kɵ.nø.pe,4,FRRF,379,TRUE
ушкӑнла,uʃkɵnla,uʃ.kɵn.la,3,FRF,15,TRUE
ушкӑнлан,uʃkɵnlan,uʃ.kɵn.lan,3,FRF,,FALSE
ушкӑнлат,uʃkɵnlat,uʃ.kɵn.lat,3,FRF,,FALSE
ушкӑнлӑ,uʃkɵnlɵ,uʃ.kɵn.lɵ,3,FRR,36,TRUE
ушкӑнлӑх,uʃkɵnlɵx,uʃ.kɵn.lɵx,3,FRR,9,TRUE
ушкӑншарӑн,uʃkɵnʃarɵn,uʃ.kɵn.ʃa.rɵn,4,FRFR,6,TRUE
ушлӑхсӑр,uʃlɵxsɵr,uʃ.lɵx.sɵr,3,FRR,,FALSE
уя,uja,u.ja,2,FF,757,TRUE
уяв,ujaʋ,u.jaʋ,2,FF,7889,TRUE
уявла,ujaʋla,u.jaʋ.la,3,FFF,11,TRUE
уяр,ujar,u.jar,2,FF,1035,TRUE
уярлан,ujarlan,u.jar.lan,3,FFF,,FALSE
уярт,ujart,u.jart,2,FF,1,TRUE
уяттар,ujattar,u.jat.tar,3,FFF,,FALSE
ӳ,y,y,1,F,18233,TRUE
ӳӳ,yy,y.y,2,FF,18,TRUE
ӳк,yk,yk,1,F,140,TRUE
ӳкем,ykem,y.kem,2,FF,10,TRUE
ӳкентӑран,ykentɵran,y.ken.tɵ.ran,4,FFRF,1,TRUE
ӳкер,yker,y.ker,2,FF,99,TRUE
ӳкерӗн,ykerøn,y.ke.røn,3,FFR,16,TRUE
ӳкерттер,ykertter,y.kert.ter,3,FFF,,FALSE
ӳкерӳ,ykery,y.ke.ry,3,FFF,130,TRUE
ӳкерчӗк,ykertɕøk,y.ker.tɕøk,3,FFR,2131,TRUE
ӳкӗн,ykøn,y.køn,2,FR,86,TRUE
ӳкӗнӗҫ,ykønøɕ,y.kø.nøɕ,3,FRR,19,TRUE
ӳкӗнӗҫлӗ,ykønøɕlø,y.kø.nøɕ.lø,4,FRRR,10,TRUE
ӳкӗнтер,ykønter,y.køn.ter,3,FRF,,FALSE
ӳкӗнӳ,ykøny,y.kø.ny,3,FRF,67,TRUE
ӳкӗнӳллӗ,ykønyllø,y.kø.nyl.lø,4,FRFR,1,TRUE
ӳкӗнчӗк,ykøntɕøk,y.køn.tɕøk,3,FRR,4,TRUE
ӳкӗт,ykøt,y.køt,2,FR,33,TRUE
ӳкӗтле,ykøtle,y.køt.le,3,FRF,44,TRUE
ӳкӗтлеттер,ykøtletter,y.køt.let.ter,4,FRFF,,FALSE
ӳкӗтсӗр,ykøtsør,y.kø.tsør,3,FRR,,FALSE
ӳле,yle,y.le,2,FF,19,TRUE
ӳлексе,ylekse,y.lek.se,3,FFF,9,TRUE
ӳлешӳ,yleʃy,y.le.ʃy,3,FFF,1,TRUE
ӳлӗм,yløm,y.løm,2,FR,289,TRUE
ӳлӗмӗш,ylømøʃ,y.lø.møʃ,3,FRR,,FALSE
ӳлӗмлӗх,ylømløx,y.løm.løx,3,FRR,1,TRUE
ӳлӗмрен,ylømren,y.løm.ren,3,FRF,559,TRUE
ӳлӗмхи,ylømxi,y.løm.xi,3,FRF,17,TRUE
ӳлкӗ,ylkø,yl.kø,2,FR,,FALSE
ӳлтек,yltek,yl.tek,2,FF,1,TRUE
ӳнер,yner,y.ner,2,FF,3081,TRUE
ӳпӗн,ypøn,y.pøn,2,FR,,FALSE
ӳпӗнтер,ypønter,y.pøn.ter,3,FRF,4,TRUE
ӳпӗнчӗк,ypøntɕøk,y.pøn.tɕøk,3,FRR,6,TRUE
ӳпке,ypke,yp.ke,2,FF,283,TRUE
ӳпкепӗвер,ypkepøʋer,yp.ke.pø.ʋer,4,FFRF,,FALSE
ӳпкесапка,ypkesapka,yp.ke.sap.ka,4,FFFF,,FALSE
ӳпкев,ypkeʋ,yp.keʋ,2,FF,123,TRUE
ӳпкевлӗ,ypkeʋlø,yp.keʋ.lø,3,FFR,52,TRUE
ӳпкевлӗн,ypkeʋløn,yp.keʋ.løn,3,FFR,61,TRUE
ӳпкевлӗх,ypkeʋløx,yp.keʋ.løx,3,FFR,,FALSE
ӳпкевсӗр,ypkeʋsør,yp.keʋ.sør,3,FFR,19,TRUE
ӳпкеле,ypkele,yp.ke.le,3,FFF,67,TRUE
ӳпкелен,ypkelen,yp.ke.len,3,FFF,4,TRUE
ӳпкелеттер,ypkeletter,yp.ke.let.ter,4,FFFF,,FALSE
ӳпкелеш,ypkeleʃ,yp.ke.leʃ,3,FFF,26,TRUE
ӳпкелештер,ypkeleʃter,yp.ke.leʃ.ter,4,FFFF,,FALSE
ӳпкелешӳ,ypkeleʃy,yp.ke.le.ʃy,4,FFFF,17,TRUE
ӳпкелешӳллӗ,ypkeleʃyllø,yp.ke.le.ʃyl.lø,5,FFFFR,,FALSE
ӳпле,yple,yp.le,2,FF,114,TRUE
ӳплен,yplen,yp.len,2,FF,4,TRUE
ӳплентер,yplenter,yp.len.ter,3,FFF,,FALSE
ӳпне,ypne,yp.ne,2,FF,238,TRUE
ӳпнепитне,ypnepitne,yp.ne.pit.ne,4,FFFF,,FALSE
ӳппӗнтӗппӗн,yppøntøppøn,yp.pøn.tøp.pøn,4,FRRR,,FALSE
ӳпре,ypre,yp.re,2,FF,87,TRUE
ӳпревис,ypreʋis,yp.re.ʋis,3,FFF,,FALSE
ӳпрепӑван,yprepɵʋan,yp.re.pɵ.ʋan,4,FFRF,,FALSE
ӳпрешӑна,ypreʃɵna,yp.re.ʃɵ.na,4,FFRF,,FALSE
ӳре,yre,y.re,2,FF,13,TRUE
ӳреккӗн,yrekkøn,y.rek.køn,3,FFR,,FALSE
ӳретте,yrette,y.ret.te,3,FFF,,FALSE
ӳрече,yretɕe,y.re.tɕe,3,FFF,8,TRUE
ӳрӗк,yrøk,y.røk,2,FR,94,TRUE
ӳрӗксӳрӗк,yrøksyrøk,y.røk.sy.røk,4,FRFR,,FALSE
ӳрӗксӳрӗккӗн,yrøksyrøkkøn,y.røk.sy.røk.køn,5,FRFRR,,FALSE
ӳрӗксӳрӗклен,yrøksyrøklen,y.røk.sy.røk.len,5,FRFRF,,FALSE
ӳрӗклен,yrøklen,y.røk.len,3,FRF,,FALSE
ӳрӗклентер,yrøklenter,y.røk.len.ter,4,FRFF,,FALSE
ӳркев,yrkeʋ,yr.keʋ,2,FF,24,TRUE
ӳркевлен,yrkeʋlen,yr.keʋ.len,3,FFF,,FALSE
ӳркевлӗ,yrkeʋlø,yr.keʋ.lø,3,FFR,3,TRUE
ӳркевлӗн,yrkeʋløn,yr.keʋ.løn,3,FFR,26,TRUE
ӳркевсӗр,yrkeʋsør,yr.keʋ.sør,3,FFR,10,TRUE
ӳркевҫӗ,yrkeʋɕø,yr.keʋ.ɕø,3,FFR,1,TRUE
ӳркен,yrken,yr.ken,2,FF,162,TRUE
ӳркенӗҫ,yrkenøɕ,yr.ke.nøɕ,3,FFR,,FALSE
ӳркенӗҫлӗн,yrkenøɕløn,yr.ke.nøɕ.løn,4,FFRR,,FALSE
ӳркентер,yrkenter,yr.ken.ter,3,FFF,,FALSE
ӳркенӳллӗ,yrkenyllø,yr.ke.nyl.lø,4,FFFR,,FALSE
ӳркенӳсӗр,yrkenysør,yr.ke.ny.sør,4,FFFR,,FALSE
ӳркенчӗк,yrkentɕøk,yr.ken.tɕøk,3,FFR,10,TRUE
ӳрлӗк,yrløk,yr.løk,2,FR,,FALSE
ӳрхи,yrxi,yr.xi,2,FF,,FALSE
ӳрче,yrtɕe,yr.tɕe,2,FF,,FALSE
ӳс,ys,ys,1,F,94,TRUE
ӳсенларан,ysenlaran,y.sen.la.ran,4,FFFF,1,TRUE
ӳсентӑран,ysentɵran,y.sen.tɵ.ran,4,FFRF,290,TRUE
ӳсӗм,ysøm,y.søm,2,FR,518,TRUE
ӳсӗмлет,ysømlet,y.søm.let,3,FRF,,FALSE
ӳсӗмлӗ,ysømlø,y.søm.lø,3,FRR,70,TRUE
ӳсӗмлӗн,ysømløn,y.søm.løn,3,FRR,11,TRUE
ӳсӗмлӗх,ysømløx,y.søm.løx,3,FRR,6,TRUE
ӳсӗмсӗр,ysømsør,y.søm.sør,3,FRR,,FALSE
ӳсӗн,ysøn,y.søn,2,FR,13,TRUE
ӳсӗнтер,ysønter,y.søn.ter,3,FRF,,FALSE
ӳсӗр,ysør,y.sør,2,FR,1960,TRUE
ӳсӗркакӑр,ysørkakɵr,y.sør.ka.kɵr,4,FRFR,,FALSE
ӳсӗрӗл,ysørøl,y.sø.røl,3,FRR,2,TRUE
ӳсӗрӗлтер,ysørølter,y.sø.røl.ter,4,FRRF,,FALSE
ӳсӗрле,ysørle,y.sør.le,3,FRF,340,TRUE
ӳсӗрт,ysørt,y.sørt,2,FR,2,TRUE
ӳсӗрттер,ysørtter,y.sørt.ter,3,FRF,,FALSE
ӳсленкӗ,yslenkø,ys.len.kø,3,FFR,,FALSE
ӳслӗк,ysløk,ys.løk,2,FR,126,TRUE
ӳстер,yster,ys.ter,2,FF,66,TRUE
ӳт,yt,yt,1,F,2254,TRUE
ӳтпуҫ,ytpuɕ,yt.puɕ,2,FF,,FALSE
ӳтпӳ,ytpy,yt.py,2,FF,2,TRUE
ӳттир,yttir,yt.tir,2,FF,1,TRUE
ӳтлен,ytlen,yt.len,2,FF,,FALSE
ӳтлӗ,ytlø,yt.lø,2,FR,239,TRUE
ӳтлӗтирлӗ,ytløtirlø,yt.lø.tir.lø,4,FRFR,,FALSE
ӳтсӗр,ytsør,y.tsør,2,FR,18,TRUE
ӳтсӗрлен,ytsørlen,y.tsør.len,3,FRF,,FALSE
ӳхӗ,yxø,y.xø,2,FR,98,TRUE
ӳхӗр,yxør,y.xør,2,FR,3,TRUE
ӳхӗреш,yxøreʃ,y.xø.reʃ,3,FRF,,FALSE
ӳхӗрт,yxørt,y.xørt,2,FR,,FALSE
ӳхлет,yxlet,yx.let,2,FF,1,TRUE
ӳхлӗм,yxløm,yx.løm,2,FR,3,TRUE
ха,xa,xa,1,F,77362,TRUE
хаха,xaxa,xa.xa,2,FF,2,TRUE
хав,xaʋ,xaʋ,1,F,46,TRUE
хавал,xaʋal,xa.ʋal,2,FF,403,TRUE
хаваллӑ,xaʋallɵ,xa.ʋal.lɵ,3,FFR,34,TRUE
хаваллӑх,xaʋallɵx,xa.ʋal.lɵx,3,FFR,7,TRUE
хавас,xaʋas,xa.ʋas,2,FF,1191,TRUE
хавассавӑнӑҫ,xaʋassaʋɵnɵɕ,xa.ʋas.sa.ʋɵ.nɵɕ,5,FFFRR,,FALSE
хаваслан,xaʋaslan,xa.ʋas.lan,3,FFF,3,TRUE
хаваслантар,xaʋaslantar,xa.ʋas.lan.tar,4,FFFF,4,TRUE
хаваслану,xaʋaslanu,xa.ʋas.la.nu,4,FFFF,2,TRUE
хаваслӑ,xaʋaslɵ,xa.ʋas.lɵ,3,FFR,2897,TRUE
хаваслӑн,xaʋaslɵn,xa.ʋas.lɵn,3,FFR,891,TRUE
хаваслӑх,xaʋaslɵx,xa.ʋas.lɵx,3,FFR,352,TRUE
хавассӑн,xaʋassɵn,xa.ʋas.sɵn,3,FFR,620,TRUE
хавассӑр,xaʋassɵr,xa.ʋas.sɵr,3,FFR,34,TRUE
хавтан,xaʋtan,xaʋ.tan,2,FF,,FALSE
хавха,xaʋxa,xaʋ.xa,2,FF,124,TRUE
хавхалан,xaʋxalan,xaʋ.xa.lan,3,FFF,5,TRUE
хавхалантар,xaʋxalantar,xaʋ.xa.lan.tar,4,FFFF,5,TRUE
хавхалантару,xaʋxalantaru,xaʋ.xa.lan.ta.ru,5,FFFFF,34,TRUE
хавхалану,xaʋxalanu,xaʋ.xa.la.nu,4,FFFF,608,TRUE
хавхалануллӑ,xaʋxalanullɵ,xaʋ.xa.la.nul.lɵ,5,FFFFR,135,TRUE
хавхалануллӑн,xaʋxalanullɵn,xaʋ.xa.la.nul.lɵn,5,FFFFR,47,TRUE
хавхаланусӑр,xaʋxalanusɵr,xaʋ.xa.la.nu.sɵr,5,FFFFR,10,TRUE
хавхалат,xaʋxalat,xaʋ.xa.lat,3,FFF,,FALSE
хавхаллӑ,xaʋxallɵ,xaʋ.xal.lɵ,3,FFR,53,TRUE
хавша,xaʋʃa,xaʋ.ʃa,2,FF,4,TRUE
хавшак,xaʋʃak,xaʋ.ʃak,2,FF,322,TRUE
хавшаклан,xaʋʃaklan,xaʋ.ʃak.lan,3,FFF,,FALSE
хавшаклӑх,xaʋʃaklɵx,xaʋ.ʃak.lɵx,3,FFR,2,TRUE
хавшал,xaʋʃal,xaʋ.ʃal,2,FF,,FALSE
хавшан,xaʋʃan,xaʋ.ʃan,2,FF,,FALSE
хавшанчӑк,xaʋʃantɕɵk,xaʋ.ʃan.tɕɵk,3,FFR,,FALSE
хавшат,xaʋʃat,xaʋ.ʃat,2,FF,2,TRUE
хавшӑр,xaʋʃɵr,xaʋ.ʃɵr,2,FR,,FALSE
хай,xaj,xaj,1,F,831,TRUE
хайӑлтат,xajɵltat,xa.jɵl.tat,3,FRF,,FALSE
хайӑлти,xajɵlti,xa.jɵl.ti,3,FRF,,FALSE
хайӑр,xajɵr,xa.jɵr,2,FR,8,TRUE
хайӑрӑл,xajɵrɵl,xa.jɵ.rɵl,3,FRR,,FALSE
хайӑрттар,xajɵrttar,xa.jɵrt.tar,3,FRF,,FALSE
хайкача,xajkatɕa,xaj.ka.tɕa,3,FFF,,FALSE
хайла,xajla,xaj.la,2,FF,36,TRUE
хайлав,xajlaʋ,xaj.laʋ,2,FF,1302,TRUE
хайлаллӑ,xajlallɵ,xaj.lal.lɵ,3,FFR,5,TRUE
хайлан,xajlan,xaj.lan,2,FF,8,TRUE
хайласӑр,xajlasɵr,xaj.la.sɵr,3,FFR,2,TRUE
хайман,xajman,xaj.man,2,FF,1,TRUE
хайрӑл,xajrɵl,xaj.rɵl,2,FR,,FALSE
хайхи,xajxi,xaj.xi,2,FF,3678,TRUE
хайхимайхи,xajximajxi,xaj.xi.maj.xi,4,FFFF,,FALSE
хак,xak,xak,1,F,1999,TRUE
хакас,xakas,xa.kas,2,FF,49,TRUE
хакасла,xakasla,xa.kas.la,3,FFF,2,TRUE
хакла,xakla,xak.la,2,FF,186,TRUE
хаклав,xaklaʋ,xak.laʋ,2,FF,149,TRUE
хаклан,xaklan,xak.lan,2,FF,3,TRUE
хаклантар,xaklantar,xak.lan.tar,3,FFF,,FALSE
хаклат,xaklat,xak.lat,2,FF,,FALSE
хаклаш,xaklaʃ,xak.laʃ,2,FF,1,TRUE
хаклашу,xaklaʃu,xak.la.ʃu,3,FFF,2,TRUE
хаклӑ,xaklɵ,xak.lɵ,2,FR,5659,TRUE
хаклӑлан,xaklɵlan,xak.lɵ.lan,3,FRF,,FALSE
хаклӑлат,xaklɵlat,xak.lɵ.lat,3,FRF,,FALSE
хаклӑх,xaklɵx,xak.lɵx,2,FR,23,TRUE
хаксӑр,xaksɵr,xak.sɵr,2,FR,27,TRUE
хаксӑрлан,xaksɵrlan,xak.sɵr.lan,3,FRF,,FALSE
хаксӑрлантар,xaksɵrlantar,xak.sɵr.lan.tar,4,FRFF,,FALSE
хаксӑрлат,xaksɵrlat,xak.sɵr.lat,3,FRF,,FALSE
хал,xal,xal,1,F,2938,TRUE
халай,xalaj,xa.laj,2,FF,1,TRUE
халайла,xalajla,xa.laj.la,3,FFF,,FALSE
халал,xalal,xa.lal,2,FF,275,TRUE
халалла,xalalla,xa.lal.la,3,FFF,5,TRUE
халаллӑ,xalallɵ,xa.lal.lɵ,3,FFR,19,TRUE
халам,xalam,xa.lam,2,FF,3,TRUE
халап,xalap,xa.lap,2,FF,1126,TRUE
халапла,xalapla,xa.lap.la,3,FFF,13,TRUE
халаплан,xalaplan,xa.lap.lan,3,FFF,2,TRUE
халапҫӑ,xalapɕɵ,xa.lap.ɕɵ,3,FFR,25,TRUE
халат,xalat,xa.lat,2,FF,374,TRUE
халӑх,xalɵx,xa.lɵx,2,FR,34865,TRUE
халӑхла,xalɵxla,xa.lɵx.la,3,FRF,11,TRUE
халӑхлӑ,xalɵxlɵ,xa.lɵx.lɵ,3,FRR,38,TRUE
халӑхлӑх,xalɵxlɵx,xa.lɵx.lɵx,3,FRR,7,TRUE
халва,xalʋa,xal.ʋa,2,FF,23,TRUE
халер,xaler,xa.ler,2,FF,37,TRUE
халех,xalex,xa.lex,2,FF,3984,TRUE
халӗ,xalø,xa.lø,2,FR,35635,TRUE
халиччен,xalitɕtɕen,xa.litɕ.tɕen,3,FFF,3334,TRUE
халичченхи,xalitɕtɕenxi,xa.litɕ.tɕen.xi,4,FFFF,164,TRUE
халлан,xallan,xal.lan,2,FF,,FALSE
халлантар,xallantar,xal.lan.tar,3,FFF,,FALSE
халлӑн,xallɵn,xal.lɵn,2,FR,10,TRUE
халлӗн,xalløn,xal.løn,2,FR,97,TRUE
халлӗхе,xalløxe,xal.lø.xe,3,FRF,1156,TRUE
халсӑр,xalsɵr,xal.sɵr,2,FR,174,TRUE
халсӑрла,xalsɵrla,xal.sɵr.la,3,FRF,,FALSE
халсӑрлан,xalsɵrlan,xal.sɵr.lan,3,FRF,,FALSE
халсӑрлантар,xalsɵrlantar,xal.sɵr.lan.tar,4,FRFF,,FALSE
халсӑрлат,xalsɵrlat,xal.sɵr.lat,3,FRF,,FALSE
халсӑрлӑх,xalsɵrlɵx,xal.sɵr.lɵx,3,FRR,6,TRUE
халсӑррӑн,xalsɵrrɵn,xal.sɵr.rɵn,3,FRR,24,TRUE
халт,xalt,xalt,1,F,13,TRUE
халтан,xaltan,xal.tan,2,FF,447,TRUE
халтӑр,xaltɵr,xal.tɵr,2,FR,92,TRUE
халтӑра,xaltɵra,xal.tɵ.ra,3,FRF,4,TRUE
халтӑрка,xaltɵrka,xal.tɵr.ka,3,FRF,,FALSE
халтӑркка,xaltɵrkka,xal.tɵrk.ka,3,FRF,4,TRUE
халтӑрт,xaltɵrt,xal.tɵrt,2,FR,4,TRUE
халтӑртат,xaltɵrtat,xal.tɵr.tat,3,FRF,1,TRUE
халтӑртаттар,xaltɵrtattar,xal.tɵr.tat.tar,4,FRFF,,FALSE
халтӑртӑк,xaltɵrtɵk,xal.tɵr.tɵk,3,FRR,,FALSE
халтлат,xaltlat,xalt.lat,2,FF,,FALSE
халтлаттар,xaltlattar,xalt.lat.tar,3,FFF,,FALSE
халтурӑлла,xalturɵlla,xal.tu.rɵl.la,4,FFRF,,FALSE
халь,xalʲ,xalʲ,1,F,22203,TRUE
хальтен,xalʲten,xalʲ.ten,2,FF,8,TRUE
хальтерех,xalʲterex,xalʲ.te.rex,3,FFF,181,TRUE
хальтерехри,xalʲterexri,xalʲ.te.rex.ri,4,FFFF,5,TRUE
хальхаҫҫӑн,xalʲxaɕɕɵn,xalʲ.xaɕ.ɕɵn,3,FFR,37,TRUE
хальхи,xalʲxi,xalʲ.xi,2,FF,11044,TRUE
хальхинче,xalʲxintɕe,xalʲ.xin.tɕe,3,FFF,3377,TRUE
хам,xam,xam,1,F,15847,TRUE
хаман,xaman,xa.man,2,FF,21,TRUE
хаманлан,xamanlan,xa.man.lan,3,FFF,,FALSE
хамӑн,xamɵn,xa.mɵn,2,FR,5399,TRUE
хамӑр,xamɵr,xa.mɵr,2,FR,11171,TRUE
хамӑрӑн,xamɵrɵn,xa.mɵ.rɵn,3,FRR,2524,TRUE
хамӑрла,xamɵrla,xa.mɵr.la,3,FRF,106,TRUE
хамлат,xamlat,xam.lat,2,FF,1,TRUE
хамса,xamsa,xam.sa,2,FF,2,TRUE
хамчӑк,xamtɕɵk,xam.tɕɵk,2,FR,2,TRUE
хан,xan,xan,1,F,2229,TRUE
ханк,xank,xank,1,F,1,TRUE
ханкӑлтат,xankɵltat,xan.kɵl.tat,3,FRF,,FALSE
ханкӑр,xankɵr,xan.kɵr,2,FR,17,TRUE
ханкӑрма,xankɵrma,xan.kɵr.ma,3,FRF,2,TRUE
ханкӑртат,xankɵrtat,xan.kɵr.tat,3,FRF,,FALSE
ханкӑртаттар,xankɵrtattar,xan.kɵr.tat.tar,4,FRFF,,FALSE
ханклат,xanklat,xank.lat,2,FF,,FALSE
ханклаттар,xanklattar,xank.lat.tar,3,FFF,,FALSE
ханлӑх,xanlɵx,xan.lɵx,2,FR,81,TRUE
хант,xant,xant,1,F,22,TRUE
хантӑрхантӑр,xantɵrxantɵr,xan.tɵr.xan.tɵr,4,FRFR,,FALSE
хантӑртат,xantɵrtat,xan.tɵr.tat,3,FRF,,FALSE
хантӑртаттар,xantɵrtattar,xan.tɵr.tat.tar,4,FRFF,,FALSE
хантӑс,xantɵs,xan.tɵs,2,FR,13,TRUE
хантӑсла,xantɵsla,xan.tɵs.la,3,FRF,5,TRUE
ханттар,xanttar,xant.tar,2,FF,18,TRUE
ханша,xanʃa,xan.ʃa,2,FF,83,TRUE
хап,xap,xap,1,F,41,TRUE
хапа,xapa,xa.pa,2,FF,11,TRUE
хапай,xapaj,xa.paj,2,FF,,FALSE
хапаллӑ,xapallɵ,xa.pal.lɵ,3,FFR,3,TRUE
хапасар,xapasar,xa.pa.sar,3,FFF,,FALSE
хапӑл,xapɵl,xa.pɵl,2,FR,1258,TRUE
хапӑлла,xapɵlla,xa.pɵl.la,3,FRF,,FALSE
хапӑллаш,xapɵllaʃ,xa.pɵl.laʃ,3,FRF,,FALSE
хапӑллӑн,xapɵllɵn,xa.pɵl.lɵn,3,FRR,6,TRUE
хапӑлсӑр,xapɵlsɵr,xa.pɵl.sɵr,3,FRR,4,TRUE
хапӑлт,xapɵlt,xa.pɵlt,2,FR,,FALSE
хапӑлтат,xapɵltat,xa.pɵl.tat,3,FRF,,FALSE
хапӑлти,xapɵlti,xa.pɵl.ti,3,FRF,,FALSE
хапкӑн,xapkɵn,xap.kɵn,2,FR,1,TRUE
хапкӑнлан,xapkɵnlan,xap.kɵn.lan,3,FRF,,FALSE
хапла,xapla,xap.la,2,FF,,FALSE
хаплат,xaplat,xap.lat,2,FF,,FALSE
хаплаттар,xaplattar,xap.lat.tar,3,FFF,1,TRUE
хапрӑк,xaprɵk,xap.rɵk,2,FR,81,TRUE
хапрӑксавӑт,xaprɵksaʋɵt,xap.rɵk.sa.ʋɵt,4,FRFR,,FALSE
хапсӑн,xapsɵn,xap.sɵn,2,FR,41,TRUE
хапсӑнтар,xapsɵntar,xap.sɵn.tar,3,FRF,1,TRUE
хапсӑну,xapsɵnu,xap.sɵ.nu,3,FRF,11,TRUE
хапсӑнуллӑ,xapsɵnullɵ,xap.sɵ.nul.lɵ,4,FRFR,,FALSE
хапсӑнчӑк,xapsɵntɕɵk,xap.sɵn.tɕɵk,3,FRR,22,TRUE
хапсӑнчӑкла,xapsɵntɕɵkla,xap.sɵn.tɕɵk.la,4,FRRF,3,TRUE
хапха,xapxa,xap.xa,2,FF,2458,TRUE
хар,xar,xar,1,F,184,TRUE
характер,xarakter,xa.rak.ter,3,FFF,71,TRUE
характерлӑ,xarakterlɵ,xa.rak.ter.lɵ,4,FFFR,67,TRUE
характерсӑр,xaraktersɵr,xa.rak.ter.sɵr,4,FFFR,1,TRUE
харам,xaram,xa.ram,2,FF,160,TRUE
харамлӑх,xaramlɵx,xa.ram.lɵx,3,FFR,2,TRUE
харампырлӑх,xarampʉrlɵx,xa.ram.pʉr.lɵx,4,FFFR,1,TRUE
харамса,xaramsa,xa.ram.sa,3,FFF,2,TRUE
харамҫӑ,xaramɕɵ,xa.ram.ɕɵ,3,FFR,,FALSE
харап,xarap,xa.rap,2,FF,20,TRUE
харӑлтат,xarɵltat,xa.rɵl.tat,3,FRF,,FALSE
харӑлтаттар,xarɵltattar,xa.rɵl.tat.tar,4,FRFF,,FALSE
харӑлти,xarɵlti,xa.rɵl.ti,3,FRF,,FALSE
харӑс,xarɵs,xa.rɵs,2,FR,1327,TRUE
харӑслат,xarɵslat,xa.rɵs.lat,3,FRF,,FALSE
харӑссӑн,xarɵssɵn,xa.rɵs.sɵn,3,FRR,328,TRUE
хариус,xarius,xa.ri.us,3,FFF,5,TRUE
харк,xark,xark,1,F,,FALSE
харкам,xarkam,xar.kam,2,FF,180,TRUE
харкаш,xarkaʃ,xar.kaʃ,2,FF,14,TRUE
харкаштар,xarkaʃtar,xar.kaʃ.tar,3,FFF,,FALSE
харкашу,xarkaʃu,xar.ka.ʃu,3,FFF,283,TRUE
харкӑлтат,xarkɵltat,xar.kɵl.tat,3,FRF,,FALSE
харлат,xarlat,xar.lat,2,FF,2,TRUE
харлаттар,xarlattar,xar.lat.tar,3,FFF,5,TRUE
харпӑр,xarpɵr,xar.pɵr,2,FR,1442,TRUE
харпӑрлӑх,xarpɵrlɵx,xar.pɵr.lɵx,3,FRR,133,TRUE
харсӑр,xarsɵr,xar.sɵr,2,FR,716,TRUE
харсӑрла,xarsɵrla,xar.sɵr.la,3,FRF,1,TRUE
харсӑрлан,xarsɵrlan,xar.sɵr.lan,3,FRF,1,TRUE
харсӑрлантар,xarsɵrlantar,xar.sɵr.lan.tar,4,FRFF,,FALSE
харсӑрлат,xarsɵrlat,xar.sɵr.lat,3,FRF,,FALSE
харсӑрлӑх,xarsɵrlɵx,xar.sɵr.lɵx,3,FRR,39,TRUE
харсӑррӑн,xarsɵrrɵn,xar.sɵr.rɵn,3,FRR,33,TRUE
харт,xart,xart,1,F,26,TRUE
харти,xarti,xar.ti,2,FF,3,TRUE
хартлат,xartlat,xart.lat,2,FF,5,TRUE
хартлаттар,xartlattar,xart.lat.tar,3,FFF,,FALSE
харша,xarʃa,xar.ʃa,2,FF,1,TRUE
хас,xas,xas,1,F,40,TRUE
хаса,xasa,xa.sa,2,FF,20,TRUE
хасине,xasine,xa.si.ne,3,FFF,,FALSE
хаслат,xaslat,xas.lat,2,FF,,FALSE
хастар,xastar,xas.tar,2,FF,4878,TRUE
хастарлан,xastarlan,xas.tar.lan,3,FFF,3,TRUE
хастарлантар,xastarlantar,xas.tar.lan.tar,4,FFFF,,FALSE
хастарлат,xastarlat,xas.tar.lat,3,FFF,,FALSE
хастарлӑ,xastarlɵ,xas.tar.lɵ,3,FFR,133,TRUE
хастарлӑн,xastarlɵn,xas.tar.lɵn,3,FFR,37,TRUE
хастарлӑх,xastarlɵx,xas.tar.lɵx,3,FFR,402,TRUE
хастаррӑн,xastarrɵn,xas.tar.rɵn,3,FFR,239,TRUE
хастарсӑр,xastarsɵr,xas.tar.sɵr,3,FFR,4,TRUE
хастарсӑрлӑх,xastarsɵrlɵx,xas.tar.sɵr.lɵx,4,FFRR,,FALSE
хаҫ,xaɕ,xaɕ,1,F,11,TRUE
хаҫат,xaɕat,xa.ɕat,2,FF,7414,TRUE
хаҫатҫӑ,xaɕatɕɵ,xa.ɕa.tɕɵ,3,FFR,30,TRUE
хаҫлат,xaɕlat,xaɕ.lat,2,FF,,FALSE
хаҫмӑк,xaɕmɵk,xaɕ.mɵk,2,FR,,FALSE
хатар,xatar,xa.tar,2,FF,47,TRUE
хатарлӑ,xatarlɵ,xa.tar.lɵ,3,FFR,28,TRUE
хатарлӑх,xatarlɵx,xa.tar.lɵx,3,FFR,3,TRUE
хатӑр,xatɵr,xa.tɵr,2,FR,13,TRUE
хатӑррӑн,xatɵrrɵn,xa.tɵr.rɵn,3,FRR,19,TRUE
хатер,xater,xa.ter,2,FF,31,TRUE
хатӗр,xatør,xa.tør,2,FR,7310,TRUE
хатӗрматӗр,xatørmatør,xa.tør.ma.tør,4,FRFR,,FALSE
хатӗрхӗтӗр,xatørxøtør,xa.tør.xø.tør,4,FRRR,7,TRUE
хатӗрле,xatørle,xa.tør.le,3,FRF,186,TRUE
хатӗрлев,xatørleʋ,xa.tør.leʋ,3,FRF,101,TRUE
хатӗрлевҫӗ,xatørleʋɕø,xa.tør.leʋ.ɕø,4,FRFR,2,TRUE
хатӗрлен,xatørlen,xa.tør.len,3,FRF,126,TRUE
хатӗрлентер,xatørlenter,xa.tør.len.ter,4,FRFF,,FALSE
хатӗрленӳ,xatørleny,xa.tør.le.ny,4,FRFF,204,TRUE
хатӗрлеттер,xatørletter,xa.tør.let.ter,4,FRFF,1,TRUE
хатӗрлӗ,xatørlø,xa.tør.lø,3,FRR,42,TRUE
хатӗрлӗх,xatørløx,xa.tør.løx,3,FRR,13,TRUE
хатӗррӗн,xatørrøn,xa.tør.røn,3,FRR,9,TRUE
хатти,xatti,xat.ti,2,FF,2,TRUE
хать,xatʲ,xatʲ,1,F,38,TRUE
хах,xax,xax,1,F,35,TRUE
хахайт,xaxajt,xa.xajt,2,FF,15,TRUE
хахать,xaxatʲ,xa.xatʲ,2,FF,1,TRUE
хачӑ,xatɕɵ,xa.tɕɵ,2,FR,147,TRUE
хаш,xaʃ,xaʃ,1,F,622,TRUE
хашак,xaʃak,xa.ʃak,2,FF,8,TRUE
хашака,xaʃaka,xa.ʃa.ka,3,FFF,3,TRUE
хашан,xaʃan,xa.ʃan,2,FF,,FALSE
хашӑл,xaʃɵl,xa.ʃɵl,2,FR,6,TRUE
хашӑлтат,xaʃɵltat,xa.ʃɵl.tat,3,FRF,,FALSE
хашӑлтаттар,xaʃɵltattar,xa.ʃɵl.tat.tar,4,FRFF,,FALSE
хашка,xaʃka,xaʃ.ka,2,FF,98,TRUE
хашкаттар,xaʃkattar,xaʃ.kat.tar,3,FFF,,FALSE
хашкӑл,xaʃkɵl,xaʃ.kɵl,2,FR,,FALSE
хашкӑлтат,xaʃkɵltat,xaʃ.kɵl.tat,3,FRF,,FALSE
хашлат,xaʃlat,xaʃ.lat,2,FF,4,TRUE
хашлаттар,xaʃlattar,xaʃ.lat.tar,3,FFF,,FALSE
хашт,xaʃt,xaʃt,1,F,2,TRUE
хаштик,xaʃtik,xaʃ.tik,2,FF,3,TRUE
хаяв,xajaʋ,xa.jaʋ,2,FF,,FALSE
хаяр,xajar,xa.jar,2,FF,3310,TRUE
хаярак,xajarak,xa.ja.rak,3,FFF,,FALSE
хаярлан,xajarlan,xa.jar.lan,3,FFF,2,TRUE
хаярлантар,xajarlantar,xa.jar.lan.tar,4,FFFF,,FALSE
хаярлат,xajarlat,xa.jar.lat,3,FFF,,FALSE
хаярлӑхатарлӑ,xajarlɵxatarlɵ,xa.jar.lɵ.xa.tar.lɵ,6,FFRFFR,,FALSE
хаярлӑх,xajarlɵx,xa.jar.lɵx,3,FFR,135,TRUE
хаяррӑн,xajarrɵn,xa.jar.rɵn,3,FFR,1086,TRUE
хӑ,xɵ,xɵ,1,R,504,TRUE
хӑв,xɵʋ,xɵʋ,1,R,2609,TRUE
хӑва,xɵʋa,xɵ.ʋa,2,RF,623,TRUE
хӑвал,xɵʋal,xɵ.ʋal,2,RF,4,TRUE
хӑвала,xɵʋala,xɵ.ʋa.la,3,RFF,256,TRUE
хӑвалаттар,xɵʋalattar,xɵ.ʋa.lat.tar,4,RFFF,2,TRUE
хӑвалаш,xɵʋalaʃ,xɵ.ʋa.laʃ,3,RFF,,FALSE
хӑвалӑх,xɵʋalɵx,xɵ.ʋa.lɵx,3,RFR,139,TRUE
хӑваллӑ,xɵʋallɵ,xɵ.ʋal.lɵ,3,RFR,14,TRUE
хӑвар,xɵʋar,xɵ.ʋar,2,RF,479,TRUE
хӑварттар,xɵʋarttar,xɵ.ʋart.tar,3,RFF,,FALSE
хӑват,xɵʋat,xɵ.ʋat,2,RF,1817,TRUE
хӑватлан,xɵʋatlan,xɵ.ʋat.lan,3,RFF,6,TRUE
хӑватлантар,xɵʋatlantar,xɵ.ʋat.lan.tar,4,RFFF,,FALSE
хӑватлат,xɵʋatlat,xɵ.ʋat.lat,3,RFF,,FALSE
хӑватлӑ,xɵʋatlɵ,xɵ.ʋat.lɵ,3,RFR,1824,TRUE
хӑватлӑлан,xɵʋatlɵlan,xɵ.ʋat.lɵ.lan,4,RFRF,,FALSE
хӑватлӑлантар,xɵʋatlɵlantar,xɵ.ʋat.lɵ.lan.tar,5,RFRFF,2,TRUE
хӑватлӑн,xɵʋatlɵn,xɵ.ʋat.lɵn,3,RFR,309,TRUE
хӑватлӑх,xɵʋatlɵx,xɵ.ʋat.lɵx,3,RFR,23,TRUE
хӑватсӑр,xɵʋatsɵr,xɵ.ʋa.tsɵr,3,RFR,20,TRUE
хӑватсӑрлан,xɵʋatsɵrlan,xɵ.ʋa.tsɵr.lan,4,RFRF,,FALSE
хӑватсӑрлантар,xɵʋatsɵrlantar,xɵ.ʋa.tsɵr.lan.tar,5,RFRFF,,FALSE
хӑватсӑрлат,xɵʋatsɵrlat,xɵ.ʋa.tsɵr.lat,4,RFRF,,FALSE
хӑватсӑрлӑх,xɵʋatsɵrlɵx,xɵ.ʋa.tsɵr.lɵx,4,RFRR,,FALSE
хӑвӑл,xɵʋɵl,xɵ.ʋɵl,2,RR,176,TRUE
хӑвӑлла,xɵʋɵlla,xɵ.ʋɵl.la,3,RRF,2,TRUE
хӑвӑллан,xɵʋɵllan,xɵ.ʋɵl.lan,3,RRF,,FALSE
хӑвӑллантар,xɵʋɵllantar,xɵ.ʋɵl.lan.tar,4,RRFF,,FALSE
хӑвӑллат,xɵʋɵllat,xɵ.ʋɵl.lat,3,RRF,,FALSE
хӑвӑллӑ,xɵʋɵllɵ,xɵ.ʋɵl.lɵ,3,RRR,15,TRUE
хӑвӑн,xɵʋɵn,xɵ.ʋɵn,2,RR,3187,TRUE
хӑвӑр,xɵʋɵr,xɵ.ʋɵr,2,RR,3443,TRUE
хӑвӑрӑл,xɵʋɵrɵl,xɵ.ʋɵ.rɵl,3,RRR,,FALSE
хӑвӑрӑлтар,xɵʋɵrɵltar,xɵ.ʋɵ.rɵl.tar,4,RRRF,,FALSE
хӑвӑрӑн,xɵʋɵrɵn,xɵ.ʋɵ.rɵn,3,RRR,809,TRUE
хӑвӑрт,xɵʋɵrt,xɵ.ʋɵrt,2,RR,6888,TRUE
хӑвӑртла,xɵʋɵrtla,xɵ.ʋɵrt.la,3,RRF,,FALSE
хӑвӑртлан,xɵʋɵrtlan,xɵ.ʋɵrt.lan,3,RRF,1,TRUE
хӑвӑртлантар,xɵʋɵrtlantar,xɵ.ʋɵrt.lan.tar,4,RRFF,,FALSE
хӑвӑртлат,xɵʋɵrtlat,xɵ.ʋɵrt.lat,3,RRF,3,TRUE
хӑвӑртлӑх,xɵʋɵrtlɵx,xɵ.ʋɵrt.lɵx,3,RRR,103,TRUE
хӑвӑрттӑн,xɵʋɵrttɵn,xɵ.ʋɵrt.tɵn,3,RRR,407,TRUE
хӑвӑш,xɵʋɵʃ,xɵ.ʋɵʃ,2,RR,5,TRUE
хӑвӑшхавӑш,xɵʋɵʃxaʋɵʃ,xɵ.ʋɵʃ.xa.ʋɵʃ,4,RRFR,,FALSE
хӑврӑл,xɵʋrɵl,xɵʋ.rɵl,2,RR,2,TRUE
хӑй,xɵj,xɵj,1,R,52067,TRUE
хӑйӑ,xɵjɵ,xɵ.jɵ,2,RR,251,TRUE
хӑйӑк,xɵjɵk,xɵ.jɵk,2,RR,10,TRUE
хӑйӑклат,xɵjɵklat,xɵ.jɵk.lat,3,RRF,,FALSE
хӑйӑлӑх,xɵjɵlɵx,xɵ.jɵ.lɵx,3,RRR,,FALSE
хӑйӑлтат,xɵjɵltat,xɵ.jɵl.tat,3,RRF,,FALSE
хӑйӑлтаттар,xɵjɵltattar,xɵ.jɵl.tat.tar,4,RRFF,,FALSE
хӑйӑлтату,xɵjɵltatu,xɵ.jɵl.ta.tu,4,RRFF,1,TRUE
хӑйӑлтӑк,xɵjɵltɵk,xɵ.jɵl.tɵk,3,RRR,2,TRUE
хӑйӑр,xɵjɵr,xɵ.jɵr,2,RR,940,TRUE
хӑйӑрӑл,xɵjɵrɵl,xɵ.jɵ.rɵl,3,RRR,,FALSE
хӑйӑрла,xɵjɵrla,xɵ.jɵr.la,3,RRF,4,TRUE
хӑйӑрлан,xɵjɵrlan,xɵ.jɵr.lan,3,RRF,,FALSE
хӑйӑрлӑ,xɵjɵrlɵ,xɵ.jɵr.lɵ,3,RRR,192,TRUE
хӑйӑрлӑх,xɵjɵrlɵx,xɵ.jɵr.lɵx,3,RRR,6,TRUE
хӑйӑх,xɵjɵx,xɵ.jɵx,2,RR,,FALSE
хӑйӑхла,xɵjɵxla,xɵ.jɵx.la,3,RRF,,FALSE
хӑйӑхлӑ,xɵjɵxlɵ,xɵ.jɵx.lɵ,3,RRR,1,TRUE
хӑйӑхсӑр,xɵjɵxsɵr,xɵ.jɵx.sɵr,3,RRR,,FALSE
хӑйевӗрлӗх,xɵjeʋørløx,xɵ.je.ʋør.løx,4,RFRR,2,TRUE
хӑйӗн,xɵjøn,xɵ.jøn,2,RR,33233,TRUE
хӑййӑн,xɵjjɵn,xɵj.jɵn,2,RR,9,TRUE
хӑйкӑлта,xɵjkɵlta,xɵj.kɵl.ta,3,RRF,,FALSE
хӑйкӑлти,xɵjkɵlti,xɵj.kɵl.ti,3,RRF,,FALSE
хӑйлат,xɵjlat,xɵj.lat,2,RF,,FALSE
хӑйма,xɵjma,xɵj.ma,2,RF,719,TRUE
хӑймала,xɵjmala,xɵj.ma.la,3,RFF,,FALSE
хӑймалан,xɵjmalan,xɵj.ma.lan,3,RFF,,FALSE
хӑймалантар,xɵjmalantar,xɵj.ma.lan.tar,4,RFFF,,FALSE
хӑймалат,xɵjmalat,xɵj.ma.lat,3,RFF,,FALSE
хӑймаллӑ,xɵjmallɵ,xɵj.mal.lɵ,3,RFR,40,TRUE
хӑймалу,xɵjmalu,xɵj.ma.lu,3,RFF,14,TRUE
хӑйматлӑх,xɵjmatlɵx,xɵj.mat.lɵx,3,RFR,44,TRUE
хӑймӑлта,xɵjmɵlta,xɵj.mɵl.ta,3,RRF,,FALSE
хӑйнешкел,xɵjneʃkel,xɵj.neʃ.kel,3,RFF,6,TRUE
хӑйпашка,xɵjpaʃka,xɵj.paʃ.ka,3,RFF,11,TRUE
хӑйпӑк,xɵjpɵk,xɵj.pɵk,2,RR,5,TRUE
хӑйпӑн,xɵjpɵn,xɵj.pɵn,2,RR,,FALSE
хӑйпӑнтар,xɵjpɵntar,xɵj.pɵn.tar,3,RRF,,FALSE
хӑйпӑнчӑк,xɵjpɵntɕɵk,xɵj.pɵn.tɕɵk,3,RRR,1,TRUE
хӑйпӑт,xɵjpɵt,xɵj.pɵt,2,RR,2,TRUE
хӑйпӑттар,xɵjpɵttar,xɵj.pɵt.tar,3,RRF,,FALSE
хӑйра,xɵjra,xɵj.ra,2,RF,71,TRUE
хӑйран,xɵjran,xɵj.ran,2,RF,,FALSE
хӑйраттар,xɵjrattar,xɵj.rat.tar,3,RFF,2,TRUE
хӑйсем,xɵjsem,xɵj.sem,2,RF,7808,TRUE
хӑйҫӳрен,xɵjɕyren,xɵj.ɕy.ren,3,RFF,,FALSE
хӑйттӑхайттӑ,xɵjttɵxajttɵ,xɵjt.tɵ.xajt.tɵ,4,RRFR,,FALSE
хӑйхаклӑх,xɵjxaklɵx,xɵj.xak.lɵx,3,RFR,3,TRUE
хӑйчикки,xɵjtɕikki,xɵj.tɕik.ki,3,RFF,33,TRUE
хӑк,xɵk,xɵk,1,R,1,TRUE
хӑклат,xɵklat,xɵk.lat,2,RF,,FALSE
хӑла,xɵla,xɵ.la,2,RF,103,TRUE
хӑлап,xɵlap,xɵ.lap,2,RF,,FALSE
хӑлаҫ,xɵlaɕ,xɵ.laɕ,2,RF,161,TRUE
хӑлаҫла,xɵlaɕla,xɵ.laɕ.la,3,RFF,,FALSE
хӑлаҫлан,xɵlaɕlan,xɵ.laɕ.lan,3,RFF,7,TRUE
хӑлаҫлантар,xɵlaɕlantar,xɵ.laɕ.lan.tar,4,RFFF,,FALSE
хӑлаҫлӑ,xɵlaɕlɵ,xɵ.laɕ.lɵ,3,RFR,11,TRUE
хӑлат,xɵlat,xɵ.lat,2,RF,120,TRUE
хӑлатла,xɵlatla,xɵ.lat.la,3,RFF,3,TRUE
хӑлатлан,xɵlatlan,xɵ.lat.lan,3,RFF,,FALSE
хӑлаш,xɵlaʃ,xɵ.laʃ,2,RF,,FALSE
хӑлашлан,xɵlaʃlan,xɵ.laʃ.lan,3,RFF,,FALSE
хӑлӑп,xɵlɵp,xɵ.lɵp,2,RR,18,TRUE
хӑлӑплӑ,xɵlɵplɵ,xɵ.lɵp.lɵ,3,RRR,5,TRUE
хӑлӑпсӑр,xɵlɵpsɵr,xɵ.lɵp.sɵr,3,RRR,3,TRUE
хӑлӑх,xɵlɵx,xɵ.lɵx,2,RR,30,TRUE
хӑлӑхсӑр,xɵlɵxsɵr,xɵ.lɵx.sɵr,3,RRR,22,TRUE
хӑлӑхсӑрлан,xɵlɵxsɵrlan,xɵ.lɵx.sɵr.lan,4,RRRF,1,TRUE
хӑли,xɵli,xɵ.li,2,RF,4,TRUE
хӑлин,xɵlin,xɵ.lin,2,RF,5,TRUE
хӑлт,xɵlt,xɵlt,1,R,14,TRUE
хӑлтхалт,xɵltxalt,xɵlt.xalt,2,RF,,FALSE
хӑлтӑ,xɵltɵ,xɵl.tɵ,2,RR,19,TRUE
хӑлтӑхалтӑ,xɵltɵxaltɵ,xɵl.tɵ.xal.tɵ,4,RRFR,,FALSE
хӑлтӑк,xɵltɵk,xɵl.tɵk,2,RR,,FALSE
хӑлтӑкла,xɵltɵkla,xɵl.tɵk.la,3,RRF,,FALSE
хӑлтӑклан,xɵltɵklan,xɵl.tɵk.lan,3,RRF,,FALSE
хӑлтӑла,xɵltɵla,xɵl.tɵ.la,3,RRF,,FALSE
хӑлтӑлан,xɵltɵlan,xɵl.tɵ.lan,3,RRF,,FALSE
хӑлтӑлантар,xɵltɵlantar,xɵl.tɵ.lan.tar,4,RRFF,,FALSE
хӑлтӑр,xɵltɵr,xɵl.tɵr,2,RR,114,TRUE
хӑлтӑрхалтӑр,xɵltɵrxaltɵr,xɵl.tɵr.xal.tɵr,4,RRFR,4,TRUE
хӑлтӑркка,xɵltɵrkka,xɵl.tɵrk.ka,3,RRF,8,TRUE
хӑлтӑрт,xɵltɵrt,xɵl.tɵrt,2,RR,13,TRUE
хӑлтӑртхалтӑрт,xɵltɵrtxaltɵrt,xɵl.tɵrt.xal.tɵrt,4,RRFR,,FALSE
хӑлтӑртат,xɵltɵrtat,xɵl.tɵr.tat,3,RRF,,FALSE
хӑлтӑртаттар,xɵltɵrtattar,xɵl.tɵr.tat.tar,4,RRFF,,FALSE
хӑлтӑхлан,xɵltɵxlan,xɵl.tɵx.lan,3,RRF,,FALSE
хӑлха,xɵlxa,xɵl.xa,2,RF,1042,TRUE
хӑлхаллӑ,xɵlxallɵ,xɵl.xal.lɵ,3,RFR,229,TRUE
хӑлхас,xɵlxas,xɵl.xas,2,RF,,FALSE
хӑлхасӑр,xɵlxasɵr,xɵl.xa.sɵr,3,RFR,125,TRUE
хӑлхасӑрлан,xɵlxasɵrlan,xɵl.xa.sɵr.lan,4,RFRF,,FALSE
хӑлхасӑрлӑх,xɵlxasɵrlɵx,xɵl.xa.sɵr.lɵx,4,RFRR,,FALSE
хӑлху,xɵlxu,xɵl.xu,2,RF,42,TRUE
хӑм,xɵm,xɵm,1,R,70,TRUE
хӑма,xɵma,xɵ.ma,2,RF,1219,TRUE
хӑмалан,xɵmalan,xɵ.ma.lan,3,RFF,,FALSE
хӑмаҫӑ,xɵmaɕɵ,xɵ.ma.ɕɵ,3,RFR,,FALSE
хӑмач,xɵmatɕ,xɵ.matɕ,2,RF,146,TRUE
хӑмачла,xɵmatɕla,xɵ.matɕ.la,3,RFF,,FALSE
хӑмачлан,xɵmatɕlan,xɵ.matɕ.lan,3,RFF,,FALSE
хӑмӑл,xɵmɵl,xɵ.mɵl,2,RR,127,TRUE
хӑмӑр,xɵmɵr,xɵ.mɵr,2,RR,1536,TRUE
хӑмӑркка,xɵmɵrkka,xɵ.mɵrk.ka,3,RRF,26,TRUE
хӑмӑрлан,xɵmɵrlan,xɵ.mɵr.lan,3,RRF,,FALSE
хӑмӑрлантар,xɵmɵrlantar,xɵ.mɵr.lan.tar,4,RRFF,,FALSE
хӑмӑрлат,xɵmɵrlat,xɵ.mɵr.lat,3,RRF,,FALSE
хӑмӑт,xɵmɵt,xɵ.mɵt,2,RR,133,TRUE
хӑмӑш,xɵmɵʃ,xɵ.mɵʃ,2,RR,325,TRUE
хӑмӑшлӑ,xɵmɵʃlɵ,xɵ.mɵʃ.lɵ,3,RRR,78,TRUE
хӑмӑшлӑх,xɵmɵʃlɵx,xɵ.mɵʃ.lɵx,3,RRR,59,TRUE
хӑмла,xɵmla,xɵm.la,2,RF,1441,TRUE
хӑмлалӑх,xɵmlalɵx,xɵm.la.lɵx,3,RFR,,FALSE
хӑмламас,xɵmlamas,xɵm.la.mas,3,RFF,1,TRUE
хӑмлаҫӑ,xɵmlaɕɵ,xɵm.la.ɕɵ,3,RFR,9,TRUE
хӑмлат,xɵmlat,xɵm.lat,2,RF,,FALSE
хӑмлаттар,xɵmlattar,xɵm.lat.tar,3,RFF,,FALSE
хӑмпӑ,xɵmpɵ,xɵm.pɵ,2,RR,104,TRUE
хӑмпӑлхӑмпӑл,xɵmpɵlxɵmpɵl,xɵm.pɵl.xɵm.pɵl,4,RRRR,,FALSE
хӑмпӑлан,xɵmpɵlan,xɵm.pɵ.lan,3,RRF,3,TRUE
хӑмпӑлантар,xɵmpɵlantar,xɵm.pɵ.lan.tar,4,RRFF,,FALSE
хӑмпӑлат,xɵmpɵlat,xɵm.pɵ.lat,3,RRF,,FALSE
хӑмпӑлчӑ,xɵmpɵltɕɵ,xɵm.pɵl.tɕɵ,3,RRR,1,TRUE
хӑмпӑлчӑлан,xɵmpɵltɕɵlan,xɵm.pɵl.tɕɵ.lan,4,RRRF,,FALSE
хӑмпӑлчӑлантар,xɵmpɵltɕɵlantar,xɵm.pɵl.tɕɵ.lan.tar,5,RRRFF,,FALSE
хӑмпӑҫлан,xɵmpɵɕlan,xɵm.pɵɕ.lan,3,RRF,,FALSE
хӑмсар,xɵmsar,xɵm.sar,2,RF,3,TRUE
хӑмсару,xɵmsaru,xɵm.sa.ru,3,RFF,1,TRUE
хӑмсаруллӑн,xɵmsarullɵn,xɵm.sa.rul.lɵn,4,RFFR,2,TRUE
хӑмшӑл,xɵmʃɵl,xɵm.ʃɵl,2,RR,1,TRUE
хӑмшӑлтар,xɵmʃɵltar,xɵm.ʃɵl.tar,3,RRF,,FALSE
хӑна,xɵna,xɵ.na,2,RF,3542,TRUE
хӑнавӗрле,xɵnaʋørle,xɵ.na.ʋør.le,4,RFRF,2,TRUE
хӑнала,xɵnala,xɵ.na.la,3,RFF,11,TRUE
хӑналан,xɵnalan,xɵ.na.lan,3,RFF,8,TRUE
хӑналантар,xɵnalantar,xɵ.na.lan.tar,4,RFFF,,FALSE
хӑналӑх,xɵnalɵx,xɵ.na.lɵx,3,RFR,59,TRUE
хӑнӑх,xɵnɵx,xɵ.nɵx,2,RR,25,TRUE
хӑнӑхтар,xɵnɵxtar,xɵ.nɵx.tar,3,RRF,5,TRUE
хӑнӑхтару,xɵnɵxtaru,xɵ.nɵx.ta.ru,4,RRFF,65,TRUE
хӑнӑху,xɵnɵxu,xɵ.nɵ.xu,3,RRF,90,TRUE
хӑнӑхуллӑ,xɵnɵxullɵ,xɵ.nɵ.xul.lɵ,4,RRFR,1,TRUE
хӑнӑхусӑр,xɵnɵxusɵr,xɵ.nɵ.xu.sɵr,4,RRFR,4,TRUE
хӑнк,xɵnk,xɵnk,1,R,214,TRUE
хӑнкӑла,xɵnkɵla,xɵn.kɵ.la,3,RRF,96,TRUE
хӑнкӑр,xɵnkɵr,xɵn.kɵr,2,RR,4,TRUE
хӑнкӑрханкӑр,xɵnkɵrxankɵr,xɵn.kɵr.xan.kɵr,4,RRFR,,FALSE
хӑнкӑрав,xɵnkɵraʋ,xɵn.kɵ.raʋ,3,RRF,3,TRUE
хӑнкӑртат,xɵnkɵrtat,xɵn.kɵr.tat,3,RRF,,FALSE
хӑнкӑртаттар,xɵnkɵrtattar,xɵn.kɵr.tat.tar,4,RRFF,,FALSE
хӑнклат,xɵnklat,xɵnk.lat,2,RF,,FALSE
хӑнт,xɵnt,xɵnt,1,R,25,TRUE
хӑнтӑр,xɵntɵr,xɵn.tɵr,2,RR,93,TRUE
хӑнтӑрхантӑр,xɵntɵrxantɵr,xɵn.tɵr.xan.tɵr,4,RRFR,,FALSE
хӑнтӑрла,xɵntɵrla,xɵn.tɵr.la,3,RRF,4,TRUE
хӑнтӑрлан,xɵntɵrlan,xɵn.tɵr.lan,3,RRF,,FALSE
хӑнтӑрлат,xɵntɵrlat,xɵn.tɵr.lat,3,RRF,,FALSE
хӑнтӑрт,xɵntɵrt,xɵn.tɵrt,2,RR,2,TRUE
хӑнтӑртат,xɵntɵrtat,xɵn.tɵr.tat,3,RRF,1,TRUE
хӑнтӑртаттар,xɵntɵrtattar,xɵn.tɵr.tat.tar,4,RRFF,,FALSE
хӑнтрамак,xɵntramak,xɵnt.ra.mak,3,RFF,2,TRUE
хӑнчӑр,xɵntɕɵr,xɵn.tɕɵr,2,RR,26,TRUE
хӑнчӑррӑн,xɵntɕɵrrɵn,xɵn.tɕɵr.rɵn,3,RRR,1,TRUE
хӑп,xɵp,xɵp,1,R,51,TRUE
хӑпхап,xɵpxap,xɵp.xap,2,RF,,FALSE
хӑпала,xɵpala,xɵ.pa.la,3,RFF,1,TRUE
хӑпалан,xɵpalan,xɵ.pa.lan,3,RFF,1,TRUE
хӑпалантар,xɵpalantar,xɵ.pa.lan.tar,4,RFFF,,FALSE
хӑпар,xɵpar,xɵ.par,2,RF,67,TRUE
хӑпарӑнчӑк,xɵparɵntɕɵk,xɵ.pa.rɵn.tɕɵk,4,RFRR,,FALSE
хӑпарт,xɵpart,xɵ.part,2,RF,19,TRUE
хӑпартӑн,xɵpartɵn,xɵ.par.tɵn,3,RFR,16,TRUE
хӑпартлан,xɵpartlan,xɵ.part.lan,3,RFF,2,TRUE
хӑпартлантар,xɵpartlantar,xɵ.part.lan.tar,4,RFFF,,FALSE
хӑпарттар,xɵparttar,xɵ.part.tar,3,RFF,,FALSE
хӑпарту,xɵpartu,xɵ.par.tu,3,RFF,92,TRUE
хӑпӑлхапӑл,xɵpɵlxapɵl,xɵ.pɵl.xa.pɵl,4,RRFR,5,TRUE
хӑпӑн,xɵpɵn,xɵ.pɵn,2,RR,2,TRUE
хӑпӑнчӑк,xɵpɵntɕɵk,xɵ.pɵn.tɕɵk,3,RRR,,FALSE
хӑпӑт,xɵpɵt,xɵ.pɵt,2,RR,,FALSE
хӑптар,xɵptar,xɵp.tar,2,RF,1,TRUE
хӑр,xɵr,xɵr,1,R,409,TRUE
хӑрхам,xɵrxam,xɵr.xam,2,RF,4,TRUE
хӑрхар,xɵrxar,xɵr.xar,2,RF,1,TRUE
хӑрхаррӑн,xɵrxarrɵn,xɵr.xar.rɵn,3,RFR,,FALSE
хӑра,xɵra,xɵ.ra,2,RF,1050,TRUE
хӑрав,xɵraʋ,xɵ.raʋ,2,RF,12,TRUE
хӑравсӑр,xɵraʋsɵr,xɵ.raʋ.sɵr,3,RFR,4,TRUE
хӑравҫӑ,xɵraʋɕɵ,xɵ.raʋ.ɕɵ,3,RFR,394,TRUE
хӑравҫӑлан,xɵraʋɕɵlan,xɵ.raʋ.ɕɵ.lan,4,RFRF,,FALSE
хӑравҫӑлӑх,xɵraʋɕɵlɵx,xɵ.raʋ.ɕɵ.lɵx,4,RFRR,10,TRUE
хӑравҫӑлла,xɵraʋɕɵlla,xɵ.raʋ.ɕɵl.la,4,RFRF,9,TRUE
хӑравҫӑллӑн,xɵraʋɕɵllɵn,xɵ.raʋ.ɕɵl.lɵn,4,RFRR,12,TRUE
хӑраманлӑх,xɵramanlɵx,xɵ.ra.man.lɵx,4,RFFR,1,TRUE
хӑрат,xɵrat,xɵ.rat,2,RF,103,TRUE
хӑратмӑш,xɵratmɵʃ,xɵ.rat.mɵʃ,3,RFR,13,TRUE
хӑраттар,xɵrattar,xɵ.rat.tar,3,RFF,,FALSE
хӑрах,xɵrax,xɵ.rax,2,RF,1654,TRUE
хӑрахлӑ,xɵraxlɵ,xɵ.rax.lɵ,3,RFR,1,TRUE
хӑраххӑн,xɵraxxɵn,xɵ.rax.xɵn,3,RFR,142,TRUE
хӑрахшарӑн,xɵraxʃarɵn,xɵ.rax.ʃa.rɵn,4,RFFR,5,TRUE
хӑрӑк,xɵrɵk,xɵ.rɵk,2,RR,438,TRUE
хӑрӑкмарӑк,xɵrɵkmarɵk,xɵ.rɵk.ma.rɵk,4,RRFR,,FALSE
хӑрӑклӑ,xɵrɵklɵ,xɵ.rɵk.lɵ,3,RRR,,FALSE
хӑрӑл,xɵrɵl,xɵ.rɵl,2,RR,5,TRUE
хӑрӑлтат,xɵrɵltat,xɵ.rɵl.tat,3,RRF,,FALSE
хӑрӑлтаттар,xɵrɵltattar,xɵ.rɵl.tat.tar,4,RRFF,,FALSE
хӑрӑлти,xɵrɵlti,xɵ.rɵl.ti,3,RRF,13,TRUE
хӑрӑм,xɵrɵm,xɵ.rɵm,2,RR,130,TRUE
хӑрӑмла,xɵrɵmla,xɵ.rɵm.la,3,RRF,,FALSE
хӑрӑмлан,xɵrɵmlan,xɵ.rɵm.lan,3,RRF,,FALSE
хӑрӑмлантар,xɵrɵmlantar,xɵ.rɵm.lan.tar,4,RRFF,,FALSE
хӑрӑмлат,xɵrɵmlat,xɵ.rɵm.lat,3,RRF,,FALSE
хӑрӑмлаттар,xɵrɵmlattar,xɵ.rɵm.lat.tar,4,RRFF,,FALSE
хӑрӑмлӑ,xɵrɵmlɵ,xɵ.rɵm.lɵ,3,RRR,27,TRUE
хӑрӑн,xɵrɵn,xɵ.rɵn,2,RR,12,TRUE
хӑрӑнтар,xɵrɵntar,xɵ.rɵn.tar,3,RRF,,FALSE
хӑрӑнчӑк,xɵrɵntɕɵk,xɵ.rɵn.tɕɵk,3,RRR,3,TRUE
хӑрӑх,xɵrɵx,xɵ.rɵx,2,RR,2,TRUE
хӑрӑххарӑк,xɵrɵxxarɵk,xɵ.rɵx.xa.rɵk,4,RRFR,,FALSE
хӑркӑлхаркӑл,xɵrkɵlxarkɵl,xɵr.kɵl.xar.kɵl,4,RRFR,,FALSE
хӑркӑлхӑркӑл,xɵrkɵlxɵrkɵl,xɵr.kɵl.xɵr.kɵl,4,RRRR,,FALSE
хӑркӑлтат,xɵrkɵltat,xɵr.kɵl.tat,3,RRF,,FALSE
хӑркӑлтаттар,xɵrkɵltattar,xɵr.kɵl.tat.tar,4,RRFF,,FALSE
хӑркӑн,xɵrkɵn,xɵr.kɵn,2,RR,1,TRUE
хӑркӑнчӑк,xɵrkɵntɕɵk,xɵr.kɵn.tɕɵk,3,RRR,,FALSE
хӑрлат,xɵrlat,xɵr.lat,2,RF,1,TRUE
хӑрлаттар,xɵrlattar,xɵr.lat.tar,3,RFF,1,TRUE
хӑрпан,xɵrpan,xɵr.pan,2,RF,34,TRUE
хӑрпӑк,xɵrpɵk,xɵr.pɵk,2,RR,28,TRUE
хӑрпу,xɵrpu,xɵr.pu,2,RF,3,TRUE
хӑррӑн,xɵrrɵn,xɵr.rɵn,2,RR,16,TRUE
хӑрт,xɵrt,xɵrt,1,R,34,TRUE
хӑртхарт,xɵrtxart,xɵrt.xart,2,RF,,FALSE
хӑрта,xɵrta,xɵr.ta,2,RF,19,TRUE
хӑртала,xɵrtala,xɵr.ta.la,3,RFF,,FALSE
хӑртан,xɵrtan,xɵr.tan,2,RF,2,TRUE
хӑртанчӑк,xɵrtantɕɵk,xɵr.tan.tɕɵk,3,RFR,1,TRUE
хӑртӑк,xɵrtɵk,xɵr.tɵk,2,RR,11,TRUE
хӑртӑкхартӑк,xɵrtɵkxartɵk,xɵr.tɵk.xar.tɵk,4,RRFR,,FALSE
хӑртӑкла,xɵrtɵkla,xɵr.tɵk.la,3,RRF,,FALSE
хӑртлат,xɵrtlat,xɵrt.lat,2,RF,,FALSE
хӑртлаттар,xɵrtlattar,xɵrt.lat.tar,3,RFF,,FALSE
хӑртлӑх,xɵrtlɵx,xɵrt.lɵx,2,RR,,FALSE
хӑртнӑ,xɵrtnɵ,xɵrt.nɵ,2,RR,91,TRUE
хӑрушӑ,xɵruʃɵ,xɵ.ru.ʃɵ,3,RFR,4391,TRUE
хӑрушӑлан,xɵruʃɵlan,xɵ.ru.ʃɵ.lan,4,RFRF,,FALSE
хӑрушӑлантар,xɵruʃɵlantar,xɵ.ru.ʃɵ.lan.tar,5,RFRFF,,FALSE
хӑрушӑлат,xɵruʃɵlat,xɵ.ru.ʃɵ.lat,4,RFRF,,FALSE
хӑрушла,xɵruʃla,xɵ.ruʃ.la,3,RFF,372,TRUE
хӑрушлан,xɵruʃlan,xɵ.ruʃ.lan,3,RFF,,FALSE
хӑрушлат,xɵruʃlat,xɵ.ruʃ.lat,3,RFF,,FALSE
хӑрушлӑ,xɵruʃlɵ,xɵ.ruʃ.lɵ,3,RFR,19,TRUE
хӑрушлӑх,xɵruʃlɵx,xɵ.ruʃ.lɵx,3,RFR,1961,TRUE
хӑрушсӑрлӑх,xɵruʃsɵrlɵx,xɵ.ruʃ.sɵr.lɵx,4,RFRR,867,TRUE
хӑрушшӑн,xɵruʃʃɵn,xɵ.ruʃ.ʃɵn,3,RFR,254,TRUE
хӑрхӑм,xɵrxɵm,xɵr.xɵm,2,RR,108,TRUE
хӑрхӑн,xɵrxɵn,xɵr.xɵn,2,RR,1,TRUE
хӑршав,xɵrʃaʋ,xɵr.ʃaʋ,2,RF,,FALSE
хӑршӑл,xɵrʃɵl,xɵr.ʃɵl,2,RR,,FALSE
хӑс,xɵs,xɵs,1,R,2,TRUE
хӑсӑк,xɵsɵk,xɵ.sɵk,2,RR,32,TRUE
хӑстар,xɵstar,xɵs.tar,2,RF,1,TRUE
хӑҫан,xɵɕan,xɵ.ɕan,2,RF,5774,TRUE
хӑҫантанпа,xɵɕantanpa,xɵ.ɕan.tan.pa,4,RFFF,225,TRUE
хӑҫанхи,xɵɕanxi,xɵ.ɕan.xi,3,RFF,11,TRUE
хӑҫанччен,xɵɕantɕtɕen,xɵ.ɕantɕ.tɕen,3,RFF,282,TRUE
хӑҫах,xɵɕax,xɵ.ɕax,2,RF,1,TRUE
хӑт,xɵt,xɵt,1,R,168,TRUE
хӑтим,xɵtim,xɵ.tim,2,RF,,FALSE
хӑта,xɵta,xɵ.ta,2,RF,546,TRUE
хӑтатӑхлач,xɵtatɵxlatɕ,xɵ.ta.tɵx.latɕ,4,RFRF,,FALSE
хӑталан,xɵtalan,xɵ.ta.lan,3,RFF,,FALSE
хӑталантар,xɵtalantar,xɵ.ta.lan.tar,4,RFFF,,FALSE
хӑталлӑ,xɵtallɵ,xɵ.tal.lɵ,3,RFR,34,TRUE
хӑтар,xɵtar,xɵ.tar,2,RF,146,TRUE
хӑтарттар,xɵtarttar,xɵ.tart.tar,3,RFF,,FALSE
хӑтару,xɵtaru,xɵ.ta.ru,3,RFF,12,TRUE
хӑтаруҫӑ,xɵtaruɕɵ,xɵ.ta.ru.ɕɵ,4,RFFR,14,TRUE
хӑтӑл,xɵtɵl,xɵ.tɵl,2,RR,26,TRUE
хӑтӑлу,xɵtɵlu,xɵ.tɵ.lu,3,RRF,5,TRUE
хӑтӑм,xɵtɵm,xɵ.tɵm,2,RR,5,TRUE
хӑтӑр,xɵtɵr,xɵ.tɵr,2,RR,15,TRUE
хӑтӑраш,xɵtɵraʃ,xɵ.tɵ.raʃ,3,RRF,,FALSE
хӑтӑрттар,xɵtɵrttar,xɵ.tɵrt.tar,3,RRF,,FALSE
хӑтӑруллӑ,xɵtɵrullɵ,xɵ.tɵ.rul.lɵ,4,RRFR,,FALSE
хӑтӑруллӑн,xɵtɵrullɵn,xɵ.tɵ.rul.lɵn,4,RRFR,,FALSE
хӑтла,xɵtla,xɵt.la,2,RF,3,TRUE
хӑтлан,xɵtlan,xɵt.lan,2,RF,98,TRUE
хӑтланӑш,xɵtlanɵʃ,xɵt.la.nɵʃ,3,RFR,5,TRUE
хӑтланкаларӑш,xɵtlankalarɵʃ,xɵt.lan.ka.la.rɵʃ,5,RFFFR,6,TRUE
хӑтлантар,xɵtlantar,xɵt.lan.tar,3,RFF,,FALSE
хӑтланчӑк,xɵtlantɕɵk,xɵt.lan.tɕɵk,3,RFR,,FALSE
хӑтлӑ,xɵtlɵ,xɵt.lɵ,2,RR,1376,TRUE
хӑтлӑх,xɵtlɵx,xɵt.lɵx,2,RR,561,TRUE
хӑтлӑхлӑ,xɵtlɵxlɵ,xɵt.lɵx.lɵ,3,RRR,2,TRUE
хӑтлӑхсӑр,xɵtlɵxsɵr,xɵt.lɵx.sɵr,3,RRR,8,TRUE
хӑтсӑр,xɵtsɵr,xɵ.tsɵr,2,RR,49,TRUE
хӑтсӑрлан,xɵtsɵrlan,xɵ.tsɵr.lan,3,RRF,,FALSE
хӑтсӑрлантар,xɵtsɵrlantar,xɵ.tsɵr.lan.tar,4,RRFF,,FALSE
хӑтсӑрлат,xɵtsɵrlat,xɵ.tsɵr.lat,3,RRF,,FALSE
хӑтсӑррӑн,xɵtsɵrrɵn,xɵ.tsɵr.rɵn,3,RRR,1,TRUE
хӑть,xɵtʲ,xɵtʲ,1,R,1796,TRUE
хӑч,xɵtɕ,xɵtɕ,1,R,3,TRUE
хӑчлат,xɵtɕlat,xɵtɕ.lat,2,RF,,FALSE
хӑчлаттар,xɵtɕlattar,xɵtɕ.lat.tar,3,RFF,,FALSE
хӑш,xɵʃ,xɵʃ,1,R,14923,TRUE
хӑшхаш,xɵʃxaʃ,xɵʃ.xaʃ,2,RF,,FALSE
хӑшхӑш,xɵʃxɵʃ,xɵʃ.xɵʃ,2,RR,,FALSE
хӑшӑл,xɵʃɵl,xɵ.ʃɵl,2,RR,5,TRUE
хӑшӑлхашӑл,xɵʃɵlxaʃɵl,xɵ.ʃɵl.xa.ʃɵl,4,RRFR,,FALSE
хӑшӑлтат,xɵʃɵltat,xɵ.ʃɵl.tat,3,RRF,,FALSE
хӑшӗпӗри,xɵʃøpøri,xɵ.ʃø.pø.ri,4,RRRF,78,TRUE
хӑшӗхӑшӗ,xɵʃøxɵʃø,xɵ.ʃø.xɵ.ʃø,4,RRRR,,FALSE
хӑшка,xɵʃka,xɵʃ.ka,2,RF,2,TRUE
хӑшкаҫ,xɵʃkaɕ,xɵʃ.kaɕ,2,RF,1,TRUE
хӑшкаҫла,xɵʃkaɕla,xɵʃ.kaɕ.la,3,RFF,,FALSE
хӑшкат,xɵʃkat,xɵʃ.kat,2,RF,,FALSE
хӑшкӑл,xɵʃkɵl,xɵʃ.kɵl,2,RR,4,TRUE
хӑшкӑллан,xɵʃkɵllan,xɵʃ.kɵl.lan,3,RRF,,FALSE
хӑшкӑллантар,xɵʃkɵllantar,xɵʃ.kɵl.lan.tar,4,RRFF,,FALSE
хӑшкӑлтар,xɵʃkɵltar,xɵʃ.kɵl.tar,3,RRF,3,TRUE
хӑшкӑлтат,xɵʃkɵltat,xɵʃ.kɵl.tat,3,RRF,,FALSE
хӑшкӑлтӑк,xɵʃkɵltɵk,xɵʃ.kɵl.tɵk,3,RRR,,FALSE
хӑшкӑлти,xɵʃkɵlti,xɵʃ.kɵl.ti,3,RRF,1,TRUE
хӑшлат,xɵʃlat,xɵʃ.lat,2,RF,,FALSE
хӑшпӗр,xɵʃpør,xɵʃ.pør,2,RR,1176,TRUE
хӑшт,xɵʃt,xɵʃt,1,R,3,TRUE
хӑштхашт,xɵʃtxaʃt,xɵʃt.xaʃt,2,RF,,FALSE
хӑштихӑштик,xɵʃtixɵʃtik,xɵʃ.ti.xɵʃ.tik,4,RFRF,,FALSE
хӑштик,xɵʃtik,xɵʃ.tik,2,RF,43,TRUE
хӑшшӑнхашшӑн,xɵʃʃɵnxaʃʃɵn,xɵʃ.ʃɵn.xaʃ.ʃɵn,4,RRFR,,FALSE
хӑю,xɵju,xɵ.ju,2,RF,558,TRUE
хӑюлан,xɵjulan,xɵ.ju.lan,3,RFF,1,TRUE
хӑюлантар,xɵjulantar,xɵ.ju.lan.tar,4,RFFF,,FALSE
хӑюлӑх,xɵjulɵx,xɵ.ju.lɵx,3,RFR,677,TRUE
хӑюллӑ,xɵjullɵ,xɵ.jul.lɵ,3,RFR,1123,TRUE
хӑюллӑн,xɵjullɵn,xɵ.jul.lɵn,3,RFR,763,TRUE
хӑюсӑр,xɵjusɵr,xɵ.ju.sɵr,3,RFR,221,TRUE
хӑюсӑрлан,xɵjusɵrlan,xɵ.ju.sɵr.lan,4,RFRF,1,TRUE
хӑюсӑрлантар,xɵjusɵrlantar,xɵ.ju.sɵr.lan.tar,5,RFRFF,,FALSE
хӑюсӑрлат,xɵjusɵrlat,xɵ.ju.sɵr.lat,4,RFRF,,FALSE
хӑюсӑрлӑх,xɵjusɵrlɵx,xɵ.ju.sɵr.lɵx,4,RFRR,4,TRUE
хӑюсӑррӑн,xɵjusɵrrɵn,xɵ.ju.sɵr.rɵn,4,RFRR,207,TRUE
хӑюҫах,xɵjuɕax,xɵ.ju.ɕax,3,RFF,,FALSE
хӑяк,xɵjak,xɵ.jak,2,RF,5,TRUE
хӑяккӑн,xɵjakkɵn,xɵ.jak.kɵn,3,RFR,196,TRUE
хӑяккӑнла,xɵjakkɵnla,xɵ.jak.kɵn.la,4,RFRF,,FALSE
хӑямат,xɵjamat,xɵ.ja.mat,3,RFF,190,TRUE
хӑяматла,xɵjamatla,xɵ.ja.mat.la,4,RFFF,6,TRUE
хӑяр,xɵjar,xɵ.jar,2,RF,935,TRUE
хӑярак,xɵjarak,xɵ.ja.rak,3,RFF,,FALSE
хӑях,xɵjax,xɵ.jax,2,RF,54,TRUE
хӑяхлан,xɵjaxlan,xɵ.jax.lan,3,RFF,,FALSE
хӑяхлӑх,xɵjaxlɵx,xɵ.jax.lɵx,3,RFR,2,TRUE
хваттер,xʋatter,xʋat.ter,2,FF,2990,TRUE
хваттерлӗ,xʋatterlø,xʋat.ter.lø,3,FFR,873,TRUE
хе,xe,xe,1,F,673,TRUE
хехе,xexe,xe.xe,2,FF,1,TRUE
хевте,xeʋte,xeʋ.te,2,FF,135,TRUE
хевтеллӗ,xeʋtellø,xeʋ.tel.lø,3,FFR,62,TRUE
хевтесӗр,xeʋtesør,xeʋ.te.sør,3,FFR,71,TRUE
хевтесӗрлен,xeʋtesørlen,xeʋ.te.sør.len,4,FFRF,,FALSE
хевтесӗрлентер,xeʋtesørlenter,xeʋ.te.sør.len.ter,5,FFRFF,,FALSE
хек,xek,xek,1,F,2,TRUE
хелхемлен,xelxemlen,xel.xem.len,3,FFF,,FALSE
херес,xeres,xe.res,2,FF,11,TRUE
херӗп,xerøp,xe.røp,2,FR,11,TRUE
хӗв,xøʋ,xøʋ,1,R,21,TRUE
хӗвел,xøʋel,xø.ʋel,2,RF,12256,TRUE
хӗвеланӑҫ,xøʋelanɵɕ,xø.ʋe.la.nɵɕ,4,RFFR,786,TRUE
хӗвелӗн,xøʋeløn,xø.ʋe.løn,3,RFR,295,TRUE
хӗвелле,xøʋelle,xø.ʋel.le,3,RFF,19,TRUE
хӗвеллен,xøʋellen,xø.ʋel.len,3,RFF,,FALSE
хӗвеллӗ,xøʋellø,xø.ʋel.lø,3,RFR,970,TRUE
хӗвеллӗн,xøʋelløn,xø.ʋel.løn,3,RFR,43,TRUE
хӗвеллӗх,xøʋelløx,xø.ʋel.løx,3,RFR,4,TRUE
хӗвелҫаврӑнӑш,xøʋelɕaʋrɵnɵʃ,xø.ʋel.ɕaʋ.rɵ.nɵʃ,5,RFFRR,194,TRUE
хӗвелтухӑҫ,xøʋeltuxɵɕ,xø.ʋel.tu.xɵɕ,4,RFFR,880,TRUE
хӗвелччен,xøʋeltɕtɕen,xø.ʋeltɕ.tɕen,3,RFF,4,TRUE
хӗвӗн,xøʋøn,xø.ʋøn,2,RR,,FALSE
хӗвӗнтер,xøʋønter,xø.ʋøn.ter,3,RRF,,FALSE
хӗвӗтмӗш,xøʋøtmøʃ,xø.ʋøt.møʃ,3,RRR,,FALSE
хӗвӗш,xøʋøʃ,xø.ʋøʃ,2,RR,4,TRUE
хӗвӗштер,xøʋøʃter,xø.ʋøʃ.ter,3,RRF,,FALSE
хӗвӗшӳ,xøʋøʃy,xø.ʋø.ʃy,3,RRF,49,TRUE
хӗвӗшӳллӗ,xøʋøʃyllø,xø.ʋø.ʃyl.lø,4,RRFR,4,TRUE
хӗл,xøl,xøl,1,R,4718,TRUE
хӗлӗҫӑвӗпе,xøløɕɵʋøpe,xø.lø.ɕɵ.ʋø.pe,5,RRRRF,,FALSE
хӗлӗхӗлӗпе,xøløxøløpe,xø.lø.xø.lø.pe,5,RRRRF,,FALSE
хӗлӗнҫӑвӗн,xølønɕɵʋøn,xø.løn.ɕɵ.ʋøn,4,RRRR,8,TRUE
хӗлӗпе,xøløpe,xø.lø.pe,3,RRF,916,TRUE
хӗлӗх,xøløx,xø.løx,2,RR,291,TRUE
хӗлӗхлӗ,xøløxlø,xø.løx.lø,3,RRR,66,TRUE
хӗлле,xølle,xøl.le,2,RF,2804,TRUE
хӗллеренпе,xøllerenpe,xøl.le.ren.pe,4,RFFF,2,TRUE
хӗллехи,xøllexi,xøl.le.xi,3,RFF,2059,TRUE
хӗллеччен,xølletɕtɕen,xøl.letɕ.tɕen,3,RFF,12,TRUE
хӗлсерен,xølseren,xøl.se.ren,3,RFF,2,TRUE
хӗлтӗркке,xøltørkke,xøl.tørk.ke,3,RRF,1,TRUE
хӗлтӗртет,xøltørtet,xøl.tør.tet,3,RRF,,FALSE
хӗлхем,xølxem,xøl.xem,2,RF,665,TRUE
хӗлхемле,xølxemle,xøl.xem.le,3,RFF,1,TRUE
хӗлхемлентер,xølxemlenter,xøl.xem.len.ter,4,RFFF,,FALSE
хӗлхемлӗ,xølxemlø,xøl.xem.lø,3,RFR,59,TRUE
хӗлхемлӗн,xølxemløn,xøl.xem.løn,3,RFR,13,TRUE
хӗлхен,xølxen,xøl.xen,2,RF,,FALSE
хӗм,xøm,xøm,1,R,663,TRUE
хӗмӗл,xømøl,xø.møl,2,RR,,FALSE
хӗмӗн,xømøn,xø.møn,2,RR,26,TRUE
хӗмле,xømle,xøm.le,2,RF,7,TRUE
хӗмлен,xømlen,xøm.len,2,RF,2,TRUE
хӗмлентер,xømlenter,xøm.len.ter,3,RFF,1,TRUE
хӗмлӗ,xømlø,xøm.lø,2,RR,98,TRUE
хӗмлӗн,xømløn,xøm.løn,2,RR,36,TRUE
хӗмсӗрлен,xømsørlen,xøm.sør.len,3,RRF,,FALSE
хӗн,xøn,xøn,1,R,1690,TRUE
хӗнасап,xønasap,xø.na.sap,3,RFF,,FALSE
хӗнасаплӑ,xønasaplɵ,xø.na.sap.lɵ,4,RFFR,,FALSE
хӗнинкек,xøninkek,xø.nin.kek,3,RFF,,FALSE
хӗннуша,xønnuʃa,xøn.nu.ʃa,3,RFF,,FALSE
хӗнхур,xønxur,xøn.xur,2,RF,5,TRUE
хӗнен,xønen,xø.nen,2,RF,3,TRUE
хӗнерсӗр,xønersør,xø.ner.sør,3,RFR,,FALSE
хӗнеттер,xønetter,xø.net.ter,3,RFF,,FALSE
хӗнеш,xøneʃ,xø.neʃ,2,RF,,FALSE
хӗнк,xønk,xønk,1,R,,FALSE
хӗнклет,xønklet,xønk.let,2,RF,,FALSE
хӗнлен,xønlen,xøn.len,2,RF,,FALSE
хӗнлентер,xønlenter,xøn.len.ter,3,RFF,,FALSE
хӗнлӗ,xønlø,xøn.lø,2,RR,14,TRUE
хӗнлӗх,xønløx,xøn.løx,2,RR,21,TRUE
хӗнӳҫапу,xønyɕapu,xø.ny.ɕa.pu,4,RFFF,,FALSE
хӗпхӗрле,xøpxørle,xøp.xør.le,3,RRF,,FALSE
хӗпӗрте,xøpørte,xø.pør.te,3,RRF,39,TRUE
хӗпӗртев,xøpørteʋ,xø.pør.teʋ,3,RRF,4,TRUE
хӗпӗртевлӗ,xøpørteʋlø,xø.pør.teʋ.lø,4,RRFR,2,TRUE
хӗпӗртевлӗн,xøpørteʋløn,xø.pør.teʋ.løn,4,RRFR,1,TRUE
хӗпӗртеттер,xøpørtetter,xø.pør.tet.ter,4,RRFF,,FALSE
хӗпӗртӳ,xøpørty,xø.pør.ty,3,RRF,26,TRUE
хӗпӗртӳллӗ,xøpørtyllø,xø.pør.tyl.lø,4,RRFR,13,TRUE
хӗпӗртӳллӗн,xøpørtylløn,xø.pør.tyl.løn,4,RRFR,13,TRUE
хӗр,xør,xør,1,R,27045,TRUE
хӗрар,xørar,xø.rar,2,RF,31,TRUE
хӗрарӑм,xørarɵm,xø.ra.rɵm,3,RFR,16566,TRUE
хӗрача,xøratɕa,xø.ra.tɕa,3,RFF,2923,TRUE
хӗрел,xørel,xø.rel,2,RF,15,TRUE
хӗрелтер,xørelter,xø.rel.ter,3,RFF,,FALSE
хӗремеслен,xøremeslen,xø.re.mes.len,4,RFFF,,FALSE
хӗремеслентер,xøremeslenter,xø.re.mes.len.ter,5,RFFFF,,FALSE
хӗрен,xøren,xø.ren,2,RF,109,TRUE
хӗрес,xøres,xø.res,2,RF,1006,TRUE
хӗреске,xøreske,xø.res.ke,3,RFF,,FALSE
хӗресле,xøresle,xø.res.le,3,RFF,50,TRUE
хӗреслен,xøreslen,xø.res.len,3,RFF,,FALSE
хӗреслентер,xøreslenter,xø.res.len.ter,4,RFFF,,FALSE
хӗреслет,xøreslet,xø.res.let,3,RFF,1,TRUE
хӗреслӗ,xøreslø,xø.res.lø,3,RFR,178,TRUE
хӗреслӗмӗреслӗ,xøreslømøreslø,xø.res.lø.mø.res.lø,6,RFRRFR,,FALSE
хӗреслӗн,xøresløn,xø.res.løn,3,RFR,7,TRUE
хӗреснанне,xøresnanne,xø.res.nan.ne,4,RFFF,10,TRUE
хӗреснатте,xøresnatte,xø.res.nat.te,4,RFFF,14,TRUE
хӗресне,xøresne,xø.res.ne,3,RFF,157,TRUE
хӗрет,xøret,xø.ret,2,RF,82,TRUE
хӗреттер,xøretter,xø.ret.ter,3,RFF,,FALSE
хӗрӗ,xørø,xø.rø,2,RR,7356,TRUE
хӗрӗн,xørøn,xø.røn,2,RR,2369,TRUE
хӗрӗнкӗ,xørønkø,xø.røn.kø,3,RRR,309,TRUE
хӗрӗнкӗлен,xørønkølen,xø.røn.kø.len,4,RRRF,,FALSE
хӗрӗнкӗлентер,xørønkølenter,xø.røn.kø.len.ter,5,RRRFF,,FALSE
хӗрӗп,xørøp,xø.røp,2,RR,,FALSE
хӗрӗплеттер,xørøpletter,xø.røp.let.ter,4,RRFF,,FALSE
хӗрӗх,xørøx,xø.røx,2,RR,1555,TRUE
хӗрӗхмӗш,xørøxmøʃ,xø.røx.møʃ,3,RRR,34,TRUE
хӗрле,xørle,xør.le,2,RF,148,TRUE
хӗрлемес,xørlemes,xør.le.mes,3,RFF,28,TRUE
хӗрлӗ,xørlø,xør.lø,2,RR,11822,TRUE
хӗрлӗх,xørløx,xør.løx,2,RR,24,TRUE
хӗрлӗхен,xørløxen,xør.lø.xen,3,RRF,19,TRUE
хӗрли,xørli,xør.li,2,RF,113,TRUE
хӗрринчи,xørrintɕi,xør.rin.tɕi,3,RFF,1929,TRUE
хӗррисӗр,xørrisør,xør.ri.sør,3,RFR,636,TRUE
хӗрсем,xørsem,xør.sem,2,RF,5609,TRUE
хӗрт,xørt,xørt,1,R,176,TRUE
хӗртер,xørter,xør.ter,2,RF,3,TRUE
хӗртӗн,xørtøn,xør.tøn,2,RR,5,TRUE
хӗртӗнтер,xørtønter,xør.tøn.ter,3,RRF,,FALSE
хӗртсурт,xørtsurt,xør.tsurt,2,RF,44,TRUE
хӗрттер,xørtter,xørt.ter,2,RF,,FALSE
хӗрупраҫ,xørupraɕ,xø.rup.raɕ,3,RFF,255,TRUE
хӗрӳ,xøry,xø.ry,2,RF,2660,TRUE
хӗрӳлен,xørylen,xø.ry.len,3,RFF,5,TRUE
хӗрӳлентер,xørylenter,xø.ry.len.ter,4,RFFF,,FALSE
хӗрӳлӗх,xøryløx,xø.ry.løx,3,RFR,58,TRUE
хӗрӳллӗ,xøryllø,xø.ryl.lø,3,RFR,515,TRUE
хӗрӳллӗн,xørylløn,xø.ryl.løn,3,RFR,406,TRUE
хӗрӳн,xøryn,xø.ryn,2,RF,34,TRUE
хӗрӳсӗр,xørysør,xø.ry.sør,3,RFR,14,TRUE
хӗрхев,xørxeʋ,xør.xeʋ,2,RF,,FALSE
хӗрхевлӗ,xørxeʋlø,xør.xeʋ.lø,3,RFR,2,TRUE
хӗрхевсӗр,xørxeʋsør,xør.xeʋ.sør,3,RFR,4,TRUE
хӗрхен,xørxen,xør.xen,2,RF,172,TRUE
хӗрхенӗҫлӗ,xørxenøɕlø,xør.xe.nøɕ.lø,4,RFRR,,FALSE
хӗрхентер,xørxenter,xør.xen.ter,3,RFF,,FALSE
хӗрхенӳ,xørxeny,xør.xe.ny,3,RFF,60,TRUE
хӗрхенӳллӗ,xørxenyllø,xør.xe.nyl.lø,4,RFFR,8,TRUE
хӗрхенӳллӗн,xørxenylløn,xør.xe.nyl.løn,4,RFFR,5,TRUE
хӗрхенӳсӗр,xørxenysør,xør.xe.ny.sør,4,RFFR,65,TRUE
хӗрхенчӗк,xørxentɕøk,xør.xen.tɕøk,3,RFR,3,TRUE
хӗрхенчӗклӗн,xørxentɕøkløn,xør.xen.tɕøk.løn,4,RFRR,3,TRUE
хӗрхӗлтӗм,xørxøltøm,xør.xøl.tøm,3,RRR,13,TRUE
хӗрхӗлтӗмлен,xørxøltømlen,xør.xøl.tøm.len,4,RRRF,,FALSE
хӗрхи,xørxi,xør.xi,2,RF,25,TRUE
хӗрхӳ,xørxy,xør.xy,2,RF,38,TRUE
хӗрхӳлен,xørxylen,xør.xy.len,3,RFF,,FALSE
хӗрхӳлентер,xørxylenter,xør.xy.len.ter,4,RFFF,,FALSE
хӗс,xøs,xøs,1,R,19,TRUE
хӗсӗк,xøsøk,xø.søk,2,RR,524,TRUE
хӗсӗклен,xøsøklen,xø.søk.len,3,RRF,,FALSE
хӗсӗклӗх,xøsøkløx,xø.søk.løx,3,RRR,2,TRUE
хӗсӗн,xøsøn,xø.søn,2,RR,1,TRUE
хӗсӗнтер,xøsønter,xø.søn.ter,3,RRF,,FALSE
хӗсӗнчӗк,xøsøntɕøk,xø.søn.tɕøk,3,RRR,1,TRUE
хӗсӗр,xøsør,xø.sør,2,RR,156,TRUE
хӗсӗрле,xøsørle,xø.sør.le,3,RRF,9,TRUE
хӗсӗрлев,xøsørleʋ,xø.sør.leʋ,3,RRF,5,TRUE
хӗсӗрлевҫӗ,xøsørleʋɕø,xø.sør.leʋ.ɕø,4,RRFR,,FALSE
хӗсӗрлен,xøsørlen,xø.sør.len,3,RRF,,FALSE
хӗскӗч,xøskøtɕ,xøs.køtɕ,2,RR,78,TRUE
хӗскӗчле,xøskøtɕle,xøs.køtɕ.le,3,RRF,,FALSE
хӗсмет,xøsmet,xøs.met,2,RF,251,TRUE
хӗссепӗссе,xøssepøsse,xøs.se.pøs.se,4,RFRF,,FALSE
хӗстер,xøster,xøs.ter,2,RF,14,TRUE
хӗстеркӗч,xøsterkøtɕ,xøs.ter.køtɕ,3,RFR,5,TRUE
хӗстерттер,xøstertter,xøs.tert.ter,3,RFF,1,TRUE
хӗстӗрӳ,xøstøry,xøs.tø.ry,3,RRF,,FALSE
хӗсӳ,xøsy,xø.sy,2,RF,,FALSE
хӗҫ,xøɕ,xøɕ,1,R,1773,TRUE
хӗҫпӑшал,xøɕpɵʃal,xøɕ.pɵ.ʃal,3,RRF,192,TRUE
хӗҫпӑшаллан,xøɕpɵʃallan,xøɕ.pɵ.ʃal.lan,4,RRFF,1,TRUE
хӗҫпӑшаллантар,xøɕpɵʃallantar,xøɕ.pɵ.ʃal.lan.tar,5,RRFFF,,FALSE
хӗҫпӑшаллӑ,xøɕpɵʃallɵ,xøɕ.pɵ.ʃal.lɵ,4,RRFR,257,TRUE
хӗҫпӑшалсӑр,xøɕpɵʃalsɵr,xøɕ.pɵ.ʃal.sɵr,4,RRFR,17,TRUE
хӗҫпӑшалсӑрлан,xøɕpɵʃalsɵrlan,xøɕ.pɵ.ʃal.sɵr.lan,5,RRFRF,,FALSE
хӗҫпӑшалсӑрлантар,xøɕpɵʃalsɵrlantar,xøɕ.pɵ.ʃal.sɵr.lan.tar,6,RRFRFF,,FALSE
хӗҫпӑшалсӑрлат,xøɕpɵʃalsɵrlat,xøɕ.pɵ.ʃal.sɵr.lat,5,RRFRF,,FALSE
хӗтӗрт,xøtørt,xø.tørt,2,RR,1,TRUE
хӗтӗх,xøtøx,xø.tøx,2,RR,,FALSE
хӗтӗхле,xøtøxle,xø.tøx.le,3,RRF,1,TRUE
хӗтӗхлеттер,xøtøxletter,xø.tøx.let.ter,4,RRFF,,FALSE
хӗтӗхсӗр,xøtøxsør,xø.tøx.sør,3,RRR,,FALSE
хихик,xixik,xi.xik,2,FF,1,TRUE
хивре,xiʋre,xiʋ.re,2,FF,173,TRUE
хиврелен,xiʋrelen,xiʋ.re.len,3,FFF,,FALSE
хиврелентер,xiʋrelenter,xiʋ.re.len.ter,4,FFFF,,FALSE
хиврелет,xiʋrelet,xiʋ.re.let,3,FFF,,FALSE
хиврен,xiʋren,xiʋ.ren,2,FF,17,TRUE
хивсе,xiʋse,xiʋ.se,2,FF,7,TRUE
хик,xik,xik,1,F,46,TRUE
хиклет,xiklet,xik.let,2,FF,,FALSE
химера,ximera,xi.me.ra,3,FFF,6,TRUE
хими,ximi,xi.mi,2,FF,1218,TRUE
химик,ximik,xi.mik,2,FF,151,TRUE
химикали,ximikali,xi.mi.ka.li,4,FFFF,,FALSE
химикат,ximikat,xi.mi.kat,3,FFF,11,TRUE
химиле,ximile,xi.mi.le,3,FFF,2,TRUE
химилле,ximille,xi.mil.le,3,FFF,55,TRUE
хина,xina,xi.na,2,FF,5,TRUE
хинӑллӑ,xinɵllɵ,xi.nɵl.lɵ,3,FRR,,FALSE
хинин,xinin,xi.nin,2,FF,1,TRUE
хипхитре,xipxitre,xip.xit.re,3,FFF,,FALSE
хир,xir,xir,1,F,2784,TRUE
хирехирӗҫ,xirexirøɕ,xi.re.xi.røɕ,4,FFFR,3,TRUE
хирехирӗҫлӗх,xirexirøɕløx,xi.re.xi.røɕ.løx,5,FFFRR,,FALSE
хирӗл,xirøl,xi.røl,2,FR,4,TRUE
хирӗлтер,xirølter,xi.røl.ter,3,FRF,,FALSE
хирӗлчӗк,xirøltɕøk,xi.røl.tɕøk,3,FRR,,FALSE
хирӗн,xirøn,xi.røn,2,FR,63,TRUE
хирӗнтер,xirønter,xi.røn.ter,3,FRF,,FALSE
хирӗнчӗк,xirøntɕøk,xi.røn.tɕøk,3,FRR,1,TRUE
хирӗҫ,xirøɕ,xi.røɕ,2,FR,13061,TRUE
хирӗҫхура,xirøɕxura,xi.røɕ.xu.ra,4,FRFF,,FALSE
хирӗҫле,xirøɕle,xi.røɕ.le,3,FRF,974,TRUE
хирӗҫлев,xirøɕleʋ,xi.røɕ.leʋ,3,FRF,49,TRUE
хирӗҫлӗх,xirøɕløx,xi.røɕ.løx,3,FRR,5,TRUE
хирӗҫтер,xirøɕter,xi.røɕ.ter,3,FRF,1,TRUE
хирӗҫӳ,xirøɕy,xi.rø.ɕy,3,FRF,493,TRUE
хирӗҫӳлӗх,xirøɕyløx,xi.rø.ɕy.løx,4,FRFR,10,TRUE
хирӗҫӳлӗхсӗр,xirøɕyløxsør,xi.rø.ɕy.løx.sør,5,FRFRR,,FALSE
хирӗҫӳллӗ,xirøɕyllø,xi.rø.ɕyl.lø,4,FRFR,60,TRUE
хиркелен,xirkelen,xir.ke.len,3,FFF,1,TRUE
хиркеленчӗк,xirkelentɕøk,xir.ke.len.tɕøk,4,FFFR,,FALSE
хиркӗч,xirkøtɕ,xir.køtɕ,2,FR,,FALSE
хирлен,xirlen,xir.len,2,FF,,FALSE
хирлеш,xirleʃ,xir.leʃ,2,FF,,FALSE
хирлешӳ,xirleʃy,xir.le.ʃy,3,FFF,1,TRUE
хирлӳ,xirly,xir.ly,2,FF,5,TRUE
хирме,xirme,xir.me,2,FF,28,TRUE
хиртек,xirtek,xir.tek,2,FF,6,TRUE
хиртер,xirter,xir.ter,2,FF,,FALSE
хирти,xirti,xir.ti,2,FF,973,TRUE
хирхи,xirxi,xir.xi,2,FF,,FALSE
хисеп,xisep,xi.sep,2,FF,3752,TRUE
хисепле,xiseple,xi.sep.le,3,FFF,83,TRUE
хисеплен,xiseplen,xi.sep.len,3,FFF,6,TRUE
хисеплеттер,xisepletter,xi.sep.let.ter,4,FFFF,,FALSE
хисеплӗ,xiseplø,xi.sep.lø,3,FFR,4029,TRUE
хисеплӗн,xisepløn,xi.sep.løn,3,FFR,51,TRUE
хисепсӗр,xisepsør,xi.sep.sør,3,FFR,88,TRUE
хисрем,xisrem,xis.rem,2,FF,,FALSE
хисте,xiste,xis.te,2,FF,42,TRUE
хистев,xisteʋ,xis.teʋ,2,FF,14,TRUE
хистевлӗ,xisteʋlø,xis.teʋ.lø,3,FFR,26,TRUE
хистевлӗн,xisteʋløn,xis.teʋ.løn,3,FFR,9,TRUE
хистен,xisten,xis.ten,2,FF,3,TRUE
хитин,xitin,xi.tin,2,FF,3,TRUE
хитре,xitre,xit.re,2,FF,7129,TRUE
хитрелен,xitrelen,xit.re.len,3,FFF,3,TRUE
хитрелентер,xitrelenter,xit.re.len.ter,4,FFFF,,FALSE
хитрелет,xitrelet,xit.re.let,3,FFF,,FALSE
хитрелеттер,xitreletter,xit.re.let.ter,4,FFFF,,FALSE
хитрелӗх,xitreløx,xit.re.løx,3,FFR,57,TRUE
хитрен,xitren,xit.ren,2,FF,184,TRUE
хихиклет,xixiklet,xi.xik.let,3,FFF,,FALSE
хлястик,xljastik,xljas.tik,2,FF,1,TRUE
хна,xna,xna,1,F,6,TRUE
хресчен,xrestɕen,xres.tɕen,2,FF,2525,TRUE
хресченле,xrestɕenle,xres.tɕen.le,3,FFF,16,TRUE
христиан,xristian,xris.ti.an,3,FFF,135,TRUE
христианла,xristianla,xris.ti.an.la,4,FFFF,9,TRUE
христианлантар,xristianlantar,xris.ti.an.lan.tar,5,FFFFF,,FALSE
хрусталь,xrustalʲ,xrus.talʲ,2,FF,65,TRUE
ху,xu,xu,1,F,4446,TRUE
хуй,xuj,xuj,1,F,15,TRUE
хуйӑр,xujɵr,xu.jɵr,2,FR,9,TRUE
хуйӑрла,xujɵrla,xu.jɵr.la,3,FRF,,FALSE
хуйӑрлан,xujɵrlan,xu.jɵr.lan,3,FRF,,FALSE
хуйтар,xujtar,xuj.tar,2,FF,,FALSE
хуйхан,xujxan,xuj.xan,2,FF,1,TRUE
хуйхантар,xujxantar,xuj.xan.tar,3,FFF,,FALSE
хуйхат,xujxat,xuj.xat,2,FF,,FALSE
хуйхаш,xujxaʃ,xuj.xaʃ,2,FF,,FALSE
хуйхаштар,xujxaʃtar,xuj.xaʃ.tar,3,FFF,,FALSE
хуйхӑ,xujxɵ,xuj.xɵ,2,FR,1638,TRUE
хуйхӑасап,xujxɵasap,xuj.xɵ.a.sap,4,FRFF,,FALSE
хуйхӑсуйхӑ,xujxɵsujxɵ,xuj.xɵ.suj.xɵ,4,FRFR,4,TRUE
хуйхӑуйхӑсӑр,xujxɵujxɵsɵr,xuj.xɵ.uj.xɵ.sɵr,5,FRFRR,,FALSE
хуйхӑллӑ,xujxɵllɵ,xuj.xɵl.lɵ,3,FRR,156,TRUE
хуйхӑллӑн,xujxɵllɵn,xuj.xɵl.lɵn,3,FRR,46,TRUE
хуйхӑр,xujxɵr,xuj.xɵr,2,FR,120,TRUE
хуйхӑрлан,xujxɵrlan,xuj.xɵr.lan,3,FRF,,FALSE
хуйхӑрт,xujxɵrt,xuj.xɵrt,2,FR,,FALSE
хуйхӑрттар,xujxɵrttar,xuj.xɵrt.tar,3,FRF,,FALSE
хуйхӑсӑр,xujxɵsɵr,xuj.xɵ.sɵr,3,FRR,40,TRUE
хуйхӑсӑрлӑх,xujxɵsɵrlɵx,xuj.xɵ.sɵr.lɵx,4,FRRR,2,TRUE
хул,xul,xul,1,F,1646,TRUE
хулурам,xuluram,xu.lu.ram,3,FFF,,FALSE
хула,xula,xu.la,2,FF,13410,TRUE
хулашехер,xulaʃexer,xu.la.ʃe.xer,4,FFFF,,FALSE
хулаял,xulajal,xu.la.jal,3,FFF,,FALSE
хулам,xulam,xu.lam,2,FF,27,TRUE
хулаш,xulaʃ,xu.laʃ,2,FF,159,TRUE
хулӑ,xulɵ,xu.lɵ,2,FR,165,TRUE
хулӑла,xulɵla,xu.lɵ.la,3,FRF,1,TRUE
хулӑмсӑр,xulɵmsɵr,xu.lɵm.sɵr,3,FRR,4,TRUE
хулӑн,xulɵn,xu.lɵn,2,FR,1442,TRUE
хулӑнӑш,xulɵnɵʃ,xu.lɵ.nɵʃ,3,FRR,248,TRUE
хулӑнламас,xulɵnlamas,xu.lɵn.la.mas,4,FRFF,2,TRUE
хулӑнлан,xulɵnlan,xu.lɵn.lan,3,FRF,1,TRUE
хулӑнлат,xulɵnlat,xu.lɵn.lat,3,FRF,,FALSE
хулкан,xulkan,xul.kan,2,FF,12,TRUE
хулкка,xulkka,xulk.ka,2,FF,20,TRUE
хулккан,xulkkan,xulk.kan,2,FF,7,TRUE
хулла,xulla,xul.la,2,FF,34,TRUE
хуллен,xullen,xul.len,2,FF,2971,TRUE
хулленмайӗпен,xullenmajøpen,xul.len.ma.jø.pen,5,FFFRF,,FALSE
хулленхуллен,xullenxullen,xul.len.xul.len,4,FFFF,,FALSE
хулленлен,xullenlen,xul.len.len,3,FFF,,FALSE
хулленҫӗ,xullenɕø,xul.len.ɕø,3,FFR,2,TRUE
хулпуҫҫи,xulpuɕɕi,xul.puɕ.ɕi,3,FFF,547,TRUE
хулсӑр,xulsɵr,xul.sɵr,2,FR,9,TRUE
хулҫи,xulɕi,xul.ɕi,2,FF,,FALSE
хултӑркан,xultɵrkan,xul.tɵr.kan,3,FRF,,FALSE
хултӑрмач,xultɵrmatɕ,xul.tɵr.matɕ,3,FRF,1,TRUE
хултӑртат,xultɵrtat,xul.tɵr.tat,3,FRF,,FALSE
хултӑртаттар,xultɵrtattar,xul.tɵr.tat.tar,4,FRFF,,FALSE
хултӑрчӑ,xultɵrtɕɵ,xul.tɵr.tɕɵ,3,FRR,24,TRUE
хулху,xulxu,xul.xu,2,FF,2,TRUE
хулхулан,xulxulan,xul.xu.lan,3,FFF,,FALSE
хум,xum,xum,1,F,823,TRUE
хумла,xumla,xum.la,2,FF,5,TRUE
хумлан,xumlan,xum.lan,2,FF,,FALSE
хумлантар,xumlantar,xum.lan.tar,3,FFF,,FALSE
хумлӑ,xumlɵ,xum.lɵ,2,FR,188,TRUE
хумлӑн,xumlɵn,xum.lɵn,2,FR,117,TRUE
хумхав,xumxaʋ,xum.xaʋ,2,FF,,FALSE
хумхавлӑ,xumxaʋlɵ,xum.xaʋ.lɵ,3,FFR,1,TRUE
хумхан,xumxan,xum.xan,2,FF,59,TRUE
хумхантар,xumxantar,xum.xan.tar,3,FFF,1,TRUE
хумхану,xumxanu,xum.xa.nu,3,FFF,35,TRUE
хумхануллӑ,xumxanullɵ,xum.xa.nul.lɵ,4,FFFR,130,TRUE
хумхануллӑн,xumxanullɵn,xum.xa.nul.lɵn,4,FFFR,9,TRUE
хумханчӑк,xumxantɕɵk,xum.xan.tɕɵk,3,FFR,13,TRUE
хумхат,xumxat,xum.xat,2,FF,,FALSE
хун,xun,xun,1,F,262,TRUE
хуна,xuna,xu.na,2,FF,49,TRUE
хунав,xunaʋ,xu.naʋ,2,FF,505,TRUE
хунавлан,xunaʋlan,xu.naʋ.lan,3,FFF,,FALSE
хунавлӑ,xunaʋlɵ,xu.naʋ.lɵ,3,FFR,37,TRUE
хунавлӑх,xunaʋlɵx,xu.naʋ.lɵx,3,FFR,,FALSE
хунар,xunar,xu.nar,2,FF,285,TRUE
хунарҫӑ,xunarɕɵ,xu.nar.ɕɵ,3,FFR,1,TRUE
хунат,xunat,xu.nat,2,FF,,FALSE
хунаттар,xunattar,xu.nat.tar,3,FFF,3,TRUE
хунт,xunt,xunt,1,F,,FALSE
хунта,xunta,xun.ta,2,FF,2,TRUE
хунтӑла,xuntɵla,xun.tɵ.la,3,FRF,,FALSE
хунтӑллӑ,xuntɵllɵ,xun.tɵl.lɵ,3,FRR,1,TRUE
хунчав,xuntɕaʋ,xun.tɕaʋ,2,FF,,FALSE
хунчӑка,xuntɕɵka,xun.tɕɵ.ka,3,FRF,1,TRUE
хунь,xunʲ,xunʲ,1,F,10,TRUE
хуняка,xunjaka,xun.ja.ka,3,FFF,1,TRUE
хуняма,xunjama,xun.ja.ma,3,FFF,721,TRUE
хуняҫа,xunjaɕa,xun.ja.ɕa,3,FFF,137,TRUE
хуп,xup,xup,1,F,1161,TRUE
хупхура,xupxura,xup.xu.ra,3,FFF,4,TRUE
хупанкӑ,xupankɵ,xu.pan.kɵ,3,FFR,2,TRUE
хупах,xupax,xu.pax,2,FF,269,TRUE
хупахҫӑ,xupaxɕɵ,xu.pax.ɕɵ,3,FFR,3,TRUE
хупӑ,xupɵ,xu.pɵ,2,FR,975,TRUE
хупӑла,xupɵla,xu.pɵ.la,3,FRF,,FALSE
хупӑлан,xupɵlan,xu.pɵ.lan,3,FRF,,FALSE
хупӑлӑх,xupɵlɵx,xu.pɵ.lɵx,3,FRR,3,TRUE
хупӑллӑ,xupɵllɵ,xu.pɵl.lɵ,3,FRR,67,TRUE
хупӑлча,xupɵltɕa,xu.pɵl.tɕa,3,FRF,8,TRUE
хупӑлчаллӑ,xupɵltɕallɵ,xu.pɵl.tɕal.lɵ,4,FRFR,9,TRUE
хупӑм,xupɵm,xu.pɵm,2,FR,,FALSE
хупӑн,xupɵn,xu.pɵn,2,FR,4,TRUE
хупӑнтар,xupɵntar,xu.pɵn.tar,3,FRF,2,TRUE
хупӑнчӑк,xupɵntɕɵk,xu.pɵn.tɕɵk,3,FRR,9,TRUE
хупӑрла,xupɵrla,xu.pɵr.la,3,FRF,8,TRUE
хупӑрлан,xupɵrlan,xu.pɵr.lan,3,FRF,,FALSE
хупӑрлӑх,xupɵrlɵx,xu.pɵr.lɵx,3,FRR,,FALSE
хупӑсӑр,xupɵsɵr,xu.pɵ.sɵr,3,FRR,7,TRUE
хупкӑч,xupkɵtɕ,xup.kɵtɕ,2,FR,1,TRUE
хупла,xupla,xup.la,2,FF,73,TRUE
хупламӑш,xuplamɵʃ,xup.la.mɵʃ,3,FFR,,FALSE
хуплан,xuplan,xup.lan,2,FF,7,TRUE
хупланкӑ,xuplankɵ,xup.lan.kɵ,3,FFR,,FALSE
хуплантар,xuplantar,xup.lan.tar,3,FFF,,FALSE
хупланчӑк,xuplantɕɵk,xup.lan.tɕɵk,3,FFR,,FALSE
хуплаш,xuplaʃ,xup.laʃ,2,FF,2,TRUE
хуплашка,xuplaʃka,xup.laʃ.ka,3,FFF,66,TRUE
хуплашкаллӑ,xuplaʃkallɵ,xup.laʃ.kal.lɵ,4,FFFR,120,TRUE
хуплаштар,xuplaʃtar,xup.laʃ.tar,3,FFF,,FALSE
хуплӑ,xuplɵ,xup.lɵ,2,FR,15,TRUE
хуплу,xuplu,xup.lu,2,FF,199,TRUE
хуптар,xuptar,xup.tar,2,FF,7,TRUE
хуптӗр,xuptør,xup.tør,2,FR,,FALSE
хуптӗрле,xuptørle,xup.tør.le,3,FRF,,FALSE
хуптӗрлен,xuptørlen,xup.tør.len,3,FRF,,FALSE
хуптӗрлӗх,xuptørløx,xup.tør.løx,3,FRR,,FALSE
хур,xur,xur,1,F,3426,TRUE
хуркӑвакал,xurkɵʋakal,xur.kɵ.ʋa.kal,4,FRFF,7,TRUE
хура,xura,xu.ra,2,FF,15654,TRUE
хурамара,xuramara,xu.ra.ma.ra,4,FFFF,1,TRUE
хурашур,xuraʃur,xu.ra.ʃur,3,FFF,,FALSE
хурашурӑ,xuraʃurɵ,xu.ra.ʃu.rɵ,4,FFFR,4,TRUE
хурав,xuraʋ,xu.raʋ,2,FF,1551,TRUE
хуравӑш,xuraʋɵʃ,xu.ra.ʋɵʃ,3,FFR,,FALSE
хуравла,xuraʋla,xu.raʋ.la,3,FFF,23,TRUE
хуравлаш,xuraʋlaʃ,xu.raʋ.laʃ,3,FFF,1,TRUE
хурал,xural,xu.ral,2,FF,1374,TRUE
хуралла,xuralla,xu.ral.la,3,FFF,18,TRUE
хуралҫӑ,xuralɕɵ,xu.ral.ɕɵ,3,FFR,733,TRUE
хуралтӑ,xuraltɵ,xu.ral.tɵ,3,FFR,284,TRUE
хурама,xurama,xu.ra.ma,3,FFF,607,TRUE
хурамала,xuramala,xu.ra.ma.la,4,FFFF,17,TRUE
хурамалӑх,xuramalɵx,xu.ra.ma.lɵx,4,FFFR,14,TRUE
хурамкка,xuramkka,xu.ramk.ka,3,FFF,11,TRUE
хуран,xuran,xu.ran,2,FF,651,TRUE
хуранчӑк,xurantɕɵk,xu.ran.tɕɵk,3,FFR,5,TRUE
хурапла,xurapla,xu.rap.la,3,FFF,,FALSE
хурат,xurat,xu.rat,2,FF,20,TRUE
хураттар,xurattar,xu.rat.tar,3,FFF,,FALSE
хурах,xurax,xu.rax,2,FF,951,TRUE
хурахла,xuraxla,xu.rax.la,3,FFF,180,TRUE
хурахлат,xuraxlat,xu.rax.lat,3,FFF,,FALSE
хурӑн,xurɵn,xu.rɵn,2,FR,2558,TRUE
хурӑнлӑ,xurɵnlɵ,xu.rɵn.lɵ,3,FRR,83,TRUE
хурӑнлӑх,xurɵnlɵx,xu.rɵn.lɵx,3,FRR,137,TRUE
хурӑнсар,xurɵnsar,xu.rɵn.sar,3,FRF,13,TRUE
хурӑнташ,xurɵntaʃ,xu.rɵn.taʃ,3,FRF,397,TRUE
хурӑнташӑру,xurɵntaʃɵru,xu.rɵn.ta.ʃɵ.ru,5,FRFRF,,FALSE
хурӑнташӑрусӑр,xurɵntaʃɵrusɵr,xu.rɵn.ta.ʃɵ.ru.sɵr,6,FRFRFR,,FALSE
хурӑнташвӗрле,xurɵntaʃʋørle,xu.rɵn.taʃ.ʋør.le,5,FRFRF,,FALSE
хурӑнташтӑван,xurɵntaʃtɵʋan,xu.rɵn.taʃ.tɵ.ʋan,5,FRFRF,,FALSE
хурӑнташла,xurɵntaʃla,xu.rɵn.taʃ.la,4,FRFF,1,TRUE
хурӑнташлан,xurɵntaʃlan,xu.rɵn.taʃ.lan,4,FRFF,,FALSE
хурӑнташлӑ,xurɵntaʃlɵ,xu.rɵn.taʃ.lɵ,4,FRFR,64,TRUE
хурӑнташлӑх,xurɵntaʃlɵx,xu.rɵn.taʃ.lɵx,4,FRFR,17,TRUE
хурӑҫ,xurɵɕ,xu.rɵɕ,2,FR,30,TRUE
хуркайӑк,xurkajɵk,xur.ka.jɵk,3,FFR,143,TRUE
хурла,xurla,xur.la,2,FF,50,TRUE
хурлан,xurlan,xur.lan,2,FF,111,TRUE
хурланӑҫ,xurlanɵɕ,xur.la.nɵɕ,3,FFR,,FALSE
хурлантар,xurlantar,xur.lan.tar,3,FFF,4,TRUE
хурлану,xurlanu,xur.la.nu,3,FFF,42,TRUE
хурлануллӑ,xurlanullɵ,xur.la.nul.lɵ,4,FFFR,1,TRUE
хурланусӑр,xurlanusɵr,xur.la.nu.sɵr,4,FFFR,,FALSE
хурланчӑк,xurlantɕɵk,xur.lan.tɕɵk,3,FFR,27,TRUE
хурланчӑклӑ,xurlantɕɵklɵ,xur.lan.tɕɵk.lɵ,4,FFRR,1,TRUE
хурланчӑклӑн,xurlantɕɵklɵn,xur.lan.tɕɵk.lɵn,4,FFRR,2,TRUE
хурлахлӑн,xurlaxlɵn,xur.lax.lɵn,3,FFR,,FALSE
хурлӑ,xurlɵ,xur.lɵ,2,FR,226,TRUE
хурлӑн,xurlɵn,xur.lɵn,2,FR,81,TRUE
хурлӑх,xurlɵx,xur.lɵx,2,FR,744,TRUE
хурлӑхан,xurlɵxan,xur.lɵ.xan,3,FRF,460,TRUE
хурлӑханлӑх,xurlɵxanlɵx,xur.lɵ.xan.lɵx,4,FRFR,,FALSE
хурлӑхлӑ,xurlɵxlɵ,xur.lɵx.lɵ,3,FRR,970,TRUE
хурма,xurma,xur.ma,2,FF,37,TRUE
хурман,xurman,xur.man,2,FF,5,TRUE
хурсӑ,xursɵ,xur.sɵ,2,FR,2,TRUE
хурҫӑ,xurɕɵ,xur.ɕɵ,2,FR,768,TRUE
хурҫӑла,xurɕɵla,xur.ɕɵ.la,3,FRF,,FALSE
хурт,xurt,xurt,1,F,1384,TRUE
хурткӑпшанкӑ,xurtkɵpʃankɵ,xurt.kɵp.ʃan.kɵ,4,FRFR,21,TRUE
хуртхӑмӑр,xurtxɵmɵr,xurt.xɵ.mɵr,3,FRR,3,TRUE
хурта,xurta,xur.ta,2,FF,19,TRUE
хурталлӑ,xurtallɵ,xur.tal.lɵ,3,FFR,14,TRUE
хуртар,xurtar,xur.tar,2,FF,,FALSE
хурткуҫҫи,xurtkuɕɕi,xurt.kuɕ.ɕi,3,FFF,9,TRUE
хуртлан,xurtlan,xurt.lan,2,FF,,FALSE
хуртлантар,xurtlantar,xurt.lan.tar,3,FFF,,FALSE
хуртлӑ,xurtlɵ,xurt.lɵ,2,FR,23,TRUE
хуртпуҫҫи,xurtpuɕɕi,xurt.puɕ.ɕi,3,FFF,13,TRUE
хуртҫӑ,xurtɕɵ,xur.tɕɵ,2,FR,,FALSE
хуру,xuru,xu.ru,2,FF,1,TRUE
хурхух,xurxux,xur.xux,2,FF,10,TRUE
хурчка,xurtɕka,xurtɕ.ka,2,FF,176,TRUE
хурчкаҫӑхан,xurtɕkaɕɵxan,xurtɕ.ka.ɕɵ.xan,4,FFRF,,FALSE
хурчкахӗрен,xurtɕkaxøren,xurtɕ.ka.xø.ren,4,FFRF,,FALSE
хурчкалла,xurtɕkalla,xurtɕ.kal.la,3,FFF,,FALSE
хус,xus,xus,1,F,19,TRUE
хусах,xusax,xu.sax,2,FF,756,TRUE
хусахӑн,xusaxɵn,xu.sa.xɵn,3,FFR,27,TRUE
хусахла,xusaxla,xu.sax.la,3,FFF,17,TRUE
хусӑк,xusɵk,xu.sɵk,2,FR,10,TRUE
хусӑкла,xusɵkla,xu.sɵk.la,3,FRF,,FALSE
хусӑклан,xusɵklan,xu.sɵk.lan,3,FRF,,FALSE
хусӑклаттар,xusɵklattar,xu.sɵk.lat.tar,4,FRFF,,FALSE
хускав,xuskaʋ,xus.kaʋ,2,FF,7,TRUE
хускавлӑ,xuskaʋlɵ,xus.kaʋ.lɵ,3,FFR,2,TRUE
хускавсӑр,xuskaʋsɵr,xus.kaʋ.sɵr,3,FFR,4,TRUE
хускал,xuskal,xus.kal,2,FF,38,TRUE
хускалтар,xuskaltar,xus.kal.tar,3,FFF,,FALSE
хускан,xuskan,xus.kan,2,FF,4,TRUE
хускантар,xuskantar,xus.kan.tar,3,FFF,,FALSE
хускану,xuskanu,xus.ka.nu,3,FFF,299,TRUE
хусканулӑх,xuskanulɵx,xus.ka.nu.lɵx,4,FFFR,,FALSE
хускануллӑ,xuskanullɵ,xus.ka.nul.lɵ,4,FFFR,21,TRUE
хусканусӑр,xuskanusɵr,xus.ka.nu.sɵr,4,FFFR,11,TRUE
хусканусӑрлӑх,xuskanusɵrlɵx,xus.ka.nu.sɵr.lɵx,5,FFFRR,,FALSE
хускат,xuskat,xus.kat,2,FF,39,TRUE
хуҫ,xuɕ,xuɕ,1,F,88,TRUE
хуҫа,xuɕa,xu.ɕa,2,FF,3788,TRUE
хуҫалан,xuɕalan,xu.ɕa.lan,3,FFF,9,TRUE
хуҫалантар,xuɕalantar,xu.ɕa.lan.tar,4,FFFF,,FALSE
хуҫалӑх,xuɕalɵx,xu.ɕa.lɵx,3,FFR,8852,TRUE
хуҫалла,xuɕalla,xu.ɕal.la,3,FFF,33,TRUE
хуҫаллӑ,xuɕallɵ,xu.ɕal.lɵ,3,FFR,10,TRUE
хуҫасӑр,xuɕasɵr,xu.ɕa.sɵr,3,FFR,241,TRUE
хуҫасӑрлат,xuɕasɵrlat,xu.ɕa.sɵr.lat,4,FFRF,,FALSE
хуҫасӑрлӑх,xuɕasɵrlɵx,xu.ɕa.sɵr.lɵx,4,FFRR,4,TRUE
хуҫӑк,xuɕɵk,xu.ɕɵk,2,FR,181,TRUE
хуҫӑклӑ,xuɕɵklɵ,xu.ɕɵk.lɵ,3,FRR,,FALSE
хуҫӑл,xuɕɵl,xu.ɕɵl,2,FR,78,TRUE
хуҫкалан,xuɕkalan,xuɕ.ka.lan,3,FFF,6,TRUE
хуҫкалантар,xuɕkalantar,xuɕ.ka.lan.tar,4,FFFF,,FALSE
хуҫкаланчӑк,xuɕkalantɕɵk,xuɕ.ka.lan.tɕɵk,4,FFFR,3,TRUE
хуҫла,xuɕla,xuɕ.la,2,FF,,FALSE
хуҫлам,xuɕlam,xuɕ.lam,2,FF,1,TRUE
хуҫлан,xuɕlan,xuɕ.lan,2,FF,,FALSE
хуҫланчӑк,xuɕlantɕɵk,xuɕ.lan.tɕɵk,3,FFR,2,TRUE
хуҫланчӑклӑ,xuɕlantɕɵklɵ,xuɕ.lan.tɕɵk.lɵ,4,FFRR,,FALSE
хуҫлат,xuɕlat,xuɕ.lat,2,FF,1,TRUE
хуҫлӑм,xuɕlɵm,xuɕ.lɵm,2,FR,,FALSE
хуҫмалла,xuɕmalla,xuɕ.mal.la,3,FFF,38,TRUE
хуҫтар,xuɕtar,xuɕ.tar,2,FF,,FALSE
хут,xut,xut,1,F,38687,TRUE
хута,xuta,xu.ta,2,FF,5117,TRUE
хутав,xutaʋ,xu.taʋ,2,FF,6,TRUE
хутаҫ,xutaɕ,xu.taɕ,2,FF,522,TRUE
хутаҫлан,xutaɕlan,xu.taɕ.lan,3,FFF,,FALSE
хутаҫлӑ,xutaɕlɵ,xu.taɕ.lɵ,3,FFR,29,TRUE
хутахай,xutaxaj,xu.ta.xaj,3,FFF,4,TRUE
хутахӑш,xutaxɵʃ,xu.ta.xɵʃ,3,FFR,,FALSE
хутӑр,xutɵr,xu.tɵr,2,FR,134,TRUE
хутӑруҫҫи,xutɵruɕɕi,xu.tɵ.ruɕ.ɕi,4,FRFF,1,TRUE
хутӑш,xutɵʃ,xu.tɵʃ,2,FR,818,TRUE
хутӑшлӑ,xutɵʃlɵ,xu.tɵʃ.lɵ,3,FRR,18,TRUE
хутӑштар,xutɵʃtar,xu.tɵʃ.tar,3,FRF,5,TRUE
хутӑштару,xutɵʃtaru,xu.tɵʃ.ta.ru,4,FRFF,,FALSE
хуткупӑс,xutkupɵs,xut.ku.pɵs,3,FFR,274,TRUE
хутла,xutla,xut.la,2,FF,210,TRUE
хутлам,xutlam,xut.lam,2,FF,34,TRUE
хутламхутлам,xutlamxutlam,xut.lam.xut.lam,4,FFFF,,FALSE
хутлами,xutlami,xut.la.mi,3,FFF,,FALSE
хутламлан,xutlamlan,xut.lam.lan,3,FFF,,FALSE
хутламлӑ,xutlamlɵ,xut.lam.lɵ,3,FFR,5,TRUE
хутлан,xutlan,xut.lan,2,FF,4,TRUE
хутлантар,xutlantar,xut.lan.tar,3,FFF,,FALSE
хутланчӑк,xutlantɕɵk,xut.lan.tɕɵk,3,FFR,4,TRUE
хутлат,xutlat,xut.lat,2,FF,3,TRUE
хутлаттар,xutlattar,xut.lat.tar,3,FFF,,FALSE
хутлӑ,xutlɵ,xut.lɵ,2,FR,1832,TRUE
хутлӑх,xutlɵx,xut.lɵx,2,FR,100,TRUE
хутлӑхран,xutlɵxran,xut.lɵx.ran,3,FRF,7,TRUE
хутлӗх,xutløx,xut.løx,2,FR,6,TRUE
хутпӗлменлӗх,xutpølmenløx,xut.pøl.men.løx,4,FRFR,4,TRUE
хутра,xutra,xut.ra,2,FF,1019,TRUE
хутранхутран,xutranxutran,xut.ran.xut.ran,4,FFFF,,FALSE
хутсӑр,xutsɵr,xu.tsɵr,2,FR,44,TRUE
хуттар,xuttar,xut.tar,2,FF,2,TRUE
хутшӑн,xutʃɵn,xu.tʃɵn,2,FR,53,TRUE
хутшӑнтар,xutʃɵntar,xu.tʃɵn.tar,3,FRF,5,TRUE
хутшӑну,xutʃɵnu,xu.tʃɵ.nu,3,FRF,392,TRUE
хутшӑнчӑк,xutʃɵntɕɵk,xu.tʃɵn.tɕɵk,3,FRR,,FALSE
хуть,xutʲ,xutʲ,1,F,1777,TRUE
хух,xux,xux,1,F,7,TRUE
хухӑ,xuxɵ,xu.xɵ,2,FR,2,TRUE
хухӑр,xuxɵr,xu.xɵr,2,FR,,FALSE
хухтар,xuxtar,xux.tar,2,FF,,FALSE
хучавлӑ,xutɕaʋlɵ,xu.tɕaʋ.lɵ,3,FFR,,FALSE
хуш,xuʃ,xuʃ,1,F,229,TRUE
хушамат,xuʃamat,xu.ʃa.mat,3,FFF,644,TRUE
хушӑ,xuʃɵ,xu.ʃɵ,2,FR,1898,TRUE
хушӑк,xuʃɵk,xu.ʃɵk,2,FR,67,TRUE
хушӑкҫурӑк,xuʃɵkɕurɵk,xu.ʃɵk.ɕu.rɵk,4,FRFR,,FALSE
хушӑкҫурӑклӑ,xuʃɵkɕurɵklɵ,xu.ʃɵk.ɕu.rɵk.lɵ,5,FRFRR,,FALSE
хушӑклӑ,xuʃɵklɵ,xu.ʃɵk.lɵ,3,FRR,2,TRUE
хушӑм,xuʃɵm,xu.ʃɵm,2,FR,70,TRUE
хушӑмлӑ,xuʃɵmlɵ,xu.ʃɵm.lɵ,3,FRR,9,TRUE
хушӑн,xuʃɵn,xu.ʃɵn,2,FR,36,TRUE
хушӑнтар,xuʃɵntar,xu.ʃɵn.tar,3,FRF,,FALSE
хушӑран,xuʃɵran,xu.ʃɵ.ran,3,FRF,905,TRUE
хушӑри,xuʃɵri,xu.ʃɵ.ri,3,FRF,99,TRUE
хушка,xuʃka,xuʃ.ka,2,FF,157,TRUE
хушкалан,xuʃkalan,xuʃ.ka.lan,3,FFF,,FALSE
хушкалантар,xuʃkalantar,xuʃ.ka.lan.tar,4,FFFF,,FALSE
хушкӑч,xuʃkɵtɕ,xuʃ.kɵtɕ,2,FR,12,TRUE
хушлӑх,xuʃlɵx,xuʃ.lɵx,2,FR,18,TRUE
хушма,xuʃma,xuʃ.ma,2,FF,3375,TRUE
хушмалчӑ,xuʃmaltɕɵ,xuʃ.mal.tɕɵ,3,FFR,,FALSE
хушмач,xuʃmatɕ,xuʃ.matɕ,2,FF,,FALSE
хушпу,xuʃpu,xuʃ.pu,2,FF,290,TRUE
хуштар,xuʃtar,xuʃ.tar,2,FF,,FALSE
хушу,xuʃu,xu.ʃu,2,FF,519,TRUE
хушуллӑ,xuʃullɵ,xu.ʃul.lɵ,3,FFR,2,TRUE
хушшӑнхушшӑн,xuʃʃɵnxuʃʃɵn,xuʃ.ʃɵn.xuʃ.ʃɵn,4,FRFR,2,TRUE
хӳ,xy,xy,1,F,21,TRUE
хӳкле,xykle,xyk.le,2,FF,3,TRUE
хӳлт,xylt,xylt,1,F,3,TRUE
хӳлтӗр,xyltør,xyl.tør,2,FR,4,TRUE
хӳлтлет,xyltlet,xylt.let,2,FF,,FALSE
хӳлтлеттер,xyltletter,xylt.let.ter,3,FFF,,FALSE
хӳме,xyme,xy.me,2,FF,715,TRUE
хӳмеллӗ,xymellø,xy.mel.lø,3,FFR,24,TRUE
хӳнхурла,xynxurla,xyn.xur.la,3,FFF,,FALSE
хӳне,xyne,xy.ne,2,FF,2,TRUE
хӳнк,xynk,xynk,1,F,,FALSE
хӳнкӗр,xynkør,xyn.kør,2,FR,,FALSE
хӳнкӗртет,xynkørtet,xyn.kør.tet,3,FRF,,FALSE
хӳнкӗртеттер,xynkørtetter,xyn.kør.tet.ter,4,FRFF,,FALSE
хӳнклет,xynklet,xynk.let,2,FF,,FALSE
хӳнклеттер,xynkletter,xynk.let.ter,3,FFF,,FALSE
хӳнтлет,xyntlet,xynt.let,2,FF,,FALSE
хӳре,xyre,xy.re,2,FF,372,TRUE
хӳреллӗ,xyrellø,xy.rel.lø,3,FFR,191,TRUE
хӳресӗр,xyresør,xy.re.sør,3,FFR,27,TRUE
хӳрешке,xyreʃke,xy.reʃ.ke,3,FFF,5,TRUE
хӳтевсӗр,xyteʋsør,xy.teʋ.sør,3,FFR,2,TRUE
хӳтер,xyter,xy.ter,2,FF,3,TRUE
хӳтӗ,xytø,xy.tø,2,FR,127,TRUE
хӳтӗле,xytøle,xy.tø.le,3,FRF,26,TRUE
хӳтӗлев,xytøleʋ,xy.tø.leʋ,3,FRF,385,TRUE
хӳтӗлевҫӗ,xytøleʋɕø,xy.tø.leʋ.ɕø,4,FRFR,95,TRUE
хӳтӗлен,xytølen,xy.tø.len,3,FRF,19,TRUE
хӳтӗлеттер,xytøletter,xy.tø.let.ter,4,FRFF,1,TRUE
хӳтӗлӗх,xytøløx,xy.tø.løx,3,FRR,11,TRUE
хӳтӗсӗр,xytøsør,xy.tø.sør,3,FRR,4,TRUE
хӳтӗсӗрлӗх,xytøsørløx,xy.tø.sør.løx,4,FRRR,,FALSE
хӳтлӗхлӗ,xytløxlø,xyt.løx.lø,3,FRR,9,TRUE
хӳтлӗхсӗр,xytløxsør,xyt.løx.sør,3,FRR,114,TRUE
хӳтлӗхсӗрлӗх,xytløxsørløx,xyt.løx.sør.løx,4,FRRR,,FALSE
хӳхӗ,xyxø,xy.xø,2,FR,,FALSE
хӳхӗм,xyxøm,xy.xøm,2,FR,792,TRUE
хӳхӗмлен,xyxømlen,xy.xøm.len,3,FRF,,FALSE
хӳхле,xyxle,xyx.le,2,FF,18,TRUE
хӳхлев,xyxleʋ,xyx.leʋ,2,FF,37,TRUE
хӳхлеттер,xyxletter,xyx.let.ter,3,FFF,,FALSE
хӳшӗ,xyʃø,xy.ʃø,2,FR,133,TRUE
хыв,xʉʋ,xʉʋ,1,F,143,TRUE
хывӑн,xʉʋɵn,xʉ.ʋɵn,2,FR,77,TRUE
хывӑнтар,xʉʋɵntar,xʉ.ʋɵn.tar,3,FRF,1,TRUE
хывӑх,xʉʋɵx,xʉ.ʋɵx,2,FR,92,TRUE
хывӑхлӑ,xʉʋɵxlɵ,xʉ.ʋɵx.lɵ,3,FRR,6,TRUE
хывӑхсӑр,xʉʋɵxsɵr,xʉ.ʋɵx.sɵr,3,FRR,4,TRUE
хывтар,xʉʋtar,xʉʋ.tar,2,FF,2,TRUE
хылчӑк,xʉltɕɵk,xʉl.tɕɵk,2,FR,12,TRUE
хылчӑкла,xʉltɕɵkla,xʉl.tɕɵk.la,3,FRF,,FALSE
хылчӑклан,xʉltɕɵklan,xʉl.tɕɵk.lan,3,FRF,,FALSE
хылчӑклӑ,xʉltɕɵklɵ,xʉl.tɕɵk.lɵ,3,FRR,4,TRUE
хылчӑксӑр,xʉltɕɵksɵr,xʉl.tɕɵk.sɵr,3,FRR,2,TRUE
хып,xʉp,xʉp,1,F,18,TRUE
хыпала,xʉpala,xʉ.pa.la,3,FFF,9,TRUE
хыпалан,xʉpalan,xʉ.pa.lan,3,FFF,21,TRUE
хыпалантар,xʉpalantar,xʉ.pa.lan.tar,4,FFFF,1,TRUE
хыпаланчӑк,xʉpalantɕɵk,xʉ.pa.lan.tɕɵk,4,FFFR,20,TRUE
хыпаланчӑклӑ,xʉpalantɕɵklɵ,xʉ.pa.lan.tɕɵk.lɵ,5,FFFRR,,FALSE
хыпар,xʉpar,xʉ.par,2,FF,12365,TRUE
хыпархӑнар,xʉparxɵnar,xʉ.par.xɵ.nar,4,FFRF,1,TRUE
хыпарла,xʉparla,xʉ.par.la,3,FFF,34,TRUE
хыпарсӑр,xʉparsɵr,xʉ.par.sɵr,3,FFR,572,TRUE
хыпарҫӑ,xʉparɕɵ,xʉ.par.ɕɵ,3,FFR,48,TRUE
хыпашла,xʉpaʃla,xʉ.paʃ.la,3,FFF,39,TRUE
хыпашлав,xʉpaʃlaʋ,xʉ.paʃ.laʋ,3,FFF,3,TRUE
хыпӑн,xʉpɵn,xʉ.pɵn,2,FR,12,TRUE
хыпӑнтар,xʉpɵntar,xʉ.pɵn.tar,3,FRF,2,TRUE
хыпӑнчӑк,xʉpɵntɕɵk,xʉ.pɵn.tɕɵk,3,FRR,9,TRUE
хыпкалан,xʉpkalan,xʉp.ka.lan,3,FFF,2,TRUE
хыпкалантар,xʉpkalantar,xʉp.ka.lan.tar,4,FFFF,,FALSE
хыпкаланчӑк,xʉpkalantɕɵk,xʉp.ka.lan.tɕɵk,4,FFFR,4,TRUE
хыпкӑн,xʉpkɵn,xʉp.kɵn,2,FR,,FALSE
хыпкӑнлан,xʉpkɵnlan,xʉp.kɵn.lan,3,FRF,1,TRUE
хыпкӑч,xʉpkɵtɕ,xʉp.kɵtɕ,2,FR,6,TRUE
хыпкӑчла,xʉpkɵtɕla,xʉp.kɵtɕ.la,3,FRF,,FALSE
хыппи,xʉppi,xʉp.pi,2,FF,25,TRUE
хыптар,xʉptar,xʉp.tar,2,FF,5,TRUE
хыптармӑш,xʉptarmɵʃ,xʉp.tar.mɵʃ,3,FFR,11,TRUE
хыпчӑк,xʉptɕɵk,xʉp.tɕɵk,2,FR,,FALSE
хыр,xʉr,xʉr,1,F,1001,TRUE
хырчӑрӑш,xʉrtɕɵrɵʃ,xʉr.tɕɵ.rɵʃ,3,FRR,,FALSE
хырӑм,xʉrɵm,xʉ.rɵm,2,FR,1758,TRUE
хырӑмай,xʉrɵmaj,xʉ.rɵ.maj,3,FRF,9,TRUE
хырӑмайлӑх,xʉrɵmajlɵx,xʉ.rɵ.maj.lɵx,4,FRFR,1,TRUE
хырӑмламас,xʉrɵmlamas,xʉ.rɵm.la.mas,4,FRFF,7,TRUE
хырӑмлан,xʉrɵmlan,xʉ.rɵm.lan,3,FRF,,FALSE
хырӑмлӑ,xʉrɵmlɵ,xʉ.rɵm.lɵ,3,FRR,145,TRUE
хырӑмлӑх,xʉrɵmlɵx,xʉ.rɵm.lɵx,3,FRR,160,TRUE
хырӑмсалӑх,xʉrɵmsalɵx,xʉ.rɵm.sa.lɵx,4,FRFR,1,TRUE
хырӑн,xʉrɵn,xʉ.rɵn,2,FR,31,TRUE
хырӑнтар,xʉrɵntar,xʉ.rɵn.tar,3,FRF,,FALSE
хыркӑн,xʉrkɵn,xʉr.kɵn,2,FR,,FALSE
хыркӑч,xʉrkɵtɕ,xʉr.kɵtɕ,2,FR,13,TRUE
хыркӑчла,xʉrkɵtɕla,xʉr.kɵtɕ.la,3,FRF,1,TRUE
хыркук,xʉrkuk,xʉr.kuk,2,FF,7,TRUE
хырлӑх,xʉrlɵx,xʉr.lɵx,2,FR,167,TRUE
хырмачлан,xʉrmatɕlan,xʉr.matɕ.lan,3,FFF,,FALSE
хырҫӑ,xʉrɕɵ,xʉr.ɕɵ,2,FR,263,TRUE
хырҫӑмарҫӑ,xʉrɕɵmarɕɵ,xʉr.ɕɵ.mar.ɕɵ,4,FRFR,,FALSE
хыртар,xʉrtar,xʉr.tar,2,FF,4,TRUE
хыс,xʉs,xʉs,1,F,24,TRUE
хыса,xʉsa,xʉ.sa,2,FF,16,TRUE
хысак,xʉsak,xʉ.sak,2,FF,23,TRUE
хысаклӑ,xʉsaklɵ,xʉ.sak.lɵ,3,FFR,10,TRUE
хыскалчӑ,xʉskaltɕɵ,xʉs.kal.tɕɵ,3,FFR,,FALSE
хыскалчӑллӑ,xʉskaltɕɵllɵ,xʉs.kal.tɕɵl.lɵ,4,FFRR,,FALSE
хысма,xʉsma,xʉs.ma,2,FF,3,TRUE
хысмалан,xʉsmalan,xʉs.ma.lan,3,FFF,,FALSE
хысна,xʉsna,xʉs.na,2,FF,361,TRUE
хыҫ,xʉɕ,xʉɕ,1,F,64,TRUE
хыҫахыҫӑн,xʉɕaxʉɕɵn,xʉ.ɕa.xʉ.ɕɵn,4,FFFR,,FALSE
хыҫал,xʉɕal,xʉ.ɕal,2,FF,68,TRUE
хыҫала,xʉɕala,xʉ.ɕa.la,3,FFF,175,TRUE
хыҫалалла,xʉɕalalla,xʉ.ɕa.lal.la,4,FFFF,433,TRUE
хыҫалан,xʉɕalan,xʉ.ɕa.lan,3,FFF,1,TRUE
хыҫалта,xʉɕalta,xʉ.ɕal.ta,3,FFF,436,TRUE
хыҫалтан,xʉɕaltan,xʉ.ɕal.tan,3,FFF,772,TRUE
хыҫалти,xʉɕalti,xʉ.ɕal.ti,3,FFF,634,TRUE
хыҫӗнчи,xʉɕøntɕi,xʉ.ɕøn.tɕi,3,FRF,565,TRUE
хыҫкалан,xʉɕkalan,xʉɕ.ka.lan,3,FFF,1,TRUE
хыҫкалантар,xʉɕkalantar,xʉɕ.ka.lan.tar,4,FFFF,,FALSE
хыҫлӑ,xʉɕlɵ,xʉɕ.lɵ,2,FR,444,TRUE
хыҫрам,xʉɕram,xʉɕ.ram,2,FF,1,TRUE
хыҫран,xʉɕran,xʉɕ.ran,2,FF,551,TRUE
хыҫсӑмах,xʉɕsɵmax,xʉɕ.sɵ.max,3,FRF,40,TRUE
хыҫсӑр,xʉɕsɵr,xʉɕ.sɵr,2,FR,38,TRUE
хыҫҫӑн,xʉɕɕɵn,xʉɕ.ɕɵn,2,FR,44312,TRUE
хыҫҫӑнхи,xʉɕɕɵnxi,xʉɕ.ɕɵn.xi,3,FRF,1048,TRUE
хыҫтар,xʉɕtar,xʉɕ.tar,2,FF,,FALSE
хыт,xʉt,xʉt,1,F,827,TRUE
хытхура,xʉtxura,xʉt.xu.ra,3,FFF,57,TRUE
хытак,xʉtak,xʉ.tak,2,FF,,FALSE
хытанка,xʉtanka,xʉ.tan.ka,3,FFF,89,TRUE
хытар,xʉtar,xʉ.tar,2,FF,35,TRUE
хытаркӑч,xʉtarkɵtɕ,xʉ.tar.kɵtɕ,3,FFR,5,TRUE
хытарттар,xʉtarttar,xʉ.tart.tar,3,FFF,,FALSE
хытӑ,xʉtɵ,xʉ.tɵ,2,FR,6042,TRUE
хытӑхӑтӑ,xʉtɵxɵtɵ,xʉ.tɵ.xɵ.tɵ,4,FRRR,,FALSE
хытӑлӑх,xʉtɵlɵx,xʉ.tɵ.lɵx,3,FRR,12,TRUE
хытӑлла,xʉtɵlla,xʉ.tɵl.la,3,FRF,5,TRUE
хытӑллӑ,xʉtɵllɵ,xʉ.tɵl.lɵ,3,FRR,2,TRUE
хытӑрка,xʉtɵrka,xʉ.tɵr.ka,3,FRF,1,TRUE
хытӑркалан,xʉtɵrkalan,xʉ.tɵr.ka.lan,4,FRFF,,FALSE
хытӑрла,xʉtɵrla,xʉ.tɵr.la,3,FRF,,FALSE
хыткан,xʉtkan,xʉt.kan,2,FF,213,TRUE
хытлӑх,xʉtlɵx,xʉt.lɵx,2,FR,2,TRUE
хыттӑн,xʉttɵn,xʉt.tɵn,2,FR,2506,TRUE
хышалан,xʉʃalan,xʉ.ʃa.lan,3,FFF,,FALSE
чав,tɕaʋ,tɕaʋ,1,F,64,TRUE
чавала,tɕaʋala,tɕa.ʋa.la,3,FFF,2,TRUE
чавалан,tɕaʋalan,tɕa.ʋa.lan,3,FFF,2,TRUE
чавалантар,tɕaʋalantar,tɕa.ʋa.lan.tar,4,FFFF,,FALSE
чаваланчӑк,tɕaʋalantɕɵk,tɕa.ʋa.lan.tɕɵk,4,FFFR,,FALSE
чавалаттар,tɕaʋalattar,tɕa.ʋa.lat.tar,4,FFFF,,FALSE
чавалаш,tɕaʋalaʃ,tɕa.ʋa.laʃ,3,FFF,,FALSE
чавӑн,tɕaʋɵn,tɕa.ʋɵn,2,FR,,FALSE
чавка,tɕaʋka,tɕaʋ.ka,2,FF,42,TRUE
чавкаттар,tɕaʋkattar,tɕaʋ.kat.tar,3,FFF,,FALSE
чавкӑн,tɕaʋkɵn,tɕaʋ.kɵn,2,FR,,FALSE
чавса,tɕaʋsa,tɕaʋ.sa,2,FF,1299,TRUE
чавсавай,tɕaʋsaʋaj,tɕaʋ.sa.ʋaj,3,FFF,3,TRUE
чавсала,tɕaʋsala,tɕaʋ.sa.la,3,FFF,,FALSE
чавсалан,tɕaʋsalan,tɕaʋ.sa.lan,3,FFF,1,TRUE
чавтар,tɕaʋtar,tɕaʋ.tar,2,FF,10,TRUE
чайӑлтат,tɕajɵltat,tɕa.jɵl.tat,3,FRF,,FALSE
чайнӑй,tɕajnɵj,tɕaj.nɵj,2,FR,32,TRUE
чайхана,tɕajxana,tɕaj.xa.na,3,FFF,13,TRUE
чак,tɕak,tɕak,1,F,389,TRUE
чакак,tɕakak,tɕa.kak,2,FF,228,TRUE
чакаклат,tɕakaklat,tɕa.kak.lat,3,FFF,,FALSE
чакала,tɕakala,tɕa.ka.la,3,FFF,1,TRUE
чакалан,tɕakalan,tɕa.ka.lan,3,FFF,3,TRUE
чакаланчӑк,tɕakalantɕɵk,tɕa.ka.lan.tɕɵk,4,FFFR,,FALSE
чакалаш,tɕakalaʃ,tɕa.ka.laʃ,3,FFF,,FALSE
чакан,tɕakan,tɕa.kan,2,FF,25,TRUE
чакар,tɕakar,tɕa.kar,2,FF,26,TRUE
чакарт,tɕakart,tɕa.kart,2,FF,,FALSE
чакарттар,tɕakarttar,tɕa.kart.tar,3,FFF,,FALSE
чакӑл,tɕakɵl,tɕa.kɵl,2,FR,34,TRUE
чакӑлчакӑл,tɕakɵltɕakɵl,tɕa.kɵl.tɕa.kɵl,4,FRFR,,FALSE
чакӑлт,tɕakɵlt,tɕa.kɵlt,2,FR,2,TRUE
чакӑлтат,tɕakɵltat,tɕa.kɵl.tat,3,FRF,,FALSE
чакӑлтӑк,tɕakɵltɵk,tɕa.kɵl.tɵk,3,FRR,,FALSE
чакӑлти,tɕakɵlti,tɕa.kɵl.ti,3,FRF,5,TRUE
чакӑр,tɕakɵr,tɕa.kɵr,2,FR,489,TRUE
чакӑрлан,tɕakɵrlan,tɕa.kɵr.lan,3,FRF,,FALSE
чакӑрт,tɕakɵrt,tɕa.kɵrt,2,FR,1,TRUE
чакӑртат,tɕakɵrtat,tɕa.kɵr.tat,3,FRF,,FALSE
чакӑртаттар,tɕakɵrtattar,tɕa.kɵr.tat.tar,4,FRFF,,FALSE
чаклат,tɕaklat,tɕak.lat,2,FF,,FALSE
чаклаттар,tɕaklattar,tɕak.lat.tar,3,FFF,,FALSE
чакма,tɕakma,tɕak.ma,2,FF,346,TRUE
чактар,tɕaktar,tɕak.tar,2,FF,,FALSE
чал,tɕal,tɕal,1,F,80,TRUE
чалак,tɕalak,tɕa.lak,2,FF,19,TRUE
чалаклан,tɕalaklan,tɕa.lak.lan,3,FFF,,FALSE
чалам,tɕalam,tɕa.lam,2,FF,,FALSE
чалар,tɕalar,tɕa.lar,2,FF,,FALSE
чалаштӗлӗш,tɕalaʃtøløʃ,tɕa.laʃ.tø.løʃ,4,FFRR,,FALSE
чалӑмла,tɕalɵmla,tɕa.lɵm.la,3,FRF,,FALSE
чалӑр,tɕalɵr,tɕa.lɵr,2,FR,,FALSE
чалӑрт,tɕalɵrt,tɕa.lɵrt,2,FR,,FALSE
чалӑх,tɕalɵx,tɕa.lɵx,2,FR,2,TRUE
чалӑш,tɕalɵʃ,tɕa.lɵʃ,2,FR,302,TRUE
чалӑштӗлӗшлен,tɕalɵʃtøløʃlen,tɕa.lɵʃ.tø.løʃ.len,5,FRRRF,,FALSE
чалӑшчӗлӗш,tɕalɵʃtɕøløʃ,tɕa.lɵʃ.tɕø.løʃ,4,FRRR,,FALSE
чалӑшӑн,tɕalɵʃɵn,tɕa.lɵ.ʃɵn,3,FRR,3,TRUE
чалӑшла,tɕalɵʃla,tɕa.lɵʃ.la,3,FRF,10,TRUE
чалӑшлан,tɕalɵʃlan,tɕa.lɵʃ.lan,3,FRF,,FALSE
чалӑшлантар,tɕalɵʃlantar,tɕa.lɵʃ.lan.tar,4,FRFF,,FALSE
чалӑшлат,tɕalɵʃlat,tɕa.lɵʃ.lat,3,FRF,,FALSE
чалӑштар,tɕalɵʃtar,tɕa.lɵʃ.tar,3,FRF,2,TRUE
чалӑшшӑн,tɕalɵʃʃɵn,tɕa.lɵʃ.ʃɵn,3,FRR,160,TRUE
чалка,tɕalka,tɕal.ka,2,FF,5,TRUE
чалкӑр,tɕalkɵr,tɕal.kɵr,2,FR,8,TRUE
чалкӑш,tɕalkɵʃ,tɕal.kɵʃ,2,FR,1,TRUE
чалл,tɕall,tɕall,1,F,3,TRUE
чаллан,tɕallan,tɕal.lan,2,FF,,FALSE
чалма,tɕalma,tɕal.ma,2,FF,30,TRUE
чалпаш,tɕalpaʃ,tɕal.paʃ,2,FF,1,TRUE
чалпашка,tɕalpaʃka,tɕal.paʃ.ka,3,FFF,3,TRUE
чалт,tɕalt,tɕalt,1,F,193,TRUE
чалтӑр,tɕaltɵr,tɕal.tɵr,2,FR,19,TRUE
чалтӑра,tɕaltɵra,tɕal.tɵ.ra,3,FRF,1,TRUE
чалтӑрка,tɕaltɵrka,tɕal.tɵr.ka,3,FRF,,FALSE
чалтӑркка,tɕaltɵrkka,tɕal.tɵrk.ka,3,FRF,1,TRUE
чалтӑрт,tɕaltɵrt,tɕal.tɵrt,2,FR,4,TRUE
чалтӑртат,tɕaltɵrtat,tɕal.tɵr.tat,3,FRF,,FALSE
чалтлат,tɕaltlat,tɕalt.lat,2,FF,,FALSE
чама,tɕama,tɕa.ma,2,FF,2,TRUE
чамала,tɕamala,tɕa.ma.la,3,FFF,2,TRUE
чамасар,tɕamasar,tɕa.ma.sar,3,FFF,,FALSE
чампӑлчампӑл,tɕampɵltɕampɵl,tɕam.pɵl.tɕam.pɵl,4,FRFR,,FALSE
чампӑрт,tɕampɵrt,tɕam.pɵrt,2,FR,,FALSE
чампӑртат,tɕampɵrtat,tɕam.pɵr.tat,3,FRF,,FALSE
чампӑртаттар,tɕampɵrtattar,tɕam.pɵr.tat.tar,4,FRFF,,FALSE
чан,tɕan,tɕan,1,F,822,TRUE
чана,tɕana,tɕa.na,2,FF,94,TRUE
чанк,tɕank,tɕank,1,F,123,TRUE
чанка,tɕanka,tɕan.ka,2,FF,3,TRUE
чанкама,tɕankama,tɕan.ka.ma,3,FFF,1,TRUE
чанкӑл,tɕankɵl,tɕan.kɵl,2,FR,6,TRUE
чанкӑлтат,tɕankɵltat,tɕan.kɵl.tat,3,FRF,,FALSE
чанкӑлтаттар,tɕankɵltattar,tɕan.kɵl.tat.tar,4,FRFF,,FALSE
чанкӑр,tɕankɵr,tɕan.kɵr,2,FR,34,TRUE
чанкӑрт,tɕankɵrt,tɕan.kɵrt,2,FR,1,TRUE
чанкӑртат,tɕankɵrtat,tɕan.kɵr.tat,3,FRF,,FALSE
чанкӑрти,tɕankɵrti,tɕan.kɵr.ti,3,FRF,1,TRUE
чанкка,tɕankka,tɕank.ka,2,FF,1,TRUE
чанккама,tɕankkama,tɕank.ka.ma,3,FFF,14,TRUE
чанклат,tɕanklat,tɕank.lat,2,FF,,FALSE
чанклаттар,tɕanklattar,tɕank.lat.tar,3,FFF,,FALSE
чанлат,tɕanlat,tɕan.lat,2,FF,,FALSE
чанлаттар,tɕanlattar,tɕan.lat.tar,3,FFF,,FALSE
чант,tɕant,tɕant,1,F,14,TRUE
чап,tɕap,tɕap,1,F,469,TRUE
чапмухтав,tɕapmuxtaʋ,tɕap.mux.taʋ,3,FFF,,FALSE
чапчакӑр,tɕaptɕakɵr,tɕap.tɕa.kɵr,3,FFR,1,TRUE
чапа,tɕapa,tɕa.pa,2,FF,945,TRUE
чапак,tɕapak,tɕa.pak,2,FF,9,TRUE
чапӑлчапӑл,tɕapɵltɕapɵl,tɕa.pɵl.tɕa.pɵl,4,FRFR,,FALSE
чапӑлтат,tɕapɵltat,tɕa.pɵl.tat,3,FRF,,FALSE
чапӑлтаттар,tɕapɵltattar,tɕa.pɵl.tat.tar,4,FRFF,,FALSE
чапӑр,tɕapɵr,tɕa.pɵr,2,FR,47,TRUE
чапӑрт,tɕapɵrt,tɕa.pɵrt,2,FR,5,TRUE
чапӑртат,tɕapɵrtat,tɕa.pɵr.tat,3,FRF,,FALSE
чапӑртаттар,tɕapɵrtattar,tɕa.pɵr.tat.tar,4,FRFF,,FALSE
чапка,tɕapka,tɕap.ka,2,FF,,FALSE
чаплан,tɕaplan,tɕap.lan,2,FF,,FALSE
чаплантар,tɕaplantar,tɕap.lan.tar,3,FFF,,FALSE
чаплат,tɕaplat,tɕap.lat,2,FF,,FALSE
чаплаттар,tɕaplattar,tɕap.lat.tar,3,FFF,1,TRUE
чаплашка,tɕaplaʃka,tɕap.laʃ.ka,3,FFF,16,TRUE
чаплӑ,tɕaplɵ,tɕap.lɵ,2,FR,6095,TRUE
чаплӑлан,tɕaplɵlan,tɕap.lɵ.lan,3,FRF,,FALSE
чаплӑлантар,tɕaplɵlantar,tɕap.lɵ.lan.tar,4,FRFF,,FALSE
чаплӑлат,tɕaplɵlat,tɕap.lɵ.lat,3,FRF,,FALSE
чаплӑлӑх,tɕaplɵlɵx,tɕap.lɵ.lɵx,3,FRR,8,TRUE
чаплӑн,tɕaplɵn,tɕap.lɵn,2,FR,188,TRUE
чаплӑх,tɕaplɵx,tɕap.lɵx,2,FR,5,TRUE
чаппан,tɕappan,tɕap.pan,2,FF,56,TRUE
чапрас,tɕapras,tɕap.ras,2,FF,28,TRUE
чапраслан,tɕapraslan,tɕap.ras.lan,3,FFF,,FALSE
чапраслантар,tɕapraslantar,tɕap.ras.lan.tar,4,FFFF,,FALSE
чапраслат,tɕapraslat,tɕap.ras.lat,3,FFF,,FALSE
чапруш,tɕapruʃ,tɕap.ruʃ,2,FF,,FALSE
чапсӑр,tɕapsɵr,tɕap.sɵr,2,FR,15,TRUE
чапсӑрлӑх,tɕapsɵrlɵx,tɕap.sɵr.lɵx,3,FRR,,FALSE
чар,tɕar,tɕar,1,F,309,TRUE
чара,tɕara,tɕa.ra,2,FF,88,TRUE
чарак,tɕarak,tɕa.rak,2,FF,49,TRUE
чаракла,tɕarakla,tɕa.rak.la,3,FFF,,FALSE
чараклан,tɕaraklan,tɕa.rak.lan,3,FFF,,FALSE
чараклӑ,tɕaraklɵ,tɕa.rak.lɵ,3,FFR,4,TRUE
чараксӑр,tɕaraksɵr,tɕa.rak.sɵr,3,FFR,78,TRUE
чараксӑрлӑх,tɕaraksɵrlɵx,tɕa.rak.sɵr.lɵx,4,FFRR,,FALSE
чарӑл,tɕarɵl,tɕa.rɵl,2,FR,,FALSE
чарӑлтар,tɕarɵltar,tɕa.rɵl.tar,3,FRF,,FALSE
чарӑлтат,tɕarɵltat,tɕa.rɵl.tat,3,FRF,,FALSE
чарӑлти,tɕarɵlti,tɕa.rɵl.ti,3,FRF,1,TRUE
чарӑлчӑк,tɕarɵltɕɵk,tɕa.rɵl.tɕɵk,3,FRR,,FALSE
чарӑн,tɕarɵn,tɕa.rɵn,2,FR,447,TRUE
чарӑнт,tɕarɵnt,tɕa.rɵnt,2,FR,3,TRUE
чарӑнтар,tɕarɵntar,tɕa.rɵn.tar,3,FRF,,FALSE
чарӑнтлат,tɕarɵntlat,tɕa.rɵnt.lat,3,FRF,,FALSE
чарӑну,tɕarɵnu,tɕa.rɵ.nu,3,FRF,465,TRUE
чарӑнусӑр,tɕarɵnusɵr,tɕa.rɵ.nu.sɵr,4,FRFR,17,TRUE
чари,tɕari,tɕa.ri,2,FF,13,TRUE
чарик,tɕarik,tɕa.rik,2,FF,4,TRUE
чаркалан,tɕarkalan,tɕar.ka.lan,3,FFF,,FALSE
чаркӑч,tɕarkɵtɕ,tɕar.kɵtɕ,2,FR,5,TRUE
чаркӑчла,tɕarkɵtɕla,tɕar.kɵtɕ.la,3,FRF,,FALSE
чарла,tɕarla,tɕar.la,2,FF,6,TRUE
чарлака,tɕarlaka,tɕar.la.ka,3,FFF,,FALSE
чарлан,tɕarlan,tɕar.lan,2,FF,118,TRUE
чарлат,tɕarlat,tɕar.lat,2,FF,,FALSE
чарлаттар,tɕarlattar,tɕar.lat.tar,3,FFF,,FALSE
чармак,tɕarmak,tɕar.mak,2,FF,121,TRUE
чармакла,tɕarmakla,tɕar.mak.la,3,FFF,1,TRUE
чармаклан,tɕarmaklan,tɕar.mak.lan,3,FFF,,FALSE
чармашка,tɕarmaʃka,tɕar.maʃ.ka,3,FFF,,FALSE
чарт,tɕart,tɕart,1,F,13,TRUE
чартак,tɕartak,tɕar.tak,2,FF,21,TRUE
чартар,tɕartar,tɕar.tar,2,FF,1,TRUE
чартлаттар,tɕartlattar,tɕart.lat.tar,3,FFF,,FALSE
чару,tɕaru,tɕa.ru,2,FF,259,TRUE
чаруллӑ,tɕarullɵ,tɕa.rul.lɵ,3,FFR,5,TRUE
чарусӑр,tɕarusɵr,tɕa.ru.sɵr,3,FFR,267,TRUE
чарусӑрла,tɕarusɵrla,tɕa.ru.sɵr.la,4,FFRF,,FALSE
чарусӑрлан,tɕarusɵrlan,tɕa.ru.sɵr.lan,4,FFRF,,FALSE
чарусӑрлантар,tɕarusɵrlantar,tɕa.ru.sɵr.lan.tar,5,FFRFF,,FALSE
чарусӑрлӑх,tɕarusɵrlɵx,tɕa.ru.sɵr.lɵx,4,FFRR,6,TRUE
чаршав,tɕarʃaʋ,tɕar.ʃaʋ,2,FF,1145,TRUE
чаршавла,tɕarʃaʋla,tɕar.ʃaʋ.la,3,FFF,1,TRUE
час,tɕas,tɕas,1,F,7929,TRUE
часавай,tɕasaʋaj,tɕa.sa.ʋaj,3,FFF,189,TRUE
часси,tɕassi,tɕas.si,2,FF,4,TRUE
часть,tɕastʲ,tɕastʲ,1,F,164,TRUE
чат,tɕat,tɕat,1,F,79,TRUE
чатан,tɕatan,tɕa.tan,2,FF,2,TRUE
чатанла,tɕatanla,tɕa.tan.la,3,FFF,,FALSE
чатанлан,tɕatanlan,tɕa.tan.lan,3,FFF,1,TRUE
чатӑр,tɕatɵr,tɕa.tɵr,2,FR,181,TRUE
чатӑрла,tɕatɵrla,tɕa.tɵr.la,3,FRF,,FALSE
чатлаттар,tɕatlattar,tɕat.lat.tar,3,FFF,,FALSE
чаххун,tɕaxxun,tɕax.xun,2,FF,,FALSE
чачкӑртаттар,tɕatɕkɵrtattar,tɕatɕ.kɵr.tat.tar,4,FRFF,,FALSE
чаш,tɕaʃ,tɕaʃ,1,F,110,TRUE
чашӑк,tɕaʃɵk,tɕa.ʃɵk,2,FR,662,TRUE
чашӑккашӑк,tɕaʃɵkkaʃɵk,tɕa.ʃɵk.ka.ʃɵk,4,FRFR,,FALSE
чашӑкҫӑпала,tɕaʃɵkɕɵpala,tɕa.ʃɵk.ɕɵ.pa.la,5,FRRFF,,FALSE
чашӑктирӗк,tɕaʃɵktirøk,tɕa.ʃɵk.ti.røk,4,FRFR,11,TRUE
чашӑкки,tɕaʃɵkki,tɕa.ʃɵk.ki,3,FRF,7,TRUE
чашӑл,tɕaʃɵl,tɕa.ʃɵl,2,FR,18,TRUE
чашӑлтат,tɕaʃɵltat,tɕa.ʃɵl.tat,3,FRF,,FALSE
чашка,tɕaʃka,tɕaʃ.ka,2,FF,7,TRUE
чашкар,tɕaʃkar,tɕaʃ.kar,2,FF,,FALSE
чашкӑрт,tɕaʃkɵrt,tɕaʃ.kɵrt,2,FR,2,TRUE
чашла,tɕaʃla,tɕaʃ.la,2,FF,2,TRUE
чашлама,tɕaʃlama,tɕaʃ.la.ma,3,FFF,52,TRUE
чашлат,tɕaʃlat,tɕaʃ.lat,2,FF,,FALSE
чашлаттар,tɕaʃlattar,tɕaʃ.lat.tar,3,FFF,1,TRUE
чашт,tɕaʃt,tɕaʃt,1,F,28,TRUE
чаштӑр,tɕaʃtɵr,tɕaʃ.tɵr,2,FR,31,TRUE
чаштӑрт,tɕaʃtɵrt,tɕaʃ.tɵrt,2,FR,1,TRUE
чаштӑртат,tɕaʃtɵrtat,tɕaʃ.tɵr.tat,3,FRF,,FALSE
чаштӑртаттар,tɕaʃtɵrtattar,tɕaʃ.tɵr.tat.tar,4,FRFF,1,TRUE
чӑвчав,tɕɵʋtɕaʋ,tɕɵʋ.tɕaʋ,2,RF,,FALSE
чӑваш,tɕɵʋaʃ,tɕɵ.ʋaʃ,2,RF,112964,TRUE
чӑвашла,tɕɵʋaʃla,tɕɵ.ʋaʃ.la,3,RFF,11992,TRUE
чӑвашлан,tɕɵʋaʃlan,tɕɵ.ʋaʃ.lan,3,RFF,,FALSE
чӑвашлат,tɕɵʋaʃlat,tɕɵ.ʋaʃ.lat,3,RFF,17,TRUE
чӑвӑш,tɕɵʋɵʃ,tɕɵ.ʋɵʃ,2,RR,32,TRUE
чӑвӑшлат,tɕɵʋɵʃlat,tɕɵ.ʋɵʃ.lat,3,RRF,,FALSE
чӑвӑшлаттар,tɕɵʋɵʃlattar,tɕɵ.ʋɵʃ.lat.tar,4,RRFF,,FALSE
чӑвӑшт,tɕɵʋɵʃt,tɕɵ.ʋɵʃt,2,RR,3,TRUE
чӑвв,tɕɵʋʋ,tɕɵʋʋ,1,R,1,TRUE
чӑввӑш,tɕɵʋʋɵʃ,tɕɵʋ.ʋɵʃ,2,RR,1,TRUE
чӑвлат,tɕɵʋlat,tɕɵʋ.lat,2,RF,,FALSE
чӑйӑл,tɕɵjɵl,tɕɵ.jɵl,2,RR,,FALSE
чӑйӑлтат,tɕɵjɵltat,tɕɵ.jɵl.tat,3,RRF,,FALSE
чӑйӑлти,tɕɵjɵlti,tɕɵ.jɵl.ti,3,RRF,1,TRUE
чӑйла,tɕɵjla,tɕɵj.la,2,RF,,FALSE
чӑк,tɕɵk,tɕɵk,1,R,46,TRUE
чӑкӑл,tɕɵkɵl,tɕɵ.kɵl,2,RR,5,TRUE
чӑкӑлт,tɕɵkɵlt,tɕɵ.kɵlt,2,RR,,FALSE
чӑкӑлтат,tɕɵkɵltat,tɕɵ.kɵl.tat,3,RRF,,FALSE
чӑкӑлташ,tɕɵkɵltaʃ,tɕɵ.kɵl.taʃ,3,RRF,5,TRUE
чӑкӑлташу,tɕɵkɵltaʃu,tɕɵ.kɵl.ta.ʃu,4,RRFF,,FALSE
чӑкӑлтӑш,tɕɵkɵltɵʃ,tɕɵ.kɵl.tɵʃ,3,RRR,47,TRUE
чӑкӑлтӑшлан,tɕɵkɵltɵʃlan,tɕɵ.kɵl.tɵʃ.lan,4,RRRF,,FALSE
чӑкӑлтӑшлӑх,tɕɵkɵltɵʃlɵx,tɕɵ.kɵl.tɵʃ.lɵx,4,RRRR,,FALSE
чӑкӑлти,tɕɵkɵlti,tɕɵ.kɵl.ti,3,RRF,,FALSE
чӑкӑр,tɕɵkɵr,tɕɵ.kɵr,2,RR,46,TRUE
чӑкӑрчӑкӑр,tɕɵkɵrtɕɵkɵr,tɕɵ.kɵr.tɕɵ.kɵr,4,RRRR,,FALSE
чӑкӑртчӑкӑрт,tɕɵkɵrttɕɵkɵrt,tɕɵ.kɵrt.tɕɵ.kɵrt,4,RRRR,,FALSE
чӑкӑртат,tɕɵkɵrtat,tɕɵ.kɵr.tat,3,RRF,,FALSE
чӑкӑртаттар,tɕɵkɵrtattar,tɕɵ.kɵr.tat.tar,4,RRFF,,FALSE
чӑкӑртату,tɕɵkɵrtatu,tɕɵ.kɵr.ta.tu,4,RRFF,,FALSE
чӑкӑт,tɕɵkɵt,tɕɵ.kɵt,2,RR,326,TRUE
чӑклат,tɕɵklat,tɕɵk.lat,2,RF,,FALSE
чӑклаттар,tɕɵklattar,tɕɵk.lat.tar,3,RFF,,FALSE
чӑкраш,tɕɵkraʃ,tɕɵk.raʃ,2,RF,26,TRUE
чӑкрашлан,tɕɵkraʃlan,tɕɵk.raʃ.lan,3,RFF,,FALSE
чӑкрашлантар,tɕɵkraʃlantar,tɕɵk.raʃ.lan.tar,4,RFFF,,FALSE
чӑкрашу,tɕɵkraʃu,tɕɵk.ra.ʃu,3,RFF,,FALSE
чӑл,tɕɵl,tɕɵl,1,R,414,TRUE
чӑлпар,tɕɵlpar,tɕɵl.par,2,RF,28,TRUE
чӑлпаррӑн,tɕɵlparrɵn,tɕɵl.par.rɵn,3,RFR,,FALSE
чӑлчал,tɕɵltɕal,tɕɵl.tɕal,2,RF,,FALSE
чӑлчӑл,tɕɵltɕɵl,tɕɵl.tɕɵl,2,RR,,FALSE
чӑлан,tɕɵlan,tɕɵ.lan,2,RF,86,TRUE
чӑлах,tɕɵlax,tɕɵ.lax,2,RF,323,TRUE
чӑлахлан,tɕɵlaxlan,tɕɵ.lax.lan,3,RFF,,FALSE
чӑлахлантар,tɕɵlaxlantar,tɕɵ.lax.lan.tar,4,RFFF,,FALSE
чӑлахлат,tɕɵlaxlat,tɕɵ.lax.lat,3,RFF,,FALSE
чӑлӑм,tɕɵlɵm,tɕɵ.lɵm,2,RR,41,TRUE
чӑлӑшчалӑш,tɕɵlɵʃtɕalɵʃ,tɕɵ.lɵʃ.tɕa.lɵʃ,4,RRFR,,FALSE
чӑллан,tɕɵllan,tɕɵl.lan,2,RF,,FALSE
чӑллантар,tɕɵllantar,tɕɵl.lan.tar,3,RFF,,FALSE
чӑлт,tɕɵlt,tɕɵlt,1,R,265,TRUE
чӑлтчалт,tɕɵlttɕalt,tɕɵlt.tɕalt,2,RF,2,TRUE
чӑлтчӑлт,tɕɵlttɕɵlt,tɕɵlt.tɕɵlt,2,RR,,FALSE
чӑлтӑр,tɕɵltɵr,tɕɵl.tɵr,2,RR,83,TRUE
чӑлтӑрчалтӑр,tɕɵltɵrtɕaltɵr,tɕɵl.tɵr.tɕal.tɵr,4,RRFR,,FALSE
чӑлтӑрт,tɕɵltɵrt,tɕɵl.tɵrt,2,RR,2,TRUE
чӑлтӑртат,tɕɵltɵrtat,tɕɵl.tɵr.tat,3,RRF,,FALSE
чӑлтӑрти,tɕɵltɵrti,tɕɵl.tɵr.ti,3,RRF,,FALSE
чӑлтлат,tɕɵltlat,tɕɵlt.lat,2,RF,,FALSE
чӑлха,tɕɵlxa,tɕɵl.xa,2,RF,405,TRUE
чӑлхануски,tɕɵlxanuski,tɕɵl.xa.nus.ki,4,RFFF,3,TRUE
чӑлхаҫӑпата,tɕɵlxaɕɵpata,tɕɵl.xa.ɕɵ.pa.ta,5,RFRFF,,FALSE
чӑлхан,tɕɵlxan,tɕɵl.xan,2,RF,1,TRUE
чӑлхантар,tɕɵlxantar,tɕɵl.xan.tar,3,RFF,,FALSE
чӑлханчӑк,tɕɵlxantɕɵk,tɕɵl.xan.tɕɵk,3,RFR,4,TRUE
чӑлхаҫӑ,tɕɵlxaɕɵ,tɕɵl.xa.ɕɵ,3,RFR,,FALSE
чӑлхат,tɕɵlxat,tɕɵl.xat,2,RF,,FALSE
чӑлхаш,tɕɵlxaʃ,tɕɵl.xaʃ,2,RF,,FALSE
чӑм,tɕɵm,tɕɵm,1,R,147,TRUE
чӑмакка,tɕɵmakka,tɕɵ.mak.ka,3,RFF,49,TRUE
чӑмаккала,tɕɵmakkala,tɕɵ.mak.ka.la,4,RFFF,,FALSE
чӑмаккалан,tɕɵmakkalan,tɕɵ.mak.ka.lan,4,RFFF,,FALSE
чӑмаккаллӑ,tɕɵmakkallɵ,tɕɵ.mak.kal.lɵ,4,RFFR,6,TRUE
чӑматан,tɕɵmatan,tɕɵ.ma.tan,3,RFF,220,TRUE
чӑмӑр,tɕɵmɵr,tɕɵ.mɵr,2,RR,344,TRUE
чӑмӑркка,tɕɵmɵrkka,tɕɵ.mɵrk.ka,3,RRF,95,TRUE
чӑмӑрккала,tɕɵmɵrkkala,tɕɵ.mɵrk.ka.la,4,RRFF,,FALSE
чӑмӑрла,tɕɵmɵrla,tɕɵ.mɵr.la,3,RRF,83,TRUE
чӑмӑрлан,tɕɵmɵrlan,tɕɵ.mɵr.lan,3,RRF,,FALSE
чӑмӑрлантар,tɕɵmɵrlantar,tɕɵ.mɵr.lan.tar,4,RRFF,,FALSE
чӑмӑрлат,tɕɵmɵrlat,tɕɵ.mɵr.lat,3,RRF,,FALSE
чӑмӑррӑн,tɕɵmɵrrɵn,tɕɵ.mɵr.rɵn,3,RRR,4,TRUE
чӑмӑрта,tɕɵmɵrta,tɕɵ.mɵr.ta,3,RRF,49,TRUE
чӑмӑртак,tɕɵmɵrtak,tɕɵ.mɵr.tak,3,RRF,1,TRUE
чӑмӑртан,tɕɵmɵrtan,tɕɵ.mɵr.tan,3,RRF,11,TRUE
чӑмӑртану,tɕɵmɵrtanu,tɕɵ.mɵr.ta.nu,4,RRFF,4,TRUE
чӑмӑртанчӑк,tɕɵmɵrtantɕɵk,tɕɵ.mɵr.tan.tɕɵk,4,RRFR,,FALSE
чӑмӑш,tɕɵmɵʃ,tɕɵ.mɵʃ,2,RR,7,TRUE
чӑмкӑҫ,tɕɵmkɵɕ,tɕɵm.kɵɕ,2,RR,20,TRUE
чӑмла,tɕɵmla,tɕɵm.la,2,RF,40,TRUE
чӑмлав,tɕɵmlaʋ,tɕɵm.laʋ,2,RF,5,TRUE
чӑмлак,tɕɵmlak,tɕɵm.lak,2,RF,46,TRUE
чӑмлан,tɕɵmlan,tɕɵm.lan,2,RF,2,TRUE
чӑмлаттар,tɕɵmlattar,tɕɵm.lat.tar,3,RFF,,FALSE
чӑмп,tɕɵmp,tɕɵmp,1,R,2,TRUE
чӑмпӑлт,tɕɵmpɵlt,tɕɵm.pɵlt,2,RR,41,TRUE
чӑмпӑлтат,tɕɵmpɵltat,tɕɵm.pɵl.tat,3,RRF,,FALSE
чӑмпӑлтаттар,tɕɵmpɵltattar,tɕɵm.pɵl.tat.tar,4,RRFF,,FALSE
чӑмтар,tɕɵmtar,tɕɵm.tar,2,RF,,FALSE
чӑн,tɕɵn,tɕɵn,1,R,19494,TRUE
чӑнах,tɕɵnax,tɕɵ.nax,2,RF,9101,TRUE
чӑнк,tɕɵnk,tɕɵnk,1,R,115,TRUE
чӑнкчанк,tɕɵnktɕank,tɕɵnk.tɕank,2,RF,,FALSE
чӑнкӑ,tɕɵnkɵ,tɕɵn.kɵ,2,RR,722,TRUE
чӑнкӑлчанкӑл,tɕɵnkɵltɕankɵl,tɕɵn.kɵl.tɕan.kɵl,4,RRFR,,FALSE
чӑнкӑлчӑнкӑл,tɕɵnkɵltɕɵnkɵl,tɕɵn.kɵl.tɕɵn.kɵl,4,RRRR,1,TRUE
чӑнкӑлан,tɕɵnkɵlan,tɕɵn.kɵ.lan,3,RRF,,FALSE
чӑнкӑлӑх,tɕɵnkɵlɵx,tɕɵn.kɵ.lɵx,3,RRR,1,TRUE
чӑнкӑлтат,tɕɵnkɵltat,tɕɵn.kɵl.tat,3,RRF,,FALSE
чӑнкӑлтаттар,tɕɵnkɵltattar,tɕɵn.kɵl.tat.tar,4,RRFF,,FALSE
чӑнкӑр,tɕɵnkɵr,tɕɵn.kɵr,2,RR,174,TRUE
чӑнкӑрчанкӑр,tɕɵnkɵrtɕankɵr,tɕɵn.kɵr.tɕan.kɵr,4,RRFR,1,TRUE
чӑнкӑрт,tɕɵnkɵrt,tɕɵn.kɵrt,2,RR,18,TRUE
чӑнкӑртат,tɕɵnkɵrtat,tɕɵn.kɵr.tat,3,RRF,1,TRUE
чӑнкӑртаттар,tɕɵnkɵrtattar,tɕɵn.kɵr.tat.tar,4,RRFF,,FALSE
чӑнкӑрти,tɕɵnkɵrti,tɕɵn.kɵr.ti,3,RRF,7,TRUE
чӑнккичанкки,tɕɵnkkitɕankki,tɕɵnk.ki.tɕank.ki,4,RFFF,,FALSE
чӑнклат,tɕɵnklat,tɕɵnk.lat,2,RF,,FALSE
чӑнласа,tɕɵnlasa,tɕɵn.la.sa,3,RFF,158,TRUE
чӑнлӑх,tɕɵnlɵx,tɕɵn.lɵx,2,RR,625,TRUE
чӑннипе,tɕɵnnipe,tɕɵn.ni.pe,3,RFF,1322,TRUE
чӑнтӑх,tɕɵntɵx,tɕɵn.tɵx,2,RR,1,TRUE
чӑп,tɕɵp,tɕɵp,1,R,263,TRUE
чӑпчап,tɕɵptɕap,tɕɵp.tɕap,2,RF,,FALSE
чӑпчӑмӑр,tɕɵptɕɵmɵr,tɕɵp.tɕɵ.mɵr,3,RRR,,FALSE
чӑпар,tɕɵpar,tɕɵ.par,2,RF,381,TRUE
чӑпаркка,tɕɵparkka,tɕɵ.park.ka,3,RFF,4,TRUE
чӑпарлан,tɕɵparlan,tɕɵ.par.lan,3,RFF,,FALSE
чӑпарлат,tɕɵparlat,tɕɵ.par.lat,3,RFF,,FALSE
чӑпарлӑх,tɕɵparlɵx,tɕɵ.par.lɵx,3,RFR,1,TRUE
чӑпӑк,tɕɵpɵk,tɕɵ.pɵk,2,RR,7,TRUE
чӑпӑл,tɕɵpɵl,tɕɵ.pɵl,2,RR,71,TRUE
чӑпӑлчапӑл,tɕɵpɵltɕapɵl,tɕɵ.pɵl.tɕa.pɵl,4,RRFR,,FALSE
чӑпӑлтат,tɕɵpɵltat,tɕɵ.pɵl.tat,3,RRF,,FALSE
чӑпӑри,tɕɵpɵri,tɕɵ.pɵ.ri,3,RRF,,FALSE
чӑпӑркка,tɕɵpɵrkka,tɕɵ.pɵrk.ka,3,RRF,92,TRUE
чӑпӑрт,tɕɵpɵrt,tɕɵ.pɵrt,2,RR,96,TRUE
чӑпӑртат,tɕɵpɵrtat,tɕɵ.pɵr.tat,3,RRF,,FALSE
чӑпӑртаттар,tɕɵpɵrtattar,tɕɵ.pɵr.tat.tar,4,RRFF,,FALSE
чӑплаттар,tɕɵplattar,tɕɵp.lat.tar,3,RFF,,FALSE
чӑппи,tɕɵppi,tɕɵp.pi,2,RF,7,TRUE
чӑпта,tɕɵpta,tɕɵp.ta,2,RF,134,TRUE
чӑптан,tɕɵptan,tɕɵp.tan,2,RF,,FALSE
чӑптаҫӑ,tɕɵptaɕɵ,tɕɵp.ta.ɕɵ,3,RFR,10,TRUE
чӑптӑм,tɕɵptɵm,tɕɵp.tɵm,2,RR,,FALSE
чӑр,tɕɵr,tɕɵr,1,R,383,TRUE
чӑрчар,tɕɵrtɕar,tɕɵr.tɕar,2,RF,,FALSE
чӑрӑк,tɕɵrɵk,tɕɵ.rɵk,2,RR,,FALSE
чӑрӑклат,tɕɵrɵklat,tɕɵ.rɵk.lat,3,RRF,,FALSE
чӑрӑклаттар,tɕɵrɵklattar,tɕɵ.rɵk.lat.tar,4,RRFF,,FALSE
чӑрӑлтат,tɕɵrɵltat,tɕɵ.rɵl.tat,3,RRF,,FALSE
чӑрӑлти,tɕɵrɵlti,tɕɵ.rɵl.ti,3,RRF,4,TRUE
чӑрӑнчаран,tɕɵrɵntɕaran,tɕɵ.rɵn.tɕa.ran,4,RRFF,,FALSE
чӑрӑш,tɕɵrɵʃ,tɕɵ.rɵʃ,2,RR,1237,TRUE
чӑрӑшлӑх,tɕɵrɵʃlɵx,tɕɵ.rɵʃ.lɵx,3,RRR,28,TRUE
чӑричари,tɕɵritɕari,tɕɵ.ri.tɕa.ri,4,RFFF,,FALSE
чӑрик,tɕɵrik,tɕɵ.rik,2,RF,13,TRUE
чӑрк,tɕɵrk,tɕɵrk,1,R,8,TRUE
чӑркӑш,tɕɵrkɵʃ,tɕɵr.kɵʃ,2,RR,78,TRUE
чӑркӑшлан,tɕɵrkɵʃlan,tɕɵr.kɵʃ.lan,3,RRF,3,TRUE
чӑркӑштар,tɕɵrkɵʃtar,tɕɵr.kɵʃ.tar,3,RRF,,FALSE
чӑрлат,tɕɵrlat,tɕɵr.lat,2,RF,,FALSE
чӑрлаттар,tɕɵrlattar,tɕɵr.lat.tar,3,RFF,1,TRUE
чӑрмав,tɕɵrmaʋ,tɕɵr.maʋ,2,RF,817,TRUE
чӑрмавла,tɕɵrmaʋla,tɕɵr.maʋ.la,3,RFF,1,TRUE
чӑрмавлан,tɕɵrmaʋlan,tɕɵr.maʋ.lan,3,RFF,,FALSE
чӑрмавлӑ,tɕɵrmaʋlɵ,tɕɵr.maʋ.lɵ,3,RFR,104,TRUE
чӑрмавлӑх,tɕɵrmaʋlɵx,tɕɵr.maʋ.lɵx,3,RFR,,FALSE
чӑрмавсӑр,tɕɵrmaʋsɵr,tɕɵr.maʋ.sɵr,3,RFR,133,TRUE
чӑрмала,tɕɵrmala,tɕɵr.ma.la,3,RFF,10,TRUE
чӑрмалан,tɕɵrmalan,tɕɵr.ma.lan,3,RFF,,FALSE
чӑрмалаш,tɕɵrmalaʃ,tɕɵr.ma.laʃ,3,RFF,,FALSE
чӑрман,tɕɵrman,tɕɵr.man,2,RF,74,TRUE
чӑрмантар,tɕɵrmantar,tɕɵr.man.tar,3,RFF,87,TRUE
чӑрмантару,tɕɵrmantaru,tɕɵr.man.ta.ru,4,RFFF,,FALSE
чӑрману,tɕɵrmanu,tɕɵr.ma.nu,3,RFF,5,TRUE
чӑррик,tɕɵrrik,tɕɵr.rik,2,RF,4,TRUE
чӑрсӑр,tɕɵrsɵr,tɕɵr.sɵr,2,RR,395,TRUE
чӑрсӑрла,tɕɵrsɵrla,tɕɵr.sɵr.la,3,RRF,12,TRUE
чӑрсӑрлан,tɕɵrsɵrlan,tɕɵr.sɵr.lan,3,RRF,7,TRUE
чӑрсӑрлантар,tɕɵrsɵrlantar,tɕɵr.sɵr.lan.tar,4,RRFF,,FALSE
чӑрсӑрлану,tɕɵrsɵrlanu,tɕɵr.sɵr.la.nu,4,RRFF,,FALSE
чӑрсӑрлӑх,tɕɵrsɵrlɵx,tɕɵr.sɵr.lɵx,3,RRR,38,TRUE
чӑрсӑррӑн,tɕɵrsɵrrɵn,tɕɵr.sɵr.rɵn,3,RRR,73,TRUE
чӑрт,tɕɵrt,tɕɵrt,1,R,59,TRUE
чӑртчарт,tɕɵrttɕart,tɕɵrt.tɕart,2,RF,,FALSE
чӑртӑк,tɕɵrtɵk,tɕɵr.tɵk,2,RR,2,TRUE
чӑртлат,tɕɵrtlat,tɕɵrt.lat,2,RF,,FALSE
чӑртлаттар,tɕɵrtlattar,tɕɵrt.lat.tar,3,RFF,,FALSE
чӑртмах,tɕɵrtmax,tɕɵrt.max,2,RF,19,TRUE
чӑртмахлан,tɕɵrtmaxlan,tɕɵrt.max.lan,3,RFF,,FALSE
чӑртмаххӑн,tɕɵrtmaxxɵn,tɕɵrt.max.xɵn,3,RFR,6,TRUE
чӑс,tɕɵs,tɕɵs,1,R,7,TRUE
чӑсӑк,tɕɵsɵk,tɕɵ.sɵk,2,RR,2,TRUE
чӑсӑл,tɕɵsɵl,tɕɵ.sɵl,2,RR,,FALSE
чӑсмак,tɕɵsmak,tɕɵs.mak,2,RF,1,TRUE
чӑт,tɕɵt,tɕɵt,1,R,211,TRUE
чӑтаслӑх,tɕɵtaslɵx,tɕɵ.tas.lɵx,3,RFR,,FALSE
чӑтӑм,tɕɵtɵm,tɕɵ.tɵm,2,RR,118,TRUE
чӑтӑмлӑ,tɕɵtɵmlɵ,tɕɵ.tɵm.lɵ,3,RRR,267,TRUE
чӑтӑмлӑн,tɕɵtɵmlɵn,tɕɵ.tɵm.lɵn,3,RRR,81,TRUE
чӑтӑмлӑх,tɕɵtɵmlɵx,tɕɵ.tɵm.lɵx,3,RRR,459,TRUE
чӑтӑмсӑр,tɕɵtɵmsɵr,tɕɵ.tɵm.sɵr,3,RRR,112,TRUE
чӑтӑмсӑрлӑх,tɕɵtɵmsɵrlɵx,tɕɵ.tɵm.sɵr.lɵx,4,RRRR,8,TRUE
чӑтӑмсӑррӑн,tɕɵtɵmsɵrrɵn,tɕɵ.tɵm.sɵr.rɵn,4,RRRR,665,TRUE
чӑтӑртат,tɕɵtɵrtat,tɕɵ.tɵr.tat,3,RRF,,FALSE
чӑтлӑх,tɕɵtlɵx,tɕɵt.lɵx,2,RR,200,TRUE
чӑтлӑхлан,tɕɵtlɵxlan,tɕɵt.lɵx.lan,3,RRF,,FALSE
чӑту,tɕɵtu,tɕɵ.tu,2,RF,1,TRUE
чӑтулӑх,tɕɵtulɵx,tɕɵ.tu.lɵx,3,RFR,2,TRUE
чӑтуллӑ,tɕɵtullɵ,tɕɵ.tul.lɵ,3,RFR,1,TRUE
чӑтусӑр,tɕɵtusɵr,tɕɵ.tu.sɵr,3,RFR,3,TRUE
чӑтусӑрлӑх,tɕɵtusɵrlɵx,tɕɵ.tu.sɵr.lɵx,4,RFRR,,FALSE
чӑх,tɕɵx,tɕɵx,1,R,2219,TRUE
чӑхчӑх,tɕɵxtɕɵx,tɕɵx.tɕɵx,2,RR,,FALSE
чӑхчӗп,tɕɵxtɕøp,tɕɵx.tɕøp,2,RR,4,TRUE
чӑхӑ,tɕɵxɵ,tɕɵ.xɵ,2,RR,120,TRUE
чӑхӑм,tɕɵxɵm,tɕɵ.xɵm,2,RR,8,TRUE
чӑхӑмӑҫ,tɕɵxɵmɵɕ,tɕɵ.xɵ.mɵɕ,3,RRR,3,TRUE
чӑхӑмӑҫла,tɕɵxɵmɵɕla,tɕɵ.xɵ.mɵɕ.la,4,RRRF,1,TRUE
чӑхӑмла,tɕɵxɵmla,tɕɵ.xɵm.la,3,RRF,5,TRUE
чӑхӑмҫӑ,tɕɵxɵmɕɵ,tɕɵ.xɵm.ɕɵ,3,RRR,4,TRUE
чӑхкуҫ,tɕɵxkuɕ,tɕɵx.kuɕ,2,RF,,FALSE
чӑхлат,tɕɵxlat,tɕɵx.lat,2,RF,,FALSE
чӑш,tɕɵʃ,tɕɵʃ,1,R,43,TRUE
чӑшчаш,tɕɵʃtɕaʃ,tɕɵʃ.tɕaʃ,2,RF,,FALSE
чӑшӑл,tɕɵʃɵl,tɕɵ.ʃɵl,2,RR,86,TRUE
чӑшӑлчӑшӑл,tɕɵʃɵltɕɵʃɵl,tɕɵ.ʃɵl.tɕɵ.ʃɵl,4,RRRR,,FALSE
чӑшӑлтат,tɕɵʃɵltat,tɕɵ.ʃɵl.tat,3,RRF,,FALSE
чӑшӑлтаттар,tɕɵʃɵltattar,tɕɵ.ʃɵl.tat.tar,4,RRFF,,FALSE
чӑшӑлти,tɕɵʃɵlti,tɕɵ.ʃɵl.ti,3,RRF,1,TRUE
чӑшӑрчашӑр,tɕɵʃɵrtɕaʃɵr,tɕɵ.ʃɵr.tɕa.ʃɵr,4,RRFR,,FALSE
чӑшӑртат,tɕɵʃɵrtat,tɕɵ.ʃɵr.tat,3,RRF,,FALSE
чӑшӑртаттар,tɕɵʃɵrtattar,tɕɵ.ʃɵr.tat.tar,4,RRFF,,FALSE
чӑшка,tɕɵʃka,tɕɵʃ.ka,2,RF,,FALSE
чӑшкан,tɕɵʃkan,tɕɵʃ.kan,2,RF,,FALSE
чӑшкантар,tɕɵʃkantar,tɕɵʃ.kan.tar,3,RFF,,FALSE
чӑшла,tɕɵʃla,tɕɵʃ.la,2,RF,,FALSE
чӑшлат,tɕɵʃlat,tɕɵʃ.lat,2,RF,1,TRUE
чӑшлаттар,tɕɵʃlattar,tɕɵʃ.lat.tar,3,RFF,,FALSE
чӑшт,tɕɵʃt,tɕɵʃt,1,R,17,TRUE
чӑштӑр,tɕɵʃtɵr,tɕɵʃ.tɵr,2,RR,153,TRUE
чӑштӑрчӑштӑр,tɕɵʃtɵrtɕɵʃtɵr,tɕɵʃ.tɵr.tɕɵʃ.tɵr,4,RRRR,1,TRUE
чӑштӑртат,tɕɵʃtɵrtat,tɕɵʃ.tɵr.tat,3,RRF,,FALSE
чӑштӑртаттар,tɕɵʃtɵrtattar,tɕɵʃ.tɵr.tat.tar,4,RRFF,,FALSE
чӑштӑрти,tɕɵʃtɵrti,tɕɵʃ.tɵr.ti,3,RRF,3,TRUE
чӑштик,tɕɵʃtik,tɕɵʃ.tik,2,RF,8,TRUE
чӑяттичӑятти,tɕɵjattitɕɵjatti,tɕɵ.jat.ti.tɕɵ.jat.ti,6,RFFRFF,,FALSE
чее,tɕee,tɕe.e,2,FF,953,TRUE
чеелен,tɕeelen,tɕe.e.len,3,FFF,5,TRUE
чеелӗх,tɕeeløx,tɕe.e.løx,3,FFR,81,TRUE
чеелӗхсӗр,tɕeeløxsør,tɕe.e.løx.sør,4,FFRR,4,TRUE
чеелле,tɕeelle,tɕe.el.le,3,FFF,8,TRUE
чеен,tɕeen,tɕe.en,2,FF,353,TRUE
чеесӗр,tɕeesør,tɕe.e.sør,3,FFR,,FALSE
чей,tɕej,tɕej,1,F,3541,TRUE
чейсахӑр,tɕejsaxɵr,tɕej.sa.xɵr,3,FFR,,FALSE
чейӗр,tɕejør,tɕe.jør,2,FR,,FALSE
чейник,tɕejnik,tɕej.nik,2,FF,113,TRUE
чек,tɕek,tɕek,1,F,55,TRUE
чекист,tɕekist,tɕe.kist,2,FF,28,TRUE
чемчеке,tɕemtɕeke,tɕem.tɕe.ke,3,FFF,,FALSE
чемчем,tɕemtɕem,tɕem.tɕem,2,FF,7,TRUE
чемчен,tɕemtɕen,tɕem.tɕen,2,FF,1,TRUE
чемччук,tɕemtɕtɕuk,tɕemtɕ.tɕuk,2,FF,1,TRUE
ченӗҫке,tɕenøɕke,tɕe.nøɕ.ke,3,FRF,2,TRUE
ченклет,tɕenklet,tɕenk.let,2,FF,,FALSE
ченчешке,tɕentɕeʃke,tɕen.tɕeʃ.ke,3,FFF,,FALSE
ченчӗке,tɕentɕøke,tɕen.tɕø.ke,3,FRF,2,TRUE
чепчек,tɕeptɕek,tɕep.tɕek,2,FF,,FALSE
чепчем,tɕeptɕem,tɕep.tɕem,2,FF,1,TRUE
чепчен,tɕeptɕen,tɕep.tɕen,2,FF,19,TRUE
чепчушка,tɕeptɕuʃka,tɕep.tɕuʃ.ka,3,FFF,,FALSE
червӑ,tɕerʋɵ,tɕer.ʋɵ,2,FR,2,TRUE
черет,tɕeret,tɕe.ret,2,FF,821,TRUE
черетӗн,tɕeretøn,tɕe.re.tøn,3,FFR,15,TRUE
черетле,tɕeretle,tɕe.ret.le,3,FFF,5,TRUE
черетлен,tɕeretlen,tɕe.ret.len,3,FFF,1,TRUE
черетлентер,tɕeretlenter,tɕe.ret.len.ter,4,FFFF,,FALSE
черетлену,tɕeretlenu,tɕe.ret.le.nu,4,FFFF,,FALSE
черетлӗ,tɕeretlø,tɕe.ret.lø,3,FFR,1863,TRUE
черетлӗн,tɕeretløn,tɕe.ret.løn,3,FFR,15,TRUE
черетлӗх,tɕeretløx,tɕe.ret.løx,3,FFR,1,TRUE
черетсӗр,tɕeretsør,tɕe.re.tsør,3,FFR,130,TRUE
черетсӗрлӗх,tɕeretsørløx,tɕe.re.tsør.løx,4,FFRR,,FALSE
черешня,tɕereʃnja,tɕe.reʃn.ja,3,FFF,26,TRUE
черкес,tɕerkes,tɕer.kes,2,FF,33,TRUE
черкке,tɕerkke,tɕerk.ke,2,FF,1131,TRUE
черккеҫӗ,tɕerkkeɕø,tɕerk.ke.ɕø,3,FFR,,FALSE
чернил,tɕernil,tɕer.nil,2,FF,93,TRUE
черпе,tɕerpe,tɕer.pe,2,FF,,FALSE
черчен,tɕertɕen,tɕer.tɕen,2,FF,538,TRUE
черчени,tɕertɕeni,tɕer.tɕe.ni,3,FFF,55,TRUE
черченкӗ,tɕertɕenkø,tɕer.tɕen.kø,3,FFR,195,TRUE
черченкӗлен,tɕertɕenkølen,tɕer.tɕen.kø.len,4,FFRF,,FALSE
черченлен,tɕertɕenlen,tɕer.tɕen.len,3,FFF,,FALSE
чесуча,tɕesutɕa,tɕe.su.tɕa,3,FFF,4,TRUE
четвӗрт,tɕetʋørt,tɕet.ʋørt,2,FR,128,TRUE
четки,tɕetki,tɕet.ki,2,FF,2,TRUE
чех,tɕex,tɕex,1,F,130,TRUE
чехла,tɕexla,tɕex.la,2,FF,13,TRUE
чечек,tɕetɕek,tɕe.tɕek,2,FF,4487,TRUE
чечекле,tɕetɕekle,tɕe.tɕek.le,3,FFF,16,TRUE
чечеклен,tɕetɕeklen,tɕe.tɕek.len,3,FFF,47,TRUE
чечеклентер,tɕetɕeklenter,tɕe.tɕek.len.ter,4,FFFF,,FALSE
чечекленӳ,tɕetɕekleny,tɕe.tɕek.le.ny,4,FFFF,3,TRUE
чечеклӗ,tɕetɕeklø,tɕe.tɕek.lø,3,FFR,524,TRUE
чечеклӗх,tɕetɕekløx,tɕe.tɕek.løx,3,FFR,20,TRUE
чечекҫӗ,tɕetɕekɕø,tɕe.tɕek.ɕø,3,FFR,5,TRUE
чечен,tɕetɕen,tɕe.tɕen,2,FF,575,TRUE
чеченла,tɕetɕenla,tɕe.tɕen.la,3,FFF,1,TRUE
чеченле,tɕetɕenle,tɕe.tɕen.le,3,FFF,1,TRUE
чеченлен,tɕetɕenlen,tɕe.tɕen.len,3,FFF,,FALSE
чеченлет,tɕetɕenlet,tɕe.tɕen.let,3,FFF,,FALSE
чеченлӗх,tɕetɕenløx,tɕe.tɕen.løx,3,FFR,6,TRUE
чечетка,tɕetɕetka,tɕe.tɕet.ka,3,FFF,16,TRUE
чечче,tɕetɕtɕe,tɕetɕ.tɕe,2,FF,58,TRUE
чӗвв,tɕøʋʋ,tɕøʋʋ,1,R,,FALSE
чӗвве,tɕøʋʋe,tɕøʋ.ʋe,2,RF,6,TRUE
чӗввӗн,tɕøʋʋøn,tɕøʋ.ʋøn,2,RR,8,TRUE
чӗвен,tɕøʋen,tɕø.ʋen,2,RF,194,TRUE
чӗвӗлчӗвӗл,tɕøʋøltɕøʋøl,tɕø.ʋøl.tɕø.ʋøl,4,RRRR,1,TRUE
чӗвӗлтет,tɕøʋøltet,tɕø.ʋøl.tet,3,RRF,5,TRUE
чӗвӗлтеттер,tɕøʋøltetter,tɕø.ʋøl.tet.ter,4,RRFF,,FALSE
чӗвӗлтетӳ,tɕøʋøltety,tɕø.ʋøl.te.ty,4,RRFF,3,TRUE
чӗвӗлти,tɕøʋølti,tɕø.ʋøl.ti,3,RRF,201,TRUE
чӗвӗн,tɕøʋøn,tɕø.ʋøn,2,RR,2,TRUE
чӗвик,tɕøʋik,tɕø.ʋik,2,RF,9,TRUE
чӗвиклет,tɕøʋiklet,tɕø.ʋik.let,3,RFF,,FALSE
чӗвлет,tɕøʋlet,tɕøʋ.let,2,RF,,FALSE
чӗк,tɕøk,tɕøk,1,R,18,TRUE
чӗкел,tɕøkel,tɕø.kel,2,RF,,FALSE
чӗкеҫ,tɕøkeɕ,tɕø.keɕ,2,RF,1791,TRUE
чӗкеҫсем,tɕøkeɕsem,tɕø.keɕ.sem,3,RFF,105,TRUE
чӗкӗнтӗр,tɕøkøntør,tɕø.køn.tør,3,RRR,181,TRUE
чӗкӗр,tɕøkør,tɕø.kør,2,RR,,FALSE
чӗкӗре,tɕøkøre,tɕø.kø.re,3,RRF,,FALSE
чӗкӗрт,tɕøkørt,tɕø.kørt,2,RR,,FALSE
чӗкӗрттер,tɕøkørtter,tɕø.kørt.ter,3,RRF,,FALSE
чӗкре,tɕøkre,tɕøk.re,2,RF,3,TRUE
чӗл,tɕøl,tɕøl,1,R,120,TRUE
чӗлчӗл,tɕøltɕøl,tɕøl.tɕøl,2,RR,,FALSE
чӗлӗ,tɕølø,tɕø.lø,2,RR,116,TRUE
чӗлӗм,tɕøløm,tɕø.løm,2,RR,710,TRUE
чӗлӗмӗш,tɕølømøʃ,tɕø.lø.møʃ,3,RRR,,FALSE
чӗлӗмлӗх,tɕølømløx,tɕø.løm.løx,3,RRR,1,TRUE
чӗлӗмҫӗ,tɕølømɕø,tɕø.løm.ɕø,3,RRR,4,TRUE
чӗлӗн,tɕøløn,tɕø.løn,2,RR,2,TRUE
чӗлӗх,tɕøløx,tɕø.løx,2,RR,26,TRUE
чӗликчӗлик,tɕøliktɕølik,tɕø.lik.tɕø.lik,4,RFRF,,FALSE
чӗлкӗм,tɕølkøm,tɕøl.køm,2,RR,14,TRUE
чӗлкӗмлӗ,tɕølkømlø,tɕøl.køm.lø,3,RRR,3,TRUE
чӗллем,tɕøllem,tɕøl.lem,2,RF,,FALSE
чӗллӗн,tɕølløn,tɕøl.løn,2,RR,18,TRUE
чӗлпӗк,tɕølpøk,tɕøl.pøk,2,RR,4,TRUE
чӗлпӗкле,tɕølpøkle,tɕøl.pøk.le,3,RRF,,FALSE
чӗлпӗклен,tɕølpøklen,tɕøl.pøk.len,3,RRF,,FALSE
чӗлпӗклентер,tɕølpøklenter,tɕøl.pøk.len.ter,4,RRFF,,FALSE
чӗлпӗр,tɕølpør,tɕøl.pør,2,RR,93,TRUE
чӗлпӗт,tɕølpøt,tɕøl.pøt,2,RR,,FALSE
чӗлт,tɕølt,tɕølt,1,R,10,TRUE
чӗлтер,tɕølter,tɕøl.ter,2,RF,1,TRUE
чӗлтӗр,tɕøltør,tɕøl.tør,2,RR,97,TRUE
чӗлтӗрчӗлтӗр,tɕøltørtɕøltør,tɕøl.tør.tɕøl.tør,4,RRRR,,FALSE
чӗлтӗркке,tɕøltørkke,tɕøl.tørk.ke,3,RRF,6,TRUE
чӗлтӗрт,tɕøltørt,tɕøl.tørt,2,RR,,FALSE
чӗлтӗртет,tɕøltørtet,tɕøl.tør.tet,3,RRF,1,TRUE
чӗлтӗрти,tɕøltørti,tɕøl.tør.ti,3,RRF,38,TRUE
чӗлхе,tɕølxe,tɕøl.xe,2,RF,7501,TRUE
чӗлхеҫӑвар,tɕølxeɕɵʋar,tɕøl.xe.ɕɵ.ʋar,4,RFRF,,FALSE
чӗлхелен,tɕølxelen,tɕøl.xe.len,3,RFF,,FALSE
чӗлхеллӗ,tɕølxellø,tɕøl.xel.lø,3,RFR,571,TRUE
чӗлхесӗр,tɕølxesør,tɕøl.xe.sør,3,RFR,373,TRUE
чӗлхесӗрлен,tɕølxesørlen,tɕøl.xe.sør.len,4,RFRF,,FALSE
чӗлхесӗрлет,tɕølxesørlet,tɕøl.xe.sør.let,4,RFRF,,FALSE
чӗлхесӗрлӗх,tɕølxesørløx,tɕøl.xe.sør.løx,4,RFRR,,FALSE
чӗлхеҫӗ,tɕølxeɕø,tɕøl.xe.ɕø,3,RFR,179,TRUE
чӗм,tɕøm,tɕøm,1,R,100,TRUE
чӗме,tɕøme,tɕø.me,2,RF,10,TRUE
чӗмеллӗ,tɕømellø,tɕø.mel.lø,3,RFR,,FALSE
чӗмере,tɕømere,tɕø.me.re,3,RFF,75,TRUE
чӗмесӗр,tɕømesør,tɕø.me.sør,3,RFR,,FALSE
чӗмпӗлчӗмпӗл,tɕømpøltɕømpøl,tɕøm.pøl.tɕøm.pøl,4,RRRR,,FALSE
чӗмпӗлтет,tɕømpøltet,tɕøm.pøl.tet,3,RRF,1,TRUE
чӗмпӗлтеттер,tɕømpøltetter,tɕøm.pøl.tet.ter,4,RRFF,,FALSE
чӗмсӗр,tɕømsør,tɕøm.sør,2,RR,393,TRUE
чӗмсӗрлен,tɕømsørlen,tɕøm.sør.len,3,RRF,,FALSE
чӗмсӗрлентер,tɕømsørlenter,tɕøm.sør.len.ter,4,RRFF,,FALSE
чӗмсӗрлет,tɕømsørlet,tɕøm.sør.let,3,RRF,,FALSE
чӗмсӗрлӗх,tɕømsørløx,tɕøm.sør.løx,3,RRR,23,TRUE
чӗмсӗррӗн,tɕømsørrøn,tɕøm.sør.røn,3,RRR,57,TRUE
чӗн,tɕøn,tɕøn,1,R,781,TRUE
чӗнкӗлчӗнкӗл,tɕønkøltɕønkøl,tɕøn.køl.tɕøn.køl,4,RRRR,,FALSE
чӗнкӗлтет,tɕønkøltet,tɕøn.køl.tet,3,RRF,,FALSE
чӗнлен,tɕønlen,tɕøn.len,2,RF,,FALSE
чӗнлентер,tɕønlenter,tɕøn.len.ter,3,RFF,,FALSE
чӗнн,tɕønn,tɕønn,1,R,8,TRUE
чӗнтер,tɕønter,tɕøn.ter,2,RF,19,TRUE
чӗнтӗр,tɕøntør,tɕøn.tør,2,RR,209,TRUE
чӗнтӗрле,tɕøntørle,tɕøn.tør.le,3,RRF,2,TRUE
чӗнтӗрлен,tɕøntørlen,tɕøn.tør.len,3,RRF,,FALSE
чӗнтӗрлеттер,tɕøntørletter,tɕøn.tør.let.ter,4,RRFF,,FALSE
чӗнтӗрлӗ,tɕøntørlø,tɕøn.tør.lø,3,RRR,864,TRUE
чӗнӳ,tɕøny,tɕø.ny,2,RF,110,TRUE
чӗнӳллӗ,tɕønyllø,tɕø.nyl.lø,3,RFR,27,TRUE
чӗп,tɕøp,tɕøp,1,R,897,TRUE
чӗпӗ,tɕøpø,tɕø.pø,2,RR,289,TRUE
чӗпӗлен,tɕøpølen,tɕø.pø.len,3,RRF,,FALSE
чӗпӗлтет,tɕøpøltet,tɕø.pøl.tet,3,RRF,,FALSE
чӗпӗт,tɕøpøt,tɕø.pøt,2,RR,5,TRUE
чӗпӗттер,tɕøpøtter,tɕø.pøt.ter,3,RRF,2,TRUE
чӗптӗм,tɕøptøm,tɕøp.tøm,2,RR,357,TRUE
чӗпчӗрке,tɕøptɕørke,tɕøp.tɕør.ke,3,RRF,2,TRUE
чӗр,tɕør,tɕør,1,R,3506,TRUE
чӗре,tɕøre,tɕø.re,2,RF,5551,TRUE
чӗрей,tɕørej,tɕø.rej,2,RF,,FALSE
чӗреллӗ,tɕørellø,tɕø.rel.lø,3,RFR,688,TRUE
чӗренче,tɕørentɕe,tɕø.ren.tɕe,3,RFF,15,TRUE
чӗрес,tɕøres,tɕø.res,2,RF,144,TRUE
чӗресӗр,tɕøresør,tɕø.re.sør,3,RFR,52,TRUE
чӗресӗрлӗх,tɕøresørløx,tɕø.re.sør.løx,4,RFRR,,FALSE
чӗреслетсе,tɕøresletse,tɕø.res.le.tse,4,RFFF,28,TRUE
чӗрӗ,tɕørø,tɕø.rø,2,RR,4188,TRUE
чӗрӗк,tɕørøk,tɕø.røk,2,RR,483,TRUE
чӗрӗл,tɕørøl,tɕø.røl,2,RR,9,TRUE
чӗрӗлен,tɕørølen,tɕø.rø.len,3,RRF,7,TRUE
чӗрӗлет,tɕørølet,tɕø.rø.let,3,RRF,179,TRUE
чӗрӗлӗх,tɕørøløx,tɕø.rø.løx,3,RRR,587,TRUE
чӗрӗлӗхлӗ,tɕørøløxlø,tɕø.rø.løx.lø,4,RRRR,9,TRUE
чӗрӗлле,tɕørølle,tɕø.røl.le,3,RRF,148,TRUE
чӗрӗлтер,tɕørølter,tɕø.røl.ter,3,RRF,,FALSE
чӗрӗлти,tɕørølti,tɕø.røl.ti,3,RRF,1,TRUE
чӗрӗлӳ,tɕørøly,tɕø.rø.ly,3,RRF,86,TRUE
чӗрӗм,tɕørøm,tɕø.røm,2,RR,42,TRUE
чӗрӗп,tɕørøp,tɕø.røp,2,RR,357,TRUE
чӗрӗпле,tɕørøple,tɕø.røp.le,3,RRF,2,TRUE
чӗрӗплеттер,tɕørøpletter,tɕø.røp.let.ter,4,RRFF,,FALSE
чӗрик,tɕørik,tɕø.rik,2,RF,44,TRUE
чӗриклет,tɕøriklet,tɕø.rik.let,3,RFF,,FALSE
чӗриклеттер,tɕørikletter,tɕø.rik.let.ter,4,RFFF,,FALSE
чӗриклетӳ,tɕøriklety,tɕø.rik.le.ty,4,RFFF,,FALSE
чӗрке,tɕørke,tɕør.ke,2,RF,17,TRUE
чӗркеле,tɕørkele,tɕør.ke.le,3,RFF,,FALSE
чӗркелен,tɕørkelen,tɕør.ke.len,3,RFF,,FALSE
чӗркеленчӗк,tɕørkelentɕøk,tɕør.ke.len.tɕøk,4,RFFR,2,TRUE
чӗркем,tɕørkem,tɕør.kem,2,RF,20,TRUE
чӗркемле,tɕørkemle,tɕør.kem.le,3,RFF,,FALSE
чӗркемлӗ,tɕørkemlø,tɕør.kem.lø,3,RFR,,FALSE
чӗркен,tɕørken,tɕør.ken,2,RF,2,TRUE
чӗркентер,tɕørkenter,tɕør.ken.ter,3,RFF,,FALSE
чӗркеттер,tɕørketter,tɕør.ket.ter,3,RFF,,FALSE
чӗркӗмӗл,tɕørkømøl,tɕør.kø.møl,3,RRR,58,TRUE
чӗркум,tɕørkum,tɕør.kum,2,RF,,FALSE
чӗркуҫлен,tɕørkuɕlen,tɕør.kuɕ.len,3,RFF,15,TRUE
чӗркуҫлентер,tɕørkuɕlenter,tɕør.kuɕ.len.ter,4,RFFF,1,TRUE
чӗркуҫҫи,tɕørkuɕɕi,tɕør.kuɕ.ɕi,3,RFF,616,TRUE
чӗрлӗх,tɕørløx,tɕør.løx,2,RR,2132,TRUE
чӗрме,tɕørme,tɕør.me,2,RF,17,TRUE
чӗрмеле,tɕørmele,tɕør.me.le,3,RFF,,FALSE
чӗрмелен,tɕørmelen,tɕør.me.len,3,RFF,,FALSE
чӗрне,tɕørne,tɕør.ne,2,RF,437,TRUE
чӗрнеккей,tɕørnekkej,tɕør.nek.kej,3,RFF,,FALSE
чӗрнеллӗ,tɕørnellø,tɕør.nel.lø,3,RFR,96,TRUE
чӗрпӗк,tɕørpøk,tɕør.pøk,2,RR,4,TRUE
чӗрпӗкле,tɕørpøkle,tɕør.pøk.le,3,RRF,,FALSE
чӗрпӗклен,tɕørpøklen,tɕør.pøk.len,3,RRF,,FALSE
чӗрпӗклентер,tɕørpøklenter,tɕør.pøk.len.ter,4,RRFF,,FALSE
чӗрпӗн,tɕørpøn,tɕør.pøn,2,RR,,FALSE
чӗрпӗнкӗ,tɕørpønkø,tɕør.pøn.kø,3,RRR,1,TRUE
чӗррӗн,tɕørrøn,tɕør.røn,2,RR,228,TRUE
чӗрҫи,tɕørɕi,tɕør.ɕi,2,RF,201,TRUE
чӗрҫитти,tɕørɕitti,tɕør.ɕit.ti,3,RFF,55,TRUE
чӗрт,tɕørt,tɕørt,1,R,39,TRUE
чӗртавар,tɕørtaʋar,tɕør.ta.ʋar,3,RFF,50,TRUE
чӗртер,tɕørter,tɕør.ter,2,RF,6,TRUE
чӗрттер,tɕørtter,tɕørt.ter,2,RF,4,TRUE
чӗрчун,tɕørtɕun,tɕør.tɕun,2,RF,880,TRUE
чӗтре,tɕøtre,tɕøt.re,2,RF,193,TRUE
чӗтрев,tɕøtreʋ,tɕøt.reʋ,2,RF,16,TRUE
чӗтревлӗ,tɕøtreʋlø,tɕøt.reʋ.lø,3,RFR,44,TRUE
чӗтреке,tɕøtreke,tɕøt.re.ke,3,RFF,,FALSE
чӗтреме,tɕøtreme,tɕøt.re.me,3,RFF,319,TRUE
чӗтрен,tɕøtren,tɕøt.ren,2,RF,9,TRUE
чӗтренкӗ,tɕøtrenkø,tɕøt.ren.kø,3,RFR,2,TRUE
чӗтрентер,tɕøtrenter,tɕøt.ren.ter,3,RFF,1,TRUE
чӗтренӳ,tɕøtreny,tɕøt.re.ny,3,RFF,,FALSE
чӗтренчӗк,tɕøtrentɕøk,tɕøt.ren.tɕøk,3,RFR,21,TRUE
чӗтрет,tɕøtret,tɕøt.ret,2,RF,335,TRUE
чӗтреттер,tɕøtretter,tɕøt.ret.ter,3,RFF,,FALSE
чӗчӗ,tɕøtɕø,tɕø.tɕø,2,RR,132,TRUE
чи,tɕi,tɕi,1,F,36722,TRUE
чичи,tɕitɕi,tɕi.tɕi,2,FF,,FALSE
чие,tɕie,tɕi.e,2,FF,567,TRUE
чиелӗх,tɕieløx,tɕi.e.løx,3,FFR,6,TRUE
чик,tɕik,tɕik,1,F,300,TRUE
чикан,tɕikan,tɕi.kan,2,FF,434,TRUE
чиканла,tɕikanla,tɕi.kan.la,3,FFF,16,TRUE
чиканлан,tɕikanlan,tɕi.kan.lan,3,FFF,,FALSE
чикарккӑ,tɕikarkkɵ,tɕi.kark.kɵ,3,FFR,100,TRUE
чике,tɕike,tɕi.ke,2,FF,427,TRUE
чикелен,tɕikelen,tɕi.ke.len,3,FFF,,FALSE
чикелентер,tɕikelenter,tɕi.ke.len.ter,4,FFFF,,FALSE
чикен,tɕiken,tɕi.ken,2,FF,36,TRUE
чикенек,tɕikenek,tɕi.ke.nek,3,FFF,8,TRUE
чикӗ,tɕikø,tɕi.kø,2,FR,1612,TRUE
чикӗлмакӑль,tɕikølmakɵlʲ,tɕi.køl.ma.kɵlʲ,4,FRFR,,FALSE
чикӗле,tɕikøle,tɕi.kø.le,3,FRF,,FALSE
чикӗлен,tɕikølen,tɕi.kø.len,3,FRF,,FALSE
чикӗлеш,tɕikøleʃ,tɕi.kø.leʃ,3,FRF,,FALSE
чикӗллӗ,tɕikøllø,tɕi.køl.lø,3,FRR,16,TRUE
чикӗм,tɕikøm,tɕi.køm,2,FR,36,TRUE
чикӗмле,tɕikømle,tɕi.køm.le,3,FRF,,FALSE
чикӗн,tɕikøn,tɕi.køn,2,FR,11,TRUE
чикӗнтер,tɕikønter,tɕi.køn.ter,3,FRF,1,TRUE
чикӗнчӗк,tɕikøntɕøk,tɕi.køn.tɕøk,3,FRR,3,TRUE
чикӗсӗр,tɕikøsør,tɕi.kø.sør,3,FRR,140,TRUE
чикӗсӗрлӗх,tɕikøsørløx,tɕi.kø.sør.løx,4,FRRR,,FALSE
чикӗш,tɕikøʃ,tɕi.køʃ,2,FR,,FALSE
чикӗшӳ,tɕikøʃy,tɕi.kø.ʃy,3,FRF,2,TRUE
чиклеке,tɕikleke,tɕik.le.ke,3,FFF,,FALSE
чиклет,tɕiklet,tɕik.let,2,FF,1,TRUE
чиклеш,tɕikleʃ,tɕik.leʃ,2,FF,,FALSE
чикме,tɕikme,tɕik.me,2,FF,414,TRUE
чикмек,tɕikmek,tɕik.mek,2,FF,49,TRUE
чикмекле,tɕikmekle,tɕik.mek.le,3,FFF,,FALSE
чикмеклен,tɕikmeklen,tɕik.mek.len,3,FFF,,FALSE
чиктер,tɕikter,tɕik.ter,2,FF,,FALSE
чилек,tɕilek,tɕi.lek,2,FF,,FALSE
чилет,tɕilet,tɕi.let,2,FF,,FALSE
чилик,tɕilik,tɕi.lik,2,FF,2,TRUE
чиликлет,tɕiliklet,tɕi.lik.let,3,FFF,,FALSE
чим,tɕim,tɕim,1,F,1992,TRUE
чин,tɕin,tɕin,1,F,77,TRUE
чинавкка,tɕinaʋkka,tɕi.naʋk.ka,3,FFF,,FALSE
чинар,tɕinar,tɕi.nar,2,FF,4,TRUE
чини,tɕini,tɕi.ni,2,FF,,FALSE
чипчип,tɕiptɕip,tɕip.tɕip,2,FF,,FALSE
чипчипер,tɕiptɕiper,tɕip.tɕi.per,3,FFF,4,TRUE
чипчиплен,tɕiptɕiplen,tɕip.tɕip.len,3,FFF,,FALSE
чипер,tɕiper,tɕi.per,2,FF,3971,TRUE
чиперкке,tɕiperkke,tɕi.perk.ke,3,FFF,623,TRUE
чиперккелен,tɕiperkkelen,tɕi.perk.ke.len,4,FFFF,,FALSE
чиперлен,tɕiperlen,tɕi.per.len,3,FFF,1,TRUE
чиперлентер,tɕiperlenter,tɕi.per.len.ter,4,FFFF,,FALSE
чиперлет,tɕiperlet,tɕi.per.let,3,FFF,,FALSE
чиперлӗх,tɕiperløx,tɕi.per.løx,3,FFR,25,TRUE
чиперрӗн,tɕiperrøn,tɕi.per.røn,3,FFR,58,TRUE
чиплет,tɕiplet,tɕip.let,2,FF,,FALSE
чир,tɕir,tɕir,1,F,2638,TRUE
чирсуран,tɕirsuran,tɕir.su.ran,3,FFF,,FALSE
чирчӗр,tɕirtɕør,tɕir.tɕør,2,FR,11,TRUE
чиркӳ,tɕirky,tɕir.ky,2,FF,2771,TRUE
чирле,tɕirle,tɕir.le,2,FF,45,TRUE
чирлеттер,tɕirletter,tɕir.let.ter,3,FFF,1,TRUE
чирлешке,tɕirleʃke,tɕir.leʃ.ke,3,FFF,6,TRUE
чирлӗ,tɕirlø,tɕir.lø,2,FR,2046,TRUE
чирлӗсурлӑ,tɕirløsurlɵ,tɕir.lø.sur.lɵ,4,FRFR,,FALSE
чирлӗчӗрлӗ,tɕirløtɕørlø,tɕir.lø.tɕør.lø,4,FRRR,,FALSE
чирт,tɕirt,tɕirt,1,F,2,TRUE
числа,tɕisla,tɕis.la,2,FF,24,TRUE
чистах,tɕistax,tɕis.tax,2,FF,5,TRUE
чисти,tɕisti,tɕis.ti,2,FF,173,TRUE
читлӗх,tɕitløx,tɕit.løx,2,FR,63,TRUE
читнай,tɕitnaj,tɕit.naj,2,FF,,FALSE
читтӗк,tɕittøk,tɕit.tøk,2,FR,,FALSE
чихлат,tɕixlat,tɕix.lat,2,FF,,FALSE
член,tɕlen,tɕlen,1,F,175,TRUE
чу,tɕu,tɕu,1,F,130,TRUE
чувяк,tɕuʋjak,tɕuʋ.jak,2,FF,,FALSE
чук,tɕuk,tɕuk,1,F,22,TRUE
чукмар,tɕukmar,tɕuk.mar,2,FF,151,TRUE
чукун,tɕukun,tɕu.kun,2,FF,1926,TRUE
чукча,tɕuktɕa,tɕuk.tɕa,2,FF,29,TRUE
чул,tɕul,tɕul,1,F,4870,TRUE
чула,tɕula,tɕu.la,2,FF,288,TRUE
чулат,tɕulat,tɕu.lat,2,FF,,FALSE
чулӗк,tɕuløk,tɕu.løk,2,FR,,FALSE
чулла,tɕulla,tɕul.la,2,FF,9,TRUE
чуллан,tɕullan,tɕul.lan,2,FF,,FALSE
чуллантар,tɕullantar,tɕul.lan.tar,3,FFF,,FALSE
чулланчӑк,tɕullantɕɵk,tɕul.lan.tɕɵk,3,FFR,1,TRUE
чуллӑ,tɕullɵ,tɕul.lɵ,2,FR,347,TRUE
чуллӑх,tɕullɵx,tɕul.lɵx,2,FR,2,TRUE
чулрав,tɕulraʋ,tɕul.raʋ,2,FF,1,TRUE
чума,tɕuma,tɕu.ma,2,FF,30,TRUE
чумаллӑ,tɕumallɵ,tɕu.mal.lɵ,3,FFR,,FALSE
чуман,tɕuman,tɕu.man,2,FF,40,TRUE
чуманлан,tɕumanlan,tɕu.man.lan,3,FFF,,FALSE
чуманлат,tɕumanlat,tɕu.man.lat,3,FFF,,FALSE
чумантай,tɕumantaj,tɕu.man.taj,3,FFF,1,TRUE
чун,tɕun,tɕun,1,F,15486,TRUE
чунвар,tɕunʋar,tɕun.ʋar,2,FF,,FALSE
чункӑмӑл,tɕunkɵmɵl,tɕun.kɵ.mɵl,3,FRR,,FALSE
чунчӗм,tɕuntɕøm,tɕun.tɕøm,2,FR,,FALSE
чунчӗре,tɕuntɕøre,tɕun.tɕø.re,3,FRF,5,TRUE
чунчӗреллӗ,tɕuntɕørellø,tɕun.tɕø.rel.lø,4,FRFR,2,TRUE
чунавальник,tɕunaʋalʲnik,tɕu.na.ʋalʲ.nik,4,FFFF,,FALSE
чунилли,tɕunilli,tɕu.nil.li,3,FFF,51,TRUE
чунлан,tɕunlan,tɕun.lan,2,FF,,FALSE
чунлантар,tɕunlantar,tɕun.lan.tar,3,FFF,,FALSE
чунлаш,tɕunlaʃ,tɕun.laʃ,2,FF,,FALSE
чунлӑ,tɕunlɵ,tɕun.lɵ,2,FR,1685,TRUE
чунлӑх,tɕunlɵx,tɕun.lɵx,2,FR,58,TRUE
чунсӑр,tɕunsɵr,tɕun.sɵr,2,FR,412,TRUE
чунсӑрлан,tɕunsɵrlan,tɕun.sɵr.lan,3,FRF,,FALSE
чунсӑрлӑх,tɕunsɵrlɵx,tɕun.sɵr.lɵx,3,FRR,25,TRUE
чунтанвартан,tɕuntanʋartan,tɕun.tan.ʋar.tan,4,FFFF,3,TRUE
чуп,tɕup,tɕup,1,F,1714,TRUE
чупӑ,tɕupɵ,tɕu.pɵ,2,FR,2,TRUE
чупкалаш,tɕupkalaʃ,tɕup.ka.laʃ,3,FFF,,FALSE
чупкалу,tɕupkalu,tɕup.ka.lu,3,FFF,,FALSE
чупкӑн,tɕupkɵn,tɕup.kɵn,2,FR,70,TRUE
чуппа,tɕuppa,tɕup.pa,2,FF,23,TRUE
чуптар,tɕuptar,tɕup.tar,2,FF,65,TRUE
чупту,tɕuptu,tɕup.tu,2,FF,91,TRUE
чуптутар,tɕuptutar,tɕup.tu.tar,3,FFF,4,TRUE
чупу,tɕupu,tɕu.pu,2,FF,180,TRUE
чура,tɕura,tɕu.ra,2,FF,433,TRUE
чуралан,tɕuralan,tɕu.ra.lan,3,FFF,,FALSE
чуралантар,tɕuralantar,tɕu.ra.lan.tar,4,FFFF,,FALSE
чуралат,tɕuralat,tɕu.ra.lat,3,FFF,,FALSE
чуралӑх,tɕuralɵx,tɕu.ra.lɵx,3,FFR,66,TRUE
чурӑс,tɕurɵs,tɕu.rɵs,2,FR,98,TRUE
чурӑслан,tɕurɵslan,tɕu.rɵs.lan,3,FRF,,FALSE
чурӑслӑх,tɕurɵslɵx,tɕu.rɵs.lɵx,3,FRR,8,TRUE
чурӑссӑн,tɕurɵssɵn,tɕu.rɵs.sɵn,3,FRR,11,TRUE
чурхат,tɕurxat,tɕur.xat,2,FF,,FALSE
чус,tɕus,tɕus,1,F,64,TRUE
чусла,tɕusla,tɕus.la,2,FF,,FALSE
чуста,tɕusta,tɕus.ta,2,FF,659,TRUE
чустала,tɕustala,tɕus.ta.la,3,FFF,,FALSE
чусталан,tɕustalan,tɕus.ta.lan,3,FFF,,FALSE
чут,tɕut,tɕut,1,F,111,TRUE
чутла,tɕutla,tɕut.la,2,FF,8,TRUE
чутлан,tɕutlan,tɕut.lan,2,FF,4,TRUE
чутлаттар,tɕutlattar,tɕut.lat.tar,3,FFF,,FALSE
чух,tɕux,tɕux,1,F,18929,TRUE
чухчух,tɕuxtɕux,tɕux.tɕux,2,FF,,FALSE
чухӑ,tɕuxɵ,tɕu.xɵ,2,FR,4,TRUE
чухӑн,tɕuxɵn,tɕu.xɵn,2,FR,1398,TRUE
чухӑнчахӑн,tɕuxɵntɕaxɵn,tɕu.xɵn.tɕa.xɵn,4,FRFR,,FALSE
чухӑнлан,tɕuxɵnlan,tɕu.xɵn.lan,3,FRF,3,TRUE
чухӑнлантар,tɕuxɵnlantar,tɕu.xɵn.lan.tar,4,FRFF,,FALSE
чухӑнлат,tɕuxɵnlat,tɕu.xɵn.lat,3,FRF,,FALSE
чухӑнлӑх,tɕuxɵnlɵx,tɕu.xɵn.lɵx,3,FRR,104,TRUE
чухла,tɕuxla,tɕux.la,2,FF,22,TRUE
чухлав,tɕuxlaʋ,tɕux.laʋ,2,FF,1,TRUE
чухлавлӑ,tɕuxlaʋlɵ,tɕux.laʋ.lɵ,3,FFR,2,TRUE
чухлавсӑр,tɕuxlaʋsɵr,tɕux.laʋ.sɵr,3,FFR,1,TRUE
чухлаттар,tɕuxlattar,tɕux.lat.tar,3,FFF,,FALSE
чухлӑ,tɕuxlɵ,tɕux.lɵ,2,FR,10,TRUE
чухлӗ,tɕuxlø,tɕux.lø,2,FR,9464,TRUE
чухне,tɕuxne,tɕux.ne,2,FF,41758,TRUE
чухнехи,tɕuxnexi,tɕux.ne.xi,3,FFF,2713,TRUE
чухрах,tɕuxrax,tɕux.rax,2,FF,9,TRUE
чуху,tɕuxu,tɕu.xu,2,FF,5,TRUE
чуххӑм,tɕuxxɵm,tɕux.xɵm,2,FR,19,TRUE
чуххӑмӑн,tɕuxxɵmɵn,tɕux.xɵ.mɵn,3,FRR,15,TRUE
чуччу,tɕutɕtɕu,tɕutɕ.tɕu,2,FF,151,TRUE
чушка,tɕuʃka,tɕuʃ.ka,2,FF,4,TRUE
чушкӑлла,tɕuʃkɵlla,tɕuʃ.kɵl.la,3,FRF,5,TRUE
чӳк,tɕyk,tɕyk,1,F,3130,TRUE
чӳккӗлӗ,tɕykkølø,tɕyk.kø.lø,3,FRR,,FALSE
чӳкле,tɕykle,tɕyk.le,2,FF,2,TRUE
чӳклев,tɕykleʋ,tɕyk.leʋ,2,FF,11,TRUE
чӳклеме,tɕykleme,tɕyk.le.me,3,FFF,136,TRUE
чӳкҫӗ,tɕykɕø,tɕyk.ɕø,2,FR,8,TRUE
чӳлӗкле,tɕyløkle,tɕy.løk.le,3,FRF,,FALSE
чӳлмек,tɕylmek,tɕyl.mek,2,FF,236,TRUE
чӳлмекҫӗ,tɕylmekɕø,tɕyl.mek.ɕø,3,FFR,5,TRUE
чӳнк,tɕynk,tɕynk,1,F,,FALSE
чӳнкӗр,tɕynkør,tɕyn.kør,2,FR,1,TRUE
чӳпӗк,tɕypøk,tɕy.pøk,2,FR,37,TRUE
чӳрече,tɕyretɕe,tɕy.re.tɕe,3,FFF,2734,TRUE
чӳхе,tɕyxe,tɕy.xe,2,FF,5,TRUE
чӳхен,tɕyxen,tɕy.xen,2,FF,4,TRUE
чӳхентер,tɕyxenter,tɕy.xen.ter,3,FFF,1,TRUE
чӳхенӳ,tɕyxeny,tɕy.xe.ny,3,FFF,2,TRUE
чӳхенчӗк,tɕyxentɕøk,tɕy.xen.tɕøk,3,FFR,1,TRUE
чӳхеттер,tɕyxetter,tɕy.xet.ter,3,FFF,,FALSE
чху,tɕxu,tɕxu,1,F,3,TRUE
чылай,tɕʉlaj,tɕʉ.laj,2,FF,14306,TRUE
чылайӑш,tɕʉlajɵʃ,tɕʉ.la.jɵʃ,3,FFR,71,TRUE
чылаййӑн,tɕʉlajjɵn,tɕʉ.laj.jɵn,3,FFR,139,TRUE
чылайлан,tɕʉlajlan,tɕʉ.laj.lan,3,FFF,,FALSE
чылайлӑх,tɕʉlajlɵx,tɕʉ.laj.lɵx,3,FFR,1,TRUE
чылайранпа,tɕʉlajranpa,tɕʉ.laj.ran.pa,4,FFFF,290,TRUE
чылайхи,tɕʉlajxi,tɕʉ.laj.xi,3,FFF,,FALSE
чылайччен,tɕʉlajtɕtɕen,tɕʉ.lajtɕ.tɕen,3,FFF,1448,TRUE
чылайшар,tɕʉlajʃar,tɕʉ.laj.ʃar,3,FFF,2,TRUE
чылайшарӑн,tɕʉlajʃarɵn,tɕʉ.laj.ʃa.rɵn,4,FFFR,,FALSE
чыс,tɕʉs,tɕʉs,1,F,1095,TRUE
чысхисеп,tɕʉsxisep,tɕʉs.xi.sep,3,FFF,,FALSE
чысла,tɕʉsla,tɕʉs.la,2,FF,9,TRUE
чыслӑ,tɕʉslɵ,tɕʉs.lɵ,2,FR,426,TRUE
чыслӑн,tɕʉslɵn,tɕʉs.lɵn,2,FR,327,TRUE
чыслӑх,tɕʉslɵx,tɕʉs.lɵx,2,FR,44,TRUE
чыссӑр,tɕʉssɵr,tɕʉs.sɵr,2,FR,79,TRUE
чыссӑрла,tɕʉssɵrla,tɕʉs.sɵr.la,3,FRF,5,TRUE
чыссӑрлан,tɕʉssɵrlan,tɕʉs.sɵr.lan,3,FRF,,FALSE
чыссӑрлат,tɕʉssɵrlat,tɕʉs.sɵr.lat,3,FRF,,FALSE
чыссӑрлӑх,tɕʉssɵrlɵx,tɕʉs.sɵr.lɵx,3,FRR,6,TRUE
чых,tɕʉx,tɕʉx,1,F,5,TRUE
чыхӑн,tɕʉxɵn,tɕʉ.xɵn,2,FR,6,TRUE
чыхӑнтар,tɕʉxɵntar,tɕʉ.xɵn.tar,3,FRF,1,TRUE
чыхлан,tɕʉxlan,tɕʉx.lan,2,FF,,FALSE
чыш,tɕʉʃ,tɕʉʃ,1,F,16,TRUE
чышӑн,tɕʉʃɵn,tɕʉ.ʃɵn,2,FR,,FALSE
чышкӑ,tɕʉʃkɵ,tɕʉʃ.kɵ,2,FR,170,TRUE
чышкӑла,tɕʉʃkɵla,tɕʉʃ.kɵ.la,3,FRF,,FALSE
чышкӑн,tɕʉʃkɵn,tɕʉʃ.kɵn,2,FR,4,TRUE
чышкӑнтар,tɕʉʃkɵntar,tɕʉʃ.kɵn.tar,3,FRF,,FALSE
чыштар,tɕʉʃtar,tɕʉʃ.tar,2,FF,,FALSE
ша,ʃa,ʃa,1,F,164,TRUE
шав,ʃaʋ,ʃaʋ,1,F,1752,TRUE
шавкама,ʃaʋkama,ʃaʋ.ka.ma,3,FFF,,FALSE
шавкӑн,ʃaʋkɵn,ʃaʋ.kɵn,2,FR,4,TRUE
шавла,ʃaʋla,ʃaʋ.la,2,FF,162,TRUE
шавлат,ʃaʋlat,ʃaʋ.lat,2,FF,1,TRUE
шавлаттар,ʃaʋlattar,ʃaʋ.lat.tar,3,FFF,,FALSE
шавлаш,ʃaʋlaʃ,ʃaʋ.laʃ,2,FF,2,TRUE
шавлӑ,ʃaʋlɵ,ʃaʋ.lɵ,2,FR,728,TRUE
шавлӑн,ʃaʋlɵn,ʃaʋ.lɵn,2,FR,245,TRUE
шавлӑх,ʃaʋlɵx,ʃaʋ.lɵx,2,FR,,FALSE
шай,ʃaj,ʃaj,1,F,371,TRUE
шайшай,ʃajʃaj,ʃaj.ʃaj,2,FF,,FALSE
шайка,ʃajka,ʃaj.ka,2,FF,6,TRUE
шайкка,ʃajkka,ʃajk.ka,2,FF,15,TRUE
шайла,ʃajla,ʃaj.la,2,FF,1,TRUE
шайлан,ʃajlan,ʃaj.lan,2,FF,,FALSE
шайлану,ʃajlanu,ʃaj.la.nu,3,FFF,,FALSE
шайлаттар,ʃajlattar,ʃaj.lat.tar,3,FFF,,FALSE
шайлаш,ʃajlaʃ,ʃaj.laʃ,2,FF,,FALSE
шайлаштар,ʃajlaʃtar,ʃaj.laʃ.tar,3,FFF,,FALSE
шайлашу,ʃajlaʃu,ʃaj.la.ʃu,3,FFF,30,TRUE
шайлашулӑх,ʃajlaʃulɵx,ʃaj.la.ʃu.lɵx,4,FFFR,17,TRUE
шайлашуллӑ,ʃajlaʃullɵ,ʃaj.la.ʃul.lɵ,4,FFFR,52,TRUE
шайлашуллӑн,ʃajlaʃullɵn,ʃaj.la.ʃul.lɵn,4,FFFR,9,TRUE
шайлашусӑр,ʃajlaʃusɵr,ʃaj.la.ʃu.sɵr,4,FFFR,5,TRUE
шайлашусӑрлӑх,ʃajlaʃusɵrlɵx,ʃaj.la.ʃu.sɵr.lɵx,5,FFFRR,,FALSE
шайлӑ,ʃajlɵ,ʃaj.lɵ,2,FR,79,TRUE
шайлӑн,ʃajlɵn,ʃaj.lɵn,2,FR,5,TRUE
шаймак,ʃajmak,ʃaj.mak,2,FF,,FALSE
шайсӑр,ʃajsɵr,ʃaj.sɵr,2,FR,1,TRUE
шак,ʃak,ʃak,1,F,723,TRUE
шака,ʃaka,ʃa.ka,2,FF,109,TRUE
шакал,ʃakal,ʃa.kal,2,FF,42,TRUE
шакӑлшакӑл,ʃakɵlʃakɵl,ʃa.kɵl.ʃa.kɵl,4,FRFR,,FALSE
шакӑлт,ʃakɵlt,ʃa.kɵlt,2,FR,9,TRUE
шакӑлтат,ʃakɵltat,ʃa.kɵl.tat,3,FRF,,FALSE
шакӑлтаттар,ʃakɵltattar,ʃa.kɵl.tat.tar,4,FRFF,,FALSE
шакӑлти,ʃakɵlti,ʃa.kɵl.ti,3,FRF,2,TRUE
шакӑлча,ʃakɵltɕa,ʃa.kɵl.tɕa,3,FRF,6,TRUE
шакӑр,ʃakɵr,ʃa.kɵr,2,FR,267,TRUE
шакӑркка,ʃakɵrkka,ʃa.kɵrk.ka,3,FRF,2,TRUE
шакӑрт,ʃakɵrt,ʃa.kɵrt,2,FR,25,TRUE
шакӑртат,ʃakɵrtat,ʃa.kɵr.tat,3,FRF,1,TRUE
шакӑртаттар,ʃakɵrtattar,ʃa.kɵr.tat.tar,4,FRFF,1,TRUE
шакӑртӑк,ʃakɵrtɵk,ʃa.kɵr.tɵk,3,FRR,8,TRUE
шакӑртма,ʃakɵrtma,ʃa.kɵrt.ma,3,FRF,9,TRUE
шакӑрттин,ʃakɵrttin,ʃa.kɵrt.tin,3,FRF,,FALSE
шакӑрча,ʃakɵrtɕa,ʃa.kɵr.tɕa,3,FRF,9,TRUE
шакӑрчаклан,ʃakɵrtɕaklan,ʃa.kɵr.tɕak.lan,4,FRFF,,FALSE
шакӑрчаллӑ,ʃakɵrtɕallɵ,ʃa.kɵr.tɕal.lɵ,4,FRFR,3,TRUE
шакка,ʃakka,ʃak.ka,2,FF,133,TRUE
шаккаттар,ʃakkattar,ʃak.kat.tar,3,FFF,,FALSE
шаккит,ʃakkit,ʃak.kit,2,FF,2,TRUE
шакла,ʃakla,ʃak.la,2,FF,261,TRUE
шаклан,ʃaklan,ʃak.lan,2,FF,,FALSE
шаклат,ʃaklat,ʃak.lat,2,FF,1,TRUE
шаклаттар,ʃaklattar,ʃak.lat.tar,3,FFF,,FALSE
шакмак,ʃakmak,ʃak.mak,2,FF,42,TRUE
шакмаклӑ,ʃakmaklɵ,ʃak.mak.lɵ,3,FFR,6,TRUE
шал,ʃal,ʃal,1,F,244,TRUE
шала,ʃala,ʃa.la,2,FF,970,TRUE
шалак,ʃalak,ʃa.lak,2,FF,4,TRUE
шалалла,ʃalalla,ʃa.lal.la,3,FFF,346,TRUE
шаланкӑ,ʃalankɵ,ʃa.lan.kɵ,3,FFR,44,TRUE
шалатка,ʃalatka,ʃa.lat.ka,3,FFF,4,TRUE
шалаткалан,ʃalatkalan,ʃa.lat.ka.lan,4,FFFF,,FALSE
шалаш,ʃalaʃ,ʃa.laʃ,2,FF,20,TRUE
шалашка,ʃalaʃka,ʃa.laʃ.ka,3,FFF,1,TRUE
шалӑп,ʃalɵp,ʃa.lɵp,2,FR,50,TRUE
шалка,ʃalka,ʃal.ka,2,FF,,FALSE
шалкӑм,ʃalkɵm,ʃal.kɵm,2,FR,245,TRUE
шалкӑмлат,ʃalkɵmlat,ʃal.kɵm.lat,3,FRF,,FALSE
шалккӑ,ʃalkkɵ,ʃalk.kɵ,2,FR,102,TRUE
шаллан,ʃallan,ʃal.lan,2,FF,,FALSE
шаллат,ʃallat,ʃal.lat,2,FF,,FALSE
шалпар,ʃalpar,ʃal.par,2,FF,94,TRUE
шалпаркка,ʃalparkka,ʃal.park.ka,3,FFF,1,TRUE
шалпарлан,ʃalparlan,ʃal.par.lan,3,FFF,,FALSE
шалпарлат,ʃalparlat,ʃal.par.lat,3,FFF,,FALSE
шалт,ʃalt,ʃalt,1,F,636,TRUE
шалта,ʃalta,ʃal.ta,2,FF,754,TRUE
шалтан,ʃaltan,ʃal.tan,2,FF,682,TRUE
шалтӑр,ʃaltɵr,ʃal.tɵr,2,FR,62,TRUE
шалтӑркан,ʃaltɵrkan,ʃal.tɵr.kan,3,FRF,,FALSE
шалтӑрт,ʃaltɵrt,ʃal.tɵrt,2,FR,11,TRUE
шалтӑртат,ʃaltɵrtat,ʃal.tɵr.tat,3,FRF,1,TRUE
шалтӑртаттар,ʃaltɵrtattar,ʃal.tɵr.tat.tar,4,FRFF,,FALSE
шалтӑртӑк,ʃaltɵrtɵk,ʃal.tɵr.tɵk,3,FRR,,FALSE
шалтӑрти,ʃaltɵrti,ʃal.tɵr.ti,3,FRF,,FALSE
шалти,ʃalti,ʃal.ti,2,FF,2636,TRUE
шалтлат,ʃaltlat,ʃalt.lat,2,FF,,FALSE
шалтлаттар,ʃaltlattar,ʃalt.lat.tar,3,FFF,,FALSE
шалтрашка,ʃaltraʃka,ʃalt.raʃ.ka,3,FFF,,FALSE
шалу,ʃalu,ʃa.lu,2,FF,1023,TRUE
шалча,ʃaltɕa,ʃal.tɕa,2,FF,319,TRUE
шалчалӑх,ʃaltɕalɵx,ʃal.tɕa.lɵx,3,FFR,,FALSE
шалчалла,ʃaltɕalla,ʃal.tɕal.la,3,FFF,1,TRUE
шаль,ʃalʲ,ʃalʲ,1,F,58,TRUE
шаман,ʃaman,ʃa.man,2,FF,19,TRUE
шампа,ʃampa,ʃam.pa,2,FF,83,TRUE
шампански,ʃampanski,ʃam.pans.ki,3,FFF,89,TRUE
шампӑлт,ʃampɵlt,ʃam.pɵlt,2,FR,5,TRUE
шампӑлтат,ʃampɵltat,ʃam.pɵl.tat,3,FRF,,FALSE
шампӑлтаттар,ʃampɵltattar,ʃam.pɵl.tat.tar,4,FRFF,,FALSE
шампӑлтӑк,ʃampɵltɵk,ʃam.pɵl.tɵk,3,FRR,,FALSE
шампӑр,ʃampɵr,ʃam.pɵr,2,FR,8,TRUE
шампӑрт,ʃampɵrt,ʃam.pɵrt,2,FR,3,TRUE
шампӑртат,ʃampɵrtat,ʃam.pɵr.tat,3,FRF,1,TRUE
шампӑртаттар,ʃampɵrtattar,ʃam.pɵr.tat.tar,4,FRFF,,FALSE
шампунь,ʃampunʲ,ʃam.punʲ,2,FF,45,TRUE
шампур,ʃampur,ʃam.pur,2,FF,7,TRUE
шан,ʃan,ʃan,1,F,378,TRUE
шанӑҫ,ʃanɵɕ,ʃa.nɵɕ,2,FR,1003,TRUE
шанӑҫлӑ,ʃanɵɕlɵ,ʃa.nɵɕ.lɵ,3,FRR,64,TRUE
шанӑҫлӑн,ʃanɵɕlɵn,ʃa.nɵɕ.lɵn,3,FRR,11,TRUE
шанӑҫлӑх,ʃanɵɕlɵx,ʃa.nɵɕ.lɵx,3,FRR,29,TRUE
шанӑҫсӑр,ʃanɵɕsɵr,ʃa.nɵɕ.sɵr,3,FRR,31,TRUE
шанӑҫсӑрлӑх,ʃanɵɕsɵrlɵx,ʃa.nɵɕ.sɵr.lɵx,4,FRRR,3,TRUE
шанӑҫсӑррӑн,ʃanɵɕsɵrrɵn,ʃa.nɵɕ.sɵr.rɵn,4,FRRR,6,TRUE
шанк,ʃank,ʃank,1,F,116,TRUE
шанкав,ʃankaʋ,ʃan.kaʋ,2,FF,6,TRUE
шанкама,ʃankama,ʃan.ka.ma,3,FFF,4,TRUE
шанкӑ,ʃankɵ,ʃan.kɵ,2,FR,263,TRUE
шанкӑл,ʃankɵl,ʃan.kɵl,2,FR,,FALSE
шанкӑла,ʃankɵla,ʃan.kɵ.la,3,FRF,,FALSE
шанкӑлт,ʃankɵlt,ʃan.kɵlt,2,FR,,FALSE
шанкӑр,ʃankɵr,ʃan.kɵr,2,FR,17,TRUE
шанкӑра,ʃankɵra,ʃan.kɵ.ra,3,FRF,,FALSE
шанкӑрма,ʃankɵrma,ʃan.kɵr.ma,3,FRF,,FALSE
шанкӑрт,ʃankɵrt,ʃan.kɵrt,2,FR,4,TRUE
шанкӑртат,ʃankɵrtat,ʃan.kɵr.tat,3,FRF,,FALSE
шанкӑртаттар,ʃankɵrtattar,ʃan.kɵr.tat.tar,4,FRFF,,FALSE
шанккич,ʃankkitɕ,ʃank.kitɕ,2,FF,,FALSE
шанкр,ʃankr,ʃankr,1,F,,FALSE
шанкуй,ʃankuj,ʃan.kuj,2,FF,,FALSE
шанкух,ʃankux,ʃan.kux,2,FF,,FALSE
шанлат,ʃanlat,ʃan.lat,2,FF,,FALSE
шанлаттар,ʃanlattar,ʃan.lat.tar,3,FFF,,FALSE
шанманлӑх,ʃanmanlɵx,ʃan.man.lɵx,3,FFR,12,TRUE
шант,ʃant,ʃant,1,F,3,TRUE
шантал,ʃantal,ʃan.tal,2,FF,13,TRUE
шантар,ʃantar,ʃan.tar,2,FF,5,TRUE
шантару,ʃantaru,ʃan.ta.ru,3,FFF,13,TRUE
шантаруллӑ,ʃantarullɵ,ʃan.ta.rul.lɵ,4,FFFR,2,TRUE
шану,ʃanu,ʃa.nu,2,FF,8,TRUE
шанчӑк,ʃantɕɵk,ʃan.tɕɵk,2,FR,1665,TRUE
шанчӑклӑ,ʃantɕɵklɵ,ʃan.tɕɵk.lɵ,3,FRR,1750,TRUE
шанчӑклӑн,ʃantɕɵklɵn,ʃan.tɕɵk.lɵn,3,FRR,105,TRUE
шанчӑклӑх,ʃantɕɵklɵx,ʃan.tɕɵk.lɵx,3,FRR,157,TRUE
шанчӑксӑр,ʃantɕɵksɵr,ʃan.tɕɵk.sɵr,3,FRR,153,TRUE
шанчӑксӑрлӑх,ʃantɕɵksɵrlɵx,ʃan.tɕɵk.sɵr.lɵx,4,FRRR,1,TRUE
шанчӑксӑррӑн,ʃantɕɵksɵrrɵn,ʃan.tɕɵk.sɵr.rɵn,4,FRRR,10,TRUE
шап,ʃap,ʃap,1,F,2067,TRUE
шапшай,ʃapʃaj,ʃap.ʃaj,2,FF,,FALSE
шапшурӑ,ʃapʃurɵ,ʃap.ʃu.rɵ,3,FFR,21,TRUE
шапа,ʃapa,ʃa.pa,2,FF,472,TRUE
шапар,ʃapar,ʃa.par,2,FF,1,TRUE
шапаҫ,ʃapaɕ,ʃa.paɕ,2,FF,16,TRUE
шапаш,ʃapaʃ,ʃa.paʃ,2,FF,9,TRUE
шапӑлкка,ʃapɵlkka,ʃa.pɵlk.ka,3,FRF,9,TRUE
шапӑлт,ʃapɵlt,ʃa.pɵlt,2,FR,,FALSE
шапӑлтат,ʃapɵltat,ʃa.pɵl.tat,3,FRF,,FALSE
шапӑлтаттар,ʃapɵltattar,ʃa.pɵl.tat.tar,4,FRFF,,FALSE
шапӑлти,ʃapɵlti,ʃa.pɵl.ti,3,FRF,16,TRUE
шапӑр,ʃapɵr,ʃa.pɵr,2,FR,39,TRUE
шапӑрт,ʃapɵrt,ʃa.pɵrt,2,FR,1,TRUE
шапӑртат,ʃapɵrtat,ʃa.pɵr.tat,3,FRF,,FALSE
шапӑртаттар,ʃapɵrtattar,ʃa.pɵr.tat.tar,4,FRFF,,FALSE
шапӑртӑкшапӑртӑк,ʃapɵrtɵkʃapɵrtɵk,ʃa.pɵr.tɵk.ʃa.pɵr.tɵk,6,FRRFRR,,FALSE
шаплат,ʃaplat,ʃap.lat,2,FF,,FALSE
шаплаттар,ʃaplattar,ʃap.lat.tar,3,FFF,1,TRUE
шапульник,ʃapulʲnik,ʃa.pulʲ.nik,3,FFF,,FALSE
шапшӑ,ʃapʃɵ,ʃap.ʃɵ,2,FR,,FALSE
шар,ʃar,ʃar,1,F,1816,TRUE
шарапара,ʃarapara,ʃa.ra.pa.ra,4,FFFF,,FALSE
шарак,ʃarak,ʃa.rak,2,FF,2,TRUE
шараклан,ʃaraklan,ʃa.rak.lan,3,FFF,,FALSE
шараҫ,ʃaraɕ,ʃa.raɕ,2,FF,14,TRUE
шараҫла,ʃaraɕla,ʃa.raɕ.la,3,FFF,2,TRUE
шараҫлан,ʃaraɕlan,ʃa.raɕ.lan,3,FFF,,FALSE
шараҫлӑ,ʃaraɕlɵ,ʃa.raɕ.lɵ,3,FFR,3,TRUE
шарӑлтат,ʃarɵltat,ʃa.rɵl.tat,3,FRF,,FALSE
шарӑх,ʃarɵx,ʃa.rɵx,2,FR,10,TRUE
шари,ʃari,ʃa.ri,2,FF,265,TRUE
шариат,ʃariat,ʃa.ri.at,3,FFF,15,TRUE
шарик,ʃarik,ʃa.rik,2,FF,62,TRUE
шариклӑ,ʃariklɵ,ʃa.rik.lɵ,3,FFR,5,TRUE
шарикле,ʃarikle,ʃa.rik.le,3,FFF,1,TRUE
шариклен,ʃariklen,ʃa.rik.len,3,FFF,,FALSE
шарилет,ʃarilet,ʃa.ri.let,3,FFF,,FALSE
шарилеттер,ʃariletter,ʃa.ri.let.ter,4,FFFF,,FALSE
шарка,ʃarka,ʃar.ka,2,FF,,FALSE
шаркку,ʃarkku,ʃark.ku,2,FF,98,TRUE
шарла,ʃarla,ʃar.la,2,FF,142,TRUE
шарлав,ʃarlaʋ,ʃar.laʋ,2,FF,2,TRUE
шарлавӑк,ʃarlaʋɵk,ʃar.la.ʋɵk,3,FFR,,FALSE
шарлак,ʃarlak,ʃar.lak,2,FF,48,TRUE
шарлаккӑн,ʃarlakkɵn,ʃar.lak.kɵn,3,FFR,4,TRUE
шарлаклӑ,ʃarlaklɵ,ʃar.lak.lɵ,3,FFR,4,TRUE
шарлан,ʃarlan,ʃar.lan,2,FF,,FALSE
шарланкӑ,ʃarlankɵ,ʃar.lan.kɵ,3,FFR,2,TRUE
шарлантар,ʃarlantar,ʃar.lan.tar,3,FFF,,FALSE
шарлат,ʃarlat,ʃar.lat,2,FF,,FALSE
шарлатан,ʃarlatan,ʃar.la.tan,3,FFF,7,TRUE
шарлатанла,ʃarlatanla,ʃar.la.tan.la,4,FFFF,2,TRUE
шарлаттар,ʃarlattar,ʃar.lat.tar,3,FFF,2,TRUE
шарлашка,ʃarlaʃka,ʃar.laʃ.ka,3,FFF,,FALSE
шарлӑ,ʃarlɵ,ʃar.lɵ,2,FR,,FALSE
шарманка,ʃarmanka,ʃar.man.ka,3,FFF,2,TRUE
шарнир,ʃarnir,ʃar.nir,2,FF,2,TRUE
шарнирлӑ,ʃarnirlɵ,ʃar.nir.lɵ,3,FFR,,FALSE
шарт,ʃart,ʃart,1,F,967,TRUE
шартар,ʃartar,ʃar.tar,2,FF,,FALSE
шартла,ʃartla,ʃart.la,2,FF,3,TRUE
шартлак,ʃartlak,ʃart.lak,2,FF,,FALSE
шартлама,ʃartlama,ʃart.la.ma,3,FFF,609,TRUE
шартлат,ʃartlat,ʃart.lat,2,FF,,FALSE
шартлаттар,ʃartlattar,ʃart.lat.tar,3,FFF,,FALSE
шартлату,ʃartlatu,ʃart.la.tu,3,FFF,3,TRUE
шарттин,ʃarttin,ʃart.tin,2,FF,5,TRUE
шаршан,ʃarʃan,ʃar.ʃan,2,FF,27,TRUE
шаршанла,ʃarʃanla,ʃar.ʃan.la,3,FFF,,FALSE
шаршанлат,ʃarʃanlat,ʃar.ʃan.lat,3,FFF,,FALSE
шаршанлӑх,ʃarʃanlɵx,ʃar.ʃan.lɵx,3,FFR,,FALSE
шасси,ʃassi,ʃas.si,2,FF,35,TRUE
шат,ʃat,ʃat,1,F,115,TRUE
шаталак,ʃatalak,ʃa.ta.lak,3,FFF,6,TRUE
шатарт,ʃatart,ʃa.tart,2,FF,,FALSE
шатӑлтаттар,ʃatɵltattar,ʃa.tɵl.tat.tar,4,FRFF,,FALSE
шатӑн,ʃatɵn,ʃa.tɵn,2,FR,2,TRUE
шатӑр,ʃatɵr,ʃa.tɵr,2,FR,127,TRUE
шатӑркӑ,ʃatɵrkɵ,ʃa.tɵr.kɵ,3,FRR,,FALSE
шатӑрт,ʃatɵrt,ʃa.tɵrt,2,FR,98,TRUE
шатӑртат,ʃatɵrtat,ʃa.tɵr.tat,3,FRF,1,TRUE
шатӑртаттар,ʃatɵrtattar,ʃa.tɵr.tat.tar,4,FRFF,2,TRUE
шатлат,ʃatlat,ʃat.lat,2,FF,,FALSE
шатлаттар,ʃatlattar,ʃat.lat.tar,3,FFF,,FALSE
шатлӑх,ʃatlɵx,ʃat.lɵx,2,FR,2,TRUE
шатра,ʃatra,ʃat.ra,2,FF,403,TRUE
шатралан,ʃatralan,ʃat.ra.lan,3,FFF,,FALSE
шатралантар,ʃatralantar,ʃat.ra.lan.tar,4,FFFF,,FALSE
шатралат,ʃatralat,ʃat.ra.lat,3,FFF,,FALSE
шатраллӑ,ʃatrallɵ,ʃat.ral.lɵ,3,FFR,34,TRUE
шатрашка,ʃatraʃka,ʃat.raʃ.ka,3,FFF,3,TRUE
шатрашкаллӑ,ʃatraʃkallɵ,ʃat.raʃ.kal.lɵ,4,FFFR,2,TRUE
шатрун,ʃatrun,ʃat.run,2,FF,41,TRUE
шаттун,ʃattun,ʃat.tun,2,FF,,FALSE
шатун,ʃatun,ʃa.tun,2,FF,5,TRUE
шатунлӑ,ʃatunlɵ,ʃa.tun.lɵ,3,FFR,,FALSE
шах,ʃax,ʃax,1,F,135,TRUE
шахвӑрт,ʃaxʋɵrt,ʃax.ʋɵrt,2,FR,1,TRUE
шахвӑрту,ʃaxʋɵrtu,ʃax.ʋɵr.tu,3,FRF,3,TRUE
шахла,ʃaxla,ʃax.la,2,FF,,FALSE
шахмат,ʃaxmat,ʃax.mat,2,FF,375,TRUE
шахматист,ʃaxmatist,ʃax.ma.tist,3,FFF,16,TRUE
шахматла,ʃaxmatla,ʃax.mat.la,3,FFF,198,TRUE
шахматҫӑ,ʃaxmatɕɵ,ʃax.ma.tɕɵ,3,FFR,4,TRUE
шахта,ʃaxta,ʃax.ta,2,FF,19,TRUE
шахтӑллӑ,ʃaxtɵllɵ,ʃax.tɵl.lɵ,3,FRR,,FALSE
шахтер,ʃaxter,ʃax.ter,2,FF,25,TRUE
шахтерка,ʃaxterka,ʃax.ter.ka,3,FFF,,FALSE
шахтӗрла,ʃaxtørla,ʃax.tør.la,3,FRF,,FALSE
шач,ʃatɕ,ʃatɕ,1,F,16,TRUE
шачӑр,ʃatɕɵr,ʃa.tɕɵr,2,FR,6,TRUE
шачӑрт,ʃatɕɵrt,ʃa.tɕɵrt,2,FR,2,TRUE
шачӑртат,ʃatɕɵrtat,ʃa.tɕɵr.tat,3,FRF,,FALSE
шачӑртаттар,ʃatɕɵrtattar,ʃa.tɕɵr.tat.tar,4,FRFF,,FALSE
шачлат,ʃatɕlat,ʃatɕ.lat,2,FF,,FALSE
шачлаттар,ʃatɕlattar,ʃatɕ.lat.tar,3,FFF,,FALSE
шашка,ʃaʃka,ʃaʃ.ka,2,FF,198,TRUE
шашкӑ,ʃaʃkɵ,ʃaʃ.kɵ,2,FR,83,TRUE
шашкӑлла,ʃaʃkɵlla,ʃaʃ.kɵl.la,3,FRF,140,TRUE
шашкӑллӑ,ʃaʃkɵllɵ,ʃaʃ.kɵl.lɵ,3,FRR,1,TRUE
шашкӑҫӑ,ʃaʃkɵɕɵ,ʃaʃ.kɵ.ɕɵ,3,FRR,2,TRUE
шашлык,ʃaʃlʉk,ʃaʃ.lʉk,2,FF,77,TRUE
шашулкка,ʃaʃulkka,ʃa.ʃulk.ka,3,FFF,11,TRUE
шашур,ʃaʃur,ʃa.ʃur,2,FF,,FALSE
шаяр,ʃajar,ʃa.jar,2,FF,,FALSE
шӑвшав,ʃɵʋʃaʋ,ʃɵʋ.ʃaʋ,2,RF,8,TRUE
шӑвшавлӑ,ʃɵʋʃaʋlɵ,ʃɵʋ.ʃaʋ.lɵ,3,RFR,,FALSE
шӑвшавсӑр,ʃɵʋʃaʋsɵr,ʃɵʋ.ʃaʋ.sɵr,3,RFR,,FALSE
шӑван,ʃɵʋan,ʃɵ.ʋan,2,RF,24,TRUE
шӑвар,ʃɵʋar,ʃɵ.ʋar,2,RF,31,TRUE
шӑварӑн,ʃɵʋarɵn,ʃɵ.ʋa.rɵn,3,RFR,2,TRUE
шӑварттар,ʃɵʋarttar,ʃɵ.ʋart.tar,3,RFF,1,TRUE
шӑвару,ʃɵʋaru,ʃɵ.ʋa.ru,3,RFF,1,TRUE
шӑвӑн,ʃɵʋɵn,ʃɵ.ʋɵn,2,RR,8,TRUE
шӑвӑнтар,ʃɵʋɵntar,ʃɵ.ʋɵn.tar,3,RRF,,FALSE
шӑвӑнчӑклӑ,ʃɵʋɵntɕɵklɵ,ʃɵ.ʋɵn.tɕɵk.lɵ,4,RRRR,1,TRUE
шӑвӑҫ,ʃɵʋɵɕ,ʃɵ.ʋɵɕ,2,RR,118,TRUE
шӑвӑҫлан,ʃɵʋɵɕlan,ʃɵ.ʋɵɕ.lan,3,RRF,,FALSE
шӑвӑҫлӑ,ʃɵʋɵɕlɵ,ʃɵ.ʋɵɕ.lɵ,3,RRR,,FALSE
шӑвӑҫҫӑ,ʃɵʋɵɕɕɵ,ʃɵ.ʋɵɕ.ɕɵ,3,RRR,3,TRUE
шӑвӑшлӑх,ʃɵʋɵʃlɵx,ʃɵ.ʋɵʃ.lɵx,3,RRR,,FALSE
шӑвик,ʃɵʋik,ʃɵ.ʋik,2,RF,2,TRUE
шӑйӑк,ʃɵjɵk,ʃɵ.jɵk,2,RR,,FALSE
шӑйӑклат,ʃɵjɵklat,ʃɵ.jɵk.lat,3,RRF,,FALSE
шӑйӑлтат,ʃɵjɵltat,ʃɵ.jɵl.tat,3,RRF,,FALSE
шӑйӑр,ʃɵjɵr,ʃɵ.jɵr,2,RR,3,TRUE
шӑйӑрӑл,ʃɵjɵrɵl,ʃɵ.jɵ.rɵl,3,RRR,,FALSE
шӑйӑрӑлчӑк,ʃɵjɵrɵltɕɵk,ʃɵ.jɵ.rɵl.tɕɵk,4,RRRR,2,TRUE
шӑйӑрлантар,ʃɵjɵrlantar,ʃɵ.jɵr.lan.tar,4,RRFF,,FALSE
шӑйӑрттар,ʃɵjɵrttar,ʃɵ.jɵrt.tar,3,RRF,,FALSE
шӑйла,ʃɵjla,ʃɵj.la,2,RF,,FALSE
шӑйлат,ʃɵjlat,ʃɵj.lat,2,RF,,FALSE
шӑйлаттар,ʃɵjlattar,ʃɵj.lat.tar,3,RFF,,FALSE
шӑйрӑк,ʃɵjrɵk,ʃɵj.rɵk,2,RR,38,TRUE
шӑйрӑкшайрӑк,ʃɵjrɵkʃajrɵk,ʃɵj.rɵk.ʃaj.rɵk,4,RRFR,,FALSE
шӑйрӑкла,ʃɵjrɵkla,ʃɵj.rɵk.la,3,RRF,,FALSE
шӑйрӑклӑ,ʃɵjrɵklɵ,ʃɵj.rɵk.lɵ,3,RRR,2,TRUE
шӑйрӑл,ʃɵjrɵl,ʃɵj.rɵl,2,RR,1,TRUE
шӑк,ʃɵk,ʃɵk,1,R,168,TRUE
шӑкпӑх,ʃɵkpɵx,ʃɵk.pɵx,2,RR,,FALSE
шӑкшак,ʃɵkʃak,ʃɵk.ʃak,2,RF,,FALSE
шӑкӑл,ʃɵkɵl,ʃɵ.kɵl,2,RR,1208,TRUE
шӑкӑлшакӑл,ʃɵkɵlʃakɵl,ʃɵ.kɵl.ʃa.kɵl,4,RRFR,,FALSE
шӑкӑлшӑкӑл,ʃɵkɵlʃɵkɵl,ʃɵ.kɵl.ʃɵ.kɵl,4,RRRR,22,TRUE
шӑкӑлт,ʃɵkɵlt,ʃɵ.kɵlt,2,RR,40,TRUE
шӑкӑлтшакӑлт,ʃɵkɵltʃakɵlt,ʃɵ.kɵl.tʃa.kɵlt,4,RRFR,,FALSE
шӑкӑлтат,ʃɵkɵltat,ʃɵ.kɵl.tat,3,RRF,,FALSE
шӑкӑлтаттар,ʃɵkɵltattar,ʃɵ.kɵl.tat.tar,4,RRFF,,FALSE
шӑкӑлтик,ʃɵkɵltik,ʃɵ.kɵl.tik,3,RRF,,FALSE
шӑкӑлчан,ʃɵkɵltɕan,ʃɵ.kɵl.tɕan,3,RRF,1,TRUE
шӑкӑлчи,ʃɵkɵltɕi,ʃɵ.kɵl.tɕi,3,RRF,20,TRUE
шӑкӑль,ʃɵkɵlʲ,ʃɵ.kɵlʲ,2,RR,,FALSE
шӑкӑльки,ʃɵkɵlʲki,ʃɵ.kɵlʲ.ki,3,RRF,,FALSE
шӑкӑр,ʃɵkɵr,ʃɵ.kɵr,2,RR,224,TRUE
шӑкӑрмакӑр,ʃɵkɵrmakɵr,ʃɵ.kɵr.ma.kɵr,4,RRFR,,FALSE
шӑкӑршакӑр,ʃɵkɵrʃakɵr,ʃɵ.kɵr.ʃa.kɵr,4,RRFR,,FALSE
шӑкӑри,ʃɵkɵri,ʃɵ.kɵ.ri,3,RRF,3,TRUE
шӑкӑрт,ʃɵkɵrt,ʃɵ.kɵrt,2,RR,81,TRUE
шӑкӑртшакӑрт,ʃɵkɵrtʃakɵrt,ʃɵ.kɵr.tʃa.kɵrt,4,RRFR,,FALSE
шӑкӑртат,ʃɵkɵrtat,ʃɵ.kɵr.tat,3,RRF,,FALSE
шӑкӑртаттар,ʃɵkɵrtattar,ʃɵ.kɵr.tat.tar,4,RRFF,,FALSE
шӑкӑрттин,ʃɵkɵrttin,ʃɵ.kɵrt.tin,3,RRF,9,TRUE
шӑккарт,ʃɵkkart,ʃɵk.kart,2,RF,,FALSE
шӑккишакки,ʃɵkkiʃakki,ʃɵk.ki.ʃak.ki,4,RFFF,,FALSE
шӑклан,ʃɵklan,ʃɵk.lan,2,RF,,FALSE
шӑклӑ,ʃɵklɵ,ʃɵk.lɵ,2,RR,1,TRUE
шӑл,ʃɵl,ʃɵl,1,R,2008,TRUE
шӑлҫӑвар,ʃɵlɕɵʋar,ʃɵl.ɕɵ.ʋar,3,RRF,,FALSE
шӑла,ʃɵla,ʃɵ.la,2,RF,897,TRUE
шӑлавар,ʃɵlaʋar,ʃɵ.la.ʋar,3,RFF,502,TRUE
шӑлаварлӑх,ʃɵlaʋarlɵx,ʃɵ.la.ʋar.lɵx,4,RFFR,2,TRUE
шӑлами,ʃɵlami,ʃɵ.la.mi,3,RFF,11,TRUE
шӑлан,ʃɵlan,ʃɵ.lan,2,RF,224,TRUE
шӑлапир,ʃɵlapir,ʃɵ.la.pir,3,RFF,5,TRUE
шӑлӑн,ʃɵlɵn,ʃɵ.lɵn,2,RR,14,TRUE
шӑлӑнтар,ʃɵlɵntar,ʃɵ.lɵn.tar,3,RRF,,FALSE
шӑлӑнчӑк,ʃɵlɵntɕɵk,ʃɵ.lɵn.tɕɵk,3,RRR,,FALSE
шӑлинк,ʃɵlink,ʃɵ.link,2,RF,2,TRUE
шӑлйӗрен,ʃɵljøren,ʃɵl.jø.ren,3,RRF,8,TRUE
шӑлкам,ʃɵlkam,ʃɵl.kam,2,RF,,FALSE
шӑлкӑ,ʃɵlkɵ,ʃɵl.kɵ,2,RR,,FALSE
шӑлла,ʃɵlla,ʃɵl.la,2,RF,1,TRUE
шӑллан,ʃɵllan,ʃɵl.lan,2,RF,,FALSE
шӑллантар,ʃɵllantar,ʃɵl.lan.tar,3,RFF,,FALSE
шӑллаттар,ʃɵllattar,ʃɵl.lat.tar,3,RFF,,FALSE
шӑллӑ,ʃɵllɵ,ʃɵl.lɵ,2,RR,141,TRUE
шӑллӑм,ʃɵllɵm,ʃɵl.lɵm,2,RR,1353,TRUE
шӑлсӑр,ʃɵlsɵr,ʃɵl.sɵr,2,RR,66,TRUE
шӑлсӑрлан,ʃɵlsɵrlan,ʃɵl.sɵr.lan,3,RRF,1,TRUE
шӑлсӑрлат,ʃɵlsɵrlat,ʃɵl.sɵr.lat,3,RRF,,FALSE
шӑлт,ʃɵlt,ʃɵlt,1,R,73,TRUE
шӑлтар,ʃɵltar,ʃɵl.tar,2,RF,4,TRUE
шӑлтӑр,ʃɵltɵr,ʃɵl.tɵr,2,RR,110,TRUE
шӑлтӑршалтӑр,ʃɵltɵrʃaltɵr,ʃɵl.tɵr.ʃal.tɵr,4,RRFR,1,TRUE
шӑлтӑршӑлтӑр,ʃɵltɵrʃɵltɵr,ʃɵl.tɵr.ʃɵl.tɵr,4,RRRR,,FALSE
шӑлтӑрка,ʃɵltɵrka,ʃɵl.tɵr.ka,3,RRF,,FALSE
шӑлтӑркан,ʃɵltɵrkan,ʃɵl.tɵr.kan,3,RRF,,FALSE
шӑлтӑрма,ʃɵltɵrma,ʃɵl.tɵr.ma,3,RRF,12,TRUE
шӑлтӑрмаллӑ,ʃɵltɵrmallɵ,ʃɵl.tɵr.mal.lɵ,4,RRFR,1,TRUE
шӑлтӑрт,ʃɵltɵrt,ʃɵl.tɵrt,2,RR,18,TRUE
шӑлтӑртат,ʃɵltɵrtat,ʃɵl.tɵr.tat,3,RRF,,FALSE
шӑлтӑртаттар,ʃɵltɵrtattar,ʃɵl.tɵr.tat.tar,4,RRFF,,FALSE
шӑлтӑрти,ʃɵltɵrti,ʃɵl.tɵr.ti,3,RRF,,FALSE
шӑлттишалтти,ʃɵlttiʃaltti,ʃɵlt.ti.ʃalt.ti,4,RFFF,,FALSE
шӑма,ʃɵma,ʃɵ.ma,2,RF,12,TRUE
шӑмал,ʃɵmal,ʃɵ.mal,2,RF,1,TRUE
шӑмар,ʃɵmar,ʃɵ.mar,2,RF,6,TRUE
шӑмарчӑк,ʃɵmartɕɵk,ʃɵ.mar.tɕɵk,3,RFR,2,TRUE
шӑмат,ʃɵmat,ʃɵ.mat,2,RF,503,TRUE
шӑматкун,ʃɵmatkun,ʃɵ.mat.kun,3,RFF,1011,TRUE
шӑмӑ,ʃɵmɵ,ʃɵ.mɵ,2,RR,491,TRUE
шӑмӑлан,ʃɵmɵlan,ʃɵ.mɵ.lan,3,RRF,,FALSE
шӑмӑллӑ,ʃɵmɵllɵ,ʃɵ.mɵl.lɵ,3,RRR,27,TRUE
шӑмпай,ʃɵmpaj,ʃɵm.paj,2,RF,2,TRUE
шӑмпӑлшампӑл,ʃɵmpɵlʃampɵl,ʃɵm.pɵl.ʃam.pɵl,4,RRFR,,FALSE
шӑмпӑлт,ʃɵmpɵlt,ʃɵm.pɵlt,2,RR,13,TRUE
шӑмпӑлтат,ʃɵmpɵltat,ʃɵm.pɵl.tat,3,RRF,1,TRUE
шӑмпӑлтаттар,ʃɵmpɵltattar,ʃɵm.pɵl.tat.tar,4,RRFF,,FALSE
шӑмпӑршампӑр,ʃɵmpɵrʃampɵr,ʃɵm.pɵr.ʃam.pɵr,4,RRFR,,FALSE
шӑмпӑрт,ʃɵmpɵrt,ʃɵm.pɵrt,2,RR,15,TRUE
шӑмпӑртат,ʃɵmpɵrtat,ʃɵm.pɵr.tat,3,RRF,,FALSE
шӑмпӑртаттар,ʃɵmpɵrtattar,ʃɵm.pɵr.tat.tar,4,RRFF,,FALSE
шӑмшак,ʃɵmʃak,ʃɵm.ʃak,2,RF,79,TRUE
шӑн,ʃɵn,ʃɵn,1,R,456,TRUE
шӑншан,ʃɵnʃan,ʃɵn.ʃan,2,RF,,FALSE
шӑна,ʃɵna,ʃɵ.na,2,RF,567,TRUE
шӑнапӑван,ʃɵnapɵʋan,ʃɵ.na.pɵ.ʋan,4,RFRF,,FALSE
шӑнаӳпре,ʃɵnaypre,ʃɵ.na.yp.re,4,RFFF,,FALSE
шӑнак,ʃɵnak,ʃɵ.nak,2,RF,1,TRUE
шӑналӑк,ʃɵnalɵk,ʃɵ.na.lɵk,3,RFR,206,TRUE
шӑналла,ʃɵnalla,ʃɵ.nal.la,3,RFF,4,TRUE
шӑнар,ʃɵnar,ʃɵ.nar,2,RF,10,TRUE
шӑнаршӑ,ʃɵnarʃɵ,ʃɵ.nar.ʃɵ,3,RFR,,FALSE
шӑнӑр,ʃɵnɵr,ʃɵ.nɵr,2,RR,190,TRUE
шӑнӑрлан,ʃɵnɵrlan,ʃɵ.nɵr.lan,3,RRF,,FALSE
шӑнӑрлӑ,ʃɵnɵrlɵ,ʃɵ.nɵr.lɵ,3,RRR,64,TRUE
шӑнӑҫ,ʃɵnɵɕ,ʃɵ.nɵɕ,2,RR,,FALSE
шӑнӑҫсӑр,ʃɵnɵɕsɵr,ʃɵ.nɵɕ.sɵr,3,RRR,,FALSE
шӑнӑҫтар,ʃɵnɵɕtar,ʃɵ.nɵɕ.tar,3,RRF,,FALSE
шӑнӑҫтару,ʃɵnɵɕtaru,ʃɵ.nɵɕ.ta.ru,4,RRFF,,FALSE
шӑнӑҫу,ʃɵnɵɕu,ʃɵ.nɵ.ɕu,3,RRF,1,TRUE
шӑнӑҫулӑх,ʃɵnɵɕulɵx,ʃɵ.nɵ.ɕu.lɵx,4,RRFR,,FALSE
шӑнӑҫуллӑ,ʃɵnɵɕullɵ,ʃɵ.nɵ.ɕul.lɵ,4,RRFR,2,TRUE
шӑнӑҫусӑр,ʃɵnɵɕusɵr,ʃɵ.nɵ.ɕu.sɵr,4,RRFR,3,TRUE
шӑнкшанк,ʃɵnkʃank,ʃɵnk.ʃank,2,RF,,FALSE
шӑнкав,ʃɵnkaʋ,ʃɵn.kaʋ,2,RF,3,TRUE
шӑнкал,ʃɵnkal,ʃɵn.kal,2,RF,,FALSE
шӑнкар,ʃɵnkar,ʃɵn.kar,2,RF,2,TRUE
шӑнкарӑк,ʃɵnkarɵk,ʃɵn.ka.rɵk,3,RFR,1,TRUE
шӑнкарттар,ʃɵnkarttar,ʃɵn.kart.tar,3,RFF,,FALSE
шӑнкӑ,ʃɵnkɵ,ʃɵn.kɵ,2,RR,6,TRUE
шӑнкӑл,ʃɵnkɵl,ʃɵn.kɵl,2,RR,16,TRUE
шӑнкӑлт,ʃɵnkɵlt,ʃɵn.kɵlt,2,RR,16,TRUE
шӑнкӑлтат,ʃɵnkɵltat,ʃɵn.kɵl.tat,3,RRF,,FALSE
шӑнкӑр,ʃɵnkɵr,ʃɵn.kɵr,2,RR,654,TRUE
шӑнкӑршанкӑр,ʃɵnkɵrʃankɵr,ʃɵn.kɵr.ʃan.kɵr,4,RRFR,,FALSE
шӑнкӑрав,ʃɵnkɵraʋ,ʃɵn.kɵ.raʋ,3,RRF,1258,TRUE
шӑнкӑравла,ʃɵnkɵraʋla,ʃɵn.kɵ.raʋ.la,4,RRFF,64,TRUE
шӑнкӑравлӑ,ʃɵnkɵraʋlɵ,ʃɵn.kɵ.raʋ.lɵ,4,RRFR,39,TRUE
шӑнкӑрма,ʃɵnkɵrma,ʃɵn.kɵr.ma,3,RRF,6,TRUE
шӑнкӑрт,ʃɵnkɵrt,ʃɵn.kɵrt,2,RR,49,TRUE
шӑнкӑртшанкӑрт,ʃɵnkɵrtʃankɵrt,ʃɵn.kɵr.tʃan.kɵrt,4,RRFR,,FALSE
шӑнкӑртат,ʃɵnkɵrtat,ʃɵn.kɵr.tat,3,RRF,7,TRUE
шӑнкӑртаттар,ʃɵnkɵrtattar,ʃɵn.kɵr.tat.tar,4,RRFF,3,TRUE
шӑнкӑрти,ʃɵnkɵrti,ʃɵn.kɵr.ti,3,RRF,26,TRUE
шӑнкӑртма,ʃɵnkɵrtma,ʃɵn.kɵrt.ma,3,RRF,,FALSE
шӑнкӑрттин,ʃɵnkɵrttin,ʃɵn.kɵrt.tin,3,RRF,,FALSE
шӑнкӑрч,ʃɵnkɵrtɕ,ʃɵn.kɵrtɕ,2,RR,461,TRUE
шӑнккар,ʃɵnkkar,ʃɵnk.kar,2,RF,1,TRUE
шӑнт,ʃɵnt,ʃɵnt,1,R,4,TRUE
шӑнтакан,ʃɵntakan,ʃɵn.ta.kan,3,RFF,30,TRUE
шӑнттар,ʃɵnttar,ʃɵnt.tar,2,RF,,FALSE
шӑнттарай,ʃɵnttaraj,ʃɵnt.ta.raj,3,RFF,3,TRUE
шӑп,ʃɵp,ʃɵp,1,R,4461,TRUE
шӑпа,ʃɵpa,ʃɵ.pa,2,RF,2033,TRUE
шӑпаллӑ,ʃɵpallɵ,ʃɵ.pal.lɵ,3,RFR,121,TRUE
шӑпан,ʃɵpan,ʃɵ.pan,2,RF,20,TRUE
шӑпасӑр,ʃɵpasɵr,ʃɵ.pa.sɵr,3,RFR,2,TRUE
шӑпӑ,ʃɵpɵ,ʃɵ.pɵ,2,RR,,FALSE
шӑпӑл,ʃɵpɵl,ʃɵ.pɵl,2,RR,50,TRUE
шӑпӑлшапӑл,ʃɵpɵlʃapɵl,ʃɵ.pɵl.ʃa.pɵl,4,RRFR,,FALSE
шӑпӑлт,ʃɵpɵlt,ʃɵ.pɵlt,2,RR,,FALSE
шӑпӑлтат,ʃɵpɵltat,ʃɵ.pɵl.tat,3,RRF,,FALSE
шӑпӑлтаттар,ʃɵpɵltattar,ʃɵ.pɵl.tat.tar,4,RRFF,,FALSE
шӑпӑр,ʃɵpɵr,ʃɵ.pɵr,2,RR,731,TRUE
шӑпӑршапӑр,ʃɵpɵrʃapɵr,ʃɵ.pɵr.ʃa.pɵr,4,RRFR,,FALSE
шӑпӑрлан,ʃɵpɵrlan,ʃɵ.pɵr.lan,3,RRF,456,TRUE
шӑпӑрлӑ,ʃɵpɵrlɵ,ʃɵ.pɵr.lɵ,3,RRR,6,TRUE
шӑпӑрҫӑ,ʃɵpɵrɕɵ,ʃɵ.pɵr.ɕɵ,3,RRR,32,TRUE
шӑпӑрт,ʃɵpɵrt,ʃɵ.pɵrt,2,RR,551,TRUE
шӑпӑртат,ʃɵpɵrtat,ʃɵ.pɵr.tat,3,RRF,2,TRUE
шӑпӑртаттар,ʃɵpɵrtattar,ʃɵ.pɵr.tat.tar,4,RRFF,,FALSE
шӑпӑрттӑн,ʃɵpɵrttɵn,ʃɵ.pɵrt.tɵn,3,RRR,12,TRUE
шӑпила,ʃɵpila,ʃɵ.pi.la,3,RFF,,FALSE
шӑпкан,ʃɵpkan,ʃɵp.kan,2,RF,15,TRUE
шӑплан,ʃɵplan,ʃɵp.lan,2,RF,42,TRUE
шӑплантар,ʃɵplantar,ʃɵp.lan.tar,3,RFF,,FALSE
шӑплӑх,ʃɵplɵx,ʃɵp.lɵx,2,RR,429,TRUE
шӑпнла,ʃɵpnla,ʃɵpn.la,2,RF,,FALSE
шӑппӑн,ʃɵppɵn,ʃɵp.pɵn,2,RR,2240,TRUE
шӑпчӑк,ʃɵptɕɵk,ʃɵp.tɕɵk,2,RR,955,TRUE
шӑпчӑкла,ʃɵptɕɵkla,ʃɵp.tɕɵk.la,3,RRF,8,TRUE
шӑр,ʃɵr,ʃɵr,1,R,56,TRUE
шӑршар,ʃɵrʃar,ʃɵr.ʃar,2,RF,,FALSE
шӑра,ʃɵra,ʃɵ.ra,2,RF,13,TRUE
шӑран,ʃɵran,ʃɵ.ran,2,RF,6,TRUE
шӑранаслӑх,ʃɵranaslɵx,ʃɵ.ra.nas.lɵx,4,RFFR,,FALSE
шӑрантар,ʃɵrantar,ʃɵ.ran.tar,3,RFF,12,TRUE
шӑрану,ʃɵranu,ʃɵ.ra.nu,3,RFF,6,TRUE
шӑранчӑк,ʃɵrantɕɵk,ʃɵ.ran.tɕɵk,3,RFR,40,TRUE
шӑраҫ,ʃɵraɕ,ʃɵ.raɕ,2,RF,1,TRUE
шӑраҫла,ʃɵraɕla,ʃɵ.raɕ.la,3,RFF,,FALSE
шӑраҫлан,ʃɵraɕlan,ʃɵ.raɕ.lan,3,RFF,,FALSE
шӑраҫлантар,ʃɵraɕlantar,ʃɵ.raɕ.lan.tar,4,RFFF,,FALSE
шӑраҫлӑ,ʃɵraɕlɵ,ʃɵ.raɕ.lɵ,3,RFR,,FALSE
шӑрат,ʃɵrat,ʃɵ.rat,2,RF,6,TRUE
шӑратӑм,ʃɵratɵm,ʃɵ.ra.tɵm,3,RFR,,FALSE
шӑраттар,ʃɵrattar,ʃɵ.rat.tar,3,RFF,,FALSE
шӑрату,ʃɵratu,ʃɵ.ra.tu,3,RFF,7,TRUE
шӑрӑ,ʃɵrɵ,ʃɵ.rɵ,2,RR,2,TRUE
шӑрӑм,ʃɵrɵm,ʃɵ.rɵm,2,RR,6,TRUE
шӑрӑмла,ʃɵrɵmla,ʃɵ.rɵm.la,3,RRF,,FALSE
шӑрӑмлан,ʃɵrɵmlan,ʃɵ.rɵm.lan,3,RRF,,FALSE
шӑрӑх,ʃɵrɵx,ʃɵ.rɵx,2,RR,1375,TRUE
шӑрӑхлан,ʃɵrɵxlan,ʃɵ.rɵx.lan,3,RRF,1,TRUE
шӑрӑхлат,ʃɵrɵxlat,ʃɵ.rɵx.lat,3,RRF,,FALSE
шӑрӑхлӑх,ʃɵrɵxlɵx,ʃɵ.rɵx.lɵx,3,RRR,2,TRUE
шӑришари,ʃɵriʃari,ʃɵ.ri.ʃa.ri,4,RFFF,,FALSE
шӑришӑри,ʃɵriʃɵri,ʃɵ.ri.ʃɵ.ri,4,RFRF,,FALSE
шӑрка,ʃɵrka,ʃɵr.ka,2,RF,42,TRUE
шӑркалан,ʃɵrkalan,ʃɵr.ka.lan,3,RFF,,FALSE
шӑркалантар,ʃɵrkalantar,ʃɵr.ka.lan.tar,4,RFFF,,FALSE
шӑркаллӑ,ʃɵrkallɵ,ʃɵr.kal.lɵ,3,RFR,1,TRUE
шӑркалчӑ,ʃɵrkaltɕɵ,ʃɵr.kal.tɕɵ,3,RFR,30,TRUE
шӑрлӑклантар,ʃɵrlɵklantar,ʃɵr.lɵk.lan.tar,4,RRFF,,FALSE
шӑрпӑк,ʃɵrpɵk,ʃɵr.pɵk,2,RR,567,TRUE
шӑрпӑкла,ʃɵrpɵkla,ʃɵr.pɵk.la,3,RRF,2,TRUE
шӑрпӑклан,ʃɵrpɵklan,ʃɵr.pɵk.lan,3,RRF,,FALSE
шӑрпӑклӑ,ʃɵrpɵklɵ,ʃɵr.pɵk.lɵ,3,RRR,13,TRUE
шӑрҫа,ʃɵrɕa,ʃɵr.ɕa,2,RF,473,TRUE
шӑрҫатенкӗ,ʃɵrɕatenkø,ʃɵr.ɕa.ten.kø,4,RFFR,,FALSE
шӑрҫала,ʃɵrɕala,ʃɵr.ɕa.la,3,RFF,7,TRUE
шӑрҫалан,ʃɵrɕalan,ʃɵr.ɕa.lan,3,RFF,,FALSE
шӑрҫалантар,ʃɵrɕalantar,ʃɵr.ɕa.lan.tar,4,RFFF,,FALSE
шӑрҫалат,ʃɵrɕalat,ʃɵr.ɕa.lat,3,RFF,1,TRUE
шӑрҫалла,ʃɵrɕalla,ʃɵr.ɕal.la,3,RFF,1,TRUE
шӑрҫаллӑ,ʃɵrɕallɵ,ʃɵr.ɕal.lɵ,3,RFR,18,TRUE
шӑрт,ʃɵrt,ʃɵrt,1,R,176,TRUE
шӑртшарт,ʃɵrtʃart,ʃɵr.tʃart,2,RF,,FALSE
шӑртла,ʃɵrtla,ʃɵrt.la,2,RF,9,TRUE
шӑртламас,ʃɵrtlamas,ʃɵrt.la.mas,3,RFF,3,TRUE
шӑртлан,ʃɵrtlan,ʃɵrt.lan,2,RF,5,TRUE
шӑртлантар,ʃɵrtlantar,ʃɵrt.lan.tar,3,RFF,1,TRUE
шӑртланчӑк,ʃɵrtlantɕɵk,ʃɵrt.lan.tɕɵk,3,RFR,2,TRUE
шӑртланчӑклӑн,ʃɵrtlantɕɵklɵn,ʃɵrt.lan.tɕɵk.lɵn,4,RFRR,,FALSE
шӑртлӑ,ʃɵrtlɵ,ʃɵrt.lɵ,2,RR,51,TRUE
шӑртлӑн,ʃɵrtlɵn,ʃɵrt.lɵn,2,RR,1,TRUE
шӑрттан,ʃɵrttan,ʃɵrt.tan,2,RF,385,TRUE
шӑрттишартти,ʃɵrttiʃartti,ʃɵrt.ti.ʃart.ti,4,RFFF,,FALSE
шӑрчах,ʃɵrtɕax,ʃɵr.tɕax,2,RF,1,TRUE
шӑрчахлӑ,ʃɵrtɕaxlɵ,ʃɵr.tɕax.lɵ,3,RFR,,FALSE
шӑрчӑк,ʃɵrtɕɵk,ʃɵr.tɕɵk,2,RR,213,TRUE
шӑрчӑкла,ʃɵrtɕɵkla,ʃɵr.tɕɵk.la,3,RRF,3,TRUE
шӑрчӑклан,ʃɵrtɕɵklan,ʃɵr.tɕɵk.lan,3,RRF,2,TRUE
шӑрчӑклӑх,ʃɵrtɕɵklɵx,ʃɵr.tɕɵk.lɵx,3,RRR,,FALSE
шӑрччан,ʃɵrtɕtɕan,ʃɵrtɕ.tɕan,2,RF,,FALSE
шӑршӑ,ʃɵrʃɵ,ʃɵr.ʃɵ,2,RR,832,TRUE
шӑршӑмаршӑ,ʃɵrʃɵmarʃɵ,ʃɵr.ʃɵ.mar.ʃɵ,4,RRFR,,FALSE
шӑршӑн,ʃɵrʃɵn,ʃɵr.ʃɵn,2,RR,2,TRUE
шӑршӑнтар,ʃɵrʃɵntar,ʃɵr.ʃɵn.tar,3,RRF,,FALSE
шӑршла,ʃɵrʃla,ʃɵrʃ.la,2,RF,22,TRUE
шӑршлаккай,ʃɵrʃlakkaj,ʃɵrʃ.lak.kaj,3,RFF,3,TRUE
шӑршлан,ʃɵrʃlan,ʃɵrʃ.lan,2,RF,5,TRUE
шӑршлантар,ʃɵrʃlantar,ʃɵrʃ.lan.tar,3,RFF,,FALSE
шӑршлаттар,ʃɵrʃlattar,ʃɵrʃ.lat.tar,3,RFF,,FALSE
шӑршлӑ,ʃɵrʃlɵ,ʃɵrʃ.lɵ,2,RR,240,TRUE
шӑт,ʃɵt,ʃɵt,1,R,45,TRUE
шӑтшат,ʃɵtʃat,ʃɵ.tʃat,2,RF,,FALSE
шӑтанюхан,ʃɵtanjuxan,ʃɵ.tan.ju.xan,4,RFFF,,FALSE
шӑтанюханлӑ,ʃɵtanjuxanlɵ,ʃɵ.tan.ju.xan.lɵ,5,RFFFR,,FALSE
шӑтар,ʃɵtar,ʃɵ.tar,2,RF,6,TRUE
шӑтарӑн,ʃɵtarɵn,ʃɵ.ta.rɵn,3,RFR,1,TRUE
шӑтаслӑх,ʃɵtaslɵx,ʃɵ.tas.lɵx,3,RFR,3,TRUE
шӑтӑк,ʃɵtɵk,ʃɵ.tɵk,2,RR,1372,TRUE
шӑтӑкпутӑк,ʃɵtɵkputɵk,ʃɵ.tɵk.pu.tɵk,4,RRFR,3,TRUE
шӑтӑкҫурӑк,ʃɵtɵkɕurɵk,ʃɵ.tɵk.ɕu.rɵk,4,RRFR,1,TRUE
шӑтӑкшатӑк,ʃɵtɵkʃatɵk,ʃɵ.tɵk.ʃa.tɵk,4,RRFR,,FALSE
шӑтӑкла,ʃɵtɵkla,ʃɵ.tɵk.la,3,RRF,37,TRUE
шӑтӑклан,ʃɵtɵklan,ʃɵ.tɵk.lan,3,RRF,,FALSE
шӑтӑклӑ,ʃɵtɵklɵ,ʃɵ.tɵk.lɵ,3,RRR,125,TRUE
шӑтӑклӑпутӑклӑ,ʃɵtɵklɵputɵklɵ,ʃɵ.tɵk.lɵ.pu.tɵk.lɵ,6,RRRFRR,,FALSE
шӑтӑр,ʃɵtɵr,ʃɵ.tɵr,2,RR,126,TRUE
шӑтӑршатӑр,ʃɵtɵrʃatɵr,ʃɵ.tɵr.ʃa.tɵr,4,RRFR,,FALSE
шӑтӑркка,ʃɵtɵrkka,ʃɵ.tɵrk.ka,3,RRF,2,TRUE
шӑтӑрмак,ʃɵtɵrmak,ʃɵ.tɵr.mak,3,RRF,1,TRUE
шӑтӑрнак,ʃɵtɵrnak,ʃɵ.tɵr.nak,3,RRF,23,TRUE
шӑтӑрт,ʃɵtɵrt,ʃɵ.tɵrt,2,RR,42,TRUE
шӑтӑртшатӑрт,ʃɵtɵrtʃatɵrt,ʃɵ.tɵr.tʃa.tɵrt,4,RRFR,1,TRUE
шӑтӑртат,ʃɵtɵrtat,ʃɵ.tɵr.tat,3,RRF,1,TRUE
шӑтӑртаттар,ʃɵtɵrtattar,ʃɵ.tɵr.tat.tar,4,RRFF,,FALSE
шӑтлат,ʃɵtlat,ʃɵt.lat,2,RF,,FALSE
шӑхӑр,ʃɵxɵr,ʃɵ.xɵr,2,RR,12,TRUE
шӑхӑраш,ʃɵxɵraʃ,ʃɵ.xɵ.raʃ,3,RRF,,FALSE
шӑхӑрт,ʃɵxɵrt,ʃɵ.xɵrt,2,RR,4,TRUE
шӑхӑрттар,ʃɵxɵrttar,ʃɵ.xɵrt.tar,3,RRF,,FALSE
шӑхӑрчӑк,ʃɵxɵrtɕɵk,ʃɵ.xɵr.tɕɵk,3,RRR,,FALSE
шӑхличӗ,ʃɵxlitɕø,ʃɵx.li.tɕø,3,RFR,86,TRUE
шӑхран,ʃɵxran,ʃɵx.ran,2,RF,81,TRUE
шӑхча,ʃɵxtɕa,ʃɵx.tɕa,2,RF,16,TRUE
шӑч,ʃɵtɕ,ʃɵtɕ,1,R,3,TRUE
шӑчшач,ʃɵtɕʃatɕ,ʃɵtɕ.ʃatɕ,2,RF,,FALSE
шӑчӑ,ʃɵtɕɵ,ʃɵ.tɕɵ,2,RR,42,TRUE
шӑчӑр,ʃɵtɕɵr,ʃɵ.tɕɵr,2,RR,4,TRUE
шӑчӑршачӑр,ʃɵtɕɵrʃatɕɵr,ʃɵ.tɕɵr.ʃa.tɕɵr,4,RRFR,,FALSE
шӑчӑртат,ʃɵtɕɵrtat,ʃɵ.tɕɵr.tat,3,RRF,,FALSE
шӑчӑртаттар,ʃɵtɕɵrtattar,ʃɵ.tɕɵr.tat.tar,4,RRFF,,FALSE
шӑчлат,ʃɵtɕlat,ʃɵtɕ.lat,2,RF,,FALSE
шӑчлаттар,ʃɵtɕlattar,ʃɵtɕ.lat.tar,3,RFF,,FALSE
шӑши,ʃɵʃi,ʃɵ.ʃi,2,RF,740,TRUE
шӑшиккай,ʃɵʃikkaj,ʃɵ.ʃik.kaj,3,RFF,,FALSE
шӑшлакка,ʃɵʃlakka,ʃɵʃ.lak.ka,3,RFF,1,TRUE
шӑшлаккай,ʃɵʃlakkaj,ʃɵʃ.lak.kaj,3,RFF,,FALSE
шӑя,ʃɵja,ʃɵ.ja,2,RF,3,TRUE
швеллер,ʃʋeller,ʃʋel.ler,2,FF,,FALSE
швик,ʃʋik,ʃʋik,1,F,,FALSE
швиклет,ʃʋiklet,ʃʋik.let,2,FF,,FALSE
швитски,ʃʋitski,ʃʋits.ki,2,FF,,FALSE
шевеке,ʃeʋeke,ʃe.ʋe.ke,3,FFF,3,TRUE
шевкен,ʃeʋken,ʃeʋ.ken,2,FF,20,TRUE
шевле,ʃeʋle,ʃeʋ.le,2,FF,552,TRUE
шеврет,ʃeʋret,ʃeʋ.ret,2,FF,,FALSE
шейх,ʃejx,ʃejx,1,F,64,TRUE
шек,ʃek,ʃek,1,F,11,TRUE
шекеле,ʃekele,ʃe.ke.le,3,FFF,,FALSE
шекер,ʃeker,ʃe.ker,2,FF,1,TRUE
шекӗ,ʃekø,ʃe.kø,2,FR,,FALSE
шел,ʃel,ʃel,1,F,5370,TRUE
шеле,ʃele,ʃe.le,2,FF,13,TRUE
шеллак,ʃellak,ʃel.lak,2,FF,,FALSE
шелле,ʃelle,ʃel.le,2,FF,83,TRUE
шеллев,ʃelleʋ,ʃel.leʋ,2,FF,26,TRUE
шеллевсӗр,ʃelleʋsør,ʃel.leʋ.sør,3,FFR,50,TRUE
шеллеттер,ʃelletter,ʃel.let.ter,3,FFF,,FALSE
шелсӗр,ʃelsør,ʃel.sør,2,FR,411,TRUE
шелтӗршелтӗр,ʃeltørʃeltør,ʃel.tør.ʃel.tør,4,FRFR,,FALSE
шелтӗртет,ʃeltørtet,ʃel.tør.tet,3,FRF,,FALSE
шелттӗмшелттӗм,ʃelttømʃelttøm,ʃelt.tøm.ʃelt.tøm,4,FRFR,,FALSE
шельма,ʃelʲma,ʃelʲ.ma,2,FF,28,TRUE
шеп,ʃep,ʃep,1,F,212,TRUE
шепен,ʃepen,ʃe.pen,2,FF,,FALSE
шепӗлтет,ʃepøltet,ʃe.pøl.tet,3,FRF,,FALSE
шепӗр,ʃepør,ʃe.pør,2,FR,3,TRUE
шеплен,ʃeplen,ʃep.len,2,FF,,FALSE
шеплет,ʃeplet,ʃep.let,2,FF,,FALSE
шеплеттер,ʃepletter,ʃep.let.ter,3,FFF,,FALSE
шеплӗ,ʃeplø,ʃep.lø,2,FR,7,TRUE
шеплӗх,ʃepløx,ʃep.løx,2,FR,1,TRUE
шеппӗн,ʃeppøn,ʃep.pøn,2,FR,2,TRUE
шеремет,ʃeremet,ʃe.re.met,3,FFF,253,TRUE
шеренкӗ,ʃerenkø,ʃe.ren.kø,3,FFR,,FALSE
шерепе,ʃerepe,ʃe.re.pe,3,FFF,14,TRUE
шерепеле,ʃerepele,ʃe.re.pe.le,4,FFFF,,FALSE
шерепелен,ʃerepelen,ʃe.re.pe.len,4,FFFF,,FALSE
шерепелентер,ʃerepelenter,ʃe.re.pe.len.ter,5,FFFFF,,FALSE
шерепеллӗ,ʃerepellø,ʃe.re.pel.lø,4,FFFR,52,TRUE
шересӗр,ʃeresør,ʃe.re.sør,3,FFR,1,TRUE
шерӗ,ʃerø,ʃe.rø,2,FR,2,TRUE
шерӗх,ʃerøx,ʃe.røx,2,FR,2,TRUE
шерпет,ʃerpet,ʃer.pet,2,FF,158,TRUE
шерпетлен,ʃerpetlen,ʃer.pet.len,3,FFF,,FALSE
шерпетлӗ,ʃerpetlø,ʃer.pet.lø,3,FFR,17,TRUE
шерте,ʃerte,ʃer.te,2,FF,28,TRUE
шертелӗх,ʃerteløx,ʃer.te.løx,3,FFR,,FALSE
шертешник,ʃerteʃnik,ʃer.teʃ.nik,3,FFF,,FALSE
шестерне,ʃesterne,ʃes.ter.ne,3,FFF,,FALSE
шет,ʃet,ʃet,1,F,83,TRUE
шетник,ʃetnik,ʃet.nik,2,FF,6,TRUE
шӗввик,ʃøʋʋik,ʃøʋ.ʋik,2,RF,9,TRUE
шӗвек,ʃøʋek,ʃø.ʋek,2,RF,555,TRUE
шӗвекӗ,ʃøʋekø,ʃø.ʋe.kø,3,RFR,119,TRUE
шӗвекле,ʃøʋekle,ʃø.ʋek.le,3,RFF,2,TRUE
шӗвеклен,ʃøʋeklen,ʃø.ʋek.len,3,RFF,,FALSE
шӗвеклет,ʃøʋeklet,ʃø.ʋek.let,3,RFF,,FALSE
шӗвеклӗх,ʃøʋekløx,ʃø.ʋek.løx,3,RFR,,FALSE
шӗвел,ʃøʋel,ʃø.ʋel,2,RF,2,TRUE
шӗвелтер,ʃøʋelter,ʃø.ʋel.ter,3,RFF,,FALSE
шӗвет,ʃøʋet,ʃø.ʋet,2,RF,10,TRUE
шӗветтер,ʃøʋetter,ʃø.ʋet.ter,3,RFF,,FALSE
шӗвӗ,ʃøʋø,ʃø.ʋø,2,RR,185,TRUE
шӗвӗр,ʃøʋør,ʃø.ʋør,2,RR,799,TRUE
шӗвӗрӗл,ʃøʋørøl,ʃø.ʋø.røl,3,RRR,,FALSE
шӗвӗрӗлчен,ʃøʋørøltɕen,ʃø.ʋø.røl.tɕen,4,RRRF,6,TRUE
шӗвӗрӗш,ʃøʋørøʃ,ʃø.ʋø.røʃ,3,RRR,,FALSE
шӗвӗркке,ʃøʋørkke,ʃø.ʋørk.ke,3,RRF,63,TRUE
шӗвӗрлек,ʃøʋørlek,ʃø.ʋør.lek,3,RRF,,FALSE
шӗвӗрлен,ʃøʋørlen,ʃø.ʋør.len,3,RRF,,FALSE
шӗвӗрлет,ʃøʋørlet,ʃø.ʋør.let,3,RRF,,FALSE
шӗвӗрлӗ,ʃøʋørlø,ʃø.ʋør.lø,3,RRR,8,TRUE
шӗвӗрт,ʃøʋørt,ʃø.ʋørt,2,RR,3,TRUE
шӗвик,ʃøʋik,ʃø.ʋik,2,RF,14,TRUE
шӗвилкке,ʃøʋilkke,ʃø.ʋilk.ke,3,RFF,3,TRUE
шӗврек,ʃøʋrek,ʃøʋ.rek,2,RF,3,TRUE
шӗвреке,ʃøʋreke,ʃøʋ.re.ke,3,RFF,2,TRUE
шӗврешке,ʃøʋreʃke,ʃøʋ.reʃ.ke,3,RFF,2,TRUE
шӗкӗ,ʃøkø,ʃø.kø,2,RR,106,TRUE
шӗкӗлшӗкӗл,ʃøkølʃøkøl,ʃø.køl.ʃø.køl,4,RRRR,,FALSE
шӗкӗлтет,ʃøkøltet,ʃø.køl.tet,3,RRF,,FALSE
шӗкӗлче,ʃøkøltɕe,ʃø.køl.tɕe,3,RRF,8,TRUE
шӗкӗлчен,ʃøkøltɕen,ʃø.køl.tɕen,3,RRF,1,TRUE
шӗкӗнтӗр,ʃøkøntør,ʃø.køn.tør,3,RRR,1,TRUE
шӗкӗр,ʃøkør,ʃø.kør,2,RR,847,TRUE
шӗлет,ʃølet,ʃø.let,2,RF,,FALSE
шӗлинкшӗлинк,ʃølinkʃølink,ʃø.link.ʃø.link,4,RFRF,,FALSE
шӗлинкурӑс,ʃølinkurɵs,ʃø.lin.ku.rɵs,4,RFFR,1,TRUE
шӗлпер,ʃølper,ʃøl.per,2,RF,,FALSE
шӗлтӗрке,ʃøltørke,ʃøl.tør.ke,3,RRF,,FALSE
шӗлтӗртет,ʃøltørtet,ʃøl.tør.tet,3,RRF,,FALSE
шӗмпӗлт,ʃømpølt,ʃøm.pølt,2,RR,3,TRUE
шӗмпӗлтет,ʃømpøltet,ʃøm.pøl.tet,3,RRF,,FALSE
шӗмпӗлтеттер,ʃømpøltetter,ʃøm.pøl.tet.ter,4,RRFF,,FALSE
шӗнкӗлтет,ʃønkøltet,ʃøn.køl.tet,3,RRF,,FALSE
шӗпшӗвӗ,ʃøpʃøʋø,ʃøp.ʃø.ʋø,3,RRR,,FALSE
шӗпшӗвӗр,ʃøpʃøʋør,ʃøp.ʃø.ʋør,3,RRR,,FALSE
шӗпӗл,ʃøpøl,ʃø.pøl,2,RR,31,TRUE
шӗпӗлтет,ʃøpøltet,ʃø.pøl.tet,3,RRF,1,TRUE
шӗпӗн,ʃøpøn,ʃø.pøn,2,RR,125,TRUE
шӗпӗнлӗ,ʃøpønlø,ʃø.pøn.lø,3,RRR,4,TRUE
шӗпӗршепӗр,ʃøpørʃepør,ʃø.pør.ʃe.pør,4,RRFR,,FALSE
шӗпӗршӗпӗр,ʃøpørʃøpør,ʃø.pør.ʃø.pør,4,RRRR,,FALSE
шӗпӗртет,ʃøpørtet,ʃø.pør.tet,3,RRF,1,TRUE
шӗпил,ʃøpil,ʃø.pil,2,RF,,FALSE
шӗпшӗл,ʃøpʃøl,ʃøp.ʃøl,2,RR,11,TRUE
шӗрӗп,ʃørøp,ʃø.røp,2,RR,,FALSE
шӗркет,ʃørket,ʃør.ket,2,RF,,FALSE
шӗшкӗ,ʃøʃkø,ʃøʃ.kø,2,RR,482,TRUE
шӗшкӗлӗх,ʃøʃkøløx,ʃøʃ.kø.løx,3,RRR,43,TRUE
шӗшлӗ,ʃøʃlø,ʃøʃ.lø,2,RR,347,TRUE
ши,ʃi,ʃi,1,F,34170,TRUE
шик,ʃik,ʃik,1,F,158,TRUE
шиклевлӗн,ʃikleʋløn,ʃik.leʋ.løn,3,FFR,1,TRUE
шиклен,ʃiklen,ʃik.len,2,FF,84,TRUE
шиклентер,ʃiklenter,ʃik.len.ter,3,FFF,1,TRUE
шикленӳ,ʃikleny,ʃik.le.ny,3,FFF,62,TRUE
шикленӳллӗ,ʃiklenyllø,ʃik.le.nyl.lø,4,FFFR,10,TRUE
шикленӳллӗн,ʃiklenylløn,ʃik.le.nyl.løn,4,FFFR,6,TRUE
шикленчӗк,ʃiklentɕøk,ʃik.len.tɕøk,3,FFR,,FALSE
шикленчӗклӗ,ʃiklentɕøklø,ʃik.len.tɕøk.lø,4,FFRR,,FALSE
шикленчӗклӗн,ʃiklentɕøkløn,ʃik.len.tɕøk.løn,4,FFRR,1,TRUE
шиклет,ʃiklet,ʃik.let,2,FF,,FALSE
шиклеттер,ʃikletter,ʃik.let.ter,3,FFF,,FALSE
шиклӗ,ʃiklø,ʃik.lø,2,FR,139,TRUE
шиклӗн,ʃikløn,ʃik.løn,2,FR,113,TRUE
шиклӗх,ʃikløx,ʃik.løx,2,FR,95,TRUE
шиксӗр,ʃiksør,ʃik.sør,2,FR,88,TRUE
шиксӗрлен,ʃiksørlen,ʃik.sør.len,3,FRF,,FALSE
шиксӗрлӗх,ʃiksørløx,ʃik.sør.løx,3,FRR,,FALSE
шиле,ʃile,ʃi.le,2,FF,,FALSE
шилет,ʃilet,ʃi.let,2,FF,,FALSE
шимп,ʃimp,ʃimp,1,F,21,TRUE
шимплет,ʃimplet,ʃimp.let,2,FF,,FALSE
шина,ʃina,ʃi.na,2,FF,47,TRUE
шинӑла,ʃinɵla,ʃi.nɵ.la,3,FRF,,FALSE
шинӑллӑ,ʃinɵllɵ,ʃi.nɵl.lɵ,3,FRR,1,TRUE
шинель,ʃinelʲ,ʃi.nelʲ,2,FF,177,TRUE
шиншилла,ʃinʃilla,ʃin.ʃil.la,3,FFF,2,TRUE
шип,ʃip,ʃip,1,F,33,TRUE
шиплет,ʃiplet,ʃip.let,2,FF,1,TRUE
шипшип,ʃipʃip,ʃip.ʃip,2,FF,1,TRUE
ширма,ʃirma,ʃir.ma,2,FF,5,TRUE
шит,ʃit,ʃit,1,F,252,TRUE
шитле,ʃitle,ʃit.le,2,FF,5,TRUE
шитлӗ,ʃitlø,ʃit.lø,2,FR,12,TRUE
шитме,ʃitme,ʃit.me,2,FF,,FALSE
шитти,ʃitti,ʃit.ti,2,FF,9,TRUE
шихта,ʃixta,ʃix.ta,2,FF,,FALSE
шкала,ʃkala,ʃka.la,2,FF,4,TRUE
шкалаллӑ,ʃkalallɵ,ʃka.lal.lɵ,3,FFR,,FALSE
шкап,ʃkap,ʃkap,1,F,200,TRUE
шкатулка,ʃkatulka,ʃka.tul.ka,3,FFF,8,TRUE
шкив,ʃkiʋ,ʃkiʋ,1,F,5,TRUE
шкипер,ʃkiper,ʃki.per,2,FF,1,TRUE
шкул,ʃkul,ʃkul,1,F,18477,TRUE
шкурка,ʃkurka,ʃkur.ka,2,FF,,FALSE
шлак,ʃlak,ʃlak,1,F,11,TRUE
шлем,ʃlem,ʃlem,1,F,52,TRUE
шлепке,ʃlepke,ʃlep.ke,2,FF,155,TRUE
шлепкеллӗ,ʃlepkellø,ʃlep.kel.lø,3,FFR,54,TRUE
шлепкеҫӗ,ʃlepkeɕø,ʃlep.ke.ɕø,3,FFR,,FALSE
шликкелле,ʃlikkelle,ʃlik.kel.le,3,FFF,,FALSE
шлюпка,ʃljupka,ʃljup.ka,2,FF,4,TRUE
шляхта,ʃljaxta,ʃljax.ta,2,FF,1,TRUE
шляхтич,ʃljaxtitɕ,ʃljax.titɕ,2,FF,,FALSE
шнек,ʃnek,ʃnek,1,F,2,TRUE
шнур,ʃnur,ʃnur,1,F,10,TRUE
шнурла,ʃnurla,ʃnur.la,2,FF,,FALSE
шпаклевка,ʃpakleʋka,ʃpak.leʋ.ka,3,FFF,4,TRUE
шпаклӗвкӑла,ʃpakløʋkɵla,ʃpak.løʋ.kɵ.la,4,FRRF,,FALSE
шпал,ʃpal,ʃpal,1,F,8,TRUE
шпалер,ʃpaler,ʃpa.ler,2,FF,33,TRUE
шпана,ʃpana,ʃpa.na,2,FF,3,TRUE
шпат,ʃpat,ʃpat,1,F,3,TRUE
шпатель,ʃpatelʲ,ʃpa.telʲ,2,FF,4,TRUE
шпик,ʃpik,ʃpik,1,F,5,TRUE
шпикла,ʃpikla,ʃpik.la,2,FF,1,TRUE
шпиль,ʃpilʲ,ʃpilʲ,1,F,8,TRUE
шпилька,ʃpilʲka,ʃpilʲ.ka,2,FF,15,TRUE
шпинат,ʃpinat,ʃpi.nat,2,FF,43,TRUE
шплинт,ʃplint,ʃplint,1,F,1,TRUE
шплинтла,ʃplintla,ʃplint.la,2,FF,,FALSE
шпунт,ʃpunt,ʃpunt,1,F,2,TRUE
шпунтла,ʃpuntla,ʃpunt.la,2,FF,,FALSE
шрапнеллӗ,ʃrapnellø,ʃrap.nel.lø,3,FFR,,FALSE
шрапнель,ʃrapnelʲ,ʃrap.nelʲ,2,FF,11,TRUE
штамп,ʃtamp,ʃtamp,1,F,35,TRUE
штампла,ʃtampla,ʃtamp.la,2,FF,,FALSE
штапель,ʃtapelʲ,ʃta.pelʲ,2,FF,5,TRUE
штат,ʃtat,ʃtat,1,F,161,TRUE
штатив,ʃtatiʋ,ʃta.tiʋ,2,FF,4,TRUE
штатски,ʃtatski,ʃtats.ki,2,FF,2,TRUE
штеккер,ʃtekker,ʃtek.ker,2,FF,,FALSE
штемпель,ʃtempelʲ,ʃtem.pelʲ,2,FF,1,TRUE
штепсель,ʃtepselʲ,ʃtep.selʲ,2,FF,5,TRUE
штрек,ʃtrek,ʃtrek,1,F,,FALSE
штрих,ʃtrix,ʃtrix,1,F,13,TRUE
штрихла,ʃtrixla,ʃtrix.la,2,FF,,FALSE
штрихлӑ,ʃtrixlɵ,ʃtrix.lɵ,2,FR,,FALSE
штук,ʃtuk,ʃtuk,1,F,158,TRUE
штукатур,ʃtukatur,ʃtu.ka.tur,3,FFF,56,TRUE
штукатурка,ʃtukaturka,ʃtu.ka.tur.ka,4,FFFF,28,TRUE
штукатуркӑла,ʃtukaturkɵla,ʃtu.ka.tur.kɵ.la,5,FFFRF,,FALSE
штукатуркӑллӑ,ʃtukaturkɵllɵ,ʃtu.ka.tur.kɵl.lɵ,5,FFFRR,2,TRUE
штукӑн,ʃtukɵn,ʃtu.kɵn,2,FR,1,TRUE
штуклӑ,ʃtuklɵ,ʃtuk.lɵ,2,FR,1,TRUE
штурвал,ʃturʋal,ʃtur.ʋal,2,FF,70,TRUE
штурм,ʃturm,ʃturm,1,F,76,TRUE
штурман,ʃturman,ʃtur.man,2,FF,52,TRUE
штурмла,ʃturmla,ʃturm.la,2,FF,,FALSE
штык,ʃtʉk,ʃtʉk,1,F,57,TRUE
штыклӑ,ʃtʉklɵ,ʃtʉk.lɵ,2,FR,3,TRUE
шу,ʃu,ʃu,1,F,274,TRUE
шуй,ʃuj,ʃuj,1,F,47,TRUE
шуйӑх,ʃujɵx,ʃu.jɵx,2,FR,6,TRUE
шуйлан,ʃujlan,ʃuj.lan,2,FF,2,TRUE
шуйлантар,ʃujlantar,ʃuj.lan.tar,3,FFF,1,TRUE
шуйлаш,ʃujlaʃ,ʃuj.laʃ,2,FF,,FALSE
шуйттан,ʃujttan,ʃujt.tan,2,FF,1252,TRUE
шуйттанла,ʃujttanla,ʃujt.tan.la,3,FFF,8,TRUE
шуйттанлан,ʃujttanlan,ʃujt.tan.lan,3,FFF,,FALSE
шуйхан,ʃujxan,ʃuj.xan,2,FF,,FALSE
шуйхантар,ʃujxantar,ʃuj.xan.tar,3,FFF,,FALSE
шуйхану,ʃujxanu,ʃuj.xa.nu,3,FFF,8,TRUE
шуйханчӑк,ʃujxantɕɵk,ʃuj.xan.tɕɵk,3,FFR,5,TRUE
шуйхат,ʃujxat,ʃuj.xat,2,FF,2,TRUE
шуйхах,ʃujxax,ʃuj.xax,2,FF,,FALSE
шуйхаш,ʃujxaʃ,ʃuj.xaʃ,2,FF,,FALSE
шуйхаштар,ʃujxaʃtar,ʃuj.xaʃ.tar,3,FFF,,FALSE
шуйхӑм,ʃujxɵm,ʃuj.xɵm,2,FR,2,TRUE
шуйхӑн,ʃujxɵn,ʃuj.xɵn,2,FR,3,TRUE
шуйхӑнтар,ʃujxɵntar,ʃuj.xɵn.tar,3,FRF,,FALSE
шукӑлле,ʃukɵlle,ʃu.kɵl.le,3,FRF,,FALSE
шукӑллен,ʃukɵllen,ʃu.kɵl.len,3,FRF,,FALSE
шукӑллентер,ʃukɵllenter,ʃu.kɵl.len.ter,4,FRFF,,FALSE
шукӑллӗх,ʃukɵlløx,ʃu.kɵl.løx,3,FRR,,FALSE
шукӑль,ʃukɵlʲ,ʃu.kɵlʲ,2,FR,206,TRUE
шулака,ʃulaka,ʃu.la.ka,3,FFF,2,TRUE
шулап,ʃulap,ʃu.lap,2,FF,10,TRUE
шултӑра,ʃultɵra,ʃul.tɵ.ra,3,FRF,182,TRUE
шултӑрка,ʃultɵrka,ʃul.tɵr.ka,3,FRF,3,TRUE
шултӑркаттар,ʃultɵrkattar,ʃul.tɵr.kat.tar,4,FRFF,,FALSE
шултра,ʃultra,ʃult.ra,2,FF,1158,TRUE
шултралан,ʃultralan,ʃult.ra.lan,3,FFF,,FALSE
шултралантар,ʃultralantar,ʃult.ra.lan.tar,4,FFFF,,FALSE
шултралат,ʃultralat,ʃult.ra.lat,3,FFF,,FALSE
шултралӑх,ʃultralɵx,ʃult.ra.lɵx,3,FFR,1,TRUE
шултран,ʃultran,ʃult.ran,2,FF,22,TRUE
шульӑк,ʃulʲɵk,ʃu.lʲɵk,2,FR,18,TRUE
шульӑкла,ʃulʲɵkla,ʃu.lʲɵk.la,3,FRF,3,TRUE
шульӑклан,ʃulʲɵklan,ʃu.lʲɵk.lan,3,FRF,,FALSE
шуна,ʃuna,ʃu.na,2,FF,3,TRUE
шупашка,ʃupaʃka,ʃu.paʃ.ka,3,FFF,10,TRUE
шупӑр,ʃupɵr,ʃu.pɵr,2,FR,104,TRUE
шупӑт,ʃupɵt,ʃu.pɵt,2,FR,1,TRUE
шупка,ʃupka,ʃup.ka,2,FF,336,TRUE
шупкал,ʃupkal,ʃup.kal,2,FF,1,TRUE
шупкалан,ʃupkalan,ʃup.ka.lan,3,FFF,,FALSE
шупкалат,ʃupkalat,ʃup.ka.lat,3,FFF,,FALSE
шур,ʃur,ʃur,1,F,4463,TRUE
шурай,ʃuraj,ʃu.raj,2,FF,,FALSE
шурал,ʃural,ʃu.ral,2,FF,1,TRUE
шурамлӑх,ʃuramlɵx,ʃu.ram.lɵx,3,FFR,,FALSE
шуранка,ʃuranka,ʃu.ran.ka,3,FFF,125,TRUE
шуранкӑ,ʃurankɵ,ʃu.ran.kɵ,3,FFR,9,TRUE
шурат,ʃurat,ʃu.rat,2,FF,14,TRUE
шурӑ,ʃurɵ,ʃu.rɵ,2,FR,11353,TRUE
шурӑлӑх,ʃurɵlɵx,ʃu.rɵ.lɵx,3,FRR,,FALSE
шурӑлла,ʃurɵlla,ʃu.rɵl.la,3,FRF,20,TRUE
шурӑмпуҫ,ʃurɵmpuɕ,ʃu.rɵm.puɕ,3,FRF,1249,TRUE
шурӑх,ʃurɵx,ʃu.rɵx,2,FR,4,TRUE
шурӑхтар,ʃurɵxtar,ʃu.rɵx.tar,3,FRF,,FALSE
шурка,ʃurka,ʃur.ka,2,FF,17,TRUE
шуркалан,ʃurkalan,ʃur.ka.lan,3,FFF,,FALSE
шуркам,ʃurkam,ʃur.kam,2,FF,2,TRUE
шуркка,ʃurkka,ʃurk.ka,2,FF,39,TRUE
шуркут,ʃurkut,ʃur.kut,2,FF,6,TRUE
шурлӑ,ʃurlɵ,ʃur.lɵ,2,FR,35,TRUE
шурлӑх,ʃurlɵx,ʃur.lɵx,2,FR,384,TRUE
шурлӑхлан,ʃurlɵxlan,ʃur.lɵx.lan,3,FRF,1,TRUE
шурлӑхлӑ,ʃurlɵxlɵ,ʃur.lɵx.lɵ,3,FRR,161,TRUE
шуррӑн,ʃurrɵn,ʃur.rɵn,2,FR,91,TRUE
шурри,ʃurri,ʃur.ri,2,FF,247,TRUE
шуррисем,ʃurrisem,ʃur.ri.sem,3,FFF,227,TRUE
шуруп,ʃurup,ʃu.rup,2,FF,12,TRUE
шурути,ʃuruti,ʃu.ru.ti,3,FFF,10,TRUE
шурхай,ʃurxaj,ʃur.xaj,2,FF,2,TRUE
шуҫ,ʃuɕ,ʃuɕ,1,F,80,TRUE
шуҫӑм,ʃuɕɵm,ʃu.ɕɵm,2,FR,872,TRUE
шуҫӑмла,ʃuɕɵmla,ʃu.ɕɵm.la,3,FRF,11,TRUE
шуҫӑмлан,ʃuɕɵmlan,ʃu.ɕɵm.lan,3,FRF,,FALSE
шуҫлак,ʃuɕlak,ʃuɕ.lak,2,FF,43,TRUE
шуҫлака,ʃuɕlaka,ʃuɕ.la.ka,3,FFF,3,TRUE
шуҫлаклан,ʃuɕlaklan,ʃuɕ.lak.lan,3,FFF,,FALSE
шуҫтанкӑ,ʃuɕtankɵ,ʃuɕ.tan.kɵ,3,FFR,,FALSE
шуҫтар,ʃuɕtar,ʃuɕ.tar,2,FF,,FALSE
шут,ʃut,ʃut,1,F,2346,TRUE
шутйӗр,ʃutjør,ʃut.jør,2,FR,,FALSE
шутар,ʃutar,ʃu.tar,2,FF,3,TRUE
шутӗр,ʃutør,ʃu.tør,2,FR,,FALSE
шутка,ʃutka,ʃut.ka,2,FF,4,TRUE
шутла,ʃutla,ʃut.la,2,FF,531,TRUE
шутлав,ʃutlaʋ,ʃut.laʋ,2,FF,185,TRUE
шутлавҫӑ,ʃutlaʋɕɵ,ʃut.laʋ.ɕɵ,3,FFR,8,TRUE
шутлан,ʃutlan,ʃut.lan,2,FF,57,TRUE
шутлаттар,ʃutlattar,ʃut.lat.tar,3,FFF,,FALSE
шутлӑ,ʃutlɵ,ʃut.lɵ,2,FR,517,TRUE
шутлӑн,ʃutlɵn,ʃut.lɵn,2,FR,25,TRUE
шутник,ʃutnik,ʃut.nik,2,FF,9,TRUE
шутсӑр,ʃutsɵr,ʃu.tsɵr,2,FR,1306,TRUE
шутсӑрсумсӑр,ʃutsɵrsumsɵr,ʃu.tsɵr.sum.sɵr,4,FRFR,,FALSE
шух,ʃux,ʃux,1,F,241,TRUE
шухӑ,ʃuxɵ,ʃu.xɵ,2,FR,570,TRUE
шухӑлан,ʃuxɵlan,ʃu.xɵ.lan,3,FRF,,FALSE
шухӑлантар,ʃuxɵlantar,ʃu.xɵ.lan.tar,4,FRFF,,FALSE
шухӑлӑх,ʃuxɵlɵx,ʃu.xɵ.lɵx,3,FRR,5,TRUE
шухӑсӑр,ʃuxɵsɵr,ʃu.xɵ.sɵr,3,FRR,,FALSE
шухӑш,ʃuxɵʃ,ʃu.xɵʃ,2,FR,9563,TRUE
шухӑшӗмӗт,ʃuxɵʃømøt,ʃu.xɵ.ʃø.møt,4,FRRR,2,TRUE
шухӑшкӑмӑл,ʃuxɵʃkɵmɵl,ʃu.xɵʃ.kɵ.mɵl,4,FRRR,2,TRUE
шухӑштуйӑм,ʃuxɵʃtujɵm,ʃu.xɵʃ.tu.jɵm,4,FRFR,1,TRUE
шухӑшла,ʃuxɵʃla,ʃu.xɵʃ.la,3,FRF,530,TRUE
шухӑшлав,ʃuxɵʃlaʋ,ʃu.xɵʃ.laʋ,3,FRF,122,TRUE
шухӑшлавҫӑ,ʃuxɵʃlaʋɕɵ,ʃu.xɵʃ.laʋ.ɕɵ,4,FRFR,23,TRUE
шухӑшлаттар,ʃuxɵʃlattar,ʃu.xɵʃ.lat.tar,4,FRFF,,FALSE
шухӑшлӑ,ʃuxɵʃlɵ,ʃu.xɵʃ.lɵ,3,FRR,1466,TRUE
шухӑшлӑн,ʃuxɵʃlɵn,ʃu.xɵʃ.lɵn,3,FRR,268,TRUE
шухӑшлӑх,ʃuxɵʃlɵx,ʃu.xɵʃ.lɵx,3,FRR,43,TRUE
шухӑшсӑр,ʃuxɵʃsɵr,ʃu.xɵʃ.sɵr,3,FRR,231,TRUE
шухӑшсӑрлӑх,ʃuxɵʃsɵrlɵx,ʃu.xɵʃ.sɵr.lɵx,4,FRRR,1,TRUE
шухлӑх,ʃuxlɵx,ʃux.lɵx,2,FR,6,TRUE
шуххӑн,ʃuxxɵn,ʃux.xɵn,2,FR,88,TRUE
шушкӑ,ʃuʃkɵ,ʃuʃ.kɵ,2,FR,26,TRUE
шушу,ʃuʃu,ʃu.ʃu,2,FF,4,TRUE
шушчӑк,ʃuʃtɕɵk,ʃuʃ.tɕɵk,2,FR,,FALSE
шушшил,ʃuʃʃil,ʃuʃ.ʃil,2,FF,,FALSE
шӳ,ʃy,ʃy,1,F,27,TRUE
шӳкӗр,ʃykør,ʃy.kør,2,FR,,FALSE
шӳле,ʃyle,ʃy.le,2,FF,,FALSE
шӳлкеме,ʃylkeme,ʃyl.ke.me,3,FFF,78,TRUE
шӳреке,ʃyreke,ʃy.re.ke,3,FFF,9,TRUE
шӳрке,ʃyrke,ʃyr.ke,2,FF,1,TRUE
шӳркӗш,ʃyrkøʃ,ʃyr.køʃ,2,FR,1,TRUE
шӳрлӗх,ʃyrløx,ʃyr.løx,2,FR,,FALSE
шӳрпе,ʃyrpe,ʃyr.pe,2,FF,315,TRUE
шӳт,ʃyt,ʃyt,1,F,775,TRUE
шӳтелек,ʃytelek,ʃy.te.lek,3,FFF,,FALSE
шӳтер,ʃyter,ʃy.ter,2,FF,2,TRUE
шӳтле,ʃytle,ʃyt.le,2,FF,141,TRUE
шӳтлеш,ʃytleʃ,ʃyt.leʃ,2,FF,2,TRUE
шӳтлӗ,ʃytlø,ʃyt.lø,2,FR,403,TRUE
шӳтлӗн,ʃytløn,ʃyt.løn,2,FR,67,TRUE
шӳшмен,ʃyʃmen,ʃyʃ.men,2,FF,,FALSE
шхуна,ʃxuna,ʃxu.na,2,FF,20,TRUE
шыв,ʃʉʋ,ʃʉʋ,1,F,19456,TRUE
шывшур,ʃʉʋʃur,ʃʉʋ.ʃur,2,FF,4,TRUE
шывшурлӑ,ʃʉʋʃurlɵ,ʃʉʋ.ʃur.lɵ,3,FFR,,FALSE
шывшурлӑх,ʃʉʋʃurlɵx,ʃʉʋ.ʃur.lɵx,3,FFR,,FALSE
шывюр,ʃʉʋjur,ʃʉʋ.jur,2,FF,,FALSE
шывак,ʃʉʋak,ʃʉ.ʋak,2,FF,16,TRUE
шывлан,ʃʉʋlan,ʃʉʋ.lan,2,FF,6,TRUE
шывланкӑ,ʃʉʋlankɵ,ʃʉʋ.lan.kɵ,3,FFR,,FALSE
шывлантар,ʃʉʋlantar,ʃʉʋ.lan.tar,3,FFF,2,TRUE
шывлӑ,ʃʉʋlɵ,ʃʉʋ.lɵ,2,FR,265,TRUE
шывлӑюрлӑ,ʃʉʋlɵjurlɵ,ʃʉʋ.lɵ.jur.lɵ,4,FRFR,,FALSE
шывлӑх,ʃʉʋlɵx,ʃʉʋ.lɵx,2,FR,11,TRUE
шыври,ʃʉʋri,ʃʉʋ.ri,2,FF,576,TRUE
шывсӑр,ʃʉʋsɵr,ʃʉʋ.sɵr,2,FR,292,TRUE
шывсӑрлан,ʃʉʋsɵrlan,ʃʉʋ.sɵr.lan,3,FRF,,FALSE
шывсӑрлантар,ʃʉʋsɵrlantar,ʃʉʋ.sɵr.lan.tar,4,FRFF,,FALSE
шывсӑрлат,ʃʉʋsɵrlat,ʃʉʋ.sɵr.lat,3,FRF,,FALSE
шывсӑрлӑх,ʃʉʋsɵrlɵx,ʃʉʋ.sɵr.lɵx,3,FRR,,FALSE
шывсикки,ʃʉʋsikki,ʃʉʋ.sik.ki,3,FFF,40,TRUE
шывҫи,ʃʉʋɕi,ʃʉʋ.ɕi,2,FF,54,TRUE
шыльӑк,ʃʉlʲɵk,ʃʉ.lʲɵk,2,FR,7,TRUE
шыра,ʃʉra,ʃʉ.ra,2,FF,386,TRUE
шырав,ʃʉraʋ,ʃʉ.raʋ,2,FF,736,TRUE
шыравҫӑ,ʃʉraʋɕɵ,ʃʉ.raʋ.ɕɵ,3,FFR,38,TRUE
шыран,ʃʉran,ʃʉ.ran,2,FF,35,TRUE
шыраттар,ʃʉrattar,ʃʉ.rat.tar,3,FFF,4,TRUE
шырла,ʃʉrla,ʃʉr.la,2,FF,,FALSE
шырлан,ʃʉrlan,ʃʉr.lan,2,FF,88,TRUE
шырланлӑ,ʃʉrlanlɵ,ʃʉr.lan.lɵ,3,FFR,7,TRUE
шырлӑх,ʃʉrlɵx,ʃʉr.lɵx,2,FR,51,TRUE
шыҫ,ʃʉɕ,ʃʉɕ,1,F,2,TRUE
шыҫам,ʃʉɕam,ʃʉ.ɕam,2,FF,1,TRUE
шыҫӑ,ʃʉɕɵ,ʃʉ.ɕɵ,2,FR,327,TRUE
шыҫӑллӑ,ʃʉɕɵllɵ,ʃʉ.ɕɵl.lɵ,3,FRR,8,TRUE
шыҫӑн,ʃʉɕɵn,ʃʉ.ɕɵn,2,FR,5,TRUE
шыҫӑнтар,ʃʉɕɵntar,ʃʉ.ɕɵn.tar,3,FRF,,FALSE
шыҫӑнчӑк,ʃʉɕɵntɕɵk,ʃʉ.ɕɵn.tɕɵk,3,FRR,2,TRUE
шыҫӑх,ʃʉɕɵx,ʃʉ.ɕɵx,2,FR,,FALSE
шыҫмак,ʃʉɕmak,ʃʉɕ.mak,2,FF,94,TRUE
шыҫмаклан,ʃʉɕmaklan,ʃʉɕ.mak.lan,3,FFF,,FALSE
шыҫмаклантар,ʃʉɕmaklantar,ʃʉɕ.mak.lan.tar,4,FFFF,,FALSE
шыҫмаклӑх,ʃʉɕmaklɵx,ʃʉɕ.mak.lɵx,3,FFR,,FALSE
шыҫтар,ʃʉɕtar,ʃʉɕ.tar,2,FF,,FALSE
ывӑл,ʉʋɵl,ʉ.ʋɵl,2,FR,4171,TRUE
ывӑлхӗр,ʉʋɵlxør,ʉ.ʋɵl.xør,3,FRR,3,TRUE
ывӑлхӗрлӗ,ʉʋɵlxørlø,ʉ.ʋɵl.xør.lø,4,FRRR,,FALSE
ывӑлхӗрсӗр,ʉʋɵlxørsør,ʉ.ʋɵl.xør.sør,4,FRRR,,FALSE
ывӑлла,ʉʋɵlla,ʉ.ʋɵl.la,3,FRF,2,TRUE
ывӑллӑхӗрлӗ,ʉʋɵllɵxørlø,ʉ.ʋɵl.lɵ.xør.lø,5,FRRRR,,FALSE
ывӑллӑх,ʉʋɵllɵx,ʉ.ʋɵl.lɵx,3,FRR,1,TRUE
ывӑлсӑрхӗрсӗр,ʉʋɵlsɵrxørsør,ʉ.ʋɵl.sɵr.xør.sør,5,FRRRR,,FALSE
ывӑлсем,ʉʋɵlsem,ʉ.ʋɵl.sem,3,FRF,247,TRUE
ывӑн,ʉʋɵn,ʉ.ʋɵn,2,FR,30,TRUE
ывӑнтар,ʉʋɵntar,ʉ.ʋɵn.tar,3,FRF,1,TRUE
ывӑнчӑк,ʉʋɵntɕɵk,ʉ.ʋɵn.tɕɵk,3,FRR,2,TRUE
ывӑнчӑклӑн,ʉʋɵntɕɵklɵn,ʉ.ʋɵn.tɕɵk.lɵn,4,FRRR,6,TRUE
ывӑс,ʉʋɵs,ʉ.ʋɵs,2,FR,104,TRUE
ывӑҫ,ʉʋɵɕ,ʉ.ʋɵɕ,2,FR,567,TRUE
ывӑҫла,ʉʋɵɕla,ʉ.ʋɵɕ.la,3,FRF,41,TRUE
ывӑт,ʉʋɵt,ʉ.ʋɵt,2,FR,53,TRUE
ывӑткӑҫ,ʉʋɵtkɵɕ,ʉ.ʋɵt.kɵɕ,3,FRR,,FALSE
ывӑттар,ʉʋɵttar,ʉ.ʋɵt.tar,3,FRF,,FALSE
ывтӑн,ʉʋtɵn,ʉʋ.tɵn,2,FR,4,TRUE
ывтӑнтар,ʉʋtɵntar,ʉʋ.tɵn.tar,3,FRF,,FALSE
ыймалли,ʉjmalli,ʉj.mal.li,3,FFF,,FALSE
ыйт,ʉjt,ʉjt,1,F,462,TRUE
ыйткала,ʉjtkala,ʉjt.ka.la,3,FFF,1,TRUE
ыйткалакан,ʉjtkalakan,ʉjt.ka.la.kan,4,FFFF,137,TRUE
ыйттар,ʉjttar,ʉjt.tar,2,FF,2,TRUE
ыйту,ʉjtu,ʉj.tu,2,FF,5742,TRUE
ыйтуллӑ,ʉjtullɵ,ʉj.tul.lɵ,3,FFR,64,TRUE
ыйтуллӑн,ʉjtullɵn,ʉj.tul.lɵn,3,FFR,172,TRUE
ыйхӑ,ʉjxɵ,ʉj.xɵ,2,FR,1214,TRUE
ыйхӑла,ʉjxɵla,ʉj.xɵ.la,3,FRF,5,TRUE
ыйхӑлаттар,ʉjxɵlattar,ʉj.xɵ.lat.tar,4,FRFF,,FALSE
ыйхӑллӑ,ʉjxɵllɵ,ʉj.xɵl.lɵ,3,FRR,96,TRUE
ыйхӑллӑн,ʉjxɵllɵn,ʉj.xɵl.lɵn,3,FRR,9,TRUE
ыйхӑсӑр,ʉjxɵsɵr,ʉj.xɵ.sɵr,3,FRR,49,TRUE
ыйхӑҫӑ,ʉjxɵɕɵ,ʉj.xɵ.ɕɵ,3,FRR,,FALSE
ылматӗлме,ʉlmatølme,ʉl.ma.tøl.me,4,FFRF,,FALSE
ылмаксулмак,ʉlmaksulmak,ʉl.mak.sul.mak,4,FFFF,,FALSE
ылмаш,ʉlmaʃ,ʉl.maʃ,2,FF,48,TRUE
ылмаштӗлмеш,ʉlmaʃtølmeʃ,ʉl.maʃ.tøl.meʃ,4,FFRF,,FALSE
ылмашӑн,ʉlmaʃɵn,ʉl.ma.ʃɵn,3,FFR,3,TRUE
ылмашлӑ,ʉlmaʃlɵ,ʉl.maʃ.lɵ,3,FFR,1,TRUE
ылмаштар,ʉlmaʃtar,ʉl.maʃ.tar,3,FFF,,FALSE
ылмаштару,ʉlmaʃtaru,ʉl.maʃ.ta.ru,4,FFFF,2,TRUE
ылмашу,ʉlmaʃu,ʉl.ma.ʃu,3,FFF,14,TRUE
ылмашуллӑ,ʉlmaʃullɵ,ʉl.ma.ʃul.lɵ,4,FFFR,8,TRUE
ылмашуллӑн,ʉlmaʃullɵn,ʉl.ma.ʃul.lɵn,4,FFFR,3,TRUE
ылтӑн,ʉltɵn,ʉl.tɵn,2,FR,6500,TRUE
ылтӑнкӗмӗл,ʉltɵnkømøl,ʉl.tɵn.kø.møl,4,FRRR,2,TRUE
ылтӑнла,ʉltɵnla,ʉl.tɵn.la,3,FRF,14,TRUE
ылтӑнлан,ʉltɵnlan,ʉl.tɵn.lan,3,FRF,,FALSE
ылтӑнлат,ʉltɵnlat,ʉl.tɵn.lat,3,FRF,1,TRUE
ылхав,ʉlxaʋ,ʉl.xaʋ,2,FF,8,TRUE
ылхавлӑ,ʉlxaʋlɵ,ʉl.xaʋ.lɵ,3,FFR,25,TRUE
ылхан,ʉlxan,ʉl.xan,2,FF,255,TRUE
ылханлӑ,ʉlxanlɵ,ʉl.xan.lɵ,3,FFR,314,TRUE
ылханлӑн,ʉlxanlɵn,ʉl.xan.lɵn,3,FFR,1,TRUE
ылхантар,ʉlxantar,ʉl.xan.tar,3,FFF,,FALSE
ылхану,ʉlxanu,ʉl.xa.nu,3,FFF,28,TRUE
ылхануллӑн,ʉlxanullɵn,ʉl.xa.nul.lɵn,4,FFFR,,FALSE
ынатла,ʉnatla,ʉ.nat.la,3,FFF,2,TRUE
ынатлан,ʉnatlan,ʉ.nat.lan,3,FFF,,FALSE
ынатлӑ,ʉnatlɵ,ʉ.nat.lɵ,3,FFR,17,TRUE
ынатлӑн,ʉnatlɵn,ʉ.nat.lɵn,3,FFR,4,TRUE
ыр,ʉr,ʉr,1,F,3864,TRUE
ыра,ʉra,ʉ.ra,2,FF,113,TRUE
ырала,ʉrala,ʉ.ra.la,3,FFF,3,TRUE
ыралаттар,ʉralattar,ʉ.ra.lat.tar,4,FFFF,,FALSE
ыран,ʉran,ʉ.ran,2,FF,4771,TRUE
ыранвиҫмине,ʉranʋiɕmine,ʉ.ran.ʋiɕ.mi.ne,5,FFFFF,,FALSE
ыранлӑмӗнлӗ,ʉranlɵmønlø,ʉ.ran.lɵ.møn.lø,5,FFRRR,,FALSE
ыранлӑх,ʉranlɵx,ʉ.ran.lɵx,3,FFR,,FALSE
ырансенче,ʉransentɕe,ʉ.ran.sen.tɕe,4,FFFF,8,TRUE
ыранхи,ʉranxi,ʉ.ran.xi,3,FFF,376,TRUE
ырат,ʉrat,ʉ.rat,2,FF,1,TRUE
ыраттар,ʉrattar,ʉ.rat.tar,3,FFF,29,TRUE
ырату,ʉratu,ʉ.ra.tu,3,FFF,349,TRUE
ыратуллӑ,ʉratullɵ,ʉ.ra.tul.lɵ,4,FFFR,22,TRUE
ыратуллӑн,ʉratullɵn,ʉ.ra.tul.lɵn,4,FFFR,5,TRUE
ыраш,ʉraʃ,ʉ.raʃ,2,FF,1509,TRUE
ырашпӑтри,ʉraʃpɵtri,ʉ.raʃ.pɵt.ri,4,FFRF,10,TRUE
ырӑ,ʉrɵ,ʉ.rɵ,2,FR,19870,TRUE
ырӑлан,ʉrɵlan,ʉ.rɵ.lan,3,FRF,,FALSE
ырӑлантар,ʉrɵlantar,ʉ.rɵ.lan.tar,4,FRFF,,FALSE
ырӑлат,ʉrɵlat,ʉ.rɵ.lat,3,FRF,,FALSE
ырла,ʉrla,ʉr.la,2,FF,34,TRUE
ырлав,ʉrlaʋ,ʉr.laʋ,2,FF,5,TRUE
ырлавлӑ,ʉrlaʋlɵ,ʉr.laʋ.lɵ,3,FFR,4,TRUE
ырлавлӑн,ʉrlaʋlɵn,ʉr.laʋ.lɵn,3,FFR,2,TRUE
ырлӑх,ʉrlɵx,ʉr.lɵx,2,FR,1638,TRUE
ырлӑхпурлӑх,ʉrlɵxpurlɵx,ʉr.lɵx.pur.lɵx,4,FRFR,,FALSE
ырлӑхсиплӗх,ʉrlɵxsipløx,ʉr.lɵx.sip.løx,4,FRFR,,FALSE
ырлӑхсывлӑх,ʉrlɵxsʉʋlɵx,ʉr.lɵx.sʉʋ.lɵx,4,FRFR,9,TRUE
ырлӑхсывлӑхлӑ,ʉrlɵxsʉʋlɵxlɵ,ʉr.lɵx.sʉʋ.lɵx.lɵ,5,FRFRR,,FALSE
ырлӑхлӑ,ʉrlɵxlɵ,ʉr.lɵx.lɵ,3,FRR,27,TRUE
ырмиканми,ʉrmikanmi,ʉr.mi.kan.mi,4,FFFF,13,TRUE
ыррӑн,ʉrrɵn,ʉr.rɵn,2,FR,397,TRUE
ыррӑнсыввӑн,ʉrrɵnsʉʋʋɵn,ʉr.rɵn.sʉʋ.ʋɵn,4,FRFR,,FALSE
ырҫа,ʉrɕa,ʉr.ɕa,2,FF,9,TRUE
ыртар,ʉrtar,ʉr.tar,2,FF,,FALSE
ырхан,ʉrxan,ʉr.xan,2,FF,313,TRUE
ырханкка,ʉrxankka,ʉr.xank.ka,3,FFF,66,TRUE
ырханлан,ʉrxanlan,ʉr.xan.lan,3,FFF,2,TRUE
ырханлантар,ʉrxanlantar,ʉr.xan.lan.tar,4,FFFF,,FALSE
ырханлат,ʉrxanlat,ʉr.xan.lat,3,FFF,,FALSE
ыршӑ,ʉrʃɵ,ʉr.ʃɵ,2,FR,1,TRUE
ыса,ʉsa,ʉ.sa,2,FF,5,TRUE
ыт,ʉt,ʉt,1,F,1041,TRUE
ыттӗкел,ʉttøkel,ʉt.tø.kel,3,FRF,,FALSE
ытакла,ʉtakla,ʉ.tak.la,3,FFF,4,TRUE
ытаклан,ʉtaklan,ʉ.tak.lan,3,FFF,,FALSE
ытала,ʉtala,ʉ.ta.la,3,FFF,107,TRUE
ыталан,ʉtalan,ʉ.ta.lan,3,FFF,10,TRUE
ыталаттар,ʉtalattar,ʉ.ta.lat.tar,4,FFFF,,FALSE
ыталаш,ʉtalaʃ,ʉ.ta.laʃ,3,FFF,3,TRUE
ыталашу,ʉtalaʃu,ʉ.ta.la.ʃu,4,FFFF,2,TRUE
ытам,ʉtam,ʉ.tam,2,FF,86,TRUE
ытамлӑн,ʉtamlɵn,ʉ.tam.lɵn,3,FFR,3,TRUE
ытар,ʉtar,ʉ.tar,2,FF,17,TRUE
ытарлӑ,ʉtarlɵ,ʉ.tar.lɵ,3,FFR,276,TRUE
ытарлӑн,ʉtarlɵn,ʉ.tar.lɵn,3,FFR,194,TRUE
ытарлӑх,ʉtarlɵx,ʉ.tar.lɵx,3,FFR,25,TRUE
ытаруллӑ,ʉtarullɵ,ʉ.ta.rul.lɵ,4,FFFR,6,TRUE
ытаруллӑн,ʉtarullɵn,ʉ.ta.rul.lɵn,4,FFFR,6,TRUE
ытах,ʉtax,ʉ.tax,2,FF,184,TRUE
ытахаллӗн,ʉtaxalløn,ʉ.ta.xal.løn,4,FFFR,3,TRUE
ытахаль,ʉtaxalʲ,ʉ.ta.xalʲ,3,FFF,21,TRUE
ытахальтен,ʉtaxalʲten,ʉ.ta.xalʲ.ten,4,FFFF,228,TRUE
ытӑ,ʉtɵ,ʉ.tɵ,2,FR,22,TRUE
ыткӑн,ʉtkɵn,ʉt.kɵn,2,FR,16,TRUE
ыткӑнтар,ʉtkɵntar,ʉt.kɵn.tar,3,FRF,,FALSE
ытла,ʉtla,ʉt.la,2,FF,20686,TRUE
ытлаван,ʉtlaʋan,ʉt.la.ʋan,3,FFF,5,TRUE
ытларах,ʉtlarax,ʉt.la.rax,3,FFF,16783,TRUE
ытларахӑш,ʉtlaraxɵʃ,ʉt.la.ra.xɵʃ,4,FFFR,36,TRUE
ытлараххӑн,ʉtlaraxxɵn,ʉt.la.rax.xɵn,4,FFFR,6,TRUE
ытларикун,ʉtlarikun,ʉt.la.ri.kun,4,FFFF,352,TRUE
ытлашши,ʉtlaʃʃi,ʉt.laʃ.ʃi,3,FFF,4503,TRUE
ытлашшилӗх,ʉtlaʃʃiløx,ʉt.laʃ.ʃi.løx,4,FFFR,3,TRUE
ытлашшипех,ʉtlaʃʃipex,ʉt.laʃ.ʃi.pex,4,FFFF,351,TRUE
ытлӑҫитлӗ,ʉtlɵɕitlø,ʉt.lɵ.ɕit.lø,4,FRFR,9,TRUE
ытлӑнҫитлӗн,ʉtlɵnɕitløn,ʉt.lɵn.ɕit.løn,4,FRFR,1,TRUE
ытти,ʉtti,ʉt.ti,2,FF,22214,TRUE
ыттимаси,ʉttimasi,ʉt.ti.ma.si,4,FFFF,,FALSE
ыттихатти,ʉttixatti,ʉt.ti.xat.ti,4,FFFF,,FALSE
ых,ʉx,ʉx,1,F,186,TRUE
ыхлаҫ,ʉxlaɕ,ʉx.laɕ,2,FF,6,TRUE
ыхлаҫлӑ,ʉxlaɕlɵ,ʉx.laɕ.lɵ,3,FFR,4,TRUE
ыхлаҫлӑн,ʉxlaɕlɵn,ʉx.laɕ.lɵn,3,FFR,6,TRUE
ыхлат,ʉxlat,ʉx.lat,2,FF,,FALSE
ыхра,ʉxra,ʉx.ra,2,FF,632,TRUE
ыхрути,ʉxruti,ʉx.ru.ti,3,FFF,2,TRUE
ыш,ʉʃ,ʉʃ,1,F,9,TRUE
ышлат,ʉʃlat,ʉʃ.lat,2,FF,,FALSE
э,e,e,1,F,4156,TRUE
этете,etete,e.te.te,3,FFF,,FALSE
эв,eʋ,eʋ,1,F,2,TRUE
эвенк,eʋenk,e.ʋenk,2,FF,27,TRUE
эвкалипт,eʋkalipt,eʋ.ka.lipt,3,FFF,21,TRUE
эвм,eʋm,eʋm,1,F,12,TRUE
эй,ej,ej,1,F,4857,TRUE
эйяйяй,ejjajjaj,ej.jaj.jaj,3,FFF,,FALSE
эйккея,ejkkeja,ejk.ke.ja,3,FFF,,FALSE
эйлет,ejlet,ej.let,2,FF,,FALSE
эйлеш,ejleʃ,ej.leʃ,2,FF,,FALSE
эйпет,ejpet,ej.pet,2,FF,2,TRUE
эк,ek,ek,1,F,17,TRUE
эквивалент,ekʋiʋalent,ek.ʋi.ʋa.lent,4,FFFF,3,TRUE
эквивалентлӑ,ekʋiʋalentlɵ,ek.ʋi.ʋa.lent.lɵ,5,FFFFR,3,TRUE
эквивалентлӑх,ekʋiʋalentlɵx,ek.ʋi.ʋa.lent.lɵx,5,FFFFR,4,TRUE
экемет,ekemet,e.ke.met,3,FFF,,FALSE
экеметлӗ,ekemetlø,e.ke.met.lø,4,FFFR,3,TRUE
эккей,ekkej,ek.kej,2,FF,258,TRUE
эклектик,eklektik,ek.lek.tik,3,FFF,1,TRUE
экран,ekran,ek.ran,2,FF,527,TRUE
экскурс,ekskurs,eks.kurs,2,FF,5,TRUE
экскурсант,ekskursant,eks.kur.sant,3,FFF,6,TRUE
экскурси,ekskursi,eks.kur.si,3,FFF,371,TRUE
экспанси,ekspansi,eks.pan.si,3,FFF,1,TRUE
экспансилӗх,ekspansiløx,eks.pan.si.løx,4,FFFR,,FALSE
экспансиллӗ,ekspansillø,eks.pan.sil.lø,4,FFFR,1,TRUE
эксперимент,eksperiment,eks.pe.ri.ment,4,FFFF,127,TRUE
экспериментлӑ,eksperimentlɵ,eks.pe.ri.ment.lɵ,5,FFFFR,25,TRUE
эксперт,ekspert,eks.pert,2,FF,284,TRUE
экспресс,ekspress,eksp.ress,2,FF,69,TRUE
экспресси,ekspressi,eksp.res.si,3,FFF,7,TRUE
экспрессилӗх,ekspressiløx,eksp.res.si.løx,4,FFFR,,FALSE
экспрессиллӗ,ekspressillø,eksp.res.sil.lø,4,FFFR,6,TRUE
экстенсивлӑ,ekstensiʋlɵ,eks.ten.siʋ.lɵ,4,FFFR,,FALSE
экстенсивлӑх,ekstensiʋlɵx,eks.ten.siʋ.lɵx,4,FFFR,,FALSE
экстерн,ekstern,eks.tern,2,FF,44,TRUE
экстерьер,eksterʲer,eks.te.rʲer,3,FFF,1,TRUE
экстракт,ekstrakt,ekst.rakt,2,FF,3,TRUE
экстремист,ekstremist,ekst.re.mist,3,FFF,18,TRUE
экстремистла,ekstremistla,ekst.re.mist.la,4,FFFF,45,TRUE
эластик,elastik,e.las.tik,3,FFF,3,TRUE
элек,elek,e.lek,2,FF,385,TRUE
элекчелек,elektɕelek,e.lek.tɕe.lek,4,FFFF,,FALSE
элекле,elekle,e.lek.le,3,FFF,4,TRUE
элеклӗ,eleklø,e.lek.lø,3,FFR,20,TRUE
элекҫӗ,elekɕø,e.lek.ɕø,3,FFR,52,TRUE
электрик,elektrik,e.lekt.rik,3,FFF,106,TRUE
электричествӑллӑ,elektritɕestʋɵllɵ,e.lekt.ri.tɕest.ʋɵl.lɵ,6,FFFFRR,3,TRUE
электричка,elektritɕka,e.lekt.ritɕ.ka,4,FFFF,21,TRUE
элем,elem,e.lem,2,FF,124,TRUE
элемселем,elemselem,e.lem.se.lem,4,FFFF,,FALSE
элемент,element,e.le.ment,3,FFF,146,TRUE
элементарлӑ,elementarlɵ,e.le.men.tar.lɵ,5,FFFFR,31,TRUE
элементлӑ,elementlɵ,e.le.ment.lɵ,4,FFFR,2,TRUE
элесмелес,elesmeles,e.les.me.les,4,FFFF,1,TRUE
элет,elet,e.let,2,FF,,FALSE
эликсир,eliksir,e.lik.sir,3,FFF,2,TRUE
элита,elita,e.li.ta,3,FFF,88,TRUE
элле,elle,el.le,2,FF,292,TRUE
эллипс,ellips,el.lips,2,FF,7,TRUE
элмен,elmen,el.men,2,FF,93,TRUE
элттемшелттем,elttemʃelttem,elt.tem.ʃelt.tem,4,FFFF,,FALSE
элчел,eltɕel,el.tɕel,2,FF,51,TRUE
элчелсӗр,eltɕelsør,el.tɕel.sør,3,FFR,2,TRUE
элчӗ,eltɕø,el.tɕø,2,FR,308,TRUE
элчӗлӗх,eltɕøløx,el.tɕø.løx,3,FRR,20,TRUE
элччӗ,eltɕtɕø,eltɕ.tɕø,2,FR,,FALSE
эмалле,emalle,e.mal.le,3,FFF,,FALSE
эмаль,emalʲ,e.malʲ,2,FF,26,TRUE
эмел,emel,e.mel,2,FF,1225,TRUE
эмелле,emelle,e.mel.le,3,FFF,3,TRUE
эмеллен,emellen,e.mel.len,3,FFF,,FALSE
эмеллештер,emelleʃter,e.mel.leʃ.ter,4,FFFF,,FALSE
эмеллӗ,emellø,e.mel.lø,3,FFR,2,TRUE
эмелҫӗ,emelɕø,e.mel.ɕø,3,FFR,30,TRUE
эмен,emen,e.men,2,FF,1,TRUE
эмешле,emeʃle,e.meʃ.le,3,FFF,,FALSE
эмир,emir,e.mir,2,FF,186,TRUE
эмират,emirat,e.mi.rat,3,FFF,1,TRUE
эмиссар,emissar,e.mis.sar,3,FFF,,FALSE
эмисси,emissi,e.mis.si,3,FFF,3,TRUE
эмпирик,empirik,em.pi.rik,3,FFF,,FALSE
эмпирилле,empirille,em.pi.ril.le,4,FFFF,,FALSE
эмульси,emulʲsi,e.mulʲ.si,3,FFF,3,TRUE
эмульсиллӗ,emulʲsillø,e.mulʲ.sil.lø,4,FFFR,3,TRUE
энӗс,enøs,e.nøs,2,FR,3,TRUE
энтӗри,entøri,en.tø.ri,3,FRF,,FALSE
энче,entɕe,en.tɕe,2,FF,1,TRUE
энчен,entɕen,en.tɕen,2,FF,2,TRUE
энченлен,entɕenlen,en.tɕen.len,3,FFF,,FALSE
эп,ep,ep,1,F,26004,TRUE
эпе,epe,e.pe,2,FF,237,TRUE
эпекле,epekle,e.pek.le,3,FFF,,FALSE
эпӗ,epø,e.pø,2,FR,76325,TRUE
эпӗр,epør,e.pør,2,FR,840,TRUE
эпи,epi,e.pi,2,FF,125,TRUE
эпилепси,epilepsi,e.pi.lep.si,4,FFFF,8,TRUE
эпилептик,epileptik,e.pi.lep.tik,4,FFFF,,FALSE
эпир,epir,e.pir,2,FF,39388,TRUE
эпители,epiteli,e.pi.te.li,4,FFFF,1,TRUE
эпитет,epitet,e.pi.tet,3,FFF,15,TRUE
эппин,eppin,ep.pin,2,FF,7354,TRUE
эптер,epter,ep.ter,2,FF,5,TRUE
эптерле,epterle,ep.ter.le,3,FFF,,FALSE
эра,era,e.ra,2,FF,45,TRUE
эреветлӗ,ereʋetlø,e.re.ʋet.lø,4,FFFR,31,TRUE
эреветлӗн,ereʋetløn,e.re.ʋet.løn,4,FFFR,9,TRUE
эремтерем,eremterem,e.rem.te.rem,4,FFFF,,FALSE
эренкӗл,erenkøl,e.ren.køl,3,FFR,,FALSE
эренлен,erenlen,e.ren.len,3,FFF,,FALSE
эрех,erex,e.rex,2,FF,6330,TRUE
эрехсӑра,erexsɵra,e.rex.sɵ.ra,4,FFRF,20,TRUE
эрехле,erexle,e.rex.le,3,FFF,45,TRUE
эреш,ereʃ,e.reʃ,2,FF,247,TRUE
эрешмереш,ereʃmereʃ,e.reʃ.me.reʃ,4,FFFF,,FALSE
эрешле,ereʃle,e.reʃ.le,3,FFF,4,TRUE
эрешлен,ereʃlen,e.reʃ.len,3,FFF,1,TRUE
эрешлентер,ereʃlenter,e.reʃ.len.ter,4,FFFF,,FALSE
эрешлӗ,ereʃlø,e.reʃ.lø,3,FFR,198,TRUE
эрешмен,ereʃmen,e.reʃ.men,3,FFF,247,TRUE
эрӗм,erøm,e.røm,2,FR,113,TRUE
эрӗмлен,erømlen,e.røm.len,3,FRF,,FALSE
эрлен,erlen,er.len,2,FF,5,TRUE
эрлентер,erlenter,er.len.ter,3,FFF,,FALSE
эрленчӗк,erlentɕøk,er.len.tɕøk,3,FFR,1,TRUE
эрлӗк,erløk,er.løk,2,FR,39,TRUE
эрлӗклӗ,erløklø,er.løk.lø,3,FRR,14,TRUE
эрмек,ermek,er.mek,2,FF,1,TRUE
эрмен,ermen,er.men,2,FF,176,TRUE
эрне,erne,er.ne,2,FF,5383,TRUE
эрнекун,ernekun,er.ne.kun,3,FFF,602,TRUE
эрнелӗх,erneløx,er.ne.løx,3,FFR,131,TRUE
эрненэрнен,ernenernen,er.ne.ner.nen,4,FFFF,,FALSE
эрнесерен,erneseren,er.ne.se.ren,4,FFFF,115,TRUE
эрнипе,ernipe,er.ni.pe,3,FFF,137,TRUE
эртел,ertel,er.tel,2,FF,169,TRUE
эртеллен,ertellen,er.tel.len,3,FFF,,FALSE
эртеллӗ,ertellø,er.tel.lø,3,FFR,2,TRUE
эртнӗ,ertnø,ert.nø,2,FR,,FALSE
эрчемес,ertɕemes,er.tɕe.mes,3,FFF,1,TRUE
эрченмерчен,ertɕenmertɕen,er.tɕen.mer.tɕen,4,FFFF,,FALSE
эс,es,es,1,F,23697,TRUE
эсер,eser,e.ser,2,FF,90,TRUE
эсерла,eserla,e.ser.la,3,FFF,5,TRUE
эсӗ,esø,e.sø,2,FR,33888,TRUE
эсӗр,esør,e.sør,2,FR,452,TRUE
эсир,esir,e.sir,2,FF,18545,TRUE
эслепсӗр,eslepsør,es.lep.sør,3,FFR,3,TRUE
эсрел,esrel,es.rel,2,FF,273,TRUE
эсрелле,esrelle,es.rel.le,3,FFF,3,TRUE
эсреллен,esrellen,es.rel.len,3,FFF,,FALSE
эсремет,esremet,es.re.met,3,FFF,141,TRUE
эсрехун,esrexun,es.re.xun,3,FFF,2,TRUE
эстамп,estamp,es.tamp,2,FF,6,TRUE
эстет,estet,es.tet,2,FF,5,TRUE
эстетика,estetika,es.te.ti.ka,4,FFFF,73,TRUE
эстетикӑлла,estetikɵlla,es.te.ti.kɵl.la,5,FFFRF,9,TRUE
эстетла,estetla,es.tet.la,3,FFF,1,TRUE
эт,et,et,1,F,7,TRUE
этап,etap,e.tap,2,FF,22,TRUE
этем,etem,e.tem,2,FF,6418,TRUE
этемле,etemle,e.tem.le,3,FFF,118,TRUE
этемлен,etemlen,e.tem.len,3,FFF,,FALSE
этемлет,etemlet,e.tem.let,3,FFF,,FALSE
этемлӗх,etemløx,e.tem.løx,3,FFR,560,TRUE
этика,etika,e.ti.ka,3,FFF,49,TRUE
этикет,etiket,e.ti.ket,3,FFF,33,TRUE
этикетка,etiketka,e.ti.ket.ka,4,FFFF,14,TRUE
этил,etil,e.til,2,FF,35,TRUE
этилен,etilen,e.ti.len,3,FFF,3,TRUE
эткер,etker,et.ker,2,FF,342,TRUE
эттен,etten,et.ten,2,FF,,FALSE
эттере,ettere,et.te.re,3,FFF,1,TRUE
эх,ex,ex,1,F,5320,TRUE
эххехей,exxexej,ex.xe.xej,3,FFF,,FALSE
эххей,exxej,ex.xej,2,FF,,FALSE
эхе,exe,e.xe,2,FF,73,TRUE
эхер,exer,e.xer,2,FF,138,TRUE
эхехей,exexej,e.xe.xej,3,FFF,,FALSE
эхӗлтет,exøltet,e.xøl.tet,3,FRF,,FALSE
эхих,exix,e.xix,2,FF,,FALSE
эххӗм,exxøm,ex.xøm,2,FR,12,TRUE
эххӗмлет,exxømlet,ex.xøm.let,3,FRF,,FALSE
эчӗххӳ,etɕøxxy,e.tɕøx.xy,3,FRF,,FALSE
эччӗ,etɕtɕø,etɕ.tɕø,2,FR,29,TRUE
эшкер,eʃker,eʃ.ker,2,FF,54,TRUE
эшкерлен,eʃkerlen,eʃ.ker.len,3,FFF,,FALSE
ю,ju,ju,1,F,2160,TRUE
юань,juanʲ,ju.anʲ,2,FF,28,TRUE
ювелир,juʋelir,ju.ʋe.lir,3,FFF,78,TRUE
юйкӑн,jujkɵn,juj.kɵn,2,FR,2,TRUE
юка,juka,ju.ka,2,FF,8,TRUE
юката,jukata,ju.ka.ta,3,FFF,,FALSE
юкӑс,jukɵs,ju.kɵs,2,FR,,FALSE
юл,jul,jul,1,F,659,TRUE
юла,jula,ju.la,2,FF,33,TRUE
юлан,julan,ju.lan,2,FF,464,TRUE
юланут,julanut,ju.la.nut,3,FFF,315,TRUE
юланутлан,julanutlan,ju.la.nut.lan,4,FFFF,,FALSE
юланутлӑ,julanutlɵ,ju.la.nut.lɵ,4,FFFR,66,TRUE
юланутҫӑ,julanutɕɵ,ju.la.nu.tɕɵ,4,FFFR,165,TRUE
юлахай,julaxaj,ju.la.xaj,3,FFF,,FALSE
юлашки,julaʃki,ju.laʃ.ki,3,FFF,12040,TRUE
юлашкитӗлешки,julaʃkitøleʃki,ju.laʃ.ki.tø.leʃ.ki,6,FFFRFF,,FALSE
юлашкинчен,julaʃkintɕen,ju.laʃ.kin.tɕen,4,FFFF,4188,TRUE
юлташ,jultaʃ,jul.taʃ,2,FF,3912,TRUE
юлташтантӑш,jultaʃtantɵʃ,jul.taʃ.tan.tɵʃ,4,FFFR,,FALSE
юлташла,jultaʃla,jul.taʃ.la,3,FFF,239,TRUE
юлташлан,jultaʃlan,jul.taʃ.lan,3,FFF,1,TRUE
юлташлантар,jultaʃlantar,jul.taʃ.lan.tar,4,FFFF,,FALSE
юлташлӑ,jultaʃlɵ,jul.taʃ.lɵ,3,FFR,96,TRUE
юлташлӑн,jultaʃlɵn,jul.taʃ.lɵn,3,FFR,5,TRUE
юлташлӑх,jultaʃlɵx,jul.taʃ.lɵx,3,FFR,120,TRUE
юлхав,julxaʋ,jul.xaʋ,2,FF,99,TRUE
юлхаввӑн,julxaʋʋɵn,jul.xaʋ.ʋɵn,3,FFR,3,TRUE
юлхавлан,julxaʋlan,jul.xaʋ.lan,3,FFF,,FALSE
юлхавлантар,julxaʋlantar,jul.xaʋ.lan.tar,4,FFFF,,FALSE
юлхавлӑн,julxaʋlɵn,jul.xaʋ.lɵn,3,FFR,75,TRUE
юлхавлӑх,julxaʋlɵx,jul.xaʋ.lɵx,3,FFR,9,TRUE
юм,jum,jum,1,F,112,TRUE
юмала,jumala,ju.ma.la,3,FFF,,FALSE
юман,juman,ju.man,2,FF,3380,TRUE
юманай,jumanaj,ju.ma.naj,3,FFF,60,TRUE
юманлӑх,jumanlɵx,ju.man.lɵx,3,FFR,202,TRUE
юмарт,jumart,ju.mart,2,FF,302,TRUE
юмах,jumax,ju.max,2,FF,3136,TRUE
юмаххалап,jumaxxalap,ju.max.xa.lap,4,FFFF,1,TRUE
юмахла,jumaxla,ju.max.la,3,FFF,18,TRUE
юмахҫӑ,jumaxɕɵ,ju.max.ɕɵ,3,FFR,74,TRUE
юмӑҫ,jumɵɕ,ju.mɵɕ,2,FR,1015,TRUE
юмӑҫтерӗҫ,jumɵɕterøɕ,ju.mɵɕ.te.røɕ,4,FRFR,,FALSE
юмӑҫла,jumɵɕla,ju.mɵɕ.la,3,FRF,4,TRUE
юмӑх,jumɵx,ju.mɵx,2,FR,,FALSE
юмла,jumla,jum.la,2,FF,2,TRUE
юн,jun,jun,1,F,5048,TRUE
юна,juna,ju.na,2,FF,427,TRUE
юнав,junaʋ,ju.naʋ,2,FF,10,TRUE
юнавла,junaʋla,ju.naʋ.la,3,FFF,,FALSE
юнавлаш,junaʋlaʃ,ju.naʋ.laʃ,3,FFF,,FALSE
юнавлӑ,junaʋlɵ,ju.naʋ.lɵ,3,FFR,24,TRUE
юнавлӑн,junaʋlɵn,ju.naʋ.lɵn,3,FFR,26,TRUE
юнаш,junaʃ,ju.naʃ,2,FF,4,TRUE
юнашар,junaʃar,ju.na.ʃar,3,FFF,6844,TRUE
юнашарлат,junaʃarlat,ju.na.ʃar.lat,4,FFFF,,FALSE
юнашарлӑх,junaʃarlɵx,ju.na.ʃar.lɵx,4,FFFR,2,TRUE
юнашаррӑн,junaʃarrɵn,ju.na.ʃar.rɵn,4,FFFR,30,TRUE
юнаштар,junaʃtar,ju.naʃ.tar,3,FFF,,FALSE
юнӑҫлӑ,junɵɕlɵ,ju.nɵɕ.lɵ,3,FRR,2,TRUE
юнӑх,junɵx,ju.nɵx,2,FR,3,TRUE
юнӑхтар,junɵxtar,ju.nɵx.tar,3,FRF,,FALSE
юнӗҫен,junøɕen,ju.nø.ɕen,3,FRF,15,TRUE
юнкер,junker,jun.ker,2,FF,11,TRUE
юнкун,junkun,jun.kun,2,FF,421,TRUE
юнла,junla,jun.la,2,FF,5,TRUE
юнлан,junlan,jun.lan,2,FF,,FALSE
юнлантар,junlantar,jun.lan.tar,3,FFF,,FALSE
юнлӑ,junlɵ,jun.lɵ,2,FR,896,TRUE
юннат,junnat,jun.nat,2,FF,,FALSE
юнсӑр,junsɵr,jun.sɵr,2,FR,25,TRUE
юнсӑрлан,junsɵrlan,jun.sɵr.lan,3,FRF,,FALSE
юнсӑрлат,junsɵrlat,jun.sɵr.lat,3,FRF,,FALSE
юнтар,juntar,jun.tar,2,FF,,FALSE
юнтармӑш,juntarmɵʃ,jun.tar.mɵʃ,3,FFR,41,TRUE
юнтарчӑк,juntartɕɵk,jun.tar.tɕɵk,3,FFR,2,TRUE
юнташ,juntaʃ,jun.taʃ,2,FF,9,TRUE
юншахла,junʃaxla,jun.ʃax.la,3,FFF,,FALSE
юншӑх,junʃɵx,jun.ʃɵx,2,FR,3,TRUE
юншӑхла,junʃɵxla,jun.ʃɵx.la,3,FRF,,FALSE
юп,jup,jup,1,F,148,TRUE
юпа,jupa,ju.pa,2,FF,4183,TRUE
юпала,jupala,ju.pa.la,3,FFF,,FALSE
юпалан,jupalan,ju.pa.lan,3,FFF,,FALSE
юпалӑх,jupalɵx,ju.pa.lɵx,3,FFR,6,TRUE
юпалла,jupalla,ju.pal.la,3,FFF,5,TRUE
юпаллӑ,jupallɵ,ju.pal.lɵ,3,FFR,32,TRUE
юпах,jupax,ju.pax,2,FF,100,TRUE
юпахла,jupaxla,ju.pax.la,3,FFF,1,TRUE
юпӑ,jupɵ,ju.pɵ,2,FR,9,TRUE
юпӑллӑ,jupɵllɵ,ju.pɵl.lɵ,3,FRR,,FALSE
юпӑн,jupɵn,ju.pɵn,2,FR,1,TRUE
юпӑнчӑ,jupɵntɕɵ,ju.pɵn.tɕɵ,3,FRR,14,TRUE
юпитер,jupiter,ju.pi.ter,3,FFF,106,TRUE
юпла,jupla,jup.la,2,FF,,FALSE
юплев,jupleʋ,jup.leʋ,2,FF,,FALSE
юплен,juplen,jup.len,2,FF,,FALSE
юплентер,juplenter,jup.len.ter,3,FFF,,FALSE
юпленчӗк,juplentɕøk,jup.len.tɕøk,3,FFR,4,TRUE
юплеш,jupleʃ,jup.leʃ,2,FF,,FALSE
юплешке,jupleʃke,jup.leʃ.ke,3,FFF,1,TRUE
юплӗ,juplø,jup.lø,2,FR,110,TRUE
юплӗяплӗ,jupløjaplø,jup.lø.jap.lø,4,FRFR,,FALSE
юптар,juptar,jup.tar,2,FF,7,TRUE
юптарӑнчӑк,juptarɵntɕɵk,jup.ta.rɵn.tɕɵk,4,FFRR,,FALSE
юптару,juptaru,jup.ta.ru,3,FFF,169,TRUE
юптаруллӑ,juptarullɵ,jup.ta.rul.lɵ,4,FFFR,8,TRUE
юптаруҫӑ,juptaruɕɵ,jup.ta.ru.ɕɵ,4,FFFR,15,TRUE
юр,jur,jur,1,F,7445,TRUE
юрвар,jurʋar,jur.ʋar,2,FF,2,TRUE
юрпӑр,jurpɵr,jur.pɵr,2,FR,,FALSE
юра,jura,ju.ra,2,FF,1108,TRUE
юравлӑ,juraʋlɵ,ju.raʋ.lɵ,3,FFR,38,TRUE
юравсӑр,juraʋsɵr,ju.raʋ.sɵr,3,FFR,6,TRUE
юрай,juraj,ju.raj,2,FF,35,TRUE
юрами,jurami,ju.ra.mi,3,FFF,2,TRUE
юрамисӗр,juramisør,ju.ra.mi.sør,4,FFFR,7,TRUE
юрат,jurat,ju.rat,2,FF,241,TRUE
юратмӑш,juratmɵʃ,ju.rat.mɵʃ,3,FFR,2,TRUE
юраттар,jurattar,ju.rat.tar,3,FFF,2,TRUE
юрату,juratu,ju.ra.tu,3,FFF,7513,TRUE
юратуллӑ,juratullɵ,ju.ra.tul.lɵ,4,FFFR,178,TRUE
юратуллӑн,juratullɵn,ju.ra.tul.lɵn,4,FFFR,36,TRUE
юрать,juratʲ,ju.ratʲ,2,FF,7429,TRUE
юрӑ,jurɵ,ju.rɵ,2,FR,14015,TRUE
юрӑкӗвӗ,jurɵkøʋø,ju.rɵ.kø.ʋø,4,FRRR,76,TRUE
юрӑкулӑ,jurɵkulɵ,ju.rɵ.ku.lɵ,4,FRFR,,FALSE
юрӑҫӗмӗ,jurɵɕømø,ju.rɵ.ɕø.mø,4,FRRR,,FALSE
юрӑташӑ,jurɵtaʃɵ,ju.rɵ.ta.ʃɵ,4,FRFR,8,TRUE
юрӑҫӑ,jurɵɕɵ,ju.rɵ.ɕɵ,3,FRR,272,TRUE
юрӑхлӑ,jurɵxlɵ,ju.rɵx.lɵ,3,FRR,1185,TRUE
юрӑхлӑлан,jurɵxlɵlan,ju.rɵx.lɵ.lan,4,FRRF,,FALSE
юрӑхлӑлат,jurɵxlɵlat,ju.rɵx.lɵ.lat,4,FRRF,,FALSE
юрӑхлӑх,jurɵxlɵx,ju.rɵx.lɵx,3,FRR,6,TRUE
юрӑхсӑр,jurɵxsɵr,ju.rɵx.sɵr,3,FRR,420,TRUE
юрӑхсӑрлан,jurɵxsɵrlan,ju.rɵx.sɵr.lan,4,FRRF,1,TRUE
юрӗ,jurø,ju.rø,2,FR,3385,TRUE
юри,juri,ju.ri,2,FF,1462,TRUE
юрирен,juriren,ju.ri.ren,3,FFF,2,TRUE
юрист,jurist,ju.rist,2,FF,358,TRUE
юркӑч,jurkɵtɕ,jur.kɵtɕ,2,FR,,FALSE
юрккӑн,jurkkɵn,jurk.kɵn,2,FR,5,TRUE
юрккӑнлан,jurkkɵnlan,jurk.kɵn.lan,3,FRF,,FALSE
юрла,jurla,jur.la,2,FF,823,TRUE
юрлан,jurlan,jur.lan,2,FF,17,TRUE
юрлаттар,jurlattar,jur.lat.tar,3,FFF,9,TRUE
юрлӑ,jurlɵ,jur.lɵ,2,FR,252,TRUE
юрлӑварлӑ,jurlɵʋarlɵ,jur.lɵ.ʋar.lɵ,4,FRFR,,FALSE
юрлӑкӗртлӗ,jurlɵkørtlø,jur.lɵ.kørt.lø,4,FRRR,,FALSE
юрлӑпӑрлӑ,jurlɵpɵrlɵ,jur.lɵ.pɵr.lɵ,4,FRRR,,FALSE
юрлӑҫумӑрлӑ,jurlɵɕumɵrlɵ,jur.lɵ.ɕu.mɵr.lɵ,5,FRFRR,1,TRUE
юрлӑлан,jurlɵlan,jur.lɵ.lan,3,FRF,1,TRUE
юрлӑх,jurlɵx,jur.lɵx,2,FR,11,TRUE
юрма,jurma,jur.ma,2,FF,131,TRUE
юрмаллӑ,jurmallɵ,jur.mal.lɵ,3,FFR,,FALSE
юрт,jurt,jurt,1,F,29,TRUE
юрта,jurta,jur.ta,2,FF,31,TRUE
юртӑ,jurtɵ,jur.tɵ,2,FR,22,TRUE
юрттар,jurttar,jurt.tar,2,FF,10,TRUE
юс,jus,jus,1,F,93,TRUE
юса,jusa,ju.sa,2,FF,29,TRUE
юсав,jusaʋ,ju.saʋ,2,FF,1728,TRUE
юсавла,jusaʋla,ju.saʋ.la,3,FFF,,FALSE
юсавлан,jusaʋlan,ju.saʋ.lan,3,FFF,,FALSE
юсавлӑ,jusaʋlɵ,ju.saʋ.lɵ,3,FFR,99,TRUE
юсавлӑн,jusaʋlɵn,ju.saʋ.lɵn,3,FFR,1,TRUE
юсавлӑх,jusaʋlɵx,ju.saʋ.lɵx,3,FFR,1,TRUE
юсавҫӑ,jusaʋɕɵ,ju.saʋ.ɕɵ,3,FFR,8,TRUE
юсан,jusan,ju.san,2,FF,6,TRUE
юсантар,jusantar,ju.san.tar,3,FFF,,FALSE
юсану,jusanu,ju.sa.nu,3,FFF,19,TRUE
юсаттар,jusattar,ju.sat.tar,3,FFF,1,TRUE
юсӑн,jusɵn,ju.sɵn,2,FR,6,TRUE
юсӑнтар,jusɵntar,ju.sɵn.tar,3,FRF,,FALSE
юсман,jusman,jus.man,2,FF,71,TRUE
юста,justa,jus.ta,2,FF,2,TRUE
юставлӑ,justaʋlɵ,jus.taʋ.lɵ,3,FFR,3,TRUE
юставсӑр,justaʋsɵr,jus.taʋ.sɵr,3,FFR,,FALSE
юстар,justar,jus.tar,2,FF,,FALSE
юсу,jusu,ju.su,2,FF,3,TRUE
ют,jut,jut,1,F,8651,TRUE
ютӑх,jutɵx,ju.tɵx,2,FR,,FALSE
ютлӑх,jutlɵx,jut.lɵx,2,FR,2,TRUE
ютри,jutri,jut.ri,2,FF,70,TRUE
юттӑн,juttɵn,jut.tɵn,2,FR,26,TRUE
ютшӑн,jutʃɵn,ju.tʃɵn,2,FR,37,TRUE
ютшӑнтар,jutʃɵntar,ju.tʃɵn.tar,3,FRF,1,TRUE
ютшӑну,jutʃɵnu,ju.tʃɵ.nu,3,FRF,13,TRUE
ютшӑнулӑх,jutʃɵnulɵx,ju.tʃɵ.nu.lɵx,4,FRFR,,FALSE
юх,jux,jux,1,F,68,TRUE
юха,juxa,ju.xa,2,FF,99,TRUE
юхалла,juxalla,ju.xal.la,3,FFF,,FALSE
юхан,juxan,ju.xan,2,FF,1662,TRUE
юхансуран,juxansuran,ju.xan.su.ran,4,FFFF,,FALSE
юхансуранлӑ,juxansuranlɵ,ju.xan.su.ran.lɵ,5,FFFFR,,FALSE
юхантӑран,juxantɵran,ju.xan.tɵ.ran,4,FFRF,,FALSE
юханлӑ,juxanlɵ,ju.xan.lɵ,3,FFR,1,TRUE
юханшыв,juxanʃʉʋ,ju.xan.ʃʉʋ,3,FFF,28102,TRUE
юхӑ,juxɵ,ju.xɵ,2,FR,8,TRUE
юхӑм,juxɵm,ju.xɵm,2,FR,412,TRUE
юхӑмлӑх,juxɵmlɵx,ju.xɵm.lɵx,3,FRR,,FALSE
юхӑн,juxɵn,ju.xɵn,2,FR,2,TRUE
юхӑнӑҫ,juxɵnɵɕ,ju.xɵ.nɵɕ,3,FRR,1,TRUE
юхӑнтар,juxɵntar,ju.xɵn.tar,3,FRF,3,TRUE
юхӑну,juxɵnu,ju.xɵ.nu,3,FRF,6,TRUE
юхӑнчӑк,juxɵntɕɵk,ju.xɵn.tɕɵk,3,FRR,25,TRUE
юхӑнчӑклӑ,juxɵntɕɵklɵ,ju.xɵn.tɕɵk.lɵ,4,FRRR,,FALSE
юхӑнчӑклӑх,juxɵntɕɵklɵx,ju.xɵn.tɕɵk.lɵx,4,FRRR,4,TRUE
юхӑҫӑ,juxɵɕɵ,ju.xɵ.ɕɵ,3,FRR,,FALSE
юхлӑх,juxlɵx,jux.lɵx,2,FR,3,TRUE
юхтар,juxtar,jux.tar,2,FF,41,TRUE
юхтарттар,juxtarttar,jux.tart.tar,3,FFF,,FALSE
юхха,juxxa,jux.xa,2,FF,161,TRUE
юшкӑ,juʃkɵ,juʃ.kɵ,2,FR,5,TRUE
юшкӑн,juʃkɵn,juʃ.kɵn,2,FR,110,TRUE
юшкӑнлан,juʃkɵnlan,juʃ.kɵn.lan,3,FRF,,FALSE
юшкӑнлантар,juʃkɵnlantar,juʃ.kɵn.lan.tar,4,FRFF,,FALSE
юшкӑнлӑ,juʃkɵnlɵ,juʃ.kɵn.lɵ,3,FRR,17,TRUE
юшкӑнчӑк,juʃkɵntɕɵk,juʃ.kɵn.tɕɵk,3,FRR,,FALSE
яв,jaʋ,jaʋ,1,F,26,TRUE
явакла,jaʋakla,ja.ʋak.la,3,FFF,,FALSE
яваклан,jaʋaklan,ja.ʋak.lan,3,FFF,,FALSE
яваклантар,jaʋaklantar,ja.ʋak.lan.tar,4,FFFF,,FALSE
яваклаттар,jaʋaklattar,ja.ʋak.lat.tar,4,FFFF,,FALSE
явала,jaʋala,ja.ʋa.la,3,FFF,4,TRUE
явалан,jaʋalan,ja.ʋa.lan,3,FFF,,FALSE
явалантар,jaʋalantar,ja.ʋa.lan.tar,4,FFFF,,FALSE
явап,jaʋap,ja.ʋap,2,FF,1847,TRUE
явапла,jaʋapla,ja.ʋap.la,3,FFF,5,TRUE
яваплӑ,jaʋaplɵ,ja.ʋap.lɵ,3,FFR,2188,TRUE
яваплӑх,jaʋaplɵx,ja.ʋap.lɵx,3,FFR,514,TRUE
явапсӑр,jaʋapsɵr,ja.ʋap.sɵr,3,FFR,29,TRUE
явапсӑрлӑх,jaʋapsɵrlɵx,ja.ʋap.sɵr.lɵx,4,FFRR,9,TRUE
явӑл,jaʋɵl,ja.ʋɵl,2,FR,61,TRUE
явӑн,jaʋɵn,ja.ʋɵn,2,FR,7,TRUE
явӑнтар,jaʋɵntar,ja.ʋɵn.tar,3,FRF,,FALSE
явӑнчӑк,jaʋɵntɕɵk,ja.ʋɵn.tɕɵk,3,FRR,4,TRUE
явӑнчӑклан,jaʋɵntɕɵklan,ja.ʋɵn.tɕɵk.lan,4,FRRF,,FALSE
явӑҫ,jaʋɵɕ,ja.ʋɵɕ,2,FR,9,TRUE
явӑҫтар,jaʋɵɕtar,ja.ʋɵɕ.tar,3,FRF,7,TRUE
явӑт,jaʋɵt,ja.ʋɵt,2,FR,5,TRUE
явӑштар,jaʋɵʃtar,ja.ʋɵʃ.tar,3,FRF,,FALSE
явка,jaʋka,jaʋ.ka,2,FF,6,TRUE
явкай,jaʋkaj,jaʋ.kaj,2,FF,12,TRUE
явкалан,jaʋkalan,jaʋ.ka.lan,3,FFF,,FALSE
явкалантар,jaʋkalantar,jaʋ.ka.lan.tar,4,FFFF,,FALSE
явкаланчӑк,jaʋkalantɕɵk,jaʋ.ka.lan.tɕɵk,4,FFFR,2,TRUE
явлӑк,jaʋlɵk,jaʋ.lɵk,2,FR,52,TRUE
явтар,jaʋtar,jaʋ.tar,2,FF,1,TRUE
яйяй,jajjaj,jaj.jaj,2,FF,2,TRUE
як,jak,jak,1,F,66,TRUE
яка,jaka,ja.ka,2,FF,1260,TRUE
якал,jakal,ja.kal,2,FF,2,TRUE
якат,jakat,ja.kat,2,FF,18,TRUE
якатмӑш,jakatmɵʃ,ja.kat.mɵʃ,3,FFR,2,TRUE
якаттар,jakattar,ja.kat.tar,3,FFF,,FALSE
якӑлт,jakɵlt,ja.kɵlt,2,FR,56,TRUE
якӑлтат,jakɵltat,ja.kɵl.tat,3,FRF,,FALSE
якӑлти,jakɵlti,ja.kɵl.ti,3,FRF,38,TRUE
якӑр,jakɵr,ja.kɵr,2,FR,34,TRUE
якӑркка,jakɵrkka,ja.kɵrk.ka,3,FRF,,FALSE
якӑртат,jakɵrtat,ja.kɵr.tat,3,FRF,,FALSE
якӑш,jakɵʃ,ja.kɵʃ,2,FR,14,TRUE
якӑшт,jakɵʃt,ja.kɵʃt,2,FR,5,TRUE
якӑштякӑшт,jakɵʃtjakɵʃt,ja.kɵʃt.ja.kɵʃt,4,FRFR,,FALSE
якӑштат,jakɵʃtat,ja.kɵʃ.tat,3,FRF,,FALSE
якӑштаттар,jakɵʃtattar,ja.kɵʃ.tat.tar,4,FRFF,,FALSE
яклашка,jaklaʃka,jak.laʃ.ka,3,FFF,4,TRUE
якут,jakut,ja.kut,2,FF,148,TRUE
якутла,jakutla,ja.kut.la,3,FFF,10,TRUE
ял,jal,jal,1,F,48801,TRUE
ялхула,jalxula,jal.xu.la,3,FFF,1,TRUE
ялапала,jalapala,ja.la.pa.la,4,FFFF,,FALSE
ялав,jalaʋ,ja.laʋ,2,FF,1285,TRUE
ялавҫӑ,jalaʋɕɵ,ja.laʋ.ɕɵ,3,FFR,6,TRUE
ялан,jalan,ja.lan,2,FF,6074,TRUE
яланлӑх,jalanlɵx,ja.lan.lɵx,3,FFR,196,TRUE
яланлӑха,jalanlɵxa,ja.lan.lɵ.xa,4,FFRF,231,TRUE
яланхи,jalanxi,ja.lan.xi,3,FFF,1988,TRUE
яланхилле,jalanxille,ja.lan.xil.le,4,FFFF,215,TRUE
ялик,jalik,ja.lik,2,FF,1,TRUE
ялйыш,jaljʉʃ,jal.jʉʃ,2,FF,205,TRUE
ялка,jalka,jal.ka,2,FF,1,TRUE
ялкӑш,jalkɵʃ,jal.kɵʃ,2,FR,51,TRUE
ялкӑштар,jalkɵʃtar,jal.kɵʃ.tar,3,FRF,3,TRUE
ялккас,jalkkas,jalk.kas,2,FF,17,TRUE
ялл,jall,jall,1,F,2,TRUE
ялт,jalt,jalt,1,F,405,TRUE
ялтӑр,jaltɵr,jal.tɵr,2,FR,281,TRUE
ялтӑра,jaltɵra,jal.tɵ.ra,3,FRF,87,TRUE
ялтӑркка,jaltɵrkka,jal.tɵrk.ka,3,FRF,63,TRUE
ялтӑрма,jaltɵrma,jal.tɵr.ma,3,FRF,56,TRUE
ялтӑрт,jaltɵrt,jal.tɵrt,2,FR,2,TRUE
ялтӑртат,jaltɵrtat,jal.tɵr.tat,3,FRF,3,TRUE
ялтӑртаттар,jaltɵrtattar,jal.tɵr.tat.tar,4,FRFF,,FALSE
ялтлат,jaltlat,jalt.lat,2,FF,,FALSE
ялтлаттар,jaltlattar,jalt.lat.tar,3,FFF,,FALSE
ялттин,jalttin,jalt.tin,2,FF,3,TRUE
ялхах,jalxax,jal.xax,2,FF,,FALSE
ялхахлан,jalxaxlan,jal.xax.lan,3,FFF,,FALSE
ялхуҫалӑх,jalxuɕalɵx,jal.xu.ɕa.lɵx,4,FFFR,505,TRUE
ям,jam,jam,1,F,30,TRUE
ямахат,jamaxat,ja.ma.xat,3,FFF,20,TRUE
ямӑт,jamɵt,ja.mɵt,2,FR,30,TRUE
ямлан,jamlan,jam.lan,2,FF,,FALSE
ямпашка,jampaʃka,jam.paʃ.ka,3,FFF,,FALSE
ямпӑл,jampɵl,jam.pɵl,2,FR,,FALSE
ямпӑлкка,jampɵlkka,jam.pɵlk.ka,3,FRF,,FALSE
ямпӑлтат,jampɵltat,jam.pɵl.tat,3,FRF,,FALSE
ямпӑлтаттар,jampɵltattar,jam.pɵl.tat.tar,4,FRFF,,FALSE
ямшӑк,jamʃɵk,jam.ʃɵk,2,FR,235,TRUE
ян,jan,jan,1,F,750,TRUE
янавар,janaʋar,ja.na.ʋar,3,FFF,159,TRUE
янах,janax,ja.nax,2,FF,225,TRUE
янахлантар,janaxlantar,ja.nax.lan.tar,4,FFFF,,FALSE
янахсӑр,janaxsɵr,ja.nax.sɵr,3,FFR,,FALSE
янӑра,janɵra,ja.nɵ.ra,3,FRF,217,TRUE
янӑрав,janɵraʋ,ja.nɵ.raʋ,3,FRF,8,TRUE
янӑравлан,janɵraʋlan,ja.nɵ.raʋ.lan,4,FRFF,1,TRUE
янӑравлӑ,janɵraʋlɵ,ja.nɵ.raʋ.lɵ,4,FRFR,319,TRUE
янӑравлӑн,janɵraʋlɵn,ja.nɵ.raʋ.lɵn,4,FRFR,29,TRUE
янӑравлӑх,janɵraʋlɵx,ja.nɵ.raʋ.lɵx,4,FRFR,2,TRUE
янӑравсӑр,janɵraʋsɵr,ja.nɵ.raʋ.sɵr,4,FRFR,16,TRUE
янӑрат,janɵrat,ja.nɵ.rat,3,FRF,2,TRUE
янӑраттар,janɵrattar,ja.nɵ.rat.tar,4,FRFF,,FALSE
янӑраш,janɵraʃ,ja.nɵ.raʃ,3,FRF,1,TRUE
янӑраштар,janɵraʃtar,ja.nɵ.raʃ.tar,4,FRFF,,FALSE
январь,janʋarʲ,jan.ʋarʲ,2,FF,503,TRUE
янк,jank,jank,1,F,103,TRUE
янка,janka,jan.ka,2,FF,23,TRUE
янкама,jankama,jan.ka.ma,3,FFF,1,TRUE
янкамас,jankamas,jan.ka.mas,3,FFF,1,TRUE
янкар,jankar,jan.kar,2,FF,5,TRUE
янкарлан,jankarlan,jan.kar.lan,3,FFF,,FALSE
янкарлӑ,jankarlɵ,jan.kar.lɵ,3,FFR,10,TRUE
янкӑлт,jankɵlt,jan.kɵlt,2,FR,7,TRUE
янкӑлтат,jankɵltat,jan.kɵl.tat,3,FRF,,FALSE
янкӑлти,jankɵlti,jan.kɵl.ti,3,FRF,4,TRUE
янкӑр,jankɵr,jan.kɵr,2,FR,471,TRUE
янкӑрлан,jankɵrlan,jan.kɵr.lan,3,FRF,,FALSE
янкӑртат,jankɵrtat,jan.kɵr.tat,3,FRF,,FALSE
янкӑс,jankɵs,jan.kɵs,2,FR,101,TRUE
янкӑслан,jankɵslan,jan.kɵs.lan,3,FRF,2,TRUE
янкӑш,jankɵʃ,jan.kɵʃ,2,FR,4,TRUE
янки,janki,jan.ki,2,FF,3,TRUE
янкка,jankka,jank.ka,2,FF,2,TRUE
янклаттар,janklattar,jank.lat.tar,3,FFF,3,TRUE
янла,janla,jan.la,2,FF,1,TRUE
янлат,janlat,jan.lat,2,FF,,FALSE
янлаттар,janlattar,jan.lat.tar,3,FFF,,FALSE
янра,janra,jan.ra,2,FF,573,TRUE
янрав,janraʋ,jan.raʋ,2,FF,51,TRUE
янравлан,janraʋlan,jan.raʋ.lan,3,FFF,,FALSE
янравлӑ,janraʋlɵ,jan.raʋ.lɵ,3,FFR,344,TRUE
янравлӑх,janraʋlɵx,jan.raʋ.lɵx,3,FFR,1,TRUE
янравсӑр,janraʋsɵr,jan.raʋ.sɵr,3,FFR,3,TRUE
янрат,janrat,jan.rat,2,FF,9,TRUE
янраттар,janrattar,jan.rat.tar,3,FFF,5,TRUE
янтав,jantaʋ,jan.taʋ,2,FF,3,TRUE
янтал,jantal,jan.tal,2,FF,22,TRUE
янтар,jantar,jan.tar,2,FF,,FALSE
янтарь,jantarʲ,jan.tarʲ,2,FF,28,TRUE
янташ,jantaʃ,jan.taʃ,2,FF,414,TRUE
янташла,jantaʃla,jan.taʃ.la,3,FFF,,FALSE
янташлӑх,jantaʃlɵx,jan.taʃ.lɵx,3,FFR,2,TRUE
янтӑ,jantɵ,jan.tɵ,2,FR,190,TRUE
янтӑла,jantɵla,jan.tɵ.la,3,FRF,2,TRUE
яп,jap,jap,1,F,266,TRUE
япяка,japjaka,jap.ja.ka,3,FFF,1,TRUE
япянкӑр,japjankɵr,jap.jan.kɵr,3,FFR,,FALSE
япала,japala,ja.pa.la,3,FFF,6958,TRUE
япалакка,japalakka,ja.pa.lak.ka,4,FFFF,5,TRUE
япалалӑх,japalalɵx,ja.pa.la.lɵx,4,FFFR,18,TRUE
япаланчӑк,japalantɕɵk,ja.pa.lan.tɕɵk,4,FFFR,,FALSE
япалаш,japalaʃ,ja.pa.laʃ,3,FFF,4,TRUE
япӑлкка,japɵlkka,ja.pɵlk.ka,3,FRF,7,TRUE
япӑлт,japɵlt,ja.pɵlt,2,FR,8,TRUE
япӑлтат,japɵltat,ja.pɵl.tat,3,FRF,,FALSE
япӑлти,japɵlti,ja.pɵl.ti,3,FRF,1,TRUE
япӑн,japɵn,ja.pɵn,2,FR,,FALSE
япӑнчӑк,japɵntɕɵk,ja.pɵn.tɕɵk,3,FRR,,FALSE
япӑр,japɵr,ja.pɵr,2,FR,505,TRUE
япӑркка,japɵrkka,ja.pɵrk.ka,3,FRF,,FALSE
япӑрт,japɵrt,ja.pɵrt,2,FR,16,TRUE
япӑртат,japɵrtat,ja.pɵr.tat,3,FRF,,FALSE
япӑх,japɵx,ja.pɵx,2,FR,3003,TRUE
япӑхлан,japɵxlan,ja.pɵx.lan,3,FRF,,FALSE
япӑхлантар,japɵxlantar,ja.pɵx.lan.tar,4,FRFF,,FALSE
япӑхлат,japɵxlat,ja.pɵx.lat,3,FRF,,FALSE
япӑхтар,japɵxtar,ja.pɵx.tar,3,FRF,,FALSE
япӑш,japɵʃ,ja.pɵʃ,2,FR,18,TRUE
япӑшт,japɵʃt,ja.pɵʃt,2,FR,1,TRUE
япӑштаттар,japɵʃtattar,ja.pɵʃ.tat.tar,4,FRFF,,FALSE
яппун,jappun,jap.pun,2,FF,271,TRUE
япшака,japʃaka,jap.ʃa.ka,3,FFF,1,TRUE
япшар,japʃar,jap.ʃar,2,FF,211,TRUE
япшарлан,japʃarlan,jap.ʃar.lan,3,FFF,,FALSE
япшарлантар,japʃarlantar,jap.ʃar.lan.tar,4,FFFF,,FALSE
япшарлат,japʃarlat,jap.ʃar.lat,3,FFF,,FALSE
япшарлӑх,japʃarlɵx,jap.ʃar.lɵx,3,FFR,2,TRUE
япшаррӑн,japʃarrɵn,jap.ʃar.rɵn,3,FFR,14,TRUE
яр,jar,jar,1,F,1854,TRUE
яряр,jarjar,jar.jar,2,FF,,FALSE
яра,jara,ja.ra,2,FF,654,TRUE
ярапа,jarapa,ja.ra.pa,3,FFF,36,TRUE
ярапалан,jarapalan,ja.ra.pa.lan,4,FFFF,,FALSE
ярапаллӑ,jarapallɵ,ja.ra.pal.lɵ,4,FFFR,45,TRUE
ярӑлтат,jarɵltat,ja.rɵl.tat,3,FRF,,FALSE
ярӑм,jarɵm,ja.rɵm,2,FR,261,TRUE
ярӑмӑнярӑмӑн,jarɵmɵnjarɵmɵn,ja.rɵ.mɵn.ja.rɵ.mɵn,6,FRRFRR,,FALSE
ярӑмла,jarɵmla,ja.rɵm.la,3,FRF,1,TRUE
ярӑмлан,jarɵmlan,ja.rɵm.lan,3,FRF,,FALSE
ярӑмлӑ,jarɵmlɵ,ja.rɵm.lɵ,3,FRR,36,TRUE
ярӑн,jarɵn,ja.rɵn,2,FR,142,TRUE
ярӑнтар,jarɵntar,ja.rɵn.tar,3,FRF,8,TRUE
ярӑнчӑк,jarɵntɕɵk,ja.rɵn.tɕɵk,3,FRR,4,TRUE
яри,jari,ja.ri,2,FF,339,TRUE
яркӑч,jarkɵtɕ,jar.kɵtɕ,2,FR,10,TRUE
ярлат,jarlat,jar.lat,2,FF,,FALSE
ярлаттар,jarlattar,jar.lat.tar,3,FFF,,FALSE
ярлӑк,jarlɵk,jar.lɵk,2,FR,49,TRUE
ярлык,jarlʉk,jar.lʉk,2,FF,14,TRUE
ярмӑркка,jarmɵrkka,jar.mɵrk.ka,3,FRF,134,TRUE
ярмуҫҫи,jarmuɕɕi,jar.muɕ.ɕi,3,FFF,,FALSE
ярпай,jarpaj,jar.paj,2,FF,,FALSE
ярпайлан,jarpajlan,jar.paj.lan,3,FFF,,FALSE
яррӑн,jarrɵn,jar.rɵn,2,FR,3,TRUE
ярт,jart,jart,1,F,153,TRUE
яртар,jartar,jar.tar,2,FF,2,TRUE
яртлат,jartlat,jart.lat,2,FF,,FALSE
яртлаттар,jartlattar,jart.lat.tar,3,FFF,,FALSE
яру,jaru,ja.ru,2,FF,14,TRUE
ярулан,jarulan,ja.ru.lan,3,FFF,,FALSE
ярус,jarus,ja.rus,2,FF,5,TRUE
яруслӑ,jaruslɵ,ja.rus.lɵ,3,FFR,17,TRUE
ярханах,jarxanax,jar.xa.nax,3,FFF,45,TRUE
ярханахлан,jarxanaxlan,jar.xa.nax.lan,4,FFFF,,FALSE
ярханаххӑн,jarxanaxxɵn,jar.xa.nax.xɵn,4,FFFR,5,TRUE
ясак,jasak,ja.sak,2,FF,252,TRUE
ясаклӑ,jasaklɵ,ja.sak.lɵ,3,FFR,2,TRUE
ясар,jasar,ja.sar,2,FF,225,TRUE
ясарлан,jasarlan,ja.sar.lan,3,FFF,,FALSE
ясарлӑ,jasarlɵ,ja.sar.lɵ,3,FFR,,FALSE
ясарлӑх,jasarlɵx,ja.sar.lɵx,3,FFR,24,TRUE
ясли,jasli,jas.li,2,FF,57,TRUE
ясмак,jasmak,jas.mak,2,FF,1,TRUE
ят,jat,jat,1,F,6167,TRUE
ятсум,jatsum,ja.tsum,2,FF,2,TRUE
ятшыв,jatʃʉʋ,ja.tʃʉʋ,2,FF,,FALSE
ятак,jatak,ja.tak,2,FF,8,TRUE
ятарласа,jatarlasa,ja.tar.la.sa,4,FFFF,2863,TRUE
ятарлӑ,jatarlɵ,ja.tar.lɵ,3,FFR,7011,TRUE
ятла,jatla,jat.la,2,FF,277,TRUE
ятлаҫ,jatlaɕ,jat.laɕ,2,FF,24,TRUE
ятлаҫтар,jatlaɕtar,jat.laɕ.tar,3,FFF,,FALSE
ятлаҫу,jatlaɕu,jat.la.ɕu,3,FFF,38,TRUE
ятлаҫуллӑ,jatlaɕullɵ,jat.la.ɕul.lɵ,4,FFFR,,FALSE
ятлӑ,jatlɵ,jat.lɵ,2,FR,7814,TRUE
ятлӑсумлӑ,jatlɵsumlɵ,jat.lɵ.sum.lɵ,4,FRFR,5,TRUE
ятлӑх,jatlɵx,jat.lɵx,2,FR,10,TRUE
ятне,jatne,jat.ne,2,FF,8143,TRUE
ятсӑр,jatsɵr,ja.tsɵr,2,FR,296,TRUE
ятсӑрлӑх,jatsɵrlɵx,ja.tsɵr.lɵx,3,FRR,,FALSE
яту,jatu,ja.tu,2,FF,338,TRUE
ятулан,jatulan,ja.tu.lan,3,FFF,,FALSE
ятуллӑ,jatullɵ,ja.tul.lɵ,3,FFR,72,TRUE
яхӑн,jaxɵn,ja.xɵn,2,FR,7710,TRUE
яхӑнччен,jaxɵntɕtɕen,ja.xɵntɕ.tɕen,3,FRF,5,TRUE
яхта,jaxta,jax.ta,2,FF,37,TRUE
яхтӑ,jaxtɵ,jax.tɵ,2,FR,10,TRUE
яхтсмен,jaxtsmen,jaxts.men,2,FF,1,TRUE
ячейка,jatɕejka,ja.tɕej.ka,3,FFF,46,TRUE
яш,jaʃ,jaʃ,1,F,3384,TRUE
яшкӗрӗм,jaʃkørøm,jaʃ.kø.røm,3,FRR,5,TRUE
яшӑл,jaʃɵl,ja.ʃɵl,2,FR,6,TRUE
яшӑлтат,jaʃɵltat,ja.ʃɵl.tat,3,FRF,,FALSE
яшӑрка,jaʃɵrka,ja.ʃɵr.ka,3,FRF,1,TRUE
яшка,jaʃka,jaʃ.ka,2,FF,1242,TRUE
яшкалӑх,jaʃkalɵx,jaʃ.ka.lɵx,3,FFR,7,TRUE
яшлан,jaʃlan,jaʃ.lan,2,FF,,FALSE
яшлантар,jaʃlantar,jaʃ.lan.tar,3,FFF,,FALSE
яшлат,jaʃlat,jaʃ.lat,2,FF,,FALSE
яшлаттар,jaʃlattar,jaʃ.lat.tar,3,FFF,,FALSE
яшлӑх,jaʃlɵx,jaʃ.lɵx,2,FR,167,TRUE
яшма,jaʃma,jaʃ.ma,2,FF,14,TRUE
яшт,jaʃt,jaʃt,1,F,171,TRUE
яштак,jaʃtak,jaʃ.tak,2,FF,151,TRUE
яштака,jaʃtaka,jaʃ.ta.ka,3,FFF,784,TRUE
яштӑркка,jaʃtɵrkka,jaʃ.tɵrk.ka,3,FRF,,FALSE
