F1,F2,F3,F1_s,F2_s,F3_s,B1,B2,B3,error,time,rel_time,prop_time,max_formant,n_formant,smooth_method,file_name,id,group,label,speaker_num,optimized,word,stress,dur,pre_word,fol_word,pre_seg,fol_seg,abs_pre_seg,abs_fol_seg,context
1006.5143672248475,2211.805612744533,3376.308889096554,1009.9280072091589,2062.2530371515786,3239.97141757933,158.00949615145183,481.2965676516764,272.74695135060705,0.003630086569439594,0.012749999999999984,0.012749999999999984,0.031097560975609714,5333.333333333333,3,dct_smooth_regression,utterance_000000,0-0-0-0,group_0,SIL,1,4,<eps>,"",0.41,#,вӑйӑн-шайӑн,#,#,R,V,coextensive
1025.4072321842327,2199.848544057123,3357.2573732739866,1009.9391277080861,2062.1739691478433,3239.7009695298902,157.94219583923376,481.08597016345135,273.08401095975677,0.003630086569439594,0.014749999999999985,0.014749999999999985,0.035975609756097524,5333.333333333333,3,dct_smooth_regression,utterance_000000,0-0-0-0,group_0,SIL,1,4,<eps>,"",0.41,#,вӑйӑн-шайӑн,#,#,R,V,coextensive
1035.09765089582,2178.331545827024,3346.219535778221,1009.9613368916033,2062.0162326981063,3239.1609434969073,157.80780197073472,480.6657613012561,273.75837910429425,0.003630086569439594,0.016749999999999984,0.016749999999999984,0.040853658536585326,5333.333333333333,3,dct_smooth_regression,utterance_000000,0-0-0-0,group_0,SIL,1,4,<eps>,"",0.41,#,вӑйӑн-шайӑн,#,#,R,V,coextensive
1033.9370133922862,2140.2702702315764,3341.0014243558185,1009.9945712193095,2061.7806251965285,3238.3530761953157,157.606726866166,480.03790537247534,274.7705463308032,0.003630086569439594,0.018749999999999982,0.018749999999999982,0.04573170731707313,5333.333333333333,3,dct_smooth_regression,utterance_000000,0-0-0-0,group_0,SIL,1,4,<eps>,"",0.41,#,вӑйӑн-шайӑн,#,#,R,V,coextensive
1027.710590190399,2106.546352462572,3333.0817350795774,1010.038735601023,2061.4683384383698,3237.279964169502,157.33958603833506,479.2053291451931,276.12123017726475,0.003630086569439594,0.020749999999999984,0.020749999999999984,0.05060975609756094,5333.333333333333,3,dct_smooth_regression,utterance_000000,0-0-0-0,group_0,SIL,1,4,<eps>,"",0.41,#,вӑйӑн-шайӑн,#,#,R,V,coextensive
1023.3236912593453,2100.002486651381,3310.861067609519,1010.0937036605583,2061.080953485185,3235.945053599189,157.00719466407378,478.1718985217783,277.8113531886321,0.003630086569439594,0.022749999999999986,0.022749999999999986,0.055487804878048747,5333.333333333333,3,dct_smooth_regression,utterance_000000,0-0-0-0,group_0,SIL,1,4,<eps>,"",0.41,#,вӑйӑн-шайӑн,#,#,R,V,coextensive
1023.023625414434,2119.235829426826,3284.1935734484673,1010.1593180862147,2060.6204338522793,3234.3526267729476,156.6105629330461,476.94238793884193,279.84201353306526,0.003630086569439594,0.02474999999999998,0.02474999999999998,0.060365853658536535,5333.333333333333,3,dct_smooth_regression,utterance_000000,0-0-0-0,group_0,SIL,1,4,<eps>,"",0.41,#,вӑйӑн-шайӑн,#,#,R,V,coextensive
1022.6685253670353,2140.40294649165,3287.600660485486,1010.2353910669466,2060.0891170472605,3232.5077852852687,156.15089031886293,475.5224429102385,282.21444816920416,0.003630086569439594,0.026749999999999982,0.026749999999999982,0.06524390243902435,5333.333333333333,3,dct_smooth_regression,utterance_000000,0-0-0-0,group_0,SIL,1,4,<eps>,"",0.41,#,вӑйӑн-шайӑн,#,#,R,V,coextensive
1018.2692054863617,2140.499764243791,3313.832729957338,1010.3217048129239,2059.4897044955155,3230.4164300266575,155.6295588274517,473.9185362176652,284.92998851665106,0.003630086569439594,0.028749999999999984,0.028749999999999984,0.07012195121951216,5333.333333333333,3,dct_smooth_regression,utterance_000000,0-0-0-0,group_0,SIL,1,4,<eps>,"",0.41,#,вӑйӑн-шайӑн,#,#,R,V,coextensive
1011.1012275480765,2126.0117412152135,3320.845289946476,1010.418012158956,2058.825249895248,3228.085238049482,155.0481252868741,472.1379183309909,287.99000859297433,0.003630086569439594,0.030749999999999986,0.030749999999999986,0.07499999999999997,5333.333333333333,3,dct_smooth_regression,utterance_000000,0-0-0-0,group_0,SIL,1,4,<eps>,"",0.41,#,вӑйӑн-шайӑн,#,#,R,V,coextensive
1002.2421404097689,2102.8470734073767,3305.9696559214804,1010.5240372489934,2058.099146051394,3225.5216364051835,154.4083127511399,470.1885627064749,291.3958656027498,0.003630086569439594,0.03274999999999999,0.03274999999999999,0.07987804878048778,5333.333333333333,3,dct_smooth_regression,utterance_000000,0-0-0-0,group_0,SIL,1,4,<eps>,"",0.41,#,вӑйӑн-шайӑн,#,#,R,V,coextensive
992.7137189284872,2076.1736276539127,3278.4777736960596,1010.6394762996996,2057.315110244138,3222.7337730609815,153.71200109790826,468.07910666435913,295.1488329990855,0.003630086569439594,0.03474999999999998,0.03474999999999998,0.08475609756097556,5333.333333333333,3,dct_smooth_regression,utterance_000000,0-0-0-0,group_0,SIL,1,4,<eps>,"",0.41,#,вӑйӑн-шайӑн,#,#,R,V,coextensive
986.4427483087389,2057.9730638214305,3254.013990070386,1010.7639984408411,2056.4771681939797,3219.7304850162423,152.9612169062497,465.8187885872005,299.2500260871401,0.003630086569439594,0.036749999999999984,0.036749999999999984,0.08963414634146337,5333.333333333333,3,dct_smooth_regression,utterance_000000,0-0-0-0,group_0,SIL,1,4,<eps>,"",0.41,#,вӑйӑн-шайӑн,#,#,R,V,coextensive
984.313391346163,2049.3047492474884,3236.0863659501038,1010.8972466300296,2055.589636691249,3216.5212637502095,152.15812270574213,463.4173822063972,303.70032030370794,0.003630086569439594,0.038749999999999986,0.038749999999999986,0.09451219512195118,5333.333333333333,3,dct_smooth_regression,utterance_000000,0-0-0-0,group_0,SIL,1,4,<eps>,"",0.41,#,вӑйӑн-шайӑн,#,#,R,V,coextensive
984.9520258808137,2049.965711066825,3220.987128854941,1011.0388386391264,2054.6571049635936,3213.1162181438176,151.30500569211142,460.88512875654106,308.50026238794624,0.003630086569439594,0.04074999999999998,0.04074999999999998,0.09939024390243897,5333.333333333333,3,dct_smooth_regression,utterance_000000,0-0-0-0,group_0,SIL,1,4,<eps>,"",0.41,#,вӑйӑн-шайӑн,#,#,R,V,coextensive
987.1653757717316,2056.612749361472,3204.615070230203,1011.1883681094192,2053.684414860348,3209.526035028656,150.40426600731723,458.2326677758425,313.64997475652194,0.003630086569439594,0.04274999999999998,0.04274999999999998,0.10426829268292678,5333.333333333333,3,dct_smooth_regression,utterance_000000,0-0-0-0,group_0,SIL,1,4,<eps>,"",0.41,#,вӑйӑн-шайӑн,#,#,R,V,coextensive
990.9219109103578,2060.2123717640266,3185.0798196708483,1011.3454056724753,2052.6766399376743,3205.761937525944,149.45840468346896,455.4709673164614,319.1490535121205,0.003630086569439594,0.044749999999999984,0.044749999999999984,0.10914634146341459,5333.333333333333,3,dct_smooth_regression,utterance_000000,0-0-0-0,group_0,SIL,1,4,<eps>,"",0.41,#,вӑйӑн-шайӑн,#,#,R,V,coextensive
994.2903576941113,2042.2726207004814,3160.571909590051,1011.5095001333916,2051.639063533041,3201.835641347403,148.47001135022765,452.6112543020489,324.9964606472421,0.003630086569439594,0.046749999999999986,0.046749999999999986,0.1140243902439024,5333.333333333333,3,dct_smooth_regression,utterance_000000,0-0-0-0,group_0,SIL,1,4,<eps>,"",0.41,#,вӑйӑн-шайӑн,#,#,R,V,coextensive
993.1128469418692,1992.0703311144737,3131.9160749060316,1011.6801797129835,2050.577155921873,3197.759309238285,147.44175180445396,449.66494573225333,331.19041115476153,0.003630086569439594,0.04874999999999999,0.04874999999999999,0.11890243902439021,5333.333333333333,3,dct_smooth_regression,utterance_000000,0-0-0-0,group_0,SIL,1,4,<eps>,"",0.41,#,вӑйӑн-шайӑн,#,#,R,V,coextensive
987.674345179676,1934.1180600416894,3106.150865880728,1011.8569533452843,2049.496550653125,3193.545503750386,146.37635553884036,446.64358138667353,337.72825592147655,0.003630086569439594,0.05074999999999999,0.05074999999999999,0.12378048780487802,5333.333333333333,3,dct_smooth_regression,utterance_000000,0-0-0-0,group_0,SIL,1,4,<eps>,"",0.41,#,вӑйӑн-шайӑн,#,#,R,V,coextensive
983.651058205739,1895.8658799483414,3087.4695297767007,1012.039312026574,2048.4030201639694,3189.2071385396785,145.2766033232174,443.558758625248,344.6063614587338,0.003630086569439594,0.05274999999999999,0.05274999999999999,0.12865853658536583,5333.333333333333,3,dct_smooth_regression,utterance_000000,0-0-0-0,group_0,SIL,1,4,<eps>,"",0.41,#,вӑйӑн-шайӑн,#,#,R,V,coextensive
985.6263318909924,1882.8447310868264,3076.139130325077,1012.2267302120108,2047.3024507768928,3184.757428389183,144.14531492818872,440.4220698198701,351.8199877123689,0.003630086569439594,0.05474999999999999,0.05474999999999999,0.13353658536585364,5333.333333333333,3,dct_smooth_regression,utterance_000000,0-0-0-0,group_0,SIL,1,4,<eps>,"",0.41,#,вӑйӑн-шайӑн,#,#,R,V,coextensive
992.7409281364357,1888.1407235240665,3068.478728957777,1012.4186672558102,2046.2008171850964,3180.209838162835,142.98533707586753,437.2450428847557,359.3631653888733,0.003630086569439594,0.05674999999999998,0.05674999999999998,0.13841463414634142,5333.333333333333,3,dct_smooth_regression,utterance_000000,0-0-0-0,group_0,SIL,1,4,<eps>,"",0.41,#,вӑйӑн-шайӑн,#,#,R,V,coextensive
1003.2357895072837,1908.1783489203503,3061.3090592609215,1012.6145688907892,2045.1041565342553,3175.57803090039,141.7995316968326,434.0390853024027,367.2285744314798,0.003630086569439594,0.05874999999999998,0.05874999999999998,0.14329268292682923,5333.333333333333,3,dct_smooth_regression,utterance_000000,0-0-0-0,group_0,SIL,1,4,<eps>,"",0.41,#,вӑйӑн-шайӑн,#,#,R,V,coextensive
1013.0019594009198,1929.0839739110666,3054.7105826343263,1012.8138687430018,2044.0185422104503,3170.875815266798,140.59076456612283,430.81543196940663,375.4074254732754,0.003630086569439594,0.060749999999999985,0.060749999999999985,0.14817073170731704,5333.333333333333,3,dct_smooth_regression,utterance_000000,0-0-0-0,group_0,SIL,1,4,<eps>,"",0.41,#,вӑйӑн-шайӑн,#,#,R,V,coextensive
1019.9811372592541,1941.9179676646606,3056.6964664288535,1013.0159898770845,2042.9500574452957,3166.1170925719957,139.36189438425814,427.5850971135137,383.88934627844657,0.003630086569439594,0.06274999999999999,0.06274999999999999,0.15304878048780485,5333.333333333333,3,dct_smooth_regression,utterance_000000,0-0-0-0,group_0,SIL,1,4,<eps>,"",0.41,#,вӑйӑн-шайӑн,#,#,R,V,coextensive
1024.1423913563394,1949.1741577850628,3085.2824246882415,1013.2203463678627,2041.9047688501064,3161.3158035786605,138.11576236202734,424.35883046144556,392.6622753503662,0.003630086569439594,0.06474999999999999,0.06474999999999999,0.15792682926829266,5333.333333333333,3,dct_smooth_regression,utterance_000000,0-0-0-0,group_0,SIL,1,4,<eps>,"",0.41,#,вӑйӑн-шайӑн,#,#,R,V,coextensive
1026.514156699239,1952.240752666997,3142.9098039503756,1013.4263448936977,2040.8886999912359,3156.485875316145,136.85518236024782,421.1470777675196,401.71236502913143,0.003630086569439594,0.06674999999999998,0.06674999999999998,0.16280487804878044,5333.333333333333,3,dct_smooth_regression,utterance_000000,0-0-0-0,group_0,SIL,1,4,<eps>,"",0.41,#,вӑйӑн-шайӑн,#,#,R,V,coextensive
1028.8270130699193,1952.1574843675785,3196.622951417273,1013.633386347009,2039.907805118573,3151.6411681186137,135.5829316279824,417.95994574704514,411.02389651337177,0.003630086569439594,0.06874999999999998,0.06874999999999998,0.16768292682926825,5333.333333333333,3,dct_smooth_regression,utterance_000000,0-0-0-0,group_0,SIL,1,4,<eps>,"",0.41,#,вӑйӑн-шайӑн,#,#,R,V,coextensive
1033.0778565442797,1964.3204265210325,3196.307750951974,1013.8408674573637,2038.9679431585332,3146.7954231042418,134.30174217492265,414.8071713967876,420.57920931384194,0.003630086569439594,0.07074999999999998,0.07074999999999998,0.17256097560975606,5333.333333333333,3,dct_smooth_regression,utterance_000000,0-0-0-0,group_0,SIL,1,4,<eps>,"",0.41,#,вӑйӑн-шайӑн,#,#,R,V,coextensive
1041.103655773052,2018.0074457158769,3094.668115796125,1014.0481824225062,2038.0748520817976,3141.9622103102975,133.0142928059044,411.69809562830375,430.3586476714133,0.003630086569439594,0.07274999999999998,0.07274999999999998,0.17743902439024387,5333.333333333333,3,dct_smooth_regression,utterance_000000,0-0-0-0,group_0,SIL,1,4,<eps>,"",0.41,#,вӑйӑн-шайӑн,#,#,R,V,coextensive
1052.3402506695454,2113.2965077434774,2944.313575633571,1014.2547245426939,2037.234123754461,3137.1548776959908,131.72320183792388,408.6416410891803,440.340526442342,0.003630086569439594,0.07474999999999998,0.07474999999999998,0.18231707317073167,5333.333333333333,3,dct_smooth_regression,utterance_000000,0-0-0-0,group_0,SIL,1,4,<eps>,"",0.41,#,вӑйӑн-шайӑн,#,#,R,V,coextensive
1054.1907872540808,2141.0997797622763,2912.147309540362,1014.4598878537082,2036.4511793792278,3132.3865012211418,130.43102051265842,405.6462940026254,450.50111886226034,0.003630086569439594,0.07674999999999998,0.07674999999999998,0.18719512195121948,5333.333333333333,3,dct_smooth_regression,utterance_000000,0-0-0-0,group_0,SIL,1,4,<eps>,"",0.41,#,вӑйӑн-шайӑн,#,#,R,V,coextensive
1041.7921731538668,2089.3964022494615,2969.733222621604,1014.6630687539299,2035.7312456308296,3127.6698362040097,129.140227110431,402.72008981768465,460.81466844184985,0.003630086569439594,0.07874999999999999,0.07874999999999999,0.1920731707317073,5333.333333333333,3,dct_smooth_regression,utterance_000000,0-0-0-0,group_0,SIL,1,4,<eps>,"",0.41,#,вӑйӑн-шайӑн,#,#,R,V,coextensive
1028.5089391522854,2034.400389531621,3022.0831191510206,1014.8636676209068,2035.079331586882,3123.0172701560928,127.85322176488725,399.8706024306841,471.25342701764015,0.003630086569439594,0.08074999999999999,0.08074999999999999,0.1969512195121951,5333.333333333333,3,dct_smooth_regression,utterance_000000,0-0-0-0,group_0,SIL,1,4,<eps>,"",0.41,#,вӑйӑн-шайӑн,#,#,R,V,coextensive
1022.1771921212027,1997.9841205480245,3045.705665135802,1015.061090412883,2034.5002065520991,3118.4407772853215,126.57232197141063,397.10493671331307,481.7877206786798,0.003630086569439594,0.08274999999999999,0.08274999999999999,0.2018292682926829,5333.333333333333,3,dct_smooth_regression,utterance_000000,0-0-0-0,group_0,SIL,1,4,<eps>,"",0.41,#,вӑйӑн-шайӑн,#,#,R,V,coextensive
1023.7472622194058,1988.0408839959475,3050.8363719349945,1015.2547502508266,2033.9983788699758,3113.9518748519063,125.29975877655646,394.42972406385525,492.38604491436985,0.003630086569439594,0.08474999999999999,0.08474999999999999,0.20670731707317072,5333.333333333333,3,dct_smooth_regression,utterance_000000,0-0-0-0,group_0,SIL,1,4,<eps>,"",0.41,#,вӑйӑн-шайӑн,#,#,R,V,coextensive
1028.575435854086,2005.6573578359432,3052.0313162485763,1015.4440689765628,2033.5780758119222,3109.561581553146,124.03767363054858,391.85112068521323,503.01518988303866,0.003630086569439594,0.08674999999999998,0.08674999999999998,0.21158536585365847,5333.333333333333,3,dct_smooth_regression,utterance_000000,0-0-0-0,group_0,SIL,1,4,<eps>,"",0.41,#,вӑйӑн-шайӑн,#,#,R,V,coextensive
1029.3482372586514,2039.229336730002,3058.6246360281866,1015.6284786827118,2033.243224629279,3105.2803781048365,122.78811588021782,389.37480828619806,513.6403961905133,0.003630086569439594,0.08874999999999998,0.08874999999999998,0.21646341463414628,5333.333333333333,3,dct_smooth_regression,utterance_000000,0-0-0-0,group_0,SIL,1,4,<eps>,"",0.41,#,вӑйӑн-шайӑн,#,#,R,V,coextensive
1023.5180941883513,2050.851321676418,3070.439676593534,1015.8074232102289,2032.9974348487513,3101.118170177555,121.55304087563542,387.00599690062273,524.2255410012207,0.003630086569439594,0.09074999999999998,0.09074999999999998,0.2213414634146341,5333.333333333333,3,dct_smooth_regression,utterance_000000,0-0-0-0,group_0,SIL,1,4,<eps>,"",0.41,#,вӑйӑн-шайӑн,#,#,R,V,coextensive
1015.4809128343906,2035.79823719283,3079.1228514284785,1015.9803596094562,2032.8439818865515,3097.084253836038,120.33430866016855,384.74942952162905,534.733353692329,0.003630086569439594,0.09274999999999999,0.09274999999999999,0.2262195121951219,5333.333333333333,3,dct_smooth_regression,utterance_000000,0-0-0-0,group_0,SIL,1,4,<eps>,"",0.41,#,вӑйӑн-шайӑн,#,#,R,V,coextensive
1009.3976546533562,2009.946698781808,3078.314378990877,1016.1467595607273,2032.7857920509978,3093.187283619258,119.13368321070023,382.6093882558534,545.12565961793,0.003630086569439594,0.09474999999999999,0.09474999999999999,0.2310975609756097,5333.333333333333,3,dct_smooth_regression,utterance_000000,0-0-0-0,group_0,SIL,1,4,<eps>,"",0.41,#,вӑйӑн-шайӑн,#,#,R,V,coextensive
1006.5555194676939,1986.68681119142,3068.193327054644,1016.3061107506913,2032.8254289974423,3089.4352433875574,117.9528321923547,380.5897017130203,555.3636498913878,0.003630086569439594,0.09674999999999999,0.09674999999999999,0.23597560975609752,5333.333333333333,3,dct_smooth_regression,utterance_000000,0-0-0-0,group_0,SIL,1,4,<eps>,"",0.41,#,вӑйӑн-шайӑн,#,#,R,V,coextensive
1004.8886367177037,1973.595035423466,3062.083064954008,1016.4579182006826,2032.9650816933022,3085.8354200514823,116.79332719018707,378.6937533608134,565.4081744378558,0.003630086569439594,0.09874999999999999,0.09874999999999999,0.24085365853658533,5333.333333333333,3,dct_smooth_regression,utterance_000000,0-0-0-0,group_0,SIL,1,4,<eps>,"",0.41,#,вӑйӑн-шайӑн,#,#,R,V,coextensive
1003.1602022399616,1976.1111740834745,3069.7066994407733,1016.6017055436095,2033.206553944594,3082.3943802847393,115.6566443789471,376.92449059191756,575.2200549351095,0.003630086569439594,0.10074999999999998,0.10074999999999998,0.2457317073170731,5333.333333333333,3,dct_smooth_regression,utterance_000000,0-0-0-0,group_0,SIL,1,4,<eps>,"",0.41,#,вӑйӑн-шайӑн,#,#,R,V,coextensive
1001.910026550644,1984.3657715750069,3077.6882186640705,1016.7370162460135,2033.5512555287814,3079.1179503110525,114.54416559115406,375.28443426947655,584.7604136694498,0.003630086569439594,0.10274999999999998,0.10274999999999998,0.2506097560975609,5333.333333333333,3,dct_smooth_regression,utterance_000000,0-0-0-0,group_0,SIL,1,4,<eps>,"",0.41,#,вӑйӑн-шайӑн,#,#,R,V,coextensive
1001.3616573940085,1982.1953174312564,3073.4946553679692,1016.8634147721169,2034.000194971993,3076.01119884172,113.45717974330644,373.7756885384068,593.991013804792,0.003630086569439594,0.10474999999999998,0.10474999999999998,0.25548780487804873,5333.333333333333,3,dct_smooth_regression,utterance_000000,0-0-0-0,group_0,SIL,1,4,<eps>,"",0.41,#,вӑйӑн-шайӑн,#,#,R,V,coextensive
1001.412291311667,1967.8477693050343,3043.622542354163,1016.9804876868724,2034.5539740017184,3073.0784232273436,112.39688458005884,372.3999507126217,602.8746061164526,0.003630086569439594,0.10674999999999998,0.10674999999999998,0.26036585365853654,5333.333333333333,3,dct_smooth_regression,utterance_000000,0-0-0-0,group_0,SIL,1,4,<eps>,"",0.41,#,вӑйӑн-шайӑн,#,#,R,V,coextensive
1003.0559454248731,1963.3169714475912,2992.7940369242033,1017.0878446952139,2035.2127836990442,3070.3231388736212,111.36438869657431,371.1585210718747,611.3752768942662,0.003630086569439594,0.10874999999999999,0.10874999999999999,0.26524390243902435,5333.333333333333,3,dct_smooth_regression,utterance_000000,0-0-0-0,group_0,SIL,1,4,<eps>,"",0.41,#,вӑйӑн-шайӑн,#,#,R,V,coextensive
1006.6009914410038,1985.8735556223467,2947.4826961753383,1017.1851196149156,2035.9764023673088,3067.7480719573564,110.36071379999696,370.0523124262659,619.4587914877455,0.003630086569439594,0.11074999999999999,0.11074999999999999,0.27012195121951216,5333.333333333333,3,dct_smooth_regression,utterance_000000,0-0-0-0,group_0,SIL,1,4,<eps>,"",0.41,#,вӑйӑн-шайӑн,#,#,R,V,coextensive
1011.3504862473932,2045.7283306922475,2937.659332257848,1017.2719712806689,2036.8441951268426,3065.3551554648902,109.38679717200398,369.0818593311475,627.0929278608654,0.003630086569439594,0.11274999999999999,0.11274999999999999,0.27499999999999997,5333.333333333333,3,dct_smooth_regression,utterance_000000,0-0-0-0,group_0,SIL,1,4,<eps>,"",0.41,#,вӑйӑн-шайӑн,#,#,R,V,coextensive
1017.5132964353259,2108.754753422141,2988.2727520447534,1017.348084377204,2037.8151152381724,3063.1455285611955,108.44349429569293,368.24732685994394,634.2477945538368,0.003630086569439594,0.11474999999999999,0.11474999999999999,0.2798780487804878,5333.333333333333,3,dct_smooth_regression,utterance_000000,0-0-0-0,group_0,SIL,1,4,<eps>,"",0.41,#,вӑйӑн-шайӑн,#,#,R,V,coextensive
1025.0712592656987,2130.0847628009833,3090.80669654856,1017.4131701995001,2038.8877071487761,3061.11953928384,107.5315816115598,367.54851886700874,640.8961276175565,0.003630086569439594,0.11674999999999999,0.11674999999999999,0.2847560975609756,5333.333333333333,3,dct_smooth_regression,utterance_000000,0-0-0-0,group_0,SIL,1,4,<eps>,"",0.41,#,вӑйӑн-шайӑн,#,#,R,V,coextensive
1032.1661626118755,2122.128469792772,3197.849761707074,1017.4669673383522,2040.0601112512359,3059.2767505420616,106.65175936902183,366.98488569685225,647.0135613922644,0.003630086569439594,0.11874999999999997,0.11874999999999997,0.28963414634146334,5333.333333333333,3,dct_smooth_regression,utterance_000000,0-0-0-0,group_0,SIL,1,4,<eps>,"",0.41,#,вӑйӑн-шайӑн,#,#,R,V,coextensive
1037.365856745993,2113.3073881483233,3261.9114694322043,1017.5092422897917,2041.330070333401,3057.6159493872883,105.80465454177433,366.5555313196973,652.5788684395322,0.003630086569439594,0.12074999999999997,0.12074999999999997,0.29451219512195115,5333.333333333333,3,dct_smooth_regression,utterance_000000,0-0-0-0,group_0,SIL,1,4,<eps>,"",0.41,#,вӑйӑн-шайӑн,#,#,R,V,coextensive
1041.2302570863687,2113.00938458279,3278.7708492471306,1017.5397899870817,2042.6949376940522,3056.135159507732,104.99082377723026,366.2592198961728,657.5741644955742,0.003630086569439594,0.12274999999999997,0.12274999999999997,0.29939024390243896,5333.333333333333,3,dct_smooth_regression,utterance_000000,0-0-0-0,group_0,SIL,1,4,<eps>,"",0.41,#,вӑйӑн-шайӑн,#,#,R,V,coextensive
1041.8962450053327,2119.2739807001094,3262.865212267177,1017.5584342542522,2044.151686890552,3054.8316568861424,104.21075635232906,366.0943817958846,661.985074979174,0.003630086569439594,0.12474999999999997,0.12474999999999997,0.30426829268292677,5333.333333333333,3,dct_smooth_regression,utterance_000000,0-0-0-0,group_0,SIL,1,4,<eps>,"",0.41,#,вӑйӑн-шайӑн,#,#,R,V,coextensive
1037.1417472030182,2125.9212600905776,3214.104492138982,1017.5650281803609,2045.6969230780678,3053.7019885465675,103.46487711009489,366.0591191154305,665.8008603407065,0.003630086569439594,0.12674999999999997,0.12674999999999997,0.3091463414634146,5333.333333333333,3,dct_smooth_regression,utterance_000000,0-0-0-0,group_0,SIL,1,4,<eps>,"",0.41,#,вӑйӑн-шайӑн,#,#,R,V,coextensive
1029.1147128108996,2129.2789811341695,3140.6168335866805,1017.5594544139093,2047.3268958932779,3052.7419943030295,102.75354935345317,366.15121076106817,669.0144983580132,0.003630086569439594,0.12874999999999998,0.12874999999999998,0.3140243902439024,5333.333333333333,3,dct_smooth_regression,utterance_000000,0-0-0-0,group_0,SIL,1,4,<eps>,"",0.41,#,вӑйӑн-шайӑн,#,#,R,V,coextensive
1021.0388853985302,2134.576383691327,3133.724567227182,1017.5416253770774,2049.0375138289414,3051.9468314104884,102.07707767494762,366.3681171794783,671.6227223463775,0.003630086569439594,0.13074999999999998,0.13074999999999998,0.3189024390243902,5333.333333333333,3,dct_smooth_regression,utterance_000000,0-0-0-0,group_0,SIL,1,4,<eps>,"",0.41,#,вӑйӑн-шайӑн,#,#,R,V,coextensive
1013.5369719154307,2159.5362791397406,3148.77213512562,1017.5114833996682,2050.8243600394517,3051.311002006332,101.43571070311955,366.7069848368488,673.6260151282576,0.003630086569439594,0.13274999999999998,0.13274999999999998,0.323780487804878,5333.333333333333,3,dct_smooth_regression,utterance_000000,0-0-0-0,group_0,SIL,1,4,<eps>,"",0.41,#,вӑйӑн-шайӑн,#,#,R,V,coextensive
1007.3205264071615,2206.6939345739224,3175.4530866961395,1017.4690007728962,2052.682709511466,3050.8283832190104,100.82964374841414,367.1646505615959,675.0285594782486,0.003630086569439594,0.13474999999999998,0.13474999999999998,0.3286585365853658,5333.333333333333,3,dct_smooth_regression,utterance_000000,0-0-0-0,group_0,SIL,1,4,<eps>,"",0.41,#,вӑйӑн-шайӑн,#,#,R,V,coextensive
1004.7117694817978,2241.571185510163,3215.4677532642295,1017.4141797233705,2054.6075475279467,3050.492259809313,100.25902133352248,367.73764587940315,675.8381465951852,0.003630086569439594,0.13674999999999998,0.13674999999999998,0.3335365853658536,5333.333333333333,3,dct_smooth_regression,utterance_000000,0-0-0-0,group_0,SIL,1,4,<eps>,"",0.41,#,вӑйӑн-шайӑн,#,#,R,V,coextensive
1006.976155817163,2241.586148819658,3251.617855124222,1017.3470523078677,2056.59358934853,3050.2953591992778,99.72393959508126,368.4222014806423,676.0660449331501,0.003630086569439594,0.13874999999999998,0.13874999999999998,0.33841463414634143,5333.333333333333,3,dct_smooth_regression,utterance_000000,0-0-0-0,group_0,SIL,1,4,<eps>,"",0.41,#,вӑйӑн-шайӑн,#,#,R,V,coextensive
1010.6395512085777,2225.295099131772,3289.2322100255424,1017.2676802296943,2058.635301023991,3050.2298887338034,99.22444854558385,369.2142519695974,675.7268324259163,0.003630086569439594,0.14075,0.14075,0.34329268292682924,5333.333333333333,3,dct_smooth_regression,utterance_000000,0-0-0-0,group_0,SIL,1,4,<eps>,"",0.41,#,вӑйӑн-шайӑн,#,#,R,V,coextensive
1011.4544035407265,2197.9103255585746,3324.267771981847,1017.1761545776748,2060.7269212578335,3050.2875750108064,98.76055418623754,370.10944105200275,674.8381957474993,0.003630086569439594,0.14275,0.14275,0.34817073170731705,5333.333333333333,3,dct_smooth_regression,utterance_000000,0-0-0-0,group_0,SIL,1,4,<eps>,"",0.41,#,вӑйӑн-шайӑн,#,#,R,V,coextensive
1009.1605348947135,2159.4678405885215,3346.2257016588005,1017.0725954890032,2062.8624842236172,3050.4597051072133,98.33222046330329,371.1031273221359,673.4207007515708,0.003630086569439594,0.14475,0.14475,0.35304878048780486,5333.333333333333,3,dct_smooth_regression,utterance_000000,0-0-0-0,group_0,SIL,1,4,<eps>,"",0.41,#,вӑйӑн-шайӑн,#,#,R,V,coextensive
1005.5397702076023,2111.779914182106,3346.969428615581,1016.9571517374135,2065.035843242612,3050.737169520302,97.93937106218397,372.1903908129384,671.4975386148996,0.003630086569439594,0.14675,0.14675,0.35792682926829267,5333.333333333333,3,dct_smooth_regression,utterance_000000,0-0-0-0,group_0,SIL,1,4,<eps>,"",0.41,#,вӑйӑн-шайӑн,#,#,R,V,coextensive
1001.2172215826928,2065.813127359099,3309.9952052520634,1016.8300002483206,2067.2406952227802,3051.110506636849,97.5818910351881,373.36604047215997,669.0942524696695,0.003630086569439594,0.14875,0.14875,0.3628048780487805,5333.333333333333,3,dct_smooth_regression,utterance_000000,0-0-0-0,group_0,SIL,1,4,<eps>,"",0.41,#,вӑйӑн-шайӑн,#,#,R,V,coextensive
997.6154590725147,2033.7449996089802,3199.223339407006,1016.6913455427826,2069.470605756868,3051.5699485363393,97.2596282604749,374.6246227243212,666.2384494454959,0.003630086569439594,0.15075,0.15075,0.3676829268292683,5333.333333333333,3,dct_smooth_regression,utterance_000000,0-0-0-0,group_0,SIL,1,4,<eps>,"",0.41,#,вӑйӑн-шайӑн,#,#,R,V,coextensive
997.421655103102,2013.1226970559421,3047.30779387304,1016.541419112322,2071.7190347746387,3052.105467929074,96.97239473120636,375.96043127218115,662.9595030574383,0.003630086569439594,0.15275,0.15275,0.3725609756097561,5333.333333333333,3,dct_smooth_regression,utterance_000000,0-0-0-0,group_0,SIL,1,4,<eps>,"",0.41,#,вӑйӑн-шайӑн,#,#,R,V,coextensive
1001.6450831557322,2007.474349558539,2976.8532770574598,1016.3804787268244,2073.9793626419632,3052.7068260254705,96.71996767537317,377.3675182823197,659.2882507780217,0.003630086569439594,0.15475,0.15475,0.3774390243902439,5333.333333333333,3,dct_smooth_regression,utterance_000000,0-0-0-0,group_0,SIL,1,4,<eps>,"",0.41,#,вӑйӑн-шайӑн,#,#,R,V,coextensive
1006.4422613123378,2007.1908137364917,2970.7084676218747,1016.2088076779055,2076.2449165976095,3053.3636211291496,96.5020905081422,378.8397070874161,655.2566914293102,0.003630086569439594,0.15675,0.15675,0.3823170731707317,5333.333333333333,3,dct_smooth_regression,utterance_000000,0-0-0-0,group_0,SIL,1,4,<eps>,"",0.41,#,вӑйӑн-шайӑн,#,#,R,V,coextensive
1008.2764204722902,1999.523107512114,2970.524550563598,1016.0267139602979,2078.508997417163,3054.065337743622,96.31847361989848,380.37060652271805,650.8976867379012,0.003630086569439594,0.15874999999999997,0.15874999999999997,0.38719512195121947,5333.333333333333,3,dct_smooth_regression,utterance_000000,0-0-0-0,group_0,SIL,1,4,<eps>,"",0.41,#,вӑйӑн-шайӑн,#,#,R,V,coextensive
1006.9996715009238,1984.8603564487062,2942.7413086075126,1015.8345293939668,2080.764906192595,3054.8013959804616,96.16879500441107,381.9536269961966,646.2446710258449,0.003630086569439594,0.16074999999999998,0.16074999999999998,0.3920731707317073,5333.333333333333,3,dct_smooth_regression,utterance_000000,0-0-0-0,group_0,SIL,1,4,<eps>,"",0.41,#,вӑйӑн-шайӑн,#,#,R,V,coextensive
1003.7979628933432,1972.9057284161138,2882.1724377873143,1015.632608689805,2083.005971115497,3055.561201055847,96.05270073276925,383.5819983710128,641.3313725796205,0.003630086569439594,0.16274999999999998,0.16274999999999998,0.3969512195121951,5333.333333333333,3,dct_smooth_regression,utterance_000000,0-0-0-0,group_0,SIL,1,4,<eps>,"",0.41,#,вӑйӑн-шайӑн,#,#,R,V,coextensive
997.7299477313766,1952.115730655294,2791.998527396601,1015.4213284618913,2085.2255741520225,3056.3341926622584,95.96980527989264,385.24878971532075,636.1915497636896,0.003630086569439594,0.16474999999999998,0.16474999999999998,0.4018292682926829,5333.333333333333,3,dct_smooth_regression,utterance_000000,0-0-0-0,group_0,SIL,1,4,<eps>,"",0.41,#,вӑйӑн-шайӑн,#,#,R,V,coextensive
991.0834154606742,1874.602317254891,2704.16781325306,1015.201086189423,2087.417177498056,3057.1098940029187,95.91969171154122,386.94693094837424,630.8587444409743,0.003630086569439594,0.16674999999999998,0.16674999999999998,0.4067073170731707,5333.333333333333,3,dct_smooth_regression,utterance_000000,0-0-0-0,group_0,SIL,1,4,<eps>,"",0.41,#,вӑйӑн-шайӑн,#,#,R,V,coextensive
989.8370597266004,1884.86848513433,2684.496294991407,1014.9722991315424,2089.5743497040576,3057.877960278267,95.90191174081653,388.66923638362675,625.3660547454214,0.003630086569439594,0.16874999999999998,0.16874999999999998,0.4115853658536585,5333.333333333333,3,dct_smooth_regression,utterance_000000,0-0-0-0,group_0,SIL,1,4,<eps>,"",0.41,#,вӑйӑн-шайӑн,#,#,R,V,coextensive
992.8480511210068,2019.571171548393,2721.103654870343,1014.7354031983822,2091.6907913604737,3058.6282264163606,95.91598566418735,390.408430139342,619.745928736076,0.003630086569439594,0.17074999999999999,0.17074999999999999,0.4164634146341463,5333.333333333333,3,dct_smooth_regression,utterance_000000,0-0-0-0,group_0,SIL,1,4,<eps>,"",0.41,#,вӑйӑн-шайӑн,#,#,R,V,coextensive
1005.2095794321494,2123.6847149527516,2793.344760614874,1014.4908517817453,2093.7603602364406,3059.3507538425774,95.96140218806046,392.15717335564665,614.029979960729,0.003630086569439594,0.17275,0.17275,0.42134146341463413,5333.333333333333,3,dct_smooth_regression,utterance_000000,0-0-0-0,group_0,SIL,1,4,<eps>,"",0.41,#,вӑйӑн-шайӑн,#,#,R,V,coextensive
1019.9510987617464,2139.8019271537487,2844.261893002824,1014.2391145489116,2095.777095766875,3060.03587608834,96.03761815787087,393.9080931243513,608.248825481324,0.003630086569439594,0.17475,0.17475,0.42621951219512194,5333.333333333333,3,dct_smooth_regression,utterance_000000,0-0-0-0,group_0,SIL,1,4,<eps>,"",0.41,#,вӑйӑн-шайӑн,#,#,R,V,coextensive
1031.7713336708796,2134.5098938914,2899.8577866484957,1013.9806762031379,2097.7352427857754,3060.674243043787,96.1440582025837,395.65381300481744,602.431946472247,0.003630086569439594,0.17675,0.17675,0.43109756097560975,5333.333333333333,3,dct_smooth_regression,utterance_000000,0-0-0-0,group_0,SIL,1,4,<eps>,"",0.41,#,вӑйӑн-шайӑн,#,#,R,V,coextensive
1040.4770844088343,2113.8584079663956,2967.780830314246,1013.7160352144682,2099.6292744067787,3061.2568636653327,96.28011430836379,397.38698496619236,596.6075711033665,0.003630086569439594,0.17875,0.17875,0.43597560975609756,5333.333333333333,3,dct_smooth_regression,utterance_000000,0-0-0-0,group_0,SIL,1,4,<eps>,"",0.41,#,вӑйӑн-шайӑн,#,#,R,V,coextensive
1043.0183100741997,2082.2562302038496,3008.783889863134,1013.4457025245208,2101.453913955623,3061.775146955877,96.44514533599828,399.1003225641393,590.8025790675329,0.003630086569439594,0.18075,0.18075,0.44085365853658537,5333.333333333333,3,dct_smooth_regression,utterance_000000,0-0-0-0,group_0,SIL,1,4,<eps>,"",0.41,#,вӑйӑн-шайӑн,#,#,R,V,coextensive
1041.5238069311579,2061.3672194933824,3017.054528504247,1013.1702002289543,2103.204155863189,3062.2209410430364,96.6384764974276,400.78663512931115,585.0424268102801,0.003630086569439594,0.18275,0.18275,0.4457317073170732,5333.333333333333,3,dct_smooth_regression,utterance_000000,0-0-0-0,group_0,SIL,1,4,<eps>,"",0.41,#,вӑйӑн-шайӑн,#,#,R,V,coextensive
1039.1101162584512,2057.77934666011,3000.380903425917,1012.8900602413304,2104.875285432184,3062.5865701890825,96.85939880745902,402.43886271599456,579.3510922691079,0.003630086569439594,0.18475,0.18475,0.450609756097561,5333.333333333333,3,dct_smooth_regression,utterance_000000,0-0-0-0,group_0,SIL,1,4,<eps>,"",0.41,#,вӑйӑн-шайӑн,#,#,R,V,coextensive
1034.2745486207539,2050.9944797646117,2977.2276964524563,1012.6058229421094,2106.4628973953,3062.8648695753136,97.10716852738526,404.05011153316076,573.7510377308228,0.003630086569439594,0.18675,0.18675,0.4554878048780488,5333.333333333333,3,dct_smooth_regression,utterance_000000,0-0-0-0,group_0,SIL,1,4,<eps>,"",0.41,#,вӑйӑн-шайӑн,#,#,R,V,coextensive
1027.215468342014,2039.5468486878278,2974.6546429136793,1012.318035816511,2107.9629131878087,3063.0492177132946,97.3810066178159,405.61368955727494,568.2631892662366,0.003630086569439594,0.18874999999999997,0.18874999999999997,0.4603658536585365,5333.333333333333,3,dct_smooth_regression,utterance_000000,0-0-0-0,group_0,SIL,1,4,<eps>,"",0.41,#,вӑйӑн-шайӑн,#,#,R,V,coextensive
1020.6638463185225,2032.4795709449731,3004.9280735877855,1012.027252084964,2109.3715968629526,3063.1335663456925,97.68009821852249,407.12314200719504,562.9069310995611,0.003630086569439594,0.19074999999999998,0.19074999999999998,0.4652439024390243,5333.333333333333,3,dct_smooth_regression,utterance_000000,0-0-0-0,group_0,SIL,1,4,<eps>,"",0.41,#,вӑйӑн-шайӑн,#,#,R,V,coextensive
1017.233318805874,2027.4327818529143,3050.8425183869317,1011.7340293298395,2110.6855695842646,3063.1124677103708,98.00359217350773,408.5722863468869,557.7001132112788,0.003630086569439594,0.19274999999999998,0.19274999999999998,0.4701219512195121,5333.333333333333,3,dct_smooth_regression,utterance_000000,0-0-0-0,group_0,SIL,1,4,<eps>,"",0.41,#,вӑйӑн-шайӑн,#,#,R,V,coextensive
1017.1240841267515,2022.9756896908777,3095.9183527746422,1011.4389281221422,2111.901822634942,3062.9810990527953,98.35060061980849,409.95524647196623,552.6590704540416,0.003630086569439594,0.19474999999999998,0.19474999999999998,0.4749999999999999,5333.333333333333,3,dct_smooth_regression,utterance_000000,0-0-0-0,group_0,SIL,1,4,<eps>,"",0.41,#,вӑйӑн-шайӑн,#,#,R,V,coextensive
1018.7407376573855,2021.1580228901134,3112.1678265540804,1011.142510651777,2113.017728890663,3062.735284283757,98.72019865873109,411.26648573157746,547.7986514765003,0.003630086569439594,0.19674999999999998,0.19674999999999998,0.47987804878048773,5333.333333333333,3,dct_smooth_regression,utterance_000000,0-0-0-0,group_0,SIL,1,4,<eps>,"",0.41,#,вӑйӑн-шайӑн,#,#,R,V,coextensive
1019.0136563804746,2024.1719447010769,3089.4951535931227,1010.8453393649643,2114.0310527087304,3062.371512691714,99.11142412827759,412.500838438194,543.1322557950973,0.003630086569439594,0.19874999999999998,0.19874999999999998,0.48475609756097554,5333.333333333333,3,dct_smooth_regression,utterance_000000,0-0-0-0,group_0,SIL,1,4,<eps>,"",0.41,#,вӑйӑн-шайӑн,#,#,R,V,coextensive
1016.7821976066074,2034.4291474172207,3075.414172809075,1010.5479756123102,2114.9399581931057,3061.8869546318333,99.52327749543767,413.65353952462027,538.6718774238566,0.003630086569439594,0.20074999999999998,0.20074999999999998,0.48963414634146335,5333.333333333333,3,dct_smooth_regression,utterance_000000,0-0-0-0,group_0,SIL,1,4,<eps>,"",0.41,#,вӑйӑн-шайӑн,#,#,R,V,coextensive
1013.4781613379473,2050.8967262406086,3080.4548821542294,1010.2509783109665,2115.7430158017405,3061.2794741268067,99.95472188679392,414.72025201996667,534.4281535623544,0.003630086569439594,0.20274999999999999,0.20274999999999999,0.49451219512195116,5333.333333333333,3,dct_smooth_regression,utterance_000000,0-0-0-0,group_0,SIL,1,4,<eps>,"",0.41,#,вӑйӑн-шайӑн,#,#,R,V,coextensive
1011.8719028146661,2069.4090846492504,3094.360810056862,1009.9549026242297,2116.439207269633,3060.547638327877,100.40468327548396,415.69709203442693,530.4104169478131,0.003630086569439594,0.20475,0.20475,0.49939024390243897,5333.333333333333,3,dct_smooth_regression,utterance_000000,0-0-0-0,group_0,SIL,1,4,<eps>,"",0.41,#,вӑйӑн-шайӑн,#,#,R,V,coextensive
1011.7441177256469,2087.9830878059715,3108.087502190613,1009.6602986618466,2117.0279288280926,3059.690723798009,100.87205084199782,416.58065096620305,526.6267505945608,0.003630086569439594,0.20675,0.20675,0.5042682926829268,5333.333333333333,3,dct_smooth_regression,utterance_000000,0-0-0-0,group_0,SIL,1,4,<eps>,"",0.41,#,вӑйӑн-шайӑн,#,#,R,V,coextensive
1011.9513324396596,2102.2776812972447,3116.1538718534653,1009.3677102041809,2117.5089927079343,3058.7087195928502,101.35567752552687,417.36801467250945,523.0840437690241,0.003630086569439594,0.20875,0.20875,0.5091463414634146,5333.333333333333,3,dct_smooth_regression,utterance_000000,0-0-0-0,group_0,SIL,1,4,<eps>,"",0.41,#,вӑйӑн-шайӑн,#,#,R,V,coextensive
1011.7432813794636,2108.663124482888,3116.9332108590893,1009.0776734533054,2117.8826269214987,3057.602327128883,101.85438078163193,418.0567793797445,519.7880481778851,0.003630086569439594,0.21075,0.21075,0.5140243902439025,5333.333333333333,3,dct_smooth_regression,utterance_000000,0-0-0-0,group_0,SIL,1,4,<eps>,"",0.41,#,вӑйӑн-шайӑн,#,#,R,V,coextensive
1010.2186346809574,2117.440751108831,3114.9534947600537,1008.7907158139528,2118.149473325688,3056.3729568420204,102.36694356084473,418.6450641451555,516.7434334779705,0.003630086569439594,0.21275,0.21275,0.5189024390243903,5333.333333333333,3,dct_smooth_regression,utterance_000000,0-0-0-0,group_0,SIL,1,4,<eps>,"",0.41,#,вӑйӑн-шайӑн,#,#,R,V,coextensive
1007.7751107641141,2155.2456688891148,3118.760763502291,1008.5073547071534,2118.3105839754203,3055.0227216536628,102.8921155214626,419.131519722854,513.9538413466087,0.003630086569439594,0.21475,0.21475,0.5237804878048781,5333.333333333333,3,dct_smooth_regression,utterance_000000,0-0-0-0,group_0,SIL,1,4,<eps>,"",0.41,#,вӑйӑн-шайӑн,#,#,R,V,coextensive
1007.8470220898173,2256.0512855794204,3165.9509547908015,1008.2280964192468,2118.367415784109,3053.554427274992,103.42861448822792,419.5153337302058,511.42193747858823,0.003630086569439594,0.21675,0.21675,0.5286585365853659,5333.333333333333,3,dct_smooth_regression,utterance_000000,0-0-0-0,group_0,SIL,1,4,<eps>,"",0.41,#,вӑйӑн-шайӑн,#,#,R,V,coextensive
1011.6433105518381,2367.1208944754167,3299.1281035984684,1007.9534349888308,2118.3218235149047,3051.971559393823,103.97512816682001,419.79623205555475,509.14946099889994,0.003630086569439594,0.21875,0.21875,0.5335365853658537,5333.333333333333,3,dct_smooth_regression,utterance_000000,0-0-0-0,group_0,SIL,1,4,<eps>,"",0.41,#,вӑйӑн-шайӑн,#,#,R,V,coextensive
1016.6314450760136,2379.188408591622,3283.3164327406043,1007.6838511340662,2118.1760511334255,3050.278267801753,104.53031612210566,419.9744764940519,507.1372708980536,0.003630086569439594,0.22075,0.22075,0.5384146341463415,5333.333333333333,3,dct_smooth_regression,utterance_000000,0-0-0-0,group_0,SIL,1,4,<eps>,"",0.41,#,вӑйӑн-шайӑн,#,#,R,V,coextensive
1018.001001364179,2326.3556394138686,3157.980885439593,1007.4198112226163,2117.9327215596372,3048.4793475324623,105.09281202593566,420.05085864426417,505.3853892079804,0.003630086569439594,0.22274999999999998,0.22274999999999998,0.5432926829268292,5333.333333333333,3,dct_smooth_regression,utterance_000000,0-0-0-0,group_0,SIL,1,4,<eps>,"",0.41,#,вӑйӑн-шайӑн,#,#,R,V,coextensive
1014.0529653967786,2261.9523032923075,3044.095620344387,1007.1617662863495,2117.594824863225,3046.5802170948664,105.66122617791359,420.0266901432465,503.89304074088295,0.003630086569439594,0.22474999999999998,0.22474999999999998,0.548170731707317,5333.333333333333,3,dct_smooth_regression,utterance_000000,0-0-0-0,group_0,SIL,1,4,<eps>,"",0.41,#,вӑйӑн-шайӑн,#,#,R,V,coextensive
1006.3440349632085,2233.983612293672,2982.964366619263,1006.9101510827833,2117.1657049533496,3044.5868938972603,106.23414830004775,419.90378936112097,502.65868931043224,0.003630086569439594,0.22674999999999998,0.22674999999999998,0.5530487804878048,5333.333333333333,3,dct_smooth_regression,utterance_000000,0-0-0-0,group_0,SIL,1,4,<eps>,"",0.41,#,вӑйӑн-шайӑн,#,#,R,V,coextensive
999.3024338326734,2242.7642401267954,2964.9100589778623,1006.6653832050922,2116.649044820016,3042.5059669706698,106.81015060352162,419.6844647170409,501.6800704443484,0.003630086569439594,0.22874999999999998,0.22874999999999998,0.5579268292682926,5333.333333333333,3,dct_smooth_regression,utterance_000000,0-0-0-0,group_0,SIL,1,4,<eps>,"",0.41,#,вӑйӑн-шайӑн,#,#,R,V,coextensive
995.2934142292972,2265.3015439942847,2995.9689532371135,1006.4278622423461,2116.0488503903116,3040.3445671111936,107.38779112301438,419.3714948160768,500.9542206795195,0.003630086569439594,0.23074999999999998,0.23074999999999998,0.5628048780487804,5333.333333333333,3,dct_smooth_regression,utterance_000000,0-0-0-0,group_0,SIL,1,4,<eps>,"",0.41,#,вӑйӑн-шайӑн,#,#,R,V,coextensive
994.8542439197665,2275.9765849451524,3097.2384324474106,1006.197968991483,2115.369433068619,3038.1103345721876,107.96561731110542,418.96810564030835,500.4775036055115,0.003630086569439594,0.23274999999999998,0.23274999999999998,0.5676829268292682,5333.333333333333,3,dct_smooth_regression,utterance_000000,0-0-0-0,group_0,SIL,1,4,<eps>,"",0.41,#,вӑйӑн-шайӑн,#,#,R,V,coextensive
996.9980272535553,2262.467857613446,3226.3204056639647,1005.9760647223648,2114.6153910353873,3035.811384447653,108.54216988231147,418.4779450568077,500.24563288964566,0.003630086569439594,0.23475,0.23475,0.572560975609756,5333.333333333333,3,dct_smooth_regression,utterance_000000,0-0-0-0,group_0,SIL,1,4,<eps>,"",0.41,#,вӑйӑн-шайӑн,#,#,R,V,coextensive
999.8123465154316,2230.180795958982,3306.029071277919,1005.7624904970942,2113.791589384239,3033.4562698980853,109.11598689329603,417.90505492970533,500.2536925769033,0.003630086569439594,0.23675,0.23675,0.5774390243902439,5333.333333333333,3,dct_smooth_regression,utterance_000000,0-0-0-0,group_0,SIL,1,4,<eps>,"",0.41,#,вӑйӑн-шайӑн,#,#,R,V,coextensive
999.9820757070172,2184.805771774759,3280.800324692322,1005.557566544618,2112.903139182055,3031.0539433792824,109.68560804276565,417.2538411429476,500.49615501085316,0.003630086569439594,0.23874999999999996,0.23874999999999996,0.5823170731707316,5333.333333333333,3,dct_smooth_regression,utterance_000000,0-0-0-0,group_0,SIL,1,4,<eps>,"",0.41,#,вӑйӑн-шайӑн,#,#,R,V,coextensive
996.2398229880196,2137.2285098727048,3211.900089747297,1005.3615916914717,2111.9553755411407,3028.61371604318,110.2495791715861,416.52904185439684,500.9668967676331,0.003630086569439594,0.24074999999999996,0.24074999999999996,0.5871951219512194,5333.333333333333,3,dct_smooth_regression,utterance_000000,0-0-0-0,group_0,SIL,1,4,<eps>,"",0.41,#,вӑйӑн-шайӑн,#,#,R,V,coextensive
991.944583935616,2091.479792613904,3174.733798661038,1005.1748428493624,2110.9538347967236,3026.1452154876124,110.80645694073621,415.73569431061526,501.6592130337694,0.003630086569439594,0.24274999999999997,0.24274999999999997,0.5920731707317072,5333.333333333333,3,dct_smooth_regression,utterance_000000,0-0-0-0,group_0,SIL,1,4,<eps>,"",0.41,#,вӑйӑн-шайӑн,#,#,R,V,coextensive
990.6706220857504,2050.2696463463835,3169.140882940597,1004.9975745601268,2109.904230886707,3023.6583420389748,111.35481366193257,414.879100554989,502.56583089027043,0.003630086569439594,0.24474999999999997,0.24474999999999997,0.596951219512195,5333.333333333333,3,dct_smooth_regression,utterance_000000,0-0-0-0,group_0,SIL,1,4,<eps>,"",0.41,#,вӑйӑн-шайӑн,#,#,R,V,coextensive
994.0717452862136,2025.5656989130305,3167.7240071724977,1004.8300185984388,2108.812431033942,3021.1632237580507,111.8932422531195,413.96479236005547,503.6789219898444,0.003630086569439594,0.24674999999999997,0.24674999999999997,0.6018292682926828,5333.333333333333,3,dct_smooth_regression,utterance_000000,0-0-0-0,group_0,SIL,1,4,<eps>,"",0.41,#,вӑйӑн-шайӑн,#,#,R,V,coextensive
1000.211944918133,2022.528717416032,3144.2081953680745,1004.6723836324865,2107.684430834134,3018.6701703647464,112.42036128858922,412.9984957081477,504.99011513113396,0.003630086569439594,0.24874999999999997,0.24874999999999997,0.6067073170731706,5333.333333333333,3,dct_smooth_regression,utterance_000000,0-0-0-0,group_0,SIL,1,4,<eps>,"",0.41,#,вӑйӑн-шайӑн,#,#,R,V,coextensive
1004.4218396993317,2035.3170557154888,3078.7955941424543,1004.5248549426854,2106.526328854938,3016.1896262821083,112.93482011131684,411.98609513328086,506.49050924331345,0.003630086569439594,0.25075,0.25075,0.6115853658536584,5333.333333333333,3,dct_smooth_regression,utterance_000000,0-0-0-0,group_0,SIL,1,4,<eps>,"",0.41,#,вӑйӑн-шайӑн,#,#,R,V,coextensive
1004.2531166102509,2034.3816345136281,2975.968198283336,1004.3875941983379,2105.344300853805,3013.7321230037905,113.43530397318372,410.93359822188387,508.1706872960692,0.003630086569439594,0.25275,0.25275,0.6164634146341462,5333.333333333333,3,dct_smooth_regression,utterance_000000,0-0-0-0,group_0,SIL,1,4,<eps>,"",0.41,#,вӑйӑн-шайӑн,#,#,R,V,coextensive
1001.4798030704723,2006.1399480640175,2896.1200722935628,1004.260739292005,2104.144573723661,3011.308230992027,113.92053916719183,409.84710055113396,510.0207316435231,0.003630086569439594,0.25475,0.25475,0.621341463414634,5333.333333333333,3,dct_smooth_regression,utterance_000000,0-0-0-0,group_0,SIL,1,4,<eps>,"",0.41,#,вӑйӑн-шайӑн,#,#,R,V,coextensive
997.7672347160837,1974.3382518100382,2863.343530677325,1004.1444042312135,2102.933399276563,3008.928511315205,114.3892981145359,408.73275132176695,512.030241295999,0.003630086569439594,0.25675,0.25675,0.6262195121951218,5333.333333333333,3,dct_smooth_regression,utterance_000000,0-0-0-0,group_0,SIL,1,4,<eps>,"",0.41,#,вӑйӑн-шайӑн,#,#,R,V,coextensive
996.270925546915,1958.4992509401573,2842.6725250544155,1004.0386790869724,2101.717027976109,3006.603467235259,114.84040436856652,407.5967199179623,514.1883515902591,0.003630086569439594,0.25875,0.25875,0.6310975609756097,5333.333333333333,3,dct_smooth_regression,utterance_000000,0-0-0-0,group_0,SIL,1,4,<eps>,"",0.41,#,вӑйӑн-шайӑн,#,#,R,V,coextensive
998.1601992380807,1959.5034765895182,2807.57287838046,1003.943629998452,2100.5016827294803,3004.3434959553297,115.27273749724202,406.44516360077904,516.483756697015,0.003630086569439594,0.26075,0.26075,0.6359756097560975,5333.333333333333,3,dct_smooth_regression,utterance_000000,0-0-0-0,group_0,SIL,1,4,<eps>,"",0.41,#,вӑйӑн-шайӑн,#,#,R,V,coextensive
1001.104590179071,1973.2277132924612,2765.5977171213467,1003.8592992330294,2099.293532849685,3002.1588407374684,115.68523780566306,405.28419651426475,518.9047353639747,0.003630086569439594,0.26275,0.26275,0.6408536585365853,5333.333333333333,3,dct_smooth_regression,utterance_000000,0-0-0-0,group_0,SIL,1,4,<eps>,"",0.41,#,вӑйӑн-шайӑн,#,#,R,V,coextensive
1001.2810406934285,1993.6444254738333,2746.9907671443357,1003.7857053007946,2098.0986682977505,3000.059543598608,116.07691086072153,404.1198601554055,521.4391802435125,0.003630086569439594,0.26475,0.26475,0.6457317073170731,5333.333333333333,3,dct_smooth_regression,utterance_000000,0-0-0-0,group_0,SIL,1,4,<eps>,"",0.41,#,вӑйӑн-шайӑн,#,#,R,V,coextensive
999.4068948273226,2019.3660408203045,2756.9060519508434,1003.7228431224813,2096.9230743133508,2998.0553987905573,116.44683178078141,402.95809543097624,524.0746310965718,0.003630086569439594,0.26675,0.26675,0.6506097560975609,5333.333333333333,3,dct_smooth_regression,utterance_000000,0-0-0-0,group_0,SIL,1,4,<eps>,"",0.41,#,вӑйӑн-шайӑн,#,#,R,V,coextensive
998.3311430326953,2042.8313959258571,2788.3196789162234,1003.6706842496761,2095.7726065406305,2996.155907266451,116.79414925463739,401.8047163967378,526.7983120988821,0.003630086569439594,0.26875,0.26875,0.6554878048780487,5333.333333333333,3,dct_smooth_regression,utterance_000000,0-0-0-0,group_0,SIL,1,4,<eps>,"",0.41,#,вӑйӑн-шайӑн,#,#,R,V,coextensive
998.9666655288661,2056.0687169512253,2834.311418220913,1003.6291771360461,2094.652966753801,2994.370232331888,117.1180892557676,400.6653857476838,529.5971734027324,0.003630086569439594,0.27075,0.27075,0.6603658536585365,5333.333333333333,3,dct_smooth_regression,utterance_000000,0-0-0-0,group_0,SIL,1,4,<eps>,"",0.41,#,вӑйӑн-шайӑн,#,#,R,V,coextensive
1000.045949139689,2061.597136078093,2894.731075893387,1003.5982474582289,2093.569679284459,2992.7071566739455,117.4179584200862,399.5455921026037,532.4579370281177,0.003630086569439594,0.27275,0.27275,0.6652439024390243,5333.333333333333,3,dct_smooth_regression,utterance_000000,0-0-0-0,group_0,SIL,1,4,<eps>,"",0.41,#,вӑйӑн-шайӑн,#,#,R,V,coextensive
1001.9516757984102,2059.1269584507545,2946.2592251870633,1003.5777984849274,2092.5280682495386,2991.175040955401,117.69314705799448,398.45062910252483,535.367147072127,0.003630086569439594,0.27475,0.27475,0.6701219512195121,5333.333333333333,3,dct_smooth_regression,utterance_000000,0-0-0-0,group_0,SIL,1,4,<eps>,"",0.41,#,вӑйӑн-шайӑн,#,#,R,V,coextensive
1006.5714145852851,2047.6412114735804,2960.081271633218,1003.5677114926588,2091.5332356753197,2989.781784154798,117.94313177448572,397.3855763208124,538.3112241362286,0.003630086569439594,0.27675,0.27675,0.6749999999999999,5333.333333333333,3,dct_smooth_regression,utterance_000000,0-0-0-0,group_0,SIL,1,4,<eps>,"",0.41,#,вӑйӑн-шайӑн,#,#,R,V,coextensive
1013.2074252484545,2032.795932335221,2954.802131732493,1003.5678462265336,2090.5900406090545,2988.5347858255896,118.16747767436063,396.35528196317955,541.2765237790309,0.003630086569439594,0.27875,0.27875,0.6798780487804877,5333.333333333333,3,dct_smooth_regression,utterance_000000,0-0-0-0,group_0,SIL,1,4,<eps>,"",0.41,#,вӑйӑн-шайӑн,#,#,R,V,coextensive
1017.5372791930665,2036.7258189805714,2938.7946165987237,1003.5780414043512,2089.7030793055073,2987.4409104393867,118.36584013318648,395.3643473187265,544.249398708918,0.003630086569439594,0.28075,0.28075,0.6847560975609756,5333.333333333333,3,dct_smooth_regression,utterance_000000,0-0-0-0,group_0,SIL,1,4,<eps>,"",0.41,#,вӑйӑн-шайӑн,#,#,R,V,coextensive
1016.4286090311655,2078.550727044918,2907.707341794217,1003.5981152622359,2088.8766665710646,2986.506453969467,118.53796611847585,394.4171129084868,547.2162643383554,0.003630086569439594,0.28275,0.28275,0.6896341463414634,5333.333333333333,3,dct_smooth_regression,utterance_000000,0-0-0-0,group_0,SIL,1,4,<eps>,"",0.41,#,вӑйӑн-шайӑн,#,#,R,V,coextensive
1011.5030123035858,2145.4746796533623,2870.3532280169998,1003.6278661399676,2088.114818343115,2985.73711286115,118.68369504957724,393.5176462659218,550.1636672316813,0.003630086569439594,0.28475,0.28475,0.6945121951219512,5333.333333333333,3,dct_smooth_regression,utterance_000000,0-0-0-0,group_0,SIL,1,4,<eps>,"",0.41,#,вӑйӑн-шайӑн,#,#,R,V,coextensive
1006.4636686467013,2189.1245148045273,2871.7531874022498,1003.6670731041139,2087.42123557708,2985.137955525466,118.80295918893565,392.66973127431953,553.0783558928207,0.003630086569439594,0.28675,0.28675,0.699390243902439,5333.333333333333,3,dct_smooth_regression,utterance_000000,0-0-0-0,group_0,SIL,1,4,<eps>,"",0.41,#,вӑйӑн-шайӑн,#,#,R,V,coextensive
1004.0208484601311,2160.562759044304,2932.279677724406,1003.7154966070016,2086.799289507849,2984.713396481794,118.89578356162471,391.87685897916737,555.9473532606141,0.003630086569439594,0.28875,0.28875,0.7042682926829268,5333.333333333333,3,dct_smooth_regression,utterance_000000,0-0-0-0,group_0,SIL,1,4,<eps>,"",0.41,#,вӑйӑн-шайӑн,#,#,R,V,coextensive
1002.5121524515283,2104.9832756216074,2995.150702511539,1003.7728791795436,2086.2520083465324,2984.4671732638353,118.96228540431979,391.1422197890895,558.7580302094018,0.003630086569439594,0.29075,0.29075,0.7091463414634146,5333.333333333333,3,dct_smooth_regression,utterance_000000,0-0-0-0,group_0,SIL,1,4,<eps>,"",0.41,#,вӑйӑн-шайӑн,#,#,R,V,coextensive
1000.1802078428932,2066.5954763221544,3031.2444314002823,1003.8389461558808,2085.782065467236,2984.4023261915227,119.00267314910778,390.4686969768762,561.4981792930209,0.003630086569439594,0.29275,0.29275,0.7140243902439024,5333.333333333333,3,dct_smooth_regression,utterance_000000,0-0-0-0,group_0,SIL,1,4,<eps>,"",0.41,#,вӑйӑн-шайӑн,#,#,R,V,coextensive
998.5095977332302,2058.272467294525,3043.9319435455077,1003.9134064277771,2085.391769132232,2984.5211810992364,119.01724495166714,389.8588613922238,564.1560879232724,0.003630086569439594,0.29475,0.29475,0.7189024390243902,5333.333333333333,3,dct_smooth_regression,utterance_000000,0-0-0-0,group_0,SIL,1,4,<eps>,"",0.41,#,вӑйӑн-шайӑн,#,#,R,V,coextensive
1000.3230391828836,2070.957123057088,3048.3581828785327,1003.99595322668,2085.0830537973034,2984.8253350980776,119.00638677733691,389.31496729997536,566.7206101406609,0.003630086569439594,0.29675,0.29675,0.723780487804878,5333.333333333333,3,dct_smooth_regression,utterance_000000,0-0-0-0,group_0,SIL,1,4,<eps>,"",0.41,#,вӑйӑн-шайӑн,#,#,R,V,coextensive
1006.4950034409662,2089.2360219473203,3052.513949009357,1004.0862649313359,2084.8574730322835,2985.3156454370323,118.97057006237334,388.83894926162674,569.1812361171468,0.003630086569439594,0.29875,0.29875,0.7286585365853658,5333.333333333333,3,dct_smooth_regression,utterance_000000,0-0-0-0,group_0,SIL,1,4,<eps>,"",0.41,#,вӑйӑн-шайӑн,#,#,R,V,coextensive
1013.0308779990203,2094.0453351530814,3057.6316268037385,1004.1840058988422,2084.7161940849214,2985.992221514619,118.91034897122287,388.43241998348856,571.5281585285936,0.003630086569439594,0.30075,0.30075,0.7335365853658536,5333.333333333333,3,dct_smooth_regression,utterance_000000,0-0-0-0,group_0,SIL,1,4,<eps>,"",0.41,#,вӑйӑн-шайӑн,#,#,R,V,coextensive
1016.9150986831506,2084.5278070778977,3061.7892974486167,1004.2888273170071,2084.65999410919,2986.854420079185,118.82635727387567,388.0966690619201,573.7523349492049,0.003630086569439594,0.30274999999999996,0.30274999999999996,0.7384146341463413,5333.333333333333,3,dct_smooth_regression,utterance_000000,0-0-0-0,group_0,SIL,1,4,<eps>,"",0.41,#,вӑйӑн-шайӑн,#,#,R,V,coextensive
1018.214023946133,2068.8859698952974,3056.8015377992006,1004.400368075888,2084.68925807204,2987.9008436424065,118.71930487025682,387.8326625642569,575.8455454514847,0.003630086569439594,0.30474999999999997,0.30474999999999997,0.7432926829268292,5333.333333333333,3,dct_smooth_regression,utterance_000000,0-0-0-0,group_0,SIL,1,4,<eps>,"",0.41,#,вӑйӑн-шайӑн,#,#,R,V,coextensive
1018.4751937216274,2062.184310651721,3030.3684135841477,1004.5182556563856,2084.8039783454587,2989.1293421168375,118.5899739911506,387.64104339319175,577.8004446429999,0.003630086569439594,0.30674999999999997,0.30674999999999997,0.748170731707317,5333.333333333333,3,dct_smooth_regression,utterance_000000,0-0-0-0,group_0,SIL,1,4,<eps>,"",0.41,#,вӑйӑн-шайӑн,#,#,R,V,coextensive
1017.3254055948146,2070.289850117852,2986.1360890726123,1004.642107033777,2085.0037559835046,2990.537017674598,118.43921510728127,387.5221323922153,579.6106074345387,0.003630086569439594,0.30874999999999997,0.30874999999999997,0.7530487804878048,5333.333333333333,3,dct_smooth_regression,utterance_000000,0-0-0-0,group_0,SIL,1,4,<eps>,"",0.41,#,вӑйӑн-шайӑн,#,#,R,V,coextensive
1013.5115851241356,2082.972375541068,2937.9812253772325,1004.7715295940877,2085.2878036768075,2992.120232810541,118.26794257991166,387.47593016003276,581.2705679121295,0.003630086569439594,0.31074999999999997,0.31074999999999997,0.7579268292682926,5333.333333333333,3,dct_smooth_regression,utterance_000000,0-0-0-0,group_0,SIL,1,4,<eps>,"",0.41,#,вӑйӑн-шайӑн,#,#,R,V,coextensive
1010.3914012864207,2086.843669889117,2909.3012613581777,1004.9061220612201,2085.6549503698798,2993.8746215795545,118.07713008760743,387.5021195524015,582.775850776123,0.003630086569439594,0.31275,0.31275,0.7628048780487804,5333.333333333333,3,dct_smooth_regression,utterance_000000,0-0-0-0,group_0,SIL,1,4,<eps>,"",0.41,#,вӑйӑн-шайӑн,#,#,R,V,coextensive
1010.1149563879146,2081.8781828850447,2915.2812744397816,1005.045475432782,2086.103647519518,2995.795103964111,117.86780586470373,387.60006886036416,584.122994912261,0.003630086569439594,0.31475,0.31475,0.7676829268292682,5333.333333333333,3,dct_smooth_regression,utterance_000000,0-0-0-0,group_0,SIL,1,4,<eps>,"",0.41,#,вӑйӑн-шайӑн,#,#,R,V,coextensive
1010.882137511386,2067.7977640632544,2952.0368250655583,1005.1891739225832,2086.6319769655706,2997.875903314812,117.64104778744442,387.76883566416353,585.3095687701294,0.003630086569439594,0.31675,0.31675,0.772560975609756,5333.333333333333,3,dct_smooth_regression,utterance_000000,0-0-0-0,group_0,SIL,1,4,<eps>,"",0.41,#,вӑйӑн-шайӑн,#,#,R,V,coextensive
1011.5663914609179,2051.041683672951,2992.3042062406103,1005.3367959078047,2087.237660378514,3000.110566793539,117.39797834379962,388.00717137194636,586.3341773410727,0.003630086569439594,0.31875,0.31875,0.7774390243902438,5333.333333333333,3,dct_smooth_regression,utterance_000000,0-0-0-0,group_0,SIL,1,4,<eps>,"",0.41,#,вӑйӑн-шайӑн,#,#,R,V,coextensive
1012.0739941369199,2040.6594941617973,3020.0953481364163,1005.4879148788734,2087.918070241558,3002.491988735998,117.13975952259179,388.3135264615771,587.1964606480194,0.003630086569439594,0.32075,0.32075,0.7823170731707316,5333.333333333333,3,dct_smooth_regression,utterance_000000,0-0-0-0,group_0,SIL,1,4,<eps>,"",0.41,#,вӑйӑн-шайӑн,#,#,R,V,coextensive
1011.0222301352003,2048.959160976191,3027.8163341257928,1005.6421003901243,2088.670242318493,3005.0124368379907,116.86758765680185,388.68605645219037,587.8970837808355,0.003630086569439594,0.32275,0.32275,0.7871951219512194,5333.333333333333,3,dct_smooth_regression,utterance_000000,0-0-0-0,group_0,SIL,1,4,<eps>,"",0.41,#,вӑйӑн-шайӑн,#,#,R,V,coextensive
1006.8189210726287,2086.2829790415494,3019.9717270627657,1005.798919009362,2089.4908895521826,3007.663581057642,116.58268825481811,389.122628639384,588.4377186302257,0.003630086569439594,0.32475,0.32475,0.7920731707317072,5333.333333333333,3,dct_smooth_regression,utterance_000000,0-0-0-0,group_0,SIL,1,4,<eps>,"",0.41,#,вӑйӑн-шайӑн,#,#,R,V,coextensive
999.1700223303459,2141.262497574406,3015.2752714842964,1005.9579352644901,2090.3764173325185,3010.4365251142276,116.28631085194557,389.6208296340079,588.8210175881052,0.003630086569439594,0.32675,0.32675,0.796951219512195,5333.333333333333,3,dct_smooth_regression,utterance_000000,0-0-0-0,group_0,SIL,1,4,<eps>,"",0.41,#,вӑйӑн-шайӑн,#,#,R,V,coextensive
990.271872924189,2190.7272846995693,3035.6936539843764,1006.1187125854163,2091.322940066876,3013.3218404531203,115.97972391276792,390.177973749154,589.0505795902899,0.003630086569439594,0.32875,0.32875,0.8018292682926829,5333.333333333333,3,dct_smooth_regression,utterance_000000,0-0-0-0,group_0,SIL,1,4,<eps>,"",0.41,#,вӑйӑн-шайӑн,#,#,R,V,coextensive
985.75563457481,2222.2956662236306,3089.84820016323,1006.2808142394925,2092.3262989805457,3016.3096025358445,115.66420981295796,390.791112283068,589.1309089761295,0.003630086569439594,0.33075,0.33075,0.8067073170731707,5333.333333333333,3,dct_smooth_regression,utterance_000000,0-0-0-0,group_0,SIL,1,4,<eps>,"",0.41,#,вӑйӑн-шайӑн,#,#,R,V,coextensive
988.8263803362117,2240.2331253375096,3158.801797750698,1006.4438042588039,2093.3820810694588,3019.389429304235,115.34105992693509,391.45704374718355,589.0673677273026,0.003630086569439594,0.33275,0.33275,0.8115853658536585,5333.333333333333,3,dct_smooth_regression,utterance_000000,0-0-0-0,group_0,SIL,1,4,<eps>,"",0.41,#,вӑйӑн-шайӑн,#,#,R,V,coextensive
999.6862420159523,2245.1063330498687,3212.098015776701,1006.6072483576705,2094.4856391225926,3022.5505216584215,115.01156984537657,392.17232508816807,588.866121722851,0.003630086569439594,0.33475,0.33475,0.8164634146341463,5333.333333333333,3,dct_smooth_regression,utterance_000000,0-0-0-0,group_0,SIL,1,4,<eps>,"",0.41,#,вӑйӑн-шайӑн,#,#,R,V,coextensive
1011.7114256463757,2236.1434132387967,3241.4114690059964,1006.7707148387817,2095.6321127269675,3025.781705779702,114.67703474407212,392.9332839507307,588.534081708481,0.003630086569439594,0.33675,0.33675,0.8213414634146341,5333.333333333333,3,dct_smooth_regression,utterance_000000,0-0-0-0,group_0,SIL,1,4,<eps>,"",0.41,#,вӑйӑн-шайӑн,#,#,R,V,coextensive
1018.7751105289423,2218.740751198192,3260.3810916376037,1006.9337754864379,2096.816450163966,3029.071477121444,114.33874492299232,393.73603202392667,588.0788397242584,0.003630086569439594,0.33875,0.33875,0.8262195121951219,5333.333333333333,3,dct_smooth_regression,utterance_000000,0-0-0-0,group_0,SIL,1,4,<eps>,"",0.41,#,вӑйӑн-шайӑн,#,#,R,V,coextensive
1019.1459028488063,2194.788531704653,3257.0041425915797,1007.0960064454343,2098.033431101958,3032.408045884018,113.99798153176563,394.57647950771616,587.5086017658576,0.003630086569439594,0.34075,0.34075,0.8310975609756097,5333.333333333333,3,dct_smooth_regression,utterance_000000,0-0-0-0,group_0,SIL,1,4,<eps>,"",0.41,#,вӑйӑн-шайӑн,#,#,R,V,coextensive
1015.6776160885478,2159.8808473331974,3212.7907037036302,1007.256989084176,2099.277689986871,3035.779383783334,113.65601249505643,395.4503507287097,586.8321174703449,0.003630086569439594,0.34275,0.34275,0.8359756097560975,5333.333333333333,3,dct_smooth_regression,utterance_000000,0-0-0-0,group_0,SIL,1,4,<eps>,"",0.41,#,вӑйӑн-шайӑн,#,#,R,V,coextensive
1011.0210697024381,2117.380526754525,3165.471019883894,1007.4163108406692,2100.5437400293954,3039.17327191702,113.31408864866499,396.3532009242925,586.0586076185857,0.003630086569439594,0.34475,0.34475,0.8408536585365853,5333.333333333333,3,dct_smooth_regression,utterance_000000,0-0-0-0,group_0,SIL,1,4,<eps>,"",0.41,#,вӑйӑн-шайӑн,#,#,R,V,coextensive
1005.9709073924785,2090.3812788875434,3143.399080864686,1007.5735660501003,2101.8259976850336,3042.5773495275002,112.97344009453066,397.28043420282626,585.197690233493,0.003630086569439594,0.34675,0.34675,0.8457317073170731,5333.333333333333,3,dct_smooth_regression,utterance_000000,0-0-0-0,group_0,SIL,1,4,<eps>,"",0.41,#,вӑйӑн-шайӑн,#,#,R,V,coextensive
1001.238029533554,2099.213411193641,3125.6525142787627,1007.7283567527628,2103.118807521132,3045.979163457352,112.63527278026831,398.2273226744606,584.259306027475,0.003630086569439594,0.34875,0.34875,0.850609756097561,5333.333333333333,3,dct_smooth_regression,utterance_000000,0-0-0-0,group_0,SIL,1,4,<eps>,"",0.41,#,вӑйӑн-шайӑн,#,#,R,V,coextensive
996.780920638005,2141.3562494493335,3089.028230118481,1007.8802934811544,2104.4164673634527,3049.3662180892975,112.30076530642614,399.1890267324081,583.2536439151224,0.003630086569439594,0.35075,0.35075,0.8554878048780488,5333.333333333333,3,dct_smooth_regression,utterance_000000,0-0-0-0,group_0,SIL,1,4,<eps>,"",0.41,#,вӑйӑн-шайӑн,#,#,R,V,coextensive
992.4944293703461,2191.2996989509693,3018.354371689836,1008.0289960251265,2105.7132536136796,3052.7260255610263,111.97106596233678,400.1606164485299,582.1910672596664,0.003630086569439594,0.35275,0.35275,0.8603658536585366,5333.333333333333,3,dct_smooth_regression,utterance_000000,0-0-0-0,group_0,SIL,1,4,<eps>,"",0.41,#,вӑйӑн-шайӑн,#,#,R,V,coextensive
988.5198775375901,2177.0861447351394,2935.2752537604547,1008.1740941740215,2107.003446628573,3056.046156043811,111.6472899892693,401.1370940300288,581.0820414660213,0.003630086569439594,0.35475,0.35475,0.8652439024390244,5333.333333333333,3,dct_smooth_regression,utterance_000000,0-0-0-0,group_0,SIL,1,4,<eps>,"",0.41,#,вӑйӑн-шайӑн,#,#,R,V,coextensive
983.8837632411827,2083.9087522081,2928.5507455167512,1008.3152284347887,2108.281356051308,3059.3142878735052,111.33051706760284,402.11341726613415,579.937063470853,0.003630086569439594,0.35675,0.35675,0.8701219512195122,5333.333333333333,3,dct_smooth_regression,utterance_000000,0-0-0-0,group_0,SIL,1,4,<eps>,"",0.41,#,вӑйӑн-шайӑн,#,#,R,V,coextensive
981.5231858977421,2015.602150231883,2978.140951442056,1008.4520507251301,2109.5413459857314,3062.518257323057,111.0217890229275,403.08452387526853,578.7665936131067,0.003630086569439594,0.35875,0.35875,0.875,5333.333333333333,3,dct_smooth_regression,utterance_000000,0-0-0-0,group_0,SIL,1,4,<eps>,"",0.41,#,вӑйӑн-шайӑн,#,#,R,V,coextensive
984.5408204552575,1998.3381032769285,3016.7052452303133,1008.5842250407793,2110.777859905048,3065.6461078071143,110.72210774436631,404.04535664460053,577.5809902984652,0.003630086569439594,0.36075,0.36075,0.8798780487804878,5333.333333333333,3,dct_smooth_regression,utterance_000000,0-0-0-0,group_0,SIL,1,4,<eps>,"",0.41,#,вӑйӑн-шайӑн,#,#,R,V,coextensive
991.6319997733642,2003.8478189732464,3039.97688002071,1008.7114280960664,2111.985445187592,3068.686138311612,110.43243330699525,404.99088923548493,576.3904478001074,0.003630086569439594,0.36275,0.36275,0.8847560975609756,5333.333333333333,3,dct_smooth_regression,utterance_000000,0-0-0-0,group_0,SIL,1,4,<eps>,"",0.41,#,вӑйӑн-шайӑн,#,#,R,V,coextensive
1000.5360888582808,2022.067347860631,3056.434268816648,1008.8333499369797,2113.158777174002,3071.626950844435,110.15368228903401,405.91615251039997,575.2049374675762,0.003630086569439594,0.36474999999999996,0.36474999999999996,0.8896341463414633,5333.333333333333,3,dct_smooth_regression,utterance_000000,0-0-0-0,group_0,SIL,1,4,<eps>,"",0.41,#,вӑйӑн-шайӑн,#,#,R,V,coextensive
1007.5046809627842,2049.2369236487525,3061.5012763140267,1008.9496945259847,2114.2926826422076,3074.4574967073368,109.88672627347164,406.81626122008424,574.034152546981,0.003630086569439594,0.36674999999999996,0.36674999999999996,0.8945121951219511,5333.333333333333,3,dct_smooth_regression,utterance_000000,0-0-0-0,group_0,SIL,1,4,<eps>,"",0.41,#,вӑйӑн-шайӑн,#,#,R,V,coextensive
1011.768877771619,2075.4190426861546,3046.1893795626834,1009.0601802979054,2115.382162599166,3077.1671213941845,109.63239052300241,407.68644087392914,572.8874567505842,0.003630086569439594,0.36874999999999997,0.36874999999999997,0.8993902439024389,5333.333333333333,3,dct_smooth_regression,utterance_000000,0-0-0-0,group_0,SIL,1,4,<eps>,"",0.41,#,вӑйӑн-шайӑн,#,#,R,V,coextensive
1014.3334447837882,2078.911122980873,3013.115179208263,1009.1645406862307,2116.42241429126,3079.7456079263734,109.39145281655209,408.52205460275866,571.7738366531394,0.003630086569439594,0.37074999999999997,0.37074999999999997,0.9042682926829267,5333.333333333333,3,dct_smooth_regression,utterance_000000,0-0-0-0,group_0,SIL,1,4,<eps>,"",0.41,#,вӑйӑн-шайӑн,#,#,R,V,coextensive
1017.4343668084875,2068.8989801767166,2990.44040520537,1009.2625246192451,2117.408852338646,3082.1832184427853,109.16464243527699,409.3186298112569,570.7018579372397,0.003630086569439594,0.37274999999999997,0.37274999999999997,0.9091463414634146,5333.333333333333,3,dct_smooth_regression,utterance_000000,0-0-0-0,group_0,SIL,1,4,<eps>,"",0.41,#,вӑйӑн-шайӑн,#,#,R,V,coextensive
1022.1119648500858,2067.3134139293434,2991.166846446917,1009.3538969854366,2118.337128902638,3084.4707338689977,108.95263928572103,410.07188440781715,569.6796254610184,0.003630086569439594,0.37474999999999997,0.37474999999999997,0.9140243902439024,5333.333333333333,3,dct_smooth_regression,utterance_000000,0-0-0-0,group_0,SIL,1,4,<eps>,"",0.41,#,вӑйӑн-шайӑн,#,#,R,V,coextensive
1025.7656144210957,2083.3909410657634,3018.3721302871836,1009.4384390676746,2119.2031527993868,3086.599491498519,108.75607314778377,410.77775239281635,568.7147470795312,0.003630086569439594,0.37675,0.37675,0.9189024390243902,5333.333333333333,3,dct_smooth_regression,utterance_000000,0-0-0-0,group_0,SIL,1,4,<eps>,"",0.41,#,вӑйӑн-шайӑн,#,#,R,V,coextensive
1024.5901752190452,2113.9967052345933,3057.494536655893,1009.5159489456956,2120.0031074776566,3088.561420327593,108.57552303531203,411.4324085824904,567.8143011163334,0.003630086569439594,0.37875,0.37875,0.923780487804878,5333.333333333333,3,dct_smooth_regression,utterance_000000,0-0-0-0,group_0,SIL,1,4,<eps>,"",0.41,#,вӑйӑн-шайӑн,#,#,R,V,coextensive
1018.0346277524984,2149.5599906770394,3088.758652479387,1009.5862418664732,2120.733467783403,3090.3490739945937,108.41151665743284,412.03229224493623,566.9848073543161,0.003630086569439594,0.38075,0.38075,0.9286585365853658,5333.333333333333,3,dct_smooth_regression,utterance_000000,0-0-0-0,group_0,SIL,1,4,<eps>,"",0.41,#,вӑйӑн-шайӑн,#,#,R,V,coextensive
1007.8937423892634,2173.2643313279705,3108.2239690175015,1009.6491505820926,2121.3910154390765,3091.9556611850817,108.2645299692084,412.57412942742866,566.2322013948916,0.003630086569439594,0.38275,0.38275,0.9335365853658536,5333.333333333333,3,dct_smooth_regression,utterance_000000,0-0-0-0,group_0,SIL,1,4,<eps>,"",0.41,#,вӑйӑн-шайӑн,#,#,R,V,coextensive
1000.0071660755508,2176.5323853921764,3124.1423194603362,1009.7045256547862,2121.9728531711294,3093.375073374292,108.13498680079564,413.0549537602979,565.5618122218596,0.003630086569439594,0.38475,0.38475,0.9384146341463414,5333.333333333333,3,dct_smooth_regression,utterance_000000,0-0-0-0,group_0,SIL,1,4,<eps>,"",0.41,#,вӑйӑн-шайӑн,#,#,R,V,coextensive
998.113945399166,2170.656509440673,3136.609782599079,1009.7522357288256,2122.4764174249813,3094.6019097900444,108.02325855501736,413.47212553208425,564.9783428005537,0.003630086569439594,0.38675,0.38675,0.9432926829268292,5333.333333333333,3,dct_smooth_regression,utterance_000000,0-0-0-0,group_0,SIL,1,4,<eps>,"",0.41,#,вӑйӑн-шайӑн,#,#,R,V,coextensive
1003.0889668427777,2159.7490486429006,3127.5833105475995,1009.7921677690011,2122.899489612825,3095.6314994907516,107.92966396408816,413.8233488434949,564.4858535437236,0.003630086569439594,0.38875,0.38875,0.948170731707317,5333.333333333333,3,dct_smooth_regression,utterance_000000,0-0-0-0,group_0,SIL,1,4,<eps>,"",0.41,#,вӑйӑн-шайӑн,#,#,R,V,coextensive
1011.2714072491541,2138.736228909955,3079.4702197919596,1009.8242272654592,2123.2402058459265,3096.459920465409,107.85446889718249,414.1066866637181,564.0877484825444,0.003630086569439594,0.39075,0.39075,0.9530487804878048,5333.333333333333,3,dct_smooth_regression,utterance_000000,0-0-0-0,group_0,SIL,1,4,<eps>,"",0.41,#,вӑйӑн-шайӑн,#,#,R,V,coextensive
1020.1448044218392,2094.4788397564394,3019.0690282146174,1009.8483384046959,2123.4970651095973,3097.084015674967,107.79788621155386,414.3205736316679,563.7867639935654,0.003630086569439594,0.39275,0.39275,0.9579268292682926,5333.333333333333,3,dct_smooth_regression,utterance_000000,0-0-0-0,group_0,SIL,1,4,<eps>,"",0.41,#,вӑйӑн-шайӑн,#,#,R,V,coextensive
1030.8656106047697,2036.880096974924,2988.5942734262176,1009.8644442065481,2123.668935845728,3097.501405967414,107.76007564101901,414.4638264664794,563.5849599496802,0.003630086569439594,0.39475,0.39475,0.9628048780487805,5333.333333333333,3,dct_smooth_regression,utterance_000000,0-0-0-0,group_0,SIL,1,4,<eps>,"",0.41,#,вӑйӑн-шайӑн,#,#,R,V,coextensive
1042.983706270204,2009.7965017264346,2991.3601866839663,1009.872506627048,2123.755060914589,3097.7104998120817,107.74114371678074,414.53565187569876,563.4837131845421,0.003630086569439594,0.39675,0.39675,0.9676829268292683,5333.333333333333,3,dct_smooth_regression,utterance_000000,0-0-0-0,group_0,SIL,1,4,<eps>,"",0.41,#,вӑйӑн-шайӑн,#,#,R,V,coextensive
524.8436144521152,1101.111093510732,3017.452850667186,524.36264285717,1098.8439220713144,3008.2879981030574,127.3031474185117,58.89747285479899,122.17886964628401,0.000027845190153414487,0.536375,0.0063750000000000195,0.10625000000000043,6051.282051282051,3,dct_smooth_regression,utterance_000000,0-0-1-1,group_0,AH,1,4,вӑйӑн-шайӑн,"",0.05999999999999994,<eps>,упӑшка,V,Y,V,Y,internal
522.9481527955218,1107.8911034465584,2997.021578414045,523.2780144030104,1105.3065866763804,2997.0752289398024,126.43131189328412,52.57134298024986,118.91037323631069,0.000027845190153414487,0.538375,0.008375000000000021,0.1395833333333338,6051.282051282051,3,dct_smooth_regression,utterance_000000,0-0-1-1,group_0,AH,1,4,вӑйӑн-шайӑн,"",0.05999999999999994,<eps>,упӑшка,V,Y,V,Y,internal
521.1870413640644,1114.743072169476,2972.227806561358,521.5057244823403,1115.8061256508379,2976.7619107782775,125.51129674391909,43.305899849680664,111.78334719348267,0.000027845190153414487,0.540375,0.010375000000000023,0.17291666666666722,6051.282051282051,3,dct_smooth_regression,utterance_000000,0-0-1-1,group_0,AH,1,4,вӑйӑн-шайӑн,"",0.05999999999999994,<eps>,упӑшка,V,Y,V,Y,internal
519.6068455390204,1122.121207186857,2944.8087131323855,519.7193649925539,1126.6972825892806,2951.1899826130198,125.86067431173251,34.87382039605939,100.63414270643524,0.000027845190153414487,0.542375,0.012375000000000025,0.2062500000000006,6051.282051282051,3,dct_smooth_regression,utterance_000000,0-0-1-1,group_0,AH,1,4,вӑйӑн-шайӑн,"",0.05999999999999994,<eps>,упӑшка,V,Y,V,Y,internal
518.6973623318927,1130.4749585515774,2918.813213714312,518.658973982401,1134.9643238572885,2925.198572698372,128.8446721497767,29.328052207393174,86.75980442649391,0.000027845190153414487,0.544375,0.014375000000000027,0.239583333333334,6051.282051282051,3,dct_smooth_regression,utterance_000000,0-0-1-1,group_0,AH,1,4,вӑйӑн-шайӑн,"",0.05999999999999994,<eps>,упӑшка,V,Y,V,Y,internal
519.1796556390776,1138.9286715153842,2902.1991040070557,518.8857903776055,1139.8450519302312,2903.628915525559,135.4864826408775,27.253448211450397,72.7612368523023,0.000027845190153414487,0.546375,0.01637500000000003,0.2729166666666674,6051.282051282051,3,dct_smooth_regression,utterance_000000,0-0-1-1,group_0,AH,1,4,вӑйӑн-шайӑн,"",0.05999999999999994,<eps>,упӑшка,V,Y,V,Y,internal
520.9819747026443,1147.6034343916358,2895.280402190774,520.569124806741,1143.4576688268899,2890.2337731015973,146.09894638077304,28.88256784524396,61.260546146930054,0.000027845190153414487,0.5483750000000001,0.01837500000000003,0.3062500000000008,6051.282051282051,3,dct_smooth_regression,utterance_000000,0-0-1-1,group_0,AH,1,4,вӑйӑн-шайӑн,"",0.05999999999999994,<eps>,упӑшка,V,Y,V,Y,internal
523.4056449252195,1156.8365517406141,2895.524402337028,523.3690719296537,1150.1087974262416,2886.7359057981007,159.80426620679518,34.846955521542014,53.858674919167626,0.000027845190153414487,0.5503750000000001,0.020375000000000032,0.3395833333333342,6051.282051282051,3,dct_smooth_regression,utterance_000000,0-0-1-1,group_0,AH,1,4,вӑйӑн-шайӑн,"",0.05999999999999994,<eps>,упӑшка,V,Y,V,Y,internal
525.826154969276,1168.256052295053,2899.11169070571,526.4583495879385,1164.5588882723446,2892.3098905628167,174.01398269272707,46.23822627767142,51.142964381512144,0.000027845190153414487,0.5523750000000001,0.022375000000000034,0.37291666666666756,6051.282051282051,3,dct_smooth_regression,utterance_000000,0-0-1-1,group_0,AH,1,4,вӑйӑн-шайӑн,"",0.05999999999999994,<eps>,упӑшка,V,Y,V,Y,internal
527.9559836765804,1186.4134326028955,2903.3743021401306,528.6921231442557,1189.9923105207927,2903.702930779975,184.41544650904652,63.66682941524411,53.245118886490445,0.000027845190153414487,0.5543750000000001,0.024375000000000036,0.40625000000000094,6051.282051282051,3,dct_smooth_regression,utterance_000000,0-0-1-1,group_0,AH,1,4,вӑйӑн-шайӑн,"",0.05999999999999994,<eps>,упӑшка,V,Y,V,Y,internal
529.0917338862215,1216.6033676438403,2907.5190290172554,528.8937236975073,1226.5695141214817,2916.05374064581,186.25423766438246,85.13349943174696,60.13074751032701,0.000027845190153414487,0.5563750000000001,0.026375000000000037,0.4395833333333344,6051.282051282051,3,dct_smooth_regression,utterance_000000,0-0-1-1,group_0,AH,1,4,вӑйӑн-шайӑн,"",0.05999999999999994,<eps>,упӑшка,V,Y,V,Y,internal
527.5397210852708,1266.1518304811352,2912.778582452195,526.1875017849804,1271.172095970488,2924.2500740390483,176.85632563942497,104.38898427301447,71.23420651337412,0.000027845190153414487,0.5583750000000001,0.02837500000000004,0.47291666666666776,6051.282051282051,3,dct_smooth_regression,utterance_000000,0-0-1-1,group_0,AH,1,4,вӑйӑн-шайӑн,"",0.05999999999999994,<eps>,упӑшка,V,Y,V,Y,internal
520.6880396831891,1325.6697736315873,2918.7912540985935,520.2890949500569,1318.415519082391,2924.4594794554187,157.62340981709622,113.45811007135484,84.67365669793324,0.000027845190153414487,0.5603750000000001,0.03037500000000004,0.5062500000000012,6051.282051282051,3,dct_smooth_regression,utterance_000000,0-0-1-1,group_0,AH,1,4,вӑйӑн-шайӑн,"",0.05999999999999994,<eps>,упӑшка,V,Y,V,Y,internal
510.6103355178686,1371.3179366106854,2921.315376908623,511.6664813750108,1362.4479255369515,2915.35983846998,133.46336218181887,109.02825283896584,97.08915114856475,0.000027845190153414487,0.5623750000000001,0.03237500000000004,0.5395833333333345,6051.282051282051,3,dct_smooth_regression,utterance_000000,0-0-1-1,group_0,AH,1,4,вӑйӑн-шайӑн,"",0.05999999999999994,<eps>,упӑшка,V,Y,V,Y,internal
500.57273844510183,1399.8270693394804,2912.760528129538,501.5142493020327,1398.7316808590283,2898.6453742227636,110.01804732771268,95.30529606404107,105.1696471303793,0.000027845190153414487,0.5643750000000001,0.034375000000000044,0.572916666666668,6051.282051282051,3,dct_smooth_regression,utterance_000000,0-0-1-1,group_0,AH,1,4,вӑйӑн-шайӑн,"",0.05999999999999994,<eps>,упӑшка,V,Y,V,Y,internal
492.0364910673474,1417.939557144648,2889.748353891438,491.53234211477843,1425.058924590274,2878.592855521316,91.19156403422659,79.74070970358258,107.92552216626247,0.000027845190153414487,0.566375,0.036374999999999935,0.6062499999999995,6051.282051282051,3,dct_smooth_regression,utterance_000000,0-0-1-1,group_0,AH,1,4,вӑйӑн-шайӑн,"",0.05999999999999994,<eps>,упӑшка,V,Y,V,Y,internal
484.6033622622957,1434.6256335163241,2859.511332531926,483.55588823631615,1441.4480648642148,2860.779657926103,78.59505221106218,67.75189430814054,107.186837369263,0.000027845190153414487,0.568375,0.03837499999999994,0.6395833333333328,6051.282051282051,3,dct_smooth_regression,utterance_000000,0-0-1-1,group_0,AH,1,4,вӑйӑн-шайӑн,"",0.05999999999999994,<eps>,упӑшка,V,Y,V,Y,internal
478.4916085289895,1456.0208916691893,2835.370312534947,479.12799884734545,1449.1109546012435,2850.3427042534877,72.4018060288083,61.53383397928784,105.8494944348113,0.000027845190153414487,0.570375,0.04037499999999994,0.6729166666666663,6051.282051282051,3,dct_smooth_regression,utterance_000000,0-0-1-1,group_0,AH,1,4,вӑйӑн-шайӑн,"",0.05999999999999994,<eps>,упӑшка,V,Y,V,Y,internal
482.9559568573667,2415.9189966552667,2989.5800053151984,494.36227658480533,2398.3848138693556,3006.3619403932435,39.18118835422521,135.31685823341033,142.72481712716234,0.0003557769444237622,0.666375,0.0063750000000000195,0.07083333333333357,6051.282051282051,3,dct_smooth_regression,utterance_000000,0-0-1-3,group_0,AH,1,4,вӑйӑн-шайӑн,"",0.08999999999999997,<eps>,упӑшка,Y,N,Y,N,internal
488.06657333252383,2393.7141656008957,2992.850566882889,494.38808740481363,2389.864004506302,3004.525104244829,37.72630465612405,131.2704792934141,143.2753918601541,0.0003557769444237622,0.668375,0.008375000000000021,0.09305555555555582,6051.282051282051,3,dct_smooth_regression,utterance_000000,0-0-1-3,group_0,AH,1,4,вӑйӑн-шайӑн,"",0.08999999999999997,<eps>,упӑшка,Y,N,Y,N,internal
492.69477913005494,2371.6862040373867,2994.7798280887873,494.51581749700557,2373.3156033141922,3001.2742196804447,35.163552770233906,124.0799967388891,144.45135687531283,0.0003557769444237622,0.670375,0.010375000000000023,0.11527777777777806,6051.282051282051,3,dct_smooth_regression,utterance_000000,0-0-1-3,group_0,AH,1,4,вӑйӑн-шайӑн,"",0.08999999999999997,<eps>,упӑшка,Y,N,Y,N,internal
496.82194357321674,2346.4978360315977,2997.129025981347,494.88796453606324,2349.675868276317,2997.3943364106335,32.04514932772478,115.20916903398157,146.38657801626076,0.0003557769444237622,0.6723750000000001,0.012375000000000025,0.13750000000000032,6051.282051282051,3,dct_smooth_regression,utterance_000000,0-0-1-3,group_0,AH,1,4,вӑйӑн-шайӑн,"",0.08999999999999997,<eps>,упӑшка,Y,N,Y,N,internal
500.6835294914725,2313.068912915669,3001.049826760224,495.6952020304353,2320.2298315985918,2993.9204886314456,28.938272155837357,106.20995698686741,149.24473223283368,0.0003557769444237622,0.6743750000000001,0.014375000000000027,0.15972222222222257,6051.282051282051,3,dct_smooth_regression,utterance_000000,0-0-1-3,group_0,AH,1,4,вӑйӑн-шайӑн,"",0.08999999999999997,<eps>,упӑшка,Y,N,Y,N,internal
504.0212966989616,2274.940230198205,3006.3420656178077,497.1519606875379,2286.4843245391244,2991.989939432649,26.290509399272327,98.35839943208855,153.1798475371822,0.0003557769444237622,0.6763750000000001,0.01637500000000003,0.18194444444444483,6051.282051282051,3,dct_smooth_regression,utterance_000000,0-0-1-3,group_0,AH,1,4,вӑйӑн-шайӑн,"",0.08999999999999997,<eps>,упӑшка,Y,N,Y,N,internal
507.0701069691057,2239.0754040210354,3013.0442211506497,499.4688567639166,2250.0234825590233,2992.680355940862,24.392806432194803,92.51024940520608,158.28934897830504,0.0003557769444237622,0.6783750000000001,0.01837500000000003,0.20416666666666705,6051.282051282051,3,dct_smooth_regression,utterance_000000,0-0-1-3,group_0,AH,1,4,вӑйӑн-шайӑн,"",0.08999999999999997,<eps>,упӑшка,Y,N,Y,N,internal
510.04468574499094,2209.914796009945,3019.357643621385,502.8253839453714,2212.3637597659795,2996.857346910545,23.41718301716844,89.13582301485917,164.56167149859354,0.0003557769444237622,0.6803750000000001,0.020375000000000032,0.2263888888888893,6051.282051282051,3,dct_smooth_regression,utterance_000000,0-0-1-3,group_0,AH,1,4,вӑйӑн-шайӑн,"",0.08999999999999997,<eps>,упӑшка,Y,N,Y,N,internal
513.252316826901,2182.986102372448,3021.866057413144,507.34620616759673,2174.8251323044597,3005.0534077635093,23.484131545459793,88.42620293222302,171.82186923945852,0.0003557769444237622,0.6823750000000001,0.022375000000000034,0.24861111111111156,6051.282051282051,3,dct_smooth_regression,utterance_000000,0-0-1-3,group_0,AH,1,4,вӑйӑн-шайӑн,"",0.08999999999999997,<eps>,упӑшка,Y,N,Y,N,internal
516.9802967682375,2149.3706899826198,3019.976318158056,513.0838815271773,2138.4327070728714,3017.395718600072,24.726128016176812,90.37667376677895,179.68371111355034,0.0003557769444237622,0.6843750000000001,0.024375000000000036,0.2708333333333338,6051.282051282051,3,dct_smooth_regression,utterance_000000,0-0-1-3,group_0,AH,1,4,вӑйӑн-шайӑн,"",0.08999999999999997,<eps>,упӑшка,Y,N,Y,N,internal
520.710527438976,2107.8038822964336,3020.0310892452258,520.0099846090081,2103.8587322001276,3033.5930915823783,27.331766168306107,94.797881889836,187.52499522259208,0.0003557769444237622,0.686375,0.026374999999999926,0.29305555555555485,6051.282051282051,3,dct_smooth_regression,utterance_000000,0-0-1-3,group_0,AH,1,4,вӑйӑн-шайӑн,"",0.08999999999999997,<eps>,упӑшка,Y,N,Y,N,internal
524.5906059240034,2062.8644002019473,3029.5176279609645,528.0154955800232,2071.40961724902,3052.9836995793326,31.56362839208276,101.24949509514757,194.51006395353824,0.0003557769444237622,0.688375,0.028374999999999928,0.31527777777777705,6051.282051282051,3,dct_smooth_regression,utterance_000000,0-0-1-3,group_0,AH,1,4,вӑйӑн-шайӑн,"",0.08999999999999997,<eps>,упӑшка,Y,N,Y,N,internal
529.2929386957572,2025.3417584066651,3048.7052578783982,536.9201387558828,2041.0567503720736,3074.636294586411,37.741514311028155,108.93464658109923,199.68190831499456,0.0003557769444237622,0.690375,0.03037499999999993,0.3374999999999993,6051.282051282051,3,dct_smooth_regression,utterance_000000,0-0-1-3,group_0,AH,1,4,вӑйӑн-шайӑн,"",0.08999999999999997,<eps>,упӑшка,Y,N,Y,N,internal
535.6772976950475,2000.4909963442788,3074.7347950773756,546.4892398211795,2012.5044284381288,3097.4897397788122,46.179186546937665,116.6403081914575,202.128051347742,0.0003557769444237622,0.692375,0.03237499999999993,0.35972222222222155,6051.282051282051,3,dct_smooth_regression,utterance_000000,0-0-1-3,group_0,AH,1,4,вӑйӑн-шайӑн,"",0.08999999999999997,<eps>,упӑшка,Y,N,Y,N,internal
545.0144645925469,1986.4907199228476,3109.0120315534914,556.455775703244,1985.2838140694394,3120.5099842916024,57.06934198638736,122.83630933457145,201.18996297351953,0.0003557769444237622,0.694375,0.03437499999999993,0.3819444444444438,6051.282051282051,3,dct_smooth_regression,utterance_000000,0-0-1-3,group_0,AH,1,4,вӑйӑн-шайӑн,"",0.08999999999999997,<eps>,упӑшка,Y,N,Y,N,internal
557.3304352489987,1978.4665959760043,3147.249775585061,566.5447280631977,1958.8590599967563,3142.840942924289,70.33806654139308,126.0017437096219,196.6504818780054,0.0003557769444237622,0.696375,0.036374999999999935,0.40416666666666606,6051.282051282051,3,dct_smooth_regression,utterance_000000,0-0-1-3,group_0,AH,1,4,вӑйӑн-шайӑн,"",0.08999999999999997,<eps>,упӑшка,Y,N,Y,N,internal
572.9891787279757,1965.847211045389,3183.1836399824942,576.4966867095895,1932.7309208798094,3163.9265067123515,85.53164576491108,125.10562785771127,188.82346856794229,0.0003557769444237622,0.698375,0.03837499999999994,0.4263888888888883,6051.282051282051,3,dct_smooth_regression,utterance_000000,0-0-1-3,group_0,AH,1,4,вӑйӑн-шайӑн,"",0.08999999999999997,<eps>,упӑшка,Y,N,Y,N,internal
590.0629382253128,1935.5976970428499,3209.0304771605915,586.0878933091678,1906.524354946225,3183.585012646948,101.82368897068807,120.00822685710699,178.50141997314455,0.0003557769444237622,0.700375,0.04037499999999994,0.44861111111111057,6051.282051282051,3,dct_smooth_regression,utterance_000000,0-0-1-3,group_0,AH,1,4,вӑйӑн-шайӑн,"",0.08999999999999997,<eps>,упӑшка,Y,N,Y,N,internal
604.7543188591101,1883.536187717638,3223.054474920963,595.1445226212429,1880.0495743628985,3202.0243663778365,118.1963759382923,111.5322989016641,166.7779903824985,0.0003557769444237622,0.702375,0.04237499999999994,0.4708333333333328,6051.282051282051,3,dct_smooth_regression,utterance_000000,0-0-1-3,group_0,AH,1,4,вӑйӑн-шайӑн,"",0.08999999999999997,<eps>,упӑшка,Y,N,Y,N,internal
615.5462810192263,1828.5128934175768,3231.8540558551103,603.5498733508401,1853.330265891433,3219.7946628920913,133.75263300393902,101.14652601854628,154.81610584422862,0.0003557769444237622,0.704375,0.04437499999999994,0.4930555555555551,6051.282051282051,3,dct_smooth_regression,utterance_000000,0-0-1-3,group_0,AH,1,4,вӑйӑн-шайӑн,"",0.08999999999999997,<eps>,упӑшка,Y,N,Y,N,internal
622.9702026028485,1793.635889095134,3239.8818929947793,611.2441542275119,1826.5976340179327,3237.6843462827646,148.0226021382862,90.45435116910416,143.64549107020167,0.0003557769444237622,0.706375,0.046374999999999944,0.5152777777777773,6051.282051282051,3,dct_smooth_regression,utterance_000000,0-0-1-3,group_0,AH,1,4,вӑйӑн-шайӑн,"",0.08999999999999997,<eps>,упӑшка,Y,N,Y,N,internal
628.2709045418328,1772.7245768887535,3248.285797220293,618.2175579539875,1800.2538027876813,3256.5743645928274,161.1218746533007,80.76760987588658,134.04351624747193,0.0003557769444237622,0.708375,0.048374999999999946,0.5374999999999995,6051.282051282051,3,dct_smooth_regression,utterance_000000,0-0-1-3,group_0,AH,1,4,вӑйӑн-шайӑн,"",0.08999999999999997,<eps>,упӑшка,Y,N,Y,N,internal
630.8776395106084,1758.05349535861,3260.3257794782176,624.498176158337,1774.8122615668767,3277.2711878658074,173.7088366729621,72.922608844681,126.50617973624311,0.0003557769444237622,0.710375,0.05037499999999995,0.5597222222222218,6051.282051282051,3,dct_smooth_regression,utterance_000000,0-0-1-3,group_0,AH,1,4,вӑйӑн-шайӑн,"",0.08999999999999997,<eps>,упӑшка,Y,N,Y,N,internal
630.675502034989,1745.749956309602,3281.0610725514425,630.1369071268259,1750.8258889498761,3300.3430261209564,186.79390173615352,67.3163092002759,121.28086811210875,0.0003557769444237622,0.712375,0.05237499999999995,0.581944444444444,6051.282051282051,3,dct_smooth_regression,utterance_000000,0-0-1-3,group_0,AH,1,4,вӑйӑн-шайӑн,"",0.08999999999999997,<eps>,упӑшка,Y,N,Y,N,internal
628.3777436329468,1734.081126948404,3314.3755088241605,635.191770245462,1728.814274791771,3325.98358502831,201.49366751365696,64.04608017526843,118.42144178996635,0.0003557769444237622,0.714375,0.05437499999999995,0.6041666666666663,6051.282051282051,3,dct_smooth_regression,utterance_000000,0-0-1-3,group_0,AH,1,4,вӑйӑн-шайӑн,"",0.08999999999999997,<eps>,упӑшка,Y,N,Y,N,internal
625.7916344179156,1723.6727586956165,3353.7531448134155,639.7139425393977,1709.2014694236802,3353.924200415813,218.79056418286663,63.04524004997468,117.83400252675068,0.0003557769444237622,0.716375,0.05637499999999995,0.6263888888888886,6051.282051282051,3,dct_smooth_regression,utterance_000000,0-0-1-3,group_0,AH,1,4,вӑйӑн-шайӑн,"",0.08999999999999997,<eps>,упӑшка,Y,N,Y,N,internal
625.6114245481385,1714.050834178188,3392.3170201452713,643.7374021125815,1692.273069250209,3383.4086684985414,239.30360653864273,64.15782976863046,119.29738168784968,0.0003557769444237622,0.718375,0.058374999999999955,0.6486111111111108,6051.282051282051,3,dct_smooth_regression,utterance_000000,0-0-1-3,group_0,AH,1,4,вӑйӑн-шайӑн,"",0.08999999999999997,<eps>,упӑшка,Y,N,Y,N,internal
631.4195324903693,1704.6777463605158,3424.0705270283056,647.2733768604874,1678.158081577862,3413.23644218414,263.05016454085904,67.1403700888563,122.45842762493666,0.0003557769444237622,0.720375,0.060374999999999956,0.6708333333333331,6051.282051282051,3,dct_smooth_regression,utterance_000000,0-0-1-3,group_0,AH,1,4,вӑйӑн-шайӑн,"",0.08999999999999997,<eps>,упӑшка,Y,N,Y,N,internal
645.0506251728714,1693.3772515316357,3447.7685652333994,650.3099662359306,1666.836855642787,3441.870308016196,289.205102759807,71.60638301688401,126.81606092850895,0.0003557769444237622,0.722375,0.06237499999999996,0.6930555555555553,6051.282051282051,3,dct_smooth_regression,utterance_000000,0-0-1-3,group_0,AH,1,4,вӑйӑн-шайӑн,"",0.08999999999999997,<eps>,упӑшка,Y,N,Y,N,internal
662.0392583277853,1675.6920975532091,3465.86413398235,652.8164591699107,1658.1721680952776,3467.595542251851,315.93391623116867,76.9529054959628,131.7185496123055,0.0003557769444237622,0.724375,0.06437499999999996,0.7152777777777776,6051.282051282051,3,dct_smooth_regression,utterance_000000,0-0-1-3,group_0,AH,1,4,вӑйӑн-шайӑн,"",0.08999999999999997,<eps>,упӑшка,Y,N,Y,N,internal
670.7146665408281,1651.6196135545038,3480.3850090537485,654.7511414331459,1651.9569492536073,3488.710161515116,340.4485918113519,82.33208749450345,136.4015884162788,0.0003557769444237622,0.726375,0.06637499999999996,0.7374999999999998,6051.282051282051,3,dct_smooth_regression,utterance_000000,0-0-1-3,group_0,AH,1,4,вӑйӑн-шайӑн,"",0.08999999999999997,<eps>,упӑшка,Y,N,Y,N,internal
667.0439897258464,1625.800485483108,3496.5430194562678,656.0708794730183,1647.9696690745366,3503.7212868232473,359.4333611703115,86.73709019508684,140.08422704624365,0.0003557769444237622,0.728375,0.06837499999999996,0.7597222222222221,6051.282051282051,3,dct_smooth_regression,utterance_000000,0-0-1-3,group_0,AH,1,4,вӑйӑн-шайӑн,"",0.08999999999999997,<eps>,упӑшка,Y,N,Y,N,internal
652.7386714669993,1605.8450848107846,3523.7015166297483,656.7405576290685,1646.027426320531,3511.5214926446924,369.8453600975192,89.22801399640585,142.11315390905835,0.0003557769444237622,0.730375,0.07037499999999997,0.7819444444444443,6051.282051282051,3,dct_smooth_regression,utterance_000000,0-0-1-3,group_0,AH,1,4,вӑйӑн-шайӑн,"",0.08999999999999997,<eps>,упӑшка,Y,N,Y,N,internal
745.9840497448928,1703.692671410095,3332.6132146506666,763.6878690309903,1724.688709249628,3351.7027128465825,340.40623155171875,91.75839176760121,308.72600514619677,0.0008768491539300771,0.906375,0.0063750000000000195,0.053125000000000165,6410.25641025641,3,dct_smooth_regression,utterance_000000,0-0-1-6,group_0,AA,1,4,вӑйӑн-шайӑн,"",0.12,<eps>,упӑшка,SH,Y,SH,Y,internal
770.4376813112261,1700.636310965613,3297.170637396545,763.4475796852211,1721.1778183903846,3335.3119657183374,333.284140226661,93.31753878703775,316.4687744317601,0.0008768491539300771,0.908375,0.008375000000000021,0.06979166666666685,6410.25641025641,3,dct_smooth_regression,utterance_000000,0-0-1-6,group_0,AA,1,4,вӑйӑн-шайӑн,"",0.12,<eps>,упӑшка,SH,Y,SH,Y,internal
786.6099436472435,1700.0557908618152,3274.9317412478317,763.0001015912313,1714.349828851319,3303.3030374776536,319.7765373954663,96.44064921359336,332.0699878313449,0.0008768491539300771,0.910375,0.010375000000000023,0.08645833333333353,6410.25641025641,3,dct_smooth_regression,utterance_000000,0-0-1-6,group_0,AA,1,4,вӑйӑн-шайӑн,"",0.12,<eps>,упӑшка,SH,Y,SH,Y,internal
787.9246434067134,1700.8613883949258,3272.7223336748425,762.4098054745413,1704.5805357828438,3257.1767665281013,301.20792963068146,101.12956834667267,355.69039913389736,0.0008768491539300771,0.912375,0.012375000000000025,0.10312500000000022,6410.25641025641,3,dct_smooth_regression,utterance_000000,0-0-1-6,group_0,AA,1,4,вӑйӑн-шайӑн,"",0.12,<eps>,упӑшка,SH,Y,SH,Y,internal
776.6826076298189,1701.916911318092,3283.275706613337,761.7687624070775,1692.4049369916604,3199.07644411194,279.2411283322454,107.36781996808817,387.3909986663202,0.0008768491539300771,0.914375,0.014375000000000027,0.1197916666666669,6410.25641025641,3,dct_smooth_regression,utterance_000000,0-0-1-6,group_0,AA,1,4,вӑйӑн-шайӑн,"",0.12,<eps>,упӑшка,SH,Y,SH,Y,internal
763.1958925993134,1699.5061086417725,3300.5940927498405,761.1916123978611,1678.4849250709194,3131.665824133122,255.60055218066134,115.09853152524326,426.91354055428036,0.0008768491539300771,0.916375,0.01637500000000003,0.13645833333333357,6410.25641025641,3,dct_smooth_regression,utterance_000000,0-0-1-6,group_0,AA,1,4,вӑйӑн-шайӑн,"",0.12,<eps>,упӑшка,SH,Y,SH,Y,internal
753.8856318752329,1688.0218111803429,3159.416199322512,760.8091265548137,1663.5695992535568,3057.9785569576748,231.83820753154797,124.19775812320094,473.4023698569771,0.0008768491539300771,0.9183749999999999,0.01837499999999992,0.15312499999999934,6410.25641025641,3,dct_smooth_regression,utterance_000000,0-0-1-6,group_0,AA,1,4,вӑйӑн-шайӑн,"",0.12,<eps>,упӑшка,SH,Y,SH,Y,internal
749.5433916572562,1670.2829411638475,2952.4355260957877,760.7607826233926,1648.4508041287104,2981.2483878136773,209.1847772205117,134.44730878014005,525.1154015262325,0.0008768491539300771,0.9203749999999999,0.02037499999999992,0.169791666666666,6410.25641025641,3,dct_smooth_regression,utterance_000000,0-0-1-6,group_0,AA,1,4,вӑйӑн-шайӑн,"",0.12,<eps>,упӑшка,SH,Y,SH,Y,internal
746.4366483653496,1650.576838273542,2851.6139193734552,761.1867222039141,1633.9168060064412,2904.730600854849,188.4940173604371,145.51345160131973,579.2134101678885,0.0008768491539300771,0.922375,0.022374999999999923,0.1864583333333327,6410.25641025641,3,dct_smooth_regression,utterance_000000,0-0-1-6,group_0,AA,1,4,вӑйӑн-шайӑн,"",0.12,<eps>,упӑшка,SH,Y,SH,Y,internal
743.6505122796865,1630.6057640335964,2757.872583689107,762.2194879924343,1620.7071247880992,2831.5256526915255,170.2622986773247,156.93951932965544,631.7477912716555,0.0008768491539300771,0.924375,0.024374999999999925,0.2031249999999994,6410.25641025641,3,dct_smooth_regression,utterance_000000,0-0-1-6,group_0,AA,1,4,вӑйӑн-шайӑн,"",0.12,<eps>,упӑшка,SH,Y,SH,Y,internal
743.3213839243056,1611.725804095403,2651.297706244808,763.9759496165954,1609.4714427188558,2764.4156969728615,154.69326008201566,168.1601765656891,677.9571740849555,0.0008768491539300771,0.926375,0.026374999999999926,0.21979166666666608,6410.25641025641,3,dct_smooth_regression,utterance_000000,0-0-1-6,group_0,AA,1,4,вӑйӑн-шайӑн,"",0.12,<eps>,упӑшка,SH,Y,SH,Y,internal
747.3366859302848,1593.6818538880777,2579.39714768746,766.5498167264543,1600.735218233912,2705.7237737441333,141.7785927749852,178.54185485036564,712.9078211878797,0.0008768491539300771,0.928375,0.028374999999999928,0.23645833333333274,6410.25641025641,3,dct_smooth_regression,utterance_000000,0-0-1-6,group_0,AA,1,4,вӑйӑн-шайӑн,"",0.12,<eps>,упӑшка,SH,Y,SH,Y,internal
755.6948299602278,1578.9336563349168,2554.831817960581,770.0051086757136,1594.8741635057982,2657.20388828785,131.3742083227718,187.4475156875765,732.3785652178342,0.0008768491539300771,0.930375,0.03037499999999993,0.25312499999999943,6410.25641025641,3,dct_smooth_regression,utterance_000000,0-0-1-6,group_0,AA,1,4,вӑйӑн-шайӑн,"",0.12,<eps>,упӑшка,SH,Y,SH,Y,internal
766.6314361973954,1570.5027483407857,2559.4933082204884,774.3709031077373,1592.0991304942188,2619.968139205442,123.26078706860365,194.3159820001157,733.7526751225597,0.0008768491539300771,0.932375,0.03237499999999993,0.2697916666666661,6410.25641025641,3,dct_smooth_regression,utterance_000000,0-0-1-6,group_0,AA,1,4,вӑйӑн-шайӑн,"",0.12,<eps>,упӑшка,SH,Y,SH,Y,internal
779.8102881563194,1571.4574424302089,2579.0842545601413,779.6376236438117,1592.4522343204123,2594.4546134106,117.18551800455738,198.73954343607753,716.6193857984948,0.0008768491539300771,0.934375,0.03437499999999993,0.2864583333333328,6410.25641025641,3,dct_smooth_regression,utterance_000000,0-0-1-6,group_0,AA,1,4,вӑйӑн-шайӑн,"",0.12,<eps>,упӑшка,SH,Y,SH,Y,internal
793.5412787364832,1583.7375218621028,2605.1412462896155,785.755052986892,1595.8142735857862,2580.437109494836,112.88666304470539,200.52155804894025,682.8630717937034,0.0008768491539300771,0.936375,0.036374999999999935,0.3031249999999995,6410.25641025641,3,dct_smooth_regression,utterance_000000,0-0-1-6,group_0,AA,1,4,вӑйӑн-шайӑн,"",0.12,<eps>,упӑшка,SH,Y,SH,Y,internal
805.8123087900237,1601.6688618468354,2633.937757053353,792.6321759662686,1601.9227373631406,2577.0750568312524,110.10482509995815,199.69994297065628,636.2065891011538,0.0008768491539300771,0.938375,0.03837499999999994,0.31979166666666614,6410.25641025641,3,dct_smooth_regression,utterance_000000,0-0-1-6,group_0,AA,1,4,вӑйӑн-шайӑн,"",0.12,<eps>,упӑшка,SH,Y,SH,Y,internal
817.2873344107811,1620.5691063997626,2666.9415553560543,800.1388715373188,1610.398970540308,2582.999443450869,108.5854045534725,196.53162191014312,581.3806919408529,0.0008768491539300771,0.940375,0.04037499999999994,0.33645833333333286,6410.25641025641,3,dct_smooth_regression,utterance_000000,0-0-1-6,group_0,AA,1,4,вӑйӑн-шайӑн,"",0.12,<eps>,упӑшка,SH,Y,SH,Y,internal
827.2988210826122,1635.9274796879138,2697.9015022985845,808.1093877813236,1620.7824519381863,2596.4283183318357,108.0765262249367,191.44364104373008,523.2061984864127,0.0008768491539300771,0.942375,0.04237499999999994,0.3531249999999995,6410.25641025641,3,dct_smooth_regression,utterance_000000,0-0-1-6,group_0,AA,1,4,вӑйӑн-шайӑн,"",0.12,<eps>,упӑшка,SH,Y,SH,Y,internal
835.6726635120444,1647.6252834361248,2723.5523444446735,816.3474536445908,1632.5696651826352,2615.3036388559585,108.32619751219526,184.96465881242312,465.85397532078997,0.0008768491539300771,0.944375,0.04437499999999994,0.3697916666666662,6410.25641025641,3,dct_smooth_regression,utterance_000000,0-0-1-6,group_0,AA,1,4,вӑйӑн-шайӑн,"",0.12,<eps>,упӑшка,SH,Y,SH,Y,internal
840.9427402902867,1655.6384774046312,2733.3169617772214,824.6328092757054,1645.2547429183007,2637.440006141101,109.0817634817238,177.65325137392537,412.4268316163439,0.0008768491539300771,0.946375,0.046374999999999944,0.3864583333333329,6410.25641025641,3,dct_smooth_regression,utterance_000000,0-0-1-6,group_0,AA,1,4,вӑйӑн-шайӑн,"",0.12,<eps>,упӑшка,SH,Y,SH,Y,internal
843.2484046051761,1660.8717301085717,2724.0953715837763,832.7288765787946,1658.368960861009,2660.6752453519025,110.09378629090773,170.03690860496644,364.86696602171,0.0008768491539300771,0.948375,0.048374999999999946,0.40312499999999957,6410.25641025641,3,dct_smooth_regression,utterance_000000,0-0-1-6,group_0,AA,1,4,вӑйӑн-шайӑн,"",0.12,<eps>,упӑшка,SH,Y,SH,Y,internal
844.1988573890354,1665.2878763009799,2702.1357190359477,840.3912455139356,1671.5162562758273,2683.012876940946,111.12519110968078,162.56977417283443,324.0978280223695,0.0008768491539300771,0.950375,0.05037499999999995,0.4197916666666663,6410.25641025641,3,dct_smooth_regression,utterance_000000,0-0-1-6,group_0,AA,1,4,вӑйӑн-шайӑн,"",0.12,<eps>,упӑшка,SH,Y,SH,Y,internal
845.2759965714745,1671.8039311322543,2679.6241766976323,847.3766214516697,1684.4022387870064,2702.747274618903,111.96493027085214,155.6108408017855,290.2805426274326,0.0008768491539300771,0.952375,0.05237499999999995,0.43645833333333295,6410.25641025641,3,dct_smooth_regression,utterance_000000,0-0-1-6,group_0,AA,1,4,вӑйӑн-шайӑн,"",0.12,<eps>,упӑшка,SH,Y,SH,Y,internal
847.0952514420842,1683.414703266781,2666.01491721886,853.4518653713567,1696.8546296615377,2718.5636589483643,112.44381112873316,149.41953064844682,263.0855229986938,0.0008768491539300771,0.954375,0.05437499999999995,0.4531249999999996,6410.25641025641,3,dct_smooth_regression,utterance_000000,0-0-1-6,group_0,AA,1,4,вӑйӑн-шайӑн,"",0.12,<eps>,упӑшка,SH,Y,SH,Y,internal
849.5514242610258,1701.506756041385,2662.0716630214233,858.4027618564741,1708.8336765761132,2729.606933942189,112.44900277838222,144.16320412753302,241.92003300029853,0.0008768491539300771,0.956375,0.05637499999999995,0.46979166666666633,6410.25641025641,3,dct_smooth_regression,utterance_000000,0-0-1-6,group_0,AA,1,4,вӑйӑн-шайӑн,"",0.12,<eps>,упӑшка,SH,Y,SH,Y,internal
851.8306811754603,1721.259305999366,2664.5708187175346,862.0421688294937,1720.4318023272833,2735.5156068188294,111.9335670944939,139.93089821614663,226.0895076928401,0.0008768491539300771,0.958375,0.058374999999999955,0.486458333333333,6410.25641025641,3,dct_smooth_regression,utterance_000000,0-0-1-6,group_0,AA,1,4,вӑйӑн-шайӑн,"",0.12,<eps>,упӑшка,SH,Y,SH,Y,internal
853.2046593064234,1736.9562821516063,2668.7897855566575,864.2172361896318,1731.862509030627,2736.419482863142,110.9183476426119,136.7487035367486,214.89457926398038,0.0008768491539300771,0.960375,0.060374999999999956,0.5031249999999997,6410.25641025641,3,dct_smooth_regression,utterance_000000,0-0-1-6,group_0,AA,1,4,вӑйӑн-шайӑн,"",0.12,<eps>,упӑшка,SH,Y,SH,Y,internal
853.3356584616138,1748.859306869161,2672.9190838760396,864.8154257580545,1743.4393215783475,2732.9023294241933,109.48542874232699,134.593821172494,207.67700660108505,0.0008768491539300771,0.962375,0.06237499999999996,0.5197916666666663,6410.25641025641,3,dct_smooth_regression,utterance_000000,0-0-1-6,group_0,AA,1,4,вӑйӑн-шайӑн,"",0.12,<eps>,упӑшка,SH,Y,SH,Y,internal
851.8708607856029,1758.7225145306886,2676.8339896334587,863.769119524594,1755.5462630206337,2725.93308478205,107.76448353052993,133.40591199952672,203.83034964579167,0.0008768491539300771,0.964375,0.06437499999999996,0.536458333333333,6410.25641025641,3,dct_smooth_regression,utterance_000000,0-0-1-6,group_0,AA,1,4,вӑйӑн-шайӑн,"",0.12,<eps>,упӑшка,SH,Y,SH,Y,internal
849.0537514230817,1769.1403960077416,2681.788222622621,861.0586641645915,1768.6019612571451,2716.7712879484225,105.9149070120288,133.0955730730991,202.7897790458806,0.0008768491539300771,0.966375,0.06637499999999996,0.5531249999999998,6410.25641025641,3,dct_smooth_regression,utterance_000000,0-0-1-6,group_0,AA,1,4,вӑйӑн-шайӑн,"",0.12,<eps>,упӑшка,SH,Y,SH,Y,internal
845.2389645230139,1782.866802587983,2689.370684427987,856.7137640780787,1783.0199490804994,2706.854084032764,104.10718238217454,133.55057085548543,204.01288453002252,0.0008768491539300771,0.968375,0.06837499999999996,0.5697916666666664,6410.25641025641,3,dct_smooth_regression,utterance_000000,0-0-1-6,group_0,AA,1,4,вӑйӑн-шайӑн,"",0.12,<eps>,упӑшка,SH,Y,SH,Y,internal
841.4374461685039,1799.5742963758987,2698.549459168675,850.8131997799883,1799.168006135356,2697.6733062377857,102.50641969021665,134.64086015281248,206.9610574034939,0.0008768491539300771,0.970375,0.07037499999999997,0.5864583333333331,6410.25641025641,3,dct_smooth_regression,utterance_000000,0-0-1-6,group_0,AA,1,4,вӑйӑн-шайӑн,"",0.12,<eps>,упӑшка,SH,Y,SH,Y,internal
837.9543013144721,1820.5269476545452,2709.3694447865555,843.482910540746,1817.3294816947962,2690.651676858101,101.25979978181724,136.223480523781,211.08902916389792,0.0008768491539300771,0.972375,0.07237499999999997,0.6031249999999998,6410.25641025641,3,dct_smooth_regression,utterance_000000,0-0-1-6,group_0,AA,1,4,вӑйӑн-шайӑн,"",0.12,<eps>,упӑшка,SH,Y,SH,Y,internal
835.2516790270039,1844.4971463567417,2722.1989220496775,834.8925372934515,1837.6694246565228,2687.0270749951565,100.4882839970602,138.14820750317503,215.84785830385115,0.0008768491539300771,0.974375,0.07437499999999997,0.6197916666666664,6410.25641025641,3,dct_smooth_regression,utterance_000000,0-0-1-6,group_0,AA,1,4,вӑйӑн-шайӑн,"",0.12,<eps>,упӑшка,SH,Y,SH,Y,internal
832.9883920898069,1869.5875226202008,2736.07195442176,825.2505719917325,1860.2080390318079,2687.7531012188824,100.28185988956882,140.2644076216983,220.70346446417915,0.0008768491539300771,0.976375,0.07637499999999997,0.6364583333333331,6410.25641025641,3,dct_smooth_regression,utterance_000000,0-0-1-6,group_0,AA,1,4,вӑйӑн-шайӑн,"",0.12,<eps>,упӑшка,SH,Y,SH,Y,internal
829.4529762755852,1895.9899001259992,2749.1756038269164,814.7983013452183,1884.803500026883,2693.4228850795903,100.69701808704241,142.4289918772378,225.16865164837787,0.0008768491539300771,0.978375,0.07837499999999997,0.6531249999999998,6410.25641025641,3,dct_smooth_regression,utterance_000000,0-0-1-6,group_0,AA,1,4,вӑйӑн-шайӑн,"",0.12,<eps>,упӑшка,SH,Y,SH,Y,internal
822.5805569548833,1920.215867779593,2759.31432848367,803.8027652491918,1911.1455401732867,2704.221324912483,101.75511601147976,144.51480552901336,228.8422258945532,0.0008768491539300771,0.980375,0.08037499999999997,0.6697916666666665,6410.25641025641,3,dct_smooth_regression,utterance_000000,0-0-1-6,group_0,AA,1,4,вӑйӑн-шайӑн,"",0.12,<eps>,упӑшка,SH,Y,SH,Y,internal
811.922018043415,1940.691278062424,2767.669418445044,792.5489728727434,1938.7604892001243,2719.908847484612,103.44067191171669,146.41837750832087,231.44574905774672,0.0008768491539300771,0.982375,0.08237499999999998,0.6864583333333332,6410.25641025641,3,dct_smooth_regression,utterance_000000,0-0-1-6,group_0,AA,1,4,вӑйӑн-шайӑн,"",0.12,<eps>,упӑшка,SH,Y,SH,Y,internal
797.7779951831807,1960.3275104098013,2776.565974121695,781.3316323848774,1967.0276747042403,2739.8374774962554,105.69929527749736,148.06580586491086,232.84809660725594,0.0008768491539300771,0.984375,0.08437499999999998,0.7031249999999999,6410.25641025641,3,dct_smooth_regression,utterance_000000,0-0-1-6,group_0,AA,1,4,вӑйӑн-шайӑн,"",0.12,<eps>,упӑшка,SH,Y,SH,Y,internal
782.5043894968292,1979.474561525181,2784.665161442373,770.446654217542,1995.2063159585518,2762.997676171208,108.43574318883084,149.41573376661245,233.0708071241448,0.0008768491539300771,0.986375,0.08637499999999998,0.7197916666666665,6410.25641025641,3,dct_smooth_regression,utterance_000000,0-0-1-6,group_0,AA,1,4,вӑйӑн-шайӑн,"",0.12,<eps>,упӑшка,SH,Y,SH,Y,internal
768.0555737746315,1997.5337809636114,2789.7103490822496,760.1826834623514,2022.4713231527678,2788.09220788631,111.51333534520681,150.45883203583,232.2723380171004,0.0008768491539300771,0.988375,0.08837499999999998,0.7364583333333332,6410.25641025641,3,dct_smooth_regression,utterance_000000,0-0-1-6,group_0,AA,1,4,вӑйӑн-шайӑн,"",0.12,<eps>,упӑшка,SH,Y,SH,Y,internal
754.1580842276887,2017.3751078641335,2794.566904116659,750.8129055808159,2047.9557980951345,2813.631377714059,114.7564711702508,151.2138172489961,230.71482730834975,0.0008768491539300771,0.990375,0.09037499999999998,0.7531249999999999,6410.25641025641,3,dct_smooth_regression,utterance_000000,0-0-1-6,group_0,AA,1,4,вӑйӑн-шайӑн,"",0.12,<eps>,упӑшка,SH,Y,SH,Y,internal
742.1869039868304,2042.4922965976518,2805.589189215822,742.5873523086652,2070.7975620451066,2838.0424839633497,117.958046943349,151.7206252917557,228.72077262653283,0.0008768491539300771,0.992375,0.09237499999999998,0.7697916666666665,6410.25641025641,3,dct_smooth_regression,utterance_000000,0-0-1-6,group_0,AA,1,4,вӑйӑн-шайӑн,"",0.12,<eps>,упӑшка,SH,Y,SH,Y,internal
732.4628139340218,2074.2550385192935,2823.9565001111187,735.7259127081198,2090.1867441650566,2859.7853515882725,120.89297234839812,152.03177864542675,226.6280562353034,0.0008768491539300771,0.994375,0.09437499999999999,0.7864583333333333,6410.25641025641,3,dct_smooth_regression,utterance_000000,0-0-1-6,group_0,AA,1,4,вӑйӑн-шайӑн,"",0.12,<eps>,упӑшка,SH,Y,SH,Y,internal
722.7796937866065,2111.1658490644,2846.2541975805784,730.4122289544149,2105.4113702856084,2877.465421111119,123.33768124104104,152.20315562479016,224.75016328117027,0.0008768491539300771,0.996375,0.09637499999999999,0.803125,6410.25641025641,3,dct_smooth_regression,utterance_000000,0-0-1-6,group_0,AA,1,4,вӑйӑн-шайӑн,"",0.12,<eps>,упӑшка,SH,Y,SH,Y,internal
712.3882210011179,2143.5957884016507,2867.7585914812857,726.7886286810634,2115.8980030434427,2889.9360885169276,125.09373839939025,152.28530404423896,223.34542817133203,0.0008768491539300771,0.998375,0.09837499999999999,0.8197916666666667,6410.25641025641,3,dct_smooth_regression,utterance_000000,0-0-1-6,group_0,AA,1,4,вӑйӑн-шайӑн,"",0.12,<eps>,упӑшка,SH,Y,SH,Y,internal
700.9278973059605,2171.250484683871,2893.828619793132,724.9522164105346,2121.244793832079,2896.3828064600375,126.01188974454047,152.31621845189864,222.5961144726575,0.0008768491539300771,1.000375,0.10037499999999999,0.8364583333333333,6410.25641025641,3,dct_smooth_regression,utterance_000000,0-0-1-6,group_0,AA,1,4,вӑйӑн-шайӑн,"",0.12,<eps>,упӑшка,SH,Y,SH,Y,internal
755.0879861727544,1550.8340778608958,2799.1340368551805,747.1851239018644,1546.5796003105852,2811.544404783252,178.85290175076202,191.17822938912994,233.08679546981884,0.00010314765812731331,1.536375,0.0063750000000000195,0.07968750000000017,6051.282051282051,3,dct_smooth_regression,utterance_000000,0-0-2-5,group_0,AA,1,4,упӑшка,"",0.08000000000000007,вӑйӑн-шайӑн,мар,K,#,K,M,final
751.5409200782569,1550.5906731298555,2796.1124543548444,747.614323613674,1545.2140643494834,2806.823225042544,174.50830533368142,186.63823356721693,235.41504027430395,0.00010314765812731331,1.538375,0.008375000000000021,0.10468750000000018,6051.282051282051,3,dct_smooth_regression,utterance_000000,0-0-2-5,group_0,AA,1,4,упӑшка,"",0.08000000000000007,вӑйӑн-шайӑн,мар,K,#,K,M,final
747.1014300186674,1543.8003197679043,2794.1309204510944,748.4543172140875,1542.5055950451767,2798.043778792358,166.86711497203467,178.4549192764084,239.79891325843155,0.00010314765812731331,1.540375,0.010375000000000023,0.12968750000000018,6051.282051282051,3,dct_smooth_regression,utterance_000000,0-0-2-5,group_0,AA,1,4,упӑшка,"",0.08000000000000007,вӑйӑн-шайӑн,мар,K,#,K,M,final
744.3403529663362,1534.5665641216174,2791.2574529375465,749.6774404458046,1538.5113301285182,2786.420251180022,157.6251476297636,168.09374179811857,245.70619256436095,0.00010314765812731331,1.542375,0.012375000000000025,0.15468750000000017,6051.282051282051,3,dct_smooth_regression,utterance_000000,0-0-2-5,group_0,AA,1,4,упӑшка,"",0.08000000000000007,вӑйӑн-шайӑн,мар,K,#,K,M,final
745.0431239555409,1527.6726292825617,2784.9438527600737,751.2619619721656,1533.3425101118073,2773.5155750861413,148.57316147470107,157.11865148386534,252.3839010880876,0.00010314765812731331,1.544375,0.014375000000000027,0.17968750000000017,6051.282051282051,3,dct_smooth_regression,utterance_000000,0-0-2-5,group_0,AA,1,4,упӑшка,"",0.08000000000000007,вӑйӑн-шайӑн,мар,K,#,K,M,final
748.8121640064392,1523.4082445768108,2775.137380374978,753.207905591139,1527.1841676600297,2760.98553479846,141.171243704623,146.80192430830502,258.9398333966755,0.00010314765812731331,1.546375,0.01637500000000003,0.2046875000000002,6051.282051282051,3,dct_smooth_regression,utterance_000000,0-0-2-5,group_0,AA,1,4,упӑшка,"",0.08000000000000007,вӑйӑн-шайӑн,мар,K,#,K,M,final
753.9930773831225,1517.907475492946,2763.159000154565,755.5471889791972,1520.3061306770542,2750.316532242193,136.3680362164155,137.929343774708,264.4729229445637,0.00010314765812731331,1.548375,0.01837500000000003,0.22968750000000018,6051.282051282051,3,dct_smooth_regression,utterance_000000,0-0-2-5,group_0,AA,1,4,упӑшка,"",0.08000000000000007,вӑйӑн-шайӑн,мар,K,#,K,M,final
759.1821283176682,1510.824732615936,2750.9358599585835,758.3425665406094,1513.0575679647868,2742.604537737844,134.6063363783985,130.78462753626954,268.23484511450266,0.00010314765812731331,1.550375,0.020375000000000032,0.2546875000000002,6051.282051282051,3,dct_smooth_regression,utterance_000000,0-0-2-5,group_0,AA,1,4,упӑшка,"",0.08000000000000007,вӑйӑн-шайӑн,мар,K,#,K,M,final
763.7836930934251,1504.6137948079204,2740.6953014332616,761.672270726304,1505.8405545224948,2738.4141546108203,135.88944905240442,125.23569968524241,269.7803773794706,0.00010314765812731331,1.552375,0.022375000000000034,0.2796875000000002,6051.282051282051,3,dct_smooth_regression,utterance_000000,0-0-2-5,group_0,AA,1,4,упӑшка,"",0.08000000000000007,вӑйӑн-шайӑн,мар,K,#,K,M,final
767.9664807012622,1500.140502430466,2732.9955968584914,765.6007781424939,1499.0629570527703,2737.740780658925,139.81740603437086,120.858419822471,269.05561479402695,0.00010314765812731331,1.554375,0.024375000000000036,0.30468750000000017,6051.282051282051,3,dct_smooth_regression,utterance_000000,0-0-2-5,group_0,AA,1,4,упӑшка,"",0.08000000000000007,вӑйӑн-шайӑн,мар,K,#,K,M,final
771.9428481831953,1496.8393479679648,2728.2911653933934,770.1400171399475,1493.0763116557455,2740.078701833595,145.57945706433426,117.07386880794148,266.39127938870314,0.00010314765812731331,1.556375,0.026375000000000037,0.3296875000000002,6051.282051282051,3,dct_smooth_regression,utterance_000000,0-0-2-5,group_0,AA,1,4,упӑшка,"",0.08000000000000007,вӑйӑн-шайӑн,мар,K,#,K,M,final
776.5485136250301,1493.3881753011713,2728.1238867397615,775.208687409536,1488.1090776818994,2744.577560042812,151.96374245265005,113.29991558983346,262.40516671323167,0.00010314765812731331,1.558375,0.02837500000000004,0.3546875000000002,6051.282051282051,3,dct_smooth_regression,utterance_000000,0-0-2-5,group_0,AA,1,4,упӑшка,"",0.08000000000000007,вӑйӑн-шайӑн,мар,K,#,K,M,final
781.9453928334311,1489.0530879129929,2734.7105266519748,780.5993472871497,1484.2085721339727,2750.252977206494,157.48300254186574,109.10986022475149,257.85152649482154,0.00010314765812731331,1.560375,0.03037500000000004,0.3796875000000002,6051.282051282051,3,dct_smooth_regression,utterance_000000,0-0-2-5,group_0,AA,1,4,упӑшка,"",0.08000000000000007,вӑйӑн-шайӑн,мар,K,#,K,M,final
787.4647639861442,1483.8001945398717,2747.311931987012,785.9629555438253,1481.2052075854804,2756.2074132285306,160.67836413286895,104.36301831723956,253.4672801330441,0.00010314765812731331,1.562375,0.03237500000000004,0.4046875000000002,6051.282051282051,3,dct_smooth_regression,utterance_000000,0-0-2-5,group_0,AA,1,4,упӑшка,"",0.08000000000000007,вӑйӑн-шайӑн,мар,K,#,K,M,final
792.1616508245553,1478.273930498855,2762.8801206437865,790.8184307350064,1478.7100716995383,2761.81642006907,160.5409557652958,99.25728687339453,249.85337230183984,0.00010314765812731331,1.564375,0.034375000000000044,0.42968750000000017,6051.282051282051,3,dct_smooth_regression,utterance_000000,0-0-2-5,group_0,AA,1,4,упӑшка,"",0.08000000000000007,вӑйӑн-шайӑн,мар,K,#,K,M,final
794.6378515411551,1473.6427856292864,2776.166634714432,794.590759308861,1476.1516920763515,2766.8434187649423,156.85779878193,94.27872767886689,247.40678482177813,0.00010314765812731331,1.566375,0.036375000000000046,0.4546875000000002,6051.282051282051,3,dct_smooth_regression,utterance_000000,0-0-2-5,group_0,AA,1,4,упӑшка,"",0.08000000000000007,вӑйӑн-шайӑн,мар,K,#,K,M,final
794.6892227320408,1469.285946548712,2786.167928745248,796.6759094118524,1472.8508827392086,2771.4613100457796,150.27776331651881,90.07697098423782,246.29960544668813,0.00010314765812731331,1.568375,0.03837500000000005,0.4796875000000002,6051.282051282051,3,dct_smooth_regression,utterance_000000,0-0-2-5,group_0,AA,1,4,упӑшка,"",0.08000000000000007,вӑйӑн-шайӑн,мар,K,#,K,M,final
792.6380100946197,1464.115693898518,2793.2442289382416,796.5252601433822,1468.125137325715,2776.1785552555666,142.05254177166688,87.33339071304731,246.49318020084866,0.00010314765812731331,1.570375,0.04037500000000005,0.5046875000000002,6051.282051282051,3,dct_smooth_regression,utterance_000000,0-0-2-5,group_0,AA,1,4,упӑшка,"",0.08000000000000007,вӑйӑн-шайӑн,мар,K,#,K,M,final
789.1046709898744,1457.234387387253,2797.5167033379325,793.737527093645,1461.4075624053821,2781.6869548100753,133.6078766706178,86.67937876296814,247.7760947778049,0.00010314765812731331,1.572375,0.04237500000000005,0.5296875000000002,6051.282051282051,3,dct_smooth_regression,utterance_000000,0-0-2-5,group_0,AA,1,4,упӑшка,"",0.08000000000000007,вӑйӑн-шайӑн,мар,K,#,K,M,final
784.1825426685958,1448.0606189646708,2797.92377560986,788.1432537054148,1452.3611679986382,2788.6642989245247,126.16692573110497,88.6762777417367,249.8185962163436,0.00010314765812731331,1.574375,0.04437500000000005,0.5546875000000002,6051.282051282051,3,dct_smooth_regression,utterance_000000,0-0-2-5,group_0,AA,1,4,упӑшка,"",0.08000000000000007,вӑйӑн-шайӑн,мар,K,#,K,M,final
778.2248672840904,1437.9293957094278,2795.7024420460775,779.8665485883216,1440.9684094939207,2797.574207276375,120.55269615615501,93.82176485274087,252.2378843212158,0.00010314765812731331,1.576375,0.046375000000000055,0.5796875000000002,6051.282051282051,3,dct_smooth_regression,utterance_000000,0-0-2-5,group_0,AA,1,4,упӑшка,"",0.08000000000000007,вӑйӑн-шайӑн,мар,K,#,K,M,final
771.0473571315447,1427.5772829063162,2794.684423166703,769.3511383582825,1427.5785826500687,2808.506017535934,117.15775066842808,102.52125686570135,254.66673341982886,0.00010314765812731331,1.578375,0.04837500000000006,0.6046875000000002,6051.282051282051,3,dct_smooth_regression,utterance_000000,0-0-2-5,group_0,AA,1,4,упӑшка,"",0.08000000000000007,вӑйӑн-шайӑн,мар,K,#,K,M,final
762.6518115120826,1417.9328961470228,2797.904937105552,757.3427139470989,1412.901711093591,2821.0894548079973,115.99719088848767,114.95962464169813,256.8141302750738,0.00010314765812731331,1.580375,0.05037500000000006,0.6296875000000002,6051.282051282051,3,dct_smooth_regression,utterance_000000,0-0-2-5,group_0,AA,1,4,упӑшка,"",0.08000000000000007,вӑйӑн-шайӑн,мар,K,#,K,M,final
752.914927382141,1408.8218490700533,2808.242783714659,744.8262275557863,1397.9459899945855,2834.5036717970343,116.77138154556226,130.8351257580231,258.5049796045964,0.00010314765812731331,1.582375,0.05237500000000006,0.6546875000000002,6051.282051282051,3,dct_smooth_regression,utterance_000000,0-0-2-5,group_0,AA,1,4,упӑшка,"",0.08000000000000007,вӑйӑн-шайӑн,мар,K,#,K,M,final
741.2371972614975,1398.2030186967095,2830.0152067103427,732.924135225723,1383.905232220733,2847.581144358135,118.9155260221541,148.99986658231055,259.6894133693404,0.00010314765812731331,1.584375,0.05437500000000006,0.6796875000000002,6051.282051282051,3,dct_smooth_regression,utterance_000000,0-0-2-5,group_0,AA,1,4,упӑшка,"",0.08000000000000007,вӑйӑн-шайӑн,мар,K,#,K,M,final
728.4160099824052,1384.2635629218023,2859.530489618179,722.7682971101478,1372.0114476305937,2858.9876740215127,121.66083636479341,167.20095273210285,260.4205093910941,0.00010314765812731331,1.586375,0.056375000000000064,0.7046875000000002,6051.282051282051,3,dct_smooth_regression,utterance_000000,0-0-2-5,group_0,AA,1,4,упӑшка,"",0.08000000000000007,вӑйӑн-шайӑн,мар,K,#,K,M,final
713.3988918517324,1362.812141966973,2885.5174377258745,715.3631317300732,1363.3740928268624,2867.4442410988554,124.14964124187144,182.24869119654375,260.80871482594233,0.00010314765812731331,1.588375,0.058375000000000066,0.7296875000000002,6051.282051282051,3,dct_smooth_regression,utterance_000000,0-0-2-5,group_0,AA,1,4,упӑшка,"",0.08000000000000007,вӑйӑн-шайӑн,мар,K,#,K,M,final
694.8100841063912,1329.732749160468,2899.3740894035786,711.4597532626079,1358.8304522799895,2871.9477723814393,125.62065814586295,190.84337016469175,260.96771619871146,0.00010314765812731331,1.590375,0.06037500000000007,0.7546875000000002,6051.282051282051,3,dct_smooth_regression,utterance_000000,0-0-2-5,group_0,AA,1,4,упӑшка,"",0.08000000000000007,вӑйӑн-шайӑн,мар,K,#,K,M,final
790.7261997147068,1437.5320325890477,2933.528397190932,802.7725787697693,1447.0952928114993,2932.371163944662,147.14711574602654,67.5135309575763,117.93743178769454,0.00009686567276711456,1.696375,0.0063750000000000195,0.053125000000000124,6051.282051282051,3,dct_smooth_regression,utterance_000000,0-0-3-1,group_0,AA,1,4,мар,"",0.1200000000000001,упӑшка,#,M,R,M,R,internal
799.4805790765399,1444.518849350512,2932.6777188546544,803.6589939375266,1447.7881561865493,2931.7120081996536,147.86675222974347,67.99277557880026,119.05800698816557,0.00009686567276711456,1.698375,0.008375000000000021,0.0697916666666668,6051.282051282051,3,dct_smooth_regression,utterance_000000,0-0-3-1,group_0,AA,1,4,мар,"",0.1200000000000001,упӑшка,#,M,R,M,R,internal
806.2667306945782,1450.2650167692314,2927.2013374451935,805.4147230040392,1449.1577185061435,2930.400837132633,149.2745021629149,68.9330944960804,121.30581327190838,0.00009686567276711456,1.700375,0.010375000000000023,0.08645833333333346,6051.282051282051,3,dct_smooth_regression,utterance_000000,0-0-3-1,group_0,AA,1,4,мар,"",0.1200000000000001,упӑшка,#,M,R,M,R,internal
810.9055680167318,1455.006244459572,2919.570435881673,808.0060009632459,1451.1726737554204,2928.4521604317647,151.30705350611728,70.29782785303966,124.69228048832714,0.00009686567276711456,1.702375,0.012375000000000025,0.10312500000000013,6051.282051282051,3,dct_smooth_regression,utterance_000000,0-0-3-1,group_0,AA,1,4,мар,"",0.1200000000000001,упӑшка,#,M,R,M,R,internal
814.0165242026303,1458.6269670466572,2914.6756500609767,811.3832607161688,1453.7885464100107,2925.8882682587487,153.8691539561277,72.0315680630939,129.2297642149201,0.00009686567276711456,1.704375,0.014375000000000027,0.1197916666666668,6051.282051282051,3,dct_smooth_regression,utterance_000000,0-0-3-1,group_0,AA,1,4,мар,"",0.1200000000000001,упӑшка,#,M,R,M,R,internal
816.7965289415713,1461.078714291504,2915.2720293406237,815.4823924511819,1456.950470738691,2922.739736351849,156.83427557217615,74.06065175868851,134.925599451348,0.00009686567276711456,1.706375,0.01637500000000003,0.13645833333333346,6051.282051282051,3,dct_smooth_regression,utterance_000000,0-0-3-1,group_0,AA,1,4,мар,"",0.1200000000000001,упӑшка,#,M,R,M,R,internal
820.9062304017544,1463.3066145777254,2918.3803890186327,820.2263623375826,1460.5965770515465,2919.0459031589944,160.04699005991623,76.29524768710496,141.77395415531655,0.00009686567276711456,1.708375,0.01837500000000003,0.15312500000000012,6051.282051282051,3,dct_smooth_regression,utterance_000000,0-0-3-1,group_0,AA,1,4,мар,"",0.1200000000000001,упӑшка,#,M,R,M,R,internal
826.7533148362712,1465.8369415761972,2919.9754605798776,825.5271413848952,1464.6617405934585,2914.855175777963,163.3279456380414,78.63380703462785,149.74552979471224,0.00009686567276711456,1.710375,0.020375000000000032,0.1697916666666668,6051.282051282051,3,dct_smooth_regression,utterance_000000,0-0-3-1,group_0,AA,1,4,мар,"",0.1200000000000001,упӑшка,#,M,R,M,R,internal
833.6599481386123,1468.8044720903315,2918.4248782335508,831.2878862809641,1469.0814221914547,2910.225014618414,166.48207799888752,80.97027279448331,158.77546401076842,0.00009686567276711456,1.712375,0.022375000000000034,0.18645833333333348,6051.282051282051,3,dct_smooth_regression,utterance_000000,0-0-3-1,group_0,AA,1,4,мар,"",0.1200000000000001,упӑшка,#,M,R,M,R,internal
841.1301615555897,1472.2953313352218,2914.6045744532066,837.4053069689696,1473.7953225418794,2905.221455616564,169.31016141598803,83.20380723974598,168.75027762988117,0.00009686567276711456,1.714375,0.024375000000000036,0.20312500000000014,6051.282051282051,3,dct_smooth_regression,utterance_000000,0-0-3-1,group_0,AA,1,4,мар,"",0.1200000000000001,упӑшка,#,M,R,M,R,internal
848.1952990623371,1476.0629786118411,2910.741310371754,843.7721508848325,1478.7505847523814,2899.918053509856,171.62307338392088,85.25002877279856,179.49535281499175,0.00009686567276711456,1.716375,0.026375000000000037,0.2197916666666668,6051.282051282051,3,dct_smooth_regression,utterance_000000,0-0-3-1,group_0,AA,1,4,мар,"",0.1200000000000001,упӑшка,#,M,R,M,R,internal
855.1631871445596,1480.5850720664823,2907.1054614836726,850.2797312985887,1483.904311614283,2894.3941687749452,173.2573584582715,87.05209305397634,190.7651385569874,0.00009686567276711456,1.718375,0.02837500000000004,0.23645833333333346,6051.282051282051,3,dct_smooth_regression,utterance_000000,0-0-3-1,group_0,AA,1,4,мар,"",0.1200000000000001,упӑшка,#,M,R,M,R,internal
861.6558867587561,1486.173702684372,2901.841088579398,856.8204271465094,1489.2252129032177,2888.732571760112,174.0900524826053,88.58967624592223,202.23886997863593,0.00009686567276711456,1.720375,0.03037500000000004,0.25312500000000016,6051.282051282051,3,dct_smooth_regression,utterance_000000,0-0-3-1,group_0,AA,1,4,мар,"",0.1200000000000001,упӑшка,#,M,R,M,R,internal
866.688858356149,1492.805845291796,2892.417194574567,863.2900840775142,1494.6942604179417,2883.016396640613,174.05048904907522,89.88419082418746,213.52479036639323,0.00009686567276711456,1.722375,0.03237500000000004,0.2697916666666668,6051.282051282051,3,dct_smooth_regression,utterance_000000,0-0-3-1,group_0,AA,1,4,мар,"",0.1200000000000001,упӑшка,#,M,R,M,R,internal
870.0507071372091,1500.5273415870279,2878.1111650845846,869.5902510541415,1500.304300125575,2877.325540611774,173.1270946116038,90.99935481460345,224.17538157659138,0.00009686567276711456,1.724375,0.034375000000000044,0.2864583333333335,6051.282051282051,3,dct_smooth_regression,utterance_000000,0-0-3-1,group_0,AA,1,4,мар,"",0.1200000000000001,упӑшка,#,M,R,M,R,internal
872.585859856902,1508.3385366182713,2863.67195143562,875.6301935503888,1506.0586466707618,2871.7326652323904,171.36797127720482,92.03729457078985,233.71472539357933,0.00009686567276711456,1.726375,0.036375000000000046,0.30312500000000014,6051.282051282051,3,dct_smooth_regression,utterance_000000,0-0-3-1,group_0,AA,1,4,мар,"",0.1200000000000001,упӑшка,#,M,R,M,R,internal
875.7725474145734,1516.044478151785,2852.6885877371337,881.32863290841,1511.968760285345,2866.2990119319534,168.87518048223853,93.13132193195838,241.67685347849545,0.00009686567276711456,1.728375,0.03837500000000005,0.3197916666666668,6051.282051282051,3,dct_smooth_regression,utterance_000000,0-0-3-1,group_0,AA,1,4,мар,"",0.1200000000000001,упӑшка,#,M,R,M,R,internal
880.1760859611502,1523.2121768858494,2846.5161683172573,886.6151714234734,1518.05117450811,2861.0702875433058,165.7937761275975,94.43706545326049,247.65116701113172,0.00009686567276711456,1.730375,0.04037500000000005,0.33645833333333347,6051.282051282051,3,dct_smooth_regression,utterance_000000,0-0-3-1,group_0,AA,1,4,мар,"",0.1200000000000001,упӑшка,#,M,R,M,R,internal
885.5608696072179,1529.8977285328367,2844.035198373865,891.4313738426154,1524.3239002083205,2856.072904087318,162.2974863528889,96.1236067044642,251.32844542834027,0.00009686567276711456,1.732375,0.04237500000000005,0.35312500000000013,6051.282051282051,3,dct_smooth_regression,utterance_000000,0-0-3-1,group_0,AA,1,4,мар,"",0.1200000000000001,упӑшка,#,M,R,M,R,internal
891.3349177836303,1536.5922492293198,2843.440124610079,895.7314877734669,1530.8025730745387,2851.310866650261,158.57330770403485,98.36574284882498,252.5395208822344,0.00009686567276711456,1.734375,0.04437500000000005,0.3697916666666668,6051.282051282051,3,dct_smooth_regression,utterance_000000,0-0-3-1,group_0,AA,1,4,мар,"",0.1200000000000001,упӑшка,#,M,R,M,R,internal
896.226138550769,1542.314316654003,2843.0836731201803,899.4827975736482,1537.496634899477,2846.7635920269886,154.80711889653773,101.33767739419072,251.2791110731285,0.00009686567276711456,1.736375,0.046375000000000055,0.3864583333333335,6051.282051282051,3,dct_smooth_regression,utterance_000000,0-0-3-1,group_0,AA,1,4,мар,"",0.1200000000000001,упӑшка,#,M,R,M,R,internal
900.5643315110375,1546.4359465452837,2840.973661480341,902.6656181936381,1544.4058418455618,2842.3849082530455,151.17186473039226,105.20757805142335,247.70978198808976,0.00009686567276711456,1.738375,0.04837500000000006,0.4031250000000002,6051.282051282051,3,dct_smooth_regression,utterance_000000,0-0-3-1,group_0,AA,1,4,мар,"",0.1200000000000001,упӑшка,#,M,R,M,R,internal
904.8287046291102,1548.673118819212,2836.0156025048036,905.272946756989,1551.5173749963649,2838.1034321396537,147.819114191981,110.13173003215505,242.1450217168961,0.00009686567276711456,1.740375,0.05037500000000006,0.41979166666666684,6051.282051282051,3,dct_smooth_regression,utterance_000000,0-0-3-1,group_0,AA,1,4,мар,"",0.1200000000000001,упӑшка,#,M,R,M,R,internal
908.7539249554127,1550.1849870793014,2830.0305697492176,907.3097999907684,1558.8037909041414,2833.824450893865,144.87407461366604,116.24658089565354,235.0148010106219,0.00009686567276711456,1.742375,0.05237500000000006,0.4364583333333335,6051.282051282051,3,dct_smooth_regression,utterance_000000,0-0-3-1,group_0,AA,1,4,мар,"",0.1200000000000001,упӑшка,#,M,R,M,R,internal
911.7034466629331,1553.2594928923754,2825.3831503142483,908.7922746196446,1566.2219949267883,2829.4333486823652,142.43359896732485,123.65691132774388,226.82044539966176,0.00009686567276711456,1.744375,0.05437500000000006,0.45312500000000017,6051.282051282051,3,dct_smooth_regression,utterance_000000,0-0-3-1,group_0,AA,1,4,мар,"",0.1200000000000001,упӑшка,#,M,R,M,R,internal
913.1559280801041,1558.9942167428737,2824.3584383705006,909.7463752188218,1573.713351521152,2824.8005245861596,140.56642174527522,132.41878586325362,218.08716926732038,0.00009686567276711456,1.746375,0.056375000000000064,0.46979166666666683,6051.282051282051,3,dct_smooth_regression,utterance_000000,0-0-3-1,group_0,AA,1,4,мар,"",0.1200000000000001,упӑшка,#,M,R,M,R,internal
913.5936729509134,1567.4893601352783,2827.754830673552,910.2066595600655,1581.2049679151849,2819.7876506653533,139.31478922352397,142.51698799054327,209.3219669181936,0.00009686567276711456,1.748375,0.058375000000000066,0.4864583333333335,6051.282051282051,3,dct_smooth_regression,utterance_000000,0-0-3-1,group_0,AA,1,4,мар,"",0.1200000000000001,упӑшка,#,M,R,M,R,internal
913.6001638548487,1578.8472726496866,2833.72680360503,910.2147550309162,1588.6121059803825,2814.255024169328,138.69675388754388,153.83845727051875,200.9822075180236,0.00009686567276711456,1.750375,0.06037500000000007,0.5031250000000002,6051.282051282051,3,dct_smooth_regression,utterance_000000,0-0-3-1,group_0,AA,1,4,мар,"",0.1200000000000001,упӑшка,#,M,R,M,R,internal
913.1092143543244,1593.4062243506783,2836.003098451874,909.8178011874708,1595.8415972432547,2808.0696827194574,138.70860671012943,166.14578429443333,193.45717768192665,0.00009686567276711456,1.752375,0.06237500000000007,0.5197916666666669,6051.282051282051,3,dct_smooth_regression,utterance_000000,0-0-3-1,group_0,AA,1,4,мар,"",0.1200000000000001,упӑшка,#,M,R,M,R,internal
911.0487452353082,1610.5114183005128,2825.0551497243596,909.0668729228557,1602.7960633194257,2801.113881626334,139.32715797158951,179.05765718953361,187.06191833040086,0.00009686567276711456,1.754375,0.06437500000000007,0.5364583333333335,6051.282051282051,3,dct_smooth_regression,utterance_000000,0-0-3-1,group_0,AA,1,4,мар,"",0.1200000000000001,упӑшка,#,M,R,M,R,internal
907.8038903929081,1624.7205411981977,2797.7771765502507,908.0154361814364,1609.378683692332,2793.2934836635827,140.51179744147763,192.04531109545022,182.04065761071627,0.00009686567276711456,1.756375,0.06637500000000007,0.5531250000000002,6051.282051282051,3,dct_smooth_regression,utterance_000000,0-0-3-1,group_0,AA,1,4,мар,"",0.1200000000000001,упӑшка,#,M,R,M,R,internal
905.554426731422,1633.9725266469907,2766.2977461023493,906.7178837808152,1615.4982089645896,2784.5457877244985,142.2064355496251,204.4540612384837,178.57615688150617,0.00009686567276711456,1.758375,0.06837500000000007,0.5697916666666668,6051.282051282051,3,dct_smooth_regression,utterance_000000,0-0-3-1,group_0,AA,1,4,мар,"",0.1200000000000001,упӑшка,#,M,R,M,R,internal
905.6416974328858,1639.3229150242032,2749.433968268775,905.2281929434179,1621.0738936695789,2774.846326483211,144.34153012729723,215.55551435047505,176.80120890761916,0.00009686567276711456,1.760375,0.07037500000000008,0.5864583333333335,6051.282051282051,3,dct_smooth_regression,utterance_000000,0-0-3-1,group_0,AA,1,4,мар,"",0.1200000000000001,упӑшка,#,M,R,M,R,internal
906.3805261705716,1641.679974183743,2745.508735796391,903.5987388666719,1626.0400203167783,2764.2141954266253,146.8364302802896,224.62867056965825,176.80902498982604,0.00009686567276711456,1.762375,0.07237500000000008,0.6031250000000001,6051.282051282051,3,dct_smooth_regression,utterance_000000,0-0-3-1,group_0,AA,1,4,мар,"",0.1200000000000001,упӑшка,#,M,R,M,R,internal
904.6842045970552,1640.3276804026127,2744.1394029911485,901.8792903994961,1630.34970598146,2752.7155355762566,149.60222107606535,231.05837861304911,178.6599911939693,0.00009686567276711456,1.764375,0.07437500000000008,0.6197916666666669,6051.282051282051,3,dct_smooth_regression,utterance_000000,0-0-3-1,group_0,AA,1,4,мар,"",0.1200000000000001,упӑшка,#,M,R,M,R,internal
900.4732097556263,1637.0291233348848,2741.000968202356,900.1162049981482,1633.9777233753803,2740.464877247579,152.54514127788357,234.43102365551758,182.38305112282944,0.00009686567276711456,1.766375,0.07637500000000008,0.6364583333333336,6051.282051282051,3,dct_smooth_regression,utterance_000000,0-0-3-1,group_0,AA,1,4,мар,"",0.1200000000000001,упӑшка,#,M,R,M,R,internal
896.3541025384076,1634.940515447787,2736.4629170119915,898.3518309783445,1636.9221274634801,2727.6241579994717,155.57049400120218,234.60415274332277,187.97072776578878,0.00009686567276711456,1.768375,0.07837500000000008,0.6531250000000002,6051.282051282051,3,dct_smooth_regression,utterance_000000,0-0-3-1,group_0,AA,1,4,мар,"",0.1200000000000001,упӑшка,#,M,R,M,R,internal
893.6859174348318,1634.2059605064096,2730.7583407481065,896.6241160370413,1639.2045525705105,2714.399348779033,158.58680986153811,231.73160134329547,195.36760762065907,0.00009686567276711456,1.7703749999999998,0.08037499999999986,0.669791666666665,6051.282051282051,3,dct_smooth_regression,utterance_000000,0-0-3-1,group_0,AA,1,4,мар,"",0.1200000000000001,упӑшка,#,M,R,M,R,internal
891.3566044434276,1632.0384427218617,2720.323429647275,894.9664124479668,1640.8691287791833,2701.034751343444,161.50989216222158,226.23762660541615,204.45312487001206,0.00009686567276711456,1.772375,0.08237500000000009,0.6864583333333335,6051.282051282051,3,dct_smooth_regression,utterance_000000,0-0-3-1,group_0,AA,1,4,мар,"",0.1200000000000001,упӑшка,#,M,R,M,R,internal
887.8970302177445,1625.7695128883765,2695.9771228597456,893.407461575232,1641.9800547817517,2687.8051598333604,164.26630872345322,218.7480335430232,215.02082751690511,0.00009686567276711456,1.7743749999999998,0.08437499999999987,0.7031249999999983,6051.282051282051,3,dct_smooth_regression,utterance_000000,0-0-3-1,group_0,AA,1,4,мар,"",0.1200000000000001,упӑшка,#,M,R,M,R,internal
884.7576247082411,1618.350560654306,2653.898095280251,891.9715336954114,1642.6179513934503,2675.0062021528843,166.79591652509333,209.99742268594395,226.75796773263406,0.00009686567276711456,1.776375,0.08637500000000009,0.7197916666666668,6051.282051282051,3,dct_smooth_regression,utterance_000000,0-0-3-1,group_0,AA,1,4,мар,"",0.1200000000000001,упӑшка,#,M,R,M,R,internal
884.2930215012377,1616.0723799973746,2621.25640650758,890.6786938165861,1642.8751999009185,2662.9432851140355,169.05311429850275,200.73542606823284,239.23096636751276,0.00009686567276711456,1.7783749999999998,0.08837499999999987,0.7364583333333317,6051.282051282051,3,dct_smooth_regression,utterance_000000,0-0-3-1,group_0,AA,1,4,мар,"",0.1200000000000001,упӑшка,#,M,R,M,R,internal
887.0215711665703,1621.9972606421375,2628.708278282896,889.5451604201561,1642.850536968715,2651.9196543997155,171.0066936436496,191.65079489019902,251.88347026900402,0.00009686567276711456,1.780375,0.0903750000000001,0.7531250000000002,6051.282051282051,3,dct_smooth_regression,utterance_000000,0-0-3-1,group_0,AA,1,4,мар,"",0.1200000000000001,упӑшка,#,M,R,M,R,internal
891.3446589105768,1633.9150557467494,2648.5237954725894,888.5837219492493,1642.6432284234118,2642.224140729369,172.63836425598086,183.3234262263018,264.0535250454398,0.00009686567276711456,1.7823749999999998,0.09237499999999987,0.769791666666665,6051.282051282051,3,dct_smooth_regression,utterance_000000,0-0-3-1,group_0,AA,1,4,мар,"",0.1200000000000001,упӑшка,#,M,R,M,R,internal
894.2800499245872,1645.8709010724172,2655.2166601137865,887.8041754780745,1642.3471744392323,2634.1191931496774,173.9402212735142,176.20503057913675,275.01404976995474,0.00009686567276711456,1.7843749999999998,0.09437499999999988,0.7864583333333317,6051.282051282051,3,dct_smooth_regression,utterance_000000,0-0-3-1,group_0,AA,1,4,мар,"",0.1200000000000001,упӑшка,#,M,R,M,R,internal
894.0338490701514,1655.2241287206716,2649.3333534561,887.213753300395,1642.0453063577531,2627.8297968956954,174.911566771311,170.62232065452596,284.0360738426059,0.00009686567276711456,1.7863749999999998,0.09637499999999988,0.8031249999999983,6051.282051282051,3,dct_smooth_regression,utterance_000000,0-0-3-1,group_0,AA,1,4,мар,"",0.1200000000000001,упӑшка,#,M,R,M,R,internal
890.7965554400063,1662.8848173017752,2634.1092486925086,886.8175060836662,1641.8046199616997,2623.5338365139096,175.5555716508924,166.7935100573872,290.4678205271001,0.00009686567276711456,1.7883749999999998,0.09837499999999988,0.819791666666665,6051.282051282051,3,dct_smooth_regression,utterance_000000,0-0-3-1,group_0,AA,1,4,мар,"",0.1200000000000001,упӑшка,#,M,R,M,R,internal
885.59956449284,1670.9856939230904,2613.2050700653563,886.6186155941145,1641.6721523892693,2621.354396642135,175.87626395594626,164.84899231300312,293.8165484033334,0.00009686567276711456,1.7903749999999998,0.10037499999999988,0.8364583333333316,6051.282051282051,3,dct_smooth_regression,utterance_000000,0-0-3-1,group_0,AA,1,4,мар,"",0.1200000000000001,упӑшка,#,M,R,M,R,internal
610.063389213553,1500.6323621537867,3393.4076234916597,631.8553052175067,1519.4762211991463,3385.194850267143,294.1885921125647,171.05127839984615,85.81431826410471,0.0004851448507342993,1.206375,0.0063750000000000195,0.07968750000000017,6051.282051282051,3,dct_smooth_regression,utterance_000000,0-0-2-0,group_0,UW,1,4,упӑшка,"",0.08000000000000007,вӑйӑн-шайӑн,мар,#,P,N,P,initial
628.155656767019,1482.4078620561677,3387.2876248995913,632.2743587374608,1502.6602656297086,3385.2242830993914,296.5499352921952,178.59165824782286,79.89977760194127,0.0004851448507342993,1.208375,0.008375000000000021,0.10468750000000018,6051.282051282051,3,dct_smooth_regression,utterance_000000,0-0-2-0,group_0,UW,1,4,упӑшка,"",0.08000000000000007,вӑйӑн-шайӑн,мар,#,P,N,P,initial
636.5562743720936,1462.4344483532338,3384.2683149421578,632.5576575856272,1470.7530299723314,3385.1636006799954,300.76710723495285,192.47127302109945,70.21595817915414,0.0004851448507342993,1.210375,0.010375000000000023,0.12968750000000018,6051.282051282051,3,dct_smooth_regression,utterance_000000,0-0-2-0,group_0,UW,1,4,упӑшка,"",0.08000000000000007,вӑйӑн-шайӑн,мар,#,P,N,P,initial
639.945782263933,1437.8038754319143,3382.7595754295276,631.7161101201217,1426.9459512422154,3384.796947794897,305.78857087528974,209.75568359310114,59.696805187999054,0.0004851448507342993,1.212375,0.012375000000000025,0.15468750000000017,6051.282051282051,3,dct_smooth_regression,utterance_000000,0-0-2-0,group_0,UW,1,4,упӑшка,"",0.08000000000000007,вӑйӑн-шайӑн,мар,#,P,N,P,initial
640.1085771833386,1400.582156308141,3380.627575104043,628.5435211351951,1375.4258961893513,3383.8546957845406,309.98026496971335,225.33404655729336,50.65166718339159,0.0004851448507342993,1.214375,0.014375000000000027,0.17968750000000017,6051.282051282051,3,dct_smooth_regression,utterance_000000,0-0-2-0,group_0,UW,1,4,упӑшка,"",0.08000000000000007,вӑйӑн-шайӑн,мар,#,P,N,P,initial
635.5500206839822,1350.1184739501057,3377.4639135919206,621.88736684722,1320.771215098246,3382.0680513253637,311.18084300124656,232.6712762109536,44.27002213052043,0.0004851448507342993,1.216375,0.01637500000000003,0.2046875000000002,6051.282051282051,3,dct_smooth_regression,utterance_000000,0-0-2-0,group_0,UW,1,4,упӑшка,"",0.08000000000000007,вӑйӑн-шайӑн,мар,#,P,N,P,initial
622.2785915238268,1287.6348530905968,3373.9148841782526,610.919353743883,1267.3174717662166,3379.226489498309,306.9592221892928,226.40994846995497,40.918054448732605,0.0004851448507342993,1.218375,0.01837500000000003,0.22968750000000018,6051.282051282051,3,dct_smooth_regression,utterance_000000,0-0-2-0,group_0,UW,1,4,упӑшка,"",0.08000000000000007,вӑйӑн-шайӑн,мар,#,P,N,P,initial
597.3098102804868,1221.632947629312,3370.966369341666,595.3517411985385,1218.5979887446254,3375.228300547065,295.14498139111146,205.5732001466801,40.641856828803476,0.0004851448507342993,1.220375,0.020375000000000032,0.2546875000000002,6051.282051282051,3,dct_smooth_regression,utterance_000000,0-0-2-0,group_0,UW,1,4,упӑшка,"",0.08000000000000007,вӑйӑн-шайӑн,мар,#,P,N,P,initial
565.94005305515,1165.7378469394125,3368.7943458442082,575.5557756203414,1176.9482633236944,3370.1157120496773,274.5611147977833,174.56036684707,43.50364659202164,0.0004851448507342993,1.222375,0.022375000000000034,0.2796875000000002,6051.282051282051,3,dct_smooth_regression,utterance_000000,0-0-2-0,group_0,UW,1,4,упӑшка,"",0.08000000000000007,вӑйӑн-шайӑн,мар,#,P,N,P,initial
536.8637178940957,1125.893550898376,3366.5815068104807,552.5574898353318,1143.33155711172,3364.088625998006,245.68102153178899,140.66743929572385,49.64757555009592,0.0004851448507342993,1.224375,0.024375000000000036,0.30468750000000017,6051.282051282051,3,dct_smooth_regression,utterance_000000,0-0-2-0,group_0,UW,1,4,упӑшка,"",0.08000000000000007,вӑйӑн-шайӑн,мар,#,P,N,P,initial
515.5320772801825,1101.9785756808478,3363.3024202341694,527.9098569830551,1117.401708007956,3357.4945265273577,210.8124378041714,110.27825730352524,59.07727915859607,0.0004851448507342993,1.226375,0.026375000000000037,0.3296875000000002,6051.282051282051,3,dct_smooth_regression,utterance_000000,0-0-2-0,group_0,UW,1,4,упӑшка,"",0.08000000000000007,вӑйӑн-шайӑн,мар,#,P,N,P,initial
498.42618678612644,1086.1580862346123,3357.527073503157,503.4642065741734,1097.7763239385454,3350.7959495671303,173.56550224680393,86.74541229087886,71.16410922937465,0.0004851448507342993,1.228375,0.02837500000000004,0.3546875000000002,6051.282051282051,3,dct_smooth_regression,utterance_000000,0-0-2-0,group_0,UW,1,4,упӑшка,"",0.08000000000000007,вӑйӑн-шайӑн,мар,#,P,N,P,initial
483.1873507182655,1074.3922061836922,3348.971120996957,481.0832406663937,1082.457034326434,3344.520403211809,137.77680700261485,70.66827452559501,84.10436971819908,0.0004851448507342993,1.230375,0.03037500000000004,0.3796875000000002,6051.282051282051,3,dct_smooth_regression,utterance_000000,0-0-2-0,group_0,UW,1,4,упӑшка,"",0.08000000000000007,вӑйӑн-шайӑн,мар,#,P,N,P,initial
469.0378034961698,1064.657908945331,3340.589588027821,462.3491530622938,1069.3100723291434,3339.200210301526,106.42529826918822,61.26113580783552,94.88776628591764,0.0004851448507342993,1.232375,0.03237500000000004,0.4046875000000002,6051.282051282051,3,dct_smooth_regression,utterance_000000,0-0-2-0,group_0,UW,1,4,упӑшка,"",0.08000000000000007,вӑйӑн-шайӑн,мар,#,P,N,P,initial
455.8521117192064,1055.659392752831,3335.8698351571775,448.32110965349864,1056.514184091336,3335.3110169101615,81.05618903479187,57.53268319202244,100.3181269192717,0.0004851448507342993,1.234375,0.034375000000000044,0.42968750000000017,6051.282051282051,3,dct_smooth_regression,utterance_000000,0-0-2-0,group_0,UW,1,4,упӑшка,"",0.08000000000000007,вӑйӑн-шайӑн,мар,#,P,N,P,initial
445.6427058059717,1047.8233654099856,3332.954934243413,439.3865981570613,1042.8943896331461,3333.2175222865026,61.85205962048373,58.88262841452375,98.7260671838721,0.0004851448507342993,1.236375,0.036375000000000046,0.4546875000000002,6051.282051282051,3,dct_smooth_regression,utterance_000000,0-0-2-0,group_0,UW,1,4,упӑшка,"",0.08000000000000007,вӑйӑн-шайӑн,мар,#,P,N,P,initial
438.9418326970724,1040.602853353784,3329.258312319755,435.23286536365805,1028.0866909405127,3333.1334503400967,48.110468139421975,65.23511180239323,90.98349316341034,0.0004851448507342993,1.238375,0.03837500000000005,0.4796875000000002,6051.282051282051,3,dct_smooth_regression,utterance_000000,0-0-2-0,group_0,UW,1,4,упӑшка,"",0.08000000000000007,вӑйӑн-шайӑн,мар,#,P,N,P,initial
436.0469914162776,1032.606112949996,3326.629044697442,434.9414598838761,1012.5148285846961,3335.1002438511127,38.78053034171921,76.8572017298578,79.86155532759031,0.0004851448507342993,1.240375,0.04037500000000005,0.5046875000000002,6051.282051282051,3,dct_smooth_regression,utterance_000000,0-0-2-0,group_0,UW,1,4,упӑшка,"",0.08000000000000007,вӑйӑн-шайӑн,мар,#,P,N,P,initial
436.05595819581265,1019.9825984001609,3328.5775597091415,437.1853618873777,997.1983202131829,3338.9859208762837,32.842035833337945,93.89123473143582,68.40652954834971,0.0004851448507342993,1.242375,0.04237500000000005,0.5296875000000002,6051.282051282051,3,dct_smooth_regression,utterance_000000,0-0-2-0,group_0,UW,1,4,упӑшка,"",0.08000000000000007,вӑйӑн-шайӑн,мар,#,P,N,P,initial
437.6112166836608,997.4444848483405,3338.571042748578,440.4889198499293,983.4437252596434,3344.5025454128827,29.485927423915577,115.64311331672364,58.72418292636343,0.0004851448507342993,1.244375,0.04437500000000005,0.5546875000000002,6051.282051282051,3,dct_smooth_regression,utterance_000000,0-0-2-0,group_0,UW,1,4,упӑшка,"",0.08000000000000007,вӑйӑн-шайӑн,мар,#,P,N,P,initial
439.3599748127299,969.854316925291,3353.8775106216694,443.4995670252994,972.4920731465398,3351.2383380652277,28.149865821538558,139.93634554166528,51.743800702866864,0.0004851448507342993,1.246375,0.046375000000000055,0.5796875000000002,6051.282051282051,3,dct_smooth_regression,utterance_000000,0-0-2-0,group_0,UW,1,4,упӑшка,"",0.08000000000000007,вӑйӑн-шайӑн,мар,#,P,N,P,initial
440.85920036742,946.2456809179696,3368.3118595262376,445.2191900084995,965.2008419498313,3358.6989514810784,28.473356434767776,163.15952125104977,47.58413811053879,0.0004851448507342993,1.248375,0.04837500000000006,0.6046875000000002,6051.282051282051,3,dct_smooth_regression,utterance_000000,0-0-2-0,group_0,UW,1,4,упӑшка,"",0.08000000000000007,вӑйӑн-шайӑн,мар,#,P,N,P,initial
442.01400864376126,932.9039346365306,3378.019407113316,445.1521810340742,961.8281434239275,3366.352021040003,30.210663961804546,181.43002296611445,45.977612109682255,0.0004851448507342993,1.250375,0.05037500000000006,0.6296875000000002,6051.282051282051,3,dct_smooth_regression,utterance_000000,0-0-2-0,group_0,UW,1,4,упӑшка,"",0.08000000000000007,вӑйӑн-шайӑн,мар,#,P,N,P,initial
442.4725224129963,931.5664164856877,3382.802258006773,443.34470504516895,961.9624813660705,3373.6697143849547,33.11641331059255,192.3483247774064,46.497768150021926,0.0004851448507342993,1.252375,0.05237500000000006,0.6546875000000002,6051.282051282051,3,dct_smooth_regression,utterance_000000,0-0-2-0,group_0,UW,1,4,упӑшка,"",0.08000000000000007,вӑйӑн-шайӑн,мар,#,P,N,P,initial
441.70971704544934,944.11995385666,3383.730350671736,440.31199116657615,964.6089086615704,3380.1653907627274,36.81941487631144,196.0596237813056,48.58761243584287,0.0004851448507342993,1.254375,0.05437500000000006,0.6796875000000002,6051.282051282051,3,dct_smooth_regression,utterance_000000,0-0-2-0,group_0,UW,1,4,упӑшка,"",0.08000000000000007,вӑйӑн-шайӑн,мар,#,P,N,P,initial
439.692545785393,968.1374103527435,3382.3264362293467,436.87302888072594,968.4084932611612,3385.422260241182,40.72901077584025,194.8610457012061,51.497825126934345,0.0004851448507342993,1.256375,0.056375000000000064,0.7046875000000002,6051.282051282051,3,dct_smooth_regression,utterance_000000,0-0-2-0,group_0,UW,1,4,упӑшка,"",0.08000000000000007,вӑйӑн-шайӑн,мар,#,P,N,P,initial
436.6041203849144,994.1588953238871,3381.119712732965,433.9303953947775,971.9397562980748,3389.1136794465597,44.05154574591525,191.85032380194002,54.28439860425795,0.0004851448507342993,1.258375,0.058375000000000066,0.7296875000000002,6051.282051282051,3,dct_smooth_regression,utterance_000000,0-0-2-0,group_0,UW,1,4,упӑшка,"",0.08000000000000007,вӑйӑн-шайӑн,мар,#,P,N,P,initial
432.3377295865156,1007.1292054056709,3384.3895623794842,432.2434163977385,974.0339397660365,3391.0160608016786,45.97568884908627,189.63643376003276,55.990113776503044,0.0004851448507342993,1.260375,0.06037500000000007,0.7546875000000002,6051.282051282051,3,dct_smooth_regression,utterance_000000,0-0-2-0,group_0,UW,1,4,упӑшка,"",0.08000000000000007,вӑйӑн-шайӑн,мар,#,P,N,P,initial
