file_name,duration_seconds
common_voice_cv_17333693,3.144
common_voice_cv_17333694,3.336
common_voice_cv_17333695,2.736
common_voice_cv_17333701,3.024
common_voice_cv_17333702,3.264
common_voice_cv_17333704,4.224
common_voice_cv_17333718,2.904
common_voice_cv_17333719,4.176
common_voice_cv_17333720,4.656
common_voice_cv_17333724,4.824
common_voice_cv_17333725,2.544
common_voice_cv_17333726,4.464
common_voice_cv_17339441,6.0343125
common_voice_cv_17339442,3.0563125
common_voice_cv_17339443,3.970625
common_voice_cv_17339444,3.7355
common_voice_cv_17339445,2.638375
common_voice_cv_17339446,4.022875
common_voice_cv_17339447,3.9445
common_voice_cv_17339448,2.951875
common_voice_cv_17339449,3.0040625
common_voice_cv_17339450,4.049
common_voice_cv_17339451,4.3624375
common_voice_cv_17339452,3.4220625
common_voice_cv_17339453,4.231875
common_voice_cv_17339454,4.6498125
common_voice_cv_17339455,4.5975625
common_voice_cv_17339456,3.4481875
common_voice_cv_17339457,2.6645
common_voice_cv_17339458,5.5901875
common_voice_cv_17339459,3.89225
common_voice_cv_17339460,3.4743125
common_voice_cv_17339461,2.71675
common_voice_cv_17339462,4.989375
common_voice_cv_17339463,3.4743125
common_voice_cv_17339464,3.0301875
common_voice_cv_17339465,4.3363125
common_voice_cv_17339466,5.0155
common_voice_cv_17339467,4.3101875
common_voice_cv_17339468,4.127375
common_voice_cv_17339469,6.5045
common_voice_cv_17339470,4.8326875
common_voice_cv_17339471,3.709375
common_voice_cv_17339472,3.761625
common_voice_cv_17339473,3.1085625
common_voice_cv_17339474,2.586125
common_voice_cv_17339475,5.17225
common_voice_cv_17339476,3.3959375
common_voice_cv_17339479,2.847375
common_voice_cv_17339481,2.61225
common_voice_cv_17339482,2.351
common_voice_cv_17339483,4.075125
common_voice_cv_17339484,2.2204375
common_voice_cv_17339485,4.4408125
common_voice_cv_17339486,2.742875
common_voice_cv_17339487,2.951875
common_voice_cv_17339488,2.847375
common_voice_cv_17339489,3.4743125
common_voice_cv_17339490,2.6645
common_voice_cv_17339491,3.84
common_voice_cv_17339492,3.3436875
common_voice_cv_17339493,4.075125
common_voice_cv_17339494,5.5640625
common_voice_cv_17339495,5.06775
common_voice_cv_17339496,6.582875
common_voice_cv_17339497,3.813875
common_voice_cv_17339498,4.4408125
common_voice_cv_17339499,0.9926875
common_voice_cv_17339500,2.533875
common_voice_cv_17339501,5.06775
common_voice_cv_17339502,6.0343125
common_voice_cv_17339503,3.99675
common_voice_cv_17339504,4.6236875
common_voice_cv_17339505,4.8326875
common_voice_cv_17339506,4.3363125
common_voice_cv_17339507,4.2840625
common_voice_cv_17339508,4.8588125
common_voice_cv_17339509,5.511875
common_voice_cv_17339510,3.5004375
common_voice_cv_17339511,5.17225
common_voice_cv_17339512,5.7730625
common_voice_cv_17339513,3.84
common_voice_cv_17339514,4.7020625
common_voice_cv_17339515,3.9445
common_voice_cv_17339516,4.5714375
common_voice_cv_17339518,4.022875
common_voice_cv_17339521,3.813875
common_voice_cv_17339522,3.2130625
common_voice_cv_17339523,3.3436875
common_voice_cv_17339524,2.586125
common_voice_cv_17339525,4.10125
common_voice_cv_17339526,3.709375
common_voice_cv_17339527,4.3624375
common_voice_cv_17339528,5.6424375
common_voice_cv_17339529,2.9779375
common_voice_cv_17339530,3.2914375
common_voice_cv_17339531,2.533875
common_voice_cv_17339532,3.3698125
common_voice_cv_17339533,6.1388125
common_voice_cv_17339534,5.9559375
common_voice_cv_17339535,5.6163125
common_voice_cv_17339536,3.6049375
common_voice_cv_17339537,2.92575
common_voice_cv_17339538,4.3101875
common_voice_cv_17339539,4.5453125
common_voice_cv_17339540,5.27675
common_voice_cv_17339541,3.7355
common_voice_cv_17339542,3.3436875
common_voice_cv_17339543,3.3175625
common_voice_cv_17339544,4.4408125
common_voice_cv_17339545,6.321625
common_voice_cv_17339546,4.2579375
common_voice_cv_17339547,5.8253125
common_voice_cv_17339548,3.3698125
common_voice_cv_17339549,2.1420625
common_voice_cv_17339550,5.093875
common_voice_cv_17339551,5.459625
common_voice_cv_17339552,4.8849375
common_voice_cv_17339553,4.231875
common_voice_cv_17339554,4.6498125
common_voice_cv_17339555,2.377125
common_voice_cv_17339556,4.049
common_voice_cv_17339557,1.6979375
common_voice_cv_17339558,2.8735
common_voice_cv_17339559,2.1420625
common_voice_cv_17339560,4.7281875
common_voice_cv_17339561,2.690625
common_voice_cv_17339562,2.481625
common_voice_cv_17339563,3.866125
common_voice_cv_17339564,2.1159375
common_voice_cv_17339565,3.1608125
common_voice_cv_17339566,3.5004375
common_voice_cv_17339567,4.937125
common_voice_cv_17339568,3.1608125
common_voice_cv_17339569,1.9069375
common_voice_cv_17339570,2.56
common_voice_cv_17339571,2.2204375
common_voice_cv_17339572,2.481625
common_voice_cv_17339573,2.82125
common_voice_cv_17339574,4.1535
common_voice_cv_17339575,3.99675
common_voice_cv_17339576,3.0824375
common_voice_cv_17339577,4.5975625
common_voice_cv_17339578,4.4408125
common_voice_cv_17339579,4.8326875
common_voice_cv_17339580,2.951875
common_voice_cv_17339581,4.8326875
common_voice_cv_17339582,2.4555
common_voice_cv_17339584,2.586125
common_voice_cv_17339586,3.1608125
common_voice_cv_17339588,2.6645
common_voice_cv_17339589,2.82125
common_voice_cv_17339590,4.3624375
common_voice_cv_17339591,3.1085625
common_voice_cv_17339592,2.71675
common_voice_cv_17339593,3.9445
common_voice_cv_17339594,2.50775
common_voice_cv_17339595,2.847375
common_voice_cv_17339596,2.82125
common_voice_cv_17339597,3.5004375
common_voice_cv_17339598,2.586125
common_voice_cv_17339599,3.9445
common_voice_cv_17339600,3.1085625
common_voice_cv_17339601,3.631
common_voice_cv_17339602,3.9445
common_voice_cv_17339603,5.146125
common_voice_cv_17339604,8.5420625
common_voice_cv_17339605,7.497125
common_voice_cv_17339606,3.813875
common_voice_cv_17339607,6.426125
common_voice_cv_17339608,5.6424375
common_voice_cv_17339609,4.4408125
common_voice_cv_17339610,4.127375
common_voice_cv_17339611,3.84
common_voice_cv_17339612,4.231875
common_voice_cv_17339613,4.3363125
common_voice_cv_17339614,3.84
common_voice_cv_17339615,4.96325
common_voice_cv_17339616,4.8326875
common_voice_cv_17339617,5.12
common_voice_cv_17339618,2.769
common_voice_cv_17339619,4.179625
common_voice_cv_17339620,5.329
common_voice_cv_17339621,1.12325
common_voice_cv_17339622,5.8775625
common_voice_cv_17339623,4.937125
common_voice_cv_17339624,4.20575
common_voice_cv_17339625,2.9779375
common_voice_cv_17339626,3.5788125
common_voice_cv_17339627,3.5788125
common_voice_cv_17339628,5.9036875
common_voice_cv_17339629,4.4408125
common_voice_cv_17339630,3.631
common_voice_cv_17339631,3.5526875
common_voice_cv_17339632,3.78775
common_voice_cv_17339633,3.970625
common_voice_cv_17339634,5.2245
common_voice_cv_17339635,5.041625
common_voice_cv_17339636,2.795125
common_voice_cv_17339637,4.4930625
common_voice_cv_17339638,2.533875
common_voice_cv_17339639,4.989375
common_voice_cv_17339640,4.8849375
common_voice_cv_17339641,1.619625
common_voice_cv_17339642,5.2245
common_voice_cv_17339643,5.407375
common_voice_cv_17339644,5.9036875
common_voice_cv_17339645,2.638375
common_voice_cv_17339646,3.3175625
common_voice_cv_17339647,3.2914375
common_voice_cv_17339648,4.7020625
common_voice_cv_17339649,4.022875
common_voice_cv_17339650,6.373875
common_voice_cv_17339651,4.1535
common_voice_cv_17339652,5.302875
common_voice_cv_17339653,3.3698125
common_voice_cv_17339654,4.4930625
common_voice_cv_17339655,3.1085625
common_voice_cv_17339656,3.78775
common_voice_cv_17339657,5.12
common_voice_cv_17339658,5.329
common_voice_cv_17339659,3.2130625
common_voice_cv_17339660,2.9779375
common_voice_cv_17339661,4.7804375
common_voice_cv_17339662,3.0824375
common_voice_cv_17339663,5.48575
common_voice_cv_17339664,3.813875
common_voice_cv_17339665,2.769
common_voice_cv_17339666,6.217125
common_voice_cv_17339667,3.813875
common_voice_cv_17339668,3.6049375
common_voice_cv_17339669,3.2130625
common_voice_cv_17339681,10.7363125
common_voice_cv_17341284,4.7281875
common_voice_cv_17341285,9.038375
common_voice_cv_17341287,7.83675
common_voice_cv_17341289,4.049
common_voice_cv_17341291,3.2914375
common_voice_cv_17341292,5.6685625
common_voice_cv_17341293,3.4220625
common_voice_cv_17341297,2.586125
common_voice_cv_17341298,2.56
common_voice_cv_17341299,3.0824375
common_voice_cv_17341300,3.1085625
common_voice_cv_17341301,2.847375
common_voice_cv_17341302,3.0040625
common_voice_cv_17341303,3.6049375
common_voice_cv_17341304,3.4481875
common_voice_cv_17341305,2.2988125
common_voice_cv_17341306,5.8775625
common_voice_cv_17341307,5.146125
common_voice_cv_17341308,4.127375
common_voice_cv_17341309,2.481625
common_voice_cv_17341310,3.970625
common_voice_cv_17341311,2.899625
common_voice_cv_17341312,3.631
common_voice_cv_17341314,2.847375
common_voice_cv_17341316,3.3436875
common_voice_cv_17341318,1.8285625
common_voice_cv_17341319,3.1346875
common_voice_cv_17341320,3.709375
common_voice_cv_17341321,3.0824375
common_voice_cv_17341322,1.7240625
common_voice_cv_17341323,5.093875
common_voice_cv_17341324,2.533875
common_voice_cv_17341325,3.99675
common_voice_cv_17341326,4.10125
common_voice_cv_17341327,2.899625
common_voice_cv_17341328,4.5453125
common_voice_cv_17341329,3.3698125
common_voice_cv_17341330,4.8588125
common_voice_cv_17341331,2.638375
common_voice_cv_17341332,3.0301875
common_voice_cv_17341336,26.3053125
common_voice_cv_17341337,5.17225
common_voice_cv_17341338,3.4220625
common_voice_cv_17341339,3.1346875
common_voice_cv_17341340,4.3363125
common_voice_cv_17341341,2.533875
common_voice_cv_17341342,3.0563125
common_voice_cv_17341343,4.5975625
common_voice_cv_17341344,4.6236875
common_voice_cv_17341345,4.049
common_voice_cv_17341346,3.5265625
common_voice_cv_17341347,4.2579375
common_voice_cv_17341348,2.586125
common_voice_cv_17341349,5.250625
common_voice_cv_17341350,4.3363125
common_voice_cv_17341352,4.5191875
common_voice_cv_17341354,4.8326875
common_voice_cv_17341356,5.0155
common_voice_cv_17341357,6.9485625
common_voice_cv_17341358,3.813875
common_voice_cv_17341359,2.742875
common_voice_cv_17341360,3.99675
common_voice_cv_17341361,4.3363125
common_voice_cv_17341362,3.4481875
common_voice_cv_17341363,5.7730625
common_voice_cv_17341364,2.690625
common_voice_cv_17341365,4.7804375
common_voice_cv_17341366,7.0791875
common_voice_cv_17341367,4.4408125
common_voice_cv_17341370,4.127375
common_voice_cv_17341372,5.6424375
common_voice_cv_17341373,2.1681875
common_voice_cv_17341374,4.7020625
common_voice_cv_17341375,3.918375
common_voice_cv_17341379,3.2914375
common_voice_cv_17341380,4.7020625
common_voice_cv_17341382,4.3624375
common_voice_cv_17341385,3.84
common_voice_cv_17341386,2.61225
common_voice_cv_17341387,2.742875
common_voice_cv_17341388,4.6759375
common_voice_cv_17341389,3.68325
common_voice_cv_17341390,3.2653125
common_voice_cv_17341391,3.0563125
common_voice_cv_17341392,4.911
common_voice_cv_17341393,3.4220625
common_voice_cv_17341394,5.329
common_voice_cv_17341395,5.38125
common_voice_cv_17341396,3.4743125
common_voice_cv_17341397,4.3363125
common_voice_cv_17341400,3.813875
common_voice_cv_17341401,3.5788125
common_voice_cv_17341403,4.96325
common_voice_cv_17341404,5.198375
common_voice_cv_17341405,3.970625
common_voice_cv_17341406,4.5453125
common_voice_cv_17341407,2.795125
common_voice_cv_17341414,3.5788125
common_voice_cv_17341415,3.3698125
common_voice_cv_17341416,4.3885625
common_voice_cv_17341417,4.5714375
common_voice_cv_17341418,3.3698125
common_voice_cv_17341419,2.8735
common_voice_cv_17341420,6.0865625
common_voice_cv_17341421,4.8065625
common_voice_cv_17341422,3.0040625
common_voice_cv_17341423,2.951875
common_voice_cv_17341424,3.3436875
common_voice_cv_17341425,3.970625
common_voice_cv_17341426,3.84
common_voice_cv_17341428,4.5975625
common_voice_cv_17341430,4.3101875
common_voice_cv_17341431,4.8065625
common_voice_cv_17341432,2.1159375
common_voice_cv_17341434,1.8546875
common_voice_cv_17341435,3.1346875
common_voice_cv_17341436,5.0155
common_voice_cv_17341437,5.6424375
common_voice_cv_17341438,1.8808125
common_voice_cv_17341439,2.899625
common_voice_cv_17341440,2.795125
common_voice_cv_17341441,2.795125
common_voice_cv_17341442,3.99675
common_voice_cv_17341443,6.0081875
common_voice_cv_17341444,3.7355
common_voice_cv_17341446,5.9036875
common_voice_cv_17341448,2.481625
common_voice_cv_17341449,4.989375
common_voice_cv_17341451,4.127375
common_voice_cv_17341452,4.127375
common_voice_cv_17341453,4.20575
common_voice_cv_17341454,4.4146875
common_voice_cv_17341455,3.813875
common_voice_cv_17341456,5.511875
common_voice_cv_17341457,5.407375
common_voice_cv_17341458,5.511875
common_voice_cv_17341459,5.093875
common_voice_cv_17341460,3.5526875
common_voice_cv_17341461,7.0530625
common_voice_cv_17341463,4.8065625
common_voice_cv_17341465,5.5640625
common_voice_cv_17341466,2.377125
common_voice_cv_17341468,4.989375
common_voice_cv_17341469,3.1869375
common_voice_cv_17341470,2.1159375
common_voice_cv_17341471,3.0040625
common_voice_cv_17341472,5.17225
common_voice_cv_17341473,4.022875
common_voice_cv_17341477,2.899625
common_voice_cv_17341478,4.4408125
common_voice_cv_17341479,3.3175625
common_voice_cv_17341480,3.2653125
common_voice_cv_17341481,3.4220625
common_voice_cv_17341483,3.0563125
common_voice_cv_17341485,3.5788125
common_voice_cv_17341487,2.82125
common_voice_cv_17341488,3.2653125
common_voice_cv_17341489,3.2130625
common_voice_cv_17341490,0.36575
common_voice_cv_17341491,3.1085625
common_voice_cv_17341492,6.530625
common_voice_cv_17341493,6.76575
common_voice_cv_17341494,2.92575
common_voice_cv_17341495,5.146125
common_voice_cv_17341498,3.3175625
common_voice_cv_17341499,3.1085625
common_voice_cv_17341501,3.2914375
common_voice_cv_17341502,3.84
common_voice_cv_17341503,4.3363125
common_voice_cv_17341504,5.6946875
common_voice_cv_17341505,5.0155
common_voice_cv_17341506,4.4930625
common_voice_cv_17341507,3.3175625
common_voice_cv_17341508,5.250625
common_voice_cv_17341509,2.2465625
common_voice_cv_17341510,3.4481875
common_voice_cv_17341511,3.1869375
common_voice_cv_17341512,3.631
common_voice_cv_17341513,4.7020625
common_voice_cv_17341514,2.2204375
common_voice_cv_17341515,4.3885625
common_voice_cv_17341516,2.586125
common_voice_cv_17341517,2.8735
common_voice_cv_17341518,3.0301875
common_voice_cv_17341519,3.5265625
common_voice_cv_17341520,3.866125
common_voice_cv_17341521,4.20575
common_voice_cv_17341522,3.0563125
common_voice_cv_17341523,3.970625
common_voice_cv_17341524,4.6759375
common_voice_cv_17341525,3.0824375
common_voice_cv_17341526,5.4335
common_voice_cv_17341527,6.24325
common_voice_cv_17341528,4.4669375
common_voice_cv_17341529,6.0081875
common_voice_cv_17341530,2.92575
common_voice_cv_17341531,3.0301875
common_voice_cv_17341532,3.3698125
common_voice_cv_17341533,1.9069375
common_voice_cv_17341534,6.8440625
common_voice_cv_17341535,4.6759375
common_voice_cv_17341536,3.709375
common_voice_cv_17341537,3.99675
common_voice_cv_17341538,5.38125
common_voice_cv_17341539,4.231875
common_voice_cv_17341541,4.4408125
common_voice_cv_17341543,3.5265625
common_voice_cv_17341545,5.511875
common_voice_cv_17341546,3.2391875
common_voice_cv_17341547,0.7575625
common_voice_cv_17341548,3.4743125
common_voice_cv_17341549,4.96325
common_voice_cv_17341550,4.5453125
common_voice_cv_17341551,3.0301875
common_voice_cv_17341552,3.3698125
common_voice_cv_17341553,2.742875
common_voice_cv_17341554,4.7281875
common_voice_cv_17341555,2.1420625
common_voice_cv_17341556,2.899625
common_voice_cv_17341557,4.231875
common_voice_cv_17341558,2.0898125
common_voice_cv_17341561,3.9445
common_voice_cv_17341563,3.0563125
common_voice_cv_17341564,4.5714375
common_voice_cv_17341565,2.6645
common_voice_cv_17341566,4.2840625
common_voice_cv_17341567,5.27675
common_voice_cv_17341568,4.1535
common_voice_cv_17341569,1.9591875
common_voice_cv_17341570,5.0155
common_voice_cv_17341571,5.38125
common_voice_cv_17341572,4.179625
common_voice_cv_17341573,3.7355
common_voice_cv_17341574,3.99675
common_voice_cv_17341576,4.231875
common_voice_cv_17341578,3.2391875
common_voice_cv_17341579,1.9069375
common_voice_cv_17341580,5.9820625
common_voice_cv_17341582,5.2245
common_voice_cv_17341585,6.426125
common_voice_cv_17341587,5.12
common_voice_cv_17341588,7.2359375
common_voice_cv_17341589,5.198375
common_voice_cv_17341590,7.1053125
common_voice_cv_17341591,1.7763125
common_voice_cv_17341592,2.1420625
common_voice_cv_17341594,2.2726875
common_voice_cv_17341596,4.7543125
common_voice_cv_17341598,3.813875
common_voice_cv_17341599,4.8849375
common_voice_cv_17341600,3.1869375
common_voice_cv_17341601,3.2914375
common_voice_cv_17341602,2.951875
common_voice_cv_17341603,4.3885625
common_voice_cv_17341604,4.5453125
common_voice_cv_17341605,2.586125
common_voice_cv_17341606,1.8024375
common_voice_cv_17341607,1.8024375
common_voice_cv_17341608,4.8849375
common_voice_cv_17341609,4.5191875
common_voice_cv_17341611,2.2988125
common_voice_cv_17341613,3.1608125
common_voice_cv_17341614,5.304
common_voice_cv_17341615,1.752
common_voice_cv_17341616,1.32
common_voice_cv_17341618,2.2465625
common_voice_cv_17341619,4.049
common_voice_cv_17341620,2.71675
common_voice_cv_17341621,4.1535
common_voice_cv_17341622,4.4930625
common_voice_cv_17341623,4.5714375
common_voice_cv_17341624,4.20575
common_voice_cv_17341625,4.2579375
common_voice_cv_17341627,3.1346875
common_voice_cv_17341630,3.84
common_voice_cv_17341631,3.7355
common_voice_cv_17341632,3.3175625
common_voice_cv_17341634,2.638375
common_voice_cv_17341636,4.1535
common_voice_cv_17341638,1.488
common_voice_cv_17341639,4.4146875
common_voice_cv_17341640,0.648
common_voice_cv_17341641,0.624
common_voice_cv_17341642,1.9069375
common_voice_cv_17341643,5.198375
common_voice_cv_17341644,2.61225
common_voice_cv_17341645,4.6759375
common_voice_cv_17341646,2.8735
common_voice_cv_17341647,2.377125
common_voice_cv_17341648,3.761625
common_voice_cv_17341649,2.586125
common_voice_cv_17341650,2.0898125
common_voice_cv_17341651,3.89225
common_voice_cv_17341652,2.4555
common_voice_cv_17341654,2.50775
common_voice_cv_17341655,3.3698125
common_voice_cv_17341659,2.2988125
common_voice_cv_17341661,3.4481875
common_voice_cv_17341663,3.68325
common_voice_cv_17341664,4.4146875
common_voice_cv_17341665,3.3436875
common_voice_cv_17341666,2.1681875
common_voice_cv_17341667,2.4555
common_voice_cv_17341668,5.8253125
common_voice_cv_17341669,3.657125
common_voice_cv_17341670,2.50775
common_voice_cv_17341671,2.690625
common_voice_cv_17341672,7.2881875
common_voice_cv_17341675,4.3363125
common_voice_cv_17341677,4.127375
common_voice_cv_17341678,5.17225
common_voice_cv_17341679,1.253875
common_voice_cv_17341680,1.671875
common_voice_cv_17341681,4.3363125
common_voice_cv_17341682,3.657125
common_voice_cv_17341683,5.38125
common_voice_cv_17341684,3.631
common_voice_cv_17341686,2.0898125
common_voice_cv_17341688,3.0301875
common_voice_cv_17341689,1.9591875
common_voice_cv_17341691,2.638375
common_voice_cv_17341692,3.78775
common_voice_cv_17341693,3.970625
common_voice_cv_17341694,6.1388125
common_voice_cv_17341695,5.302875
common_voice_cv_17341696,4.5714375
common_voice_cv_17341697,5.8253125
common_voice_cv_17341698,4.5191875
common_voice_cv_17341699,2.9779375
common_voice_cv_17341700,4.7020625
common_voice_cv_17341703,2.71675
common_voice_cv_17341706,3.1869375
common_voice_cv_17341708,2.847375
common_voice_cv_17341710,3.4743125
common_voice_cv_17341711,3.5788125
common_voice_cv_17341712,4.937125
common_voice_cv_17341713,3.99675
common_voice_cv_17341714,3.68325
common_voice_cv_17341715,4.96325
common_voice_cv_17341716,4.022875
common_voice_cv_17341717,2.9779375
common_voice_cv_17341718,2.429375
common_voice_cv_17341719,5.2245
common_voice_cv_17341720,4.179625
common_voice_cv_17341722,5.48575
common_voice_cv_17341724,4.231875
common_voice_cv_17341728,3.3436875
common_voice_cv_17341730,4.2579375
common_voice_cv_17341731,3.5788125
common_voice_cv_17341732,4.022875
common_voice_cv_17341733,3.970625
common_voice_cv_17341734,5.7208125
common_voice_cv_17341735,5.7991875
common_voice_cv_17341736,5.9559375
common_voice_cv_17341737,2.2726875
common_voice_cv_17341739,2.2465625
common_voice_cv_17341741,5.093875
common_voice_cv_17341743,3.4220625
common_voice_cv_17341744,4.7281875
common_voice_cv_17341745,5.198375
common_voice_cv_17341746,3.99675
common_voice_cv_17341747,3.0824375
common_voice_cv_17341750,2.82125
common_voice_cv_17341752,3.2130625
common_voice_cv_17341753,2.638375
common_voice_cv_17341754,2.1159375
common_voice_cv_17341755,5.48575
common_voice_cv_17341757,3.84
common_voice_cv_17341759,3.5004375
common_voice_cv_17341760,3.3959375
common_voice_cv_17341761,3.631
common_voice_cv_17341763,3.2391875
common_voice_cv_17341764,4.6759375
common_voice_cv_17341765,3.0040625
common_voice_cv_17341766,2.4555
common_voice_cv_17341767,5.9036875
common_voice_cv_17341768,6.0343125
common_voice_cv_17341769,5.093875
common_voice_cv_17341770,3.813875
common_voice_cv_17341771,2.0375625
common_voice_cv_17341772,1.567375
common_voice_cv_17341773,2.1681875
common_voice_cv_17341775,3.2914375
common_voice_cv_17341777,2.56
common_voice_cv_17341778,4.127375
common_voice_cv_17341780,2.1943125
common_voice_cv_17341781,5.0155
common_voice_cv_17341782,4.5714375
common_voice_cv_17341783,3.0040625
common_voice_cv_17341784,3.657125
common_voice_cv_17341786,3.0824375
common_voice_cv_17341789,1.7240625
common_voice_cv_17341790,4.20575
common_voice_cv_17341791,4.4408125
common_voice_cv_17341792,2.899625
common_voice_cv_17341793,5.198375
common_voice_cv_17341794,2.71675
common_voice_cv_17341795,3.1085625
common_voice_cv_17341796,4.911
common_voice_cv_17341797,4.8849375
common_voice_cv_17341799,3.866125
common_voice_cv_17341801,3.866125
common_voice_cv_17341803,2.533875
common_voice_cv_17341804,5.4335
common_voice_cv_17341805,2.951875
common_voice_cv_17341806,3.78775
common_voice_cv_17341807,3.1085625
common_voice_cv_17341808,6.0604375
common_voice_cv_17341809,2.4555
common_voice_cv_17341810,3.6049375
common_voice_cv_17341811,2.1420625
common_voice_cv_17341812,3.3436875
common_voice_cv_17341814,4.5714375
common_voice_cv_17341816,4.231875
common_voice_cv_17341817,2.377125
common_voice_cv_17341819,3.1085625
common_voice_cv_17341820,3.6049375
common_voice_cv_17341821,3.3698125
common_voice_cv_17341822,4.1535
common_voice_cv_17341823,2.71675
common_voice_cv_17341824,3.0040625
common_voice_cv_17341825,3.866125
common_voice_cv_17341826,2.0114375
common_voice_cv_17341827,3.0301875
common_voice_cv_17341828,3.1869375
common_voice_cv_17341830,3.84
common_voice_cv_17341832,3.89225
common_voice_cv_17341834,3.4220625
common_voice_cv_17341835,3.3436875
common_voice_cv_17341836,1.253875
common_voice_cv_17341837,4.231875
common_voice_cv_17341838,3.2130625
common_voice_cv_17341839,2.769
common_voice_cv_17341840,2.769
common_voice_cv_17341841,3.4220625
common_voice_cv_17341842,3.709375
common_voice_cv_17341843,4.127375
common_voice_cv_17341846,2.429375
common_voice_cv_17341848,2.3249375
common_voice_cv_17341849,2.742875
common_voice_cv_17341850,4.4669375
common_voice_cv_17341851,2.0898125
common_voice_cv_17341852,3.84
common_voice_cv_17341853,2.795125
common_voice_cv_17341854,5.9036875
common_voice_cv_17341855,4.2579375
common_voice_cv_17341856,4.5191875
common_voice_cv_17341857,3.5265625
common_voice_cv_17341858,1.8808125
common_voice_cv_17341859,4.3624375
common_voice_cv_17341860,3.761625
common_voice_cv_17341862,2.429375
common_voice_cv_17341863,4.2840625
common_voice_cv_17341866,3.0301875
common_voice_cv_17341867,3.9445
common_voice_cv_17341868,4.127375
common_voice_cv_17341869,3.4481875
common_voice_cv_17341870,3.78775
common_voice_cv_17341871,3.761625
common_voice_cv_17341872,6.66125
common_voice_cv_17341873,5.041625
common_voice_cv_17341874,5.329
common_voice_cv_17341875,4.4669375
common_voice_cv_17341878,3.813875
common_voice_cv_17341880,4.5191875
common_voice_cv_17341881,4.3363125
common_voice_cv_17341882,5.9036875
common_voice_cv_17341883,1.0449375
common_voice_cv_17341884,4.8326875
common_voice_cv_17341885,8.829375
common_voice_cv_17341886,0.9926875
common_voice_cv_17341887,2.82125
common_voice_cv_17341888,4.8588125
common_voice_cv_17341889,4.2579375
common_voice_cv_17341890,6.9485625
common_voice_cv_17341892,4.3101875
common_voice_cv_17341894,3.866125
common_voice_cv_17341896,7.497125
common_voice_cv_17341897,3.866125
common_voice_cv_17341898,3.813875
common_voice_cv_17341899,2.6645
common_voice_cv_17341900,5.093875
common_voice_cv_17341901,5.5379375
common_voice_cv_17341902,2.769
common_voice_cv_17341903,3.0301875
common_voice_cv_17341904,3.5004375
common_voice_cv_17341905,4.3624375
common_voice_cv_17341908,3.5788125
common_voice_cv_17341909,2.795125
common_voice_cv_17341911,2.742875
common_voice_cv_17341912,4.2840625
common_voice_cv_17341913,2.2988125
common_voice_cv_17341914,3.2130625
common_voice_cv_17341915,2.8735
common_voice_cv_17341916,2.351
common_voice_cv_17341917,4.8065625
common_voice_cv_17341918,2.690625
common_voice_cv_17341919,5.7991875
common_voice_cv_17341921,5.146125
common_voice_cv_17341923,4.7804375
common_voice_cv_17341924,5.5379375
common_voice_cv_17341926,16.7445
common_voice_cv_17341927,2.6645
common_voice_cv_17341928,4.1535
common_voice_cv_17341929,3.3698125
common_voice_cv_17341930,5.7469375
common_voice_cv_17341931,4.4930625
common_voice_cv_17341932,2.0114375
common_voice_cv_17341933,2.3249375
common_voice_cv_17341934,5.0155
common_voice_cv_17341935,2.351
common_voice_cv_17341936,3.918375
common_voice_cv_17341938,3.5004375
common_voice_cv_17341940,7.497125
common_voice_cv_17341942,4.8326875
common_voice_cv_17341943,3.3175625
common_voice_cv_17341944,3.0563125
common_voice_cv_17341945,3.2653125
common_voice_cv_17341946,2.0114375
common_voice_cv_17341947,15.8040625
common_voice_cv_17341948,1.54125
common_voice_cv_17341949,2.769
common_voice_cv_17341950,2.0636875
common_voice_cv_17341951,3.1346875
common_voice_cv_17341952,3.657125
common_voice_cv_17341953,2.377125
common_voice_cv_17341954,2.71675
common_voice_cv_17341955,4.127375
common_voice_cv_17341956,4.8849375
common_voice_cv_17341957,2.92575
common_voice_cv_17341958,5.093875
common_voice_cv_17341959,3.3175625
common_voice_cv_17341960,4.3363125
common_voice_cv_17341961,5.7730625
common_voice_cv_17341964,3.3175625
common_voice_cv_17341966,3.4481875
common_voice_cv_17341967,5.7208125
common_voice_cv_17341968,5.6163125
common_voice_cv_17341969,5.093875
common_voice_cv_17341970,7.0008125
common_voice_cv_17341971,4.4408125
common_voice_cv_17341972,2.56
common_voice_cv_17341973,1.9591875
common_voice_cv_17341974,3.761625
common_voice_cv_17341975,2.847375
common_voice_cv_17341976,3.761625
common_voice_cv_17341977,3.2653125
common_voice_cv_17341978,3.78775
common_voice_cv_17341979,2.533875
common_voice_cv_17341980,2.82125
common_voice_cv_17341981,8.1501875
common_voice_cv_17341982,11.493875
common_voice_cv_17341983,2.61225
common_voice_cv_17341984,2.481625
common_voice_cv_17341987,3.4743125
common_voice_cv_17341989,3.78775
common_voice_cv_17341990,3.2653125
common_voice_cv_17341991,3.657125
common_voice_cv_17341992,3.89225
common_voice_cv_17341993,5.9559375
common_voice_cv_17341994,3.0301875
common_voice_cv_17341995,2.899625
common_voice_cv_17341996,4.10125
common_voice_cv_17341997,3.78775
common_voice_cv_17341998,3.1608125
common_voice_cv_17341999,5.407375
common_voice_cv_17342000,3.5265625
common_voice_cv_17342001,3.4481875
common_voice_cv_17342002,4.7804375
common_voice_cv_17342003,3.78775
common_voice_cv_17342004,3.970625
common_voice_cv_17342005,5.5901875
common_voice_cv_17342007,5.511875
common_voice_cv_17342010,4.4930625
common_voice_cv_17342011,3.657125
common_voice_cv_17342012,5.4335
common_voice_cv_17342013,5.329
common_voice_cv_17342014,5.06775
common_voice_cv_17342015,2.82125
common_voice_cv_17342016,6.217125
common_voice_cv_17342017,5.6163125
common_voice_cv_17342018,3.970625
common_voice_cv_17342019,5.6946875
common_voice_cv_17342020,11.546125
common_voice_cv_17342021,5.041625
common_voice_cv_17342022,3.2130625
common_voice_cv_17342023,4.8588125
common_voice_cv_17342024,4.7020625
common_voice_cv_17342025,4.7543125
common_voice_cv_17342026,3.5265625
common_voice_cv_17342028,4.127375
common_voice_cv_17342030,5.48575
common_voice_cv_17342032,2.899625
common_voice_cv_17342033,3.866125
common_voice_cv_17342034,3.0824375
common_voice_cv_17342035,4.231875
common_voice_cv_17342036,2.92575
common_voice_cv_17342037,4.10125
common_voice_cv_17342038,5.48575
common_voice_cv_17342039,3.0301875
common_voice_cv_17342040,2.82125
common_voice_cv_17342041,3.4481875
common_voice_cv_17342042,3.3959375
common_voice_cv_17342043,2.2726875
common_voice_cv_17342044,3.631
common_voice_cv_17342046,3.5265625
common_voice_cv_17342048,4.3885625
common_voice_cv_17342050,3.4481875
common_voice_cv_17342051,3.866125
common_voice_cv_17342052,1.8808125
common_voice_cv_17342053,2.847375
common_voice_cv_17342054,3.631
common_voice_cv_17342055,3.4481875
common_voice_cv_17342056,3.0301875
common_voice_cv_17342057,3.5265625
common_voice_cv_17342058,3.866125
common_voice_cv_17342059,2.899625
common_voice_cv_17342060,5.041625
common_voice_cv_17342061,4.8326875
common_voice_cv_17342062,3.813875
common_voice_cv_17342063,5.4335
common_voice_cv_17342064,2.40325
common_voice_cv_17342065,5.2245
common_voice_cv_17342066,3.4481875
common_voice_cv_17342067,3.4481875
common_voice_cv_17342068,4.6498125
common_voice_cv_17342069,4.7020625
common_voice_cv_17342070,3.631
common_voice_cv_17342071,2.6645
common_voice_cv_17342072,3.813875
common_voice_cv_17342074,4.3101875
common_voice_cv_17342077,3.0301875
common_voice_cv_17342078,4.8588125
common_voice_cv_17342079,7.3143125
common_voice_cv_17342080,2.533875
common_voice_cv_17342081,2.3249375
common_voice_cv_17342082,2.71675
common_voice_cv_17342083,4.20575
common_voice_cv_17342084,3.4220625
common_voice_cv_17342085,4.911
common_voice_cv_17342086,1.5935
common_voice_cv_17342087,3.5004375
common_voice_cv_17342088,4.4146875
common_voice_cv_17342089,3.2653125
common_voice_cv_17342090,3.918375
common_voice_cv_17342094,3.2391875
common_voice_cv_17342095,5.17225
common_voice_cv_17342096,6.9746875
common_voice_cv_17342097,3.4220625
common_voice_cv_17342098,5.38125
common_voice_cv_17342099,3.2391875
common_voice_cv_17342100,2.795125
common_voice_cv_17342101,5.9036875
common_voice_cv_17342102,4.4930625
common_voice_cv_17342103,9.9265625
common_voice_cv_17342104,3.4743125
common_voice_cv_17342105,2.377125
common_voice_cv_17342107,2.795125
common_voice_cv_17342110,4.7020625
common_voice_cv_17342111,3.761625
common_voice_cv_17342112,3.0563125
common_voice_cv_17342113,5.355125
common_voice_cv_17342114,2.1943125
common_voice_cv_17342115,1.43675
common_voice_cv_17342116,4.6759375
common_voice_cv_17342117,6.4
common_voice_cv_17342124,4.1535
common_voice_cv_17342128,2.82125
common_voice_cv_17342129,4.179625
common_voice_cv_17342130,2.533875
common_voice_cv_17342131,7.1314375
common_voice_cv_17342132,3.2391875
common_voice_cv_17342133,2.40325
common_voice_cv_17342134,2.8735
common_voice_cv_17342135,2.56
common_voice_cv_17342136,8.2808125
common_voice_cv_17342137,7.915125
common_voice_cv_17342138,2.742875
common_voice_cv_17342139,2.0114375
common_voice_cv_17342140,3.84
common_voice_cv_17342141,2.2204375
common_voice_cv_17342142,5.38125
common_voice_cv_17342143,9.9788125
common_voice_cv_17342144,6.373875
common_voice_cv_17342145,2.8735
common_voice_cv_17342146,4.7804375
common_voice_cv_17342147,3.4743125
common_voice_cv_17342150,4.7543125
common_voice_cv_17342152,2.1681875
common_voice_cv_17342153,5.093875
common_voice_cv_17342154,3.5788125
common_voice_cv_17343937,6.744
common_voice_cv_17343938,5.376
common_voice_cv_17343939,6.144
common_voice_cv_17345412,5.544
common_voice_cv_17345413,6.216
common_voice_cv_17345414,5.856
common_voice_cv_17345415,4.176
common_voice_cv_17345416,5.256
common_voice_cv_17345417,4.896
common_voice_cv_17345568,5.424
common_voice_cv_17345569,6.864
common_voice_cv_17345570,4.296
common_voice_cv_17345571,5.904
common_voice_cv_17345572,2.736
common_voice_cv_17345573,3.504
common_voice_cv_17345577,5.544
common_voice_cv_17345578,3.936
common_voice_cv_17345579,6.456
common_voice_cv_17345580,5.496
common_voice_cv_17345581,8.376
common_voice_cv_17345582,5.904
common_voice_cv_17345583,5.664
common_voice_cv_17345584,4.224
common_voice_cv_17345585,5.616
common_voice_cv_17345586,7.104
common_voice_cv_17345587,6.336
common_voice_cv_17345588,7.776
common_voice_cv_17345589,4.776
common_voice_cv_17345590,5.856
common_voice_cv_17345591,5.856
common_voice_cv_17345592,5.064
common_voice_cv_17345593,3.216
common_voice_cv_17345594,4.224
common_voice_cv_17393488,4.704
common_voice_cv_17393489,6.696
common_voice_cv_17393490,6.216
common_voice_cv_17393501,4.464
common_voice_cv_17393502,5.784
common_voice_cv_17393503,4.824
common_voice_cv_17393504,4.896
common_voice_cv_17393505,5.856
common_voice_cv_17393521,6.864
common_voice_cv_17393522,2.256
common_voice_cv_17393523,5.616
common_voice_cv_17393524,6.744
common_voice_cv_17393525,5.976
common_voice_cv_17430079,5.304
common_voice_cv_17430080,3.816
common_voice_cv_17430081,3.864
common_voice_cv_17430082,2.376
common_voice_cv_17430083,4.176
common_voice_cv_17430084,5.256
common_voice_cv_17430085,5.544
common_voice_cv_17430086,3.744
common_voice_cv_17430087,4.104
common_voice_cv_17430088,4.344
common_voice_cv_17431503,5.904
common_voice_cv_17431505,3.744
common_voice_cv_17431507,5.064
common_voice_cv_17431508,3.696
common_voice_cv_17431509,5.544
common_voice_cv_17431515,7.896
common_voice_cv_17431516,6.984
common_voice_cv_17431517,4.464
common_voice_cv_17431518,2.544
common_voice_cv_17431519,5.376
common_voice_cv_17431553,4.704
common_voice_cv_17431554,3.576
common_voice_cv_17431557,4.104
common_voice_cv_17431558,6.384
common_voice_cv_17431559,4.824
common_voice_cv_17431585,4.344
common_voice_cv_17431586,4.656
common_voice_cv_17431587,4.776
common_voice_cv_17431588,6.504
common_voice_cv_17431589,3.024
common_voice_cv_17431590,9.024
common_voice_cv_17431591,6.744
common_voice_cv_17431592,4.776
common_voice_cv_17431593,5.976
common_voice_cv_17431594,4.344
common_voice_cv_17431605,3.864
common_voice_cv_17431606,5.904
common_voice_cv_17431607,3.504
common_voice_cv_17431608,6.384
common_voice_cv_17431609,3.504
common_voice_cv_17431616,6.744
common_voice_cv_17431618,3.864
common_voice_cv_17431620,7.464
common_voice_cv_17431621,2.736
common_voice_cv_17431622,3.936
common_voice_cv_17431635,3.624
common_voice_cv_17431636,8.544
common_voice_cv_17431637,8.904
common_voice_cv_17431638,5.064
common_voice_cv_17431639,8.904
common_voice_cv_17431645,8.424
common_voice_cv_17431646,9.624
common_voice_cv_17431647,5.424
common_voice_cv_17431648,6.096
common_voice_cv_17431649,8.904
common_voice_cv_17431655,3.744
common_voice_cv_17431656,5.136
common_voice_cv_17431657,3.984
common_voice_cv_17431659,3.264
common_voice_cv_17431662,5.664
common_voice_cv_17431670,5.376
common_voice_cv_17431671,7.776
common_voice_cv_17431672,7.224
common_voice_cv_17431673,6.216
common_voice_cv_17431674,6.144
common_voice_cv_17431685,4.464
common_voice_cv_17431686,5.976
common_voice_cv_17431687,5.376
common_voice_cv_17431688,5.496
common_voice_cv_17431689,6.936
common_voice_cv_17431690,2.664
common_voice_cv_17431691,3.024
common_voice_cv_17431692,3.984
common_voice_cv_17431693,5.376
common_voice_cv_17431694,6.744
common_voice_cv_17431705,4.704
common_voice_cv_17431707,6.504
common_voice_cv_17431709,7.416
common_voice_cv_17431711,6.864
common_voice_cv_17431714,5.064
common_voice_cv_17431720,5.184
common_voice_cv_17431721,5.424
common_voice_cv_17431722,6.576
common_voice_cv_17431723,5.976
common_voice_cv_17431724,4.104
common_voice_cv_17431738,3.864
common_voice_cv_17431740,4.584
common_voice_cv_17431742,5.976
common_voice_cv_17431743,4.224
common_voice_cv_17431744,3.144
common_voice_cv_17431745,4.824
common_voice_cv_17431746,3.744
common_voice_cv_17431747,5.544
common_voice_cv_17431748,4.464
common_voice_cv_17431749,4.104
common_voice_cv_17431752,5.856
common_voice_cv_17431754,5.256
common_voice_cv_17431756,2.976
common_voice_cv_17431758,3.744
common_voice_cv_17431759,6.384
common_voice_cv_17431760,6.624
common_voice_cv_17431761,4.416
common_voice_cv_17431762,4.656
common_voice_cv_17431763,5.544
common_voice_cv_17431765,7.416
common_voice_cv_17431790,5.064
common_voice_cv_17431791,7.704
common_voice_cv_17431792,4.944
common_voice_cv_17431794,5.544
common_voice_cv_17431796,4.824
common_voice_cv_17431800,6.744
common_voice_cv_17431801,7.056
common_voice_cv_17431802,8.136
common_voice_cv_17431803,6.864
common_voice_cv_17431804,8.064
common_voice_cv_17431810,5.904
common_voice_cv_17431812,4.824
common_voice_cv_17431813,6.624
common_voice_cv_17431814,6.816
common_voice_cv_17431815,4.776
common_voice_cv_17431816,9.216
common_voice_cv_17431817,5.376
common_voice_cv_17431818,5.424
common_voice_cv_17431819,7.056
common_voice_cv_17431820,8.544
common_voice_cv_17431821,5.496
common_voice_cv_17431822,3.624
common_voice_cv_17431823,3.456
common_voice_cv_17431824,5.016
common_voice_cv_17431826,5.736
common_voice_cv_17431828,7.056
common_voice_cv_17431830,7.416
common_voice_cv_17431832,6.816
common_voice_cv_17431834,4.824
common_voice_cv_17431840,4.584
common_voice_cv_17431841,5.304
common_voice_cv_17431842,4.344
common_voice_cv_17431843,6.144
common_voice_cv_17431844,5.376
common_voice_cv_17431855,5.664
common_voice_cv_17431856,3.864
common_voice_cv_17431857,5.064
common_voice_cv_17431858,5.304
common_voice_cv_17431859,4.464
common_voice_cv_17431860,5.304
common_voice_cv_17431866,4.344
common_voice_cv_17431867,7.224
common_voice_cv_17431868,5.736
common_voice_cv_17431869,2.256
common_voice_cv_17431870,6.216
common_voice_cv_17431871,4.104
common_voice_cv_17431882,5.664
common_voice_cv_17431883,7.416
common_voice_cv_17431884,3.744
common_voice_cv_17431885,5.016
common_voice_cv_17431886,5.304
common_voice_cv_17431887,6.144
common_voice_cv_17431888,4.584
common_voice_cv_17431889,3.696
common_voice_cv_17431890,4.896
common_voice_cv_17431891,5.064
common_voice_cv_17431897,5.064
common_voice_cv_17431898,3.624
common_voice_cv_17431899,4.104
common_voice_cv_17431900,4.584
common_voice_cv_17431901,4.704
common_voice_cv_17431902,6.504
common_voice_cv_17431903,3.624
common_voice_cv_17431904,3.696
common_voice_cv_17431905,4.176
common_voice_cv_17431906,5.304
common_voice_cv_17431907,3.504
common_voice_cv_17431908,3.936
common_voice_cv_17431909,2.784
common_voice_cv_17431910,3.624
common_voice_cv_17431911,4.776
common_voice_cv_17431922,6.336
common_voice_cv_17431923,4.896
common_voice_cv_17431924,4.224
common_voice_cv_17431925,7.176
common_voice_cv_17431926,5.376
common_voice_cv_17431927,6.144
common_voice_cv_17431928,4.896
common_voice_cv_17431929,3.216
common_voice_cv_17431930,5.544
common_voice_cv_17431931,5.976
common_voice_cv_17431942,4.176
common_voice_cv_17431943,3.744
common_voice_cv_17431944,6.456
common_voice_cv_17431945,4.944
common_voice_cv_17431946,7.536
common_voice_cv_17431947,9.216
common_voice_cv_17431948,2.256
common_voice_cv_17431949,3.576
common_voice_cv_17431950,7.416
common_voice_cv_17431951,2.136
common_voice_cv_17431952,4.536
common_voice_cv_17431953,4.584
common_voice_cv_17431954,3.744
common_voice_cv_17431955,4.536
common_voice_cv_17431956,4.776
common_voice_cv_17431957,6.624
common_voice_cv_17431958,4.104
common_voice_cv_17431959,5.544
common_voice_cv_17431960,5.136
common_voice_cv_17431961,6.864
common_voice_cv_17431962,8.064
common_voice_cv_17431963,5.136
common_voice_cv_17431964,5.304
common_voice_cv_17431965,5.184
common_voice_cv_17431966,6.504
common_voice_cv_17431967,4.704
common_voice_cv_17431968,4.536
common_voice_cv_17431969,4.104
common_voice_cv_17431970,3.984
common_voice_cv_17431971,3.264
common_voice_cv_17431972,4.776
common_voice_cv_17431973,6.336
common_voice_cv_17431974,6.384
common_voice_cv_17431975,4.344
common_voice_cv_17431976,7.296
common_voice_cv_17431977,5.376
common_voice_cv_17431978,4.416
common_voice_cv_17431979,4.176
common_voice_cv_17431980,8.256
common_voice_cv_17431981,4.944
common_voice_cv_17431982,4.896
common_voice_cv_17431983,3.936
common_voice_cv_17431984,3.576
common_voice_cv_17431986,5.376
common_voice_cv_17431987,4.344
common_voice_cv_17431988,5.376
common_voice_cv_17431989,5.136
common_voice_cv_17431990,7.416
common_voice_cv_17431991,5.136
common_voice_cv_17431992,6.744
common_voice_cv_17431993,6.936
common_voice_cv_17431994,7.344
common_voice_cv_17431995,4.536
common_voice_cv_17431996,5.544
common_voice_cv_17431997,4.416
common_voice_cv_17431998,6.144
common_voice_cv_17431999,3.984
common_voice_cv_17432000,6.936
common_voice_cv_17432001,5.304
common_voice_cv_17432002,4.584
common_voice_cv_17432003,5.136
common_voice_cv_17432004,5.784
common_voice_cv_17432005,2.784
common_voice_cv_17432006,4.104
common_voice_cv_17432007,4.344
common_voice_cv_17432008,4.944
common_voice_cv_17432009,5.304
common_voice_cv_17432010,5.616
common_voice_cv_17432011,3.504
common_voice_cv_17432012,5.784
common_voice_cv_17432013,5.136
common_voice_cv_17432014,5.184
common_voice_cv_17432015,5.184
common_voice_cv_17432016,4.944
common_voice_cv_17432017,5.616
common_voice_cv_17432018,6.696
common_voice_cv_17432019,5.976
common_voice_cv_17432020,4.584
common_voice_cv_17432021,7.704
common_voice_cv_17432022,5.616
common_voice_cv_17432023,4.416
common_voice_cv_17432024,4.464
common_voice_cv_17432025,7.776
common_voice_cv_17432026,4.344
common_voice_cv_17432027,3.696
common_voice_cv_17432028,6.096
common_voice_cv_17432029,5.136
common_voice_cv_17432030,5.664
common_voice_cv_17432031,4.584
common_voice_cv_17432037,6.024
common_voice_cv_17432038,4.464
common_voice_cv_17432039,6.576
common_voice_cv_17432040,6.096
common_voice_cv_17432041,3.744
common_voice_cv_17432042,6.024
common_voice_cv_17432043,4.824
common_voice_cv_17432044,6.264
common_voice_cv_17432045,6.264
common_voice_cv_17432046,4.824
common_voice_cv_17432047,6.384
common_voice_cv_17432048,3.744
common_voice_cv_17432049,5.904
common_voice_cv_17432050,4.464
common_voice_cv_17432051,4.944
common_voice_cv_17432052,3.744
common_voice_cv_17432053,7.944
common_voice_cv_17432054,6.384
common_voice_cv_17432055,5.304
common_voice_cv_17432056,3.384
common_voice_cv_17432057,5.544
common_voice_cv_17432058,8.184
common_voice_cv_17432059,4.464
common_voice_cv_17432060,6.144
common_voice_cv_17432061,8.424
common_voice_cv_17434078,6.336
common_voice_cv_17434079,6.864
common_voice_cv_17434080,6.984
common_voice_cv_17434081,2.616
common_voice_cv_17434082,6.336
common_voice_cv_17434083,5.784
common_voice_cv_17434084,2.304
common_voice_cv_17434085,7.344
common_voice_cv_17434086,5.136
common_voice_cv_17434096,7.896
common_voice_cv_17434098,3.816
common_voice_cv_17434099,5.136
common_voice_cv_17434100,5.016
common_voice_cv_17434101,6.816
common_voice_cv_17434102,5.016
common_voice_cv_17434103,7.224
common_voice_cv_17434104,5.664
common_voice_cv_17434105,5.544
common_voice_cv_17434106,4.824
common_voice_cv_17434107,3.456
common_voice_cv_17434108,4.176
common_voice_cv_17434109,3.624
common_voice_cv_17434110,7.176
common_voice_cv_17434111,3.096
common_voice_cv_17434112,4.296
common_voice_cv_17434113,4.776
common_voice_cv_17434114,8.544
common_voice_cv_17434115,7.416
common_voice_cv_17434116,4.944
common_voice_cv_17436933,7.2
common_voice_cv_17436936,7.32
common_voice_cv_17436939,6.888
common_voice_cv_17436941,4.944
common_voice_cv_17436942,6.384
common_voice_cv_17436943,6.528
common_voice_cv_17436944,5.88
common_voice_cv_17436945,5.544
common_voice_cv_17436946,3.576
common_voice_cv_17436947,4.44
common_voice_cv_17436953,6.816
common_voice_cv_17436954,4.176
common_voice_cv_17436955,3.288
common_voice_cv_17436956,4.776
common_voice_cv_17436957,3.888
common_voice_cv_17443603,3.192
common_voice_cv_17443604,2.76
common_voice_cv_17443605,3.936
common_voice_cv_17443606,2.544
common_voice_cv_17443607,2.064
common_voice_cv_17531160,2.328
common_voice_cv_17568426,5.856
common_voice_cv_17568427,2.424
common_voice_cv_17568428,5.064
common_voice_cv_17568429,5.904
common_voice_cv_17568430,4.344
common_voice_cv_17649367,4.896
common_voice_cv_17649368,5.136
common_voice_cv_17649369,5.424
common_voice_cv_17649370,4.896
common_voice_cv_17649371,3.336
common_voice_cv_17649372,5.784
common_voice_cv_17649373,6.864
common_voice_cv_17649374,5.904
common_voice_cv_17649375,5.664
common_voice_cv_17649376,3.384
common_voice_cv_17649377,6.576
common_voice_cv_17649378,3.864
common_voice_cv_17649379,4.824
common_voice_cv_17649385,5.496
common_voice_cv_17649386,7.944
common_voice_cv_17649387,3.936
common_voice_cv_17649388,6.864
common_voice_cv_17649389,4.104
common_voice_cv_17656098,2.784
common_voice_cv_17656099,4.584
common_voice_cv_17656100,6.264
common_voice_cv_17805397,6.096
common_voice_cv_17805398,4.344
common_voice_cv_17805399,8.904
common_voice_cv_17805400,4.104
common_voice_cv_17805401,4.056
common_voice_cv_17805417,5.496
common_voice_cv_17805418,4.584
common_voice_cv_17805419,6.984
common_voice_cv_17805421,7.704
common_voice_cv_17805424,3.576
common_voice_cv_17805442,4.056
common_voice_cv_17805443,7.824
common_voice_cv_17805444,8.256
common_voice_cv_17805445,5.376
common_voice_cv_17805446,4.344
common_voice_cv_17805460,4.776
common_voice_cv_17805461,6.096
common_voice_cv_17805463,7.056
common_voice_cv_17805464,4.296
common_voice_cv_17805465,4.344
common_voice_cv_17805467,6.576
common_voice_cv_17805468,3.456
common_voice_cv_17805469,2.544
common_voice_cv_17805470,7.824
common_voice_cv_17805471,6.816
common_voice_cv_17805473,4.896
common_voice_cv_17805474,2.256
common_voice_cv_17805475,2.736
common_voice_cv_17805476,2.256
common_voice_cv_17805480,5.784
common_voice_cv_17805481,2.664
common_voice_cv_17805482,2.736
common_voice_cv_17805483,3.144
common_voice_cv_17805484,4.176
common_voice_cv_17871409,7.008
common_voice_cv_17871410,5.976
common_voice_cv_17871411,6.168
common_voice_cv_17871412,4.392
common_voice_cv_17871413,3.48
common_voice_cv_17871419,7.512
common_voice_cv_17871420,9.912
common_voice_cv_17871421,6.336
common_voice_cv_17871422,4.56
common_voice_cv_17871423,5.136
common_voice_cv_17873810,5.88
common_voice_cv_17873811,6.648
common_voice_cv_17873812,6.864
common_voice_cv_17873813,4.248
common_voice_cv_17873814,5.304
common_voice_cv_17878111,4.944
common_voice_cv_17878112,8.016
common_voice_cv_17878113,6.264
common_voice_cv_17878114,6.336
common_voice_cv_17878115,6.384
common_voice_cv_18025610,7.104
common_voice_cv_18025611,6.216
common_voice_cv_18025612,5.232
common_voice_cv_18025613,5.568
common_voice_cv_18025614,3.24
common_voice_cv_18025615,3.264
common_voice_cv_18025616,4.032
common_voice_cv_18025617,4.44
common_voice_cv_18025618,3.264
common_voice_cv_18025619,1.752
common_voice_cv_18025620,2.88
common_voice_cv_18025621,1.968
common_voice_cv_18025622,3.696
common_voice_cv_18025623,2.712
common_voice_cv_18025624,2.76
common_voice_cv_18025625,3.888
common_voice_cv_18025626,2.496
common_voice_cv_18025627,5.808
common_voice_cv_18025628,5.136
common_voice_cv_18025629,4.128
common_voice_cv_18025630,3.624
common_voice_cv_18025631,3.648
common_voice_cv_18025632,3.048
common_voice_cv_18025633,2.16
common_voice_cv_18025634,3.936
common_voice_cv_18025635,1.872
common_voice_cv_18025636,4.464
common_voice_cv_18025637,6.144
common_voice_cv_18025638,2.616
common_voice_cv_18025639,2.28
common_voice_cv_18025640,3.216
common_voice_cv_18025641,2.76
common_voice_cv_18025642,2.232
common_voice_cv_18025643,5.616
common_voice_cv_18025644,2.232
common_voice_cv_18025645,5.904
common_voice_cv_18025646,3.264
common_voice_cv_18025647,2.592
common_voice_cv_18025648,2.928
common_voice_cv_18025649,3.456
common_voice_cv_18025650,5.448
common_voice_cv_18025651,4.152
common_voice_cv_18025652,4.344
common_voice_cv_18025653,1.704
common_voice_cv_18025654,1.992
common_voice_cv_18025655,3.072
common_voice_cv_18025656,6.384
common_voice_cv_18025657,4.536
common_voice_cv_18025658,4.992
common_voice_cv_18025659,4.056
common_voice_cv_18025665,3.96
common_voice_cv_18025666,2.112
common_voice_cv_18025667,2.784
common_voice_cv_18025668,3.48
common_voice_cv_18025669,6.528
common_voice_cv_18025685,3.336
common_voice_cv_18025686,3.912
common_voice_cv_18025687,2.88
common_voice_cv_18025688,3.648
common_voice_cv_18025689,5.256
common_voice_cv_18025695,2.688
common_voice_cv_18025696,2.64
common_voice_cv_18025697,1.44
common_voice_cv_18025698,3.384
common_voice_cv_18025699,4.128
common_voice_cv_18025710,5.112
common_voice_cv_18025711,2.52
common_voice_cv_18025712,3.552
common_voice_cv_18025713,6.84
common_voice_cv_18025714,4.08
common_voice_cv_18025740,3.864
common_voice_cv_18025741,2.52
common_voice_cv_18025742,4.392
common_voice_cv_18025743,3.36
common_voice_cv_18025744,5.52
common_voice_cv_18025750,3.696
common_voice_cv_18025751,3.456
common_voice_cv_18025753,2.544
common_voice_cv_18025754,2.568
common_voice_cv_18025760,6.504
common_voice_cv_18025761,3.216
common_voice_cv_18025762,4.176
common_voice_cv_18025763,4.992
common_voice_cv_18025765,5.688
common_voice_cv_18025780,3.912
common_voice_cv_18025781,1.392
common_voice_cv_18025782,2.352
common_voice_cv_18025783,3.672
common_voice_cv_18025784,4.368
common_voice_cv_18025790,1.752
common_voice_cv_18025791,4.776
common_voice_cv_18025792,3.12
common_voice_cv_18025793,1.968
common_voice_cv_18025794,2.544
common_voice_cv_18025795,2.28
common_voice_cv_18025796,1.848
common_voice_cv_18025797,5.76
common_voice_cv_18025798,2.976
common_voice_cv_18025799,5.64
common_voice_cv_18025805,3.384
common_voice_cv_18025806,3.432
common_voice_cv_18025807,3.6
common_voice_cv_18025808,1.656
common_voice_cv_18025809,3.264
common_voice_cv_18025815,5.28
common_voice_cv_18025816,1.296
common_voice_cv_18025817,5.448
common_voice_cv_18025818,3.576
common_voice_cv_18025819,4.272
common_voice_cv_18025825,4.704
common_voice_cv_18025826,4.632
common_voice_cv_18025827,3.432
common_voice_cv_18025828,2.304
common_voice_cv_18025829,4.008
common_voice_cv_18025834,2.112
common_voice_cv_18025835,2.088
common_voice_cv_18025836,3.792
common_voice_cv_18025838,2.064
common_voice_cv_18025839,2.16
common_voice_cv_18025845,2.856
common_voice_cv_18025846,4.752
common_voice_cv_18025847,3.36
common_voice_cv_18025848,3.6
common_voice_cv_18025849,3.648
common_voice_cv_18025875,3.912
common_voice_cv_18025876,3.504
common_voice_cv_18025877,2.952
common_voice_cv_18025878,3.984
common_voice_cv_18025879,4.296
common_voice_cv_18025885,4.368
common_voice_cv_18025886,2.736
common_voice_cv_18025887,4.368
common_voice_cv_18025888,4.872
common_voice_cv_18025889,2.4
common_voice_cv_18025900,5.496
common_voice_cv_18025901,3.216
common_voice_cv_18025902,2.568
common_voice_cv_18025903,7.848
common_voice_cv_18025904,5.256
common_voice_cv_18025910,3.24
common_voice_cv_18025911,4.032
common_voice_cv_18025912,2.664
common_voice_cv_18025913,4.296
common_voice_cv_18025914,3.024
common_voice_cv_18025920,4.8
common_voice_cv_18025922,5.064
common_voice_cv_18025923,2.784
common_voice_cv_18025924,3.6
common_voice_cv_18025940,2.4
common_voice_cv_18025941,6.072
common_voice_cv_18025942,2.592
common_voice_cv_18025943,3.384
common_voice_cv_18025944,3.216
common_voice_cv_18025950,5.16
common_voice_cv_18025951,5.76
common_voice_cv_18025952,3.48
common_voice_cv_18025953,5.04
common_voice_cv_18025954,4.08
common_voice_cv_18025957,2.592
common_voice_cv_18025959,4.44
common_voice_cv_18025960,3.072
common_voice_cv_18025962,3.408
common_voice_cv_18025963,3.768
common_voice_cv_18025965,3.072
common_voice_cv_18025966,3.744
common_voice_cv_18025967,7.104
common_voice_cv_18025968,3.024
common_voice_cv_18025969,3.744
common_voice_cv_18025970,3.36
common_voice_cv_18025971,4.32
common_voice_cv_18025972,5.136
common_voice_cv_18025973,2.52
common_voice_cv_18025974,4.56
common_voice_cv_18025991,4.56
common_voice_cv_18025995,2.688
common_voice_cv_18025996,5.064
common_voice_cv_18025997,2.088
common_voice_cv_18026000,2.064
common_voice_cv_18026001,5.136
common_voice_cv_18026002,4.68
common_voice_cv_18026003,2.52
common_voice_cv_18026005,4.824
common_voice_cv_18026010,5.16
common_voice_cv_18026011,2.136
common_voice_cv_18026012,4.656
common_voice_cv_18026013,6.0
common_voice_cv_18026014,3.192
common_voice_cv_18026020,3.048
common_voice_cv_18026021,2.904
common_voice_cv_18026022,3.888
common_voice_cv_18026023,2.688
common_voice_cv_18026024,3.264
common_voice_cv_18026030,5.736
common_voice_cv_18026031,4.536
common_voice_cv_18026032,4.152
common_voice_cv_18026033,4.752
common_voice_cv_18026034,7.752
common_voice_cv_18026045,3.84
common_voice_cv_18026046,3.72
common_voice_cv_18026047,5.472
common_voice_cv_18026048,4.92
common_voice_cv_18026049,3.624
common_voice_cv_18026060,2.496
common_voice_cv_18026061,2.232
common_voice_cv_18026062,3.696
common_voice_cv_18026063,5.424
common_voice_cv_18026064,3.24
common_voice_cv_18026075,4.488
common_voice_cv_18026076,3.696
common_voice_cv_18026077,6.36
common_voice_cv_18026078,2.664
common_voice_cv_18026079,5.592
common_voice_cv_18026090,4.656
common_voice_cv_18026091,4.464
common_voice_cv_18026092,8.352
common_voice_cv_18026093,2.688
common_voice_cv_18026094,6.504
common_voice_cv_18026100,3.0
common_voice_cv_18026101,2.496
common_voice_cv_18026102,4.392
common_voice_cv_18026103,3.144
common_voice_cv_18026105,2.832
common_voice_cv_18026120,5.616
common_voice_cv_18026121,2.472
common_voice_cv_18026122,3.12
common_voice_cv_18026123,6.816
common_voice_cv_18026124,6.168
common_voice_cv_18026128,6.384
common_voice_cv_18026130,1.872
common_voice_cv_18026131,3.312
common_voice_cv_18026133,3.168
common_voice_cv_18026134,2.664
common_voice_cv_18026150,4.608
common_voice_cv_18026151,5.856
common_voice_cv_18026152,2.88
common_voice_cv_18026153,3.672
common_voice_cv_18026154,4.152
common_voice_cv_18026160,3.264
common_voice_cv_18026161,2.088
common_voice_cv_18026162,2.616
common_voice_cv_18026163,2.568
common_voice_cv_18026164,4.104
common_voice_cv_18026165,2.832
common_voice_cv_18026166,5.328
common_voice_cv_18026167,5.4
common_voice_cv_18026168,8.832
common_voice_cv_18026169,3.768
common_voice_cv_18026175,2.592
common_voice_cv_18026176,3.144
common_voice_cv_18026177,5.592
common_voice_cv_18026178,5.352
common_voice_cv_18026179,2.376
common_voice_cv_18026200,7.2
common_voice_cv_18026201,4.944
common_voice_cv_18026202,3.744
common_voice_cv_18026203,5.472
common_voice_cv_18026204,4.632
common_voice_cv_18026215,3.48
common_voice_cv_18026216,2.88
common_voice_cv_18026217,1.584
common_voice_cv_18026218,6.312
common_voice_cv_18026219,7.776
common_voice_cv_18026225,3.936
common_voice_cv_18026226,3.408
common_voice_cv_18026227,3.168
common_voice_cv_18026228,3.528
common_voice_cv_18026229,4.512
common_voice_cv_18026240,3.648
common_voice_cv_18026241,4.128
common_voice_cv_18026242,2.976
common_voice_cv_18026243,2.976
common_voice_cv_18026244,1.848
common_voice_cv_18026255,4.632
common_voice_cv_18026256,3.096
common_voice_cv_18026257,4.584
common_voice_cv_18026258,5.112
common_voice_cv_18026259,4.128
common_voice_cv_18026265,7.68
common_voice_cv_18026266,3.552
common_voice_cv_18026267,2.976
common_voice_cv_18026268,5.784
common_voice_cv_18026269,2.232
common_voice_cv_18026287,4.416
common_voice_cv_18026290,4.896
common_voice_cv_18026292,6.024
common_voice_cv_18026293,6.48
common_voice_cv_18026294,3.072
common_voice_cv_18026320,7.44
common_voice_cv_18026321,6.072
common_voice_cv_18026322,5.904
common_voice_cv_18026323,6.528
common_voice_cv_18026324,2.76
common_voice_cv_18026335,3.984
common_voice_cv_18026336,8.016
common_voice_cv_18026338,4.584
common_voice_cv_18026339,4.872
common_voice_cv_18026345,2.304
common_voice_cv_18026346,5.592
common_voice_cv_18026347,3.84
common_voice_cv_18026348,4.656
common_voice_cv_18026349,4.512
common_voice_cv_18026395,3.696
common_voice_cv_18026396,4.344
common_voice_cv_18026397,4.104
common_voice_cv_18026398,4.632
common_voice_cv_18026399,2.616
common_voice_cv_18026407,4.248
common_voice_cv_18026410,4.776
common_voice_cv_18026414,3.168
common_voice_cv_18026417,3.432
common_voice_cv_18026418,4.2
common_voice_cv_18026435,5.352
common_voice_cv_18026436,3.816
common_voice_cv_18026437,4.776
common_voice_cv_18026438,5.712
common_voice_cv_18026439,1.896
common_voice_cv_18026455,3.264
common_voice_cv_18026456,6.24
common_voice_cv_18026457,6.792
common_voice_cv_18026458,7.944
common_voice_cv_18026459,2.424
common_voice_cv_18026470,5.688
common_voice_cv_18026471,4.32
common_voice_cv_18026472,4.92
common_voice_cv_18026473,3.24
common_voice_cv_18026474,3.648
common_voice_cv_18026495,3.456
common_voice_cv_18026496,3.792
common_voice_cv_18026497,1.848
common_voice_cv_18026498,6.528
common_voice_cv_18026499,6.072
common_voice_cv_18026515,7.824
common_voice_cv_18026516,3.36
common_voice_cv_18026517,3.864
common_voice_cv_18026518,6.864
common_voice_cv_18026519,3.984
common_voice_cv_18026533,4.584
common_voice_cv_18026534,4.272
common_voice_cv_18026535,6.36
common_voice_cv_18026536,3.096
common_voice_cv_18026538,3.0
common_voice_cv_18026566,4.92
common_voice_cv_18026570,4.968
common_voice_cv_18026572,4.104
common_voice_cv_18026573,7.704
common_voice_cv_18026574,2.472
common_voice_cv_18026581,4.728
common_voice_cv_18026582,4.68
common_voice_cv_18026583,2.952
common_voice_cv_18026585,6.408
common_voice_cv_18026586,2.904
common_voice_cv_18026645,2.952
common_voice_cv_18026646,5.232
common_voice_cv_18026647,3.48
common_voice_cv_18026648,5.064
common_voice_cv_18026649,4.896
common_voice_cv_18026655,3.864
common_voice_cv_18026656,3.144
common_voice_cv_18026657,3.192
common_voice_cv_18026658,4.248
common_voice_cv_18026659,2.976
common_voice_cv_18026675,3.744
common_voice_cv_18026676,2.88
common_voice_cv_18026677,4.752
common_voice_cv_18026678,5.064
common_voice_cv_18026679,3.792
common_voice_cv_18026683,3.648
common_voice_cv_18026684,3.072
common_voice_cv_18026685,3.528
common_voice_cv_18026686,6.12
common_voice_cv_18026687,3.024
common_voice_cv_18026695,2.976
common_voice_cv_18026696,4.56
common_voice_cv_18026697,3.888
common_voice_cv_18026698,3.12
common_voice_cv_18026699,3.024
common_voice_cv_18026706,3.912
common_voice_cv_18026708,2.76
common_voice_cv_18026709,2.952
common_voice_cv_18026711,4.344
common_voice_cv_18026713,6.792
common_voice_cv_18026725,4.56
common_voice_cv_18026726,5.064
common_voice_cv_18026727,5.256
common_voice_cv_18026729,3.528
common_voice_cv_18026730,6.024
common_voice_cv_18026740,4.32
common_voice_cv_18026741,3.192
common_voice_cv_18026742,6.0
common_voice_cv_18026743,3.984
common_voice_cv_18026744,5.28
common_voice_cv_18026755,2.736
common_voice_cv_18026756,4.272
common_voice_cv_18026757,3.456
common_voice_cv_18026758,4.248
common_voice_cv_18026759,4.008
common_voice_cv_18026780,4.632
common_voice_cv_18026781,5.904
common_voice_cv_18026782,6.648
common_voice_cv_18026783,3.192
common_voice_cv_18026784,6.984
common_voice_cv_18026795,6.048
common_voice_cv_18026796,6.624
common_voice_cv_18026797,4.968
common_voice_cv_18026798,2.712
common_voice_cv_18026799,4.68
common_voice_cv_18026810,5.472
common_voice_cv_18026811,4.344
common_voice_cv_18026812,5.592
common_voice_cv_18026813,4.824
common_voice_cv_18026814,3.576
common_voice_cv_18026925,5.376
common_voice_cv_18026926,2.976
common_voice_cv_18026927,3.672
common_voice_cv_18026928,5.328
common_voice_cv_18026929,3.288
common_voice_cv_18026930,4.656
common_voice_cv_18026931,4.8
common_voice_cv_18026932,4.344
common_voice_cv_18026933,7.704
common_voice_cv_18026934,6.648
common_voice_cv_18026935,3.816
common_voice_cv_18026936,2.328
common_voice_cv_18026937,4.776
common_voice_cv_18026938,3.6
common_voice_cv_18026939,3.504
common_voice_cv_18026940,4.488
common_voice_cv_18026941,3.0
common_voice_cv_18026942,4.128
common_voice_cv_18026943,2.376
common_voice_cv_18026944,6.48
common_voice_cv_18026945,2.352
common_voice_cv_18026946,2.856
common_voice_cv_18026947,3.024
common_voice_cv_18026948,4.728
common_voice_cv_18026949,3.48
common_voice_cv_18026950,6.072
common_voice_cv_18026951,3.984
common_voice_cv_18026952,5.832
common_voice_cv_18026953,4.248
common_voice_cv_18026954,3.576
common_voice_cv_18026960,4.032
common_voice_cv_18026961,4.632
common_voice_cv_18026962,3.24
common_voice_cv_18026963,2.544
common_voice_cv_18026964,5.76
common_voice_cv_18026965,4.512
common_voice_cv_18026966,4.608
common_voice_cv_18026967,3.48
common_voice_cv_18026968,4.608
common_voice_cv_18026969,5.592
common_voice_cv_18026975,3.456
common_voice_cv_18026976,3.672
common_voice_cv_18026977,4.368
common_voice_cv_18026978,3.648
common_voice_cv_18026979,7.104
common_voice_cv_18026980,3.936
common_voice_cv_18026981,5.112
common_voice_cv_18026982,3.216
common_voice_cv_18026983,2.28
common_voice_cv_18026984,5.808
common_voice_cv_18026988,1.56
common_voice_cv_18026990,6.768
common_voice_cv_18026991,3.552
common_voice_cv_18026993,5.688
common_voice_cv_18026994,2.088
common_voice_cv_18026995,4.2
common_voice_cv_18026996,3.48
common_voice_cv_18026997,2.736
common_voice_cv_18026998,3.36
common_voice_cv_18026999,4.128
common_voice_cv_18027005,4.368
common_voice_cv_18027006,3.504
common_voice_cv_18027007,5.016
common_voice_cv_18027008,4.008
common_voice_cv_18027009,3.984
common_voice_cv_18027015,4.608
common_voice_cv_18027016,4.56
common_voice_cv_18027017,2.016
common_voice_cv_18027018,6.048
common_voice_cv_18027019,2.376
common_voice_cv_18027025,6.312
common_voice_cv_18027026,4.512
common_voice_cv_18027027,3.168
common_voice_cv_18027028,6.0
common_voice_cv_18027029,5.472
common_voice_cv_18027035,6.096
common_voice_cv_18027036,3.0
common_voice_cv_18027037,2.592
common_voice_cv_18027038,2.352
common_voice_cv_18027039,3.432
common_voice_cv_18027050,4.104
common_voice_cv_18027052,4.032
common_voice_cv_18027053,5.952
common_voice_cv_18027054,4.632
common_voice_cv_18027060,3.024
common_voice_cv_18027061,5.952
common_voice_cv_18027062,4.104
common_voice_cv_18027063,4.968
common_voice_cv_18027064,3.696
common_voice_cv_18027070,6.096
common_voice_cv_18027071,4.272
common_voice_cv_18027072,5.88
common_voice_cv_18027073,2.232
common_voice_cv_18027074,4.608
common_voice_cv_18027311,5.232
common_voice_cv_18027312,3.696
common_voice_cv_18027314,5.568
common_voice_cv_18027315,2.832
common_voice_cv_18027317,6.048
common_voice_cv_18027326,4.848
common_voice_cv_18027327,5.352
common_voice_cv_18027328,2.592
common_voice_cv_18027329,3.36
common_voice_cv_18027330,4.08
common_voice_cv_18027341,3.912
common_voice_cv_18027342,4.392
common_voice_cv_18027343,4.152
common_voice_cv_18027344,6.336
common_voice_cv_18027345,3.84
common_voice_cv_18027356,4.848
common_voice_cv_18027357,4.56
common_voice_cv_18027358,5.616
common_voice_cv_18027359,4.776
common_voice_cv_18027360,4.32
common_voice_cv_18027371,5.568
common_voice_cv_18027372,2.232
common_voice_cv_18027373,3.024
common_voice_cv_18027374,2.928
common_voice_cv_18027375,4.464
common_voice_cv_18027376,3.84
common_voice_cv_18027377,2.784
common_voice_cv_18027378,2.76
common_voice_cv_18027379,2.424
common_voice_cv_18027380,3.576
common_voice_cv_18027391,2.544
common_voice_cv_18027392,3.408
common_voice_cv_18027393,2.208
common_voice_cv_18027394,3.792
common_voice_cv_18027395,3.984
common_voice_cv_18027406,3.576
common_voice_cv_18027407,3.072
common_voice_cv_18027408,4.32
common_voice_cv_18027409,2.904
common_voice_cv_18027410,2.712
common_voice_cv_18027426,5.376
common_voice_cv_18027427,3.432
common_voice_cv_18027428,3.6
common_voice_cv_18027429,4.656
common_voice_cv_18027430,3.912
common_voice_cv_18027441,6.168
common_voice_cv_18027442,4.608
common_voice_cv_18027443,2.64
common_voice_cv_18027444,3.648
common_voice_cv_18027445,6.744
common_voice_cv_18027456,6.072
common_voice_cv_18027457,3.384
common_voice_cv_18027458,4.128
common_voice_cv_18027459,6.96
common_voice_cv_18027479,3.648
common_voice_cv_18027481,4.8
common_voice_cv_18027483,5.016
common_voice_cv_18027484,4.632
common_voice_cv_18027485,4.128
common_voice_cv_18027496,4.8
common_voice_cv_18027497,3.96
common_voice_cv_18027498,5.328
common_voice_cv_18027499,5.232
common_voice_cv_18027500,4.32
common_voice_cv_18027511,2.088
common_voice_cv_18027512,3.528
common_voice_cv_18027513,4.512
common_voice_cv_18027514,1.968
common_voice_cv_18027515,1.872
common_voice_cv_18027523,4.416
common_voice_cv_18027525,3.048
common_voice_cv_18027527,2.928
common_voice_cv_18027528,6.72
common_voice_cv_18027530,2.544
common_voice_cv_18027536,3.768
common_voice_cv_18027537,3.168
common_voice_cv_18027538,5.568
common_voice_cv_18027540,5.016
common_voice_cv_18027541,3.168
common_voice_cv_18027551,5.232
common_voice_cv_18027552,4.992
common_voice_cv_18027553,3.984
common_voice_cv_18027554,1.728
common_voice_cv_18027555,5.568
common_voice_cv_18027556,3.672
common_voice_cv_18027557,4.2
common_voice_cv_18027558,3.144
common_voice_cv_18027559,6.264
common_voice_cv_18027560,3.216
common_voice_cv_18027576,2.448
common_voice_cv_18027577,5.592
common_voice_cv_18027578,3.792
common_voice_cv_18027579,5.352
common_voice_cv_18027580,4.632
common_voice_cv_18027601,3.216
common_voice_cv_18027602,2.496
common_voice_cv_18027603,2.856
common_voice_cv_18027604,4.08
common_voice_cv_18027605,4.128
common_voice_cv_18027621,5.616
common_voice_cv_18027622,3.12
common_voice_cv_18027623,3.48
common_voice_cv_18027624,3.816
common_voice_cv_18027625,4.056
common_voice_cv_18027646,2.784
common_voice_cv_18027647,5.904
common_voice_cv_18027648,3.552
common_voice_cv_18027649,3.912
common_voice_cv_18027650,5.136
common_voice_cv_18027661,3.48
common_voice_cv_18027662,3.768
common_voice_cv_18027663,2.76
common_voice_cv_18027664,5.832
common_voice_cv_18027665,2.4
common_voice_cv_18027676,7.32
common_voice_cv_18027677,4.752
common_voice_cv_18027678,4.608
common_voice_cv_18027679,3.384
common_voice_cv_18027680,2.28
common_voice_cv_18027691,2.832
common_voice_cv_18027692,4.776
common_voice_cv_18027693,3.408
common_voice_cv_18027694,5.28
common_voice_cv_18027695,4.32
common_voice_cv_18027701,2.112
common_voice_cv_18027702,6.192
common_voice_cv_18027703,4.896
common_voice_cv_18027704,4.92
common_voice_cv_18027705,4.008
common_voice_cv_18027711,4.464
common_voice_cv_18027712,1.704
common_voice_cv_18027713,4.848
common_voice_cv_18027714,4.824
common_voice_cv_18027715,5.592
common_voice_cv_18027726,3.72
common_voice_cv_18027727,3.048
common_voice_cv_18027728,3.192
common_voice_cv_18027729,2.592
common_voice_cv_18027731,3.792
common_voice_cv_18027746,4.512
common_voice_cv_18027747,5.712
common_voice_cv_18027748,3.576
common_voice_cv_18027749,4.56
common_voice_cv_18027750,4.296
common_voice_cv_18027751,3.432
common_voice_cv_18027753,2.184
common_voice_cv_18027754,4.56
common_voice_cv_18027755,3.12
common_voice_cv_18027770,5.256
common_voice_cv_18027772,2.832
common_voice_cv_18027773,3.48
common_voice_cv_18027775,3.768
common_voice_cv_18027776,4.368
common_voice_cv_18027791,4.872
common_voice_cv_18027792,2.592
common_voice_cv_18027793,3.624
common_voice_cv_18027794,6.216
common_voice_cv_18027795,2.76
common_voice_cv_18027801,2.472
common_voice_cv_18027802,4.296
common_voice_cv_18027803,3.36
common_voice_cv_18027804,5.952
common_voice_cv_18027805,4.464
common_voice_cv_18027811,4.44
common_voice_cv_18027812,3.744
common_voice_cv_18027813,3.0
common_voice_cv_18027814,1.992
common_voice_cv_18027815,4.392
common_voice_cv_18027818,3.192
common_voice_cv_18027820,2.592
common_voice_cv_18027822,3.288
common_voice_cv_18027824,3.864
common_voice_cv_18027825,4.416
common_voice_cv_18027831,3.312
common_voice_cv_18027832,4.104
common_voice_cv_18027833,4.416
common_voice_cv_18027834,3.72
common_voice_cv_18027836,5.016
common_voice_cv_18027837,2.4
common_voice_cv_18027838,4.848
common_voice_cv_18027839,2.88
common_voice_cv_18027840,4.8
common_voice_cv_18027846,2.976
common_voice_cv_18027847,3.024
common_voice_cv_18027848,3.0
common_voice_cv_18027849,3.624
common_voice_cv_18027850,2.904
common_voice_cv_18027857,5.808
common_voice_cv_18027858,2.616
common_voice_cv_18027859,2.856
common_voice_cv_18027860,3.648
common_voice_cv_18027871,4.608
common_voice_cv_18027872,6.192
common_voice_cv_18027873,1.896
common_voice_cv_18027874,2.352
common_voice_cv_18027875,3.168
common_voice_cv_18027886,3.096
common_voice_cv_18027887,2.856
common_voice_cv_18027888,5.4
common_voice_cv_18027889,3.384
common_voice_cv_18027890,4.872
common_voice_cv_18027896,4.392
common_voice_cv_18027897,3.936
common_voice_cv_18027898,5.496
common_voice_cv_18027899,4.416
common_voice_cv_18027900,5.328
common_voice_cv_18027901,1.752
common_voice_cv_18027902,2.928
common_voice_cv_18027903,3.552
common_voice_cv_18027904,3.864
common_voice_cv_18027905,2.112
common_voice_cv_18027915,2.232
common_voice_cv_18027917,2.376
common_voice_cv_18027919,3.192
common_voice_cv_18027922,2.808
common_voice_cv_18027931,2.256
common_voice_cv_18027932,3.96
common_voice_cv_18027933,2.4
common_voice_cv_18027934,1.944
common_voice_cv_18027935,5.544
common_voice_cv_18027936,2.04
common_voice_cv_18027937,2.64
common_voice_cv_18027938,2.808
common_voice_cv_18027939,3.072
common_voice_cv_18027940,2.232
common_voice_cv_18027946,3.24
common_voice_cv_18027947,6.168
common_voice_cv_18027948,3.48
common_voice_cv_18027949,3.192
common_voice_cv_18027950,3.552
common_voice_cv_18027966,4.08
common_voice_cv_18027967,4.032
common_voice_cv_18027968,3.264
common_voice_cv_18027969,3.528
common_voice_cv_18027970,4.992
common_voice_cv_18027976,4.008
common_voice_cv_18027977,3.744
common_voice_cv_18027978,4.632
common_voice_cv_18027979,4.32
common_voice_cv_18027980,5.952
common_voice_cv_18027991,2.808
common_voice_cv_18027992,3.504
common_voice_cv_18027993,3.936
common_voice_cv_18027994,3.192
common_voice_cv_18027995,5.088
common_voice_cv_18028001,2.136
common_voice_cv_18028002,3.456
common_voice_cv_18028003,5.712
common_voice_cv_18028004,3.384
common_voice_cv_18028005,2.328
common_voice_cv_18028016,6.168
common_voice_cv_18028017,6.24
common_voice_cv_18028018,3.6
common_voice_cv_18028019,5.352
common_voice_cv_18028020,4.632
common_voice_cv_18028027,2.712
common_voice_cv_18028028,2.568
common_voice_cv_18028029,4.032
common_voice_cv_18028030,5.952
common_voice_cv_18028041,3.624
common_voice_cv_18028042,2.352
common_voice_cv_18028043,4.2
common_voice_cv_18028044,3.888
common_voice_cv_18028045,7.584
common_voice_cv_18028051,4.848
common_voice_cv_18028052,2.424
common_voice_cv_18028053,3.912
common_voice_cv_18028062,5.448
common_voice_cv_18028063,4.368
common_voice_cv_18028064,3.192
common_voice_cv_18028065,3.648
common_voice_cv_18028071,3.36
common_voice_cv_18028072,3.0
common_voice_cv_18028073,2.832
common_voice_cv_18028074,4.2
common_voice_cv_18028075,4.128
common_voice_cv_18028086,3.72
common_voice_cv_18028087,3.384
common_voice_cv_18028088,6.192
common_voice_cv_18028089,3.216
common_voice_cv_18028090,3.312
common_voice_cv_18028106,3.336
common_voice_cv_18028107,4.584
common_voice_cv_18028108,4.776
common_voice_cv_18028109,3.864
common_voice_cv_18028122,4.632
common_voice_cv_18028124,4.872
common_voice_cv_18028126,3.096
common_voice_cv_18028128,3.192
common_voice_cv_18028130,5.448
common_voice_cv_18028131,3.0
common_voice_cv_18028132,2.16
common_voice_cv_18028133,2.256
common_voice_cv_18028135,1.848
common_voice_cv_18028146,3.024
common_voice_cv_18028147,5.4
common_voice_cv_18028148,3.192
common_voice_cv_18028149,3.504
common_voice_cv_18028150,3.792
common_voice_cv_18028161,3.744
common_voice_cv_18028162,3.576
common_voice_cv_18028163,5.304
common_voice_cv_18028164,2.496
common_voice_cv_18028165,2.856
common_voice_cv_18028174,3.408
common_voice_cv_18028175,5.952
common_voice_cv_18028176,3.072
common_voice_cv_18028177,3.384
common_voice_cv_18028178,2.472
common_voice_cv_18028191,5.688
common_voice_cv_18028192,3.264
common_voice_cv_18028193,3.264
common_voice_cv_18028194,2.832
common_voice_cv_18028195,4.824
common_voice_cv_18028219,5.112
common_voice_cv_18028221,4.704
common_voice_cv_18028223,3.48
common_voice_cv_18028224,3.552
common_voice_cv_18028225,5.28
common_voice_cv_18028226,4.272
common_voice_cv_18028227,2.544
common_voice_cv_18028229,5.808
common_voice_cv_18028230,4.632
common_voice_cv_18028266,3.888
common_voice_cv_18028267,4.176
common_voice_cv_18028268,1.608
common_voice_cv_18028269,4.872
common_voice_cv_18028270,4.392
common_voice_cv_18028271,2.832
common_voice_cv_18028272,2.352
common_voice_cv_18028273,5.472
common_voice_cv_18028274,3.84
common_voice_cv_18028275,3.408
common_voice_cv_18028291,5.136
common_voice_cv_18028292,3.408
common_voice_cv_18028293,5.4
common_voice_cv_18028294,5.64
common_voice_cv_18028295,3.648
common_voice_cv_18028296,2.256
common_voice_cv_18028297,3.456
common_voice_cv_18028298,3.552
common_voice_cv_18028299,3.312
common_voice_cv_18028300,3.456
common_voice_cv_18028306,2.736
common_voice_cv_18028307,2.688
common_voice_cv_18028308,4.752
common_voice_cv_18028309,4.56
common_voice_cv_18028310,5.592
common_voice_cv_18028316,3.48
common_voice_cv_18028317,3.96
common_voice_cv_18028318,2.424
common_voice_cv_18028320,3.672
common_voice_cv_18028321,4.464
common_voice_cv_18028326,3.48
common_voice_cv_18028327,3.312
common_voice_cv_18028328,3.648
common_voice_cv_18028329,5.976
common_voice_cv_18028330,2.784
common_voice_cv_18028331,4.392
common_voice_cv_18028332,4.176
common_voice_cv_18028334,2.112
common_voice_cv_18028335,2.328
common_voice_cv_18028352,4.8
common_voice_cv_18028353,5.352
common_voice_cv_18028355,4.56
common_voice_cv_18028356,2.256
common_voice_cv_18028357,4.44
common_voice_cv_18028358,3.864
common_voice_cv_18028359,3.0
common_voice_cv_18028360,4.272
common_voice_cv_18028366,4.872
common_voice_cv_18028368,3.456
common_voice_cv_18028369,3.384
common_voice_cv_18028370,2.304
common_voice_cv_18028378,2.04
common_voice_cv_18028383,3.456
common_voice_cv_18028384,3.504
common_voice_cv_18029084,5.904
common_voice_cv_18029085,0.816
common_voice_cv_18029086,1.944
common_voice_cv_18029087,5.184
common_voice_cv_18029088,9.144
common_voice_cv_18039694,4.632
common_voice_cv_18039695,2.376
common_voice_cv_18039696,2.184
common_voice_cv_18039697,4.032
common_voice_cv_18039698,4.08
common_voice_cv_18044018,5.736
common_voice_cv_18044069,7.056
common_voice_cv_18044070,5.184
common_voice_cv_18044071,5.496
common_voice_cv_18044162,4.944
common_voice_cv_18044163,5.424
common_voice_cv_18044164,2.064
common_voice_cv_18059218,3.576
common_voice_cv_18059224,4.056
common_voice_cv_18059225,4.464
common_voice_cv_18059226,3.264
common_voice_cv_18059227,4.464
common_voice_cv_18059323,3.984
common_voice_cv_18059324,5.016
common_voice_cv_18059325,3.504
common_voice_cv_18059326,5.496
common_voice_cv_18059327,3.984
common_voice_cv_18074016,4.056
common_voice_cv_18074017,4.776
common_voice_cv_18074018,4.896
common_voice_cv_18074019,4.584
common_voice_cv_18074021,6.384
common_voice_cv_18188809,7.344
common_voice_cv_18188812,10.224
common_voice_cv_18188813,5.496
common_voice_cv_18188814,8.136
common_voice_cv_18188815,5.616
common_voice_cv_18231002,6.384
common_voice_cv_18231003,4.296
common_voice_cv_18231004,5.496
common_voice_cv_18231005,8.496
common_voice_cv_18231006,7.776
common_voice_cv_18231047,6.216
common_voice_cv_18231048,5.784
common_voice_cv_18231049,4.344
common_voice_cv_18231050,7.896
common_voice_cv_18231051,5.736
common_voice_cv_18231679,5.88
common_voice_cv_18231680,4.8
common_voice_cv_18231681,5.76
common_voice_cv_18231682,4.584
common_voice_cv_18231683,7.656
common_voice_cv_18655205,6.624
common_voice_cv_18655206,4.344
common_voice_cv_18655207,3.264
common_voice_cv_18655208,3.456
common_voice_cv_18655209,2.856
common_voice_cv_18655258,5.376
common_voice_cv_18655259,4.344
common_voice_cv_18655261,5.496
common_voice_cv_18655263,9.216
common_voice_cv_18655264,4.824
common_voice_cv_18655270,5.256
common_voice_cv_18655271,3.864
common_voice_cv_18655272,6.216
common_voice_cv_18655273,3.096
common_voice_cv_18655274,4.704
common_voice_cv_18655285,6.576
common_voice_cv_18655286,3.384
common_voice_cv_18655287,6.696
common_voice_cv_18655288,3.456
common_voice_cv_18655289,3.384
common_voice_cv_18690267,7.8
common_voice_cv_20787648,10.056
common_voice_cv_20787649,6.096
common_voice_cv_20787650,4.776
common_voice_cv_20787651,7.536
common_voice_cv_20787652,4.824
common_voice_cv_20787678,4.056
common_voice_cv_20787679,5.616
common_voice_cv_20787680,4.296
common_voice_cv_20787681,4.896
common_voice_cv_20787682,5.304
common_voice_cv_20787723,3.336
common_voice_cv_20787724,5.424
common_voice_cv_20787725,7.896
common_voice_cv_20787726,4.656
common_voice_cv_20787727,5.544
common_voice_cv_20787868,4.944
common_voice_cv_20787869,3.456
common_voice_cv_20787870,3.864
common_voice_cv_20787871,4.824
common_voice_cv_20787872,4.224
common_voice_cv_20787907,5.976
common_voice_cv_20787908,4.536
common_voice_cv_20787910,3.936
common_voice_cv_20787911,4.776
common_voice_cv_20787912,3.216
common_voice_cv_20787938,4.464
common_voice_cv_20787939,3.864
common_voice_cv_20787940,5.904
common_voice_cv_20787941,5.184
common_voice_cv_20787942,5.016
common_voice_cv_20787976,5.376
common_voice_cv_20787977,5.136
common_voice_cv_20787978,4.104
common_voice_cv_20787980,6.984
common_voice_cv_20787981,5.136
common_voice_cv_20788003,4.344
common_voice_cv_20788004,6.024
common_voice_cv_20788005,4.224
common_voice_cv_20788006,4.416
common_voice_cv_20788007,4.776
common_voice_cv_20788028,6.984
common_voice_cv_20788029,5.064
common_voice_cv_20788030,5.136
common_voice_cv_20788031,6.696
common_voice_cv_20788032,7.536
common_voice_cv_20788033,4.944
common_voice_cv_20788035,3.336
common_voice_cv_20788037,6.816
common_voice_cv_20788039,4.416
common_voice_cv_20788041,5.184
common_voice_cv_20788159,7.176
common_voice_cv_20788160,4.536
common_voice_cv_20788161,7.536
common_voice_cv_20788162,4.704
common_voice_cv_20788163,4.464
common_voice_cv_20788169,5.544
common_voice_cv_20788170,5.784
common_voice_cv_20788171,6.336
common_voice_cv_20788172,5.544
common_voice_cv_20788173,4.104
common_voice_cv_20788174,4.056
common_voice_cv_20788175,4.704
common_voice_cv_20788176,5.064
common_voice_cv_20788177,3.576
common_voice_cv_20788178,5.784
common_voice_cv_20788179,6.864
common_voice_cv_20788180,4.416
common_voice_cv_20788181,5.664
common_voice_cv_20788182,4.416
common_voice_cv_20788183,4.824
common_voice_cv_20788189,5.064
common_voice_cv_20788190,4.104
common_voice_cv_20788191,3.984
common_voice_cv_20788192,3.744
common_voice_cv_20788193,6.264
common_voice_cv_20788224,7.944
common_voice_cv_20788225,4.104
common_voice_cv_20788226,3.984
common_voice_cv_20788227,3.696
common_voice_cv_20788228,4.896
common_voice_cv_20788229,5.904
common_voice_cv_20788230,4.824
common_voice_cv_20788231,4.824
common_voice_cv_20788232,4.104
common_voice_cv_20788233,4.104
common_voice_cv_20788234,4.584
common_voice_cv_20788235,4.464
common_voice_cv_20788236,3.216
common_voice_cv_20788237,3.576
common_voice_cv_20788238,4.536
common_voice_cv_20788244,4.704
common_voice_cv_20788245,6.024
common_voice_cv_20788246,5.064
common_voice_cv_20788247,4.176
common_voice_cv_20788248,4.464
common_voice_cv_20788404,5.976
common_voice_cv_20788405,6.096
common_voice_cv_20788406,4.344
common_voice_cv_20788407,6.384
common_voice_cv_20788408,4.704
common_voice_cv_20788424,5.544
common_voice_cv_20788425,6.816
common_voice_cv_20788426,5.904
common_voice_cv_20788427,8.016
common_voice_cv_20788428,6.096
common_voice_cv_20788464,6.024
common_voice_cv_20788465,5.856
common_voice_cv_20788466,4.896
common_voice_cv_20788467,5.616
common_voice_cv_20788468,5.496
common_voice_cv_20788481,3.864
common_voice_cv_20788482,3.456
common_voice_cv_20788483,4.536
common_voice_cv_20788485,6.144
common_voice_cv_20788486,8.064
common_voice_cv_20788494,7.944
common_voice_cv_20788495,5.304
common_voice_cv_20788496,4.464
common_voice_cv_20788497,4.056
common_voice_cv_20788498,4.824
common_voice_cv_20788509,4.344
common_voice_cv_20788510,5.856
common_voice_cv_20788511,3.624
common_voice_cv_20788512,6.504
common_voice_cv_20788513,4.536
common_voice_cv_20788514,3.384
common_voice_cv_20788515,6.864
common_voice_cv_20788516,5.496
common_voice_cv_20788517,4.056
common_voice_cv_20788518,5.304
common_voice_cv_20788529,5.616
common_voice_cv_20788530,4.536
common_voice_cv_20788531,3.576
common_voice_cv_20788532,4.224
common_voice_cv_20788533,5.184
common_voice_cv_20788539,7.656
common_voice_cv_20788540,4.344
common_voice_cv_20788541,5.424
common_voice_cv_20788542,4.224
common_voice_cv_20788544,4.824
common_voice_cv_20788584,5.616
common_voice_cv_20788585,5.496
common_voice_cv_20788586,4.656
common_voice_cv_20788587,5.016
common_voice_cv_20788588,5.544
common_voice_cv_20788614,5.904
common_voice_cv_20788615,4.416
common_voice_cv_20788616,5.184
common_voice_cv_20788617,6.264
common_voice_cv_20788618,5.064
common_voice_cv_20788649,5.664
common_voice_cv_20788650,6.864
common_voice_cv_20788651,4.296
common_voice_cv_20788652,3.936
common_voice_cv_20788653,3.624
common_voice_cv_20788659,6.096
common_voice_cv_20788660,6.336
common_voice_cv_20788661,4.104
common_voice_cv_20788662,6.864
common_voice_cv_20788663,5.496
common_voice_cv_20788994,8.184
common_voice_cv_20788995,2.976
common_voice_cv_20788996,4.176
common_voice_cv_20788997,5.064
common_voice_cv_20788998,4.824
common_voice_cv_20789004,4.464
common_voice_cv_20789005,5.544
common_voice_cv_20789006,8.856
common_voice_cv_20789007,4.584
common_voice_cv_20789013,7.824
common_voice_cv_20789014,5.904
common_voice_cv_20789015,6.816
common_voice_cv_20789018,8.976
common_voice_cv_20789022,4.464
common_voice_cv_20789023,7.296
common_voice_cv_20789029,4.464
common_voice_cv_20789030,6.024
common_voice_cv_20789031,3.864
common_voice_cv_20789032,4.176
common_voice_cv_20789033,5.976
common_voice_cv_20789034,3.936
common_voice_cv_20789035,7.776
common_voice_cv_20789036,6.696
common_voice_cv_20789037,9.336
common_voice_cv_20789038,7.224
common_voice_cv_20789049,8.544
common_voice_cv_20789050,5.976
common_voice_cv_20789051,3.816
common_voice_cv_20789052,4.416
common_voice_cv_20789053,5.976
common_voice_cv_20789059,4.344
common_voice_cv_20789060,3.576
common_voice_cv_20789061,5.976
common_voice_cv_20789062,5.376
common_voice_cv_20789063,6.264
common_voice_cv_20789064,6.336
common_voice_cv_20789065,8.784
common_voice_cv_20789066,3.216
common_voice_cv_20789067,4.416
common_voice_cv_20789069,5.616
common_voice_cv_20789074,4.176
common_voice_cv_20789075,5.616
common_voice_cv_20789076,3.264
common_voice_cv_20789077,6.984
common_voice_cv_20789078,8.664
common_voice_cv_20789084,3.144
common_voice_cv_20789085,3.936
common_voice_cv_20789086,3.504
common_voice_cv_20789087,6.816
common_voice_cv_20789088,6.864
common_voice_cv_20789372,4.464
common_voice_cv_20789375,5.544
common_voice_cv_20789377,4.224
common_voice_cv_20789379,4.944
common_voice_cv_20789381,4.416
common_voice_cv_20790021,6.816
common_voice_cv_20790022,5.976
common_voice_cv_20790023,6.744
common_voice_cv_20790024,4.464
common_voice_cv_20790025,5.616
common_voice_cv_20790106,10.536
common_voice_cv_20790107,7.344
common_voice_cv_20790108,7.176
common_voice_cv_20790109,4.944
common_voice_cv_20790110,6.024
common_voice_cv_20790116,5.424
common_voice_cv_20790117,7.056
common_voice_cv_20790118,6.456
common_voice_cv_20790119,7.656
common_voice_cv_20790120,4.656
common_voice_cv_20792687,4.896
common_voice_cv_20792688,4.416
common_voice_cv_20792689,5.184
common_voice_cv_20792690,4.776
common_voice_cv_20792691,4.776
common_voice_cv_20795521,6.816
common_voice_cv_20795522,4.704
common_voice_cv_20795523,5.304
common_voice_cv_20795524,5.784
common_voice_cv_20795525,5.784
common_voice_cv_20795540,4.416
common_voice_cv_20795541,5.784
common_voice_cv_20795542,5.424
common_voice_cv_20795543,5.136
common_voice_cv_20795544,6.336
common_voice_cv_20795559,6.024
common_voice_cv_20795561,4.824
common_voice_cv_20795562,4.584
common_voice_cv_20795563,4.824
common_voice_cv_20795564,5.856
common_voice_cv_20795580,6.576
common_voice_cv_20795581,6.336
common_voice_cv_20795582,5.544
common_voice_cv_20795583,5.304
common_voice_cv_20795584,5.304
common_voice_cv_20795585,5.064
common_voice_cv_20795586,3.744
common_voice_cv_20795587,4.464
common_voice_cv_20795588,7.224
common_voice_cv_20795589,4.464
common_voice_cv_20795595,6.504
common_voice_cv_20795597,4.464
common_voice_cv_20795598,4.416
common_voice_cv_20795599,4.176
common_voice_cv_20795615,4.464
common_voice_cv_20795616,4.656
common_voice_cv_20795617,4.464
common_voice_cv_20795618,7.056
common_voice_cv_20795619,5.664
common_voice_cv_20795665,3.936
common_voice_cv_20795666,4.896
common_voice_cv_20795667,4.104
common_voice_cv_20795668,3.384
common_voice_cv_20795669,5.424
common_voice_cv_20795685,3.936
common_voice_cv_20795686,4.824
common_voice_cv_20795687,5.544
common_voice_cv_20795688,4.944
common_voice_cv_20795689,4.656
common_voice_cv_20795700,4.416
common_voice_cv_20795701,3.576
common_voice_cv_20795702,5.136
common_voice_cv_20795703,6.144
common_voice_cv_20795704,4.824
common_voice_cv_20795710,6.096
common_voice_cv_20795711,4.824
common_voice_cv_20795712,6.336
common_voice_cv_20795713,4.944
common_voice_cv_20795714,5.376
common_voice_cv_20795735,4.896
common_voice_cv_20795736,5.544
common_voice_cv_20795737,4.704
common_voice_cv_20795738,5.184
common_voice_cv_20795739,4.944
common_voice_cv_20795955,2.904
common_voice_cv_20795956,5.376
common_voice_cv_20795957,3.624
common_voice_cv_20795958,3.624
common_voice_cv_20795959,4.344
common_voice_cv_20795972,4.584
common_voice_cv_20795975,5.304
common_voice_cv_20795977,4.176
common_voice_cv_20795978,2.784
common_voice_cv_20795979,3.264
common_voice_cv_20796003,2.256
common_voice_cv_20796005,6.264
common_voice_cv_20796007,6.816
common_voice_cv_20796008,4.104
common_voice_cv_20796009,4.584
common_voice_cv_20796020,4.584
common_voice_cv_20796021,4.224
common_voice_cv_20796022,3.264
common_voice_cv_20796023,4.584
common_voice_cv_20796025,6.624
common_voice_cv_20796039,7.056
common_voice_cv_20796040,3.696
common_voice_cv_20796041,2.976
common_voice_cv_20796042,3.456
common_voice_cv_20796043,5.904
common_voice_cv_20796050,5.664
common_voice_cv_20796051,5.904
common_voice_cv_20796052,3.984
common_voice_cv_20796054,4.224
common_voice_cv_20796057,3.504
common_voice_cv_20796065,5.064
common_voice_cv_20796066,5.136
common_voice_cv_20796067,4.416
common_voice_cv_20796068,5.616
common_voice_cv_20796069,4.944
common_voice_cv_20796075,3.864
common_voice_cv_20796076,6.024
common_voice_cv_20796077,5.424
common_voice_cv_20796078,3.216
common_voice_cv_20796079,3.456
common_voice_cv_20796085,3.936
common_voice_cv_20796086,3.216
common_voice_cv_20796087,3.624
common_voice_cv_20796088,2.904
common_voice_cv_20796089,4.464
common_voice_cv_20796095,5.184
common_voice_cv_20796096,3.744
common_voice_cv_20796097,4.176
common_voice_cv_20796098,3.264
common_voice_cv_20796099,4.656
common_voice_cv_20796101,3.264
common_voice_cv_20796102,4.656
common_voice_cv_20796103,3.384
common_voice_cv_20796104,5.304
common_voice_cv_20796105,3.024
common_voice_cv_20796106,3.984
common_voice_cv_20796107,6.504
common_voice_cv_20796108,4.944
common_voice_cv_20796109,5.616
common_voice_cv_20796110,4.896
common_voice_cv_20796121,5.376
common_voice_cv_20796122,3.744
common_voice_cv_20796123,3.864
common_voice_cv_20796124,4.944
common_voice_cv_20796125,3.624
common_voice_cv_20796131,4.656
common_voice_cv_20796133,4.176
common_voice_cv_20796135,4.584
common_voice_cv_20796137,3.216
common_voice_cv_20796139,3.504
common_voice_cv_20796147,3.864
common_voice_cv_20796149,3.504
common_voice_cv_20796151,4.176
common_voice_cv_20796154,4.344
common_voice_cv_20796155,4.656
common_voice_cv_20796167,4.464
common_voice_cv_20796168,3.216
common_voice_cv_20796170,4.176
common_voice_cv_20796173,3.864
common_voice_cv_20796176,3.216
common_voice_cv_20796180,5.136
common_voice_cv_20796182,3.936
common_voice_cv_20796184,3.624
common_voice_cv_20796185,4.104
common_voice_cv_20796186,7.056
common_voice_cv_20796197,5.616
common_voice_cv_20796198,5.616
common_voice_cv_20796199,7.296
common_voice_cv_20796200,2.664
common_voice_cv_20796201,5.136
common_voice_cv_20796215,4.464
common_voice_cv_20796216,4.104
common_voice_cv_20796217,6.264
common_voice_cv_20796218,3.624
common_voice_cv_20796219,4.584
common_voice_cv_20796220,5.376
common_voice_cv_20796221,3.984
common_voice_cv_20796222,3.744
common_voice_cv_20796223,3.504
common_voice_cv_20796224,3.504
common_voice_cv_20796230,5.304
common_voice_cv_20796231,5.424
common_voice_cv_20796232,5.304
common_voice_cv_20796233,6.384
common_voice_cv_20796234,4.656
common_voice_cv_20796240,3.456
common_voice_cv_20796241,4.224
common_voice_cv_20796242,3.696
common_voice_cv_20796243,3.456
common_voice_cv_20796245,3.984
common_voice_cv_20796250,3.624
common_voice_cv_20796251,5.664
common_voice_cv_20796257,3.264
common_voice_cv_20796258,3.504
common_voice_cv_20796259,5.856
common_voice_cv_20796260,3.456
common_voice_cv_20796261,6.096
common_voice_cv_20796262,3.744
common_voice_cv_20796263,3.264
common_voice_cv_20796264,4.944
common_voice_cv_20796265,5.136
common_voice_cv_20796266,5.856
common_voice_cv_20796267,3.936
common_voice_cv_20796268,4.224
common_voice_cv_20796269,4.464
common_voice_cv_20796270,5.184
common_voice_cv_20796271,4.344
common_voice_cv_20796272,4.344
common_voice_cv_20796273,4.224
common_voice_cv_20796274,4.536
common_voice_cv_20796275,3.504
common_voice_cv_20796276,3.696
common_voice_cv_20796277,4.944
common_voice_cv_20796278,3.864
common_voice_cv_20796279,4.704
common_voice_cv_20796280,4.584
common_voice_cv_20796281,3.744
common_voice_cv_20796282,3.936
common_voice_cv_20796283,3.456
common_voice_cv_20796284,3.456
common_voice_cv_20796285,2.976
common_voice_cv_20796286,3.936
common_voice_cv_20796287,4.824
common_voice_cv_20796288,4.104
common_voice_cv_20796289,4.656
common_voice_cv_20796290,5.784
common_voice_cv_20796291,4.584
common_voice_cv_20796292,3.624
common_voice_cv_20796293,3.864
common_voice_cv_20796294,3.864
common_voice_cv_20796295,2.904
common_voice_cv_20796296,3.864
common_voice_cv_20796297,3.504
common_voice_cv_20796299,3.864
common_voice_cv_20796301,4.104
common_voice_cv_20796323,4.344
common_voice_cv_20796325,4.104
common_voice_cv_20796327,3.216
common_voice_cv_20796328,4.704
common_voice_cv_20796329,7.344
common_voice_cv_20796335,3.384
common_voice_cv_20796336,3.144
common_voice_cv_20796337,4.176
common_voice_cv_20796338,4.224
common_voice_cv_20796339,7.296
common_voice_cv_20796355,4.176
common_voice_cv_20796356,5.784
common_voice_cv_20796357,3.216
common_voice_cv_20796358,4.344
common_voice_cv_20796359,4.464
common_voice_cv_20796365,4.344
common_voice_cv_20796366,4.824
common_voice_cv_20796367,3.504
common_voice_cv_20796368,3.624
common_voice_cv_20796369,4.056
common_voice_cv_20796375,5.424
common_voice_cv_20796376,5.904
common_voice_cv_20796377,4.176
common_voice_cv_20796378,4.224
common_voice_cv_20796379,4.704
common_voice_cv_20796390,3.456
common_voice_cv_20796391,3.024
common_voice_cv_20796392,3.384
common_voice_cv_20796393,3.216
common_voice_cv_20796394,4.944
common_voice_cv_20796400,3.744
common_voice_cv_20796401,4.944
common_voice_cv_20796402,2.736
common_voice_cv_20796403,4.344
common_voice_cv_20796404,3.384
common_voice_cv_20796415,3.744
common_voice_cv_20796416,3.456
common_voice_cv_20796417,4.104
common_voice_cv_20796418,3.216
common_voice_cv_20796419,3.264
common_voice_cv_20796435,3.456
common_voice_cv_20796436,3.864
common_voice_cv_20796437,5.904
common_voice_cv_20796438,5.784
common_voice_cv_20796439,5.904
common_voice_cv_20796460,5.136
common_voice_cv_20796461,2.904
common_voice_cv_20796462,5.304
common_voice_cv_20796463,2.976
common_voice_cv_20796464,4.656
common_voice_cv_20796475,5.376
common_voice_cv_20796476,3.216
common_voice_cv_20796477,3.864
common_voice_cv_20796478,3.384
common_voice_cv_20796479,3.936
common_voice_cv_20796485,5.136
common_voice_cv_20796486,4.824
common_voice_cv_20796487,4.584
common_voice_cv_20796488,4.104
common_voice_cv_20796489,3.984
common_voice_cv_20796492,3.264
common_voice_cv_20796494,3.504
common_voice_cv_20796496,4.824
common_voice_cv_20796497,4.824
common_voice_cv_20796499,3.864
common_voice_cv_20796510,4.224
common_voice_cv_20796511,3.696
common_voice_cv_20796512,4.656
common_voice_cv_20796513,3.504
common_voice_cv_20796514,3.216
common_voice_cv_20796515,4.416
common_voice_cv_20796516,5.064
common_voice_cv_20796517,5.016
common_voice_cv_20796518,3.144
common_voice_cv_20796519,2.664
common_voice_cv_20796525,4.416
common_voice_cv_20796526,4.416
common_voice_cv_20796527,4.704
common_voice_cv_20796528,3.456
common_voice_cv_20796529,5.496
common_voice_cv_20796535,5.616
common_voice_cv_20796536,3.744
common_voice_cv_20796537,3.504
common_voice_cv_20796538,4.656
common_voice_cv_20796539,4.824
common_voice_cv_20796540,3.864
common_voice_cv_20796541,3.696
common_voice_cv_20796542,3.384
common_voice_cv_20796543,3.744
common_voice_cv_20796544,3.456
common_voice_cv_20796545,6.144
common_voice_cv_20796546,5.064
common_voice_cv_20796547,4.176
common_voice_cv_20796548,3.864
common_voice_cv_20796549,3.744
common_voice_cv_20796550,3.984
common_voice_cv_20796551,2.976
common_voice_cv_20796552,4.344
common_voice_cv_20796553,2.544
common_voice_cv_20796554,4.944
common_voice_cv_20796560,3.384
common_voice_cv_20796561,3.936
common_voice_cv_20796562,4.944
common_voice_cv_20796563,4.104
common_voice_cv_20796564,3.216
common_voice_cv_20796565,5.064
common_voice_cv_20796566,2.784
common_voice_cv_20796567,3.864
common_voice_cv_20796568,4.224
common_voice_cv_20796569,5.856
common_voice_cv_20796570,6.744
common_voice_cv_20796571,2.664
common_voice_cv_20796572,3.384
common_voice_cv_20796573,4.416
common_voice_cv_20796574,3.336
common_voice_cv_20796575,6.984
common_voice_cv_20796576,4.416
common_voice_cv_20796577,4.224
common_voice_cv_20796578,3.024
common_voice_cv_20796579,5.544
common_voice_cv_20796585,4.344
common_voice_cv_20796586,4.464
common_voice_cv_20796587,3.216
common_voice_cv_20796588,5.376
common_voice_cv_20796589,4.224
common_voice_cv_20796600,3.744
common_voice_cv_20796601,6.744
common_voice_cv_20796602,3.864
common_voice_cv_20796603,3.384
common_voice_cv_20796604,5.664
common_voice_cv_20796605,4.584
common_voice_cv_20796606,3.024
common_voice_cv_20796607,2.784
common_voice_cv_20796608,3.264
common_voice_cv_20796609,3.264
common_voice_cv_20796615,8.496
common_voice_cv_20796616,5.904
common_voice_cv_20796617,3.264
common_voice_cv_20796618,3.144
common_voice_cv_20796619,4.176
common_voice_cv_20796620,3.984
common_voice_cv_20796621,3.696
common_voice_cv_20796622,3.936
common_voice_cv_20796623,4.896
common_voice_cv_20796624,4.224
common_voice_cv_20796625,3.264
common_voice_cv_20796626,4.416
common_voice_cv_20796627,3.384
common_voice_cv_20796628,3.624
common_voice_cv_20796629,3.456
common_voice_cv_20796630,4.704
common_voice_cv_20796631,3.144
common_voice_cv_20796632,3.696
common_voice_cv_20796633,4.176
common_voice_cv_20796634,3.216
common_voice_cv_20796635,3.504
common_voice_cv_20796636,3.624
common_voice_cv_20796637,5.136
common_voice_cv_20796638,4.176
common_voice_cv_20796639,4.224
common_voice_cv_20796640,2.904
common_voice_cv_20796641,4.344
common_voice_cv_20796642,3.216
common_voice_cv_20796643,5.784
common_voice_cv_20796644,3.264
common_voice_cv_20796645,4.176
common_voice_cv_20796646,3.744
common_voice_cv_20796647,5.424
common_voice_cv_20796648,4.104
common_voice_cv_20796649,3.216
common_voice_cv_20796658,3.696
common_voice_cv_20796659,3.744
common_voice_cv_20796661,3.264
common_voice_cv_20796663,7.296
common_voice_cv_20796665,5.616
common_voice_cv_20796675,5.616
common_voice_cv_20796676,5.376
common_voice_cv_20796677,3.984
common_voice_cv_20796678,5.424
common_voice_cv_20796679,3.864
common_voice_cv_20796689,3.456
common_voice_cv_20796690,3.264
common_voice_cv_20796691,4.584
common_voice_cv_20796693,3.456
common_voice_cv_20796694,3.936
common_voice_cv_20796698,3.216
common_voice_cv_20796699,3.144
common_voice_cv_20796700,2.736
common_voice_cv_20796701,4.224
common_voice_cv_20796703,3.456
common_voice_cv_20796715,2.736
common_voice_cv_20796716,2.976
common_voice_cv_20796717,4.704
common_voice_cv_20796718,6.264
common_voice_cv_20796719,3.456
common_voice_cv_20796735,3.936
common_voice_cv_20796736,3.864
common_voice_cv_20796737,3.384
common_voice_cv_20796738,6.384
common_voice_cv_20796739,3.696
common_voice_cv_20796745,4.176
common_voice_cv_20796746,4.704
common_voice_cv_20796747,4.104
common_voice_cv_20796748,2.904
common_voice_cv_20796749,4.176
common_voice_cv_20796760,4.584
common_voice_cv_20796762,4.416
common_voice_cv_20796764,3.024
common_voice_cv_20796766,3.624
common_voice_cv_20796768,3.696
common_voice_cv_20796785,4.656
common_voice_cv_20796786,4.416
common_voice_cv_20796787,3.744
common_voice_cv_20796788,2.664
common_voice_cv_20796789,2.496
common_voice_cv_20796799,3.624
common_voice_cv_20796800,3.864
common_voice_cv_20796802,3.264
common_voice_cv_20796803,4.344
common_voice_cv_20796804,3.504
common_voice_cv_20796819,3.264
common_voice_cv_20796820,2.784
common_voice_cv_20796821,4.464
common_voice_cv_20796822,4.656
common_voice_cv_20796823,3.624
common_voice_cv_20796832,5.184
common_voice_cv_20796833,2.664
common_voice_cv_20796834,2.544
common_voice_cv_20796835,4.464
common_voice_cv_20796837,6.816
common_voice_cv_20796864,2.904
common_voice_cv_20796866,4.344
common_voice_cv_20796867,4.176
common_voice_cv_20796869,4.176
common_voice_cv_20796870,9.456
common_voice_cv_20796892,3.024
common_voice_cv_20796893,6.024
common_voice_cv_20796894,4.584
common_voice_cv_20796896,5.784
common_voice_cv_20796897,4.416
common_voice_cv_20796930,5.136
common_voice_cv_20796931,4.224
common_voice_cv_20796933,4.944
common_voice_cv_20796934,2.976
common_voice_cv_20796935,3.144
common_voice_cv_20796991,3.384
common_voice_cv_20796992,4.416
common_voice_cv_20796993,4.224
common_voice_cv_20796994,3.984
common_voice_cv_20796995,3.696
common_voice_cv_20797015,3.216
common_voice_cv_20797016,4.896
common_voice_cv_20797017,3.504
common_voice_cv_20797018,4.584
common_voice_cv_20797019,2.424
common_voice_cv_20797036,2.976
common_voice_cv_20797037,2.856
common_voice_cv_20797038,3.456
common_voice_cv_20797039,3.216
common_voice_cv_20797040,3.264
common_voice_cv_20798244,3.816
common_voice_cv_20798245,5.664
common_voice_cv_20798246,6.576
common_voice_cv_20798247,4.584
common_voice_cv_20798248,5.304
common_voice_cv_20798254,5.424
common_voice_cv_20798255,5.136
common_voice_cv_20798256,4.704
common_voice_cv_20798257,4.584
common_voice_cv_20798258,5.664
common_voice_cv_20798259,3.864
common_voice_cv_20798260,6.744
common_voice_cv_20798261,3.024
common_voice_cv_20798262,7.896
common_voice_cv_20798263,3.696
common_voice_cv_20798264,4.704
common_voice_cv_20798265,4.416
common_voice_cv_20798266,3.984
common_voice_cv_20798267,3.936
common_voice_cv_20798268,6.936
common_voice_cv_20798269,4.584
common_voice_cv_20798270,3.936
common_voice_cv_20798271,4.896
common_voice_cv_20798272,6.864
common_voice_cv_20798273,3.984
common_voice_cv_20798284,4.704
common_voice_cv_20798285,5.376
common_voice_cv_20798286,4.584
common_voice_cv_20798287,3.384
common_voice_cv_20798288,4.344
common_voice_cv_20798289,4.584
common_voice_cv_20798291,6.096
common_voice_cv_20798293,4.776
common_voice_cv_20798295,6.744
common_voice_cv_20798297,4.584
common_voice_cv_20798299,5.784
common_voice_cv_20798300,8.976
common_voice_cv_20798301,5.544
common_voice_cv_20798302,4.416
common_voice_cv_20798303,5.016
common_voice_cv_20798304,4.416
common_voice_cv_20798305,6.096
common_voice_cv_20798306,4.896
common_voice_cv_20798307,4.104
common_voice_cv_20798308,4.056
common_voice_cv_20798314,4.176
common_voice_cv_20798315,5.424
common_voice_cv_20798316,6.984
common_voice_cv_20798317,7.176
common_voice_cv_20798318,4.224
common_voice_cv_20798369,3.576
common_voice_cv_20798371,3.984
common_voice_cv_20798373,6.456
common_voice_cv_20798375,4.056
common_voice_cv_20798377,4.224
common_voice_cv_20798520,4.896
common_voice_cv_20798521,4.584
common_voice_cv_20798522,3.576
common_voice_cv_20798523,4.224
common_voice_cv_20798524,5.376
common_voice_cv_20799861,3.696
common_voice_cv_20799862,6.024
common_voice_cv_20799863,4.536
common_voice_cv_20799864,5.136
common_voice_cv_20799865,4.416
common_voice_cv_20799866,5.136
common_voice_cv_20799867,3.384
common_voice_cv_20799868,3.504
common_voice_cv_20799869,4.896
common_voice_cv_20799870,3.936
common_voice_cv_20799871,4.704
common_voice_cv_20799872,3.456
common_voice_cv_20799873,3.456
common_voice_cv_20799874,3.264
common_voice_cv_20799875,3.144
common_voice_cv_20799876,4.584
common_voice_cv_20799877,3.504
common_voice_cv_20799878,3.456
common_voice_cv_20799879,6.144
common_voice_cv_20799880,5.136
common_voice_cv_20799881,3.624
common_voice_cv_20799882,4.104
common_voice_cv_20799883,3.624
common_voice_cv_20799884,4.944
common_voice_cv_20799886,3.216
common_voice_cv_20799891,3.264
common_voice_cv_20799892,3.624
common_voice_cv_20799893,5.424
common_voice_cv_20799894,3.456
common_voice_cv_20799895,4.896
common_voice_cv_20799901,5.784
common_voice_cv_20799902,4.656
common_voice_cv_20799903,4.704
common_voice_cv_20799904,3.624
common_voice_cv_20799905,3.624
common_voice_cv_20799906,6.144
common_voice_cv_20799907,4.416
common_voice_cv_20799908,4.656
common_voice_cv_20799909,5.064
common_voice_cv_20799910,3.024
common_voice_cv_20799911,6.096
common_voice_cv_20799912,4.416
common_voice_cv_20799914,3.144
common_voice_cv_20799916,5.616
common_voice_cv_20799921,3.696
common_voice_cv_20799922,3.696
common_voice_cv_20799923,3.264
common_voice_cv_20799924,2.856
common_voice_cv_20799925,4.824
common_voice_cv_20799926,3.984
common_voice_cv_20799927,4.584
common_voice_cv_20799928,5.784
common_voice_cv_20799929,7.344
common_voice_cv_20799930,4.176
common_voice_cv_20799931,3.384
common_voice_cv_20799932,2.976
common_voice_cv_20799933,5.376
common_voice_cv_20799934,4.416
common_voice_cv_20799935,2.976
common_voice_cv_20799936,3.936
common_voice_cv_20799937,5.304
common_voice_cv_20799938,3.744
common_voice_cv_20799939,4.704
common_voice_cv_20799940,4.584
common_voice_cv_20799941,3.696
common_voice_cv_20799942,5.664
common_voice_cv_20799943,3.696
common_voice_cv_20799944,4.104
common_voice_cv_20799945,4.176
common_voice_cv_20799946,7.704
common_voice_cv_20799947,3.216
common_voice_cv_20799948,3.504
common_voice_cv_20799949,4.344
common_voice_cv_20799950,3.504
common_voice_cv_20799951,5.616
common_voice_cv_20799952,5.616
common_voice_cv_20799953,2.904
common_voice_cv_20799954,3.216
common_voice_cv_20799955,3.264
common_voice_cv_20799956,4.176
common_voice_cv_20799957,4.944
common_voice_cv_20799958,4.104
common_voice_cv_20799959,3.624
common_voice_cv_20799960,3.144
common_voice_cv_20799961,4.176
common_voice_cv_20799962,4.176
common_voice_cv_20799963,3.504
common_voice_cv_20799964,4.176
common_voice_cv_20799965,3.984
common_voice_cv_20799966,6.024
common_voice_cv_20799967,4.464
common_voice_cv_20799968,3.864
common_voice_cv_20799969,4.896
common_voice_cv_20799970,5.064
common_voice_cv_20799971,5.184
common_voice_cv_20799972,4.104
common_voice_cv_20799973,5.304
common_voice_cv_20799974,4.584
common_voice_cv_20799975,3.744
common_voice_cv_20799976,3.816
common_voice_cv_20799977,5.904
common_voice_cv_20799978,4.176
common_voice_cv_20799979,3.504
common_voice_cv_20799980,4.584
common_voice_cv_20799981,3.216
common_voice_cv_20799982,2.784
common_voice_cv_20799983,4.704
common_voice_cv_20799984,4.104
common_voice_cv_20799985,3.216
common_voice_cv_20799986,3.144
common_voice_cv_20799987,2.976
common_voice_cv_20799988,4.104
common_voice_cv_20799989,4.944
common_voice_cv_20799990,4.776
common_voice_cv_20799991,5.424
common_voice_cv_20799992,5.424
common_voice_cv_20799993,3.504
common_voice_cv_20799994,5.904
common_voice_cv_20799995,3.744
common_voice_cv_20799996,5.856
common_voice_cv_20799997,3.264
common_voice_cv_20799998,4.416
common_voice_cv_20799999,3.216
common_voice_cv_20800000,3.384
common_voice_cv_20800001,2.904
common_voice_cv_20800002,4.944
common_voice_cv_20800003,2.664
common_voice_cv_20800004,3.456
common_voice_cv_20800005,5.424
common_voice_cv_20800006,5.064
common_voice_cv_20800007,5.856
common_voice_cv_20800008,3.624
common_voice_cv_20800009,3.456
common_voice_cv_20800010,4.944
common_voice_cv_20800011,4.896
common_voice_cv_20800012,5.376
common_voice_cv_20800013,3.984
common_voice_cv_20800014,3.264
common_voice_cv_20800015,6.576
common_voice_cv_20800016,3.984
common_voice_cv_20800017,2.976
common_voice_cv_20800018,4.584
common_voice_cv_20800019,4.584
common_voice_cv_20800020,3.216
common_voice_cv_20800021,3.864
common_voice_cv_20800022,5.304
common_voice_cv_20800023,3.216
common_voice_cv_20800024,5.184
common_voice_cv_20800025,3.504
common_voice_cv_20800026,4.656
common_voice_cv_20800027,3.624
common_voice_cv_20800028,7.104
common_voice_cv_20800029,4.344
common_voice_cv_20800030,4.896
common_voice_cv_20800031,3.504
common_voice_cv_20800032,3.384
common_voice_cv_20800033,3.144
common_voice_cv_20800034,3.216
common_voice_cv_20800035,7.104
common_voice_cv_20800036,5.064
common_voice_cv_20800037,6.984
common_voice_cv_20800038,3.024
common_voice_cv_20800039,6.144
common_voice_cv_20800040,3.504
common_voice_cv_20800041,6.144
common_voice_cv_20800042,4.104
common_voice_cv_20800043,4.176
common_voice_cv_20800044,5.304
common_voice_cv_20800045,4.464
common_voice_cv_20800046,5.304
common_voice_cv_20800047,8.544
common_voice_cv_20800048,4.656
common_voice_cv_20800049,3.384
common_voice_cv_20800050,4.416
common_voice_cv_20800051,3.624
common_voice_cv_20800052,6.144
common_voice_cv_20800053,4.944
common_voice_cv_20800054,2.784
common_voice_cv_20800055,3.144
common_voice_cv_20800056,3.216
common_voice_cv_20800057,3.696
common_voice_cv_20800058,3.264
common_voice_cv_20800059,3.624
common_voice_cv_20800060,4.584
common_voice_cv_20800061,4.176
common_voice_cv_20800062,4.464
common_voice_cv_20800063,3.384
common_voice_cv_20800064,5.184
common_voice_cv_20800065,4.776
common_voice_cv_20800066,4.704
common_voice_cv_20800067,4.176
common_voice_cv_20800068,3.384
common_voice_cv_20800069,2.904
common_voice_cv_20800070,6.264
common_voice_cv_20800071,4.656
common_voice_cv_20800072,5.544
common_voice_cv_20800073,3.216
common_voice_cv_20800074,7.344
common_voice_cv_20800075,7.536
common_voice_cv_20800076,5.424
common_voice_cv_20800077,4.464
common_voice_cv_20800078,3.504
common_voice_cv_20800079,4.104
common_voice_cv_20800080,2.736
common_voice_cv_20800081,5.064
common_voice_cv_20800082,4.464
common_voice_cv_20800083,3.984
common_voice_cv_20800084,6.816
common_voice_cv_20800085,2.976
common_voice_cv_20800086,4.944
common_voice_cv_20800087,2.904
common_voice_cv_20800088,3.936
common_voice_cv_20800089,4.464
common_voice_cv_20800090,5.304
common_voice_cv_20800091,6.384
common_voice_cv_20800092,5.376
common_voice_cv_20800093,3.216
common_voice_cv_20800094,2.664
common_voice_cv_20800095,3.936
common_voice_cv_20800096,7.104
common_voice_cv_20800097,4.224
common_voice_cv_20800098,4.056
common_voice_cv_20800099,6.816
common_voice_cv_20800100,6.336
common_voice_cv_20800106,5.544
common_voice_cv_20800107,5.856
common_voice_cv_20800108,3.984
common_voice_cv_20800109,5.856
common_voice_cv_20800110,7.776
common_voice_cv_20800111,4.896
common_voice_cv_20800112,4.224
common_voice_cv_20800113,6.744
common_voice_cv_20800114,3.984
common_voice_cv_20800115,5.304
common_voice_cv_20800116,5.376
common_voice_cv_20800117,3.264
common_voice_cv_20800118,4.176
common_voice_cv_20800119,4.176
common_voice_cv_20800120,4.464
common_voice_cv_20800121,4.944
common_voice_cv_20800122,4.824
common_voice_cv_20800123,3.696
common_voice_cv_20800124,2.424
common_voice_cv_20800125,4.896
common_voice_cv_20800126,3.456
common_voice_cv_20800127,3.744
common_voice_cv_20800128,5.544
common_voice_cv_20800129,5.136
common_voice_cv_20800130,3.624
common_voice_cv_20800131,6.264
common_voice_cv_20800132,6.264
common_voice_cv_20800133,3.504
common_voice_cv_20800134,4.344
common_voice_cv_20800135,3.576
common_voice_cv_20800136,2.736
common_voice_cv_20800137,6.384
common_voice_cv_20800138,4.656
common_voice_cv_20800139,4.896
common_voice_cv_20800140,4.104
common_voice_cv_20800141,4.344
common_voice_cv_20800142,4.104
common_voice_cv_20800143,3.456
common_voice_cv_20800144,5.136
common_voice_cv_20800145,4.344
common_voice_cv_20800146,4.344
common_voice_cv_20800147,4.416
common_voice_cv_20800148,3.864
common_voice_cv_20800149,5.784
common_voice_cv_20800150,4.824
common_voice_cv_20800156,3.504
common_voice_cv_20800157,4.176
common_voice_cv_20800158,5.664
common_voice_cv_20800159,5.544
common_voice_cv_20800160,4.416
common_voice_cv_20800165,2.904
common_voice_cv_20800166,6.984
common_voice_cv_20800167,6.624
common_voice_cv_20800168,4.824
common_voice_cv_20800170,3.744
common_voice_cv_20800171,5.184
common_voice_cv_20800172,4.176
common_voice_cv_20800173,3.984
common_voice_cv_20800174,6.984
common_voice_cv_20800175,3.984
common_voice_cv_20800181,5.184
common_voice_cv_20800182,4.896
common_voice_cv_20800183,4.416
common_voice_cv_20800184,2.976
common_voice_cv_20800185,2.976
common_voice_cv_20800186,6.144
common_voice_cv_20800187,4.656
common_voice_cv_20800188,3.504
common_voice_cv_20800189,4.704
common_voice_cv_20800190,4.416
common_voice_cv_20800195,5.136
common_voice_cv_20800196,3.264
common_voice_cv_20800198,4.944
common_voice_cv_20800199,5.376
common_voice_cv_20800200,4.464
common_voice_cv_20800201,4.224
common_voice_cv_20800202,4.824
common_voice_cv_20800203,4.464
common_voice_cv_20800204,2.976
common_voice_cv_20800205,4.896
common_voice_cv_20800206,4.944
common_voice_cv_20800207,5.064
common_voice_cv_20800208,5.736
common_voice_cv_20800209,3.456
common_voice_cv_20800210,6.384
common_voice_cv_20800211,3.864
common_voice_cv_20800212,3.984
common_voice_cv_20800213,4.896
common_voice_cv_20800214,6.336
common_voice_cv_20800215,4.656
common_voice_cv_20800221,5.664
common_voice_cv_20800222,6.384
common_voice_cv_20800223,6.624
common_voice_cv_20800224,4.944
common_voice_cv_20800225,4.104
common_voice_cv_20800226,4.104
common_voice_cv_20800227,7.296
common_voice_cv_20800228,3.144
common_voice_cv_20800229,3.696
common_voice_cv_20800230,4.824
common_voice_cv_20800236,5.184
common_voice_cv_20800237,6.024
common_voice_cv_20800238,7.296
common_voice_cv_20800239,2.904
common_voice_cv_20800240,4.464
common_voice_cv_20800246,6.144
common_voice_cv_20800247,7.104
common_voice_cv_20800248,6.984
common_voice_cv_20800249,4.104
common_voice_cv_20800250,4.824
common_voice_cv_20800256,9.216
common_voice_cv_20800257,4.824
common_voice_cv_20800258,4.104
common_voice_cv_20800259,3.456
common_voice_cv_20800260,6.624
common_voice_cv_20800266,5.664
common_voice_cv_20800267,3.936
common_voice_cv_20800268,5.184
common_voice_cv_20800269,6.864
common_voice_cv_20800270,5.304
common_voice_cv_20800272,5.784
common_voice_cv_20800273,4.344
common_voice_cv_20800275,4.584
common_voice_cv_20800276,4.944
common_voice_cv_20800277,5.184
common_voice_cv_20800295,4.224
common_voice_cv_20800296,3.264
common_voice_cv_20800297,4.704
common_voice_cv_20800299,3.264
common_voice_cv_20800300,4.176
common_voice_cv_20800315,5.424
common_voice_cv_20800317,5.904
common_voice_cv_20800318,4.176
common_voice_cv_20800319,7.104
common_voice_cv_20800320,6.696
common_voice_cv_20800337,3.984
common_voice_cv_20800338,5.544
common_voice_cv_20800340,3.744
common_voice_cv_20800342,4.824
common_voice_cv_20800343,4.344
common_voice_cv_20800351,3.984
common_voice_cv_20800352,6.264
common_voice_cv_20800353,5.184
common_voice_cv_20800354,4.584
common_voice_cv_20800355,4.584
common_voice_cv_20800371,4.416
common_voice_cv_20800372,4.656
common_voice_cv_20800373,6.384
common_voice_cv_20800374,2.544
common_voice_cv_20800375,3.504
common_voice_cv_20800870,4.416
common_voice_cv_20800871,4.464
common_voice_cv_20800872,4.104
common_voice_cv_20800873,3.624
common_voice_cv_20800874,6.456
common_voice_cv_20801251,4.896
common_voice_cv_20801252,4.536
common_voice_cv_20801253,5.064
common_voice_cv_20801254,4.584
common_voice_cv_20801255,4.464
common_voice_cv_20828188,1.944
common_voice_cv_20865283,9.0
common_voice_cv_20865284,6.456
common_voice_cv_20865285,5.712
common_voice_cv_20865286,9.84
common_voice_cv_20865287,9.048
common_voice_cv_20867651,5.424
common_voice_cv_20867652,10.008
common_voice_cv_20867653,7.848
common_voice_cv_20867654,5.736
common_voice_cv_20867655,7.968
common_voice_cv_20867947,5.328
common_voice_cv_20867948,8.448
common_voice_cv_20867949,8.016
common_voice_cv_20867950,6.816
common_voice_cv_20867951,7.608
common_voice_cv_20868062,7.416
common_voice_cv_20868063,6.0
common_voice_cv_20868065,5.928
common_voice_cv_20868068,6.072
common_voice_cv_20868071,6.696
common_voice_cv_20868167,6.216
common_voice_cv_20868168,4.848
common_voice_cv_20868169,9.696
common_voice_cv_20868170,9.648
common_voice_cv_20868171,7.92
common_voice_cv_20868237,7.056
common_voice_cv_20868238,7.896
common_voice_cv_20868239,6.72
common_voice_cv_20868240,5.04
common_voice_cv_20868241,8.76
common_voice_cv_20868491,9.12
common_voice_cv_20868492,4.104
common_voice_cv_20868493,3.696
common_voice_cv_20868494,5.136
common_voice_cv_20868495,9.096
common_voice_cv_20870874,6.912
common_voice_cv_20870877,5.904
common_voice_cv_20870878,5.688
common_voice_cv_20870879,7.008
common_voice_cv_20870880,4.488
common_voice_cv_20870926,6.288
common_voice_cv_20870927,5.448
common_voice_cv_20870928,5.256
common_voice_cv_20870929,4.416
common_voice_cv_20870930,5.016
common_voice_cv_20870961,7.032
common_voice_cv_20870962,5.088
common_voice_cv_20870963,4.68
common_voice_cv_20870964,6.192
common_voice_cv_20870965,3.12
common_voice_cv_20871021,6.384
common_voice_cv_20871022,3.744
common_voice_cv_20871023,5.208
common_voice_cv_20871024,6.552
common_voice_cv_20871025,4.608
common_voice_cv_20871091,3.312
common_voice_cv_20871092,6.192
common_voice_cv_20871093,4.728
common_voice_cv_20871094,6.432
common_voice_cv_20871095,6.168
common_voice_cv_20871146,3.48
common_voice_cv_20871147,6.864
common_voice_cv_20871148,7.392
common_voice_cv_20871149,5.496
common_voice_cv_20871150,4.224
common_voice_cv_20871156,6.168
common_voice_cv_20871157,5.808
common_voice_cv_20871158,6.576
common_voice_cv_20871159,3.096
common_voice_cv_20871160,5.136
common_voice_cv_20871211,6.552
common_voice_cv_20871212,7.992
common_voice_cv_20871213,5.52
common_voice_cv_20871214,5.808
common_voice_cv_20871215,4.584
common_voice_cv_20872915,3.912
common_voice_cv_20872916,3.648
common_voice_cv_20872917,5.928
common_voice_cv_20872918,8.832
common_voice_cv_20872919,8.304
common_voice_cv_20872925,3.816
common_voice_cv_20872926,5.496
common_voice_cv_20872927,3.672
common_voice_cv_20872928,6.216
common_voice_cv_20872929,5.64
common_voice_cv_20873075,6.36
common_voice_cv_20873076,3.624
common_voice_cv_20873077,6.552
common_voice_cv_20873078,3.96
common_voice_cv_20873079,6.0
common_voice_cv_20873183,5.448
common_voice_cv_20873184,5.736
common_voice_cv_20873185,4.344
common_voice_cv_20873186,5.352
common_voice_cv_20873187,3.648
common_voice_cv_20873301,3.72
common_voice_cv_20873302,5.112
common_voice_cv_20873303,5.16
common_voice_cv_20873304,4.392
common_voice_cv_20873305,4.488
common_voice_cv_20876126,6.576
common_voice_cv_20876127,3.408
common_voice_cv_20876128,3.48
common_voice_cv_20876129,4.176
common_voice_cv_20876130,4.128
common_voice_cv_20876131,4.008
common_voice_cv_20876132,4.032
common_voice_cv_20876133,5.16
common_voice_cv_20876134,5.568
common_voice_cv_20876135,3.744
common_voice_cv_20876136,6.552
common_voice_cv_20876137,4.104
common_voice_cv_20876138,3.552
common_voice_cv_20876139,6.6
common_voice_cv_20876140,3.96
common_voice_cv_20876432,7.776
common_voice_cv_20876433,5.736
common_voice_cv_20876434,2.256
common_voice_cv_20876436,5.856
common_voice_cv_20876437,2.568
common_voice_cv_20876527,5.856
common_voice_cv_20876528,3.624
common_voice_cv_20876529,5.448
common_voice_cv_20876531,6.696
common_voice_cv_20876534,5.976
common_voice_cv_20878085,3.576
common_voice_cv_20878086,3.936
common_voice_cv_20878087,4.224
common_voice_cv_20878088,4.416
common_voice_cv_20878089,4.896
common_voice_cv_20878100,3.816
common_voice_cv_20878101,5.136
common_voice_cv_20878102,3.504
common_voice_cv_20878103,4.704
common_voice_cv_20878104,3.744
common_voice_cv_20878110,3.096
common_voice_cv_20878111,5.664
common_voice_cv_20878112,7.296
common_voice_cv_20878113,6.576
common_voice_cv_20878114,5.976
common_voice_cv_20878125,4.584
common_voice_cv_20878126,4.464
common_voice_cv_20878127,6.384
common_voice_cv_20878128,4.944
common_voice_cv_20878129,4.104
common_voice_cv_20878130,4.056
common_voice_cv_20878131,8.136
common_voice_cv_20878132,4.584
common_voice_cv_20878133,3.816
common_voice_cv_20878134,5.376
common_voice_cv_20878145,4.896
common_voice_cv_20878146,5.016
common_voice_cv_20878147,4.344
common_voice_cv_20878148,5.064
common_voice_cv_20881217,7.248
common_voice_cv_20881218,6.216
common_voice_cv_20881219,3.936
common_voice_cv_20881220,3.888
common_voice_cv_20881221,6.048
common_voice_cv_20881237,4.416
common_voice_cv_20881238,5.568
common_voice_cv_20881239,4.968
common_voice_cv_20881240,4.32
common_voice_cv_20881241,4.248
common_voice_cv_20881247,3.6
common_voice_cv_20881248,5.256
common_voice_cv_20881249,4.944
common_voice_cv_20881250,3.768
common_voice_cv_20881251,3.0
common_voice_cv_20881452,6.888
common_voice_cv_20881453,5.544
common_voice_cv_20881454,5.976
common_voice_cv_20881455,4.776
common_voice_cv_20881456,3.768
common_voice_cv_20881492,4.824
common_voice_cv_20881493,5.784
common_voice_cv_20881494,6.576
common_voice_cv_20881495,7.536
common_voice_cv_20881496,5.28
common_voice_cv_20881537,4.56
common_voice_cv_20881538,3.984
common_voice_cv_20881539,5.928
common_voice_cv_20881540,4.416
common_voice_cv_20881541,5.232
common_voice_cv_20887173,3.888
common_voice_cv_20887174,6.264
common_voice_cv_20887175,7.152
common_voice_cv_20887177,4.296
common_voice_cv_20887180,7.512
common_voice_cv_20892478,2.232
common_voice_cv_20892479,3.192
common_voice_cv_20892480,3.792
common_voice_cv_20892481,5.928
common_voice_cv_20892483,7.896
common_voice_cv_20892736,5.376
common_voice_cv_20892737,4.104
common_voice_cv_20892738,4.248
common_voice_cv_20892739,4.296
common_voice_cv_20892740,3.672
common_voice_cv_20892879,4.776
common_voice_cv_20892880,4.056
common_voice_cv_20892881,4.824
common_voice_cv_20892882,7.104
common_voice_cv_20892883,4.056
common_voice_cv_20892961,5.88
common_voice_cv_20892962,6.888
common_voice_cv_20892963,6.432
common_voice_cv_20892964,7.848
common_voice_cv_20892965,4.8
common_voice_cv_20892981,3.936
common_voice_cv_20892982,5.616
common_voice_cv_20892983,6.048
common_voice_cv_20892984,5.736
common_voice_cv_20892985,7.44
common_voice_cv_20893011,3.072
common_voice_cv_20893012,3.648
common_voice_cv_20893013,4.488
common_voice_cv_20893014,4.128
common_voice_cv_20893015,2.856
common_voice_cv_20895495,3.912
common_voice_cv_20895496,5.256
common_voice_cv_20895497,4.368
common_voice_cv_20895498,4.152
common_voice_cv_20895499,4.008
common_voice_cv_20895515,6.552
common_voice_cv_20895516,4.584
common_voice_cv_20895517,9.504
common_voice_cv_20895518,5.568
common_voice_cv_20895519,5.136
common_voice_cv_20895550,4.248
common_voice_cv_20895551,3.072
common_voice_cv_20895552,3.624
common_voice_cv_20895553,3.6
common_voice_cv_20895554,4.152
common_voice_cv_20895595,4.272
common_voice_cv_20895596,3.816
common_voice_cv_20895597,6.432
common_voice_cv_20895598,6.576
common_voice_cv_20895599,3.696
common_voice_cv_20898094,5.16
common_voice_cv_20898095,7.152
common_voice_cv_20898101,8.616
common_voice_cv_20898102,6.576
common_voice_cv_20898103,6.912
common_voice_cv_20898185,4.896
common_voice_cv_20898186,5.952
common_voice_cv_20898187,6.864
common_voice_cv_20898188,4.392
common_voice_cv_20898189,4.128
common_voice_cv_20903933,3.864
common_voice_cv_20903935,6.024
common_voice_cv_20903937,6.456
common_voice_cv_20903938,6.456
common_voice_cv_20903940,4.584
common_voice_cv_20904136,4.344
common_voice_cv_20904137,6.24
common_voice_cv_20904138,4.848
common_voice_cv_20904139,6.168
common_voice_cv_20904140,5.832
common_voice_cv_20913369,4.488
common_voice_cv_20913370,6.792
common_voice_cv_20913371,6.624
common_voice_cv_20913372,7.248
common_voice_cv_20913373,5.88
common_voice_cv_20913399,6.624
common_voice_cv_20913402,5.136
common_voice_cv_20913404,5.736
common_voice_cv_20913407,5.256
common_voice_cv_20913408,4.272
common_voice_cv_20913459,3.744
common_voice_cv_20913460,5.376
common_voice_cv_20913461,4.296
common_voice_cv_20913462,6.24
common_voice_cv_20913463,5.256
common_voice_cv_20913585,4.392
common_voice_cv_20913587,7.608
common_voice_cv_20913589,6.528
common_voice_cv_20913590,3.624
common_voice_cv_20913592,3.696
common_voice_cv_20929943,4.488
common_voice_cv_20929944,5.952
common_voice_cv_20929945,4.632
common_voice_cv_20929946,6.72
common_voice_cv_20929947,6.048
common_voice_cv_20929948,5.904
common_voice_cv_20929949,5.712
common_voice_cv_20929950,6.12
common_voice_cv_20929951,4.416
common_voice_cv_20929952,7.44
common_voice_cv_20932566,4.752
common_voice_cv_20932567,4.104
common_voice_cv_20932568,6.36
common_voice_cv_20932569,5.112
common_voice_cv_20932570,6.912
common_voice_cv_20937484,4.776
common_voice_cv_20937487,3.96
common_voice_cv_20937488,4.848
common_voice_cv_20937489,6.072
common_voice_cv_20937491,6.552
common_voice_cv_20937566,5.616
common_voice_cv_20937567,5.208
common_voice_cv_20937569,5.088
common_voice_cv_20937570,4.32
common_voice_cv_20937571,5.472
common_voice_cv_20937592,8.28
common_voice_cv_20937593,4.296
common_voice_cv_20937594,5.496
common_voice_cv_20937595,7.248
common_voice_cv_20937596,4.752
common_voice_cv_20937652,6.12
common_voice_cv_20937654,7.128
common_voice_cv_20937656,5.088
common_voice_cv_20937658,4.944
common_voice_cv_20937659,4.152
common_voice_cv_20937742,9.312
common_voice_cv_20937743,5.664
common_voice_cv_20937744,4.944
common_voice_cv_20937745,5.952
common_voice_cv_20937748,6.216
common_voice_cv_20943440,4.272
common_voice_cv_20943442,5.136
common_voice_cv_20943446,7.296
common_voice_cv_20943448,4.632
common_voice_cv_20943449,8.52
common_voice_cv_20943590,4.872
common_voice_cv_20943592,6.168
common_voice_cv_20943594,4.608
common_voice_cv_20943595,5.904
common_voice_cv_20943597,7.104
common_voice_cv_20943705,5.16
common_voice_cv_20943706,5.352
common_voice_cv_20943708,5.304
common_voice_cv_20943709,8.352
common_voice_cv_20943710,4.872
common_voice_cv_20943917,5.784
common_voice_cv_20943919,6.792
common_voice_cv_20943920,5.472
common_voice_cv_20943922,5.4
common_voice_cv_20943923,4.488
common_voice_cv_20951524,5.496
common_voice_cv_20951525,6.768
common_voice_cv_20951526,5.448
common_voice_cv_20951527,5.088
common_voice_cv_20951528,3.912
common_voice_cv_20951547,4.368
common_voice_cv_20951548,6.408
common_voice_cv_20951550,5.016
common_voice_cv_20951551,5.904
common_voice_cv_20951552,4.752
common_voice_cv_20961500,5.304
common_voice_cv_20961501,4.512
common_voice_cv_20961502,5.088
common_voice_cv_20961503,4.392
common_voice_cv_20961504,4.752
common_voice_cv_20961575,4.272
common_voice_cv_20961576,5.352
common_voice_cv_20961577,4.872
common_voice_cv_20961578,4.896
common_voice_cv_20961579,3.912
common_voice_cv_20961765,8.856
common_voice_cv_20961766,5.736
common_voice_cv_20961767,4.176
common_voice_cv_20961768,5.208
common_voice_cv_20961769,4.464
common_voice_cv_20961850,6.768
common_voice_cv_20961851,4.512
common_voice_cv_20961852,3.936
common_voice_cv_20961853,4.872
common_voice_cv_20961854,5.616
common_voice_cv_20961875,7.392
common_voice_cv_20961876,5.136
common_voice_cv_20961877,3.96
common_voice_cv_20961878,5.376
common_voice_cv_20961879,6.216
common_voice_cv_20961890,4.824
common_voice_cv_20961891,5.136
common_voice_cv_20961892,5.016
common_voice_cv_20961893,4.512
common_voice_cv_20961894,5.088
common_voice_cv_20961915,3.648
common_voice_cv_20961916,5.232
common_voice_cv_20961917,5.904
common_voice_cv_20961918,5.568
common_voice_cv_20961919,3.504
common_voice_cv_20961925,5.4
common_voice_cv_20961926,3.552
common_voice_cv_20961927,6.408
common_voice_cv_20961928,4.704
common_voice_cv_20961929,5.04
common_voice_cv_20961940,9.576
common_voice_cv_20961941,5.616
common_voice_cv_20961942,4.704
common_voice_cv_20961943,4.344
common_voice_cv_20961944,4.464
common_voice_cv_20965131,8.928
common_voice_cv_20965132,6.984
common_voice_cv_20965133,6.816
common_voice_cv_20965134,5.832
common_voice_cv_20965135,6.72
common_voice_cv_20965142,4.608
common_voice_cv_20965145,5.808
common_voice_cv_20965146,3.96
common_voice_cv_20965148,5.976
common_voice_cv_20965150,5.976
common_voice_cv_20965181,3.888
common_voice_cv_20965182,4.776
common_voice_cv_20965183,7.416
common_voice_cv_20965184,4.848
common_voice_cv_20965185,6.744
common_voice_cv_20965331,5.544
common_voice_cv_20965332,6.552
common_voice_cv_20965333,6.816
common_voice_cv_20965334,6.456
common_voice_cv_20965335,6.36
common_voice_cv_20965351,7.584
common_voice_cv_20965352,4.824
common_voice_cv_20965353,3.936
common_voice_cv_20965354,6.384
common_voice_cv_20965355,5.136
common_voice_cv_20969042,4.68
common_voice_cv_20969043,4.68
common_voice_cv_20969044,7.368
common_voice_cv_20969045,5.568
common_voice_cv_20969046,4.416
common_voice_cv_20969047,5.112
common_voice_cv_20969048,5.952
common_voice_cv_20969049,6.24
common_voice_cv_20969050,4.344
common_voice_cv_20969051,4.848
common_voice_cv_20969067,4.944
common_voice_cv_20969068,5.736
common_voice_cv_20969069,6.888
common_voice_cv_20969070,5.088
common_voice_cv_20969071,6.432
common_voice_cv_20969108,4.368
common_voice_cv_20969109,8.328
common_voice_cv_20969110,5.088
common_voice_cv_20969111,5.232
common_voice_cv_20969112,4.248
common_voice_cv_20969292,5.568
common_voice_cv_20969293,6.768
common_voice_cv_20969294,6.504
common_voice_cv_20969295,5.04
common_voice_cv_20969296,4.872
common_voice_cv_20971587,4.656
common_voice_cv_20971588,5.448
common_voice_cv_20971589,7.296
common_voice_cv_20971590,6.552
common_voice_cv_20971591,4.992
common_voice_cv_20971592,6.336
common_voice_cv_20971593,7.368
common_voice_cv_20971594,5.304
common_voice_cv_20971595,9.24
common_voice_cv_20971597,6.912
common_voice_cv_20971598,7.896
common_voice_cv_20971599,4.848
common_voice_cv_20971600,4.584
common_voice_cv_20971601,7.752
common_voice_cv_20971602,5.544
common_voice_cv_20971603,5.664
common_voice_cv_20971604,5.184
common_voice_cv_20971605,6.072
common_voice_cv_20971606,6.192
common_voice_cv_20971607,5.016
common_voice_cv_20971608,6.864
common_voice_cv_20971609,6.48
common_voice_cv_20971610,4.128
common_voice_cv_20971611,8.016
common_voice_cv_20971612,6.048
common_voice_cv_20971753,5.184
common_voice_cv_20971754,7.104
common_voice_cv_20971755,7.008
common_voice_cv_20971756,4.944
common_voice_cv_20971757,6.144
common_voice_cv_20971763,5.832
common_voice_cv_20971764,8.112
common_voice_cv_20971765,5.352
common_voice_cv_20971766,6.96
common_voice_cv_20971767,6.216
common_voice_cv_20971773,4.512
common_voice_cv_20971774,4.392
common_voice_cv_20971775,7.464
common_voice_cv_20971776,5.856
common_voice_cv_20971777,3.696
common_voice_cv_20971788,5.232
common_voice_cv_20971789,5.184
common_voice_cv_20971790,4.056
common_voice_cv_20971791,4.32
common_voice_cv_20971792,5.136
common_voice_cv_20971793,5.688
common_voice_cv_20971794,4.92
common_voice_cv_20971795,5.808
common_voice_cv_20971796,5.352
common_voice_cv_20971797,5.784
common_voice_cv_20971798,6.264
common_voice_cv_20971799,4.632
common_voice_cv_20971800,4.104
common_voice_cv_20971801,5.856
common_voice_cv_20971802,6.144
common_voice_cv_20971803,5.52
common_voice_cv_20971804,4.656
common_voice_cv_20971805,6.144
common_voice_cv_20971806,4.728
common_voice_cv_20971807,6.408
common_voice_cv_20974716,6.864
common_voice_cv_20974717,5.16
common_voice_cv_20974718,6.072
common_voice_cv_20974720,5.568
common_voice_cv_20974722,4.872
common_voice_cv_20974796,4.68
common_voice_cv_20974797,4.248
common_voice_cv_20974798,6.576
common_voice_cv_20974799,5.352
common_voice_cv_20974800,7.728
common_voice_cv_20974866,4.848
common_voice_cv_20974867,5.616
common_voice_cv_20974868,4.584
common_voice_cv_20974869,7.68
common_voice_cv_20974871,4.464
common_voice_cv_20974931,6.072
common_voice_cv_20974932,4.704
common_voice_cv_20974933,5.424
common_voice_cv_20974934,4.92
common_voice_cv_20974935,5.496
common_voice_cv_20974970,5.448
common_voice_cv_20974972,4.32
common_voice_cv_20974974,7.8
common_voice_cv_20974975,4.92
common_voice_cv_20974976,6.048
common_voice_cv_20974987,5.568
common_voice_cv_20974988,6.696
common_voice_cv_20974989,5.064
common_voice_cv_20974990,6.984
common_voice_cv_20974991,4.368
common_voice_cv_20975022,5.16
common_voice_cv_20975023,4.656
common_voice_cv_20975024,6.408
common_voice_cv_20975025,6.24
common_voice_cv_20975026,5.112
common_voice_cv_20975205,4.872
common_voice_cv_20975206,6.768
common_voice_cv_20975207,7.92
common_voice_cv_20975208,6.144
common_voice_cv_20975209,4.272
common_voice_cv_20975244,5.712
common_voice_cv_20975245,7.656
common_voice_cv_20975246,6.264
common_voice_cv_20975247,7.272
common_voice_cv_20975248,6.192
common_voice_cv_20975252,4.104
common_voice_cv_20975254,6.696
common_voice_cv_20975256,7.128
common_voice_cv_20975257,5.448
common_voice_cv_20975258,5.448
common_voice_cv_20975299,4.176
common_voice_cv_20975300,5.472
common_voice_cv_20975301,4.488
common_voice_cv_20975302,4.656
common_voice_cv_20975303,4.632
common_voice_cv_20975329,4.368
common_voice_cv_20975330,5.328
common_voice_cv_20975331,6.456
common_voice_cv_20975332,4.632
common_voice_cv_20975333,7.128
common_voice_cv_20975374,4.512
common_voice_cv_20975375,4.8
common_voice_cv_20975376,7.392
common_voice_cv_20975377,5.712
common_voice_cv_20975378,6.744
common_voice_cv_20975384,4.704
common_voice_cv_20975385,5.4
common_voice_cv_20975386,3.672
common_voice_cv_20975387,7.728
common_voice_cv_20975388,3.552
common_voice_cv_20975399,4.152
common_voice_cv_20975400,4.008
common_voice_cv_20975401,5.856
common_voice_cv_20975402,3.432
common_voice_cv_20975403,3.864
common_voice_cv_20981484,6.288
common_voice_cv_20981485,5.352
common_voice_cv_20981486,6.696
common_voice_cv_20981487,6.672
common_voice_cv_20981488,4.728
common_voice_cv_20981502,7.416
common_voice_cv_20981505,7.944
common_voice_cv_20981506,8.256
common_voice_cv_20981507,8.208
common_voice_cv_20981508,7.464
common_voice_cv_20981514,3.984
common_voice_cv_20981515,5.664
common_voice_cv_20981516,5.664
common_voice_cv_20981517,6.648
common_voice_cv_20981518,4.056
common_voice_cv_20982285,9.936
common_voice_cv_20982286,5.904
common_voice_cv_20982287,4.416
common_voice_cv_20982288,7.2
common_voice_cv_20982289,9.576
common_voice_cv_20982306,4.536
common_voice_cv_20982307,6.432
common_voice_cv_20982308,4.728
common_voice_cv_20982309,5.544
common_voice_cv_20982310,5.304
common_voice_cv_20982351,9.648
common_voice_cv_20982352,4.848
common_voice_cv_20982353,5.976
common_voice_cv_20982354,6.36
common_voice_cv_20982355,6.168
common_voice_cv_20982376,4.464
common_voice_cv_20982377,7.776
common_voice_cv_20982378,6.408
common_voice_cv_20982379,6.264
common_voice_cv_20982380,4.944
common_voice_cv_20982828,6.912
common_voice_cv_20982829,6.768
common_voice_cv_20982830,5.52
common_voice_cv_20982832,6.144
common_voice_cv_20982834,5.184
common_voice_cv_20982843,6.48
common_voice_cv_20982844,4.968
common_voice_cv_20982845,5.592
common_voice_cv_20982846,4.32
common_voice_cv_20982847,5.208
common_voice_cv_20982864,4.32
common_voice_cv_20982865,6.384
common_voice_cv_20982866,4.44
common_voice_cv_20982867,5.016
common_voice_cv_20982868,4.8
common_voice_cv_20982869,7.656
common_voice_cv_20982870,6.864
common_voice_cv_20982871,4.2
common_voice_cv_20982872,2.928
common_voice_cv_20982873,5.52
common_voice_cv_20982884,4.8
common_voice_cv_20982885,4.248
common_voice_cv_20982886,5.664
common_voice_cv_20982887,4.128
common_voice_cv_20982888,5.616
common_voice_cv_20982894,6.816
common_voice_cv_20982895,3.552
common_voice_cv_20982896,7.56
common_voice_cv_20982897,6.168
common_voice_cv_20982898,4.872
common_voice_cv_20982914,8.304
common_voice_cv_20982915,4.824
common_voice_cv_20982916,4.704
common_voice_cv_20982918,5.04
common_voice_cv_20982924,6.864
common_voice_cv_20982925,4.104
common_voice_cv_20982926,5.328
common_voice_cv_20982927,6.36
common_voice_cv_20982928,4.344
common_voice_cv_20985940,4.056
common_voice_cv_20985941,5.52
common_voice_cv_20985942,4.656
common_voice_cv_20985943,4.728
common_voice_cv_20985944,5.928
common_voice_cv_20985945,4.752
common_voice_cv_20985946,9.072
common_voice_cv_20985947,6.192
common_voice_cv_20985948,4.416
common_voice_cv_20985949,6.36
common_voice_cv_20985950,4.656
common_voice_cv_20985951,9.456
common_voice_cv_20985952,6.36
common_voice_cv_20985953,4.008
common_voice_cv_20985954,4.488
common_voice_cv_20985960,6.168
common_voice_cv_20985961,6.096
common_voice_cv_20985962,5.136
common_voice_cv_20985963,5.04
common_voice_cv_20985964,5.208
common_voice_cv_20986121,7.632
common_voice_cv_20986122,6.288
common_voice_cv_20986123,6.72
common_voice_cv_20986124,4.488
common_voice_cv_20986125,6.408
common_voice_cv_20986186,4.584
common_voice_cv_20986187,8.4
common_voice_cv_20986188,6.168
common_voice_cv_20986189,4.896
common_voice_cv_20986190,4.008
common_voice_cv_20986251,4.896
common_voice_cv_20986252,6.576
common_voice_cv_20986253,4.152
common_voice_cv_20986254,5.184
common_voice_cv_20986255,5.016
common_voice_cv_20988112,5.616
common_voice_cv_20988114,6.288
common_voice_cv_20988116,4.464
common_voice_cv_20988118,6.6
common_voice_cv_20988119,7.752
common_voice_cv_20988164,6.456
common_voice_cv_20988165,6.288
common_voice_cv_20988169,6.288
common_voice_cv_20988171,8.472
common_voice_cv_20988172,4.584
common_voice_cv_20988202,10.2
common_voice_cv_20988203,5.352
common_voice_cv_20988204,4.632
common_voice_cv_20988205,4.344
common_voice_cv_20988206,8.088
common_voice_cv_20988260,5.52
common_voice_cv_20988261,4.296
common_voice_cv_20988262,6.96
common_voice_cv_20988263,6.336
common_voice_cv_20988264,5.664
common_voice_cv_20988312,4.44
common_voice_cv_20988316,4.512
common_voice_cv_20988322,4.776
common_voice_cv_20988323,6.624
common_voice_cv_20988324,6.624
common_voice_cv_20988619,4.056
common_voice_cv_20988620,4.272
common_voice_cv_20988621,3.912
common_voice_cv_20988622,6.432
common_voice_cv_20988624,4.992
common_voice_cv_20988661,4.704
common_voice_cv_20988662,3.528
common_voice_cv_20988663,4.392
common_voice_cv_20988664,4.344
common_voice_cv_20988665,5.208
common_voice_cv_20988677,3.96
common_voice_cv_20988679,4.296
common_voice_cv_20988680,4.8
common_voice_cv_20988682,4.488
common_voice_cv_20988683,5.448
common_voice_cv_20988702,6.048
common_voice_cv_20988703,5.544
common_voice_cv_20988704,6.384
common_voice_cv_20988705,5.688
common_voice_cv_20988707,6.816
common_voice_cv_20988730,4.68
common_voice_cv_20988731,4.08
common_voice_cv_20988732,4.68
common_voice_cv_20988733,7.872
common_voice_cv_20988734,4.92
common_voice_cv_20988768,7.176
common_voice_cv_20988770,5.904
common_voice_cv_20988771,6.288
common_voice_cv_20988773,5.28
common_voice_cv_20988775,6.96
common_voice_cv_20988792,5.328
common_voice_cv_20988794,4.992
common_voice_cv_20988795,5.832
common_voice_cv_20988796,6.264
common_voice_cv_20988798,5.4
common_voice_cv_20988816,6.744
common_voice_cv_20988817,3.744
common_voice_cv_20988818,4.512
common_voice_cv_20988819,5.16
common_voice_cv_20988820,6.408
common_voice_cv_20988856,6.312
common_voice_cv_20988857,4.776
common_voice_cv_20988858,4.872
common_voice_cv_20988859,5.376
common_voice_cv_20988860,5.904
common_voice_cv_20988885,4.92
common_voice_cv_20988886,7.464
common_voice_cv_20988888,3.888
common_voice_cv_20988889,2.472
common_voice_cv_20988890,5.232
common_voice_cv_20988896,5.88
common_voice_cv_20988897,7.32
common_voice_cv_20988898,7.944
common_voice_cv_20988899,6.264
common_voice_cv_20988900,5.4
common_voice_cv_20988981,4.872
common_voice_cv_20988982,5.136
common_voice_cv_20988983,5.136
common_voice_cv_20988984,7.128
common_voice_cv_20988985,6.624
common_voice_cv_20992659,5.4
common_voice_cv_20992660,4.032
common_voice_cv_20992661,5.856
common_voice_cv_20992662,5.088
common_voice_cv_20992663,6.192
common_voice_cv_20992679,6.528
common_voice_cv_20992680,4.248
common_voice_cv_20992681,4.968
common_voice_cv_20992682,9.288
common_voice_cv_20992683,8.592
common_voice_cv_20992704,7.464
common_voice_cv_20992705,6.24
common_voice_cv_20992706,6.384
common_voice_cv_20992707,4.44
common_voice_cv_20992708,5.328
common_voice_cv_21047352,4.992
common_voice_cv_21047357,5.664
common_voice_cv_21047360,5.136
common_voice_cv_21047361,6.192
common_voice_cv_21047362,6.864
common_voice_cv_21047588,5.352
common_voice_cv_21047589,7.272
common_voice_cv_21047590,6.168
common_voice_cv_21047591,6.456
common_voice_cv_21047593,4.944
common_voice_cv_21047848,4.056
common_voice_cv_21047850,5.592
common_voice_cv_21047851,7.584
common_voice_cv_21047854,4.488
common_voice_cv_21047855,6.528
common_voice_cv_21048395,3.456
common_voice_cv_21048397,7.392
common_voice_cv_21048398,4.896
common_voice_cv_21048399,5.304
common_voice_cv_21048400,6.264
common_voice_cv_21048735,6.576
common_voice_cv_21048737,5.256
common_voice_cv_21048739,4.848
common_voice_cv_21048740,4.776
common_voice_cv_21048741,5.496
common_voice_cv_21048974,5.952
common_voice_cv_21048980,3.936
common_voice_cv_21048982,4.872
common_voice_cv_21048984,5.28
common_voice_cv_21048986,4.728
common_voice_cv_21055055,4.44
common_voice_cv_21055057,4.896
common_voice_cv_21055059,5.592
common_voice_cv_21055060,7.536
common_voice_cv_21055062,3.912
common_voice_cv_21055222,6.552
common_voice_cv_21055224,4.68
common_voice_cv_21055225,4.968
common_voice_cv_21055227,7.152
common_voice_cv_21055230,4.008
common_voice_cv_21055372,5.376
common_voice_cv_21055373,5.064
common_voice_cv_21055374,3.888
common_voice_cv_21055375,4.896
common_voice_cv_21055376,9.528
common_voice_cv_21055570,4.56
common_voice_cv_21055574,5.184
common_voice_cv_21055576,5.4
common_voice_cv_21055577,4.224
common_voice_cv_21055578,6.432
common_voice_cv_21055727,3.864
common_voice_cv_21055732,5.472
common_voice_cv_21055733,7.008
common_voice_cv_21055735,3.672
common_voice_cv_21055736,5.976
common_voice_cv_21056036,4.224
common_voice_cv_21056039,4.704
common_voice_cv_21056044,5.904
common_voice_cv_21056048,5.424
common_voice_cv_21056049,3.744
common_voice_cv_21056344,7.104
common_voice_cv_21056348,5.136
common_voice_cv_21056350,5.184
common_voice_cv_21056351,6.504
common_voice_cv_21056354,4.488
common_voice_cv_21056583,4.68
common_voice_cv_21056585,4.728
common_voice_cv_21056587,4.68
common_voice_cv_21056590,6.144
common_voice_cv_21056593,3.264
common_voice_cv_21058121,5.064
common_voice_cv_21058124,5.016
common_voice_cv_21058125,5.352
common_voice_cv_21058128,3.456
common_voice_cv_21058131,4.536
common_voice_cv_21074142,6.336
common_voice_cv_21074144,6.984
common_voice_cv_21074145,7.152
common_voice_cv_21074146,8.04
common_voice_cv_21074147,5.16
common_voice_cv_21074213,5.136
common_voice_cv_21074214,4.368
common_voice_cv_21074215,5.616
common_voice_cv_21074216,6.6
common_voice_cv_21074217,5.64
common_voice_cv_21074279,5.832
common_voice_cv_21074280,4.752
common_voice_cv_21074281,4.512
common_voice_cv_21074282,5.904
common_voice_cv_21074283,5.208
common_voice_cv_21074329,3.816
common_voice_cv_21074330,7.8
common_voice_cv_21074331,4.68
common_voice_cv_21074332,6.504
common_voice_cv_21074333,5.256
common_voice_cv_21074359,6.768
common_voice_cv_21074360,6.984
common_voice_cv_21074361,4.992
common_voice_cv_21074362,4.704
common_voice_cv_21074363,8.424
common_voice_cv_21074438,5.568
common_voice_cv_21074440,8.496
common_voice_cv_21074441,7.416
common_voice_cv_21074442,5.304
common_voice_cv_21074443,7.344
common_voice_cv_21074600,8.064
common_voice_cv_21074603,8.184
common_voice_cv_21074605,4.224
common_voice_cv_21074607,7.056
common_voice_cv_21074609,7.176
common_voice_cv_21075278,3.864
common_voice_cv_21075279,9.168
common_voice_cv_21075280,4.944
common_voice_cv_21075281,6.072
common_voice_cv_21075282,4.2
common_voice_cv_21075363,5.808
common_voice_cv_21075365,4.848
common_voice_cv_21075366,4.728
common_voice_cv_21075368,9.144
common_voice_cv_21075369,5.592
common_voice_cv_21075444,4.608
common_voice_cv_21075445,5.16
common_voice_cv_21075446,4.776
common_voice_cv_21075448,5.016
common_voice_cv_21075450,3.72
common_voice_cv_21075532,5.232
common_voice_cv_21075533,4.776
common_voice_cv_21075534,4.896
common_voice_cv_21075535,5.52
common_voice_cv_21075536,5.016
common_voice_cv_21075608,3.84
common_voice_cv_21075611,5.928
common_voice_cv_21075612,6.048
common_voice_cv_21075613,5.52
common_voice_cv_21075614,8.472
common_voice_cv_21075691,5.688
common_voice_cv_21075692,7.272
common_voice_cv_21075693,4.776
common_voice_cv_21075695,6.024
common_voice_cv_21075697,3.936
common_voice_cv_21088838,5.568
common_voice_cv_21088839,5.88
common_voice_cv_21088840,4.416
common_voice_cv_21088841,6.048
common_voice_cv_21088842,6.096
common_voice_cv_21089023,4.08
common_voice_cv_21089024,5.208
common_voice_cv_21089025,4.704
common_voice_cv_21089026,5.328
common_voice_cv_21089027,5.568
common_voice_cv_21089061,6.12
common_voice_cv_21089062,5.904
common_voice_cv_21089063,3.984
common_voice_cv_21089064,2.856
common_voice_cv_21089065,5.928
common_voice_cv_21089088,3.768
common_voice_cv_21089090,5.64
common_voice_cv_21089092,5.784
common_voice_cv_21089094,6.096
common_voice_cv_21089095,3.48
common_voice_cv_21089116,6.384
common_voice_cv_21089117,7.848
common_voice_cv_21089118,6.888
common_voice_cv_21089119,6.168
common_voice_cv_21089120,4.728
common_voice_cv_21097021,5.952
common_voice_cv_21097022,6.768
common_voice_cv_21097023,4.056
common_voice_cv_21097024,4.776
common_voice_cv_21097025,5.064
common_voice_cv_21097116,3.96
common_voice_cv_21097117,4.872
common_voice_cv_21097118,4.728
common_voice_cv_21097119,3.768
common_voice_cv_21097120,3.192
common_voice_cv_21104766,4.296
common_voice_cv_21104767,9.192
common_voice_cv_21104768,6.84
common_voice_cv_21104769,5.808
common_voice_cv_21104770,4.008
common_voice_cv_21104771,8.544
common_voice_cv_21104772,4.656
common_voice_cv_21104773,6.768
common_voice_cv_21104774,6.84
common_voice_cv_21104775,6.672
common_voice_cv_21104785,6.048
common_voice_cv_21104786,3.576
common_voice_cv_21104787,7.104
common_voice_cv_21104788,5.112
common_voice_cv_21104789,4.416
common_voice_cv_21104800,6.6
common_voice_cv_21104801,6.048
common_voice_cv_21104802,5.664
common_voice_cv_21104803,4.248
common_voice_cv_21104804,4.56
common_voice_cv_21104815,5.256
common_voice_cv_21104816,4.728
common_voice_cv_21104817,4.896
common_voice_cv_21104818,5.064
common_voice_cv_21104819,5.76
common_voice_cv_21111216,6.168
common_voice_cv_21111217,7.2
common_voice_cv_21111218,5.016
common_voice_cv_21111219,4.992
common_voice_cv_21111220,4.152
common_voice_cv_21111246,6.336
common_voice_cv_21111247,4.2
common_voice_cv_21111248,5.376
common_voice_cv_21111249,4.896
common_voice_cv_21111250,8.448
common_voice_cv_21111306,4.656
common_voice_cv_21111307,4.08
common_voice_cv_21111308,8.208
common_voice_cv_21111310,6.864
common_voice_cv_21111313,5.28
common_voice_cv_21111391,8.304
common_voice_cv_21111392,4.848
common_voice_cv_21111393,5.328
common_voice_cv_21111394,6.936
common_voice_cv_21111395,7.128
common_voice_cv_21111498,8.184
common_voice_cv_21111500,7.296
common_voice_cv_21111503,6.216
common_voice_cv_21111504,8.568
common_voice_cv_21111505,5.064
common_voice_cv_21111531,5.184
common_voice_cv_21111532,4.752
common_voice_cv_21111533,5.016
common_voice_cv_21111534,7.392
common_voice_cv_21111535,6.696
common_voice_cv_21111591,4.368
common_voice_cv_21111592,4.296
common_voice_cv_21111593,4.728
common_voice_cv_21111594,4.248
common_voice_cv_21111595,4.8
common_voice_cv_21136058,8.136
common_voice_cv_21136060,5.76
common_voice_cv_21136067,4.272
common_voice_cv_21136072,4.056
common_voice_cv_21136075,3.552
common_voice_cv_21136226,4.896
common_voice_cv_21136228,7.224
common_voice_cv_21136231,4.128
common_voice_cv_21136234,6.576
common_voice_cv_21136237,4.584
common_voice_cv_21136260,3.192
common_voice_cv_21136265,5.736
common_voice_cv_21136267,4.056
common_voice_cv_21136268,7.248
common_voice_cv_21136269,6.984
common_voice_cv_21136286,7.152
common_voice_cv_21136287,5.112
common_voice_cv_21136288,5.328
common_voice_cv_21136289,4.968
common_voice_cv_21136291,4.992
common_voice_cv_21136336,4.032
common_voice_cv_21136337,5.592
common_voice_cv_21136340,6.24
common_voice_cv_21136342,6.408
common_voice_cv_21136343,5.184
common_voice_cv_21136465,5.04
common_voice_cv_21136467,5.928
common_voice_cv_21136468,5.04
common_voice_cv_21136470,5.256
common_voice_cv_21136473,5.232
common_voice_cv_21136497,3.96
common_voice_cv_21136499,4.032
common_voice_cv_21136501,4.416
common_voice_cv_21136503,2.376
common_voice_cv_21136504,4.104
common_voice_cv_21136512,4.224
common_voice_cv_21136513,4.392
common_voice_cv_21136514,4.032
common_voice_cv_21136515,4.272
common_voice_cv_21136516,3.672
common_voice_cv_21136537,6.0
common_voice_cv_21136538,6.12
common_voice_cv_21136539,4.272
common_voice_cv_21136542,5.76
common_voice_cv_21136551,4.488
common_voice_cv_21136554,5.208
common_voice_cv_21136557,4.032
common_voice_cv_21136560,4.008
common_voice_cv_21136564,5.64
common_voice_cv_21136582,4.8
common_voice_cv_21136583,3.36
common_voice_cv_21136584,7.152
common_voice_cv_21136585,8.04
common_voice_cv_21136587,4.416
common_voice_cv_21136726,4.632
common_voice_cv_21136728,2.64
common_voice_cv_21136729,4.128
common_voice_cv_21136730,4.8
common_voice_cv_21136731,5.832
common_voice_cv_21136742,5.688
common_voice_cv_21136744,6.792
common_voice_cv_21136746,5.64
common_voice_cv_21136748,4.872
common_voice_cv_21136750,6.072
common_voice_cv_21137012,4.056
common_voice_cv_21137013,6.696
common_voice_cv_21137014,5.136
common_voice_cv_21137015,3.696
common_voice_cv_21137016,6.816
common_voice_cv_21137041,5.784
common_voice_cv_21137043,8.52
common_voice_cv_21137044,4.104
common_voice_cv_21137045,4.248
common_voice_cv_21137046,4.872
common_voice_cv_21137193,7.872
common_voice_cv_21137194,5.016
common_voice_cv_21137195,5.928
common_voice_cv_21137196,5.928
common_voice_cv_21137197,4.608
common_voice_cv_21137208,5.256
common_voice_cv_21137210,5.448
common_voice_cv_21137211,6.144
common_voice_cv_21137213,4.632
common_voice_cv_21137215,3.984
common_voice_cv_21137278,3.84
common_voice_cv_21137279,6.792
common_voice_cv_21137280,6.456
common_voice_cv_21137281,4.512
common_voice_cv_21137282,4.128
common_voice_cv_21137313,4.032
common_voice_cv_21137314,4.968
common_voice_cv_21137315,5.736
common_voice_cv_21137316,6.12
common_voice_cv_21137317,5.544
common_voice_cv_21137368,7.872
common_voice_cv_21137370,5.088
common_voice_cv_21137372,6.816
common_voice_cv_21137377,7.416
common_voice_cv_21137381,5.976
common_voice_cv_21137438,4.2
common_voice_cv_21137441,5.232
common_voice_cv_21137443,6.672
common_voice_cv_21137446,4.656
common_voice_cv_21137447,7.032
common_voice_cv_21140813,4.56
common_voice_cv_21140814,6.864
common_voice_cv_21140815,6.288
common_voice_cv_21140816,4.128
common_voice_cv_21140817,6.888
common_voice_cv_21140887,4.224
common_voice_cv_21140888,4.704
common_voice_cv_21140889,8.376
common_voice_cv_21140891,7.296
common_voice_cv_21140892,5.352
common_voice_cv_21254097,6.192
common_voice_cv_21254102,4.752
common_voice_cv_21254104,4.92
common_voice_cv_21254105,4.944
common_voice_cv_21254106,6.432
common_voice_cv_21254127,7.776
common_voice_cv_21254128,6.456
common_voice_cv_21254129,5.16
common_voice_cv_21254133,4.296
common_voice_cv_21254136,4.92
common_voice_cv_21254162,4.992
common_voice_cv_21254163,7.896
common_voice_cv_21254164,7.152
common_voice_cv_21254165,8.688
common_voice_cv_21254166,6.312
common_voice_cv_21254243,7.56
common_voice_cv_21254247,5.256
common_voice_cv_21254249,6.408
common_voice_cv_21254250,5.856
common_voice_cv_21254251,10.536
common_voice_cv_21254267,6.336
common_voice_cv_21254268,4.656
common_voice_cv_21254269,6.168
common_voice_cv_21254270,6.0
common_voice_cv_21254271,4.896
common_voice_cv_21263082,6.6
common_voice_cv_21263083,4.488
common_voice_cv_21263084,5.736
common_voice_cv_21263085,6.528
common_voice_cv_21263086,4.416
common_voice_cv_21263102,5.568
common_voice_cv_21263103,4.488
common_voice_cv_21263104,4.872
common_voice_cv_21263105,4.608
common_voice_cv_21263106,5.472
common_voice_cv_21263113,5.28
common_voice_cv_21263114,6.768
common_voice_cv_21263115,4.632
common_voice_cv_21263116,3.912
common_voice_cv_21263118,6.216
common_voice_cv_21263137,4.776
common_voice_cv_21263139,5.016
common_voice_cv_21263141,4.944
common_voice_cv_21263143,6.432
common_voice_cv_21263144,5.76
common_voice_cv_21263170,6.672
common_voice_cv_21263171,6.48
common_voice_cv_21263172,6.12
common_voice_cv_21263173,5.448
common_voice_cv_21263174,7.2
common_voice_cv_21263195,4.32
common_voice_cv_21263196,6.216
common_voice_cv_21263197,6.696
common_voice_cv_21263198,5.208
common_voice_cv_21263199,5.28
common_voice_cv_21263230,4.752
common_voice_cv_21263231,5.52
common_voice_cv_21263232,4.608
common_voice_cv_21263233,5.904
common_voice_cv_21263234,5.04
common_voice_cv_21263260,8.208
common_voice_cv_21263263,4.272
common_voice_cv_21263265,4.728
common_voice_cv_21263267,8.688
common_voice_cv_21263269,6.576
common_voice_cv_21263333,5.976
common_voice_cv_21263335,4.512
common_voice_cv_21263336,4.08
common_voice_cv_21263338,8.232
common_voice_cv_21263339,6.048
common_voice_cv_21263360,9.984
common_voice_cv_21263361,5.808
common_voice_cv_21263363,5.16
common_voice_cv_21263365,5.52
common_voice_cv_21263369,6.984
common_voice_cv_21273555,5.808
common_voice_cv_21273556,8.424
common_voice_cv_21273557,4.92
common_voice_cv_21273558,4.608
common_voice_cv_21273559,7.224
common_voice_cv_21273578,9.144
common_voice_cv_21273582,10.056
common_voice_cv_21273585,5.928
common_voice_cv_21273586,6.912
common_voice_cv_21273587,3.864
common_voice_cv_21273612,4.296
common_voice_cv_21273614,5.136
common_voice_cv_21273615,5.544
common_voice_cv_21273616,4.704
common_voice_cv_21273617,3.936
common_voice_cv_21273648,5.064
common_voice_cv_21273649,5.544
common_voice_cv_21273651,4.968
common_voice_cv_21273654,5.784
common_voice_cv_21273657,3.576
common_voice_cv_21273695,4.992
common_voice_cv_21273699,8.376
common_voice_cv_21273700,7.224
common_voice_cv_21273701,5.256
common_voice_cv_21273702,4.32
common_voice_cv_21273717,8.328
common_voice_cv_21273719,4.584
common_voice_cv_21273720,4.968
common_voice_cv_21273721,2.976
common_voice_cv_21273722,4.68
common_voice_cv_21273738,4.728
common_voice_cv_21273744,5.472
common_voice_cv_21273746,5.64
common_voice_cv_21273747,4.8
common_voice_cv_21273748,7.848
common_voice_cv_21273804,6.36
common_voice_cv_21273805,4.224
common_voice_cv_21273806,7.968
common_voice_cv_21273807,8.592
common_voice_cv_21273811,5.976
common_voice_cv_21274211,5.856
common_voice_cv_21274212,3.768
common_voice_cv_21274213,4.608
common_voice_cv_21274214,4.128
common_voice_cv_21274215,4.296
common_voice_cv_21274226,4.248
common_voice_cv_21274228,6.264
common_voice_cv_21274232,8.544
common_voice_cv_21274234,4.704
common_voice_cv_21274235,5.304
common_voice_cv_21289245,10.032
common_voice_cv_21289246,5.16
common_voice_cv_21289247,3.768
common_voice_cv_21289248,4.344
common_voice_cv_21289249,7.656
common_voice_cv_21289270,7.896
common_voice_cv_21289271,5.616
common_voice_cv_21289272,4.2
common_voice_cv_21289273,5.952
common_voice_cv_21289274,4.464
common_voice_cv_21289335,6.816
common_voice_cv_21289336,6.0
common_voice_cv_21289337,5.592
common_voice_cv_21289338,6.528
common_voice_cv_21289339,4.632
common_voice_cv_21289380,4.632
common_voice_cv_21289381,5.448
common_voice_cv_21289382,6.408
common_voice_cv_21289383,7.344
common_voice_cv_21289384,5.208
common_voice_cv_21289406,5.448
common_voice_cv_21289410,7.104
common_voice_cv_21289412,5.856
common_voice_cv_21289413,6.24
common_voice_cv_21289414,6.864
common_voice_cv_21289450,4.296
common_voice_cv_21289451,4.464
common_voice_cv_21289452,8.832
common_voice_cv_21289453,6.792
common_voice_cv_21289454,5.424
common_voice_cv_21289496,3.456
common_voice_cv_21289498,5.976
common_voice_cv_21289500,8.112
common_voice_cv_21289502,5.592
common_voice_cv_21289504,4.416
common_voice_cv_21289540,5.928
common_voice_cv_21289541,8.04
common_voice_cv_21289542,5.04
common_voice_cv_21289543,4.248
common_voice_cv_21289544,5.016
common_voice_cv_21289555,5.76
common_voice_cv_21289556,6.816
common_voice_cv_21289557,7.632
common_voice_cv_21289558,4.656
common_voice_cv_21289559,6.432
common_voice_cv_21289580,6.072
common_voice_cv_21289581,4.728
common_voice_cv_21289582,4.848
common_voice_cv_21289584,8.088
common_voice_cv_21289585,8.16
common_voice_cv_21289606,4.416
common_voice_cv_21289613,5.688
common_voice_cv_21289616,4.656
common_voice_cv_21289618,6.024
common_voice_cv_21289619,6.432
common_voice_cv_21289660,7.056
common_voice_cv_21289661,5.424
common_voice_cv_21289662,7.68
common_voice_cv_21289663,4.68
common_voice_cv_21289664,5.376
common_voice_cv_21289714,5.592
common_voice_cv_21289715,3.408
common_voice_cv_21289716,6.576
common_voice_cv_21289717,6.12
common_voice_cv_21289718,5.424
common_voice_cv_21311531,5.736
common_voice_cv_21311532,5.016
common_voice_cv_21311533,6.0
common_voice_cv_21311534,5.016
common_voice_cv_21311536,4.344
common_voice_cv_21311661,5.136
common_voice_cv_21311662,4.752
common_voice_cv_21311663,4.296
common_voice_cv_21311664,5.376
common_voice_cv_21311665,5.832
common_voice_cv_21311721,5.736
common_voice_cv_21311722,6.024
common_voice_cv_21311723,6.096
common_voice_cv_21311724,5.712
common_voice_cv_21311725,3.36
common_voice_cv_21311942,4.728
common_voice_cv_21311943,7.128
common_voice_cv_21311944,5.136
common_voice_cv_21311945,6.552
common_voice_cv_21311946,4.632
common_voice_cv_21311997,2.976
common_voice_cv_21311998,4.392
common_voice_cv_21311999,6.936
common_voice_cv_21312000,5.616
common_voice_cv_21312001,5.472
common_voice_cv_21312022,4.008
common_voice_cv_21312023,4.416
common_voice_cv_21312024,4.728
common_voice_cv_21312025,4.656
common_voice_cv_21312026,5.688
common_voice_cv_21341518,5.256
common_voice_cv_21341519,6.792
common_voice_cv_21341520,5.544
common_voice_cv_21341521,4.32
common_voice_cv_21341522,6.744
common_voice_cv_21341558,4.8
common_voice_cv_21341559,4.944
common_voice_cv_21341560,4.944
common_voice_cv_21341561,4.656
common_voice_cv_21341562,4.344
common_voice_cv_21353613,4.392
common_voice_cv_21353614,6.648
common_voice_cv_21353615,4.104
common_voice_cv_21353616,6.648
common_voice_cv_21353617,6.672
common_voice_cv_21353678,6.456
common_voice_cv_21353679,3.648
common_voice_cv_21353680,4.104
common_voice_cv_21353681,6.432
common_voice_cv_21353682,4.56
common_voice_cv_21353778,3.888
common_voice_cv_21353779,4.512
common_voice_cv_21353780,6.912
common_voice_cv_21353781,4.8
common_voice_cv_21353782,5.976
common_voice_cv_21353783,3.624
common_voice_cv_21353784,4.512
common_voice_cv_21353785,5.304
common_voice_cv_21353786,5.52
common_voice_cv_21353787,6.456
common_voice_cv_21353944,7.248
common_voice_cv_21353946,4.848
common_voice_cv_21353949,6.312
common_voice_cv_21353952,6.744
common_voice_cv_21353953,6.168
common_voice_cv_21353979,3.672
common_voice_cv_21353980,5.208
common_voice_cv_21353981,3.912
common_voice_cv_21353982,3.768
common_voice_cv_21353983,6.456
common_voice_cv_21394469,6.432
common_voice_cv_21394470,7.488
common_voice_cv_21394471,6.672
common_voice_cv_21394472,6.648
common_voice_cv_21394473,4.056
common_voice_cv_21434545,4.992
common_voice_cv_21434549,4.272
common_voice_cv_21434552,5.976
common_voice_cv_21434554,7.08
common_voice_cv_21434555,7.224
common_voice_cv_21434629,4.368
common_voice_cv_21434630,8.832
common_voice_cv_21434631,5.424
common_voice_cv_21434632,4.992
common_voice_cv_21434633,7.416
common_voice_cv_21506552,5.544
common_voice_cv_21506554,5.256
common_voice_cv_21506555,4.824
common_voice_cv_21506556,7.944
common_voice_cv_21506557,4.344
common_voice_cv_21506578,3.576
common_voice_cv_21506579,8.136
common_voice_cv_21506580,5.304
common_voice_cv_21506581,5.856
common_voice_cv_21506582,7.776
common_voice_cv_21506588,4.176
common_voice_cv_21506589,5.184
common_voice_cv_21506590,6.336
common_voice_cv_21506591,4.344
common_voice_cv_21506592,3.624
common_voice_cv_21506603,3.264
common_voice_cv_21506604,7.584
common_voice_cv_21506605,4.416
common_voice_cv_21506606,4.944
common_voice_cv_21506607,4.536
common_voice_cv_21506617,7.464
common_voice_cv_21506618,3.216
common_voice_cv_21506620,4.056
common_voice_cv_21506621,3.504
common_voice_cv_21506622,4.464
common_voice_cv_21506628,4.944
common_voice_cv_21506629,3.696
common_voice_cv_21506630,4.464
common_voice_cv_21506631,6.696
common_voice_cv_21506632,5.184
common_voice_cv_21506638,5.784
common_voice_cv_21506639,7.296
common_voice_cv_21506640,6.216
common_voice_cv_21506641,6.216
common_voice_cv_21506642,5.856
common_voice_cv_21506648,3.984
common_voice_cv_21506649,5.904
common_voice_cv_21506650,5.784
common_voice_cv_21506651,5.136
common_voice_cv_21506652,3.816
common_voice_cv_21506658,4.224
common_voice_cv_21506659,4.224
common_voice_cv_21506660,5.784
common_voice_cv_21506661,5.424
common_voice_cv_21506662,4.776
common_voice_cv_21506666,6.024
common_voice_cv_21506668,5.496
common_voice_cv_21506670,5.736
common_voice_cv_21506671,2.376
common_voice_cv_21506672,3.936
common_voice_cv_21506673,7.104
common_voice_cv_21506674,7.896
common_voice_cv_21506675,4.344
common_voice_cv_21506676,5.064
common_voice_cv_21506677,6.456
common_voice_cv_21506684,6.144
common_voice_cv_21506685,3.984
common_voice_cv_21506687,5.616
common_voice_cv_21506689,4.776
common_voice_cv_21506691,6.144
common_voice_cv_21506698,5.904
common_voice_cv_21506699,3.984
common_voice_cv_21506700,4.584
common_voice_cv_21506701,7.896
common_voice_cv_21506702,4.704
common_voice_cv_21506703,3.984
common_voice_cv_21506704,8.064
common_voice_cv_21506705,8.184
common_voice_cv_21506706,4.176
common_voice_cv_21506707,4.824
common_voice_cv_21506708,6.696
common_voice_cv_21506709,4.656
common_voice_cv_21506710,8.856
common_voice_cv_21506711,5.184
common_voice_cv_21506712,5.136
common_voice_cv_21506713,6.264
common_voice_cv_21506714,3.336
common_voice_cv_21506715,5.184
common_voice_cv_21506716,7.104
common_voice_cv_21506717,3.936
common_voice_cv_21506718,4.896
common_voice_cv_21506719,6.936
common_voice_cv_21506720,8.064
common_voice_cv_21506721,5.136
common_voice_cv_21506722,9.144
common_voice_cv_21506723,5.664
common_voice_cv_21506724,4.104
common_voice_cv_21506725,5.664
common_voice_cv_21506726,7.656
common_voice_cv_21506727,6.144
common_voice_cv_21506728,5.376
common_voice_cv_21506729,4.584
common_voice_cv_21506730,6.456
common_voice_cv_21506731,3.504
common_voice_cv_21506732,7.176
common_voice_cv_21506733,7.944
common_voice_cv_21506734,5.136
common_voice_cv_21506735,4.536
common_voice_cv_21506736,6.384
common_voice_cv_21506737,4.176
common_voice_cv_21506743,5.544
common_voice_cv_21506744,6.576
common_voice_cv_21506745,5.016
common_voice_cv_21506746,4.224
common_voice_cv_21506747,6.744
common_voice_cv_21506748,2.904
common_voice_cv_21506749,2.904
common_voice_cv_21506750,3.504
common_voice_cv_21506751,4.656
common_voice_cv_21506752,5.184
common_voice_cv_21506753,4.416
common_voice_cv_21506754,6.624
common_voice_cv_21506755,3.096
common_voice_cv_21506756,3.816
common_voice_cv_21506757,5.664
common_voice_cv_21506763,5.904
common_voice_cv_21506764,7.176
common_voice_cv_21506765,4.104
common_voice_cv_21506766,3.576
common_voice_cv_21506767,6.456
common_voice_cv_21506768,3.744
common_voice_cv_21506769,5.304
common_voice_cv_21506770,6.864
common_voice_cv_21506771,5.736
common_voice_cv_21506772,5.136
common_voice_cv_21506778,5.064
common_voice_cv_21506779,5.784
common_voice_cv_21506780,7.944
common_voice_cv_21506781,5.376
common_voice_cv_21506782,8.064
common_voice_cv_21506787,5.736
common_voice_cv_21506789,3.024
common_voice_cv_21506790,4.344
common_voice_cv_21506791,5.736
common_voice_cv_21506792,3.624
common_voice_cv_21506798,4.344
common_voice_cv_21506800,3.984
common_voice_cv_21506801,5.136
common_voice_cv_21506802,3.096
common_voice_cv_21506803,4.656
common_voice_cv_21506809,4.056
common_voice_cv_21506810,5.784
common_voice_cv_21506811,4.296
common_voice_cv_21506812,7.344
common_voice_cv_21506813,3.264
common_voice_cv_21506825,6.456
common_voice_cv_21506826,3.384
common_voice_cv_21506827,8.976
common_voice_cv_21506828,5.664
common_voice_cv_21506834,3.936
common_voice_cv_21506835,4.536
common_voice_cv_21506836,4.056
common_voice_cv_21506837,4.896
common_voice_cv_21506838,9.144
common_voice_cv_21506849,4.704
common_voice_cv_21506850,3.696
common_voice_cv_21506851,5.424
common_voice_cv_21506852,4.224
common_voice_cv_21506853,5.184
common_voice_cv_21506871,2.784
common_voice_cv_21506872,3.576
common_voice_cv_21506873,4.704
common_voice_cv_21506874,5.256
common_voice_cv_21506875,3.096
common_voice_cv_21506886,2.256
common_voice_cv_21506887,5.184
common_voice_cv_21506888,7.536
common_voice_cv_21506889,4.416
common_voice_cv_21506890,7.656
common_voice_cv_21506897,4.056
common_voice_cv_21506898,6.264
common_voice_cv_21506899,5.544
common_voice_cv_21506900,3.504
common_voice_cv_21506901,9.744
common_voice_cv_21506903,4.704
common_voice_cv_21506905,5.544
common_voice_cv_21506908,6.456
common_voice_cv_21506910,4.824
common_voice_cv_21506911,3.264
common_voice_cv_21506912,5.784
common_voice_cv_21506913,4.296
common_voice_cv_21506914,2.976
common_voice_cv_21506915,4.104
common_voice_cv_21506916,3.264
common_voice_cv_21506917,3.816
common_voice_cv_21506918,6.624
common_voice_cv_21506919,3.456
common_voice_cv_21506920,3.024
common_voice_cv_21506921,3.384
common_voice_cv_21506927,3.264
common_voice_cv_21506928,5.184
common_voice_cv_21506929,6.864
common_voice_cv_21506930,6.264
common_voice_cv_21506931,4.896
common_voice_cv_21510286,5.112
common_voice_cv_21510288,5.208
common_voice_cv_21510289,6.408
common_voice_cv_21510290,5.688
common_voice_cv_21510291,4.296
common_voice_cv_21510372,4.824
common_voice_cv_21510374,5.16
common_voice_cv_21510376,7.08
common_voice_cv_21510377,3.576
common_voice_cv_21510380,5.952
common_voice_cv_21510709,7.104
common_voice_cv_21510710,5.496
common_voice_cv_21510711,5.712
common_voice_cv_21510712,8.256
common_voice_cv_21510713,5.76
common_voice_cv_21510754,4.8
common_voice_cv_21510755,8.376
common_voice_cv_21510756,6.096
common_voice_cv_21510757,4.56
common_voice_cv_21510758,8.616
common_voice_cv_21510803,4.848
common_voice_cv_21510805,5.928
common_voice_cv_21510806,9.672
common_voice_cv_21510807,5.688
common_voice_cv_21510808,4.176
common_voice_cv_21510916,4.152
common_voice_cv_21510918,5.136
common_voice_cv_21510919,5.808
common_voice_cv_21510920,5.472
common_voice_cv_21510922,5.928
common_voice_cv_21533558,4.488
common_voice_cv_21533559,9.12
common_voice_cv_21533560,6.096
common_voice_cv_21533561,5.256
common_voice_cv_21533562,5.616
common_voice_cv_21533571,3.288
common_voice_cv_21533577,4.656
common_voice_cv_21533580,4.992
common_voice_cv_21533581,7.848
common_voice_cv_21533582,7.128
common_voice_cv_21533619,4.32
common_voice_cv_21533624,6.096
common_voice_cv_21533625,7.632
common_voice_cv_21533626,3.792
common_voice_cv_21533627,3.84
common_voice_cv_21533663,4.56
common_voice_cv_21533666,6.576
common_voice_cv_21533671,5.184
common_voice_cv_21533674,5.496
common_voice_cv_21533676,3.576
common_voice_cv_21533728,4.248
common_voice_cv_21533730,6.696
common_voice_cv_21533732,6.432
common_voice_cv_21533734,5.664
common_voice_cv_21533736,3.888
common_voice_cv_21533820,7.368
common_voice_cv_21533823,6.672
common_voice_cv_21533825,9.336
common_voice_cv_21533827,5.352
common_voice_cv_21533828,6.312
common_voice_cv_21533892,8.208
common_voice_cv_21533893,6.792
common_voice_cv_21533894,5.592
common_voice_cv_21533895,4.416
common_voice_cv_21533896,5.544
common_voice_cv_21533907,3.264
common_voice_cv_21533908,4.56
common_voice_cv_21533909,5.688
common_voice_cv_21533910,7.488
common_voice_cv_21533911,7.992
common_voice_cv_21605276,6.024
common_voice_cv_21605277,6.288
common_voice_cv_21605278,4.968
common_voice_cv_21605279,3.936
common_voice_cv_21605280,7.032
common_voice_cv_21605351,6.6
common_voice_cv_21605352,4.056
common_voice_cv_21605353,7.848
common_voice_cv_21605354,9.048
common_voice_cv_21605355,5.328
common_voice_cv_21605396,8.208
common_voice_cv_21605397,5.568
common_voice_cv_21605398,4.872
common_voice_cv_21605399,6.312
common_voice_cv_21605400,4.104
common_voice_cv_21605481,5.856
common_voice_cv_21605482,4.68
common_voice_cv_21605483,7.368
common_voice_cv_21605484,4.608
common_voice_cv_21605485,5.112
common_voice_cv_21605636,8.208
common_voice_cv_21605637,4.512
common_voice_cv_21605638,6.84
common_voice_cv_21605639,3.096
common_voice_cv_21605640,5.256
common_voice_cv_21605646,5.448
common_voice_cv_21605647,5.76
common_voice_cv_21605648,6.768
common_voice_cv_21605649,4.344
common_voice_cv_21605650,6.504
common_voice_cv_21605671,9.096
common_voice_cv_21605672,5.544
common_voice_cv_21605673,8.232
common_voice_cv_21605674,6.264
common_voice_cv_21605675,6.216
common_voice_cv_21605702,3.264
common_voice_cv_21605705,4.2
common_voice_cv_21605707,2.928
common_voice_cv_21605710,7.656
common_voice_cv_21605711,5.352
common_voice_cv_21690631,8.112
common_voice_cv_21690632,9.096
common_voice_cv_21690633,5.328
common_voice_cv_21690634,5.928
common_voice_cv_21690635,5.256
common_voice_cv_21690646,6.048
common_voice_cv_21690647,5.256
common_voice_cv_21690648,7.008
common_voice_cv_21690649,5.328
common_voice_cv_21690650,6.24
common_voice_cv_21690670,7.368
common_voice_cv_21690671,5.976
common_voice_cv_21690672,5.256
common_voice_cv_21690674,6.912
common_voice_cv_21690679,6.336
common_voice_cv_21690705,7.128
common_voice_cv_21690706,4.608
common_voice_cv_21690707,4.56
common_voice_cv_21690708,8.184
common_voice_cv_21690709,4.416
common_voice_cv_21715046,7.128
common_voice_cv_21715047,3.84
common_voice_cv_21715048,4.56
common_voice_cv_21715049,3.984
common_voice_cv_21715050,3.624
common_voice_cv_21715117,6.0
common_voice_cv_21715118,3.816
common_voice_cv_21715119,3.672
common_voice_cv_21715120,5.904
common_voice_cv_21715121,6.912
common_voice_cv_21715137,4.824
common_voice_cv_21715138,5.496
common_voice_cv_21715139,4.968
common_voice_cv_21715140,5.952
common_voice_cv_21715141,3.936
common_voice_cv_21715169,7.704
common_voice_cv_21715171,3.792
common_voice_cv_21715173,3.984
common_voice_cv_21715175,4.752
common_voice_cv_21715176,3.384
common_voice_cv_21715197,4.536
common_voice_cv_21715198,3.144
common_voice_cv_21715199,6.168
common_voice_cv_21715200,4.032
common_voice_cv_21715201,4.056
common_voice_cv_21715212,4.872
common_voice_cv_21715213,4.608
common_voice_cv_21715214,4.056
common_voice_cv_21715215,3.48
common_voice_cv_21715216,4.32
common_voice_cv_21715237,7.488
common_voice_cv_21715238,3.888
common_voice_cv_21715239,6.504
common_voice_cv_21715240,3.552
common_voice_cv_21715241,3.432
common_voice_cv_21715252,3.84
common_voice_cv_21715253,5.832
common_voice_cv_21715254,3.168
common_voice_cv_21715255,5.304
common_voice_cv_21715256,3.888
common_voice_cv_21715267,3.816
common_voice_cv_21715268,4.416
common_voice_cv_21715269,4.152
common_voice_cv_21715270,3.96
common_voice_cv_21715271,3.456
common_voice_cv_21715362,3.984
common_voice_cv_21715363,3.744
common_voice_cv_21715364,4.392
common_voice_cv_21715365,5.112
common_voice_cv_21715366,5.472
common_voice_cv_21715367,4.992
common_voice_cv_21715368,4.992
common_voice_cv_21715369,4.92
common_voice_cv_21715370,3.768
common_voice_cv_21715371,3.672
common_voice_cv_21715372,5.28
common_voice_cv_21715373,5.112
common_voice_cv_21715374,3.24
common_voice_cv_21715375,4.992
common_voice_cv_21715376,2.976
common_voice_cv_21715377,3.792
common_voice_cv_21715378,5.808
common_voice_cv_21715379,4.944
common_voice_cv_21715380,5.472
common_voice_cv_21715381,3.984
common_voice_cv_21715382,4.464
common_voice_cv_21715383,9.384
common_voice_cv_21715384,4.776
common_voice_cv_21715385,7.224
common_voice_cv_21715386,4.944
common_voice_cv_21715387,5.496
common_voice_cv_21715388,3.672
common_voice_cv_21715389,6.864
common_voice_cv_21715390,5.904
common_voice_cv_21715391,2.904
common_voice_cv_21715392,5.184
common_voice_cv_21715393,4.8
common_voice_cv_21715394,4.752
common_voice_cv_21715395,5.208
common_voice_cv_21715396,3.744
common_voice_cv_21715404,4.032
common_voice_cv_21715405,3.672
common_voice_cv_21715406,4.464
common_voice_cv_21715407,3.384
common_voice_cv_21715408,3.816
common_voice_cv_21715412,5.136
common_voice_cv_21715413,3.408
common_voice_cv_21715414,3.912
common_voice_cv_21715415,2.256
common_voice_cv_21715416,2.784
common_voice_cv_21715419,3.888
common_voice_cv_21715420,5.304
common_voice_cv_21715421,2.856
common_voice_cv_21715422,3.144
common_voice_cv_21715423,7.2
common_voice_cv_21715424,6.384
common_voice_cv_21715425,2.64
common_voice_cv_21715426,3.696
common_voice_cv_21715427,4.536
common_voice_cv_21715428,3.432
common_voice_cv_21715429,4.848
common_voice_cv_21715430,4.104
common_voice_cv_21715431,3.6
common_voice_cv_21715432,3.96
common_voice_cv_21715433,3.696
common_voice_cv_21715445,5.616
common_voice_cv_21715446,5.064
common_voice_cv_21715447,3.6
common_voice_cv_21715449,3.024
common_voice_cv_21715452,4.776
common_voice_cv_21715453,3.168
common_voice_cv_21715454,5.136
common_voice_cv_21715455,3.6
common_voice_cv_21715456,3.48
common_voice_cv_21715459,5.76
common_voice_cv_21715460,3.84
common_voice_cv_21715461,4.032
common_voice_cv_21715462,3.84
common_voice_cv_21715463,3.552
common_voice_cv_21715466,4.992
common_voice_cv_21715467,3.312
common_voice_cv_21715468,2.472
common_voice_cv_21715469,6.744
common_voice_cv_21715470,3.528
common_voice_cv_21715476,3.504
common_voice_cv_21715477,3.96
common_voice_cv_21715478,5.28
common_voice_cv_21715479,2.52
common_voice_cv_21715480,4.44
common_voice_cv_21715481,4.464
common_voice_cv_21715482,4.248
common_voice_cv_21715483,3.792
common_voice_cv_21715484,2.784
common_voice_cv_21715485,6.36
common_voice_cv_21715486,2.688
common_voice_cv_21715487,4.248
common_voice_cv_21715488,3.984
common_voice_cv_21715489,4.32
common_voice_cv_21715490,4.392
common_voice_cv_21715491,7.152
common_voice_cv_21715492,3.816
common_voice_cv_21715493,4.968
common_voice_cv_21715494,3.312
common_voice_cv_21715495,3.84
common_voice_cv_21715499,5.904
common_voice_cv_21715500,5.28
common_voice_cv_21715501,4.584
common_voice_cv_21715502,2.976
common_voice_cv_21715503,3.456
common_voice_cv_21715504,3.744
common_voice_cv_21715505,2.688
common_voice_cv_21715506,4.224
common_voice_cv_21715507,6.144
common_voice_cv_21715508,3.408
common_voice_cv_21715509,4.368
common_voice_cv_21715510,5.016
common_voice_cv_21715511,3.432
common_voice_cv_21715512,6.096
common_voice_cv_21715513,5.064
common_voice_cv_21715519,3.384
common_voice_cv_21715520,5.328
common_voice_cv_21715521,4.584
common_voice_cv_21715522,3.432
common_voice_cv_21715523,5.376
common_voice_cv_21715525,4.584
common_voice_cv_21715526,3.552
common_voice_cv_21715527,4.392
common_voice_cv_21715528,4.944
common_voice_cv_21715529,3.624
common_voice_cv_21791612,9.048
common_voice_cv_21791615,8.688
common_voice_cv_21791616,5.232
common_voice_cv_21791617,3.696
common_voice_cv_21791618,6.096
common_voice_cv_21791659,6.336
common_voice_cv_21791660,8.856
common_voice_cv_21791661,5.976
common_voice_cv_21791662,4.08
common_voice_cv_21791663,5.376
common_voice_cv_21791724,8.28
common_voice_cv_21791725,8.568
common_voice_cv_21791726,6.864
common_voice_cv_21791727,5.544
common_voice_cv_21791728,6.144
common_voice_cv_21791789,5.688
common_voice_cv_21791790,8.016
common_voice_cv_21791791,5.04
common_voice_cv_21791792,8.832
common_voice_cv_21791793,5.808
common_voice_cv_21791839,4.008
common_voice_cv_21791840,3.912
common_voice_cv_21791841,7.848
common_voice_cv_21791842,6.12
common_voice_cv_21791843,5.064
common_voice_cv_21791879,5.832
common_voice_cv_21791880,4.2
common_voice_cv_21791881,5.76
common_voice_cv_21791882,6.048
common_voice_cv_21791883,6.192
common_voice_cv_21791934,5.784
common_voice_cv_21791936,6.984
common_voice_cv_21791937,5.856
common_voice_cv_21791938,4.584
common_voice_cv_21791939,6.696
common_voice_cv_21791989,4.248
common_voice_cv_21791990,6.216
common_voice_cv_21791991,4.776
common_voice_cv_21791992,7.224
common_voice_cv_21791993,6.672
common_voice_cv_21792024,5.28
common_voice_cv_21792025,4.512
common_voice_cv_21792026,5.856
common_voice_cv_21792027,5.112
common_voice_cv_21792029,5.688
common_voice_cv_21858559,4.968
common_voice_cv_21858560,5.016
common_voice_cv_21858561,7.32
common_voice_cv_21858564,4.464
common_voice_cv_21858566,4.536
common_voice_cv_21858622,6.144
common_voice_cv_21858625,5.184
common_voice_cv_21858628,5.544
common_voice_cv_21858630,6.408
common_voice_cv_21858632,6.912
common_voice_cv_21858679,6.216
common_voice_cv_21858680,7.032
common_voice_cv_21858681,7.824
common_voice_cv_21858683,5.832
common_voice_cv_21858685,4.656
common_voice_cv_21858719,6.336
common_voice_cv_21858720,3.912
common_voice_cv_21858721,3.816
common_voice_cv_21858722,5.4
common_voice_cv_21858724,6.528
common_voice_cv_21858764,5.04
common_voice_cv_21858765,4.536
common_voice_cv_21858767,5.328
common_voice_cv_21858770,5.256
common_voice_cv_21858773,7.944
common_voice_cv_21858794,3.864
common_voice_cv_21858796,4.608
common_voice_cv_21858797,5.448
common_voice_cv_21858798,4.608
common_voice_cv_21858799,4.176
common_voice_cv_21858864,4.848
common_voice_cv_21858865,8.112
common_voice_cv_21858866,4.92
common_voice_cv_21858867,8.256
common_voice_cv_21858868,5.976
common_voice_cv_21858884,4.296
common_voice_cv_21858885,4.656
common_voice_cv_21858886,5.688
common_voice_cv_21858887,4.176
common_voice_cv_21858888,9.048
common_voice_cv_21858894,4.608
common_voice_cv_21858895,4.632
common_voice_cv_21858896,6.96
common_voice_cv_21858897,3.336
common_voice_cv_21858898,3.552
common_voice_cv_21858925,4.752
common_voice_cv_21858926,3.072
common_voice_cv_21858927,5.16
common_voice_cv_21858928,6.0
common_voice_cv_21858929,4.968
common_voice_cv_21858945,6.36
common_voice_cv_21858946,4.248
common_voice_cv_21858947,4.296
common_voice_cv_21858948,5.976
common_voice_cv_21858949,4.008
common_voice_cv_21858980,5.376
common_voice_cv_21858981,5.616
common_voice_cv_21858982,5.736
common_voice_cv_21858983,8.64
common_voice_cv_21858984,5.784
common_voice_cv_21859005,5.712
common_voice_cv_21859006,5.616
common_voice_cv_21859007,6.408
common_voice_cv_21859008,8.304
common_voice_cv_21859009,6.072
common_voice_cv_21859010,5.376
common_voice_cv_21859011,3.168
common_voice_cv_21859012,4.824
common_voice_cv_21859013,8.424
common_voice_cv_21859014,8.88
common_voice_cv_21917008,6.072
common_voice_cv_21917009,6.576
common_voice_cv_21917010,6.384
common_voice_cv_21917011,5.904
common_voice_cv_21917012,5.568
common_voice_cv_22010325,5.232
common_voice_cv_22010326,5.712
common_voice_cv_22010327,3.408
common_voice_cv_22010328,4.872
common_voice_cv_22010329,3.96
common_voice_cv_22010365,4.032
common_voice_cv_22010367,2.352
common_voice_cv_22010370,3.552
common_voice_cv_22010372,3.936
common_voice_cv_22010374,6.336
common_voice_cv_22010400,3.624
common_voice_cv_22010401,4.656
common_voice_cv_22010402,4.392
common_voice_cv_22010403,4.128
common_voice_cv_22010404,4.152
common_voice_cv_22020076,6.0
common_voice_cv_22020079,3.528
common_voice_cv_22020081,4.368
common_voice_cv_22020083,6.888
common_voice_cv_22020085,3.792
common_voice_cv_22123167,4.104
common_voice_cv_22123170,7.896
common_voice_cv_22123173,4.8
common_voice_cv_22123176,5.208
common_voice_cv_22123180,5.832
common_voice_cv_22123266,9.456
common_voice_cv_22123267,7.368
common_voice_cv_22123268,5.592
common_voice_cv_22123269,6.864
common_voice_cv_22123270,4.488
common_voice_cv_22123335,8.472
common_voice_cv_22123341,4.296
common_voice_cv_22123348,6.096
common_voice_cv_22123349,4.272
common_voice_cv_22123360,4.416
common_voice_cv_22123407,9.288
common_voice_cv_22123425,4.872
common_voice_cv_22123435,5.64
common_voice_cv_22123439,4.416
common_voice_cv_22123442,4.32
common_voice_cv_22123564,9.096
common_voice_cv_22123574,9.84
common_voice_cv_22123577,7.488
common_voice_cv_22123578,5.016
common_voice_cv_22123581,5.712
common_voice_cv_22123968,5.448
common_voice_cv_22123969,4.152
common_voice_cv_22123973,10.104
common_voice_cv_22123975,3.768
common_voice_cv_22123978,7.416
common_voice_cv_22124107,7.152
common_voice_cv_22124113,7.392
common_voice_cv_22124115,4.416
common_voice_cv_22124116,7.824
common_voice_cv_22124117,8.856
common_voice_cv_22124298,6.336
common_voice_cv_22124301,6.696
common_voice_cv_22124308,5.208
common_voice_cv_22124310,4.56
common_voice_cv_22124312,5.472
common_voice_cv_22124451,4.968
common_voice_cv_22124452,5.496
common_voice_cv_22124453,6.744
common_voice_cv_22124454,5.256
common_voice_cv_22124457,4.488
common_voice_cv_22124664,7.776
common_voice_cv_22124673,8.784
common_voice_cv_22124678,5.808
common_voice_cv_22124683,6.384
common_voice_cv_22124831,4.536
common_voice_cv_22124832,5.592
common_voice_cv_22124833,3.048
common_voice_cv_22124834,7.128
common_voice_cv_22124835,6.936
common_voice_cv_22167612,5.856
common_voice_cv_22167616,3.96
common_voice_cv_22167622,6.816
common_voice_cv_22167630,7.848
common_voice_cv_22167639,6.48
common_voice_cv_22167844,4.56
common_voice_cv_22167849,4.464
common_voice_cv_22167853,5.568
common_voice_cv_22167856,7.464
common_voice_cv_22167860,5.712
common_voice_cv_22167963,6.528
common_voice_cv_22167967,4.512
common_voice_cv_22167969,6.264
common_voice_cv_22167973,4.608
common_voice_cv_22167976,4.776
common_voice_cv_22168148,7.632
common_voice_cv_22168161,5.016
common_voice_cv_22168166,7.944
common_voice_cv_22168171,6.36
common_voice_cv_22168176,8.088
common_voice_cv_22168352,4.776
common_voice_cv_22168357,4.44
common_voice_cv_22168363,6.744
common_voice_cv_22168369,8.328
common_voice_cv_22168372,6.0
common_voice_cv_22169288,5.64
common_voice_cv_22169292,4.632
common_voice_cv_22169293,5.16
common_voice_cv_22169294,6.48
common_voice_cv_22169295,6.072
common_voice_cv_22169415,3.984
common_voice_cv_22169416,5.52
common_voice_cv_22169417,5.16
common_voice_cv_22169418,7.56
common_voice_cv_22169420,5.568
common_voice_cv_22169540,6.84
common_voice_cv_22169542,6.552
common_voice_cv_22169547,8.04
common_voice_cv_22169550,4.224
common_voice_cv_22169553,8.376
common_voice_cv_22169685,4.872
common_voice_cv_22169690,7.896
common_voice_cv_22169693,5.448
common_voice_cv_22169696,7.8
common_voice_cv_22169697,7.296
common_voice_cv_22169815,6.648
common_voice_cv_22169820,4.536
common_voice_cv_22169821,5.256
common_voice_cv_22169823,3.984
common_voice_cv_22169828,7.296
common_voice_cv_22170239,4.968
common_voice_cv_22170249,4.872
common_voice_cv_22170254,7.68
common_voice_cv_22170259,8.328
common_voice_cv_22170261,6.624
common_voice_cv_22170898,6.168
common_voice_cv_22170903,5.28
common_voice_cv_22170906,7.176
common_voice_cv_22170909,4.56
common_voice_cv_22170912,6.168
common_voice_cv_22171039,4.056
common_voice_cv_22171040,6.576
common_voice_cv_22171045,8.496
common_voice_cv_22171051,7.152
common_voice_cv_22171056,6.048
common_voice_cv_22171102,7.344
common_voice_cv_22171103,4.8
common_voice_cv_22171104,4.656
common_voice_cv_22171107,3.0
common_voice_cv_22171111,8.208
common_voice_cv_22171188,4.056
common_voice_cv_22171190,6.744
common_voice_cv_22171195,5.856
common_voice_cv_22171199,6.864
common_voice_cv_22249297,9.768
common_voice_cv_22249299,6.192
common_voice_cv_22249300,6.312
common_voice_cv_22249301,6.744
common_voice_cv_22249303,5.952
common_voice_cv_22249333,5.28
common_voice_cv_22249334,4.56
common_voice_cv_22249335,6.024
common_voice_cv_22249336,7.248
common_voice_cv_22249338,6.792
common_voice_cv_22249383,8.928
common_voice_cv_22249384,4.968
common_voice_cv_22249385,6.624
common_voice_cv_22249386,3.456
common_voice_cv_22249387,5.832
common_voice_cv_22249453,10.128
common_voice_cv_22249456,4.008
common_voice_cv_22249458,4.416
common_voice_cv_22249459,5.88
common_voice_cv_22249462,6.216
common_voice_cv_22249547,8.592
common_voice_cv_22249548,6.648
common_voice_cv_22249549,4.896
common_voice_cv_22249550,7.296
common_voice_cv_22249551,8.808
common_voice_cv_22249622,4.536
common_voice_cv_22249623,6.48
common_voice_cv_22249624,5.4
common_voice_cv_22249625,6.792
common_voice_cv_22249626,7.08
common_voice_cv_22249653,4.752
common_voice_cv_22249657,4.08
common_voice_cv_22249659,3.744
common_voice_cv_22249660,8.328
common_voice_cv_22249661,3.6
common_voice_cv_22249737,5.928
common_voice_cv_22249738,5.136
common_voice_cv_22249739,4.848
common_voice_cv_22249740,7.32
common_voice_cv_22249741,5.28
common_voice_cv_22249802,8.304
common_voice_cv_22249803,6.84
common_voice_cv_22249806,4.368
common_voice_cv_22249807,9.576
common_voice_cv_22249809,5.136
common_voice_cv_22249848,3.048
common_voice_cv_22249850,6.288
common_voice_cv_22249852,3.936
common_voice_cv_22249853,4.68
common_voice_cv_22249855,4.488
common_voice_cv_22249922,5.016
common_voice_cv_22249926,9.72
common_voice_cv_22249930,4.896
common_voice_cv_22249934,5.424
common_voice_cv_22249938,6.264
common_voice_cv_22249980,6.816
common_voice_cv_22249985,5.496
common_voice_cv_22249986,6.792
common_voice_cv_22249987,4.872
common_voice_cv_22249988,6.576
common_voice_cv_22250071,3.6
common_voice_cv_22250077,8.592
common_voice_cv_22250080,6.744
common_voice_cv_22250081,6.864
common_voice_cv_22250083,3.888
common_voice_cv_22250150,6.984
common_voice_cv_22250153,5.736
common_voice_cv_22250155,4.056
common_voice_cv_22250158,8.448
common_voice_cv_22250160,4.608
common_voice_cv_22250215,6.672
common_voice_cv_22250216,4.848
common_voice_cv_22250218,5.64
common_voice_cv_22250219,4.848
common_voice_cv_22250220,5.232
common_voice_cv_22250245,4.704
common_voice_cv_22250246,4.608
common_voice_cv_22250247,3.864
common_voice_cv_22250249,8.76
common_voice_cv_22250251,4.872
common_voice_cv_22250285,5.064
common_voice_cv_22250286,4.896
common_voice_cv_22250287,6.336
common_voice_cv_22250288,3.984
common_voice_cv_22250289,4.56
common_voice_cv_22250306,4.44
common_voice_cv_22250308,4.296
common_voice_cv_22250309,6.072
common_voice_cv_22250311,4.296
common_voice_cv_22250313,6.576
common_voice_cv_22250319,7.248
common_voice_cv_22250322,6.288
common_voice_cv_22250325,5.256
common_voice_cv_22250328,3.936
common_voice_cv_22250332,7.128
common_voice_cv_22250414,5.424
common_voice_cv_22250415,3.888
common_voice_cv_22250416,3.648
common_voice_cv_22250417,8.376
common_voice_cv_22250418,4.368
common_voice_cv_22250487,5.064
common_voice_cv_22250492,7.32
common_voice_cv_22250507,4.872
common_voice_cv_22250510,3.288
common_voice_cv_22250538,5.256
common_voice_cv_22250539,3.6
common_voice_cv_22250541,6.096
common_voice_cv_22250543,5.136
common_voice_cv_22250575,5.16
common_voice_cv_22250578,5.136
common_voice_cv_22250579,5.856
common_voice_cv_22250580,6.6
common_voice_cv_22250581,7.464
common_voice_cv_22294876,5.448
common_voice_cv_22294877,6.624
common_voice_cv_22294878,5.544
common_voice_cv_22294879,6.552
common_voice_cv_22294880,6.864
common_voice_cv_22294906,4.776
common_voice_cv_22294907,5.952
common_voice_cv_22294908,5.04
common_voice_cv_22294909,7.344
common_voice_cv_22294910,6.912
common_voice_cv_22294961,9.528
common_voice_cv_22294963,7.848
common_voice_cv_22294964,4.968
common_voice_cv_22294965,7.944
common_voice_cv_22294966,5.808
common_voice_cv_22295006,5.28
common_voice_cv_22295007,6.24
common_voice_cv_22295008,3.552
common_voice_cv_22295010,5.232
common_voice_cv_22295011,6.0
common_voice_cv_22295059,5.352
common_voice_cv_22295060,7.512
common_voice_cv_22295061,6.144
common_voice_cv_22295063,4.92
common_voice_cv_22295064,8.592
common_voice_cv_22295363,4.152
common_voice_cv_22295364,4.8
common_voice_cv_22295365,8.064
common_voice_cv_22295366,4.776
common_voice_cv_22295367,6.888
common_voice_cv_22362960,5.592
common_voice_cv_22362961,3.936
common_voice_cv_22362962,3.888
common_voice_cv_22362963,7.056
common_voice_cv_22362965,8.568
common_voice_cv_22362980,3.984
common_voice_cv_22362981,4.176
common_voice_cv_22362982,4.632
common_voice_cv_22362984,6.96
common_voice_cv_22362985,4.56
common_voice_cv_22363024,5.28
common_voice_cv_22363025,5.304
common_voice_cv_22363026,5.952
common_voice_cv_22363027,8.568
common_voice_cv_22363028,4.896
common_voice_cv_22363052,8.208
common_voice_cv_22363055,4.968
common_voice_cv_22363056,5.712
common_voice_cv_22363057,3.96
common_voice_cv_22363058,5.376
common_voice_cv_22363069,5.784
common_voice_cv_22363070,4.488
common_voice_cv_22363071,4.344
common_voice_cv_22363072,3.648
common_voice_cv_22363073,5.256
common_voice_cv_22363074,4.368
common_voice_cv_22363075,7.704
common_voice_cv_22363076,5.952
common_voice_cv_22363077,7.776
common_voice_cv_22363078,8.112
common_voice_cv_22363084,5.424
common_voice_cv_22363085,9.816
common_voice_cv_22363086,5.448
common_voice_cv_22363087,6.552
common_voice_cv_22363088,8.496
common_voice_cv_22363108,4.056
common_voice_cv_22363110,8.496
common_voice_cv_22363111,5.52
common_voice_cv_22363112,5.592
common_voice_cv_22363113,8.736
common_voice_cv_22363139,5.568
common_voice_cv_22363140,5.256
common_voice_cv_22363141,6.048
common_voice_cv_22363142,5.208
common_voice_cv_22363143,6.696
common_voice_cv_22363154,4.584
common_voice_cv_22363155,6.048
common_voice_cv_22363156,5.52
common_voice_cv_22363157,6.888
common_voice_cv_22363158,8.52
common_voice_cv_22363244,5.904
common_voice_cv_22363245,7.104
common_voice_cv_22363246,2.616
common_voice_cv_22363248,4.896
common_voice_cv_22363250,4.44
common_voice_cv_22363264,5.904
common_voice_cv_22363265,5.16
common_voice_cv_22363266,7.32
common_voice_cv_22363267,4.632
common_voice_cv_22363268,3.888
common_voice_cv_22363304,6.24
common_voice_cv_22363305,4.032
common_voice_cv_22363306,4.536
common_voice_cv_22363307,7.776
common_voice_cv_22363308,7.008
common_voice_cv_22363344,7.968
common_voice_cv_22363345,6.048
common_voice_cv_22363346,9.312
common_voice_cv_22363347,8.424
common_voice_cv_22363348,5.112
common_voice_cv_22439764,5.976
common_voice_cv_22472458,6.264
common_voice_cv_22472459,7.008
common_voice_cv_22472460,3.648
common_voice_cv_22472461,8.568
common_voice_cv_22472462,6.936
common_voice_cv_22568686,10.344
common_voice_cv_22568689,8.064
common_voice_cv_22568693,6.552
common_voice_cv_22568697,6.288
common_voice_cv_22568703,7.536
common_voice_cv_22568970,5.856
common_voice_cv_22568971,4.512
common_voice_cv_22568973,6.768
common_voice_cv_22568975,6.336
common_voice_cv_22568978,5.736
common_voice_cv_22569144,5.064
common_voice_cv_22569145,5.376
common_voice_cv_22569147,6.528
common_voice_cv_22569149,7.32
common_voice_cv_22569151,7.848
common_voice_cv_22569300,5.376
common_voice_cv_22569304,6.336
common_voice_cv_22569307,4.968
common_voice_cv_22569310,6.816
common_voice_cv_22569311,4.368
common_voice_cv_22569495,5.496
common_voice_cv_22569498,6.624
common_voice_cv_22569499,7.68
common_voice_cv_22569502,4.896
common_voice_cv_22569504,5.736
common_voice_cv_22569658,4.944
common_voice_cv_22569659,5.496
common_voice_cv_22569663,9.768
common_voice_cv_22569666,6.024
common_voice_cv_22569668,6.48
common_voice_cv_22569861,5.328
common_voice_cv_22569865,8.784
common_voice_cv_22569867,7.104
common_voice_cv_22569869,3.552
common_voice_cv_22569871,4.296
common_voice_cv_22569994,4.944
common_voice_cv_22569995,5.064
common_voice_cv_22569996,5.664
common_voice_cv_22569997,7.056
common_voice_cv_22569998,7.416
common_voice_cv_22570114,2.904
common_voice_cv_22570121,6.408
common_voice_cv_22570124,4.08
common_voice_cv_22570130,7.08
common_voice_cv_22570133,6.624
common_voice_cv_22570276,6.72
common_voice_cv_22570277,7.896
common_voice_cv_22570278,4.296
common_voice_cv_22570279,7.608
common_voice_cv_22570456,5.616
common_voice_cv_22570461,6.696
common_voice_cv_22570463,4.176
common_voice_cv_22570468,5.328
common_voice_cv_22570473,4.056
common_voice_cv_22570631,5.472
common_voice_cv_22570633,7.56
common_voice_cv_22570635,6.816
common_voice_cv_22570636,4.728
common_voice_cv_22570637,5.376
common_voice_cv_22570826,6.576
common_voice_cv_22570828,6.792
common_voice_cv_22570830,5.352
common_voice_cv_22570832,6.168
common_voice_cv_22570833,6.216
common_voice_cv_22571721,9.792
common_voice_cv_22571722,9.432
common_voice_cv_22571723,4.752
common_voice_cv_22571724,6.36
common_voice_cv_22571725,6.336
common_voice_cv_22571768,5.4
common_voice_cv_22571769,4.32
common_voice_cv_22571770,4.056
common_voice_cv_22571771,6.504
common_voice_cv_22571854,4.776
common_voice_cv_22571855,8.016
common_voice_cv_22571856,4.368
common_voice_cv_22571857,5.16
common_voice_cv_22571858,4.896
common_voice_cv_22571935,4.224
common_voice_cv_22571937,4.776
common_voice_cv_22571938,6.072
common_voice_cv_22571942,4.296
common_voice_cv_22571944,4.608
common_voice_cv_22572005,5.544
common_voice_cv_22572007,5.184
common_voice_cv_22572009,5.328
common_voice_cv_22572010,5.736
common_voice_cv_22572011,3.384
common_voice_cv_22964127,3.984
common_voice_cv_22964128,5.304
common_voice_cv_22964129,5.304
common_voice_cv_22964130,3.504
common_voice_cv_22964131,4.416
common_voice_cv_22964132,6.624
common_voice_cv_22964133,4.344
common_voice_cv_22964134,5.064
common_voice_cv_22964135,4.224
common_voice_cv_22964136,4.104
common_voice_cv_22964137,3.864
common_voice_cv_22964138,6.336
common_voice_cv_22964139,7.776
common_voice_cv_22964140,4.944
common_voice_cv_22964141,3.456
common_voice_cv_22964142,3.216
common_voice_cv_22964143,5.904
common_voice_cv_22964144,4.656
common_voice_cv_22964145,4.224
common_voice_cv_22964146,3.936
common_voice_cv_22964147,3.624
common_voice_cv_22964148,4.176
common_voice_cv_22964149,3.264
common_voice_cv_22964150,3.456
common_voice_cv_22964151,3.864
common_voice_cv_22964152,3.384
common_voice_cv_22964153,4.176
common_voice_cv_22964154,4.656
common_voice_cv_22964155,6.264
common_voice_cv_22964156,4.176
common_voice_cv_22964157,4.104
common_voice_cv_22964158,6.024
common_voice_cv_22964159,6.336
common_voice_cv_22964160,3.384
common_voice_cv_22964161,4.176
common_voice_cv_22964166,7.056
common_voice_cv_22964168,5.544
common_voice_cv_22964169,4.944
common_voice_cv_22964170,3.624
common_voice_cv_22964172,2.976
common_voice_cv_22964177,7.224
common_voice_cv_22964178,3.864
common_voice_cv_22964179,3.696
common_voice_cv_22964180,4.176
common_voice_cv_22964181,4.416
common_voice_cv_22964182,7.464
common_voice_cv_22964183,4.416
common_voice_cv_22964184,4.656
common_voice_cv_22964185,3.504
common_voice_cv_22964186,4.416
common_voice_cv_22964192,2.976
common_voice_cv_22964193,5.304
common_voice_cv_22964194,7.704
common_voice_cv_22964195,6.024
common_voice_cv_22964196,5.136
common_voice_cv_22964197,6.336
common_voice_cv_22964198,3.696
common_voice_cv_22964199,4.896
common_voice_cv_22964200,3.504
common_voice_cv_22964201,4.056
common_voice_cv_22964202,5.616
common_voice_cv_22964203,4.944
common_voice_cv_22964204,4.656
common_voice_cv_22964205,3.216
common_voice_cv_22964206,7.056
common_voice_cv_22964217,4.224
common_voice_cv_22964218,4.896
common_voice_cv_22964219,8.736
common_voice_cv_22964220,6.264
common_voice_cv_22964221,5.376
common_voice_cv_22964227,4.824
common_voice_cv_22964228,5.784
common_voice_cv_22964229,5.184
common_voice_cv_22964230,5.304
common_voice_cv_22964231,4.104
common_voice_cv_22964232,5.544
common_voice_cv_22964233,4.824
common_voice_cv_22964234,4.176
common_voice_cv_22964235,4.704
common_voice_cv_22964236,3.744
common_voice_cv_22964247,4.176
common_voice_cv_22964248,2.904
common_voice_cv_22964249,3.024
common_voice_cv_22964250,4.704
common_voice_cv_22964251,3.936
common_voice_cv_22964252,5.184
common_voice_cv_22964253,6.864
common_voice_cv_22964254,3.504
common_voice_cv_22964255,6.264
common_voice_cv_22964256,4.824
common_voice_cv_22964257,4.896
common_voice_cv_22964258,4.584
common_voice_cv_22964259,3.504
common_voice_cv_22964260,4.584
common_voice_cv_22964261,5.376
common_voice_cv_22964262,5.064
common_voice_cv_22964263,3.456
common_voice_cv_22964264,3.744
common_voice_cv_22964265,4.584
common_voice_cv_22964266,3.456
common_voice_cv_22964722,4.896
common_voice_cv_22964723,4.824
common_voice_cv_22964724,6.456
common_voice_cv_22964725,6.456
common_voice_cv_22964726,4.464
common_voice_cv_22964737,5.184
common_voice_cv_22964738,5.736
common_voice_cv_22964739,4.776
common_voice_cv_22964740,7.104
common_voice_cv_22964741,4.656
common_voice_cv_22964747,3.504
common_voice_cv_22964748,5.256
common_voice_cv_22964749,6.216
common_voice_cv_22964750,5.976
common_voice_cv_22964751,5.304
common_voice_cv_22964757,7.104
common_voice_cv_22964758,4.416
common_voice_cv_22964759,5.976
common_voice_cv_22964760,5.376
common_voice_cv_22964761,7.056
common_voice_cv_22964772,3.816
common_voice_cv_22964773,3.576
common_voice_cv_22964774,4.176
common_voice_cv_22964775,5.544
common_voice_cv_22964776,4.776
common_voice_cv_22964793,5.664
common_voice_cv_22964794,4.344
common_voice_cv_22964796,5.544
common_voice_cv_22964798,5.544
common_voice_cv_22964799,6.696
common_voice_cv_22965032,2.664
common_voice_cv_22965033,6.144
common_voice_cv_22965034,3.696
common_voice_cv_22965035,3.576
common_voice_cv_22965036,3.624
common_voice_cv_22965042,8.256
common_voice_cv_22965043,5.376
common_voice_cv_22965044,4.824
common_voice_cv_22965045,6.744
common_voice_cv_22965046,5.664
common_voice_cv_22965052,4.416
common_voice_cv_22965053,5.064
common_voice_cv_22965054,4.704
common_voice_cv_22965055,5.256
common_voice_cv_22965056,7.776
common_voice_cv_22965058,4.704
common_voice_cv_22965061,3.696
common_voice_cv_22965063,6.384
common_voice_cv_22965065,5.064
common_voice_cv_22965066,4.824
common_voice_cv_22965067,4.464
common_voice_cv_22965068,5.184
common_voice_cv_22965069,5.136
common_voice_cv_22965070,4.224
common_voice_cv_22965071,3.696
common_voice_cv_22965081,4.704
common_voice_cv_22965083,3.504
common_voice_cv_22965084,6.096
common_voice_cv_22965085,2.904
common_voice_cv_22965086,4.104
common_voice_cv_22965087,4.584
common_voice_cv_22965088,4.464
common_voice_cv_22965089,3.456
common_voice_cv_22965090,5.424
common_voice_cv_22965096,3.864
common_voice_cv_22965097,3.936
common_voice_cv_22965098,4.176
common_voice_cv_22965099,3.864
common_voice_cv_22965100,4.344
common_voice_cv_22965101,4.896
common_voice_cv_22965102,5.544
common_voice_cv_22965103,3.744
common_voice_cv_22965105,4.464
common_voice_cv_22965106,5.544
common_voice_cv_22965107,3.456
common_voice_cv_22965108,6.336
common_voice_cv_22965109,3.864
common_voice_cv_22965110,5.616
common_voice_cv_22965111,3.264
common_voice_cv_22965112,3.984
common_voice_cv_22965113,3.624
common_voice_cv_22965114,3.984
common_voice_cv_22965115,3.864
common_voice_cv_22965116,5.424
common_voice_cv_22965117,4.416
common_voice_cv_22965118,6.024
common_voice_cv_22965119,3.216
common_voice_cv_22965120,9.936
common_voice_cv_22965121,5.784
common_voice_cv_22965122,5.856
common_voice_cv_22965123,4.176
common_voice_cv_22965124,5.064
common_voice_cv_22965125,5.136
common_voice_cv_22965126,4.704
common_voice_cv_22965128,5.376
common_voice_cv_22965129,3.024
common_voice_cv_22965130,4.656
common_voice_cv_22965131,5.544
common_voice_cv_22965132,5.544
common_voice_cv_22965133,4.656
common_voice_cv_22965134,3.264
common_voice_cv_22965135,4.296
common_voice_cv_22965136,4.344
common_voice_cv_22965137,3.456
common_voice_cv_22965138,3.216
common_voice_cv_22965139,2.784
common_voice_cv_22965140,5.784
common_voice_cv_22965141,4.344
common_voice_cv_22965143,3.216
common_voice_cv_22965144,3.936
common_voice_cv_22965145,2.544
common_voice_cv_22965146,3.864
common_voice_cv_22965147,3.984
common_voice_cv_22965148,6.384
common_voice_cv_22965149,4.344
common_voice_cv_22965150,5.136
common_voice_cv_22965152,7.536
common_voice_cv_22965153,4.416
common_voice_cv_22965155,3.336
common_voice_cv_22965156,3.864
common_voice_cv_22965157,4.176
common_voice_cv_22965158,6.264
common_voice_cv_22965159,3.264
common_voice_cv_22965160,4.464
common_voice_cv_22965161,4.344
common_voice_cv_22965162,5.784
common_voice_cv_22965164,3.864
common_voice_cv_22965165,3.456
common_voice_cv_22965166,4.344
common_voice_cv_22965167,3.384
common_voice_cv_22965168,3.744
common_voice_cv_22965169,4.704
common_voice_cv_22965170,7.584
common_voice_cv_22965171,4.896
common_voice_cv_22965172,3.456
common_voice_cv_22965173,3.384
common_voice_cv_22965174,4.584
common_voice_cv_22965175,3.984
common_voice_cv_22965176,3.864
common_voice_cv_22965177,3.744
common_voice_cv_22965178,4.944
common_voice_cv_22965179,5.856
common_voice_cv_22965180,5.064
common_voice_cv_22965181,5.616
common_voice_cv_22965182,5.376
common_voice_cv_22965183,3.864
common_voice_cv_22965184,4.824
common_voice_cv_22965185,3.336
common_voice_cv_22965186,3.696
common_voice_cv_22965187,4.656
common_voice_cv_22965188,3.624
common_voice_cv_22965189,3.144
common_voice_cv_22965190,3.216
common_voice_cv_22965191,5.184
common_voice_cv_22965193,3.216
common_voice_cv_22965194,5.664
common_voice_cv_22965195,6.144
common_voice_cv_22965196,5.304
common_voice_cv_22965197,9.696
common_voice_cv_22965198,4.224
common_voice_cv_22965199,5.376
common_voice_cv_22965200,4.344
common_voice_cv_22965206,3.696
common_voice_cv_22965207,3.864
common_voice_cv_22965208,6.624
common_voice_cv_22965209,7.224
common_voice_cv_22965210,3.504
common_voice_cv_22965211,4.224
common_voice_cv_22965213,4.224
common_voice_cv_22965216,5.616
common_voice_cv_22965219,4.344
common_voice_cv_22965220,5.376
common_voice_cv_22965221,6.936
common_voice_cv_22965222,5.064
common_voice_cv_22965223,3.696
common_voice_cv_22965224,4.944
common_voice_cv_22965225,5.136
common_voice_cv_22965236,2.304
common_voice_cv_22965237,3.264
common_voice_cv_22965238,7.824
common_voice_cv_22965241,7.464
common_voice_cv_22965244,5.064
common_voice_cv_22965261,2.976
common_voice_cv_22965979,5.736
common_voice_cv_22965980,6.456
common_voice_cv_22965981,7.224
common_voice_cv_22965982,5.256
common_voice_cv_22965983,6.096
common_voice_cv_22965994,6.456
common_voice_cv_22965995,6.696
common_voice_cv_22965996,6.816
common_voice_cv_22965997,6.576
common_voice_cv_22965998,5.136
common_voice_cv_22966009,6.144
common_voice_cv_22966010,3.984
common_voice_cv_22966011,6.144
common_voice_cv_22966012,5.664
common_voice_cv_22966013,4.896
common_voice_cv_22966019,7.536
common_voice_cv_22966020,4.416
common_voice_cv_22966021,5.904
common_voice_cv_22966022,6.216
common_voice_cv_22966023,6.096
common_voice_cv_22966029,5.136
common_voice_cv_22966030,5.616
common_voice_cv_22966031,3.984
common_voice_cv_22966032,4.656
common_voice_cv_22966033,5.736
common_voice_cv_22966034,4.344
common_voice_cv_22966035,6.384
common_voice_cv_22966036,4.464
common_voice_cv_22966038,5.784
common_voice_cv_22966041,6.336
common_voice_cv_22966044,5.736
common_voice_cv_22966045,5.064
common_voice_cv_22966046,6.504
common_voice_cv_22966047,4.704
common_voice_cv_22966048,5.904
common_voice_cv_22966054,4.536
common_voice_cv_22966055,6.144
common_voice_cv_22966056,4.536
common_voice_cv_22966057,4.704
common_voice_cv_22966058,4.944
common_voice_cv_22966059,8.304
common_voice_cv_22966060,4.704
common_voice_cv_22966061,6.696
common_voice_cv_22966062,4.776
common_voice_cv_22966063,4.656
common_voice_cv_22966064,4.416
common_voice_cv_22966065,5.496
common_voice_cv_22966066,5.496
common_voice_cv_22966067,6.096
common_voice_cv_22966068,4.584
common_voice_cv_22966069,5.184
common_voice_cv_22966070,5.256
common_voice_cv_22966071,7.344
common_voice_cv_22966072,4.056
common_voice_cv_22966073,5.976
common_voice_cv_22966074,4.344
common_voice_cv_22966075,4.944
common_voice_cv_22966076,4.656
common_voice_cv_22966077,6.504
common_voice_cv_22966078,8.136
common_voice_cv_22966084,5.904
common_voice_cv_22966085,5.064
common_voice_cv_22966086,8.064
common_voice_cv_22966087,3.864
common_voice_cv_22966088,6.384
common_voice_cv_22966094,8.784
common_voice_cv_22966095,5.424
common_voice_cv_22966096,3.864
common_voice_cv_22966097,4.776
common_voice_cv_22966098,5.064
common_voice_cv_22966099,5.184
common_voice_cv_22966100,4.296
common_voice_cv_22966101,5.616
common_voice_cv_22966102,5.304
common_voice_cv_22966103,5.784
common_voice_cv_22966104,5.016
common_voice_cv_22966105,5.064
common_voice_cv_22966106,4.776
common_voice_cv_22966107,3.624
common_voice_cv_22966108,3.096
common_voice_cv_22966109,5.424
common_voice_cv_22966110,6.984
common_voice_cv_22966111,5.016
common_voice_cv_22966112,4.056
common_voice_cv_22966113,5.976
common_voice_cv_22966114,5.064
common_voice_cv_22966115,4.224
common_voice_cv_22966116,3.384
common_voice_cv_22966117,6.384
common_voice_cv_22966118,5.376
common_voice_cv_22966124,6.144
common_voice_cv_22966125,5.544
common_voice_cv_22966126,4.176
common_voice_cv_22966127,5.784
common_voice_cv_22966128,4.056
common_voice_cv_22966134,5.064
common_voice_cv_22966135,5.064
common_voice_cv_22966136,4.176
common_voice_cv_22966137,5.184
common_voice_cv_22966138,5.376
common_voice_cv_22966144,5.136
common_voice_cv_22966145,5.736
common_voice_cv_22966146,4.104
common_voice_cv_22966147,6.096
common_voice_cv_22966148,5.976
common_voice_cv_22966154,6.696
common_voice_cv_22966155,4.536
common_voice_cv_22966156,6.504
common_voice_cv_22966157,5.904
common_voice_cv_22966158,5.976
common_voice_cv_22966164,5.064
common_voice_cv_22966165,5.544
common_voice_cv_22966166,6.744
common_voice_cv_22966167,5.664
common_voice_cv_22966168,5.664
common_voice_cv_22966169,5.256
common_voice_cv_22966170,4.224
common_voice_cv_22966171,3.696
common_voice_cv_22966172,4.824
common_voice_cv_22966173,5.376
common_voice_cv_22966179,6.024
common_voice_cv_22966180,6.744
common_voice_cv_22966182,5.616
common_voice_cv_22966183,5.136
common_voice_cv_22966189,5.496
common_voice_cv_22966190,4.656
common_voice_cv_22966191,5.064
common_voice_cv_22966192,6.096
common_voice_cv_22966193,4.224
common_voice_cv_22966199,4.224
common_voice_cv_22966200,4.224
common_voice_cv_22966201,5.664
common_voice_cv_22966202,7.344
common_voice_cv_22966203,5.064
common_voice_cv_22966209,4.944
common_voice_cv_22966210,4.944
common_voice_cv_22966211,8.304
common_voice_cv_22966212,6.144
common_voice_cv_22966213,5.664
common_voice_cv_22966214,6.624
common_voice_cv_22966215,5.184
common_voice_cv_22966216,5.736
common_voice_cv_22966217,5.136
common_voice_cv_22966218,4.536
common_voice_cv_22966224,6.336
common_voice_cv_22966225,5.184
common_voice_cv_22966226,5.304
common_voice_cv_22966227,4.776
common_voice_cv_22966228,4.776
common_voice_cv_22966235,4.536
common_voice_cv_22966236,4.776
common_voice_cv_22966237,7.104
common_voice_cv_22966238,6.456
common_voice_cv_22966239,5.136
common_voice_cv_22966240,4.104
common_voice_cv_22966241,6.264
common_voice_cv_22966242,4.296
common_voice_cv_22966244,6.624
common_voice_cv_22966247,4.896
common_voice_cv_22966255,4.104
common_voice_cv_22966256,5.664
common_voice_cv_22966257,5.784
common_voice_cv_22966258,6.216
common_voice_cv_22966259,5.184
common_voice_cv_22966260,7.584
common_voice_cv_22966261,8.424
common_voice_cv_22966262,4.776
common_voice_cv_22966263,4.824
common_voice_cv_22966264,5.184
common_voice_cv_22966270,5.184
common_voice_cv_22966271,5.784
common_voice_cv_22966272,4.656
common_voice_cv_22966273,4.704
common_voice_cv_22966274,4.704
common_voice_cv_22966275,5.904
common_voice_cv_22966276,6.336
common_voice_cv_22966277,6.984
common_voice_cv_22966278,4.896
common_voice_cv_22966279,6.096
common_voice_cv_22966287,3.144
common_voice_cv_22966289,5.136
common_voice_cv_22966290,3.936
common_voice_cv_22966292,6.936
common_voice_cv_22966293,4.104
common_voice_cv_22966303,5.664
common_voice_cv_22966304,4.704
common_voice_cv_22966305,5.856
common_voice_cv_22966306,4.176
common_voice_cv_22966307,5.256
common_voice_cv_22966309,6.144
common_voice_cv_22966310,5.544
common_voice_cv_22966311,4.104
common_voice_cv_22966312,4.944
common_voice_cv_22966313,4.824
common_voice_cv_22966314,5.904
common_voice_cv_22966315,4.656
common_voice_cv_22966316,5.496
common_voice_cv_22966317,6.936
common_voice_cv_22966318,6.336
common_voice_cv_22966319,5.376
common_voice_cv_22966320,6.744
common_voice_cv_22966321,6.984
common_voice_cv_22966323,4.056
common_voice_cv_22966324,5.304
common_voice_cv_22966325,4.536
common_voice_cv_22966326,5.544
common_voice_cv_22966327,5.064
common_voice_cv_22966328,4.896
common_voice_cv_22966329,6.024
common_voice_cv_22966330,6.696
common_voice_cv_22966331,4.104
common_voice_cv_22966332,4.464
common_voice_cv_22966333,6.144
common_voice_cv_22966334,4.224
common_voice_cv_22966335,5.304
common_voice_cv_22966336,5.256
common_voice_cv_22966337,4.344
common_voice_cv_22966338,5.136
common_voice_cv_22966339,5.376
common_voice_cv_22966340,6.504
common_voice_cv_22966341,6.096
common_voice_cv_22966342,4.824
common_voice_cv_22966343,5.136
common_voice_cv_22966344,5.496
common_voice_cv_22966345,5.736
common_voice_cv_22966346,7.656
common_voice_cv_22966347,6.024
common_voice_cv_22966348,6.216
common_voice_cv_22966349,5.136
common_voice_cv_22966350,4.896
common_voice_cv_22966351,6.456
common_voice_cv_22966352,6.456
common_voice_cv_22966353,5.256
common_voice_cv_22966354,4.344
common_voice_cv_22966355,5.376
common_voice_cv_22966356,6.816
common_voice_cv_22966357,7.896
common_voice_cv_22966358,5.616
common_voice_cv_22966359,4.704
common_voice_cv_22966360,4.896
common_voice_cv_22966361,4.704
common_voice_cv_22966362,7.296
common_voice_cv_22966363,6.024
common_voice_cv_22966369,6.216
common_voice_cv_22966371,6.624
common_voice_cv_22966372,5.184
common_voice_cv_22966373,6.984
common_voice_cv_22968044,2.544
common_voice_cv_22968045,4.176
common_voice_cv_22968046,4.944
common_voice_cv_22968047,4.776
common_voice_cv_22968397,6.096
common_voice_cv_22968398,4.536
common_voice_cv_22968399,4.536
common_voice_cv_22968400,3.744
common_voice_cv_22968401,4.056
common_voice_cv_22968407,3.744
common_voice_cv_22968409,4.296
common_voice_cv_22968410,3.096
common_voice_cv_22968414,6.384
common_voice_cv_22968416,5.136
common_voice_cv_22968417,4.296
common_voice_cv_22968418,4.416
common_voice_cv_22968419,2.904
common_voice_cv_22968420,4.944
common_voice_cv_22968421,4.776
common_voice_cv_22968440,3.264
common_voice_cv_22968442,7.104
common_voice_cv_22968443,5.016
common_voice_cv_22968444,5.736
common_voice_cv_22968446,5.544
common_voice_cv_22968447,6.024
common_voice_cv_22968448,3.864
common_voice_cv_22968449,6.144
common_voice_cv_22968450,7.896
common_voice_cv_22968451,4.056
common_voice_cv_22968461,5.016
common_voice_cv_22968463,5.976
common_voice_cv_22968464,3.816
common_voice_cv_22968466,6.456
common_voice_cv_22968467,8.136
common_voice_cv_22972951,4.776
common_voice_cv_22972952,6.336
common_voice_cv_22972953,5.256
common_voice_cv_22972954,5.904
common_voice_cv_22972955,5.424
common_voice_cv_22973404,8.736
common_voice_cv_22973405,9.624
common_voice_cv_22973406,7.776
common_voice_cv_22973407,6.336
common_voice_cv_22973408,3.936
common_voice_cv_22976409,7.056
common_voice_cv_22976410,5.664
common_voice_cv_22976411,3.936
common_voice_cv_22976412,7.944
common_voice_cv_22976413,6.384
common_voice_cv_22976433,3.744
common_voice_cv_22976434,7.416
common_voice_cv_22976435,8.376
common_voice_cv_22976436,2.664
common_voice_cv_22976437,3.984
common_voice_cv_22976438,6.984
common_voice_cv_22976439,4.656
common_voice_cv_22976440,6.096
common_voice_cv_22976441,6.264
common_voice_cv_22976442,4.944
common_voice_cv_22976443,6.336
common_voice_cv_22976444,4.416
common_voice_cv_22976445,3.504
common_voice_cv_22976446,3.984
common_voice_cv_22976447,3.456
common_voice_cv_22976453,3.936
common_voice_cv_22976454,3.456
common_voice_cv_22976455,7.416
common_voice_cv_22976456,5.376
common_voice_cv_22976457,2.496
common_voice_cv_22976458,7.416
common_voice_cv_22976459,3.984
common_voice_cv_22976460,2.904
common_voice_cv_22976461,5.976
common_voice_cv_22976462,3.624
common_voice_cv_22976463,5.664
common_voice_cv_22976464,3.216
common_voice_cv_22976465,3.504
common_voice_cv_22976466,4.224
common_voice_cv_22976467,3.144
common_voice_cv_22976468,3.984
common_voice_cv_22976469,4.104
common_voice_cv_22976470,4.944
common_voice_cv_22976471,4.344
common_voice_cv_22976472,6.264
common_voice_cv_22976473,3.936
common_voice_cv_22976474,6.096
common_voice_cv_22976475,3.984
common_voice_cv_22976476,4.656
common_voice_cv_22976477,4.224
common_voice_cv_22976478,2.304
common_voice_cv_22976479,3.336
common_voice_cv_22976480,3.504
common_voice_cv_22976481,5.664
common_voice_cv_22976482,4.584
common_voice_cv_22976483,3.456
common_voice_cv_22976485,4.896
common_voice_cv_22976486,2.976
common_voice_cv_22976487,5.736
common_voice_cv_22976511,5.544
common_voice_cv_22976512,8.376
common_voice_cv_22976513,4.224
common_voice_cv_22976514,7.944
common_voice_cv_22976515,9.384
common_voice_cv_22976521,5.304
common_voice_cv_22976522,7.056
common_voice_cv_22976523,4.656
common_voice_cv_22976524,3.984
common_voice_cv_22976525,4.464
common_voice_cv_22976530,3.624
common_voice_cv_22976531,3.864
common_voice_cv_22976532,8.016
common_voice_cv_22976533,7.224
common_voice_cv_22976534,4.344
common_voice_cv_22976535,2.904
common_voice_cv_22976536,2.784
common_voice_cv_22976537,5.136
common_voice_cv_22976538,6.456
common_voice_cv_22976540,6.216
common_voice_cv_22976545,4.416
common_voice_cv_22976546,5.064
common_voice_cv_22976547,4.824
common_voice_cv_22976548,3.384
common_voice_cv_22976549,5.784
common_voice_cv_22976555,5.544
common_voice_cv_22976556,4.344
common_voice_cv_22976557,3.696
common_voice_cv_22976558,2.784
common_voice_cv_22976559,5.424
common_voice_cv_22976570,5.616
common_voice_cv_22976571,4.176
common_voice_cv_22976572,8.544
common_voice_cv_22976573,6.576
common_voice_cv_22976574,6.624
common_voice_cv_22976575,6.576
common_voice_cv_22976576,7.056
common_voice_cv_22976577,3.984
common_voice_cv_22976578,3.696
common_voice_cv_22976579,4.224
common_voice_cv_22976580,4.584
common_voice_cv_22976581,7.056
common_voice_cv_22976582,4.344
common_voice_cv_22976583,3.816
common_voice_cv_22976584,5.304
common_voice_cv_22976585,2.544
common_voice_cv_22976586,3.384
common_voice_cv_22976587,5.904
common_voice_cv_22976588,3.216
common_voice_cv_22976589,5.136
common_voice_cv_22976590,6.864
common_voice_cv_22976591,5.304
common_voice_cv_22976592,4.896
common_voice_cv_22976593,4.584
common_voice_cv_22976594,6.096
common_voice_cv_22976595,3.744
common_voice_cv_22976596,4.176
common_voice_cv_22976597,3.744
common_voice_cv_22976598,5.664
common_voice_cv_22976599,5.424
common_voice_cv_22976605,4.896
common_voice_cv_22976606,3.936
common_voice_cv_22976607,6.024
common_voice_cv_22976608,3.504
common_voice_cv_22976609,4.824
common_voice_cv_22976610,4.104
common_voice_cv_22976611,3.864
common_voice_cv_22976612,7.056
common_voice_cv_22976613,7.104
common_voice_cv_22976614,3.264
common_voice_cv_22976620,4.944
common_voice_cv_22976621,2.736
common_voice_cv_22976622,8.016
common_voice_cv_22976623,4.704
common_voice_cv_22976624,6.384
common_voice_cv_22976625,3.216
common_voice_cv_22976626,4.704
common_voice_cv_22976627,7.056
common_voice_cv_22976628,4.704
common_voice_cv_22976629,6.624
common_voice_cv_22979870,8.496
common_voice_cv_22979871,5.376
common_voice_cv_22979872,9.096
common_voice_cv_22979873,6.336
common_voice_cv_22979874,8.904
common_voice_cv_22979875,4.584
common_voice_cv_22979876,4.104
common_voice_cv_22979877,9.024
common_voice_cv_22979878,5.016
common_voice_cv_22979879,10.176
common_voice_cv_22979880,7.224
common_voice_cv_22979881,7.584
common_voice_cv_22979882,7.464
common_voice_cv_22979883,8.136
common_voice_cv_22979884,6.576
common_voice_cv_22979915,4.776
common_voice_cv_22979916,7.224
common_voice_cv_22979917,5.064
common_voice_cv_22979918,7.176
common_voice_cv_22979919,6.096
common_voice_cv_22979945,5.496
common_voice_cv_22979946,9.264
common_voice_cv_22979947,3.744
common_voice_cv_22979948,6.504
common_voice_cv_22979949,6.696
common_voice_cv_22979975,3.624
common_voice_cv_22979976,6.936
common_voice_cv_22979977,5.904
common_voice_cv_22979978,6.936
common_voice_cv_22979979,4.224
common_voice_cv_22980025,4.704
common_voice_cv_22980026,4.104
common_voice_cv_22980027,8.016
common_voice_cv_22980028,4.296
common_voice_cv_22980029,4.896
common_voice_cv_22980035,5.976
common_voice_cv_22980036,5.256
common_voice_cv_22980037,8.976
common_voice_cv_22980038,7.296
common_voice_cv_22980039,8.184
common_voice_cv_22980055,6.024
common_voice_cv_22980056,5.784
common_voice_cv_22980057,4.656
common_voice_cv_22980058,6.576
common_voice_cv_22980061,5.304
common_voice_cv_22980065,4.656
common_voice_cv_22980066,6.336
common_voice_cv_22980067,6.624
common_voice_cv_22980068,6.864
common_voice_cv_22980069,5.016
common_voice_cv_22980070,9.264
common_voice_cv_22980071,3.264
common_voice_cv_22980072,7.416
common_voice_cv_22980073,6.144
common_voice_cv_22980074,4.704
common_voice_cv_22980075,5.856
common_voice_cv_22980076,4.296
common_voice_cv_22980077,5.304
common_voice_cv_22980078,6.624
common_voice_cv_22980079,5.256
common_voice_cv_22980080,7.104
common_voice_cv_22980081,6.216
common_voice_cv_22980082,5.904
common_voice_cv_22980083,4.104
common_voice_cv_22980084,3.936
common_voice_cv_22980085,3.864
common_voice_cv_22980086,3.336
common_voice_cv_22980087,3.984
common_voice_cv_22980089,5.616
common_voice_cv_22980090,4.416
common_voice_cv_22980096,3.336
common_voice_cv_22980097,6.384
common_voice_cv_22980098,5.856
common_voice_cv_22980099,5.856
common_voice_cv_22980100,3.864
common_voice_cv_22980101,3.096
common_voice_cv_22980102,6.144
common_voice_cv_22980103,2.856
common_voice_cv_22980104,4.176
common_voice_cv_22980105,6.384
common_voice_cv_22980111,4.296
common_voice_cv_22980112,4.056
common_voice_cv_22980113,5.424
common_voice_cv_22980114,6.456
common_voice_cv_22980115,3.696
common_voice_cv_22980116,5.736
common_voice_cv_22980117,5.616
common_voice_cv_22980118,5.736
common_voice_cv_22980119,4.896
common_voice_cv_22980120,6.816
common_voice_cv_22980131,6.624
common_voice_cv_22980132,7.344
common_voice_cv_22980133,6.984
common_voice_cv_22980134,5.016
common_voice_cv_22980135,5.136
common_voice_cv_22980151,7.584
common_voice_cv_22980152,6.504
common_voice_cv_22980153,7.104
common_voice_cv_22980154,5.016
common_voice_cv_22980160,5.304
common_voice_cv_22980166,5.856
common_voice_cv_22980167,6.456
common_voice_cv_22980170,6.144
common_voice_cv_22980172,4.056
common_voice_cv_22980174,3.984
common_voice_cv_22980186,5.496
common_voice_cv_22980197,7.464
common_voice_cv_22980198,8.616
common_voice_cv_22980199,5.424
common_voice_cv_22980200,6.744
common_voice_cv_22980226,5.784
common_voice_cv_22980231,6.216
common_voice_cv_22980233,6.096
common_voice_cv_22980234,8.904
common_voice_cv_22980235,4.176
common_voice_cv_22980239,3.984
common_voice_cv_22980242,5.784
common_voice_cv_22980243,4.296
common_voice_cv_22980244,4.344
common_voice_cv_22980245,7.416
common_voice_cv_22980266,6.864
common_voice_cv_22980267,4.704
common_voice_cv_22980268,4.536
common_voice_cv_22980269,5.856
common_voice_cv_22980271,3.744
common_voice_cv_22980296,5.136
common_voice_cv_22980297,3.576
common_voice_cv_22980298,5.136
common_voice_cv_22980299,3.144
common_voice_cv_22980300,5.544
common_voice_cv_22980316,4.584
common_voice_cv_22980317,3.744
common_voice_cv_22980318,4.944
common_voice_cv_22980319,4.176
common_voice_cv_22980320,5.736
common_voice_cv_22980326,5.664
common_voice_cv_22980327,6.984
common_voice_cv_22980328,4.824
common_voice_cv_22980329,4.464
common_voice_cv_22980330,4.584
common_voice_cv_22980398,5.184
common_voice_cv_22980399,4.896
common_voice_cv_22980400,3.264
common_voice_cv_22980401,4.944
common_voice_cv_22980402,3.744
common_voice_cv_22980509,4.944
common_voice_cv_22980510,4.176
common_voice_cv_22980511,5.496
common_voice_cv_22980513,4.536
common_voice_cv_22980515,4.536
common_voice_cv_22980850,9.576
common_voice_cv_22980851,5.904
common_voice_cv_22980852,3.864
common_voice_cv_22980853,6.816
common_voice_cv_22980854,4.344
common_voice_cv_22980865,3.744
common_voice_cv_22980866,4.704
common_voice_cv_22980867,5.136
common_voice_cv_22980868,7.416
common_voice_cv_22980869,4.896
common_voice_cv_22980870,7.704
common_voice_cv_22980871,4.656
common_voice_cv_22980872,4.896
common_voice_cv_22980873,5.016
common_voice_cv_22985655,7.704
common_voice_cv_22985656,5.064
common_voice_cv_22985657,7.776
common_voice_cv_22985658,8.064
common_voice_cv_22985659,5.784
common_voice_cv_22985707,9.936
common_voice_cv_22985708,2.976
common_voice_cv_22985710,5.904
common_voice_cv_22985711,6.816
common_voice_cv_22985712,5.064
common_voice_cv_22985736,5.424
common_voice_cv_22985737,4.224
common_voice_cv_22985738,4.344
common_voice_cv_22985739,5.376
common_voice_cv_22985740,4.536
common_voice_cv_22985763,4.224
common_voice_cv_22985764,5.184
common_voice_cv_22985765,4.344
common_voice_cv_22985767,7.104
common_voice_cv_22985768,4.656
common_voice_cv_22986040,5.064
common_voice_cv_22986041,6.984
common_voice_cv_22986042,5.064
common_voice_cv_22986043,6.936
common_voice_cv_22986044,6.936
common_voice_cv_22989633,6.216
common_voice_cv_22989634,3.816
common_voice_cv_22989636,6.864
common_voice_cv_22989637,3.864
common_voice_cv_22989638,5.016
common_voice_cv_22991305,6.624
common_voice_cv_22991306,7.056
common_voice_cv_22991307,8.544
common_voice_cv_22991308,5.736
common_voice_cv_22991309,6.096
common_voice_cv_22991933,9.384
common_voice_cv_22991935,9.864
common_voice_cv_22991936,9.936
common_voice_cv_22991938,9.216
common_voice_cv_22991939,9.936
common_voice_cv_22992103,5.496
common_voice_cv_22992105,4.104
common_voice_cv_22992107,4.656
common_voice_cv_22992108,5.736
common_voice_cv_22992110,5.304
common_voice_cv_22992223,4.656
common_voice_cv_22992227,5.544
common_voice_cv_22992229,5.664
common_voice_cv_22992231,5.064
common_voice_cv_22992233,6.744
common_voice_cv_23002085,3.744
common_voice_cv_23002086,4.344
common_voice_cv_23002088,6.744
common_voice_cv_23002089,7.584
common_voice_cv_23002090,3.984
common_voice_cv_23014493,4.896
common_voice_cv_23014495,4.824
common_voice_cv_23014498,6.096
common_voice_cv_23014500,4.656
common_voice_cv_23014502,5.616
common_voice_cv_23047897,6.576
common_voice_cv_23047901,4.704
common_voice_cv_23047903,6.024
common_voice_cv_23047905,5.136
common_voice_cv_23047908,5.064
common_voice_cv_23047958,4.896
common_voice_cv_23047960,7.416
common_voice_cv_23047962,4.464
common_voice_cv_23047964,8.904
common_voice_cv_23047966,6.504
common_voice_cv_23048012,4.536
common_voice_cv_23048015,3.864
common_voice_cv_23048021,4.176
common_voice_cv_23048022,4.344
common_voice_cv_23048028,6.816
common_voice_cv_23048073,4.056
common_voice_cv_23048074,5.976
common_voice_cv_23048075,3.936
common_voice_cv_23048076,5.544
common_voice_cv_23048077,4.824
common_voice_cv_23048108,3.864
common_voice_cv_23048110,4.104
common_voice_cv_23048113,7.056
common_voice_cv_23048115,7.464
common_voice_cv_23048118,5.544
common_voice_cv_23048162,6.264
common_voice_cv_23048163,6.216
common_voice_cv_23048166,4.704
common_voice_cv_23048168,6.264
common_voice_cv_23048169,5.664
common_voice_cv_23048217,4.224
common_voice_cv_23048219,3.816
common_voice_cv_23048220,5.664
common_voice_cv_23048221,5.016
common_voice_cv_23048223,4.656
common_voice_cv_23048305,5.376
common_voice_cv_23048307,6.504
common_voice_cv_23048308,4.056
common_voice_cv_23048310,4.224
common_voice_cv_23048312,6.264
common_voice_cv_23079755,5.184
common_voice_cv_23079758,3.504
common_voice_cv_23079761,5.616
common_voice_cv_23079762,6.144
common_voice_cv_23079764,5.016
common_voice_cv_23079801,3.384
common_voice_cv_23079802,5.256
common_voice_cv_23079805,8.664
common_voice_cv_23079806,4.656
common_voice_cv_23079807,6.144
common_voice_cv_23079864,5.616
common_voice_cv_23079865,3.384
common_voice_cv_23079867,5.184
common_voice_cv_23079869,3.144
common_voice_cv_23079873,4.344
common_voice_cv_23079924,7.464
common_voice_cv_23079925,5.256
common_voice_cv_23079927,5.376
common_voice_cv_23079928,6.936
common_voice_cv_23079930,5.616
common_voice_cv_23079987,5.184
common_voice_cv_23079988,6.504
common_voice_cv_23079989,8.496
common_voice_cv_23079990,4.704
common_voice_cv_23079991,6.216
common_voice_cv_23080049,2.856
common_voice_cv_23080051,5.496
common_voice_cv_23080054,5.304
common_voice_cv_23080055,5.424
common_voice_cv_23080057,5.544
common_voice_cv_23080116,4.104
common_voice_cv_23080117,4.104
common_voice_cv_23080118,6.696
common_voice_cv_23080119,5.736
common_voice_cv_23080120,6.936
common_voice_cv_23080171,5.136
common_voice_cv_23080173,5.856
common_voice_cv_23080175,3.936
common_voice_cv_23080177,5.544
common_voice_cv_23080179,5.664
common_voice_cv_23080238,4.416
common_voice_cv_23080239,6.096
common_voice_cv_23080241,3.576
common_voice_cv_23080242,5.136
common_voice_cv_23080245,8.064
common_voice_cv_23080301,4.704
common_voice_cv_23080302,5.496
common_voice_cv_23080303,5.736
common_voice_cv_23080306,4.824
common_voice_cv_23080307,4.344
common_voice_cv_23080376,7.536
common_voice_cv_23080377,3.504
common_voice_cv_23080382,5.016
common_voice_cv_23080383,2.376
common_voice_cv_23080385,5.424
common_voice_cv_23080435,4.536
common_voice_cv_23080438,4.896
common_voice_cv_23080441,3.576
common_voice_cv_23080442,3.144
common_voice_cv_23080443,3.144
common_voice_cv_23080500,3.864
common_voice_cv_23080503,4.776
common_voice_cv_23080505,4.464
common_voice_cv_23080506,6.984
common_voice_cv_23080508,6.984
common_voice_cv_23125871,3.576
common_voice_cv_23125872,3.576
common_voice_cv_23125874,7.536
common_voice_cv_23125875,6.096
common_voice_cv_23125878,4.224
common_voice_cv_23125915,4.944
common_voice_cv_23125917,4.296
common_voice_cv_23125918,4.824
common_voice_cv_23125919,4.656
common_voice_cv_23125920,3.264
common_voice_cv_23125960,4.824
common_voice_cv_23125961,4.656
common_voice_cv_23125962,2.784
common_voice_cv_23125963,4.584
common_voice_cv_23125964,5.136
common_voice_cv_23125980,3.336
common_voice_cv_23125982,3.264
common_voice_cv_23125984,3.984
common_voice_cv_23125986,3.024
common_voice_cv_23125988,3.936
common_voice_cv_23126012,3.504
common_voice_cv_23126015,4.944
common_voice_cv_23126016,4.896
common_voice_cv_23126019,6.864
common_voice_cv_23126022,5.376
common_voice_cv_23126051,3.216
common_voice_cv_23126052,4.344
common_voice_cv_23126053,5.016
common_voice_cv_23126055,4.224
common_voice_cv_23126057,6.216
common_voice_cv_23126076,5.544
common_voice_cv_23126078,5.064
common_voice_cv_23126079,3.816
common_voice_cv_23126080,5.304
common_voice_cv_23126081,2.856
common_voice_cv_23126110,5.184
common_voice_cv_23126112,4.584
common_voice_cv_23126113,5.136
common_voice_cv_23126114,5.016
common_voice_cv_23126115,6.936
common_voice_cv_23146641,4.776
common_voice_cv_23146642,5.136
common_voice_cv_23146643,8.184
common_voice_cv_23146644,4.944
common_voice_cv_23146645,4.944
common_voice_cv_23146653,6.744
common_voice_cv_23146654,5.616
common_voice_cv_23146655,4.944
common_voice_cv_23146656,5.016
common_voice_cv_23146657,5.136
common_voice_cv_23146676,5.664
common_voice_cv_23146678,5.784
common_voice_cv_23146679,6.096
common_voice_cv_23146681,5.376
common_voice_cv_23146683,5.976
common_voice_cv_23146696,6.576
common_voice_cv_23146697,7.704
common_voice_cv_23146698,6.504
common_voice_cv_23146699,8.424
common_voice_cv_23146700,5.544
common_voice_cv_23150438,10.464
common_voice_cv_23150442,8.064
common_voice_cv_23150444,6.624
common_voice_cv_23150445,8.304
common_voice_cv_23150446,9.744
common_voice_cv_23168942,6.384
common_voice_cv_23168943,4.344
common_voice_cv_23168944,2.904
common_voice_cv_23168945,3.576
common_voice_cv_23168948,3.576
common_voice_cv_23168979,5.784
common_voice_cv_23168980,3.216
common_voice_cv_23168981,6.624
common_voice_cv_23168983,9.696
common_voice_cv_23168984,6.624
common_voice_cv_23220655,6.984
common_voice_cv_23220656,4.824
common_voice_cv_23220657,4.824
common_voice_cv_23220659,6.504
common_voice_cv_23220660,4.824
common_voice_cv_23220884,4.416
common_voice_cv_23220885,4.224
common_voice_cv_23220887,4.104
common_voice_cv_23220892,9.264
common_voice_cv_23220893,6.144
common_voice_cv_23221183,4.464
common_voice_cv_23221186,5.424
common_voice_cv_23221188,4.944
common_voice_cv_23221193,6.144
common_voice_cv_23221195,5.136
common_voice_cv_23221444,5.376
common_voice_cv_23221447,5.496
common_voice_cv_23221448,4.296
common_voice_cv_23221449,4.176
common_voice_cv_23221451,6.216
common_voice_cv_23221564,4.464
common_voice_cv_23221566,4.296
common_voice_cv_23221568,4.056
common_voice_cv_23221570,5.304
common_voice_cv_23221573,8.136
common_voice_cv_23221802,6.984
common_voice_cv_23221805,3.144
common_voice_cv_23221808,4.776
common_voice_cv_23221810,3.984
common_voice_cv_23221816,7.584
common_voice_cv_23221972,6.936
common_voice_cv_23221973,4.824
common_voice_cv_23221976,5.496
common_voice_cv_23221978,4.104
common_voice_cv_23222178,3.864
common_voice_cv_23222180,8.256
common_voice_cv_23222182,6.144
common_voice_cv_23222184,4.944
common_voice_cv_23222188,5.976
common_voice_cv_23222347,6.456
common_voice_cv_23222351,6.624
common_voice_cv_23222355,3.576
common_voice_cv_23222358,6.936
common_voice_cv_23222493,6.744
common_voice_cv_23222495,3.456
common_voice_cv_23222496,5.376
common_voice_cv_23222498,6.384
common_voice_cv_23222501,4.656
common_voice_cv_23222617,3.744
common_voice_cv_23222619,8.016
common_voice_cv_23222624,4.704
common_voice_cv_23222627,6.216
common_voice_cv_23222630,9.624
common_voice_cv_23222854,4.656
common_voice_cv_23222857,5.976
common_voice_cv_23222859,5.184
common_voice_cv_23222860,3.336
common_voice_cv_23222864,3.624
common_voice_cv_23223120,6.384
common_voice_cv_23223121,9.144
common_voice_cv_23223122,5.616
common_voice_cv_23223124,3.816
common_voice_cv_23223126,5.616
common_voice_cv_23223349,6.504
common_voice_cv_23223350,7.176
common_voice_cv_23223351,6.264
common_voice_cv_23223352,4.056
common_voice_cv_23223353,7.584
common_voice_cv_23223528,6.264
common_voice_cv_23223531,7.176
common_voice_cv_23223534,5.256
common_voice_cv_23223536,4.056
common_voice_cv_23223538,5.016
common_voice_cv_23223866,9.816
common_voice_cv_23223867,5.136
common_voice_cv_23223870,5.976
common_voice_cv_23223872,6.936
common_voice_cv_23223873,8.976
common_voice_cv_23223992,4.584
common_voice_cv_23223993,4.056
common_voice_cv_23223996,3.816
common_voice_cv_23224001,5.184
common_voice_cv_23224005,4.464
common_voice_cv_23224140,5.736
common_voice_cv_23224141,4.584
common_voice_cv_23224143,5.856
common_voice_cv_23224145,6.816
common_voice_cv_23224326,4.176
common_voice_cv_23224329,6.816
common_voice_cv_23224335,4.176
common_voice_cv_23224341,4.296
common_voice_cv_23224345,6.576
common_voice_cv_23224438,5.736
common_voice_cv_23224439,4.344
common_voice_cv_23224440,4.224
common_voice_cv_23224441,3.624
common_voice_cv_23224442,6.984
common_voice_cv_23224570,6.384
common_voice_cv_23224572,6.096
common_voice_cv_23224574,5.664
common_voice_cv_23224579,6.576
common_voice_cv_23224580,5.496
common_voice_cv_23224694,8.616
common_voice_cv_23224697,7.944
common_voice_cv_23224698,4.416
common_voice_cv_23224700,7.536
common_voice_cv_23224701,4.416
common_voice_cv_23224988,7.824
common_voice_cv_23224993,5.064
common_voice_cv_23224997,7.176
common_voice_cv_23224998,4.464
common_voice_cv_23225002,6.024
common_voice_cv_23225169,6.336
common_voice_cv_23225171,6.096
common_voice_cv_23225172,6.336
common_voice_cv_23225174,4.224
common_voice_cv_23225176,4.464
common_voice_cv_23225313,4.896
common_voice_cv_23225315,5.496
common_voice_cv_23225317,4.776
common_voice_cv_23225319,4.824
common_voice_cv_23225320,5.496
common_voice_cv_23225466,6.576
common_voice_cv_23225467,4.056
common_voice_cv_23225468,5.856
common_voice_cv_23225469,5.064
common_voice_cv_23225470,5.184
common_voice_cv_23225662,6.384
common_voice_cv_23225664,4.896
common_voice_cv_23225668,5.064
common_voice_cv_23225671,5.544
common_voice_cv_23225674,5.184
common_voice_cv_23225854,4.416
common_voice_cv_23225857,3.984
common_voice_cv_23225860,5.784
common_voice_cv_23225864,7.056
common_voice_cv_23225866,4.344
common_voice_cv_23226033,4.824
common_voice_cv_23226035,3.624
common_voice_cv_23226039,4.296
common_voice_cv_23226315,4.176
common_voice_cv_23226317,6.576
common_voice_cv_23226320,5.784
common_voice_cv_23226324,6.864
common_voice_cv_23226325,8.496
common_voice_cv_23226546,7.056
common_voice_cv_23226547,5.856
common_voice_cv_23226548,8.184
common_voice_cv_23226549,4.344
common_voice_cv_23226551,2.136
common_voice_cv_23226664,3.264
common_voice_cv_23226667,5.736
common_voice_cv_23226668,8.904
common_voice_cv_23226669,7.464
common_voice_cv_23226670,5.664
common_voice_cv_23226773,5.976
common_voice_cv_23226775,5.424
common_voice_cv_23226777,5.016
common_voice_cv_23226778,7.416
common_voice_cv_23226779,4.584
common_voice_cv_23227373,5.784
common_voice_cv_23227375,5.544
common_voice_cv_23227377,3.576
common_voice_cv_23227379,6.504
common_voice_cv_23227383,5.904
common_voice_cv_23227538,4.704
common_voice_cv_23227539,5.424
common_voice_cv_23227541,6.696
common_voice_cv_23227543,6.456
common_voice_cv_23227546,4.776
common_voice_cv_23227674,4.776
common_voice_cv_23227678,8.184
common_voice_cv_23227679,6.624
common_voice_cv_23227680,4.536
common_voice_cv_23227682,7.944
common_voice_cv_23227821,5.616
common_voice_cv_23227822,5.136
common_voice_cv_23227824,3.744
common_voice_cv_23227825,5.304
common_voice_cv_23227827,5.496
common_voice_cv_23227910,2.496
common_voice_cv_23227911,7.464
common_voice_cv_23227913,3.984
common_voice_cv_23227914,7.896
common_voice_cv_23227916,7.656
common_voice_cv_23227996,5.184
common_voice_cv_23227997,2.856
common_voice_cv_23228002,4.776
common_voice_cv_23228005,5.736
common_voice_cv_23228009,3.264
common_voice_cv_23228202,4.944
common_voice_cv_23228204,5.136
common_voice_cv_23228206,4.704
common_voice_cv_23228208,7.584
common_voice_cv_23228209,5.856
common_voice_cv_23228514,3.504
common_voice_cv_23228516,7.464
common_voice_cv_23228523,5.664
common_voice_cv_23228634,6.336
common_voice_cv_23228635,5.976
common_voice_cv_23228637,4.344
common_voice_cv_23228638,3.504
common_voice_cv_23228797,6.936
common_voice_cv_23228799,5.736
common_voice_cv_23228800,3.936
common_voice_cv_23228802,3.216
common_voice_cv_23228804,4.536
common_voice_cv_23228936,5.376
common_voice_cv_23228937,5.016
common_voice_cv_23228939,4.176
common_voice_cv_23228946,5.064
common_voice_cv_23228949,4.896
common_voice_cv_23229097,3.984
common_voice_cv_23229099,4.656
common_voice_cv_23229102,5.736
common_voice_cv_23229104,7.656
common_voice_cv_23229107,5.016
common_voice_cv_23229284,6.024
common_voice_cv_23229287,7.464
common_voice_cv_23229291,9.624
common_voice_cv_23229295,6.144
common_voice_cv_23229602,4.656
common_voice_cv_23229603,4.896
common_voice_cv_23229604,7.584
common_voice_cv_23229605,7.176
common_voice_cv_23229710,4.104
common_voice_cv_23229711,5.424
common_voice_cv_23229712,6.504
common_voice_cv_23229716,6.864
common_voice_cv_23229717,9.264
common_voice_cv_23229877,5.736
common_voice_cv_23229879,6.936
common_voice_cv_23229881,3.384
common_voice_cv_23229883,7.344
common_voice_cv_23229885,9.024
common_voice_cv_23230236,6.816
common_voice_cv_23230238,5.856
common_voice_cv_23230240,4.896
common_voice_cv_23230241,8.016
common_voice_cv_23230243,4.656
common_voice_cv_23230346,7.224
common_voice_cv_23230347,4.656
common_voice_cv_23230351,6.024
common_voice_cv_23230353,3.816
common_voice_cv_23230354,5.784
common_voice_cv_23230447,4.296
common_voice_cv_23230449,5.856
common_voice_cv_23230452,6.696
common_voice_cv_23230453,4.656
common_voice_cv_23230455,6.576
common_voice_cv_23230554,8.184
common_voice_cv_23230558,3.504
common_voice_cv_23230559,3.144
common_voice_cv_23230562,8.736
common_voice_cv_23230565,3.816
common_voice_cv_23230636,3.216
common_voice_cv_23230638,6.336
common_voice_cv_23230640,4.104
common_voice_cv_23230642,5.616
common_voice_cv_23230643,4.296
common_voice_cv_23230775,10.416
common_voice_cv_23230776,2.136
common_voice_cv_23230778,4.176
common_voice_cv_23230780,5.136
common_voice_cv_23230781,5.184
common_voice_cv_23230923,4.896
common_voice_cv_23230926,5.784
common_voice_cv_23230928,6.336
common_voice_cv_23230929,6.264
common_voice_cv_23231032,5.664
common_voice_cv_23231034,7.704
common_voice_cv_23231037,6.024
common_voice_cv_23231038,3.696
common_voice_cv_23231039,7.776
common_voice_cv_23231092,5.904
common_voice_cv_23231093,4.176
common_voice_cv_23231095,3.936
common_voice_cv_23231097,4.104
common_voice_cv_23231100,4.056
common_voice_cv_23231220,4.824
common_voice_cv_23231223,4.776
common_voice_cv_23231226,5.376
common_voice_cv_23231227,5.784
common_voice_cv_23231230,6.144
common_voice_cv_23231382,5.736
common_voice_cv_23231383,4.056
common_voice_cv_23231386,4.416
common_voice_cv_23231387,5.256
common_voice_cv_23231389,7.704
common_voice_cv_23231491,4.776
common_voice_cv_23231492,4.296
common_voice_cv_23231493,4.776
common_voice_cv_23231494,7.416
common_voice_cv_23231495,5.256
common_voice_cv_23231624,6.744
common_voice_cv_23231626,4.464
common_voice_cv_23231627,4.296
common_voice_cv_23231630,5.616
common_voice_cv_23231713,3.744
common_voice_cv_23231715,4.944
common_voice_cv_23231716,5.736
common_voice_cv_23231723,7.056
common_voice_cv_23231911,5.376
common_voice_cv_23231912,6.624
common_voice_cv_23231915,5.976
common_voice_cv_23231918,6.264
common_voice_cv_23235615,7.056
common_voice_cv_23235616,5.256
common_voice_cv_23235617,5.544
common_voice_cv_23235618,4.776
common_voice_cv_23235619,4.176
common_voice_cv_23235620,6.384
common_voice_cv_23235621,8.304
common_voice_cv_23235622,5.664
common_voice_cv_23235623,3.864
common_voice_cv_23235624,4.176
common_voice_cv_23235630,4.776
common_voice_cv_23235631,4.056
common_voice_cv_23235632,4.584
common_voice_cv_23235633,5.544
common_voice_cv_23235634,4.416
common_voice_cv_23235648,5.016
common_voice_cv_23235650,6.384
common_voice_cv_23235651,4.224
common_voice_cv_23235653,6.816
common_voice_cv_23235654,4.224
common_voice_cv_23235655,3.504
common_voice_cv_23235656,6.144
common_voice_cv_23235657,2.736
common_voice_cv_23235658,5.184
common_voice_cv_23235659,4.224
common_voice_cv_23235665,5.064
common_voice_cv_23235666,4.824
common_voice_cv_23235667,4.416
common_voice_cv_23235668,4.656
common_voice_cv_23235669,7.176
common_voice_cv_23235670,3.984
common_voice_cv_23235671,6.096
common_voice_cv_23235672,6.504
common_voice_cv_23235673,4.104
common_voice_cv_23235674,4.344
common_voice_cv_23235685,4.296
common_voice_cv_23235686,6.456
common_voice_cv_23235689,4.416
common_voice_cv_23235690,6.336
common_voice_cv_23235700,5.856
common_voice_cv_23235701,5.736
common_voice_cv_23235702,6.216
common_voice_cv_23235703,8.736
common_voice_cv_23235704,6.216
common_voice_cv_23235705,5.496
common_voice_cv_23235711,4.704
common_voice_cv_23235713,5.256
common_voice_cv_23235715,4.224
common_voice_cv_23235716,4.824
common_voice_cv_23235717,6.024
common_voice_cv_23235718,7.344
common_voice_cv_23235719,4.416
common_voice_cv_23235725,3.864
common_voice_cv_23235726,3.744
common_voice_cv_23235727,4.656
common_voice_cv_23235728,5.496
common_voice_cv_23235740,6.456
common_voice_cv_23235741,7.176
common_voice_cv_23235742,3.024
common_voice_cv_23235743,3.144
common_voice_cv_23235744,5.016
common_voice_cv_23235754,5.424
common_voice_cv_23235756,4.416
common_voice_cv_23235757,5.664
common_voice_cv_23235758,5.304
common_voice_cv_23235759,5.064
common_voice_cv_23235760,5.976
common_voice_cv_23235761,4.536
common_voice_cv_23235762,6.456
common_voice_cv_23235763,3.096
common_voice_cv_23235764,8.064
common_voice_cv_23235776,7.056
common_voice_cv_23235777,3.696
common_voice_cv_23235778,3.864
common_voice_cv_23235779,4.584
common_voice_cv_23235790,4.464
common_voice_cv_23235791,3.504
common_voice_cv_23235792,3.504
common_voice_cv_23235794,7.104
common_voice_cv_23235800,4.944
common_voice_cv_23235801,5.664
common_voice_cv_23235802,6.264
common_voice_cv_23235803,8.496
common_voice_cv_23235804,5.064
common_voice_cv_23235805,5.376
common_voice_cv_23235808,4.224
common_voice_cv_23235811,5.496
common_voice_cv_23235812,5.664
common_voice_cv_23235815,6.576
common_voice_cv_23235816,4.176
common_voice_cv_23235817,8.184
common_voice_cv_23235818,4.344
common_voice_cv_23235819,6.984
common_voice_cv_23235825,4.176
common_voice_cv_23235826,6.384
common_voice_cv_23235827,4.776
common_voice_cv_23235828,5.424
common_voice_cv_23235829,4.464
common_voice_cv_23286769,4.944
common_voice_cv_23286775,7.176
common_voice_cv_23286779,8.184
common_voice_cv_23286784,3.936
common_voice_cv_23286790,5.496
common_voice_cv_23287070,6.144
common_voice_cv_23287073,4.536
common_voice_cv_23287076,6.504
common_voice_cv_23287080,5.376
common_voice_cv_23287085,4.416
common_voice_cv_23287401,5.064
common_voice_cv_23287408,6.264
common_voice_cv_23287411,5.184
common_voice_cv_23287418,6.216
common_voice_cv_23287425,5.016
common_voice_cv_23287653,3.744
common_voice_cv_23287659,6.144
common_voice_cv_23287666,5.184
common_voice_cv_23287670,5.256
common_voice_cv_23287675,4.224
common_voice_cv_23287942,4.776
common_voice_cv_23287945,6.096
common_voice_cv_23287949,4.944
common_voice_cv_23287954,6.336
common_voice_cv_23287956,4.536
common_voice_cv_23288274,5.856
common_voice_cv_23288280,5.064
common_voice_cv_23288287,7.296
common_voice_cv_23288291,5.496
common_voice_cv_23288295,7.896
common_voice_cv_23288426,4.344
common_voice_cv_23288430,3.216
common_voice_cv_23288437,6.096
common_voice_cv_23288445,7.056
common_voice_cv_23288715,7.656
common_voice_cv_23288719,9.984
common_voice_cv_23288722,5.856
common_voice_cv_23288725,4.104
common_voice_cv_23288728,5.856
common_voice_cv_23288873,4.896
common_voice_cv_23288874,7.464
common_voice_cv_23288877,4.896
common_voice_cv_23288879,5.184
common_voice_cv_23288880,5.184
common_voice_cv_23288987,3.504
common_voice_cv_23288991,5.256
common_voice_cv_23288994,5.904
common_voice_cv_23288998,7.056
common_voice_cv_23289002,4.104
common_voice_cv_23289304,5.256
common_voice_cv_23289306,3.384
common_voice_cv_23289315,3.816
common_voice_cv_23308750,5.256
common_voice_cv_23308751,7.176
common_voice_cv_23308752,6.144
common_voice_cv_23308753,9.216
common_voice_cv_23308754,4.896
common_voice_cv_23314574,3.696
common_voice_cv_23314575,6.144
common_voice_cv_23314576,5.256
common_voice_cv_23314577,6.696
common_voice_cv_23314578,8.016
common_voice_cv_23314666,4.704
common_voice_cv_23314670,8.976
common_voice_cv_23314672,5.376
common_voice_cv_23314674,4.704
common_voice_cv_23314676,6.096
common_voice_cv_23314822,6.624
common_voice_cv_23314824,4.344
common_voice_cv_23314827,5.736
common_voice_cv_23314829,7.296
common_voice_cv_23314831,4.536
common_voice_cv_23314973,4.824
common_voice_cv_23314978,3.984
common_voice_cv_23314981,5.616
common_voice_cv_23314984,5.496
common_voice_cv_23314988,4.416
common_voice_cv_23314996,3.744
common_voice_cv_23386636,4.824
common_voice_cv_23386637,9.456
common_voice_cv_23386638,4.296
common_voice_cv_23386639,4.704
common_voice_cv_23386640,3.984
common_voice_cv_23386646,4.944
common_voice_cv_23386647,3.216
common_voice_cv_23386648,5.304
common_voice_cv_23386649,8.136
common_voice_cv_23386650,4.056
common_voice_cv_23386651,4.656
common_voice_cv_23386652,9.456
common_voice_cv_23386653,5.064
common_voice_cv_23386654,4.344
common_voice_cv_23386655,3.024
common_voice_cv_23386671,4.656
common_voice_cv_23386672,6.504
common_voice_cv_23386673,8.184
common_voice_cv_23386674,8.856
common_voice_cv_23386675,4.776
common_voice_cv_23386676,5.496
common_voice_cv_23386677,8.496
common_voice_cv_23386678,8.784
common_voice_cv_23386679,4.536
common_voice_cv_23386680,4.824
common_voice_cv_23386681,4.824
common_voice_cv_23386682,6.384
common_voice_cv_23386683,5.016
common_voice_cv_23386684,8.664
common_voice_cv_23386685,8.736
common_voice_cv_23387343,8.136
common_voice_cv_23387344,5.616
common_voice_cv_23387345,9.024
common_voice_cv_23387346,7.944
common_voice_cv_23387347,5.184
common_voice_cv_23387348,5.856
common_voice_cv_23387349,3.456
common_voice_cv_23387350,4.344
common_voice_cv_23387351,5.016
common_voice_cv_23387352,8.736
common_voice_cv_23387379,5.256
common_voice_cv_23387380,2.904
common_voice_cv_23387381,5.184
common_voice_cv_23387382,5.496
common_voice_cv_23387383,5.664
common_voice_cv_23387389,3.576
common_voice_cv_23387390,4.584
common_voice_cv_23387391,4.584
common_voice_cv_23387392,4.656
common_voice_cv_23387393,5.976
common_voice_cv_23387394,7.464
common_voice_cv_23387395,4.056
common_voice_cv_23387396,3.576
common_voice_cv_23387397,3.096
common_voice_cv_23387398,6.936
common_voice_cv_23387404,2.904
common_voice_cv_23387405,4.776
common_voice_cv_23387406,5.064
common_voice_cv_23387407,8.904
common_voice_cv_23387408,3.864
common_voice_cv_23387414,3.504
common_voice_cv_23387415,4.776
common_voice_cv_23387416,4.176
common_voice_cv_23387417,5.664
common_voice_cv_23387418,3.456
common_voice_cv_23387419,3.336
common_voice_cv_23387420,3.816
common_voice_cv_23387421,2.976
common_voice_cv_23387422,5.616
common_voice_cv_23387423,5.376
common_voice_cv_23387429,2.664
common_voice_cv_23387430,6.336
common_voice_cv_23387431,5.136
common_voice_cv_23387432,3.744
common_voice_cv_23387433,3.024
common_voice_cv_23387539,3.144
common_voice_cv_23387540,5.256
common_voice_cv_23387541,3.696
common_voice_cv_23387542,3.624
common_voice_cv_23387543,2.784
common_voice_cv_23387544,3.504
common_voice_cv_23387545,9.384
common_voice_cv_23387546,4.896
common_voice_cv_23387547,8.856
common_voice_cv_23387548,3.936
common_voice_cv_23387549,9.336
common_voice_cv_23387550,7.824
common_voice_cv_23387552,3.096
common_voice_cv_23387553,3.096
common_voice_cv_23387554,9.144
common_voice_cv_23387555,5.976
common_voice_cv_23387557,4.344
common_voice_cv_23387558,8.496
common_voice_cv_23387559,4.776
common_voice_cv_23387560,4.824
common_voice_cv_23387561,4.824
common_voice_cv_23387562,2.856
common_voice_cv_23387563,4.056
common_voice_cv_23387564,3.096
common_voice_cv_23387565,8.184
common_voice_cv_23387566,4.464
common_voice_cv_23387567,7.896
common_voice_cv_23387568,4.824
common_voice_cv_23387569,5.184
common_voice_cv_23387570,9.336
common_voice_cv_23387571,9.336
common_voice_cv_23387572,7.776
common_voice_cv_23387575,3.336
common_voice_cv_23387576,5.784
common_voice_cv_23387577,8.856
common_voice_cv_23387578,5.136
common_voice_cv_23387579,3.336
common_voice_cv_23387580,8.304
common_voice_cv_23387581,5.784
common_voice_cv_23387582,4.776
common_voice_cv_23387583,8.136
common_voice_cv_23387584,9.984
common_voice_cv_23387585,8.304
common_voice_cv_23387586,4.224
common_voice_cv_23387587,5.424
common_voice_cv_23387588,4.776
common_voice_cv_23387590,3.384
common_voice_cv_23387591,9.024
common_voice_cv_23387592,4.944
common_voice_cv_23387593,5.256
common_voice_cv_23387599,4.896
common_voice_cv_23387600,9.336
common_voice_cv_23387601,7.656
common_voice_cv_23387602,5.064
common_voice_cv_23387603,5.064
common_voice_cv_23387609,5.976
common_voice_cv_23387610,8.784
common_voice_cv_23387611,9.096
common_voice_cv_23387612,8.424
common_voice_cv_23387613,8.976
common_voice_cv_23387614,5.616
common_voice_cv_23387615,3.096
common_voice_cv_23387616,4.464
common_voice_cv_23387617,5.064
common_voice_cv_23387618,5.784
common_voice_cv_23387624,5.496
common_voice_cv_23387625,8.304
common_voice_cv_23387626,4.824
common_voice_cv_23387627,3.024
common_voice_cv_23387628,4.104
common_voice_cv_23387634,5.136
common_voice_cv_23387635,3.864
common_voice_cv_23387636,5.136
common_voice_cv_23387637,4.656
common_voice_cv_23387638,4.536
common_voice_cv_23387644,5.304
common_voice_cv_23387645,9.216
common_voice_cv_23387646,4.656
common_voice_cv_23387649,3.576
common_voice_cv_23387650,4.704
common_voice_cv_23387652,5.184
common_voice_cv_23387653,5.496
common_voice_cv_23387660,2.664
common_voice_cv_23387661,4.896
common_voice_cv_23387662,5.064
common_voice_cv_23387663,4.584
common_voice_cv_23603519,5.616
common_voice_cv_23603520,5.064
common_voice_cv_23603521,8.856
common_voice_cv_23603522,4.344
common_voice_cv_23603523,3.936
common_voice_cv_23603549,2.496
common_voice_cv_23603550,3.816
common_voice_cv_23603552,2.496
common_voice_cv_23603553,4.344
common_voice_cv_23603554,4.056
common_voice_cv_23603570,2.304
common_voice_cv_23603571,3.456
common_voice_cv_23603572,5.976
common_voice_cv_23603573,5.664
common_voice_cv_23603574,2.616
common_voice_cv_23603585,3.456
common_voice_cv_23603586,3.576
common_voice_cv_23603588,3.624
common_voice_cv_23603589,3.096
common_voice_cv_23603591,4.344
common_voice_cv_23603610,4.704
common_voice_cv_23603611,8.184
common_voice_cv_23603612,3.696
common_voice_cv_23603613,2.856
common_voice_cv_23603614,7.296
common_voice_cv_23603632,7.704
common_voice_cv_23603633,5.976
common_voice_cv_23603634,5.496
common_voice_cv_23603635,2.784
common_voice_cv_23603636,6.816
common_voice_cv_23603687,4.776
common_voice_cv_23603688,7.416
common_voice_cv_23603689,5.664
common_voice_cv_23603690,7.344
common_voice_cv_23603691,4.344
common_voice_cv_23603738,7.536
common_voice_cv_23603740,3.864
common_voice_cv_23603743,3.096
common_voice_cv_23603745,2.904
common_voice_cv_23603746,7.536
common_voice_cv_23603747,4.344
common_voice_cv_23603748,2.064
common_voice_cv_23603749,4.104
common_voice_cv_23603750,2.376
common_voice_cv_23603751,4.104
common_voice_cv_23603767,3.744
common_voice_cv_23603768,3.576
common_voice_cv_23603770,2.616
common_voice_cv_23603772,2.904
common_voice_cv_23603775,6.096
common_voice_cv_23609710,4.075125
common_voice_cv_23609713,2.56
common_voice_cv_23609714,6.55675
common_voice_cv_23609720,3.2391875
common_voice_cv_23609721,3.3698125
common_voice_cv_23609722,3.89225
common_voice_cv_23609723,5.6163125
common_voice_cv_23609729,3.5526875
common_voice_cv_23609730,3.6049375
common_voice_cv_23609731,3.2914375
common_voice_cv_23609732,4.3885625
common_voice_cv_23609733,5.6424375
common_voice_cv_23609734,3.1346875
common_voice_cv_23609745,4.6498125
common_voice_cv_23609746,3.4481875
common_voice_cv_23609747,6.217125
common_voice_cv_23609784,2.951875
common_voice_cv_23609785,6.24325
common_voice_cv_23609786,3.3436875
common_voice_cv_23609787,3.5526875
common_voice_cv_23609788,1.489
common_voice_cv_23609789,6.34775
common_voice_cv_23609791,2.795125
common_voice_cv_23609797,2.690625
common_voice_cv_23609798,4.049
common_voice_cv_23609800,7.2098125
common_voice_cv_23609801,1.9591875
common_voice_cv_23609802,6.1649375
common_voice_cv_23609803,3.7355
common_voice_cv_23609804,4.4669375
common_voice_cv_23609805,3.2914375
common_voice_cv_23609806,3.4481875
common_voice_cv_23609807,1.64575
common_voice_cv_23609808,3.68325
common_voice_cv_23609809,3.866125
common_voice_cv_23609810,2.533875
common_voice_cv_23609811,7.3404375
common_voice_cv_23609812,6.9224375
common_voice_cv_23609813,3.5265625
common_voice_cv_23609814,2.429375
common_voice_cv_23609815,3.2391875
common_voice_cv_23609816,1.7240625
common_voice_cv_23609817,3.5265625
common_voice_cv_23609823,6.687375
common_voice_cv_23609824,3.1608125
common_voice_cv_23609825,6.687375
common_voice_cv_23609831,3.84
common_voice_cv_23609832,2.0636875
common_voice_cv_23609833,3.1346875
common_voice_cv_23609834,3.3698125
common_voice_cv_23609840,2.951875
common_voice_cv_23609841,1.8285625
common_voice_cv_23609842,3.2653125
common_voice_cv_23609848,6.7135
common_voice_cv_23609851,3.2653125
common_voice_cv_23609852,1.7240625
common_voice_cv_23609853,1.8285625
common_voice_cv_23609854,6.7135
common_voice_cv_23609855,1.7240625
common_voice_cv_23609856,5.17225
common_voice_cv_23609857,2.638375
common_voice_cv_23609858,3.6049375
common_voice_cv_23609859,2.0114375
common_voice_cv_23609860,3.3698125
common_voice_cv_23613697,4.656
common_voice_cv_23613698,6.635125
common_voice_cv_23613699,4.176
common_voice_cv_23613700,3.89225
common_voice_cv_23613701,4.536
common_voice_cv_23613732,3.813875
common_voice_cv_23613733,2.8735
common_voice_cv_23613734,4.92
common_voice_cv_23613735,5.448
common_voice_cv_23613736,3.2391875
common_voice_cv_23613762,4.2
common_voice_cv_23613763,4.224
common_voice_cv_23613764,4.92
common_voice_cv_23613765,7.08
common_voice_cv_23613766,4.10125
common_voice_cv_23613767,3.5004375
common_voice_cv_23613768,3.888
common_voice_cv_23613769,3.3959375
common_voice_cv_23613770,6.696
common_voice_cv_23613771,4.248
common_voice_cv_23613772,7.272
common_voice_cv_23613773,4.8326875
common_voice_cv_23613774,2.592
common_voice_cv_23613775,7.248
common_voice_cv_23613776,4.488
common_voice_cv_23613777,6.5045
common_voice_cv_23613778,3.3959375
common_voice_cv_23613779,8.616
common_voice_cv_23613780,7.464
common_voice_cv_23613781,2.0114375
common_voice_cv_23613792,2.56
common_voice_cv_23613793,4.2
common_voice_cv_23613794,4.7543125
common_voice_cv_23613795,4.872
common_voice_cv_23613796,3.1608125
common_voice_cv_23613817,6.864
common_voice_cv_23613819,3.9445
common_voice_cv_23613820,4.224
common_voice_cv_23613837,4.32
common_voice_cv_23613838,3.2914375
common_voice_cv_23613839,3.984
common_voice_cv_23613840,2.1159375
common_voice_cv_23613841,2.832
common_voice_cv_23613847,3.5526875
common_voice_cv_23613848,7.2620625
common_voice_cv_23613849,3.5004375
common_voice_cv_23613850,8.976
common_voice_cv_23613851,1.7763125
common_voice_cv_23613852,6.791875
common_voice_cv_23613853,3.9445
common_voice_cv_23613854,3.2653125
common_voice_cv_23613855,7.464
common_voice_cv_23613856,3.2653125
common_voice_cv_23613862,3.99675
common_voice_cv_23613863,6.0
common_voice_cv_23613864,2.351
common_voice_cv_23613865,3.4481875
common_voice_cv_23613866,4.152
common_voice_cv_23613867,4.989375
common_voice_cv_23613868,3.631
common_voice_cv_23613869,4.08
common_voice_cv_23613870,3.7355
common_voice_cv_23613871,3.2130625
common_voice_cv_23613872,2.0114375
common_voice_cv_23613873,3.7355
common_voice_cv_23613874,7.368
common_voice_cv_23613876,4.632
common_voice_cv_23613878,3.84
common_voice_cv_23613882,4.68
common_voice_cv_23613883,4.536
common_voice_cv_23613884,2.52
common_voice_cv_23613885,5.424
common_voice_cv_23613886,3.696
common_voice_cv_23613893,3.4481875
common_voice_cv_23613894,7.704
common_voice_cv_23613895,3.761625
common_voice_cv_23613896,5.041625
common_voice_cv_23613897,7.104
common_voice_cv_23613898,4.968
common_voice_cv_23613899,4.392
common_voice_cv_23613900,7.584
common_voice_cv_23613901,3.144
common_voice_cv_23613902,3.1869375
common_voice_cv_23613903,6.528
common_voice_cv_23613904,4.944
common_voice_cv_23613905,2.1420625
common_voice_cv_23613906,7.0269375
common_voice_cv_23613917,4.464
common_voice_cv_23613918,6.912
common_voice_cv_23613919,4.008
common_voice_cv_23613920,4.008
common_voice_cv_23613921,3.3959375
common_voice_cv_23613923,5.329
common_voice_cv_23613925,3.3698125
common_voice_cv_23613926,6.288
common_voice_cv_23613935,3.816
common_voice_cv_23613936,4.752
common_voice_cv_23618199,7.9935
common_voice_cv_23635790,5.198375
common_voice_cv_23635800,5.5640625
common_voice_cv_23635801,4.4146875
common_voice_cv_23635807,5.250625
common_voice_cv_23635808,4.231875
common_voice_cv_23635814,3.1085625
common_voice_cv_23635815,3.1346875
common_voice_cv_23654249,7.44
common_voice_cv_23654250,4.224
common_voice_cv_23654251,3.936
common_voice_cv_23654252,4.368
common_voice_cv_23654253,4.464
common_voice_cv_23654254,5.76
common_voice_cv_23654255,5.568
common_voice_cv_23654256,4.944
common_voice_cv_23654257,5.52
common_voice_cv_23654258,6.984
common_voice_cv_23654259,3.168
common_voice_cv_23654260,4.176
common_voice_cv_23654261,4.032
common_voice_cv_23654262,5.136
common_voice_cv_23654263,4.392
common_voice_cv_23654264,3.264
common_voice_cv_23654265,5.16
common_voice_cv_23654266,5.616
common_voice_cv_23654267,6.624
common_voice_cv_23654268,6.96
common_voice_cv_23654269,7.032
common_voice_cv_23654270,6.672
common_voice_cv_23654271,3.768
common_voice_cv_23654272,4.416
common_voice_cv_23654273,4.584
common_voice_cv_23654274,6.096
common_voice_cv_23654275,4.152
common_voice_cv_23654276,5.544
common_voice_cv_23654277,6.576
common_voice_cv_23654278,4.344
common_voice_cv_23654279,5.928
common_voice_cv_23654285,6.456
common_voice_cv_23654286,5.016
common_voice_cv_23654287,3.504
common_voice_cv_23654288,5.232
common_voice_cv_23654289,5.784
common_voice_cv_23654290,4.368
common_voice_cv_23654291,5.832
common_voice_cv_23654292,7.44
common_voice_cv_23654293,6.84
common_voice_cv_23654294,4.848
common_voice_cv_23654295,7.68
common_voice_cv_23654296,3.456
common_voice_cv_23654297,7.968
common_voice_cv_23654298,4.752
common_voice_cv_23654299,4.848
common_voice_cv_23654300,5.712
common_voice_cv_23654301,6.504
common_voice_cv_23654302,2.976
common_voice_cv_23654303,5.928
common_voice_cv_23654304,4.104
common_voice_cv_23654305,4.224
common_voice_cv_23654306,7.128
common_voice_cv_23654307,4.824
common_voice_cv_23654308,7.344
common_voice_cv_23654314,6.144
common_voice_cv_23654315,5.736
common_voice_cv_23654316,5.856
common_voice_cv_23654317,4.032
common_voice_cv_23654318,6.528
common_voice_cv_23654319,4.776
common_voice_cv_23654320,5.664
common_voice_cv_23654321,5.712
common_voice_cv_23654322,8.04
common_voice_cv_23654323,5.136
common_voice_cv_23654324,4.68
common_voice_cv_23654330,6.624
common_voice_cv_23654331,5.184
common_voice_cv_23654332,4.752
common_voice_cv_23654333,2.64
common_voice_cv_23654334,4.032
common_voice_cv_23654335,3.864
common_voice_cv_23654336,6.624
common_voice_cv_23654337,5.472
common_voice_cv_23654338,5.904
common_voice_cv_23654339,6.768
common_voice_cv_23654340,4.56
common_voice_cv_23654344,5.736
common_voice_cv_23654347,5.448
common_voice_cv_23654349,3.288
common_voice_cv_23654354,6.192
common_voice_cv_23654355,4.2
common_voice_cv_23654356,6.144
common_voice_cv_23654357,3.504
common_voice_cv_23654363,5.472
common_voice_cv_23654364,3.624
common_voice_cv_23654365,4.032
common_voice_cv_23654369,5.016
common_voice_cv_23654372,5.256
common_voice_cv_23654378,6.96
common_voice_cv_23654379,5.784
common_voice_cv_23654380,5.232
common_voice_cv_23654381,6.312
common_voice_cv_23654384,6.312
common_voice_cv_23654388,4.44
common_voice_cv_23654389,4.344
common_voice_cv_23654394,5.736
common_voice_cv_23654401,4.68
common_voice_cv_23654404,5.592
common_voice_cv_23654405,5.064
common_voice_cv_23654406,4.896
common_voice_cv_23654407,4.008
common_voice_cv_23654408,5.04
common_voice_cv_23654444,7.848
common_voice_cv_23654445,7.608
common_voice_cv_23654446,4.464
common_voice_cv_23654447,4.608
common_voice_cv_23654448,3.888
common_voice_cv_23654449,4.728
common_voice_cv_23654450,5.064
common_voice_cv_23654451,5.976
common_voice_cv_23654452,4.968
common_voice_cv_23654453,6.168
common_voice_cv_23654454,3.84
common_voice_cv_23654455,3.096
common_voice_cv_23654456,4.704
common_voice_cv_23654457,5.52
common_voice_cv_23654458,5.16
common_voice_cv_23654459,6.048
common_voice_cv_23654460,6.384
common_voice_cv_23654461,3.312
common_voice_cv_23654462,7.416
common_voice_cv_23654463,3.36
common_voice_cv_23654464,8.232
common_voice_cv_23654465,5.184
common_voice_cv_23654466,4.56
common_voice_cv_23654467,3.912
common_voice_cv_23654468,4.944
common_voice_cv_23654469,7.56
common_voice_cv_23654470,6.576
common_voice_cv_23654471,4.512
common_voice_cv_23654472,6.432
common_voice_cv_23654473,5.76
common_voice_cv_23654474,4.584
common_voice_cv_23654475,4.2
common_voice_cv_23654476,7.104
common_voice_cv_23654477,6.84
common_voice_cv_23654478,4.536
common_voice_cv_23654479,5.208
common_voice_cv_23654480,5.04
common_voice_cv_23654481,6.792
common_voice_cv_23654482,4.824
common_voice_cv_23654483,5.688
common_voice_cv_23654484,7.32
common_voice_cv_23654485,4.464
common_voice_cv_23654486,6.552
common_voice_cv_23654487,4.872
common_voice_cv_23654488,5.16
common_voice_cv_23654489,3.096
common_voice_cv_23654490,4.68
common_voice_cv_23654491,5.52
common_voice_cv_23654492,5.424
common_voice_cv_23654493,3.672
common_voice_cv_23654494,5.208
common_voice_cv_23654495,5.616
common_voice_cv_23654496,4.128
common_voice_cv_23654497,4.872
common_voice_cv_23654498,3.024
common_voice_cv_23654499,2.976
common_voice_cv_23654500,4.536
common_voice_cv_23654501,6.936
common_voice_cv_23654502,7.872
common_voice_cv_23654503,6.168
common_voice_cv_23654504,3.264
common_voice_cv_23654505,4.248
common_voice_cv_23654506,4.704
common_voice_cv_23654507,4.632
common_voice_cv_23654508,5.496
common_voice_cv_23654509,5.64
common_voice_cv_23654510,5.784
common_voice_cv_23654511,5.76
common_voice_cv_23654512,4.392
common_voice_cv_23654513,5.4
common_voice_cv_23654514,4.128
common_voice_cv_23654515,5.112
common_voice_cv_23654516,6.072
common_voice_cv_23654517,6.528
common_voice_cv_23654518,5.808
common_voice_cv_23654519,9.072
common_voice_cv_23654520,6.6
common_voice_cv_23654522,5.064
common_voice_cv_23654523,4.248
common_voice_cv_23654524,4.464
common_voice_cv_23654525,6.768
common_voice_cv_23654526,4.992
common_voice_cv_23654527,4.704
common_voice_cv_23654528,4.68
common_voice_cv_23654534,3.576
common_voice_cv_23654535,6.24
common_voice_cv_23654536,5.472
common_voice_cv_23654537,4.08
common_voice_cv_23654539,6.192
common_voice_cv_23654540,3.504
common_voice_cv_23654541,6.432
common_voice_cv_23654542,6.84
common_voice_cv_23654543,7.08
common_voice_cv_23654544,4.248
common_voice_cv_23654545,3.912
common_voice_cv_23654546,6.936
common_voice_cv_23654547,7.104
common_voice_cv_23654548,3.552
common_voice_cv_23654549,6.984
common_voice_cv_23654550,4.08
common_voice_cv_23654551,6.12
common_voice_cv_23654552,5.352
common_voice_cv_23654553,4.368
common_voice_cv_23654559,5.184
common_voice_cv_23654560,6.144
common_voice_cv_23654561,6.216
common_voice_cv_23654562,5.016
common_voice_cv_23654563,4.848
common_voice_cv_23654564,5.136
common_voice_cv_23654565,4.464
common_voice_cv_23654566,5.256
common_voice_cv_23654567,5.784
common_voice_cv_23654568,3.576
common_voice_cv_23654569,4.2
common_voice_cv_23654570,8.496
common_voice_cv_23654571,9.144
common_voice_cv_23654572,5.016
common_voice_cv_23654574,4.584
common_voice_cv_23658876,4.968
common_voice_cv_23658877,4.296
common_voice_cv_23658878,3.072
common_voice_cv_23658879,5.856
common_voice_cv_23658880,5.904
common_voice_cv_23658886,4.44
common_voice_cv_23658887,5.784
common_voice_cv_23658888,5.4
common_voice_cv_23658889,3.744
common_voice_cv_23658890,4.104
common_voice_cv_23658898,4.248
common_voice_cv_23658899,5.544
common_voice_cv_23658900,3.432
common_voice_cv_23658901,8.112
common_voice_cv_23658902,3.576
common_voice_cv_23658913,4.728
common_voice_cv_23658914,5.304
common_voice_cv_23658915,5.544
common_voice_cv_23658916,7.368
common_voice_cv_23658917,7.272
common_voice_cv_23658938,5.112
common_voice_cv_23658939,8.304
common_voice_cv_23658941,5.088
common_voice_cv_23658943,5.4
common_voice_cv_23658945,4.272
common_voice_cv_23658955,8.832
common_voice_cv_23658957,5.544
common_voice_cv_23658960,8.616
common_voice_cv_23658962,5.16
common_voice_cv_23658963,5.712
common_voice_cv_23658975,4.368
common_voice_cv_23658978,6.312
common_voice_cv_23658979,5.424
common_voice_cv_23658980,6.216
common_voice_cv_23658981,6.24
common_voice_cv_23658997,4.104
common_voice_cv_23658998,6.864
common_voice_cv_23658999,4.128
common_voice_cv_23659000,4.296
common_voice_cv_23659001,3.096
common_voice_cv_23659007,6.48
common_voice_cv_23659008,5.592
common_voice_cv_23659009,4.896
common_voice_cv_23659010,3.6
common_voice_cv_23659011,5.664
common_voice_cv_23659022,3.84
common_voice_cv_23659023,4.344
common_voice_cv_23659024,4.752
common_voice_cv_23659025,6.576
common_voice_cv_23659026,4.32
common_voice_cv_23659027,3.336
common_voice_cv_23659028,2.64
common_voice_cv_23659029,6.36
common_voice_cv_23659030,4.56
common_voice_cv_23659031,5.4
common_voice_cv_23659043,3.168
common_voice_cv_23659044,5.208
common_voice_cv_23659045,3.84
common_voice_cv_23659046,4.944
common_voice_cv_23659047,3.168
common_voice_cv_23659048,3.528
common_voice_cv_23659049,3.288
common_voice_cv_23659050,5.352
common_voice_cv_23659051,7.104
common_voice_cv_23659052,3.408
common_voice_cv_23659070,4.896
common_voice_cv_23659071,3.648
common_voice_cv_23659072,5.016
common_voice_cv_23659073,6.0
common_voice_cv_23659074,5.424
common_voice_cv_23659088,5.064
common_voice_cv_23659089,6.552
common_voice_cv_23659090,4.032
common_voice_cv_23659091,4.824
common_voice_cv_23659092,3.936
common_voice_cv_23659125,4.272
common_voice_cv_23659126,5.04
common_voice_cv_23659127,4.896
common_voice_cv_23659128,3.36
common_voice_cv_23659129,3.96
common_voice_cv_23659144,4.992
common_voice_cv_23659147,6.6
common_voice_cv_23659150,5.328
common_voice_cv_23659152,4.536
common_voice_cv_23659153,5.616
common_voice_cv_23659173,6.0
common_voice_cv_23659174,3.384
common_voice_cv_23659175,4.632
common_voice_cv_23659176,3.216
common_voice_cv_23659177,6.12
common_voice_cv_23659193,4.8
common_voice_cv_23659194,5.4
common_voice_cv_23659195,3.768
common_voice_cv_23659196,4.176
common_voice_cv_23659197,4.488
common_voice_cv_23659210,6.264
common_voice_cv_23659212,3.48
common_voice_cv_23659214,4.896
common_voice_cv_23659215,6.216
common_voice_cv_23659216,3.936
common_voice_cv_23659222,4.632
common_voice_cv_23659223,7.176
common_voice_cv_23659224,7.248
common_voice_cv_23659225,3.408
common_voice_cv_23659227,3.336
common_voice_cv_23659244,3.984
common_voice_cv_23659246,5.112
common_voice_cv_23659248,4.752
common_voice_cv_23659250,4.656
common_voice_cv_23659251,3.336
common_voice_cv_23659263,7.464
common_voice_cv_23659264,2.976
common_voice_cv_23659265,4.752
common_voice_cv_23659266,7.416
common_voice_cv_23659267,8.064
common_voice_cv_23659272,6.312
common_voice_cv_23659274,6.504
common_voice_cv_23659275,4.68
common_voice_cv_23659277,3.552
common_voice_cv_23659279,4.152
common_voice_cv_23659295,3.408
common_voice_cv_23659296,6.288
common_voice_cv_23659297,5.736
common_voice_cv_23659298,3.864
common_voice_cv_23659299,2.832
common_voice_cv_23659320,2.904
common_voice_cv_23659321,5.28
common_voice_cv_23659322,6.6
common_voice_cv_23659323,5.496
common_voice_cv_23659324,4.416
common_voice_cv_23659343,4.032
common_voice_cv_23659344,4.872
common_voice_cv_23659345,6.456
common_voice_cv_23659346,3.192
common_voice_cv_23659347,6.168
common_voice_cv_23659358,4.248
common_voice_cv_23659359,3.984
common_voice_cv_23659360,3.936
common_voice_cv_23659361,6.72
common_voice_cv_23659362,5.016
common_voice_cv_23659378,5.856
common_voice_cv_23659379,5.736
common_voice_cv_23659380,4.704
common_voice_cv_23659381,4.176
common_voice_cv_23659382,5.232
common_voice_cv_23659388,6.816
common_voice_cv_23659389,4.152
common_voice_cv_23659390,7.32
common_voice_cv_23659391,4.728
common_voice_cv_23659394,3.504
common_voice_cv_23659408,5.088
common_voice_cv_23659409,3.984
common_voice_cv_23659410,5.832
common_voice_cv_23659411,4.656
common_voice_cv_23659412,3.816
common_voice_cv_23659423,6.84
common_voice_cv_23659424,2.592
common_voice_cv_23659425,3.144
common_voice_cv_23659426,4.392
common_voice_cv_23659427,4.224
common_voice_cv_23659432,3.192
common_voice_cv_23659433,3.432
common_voice_cv_23659434,6.984
common_voice_cv_23659435,4.752
common_voice_cv_23659436,6.72
common_voice_cv_23659442,6.768
common_voice_cv_23659443,7.176
common_voice_cv_23659444,5.568
common_voice_cv_23659445,5.256
common_voice_cv_23659446,4.176
common_voice_cv_23659457,5.328
common_voice_cv_23659458,6.024
common_voice_cv_23659459,3.264
common_voice_cv_23659460,7.656
common_voice_cv_23659461,3.936
common_voice_cv_23659466,5.28
common_voice_cv_23659468,5.472
common_voice_cv_23659470,4.704
common_voice_cv_23659472,4.536
common_voice_cv_23659474,3.36
common_voice_cv_23659502,4.608
common_voice_cv_23659503,2.88
common_voice_cv_23659504,5.28
common_voice_cv_23659505,4.656
common_voice_cv_23659506,6.264
common_voice_cv_23659517,4.92
common_voice_cv_23659518,5.064
common_voice_cv_23659519,5.28
common_voice_cv_23659520,4.224
common_voice_cv_23659521,3.432
common_voice_cv_23659527,2.856
common_voice_cv_23659528,5.088
common_voice_cv_23659529,4.488
common_voice_cv_23659530,3.936
common_voice_cv_23659531,4.032
common_voice_cv_23659532,5.256
common_voice_cv_23659533,6.408
common_voice_cv_23659534,4.464
common_voice_cv_23659535,4.392
common_voice_cv_23659536,5.616
common_voice_cv_23659545,7.392
common_voice_cv_23659547,7.464
common_voice_cv_23659549,6.384
common_voice_cv_23659550,7.128
common_voice_cv_23659551,5.328
common_voice_cv_23659552,4.704
common_voice_cv_23659553,3.384
common_voice_cv_23659554,6.648
common_voice_cv_23659555,7.728
common_voice_cv_23659556,3.768
common_voice_cv_23659557,4.632
common_voice_cv_23659558,4.608
common_voice_cv_23659559,3.792
common_voice_cv_23659560,5.352
common_voice_cv_23659561,3.624
common_voice_cv_23659567,3.96
common_voice_cv_23659568,4.848
common_voice_cv_23659569,7.632
common_voice_cv_23659570,7.584
common_voice_cv_23659571,2.76
common_voice_cv_23659572,5.52
common_voice_cv_23659573,3.864
common_voice_cv_23659579,5.688
common_voice_cv_23659580,3.048
common_voice_cv_23659581,4.128
common_voice_cv_23659582,5.208
common_voice_cv_23659583,4.584
common_voice_cv_23659584,4.968
common_voice_cv_23659585,6.168
common_voice_cv_23659586,3.672
common_voice_cv_23659587,4.464
common_voice_cv_23659588,4.704
common_voice_cv_23659594,5.088
common_voice_cv_23659595,4.56
common_voice_cv_23659596,2.568
common_voice_cv_23659597,4.56
common_voice_cv_23659598,3.816
common_voice_cv_23659599,4.224
common_voice_cv_23659600,6.192
common_voice_cv_23659601,4.68
common_voice_cv_23659602,4.848
common_voice_cv_23659603,4.224
common_voice_cv_23659610,6.696
common_voice_cv_23659611,3.048
common_voice_cv_23659612,3.648
common_voice_cv_23659613,5.76
common_voice_cv_23659614,6.144
common_voice_cv_23659615,5.232
common_voice_cv_23659616,3.936
common_voice_cv_23659617,7.536
common_voice_cv_23659618,5.424
common_voice_cv_23659619,4.896
common_voice_cv_23659622,3.072
common_voice_cv_23659626,4.848
common_voice_cv_23659627,3.696
common_voice_cv_23659628,5.256
common_voice_cv_23659629,4.824
common_voice_cv_23659630,4.968
common_voice_cv_23659631,2.856
common_voice_cv_23659632,4.704
common_voice_cv_23659633,3.696
common_voice_cv_23659637,5.808
common_voice_cv_23659640,4.968
common_voice_cv_23659641,6.192
common_voice_cv_23659642,7.344
common_voice_cv_23659643,4.68
common_voice_cv_23659644,6.0
common_voice_cv_23659648,4.44
common_voice_cv_23659651,3.024
common_voice_cv_23659652,2.616
common_voice_cv_23659653,4.824
common_voice_cv_23659655,2.976
common_voice_cv_23659665,6.264
common_voice_cv_23659666,5.088
common_voice_cv_23659667,3.384
common_voice_cv_23659668,3.744
common_voice_cv_23659669,5.112
common_voice_cv_23659680,2.88
common_voice_cv_23659681,3.864
common_voice_cv_23659682,4.68
common_voice_cv_23659683,4.512
common_voice_cv_23659684,4.776
common_voice_cv_23659685,4.752
common_voice_cv_23659686,4.416
common_voice_cv_23659687,5.304
common_voice_cv_23659688,3.024
common_voice_cv_23659689,4.032
common_voice_cv_23659695,4.872
common_voice_cv_23659696,3.72
common_voice_cv_23659697,3.6
common_voice_cv_23659698,2.856
common_voice_cv_23659699,4.896
common_voice_cv_23659705,4.728
common_voice_cv_23659706,4.728
common_voice_cv_23659707,5.688
common_voice_cv_23659708,2.856
common_voice_cv_23659709,2.256
common_voice_cv_23659715,2.928
common_voice_cv_23659716,3.816
common_voice_cv_23659717,5.208
common_voice_cv_23659718,3.456
common_voice_cv_23659719,7.704
common_voice_cv_23659730,5.016
common_voice_cv_23659731,3.288
common_voice_cv_23659732,4.872
common_voice_cv_23659733,7.656
common_voice_cv_23659734,6.744
common_voice_cv_23659740,5.952
common_voice_cv_23659741,2.76
common_voice_cv_23659742,5.064
common_voice_cv_23659743,6.624
common_voice_cv_23659744,3.696
common_voice_cv_23659750,4.608
common_voice_cv_23659751,5.904
common_voice_cv_23659752,4.368
common_voice_cv_23659753,4.752
common_voice_cv_23659754,4.008
common_voice_cv_23659755,5.184
common_voice_cv_23659756,4.416
common_voice_cv_23659757,4.848
common_voice_cv_23659758,4.008
common_voice_cv_23659759,3.408
common_voice_cv_23659760,6.096
common_voice_cv_23659761,5.616
common_voice_cv_23659762,6.12
common_voice_cv_23659763,4.368
common_voice_cv_23659764,6.288
common_voice_cv_23659770,6.912
common_voice_cv_23659771,4.296
common_voice_cv_23659772,4.896
common_voice_cv_23659773,5.256
common_voice_cv_23659774,4.2
common_voice_cv_23659779,4.824
common_voice_cv_23659780,7.08
common_voice_cv_23659781,3.576
common_voice_cv_23659782,5.784
common_voice_cv_23659783,3.408
common_voice_cv_23659784,4.68
common_voice_cv_23659785,3.744
common_voice_cv_23659786,6.264
common_voice_cv_23659787,5.76
common_voice_cv_23659788,5.064
common_voice_cv_23659789,3.96
common_voice_cv_23659790,6.24
common_voice_cv_23659791,5.064
common_voice_cv_23659792,3.744
common_voice_cv_23659793,5.568
common_voice_cv_23659799,5.424
common_voice_cv_23659800,3.72
common_voice_cv_23659801,3.528
common_voice_cv_23659802,6.936
common_voice_cv_23659803,5.904
common_voice_cv_23659805,4.752
common_voice_cv_23659806,3.768
common_voice_cv_23659808,3.096
common_voice_cv_23659811,2.328
common_voice_cv_23659813,5.112
common_voice_cv_23659819,4.464
common_voice_cv_23659820,3.36
common_voice_cv_23659821,5.496
common_voice_cv_23659822,3.576
common_voice_cv_23659823,3.456
common_voice_cv_23659827,4.152
common_voice_cv_23659828,4.752
common_voice_cv_23659829,5.16
common_voice_cv_23659831,3.84
common_voice_cv_23659832,2.496
common_voice_cv_23659840,5.496
common_voice_cv_23659841,3.816
common_voice_cv_23659842,4.104
common_voice_cv_23659843,5.184
common_voice_cv_23659844,3.912
common_voice_cv_23659847,6.024
common_voice_cv_23659849,3.192
common_voice_cv_23659851,3.576
common_voice_cv_23659852,4.848
common_voice_cv_23659853,4.728
common_voice_cv_23659855,5.136
common_voice_cv_23659856,6.336
common_voice_cv_23659857,4.68
common_voice_cv_23659858,5.424
common_voice_cv_23659859,6.072
common_voice_cv_23659860,2.568
common_voice_cv_23659861,4.56
common_voice_cv_23659862,5.664
common_voice_cv_23659863,4.128
common_voice_cv_23659864,4.992
common_voice_cv_23659866,3.288
common_voice_cv_23659867,3.264
common_voice_cv_23659868,5.568
common_voice_cv_23659869,2.664
common_voice_cv_23659870,4.992
common_voice_cv_23659871,3.384
common_voice_cv_23659872,4.104
common_voice_cv_23659873,6.048
common_voice_cv_23659874,4.488
common_voice_cv_23659875,3.648
common_voice_cv_23659880,4.656
common_voice_cv_23659881,4.104
common_voice_cv_23659882,3.384
common_voice_cv_23659883,3.696
common_voice_cv_23659884,5.544
common_voice_cv_23659890,3.696
common_voice_cv_23659891,4.656
common_voice_cv_23659892,2.808
common_voice_cv_23659893,3.384
common_voice_cv_23659894,6.504
common_voice_cv_23659900,6.48
common_voice_cv_23659901,4.392
common_voice_cv_23659902,5.664
common_voice_cv_23659903,4.152
common_voice_cv_23659904,3.792
common_voice_cv_23659905,5.496
common_voice_cv_23659906,4.152
common_voice_cv_23659907,5.712
common_voice_cv_23659908,3.312
common_voice_cv_23659909,3.456
common_voice_cv_23659910,4.056
common_voice_cv_23659911,2.496
common_voice_cv_23659912,4.224
common_voice_cv_23659913,3.84
common_voice_cv_23659914,5.304
common_voice_cv_23659920,5.4
common_voice_cv_23659921,4.896
common_voice_cv_23659922,2.4
common_voice_cv_23659923,3.072
common_voice_cv_23659924,3.192
common_voice_cv_23659925,5.952
common_voice_cv_23659926,6.744
common_voice_cv_23659927,3.528
common_voice_cv_23659928,6.696
common_voice_cv_23659929,4.056
common_voice_cv_23659930,4.104
common_voice_cv_23659931,4.464
common_voice_cv_23659932,5.568
common_voice_cv_23659933,2.712
common_voice_cv_23659934,6.84
common_voice_cv_23659935,7.224
common_voice_cv_23659936,5.304
common_voice_cv_23659937,4.68
common_voice_cv_23659938,4.704
common_voice_cv_23659939,3.696
common_voice_cv_23659945,6.336
common_voice_cv_23659946,4.392
common_voice_cv_23659947,4.752
common_voice_cv_23659948,4.128
common_voice_cv_23659949,3.6
common_voice_cv_23659952,6.552
common_voice_cv_23659953,5.328
common_voice_cv_23659954,5.304
common_voice_cv_23659955,5.208
common_voice_cv_23659956,4.104
common_voice_cv_23659957,4.992
common_voice_cv_23659958,4.464
common_voice_cv_23659959,6.096
common_voice_cv_23659960,5.232
common_voice_cv_23659961,6.792
common_voice_cv_23659962,4.2
common_voice_cv_23659963,5.136
common_voice_cv_23659964,2.664
common_voice_cv_23659965,3.504
common_voice_cv_23659966,3.6
common_voice_cv_23697837,4.176
common_voice_cv_23697838,5.184
common_voice_cv_23697839,7.104
common_voice_cv_23697840,4.704
common_voice_cv_23697841,4.656
common_voice_cv_23697842,5.784
common_voice_cv_23697843,6.096
common_voice_cv_23697844,5.616
common_voice_cv_23697845,5.376
common_voice_cv_23697846,4.224
common_voice_cv_23697852,6.144
common_voice_cv_23697853,4.656
common_voice_cv_23697854,8.304
common_voice_cv_23697855,5.136
common_voice_cv_23697856,7.056
common_voice_cv_23697857,6.744
common_voice_cv_23697858,5.856
common_voice_cv_23697859,4.944
common_voice_cv_23697860,5.064
common_voice_cv_23697861,4.176
common_voice_cv_23697873,7.296
common_voice_cv_23697875,3.264
common_voice_cv_23697876,5.904
common_voice_cv_23697878,4.464
common_voice_cv_23697879,4.104
common_voice_cv_23697882,4.704
common_voice_cv_23697883,3.384
common_voice_cv_23697885,6.384
common_voice_cv_23697888,6.504
common_voice_cv_23697890,7.584
common_voice_cv_23697897,5.184
common_voice_cv_23697898,8.496
common_voice_cv_23697899,3.936
common_voice_cv_23697900,4.176
common_voice_cv_23697901,3.744
common_voice_cv_23697902,3.504
common_voice_cv_23697903,7.464
common_voice_cv_23697904,3.696
common_voice_cv_23697905,3.984
common_voice_cv_23697906,4.416
common_voice_cv_23697907,5.664
common_voice_cv_23697908,5.784
common_voice_cv_23697909,7.224
common_voice_cv_23697910,5.544
common_voice_cv_23697911,4.344
common_voice_cv_23697912,3.024
common_voice_cv_23697913,6.336
common_voice_cv_23697914,5.136
common_voice_cv_23697915,6.384
common_voice_cv_23697916,4.344
common_voice_cv_23697917,5.904
common_voice_cv_23697918,4.776
common_voice_cv_23697919,4.224
common_voice_cv_23697920,5.136
common_voice_cv_23697921,5.304
common_voice_cv_23697922,6.504
common_voice_cv_23697924,4.464
common_voice_cv_23697925,4.344
common_voice_cv_23697926,6.336
common_voice_cv_23697928,5.424
common_voice_cv_23697939,4.584
common_voice_cv_23697941,3.864
common_voice_cv_23697942,5.784
common_voice_cv_23697943,5.784
common_voice_cv_23697944,6.816
common_voice_cv_23697951,6.504
common_voice_cv_23697953,5.184
common_voice_cv_23697954,3.984
common_voice_cv_23697955,3.744
common_voice_cv_23697956,3.456
common_voice_cv_23697962,6.816
common_voice_cv_23697963,3.936
common_voice_cv_23697964,5.664
common_voice_cv_23697965,6.096
common_voice_cv_23697966,6.096
common_voice_cv_23697975,3.384
common_voice_cv_23697976,6.384
common_voice_cv_23697978,6.576
common_voice_cv_23697980,6.024
common_voice_cv_23697981,5.136
common_voice_cv_23697987,4.896
common_voice_cv_23697988,5.424
common_voice_cv_23697989,5.856
common_voice_cv_23697990,4.344
common_voice_cv_23697991,4.464
common_voice_cv_23697995,4.344
common_voice_cv_23697996,3.624
common_voice_cv_23697997,4.776
common_voice_cv_23697999,3.024
common_voice_cv_23698000,4.584
common_voice_cv_23698007,4.584
common_voice_cv_23698008,8.376
common_voice_cv_23698009,4.656
common_voice_cv_23698010,3.696
common_voice_cv_23698011,5.304
common_voice_cv_23698017,5.136
common_voice_cv_23698018,3.984
common_voice_cv_23698019,4.824
common_voice_cv_23698020,3.264
common_voice_cv_23698021,7.464
common_voice_cv_23698111,4.944
common_voice_cv_23698112,4.704
common_voice_cv_23698113,6.384
common_voice_cv_23698114,5.064
common_voice_cv_23698115,3.744
common_voice_cv_23698116,7.296
common_voice_cv_23698117,5.784
common_voice_cv_23698118,3.744
common_voice_cv_23698119,3.144
common_voice_cv_23698120,4.344
common_voice_cv_23698131,5.304
common_voice_cv_23698132,6.504
common_voice_cv_23698133,6.504
common_voice_cv_23698134,7.344
common_voice_cv_23698135,2.904
common_voice_cv_23698136,2.976
common_voice_cv_23698137,4.344
common_voice_cv_23698138,5.304
common_voice_cv_23698139,3.936
common_voice_cv_23698140,6.144
common_voice_cv_23698141,2.904
common_voice_cv_23698142,4.224
common_voice_cv_23698143,3.096
common_voice_cv_23698144,4.176
common_voice_cv_23698145,4.896
common_voice_cv_23698151,7.944
common_voice_cv_23698152,6.624
common_voice_cv_23698153,3.456
common_voice_cv_23698154,4.704
common_voice_cv_23698155,3.624
common_voice_cv_23698161,3.504
common_voice_cv_23698162,6.504
common_voice_cv_23698163,5.664
common_voice_cv_23698164,3.864
common_voice_cv_23698165,4.224
common_voice_cv_23698171,3.744
common_voice_cv_23698172,4.464
common_voice_cv_23698173,3.744
common_voice_cv_23698174,2.256
common_voice_cv_23698175,6.744
common_voice_cv_23698176,7.344
common_voice_cv_23698177,5.664
common_voice_cv_23698178,3.384
common_voice_cv_23698179,6.744
common_voice_cv_23698180,3.984
common_voice_cv_23698181,2.736
common_voice_cv_23698182,4.896
common_voice_cv_23698183,4.824
common_voice_cv_23698184,4.344
common_voice_cv_23698185,2.904
common_voice_cv_23698191,6.264
common_voice_cv_23698192,4.896
common_voice_cv_23698193,2.976
common_voice_cv_23698194,2.784
common_voice_cv_23698195,2.544
common_voice_cv_23698196,4.104
common_voice_cv_23698197,3.984
common_voice_cv_23698198,4.464
common_voice_cv_23698201,4.104
common_voice_cv_23698202,2.544
common_voice_cv_23698211,2.664
common_voice_cv_23698212,3.864
common_voice_cv_23698213,4.344
common_voice_cv_23698214,5.664
common_voice_cv_23698215,5.184
common_voice_cv_23698216,5.184
common_voice_cv_23698217,4.896
common_voice_cv_23698218,3.744
common_voice_cv_23698219,2.784
common_voice_cv_23698221,4.944
common_voice_cv_23698222,3.264
common_voice_cv_23698223,5.544
common_voice_cv_23698224,3.624
common_voice_cv_23698225,6.144
common_voice_cv_23698234,3.456
common_voice_cv_23698235,3.216
common_voice_cv_23698236,6.336
common_voice_cv_23698237,6.024
common_voice_cv_23698238,3.744
common_voice_cv_23698244,3.504
common_voice_cv_23698245,2.784
common_voice_cv_23698246,3.144
common_voice_cv_23698247,3.624
common_voice_cv_23698248,6.816
common_voice_cv_23698249,3.144
common_voice_cv_23698250,2.736
common_voice_cv_23698251,3.384
common_voice_cv_23698252,4.224
common_voice_cv_23698253,5.784
common_voice_cv_23698254,4.416
common_voice_cv_23698255,4.464
common_voice_cv_23698256,2.544
common_voice_cv_23698257,4.104
common_voice_cv_23698258,3.504
common_voice_cv_23698264,5.904
common_voice_cv_23698265,4.704
common_voice_cv_23698266,3.696
common_voice_cv_23698267,5.304
common_voice_cv_23698268,4.344
common_voice_cv_23698274,5.064
common_voice_cv_23698275,6.096
common_voice_cv_23698276,4.104
common_voice_cv_23698277,5.856
common_voice_cv_23698278,5.904
common_voice_cv_23698279,2.736
common_voice_cv_23698280,5.376
common_voice_cv_23698281,5.304
common_voice_cv_23698282,3.984
common_voice_cv_23698283,6.096
common_voice_cv_23698284,6.864
common_voice_cv_23698285,3.264
common_voice_cv_23698286,2.496
common_voice_cv_23698287,4.896
common_voice_cv_23698288,3.456
common_voice_cv_23698294,4.464
common_voice_cv_23698295,5.904
common_voice_cv_23698296,3.984
common_voice_cv_23698297,2.496
common_voice_cv_23698298,2.256
common_voice_cv_23698299,5.496
common_voice_cv_23698300,3.456
common_voice_cv_23698301,7.176
common_voice_cv_23698302,4.584
common_voice_cv_23698303,5.304
common_voice_cv_23698304,5.616
common_voice_cv_23698305,4.896
common_voice_cv_23698306,4.464
common_voice_cv_23698307,3.696
common_voice_cv_23698308,3.216
common_voice_cv_23698309,3.456
common_voice_cv_23698310,6.384
common_voice_cv_23698311,4.176
common_voice_cv_23698312,3.624
common_voice_cv_23698319,3.864
common_voice_cv_23698320,2.496
common_voice_cv_23698321,2.736
common_voice_cv_23698322,3.576
common_voice_cv_23698323,3.504
common_voice_cv_23698329,6.264
common_voice_cv_23698330,3.504
common_voice_cv_23698331,5.664
common_voice_cv_23698332,5.136
common_voice_cv_23698333,3.456
common_voice_cv_23698339,6.144
common_voice_cv_23698340,3.696
common_voice_cv_23698341,6.264
common_voice_cv_23698342,3.744
common_voice_cv_23698343,3.384
common_voice_cv_23698354,6.384
common_voice_cv_23698355,5.376
common_voice_cv_23698356,3.984
common_voice_cv_23698357,5.904
common_voice_cv_23698358,2.424
common_voice_cv_23698427,4.584
common_voice_cv_23698428,4.464
common_voice_cv_23698429,3.744
common_voice_cv_23698430,3.984
common_voice_cv_23698431,2.784
common_voice_cv_23698437,4.104
common_voice_cv_23698438,3.864
common_voice_cv_23698439,3.144
common_voice_cv_23698440,4.104
common_voice_cv_23698441,2.736
common_voice_cv_23698447,3.744
common_voice_cv_23698448,2.424
common_voice_cv_23698449,4.704
common_voice_cv_23698450,6.024
common_voice_cv_23698451,3.456
common_voice_cv_23698457,3.624
common_voice_cv_23698458,4.176
common_voice_cv_23698459,4.584
common_voice_cv_23698460,3.216
common_voice_cv_23698461,3.984
common_voice_cv_23698462,3.216
common_voice_cv_23698463,3.744
common_voice_cv_23698464,5.064
common_voice_cv_23698465,2.904
common_voice_cv_23698466,4.416
common_voice_cv_23698472,2.736
common_voice_cv_23698473,3.456
common_voice_cv_23698474,5.376
common_voice_cv_23698475,5.184
common_voice_cv_23698476,4.224
common_voice_cv_23698482,2.424
common_voice_cv_23698483,6.096
common_voice_cv_23698484,2.904
common_voice_cv_23698486,5.064
common_voice_cv_23698488,3.504
common_voice_cv_23698496,3.696
common_voice_cv_23698498,4.824
common_voice_cv_23698499,2.904
common_voice_cv_23698500,2.976
common_voice_cv_23698501,4.944
common_voice_cv_23698504,7.344
common_voice_cv_23698506,3.864
common_voice_cv_23698507,5.424
common_voice_cv_23698508,3.624
common_voice_cv_23698509,3.624
common_voice_cv_23698512,5.136
common_voice_cv_23698513,4.416
common_voice_cv_23698515,6.144
common_voice_cv_23698516,3.024
common_voice_cv_23698522,3.984
common_voice_cv_23698523,6.384
common_voice_cv_23698524,2.784
common_voice_cv_23698525,5.616
common_voice_cv_23698526,3.864
common_voice_cv_23698527,2.976
common_voice_cv_23698528,4.224
common_voice_cv_23698529,3.504
common_voice_cv_23698530,2.736
common_voice_cv_23698531,5.184
common_voice_cv_23698532,4.176
common_voice_cv_23698533,4.656
common_voice_cv_23698534,2.064
common_voice_cv_23698535,6.024
common_voice_cv_23698536,4.416
common_voice_cv_23698542,3.744
common_voice_cv_23698543,3.504
common_voice_cv_23698544,3.744
common_voice_cv_23698545,3.216
common_voice_cv_23698546,4.656
common_voice_cv_23698552,3.696
common_voice_cv_23698553,6.264
common_voice_cv_23698554,4.224
common_voice_cv_23698555,7.104
common_voice_cv_23698557,5.424
common_voice_cv_23698565,5.304
common_voice_cv_23698566,2.976
common_voice_cv_23698567,4.656
common_voice_cv_23698568,3.816
common_voice_cv_23698569,3.744
common_voice_cv_23698575,5.424
common_voice_cv_23698576,4.464
common_voice_cv_23698577,3.744
common_voice_cv_23698578,2.544
common_voice_cv_23698579,2.496
common_voice_cv_23698589,5.064
common_voice_cv_23698590,6.864
common_voice_cv_23698591,3.696
common_voice_cv_23698592,5.136
common_voice_cv_23698593,3.744
common_voice_cv_23698594,4.416
common_voice_cv_23698595,3.744
common_voice_cv_23698596,3.864
common_voice_cv_23698597,3.384
common_voice_cv_23698598,5.064
common_voice_cv_23698599,5.136
common_voice_cv_23698600,4.656
common_voice_cv_23698601,6.744
common_voice_cv_23698602,3.384
common_voice_cv_23698603,5.064
common_voice_cv_23698609,5.136
common_voice_cv_23698610,4.656
common_voice_cv_23698611,6.984
common_voice_cv_23698612,3.696
common_voice_cv_23698613,4.224
common_voice_cv_23698614,5.136
common_voice_cv_23698616,2.496
common_voice_cv_23698618,3.384
common_voice_cv_23698619,5.064
common_voice_cv_23698622,5.904
common_voice_cv_23698624,4.944
common_voice_cv_23698625,5.856
common_voice_cv_23698626,3.144
common_voice_cv_23698627,3.984
common_voice_cv_23698628,6.144
common_voice_cv_23698629,5.184
common_voice_cv_23698630,6.624
common_voice_cv_23698631,5.856
common_voice_cv_23698632,3.504
common_voice_cv_23698633,5.064
common_voice_cv_23698634,2.544
common_voice_cv_23698635,4.584
common_voice_cv_23698636,5.616
common_voice_cv_23698637,3.744
common_voice_cv_23698638,2.976
common_voice_cv_23698639,3.936
common_voice_cv_23698640,3.024
common_voice_cv_23698641,4.344
common_voice_cv_23698642,6.504
common_voice_cv_23698643,6.864
common_voice_cv_23698649,4.944
common_voice_cv_23698650,3.264
common_voice_cv_23698651,6.576
common_voice_cv_23698652,4.104
common_voice_cv_23698653,3.864
common_voice_cv_23698654,5.904
common_voice_cv_23698655,4.824
common_voice_cv_23698656,3.744
common_voice_cv_23698657,2.784
common_voice_cv_23698658,4.464
common_voice_cv_23698659,2.904
common_voice_cv_23698660,3.504
common_voice_cv_23698661,4.464
common_voice_cv_23698662,4.656
common_voice_cv_23698663,6.024
common_voice_cv_23698664,4.944
common_voice_cv_23698665,2.664
common_voice_cv_23698666,4.464
common_voice_cv_23698667,5.304
common_voice_cv_23698668,3.864
common_voice_cv_23698669,4.656
common_voice_cv_23698670,2.664
common_voice_cv_23698671,3.624
common_voice_cv_23698672,4.656
common_voice_cv_23698673,2.664
common_voice_cv_23698674,3.744
common_voice_cv_23698675,6.384
common_voice_cv_23698676,4.344
common_voice_cv_23698677,3.984
common_voice_cv_23698678,5.184
common_voice_cv_23698679,3.456
common_voice_cv_23698680,3.744
common_voice_cv_23698681,6.336
common_voice_cv_23698682,3.504
common_voice_cv_23698683,2.976
common_voice_cv_23698684,2.976
common_voice_cv_23698685,2.736
common_voice_cv_23698686,5.424
common_voice_cv_23698687,3.864
common_voice_cv_23698688,3.624
common_voice_cv_23698689,2.904
common_voice_cv_23698690,3.744
common_voice_cv_23698691,2.976
common_voice_cv_23698692,4.584
common_voice_cv_23698693,2.784
common_voice_cv_23698694,4.944
common_voice_cv_23698695,4.176
common_voice_cv_23698696,5.184
common_voice_cv_23698697,3.456
common_voice_cv_23698698,2.976
common_voice_cv_23698699,3.504
common_voice_cv_23698700,4.224
common_voice_cv_23698701,3.696
common_voice_cv_23698702,3.504
common_voice_cv_23698703,5.184
common_voice_cv_23698704,5.064
common_voice_cv_23698705,4.224
common_voice_cv_23698706,4.176
common_voice_cv_23698707,3.864
common_voice_cv_23698708,6.336
common_voice_cv_23698709,7.296
common_voice_cv_23698710,4.584
common_voice_cv_23698711,3.864
common_voice_cv_23698712,3.504
common_voice_cv_23698713,5.856
common_voice_cv_23698714,6.816
common_voice_cv_23698715,7.584
common_voice_cv_23698716,4.104
common_voice_cv_23698717,5.256
common_voice_cv_23698718,6.096
common_voice_cv_23698719,2.664
common_voice_cv_23698720,4.176
common_voice_cv_23698721,5.856
common_voice_cv_23698722,5.376
common_voice_cv_23698723,4.416
common_voice_cv_23698724,5.376
common_voice_cv_23698725,5.184
common_voice_cv_23698726,3.024
common_voice_cv_23698727,5.664
common_voice_cv_23698728,4.704
common_voice_cv_23698729,4.344
common_voice_cv_23698730,4.176
common_voice_cv_23698731,5.376
common_voice_cv_23698732,3.216
common_voice_cv_23698733,4.104
common_voice_cv_23698734,4.944
common_voice_cv_23698735,2.736
common_voice_cv_23698736,5.904
common_voice_cv_23698737,2.544
common_voice_cv_23698738,4.704
common_voice_cv_23698740,3.504
common_voice_cv_23698741,2.496
common_voice_cv_23698742,2.784
common_voice_cv_23698743,2.904
common_voice_cv_23698744,6.816
common_voice_cv_23698745,4.776
common_voice_cv_23698746,3.624
common_voice_cv_23698747,3.744
common_voice_cv_23698748,2.784
common_voice_cv_23698749,3.144
common_voice_cv_23698750,3.216
common_voice_cv_23698751,2.664
common_voice_cv_23698752,4.704
common_voice_cv_23698753,5.784
common_voice_cv_23698754,4.104
common_voice_cv_23698755,3.744
common_voice_cv_23698756,5.904
common_voice_cv_23698757,4.464
common_voice_cv_23698758,3.504
common_voice_cv_23698759,5.904
common_voice_cv_23698761,4.224
common_voice_cv_23698762,2.304
common_voice_cv_23698763,7.464
common_voice_cv_23698764,4.176
common_voice_cv_23698765,4.224
common_voice_cv_23698766,7.704
common_voice_cv_23698768,2.976
common_voice_cv_23698769,3.024
common_voice_cv_23698770,4.656
common_voice_cv_23698771,5.136
common_voice_cv_23698772,3.456
common_voice_cv_23698773,6.384
common_voice_cv_23698774,3.984
common_voice_cv_23698775,5.424
common_voice_cv_23698776,3.024
common_voice_cv_23698777,4.416
common_voice_cv_23698778,4.416
common_voice_cv_23698779,6.504
common_voice_cv_23698780,4.416
common_voice_cv_23698781,4.896
common_voice_cv_23698782,4.416
common_voice_cv_23698783,4.704
common_voice_cv_23698784,4.656
common_voice_cv_23698785,4.224
common_voice_cv_23698786,4.896
common_voice_cv_23698787,2.736
common_voice_cv_23698788,3.456
common_voice_cv_23698789,5.376
common_voice_cv_23698790,5.064
common_voice_cv_23698791,3.264
common_voice_cv_23698792,3.024
common_voice_cv_23698793,4.584
common_voice_cv_23698794,4.584
common_voice_cv_23698795,3.744
common_voice_cv_23698796,4.656
common_voice_cv_23698797,3.384
common_voice_cv_23698798,3.264
common_voice_cv_23698799,2.904
common_voice_cv_23698800,5.376
common_voice_cv_23698801,3.504
common_voice_cv_23698802,5.664
common_voice_cv_23698803,3.864
common_voice_cv_23698804,4.344
common_voice_cv_23698805,3.984
common_voice_cv_23698806,3.696
common_voice_cv_23698807,6.456
common_voice_cv_23698808,6.744
common_voice_cv_23698809,5.616
common_voice_cv_23698810,3.144
common_voice_cv_23698811,4.656
common_voice_cv_23698812,4.464
common_voice_cv_23698813,7.584
common_voice_cv_23698814,4.464
common_voice_cv_23698815,4.416
common_voice_cv_23698816,3.864
common_voice_cv_23698817,3.624
common_voice_cv_23698818,5.424
common_voice_cv_23698819,6.744
common_voice_cv_23698820,5.304
common_voice_cv_23698821,3.936
common_voice_cv_23698822,4.416
common_voice_cv_23698823,4.824
common_voice_cv_23698824,6.624
common_voice_cv_23698825,5.544
common_voice_cv_23698826,3.744
common_voice_cv_23698827,7.056
common_voice_cv_23698828,5.856
common_voice_cv_23698829,3.504
common_voice_cv_23698830,6.504
common_voice_cv_23698831,3.624
common_voice_cv_23698832,3.504
common_voice_cv_23698833,2.904
common_voice_cv_23698834,6.864
common_voice_cv_23698835,5.904
common_voice_cv_23698836,4.656
common_voice_cv_23698837,5.136
common_voice_cv_23698838,3.384
common_voice_cv_23698839,5.064
common_voice_cv_23698840,4.416
common_voice_cv_23698841,5.304
common_voice_cv_23698842,3.504
common_voice_cv_23698843,7.344
common_voice_cv_23698844,5.616
common_voice_cv_23698845,3.264
common_voice_cv_23698846,6.024
common_voice_cv_23698847,5.544
common_voice_cv_23698848,3.144
common_voice_cv_23698849,3.504
common_voice_cv_23698850,5.136
common_voice_cv_23698851,4.224
common_voice_cv_23698852,2.376
common_voice_cv_23698853,4.176
common_voice_cv_23698855,4.656
common_voice_cv_23698856,3.864
common_voice_cv_23698857,3.456
common_voice_cv_23698858,2.544
common_voice_cv_23698859,4.584
common_voice_cv_23698860,4.896
common_voice_cv_23698861,6.264
common_voice_cv_23698862,6.144
common_voice_cv_23698863,4.224
common_voice_cv_23698864,3.384
common_voice_cv_23698865,2.424
common_voice_cv_23698866,4.464
common_voice_cv_23698867,4.224
common_voice_cv_23698868,5.544
common_voice_cv_23698869,5.184
common_voice_cv_23698870,2.064
common_voice_cv_23698871,3.144
common_voice_cv_23698872,5.544
common_voice_cv_23698873,6.024
common_voice_cv_23701077,4.584
common_voice_cv_23701078,2.736
common_voice_cv_23701079,4.416
common_voice_cv_23701080,3.504
common_voice_cv_23701081,5.904
common_voice_cv_23701082,3.744
common_voice_cv_23701083,3.984
common_voice_cv_23701084,4.176
common_voice_cv_23701085,4.224
common_voice_cv_23701086,3.864
common_voice_cv_23701087,5.664
common_voice_cv_23701088,5.184
common_voice_cv_23701089,4.584
common_voice_cv_23701090,3.744
common_voice_cv_23701091,4.176
common_voice_cv_23701092,6.744
common_voice_cv_23701093,5.664
common_voice_cv_23701094,3.744
common_voice_cv_23701095,3.264
common_voice_cv_23701096,4.224
common_voice_cv_23701097,3.936
common_voice_cv_23701098,3.984
common_voice_cv_23701099,3.984
common_voice_cv_23701100,4.104
common_voice_cv_23701101,6.984
common_voice_cv_23701102,4.584
common_voice_cv_23701103,5.664
common_voice_cv_23701104,3.216
common_voice_cv_23701105,7.104
common_voice_cv_23701106,6.864
common_voice_cv_23701107,6.576
common_voice_cv_23701108,4.704
common_voice_cv_23701109,4.344
common_voice_cv_23701110,2.904
common_voice_cv_23701111,5.136
common_voice_cv_23701112,2.736
common_voice_cv_23701113,3.984
common_voice_cv_23701114,2.424
common_voice_cv_23701115,4.584
common_voice_cv_23701116,3.744
common_voice_cv_23701117,4.944
common_voice_cv_23701118,5.904
common_voice_cv_23701119,3.696
common_voice_cv_23701120,7.104
common_voice_cv_23701121,2.856
common_voice_cv_23701122,4.896
common_voice_cv_23701123,3.984
common_voice_cv_23701124,3.456
common_voice_cv_23701125,3.864
common_voice_cv_23701126,3.984
common_voice_cv_23701127,4.224
common_voice_cv_23701128,8.304
common_voice_cv_23701129,3.504
common_voice_cv_23701130,3.264
common_voice_cv_23701131,5.424
common_voice_cv_23701132,2.544
common_voice_cv_23701133,6.336
common_voice_cv_23701134,3.984
common_voice_cv_23701135,4.104
common_voice_cv_23701136,4.824
common_voice_cv_23701137,5.424
common_voice_cv_23701138,3.024
common_voice_cv_23701139,6.744
common_voice_cv_23701140,4.656
common_voice_cv_23701141,4.704
common_voice_cv_23701142,4.224
common_voice_cv_23701143,4.344
common_voice_cv_23701144,4.344
common_voice_cv_23701145,5.184
common_voice_cv_23701146,3.216
common_voice_cv_23701147,8.904
common_voice_cv_23701148,4.224
common_voice_cv_23701149,5.184
common_voice_cv_23701150,4.344
common_voice_cv_23701151,5.064
common_voice_cv_23701152,3.864
common_voice_cv_23701153,4.824
common_voice_cv_23701154,6.864
common_voice_cv_23701155,4.464
common_voice_cv_23701156,4.656
common_voice_cv_23701157,3.864
common_voice_cv_23701158,3.696
common_voice_cv_23701159,3.696
common_voice_cv_23701160,3.264
common_voice_cv_23701161,4.584
common_voice_cv_23701162,3.936
common_voice_cv_23701163,7.824
common_voice_cv_23701164,6.984
common_voice_cv_23701165,2.976
common_voice_cv_23701166,6.336
common_voice_cv_23701172,7.296
common_voice_cv_23701173,7.344
common_voice_cv_23701174,4.176
common_voice_cv_23701175,3.936
common_voice_cv_23701176,8.544
common_voice_cv_23701177,4.824
common_voice_cv_23701178,3.984
common_voice_cv_23701179,5.784
common_voice_cv_23701180,4.176
common_voice_cv_23701186,5.184
common_voice_cv_23701187,5.664
common_voice_cv_23701188,3.024
common_voice_cv_23701189,5.376
common_voice_cv_23701190,3.624
common_voice_cv_23701199,2.616
common_voice_cv_23701200,4.656
common_voice_cv_23701201,6.144
common_voice_cv_23701202,8.256
common_voice_cv_23701203,4.464
common_voice_cv_23701206,5.376
common_voice_cv_23701207,3.936
common_voice_cv_23701208,3.456
common_voice_cv_23701209,3.984
common_voice_cv_23701210,5.904
common_voice_cv_23701216,3.384
common_voice_cv_23701217,2.064
common_voice_cv_23701218,6.864
common_voice_cv_23701219,5.856
common_voice_cv_23701220,4.176
common_voice_cv_23701223,4.176
common_voice_cv_23701224,4.464
common_voice_cv_23701225,6.744
common_voice_cv_23701227,5.064
common_voice_cv_23701228,6.864
common_voice_cv_23701239,4.416
common_voice_cv_23701242,7.824
common_voice_cv_23701243,2.256
common_voice_cv_23701244,5.784
common_voice_cv_23701245,3.384
common_voice_cv_23701246,2.664
common_voice_cv_23701247,3.024
common_voice_cv_23701248,3.456
common_voice_cv_23701249,5.856
common_voice_cv_23701250,7.824
common_voice_cv_23701256,5.376
common_voice_cv_23701257,5.064
common_voice_cv_23701259,6.096
common_voice_cv_23701261,3.456
common_voice_cv_23701263,5.184
common_voice_cv_23701266,3.984
common_voice_cv_23701267,4.584
common_voice_cv_23701268,5.616
common_voice_cv_23701269,3.264
common_voice_cv_23701270,3.696
common_voice_cv_23701271,3.264
common_voice_cv_23701272,7.464
common_voice_cv_23701273,3.024
common_voice_cv_23701274,3.984
common_voice_cv_23701275,4.536
common_voice_cv_23701281,3.936
common_voice_cv_23701282,3.696
common_voice_cv_23701283,4.224
common_voice_cv_23701284,7.536
common_voice_cv_23701285,9.216
common_voice_cv_23701316,3.144
common_voice_cv_23701317,3.024
common_voice_cv_23701318,4.104
common_voice_cv_23701319,2.616
common_voice_cv_23701320,3.936
common_voice_cv_23701331,6.816
common_voice_cv_23701332,4.704
common_voice_cv_23701333,4.224
common_voice_cv_23701334,6.336
common_voice_cv_23701335,4.224
common_voice_cv_23701336,7.584
common_voice_cv_23701337,3.936
common_voice_cv_23701338,4.344
common_voice_cv_23701339,5.784
common_voice_cv_23701340,3.984
common_voice_cv_23701341,4.656
common_voice_cv_23701342,5.304
common_voice_cv_23701343,3.936
common_voice_cv_23701344,4.704
common_voice_cv_23701345,5.544
common_voice_cv_23701346,2.736
common_voice_cv_23701347,2.976
common_voice_cv_23701348,2.616
common_voice_cv_23701349,4.224
common_voice_cv_23701350,5.184
common_voice_cv_23701351,4.416
common_voice_cv_23701352,3.456
common_voice_cv_23701353,2.256
common_voice_cv_23701354,6.816
common_voice_cv_23701355,4.944
common_voice_cv_23701356,3.984
common_voice_cv_23701357,4.824
common_voice_cv_23701358,4.656
common_voice_cv_23701359,3.864
common_voice_cv_23701360,6.816
common_voice_cv_23701361,2.736
common_voice_cv_23701362,2.064
common_voice_cv_23701363,3.384
common_voice_cv_23701364,3.144
common_voice_cv_23701365,6.504
common_voice_cv_23701366,3.696
common_voice_cv_23701368,4.416
common_voice_cv_23701371,3.696
common_voice_cv_23701372,5.136
common_voice_cv_23701373,6.336
common_voice_cv_23701375,3.264
common_voice_cv_23701377,5.064
common_voice_cv_23701378,5.664
common_voice_cv_23701379,3.504
common_voice_cv_23701380,6.864
common_voice_cv_23701381,3.744
common_voice_cv_23701382,3.696
common_voice_cv_23701383,4.584
common_voice_cv_23701384,5.304
common_voice_cv_23701385,3.936
common_voice_cv_23701386,3.504
common_voice_cv_23701387,3.264
common_voice_cv_23701388,3.936
common_voice_cv_23701389,2.184
common_voice_cv_23701390,2.736
common_voice_cv_23701391,4.464
common_voice_cv_23701392,2.976
common_voice_cv_23701393,4.584
common_voice_cv_23701394,5.544
common_voice_cv_23701395,4.656
common_voice_cv_23701396,4.416
common_voice_cv_23701397,2.664
common_voice_cv_23701398,4.464
common_voice_cv_23701399,3.984
common_voice_cv_23701400,4.944
common_voice_cv_23701401,5.856
common_voice_cv_23701402,2.064
common_voice_cv_23701403,2.496
common_voice_cv_23701404,3.744
common_voice_cv_23701405,2.784
common_voice_cv_23701406,3.936
common_voice_cv_23701407,5.376
common_voice_cv_23701408,3.024
common_voice_cv_23701409,2.784
common_voice_cv_23701410,4.824
common_voice_cv_23701411,2.976
common_voice_cv_23701412,3.264
common_voice_cv_23701413,5.184
common_voice_cv_23701414,3.984
common_voice_cv_23701415,5.376
common_voice_cv_23701416,7.056
common_voice_cv_23701417,5.064
common_voice_cv_23701418,4.584
common_voice_cv_23701419,2.976
common_voice_cv_23701420,3.864
common_voice_cv_23701426,3.984
common_voice_cv_23701427,4.824
common_voice_cv_23701428,2.064
common_voice_cv_23701429,2.736
common_voice_cv_23701430,6.384
common_voice_cv_23701431,4.416
common_voice_cv_23701432,4.176
common_voice_cv_23701433,2.784
common_voice_cv_23701434,4.584
common_voice_cv_23701435,3.456
common_voice_cv_23701437,3.936
common_voice_cv_23701439,4.176
common_voice_cv_23701440,4.656
common_voice_cv_23701442,5.136
common_voice_cv_23701443,3.936
common_voice_cv_23701953,4.104
common_voice_cv_23701954,5.496
common_voice_cv_23701955,4.656
common_voice_cv_23701956,5.304
common_voice_cv_23701957,2.784
common_voice_cv_23701958,3.864
common_voice_cv_23701959,8.424
common_voice_cv_23701960,4.224
common_voice_cv_23701961,4.416
common_voice_cv_23701962,6.096
common_voice_cv_23701963,4.824
common_voice_cv_23701964,3.816
common_voice_cv_23701965,4.824
common_voice_cv_23701966,3.864
common_voice_cv_23701967,2.784
common_voice_cv_23701968,2.664
common_voice_cv_23701969,4.584
common_voice_cv_23701970,3.384
common_voice_cv_23701971,2.496
common_voice_cv_23701972,3.504
common_voice_cv_23701978,4.224
common_voice_cv_23701979,5.664
common_voice_cv_23701980,4.464
common_voice_cv_23701981,6.624
common_voice_cv_23701982,5.064
common_voice_cv_23701983,5.904
common_voice_cv_23701984,11.664
common_voice_cv_23701985,3.624
common_voice_cv_23701986,3.624
common_voice_cv_23701987,4.344
common_voice_cv_23701988,6.456
common_voice_cv_23701989,2.664
common_voice_cv_23701990,6.816
common_voice_cv_23701991,5.304
common_voice_cv_23701992,3.216
common_voice_cv_23701993,3.744
common_voice_cv_23701994,6.096
common_voice_cv_23701995,3.384
common_voice_cv_23701996,4.584
common_voice_cv_23701997,4.464
common_voice_cv_23702003,6.504
common_voice_cv_23702004,4.224
common_voice_cv_23702005,4.896
common_voice_cv_23702006,4.896
common_voice_cv_23702007,6.384
common_voice_cv_23702009,6.336
common_voice_cv_23702010,4.944
common_voice_cv_23702011,4.104
common_voice_cv_23702012,7.344
common_voice_cv_23702013,7.464
common_voice_cv_23702014,7.704
common_voice_cv_23702015,8.016
common_voice_cv_23702016,3.696
common_voice_cv_23702017,4.656
common_voice_cv_23702023,3.216
common_voice_cv_23702024,4.896
common_voice_cv_23702025,6.336
common_voice_cv_23702026,3.984
common_voice_cv_23702027,4.344
common_voice_cv_23702028,5.184
common_voice_cv_23702029,6.576
common_voice_cv_23702030,3.624
common_voice_cv_23702031,3.984
common_voice_cv_23702032,4.896
common_voice_cv_23702033,5.784
common_voice_cv_23702034,3.264
common_voice_cv_23702035,3.744
common_voice_cv_23702036,6.336
common_voice_cv_23702037,6.576
common_voice_cv_23702043,3.864
common_voice_cv_23702044,6.696
common_voice_cv_23702045,3.984
common_voice_cv_23702046,4.104
common_voice_cv_23702047,3.744
common_voice_cv_23702048,5.784
common_voice_cv_23702049,3.744
common_voice_cv_23702050,4.176
common_voice_cv_23702051,7.224
common_voice_cv_23702052,3.936
common_voice_cv_23702088,5.616
common_voice_cv_23702089,3.984
common_voice_cv_23702090,3.216
common_voice_cv_23702091,2.544
common_voice_cv_23702092,3.984
common_voice_cv_23702093,2.664
common_voice_cv_23702094,6.816
common_voice_cv_23702095,6.384
common_voice_cv_23702096,5.424
common_voice_cv_23702101,3.264
common_voice_cv_23702102,5.544
common_voice_cv_23702104,2.904
common_voice_cv_23702105,4.464
common_voice_cv_23705616,3.744
common_voice_cv_23705617,3.024
common_voice_cv_23705618,6.384
common_voice_cv_23705619,4.176
common_voice_cv_23705621,6.024
common_voice_cv_23705624,3.744
common_voice_cv_23705625,6.144
common_voice_cv_23705626,4.224
common_voice_cv_23705627,2.664
common_voice_cv_23705628,5.136
common_voice_cv_23705629,3.264
common_voice_cv_23705630,8.304
common_voice_cv_23705631,4.344
common_voice_cv_23705632,2.904
common_voice_cv_23705633,5.064
common_voice_cv_23705634,9.984
common_voice_cv_23705635,2.736
common_voice_cv_23705636,6.576
common_voice_cv_23705637,3.744
common_voice_cv_23705638,6.816
common_voice_cv_23705639,7.536
common_voice_cv_23705640,3.024
common_voice_cv_23705641,5.616
common_voice_cv_23705642,4.104
common_voice_cv_23705643,2.784
common_voice_cv_23705649,2.736
common_voice_cv_23705650,6.264
common_voice_cv_23705651,2.976
common_voice_cv_23705652,4.824
common_voice_cv_23705653,5.304
common_voice_cv_23705654,7.224
common_voice_cv_23705655,4.944
common_voice_cv_23705656,6.096
common_voice_cv_23705657,6.336
common_voice_cv_23705658,4.896
common_voice_cv_23705664,4.416
common_voice_cv_23705665,3.744
common_voice_cv_23705666,4.176
common_voice_cv_23705667,3.696
common_voice_cv_23705668,3.696
common_voice_cv_23705669,5.064
common_voice_cv_23705670,2.664
common_voice_cv_23705672,3.984
common_voice_cv_23705676,4.584
common_voice_cv_23705682,4.224
common_voice_cv_23705683,3.384
common_voice_cv_23705684,4.944
common_voice_cv_23705685,4.944
common_voice_cv_23705686,3.216
common_voice_cv_23705687,3.264
common_voice_cv_23705688,5.064
common_voice_cv_23705689,2.784
common_voice_cv_23705690,2.736
common_voice_cv_23705691,3.624
common_voice_cv_23705692,2.664
common_voice_cv_23705693,3.144
common_voice_cv_23705694,5.304
common_voice_cv_23705695,2.496
common_voice_cv_23705696,4.104
common_voice_cv_23705702,4.824
common_voice_cv_23705703,8.064
common_voice_cv_23705704,3.864
common_voice_cv_23705705,2.304
common_voice_cv_23705706,2.664
common_voice_cv_23705712,4.584
common_voice_cv_23705713,5.256
common_voice_cv_23705714,5.256
common_voice_cv_23705715,5.184
common_voice_cv_23705716,3.624
common_voice_cv_23705717,5.664
common_voice_cv_23705718,5.784
common_voice_cv_23705719,4.704
common_voice_cv_23705720,5.784
common_voice_cv_23705721,3.264
common_voice_cv_23705727,6.336
common_voice_cv_23705728,4.584
common_voice_cv_23705729,4.224
common_voice_cv_23705730,2.736
common_voice_cv_23705731,4.896
common_voice_cv_23705732,3.936
common_voice_cv_23705733,4.656
common_voice_cv_23705734,6.504
common_voice_cv_23705735,5.376
common_voice_cv_23705736,4.344
common_voice_cv_23705742,4.896
common_voice_cv_23705743,6.624
common_voice_cv_23705744,3.024
common_voice_cv_23705745,3.456
common_voice_cv_23705746,2.904
common_voice_cv_23705747,3.816
common_voice_cv_23705748,6.384
common_voice_cv_23705749,4.584
common_voice_cv_23705750,5.304
common_voice_cv_23705751,6.024
common_voice_cv_23705752,4.704
common_voice_cv_23705753,4.344
common_voice_cv_23705754,3.984
common_voice_cv_23705755,4.656
common_voice_cv_23705756,5.616
common_voice_cv_23705762,4.464
common_voice_cv_23705763,2.976
common_voice_cv_23705764,5.424
common_voice_cv_23705765,4.464
common_voice_cv_23705766,3.744
common_voice_cv_23705767,3.984
common_voice_cv_23705768,3.144
common_voice_cv_23705769,3.384
common_voice_cv_23705770,4.344
common_voice_cv_23705777,4.104
common_voice_cv_23705778,2.736
common_voice_cv_23705779,2.544
common_voice_cv_23705780,3.384
common_voice_cv_23705781,4.656
common_voice_cv_23705782,4.464
common_voice_cv_23705783,3.864
common_voice_cv_23705784,3.744
common_voice_cv_23705785,6.144
common_voice_cv_23705786,4.656
common_voice_cv_23705792,3.264
common_voice_cv_23705794,4.344
common_voice_cv_23705795,3.456
common_voice_cv_23705796,3.864
common_voice_cv_23705819,6.144
common_voice_cv_23705820,2.976
common_voice_cv_23705821,4.824
common_voice_cv_23705822,6.144
common_voice_cv_23705823,4.104
common_voice_cv_23705834,5.544
common_voice_cv_23705835,3.984
common_voice_cv_23705836,3.864
common_voice_cv_23705837,2.736
common_voice_cv_23705838,5.856
common_voice_cv_23705847,3.984
common_voice_cv_23705848,4.944
common_voice_cv_23705849,4.944
common_voice_cv_23705850,3.456
common_voice_cv_23705851,4.464
common_voice_cv_23705862,6.024
common_voice_cv_23705863,6.144
common_voice_cv_23705864,3.384
common_voice_cv_23705865,2.904
common_voice_cv_23705866,6.264
common_voice_cv_23705872,5.136
common_voice_cv_23705873,4.416
common_voice_cv_23705874,4.224
common_voice_cv_23705876,3.504
common_voice_cv_23705893,3.456
common_voice_cv_23705894,8.064
common_voice_cv_23705895,6.144
common_voice_cv_23705896,4.944
common_voice_cv_23705897,6.816
common_voice_cv_23705903,7.536
common_voice_cv_23705904,4.224
common_voice_cv_23705905,5.784
common_voice_cv_23705906,2.784
common_voice_cv_23705907,3.936
common_voice_cv_23705913,3.216
common_voice_cv_23705914,4.704
common_voice_cv_23705915,4.416
common_voice_cv_23705916,5.904
common_voice_cv_23705917,4.896
common_voice_cv_23705918,4.416
common_voice_cv_23705919,6.096
common_voice_cv_23705920,3.264
common_voice_cv_23705921,6.336
common_voice_cv_23705922,4.344
common_voice_cv_23705933,8.664
common_voice_cv_23705934,7.056
common_voice_cv_23705935,2.784
common_voice_cv_23705936,4.824
common_voice_cv_23705937,3.504
common_voice_cv_23705953,4.104
common_voice_cv_23705954,7.104
common_voice_cv_23705955,3.624
common_voice_cv_23705956,5.304
common_voice_cv_23705957,6.504
common_voice_cv_23705958,5.664
common_voice_cv_23705959,3.024
common_voice_cv_23705960,3.264
common_voice_cv_23705961,5.136
common_voice_cv_23705962,5.376
common_voice_cv_23705968,3.744
common_voice_cv_23705969,2.736
common_voice_cv_23705970,5.424
common_voice_cv_23705971,5.304
common_voice_cv_23705972,4.344
common_voice_cv_23705973,3.936
common_voice_cv_23705974,2.976
common_voice_cv_23705975,3.216
common_voice_cv_23705976,3.384
common_voice_cv_23705977,3.384
common_voice_cv_23731617,3.624
common_voice_cv_23731618,3.216
common_voice_cv_23731619,6.384
common_voice_cv_23731620,3.744
common_voice_cv_23731621,5.184
common_voice_cv_23735764,4.224
common_voice_cv_23735765,3.744
common_voice_cv_23735766,3.504
common_voice_cv_23735767,4.416
common_voice_cv_23735768,5.544
common_voice_cv_23735769,4.656
common_voice_cv_23735770,3.144
common_voice_cv_23735771,7.296
common_voice_cv_23735772,6.096
common_voice_cv_23735773,8.784
common_voice_cv_23735779,7.056
common_voice_cv_23735780,4.944
common_voice_cv_23735781,3.456
common_voice_cv_23735782,5.064
common_voice_cv_23735783,4.584
common_voice_cv_23735788,6.864
common_voice_cv_23735789,5.544
common_voice_cv_23735791,3.336
common_voice_cv_23735792,4.104
common_voice_cv_23735793,6.624
common_voice_cv_23735794,4.416
common_voice_cv_23735795,7.344
common_voice_cv_23735796,6.576
common_voice_cv_23735797,5.424
common_voice_cv_23735798,5.904
common_voice_cv_23735799,7.104
common_voice_cv_23735800,4.704
common_voice_cv_23735801,7.944
common_voice_cv_23735802,6.576
common_voice_cv_23735803,4.104
common_voice_cv_23735804,5.376
common_voice_cv_23735805,4.104
common_voice_cv_23735806,3.144
common_voice_cv_23735807,4.416
common_voice_cv_23735808,2.736
common_voice_cv_23735814,7.776
common_voice_cv_23735815,7.824
common_voice_cv_23735816,5.616
common_voice_cv_23735817,5.616
common_voice_cv_23735818,6.096
common_voice_cv_23735824,4.944
common_voice_cv_23735825,6.144
common_voice_cv_23735826,7.056
common_voice_cv_23735827,3.144
common_voice_cv_23735828,6.576
common_voice_cv_23735829,4.464
common_voice_cv_23735830,4.584
common_voice_cv_23735831,6.384
common_voice_cv_23735832,2.736
common_voice_cv_23735833,4.944
common_voice_cv_23735837,5.064
common_voice_cv_23735838,7.224
common_voice_cv_23735840,4.704
common_voice_cv_23735841,4.416
common_voice_cv_23735843,5.064
common_voice_cv_23735844,4.176
common_voice_cv_23735845,4.776
common_voice_cv_23735846,6.264
common_voice_cv_23735847,3.384
common_voice_cv_23735848,9.216
common_voice_cv_23735849,4.224
common_voice_cv_23735850,4.224
common_voice_cv_23735851,8.304
common_voice_cv_23735852,5.544
common_voice_cv_23735853,3.144
common_voice_cv_23735854,4.584
common_voice_cv_23735855,7.584
common_voice_cv_23735856,4.464
common_voice_cv_23735857,6.144
common_voice_cv_23735858,4.416
common_voice_cv_23735859,2.496
common_voice_cv_23735860,3.216
common_voice_cv_23735861,3.864
common_voice_cv_23735862,4.944
common_voice_cv_23735863,2.976
common_voice_cv_23735864,3.216
common_voice_cv_23735865,5.784
common_voice_cv_23735866,2.736
common_voice_cv_23735867,2.976
common_voice_cv_23735868,5.064
common_voice_cv_23735869,3.984
common_voice_cv_23735870,3.696
common_voice_cv_23735871,5.616
common_voice_cv_23735873,6.744
common_voice_cv_23750586,4.704
common_voice_cv_23750587,3.264
common_voice_cv_23750588,6.576
common_voice_cv_23750589,5.784
common_voice_cv_23750590,3.504
common_voice_cv_23750591,5.424
common_voice_cv_23750592,2.256
common_voice_cv_23750593,6.576
common_voice_cv_23750594,3.864
common_voice_cv_23750595,3.384
common_voice_cv_23750596,5.064
common_voice_cv_23750597,6.096
common_voice_cv_23750598,4.176
common_voice_cv_23750599,4.416
common_voice_cv_23750600,3.696
common_voice_cv_23758925,5.184
common_voice_cv_23758926,5.976
common_voice_cv_23758927,8.736
common_voice_cv_23758928,3.456
common_voice_cv_23758929,4.584
common_voice_cv_23758945,4.296
common_voice_cv_23758946,6.744
common_voice_cv_23758947,6.576
common_voice_cv_23758948,7.656
common_voice_cv_23758949,4.176
common_voice_cv_23758955,5.856
common_voice_cv_23758956,7.776
common_voice_cv_23758957,7.176
common_voice_cv_23758960,7.296
common_voice_cv_23758962,8.856
common_voice_cv_23758980,4.056
common_voice_cv_23758981,4.896
common_voice_cv_23758982,4.176
common_voice_cv_23758983,8.376
common_voice_cv_23758984,7.704
common_voice_cv_23758990,5.496
common_voice_cv_23758991,5.856
common_voice_cv_23758992,8.304
common_voice_cv_23758993,5.904
common_voice_cv_23758994,5.064
common_voice_cv_23759028,5.448
common_voice_cv_23759029,7.944
common_voice_cv_23759030,3.336
common_voice_cv_23759031,8.832
common_voice_cv_23759032,5.304
common_voice_cv_23759033,3.696
common_voice_cv_23759034,7.44
common_voice_cv_23759035,5.424
common_voice_cv_23759036,5.016
common_voice_cv_23759037,6.552
common_voice_cv_23759048,6.12
common_voice_cv_23759049,6.768
common_voice_cv_23759050,5.664
common_voice_cv_23759051,3.24
common_voice_cv_23759052,7.104
common_voice_cv_23759088,4.176
common_voice_cv_23759089,5.4
common_voice_cv_23759095,7.896
common_voice_cv_23759096,4.752
common_voice_cv_23759098,4.344
common_voice_cv_23777901,4.944
common_voice_cv_23777902,4.848
common_voice_cv_23777903,7.152
common_voice_cv_23777905,5.064
common_voice_cv_23777907,4.728
common_voice_cv_23777936,5.088
common_voice_cv_23777937,7.392
common_voice_cv_23777938,8.88
common_voice_cv_23777939,7.368
common_voice_cv_23777940,7.056
common_voice_cv_23777953,7.08
common_voice_cv_23777954,5.616
common_voice_cv_23777955,6.024
common_voice_cv_23777956,9.0
common_voice_cv_23777957,5.544
common_voice_cv_23777973,4.92
common_voice_cv_23777974,6.624
common_voice_cv_23777975,3.408
common_voice_cv_23777976,6.576
common_voice_cv_23777977,4.656
common_voice_cv_23777988,7.368
common_voice_cv_23777989,6.888
common_voice_cv_23777990,6.432
common_voice_cv_23777991,4.416
common_voice_cv_23778017,4.968
common_voice_cv_23778018,8.688
common_voice_cv_23778019,10.344
common_voice_cv_23778020,4.416
common_voice_cv_23778021,7.464
common_voice_cv_23778038,3.168
common_voice_cv_23778039,6.384
common_voice_cv_23778040,8.136
common_voice_cv_23778041,3.576
common_voice_cv_23778042,7.056
common_voice_cv_23778068,4.728
common_voice_cv_23778069,8.928
common_voice_cv_23778070,4.704
common_voice_cv_23778071,7.464
common_voice_cv_23778072,3.408
common_voice_cv_23778083,3.792
common_voice_cv_23778084,4.296
common_voice_cv_23778085,5.856
common_voice_cv_23778086,7.488
common_voice_cv_23778087,4.104
common_voice_cv_23785966,5.448
common_voice_cv_23785968,4.392
common_voice_cv_23785969,7.464
common_voice_cv_23785970,9.576
common_voice_cv_23785971,8.568
common_voice_cv_23785982,8.496
common_voice_cv_23785983,8.256
common_voice_cv_23785984,8.256
common_voice_cv_23785985,6.168
common_voice_cv_23785986,3.792
common_voice_cv_23785992,4.512
common_voice_cv_23785993,4.68
common_voice_cv_23785994,3.624
common_voice_cv_23785995,6.936
common_voice_cv_23785996,5.448
common_voice_cv_23789237,8.664
common_voice_cv_23789238,3.936
common_voice_cv_23789239,7.584
common_voice_cv_23789240,7.272
common_voice_cv_23789241,8.328
common_voice_cv_23789247,3.528
common_voice_cv_23789248,4.968
common_voice_cv_23789249,6.456
common_voice_cv_23789250,4.056
common_voice_cv_23789251,7.56
common_voice_cv_23789257,3.432
common_voice_cv_23789258,6.624
common_voice_cv_23789259,3.792
common_voice_cv_23789260,8.424
common_voice_cv_23789261,6.648
common_voice_cv_23789268,5.448
common_voice_cv_23789269,4.296
common_voice_cv_23789270,4.104
common_voice_cv_23789271,9.624
common_voice_cv_23789272,4.656
common_voice_cv_23789343,4.008
common_voice_cv_23789344,4.032
common_voice_cv_23789346,7.008
common_voice_cv_23789348,6.0
common_voice_cv_23789349,5.448
common_voice_cv_23797450,7.704
common_voice_cv_23797451,3.456
common_voice_cv_23797452,4.656
common_voice_cv_23797453,4.176
common_voice_cv_23797454,6.264
common_voice_cv_23797465,4.416
common_voice_cv_23797466,2.904
common_voice_cv_23797467,7.104
common_voice_cv_23797468,4.896
common_voice_cv_23797469,5.376
common_voice_cv_23797470,3.624
common_voice_cv_23797471,3.624
common_voice_cv_23797472,7.824
common_voice_cv_23797473,8.424
common_voice_cv_23797474,6.264
common_voice_cv_23797475,2.304
common_voice_cv_23797476,4.464
common_voice_cv_23797477,5.904
common_voice_cv_23797478,4.104
common_voice_cv_23797479,3.456
common_voice_cv_23797480,3.936
common_voice_cv_23797481,6.744
common_voice_cv_23797482,6.024
common_voice_cv_23797483,4.656
common_voice_cv_23797484,3.456
common_voice_cv_23797485,6.264
common_voice_cv_23797486,3.624
common_voice_cv_23797487,6.816
common_voice_cv_23797488,3.696
common_voice_cv_23797489,3.744
common_voice_cv_23797490,4.464
common_voice_cv_23797491,5.424
common_voice_cv_23797492,6.264
common_voice_cv_23797493,3.216
common_voice_cv_23797494,6.984
common_voice_cv_23797495,5.184
common_voice_cv_23797496,5.184
common_voice_cv_23797497,8.016
common_voice_cv_23797498,4.224
common_voice_cv_23797499,6.264
common_voice_cv_23797500,4.824
common_voice_cv_23797501,4.176
common_voice_cv_23797502,4.104
common_voice_cv_23797503,7.224
common_voice_cv_23797504,7.296
common_voice_cv_23797505,5.424
common_voice_cv_23797506,3.744
common_voice_cv_23797507,3.696
common_voice_cv_23797508,3.504
common_voice_cv_23797509,5.664
common_voice_cv_23797511,4.224
common_voice_cv_23797512,7.104
common_voice_cv_23797513,5.136
common_voice_cv_23797514,8.496
common_voice_cv_23797515,5.376
common_voice_cv_23797516,3.984
common_voice_cv_23797517,7.344
common_voice_cv_23797518,3.384
common_voice_cv_23797519,4.776
common_voice_cv_23797520,5.376
common_voice_cv_23797521,4.896
common_voice_cv_23797522,4.176
common_voice_cv_23797523,4.704
common_voice_cv_23797524,4.344
common_voice_cv_23797525,3.504
common_voice_cv_23797526,3.216
common_voice_cv_23797527,3.864
common_voice_cv_23797528,4.824
common_voice_cv_23797529,5.184
common_voice_cv_23797530,7.344
common_voice_cv_23798467,4.896
common_voice_cv_23798468,3.504
common_voice_cv_23798469,2.976
common_voice_cv_23798470,4.176
common_voice_cv_23798471,6.816
common_voice_cv_23804522,5.088
common_voice_cv_23804523,5.064
common_voice_cv_23804524,5.976
common_voice_cv_23804525,9.648
common_voice_cv_23804526,4.848
common_voice_cv_23804532,4.368
common_voice_cv_23804533,6.408
common_voice_cv_23804534,4.584
common_voice_cv_23804535,7.896
common_voice_cv_23804536,5.832
common_voice_cv_23804542,5.496
common_voice_cv_23804543,9.144
common_voice_cv_23804544,5.496
common_voice_cv_23804545,7.656
common_voice_cv_23804546,6.216
common_voice_cv_23804553,5.688
common_voice_cv_23804554,6.48
common_voice_cv_23804555,6.408
common_voice_cv_23804556,6.264
common_voice_cv_23804557,7.92
common_voice_cv_23804563,5.232
common_voice_cv_23804564,6.768
common_voice_cv_23804565,4.296
common_voice_cv_23804566,3.648
common_voice_cv_23804567,4.224
common_voice_cv_23804578,4.608
common_voice_cv_23804579,3.72
common_voice_cv_23804580,7.992
common_voice_cv_23804581,6.36
common_voice_cv_23804582,4.344
common_voice_cv_23804601,8.208
common_voice_cv_23804604,5.832
common_voice_cv_23804605,4.608
common_voice_cv_23804606,5.568
common_voice_cv_23804607,6.912
common_voice_cv_23804628,6.096
common_voice_cv_23804629,5.496
common_voice_cv_23804630,9.72
common_voice_cv_23804631,6.744
common_voice_cv_23804632,7.248
common_voice_cv_23804653,7.824
common_voice_cv_23804654,5.016
common_voice_cv_23804655,8.136
common_voice_cv_23804656,4.032
common_voice_cv_23804657,4.368
common_voice_cv_23804673,3.624
common_voice_cv_23804674,5.448
common_voice_cv_23804675,5.928
common_voice_cv_23804676,7.128
common_voice_cv_23804679,6.744
common_voice_cv_23804713,7.896
common_voice_cv_23804714,4.368
common_voice_cv_23804715,6.96
common_voice_cv_23804716,5.568
common_voice_cv_23804717,7.488
common_voice_cv_23804828,3.48
common_voice_cv_23804829,5.808
common_voice_cv_23804830,6.648
common_voice_cv_23804831,3.96
common_voice_cv_23804832,6.408
common_voice_cv_23804838,3.504
common_voice_cv_23804839,3.984
common_voice_cv_23804840,7.032
common_voice_cv_23804841,4.656
common_voice_cv_23804842,10.176
common_voice_cv_23807961,5.16
common_voice_cv_23807962,7.008
common_voice_cv_23807963,3.288
common_voice_cv_23807964,4.848
common_voice_cv_23807965,4.704
common_voice_cv_23807971,4.752
common_voice_cv_23807972,6.216
common_voice_cv_23807973,4.632
common_voice_cv_23807974,8.736
common_voice_cv_23807975,4.296
common_voice_cv_23807981,3.816
common_voice_cv_23807982,6.024
common_voice_cv_23807983,6.984
common_voice_cv_23807984,5.136
common_voice_cv_23807985,7.08
common_voice_cv_23807996,4.32
common_voice_cv_23807997,5.904
common_voice_cv_23807998,4.488
common_voice_cv_23807999,4.56
common_voice_cv_23808000,9.552
common_voice_cv_23808001,9.192
common_voice_cv_23808002,4.944
common_voice_cv_23808003,5.976
common_voice_cv_23808004,5.4
common_voice_cv_23808005,3.936
common_voice_cv_23808021,5.472
common_voice_cv_23808022,4.344
common_voice_cv_23808023,7.416
common_voice_cv_23808024,6.648
common_voice_cv_23808025,5.232
common_voice_cv_23823713,8.688
common_voice_cv_23823714,5.088
common_voice_cv_23823715,6.216
common_voice_cv_23823716,4.104
common_voice_cv_23823717,6.096
common_voice_cv_23823733,4.488
common_voice_cv_23823734,6.624
common_voice_cv_23823735,4.872
common_voice_cv_23823736,5.76
common_voice_cv_23823737,9.096
common_voice_cv_23823758,5.208
common_voice_cv_23823759,6.624
common_voice_cv_23823761,5.064
common_voice_cv_23823762,3.984
common_voice_cv_23823764,4.608
common_voice_cv_23823798,8.688
common_voice_cv_23823802,5.88
common_voice_cv_23823803,4.56
common_voice_cv_23823804,4.8
common_voice_cv_23823805,6.528
common_voice_cv_23823855,6.744
common_voice_cv_23823856,7.728
common_voice_cv_23823857,5.016
common_voice_cv_23823858,6.408
common_voice_cv_23823859,6.936
common_voice_cv_23823914,8.4
common_voice_cv_23823915,6.0
common_voice_cv_23823916,4.296
common_voice_cv_23823917,5.088
common_voice_cv_23823918,5.976
common_voice_cv_23823945,8.76
common_voice_cv_23823947,4.344
common_voice_cv_23823949,3.48
common_voice_cv_23823951,9.192
common_voice_cv_23823953,4.728
common_voice_cv_23823974,6.936
common_voice_cv_23823975,5.952
common_voice_cv_23823978,5.688
common_voice_cv_23823980,3.336
common_voice_cv_23823981,3.576
common_voice_cv_23823992,4.776
common_voice_cv_23823993,5.376
common_voice_cv_23823994,3.168
common_voice_cv_23823995,8.112
common_voice_cv_23823996,7.488
common_voice_cv_23832790,8.496
common_voice_cv_23832791,9.864
common_voice_cv_23832792,9.696
common_voice_cv_23832793,4.584
common_voice_cv_23832794,6.264
common_voice_cv_23832795,9.696
common_voice_cv_23832796,4.416
common_voice_cv_23832797,5.664
common_voice_cv_23832798,4.056
common_voice_cv_23832799,6.504
common_voice_cv_23832800,8.304
common_voice_cv_23832801,9.624
common_voice_cv_23832802,9.096
common_voice_cv_23832803,9.576
common_voice_cv_23832804,8.664
common_voice_cv_23832805,5.904
common_voice_cv_23832806,6.576
common_voice_cv_23832807,9.144
common_voice_cv_23832808,8.424
common_voice_cv_23844234,8.064
common_voice_cv_23844235,4.584
common_voice_cv_23844236,4.584
common_voice_cv_23844237,5.184
common_voice_cv_23844238,4.584
common_voice_cv_23846886,3.216
common_voice_cv_23846887,4.824
common_voice_cv_23846888,3.264
common_voice_cv_23846890,6.576
common_voice_cv_23846892,5.064
common_voice_cv_23846901,3.144
common_voice_cv_23846902,6.024
common_voice_cv_23846903,6.336
common_voice_cv_23846904,3.936
common_voice_cv_23846905,5.544
common_voice_cv_23846906,7.464
common_voice_cv_23846907,6.024
common_voice_cv_23846908,4.584
common_voice_cv_23846909,5.376
common_voice_cv_23846910,6.384
common_voice_cv_23846911,2.784
common_voice_cv_23846912,4.896
common_voice_cv_23846913,3.624
common_voice_cv_23846914,4.344
common_voice_cv_23846915,6.624
common_voice_cv_23846921,4.344
common_voice_cv_23846922,6.384
common_voice_cv_23846923,4.824
common_voice_cv_23846924,3.696
common_voice_cv_23846925,7.776
common_voice_cv_23846926,3.624
common_voice_cv_23846927,4.824
common_voice_cv_23846928,6.984
common_voice_cv_23846929,5.184
common_voice_cv_23846930,5.784
common_voice_cv_23846936,4.656
common_voice_cv_23846937,4.224
common_voice_cv_23846938,4.944
common_voice_cv_23846939,4.224
common_voice_cv_23846940,4.824
common_voice_cv_23846941,4.344
common_voice_cv_23846942,3.504
common_voice_cv_23846943,6.984
common_voice_cv_23846944,4.944
common_voice_cv_23846945,8.424
common_voice_cv_23849924,4.104
common_voice_cv_23849927,6.024
common_voice_cv_23849928,8.064
common_voice_cv_23849929,3.384
common_voice_cv_23849930,6.744
common_voice_cv_23849936,4.344
common_voice_cv_23849937,5.064
common_voice_cv_23849938,6.336
common_voice_cv_23849939,3.504
common_voice_cv_23849940,8.976
common_voice_cv_23849966,3.696
common_voice_cv_23849967,6.744
common_voice_cv_23849968,5.664
common_voice_cv_23849969,3.744
common_voice_cv_23849970,7.536
common_voice_cv_23849996,3.984
common_voice_cv_23849997,3.504
common_voice_cv_23849998,4.584
common_voice_cv_23849999,5.376
common_voice_cv_23850000,9.624
common_voice_cv_23850037,8.496
common_voice_cv_23850039,7.464
common_voice_cv_23850040,6.624
common_voice_cv_23850041,4.296
common_voice_cv_23850046,6.024
common_voice_cv_23850047,5.064
common_voice_cv_23850048,3.984
common_voice_cv_23850049,5.304
common_voice_cv_23850050,9.144
common_voice_cv_23850051,6.624
common_voice_cv_23850052,5.424
common_voice_cv_23850053,3.504
common_voice_cv_23850054,3.456
common_voice_cv_23850055,4.896
common_voice_cv_23850066,3.456
common_voice_cv_23850067,3.264
common_voice_cv_23850068,3.504
common_voice_cv_23850069,6.336
common_voice_cv_23850070,4.704
common_voice_cv_23850073,4.344
common_voice_cv_23850074,6.384
common_voice_cv_23850075,4.104
common_voice_cv_23850076,5.136
common_voice_cv_23850077,7.296
common_voice_cv_23850081,7.464
common_voice_cv_23850082,4.944
common_voice_cv_23850083,4.104
common_voice_cv_23850084,2.976
common_voice_cv_23850085,3.864
common_voice_cv_23850086,6.984
common_voice_cv_23850087,3.624
common_voice_cv_23850088,5.184
common_voice_cv_23850089,6.336
common_voice_cv_23850090,3.696
common_voice_cv_23850091,3.144
common_voice_cv_23850092,2.784
common_voice_cv_23850093,3.864
common_voice_cv_23850094,8.016
common_voice_cv_23850095,4.224
common_voice_cv_23850101,4.656
common_voice_cv_23850102,8.544
common_voice_cv_23850103,4.656
common_voice_cv_23850104,3.384
common_voice_cv_23850105,3.384
common_voice_cv_23850106,5.856
common_voice_cv_23850107,5.616
common_voice_cv_23850108,2.976
common_voice_cv_23850109,8.064
common_voice_cv_23850110,4.824
common_voice_cv_23850116,5.904
common_voice_cv_23850117,3.984
common_voice_cv_23850118,4.344
common_voice_cv_23850119,6.576
common_voice_cv_23850120,4.944
common_voice_cv_23851232,5.544
common_voice_cv_23851233,5.904
common_voice_cv_23851234,4.896
common_voice_cv_23851235,6.144
common_voice_cv_23851236,5.784
common_voice_cv_23851237,5.544
common_voice_cv_23851238,4.104
common_voice_cv_23851239,5.784
common_voice_cv_23851240,6.384
common_voice_cv_23851241,6.096
common_voice_cv_23851242,6.024
common_voice_cv_23851243,7.584
common_voice_cv_23851244,2.784
common_voice_cv_23851245,3.864
common_voice_cv_23851246,4.824
common_voice_cv_23851247,3.744
common_voice_cv_23851248,4.464
common_voice_cv_23851249,6.576
common_voice_cv_23851250,4.176
common_voice_cv_23851251,5.424
common_voice_cv_23851252,4.224
common_voice_cv_23851253,5.064
common_voice_cv_23851254,4.344
common_voice_cv_23851255,2.904
common_voice_cv_23851256,4.824
common_voice_cv_23851257,6.864
common_voice_cv_23851258,4.176
common_voice_cv_23851259,6.864
common_voice_cv_23851260,7.944
common_voice_cv_23851261,6.864
common_voice_cv_23851262,7.224
common_voice_cv_23851263,9.576
common_voice_cv_23851264,6.336
common_voice_cv_23851265,6.264
common_voice_cv_23851266,6.624
common_voice_cv_23851267,7.344
common_voice_cv_23851268,4.944
common_voice_cv_23851269,4.176
common_voice_cv_23851270,6.696
common_voice_cv_23851271,4.224
common_voice_cv_23851272,6.336
common_voice_cv_23851273,4.104
common_voice_cv_23851274,5.856
common_voice_cv_23851275,4.824
common_voice_cv_23851276,9.504
common_voice_cv_23851277,6.384
common_voice_cv_23851278,8.664
common_voice_cv_23851279,6.384
common_voice_cv_23851285,8.304
common_voice_cv_23851286,4.584
common_voice_cv_23851287,4.344
common_voice_cv_23851288,4.584
common_voice_cv_23851289,8.256
common_voice_cv_23851295,3.384
common_voice_cv_23851296,3.984
common_voice_cv_23851297,5.304
common_voice_cv_23851298,4.464
common_voice_cv_23851299,4.416
common_voice_cv_23851300,4.176
common_voice_cv_23851301,7.704
common_voice_cv_23851302,8.544
common_voice_cv_23851303,3.936
common_voice_cv_23851304,4.416
common_voice_cv_23851310,5.784
common_voice_cv_23851311,5.664
common_voice_cv_23851312,5.856
common_voice_cv_23851313,4.344
common_voice_cv_23851314,4.656
common_voice_cv_23851320,5.904
common_voice_cv_23851321,8.064
common_voice_cv_23851322,6.264
common_voice_cv_23851323,5.184
common_voice_cv_23851324,6.024
common_voice_cv_23851325,7.464
common_voice_cv_23851326,5.184
common_voice_cv_23851327,4.344
common_voice_cv_23851328,4.344
common_voice_cv_23851329,6.576
common_voice_cv_23851335,6.096
common_voice_cv_23851336,7.704
common_voice_cv_23851337,4.416
common_voice_cv_23851338,8.184
common_voice_cv_23851339,6.264
common_voice_cv_23851340,3.456
common_voice_cv_23851341,5.904
common_voice_cv_23851342,3.864
common_voice_cv_23851343,3.504
common_voice_cv_23851344,4.464
common_voice_cv_23851345,2.544
common_voice_cv_23851346,4.824
common_voice_cv_23851347,4.704
common_voice_cv_23851348,5.136
common_voice_cv_23851349,3.216
common_voice_cv_23851350,5.784
common_voice_cv_23851351,8.184
common_voice_cv_23851352,5.784
common_voice_cv_23851353,8.184
common_voice_cv_23851354,3.984
common_voice_cv_23854872,4.896
common_voice_cv_23854873,3.528
common_voice_cv_23854874,6.216
common_voice_cv_23854875,7.656
common_voice_cv_23854876,7.176
common_voice_cv_23900690,2.951875
common_voice_cv_23900691,2.56
common_voice_cv_23900692,2.742875
common_voice_cv_23900693,1.6979375
common_voice_cv_23901152,2.376
common_voice_cv_23901153,2.616
common_voice_cv_23901154,2.496
common_voice_cv_23901155,3.264
common_voice_cv_23901156,2.448
common_voice_cv_23901162,3.192
common_voice_cv_23901163,2.376
common_voice_cv_23901164,2.664
common_voice_cv_23901165,2.568
common_voice_cv_23901166,2.544
common_voice_cv_23901199,2.76
common_voice_cv_23901200,2.328
common_voice_cv_23901201,5.16
common_voice_cv_23901202,5.304
common_voice_cv_23901203,7.272
common_voice_cv_23901234,3.696
common_voice_cv_23901235,4.32
common_voice_cv_23901236,3.768
common_voice_cv_23901237,5.88
common_voice_cv_23901238,6.096
common_voice_cv_23901267,4.872
common_voice_cv_23901268,4.104
common_voice_cv_23901269,6.456
common_voice_cv_23901270,7.32
common_voice_cv_23901271,6.096
common_voice_cv_23901332,7.416
common_voice_cv_23901334,8.712
common_voice_cv_23901337,7.488
common_voice_cv_23901340,5.328
common_voice_cv_23901341,4.44
common_voice_cv_23901383,3.912
common_voice_cv_23901384,5.736
common_voice_cv_23901386,5.784
common_voice_cv_23901387,5.424
common_voice_cv_23901389,7.584
common_voice_cv_23901421,5.784
common_voice_cv_23901422,4.584
common_voice_cv_23901423,8.136
common_voice_cv_23901424,4.608
common_voice_cv_23901426,7.2
common_voice_cv_23901657,5.688
common_voice_cv_23901658,5.688
common_voice_cv_23901659,5.184
common_voice_cv_23901660,4.896
common_voice_cv_23901661,5.856
common_voice_cv_23902186,2.064
common_voice_cv_23902187,3.384
common_voice_cv_23902188,4.224
common_voice_cv_23902189,3.744
common_voice_cv_23902190,3.264
common_voice_cv_23902191,3.984
common_voice_cv_23902192,3.384
common_voice_cv_23902193,3.144
common_voice_cv_23902194,3.264
common_voice_cv_23902195,2.904
common_voice_cv_23902196,4.512
common_voice_cv_23902197,4.656
common_voice_cv_23902198,6.504
common_voice_cv_23902199,4.32
common_voice_cv_23902200,7.848
common_voice_cv_23902203,6.144
common_voice_cv_23902204,7.656
common_voice_cv_23902205,6.528
common_voice_cv_23902206,7.776
common_voice_cv_23902207,5.232
common_voice_cv_23902213,6.528
common_voice_cv_23902214,6.264
common_voice_cv_23902215,4.056
common_voice_cv_23902216,5.832
common_voice_cv_23902217,7.08
common_voice_cv_23902228,5.808
common_voice_cv_23902229,3.384
common_voice_cv_23902231,7.656
common_voice_cv_23902233,7.656
common_voice_cv_23902235,7.944
common_voice_cv_23902264,4.656
common_voice_cv_23902265,6.624
common_voice_cv_23902266,6.288
common_voice_cv_23902267,4.92
common_voice_cv_23902268,5.304
common_voice_cv_23902309,5.184
common_voice_cv_23902310,3.504
common_voice_cv_23902311,8.184
common_voice_cv_23902312,4.344
common_voice_cv_23902376,6.384
common_voice_cv_23902380,5.424
common_voice_cv_23902381,3.744
common_voice_cv_23902382,3.984
common_voice_cv_23902408,6.744
common_voice_cv_23902447,8.424
common_voice_cv_23902449,7.464
common_voice_cv_23902450,5.424
common_voice_cv_23902451,7.104
common_voice_cv_23902452,8.664
common_voice_cv_23902466,4.704
common_voice_cv_23902467,7.944
common_voice_cv_23902468,5.784
common_voice_cv_23902469,6.024
common_voice_cv_23902470,4.584
common_voice_cv_23902491,7.704
common_voice_cv_23902492,4.944
common_voice_cv_23902493,5.784
common_voice_cv_23902495,7.464
common_voice_cv_23902497,4.944
common_voice_cv_23902526,6.984
common_voice_cv_23902527,9.144
common_voice_cv_23902528,5.304
common_voice_cv_23902529,3.744
common_voice_cv_23902530,4.704
common_voice_cv_23902553,4.704
common_voice_cv_23902555,7.104
common_voice_cv_23902557,7.944
common_voice_cv_23902558,6.264
common_voice_cv_23902559,4.224
common_voice_cv_23902706,5.568
common_voice_cv_23902708,4.632
common_voice_cv_23902711,5.928
common_voice_cv_23902713,6.816
common_voice_cv_23902715,7.68
common_voice_cv_23902759,7.968
common_voice_cv_23902760,5.328
common_voice_cv_23902761,3.192
common_voice_cv_23902762,5.496
common_voice_cv_23902763,6.0
common_voice_cv_23902789,3.36
common_voice_cv_23902790,5.208
common_voice_cv_23902791,5.688
common_voice_cv_23902792,4.368
common_voice_cv_23902793,6.96
common_voice_cv_23902794,6.768
common_voice_cv_23902795,3.504
common_voice_cv_23902796,5.544
common_voice_cv_23902797,3.432
common_voice_cv_23902798,5.184
common_voice_cv_23902814,4.896
common_voice_cv_23902815,4.584
common_voice_cv_23902816,5.088
common_voice_cv_23902817,3.528
common_voice_cv_23902818,6.96
common_voice_cv_23902854,3.528
common_voice_cv_23902855,5.208
common_voice_cv_23902856,7.728
common_voice_cv_23902857,7.056
common_voice_cv_23902904,6.12
common_voice_cv_23902905,4.536
common_voice_cv_23902906,4.08
common_voice_cv_23902907,7.848
common_voice_cv_23902908,5.784
common_voice_cv_23902966,3.384
common_voice_cv_23902970,7.248
common_voice_cv_23902971,5.832
common_voice_cv_23902972,7.776
common_voice_cv_23902973,7.344
common_voice_cv_23903070,8.736
common_voice_cv_23903071,6.096
common_voice_cv_23903073,8.088
common_voice_cv_23903076,7.032
common_voice_cv_23903078,5.376
common_voice_cv_23903095,5.328
common_voice_cv_23903096,3.264
common_voice_cv_23903097,6.504
common_voice_cv_23903098,6.168
common_voice_cv_23903099,6.696
common_voice_cv_23903110,6.168
common_voice_cv_23903111,5.064
common_voice_cv_23903112,3.456
common_voice_cv_23903113,4.872
common_voice_cv_23903124,7.44
common_voice_cv_23903125,3.96
common_voice_cv_23903126,3.888
common_voice_cv_23903128,3.768
common_voice_cv_23903131,5.688
common_voice_cv_23903144,6.336
common_voice_cv_23903145,4.488
common_voice_cv_23903146,4.224
common_voice_cv_23903147,4.296
common_voice_cv_23903148,4.056
common_voice_cv_23903244,5.448
common_voice_cv_23903248,6.408
common_voice_cv_23903250,5.136
common_voice_cv_23903252,4.896
common_voice_cv_23903253,4.992
common_voice_cv_23903271,4.32
common_voice_cv_23903273,4.032
common_voice_cv_23903274,4.032
common_voice_cv_23903276,3.576
common_voice_cv_23903278,6.408
common_voice_cv_23903299,4.992
common_voice_cv_23903301,3.768
common_voice_cv_23903303,9.648
common_voice_cv_23903305,4.896
common_voice_cv_23903330,4.728
common_voice_cv_23903333,6.6
common_voice_cv_23903335,4.608
common_voice_cv_23903336,4.656
common_voice_cv_23903339,6.048
common_voice_cv_23903358,4.416
common_voice_cv_23903359,7.776
common_voice_cv_23903360,6.144
common_voice_cv_23903361,5.16
common_voice_cv_23903362,5.112
common_voice_cv_23903380,4.128
common_voice_cv_23903381,4.968
common_voice_cv_23903383,4.104
common_voice_cv_23903389,8.544
common_voice_cv_23903418,4.8
common_voice_cv_23903419,5.616
common_voice_cv_23903420,5.76
common_voice_cv_23903421,5.136
common_voice_cv_23903422,5.016
common_voice_cv_23903448,5.136
common_voice_cv_23903449,8.952
common_voice_cv_23903450,6.744
common_voice_cv_23903451,6.432
common_voice_cv_23903477,4.44
common_voice_cv_23903478,3.0
common_voice_cv_23903479,4.68
common_voice_cv_23903480,4.32
common_voice_cv_23903481,5.448
common_voice_cv_23906096,5.424
common_voice_cv_23906097,4.944
common_voice_cv_23906098,7.224
common_voice_cv_23906099,3.984
common_voice_cv_23906100,7.344
common_voice_cv_23906101,5.184
common_voice_cv_23906102,5.664
common_voice_cv_23906103,4.944
common_voice_cv_23906104,4.824
common_voice_cv_23906105,3.864
common_voice_cv_23906111,5.544
common_voice_cv_23906112,6.984
common_voice_cv_23906113,4.824
common_voice_cv_23906114,6.144
common_voice_cv_23906115,5.784
common_voice_cv_23906116,5.304
common_voice_cv_23906117,5.664
common_voice_cv_23906118,3.144
common_voice_cv_23906119,5.784
common_voice_cv_23906120,4.104
common_voice_cv_23906121,4.584
common_voice_cv_23906122,5.064
common_voice_cv_23906123,6.264
common_voice_cv_23906124,3.624
common_voice_cv_23906125,4.056
common_voice_cv_23906126,7.464
common_voice_cv_23906127,2.904
common_voice_cv_23906128,4.944
common_voice_cv_23906129,3.864
common_voice_cv_23906130,3.504
common_voice_cv_23906131,5.184
common_voice_cv_23906132,5.424
common_voice_cv_23906133,5.904
common_voice_cv_23906134,5.904
common_voice_cv_23906135,5.784
common_voice_cv_23906136,3.744
common_voice_cv_23906137,4.824
common_voice_cv_23906138,4.704
common_voice_cv_23906139,6.024
common_voice_cv_23906140,4.224
common_voice_cv_23906141,3.984
common_voice_cv_23906142,4.776
common_voice_cv_23906143,6.384
common_voice_cv_23906144,4.464
common_voice_cv_23906145,6.744
common_voice_cv_23906149,7.464
common_voice_cv_23906151,5.304
common_voice_cv_23906153,9.744
common_voice_cv_23906154,3.984
common_voice_cv_23906155,6.384
common_voice_cv_23906156,5.784
common_voice_cv_23906157,8.904
common_voice_cv_23906158,7.104
common_voice_cv_23906159,6.744
common_voice_cv_23906160,4.824
common_voice_cv_23906166,6.576
common_voice_cv_23906167,3.984
common_voice_cv_23906168,5.784
common_voice_cv_23906169,6.984
common_voice_cv_23906170,7.584
common_voice_cv_23906171,5.064
common_voice_cv_23906172,6.264
common_voice_cv_23906173,5.304
common_voice_cv_23906174,4.344
common_voice_cv_23906175,4.824
common_voice_cv_23906176,6.864
common_voice_cv_23906177,6.744
common_voice_cv_23906178,5.664
common_voice_cv_23906179,3.144
common_voice_cv_23906180,5.184
common_voice_cv_23906181,5.064
common_voice_cv_23906182,5.424
common_voice_cv_23906183,7.104
common_voice_cv_23906184,5.664
common_voice_cv_23906185,4.344
common_voice_cv_23906186,4.344
common_voice_cv_23906187,5.544
common_voice_cv_23906188,4.464
common_voice_cv_23906189,4.224
common_voice_cv_23906190,5.304
common_voice_cv_23906191,6.744
common_voice_cv_23906192,5.784
common_voice_cv_23906193,5.064
common_voice_cv_23906194,4.464
common_voice_cv_23906195,3.624
common_voice_cv_23906196,8.904
common_voice_cv_23906197,6.744
common_voice_cv_23906198,5.664
common_voice_cv_23906199,5.304
common_voice_cv_23906200,4.944
common_voice_cv_23906201,6.144
common_voice_cv_23906202,7.464
common_voice_cv_23906203,3.984
common_voice_cv_23906204,6.384
common_voice_cv_23906205,4.104
common_voice_cv_23906206,4.104
common_voice_cv_23906207,4.824
common_voice_cv_23906208,4.464
common_voice_cv_23906209,4.464
common_voice_cv_23906210,5.424
common_voice_cv_23906211,5.664
common_voice_cv_23906213,7.104
common_voice_cv_23906214,3.384
common_voice_cv_23906215,4.824
common_voice_cv_23906216,3.504
common_voice_cv_23906217,6.024
common_voice_cv_23906218,4.464
common_voice_cv_23906219,3.624
common_voice_cv_23906220,2.904
common_voice_cv_23906221,6.384
common_voice_cv_23906222,3.504
common_voice_cv_23906223,3.384
common_voice_cv_23906224,7.224
common_voice_cv_23906225,2.904
common_voice_cv_23906226,6.024
common_voice_cv_23906227,6.744
common_voice_cv_23906228,6.984
common_voice_cv_23906229,3.744
common_voice_cv_23906230,3.504
common_voice_cv_23906231,6.984
common_voice_cv_23906232,4.344
common_voice_cv_23906233,4.344
common_voice_cv_23906234,6.744
common_voice_cv_23906235,6.624
common_voice_cv_23906236,4.704
common_voice_cv_23906237,6.144
common_voice_cv_23906238,3.624
common_voice_cv_23906239,7.824
common_voice_cv_23906240,4.464
common_voice_cv_23906241,5.424
common_voice_cv_23906242,7.104
common_voice_cv_23906243,5.544
common_voice_cv_23906244,5.784
common_voice_cv_23906245,4.824
common_voice_cv_23906246,5.064
common_voice_cv_23906247,5.784
common_voice_cv_23906248,5.664
common_voice_cv_23906249,8.424
common_voice_cv_23906250,5.184
common_voice_cv_23906254,7.464
common_voice_cv_23906256,5.304
common_voice_cv_23906257,6.864
common_voice_cv_23906258,7.344
common_voice_cv_23906259,4.944
common_voice_cv_23906260,6.384
common_voice_cv_23906261,4.224
common_voice_cv_23906262,6.024
common_voice_cv_23906263,4.224
common_voice_cv_23906264,5.544
common_voice_cv_23906265,7.704
common_voice_cv_23906266,5.544
common_voice_cv_23906267,8.784
common_voice_cv_23906268,4.824
common_voice_cv_23906269,6.984
common_voice_cv_23906270,4.824
common_voice_cv_23906271,4.344
common_voice_cv_23906272,4.104
common_voice_cv_23906273,5.544
common_voice_cv_23906274,6.624
common_voice_cv_23906280,8.424
common_voice_cv_23906281,4.824
common_voice_cv_23906282,4.944
common_voice_cv_23906283,3.696
common_voice_cv_23906284,4.224
common_voice_cv_23906285,3.864
common_voice_cv_23906286,8.064
common_voice_cv_23906287,3.624
common_voice_cv_23906288,4.344
common_voice_cv_23906289,6.744
common_voice_cv_23906290,5.424
common_voice_cv_23906291,5.784
common_voice_cv_23906292,4.464
common_voice_cv_23906293,4.224
common_voice_cv_23906294,7.584
common_voice_cv_23906315,3.144
common_voice_cv_23906316,4.464
common_voice_cv_23906317,5.304
common_voice_cv_23906318,3.864
common_voice_cv_23906319,4.656
common_voice_cv_23906335,2.904
common_voice_cv_23906337,3.624
common_voice_cv_23906339,6.864
common_voice_cv_23906342,8.184
common_voice_cv_23906344,9.456
common_voice_cv_23906351,6.504
common_voice_cv_23906352,3.264
common_voice_cv_23906353,4.344
common_voice_cv_23906354,7.464
common_voice_cv_23906365,7.824
common_voice_cv_23906366,2.904
common_voice_cv_23906367,4.464
common_voice_cv_23906368,6.384
common_voice_cv_23906369,3.744
common_voice_cv_23906376,4.824
common_voice_cv_23906377,2.784
common_voice_cv_23906378,5.784
common_voice_cv_23906379,4.344
common_voice_cv_23906380,6.624
common_voice_cv_23906381,7.944
common_voice_cv_23906382,4.944
common_voice_cv_23906383,3.864
common_voice_cv_23906385,6.984
common_voice_cv_23906386,4.104
common_voice_cv_23906391,5.664
common_voice_cv_23906392,4.344
common_voice_cv_23906393,5.064
common_voice_cv_23906394,3.984
common_voice_cv_23906395,6.264
common_voice_cv_23906396,3.624
common_voice_cv_23906397,2.904
common_voice_cv_23906398,7.104
common_voice_cv_23906399,5.184
common_voice_cv_23906400,3.624
common_voice_cv_23906401,6.264
common_voice_cv_23906402,4.464
common_voice_cv_23906403,5.424
common_voice_cv_23906404,6.744
common_voice_cv_23906405,4.584
common_voice_cv_23906406,4.104
common_voice_cv_23906407,6.504
common_voice_cv_23906408,4.224
common_voice_cv_23906409,4.344
common_voice_cv_23906410,5.784
common_voice_cv_23906411,5.544
common_voice_cv_23906412,3.744
common_voice_cv_23906413,4.464
common_voice_cv_23906414,4.584
common_voice_cv_23906415,6.744
common_voice_cv_23906416,3.816
common_voice_cv_23906417,4.344
common_voice_cv_23906418,3.984
common_voice_cv_23906419,7.704
common_voice_cv_23906420,3.384
common_voice_cv_23906421,6.264
common_voice_cv_23906422,3.264
common_voice_cv_23906423,6.024
common_voice_cv_23906424,4.584
common_voice_cv_23906425,3.504
common_voice_cv_23906426,8.064
common_voice_cv_23906427,6.024
common_voice_cv_23906428,4.104
common_voice_cv_23906429,6.744
common_voice_cv_23906430,4.104
common_voice_cv_23906431,6.024
common_voice_cv_23906432,6.144
common_voice_cv_23906433,5.064
common_voice_cv_23906434,5.784
common_voice_cv_23906435,3.864
common_voice_cv_23906436,4.344
common_voice_cv_23906437,3.144
common_voice_cv_23906438,6.024
common_voice_cv_23906439,6.144
common_voice_cv_23906440,6.264
common_voice_cv_23906441,4.344
common_voice_cv_23906442,7.344
common_voice_cv_23906443,5.424
common_voice_cv_23906444,8.184
common_voice_cv_23906445,4.296
common_voice_cv_23906446,5.664
common_voice_cv_23906447,7.104
common_voice_cv_23906448,7.464
common_voice_cv_23906449,9.624
common_voice_cv_23906450,4.104
common_voice_cv_23906461,5.304
common_voice_cv_23906462,8.304
common_voice_cv_23906463,6.384
common_voice_cv_23906464,6.744
common_voice_cv_23906465,5.304
common_voice_cv_23906486,3.504
common_voice_cv_23906487,5.784
common_voice_cv_23906488,4.224
common_voice_cv_23906489,9.024
common_voice_cv_23906490,9.024
common_voice_cv_23906491,4.344
common_voice_cv_23906492,5.184
common_voice_cv_23906493,5.424
common_voice_cv_23906494,6.384
common_voice_cv_23906495,7.464
common_voice_cv_23906537,4.944
common_voice_cv_23906538,9.384
common_voice_cv_23906539,4.704
common_voice_cv_23906540,4.944
common_voice_cv_23906541,3.384
common_voice_cv_23906559,3.384
common_voice_cv_23906560,5.904
common_voice_cv_23906561,3.864
common_voice_cv_23906562,5.784
common_voice_cv_23906563,6.864
common_voice_cv_23906568,7.584
common_voice_cv_23906569,3.744
common_voice_cv_23906570,5.184
common_voice_cv_23906571,6.144
common_voice_cv_23906572,3.264
common_voice_cv_23906582,4.104
common_voice_cv_23906583,8.424
common_voice_cv_23906584,3.744
common_voice_cv_23906585,6.744
common_voice_cv_23906586,9.504
common_voice_cv_23906590,6.744
common_voice_cv_23906591,4.224
common_voice_cv_23906592,3.864
common_voice_cv_23906593,8.784
common_voice_cv_23906594,6.384
common_voice_cv_23906597,4.224
common_voice_cv_23906598,6.024
common_voice_cv_23906599,5.784
common_voice_cv_23906600,3.744
common_voice_cv_23906601,4.104
common_voice_cv_23906605,4.464
common_voice_cv_23906606,4.584
common_voice_cv_23906607,6.624
common_voice_cv_23906608,5.304
common_voice_cv_23906609,5.064
common_voice_cv_23906612,5.904
common_voice_cv_23906613,5.184
common_voice_cv_23906614,4.944
common_voice_cv_23906615,5.664
common_voice_cv_23906616,5.784
common_voice_cv_23906619,6.624
common_voice_cv_23906620,5.304
common_voice_cv_23906621,6.144
common_voice_cv_23906623,4.584
common_voice_cv_23906624,4.584
common_voice_cv_23906626,6.864
common_voice_cv_23906627,7.104
common_voice_cv_23906628,4.224
common_voice_cv_23906629,6.384
common_voice_cv_23906630,4.464
common_voice_cv_23906633,8.064
common_voice_cv_23906634,5.304
common_voice_cv_23906635,3.624
common_voice_cv_23906636,4.224
common_voice_cv_23906637,4.944
common_voice_cv_23906689,5.616
common_voice_cv_23906690,3.984
common_voice_cv_23906691,4.944
common_voice_cv_23906692,6.264
common_voice_cv_23906693,4.344
common_voice_cv_23906696,5.544
common_voice_cv_23906697,6.024
common_voice_cv_23906698,4.944
common_voice_cv_23906699,5.784
common_voice_cv_23906700,7.944
common_voice_cv_23906708,5.664
common_voice_cv_23906709,6.144
common_voice_cv_23906710,5.424
common_voice_cv_23906711,7.344
common_voice_cv_23906712,4.464
common_voice_cv_23906715,5.664
common_voice_cv_23906716,7.224
common_voice_cv_23906717,6.504
common_voice_cv_23906718,4.344
common_voice_cv_23906719,5.904
common_voice_cv_23906726,4.584
common_voice_cv_23906727,4.224
common_voice_cv_23906728,3.504
common_voice_cv_23906729,5.184
common_voice_cv_23906730,6.984
common_voice_cv_23906731,6.864
common_voice_cv_23906732,5.904
common_voice_cv_23906733,3.864
common_voice_cv_23906734,5.304
common_voice_cv_23906735,5.784
common_voice_cv_23906736,5.784
common_voice_cv_23906737,4.704
common_voice_cv_23906738,3.984
common_voice_cv_23906739,7.464
common_voice_cv_23906740,4.104
common_voice_cv_23906746,8.184
common_voice_cv_23906748,5.064
common_voice_cv_23906749,3.024
common_voice_cv_23906751,4.464
common_voice_cv_23906752,3.624
common_voice_cv_23906756,4.704
common_voice_cv_23906757,3.144
common_voice_cv_23906843,3.144
common_voice_cv_23906844,4.584
common_voice_cv_23906845,7.104
common_voice_cv_23906846,4.224
common_voice_cv_23906847,6.864
common_voice_cv_23906848,3.984
common_voice_cv_23906849,8.016
common_voice_cv_23906850,3.864
common_voice_cv_23906851,3.984
common_voice_cv_23906852,5.664
common_voice_cv_23906853,6.864
common_voice_cv_23906854,6.024
common_voice_cv_23906855,3.984
common_voice_cv_23906856,7.584
common_voice_cv_23906857,4.944
common_voice_cv_23906862,3.384
common_voice_cv_23906864,4.824
common_voice_cv_23906865,4.944
common_voice_cv_23906866,5.664
common_voice_cv_23906867,3.144
common_voice_cv_23906878,4.824
common_voice_cv_23906879,4.584
common_voice_cv_23906880,6.864
common_voice_cv_23906881,4.824
common_voice_cv_23906882,3.744
common_voice_cv_23906883,4.464
common_voice_cv_23906884,4.824
common_voice_cv_23906885,5.064
common_voice_cv_23906886,4.824
common_voice_cv_23906887,5.304
common_voice_cv_23906898,5.784
common_voice_cv_23906899,4.464
common_voice_cv_23906900,3.504
common_voice_cv_23906901,6.144
common_voice_cv_23906902,7.464
common_voice_cv_23906908,5.544
common_voice_cv_23906909,3.624
common_voice_cv_23906910,7.464
common_voice_cv_23906911,5.184
common_voice_cv_23906912,3.864
common_voice_cv_23906938,6.744
common_voice_cv_23906939,3.624
common_voice_cv_23906940,3.384
common_voice_cv_23906941,4.824
common_voice_cv_23906942,6.144
common_voice_cv_23906943,9.504
common_voice_cv_23906944,4.824
common_voice_cv_23906945,4.824
common_voice_cv_23906946,6.336
common_voice_cv_23906947,5.544
common_voice_cv_23906953,4.224
common_voice_cv_23906954,5.424
common_voice_cv_23906955,6.384
common_voice_cv_23906956,5.064
common_voice_cv_23906957,4.344
common_voice_cv_23907008,7.944
common_voice_cv_23907009,7.584
common_voice_cv_23907010,5.064
common_voice_cv_23907011,6.864
common_voice_cv_23907012,5.184
common_voice_cv_23907018,6.864
common_voice_cv_23907019,4.824
common_voice_cv_23907020,6.144
common_voice_cv_23907021,4.464
common_voice_cv_23907022,6.984
common_voice_cv_23907023,7.104
common_voice_cv_23907024,4.584
common_voice_cv_23907025,6.024
common_voice_cv_23907026,5.064
common_voice_cv_23907027,4.584
common_voice_cv_23907028,3.744
common_voice_cv_23907029,3.864
common_voice_cv_23907030,5.424
common_voice_cv_23907031,8.376
common_voice_cv_23907032,6.384
common_voice_cv_23907038,4.416
common_voice_cv_23907039,4.464
common_voice_cv_23907040,4.704
common_voice_cv_23907041,6.264
common_voice_cv_23907042,5.064
common_voice_cv_23907049,4.704
common_voice_cv_23907050,4.224
common_voice_cv_23907051,6.144
common_voice_cv_23907052,5.784
common_voice_cv_23907058,5.784
common_voice_cv_23907059,3.096
common_voice_cv_23907060,4.104
common_voice_cv_23907061,6.744
common_voice_cv_23907062,5.064
common_voice_cv_23907063,8.304
common_voice_cv_23907064,5.496
common_voice_cv_23907065,3.024
common_voice_cv_23907066,3.504
common_voice_cv_23907067,6.984
common_voice_cv_23907076,4.224
common_voice_cv_23907077,4.224
common_voice_cv_23907078,4.584
common_voice_cv_23907079,4.704
common_voice_cv_23907080,5.904
common_voice_cv_23907081,3.624
common_voice_cv_23907082,5.064
common_voice_cv_23907083,4.344
common_voice_cv_23907084,6.624
common_voice_cv_23907085,4.896
common_voice_cv_23907086,3.984
common_voice_cv_23907087,3.744
common_voice_cv_23907088,3.504
common_voice_cv_23907089,6.144
common_voice_cv_23907090,5.064
common_voice_cv_23907091,6.144
common_voice_cv_23907092,5.664
common_voice_cv_23907093,7.104
common_voice_cv_23907094,4.464
common_voice_cv_23907095,7.944
common_voice_cv_23907096,3.384
common_voice_cv_23907097,4.824
common_voice_cv_23907098,4.704
common_voice_cv_23907099,3.864
common_voice_cv_23907100,3.384
common_voice_cv_23907101,5.544
common_voice_cv_23907102,4.104
common_voice_cv_23907103,4.224
common_voice_cv_23907104,4.944
common_voice_cv_23907105,4.344
common_voice_cv_23907106,5.304
common_voice_cv_23907107,6.744
common_voice_cv_23907108,2.904
common_voice_cv_23907109,4.104
common_voice_cv_23907110,2.544
common_voice_cv_23909191,3.264
common_voice_cv_23909192,6.384
common_voice_cv_23909193,3.384
common_voice_cv_23909194,5.784
common_voice_cv_23909195,5.064
common_voice_cv_23909201,4.824
common_voice_cv_23909202,7.824
common_voice_cv_23909203,4.584
common_voice_cv_23909204,5.064
common_voice_cv_23909205,5.664
common_voice_cv_23909216,3.744
common_voice_cv_23909218,3.984
common_voice_cv_23909221,6.024
common_voice_cv_23909223,6.264
common_voice_cv_23909225,4.944
common_voice_cv_23909231,4.464
common_voice_cv_23909232,7.344
common_voice_cv_23909233,4.584
common_voice_cv_23909234,8.424
common_voice_cv_23909235,5.184
common_voice_cv_23909236,6.864
common_voice_cv_23909237,3.264
common_voice_cv_23909238,5.784
common_voice_cv_23909239,3.864
common_voice_cv_23909240,4.224
common_voice_cv_23909256,6.144
common_voice_cv_23909257,4.344
common_voice_cv_23909258,5.304
common_voice_cv_23909259,4.464
common_voice_cv_23909260,6.264
common_voice_cv_23909264,5.784
common_voice_cv_23909265,6.744
common_voice_cv_23909267,3.984
common_voice_cv_23909268,3.984
common_voice_cv_23909270,4.824
common_voice_cv_23909276,4.584
common_voice_cv_23909277,5.064
common_voice_cv_23909278,5.424
common_voice_cv_23909279,3.264
common_voice_cv_23909280,8.544
common_voice_cv_23909346,4.584
common_voice_cv_23909347,2.784
common_voice_cv_23909348,3.744
common_voice_cv_23909349,5.184
common_voice_cv_23909350,3.624
common_voice_cv_23909356,3.024
common_voice_cv_23909357,7.344
common_voice_cv_23909358,5.784
common_voice_cv_23909359,4.344
common_voice_cv_23909360,4.104
common_voice_cv_23909366,4.464
common_voice_cv_23909367,5.784
common_voice_cv_23909368,5.064
common_voice_cv_23909369,5.304
common_voice_cv_23909370,6.744
common_voice_cv_23909376,6.744
common_voice_cv_23909377,5.424
common_voice_cv_23909378,3.624
common_voice_cv_23909379,5.184
common_voice_cv_23909380,4.344
common_voice_cv_23909386,4.464
common_voice_cv_23909387,4.464
common_voice_cv_23909388,4.584
common_voice_cv_23909389,3.984
common_voice_cv_23909390,3.864
common_voice_cv_23909394,8.064
common_voice_cv_23909395,4.944
common_voice_cv_23909397,6.864
common_voice_cv_23909398,5.136
common_voice_cv_23909409,4.824
common_voice_cv_23909410,3.864
common_voice_cv_23909411,8.184
common_voice_cv_23909412,3.984
common_voice_cv_23909413,4.704
common_voice_cv_23909414,3.024
common_voice_cv_23909415,3.024
common_voice_cv_23909416,6.984
common_voice_cv_23909417,4.104
common_voice_cv_23909418,7.464
common_voice_cv_23909434,5.664
common_voice_cv_23909435,6.384
common_voice_cv_23909436,5.424
common_voice_cv_23909437,4.704
common_voice_cv_23909438,4.464
common_voice_cv_23913004,6.624
common_voice_cv_23913005,6.384
common_voice_cv_23913006,8.184
common_voice_cv_23913007,6.024
common_voice_cv_23913008,7.944
common_voice_cv_23913012,4.464
common_voice_cv_23913013,4.344
common_voice_cv_23913014,4.464
common_voice_cv_23913015,5.784
common_voice_cv_23913016,5.904
common_voice_cv_23913021,4.224
common_voice_cv_23913022,8.664
common_voice_cv_23913023,6.456
common_voice_cv_23913024,5.664
common_voice_cv_23913025,4.584
common_voice_cv_23913028,6.816
common_voice_cv_23913029,4.416
common_voice_cv_23913030,6.144
common_voice_cv_23913031,5.424
common_voice_cv_23913032,3.744
common_voice_cv_23913035,7.896
common_voice_cv_23913036,6.264
common_voice_cv_23913037,4.344
common_voice_cv_23913038,3.264
common_voice_cv_23913039,2.904
common_voice_cv_23913042,6.096
common_voice_cv_23913043,4.824
common_voice_cv_23913044,2.664
common_voice_cv_23913045,5.904
common_voice_cv_23913046,5.064
common_voice_cv_23913048,6.984
common_voice_cv_23913049,4.344
common_voice_cv_23913050,4.104
common_voice_cv_23913051,3.384
common_voice_cv_23913052,7.584
common_voice_cv_23913058,7.464
common_voice_cv_23913059,3.744
common_voice_cv_23913060,3.504
common_voice_cv_23913061,7.824
common_voice_cv_23913062,5.664
common_voice_cv_23913063,5.664
common_voice_cv_23913064,7.464
common_voice_cv_23913065,5.544
common_voice_cv_23913066,4.344
common_voice_cv_23913067,5.064
common_voice_cv_23913068,5.424
common_voice_cv_23913069,6.744
common_voice_cv_23913070,5.016
common_voice_cv_23913071,3.864
common_voice_cv_23913072,6.504
common_voice_cv_23913076,5.184
common_voice_cv_23913078,5.784
common_voice_cv_23913079,4.776
common_voice_cv_23913081,5.784
common_voice_cv_23913082,5.304
common_voice_cv_23913083,4.944
common_voice_cv_23913084,6.144
common_voice_cv_23913085,4.944
common_voice_cv_23913086,6.744
common_voice_cv_23913087,4.104
common_voice_cv_23913093,5.064
common_voice_cv_23913094,6.456
common_voice_cv_23913095,5.304
common_voice_cv_23913096,3.624
common_voice_cv_23913097,5.544
common_voice_cv_23913098,4.104
common_voice_cv_23913099,6.984
common_voice_cv_23913100,7.824
common_voice_cv_23913101,4.584
common_voice_cv_23913102,3.864
common_voice_cv_23916300,4.8
common_voice_cv_23916301,4.872
common_voice_cv_23916302,6.36
common_voice_cv_23916303,4.296
common_voice_cv_23916304,4.368
common_voice_cv_23916305,4.728
common_voice_cv_23916306,4.008
common_voice_cv_23916307,4.272
common_voice_cv_23916308,5.016
common_voice_cv_23916309,4.968
common_voice_cv_23916310,4.32
common_voice_cv_23916311,6.24
common_voice_cv_23916312,5.904
common_voice_cv_23916313,7.416
common_voice_cv_23916314,5.736
common_voice_cv_23949421,4.536
common_voice_cv_23949422,4.704
common_voice_cv_23949423,4.464
common_voice_cv_23949424,7.464
common_voice_cv_23949425,5.664
common_voice_cv_23949426,4.344
common_voice_cv_23949427,4.944
common_voice_cv_23949428,6.024
common_voice_cv_23949429,5.064
common_voice_cv_23949430,6.384
common_voice_cv_23949431,5.424
common_voice_cv_23949432,7.944
common_voice_cv_23949433,5.184
common_voice_cv_23949434,4.824
common_voice_cv_23949435,5.784
common_voice_cv_23949436,6.504
common_voice_cv_23949437,4.536
common_voice_cv_23949438,6.144
common_voice_cv_23949439,5.544
common_voice_cv_23949440,4.464
common_voice_cv_23949449,3.984
common_voice_cv_23949450,3.936
common_voice_cv_23949451,4.104
common_voice_cv_23949452,4.584
common_voice_cv_23949453,6.984
common_voice_cv_23949464,5.664
common_voice_cv_23949465,5.904
common_voice_cv_23949466,4.824
common_voice_cv_23949467,3.864
common_voice_cv_23949468,5.184
common_voice_cv_23949474,4.464
common_voice_cv_23949475,6.864
common_voice_cv_23949476,4.944
common_voice_cv_23949477,6.504
common_voice_cv_23949478,6.144
common_voice_cv_23949479,2.904
common_voice_cv_23949480,4.704
common_voice_cv_23949481,6.504
common_voice_cv_23949482,4.824
common_voice_cv_23949483,4.824
common_voice_cv_23949484,4.824
common_voice_cv_23949485,5.184
common_voice_cv_23949486,3.504
common_voice_cv_23949487,4.824
common_voice_cv_23949488,3.024
common_voice_cv_23949714,6.864
common_voice_cv_23949715,3.984
common_voice_cv_23949716,4.944
common_voice_cv_23949717,7.104
common_voice_cv_23949718,5.184
common_voice_cv_23955549,1.704
common_voice_cv_23955550,1.56
common_voice_cv_23955553,1.608
common_voice_cv_23955557,2.208
common_voice_cv_23955558,1.56
common_voice_cv_23955824,2.064
common_voice_cv_23955825,2.016
common_voice_cv_23955826,2.256
common_voice_cv_23955827,2.184
common_voice_cv_23955828,2.016
common_voice_cv_23957710,3.144
common_voice_cv_23957711,6.624
common_voice_cv_23957712,2.856
common_voice_cv_23957713,2.664
common_voice_cv_23957714,2.544
common_voice_cv_23957715,2.664
common_voice_cv_23957716,2.544
common_voice_cv_23957717,2.184
common_voice_cv_23957718,2.784
common_voice_cv_23957719,2.976
common_voice_cv_23957720,2.256
common_voice_cv_23957721,2.496
common_voice_cv_23957722,3.024
common_voice_cv_23957723,7.344
common_voice_cv_23957724,6.456
common_voice_cv_23957725,4.704
common_voice_cv_23957726,4.296
common_voice_cv_23957727,6.456
common_voice_cv_23957728,6.024
common_voice_cv_23957729,4.296
common_voice_cv_23957738,7.176
common_voice_cv_23957739,7.656
common_voice_cv_23957741,7.056
common_voice_cv_23957742,8.304
common_voice_cv_23957743,5.664
common_voice_cv_23961590,4.704
common_voice_cv_23961591,8.544
common_voice_cv_23961592,3.384
common_voice_cv_23961593,4.944
common_voice_cv_23961594,5.664
common_voice_cv_23961595,6.264
common_voice_cv_23961596,4.224
common_voice_cv_23961597,5.304
common_voice_cv_23961598,6.504
common_voice_cv_23961599,5.664
common_voice_cv_23961605,5.904
common_voice_cv_23961606,3.384
common_voice_cv_23961607,5.184
common_voice_cv_23961608,4.944
common_voice_cv_23961609,4.824
common_voice_cv_23961645,3.984
common_voice_cv_23961646,6.264
common_voice_cv_23961647,7.464
common_voice_cv_23961648,4.944
common_voice_cv_23961649,5.424
common_voice_cv_23961655,5.064
common_voice_cv_23961656,6.384
common_voice_cv_23961657,5.184
common_voice_cv_23961658,6.624
common_voice_cv_23961659,7.224
common_voice_cv_23961667,8.784
common_voice_cv_23961668,8.064
common_voice_cv_23961669,5.664
common_voice_cv_23961670,8.064
common_voice_cv_23961671,3.384
common_voice_cv_23961677,6.984
common_voice_cv_23961678,5.784
common_voice_cv_23961679,6.144
common_voice_cv_23961680,3.504
common_voice_cv_23961681,7.224
common_voice_cv_23961687,4.464
common_voice_cv_23961688,4.104
common_voice_cv_23961689,4.344
common_voice_cv_23961690,7.464
common_voice_cv_23961691,3.504
common_voice_cv_23961697,4.464
common_voice_cv_23961698,3.744
common_voice_cv_23961699,5.544
common_voice_cv_23961701,3.264
common_voice_cv_23961703,3.384
common_voice_cv_23961712,6.024
common_voice_cv_23961713,6.264
common_voice_cv_23961714,4.944
common_voice_cv_23961715,7.824
common_voice_cv_23961717,4.704
common_voice_cv_23961732,4.944
common_voice_cv_23961733,9.264
common_voice_cv_23961734,6.024
common_voice_cv_23961735,4.704
common_voice_cv_23961736,6.144
common_voice_cv_23961742,6.864
common_voice_cv_23961743,5.184
common_voice_cv_23961744,7.344
common_voice_cv_23961745,5.664
common_voice_cv_23961746,5.304
common_voice_cv_23961747,6.384
common_voice_cv_23961748,4.944
common_voice_cv_23961749,4.824
common_voice_cv_23961750,6.264
common_voice_cv_23961751,4.824
common_voice_cv_23961752,7.464
common_voice_cv_23961753,6.984
common_voice_cv_23961754,4.944
common_voice_cv_23961755,3.144
common_voice_cv_23961756,7.344
common_voice_cv_23961757,5.064
common_voice_cv_23961758,7.464
common_voice_cv_23961759,3.384
common_voice_cv_23961760,5.184
common_voice_cv_23961761,6.984
common_voice_cv_23961762,4.824
common_voice_cv_23961763,8.664
common_voice_cv_23961764,4.944
common_voice_cv_23961765,6.504
common_voice_cv_23961766,5.544
common_voice_cv_23961767,6.624
common_voice_cv_23961768,5.304
common_voice_cv_23961769,4.824
common_voice_cv_23961770,3.984
common_voice_cv_23961771,4.824
common_voice_cv_23961772,6.984
common_voice_cv_23961773,3.144
common_voice_cv_23961774,4.176
common_voice_cv_23961775,3.744
common_voice_cv_23961776,4.824
common_voice_cv_23961777,4.704
common_voice_cv_23961778,4.944
common_voice_cv_23961779,6.864
common_voice_cv_23961780,6.264
common_voice_cv_23961781,5.064
common_voice_cv_23961782,3.264
common_voice_cv_23961783,7.224
common_voice_cv_23961784,4.704
common_voice_cv_23961785,9.024
common_voice_cv_23961786,3.624
common_voice_cv_23961787,6.744
common_voice_cv_23961788,4.224
common_voice_cv_23961789,3.744
common_voice_cv_23961790,6.144
common_voice_cv_23961791,6.384
common_voice_cv_23961792,5.184
common_voice_cv_23961793,5.184
common_voice_cv_23961794,4.224
common_voice_cv_23961795,7.104
common_voice_cv_23961796,5.184
common_voice_cv_23961802,3.864
common_voice_cv_23961803,4.944
common_voice_cv_23961804,4.464
common_voice_cv_23961805,5.304
common_voice_cv_23961806,6.864
common_voice_cv_23961812,6.504
common_voice_cv_23961813,7.104
common_voice_cv_23961814,3.744
common_voice_cv_23961815,6.864
common_voice_cv_23961816,5.424
common_voice_cv_23964681,7.344
common_voice_cv_23964682,5.184
common_voice_cv_23964683,3.024
common_voice_cv_23964684,5.424
common_voice_cv_23964685,5.784
common_voice_cv_23964696,7.104
common_voice_cv_23964697,6.624
common_voice_cv_23964698,3.864
common_voice_cv_23964699,4.464
common_voice_cv_23964700,6.504
common_voice_cv_23964746,3.984
common_voice_cv_23964747,7.704
common_voice_cv_23964748,7.104
common_voice_cv_23964749,7.224
common_voice_cv_23964750,6.864
common_voice_cv_23964756,6.984
common_voice_cv_23964757,6.504
common_voice_cv_23964758,5.064
common_voice_cv_23964759,4.104
common_voice_cv_23964760,6.984
common_voice_cv_23964766,4.824
common_voice_cv_23964767,7.224
common_voice_cv_23964768,3.984
common_voice_cv_23964769,2.976
common_voice_cv_23964770,5.664
common_voice_cv_23964776,3.744
common_voice_cv_23964777,4.104
common_voice_cv_23964778,6.864
common_voice_cv_23964779,5.424
common_voice_cv_23964780,5.904
common_voice_cv_23964781,3.144
common_voice_cv_23964782,3.624
common_voice_cv_23964783,7.104
common_voice_cv_23964784,3.864
common_voice_cv_23964785,3.624
common_voice_cv_23964791,4.224
common_voice_cv_23964792,5.304
common_voice_cv_23964793,5.424
common_voice_cv_23964794,5.904
common_voice_cv_23964795,4.944
common_voice_cv_23964801,6.024
common_voice_cv_23964802,4.344
common_voice_cv_23964803,4.704
common_voice_cv_23964804,4.104
common_voice_cv_23964805,3.984
common_voice_cv_23964821,6.504
common_voice_cv_23964822,5.424
common_voice_cv_23964823,3.624
common_voice_cv_23964824,5.664
common_voice_cv_23964825,3.264
common_voice_cv_23964826,5.304
common_voice_cv_23964827,5.424
common_voice_cv_23964828,4.224
common_voice_cv_23964829,5.064
common_voice_cv_23964830,5.064
common_voice_cv_23964836,4.224
common_voice_cv_23964837,5.904
common_voice_cv_23964838,3.144
common_voice_cv_23964839,5.304
common_voice_cv_23964840,7.464
common_voice_cv_23964856,3.984
common_voice_cv_23964857,4.704
common_voice_cv_23964858,5.664
common_voice_cv_23964859,3.744
common_voice_cv_23964860,4.104
common_voice_cv_23965646,2.304
common_voice_cv_23965647,2.304
common_voice_cv_23965649,2.76
common_voice_cv_23965650,2.904
common_voice_cv_23965652,2.64
common_voice_cv_24005531,7.128
common_voice_cv_24005532,4.5
common_voice_cv_24005533,8.676
common_voice_cv_24005534,3.78
common_voice_cv_24005535,4.356
common_voice_cv_24005596,3.816
common_voice_cv_24005597,3.06
common_voice_cv_24005598,3.42
common_voice_cv_24005599,3.348
common_voice_cv_24005600,2.736
common_voice_cv_24005606,2.916
common_voice_cv_24005607,2.736
common_voice_cv_24005608,2.88
common_voice_cv_24005609,2.628
common_voice_cv_24005610,2.556
common_voice_cv_24005616,2.7
common_voice_cv_24005617,2.34
common_voice_cv_24005623,6.048
common_voice_cv_24005624,5.22
common_voice_cv_24005625,6.156
common_voice_cv_24005641,6.12
common_voice_cv_24005642,5.94
common_voice_cv_24005643,6.408
common_voice_cv_24005644,4.32
common_voice_cv_24005645,2.916
common_voice_cv_24005778,8.1
common_voice_cv_24005779,5.688
common_voice_cv_24005780,3.78
common_voice_cv_24005781,7.74
common_voice_cv_24005783,6.048
common_voice_cv_24005788,4.968
common_voice_cv_24005789,3.816
common_voice_cv_24005793,5.4
common_voice_cv_24005795,4.896
common_voice_cv_24005797,7.02
common_voice_cv_24005807,5.868
common_voice_cv_24005808,3.24
common_voice_cv_24005809,3.96
common_voice_cv_24005810,7.056
common_voice_cv_24005811,8.82
common_voice_cv_24005817,6.048
common_voice_cv_24005818,4.32
common_voice_cv_24005819,7.38
common_voice_cv_24005820,4.968
common_voice_cv_24005822,4.32
common_voice_cv_24005837,9.18
common_voice_cv_24005838,6.516
common_voice_cv_24005840,7.56
common_voice_cv_24005841,5.976
common_voice_cv_24005852,5.256
common_voice_cv_24005853,5.4
common_voice_cv_24005854,3.888
common_voice_cv_24005855,3.816
common_voice_cv_24005856,8.496
common_voice_cv_24125151,6.516
common_voice_cv_24125152,8.1
common_voice_cv_24125153,7.38
common_voice_cv_24125154,6.516
common_voice_cv_24125155,3.996
common_voice_cv_24125156,7.02
common_voice_cv_24125157,3.78
common_voice_cv_24125158,6.516
common_voice_cv_24125159,5.436
common_voice_cv_24125160,4.86
common_voice_cv_24125161,7.956
common_voice_cv_24125162,4.86
common_voice_cv_24125163,7.488
common_voice_cv_24125164,6.156
common_voice_cv_24125165,6.876
common_voice_cv_24125166,6.408
common_voice_cv_24125167,5.436
common_voice_cv_24125168,4.356
common_voice_cv_24125169,6.516
common_voice_cv_24125170,6.516
common_voice_cv_24130477,7.848
common_voice_cv_24130479,8.82
common_voice_cv_24130481,4.5
common_voice_cv_24130483,4.968
common_voice_cv_24130484,4.608
common_voice_cv_24130548,4.968
common_voice_cv_24130550,8.208
common_voice_cv_24130555,4.716
common_voice_cv_24130556,7.74
common_voice_cv_24130557,3.888
common_voice_cv_24130623,7.956
common_voice_cv_24130625,4.5
common_voice_cv_24130626,6.3
common_voice_cv_24130628,4.14
common_voice_cv_24130630,3.78
common_voice_cv_24130666,4.14
common_voice_cv_24130667,5.58
common_voice_cv_24130669,5.328
common_voice_cv_24130670,3.636
common_voice_cv_24130672,6.048
common_voice_cv_24130721,4.86
common_voice_cv_24130722,4.896
common_voice_cv_24130724,5.328
common_voice_cv_24130725,7.596
common_voice_cv_24130726,4.248
common_voice_cv_24130771,9.756
common_voice_cv_24130774,6.048
common_voice_cv_24130776,7.38
common_voice_cv_24130777,3.276
common_voice_cv_24130779,6.336
common_voice_cv_24130827,3.276
common_voice_cv_24130830,4.356
common_voice_cv_24130834,2.916
common_voice_cv_24130835,3.888
common_voice_cv_24131025,3.78
common_voice_cv_24131026,4.86
common_voice_cv_24131027,4.608
common_voice_cv_24131028,3.78
common_voice_cv_24131029,6.768
common_voice_cv_24131120,5.796
common_voice_cv_24131122,5.94
common_voice_cv_24131124,5.436
common_voice_cv_24131128,5.688
common_voice_cv_24131130,4.608
common_voice_cv_24154414,9.216
common_voice_cv_24154415,8.46
common_voice_cv_24154416,4.968
common_voice_cv_24154417,8.82
common_voice_cv_24154418,4.14
common_voice_cv_24154424,5.22
common_voice_cv_24154425,5.328
common_voice_cv_24154426,5.076
common_voice_cv_24154427,5.688
common_voice_cv_24154428,4.5
common_voice_cv_24154434,5.436
common_voice_cv_24154435,3.636
common_voice_cv_24154436,5.94
common_voice_cv_24154437,5.688
common_voice_cv_24154438,5.076
common_voice_cv_24154444,4.968
common_voice_cv_24154445,6.66
common_voice_cv_24154446,4.356
common_voice_cv_24154447,4.968
common_voice_cv_24154448,4.608
common_voice_cv_24154449,4.356
common_voice_cv_24154450,8.1
common_voice_cv_24154451,4.14
common_voice_cv_24154452,4.608
common_voice_cv_24154453,5.076
common_voice_cv_24291614,4.86
common_voice_cv_24291615,4.356
common_voice_cv_24291617,6.408
common_voice_cv_24291618,6.156
common_voice_cv_24291621,7.38
common_voice_cv_24291687,7.956
common_voice_cv_24291689,5.436
common_voice_cv_24291690,4.248
common_voice_cv_24291692,4.356
common_voice_cv_24291694,6.876
common_voice_cv_24291827,5.436
common_voice_cv_24291830,3.996
common_voice_cv_24291832,3.78
common_voice_cv_24291835,6.408
common_voice_cv_24291838,7.488
common_voice_cv_24291877,6.3
common_voice_cv_24291880,3.996
common_voice_cv_24291883,6.516
common_voice_cv_24291886,6.048
common_voice_cv_24291887,6.876
common_voice_cv_24291925,6.3
common_voice_cv_24291927,4.5
common_voice_cv_24291929,4.86
common_voice_cv_24291930,3.168
common_voice_cv_24291931,3.888
common_voice_cv_24291975,3.996
common_voice_cv_24291976,5.22
common_voice_cv_24291978,4.86
common_voice_cv_24291980,4.356
common_voice_cv_24291983,7.128
common_voice_cv_24292058,4.14
common_voice_cv_24292059,6.876
common_voice_cv_24292061,5.076
common_voice_cv_24292062,5.076
common_voice_cv_24292063,5.436
common_voice_cv_24385533,4.968
common_voice_cv_24385534,5.076
common_voice_cv_24385535,4.248
common_voice_cv_24385536,5.076
common_voice_cv_24385537,4.86
common_voice_cv_24385548,8.928
common_voice_cv_24385549,4.608
common_voice_cv_24385550,3.888
common_voice_cv_24385551,2.916
common_voice_cv_24385552,5.22
common_voice_cv_24385581,6.768
common_voice_cv_24385584,6.3
common_voice_cv_24385586,7.74
common_voice_cv_24385588,6.876
common_voice_cv_24385589,6.048
common_voice_cv_24385608,4.716
common_voice_cv_24385609,4.5
common_voice_cv_24385611,4.356
common_voice_cv_24385612,7.38
common_voice_cv_24385614,5.076
common_voice_cv_24385648,4.608
common_voice_cv_24385650,4.968
common_voice_cv_24385651,5.22
common_voice_cv_24385653,5.22
common_voice_cv_24385654,5.328
common_voice_cv_24385688,5.58
common_voice_cv_24385689,8.1
common_voice_cv_24385690,5.436
common_voice_cv_24385691,4.14
common_voice_cv_24385692,4.86
common_voice_cv_24385708,4.5
common_voice_cv_24385709,5.688
common_voice_cv_24385710,4.5
common_voice_cv_24385711,5.436
common_voice_cv_24385712,4.716
common_voice_cv_24385728,5.58
common_voice_cv_24385729,3.996
common_voice_cv_24385730,7.596
common_voice_cv_24385731,6.876
common_voice_cv_24385732,5.688
common_voice_cv_24385733,5.436
common_voice_cv_24385734,6.768
common_voice_cv_24385735,6.768
common_voice_cv_24385736,5.328
common_voice_cv_24385737,5.328
common_voice_cv_24385748,9.18
common_voice_cv_24385749,4.716
common_voice_cv_24385750,3.42
common_voice_cv_24385751,6.156
common_voice_cv_24385752,6.156
common_voice_cv_24385763,5.58
common_voice_cv_24385764,4.968
common_voice_cv_24385765,8.208
common_voice_cv_24385766,7.38
common_voice_cv_24385767,5.94
common_voice_cv_24385773,5.436
common_voice_cv_24385774,4.716
common_voice_cv_24385775,4.608
common_voice_cv_24385776,6.66
common_voice_cv_24385777,7.488
common_voice_cv_24385783,4.608
common_voice_cv_24385785,6.516
common_voice_cv_24385786,6.048
common_voice_cv_24385787,3.78
common_voice_cv_24385788,4.716
common_voice_cv_24385798,4.968
common_voice_cv_24385799,4.248
common_voice_cv_24385800,7.236
common_voice_cv_24385801,6.408
common_voice_cv_24385802,4.608
common_voice_cv_24385803,6.66
common_voice_cv_24385804,4.5
common_voice_cv_24385805,4.608
common_voice_cv_24385806,2.808
common_voice_cv_24385808,8.1
common_voice_cv_24385813,6.948
common_voice_cv_24385814,5.076
common_voice_cv_24385815,5.22
common_voice_cv_24385816,5.22
common_voice_cv_24385817,4.5
common_voice_cv_24385823,6.3
common_voice_cv_24385824,4.716
common_voice_cv_24385825,8.208
common_voice_cv_24385826,3.996
common_voice_cv_24385827,5.688
common_voice_cv_24385833,7.128
common_voice_cv_24385834,3.888
common_voice_cv_24385835,5.076
common_voice_cv_24385836,2.556
common_voice_cv_24385837,5.58
common_voice_cv_24385842,4.608
common_voice_cv_24385844,4.608
common_voice_cv_24385845,4.356
common_voice_cv_24385846,6.66
common_voice_cv_24385847,6.156
common_voice_cv_24385863,6.156
common_voice_cv_24385864,3.78
common_voice_cv_24385865,5.58
common_voice_cv_24385866,6.156
common_voice_cv_24385867,7.38
common_voice_cv_24385873,4.608
common_voice_cv_24385874,4.716
common_voice_cv_24385875,4.248
common_voice_cv_24385877,5.328
common_voice_cv_24385878,3.528
common_voice_cv_24385893,7.02
common_voice_cv_24385894,6.768
common_voice_cv_24385895,5.796
common_voice_cv_24385896,2.52
common_voice_cv_24385897,4.248
common_voice_cv_25011911,1.836
common_voice_cv_25011912,1.98
common_voice_cv_25011913,2.196
common_voice_cv_25011914,2.16
common_voice_cv_25011915,2.088
common_voice_cv_25011916,2.196
common_voice_cv_25011917,1.836
common_voice_cv_25011918,1.98
common_voice_cv_25011919,1.836
common_voice_cv_25011920,2.088
common_voice_cv_25011942,2.016
common_voice_cv_25011943,1.908
common_voice_cv_25011944,3.78
common_voice_cv_25011945,6.156
common_voice_cv_25011946,2.556
common_voice_cv_25011993,5.148
common_voice_cv_25011994,5.22
common_voice_cv_25011995,3.888
common_voice_cv_25011996,2.196
common_voice_cv_25011997,4.5
common_voice_cv_25012037,2.988
common_voice_cv_25012038,4.716
common_voice_cv_25012039,4.176
common_voice_cv_25012040,4.356
common_voice_cv_25012041,3.96
common_voice_cv_25012072,3.78
common_voice_cv_25012073,3.636
common_voice_cv_25012074,4.356
common_voice_cv_25012075,4.428
common_voice_cv_25012076,3.96
common_voice_cv_25012101,3.168
common_voice_cv_25012104,4.5
common_voice_cv_25012105,3.42
common_voice_cv_25012106,4.716
common_voice_cv_25012107,3.636
common_voice_cv_25012367,2.34
common_voice_cv_25012368,2.16
common_voice_cv_25012369,2.376
common_voice_cv_25012370,2.376
common_voice_cv_25012371,2.088
common_voice_cv_25012377,2.088
common_voice_cv_25012378,2.016
common_voice_cv_25012379,1.836
common_voice_cv_25012380,1.8
common_voice_cv_25012381,1.728
common_voice_cv_25012392,1.98
common_voice_cv_25012393,2.016
common_voice_cv_25012394,5.868
common_voice_cv_25012395,4.536
common_voice_cv_25012396,5.508
common_voice_cv_25012412,8.208
common_voice_cv_25012413,7.488
common_voice_cv_25012414,2.736
common_voice_cv_25012415,6.228
common_voice_cv_25012417,6.3
common_voice_cv_25012422,4.968
common_voice_cv_25012423,7.02
common_voice_cv_25012424,3.6
common_voice_cv_25012425,4.248
common_voice_cv_25012426,3.456
common_voice_cv_25012427,3.456
common_voice_cv_25012428,3.816
common_voice_cv_25012429,3.456
common_voice_cv_25012430,7.596
common_voice_cv_25012431,4.896
common_voice_cv_25012432,4.86
common_voice_cv_25012433,5.4
common_voice_cv_25012434,5.256
common_voice_cv_25012435,2.556
common_voice_cv_25012436,5.076
common_voice_cv_25012446,4.896
common_voice_cv_25012448,3.636
common_voice_cv_25012449,5.58
common_voice_cv_25012450,5.328
common_voice_cv_25012451,6.48
common_voice_cv_25012472,3.6
common_voice_cv_25012473,4.788
common_voice_cv_25012474,3.636
common_voice_cv_25012475,7.056
common_voice_cv_25012476,4.14
common_voice_cv_25012493,4.428
common_voice_cv_25012494,5.688
common_voice_cv_25012495,4.536
common_voice_cv_25012496,4.176
common_voice_cv_25012497,6.696
common_voice_cv_25012520,6.228
common_voice_cv_25012521,3.78
common_voice_cv_25012523,3.888
common_voice_cv_25012524,4.248
common_voice_cv_25012525,5.508
common_voice_cv_25012537,5.148
common_voice_cv_25012540,4.68
common_voice_cv_25012541,6.12
common_voice_cv_25012542,4.788
common_voice_cv_25012558,9.648
common_voice_cv_25012559,4.788
common_voice_cv_25012560,4.5
common_voice_cv_25012562,6.876
common_voice_cv_25012583,5.58
common_voice_cv_25012584,5.688
common_voice_cv_25012585,6.948
common_voice_cv_25012587,9.468
common_voice_cv_25012588,10.476
common_voice_cv_25012596,3.06
common_voice_cv_25012597,7.848
common_voice_cv_25012598,7.38
common_voice_cv_25012599,8.496
common_voice_cv_25012600,4.14
common_voice_cv_25012601,4.428
common_voice_cv_25012602,5.4
common_voice_cv_25012603,5.04
common_voice_cv_25012604,4.068
common_voice_cv_25012605,6.336
common_voice_cv_25012607,4.896
common_voice_cv_25012608,7.236
common_voice_cv_25012609,3.456
common_voice_cv_25012610,2.808
common_voice_cv_25012611,3.528
common_voice_cv_25012626,4.86
common_voice_cv_25012628,6.12
common_voice_cv_25012629,7.02
common_voice_cv_25012631,4.32
common_voice_cv_25012633,6.156
common_voice_cv_25012651,7.236
common_voice_cv_25012653,7.668
common_voice_cv_25012655,3.24
common_voice_cv_25012657,8.496
common_voice_cv_25012659,6.516
common_voice_cv_25012666,3.6
common_voice_cv_25012668,7.236
common_voice_cv_25012669,7.596
common_voice_cv_25012670,4.428
common_voice_cv_25012671,8.46
common_voice_cv_25012684,6.588
common_voice_cv_25012685,3.06
common_voice_cv_25012686,3.78
common_voice_cv_25012688,6.768
common_voice_cv_25012689,5.508
common_voice_cv_25012702,5.04
common_voice_cv_25012704,5.076
common_voice_cv_25012708,9.216
common_voice_cv_25012710,6.408
common_voice_cv_25012711,4.428
common_voice_cv_25012724,3.816
common_voice_cv_25012725,4.428
common_voice_cv_25012726,4.68
common_voice_cv_25012727,3.996
common_voice_cv_25012728,3.6
common_voice_cv_25012730,4.716
common_voice_cv_25012731,5.616
common_voice_cv_25012732,4.32
common_voice_cv_25012733,7.02
common_voice_cv_25012734,4.716
common_voice_cv_25012744,3.816
common_voice_cv_25012745,6.516
common_voice_cv_25012747,6.84
common_voice_cv_25012748,5.04
common_voice_cv_25012750,4.968
common_voice_cv_25012754,6.588
common_voice_cv_25012755,2.88
common_voice_cv_25012756,5.04
common_voice_cv_25012757,7.92
common_voice_cv_25012758,5.076
common_voice_cv_25012764,7.236
common_voice_cv_25012765,4.14
common_voice_cv_25012766,4.248
common_voice_cv_25012767,6.336
common_voice_cv_25012768,4.176
common_voice_cv_25012774,9.0
common_voice_cv_25012775,5.22
common_voice_cv_25012776,6.156
common_voice_cv_25012777,3.888
common_voice_cv_25012778,4.14
common_voice_cv_25012784,5.94
common_voice_cv_25012785,3.456
common_voice_cv_25012786,4.32
common_voice_cv_25012787,3.348
common_voice_cv_25012788,6.408
common_voice_cv_25012799,4.968
common_voice_cv_25012800,6.948
common_voice_cv_25012801,5.508
common_voice_cv_25012802,8.568
common_voice_cv_25012803,4.68
common_voice_cv_25012804,5.22
common_voice_cv_25012805,2.16
common_voice_cv_25012806,2.7
common_voice_cv_25012807,3.42
common_voice_cv_25012808,4.68
common_voice_cv_25012829,7.74
common_voice_cv_25012830,5.58
common_voice_cv_25012831,4.86
common_voice_cv_25012832,3.78
common_voice_cv_25012833,3.42
common_voice_cv_25012834,4.248
common_voice_cv_25012835,5.688
common_voice_cv_25012836,3.78
common_voice_cv_25012837,5.148
common_voice_cv_25012838,5.94
common_voice_cv_25012839,3.096
common_voice_cv_25012840,4.536
common_voice_cv_25012841,3.636
common_voice_cv_25012843,5.256
common_voice_cv_25012844,3.528
common_voice_cv_25012845,3.6
common_voice_cv_25012851,6.408
common_voice_cv_25012852,6.66
common_voice_cv_25012853,6.408
common_voice_cv_25012854,8.028
common_voice_cv_25012855,8.928
common_voice_cv_25012860,3.168
common_voice_cv_25012861,5.436
common_voice_cv_25012862,5.328
common_voice_cv_25012863,4.968
common_voice_cv_25012864,7.848
common_voice_cv_25012875,9.108
common_voice_cv_25012877,3.708
common_voice_cv_25012878,5.436
common_voice_cv_25012879,6.12
common_voice_cv_25012884,4.068
common_voice_cv_25012885,7.56
common_voice_cv_25012886,3.456
common_voice_cv_25012887,4.5
common_voice_cv_25012888,6.948
common_voice_cv_25012894,4.428
common_voice_cv_25012895,5.94
common_voice_cv_25012896,4.248
common_voice_cv_25012898,4.5
common_voice_cv_25012899,7.488
common_voice_cv_25012910,3.276
common_voice_cv_25012911,7.2
common_voice_cv_25012913,9.756
common_voice_cv_25012914,4.176
common_voice_cv_25012915,3.528
common_voice_cv_25013347,6.516
common_voice_cv_25013348,5.148
common_voice_cv_25013349,5.4
common_voice_cv_25013350,4.896
common_voice_cv_25013351,5.4
common_voice_cv_25013357,4.428
common_voice_cv_25013358,3.888
common_voice_cv_25013359,8.136
common_voice_cv_25013360,5.04
common_voice_cv_25013361,6.948
common_voice_cv_25013367,5.22
common_voice_cv_25013368,2.376
common_voice_cv_25013369,4.536
common_voice_cv_25013370,6.3
common_voice_cv_25013371,7.308
common_voice_cv_25013381,5.22
common_voice_cv_25013383,6.408
common_voice_cv_25013385,5.256
common_voice_cv_25013386,8.136
common_voice_cv_25013387,8.136
common_voice_cv_25013392,5.76
common_voice_cv_25013393,4.788
common_voice_cv_25013394,5.58
common_voice_cv_25013395,8.64
common_voice_cv_25013396,6.948
common_voice_cv_25013400,5.508
common_voice_cv_25013401,5.868
common_voice_cv_25013402,6.588
common_voice_cv_25013403,6.66
common_voice_cv_25013404,7.488
common_voice_cv_25013411,7.92
common_voice_cv_25013412,4.14
common_voice_cv_25013413,5.148
common_voice_cv_25013414,4.86
common_voice_cv_25013415,7.308
common_voice_cv_25013424,5.76
common_voice_cv_25013425,5.04
common_voice_cv_25013426,6.048
common_voice_cv_25013427,7.776
common_voice_cv_25013436,3.636
common_voice_cv_25013437,6.048
common_voice_cv_25013438,8.1
common_voice_cv_25013439,6.768
common_voice_cv_25013440,9.576
common_voice_cv_25013459,6.516
common_voice_cv_25013460,4.068
common_voice_cv_25013461,6.12
common_voice_cv_25013462,5.4
common_voice_cv_25013463,7.776
common_voice_cv_25013467,6.408
common_voice_cv_25013468,6.156
common_voice_cv_25013469,4.356
common_voice_cv_25013470,7.02
common_voice_cv_25013471,7.668
common_voice_cv_25013478,4.176
common_voice_cv_25013479,3.6
common_voice_cv_25013480,7.02
common_voice_cv_25013482,4.428
common_voice_cv_25013483,6.048
common_voice_cv_25013491,5.94
common_voice_cv_25013492,3.78
common_voice_cv_25013493,4.32
common_voice_cv_25013494,4.14
common_voice_cv_25013495,5.076
common_voice_cv_25013499,7.236
common_voice_cv_25013500,7.92
common_voice_cv_25013501,3.888
common_voice_cv_25013502,4.896
common_voice_cv_25013503,3.24
common_voice_cv_25013511,3.528
common_voice_cv_25013512,5.976
common_voice_cv_25013513,3.96
common_voice_cv_25013514,5.58
common_voice_cv_25013515,3.708
common_voice_cv_25013519,6.228
common_voice_cv_25013520,7.02
common_voice_cv_25013521,4.248
common_voice_cv_25013522,4.716
common_voice_cv_25013523,3.96
common_voice_cv_25013533,5.148
common_voice_cv_25013534,5.616
common_voice_cv_25013535,6.336
common_voice_cv_25013536,3.348
common_voice_cv_25013537,6.948
common_voice_cv_25013551,4.14
common_voice_cv_25013552,4.14
common_voice_cv_25013553,7.92
common_voice_cv_25013554,2.88
common_voice_cv_25013555,5.94
common_voice_cv_25017093,2.916
common_voice_cv_25017094,3.06
common_voice_cv_25017095,4.86
common_voice_cv_25017096,3.24
common_voice_cv_25017097,3.24
common_voice_cv_25018438,4.5
common_voice_cv_25018439,4.32
common_voice_cv_25018440,7.128
common_voice_cv_25018441,6.408
common_voice_cv_25018442,4.536
common_voice_cv_25018454,3.456
common_voice_cv_25018455,6.768
common_voice_cv_25018456,3.096
common_voice_cv_25018457,4.896
common_voice_cv_25018458,5.58
common_voice_cv_25018459,3.888
common_voice_cv_25018460,3.528
common_voice_cv_25018461,4.86
common_voice_cv_25018462,7.92
common_voice_cv_25018463,4.968
common_voice_cv_25018469,6.048
common_voice_cv_25018470,6.336
common_voice_cv_25018471,4.176
common_voice_cv_25018472,4.608
common_voice_cv_25018473,3.96
common_voice_cv_25030243,6.768
common_voice_cv_25030244,6.696
common_voice_cv_25030245,3.816
common_voice_cv_25030246,6.408
common_voice_cv_25030247,7.128
common_voice_cv_25030273,6.3
common_voice_cv_25030274,4.788
common_voice_cv_25030275,5.22
common_voice_cv_25030276,5.868
common_voice_cv_25030277,5.4
common_voice_cv_25030334,3.6
common_voice_cv_25030335,3.168
common_voice_cv_25030336,3.528
common_voice_cv_25030337,5.4
common_voice_cv_25030338,4.248
common_voice_cv_25030349,4.5
common_voice_cv_25030350,6.336
common_voice_cv_25030351,5.04
common_voice_cv_25030352,7.668
common_voice_cv_25030353,5.94
common_voice_cv_25030364,4.14
common_voice_cv_25030365,5.076
common_voice_cv_25030366,4.788
common_voice_cv_25030367,5.796
common_voice_cv_25030368,8.208
common_voice_cv_25030379,4.968
common_voice_cv_25030380,6.516
common_voice_cv_25030381,3.78
common_voice_cv_25030382,4.68
common_voice_cv_25030383,5.976
common_voice_cv_25030393,5.148
common_voice_cv_25030395,5.58
common_voice_cv_25030396,5.508
common_voice_cv_25030397,4.176
common_voice_cv_25030398,4.86
common_voice_cv_25030404,7.38
common_voice_cv_25030405,8.316
common_voice_cv_25030406,5.94
common_voice_cv_25030407,4.536
common_voice_cv_25030408,5.58
common_voice_cv_25030424,5.076
common_voice_cv_25030425,4.356
common_voice_cv_25030426,5.94
common_voice_cv_25030427,6.876
common_voice_cv_25030428,3.096
common_voice_cv_25032786,9.54
common_voice_cv_25032787,5.76
common_voice_cv_25032788,6.66
common_voice_cv_25032789,4.248
common_voice_cv_25032790,5.436
common_voice_cv_25032801,6.3
common_voice_cv_25032802,3.96
common_voice_cv_25032803,7.668
common_voice_cv_25032804,5.4
common_voice_cv_25032805,7.668
common_voice_cv_25032806,6.516
common_voice_cv_25032807,6.12
common_voice_cv_25032808,4.5
common_voice_cv_25032809,5.796
common_voice_cv_25032810,6.12
common_voice_cv_25032816,4.176
common_voice_cv_25032817,5.148
common_voice_cv_25032819,5.616
common_voice_cv_25032820,4.716
common_voice_cv_25032821,5.796
common_voice_cv_25032826,6.048
common_voice_cv_25032827,5.508
common_voice_cv_25032828,9.0
common_voice_cv_25032829,3.708
common_voice_cv_25032830,4.716
common_voice_cv_25032897,3.636
common_voice_cv_25032898,2.988
common_voice_cv_25032899,5.58
common_voice_cv_25032900,4.14
common_voice_cv_25032901,4.716
common_voice_cv_25032902,4.176
common_voice_cv_25032903,6.408
common_voice_cv_25032904,5.04
common_voice_cv_25032905,6.048
common_voice_cv_25032906,5.58
common_voice_cv_25032912,6.66
common_voice_cv_25032913,3.888
common_voice_cv_25032914,6.588
common_voice_cv_25032915,3.348
common_voice_cv_25032916,5.22
common_voice_cv_25032917,6.588
common_voice_cv_25032918,5.256
common_voice_cv_25032919,7.416
common_voice_cv_25032920,6.768
common_voice_cv_25032921,6.696
common_voice_cv_25032927,4.788
common_voice_cv_25032928,6.156
common_voice_cv_25032929,4.608
common_voice_cv_25032930,7.056
common_voice_cv_25032931,4.608
common_voice_cv_25032932,5.616
common_voice_cv_25032933,4.356
common_voice_cv_25032934,3.888
common_voice_cv_25032935,6.516
common_voice_cv_25032936,6.588
common_voice_cv_25032946,6.768
common_voice_cv_25032948,8.64
common_voice_cv_25032949,3.6
common_voice_cv_25032950,6.336
common_voice_cv_25032951,6.696
common_voice_cv_25032952,3.636
common_voice_cv_25032953,3.888
common_voice_cv_25032954,8.568
common_voice_cv_25032955,5.04
common_voice_cv_25032956,4.68
common_voice_cv_25033032,3.528
common_voice_cv_25033033,4.14
common_voice_cv_25033034,8.496
common_voice_cv_25033035,5.4
common_voice_cv_25033036,4.716
common_voice_cv_25033047,5.616
common_voice_cv_25033048,5.796
common_voice_cv_25033049,4.68
common_voice_cv_25033050,4.176
common_voice_cv_25033051,4.068
common_voice_cv_25033057,4.356
common_voice_cv_25033058,4.176
common_voice_cv_25033059,7.308
common_voice_cv_25033060,8.676
common_voice_cv_25033061,7.92
common_voice_cv_25033072,4.068
common_voice_cv_25033073,6.588
common_voice_cv_25033074,3.276
common_voice_cv_25033075,6.516
common_voice_cv_25033076,3.996
common_voice_cv_25033077,6.156
common_voice_cv_25033078,8.208
common_voice_cv_25033079,4.5
common_voice_cv_25033080,5.508
common_voice_cv_25033081,5.58
common_voice_cv_25033082,3.096
common_voice_cv_25033083,6.48
common_voice_cv_25033084,4.248
common_voice_cv_25033085,9.036
common_voice_cv_25033086,3.888
common_voice_cv_25033097,3.42
common_voice_cv_25033098,3.78
common_voice_cv_25033099,3.348
common_voice_cv_25033100,8.136
common_voice_cv_25033101,4.248
common_voice_cv_25033240,6.156
common_voice_cv_25033241,6.12
common_voice_cv_25033242,7.236
common_voice_cv_25033243,4.248
common_voice_cv_25033244,5.58
common_voice_cv_25033252,8.82
common_voice_cv_25033253,6.84
common_voice_cv_25033254,3.816
common_voice_cv_25033255,6.768
common_voice_cv_25033256,6.336
common_voice_cv_25033267,7.956
common_voice_cv_25033268,3.528
common_voice_cv_25033269,4.68
common_voice_cv_25033270,4.536
common_voice_cv_25033271,6.516
common_voice_cv_25033491,6.696
common_voice_cv_25033495,5.148
common_voice_cv_25033497,6.588
common_voice_cv_25033499,4.176
common_voice_cv_25033500,6.48
common_voice_cv_25069353,5.976
common_voice_cv_25069354,7.02
common_voice_cv_25069355,7.416
common_voice_cv_25069356,5.4
common_voice_cv_25069357,6.156
common_voice_cv_25069374,4.788
common_voice_cv_25069375,4.176
common_voice_cv_25069377,8.136
common_voice_cv_25069378,5.94
common_voice_cv_25069379,7.128
common_voice_cv_25069422,7.596
common_voice_cv_25069423,7.128
common_voice_cv_25069424,4.68
common_voice_cv_25069425,3.168
common_voice_cv_25069426,4.14
common_voice_cv_25069440,5.256
common_voice_cv_25069441,6.84
common_voice_cv_25069442,7.2
common_voice_cv_25069443,7.236
common_voice_cv_25069444,6.228
common_voice_cv_25069455,3.636
common_voice_cv_25069456,5.76
common_voice_cv_25069457,5.076
common_voice_cv_25069458,6.588
common_voice_cv_25069470,3.708
common_voice_cv_25069471,4.356
common_voice_cv_25069472,5.256
common_voice_cv_25069473,3.348
common_voice_cv_25069478,7.056
common_voice_cv_25069479,7.308
common_voice_cv_25069480,4.5
common_voice_cv_25069481,3.708
common_voice_cv_25069482,5.22
common_voice_cv_25069495,4.896
common_voice_cv_25069496,9.54
common_voice_cv_25069497,4.248
common_voice_cv_25069498,6.3
common_voice_cv_25069500,7.596
common_voice_cv_25069508,7.02
common_voice_cv_25069509,3.456
common_voice_cv_25069510,8.388
common_voice_cv_25069511,7.128
common_voice_cv_25069512,5.94
common_voice_cv_25069513,5.76
common_voice_cv_25069514,4.356
common_voice_cv_25069515,4.788
common_voice_cv_25069547,5.94
common_voice_cv_25069548,6.156
common_voice_cv_25069550,3.996
common_voice_cv_25069551,5.148
common_voice_cv_25069553,5.58
common_voice_cv_25069558,4.32
common_voice_cv_25069560,4.896
common_voice_cv_25069561,5.256
common_voice_cv_25069562,4.68
common_voice_cv_25069563,7.38
common_voice_cv_25069571,9.468
common_voice_cv_25069572,6.876
common_voice_cv_25069573,4.86
common_voice_cv_25069575,8.64
common_voice_cv_25069576,4.968
common_voice_cv_25069588,3.636
common_voice_cv_25069589,6.66
common_voice_cv_25069590,5.436
common_voice_cv_25069591,3.528
common_voice_cv_25069592,8.028
common_voice_cv_25069593,4.716
common_voice_cv_25069594,3.636
common_voice_cv_25069595,2.16
common_voice_cv_25069596,4.428
common_voice_cv_25069597,4.5
common_voice_cv_25069611,4.716
common_voice_cv_25069613,4.428
common_voice_cv_25069614,4.5
common_voice_cv_25069615,3.96
common_voice_cv_25069616,6.408
common_voice_cv_25069629,6.66
common_voice_cv_25069633,5.76
common_voice_cv_25069635,5.22
common_voice_cv_25069636,3.06
common_voice_cv_25069652,8.676
common_voice_cv_25069653,9.18
common_voice_cv_25069654,6.156
common_voice_cv_25069655,8.1
common_voice_cv_25069656,8.496
common_voice_cv_25069663,8.28
common_voice_cv_25069664,3.456
common_voice_cv_25069665,3.348
common_voice_cv_25069666,6.516
common_voice_cv_25069667,7.776
common_voice_cv_25070709,5.94
common_voice_cv_25070710,5.796
common_voice_cv_25070711,4.608
common_voice_cv_25070712,3.456
common_voice_cv_25070713,3.276
common_voice_cv_25070731,6.336
common_voice_cv_25070732,5.616
common_voice_cv_25070734,3.6
common_voice_cv_25070735,8.136
common_voice_cv_25070736,4.968
common_voice_cv_25070743,5.076
common_voice_cv_25070744,6.12
common_voice_cv_25070745,5.76
common_voice_cv_25070746,3.996
common_voice_cv_25070747,3.42
common_voice_cv_25070766,5.328
common_voice_cv_25070767,7.74
common_voice_cv_25070768,6.84
common_voice_cv_25070769,3.888
common_voice_cv_25070770,4.428
common_voice_cv_25070787,3.6
common_voice_cv_25070788,5.328
common_voice_cv_25070789,5.508
common_voice_cv_25070790,4.176
common_voice_cv_25070791,4.176
common_voice_cv_25070796,3.06
common_voice_cv_25070797,4.536
common_voice_cv_25070798,7.596
common_voice_cv_25070800,7.128
common_voice_cv_25070801,8.856
common_voice_cv_25070805,8.136
common_voice_cv_25070806,4.536
common_voice_cv_25070807,3.96
common_voice_cv_25070808,3.528
common_voice_cv_25070809,8.136
common_voice_cv_25070822,4.896
common_voice_cv_25070823,4.356
common_voice_cv_25070824,4.968
common_voice_cv_25070826,7.848
common_voice_cv_25070833,5.4
common_voice_cv_25070834,4.176
common_voice_cv_25070835,5.868
common_voice_cv_25070837,3.96
common_voice_cv_25070838,4.5
common_voice_cv_25070842,2.736
common_voice_cv_25070843,5.22
common_voice_cv_25070848,5.4
common_voice_cv_25070849,5.4
common_voice_cv_25070850,7.308
common_voice_cv_25070851,4.86
common_voice_cv_25070852,4.32
common_voice_cv_25070857,4.248
common_voice_cv_25070858,6.336
common_voice_cv_25070859,6.588
common_voice_cv_25070860,3.996
common_voice_cv_25070861,3.168
common_voice_cv_25070870,4.176
common_voice_cv_25070871,5.508
common_voice_cv_25070872,7.74
common_voice_cv_25070873,5.868
common_voice_cv_25070874,3.528
common_voice_cv_25070878,3.996
common_voice_cv_25070879,4.32
common_voice_cv_25070880,8.46
common_voice_cv_25070881,4.14
common_voice_cv_25070882,8.316
common_voice_cv_25070884,9.936
common_voice_cv_25070885,5.076
common_voice_cv_25070887,7.38
common_voice_cv_25070888,4.86
common_voice_cv_25070889,5.76
common_voice_cv_25070923,6.876
common_voice_cv_25070924,5.976
common_voice_cv_25070925,5.76
common_voice_cv_25070926,6.696
common_voice_cv_25070927,4.356
common_voice_cv_25070933,4.716
common_voice_cv_25070934,3.96
common_voice_cv_25070935,3.348
common_voice_cv_25070936,2.988
common_voice_cv_25070937,5.868
common_voice_cv_26759508,2.088
common_voice_cv_26759510,2.448
common_voice_cv_26759513,2.448
common_voice_cv_26759516,2.268
common_voice_cv_26759517,2.448
common_voice_cv_26759519,2.016
common_voice_cv_26759520,2.088
common_voice_cv_26759521,2.448
common_voice_cv_26759522,2.7
common_voice_cv_26759523,2.268
common_voice_cv_26759534,2.196
common_voice_cv_26759535,2.34
common_voice_cv_26759536,5.148
common_voice_cv_26759537,4.176
common_voice_cv_26759538,6.048
common_voice_cv_26759544,8.64
common_voice_cv_26759545,8.28
common_voice_cv_26759546,4.968
common_voice_cv_26759547,4.356
common_voice_cv_26759548,6.84
common_voice_cv_26759556,7.956
common_voice_cv_26759557,3.528
common_voice_cv_26759558,7.236
common_voice_cv_26759559,4.608
common_voice_cv_26759560,4.14
common_voice_cv_26759566,3.456
common_voice_cv_26759567,4.86
common_voice_cv_26759568,6.048
common_voice_cv_26759569,4.14
common_voice_cv_26759570,3.636
common_voice_cv_26759571,2.988
common_voice_cv_26759572,4.356
common_voice_cv_26759573,4.14
common_voice_cv_26759574,5.22
common_voice_cv_26759575,4.968
common_voice_cv_26759591,6.3
common_voice_cv_26759592,3.528
common_voice_cv_26759593,4.86
common_voice_cv_26759594,4.86
common_voice_cv_26759595,6.66
common_voice_cv_26759606,4.248
common_voice_cv_26759607,6.048
common_voice_cv_26759608,3.78
common_voice_cv_26759609,4.428
common_voice_cv_26759610,3.456
common_voice_cv_26772772,4.608
common_voice_cv_26772774,4.14
common_voice_cv_26772775,3.78
common_voice_cv_26772779,4.428
common_voice_cv_26772785,3.636
common_voice_cv_26772843,3.24
common_voice_cv_26772847,2.736
common_voice_cv_26772851,6.84
common_voice_cv_26772855,3.78
common_voice_cv_26772861,7.56
common_voice_cv_26772932,3.78
common_voice_cv_26772936,5.868
common_voice_cv_26772938,4.968
common_voice_cv_26772939,3.276
common_voice_cv_26772940,4.788
common_voice_cv_26773087,6.66
common_voice_cv_26773088,4.68
common_voice_cv_26773090,3.6
common_voice_cv_26773092,5.868
common_voice_cv_26773095,4.896
common_voice_cv_26773248,3.708
common_voice_cv_26773251,5.868
common_voice_cv_26773252,7.056
common_voice_cv_26773253,3.888
common_voice_cv_26773254,3.276
common_voice_cv_26773301,7.056
common_voice_cv_26773302,4.428
common_voice_cv_26773303,5.868
common_voice_cv_26773305,3.816
common_voice_cv_26773306,5.976
common_voice_cv_26773349,3.636
common_voice_cv_26773350,5.868
common_voice_cv_26773351,5.148
common_voice_cv_26773355,8.208
common_voice_cv_26773358,5.22
common_voice_cv_26773427,3.24
common_voice_cv_26773428,2.988
common_voice_cv_26773429,7.056
common_voice_cv_26773430,3.636
common_voice_cv_26773431,3.996
common_voice_cv_26773496,4.968
common_voice_cv_26773499,3.168
common_voice_cv_26773501,5.328
common_voice_cv_26773504,4.5
common_voice_cv_26773505,5.616
common_voice_cv_26773577,4.68
common_voice_cv_26773578,3.996
common_voice_cv_26773579,6.156
common_voice_cv_26773580,6.048
common_voice_cv_26773581,4.428
common_voice_cv_26773656,3.636
common_voice_cv_26773657,6.768
common_voice_cv_26773658,4.968
common_voice_cv_26773659,8.136
common_voice_cv_26773660,4.896
common_voice_cv_26773777,3.276
common_voice_cv_26773778,5.688
common_voice_cv_26773779,5.616
common_voice_cv_26773780,5.076
common_voice_cv_26773781,4.248
common_voice_cv_26773847,3.168
common_voice_cv_26773849,4.356
common_voice_cv_26773852,4.5
common_voice_cv_26773854,3.456
common_voice_cv_26773856,3.168
common_voice_cv_26773899,3.888
common_voice_cv_26773901,3.456
common_voice_cv_26773902,3.996
common_voice_cv_26773904,7.38
common_voice_cv_26773905,3.456
common_voice_cv_26774002,3.168
common_voice_cv_26774003,5.076
common_voice_cv_26774004,4.428
common_voice_cv_26774006,5.796
common_voice_cv_26774008,6.156
common_voice_cv_26774052,3.528
common_voice_cv_26774053,4.788
common_voice_cv_26774054,4.248
common_voice_cv_26774055,5.04
common_voice_cv_26774056,6.12
common_voice_cv_26774081,8.028
common_voice_cv_26774084,5.328
common_voice_cv_26774085,4.428
common_voice_cv_26774086,3.888
common_voice_cv_26774087,4.896
common_voice_cv_26774154,4.356
common_voice_cv_26774155,3.816
common_voice_cv_26774157,5.868
common_voice_cv_26774158,5.148
common_voice_cv_26774159,6.84
common_voice_cv_26774254,4.968
common_voice_cv_26774256,5.58
common_voice_cv_26774257,4.68
common_voice_cv_26774259,1.98
common_voice_cv_26774261,4.716
common_voice_cv_26774341,3.168
common_voice_cv_26774345,4.68
common_voice_cv_26774349,4.608
common_voice_cv_26774353,4.248
common_voice_cv_26774355,3.636
common_voice_cv_26774545,3.78
common_voice_cv_26774546,5.076
common_voice_cv_26774547,4.176
common_voice_cv_26774548,4.68
common_voice_cv_26774549,6.048
common_voice_cv_26774614,4.428
common_voice_cv_26774615,4.176
common_voice_cv_26774616,4.176
common_voice_cv_26774617,3.06
common_voice_cv_26774618,3.456
common_voice_cv_26778230,4.428
common_voice_cv_26778233,7.02
common_voice_cv_26778235,4.968
common_voice_cv_26778236,3.276
common_voice_cv_26778239,4.428
common_voice_cv_26778297,3.708
common_voice_cv_26778300,6.516
common_voice_cv_26778305,7.236
common_voice_cv_26778307,3.996
common_voice_cv_26778309,8.28
common_voice_cv_26778388,6.336
common_voice_cv_26778389,7.668
common_voice_cv_26778390,5.616
common_voice_cv_26778391,5.076
common_voice_cv_26778392,3.96
common_voice_cv_26778474,7.596
common_voice_cv_26778476,4.716
common_voice_cv_26778477,5.148
common_voice_cv_26778478,3.78
common_voice_cv_26778480,5.94
common_voice_cv_26778538,4.788
common_voice_cv_26778539,4.5
common_voice_cv_26778540,3.996
common_voice_cv_26778541,5.688
common_voice_cv_26778542,5.436
common_voice_cv_26848453,7.02
common_voice_cv_26848456,5.796
common_voice_cv_26848458,4.896
common_voice_cv_26848459,4.968
common_voice_cv_26848460,6.048
common_voice_cv_26848565,5.868
common_voice_cv_26848567,6.66
common_voice_cv_26848571,7.56
common_voice_cv_26848577,7.308
common_voice_cv_26848579,7.56
common_voice_cv_26848657,6.336
common_voice_cv_26848659,4.608
common_voice_cv_26848661,7.848
common_voice_cv_26848663,5.436
common_voice_cv_26848664,4.176
common_voice_cv_26867032,4.608
common_voice_cv_26867033,5.22
common_voice_cv_26867034,3.708
common_voice_cv_26867035,7.668
common_voice_cv_26867036,4.428
common_voice_cv_26868172,4.86
common_voice_cv_26868173,6.66
common_voice_cv_26868174,5.58
common_voice_cv_26868175,3.06
common_voice_cv_26868176,3.42
common_voice_cv_26868375,2.736
common_voice_cv_26868376,3.168
common_voice_cv_26868377,3.528
common_voice_cv_26868378,5.4
common_voice_cv_26868379,4.248
common_voice_cv_26868400,4.608
common_voice_cv_26868401,6.228
common_voice_cv_26868402,4.5
common_voice_cv_26868403,3.24
common_voice_cv_26868404,5.4
common_voice_cv_26868440,3.168
common_voice_cv_26868441,5.868
common_voice_cv_26868442,5.148
common_voice_cv_26868443,4.248
common_voice_cv_26868444,3.168
common_voice_cv_26876938,3.708
common_voice_cv_26876939,6.408
common_voice_cv_26876940,4.176
common_voice_cv_26876943,3.996
common_voice_cv_26876951,5.328
common_voice_cv_26877029,3.996
common_voice_cv_26877030,4.68
common_voice_cv_26877033,4.716
common_voice_cv_26877036,4.14
common_voice_cv_26877038,4.86
common_voice_cv_26907344,4.608
common_voice_cv_26907346,4.968
common_voice_cv_26907348,4.68
common_voice_cv_26907350,4.86
common_voice_cv_26907353,5.436
common_voice_cv_26907406,4.428
common_voice_cv_26907407,6.156
common_voice_cv_26907408,6.408
common_voice_cv_26907409,8.496
common_voice_cv_26907410,3.456
common_voice_cv_26913992,4.608
common_voice_cv_26913994,6.156
common_voice_cv_26913997,8.748
common_voice_cv_26913999,7.596
common_voice_cv_26914000,3.888
common_voice_cv_26914026,4.968
common_voice_cv_26914027,5.652
common_voice_cv_26914028,4.284
common_voice_cv_26914030,5.256
common_voice_cv_26914031,4.284
common_voice_cv_26914066,6.084
common_voice_cv_26914067,6.696
common_voice_cv_26914068,5.868
common_voice_cv_26914069,3.672
common_voice_cv_26914070,4.14
common_voice_cv_26914151,6.768
common_voice_cv_26914153,4.32
common_voice_cv_26914155,6.624
common_voice_cv_26914156,5.94
common_voice_cv_26914159,7.668
common_voice_cv_26914225,5.148
common_voice_cv_26914226,4.32
common_voice_cv_26914227,7.452
common_voice_cv_26914228,5.796
common_voice_cv_26916205,4.248
common_voice_cv_26916206,4.176
common_voice_cv_26916207,6.048
common_voice_cv_26916208,3.276
common_voice_cv_26916209,4.428
common_voice_cv_26916314,5.58
common_voice_cv_26916315,6.48
common_voice_cv_26916316,5.328
common_voice_cv_26916317,7.38
common_voice_cv_26916319,4.608
common_voice_cv_26916354,5.076
common_voice_cv_26916355,5.58
common_voice_cv_26916357,5.58
common_voice_cv_26916358,4.356
common_voice_cv_26916359,3.168
common_voice_cv_26916379,6.876
common_voice_cv_26916380,3.78
common_voice_cv_26916381,3.24
common_voice_cv_26916382,8.208
common_voice_cv_26916384,3.888
common_voice_cv_26916417,5.22
common_voice_cv_26916420,6.12
common_voice_cv_26916424,6.66
common_voice_cv_26916426,2.736
common_voice_cv_26916427,3.42
common_voice_cv_26916460,4.176
common_voice_cv_26916461,6.3
common_voice_cv_26916462,6.588
common_voice_cv_26916463,2.988
common_voice_cv_26916464,3.708
common_voice_cv_26916559,8.028
common_voice_cv_26916560,4.86
common_voice_cv_26916561,5.4
common_voice_cv_26916562,3.528
common_voice_cv_26916564,5.688
common_voice_cv_26916632,4.356
common_voice_cv_26916633,4.5
common_voice_cv_26916634,3.276
common_voice_cv_26916635,4.176
common_voice_cv_26916636,2.916
common_voice_cv_26916686,3.708
common_voice_cv_26916688,5.148
common_voice_cv_26916689,5.4
common_voice_cv_26916690,4.608
common_voice_cv_26916691,3.78
common_voice_cv_26916756,2.7
common_voice_cv_26916757,3.78
common_voice_cv_26916758,4.428
common_voice_cv_26916759,4.176
common_voice_cv_26916760,3.168
common_voice_cv_26916797,4.608
common_voice_cv_26916798,4.356
common_voice_cv_26916799,4.716
common_voice_cv_26916800,3.78
common_voice_cv_26916801,4.608
common_voice_cv_26916846,3.168
common_voice_cv_26916847,5.256
common_voice_cv_26916848,3.06
common_voice_cv_26916850,5.796
common_voice_cv_26916851,2.556
common_voice_cv_26916899,4.14
common_voice_cv_26916900,4.968
common_voice_cv_26916901,3.888
common_voice_cv_26916902,5.616
common_voice_cv_26916903,2.556
common_voice_cv_26916932,5.436
common_voice_cv_26916933,2.52
common_voice_cv_26916934,3.456
common_voice_cv_26916935,5.328
common_voice_cv_26916936,5.148
common_voice_cv_26916988,3.456
common_voice_cv_26916989,6.156
common_voice_cv_26916990,4.86
common_voice_cv_26916991,4.32
common_voice_cv_26916992,4.428
common_voice_cv_26917040,3.168
common_voice_cv_26917043,3.96
common_voice_cv_26917045,4.716
common_voice_cv_26917048,6.156
common_voice_cv_26917049,4.14
common_voice_cv_26917113,4.608
common_voice_cv_26917114,7.596
common_voice_cv_26917115,5.94
common_voice_cv_26917118,5.22
common_voice_cv_26917120,7.056
common_voice_cv_26917215,2.988
common_voice_cv_26917216,3.78
common_voice_cv_26917218,4.68
common_voice_cv_26917220,3.168
common_voice_cv_26917222,4.968
common_voice_cv_26917252,5.148
common_voice_cv_26917254,3.456
common_voice_cv_26917255,5.148
common_voice_cv_26917257,3.42
common_voice_cv_26917258,4.248
common_voice_cv_26917472,3.708
common_voice_cv_26917473,4.716
common_voice_cv_26917474,4.68
common_voice_cv_26917475,3.276
common_voice_cv_26917476,4.428
common_voice_cv_26919341,3.168
common_voice_cv_26919342,3.78
common_voice_cv_26919343,4.248
common_voice_cv_26919344,6.768
common_voice_cv_26919345,2.52
common_voice_cv_26919420,5.148
common_voice_cv_26919421,5.22
common_voice_cv_26919423,4.428
common_voice_cv_26919424,3.78
common_voice_cv_26919425,4.356
common_voice_cv_26919440,4.248
common_voice_cv_26919441,2.088
common_voice_cv_26919486,3.96
common_voice_cv_26919487,4.248
common_voice_cv_26919488,3.168
common_voice_cv_26919489,4.428
common_voice_cv_26919490,4.248
common_voice_cv_26919523,3.276
common_voice_cv_26919524,3.996
common_voice_cv_26919525,3.348
common_voice_cv_26919526,3.996
common_voice_cv_26919527,3.528
common_voice_cv_26919556,3.06
common_voice_cv_26919557,4.428
common_voice_cv_26919558,3.06
common_voice_cv_26919559,3.24
common_voice_cv_26919560,5.148
common_voice_cv_26919616,4.896
common_voice_cv_26919618,3.636
common_voice_cv_26919620,4.14
common_voice_cv_26919622,4.248
common_voice_cv_26919624,4.248
common_voice_cv_26919691,3.96
common_voice_cv_26919692,3.528
common_voice_cv_26919693,6.768
common_voice_cv_26919694,5.868
common_voice_cv_26919695,3.456
common_voice_cv_26931900,3.996
common_voice_cv_26931901,4.068
common_voice_cv_26931902,2.808
common_voice_cv_26931903,3.78
common_voice_cv_26931904,4.716
common_voice_cv_26931914,4.5
common_voice_cv_26931915,3.996
common_voice_cv_26931916,3.996
common_voice_cv_26931917,3.528
common_voice_cv_26931918,2.34
common_voice_cv_26931919,3.708
common_voice_cv_26931920,2.52
common_voice_cv_26931991,3.276
common_voice_cv_26931992,3.78
common_voice_cv_26931993,3.24
common_voice_cv_26931994,3.996
common_voice_cv_26931995,4.5
common_voice_cv_26932136,3.708
common_voice_cv_26932137,5.508
common_voice_cv_26932138,3.78
common_voice_cv_26932139,3.528
common_voice_cv_26932140,3.276
common_voice_cv_26932176,4.968
common_voice_cv_26932177,3.636
common_voice_cv_26932178,3.24
common_voice_cv_26932179,2.916
common_voice_cv_26932180,3.78
common_voice_cv_26942196,2.088
common_voice_cv_26942197,2.016
common_voice_cv_26942198,2.16
common_voice_cv_26942199,2.376
common_voice_cv_26942200,2.196
common_voice_cv_26942320,2.196
common_voice_cv_26942321,2.196
common_voice_cv_26942322,1.98
common_voice_cv_26942323,2.196
common_voice_cv_26942324,2.088
common_voice_cv_26942472,2.52
common_voice_cv_26942474,2.34
common_voice_cv_26942478,7.38
common_voice_cv_26942480,5.4
common_voice_cv_26942482,8.1
common_voice_cv_26995033,3.888
common_voice_cv_26995034,3.528
common_voice_cv_26995035,3.996
common_voice_cv_26995036,3.78
common_voice_cv_26995037,3.96
common_voice_cv_26995063,3.78
common_voice_cv_26995064,3.06
common_voice_cv_26995067,3.42
common_voice_cv_26995070,4.5
common_voice_cv_26995072,2.988
common_voice_cv_26995113,3.888
common_voice_cv_26995114,4.896
common_voice_cv_26995115,3.06
common_voice_cv_26995116,3.456
common_voice_cv_26995117,4.176
common_voice_cv_26995153,3.528
common_voice_cv_26995154,4.248
common_voice_cv_26995155,3.888
common_voice_cv_26995156,4.356
common_voice_cv_26995157,3.888
common_voice_cv_26995183,3.78
common_voice_cv_26995184,3.42
common_voice_cv_26995185,4.32
common_voice_cv_26995186,3.24
common_voice_cv_26995187,3.24
common_voice_cv_26995378,3.168
common_voice_cv_26995380,3.24
common_voice_cv_26995383,4.896
common_voice_cv_26995385,3.456
common_voice_cv_26995387,3.24
common_voice_cv_26995443,3.168
common_voice_cv_26995444,4.176
common_voice_cv_26995446,3.996
common_voice_cv_26995448,3.42
common_voice_cv_26995451,3.276
common_voice_cv_26995493,4.68
common_voice_cv_26995494,2.556
common_voice_cv_26995495,2.556
common_voice_cv_26995498,3.996
common_voice_cv_26995502,2.7
common_voice_cv_26995549,7.236
common_voice_cv_26995551,3.708
common_voice_cv_26995554,4.176
common_voice_cv_26995556,4.896
common_voice_cv_26995557,2.988
common_voice_cv_26995742,4.14
common_voice_cv_26995743,3.636
common_voice_cv_26995744,4.248
common_voice_cv_26995745,3.78
common_voice_cv_26995746,3.24
common_voice_cv_26996408,3.276
common_voice_cv_26996409,3.528
common_voice_cv_26996410,3.24
common_voice_cv_26996411,3.996
common_voice_cv_26996412,3.24
common_voice_cv_26996474,4.14
common_voice_cv_26996478,2.736
common_voice_cv_26996480,3.78
common_voice_cv_26996483,3.06
common_voice_cv_26996487,4.428
common_voice_cv_26996535,3.888
common_voice_cv_26996538,4.248
common_voice_cv_26996540,3.06
common_voice_cv_26996542,3.42
common_voice_cv_26996544,3.42
common_voice_cv_26996633,3.78
common_voice_cv_26996634,4.5
common_voice_cv_26996635,2.196
common_voice_cv_26996637,4.716
common_voice_cv_26996638,4.14
common_voice_cv_26998620,2.736
common_voice_cv_26998623,4.68
common_voice_cv_26998626,5.58
common_voice_cv_26998627,3.42
common_voice_cv_26998628,3.708
common_voice_cv_26998649,4.968
common_voice_cv_26998650,3.168
common_voice_cv_26998651,4.428
common_voice_cv_26998652,3.636
common_voice_cv_26998653,4.86
common_voice_cv_26998674,4.716
common_voice_cv_26998675,4.86
common_voice_cv_26998677,2.016
common_voice_cv_26998680,4.248
common_voice_cv_26998682,5.076
common_voice_cv_26998709,4.428
common_voice_cv_26998710,4.5
common_voice_cv_26998711,3.42
common_voice_cv_26998712,4.248
common_voice_cv_26998713,4.248
common_voice_cv_26998783,4.428
common_voice_cv_26998785,4.86
common_voice_cv_26998786,4.356
common_voice_cv_26998787,5.4
common_voice_cv_26998788,4.14
common_voice_cv_26998869,4.5
common_voice_cv_26998870,3.708
common_voice_cv_26998871,3.528
common_voice_cv_26998873,4.716
common_voice_cv_26998874,3.636
common_voice_cv_26998899,3.708
common_voice_cv_26998900,2.736
common_voice_cv_26998901,2.556
common_voice_cv_27005275,2.088
common_voice_cv_27005276,3.708
common_voice_cv_27005277,4.5
common_voice_cv_27005278,2.988
common_voice_cv_27005279,2.808
common_voice_cv_27005290,3.78
common_voice_cv_27005291,4.356
common_voice_cv_27005292,3.456
common_voice_cv_27005293,4.14
common_voice_cv_27005294,3.24
common_voice_cv_27005295,3.996
common_voice_cv_27005296,3.528
common_voice_cv_27005297,3.528
common_voice_cv_27005298,4.428
common_voice_cv_27005299,3.276
common_voice_cv_27010248,2.808
common_voice_cv_27010249,4.068
common_voice_cv_27010251,4.428
common_voice_cv_27010253,3.96
common_voice_cv_27010254,3.42
common_voice_cv_27010335,3.06
common_voice_cv_27010337,4.32
common_voice_cv_27010339,2.016
common_voice_cv_27010340,4.5
common_voice_cv_27010341,3.78
common_voice_cv_27010343,3.708
common_voice_cv_27010377,4.356
common_voice_cv_27010378,4.428
common_voice_cv_27010379,5.4
common_voice_cv_27010380,3.888
common_voice_cv_27020169,2.448
common_voice_cv_27020170,3.42
common_voice_cv_27020171,3.456
common_voice_cv_27020172,4.248
common_voice_cv_27020173,3.96
common_voice_cv_27020204,3.96
common_voice_cv_27020205,4.248
common_voice_cv_27020206,4.14
common_voice_cv_27020268,4.176
common_voice_cv_27020270,3.276
common_voice_cv_27020271,4.428
common_voice_cv_27020272,3.636
common_voice_cv_27020296,3.528
common_voice_cv_27020297,3.456
common_voice_cv_27020323,4.248
common_voice_cv_27036781,4.86
common_voice_cv_27036783,5.076
common_voice_cv_27036785,5.4
common_voice_cv_27036787,5.148
common_voice_cv_27036789,4.716
common_voice_cv_27036836,3.708
common_voice_cv_27036840,2.988
common_voice_cv_27036845,4.14
common_voice_cv_27036849,3.636
common_voice_cv_27036852,4.248
common_voice_cv_27036920,5.076
common_voice_cv_27036922,4.356
common_voice_cv_27036924,3.636
common_voice_cv_27036926,3.528
common_voice_cv_27036927,2.916
common_voice_cv_27036993,3.168
common_voice_cv_27036995,4.428
common_voice_cv_27036997,3.528
common_voice_cv_27036998,3.456
common_voice_cv_27036999,3.168
common_voice_cv_27038368,4.428
common_voice_cv_27038370,3.78
common_voice_cv_27038380,3.636
common_voice_cv_27038387,2.016
common_voice_cv_27038394,3.42
common_voice_cv_27038458,5.868
common_voice_cv_27038460,4.428
common_voice_cv_27038464,3.528
common_voice_cv_27038466,3.276
common_voice_cv_27038469,4.32
common_voice_cv_27038488,3.276
common_voice_cv_27038511,3.168
common_voice_cv_27038514,3.276
common_voice_cv_27039529,4.608
common_voice_cv_27039536,4.5
common_voice_cv_27039540,3.42
common_voice_cv_27039548,4.86
common_voice_cv_27039554,4.428
common_voice_cv_27039739,3.42
common_voice_cv_27039744,4.356
common_voice_cv_27039749,3.78
common_voice_cv_27039758,4.428
common_voice_cv_27155461,2.268
common_voice_cv_27155462,1.98
common_voice_cv_27155463,2.088
common_voice_cv_27155464,1.98
common_voice_cv_27155465,2.088
common_voice_cv_27155471,1.98
common_voice_cv_27155472,1.98
common_voice_cv_27155473,2.268
common_voice_cv_27155474,2.16
common_voice_cv_27155475,2.448
common_voice_cv_27224318,3.42
common_voice_cv_27224319,2.7
common_voice_cv_27224320,2.268
common_voice_cv_27224321,4.356
common_voice_cv_27224322,3.708
common_voice_cv_27224328,4.896
common_voice_cv_27224329,4.896
common_voice_cv_27224330,3.528
common_voice_cv_27224331,3.708
common_voice_cv_27224332,4.86
common_voice_cv_27224351,5.94
common_voice_cv_27224354,5.688
common_voice_cv_27224355,3.24
common_voice_cv_27224356,4.14
common_voice_cv_27224357,3.42
common_voice_cv_27224373,4.716
common_voice_cv_27224374,3.708
common_voice_cv_27224375,5.076
common_voice_cv_27224376,5.256
common_voice_cv_27224378,5.94
common_voice_cv_27263223,3.78
common_voice_cv_27263224,5.58
common_voice_cv_27263225,3.42
common_voice_cv_27263226,3.528
common_voice_cv_27263227,4.68
common_voice_cv_27263319,5.076
common_voice_cv_27263320,4.86
common_voice_cv_27263322,5.94
common_voice_cv_27263323,4.896
common_voice_cv_27263324,4.176
common_voice_cv_27275685,3.78
common_voice_cv_27275686,3.24
common_voice_cv_27275687,4.608
common_voice_cv_27275688,3.78
common_voice_cv_27275689,2.916
common_voice_cv_27279606,3.528
common_voice_cv_27401038,4.608
common_voice_cv_27401040,4.356
common_voice_cv_27401043,3.888
common_voice_cv_27401044,3.708
common_voice_cv_27401047,4.248
common_voice_cv_27405934,3.636
common_voice_cv_27405935,4.5
common_voice_cv_27405936,4.608
common_voice_cv_27405937,4.428
common_voice_cv_27405938,4.896
common_voice_cv_27405950,4.968
common_voice_cv_27405951,4.248
common_voice_cv_27405953,5.616
common_voice_cv_27405955,3.996
common_voice_cv_27405956,4.86
common_voice_cv_27425090,5.076
common_voice_cv_27425091,4.428
common_voice_cv_27425092,4.86
common_voice_cv_27425093,4.5
common_voice_cv_27425094,5.076
common_voice_cv_27448274,2.988
common_voice_cv_27448275,5.4
common_voice_cv_27448378,3.78
common_voice_cv_27448379,4.716
common_voice_cv_27448380,3.996
common_voice_cv_27448381,3.78
common_voice_cv_27448382,4.5
common_voice_cv_27448921,5.58
common_voice_cv_27448922,3.168
common_voice_cv_27448923,4.86
common_voice_cv_27448924,5.616
common_voice_cv_27448926,4.896
common_voice_cv_27449004,3.708
common_voice_cv_27449005,5.436
common_voice_cv_27449006,3.888
common_voice_cv_27449007,3.42
common_voice_cv_27449008,5.22
common_voice_cv_27449141,5.796
common_voice_cv_27449142,2.736
common_voice_cv_27449143,3.96
common_voice_cv_27449144,3.528
common_voice_cv_27449146,4.428
common_voice_cv_27449255,2.556
common_voice_cv_27449256,3.636
common_voice_cv_27449257,3.636
common_voice_cv_27449258,3.78
common_voice_cv_27449259,3.456
common_voice_cv_27449320,3.78
common_voice_cv_27449321,4.608
common_voice_cv_27449322,2.988
common_voice_cv_27449323,4.356
common_voice_cv_27449325,2.556
common_voice_cv_27449427,3.42
common_voice_cv_27449429,2.916
common_voice_cv_27449434,4.248
common_voice_cv_27449435,3.42
common_voice_cv_27449436,5.148
common_voice_cv_27449531,4.356
common_voice_cv_27449537,4.176
common_voice_cv_27449539,3.06
common_voice_cv_27449540,4.14
common_voice_cv_27449541,2.988
common_voice_cv_27449637,4.5
common_voice_cv_27449643,5.868
common_voice_cv_27449644,4.14
common_voice_cv_27449645,3.42
common_voice_cv_27449646,5.076
common_voice_cv_27449695,5.688
common_voice_cv_27449696,3.456
common_voice_cv_27449697,4.176
common_voice_cv_27449698,4.14
common_voice_cv_27449699,3.42
common_voice_cv_27459230,4.608
common_voice_cv_27459233,6.876
common_voice_cv_27459234,4.968
common_voice_cv_27459237,4.608
common_voice_cv_27459238,4.716
common_voice_cv_27459307,6.156
common_voice_cv_27459308,5.94
common_voice_cv_27459309,5.328
common_voice_cv_27459310,6.156
common_voice_cv_27459311,6.3
common_voice_cv_27459354,4.896
common_voice_cv_27459355,4.896
common_voice_cv_27459356,5.868
common_voice_cv_27459357,5.436
common_voice_cv_27459359,2.916
common_voice_cv_27459437,4.248
common_voice_cv_27459438,4.14
common_voice_cv_27459439,5.076
common_voice_cv_27459440,4.968
common_voice_cv_27459441,2.7
common_voice_cv_27459508,4.968
common_voice_cv_27459509,4.86
common_voice_cv_27459510,3.24
common_voice_cv_27459512,5.076
common_voice_cv_27459513,2.808
common_voice_cv_27459586,4.176
common_voice_cv_27459587,4.248
common_voice_cv_27459588,5.436
common_voice_cv_27459589,2.448
common_voice_cv_27459590,3.888
common_voice_cv_27459682,5.328
common_voice_cv_27459685,5.328
common_voice_cv_27459688,5.328
common_voice_cv_27459690,3.24
common_voice_cv_27459692,3.708
common_voice_cv_27503674,4.716
common_voice_cv_27503675,6.048
common_voice_cv_27503676,4.5
common_voice_cv_27503677,4.428
common_voice_cv_27503678,4.716
common_voice_cv_27503689,4.608
common_voice_cv_27503690,3.78
common_voice_cv_27503691,5.076
common_voice_cv_27503692,2.988
common_voice_cv_27503693,3.168
common_voice_cv_27503710,2.988
common_voice_cv_27503711,4.176
common_voice_cv_27503712,3.24
common_voice_cv_27503713,2.52
common_voice_cv_27503714,2.916
common_voice_cv_27504743,4.14
common_voice_cv_27504744,4.68
common_voice_cv_27504745,4.356
common_voice_cv_27504746,4.248
common_voice_cv_27504747,4.14
common_voice_cv_27504785,6.588
common_voice_cv_27504786,4.14
common_voice_cv_27504787,3.06
common_voice_cv_27504788,3.636
common_voice_cv_27504789,3.96
common_voice_cv_27504819,3.636
common_voice_cv_27504821,2.7
common_voice_cv_27504823,2.556
common_voice_cv_27504824,3.276
common_voice_cv_27504826,2.52
common_voice_cv_27504875,3.276
common_voice_cv_27504876,3.276
common_voice_cv_27504877,3.636
common_voice_cv_27504878,4.356
common_voice_cv_27504879,3.636
common_voice_cv_27512821,4.176
common_voice_cv_27512826,3.888
common_voice_cv_27512828,4.176
common_voice_cv_27512829,2.808
common_voice_cv_27512830,4.176
common_voice_cv_27512851,4.14
common_voice_cv_27512853,5.076
common_voice_cv_27512856,4.356
common_voice_cv_27512858,3.708
common_voice_cv_27512860,6.156
common_voice_cv_27512871,5.58
common_voice_cv_27512882,6.3
common_voice_cv_27512938,5.796
common_voice_cv_27512939,6.156
common_voice_cv_27512940,6.84
common_voice_cv_27512944,8.1
common_voice_cv_27512947,6.588
common_voice_cv_27513023,6.3
common_voice_cv_27513024,4.68
common_voice_cv_27513025,3.996
common_voice_cv_27513026,5.688
common_voice_cv_27513027,4.14
common_voice_cv_27513033,4.968
common_voice_cv_27513034,7.236
common_voice_cv_27513035,5.076
common_voice_cv_27513036,5.94
common_voice_cv_27513037,4.14
common_voice_cv_27513047,5.616
common_voice_cv_27513049,4.176
common_voice_cv_27513050,6.588
common_voice_cv_27513051,3.996
common_voice_cv_27513052,3.456
common_voice_cv_27513053,5.436
common_voice_cv_27513054,5.616
common_voice_cv_27513055,6.3
common_voice_cv_27513056,4.248
common_voice_cv_27513057,4.608
common_voice_cv_27513058,4.68
common_voice_cv_27513059,5.58
common_voice_cv_27513060,4.68
common_voice_cv_27513061,5.616
common_voice_cv_27513062,4.68
common_voice_cv_27513063,4.716
common_voice_cv_27513064,5.22
common_voice_cv_27513065,5.076
common_voice_cv_27513066,6.516
common_voice_cv_27513067,3.78
common_voice_cv_27513068,2.916
common_voice_cv_27513069,4.896
common_voice_cv_27513070,5.4
common_voice_cv_27513071,5.58
common_voice_cv_27513072,6.768
common_voice_cv_27513073,7.74
common_voice_cv_27513074,3.528
common_voice_cv_27513075,4.5
common_voice_cv_27513076,3.24
common_voice_cv_27513077,5.94
common_voice_cv_27513078,7.056
common_voice_cv_27513079,4.788
common_voice_cv_27513080,3.24
common_voice_cv_27513081,4.608
common_voice_cv_27513082,6.048
common_voice_cv_27513083,5.22
common_voice_cv_27513084,5.58
common_voice_cv_27513085,2.52
common_voice_cv_27513086,3.42
common_voice_cv_27513087,5.796
common_voice_cv_27513088,2.988
common_voice_cv_27513089,4.428
common_voice_cv_27513090,2.808
common_voice_cv_27513548,2.736
common_voice_cv_27513550,3.276
common_voice_cv_27513552,6.048
common_voice_cv_27513553,4.608
common_voice_cv_27513554,2.808
common_voice_cv_27513593,3.456
common_voice_cv_27513594,3.888
common_voice_cv_27513595,4.32
common_voice_cv_27513596,5.868
common_voice_cv_27513597,4.68
common_voice_cv_27513633,5.148
common_voice_cv_27513634,3.456
common_voice_cv_27513635,4.428
common_voice_cv_27513637,4.608
common_voice_cv_27513638,3.528
common_voice_cv_27514149,3.528
common_voice_cv_27514150,2.916
common_voice_cv_27514151,4.86
common_voice_cv_27514152,5.148
common_voice_cv_27514153,4.5
common_voice_cv_27514169,4.716
common_voice_cv_27514170,3.456
common_voice_cv_27514171,3.06
common_voice_cv_27514172,5.58
common_voice_cv_27514173,4.716
common_voice_cv_27514188,6.156
common_voice_cv_27514189,3.78
common_voice_cv_27514190,2.52
common_voice_cv_27514191,5.148
common_voice_cv_27514192,4.86
common_voice_cv_27514222,6.048
common_voice_cv_27514228,4.428
common_voice_cv_27514243,5.328
common_voice_cv_27514266,3.168
common_voice_cv_27514267,2.916
common_voice_cv_27515201,4.176
common_voice_cv_27515215,3.78
common_voice_cv_27515273,4.896
common_voice_cv_27515409,4.68
common_voice_cv_27515415,4.86
common_voice_cv_27515457,4.428
common_voice_cv_27515458,5.616
common_voice_cv_27515459,4.896
common_voice_cv_27515460,3.708
common_voice_cv_27515461,5.868
common_voice_cv_27517227,3.42
common_voice_cv_27517229,3.708
common_voice_cv_27517231,5.4
common_voice_cv_27517233,4.14
common_voice_cv_27517234,3.96
common_voice_cv_27517245,4.5
common_voice_cv_27517246,4.356
common_voice_cv_27517247,5.94
common_voice_cv_27517248,3.96
common_voice_cv_27517249,3.24
common_voice_cv_27517250,2.988
common_voice_cv_27517251,5.148
common_voice_cv_27517253,6.48
common_voice_cv_27517254,6.948
common_voice_cv_27517256,5.796
common_voice_cv_27517270,7.416
common_voice_cv_27517271,5.976
common_voice_cv_27517272,4.248
common_voice_cv_27517273,5.58
common_voice_cv_27517274,6.3
common_voice_cv_27517290,6.12
common_voice_cv_27517291,5.688
common_voice_cv_27517292,5.688
common_voice_cv_27517298,3.78
common_voice_cv_27517299,6.12
common_voice_cv_27517302,4.86
common_voice_cv_27517306,4.176
common_voice_cv_27517307,6.048
common_voice_cv_27517365,4.248
common_voice_cv_27517366,3.168
common_voice_cv_27517367,7.02
common_voice_cv_27517368,3.78
common_voice_cv_27517369,4.248
common_voice_cv_27517385,4.5
common_voice_cv_27517386,6.048
common_voice_cv_27517387,5.58
common_voice_cv_27517388,3.888
common_voice_cv_27517389,6.588
common_voice_cv_27517390,7.128
common_voice_cv_27517391,3.276
common_voice_cv_27517393,2.736
common_voice_cv_27517394,5.796
common_voice_cv_27517400,5.076
common_voice_cv_27517401,2.916
common_voice_cv_27517402,6.12
common_voice_cv_27517403,4.428
common_voice_cv_27517404,3.96
common_voice_cv_27517428,3.708
common_voice_cv_27517429,5.688
common_voice_cv_27517430,4.248
common_voice_cv_27517435,5.796
common_voice_cv_27517437,3.528
common_voice_cv_27517448,4.896
common_voice_cv_27517449,2.736
common_voice_cv_27517450,6.66
common_voice_cv_27517451,7.236
common_voice_cv_27517452,5.076
common_voice_cv_27517458,5.148
common_voice_cv_27517459,5.4
common_voice_cv_27517460,5.688
common_voice_cv_27517461,5.868
common_voice_cv_27517462,4.86
common_voice_cv_27517463,6.48
common_voice_cv_27517464,4.248
common_voice_cv_27517465,2.52
common_voice_cv_27517466,6.84
common_voice_cv_27517467,2.088
common_voice_cv_27517473,6.12
common_voice_cv_27517474,3.78
common_voice_cv_27517475,7.956
common_voice_cv_27517476,2.52
common_voice_cv_27517477,3.996
common_voice_cv_27518456,4.428
common_voice_cv_27518458,5.58
common_voice_cv_27518459,7.596
common_voice_cv_27518462,5.868
common_voice_cv_27518465,5.148
common_voice_cv_27518491,5.796
common_voice_cv_27518492,4.716
common_voice_cv_27518493,3.888
common_voice_cv_27518494,4.536
common_voice_cv_27518495,5.148
common_voice_cv_27518504,5.94
common_voice_cv_27518507,6.588
common_voice_cv_27518508,6.3
common_voice_cv_27518509,5.148
common_voice_cv_27518512,2.808
common_voice_cv_27518541,6.048
common_voice_cv_27518542,4.86
common_voice_cv_27518543,4.86
common_voice_cv_27518544,4.176
common_voice_cv_27518545,5.328
common_voice_cv_27518596,5.616
common_voice_cv_27518602,6.12
common_voice_cv_27518603,5.436
common_voice_cv_27518604,5.328
common_voice_cv_27518605,5.58
common_voice_cv_27518636,7.74
common_voice_cv_27518637,5.076
common_voice_cv_27518638,6.588
common_voice_cv_27518639,4.716
common_voice_cv_27518640,3.708
common_voice_cv_27518706,3.996
common_voice_cv_27518707,4.176
common_voice_cv_27518708,3.996
common_voice_cv_27518709,5.076
common_voice_cv_27518710,4.86
common_voice_cv_27518756,5.148
common_voice_cv_27518757,4.968
common_voice_cv_27518758,5.4
common_voice_cv_27518759,2.736
common_voice_cv_27518760,2.16
common_voice_cv_27518776,4.356
common_voice_cv_27523725,5.4
common_voice_cv_27523726,4.896
common_voice_cv_27523727,6.3
common_voice_cv_27523728,3.636
common_voice_cv_27523729,4.428
common_voice_cv_27523730,3.168
common_voice_cv_27523731,4.86
common_voice_cv_27523732,4.14
common_voice_cv_27523733,5.4
common_voice_cv_27523734,7.236
common_voice_cv_27523735,6.228
common_voice_cv_27523736,4.716
common_voice_cv_27523737,3.996
common_voice_cv_27523738,4.14
common_voice_cv_27523745,4.356
common_voice_cv_27523746,4.248
common_voice_cv_27523747,3.708
common_voice_cv_27523748,3.996
common_voice_cv_27523749,6.876
common_voice_cv_27523755,3.708
common_voice_cv_27523756,4.896
common_voice_cv_27523757,3.96
common_voice_cv_27523758,4.86
common_voice_cv_27523759,4.176
common_voice_cv_27523786,6.516
common_voice_cv_27523787,5.148
common_voice_cv_27523788,5.22
common_voice_cv_27523789,5.22
common_voice_cv_27523790,5.22
common_voice_cv_27523816,4.356
common_voice_cv_27523817,4.248
common_voice_cv_27523818,5.94
common_voice_cv_27523819,5.436
common_voice_cv_27523820,6.228
common_voice_cv_27523836,3.528
common_voice_cv_27523837,4.428
common_voice_cv_27523838,3.996
common_voice_cv_27523839,3.168
common_voice_cv_27523840,3.42
common_voice_cv_27523861,3.708
common_voice_cv_27523862,4.248
common_voice_cv_27523863,4.68
common_voice_cv_27523864,4.428
common_voice_cv_27523865,1.836
common_voice_cv_27523871,3.708
common_voice_cv_27523872,3.42
common_voice_cv_27523873,3.78
common_voice_cv_27523874,5.868
common_voice_cv_27523875,3.96
common_voice_cv_27523891,3.276
common_voice_cv_27523892,3.996
common_voice_cv_27523893,4.896
common_voice_cv_27523896,4.788
common_voice_cv_27523898,4.176
common_voice_cv_27523915,4.716
common_voice_cv_27523916,4.5
common_voice_cv_27523917,4.68
common_voice_cv_27523918,3.456
common_voice_cv_27523920,5.868
common_voice_cv_27523935,3.528
common_voice_cv_27523936,5.4
common_voice_cv_27523937,6.336
common_voice_cv_27523938,5.436
common_voice_cv_27523939,4.968
common_voice_cv_27523962,5.22
common_voice_cv_27523964,5.58
common_voice_cv_27523966,6.048
common_voice_cv_27523968,5.796
common_voice_cv_27523969,4.176
common_voice_cv_27523999,7.488
common_voice_cv_27524000,4.428
common_voice_cv_27524001,3.96
common_voice_cv_27524002,3.708
common_voice_cv_27524003,3.276
common_voice_cv_27524024,5.76
common_voice_cv_27524025,5.688
common_voice_cv_27524026,5.076
common_voice_cv_27524027,4.968
common_voice_cv_27524028,2.7
common_voice_cv_27524059,3.276
common_voice_cv_27524060,3.888
common_voice_cv_27524061,4.428
common_voice_cv_27524729,2.34
common_voice_cv_27524730,2.268
common_voice_cv_27524731,2.088
common_voice_cv_27524732,1.728
common_voice_cv_27524733,1.836
common_voice_cv_27524859,2.016
common_voice_cv_27524860,2.088
common_voice_cv_27524861,2.52
common_voice_cv_27524862,2.988
common_voice_cv_27524863,2.448
common_voice_cv_27524906,1.62
common_voice_cv_27524907,1.728
common_voice_cv_27524908,4.14
common_voice_cv_27524909,3.456
common_voice_cv_27524910,4.716
common_voice_cv_27525125,6.84
common_voice_cv_27525126,3.816
common_voice_cv_27525127,6.876
common_voice_cv_27525128,5.436
common_voice_cv_27525129,5.22
common_voice_cv_27525503,3.528
common_voice_cv_27525504,4.356
common_voice_cv_27525505,3.06
common_voice_cv_27525506,3.456
common_voice_cv_27525507,2.7
common_voice_cv_27525527,4.176
common_voice_cv_27525528,4.176
common_voice_cv_27525529,5.688
common_voice_cv_27525530,2.736
common_voice_cv_27526313,3.888
common_voice_cv_27526316,2.808
common_voice_cv_27526319,3.276
common_voice_cv_27526321,4.716
common_voice_cv_27526324,2.016
common_voice_cv_27526823,2.7
common_voice_cv_27526824,4.428
common_voice_cv_27526825,2.34
common_voice_cv_27526826,3.528
common_voice_cv_27526827,2.736
common_voice_cv_27526853,3.06
common_voice_cv_27526855,3.456
common_voice_cv_27526857,3.42
common_voice_cv_27526859,1.98
common_voice_cv_27526860,2.268
common_voice_cv_27528105,5.22
common_voice_cv_27528106,5.328
common_voice_cv_27528107,6.12
common_voice_cv_27528108,3.24
common_voice_cv_27528109,6.3
common_voice_cv_27528144,6.84
common_voice_cv_27528146,5.4
common_voice_cv_27528147,4.896
common_voice_cv_27528148,5.94
common_voice_cv_27528149,5.58
common_voice_cv_27528155,3.42
common_voice_cv_27528156,5.796
common_voice_cv_27528157,6.12
common_voice_cv_27528158,4.86
common_voice_cv_27528159,5.688
common_voice_cv_27528185,5.688
common_voice_cv_27528186,6.228
common_voice_cv_27528187,2.556
common_voice_cv_27528188,5.688
common_voice_cv_27528189,3.636
common_voice_cv_27528224,6.768
common_voice_cv_27528225,3.888
common_voice_cv_27528226,3.708
common_voice_cv_27528227,6.768
common_voice_cv_27528228,4.896
common_voice_cv_27528483,4.14
common_voice_cv_27528484,3.888
common_voice_cv_27528485,5.436
common_voice_cv_27528486,4.68
common_voice_cv_27528487,3.996
common_voice_cv_27528543,3.24
common_voice_cv_27528544,2.52
common_voice_cv_27528545,4.68
common_voice_cv_27528546,2.556
common_voice_cv_27528556,5.22
common_voice_cv_27528557,4.716
common_voice_cv_27528558,2.34
common_voice_cv_27528559,4.248
common_voice_cv_27528560,3.636
common_voice_cv_27528580,4.608
common_voice_cv_27528581,4.68
common_voice_cv_27528584,6.156
common_voice_cv_27528586,5.22
common_voice_cv_27528587,5.436
common_voice_cv_27528613,4.176
common_voice_cv_27528614,4.176
common_voice_cv_27528615,5.616
common_voice_cv_27528616,5.868
common_voice_cv_27528617,5.616
common_voice_cv_27528649,4.5
common_voice_cv_27528650,3.42
common_voice_cv_27528651,6.588
common_voice_cv_27528652,4.176
common_voice_cv_27528654,5.94
common_voice_cv_27528734,4.248
common_voice_cv_27528735,2.196
common_voice_cv_27528736,5.58
common_voice_cv_27528737,5.328
common_voice_cv_27528738,5.22
common_voice_cv_27528754,5.328
common_voice_cv_27528755,3.456
common_voice_cv_27528756,5.436
common_voice_cv_27528757,5.4
common_voice_cv_27528758,5.076
common_voice_cv_27529272,2.988
common_voice_cv_27529273,2.808
common_voice_cv_27529274,3.528
common_voice_cv_27529275,2.916
common_voice_cv_27529276,2.268
common_voice_cv_27529298,3.96
common_voice_cv_27529299,4.248
common_voice_cv_27529300,3.708
common_voice_cv_27529301,3.06
common_voice_cv_27529302,3.456
common_voice_cv_27529316,2.196
common_voice_cv_27529317,3.78
common_voice_cv_27529319,3.996
common_voice_cv_27529320,4.356
common_voice_cv_27529321,3.456
common_voice_cv_27529358,3.06
common_voice_cv_27529359,4.86
common_voice_cv_27529360,4.86
common_voice_cv_27529361,2.52
common_voice_cv_27529362,3.456
common_voice_cv_27529388,2.916
common_voice_cv_27529389,4.248
common_voice_cv_27529390,3.42
common_voice_cv_27529391,2.808
common_voice_cv_27529392,2.7
common_voice_cv_27529423,2.52
common_voice_cv_27529424,2.34
common_voice_cv_27529425,4.14
common_voice_cv_27529426,3.42
common_voice_cv_27529427,3.528
common_voice_cv_27529438,2.808
common_voice_cv_27529439,3.996
common_voice_cv_27529440,5.4
common_voice_cv_27529441,3.78
common_voice_cv_27529442,3.528
common_voice_cv_27529488,3.78
common_voice_cv_27529489,3.996
common_voice_cv_27529490,4.428
common_voice_cv_27529491,3.78
common_voice_cv_27529492,4.248
common_voice_cv_27529518,2.916
common_voice_cv_27529519,3.708
common_voice_cv_27529520,2.736
common_voice_cv_27529521,2.556
common_voice_cv_27529522,2.988
common_voice_cv_27533905,4.356
common_voice_cv_27533907,5.796
common_voice_cv_27533911,5.76
common_voice_cv_27533913,5.868
common_voice_cv_27533915,3.708
common_voice_cv_27533932,5.688
common_voice_cv_27533933,5.688
common_voice_cv_27533934,2.448
common_voice_cv_27533935,4.68
common_voice_cv_27533936,6.3
common_voice_cv_27533955,5.94
common_voice_cv_27533956,3.96
common_voice_cv_27533957,5.436
common_voice_cv_27533958,5.148
common_voice_cv_27533959,6.156
common_voice_cv_27533979,5.688
common_voice_cv_27533980,3.708
common_voice_cv_27533981,4.86
common_voice_cv_27533982,2.736
common_voice_cv_27536982,4.176
common_voice_cv_27536983,4.86
common_voice_cv_27536984,4.716
common_voice_cv_27536985,4.356
common_voice_cv_27536986,5.688
common_voice_cv_27537012,3.528
common_voice_cv_27537013,4.896
common_voice_cv_27537014,6.876
common_voice_cv_27537015,5.94
common_voice_cv_27537016,5.148
common_voice_cv_27537017,5.4
common_voice_cv_27537041,3.636
common_voice_cv_27537044,3.528
common_voice_cv_27537045,4.5
common_voice_cv_27537048,4.176
common_voice_cv_27537063,3.456
common_voice_cv_27537064,3.78
common_voice_cv_27537065,3.276
common_voice_cv_27537066,2.808
common_voice_cv_27537067,3.528
common_voice_cv_27537077,5.328
common_voice_cv_27537079,3.42
common_voice_cv_27537081,5.4
common_voice_cv_27537086,5.58
common_voice_cv_27537087,4.86
common_voice_cv_27537093,5.076
common_voice_cv_27537094,4.176
common_voice_cv_27537095,4.14
common_voice_cv_27537096,3.636
common_voice_cv_27537098,4.86
common_voice_cv_27537163,6.696
common_voice_cv_27537164,4.68
common_voice_cv_27537165,5.076
common_voice_cv_27537166,3.78
common_voice_cv_27537167,2.556
common_voice_cv_27537168,4.5
common_voice_cv_27537169,5.328
common_voice_cv_27537170,5.076
common_voice_cv_27537171,5.616
common_voice_cv_27537172,6.336
common_voice_cv_27537190,4.356
common_voice_cv_27537191,4.428
common_voice_cv_27537194,4.248
common_voice_cv_27537197,4.5
common_voice_cv_27537199,4.428
common_voice_cv_27537226,3.96
common_voice_cv_27537228,3.24
common_voice_cv_27537230,5.796
common_voice_cv_27537231,5.688
common_voice_cv_27537233,5.868
common_voice_cv_27537250,5.688
common_voice_cv_27537252,5.976
common_voice_cv_27537254,4.176
common_voice_cv_27537257,4.86
common_voice_cv_27537258,3.456
common_voice_cv_27537264,3.996
common_voice_cv_27537265,5.616
common_voice_cv_27537266,4.248
common_voice_cv_27537267,3.276
common_voice_cv_27537268,4.68
common_voice_cv_27537279,3.996
common_voice_cv_27537280,4.176
common_voice_cv_27537281,5.148
common_voice_cv_27537282,6.48
common_voice_cv_27537283,3.96
common_voice_cv_27537294,7.02
common_voice_cv_27537295,5.4
common_voice_cv_27537296,5.58
common_voice_cv_27537297,3.96
common_voice_cv_27537298,5.688
common_voice_cv_27550175,4.68
common_voice_cv_27550176,3.708
common_voice_cv_27550177,6.048
common_voice_cv_27550178,6.516
common_voice_cv_27550179,5.616
common_voice_cv_27550185,8.208
common_voice_cv_27550186,4.176
common_voice_cv_27550187,6.408
common_voice_cv_27550188,4.68
common_voice_cv_27550189,3.708
common_voice_cv_27550190,4.716
common_voice_cv_27550191,2.7
common_voice_cv_27550192,2.88
common_voice_cv_27550193,4.356
common_voice_cv_27550195,4.5
common_voice_cv_27550205,4.428
common_voice_cv_27550206,3.888
common_voice_cv_27550207,3.528
common_voice_cv_27550208,5.076
common_voice_cv_27550209,4.716
common_voice_cv_27550220,4.608
common_voice_cv_27550221,4.896
common_voice_cv_27550222,5.58
common_voice_cv_27550223,4.608
common_voice_cv_27550224,4.176
common_voice_cv_27550230,5.58
common_voice_cv_27550231,3.888
common_voice_cv_27550232,4.608
common_voice_cv_27550233,3.276
common_voice_cv_27550234,3.888
common_voice_cv_27550240,5.616
common_voice_cv_27550241,3.456
common_voice_cv_27550242,3.636
common_voice_cv_27550243,5.328
common_voice_cv_27550244,5.796
common_voice_cv_27550253,6.84
common_voice_cv_27550254,3.78
common_voice_cv_27550255,4.14
common_voice_cv_27550256,5.22
common_voice_cv_27550257,4.176
common_voice_cv_27550264,5.688
common_voice_cv_27550265,5.58
common_voice_cv_27550267,4.356
common_voice_cv_27550268,4.86
common_voice_cv_27550270,3.96
common_voice_cv_27550271,4.356
common_voice_cv_27550273,4.176
common_voice_cv_27550274,4.968
common_voice_cv_27550275,4.716
common_voice_cv_27550276,6.84
common_voice_cv_27550278,7.056
common_voice_cv_27550279,6.336
common_voice_cv_27550280,5.4
common_voice_cv_27550281,5.148
common_voice_cv_27550282,4.608
common_voice_cv_27550286,3.888
common_voice_cv_27550287,3.06
common_voice_cv_27550288,6.588
common_voice_cv_27550289,4.86
common_voice_cv_27550290,4.248
common_voice_cv_27550294,4.248
common_voice_cv_27550295,3.456
common_voice_cv_27550296,4.428
common_voice_cv_27550297,5.328
common_voice_cv_27550298,5.94
common_voice_cv_27550304,4.86
common_voice_cv_27550306,3.78
common_voice_cv_27550307,3.96
common_voice_cv_27550308,5.796
common_voice_cv_27550309,3.888
common_voice_cv_27550312,4.716
common_voice_cv_27550313,2.808
common_voice_cv_27550314,3.6
common_voice_cv_27550315,4.5
common_voice_cv_27550316,4.716
common_voice_cv_27550317,4.248
common_voice_cv_27550318,3.996
common_voice_cv_27550319,3.636
common_voice_cv_27550320,4.716
common_voice_cv_27550321,5.94
common_voice_cv_27550322,5.436
common_voice_cv_27550323,5.94
common_voice_cv_27550324,4.248
common_voice_cv_27550325,3.456
common_voice_cv_27550328,5.4
common_voice_cv_27550329,4.14
common_voice_cv_27550330,3.888
common_voice_cv_27550331,3.888
common_voice_cv_27550332,5.076
common_voice_cv_27583916,2.196
common_voice_cv_27583917,2.448
common_voice_cv_27583918,2.52
common_voice_cv_27583919,2.448
common_voice_cv_27583920,2.268
common_voice_cv_27583936,1.368
common_voice_cv_27583937,2.196
common_voice_cv_27583938,2.088
common_voice_cv_27583939,2.088
common_voice_cv_27583940,2.088
common_voice_cv_27583949,2.52
common_voice_cv_27583950,2.016
common_voice_cv_27583951,8.496
common_voice_cv_27583953,5.4
common_voice_cv_27583955,4.86
common_voice_cv_27583964,6.156
common_voice_cv_27583965,7.776
common_voice_cv_27583966,8.748
common_voice_cv_27583967,6.336
common_voice_cv_27583968,8.748
common_voice_cv_27583977,9.036
common_voice_cv_27583979,4.248
common_voice_cv_27583981,7.236
common_voice_cv_27583982,3.24
common_voice_cv_27583983,6.876
common_voice_cv_27583989,3.168
common_voice_cv_27583990,7.776
common_voice_cv_27583991,6.588
common_voice_cv_27583992,4.716
common_voice_cv_27583993,7.488
common_voice_cv_27584004,3.636
common_voice_cv_27584005,3.708
common_voice_cv_27584006,7.488
common_voice_cv_27584007,7.56
common_voice_cv_27584008,6.516
common_voice_cv_27584019,5.076
common_voice_cv_27584020,8.496
common_voice_cv_27584021,7.236
common_voice_cv_27584022,5.76
common_voice_cv_27584023,8.028
common_voice_cv_27584029,6.12
common_voice_cv_27584030,4.428
common_voice_cv_27584031,6.048
common_voice_cv_27584032,5.58
common_voice_cv_27584033,3.528
common_voice_cv_27584040,4.428
common_voice_cv_27584041,3.78
common_voice_cv_27584043,7.38
common_voice_cv_27584044,7.596
common_voice_cv_27584046,6.12
common_voice_cv_27584053,4.86
common_voice_cv_27584055,7.776
common_voice_cv_27584056,3.06
common_voice_cv_27584057,5.4
common_voice_cv_27584058,6.156
common_voice_cv_27584069,7.02
common_voice_cv_27584070,7.668
common_voice_cv_27584071,8.208
common_voice_cv_27584072,5.868
common_voice_cv_27584073,5.4
common_voice_cv_27584084,3.168
common_voice_cv_27584085,7.74
common_voice_cv_27584086,3.456
common_voice_cv_27584087,5.328
common_voice_cv_27584088,3.06
common_voice_cv_27584095,6.588
common_voice_cv_27584097,5.148
common_voice_cv_27584098,5.868
common_voice_cv_27584100,5.04
common_voice_cv_27584101,5.148
common_voice_cv_27584109,5.436
common_voice_cv_27584110,7.38
common_voice_cv_27584111,6.768
common_voice_cv_27584112,4.968
common_voice_cv_27584113,5.436
common_voice_cv_27584294,4.608
common_voice_cv_27584295,7.776
common_voice_cv_27584296,4.5
common_voice_cv_27584297,8.28
common_voice_cv_27584298,6.84
common_voice_cv_27584310,5.328
common_voice_cv_27584311,3.456
common_voice_cv_27584312,6.84
common_voice_cv_27584313,7.236
common_voice_cv_27584329,7.776
common_voice_cv_27584330,3.996
common_voice_cv_27584331,5.076
common_voice_cv_27584333,8.1
common_voice_cv_27584339,8.208
common_voice_cv_27584340,4.14
common_voice_cv_27584341,5.076
common_voice_cv_27584342,5.58
common_voice_cv_27584344,7.02
common_voice_cv_27584354,3.636
common_voice_cv_27584355,2.988
common_voice_cv_27584356,5.616
common_voice_cv_27584357,6.948
common_voice_cv_27584358,4.5
common_voice_cv_27584371,6.66
common_voice_cv_27584373,4.356
common_voice_cv_27584375,4.608
common_voice_cv_27584377,5.436
common_voice_cv_27584378,5.148
common_voice_cv_27584391,9.036
common_voice_cv_27584393,5.94
common_voice_cv_27584394,5.22
common_voice_cv_27584396,5.148
common_voice_cv_27584397,5.076
common_voice_cv_27584404,7.128
common_voice_cv_27584405,8.28
common_voice_cv_27584406,3.276
common_voice_cv_27584407,3.636
common_voice_cv_27584408,7.128
common_voice_cv_27584419,7.128
common_voice_cv_27584420,7.056
common_voice_cv_27584421,7.308
common_voice_cv_27584422,7.488
common_voice_cv_27584423,3.276
common_voice_cv_27584604,4.176
common_voice_cv_27584605,5.22
common_voice_cv_27584606,4.14
common_voice_cv_27584607,6.516
common_voice_cv_27584608,4.896
common_voice_cv_27584614,4.968
common_voice_cv_27584615,3.42
common_voice_cv_27584616,4.68
common_voice_cv_27584617,4.896
common_voice_cv_27584618,6.768
common_voice_cv_27584629,7.38
common_voice_cv_27584630,7.236
common_voice_cv_27584631,5.868
common_voice_cv_27584632,7.128
common_voice_cv_27584633,4.356
common_voice_cv_27584643,3.06
common_voice_cv_27584644,5.22
common_voice_cv_27584645,5.328
common_voice_cv_27584646,3.78
common_voice_cv_27584647,5.58
common_voice_cv_27584663,6.408
common_voice_cv_27584664,5.22
common_voice_cv_27584665,4.968
common_voice_cv_27584666,10.008
common_voice_cv_27584667,2.916
common_voice_cv_27584682,6.048
common_voice_cv_27584685,5.796
common_voice_cv_27584687,3.456
common_voice_cv_27584689,4.5
common_voice_cv_27584691,3.528
common_voice_cv_27584698,4.248
common_voice_cv_27584699,3.168
common_voice_cv_27584700,7.02
common_voice_cv_27584701,3.888
common_voice_cv_27584702,5.616
common_voice_cv_27584713,5.616
common_voice_cv_27584714,5.868
common_voice_cv_27584715,4.68
common_voice_cv_27584717,3.96
common_voice_cv_27584719,6.876
common_voice_cv_27584733,6.3
common_voice_cv_27584734,7.128
common_voice_cv_27584735,3.24
common_voice_cv_27584736,6.516
common_voice_cv_27584737,4.14
common_voice_cv_27584743,7.056
common_voice_cv_27584744,3.888
common_voice_cv_27584745,4.896
common_voice_cv_27584746,5.796
common_voice_cv_27584747,4.716
common_voice_cv_27584753,5.688
common_voice_cv_27584754,3.24
common_voice_cv_27584755,6.408
common_voice_cv_27584756,4.968
common_voice_cv_27584757,5.868
common_voice_cv_27584776,6.66
common_voice_cv_27584777,7.128
common_voice_cv_27584778,5.94
common_voice_cv_27584780,5.796
common_voice_cv_27584781,3.708
common_voice_cv_27584783,4.896
common_voice_cv_27584784,4.248
common_voice_cv_27584785,6.408
common_voice_cv_27584786,7.848
common_voice_cv_27584787,4.68
common_voice_cv_27584799,5.436
common_voice_cv_27584800,5.148
common_voice_cv_27584802,4.68
common_voice_cv_27584803,5.58
common_voice_cv_27584804,5.796
common_voice_cv_27584808,5.4
common_voice_cv_27584809,5.796
common_voice_cv_27584810,6.516
common_voice_cv_27584811,4.536
common_voice_cv_27584812,2.52
common_voice_cv_27584815,7.236
common_voice_cv_27584816,4.5
common_voice_cv_27584817,2.196
common_voice_cv_27584818,6.588
common_voice_cv_27584819,5.796
common_voice_cv_27584825,7.02
common_voice_cv_27584826,8.208
common_voice_cv_27584827,5.58
common_voice_cv_27584828,7.56
common_voice_cv_27584829,3.06
common_voice_cv_27584830,4.608
common_voice_cv_27584831,3.708
common_voice_cv_27584832,5.94
common_voice_cv_27584833,6.408
common_voice_cv_27584834,3.276
common_voice_cv_27584840,4.68
common_voice_cv_27584841,4.968
common_voice_cv_27584842,2.736
common_voice_cv_27584843,4.716
common_voice_cv_27584844,7.02
common_voice_cv_27584850,4.608
common_voice_cv_27584851,3.888
common_voice_cv_27584852,3.168
common_voice_cv_27584853,4.896
common_voice_cv_27584854,4.5
common_voice_cv_27584994,4.608
common_voice_cv_27584995,5.868
common_voice_cv_27584996,7.956
common_voice_cv_27584997,6.516
common_voice_cv_27584998,6.768
common_voice_cv_27584999,5.868
common_voice_cv_27585000,7.74
common_voice_cv_27585001,5.58
common_voice_cv_27585002,5.868
common_voice_cv_27585003,4.896
common_voice_cv_27585014,6.408
common_voice_cv_27585015,3.42
common_voice_cv_27585016,3.168
common_voice_cv_27585017,3.96
common_voice_cv_27585018,6.12
common_voice_cv_27585024,6.768
common_voice_cv_27585025,6.408
common_voice_cv_27585026,5.58
common_voice_cv_27585027,5.22
common_voice_cv_27585028,7.02
common_voice_cv_27585033,6.336
common_voice_cv_27585035,3.276
common_voice_cv_27585036,3.96
common_voice_cv_27585037,5.616
common_voice_cv_27585038,3.996
common_voice_cv_27585044,7.56
common_voice_cv_27585045,9.468
common_voice_cv_27585046,5.796
common_voice_cv_27585047,5.22
common_voice_cv_27585048,5.076
common_voice_cv_27585059,7.38
common_voice_cv_27585060,6.3
common_voice_cv_27585061,4.14
common_voice_cv_27585062,2.916
common_voice_cv_27585063,4.428
common_voice_cv_27585074,6.84
common_voice_cv_27585075,4.896
common_voice_cv_27585076,5.616
common_voice_cv_27585077,3.96
common_voice_cv_27585078,5.94
common_voice_cv_27585099,5.868
common_voice_cv_27585100,5.436
common_voice_cv_27585101,5.508
common_voice_cv_27585102,4.896
common_voice_cv_27585103,5.868
common_voice_cv_27585106,5.076
common_voice_cv_27585107,5.796
common_voice_cv_27585108,5.796
common_voice_cv_27585109,5.4
common_voice_cv_27585110,6.516
common_voice_cv_27585123,4.608
common_voice_cv_27585124,6.876
common_voice_cv_27585125,4.248
common_voice_cv_27585126,5.076
common_voice_cv_27585128,5.22
common_voice_cv_27585134,4.5
common_voice_cv_27585135,4.428
common_voice_cv_27585136,5.58
common_voice_cv_27585137,5.616
common_voice_cv_27585138,5.22
common_voice_cv_27585144,4.176
common_voice_cv_27585145,3.996
common_voice_cv_27585146,3.636
common_voice_cv_27585147,8.82
common_voice_cv_27585148,7.956
common_voice_cv_27585154,4.68
common_voice_cv_27585155,8.316
common_voice_cv_27585156,6.408
common_voice_cv_27585157,3.708
common_voice_cv_27585158,5.148
common_voice_cv_27585170,5.148
common_voice_cv_27585171,7.02
common_voice_cv_27585172,5.94
common_voice_cv_27585173,2.988
common_voice_cv_27585174,4.176
common_voice_cv_27585179,7.308
common_voice_cv_27585180,3.96
common_voice_cv_27585181,7.056
common_voice_cv_27585183,3.708
common_voice_cv_27585186,7.236
common_voice_cv_27585194,4.608
common_voice_cv_27585195,7.02
common_voice_cv_27585196,4.428
common_voice_cv_27585197,6.3
common_voice_cv_27585198,5.616
common_voice_cv_27585213,4.14
common_voice_cv_27585215,4.176
common_voice_cv_27585216,3.96
common_voice_cv_27585217,7.236
common_voice_cv_27585218,4.5
common_voice_cv_27585224,6.588
common_voice_cv_27585225,3.636
common_voice_cv_27585226,4.68
common_voice_cv_27585227,3.78
common_voice_cv_27585228,6.048
common_voice_cv_27585229,5.868
common_voice_cv_27585230,3.06
common_voice_cv_27585231,7.02
common_voice_cv_27585232,4.608
common_voice_cv_27585233,5.688
common_voice_cv_27585245,5.616
common_voice_cv_27585247,4.608
common_voice_cv_27585248,6.156
common_voice_cv_27585249,4.14
common_voice_cv_27585250,4.86
common_voice_cv_27585252,3.888
common_voice_cv_27585253,4.716
common_voice_cv_27585254,4.86
common_voice_cv_27585255,3.78
common_voice_cv_27585256,4.356
common_voice_cv_27585270,3.168
common_voice_cv_27585272,6.048
common_voice_cv_27585274,3.456
common_voice_cv_27585275,7.308
common_voice_cv_27585276,3.528
common_voice_cv_27585280,3.996
common_voice_cv_27585281,3.636
common_voice_cv_27585282,4.248
common_voice_cv_27585283,6.588
common_voice_cv_27585284,5.868
common_voice_cv_27585292,3.24
common_voice_cv_27585293,5.148
common_voice_cv_27585294,4.608
common_voice_cv_27585295,5.94
common_voice_cv_27585296,5.58
common_voice_cv_27585302,6.156
common_voice_cv_27585303,3.78
common_voice_cv_27585304,5.616
common_voice_cv_27585305,3.708
common_voice_cv_27585306,9.54
common_voice_cv_27585316,3.168
common_voice_cv_27585317,4.608
common_voice_cv_27585318,2.916
common_voice_cv_27585319,4.896
common_voice_cv_27585320,5.22
common_voice_cv_27585324,3.456
common_voice_cv_27585326,4.68
common_voice_cv_27585327,2.088
common_voice_cv_27585329,9.036
common_voice_cv_27585330,4.608
common_voice_cv_27585336,4.176
common_voice_cv_27585337,5.436
common_voice_cv_27585338,4.968
common_voice_cv_27585339,3.456
common_voice_cv_27585340,4.86
common_voice_cv_27585356,8.208
common_voice_cv_27585357,4.5
common_voice_cv_27585358,4.68
common_voice_cv_27585359,8.676
common_voice_cv_27585360,2.736
common_voice_cv_27585366,6.768
common_voice_cv_27585367,7.488
common_voice_cv_27585368,5.616
common_voice_cv_27585369,4.788
common_voice_cv_27585370,7.74
common_voice_cv_27585371,5.148
common_voice_cv_27585372,6.048
common_voice_cv_27585373,6.408
common_voice_cv_27585374,3.996
common_voice_cv_27585375,4.716
common_voice_cv_27585416,7.848
common_voice_cv_27585417,6.048
common_voice_cv_27585418,4.248
common_voice_cv_27585419,5.94
common_voice_cv_27585420,7.956
common_voice_cv_27585431,5.58
common_voice_cv_27585432,3.528
common_voice_cv_27585433,3.996
common_voice_cv_27585434,5.796
common_voice_cv_27585435,3.528
common_voice_cv_27585436,3.276
common_voice_cv_27585437,3.168
common_voice_cv_27585438,6.336
common_voice_cv_27585439,5.04
common_voice_cv_27585440,6.336
common_voice_cv_27585441,5.94
common_voice_cv_27585442,6.84
common_voice_cv_27585443,7.488
common_voice_cv_27585444,2.448
common_voice_cv_27585445,5.94
common_voice_cv_27585456,7.38
common_voice_cv_27585457,4.608
common_voice_cv_27585458,7.308
common_voice_cv_27585459,7.056
common_voice_cv_27585460,6.588
common_voice_cv_27585461,6.12
common_voice_cv_27585462,4.716
common_voice_cv_27585463,6.84
common_voice_cv_27585464,4.5
common_voice_cv_27585465,6.048
common_voice_cv_27585466,4.14
common_voice_cv_27585467,10.008
common_voice_cv_27585468,6.66
common_voice_cv_27585469,7.848
common_voice_cv_27585470,6.768
common_voice_cv_27585478,7.02
common_voice_cv_27585480,3.708
common_voice_cv_27585482,6.048
common_voice_cv_27585484,3.528
common_voice_cv_27585485,8.028
common_voice_cv_27585486,3.96
common_voice_cv_27585487,5.616
common_voice_cv_27585488,5.796
common_voice_cv_27585489,5.076
common_voice_cv_27585490,5.076
common_voice_cv_27585491,4.716
common_voice_cv_27585492,3.636
common_voice_cv_27585493,6.12
common_voice_cv_27585494,4.896
common_voice_cv_27585495,6.336
common_voice_cv_27585496,7.128
common_voice_cv_27585497,4.14
common_voice_cv_27585498,8.208
common_voice_cv_27585499,5.94
common_voice_cv_27585500,4.356
common_voice_cv_27585516,3.276
common_voice_cv_27585517,4.428
common_voice_cv_27585518,5.4
common_voice_cv_27585519,5.688
common_voice_cv_27585520,6.876
common_voice_cv_27585521,2.736
common_voice_cv_27585523,3.78
common_voice_cv_27585526,3.636
common_voice_cv_27585528,4.716
common_voice_cv_27585530,5.796
common_voice_cv_27585531,3.42
common_voice_cv_27585532,11.16
common_voice_cv_27585533,3.888
common_voice_cv_27585534,3.456
common_voice_cv_27585535,3.96
common_voice_cv_27585541,3.528
common_voice_cv_27585542,6.12
common_voice_cv_27585543,6.336
common_voice_cv_27585544,5.148
common_voice_cv_27585545,3.636
common_voice_cv_27585546,5.58
common_voice_cv_27585547,4.896
common_voice_cv_27585548,3.276
common_voice_cv_27585549,3.276
common_voice_cv_27585550,3.24
common_voice_cv_27585551,7.956
common_voice_cv_27585552,5.688
common_voice_cv_27585553,4.176
common_voice_cv_27585554,3.06
common_voice_cv_27585555,7.128
common_voice_cv_27585561,4.176
common_voice_cv_27585562,4.356
common_voice_cv_27585563,5.22
common_voice_cv_27585564,6.156
common_voice_cv_27585565,5.436
common_voice_cv_27585566,4.896
common_voice_cv_27585568,4.248
common_voice_cv_27585569,3.888
common_voice_cv_27585571,6.768
common_voice_cv_27585573,5.328
common_voice_cv_27585586,3.78
common_voice_cv_27585587,3.96
common_voice_cv_27585588,3.78
common_voice_cv_27585589,6.66
common_voice_cv_27585590,3.78
common_voice_cv_27585603,4.716
common_voice_cv_27585605,4.86
common_voice_cv_27585606,4.608
common_voice_cv_27585608,3.42
common_voice_cv_27585609,4.176
common_voice_cv_27585616,3.996
common_voice_cv_27585617,4.896
common_voice_cv_27585618,3.276
common_voice_cv_27585619,4.248
common_voice_cv_27585620,4.428
common_voice_cv_27585626,7.956
common_voice_cv_27585627,5.328
common_voice_cv_27585628,3.456
common_voice_cv_27585629,2.916
common_voice_cv_27585630,3.456
common_voice_cv_27585641,5.328
common_voice_cv_27585642,4.428
common_voice_cv_27585643,5.148
common_voice_cv_27585644,5.076
common_voice_cv_27585645,5.796
common_voice_cv_27585651,3.636
common_voice_cv_27585652,7.02
common_voice_cv_27585653,5.076
common_voice_cv_27585654,6.516
common_voice_cv_27585655,8.568
common_voice_cv_27585661,6.768
common_voice_cv_27585662,3.24
common_voice_cv_27585663,2.916
common_voice_cv_27585664,4.248
common_voice_cv_27585665,5.328
common_voice_cv_27585666,6.228
common_voice_cv_27585667,4.248
common_voice_cv_27585668,3.276
common_voice_cv_27585669,2.916
common_voice_cv_27585670,5.22
common_voice_cv_27585671,6.3
common_voice_cv_27585672,5.796
common_voice_cv_27585673,2.556
common_voice_cv_27585674,3.24
common_voice_cv_27585675,3.24
common_voice_cv_27585681,6.156
common_voice_cv_27585682,3.456
common_voice_cv_27585683,3.96
common_voice_cv_27585684,6.048
common_voice_cv_27585685,4.968
common_voice_cv_27585691,2.448
common_voice_cv_27585693,4.968
common_voice_cv_27585694,4.716
common_voice_cv_27585695,4.968
common_voice_cv_27585696,3.276
common_voice_cv_27585697,4.86
common_voice_cv_27585698,7.02
common_voice_cv_27585699,5.868
common_voice_cv_27585700,7.02
common_voice_cv_27585706,4.356
common_voice_cv_27585707,3.96
common_voice_cv_27585708,5.076
common_voice_cv_27585709,4.896
common_voice_cv_27585710,5.22
common_voice_cv_27585711,5.436
common_voice_cv_27585712,3.996
common_voice_cv_27585713,3.96
common_voice_cv_27585714,4.14
common_voice_cv_27585715,4.68
common_voice_cv_27585726,3.24
common_voice_cv_27585727,4.68
common_voice_cv_27585728,3.636
common_voice_cv_27585729,3.168
common_voice_cv_27585730,5.436
common_voice_cv_27585736,5.616
common_voice_cv_27585737,6.048
common_voice_cv_27585739,5.508
common_voice_cv_27585740,3.456
common_voice_cv_27585741,7.74
common_voice_cv_27585746,3.708
common_voice_cv_27585747,6.66
common_voice_cv_27585748,5.796
common_voice_cv_27585749,6.768
common_voice_cv_27585750,3.78
common_voice_cv_27585766,5.4
common_voice_cv_27585767,5.22
common_voice_cv_27585768,5.328
common_voice_cv_27585769,4.68
common_voice_cv_27585770,5.688
common_voice_cv_27585771,4.968
common_voice_cv_27585772,3.168
common_voice_cv_27585773,5.868
common_voice_cv_27585774,3.276
common_voice_cv_27585775,5.328
common_voice_cv_27585780,5.076
common_voice_cv_27585781,7.956
common_voice_cv_27585783,2.52
common_voice_cv_27585784,3.636
common_voice_cv_27585785,5.076
common_voice_cv_27585786,6.84
common_voice_cv_27585787,3.528
common_voice_cv_27585788,4.428
common_voice_cv_27585789,6.768
common_voice_cv_27585790,5.076
common_voice_cv_27585796,6.3
common_voice_cv_27585797,5.328
common_voice_cv_27585798,6.768
common_voice_cv_27585799,5.436
common_voice_cv_27585800,5.076
common_voice_cv_27585806,4.896
common_voice_cv_27585807,7.776
common_voice_cv_27585808,4.248
common_voice_cv_27585809,4.68
common_voice_cv_27585810,8.1
common_voice_cv_27585811,5.4
common_voice_cv_27585812,3.708
common_voice_cv_27585813,6.876
common_voice_cv_27585814,3.24
common_voice_cv_27585815,6.156
common_voice_cv_27585816,4.176
common_voice_cv_27585817,2.7
common_voice_cv_27585818,5.22
common_voice_cv_27585819,5.436
common_voice_cv_27585820,2.556
common_voice_cv_27585821,4.176
common_voice_cv_27585822,3.276
common_voice_cv_27585823,7.128
common_voice_cv_27585824,5.436
common_voice_cv_27585825,3.996
common_voice_cv_27585834,8.82
common_voice_cv_27585835,8.676
common_voice_cv_27585836,6.408
common_voice_cv_27585837,4.68
common_voice_cv_27585838,4.608
common_voice_cv_27585839,3.168
common_voice_cv_27585840,8.856
common_voice_cv_27585841,2.916
common_voice_cv_27585842,3.708
common_voice_cv_27585843,5.22
common_voice_cv_27596405,3.42
common_voice_cv_27596406,3.96
common_voice_cv_27596407,5.22
common_voice_cv_27596408,5.148
common_voice_cv_27596409,7.596
common_voice_cv_27596410,4.608
common_voice_cv_27596411,4.968
common_voice_cv_27596412,5.688
common_voice_cv_27596413,4.86
common_voice_cv_27596414,6.156
common_voice_cv_27596420,5.616
common_voice_cv_27596421,3.06
common_voice_cv_27596422,6.408
common_voice_cv_27596423,3.06
common_voice_cv_27596425,5.688
common_voice_cv_27596440,5.58
common_voice_cv_27596441,3.06
common_voice_cv_27596442,4.716
common_voice_cv_27596443,6.048
common_voice_cv_27596444,7.308
common_voice_cv_27596450,4.176
common_voice_cv_27596451,4.176
common_voice_cv_27596453,8.1
common_voice_cv_27596454,6.12
common_voice_cv_27596456,5.436
common_voice_cv_27596465,3.456
common_voice_cv_27596466,2.448
common_voice_cv_27596467,5.22
common_voice_cv_27596468,4.14
common_voice_cv_27596469,7.956
common_voice_cv_27596475,4.608
common_voice_cv_27596476,9.216
common_voice_cv_27596477,5.22
common_voice_cv_27596478,5.4
common_voice_cv_27596480,4.896
common_voice_cv_27596497,5.616
common_voice_cv_27596498,6.588
common_voice_cv_27596499,6.876
common_voice_cv_27596500,3.78
common_voice_cv_27596502,4.5
common_voice_cv_27596504,4.536
common_voice_cv_27596505,3.24
common_voice_cv_27596507,6.876
common_voice_cv_27596508,4.14
common_voice_cv_27596510,6.408
common_voice_cv_27596517,5.868
common_voice_cv_27596518,3.636
common_voice_cv_27596519,3.24
common_voice_cv_27596520,7.056
common_voice_cv_27596521,6.66
common_voice_cv_27596532,4.968
common_voice_cv_27596533,3.96
common_voice_cv_27596534,6.66
common_voice_cv_27596535,5.58
common_voice_cv_27596536,4.356
common_voice_cv_27596542,3.42
common_voice_cv_27596543,4.968
common_voice_cv_27596544,6.66
common_voice_cv_27596545,5.58
common_voice_cv_27596546,5.04
common_voice_cv_27596552,6.156
common_voice_cv_27596553,6.66
common_voice_cv_27596554,7.956
common_voice_cv_27596555,5.58
common_voice_cv_27596556,6.516
common_voice_cv_27596567,4.248
common_voice_cv_27596568,2.988
common_voice_cv_27596569,6.3
common_voice_cv_27596570,5.868
common_voice_cv_27596571,5.328
common_voice_cv_27596572,7.308
common_voice_cv_27596573,9.288
common_voice_cv_27596574,5.796
common_voice_cv_27596575,3.996
common_voice_cv_27596576,6.408
common_voice_cv_27596577,8.208
common_voice_cv_27596578,6.516
common_voice_cv_27596579,6.12
common_voice_cv_27596580,5.868
common_voice_cv_27596581,6.156
common_voice_cv_27596582,3.42
common_voice_cv_27596583,7.02
common_voice_cv_27596584,3.636
common_voice_cv_27596585,4.968
common_voice_cv_27596586,4.716
common_voice_cv_27596592,9.036
common_voice_cv_27596593,3.24
common_voice_cv_27596594,3.96
common_voice_cv_27596595,3.996
common_voice_cv_27596596,3.276
common_voice_cv_27596602,6.876
common_voice_cv_27596603,4.428
common_voice_cv_27596604,5.436
common_voice_cv_27596605,4.356
common_voice_cv_27596606,4.968
common_voice_cv_27596616,3.96
common_voice_cv_27596618,6.048
common_voice_cv_27596619,4.86
common_voice_cv_27596620,4.176
common_voice_cv_27596621,5.868
common_voice_cv_27596622,3.528
common_voice_cv_27596623,4.968
common_voice_cv_27596624,6.156
common_voice_cv_27596625,7.74
common_voice_cv_27596626,7.056
common_voice_cv_27596637,9.396
common_voice_cv_27596638,5.076
common_voice_cv_27596639,3.96
common_voice_cv_27596640,5.4
common_voice_cv_27596641,4.86
common_voice_cv_27596642,4.14
common_voice_cv_27596644,5.4
common_voice_cv_27596646,4.896
common_voice_cv_27596648,4.428
common_voice_cv_27596650,3.42
common_voice_cv_27596657,4.176
common_voice_cv_27596658,4.68
common_voice_cv_27596659,5.076
common_voice_cv_27596660,5.076
common_voice_cv_27596661,2.556
common_voice_cv_27596662,4.356
common_voice_cv_27596663,4.428
common_voice_cv_27596664,4.356
common_voice_cv_27596665,5.148
common_voice_cv_27596666,5.94
common_voice_cv_27596674,5.4
common_voice_cv_27596675,5.94
common_voice_cv_27596677,7.848
common_voice_cv_27596678,6.12
common_voice_cv_27596680,3.24
common_voice_cv_27596852,8.1
common_voice_cv_27596854,6.336
common_voice_cv_27596855,7.56
common_voice_cv_27596856,3.636
common_voice_cv_27596857,2.916
common_voice_cv_27596878,4.608
common_voice_cv_27596880,3.888
common_voice_cv_27596882,6.66
common_voice_cv_27596884,4.896
common_voice_cv_27596885,5.22
common_voice_cv_27596912,6.3
common_voice_cv_27596913,3.24
common_voice_cv_27596914,6.3
common_voice_cv_27596916,4.176
common_voice_cv_27596919,2.808
common_voice_cv_27596952,5.436
common_voice_cv_27596953,6.876
common_voice_cv_27596954,2.916
common_voice_cv_27596955,4.716
common_voice_cv_27596956,4.896
common_voice_cv_27596987,6.84
common_voice_cv_27596988,4.968
common_voice_cv_27596989,7.308
common_voice_cv_27596990,6.3
common_voice_cv_27596992,3.708
common_voice_cv_27597026,6.048
common_voice_cv_27597027,5.616
common_voice_cv_27597029,4.608
common_voice_cv_27597030,3.78
common_voice_cv_27597031,6.84
common_voice_cv_27597052,3.78
common_voice_cv_27597053,5.148
common_voice_cv_27597054,4.896
common_voice_cv_27597055,3.24
common_voice_cv_27597056,4.68
common_voice_cv_27597092,3.78
common_voice_cv_27597093,6.66
common_voice_cv_27597094,4.968
common_voice_cv_27597095,4.428
common_voice_cv_27597096,5.94
common_voice_cv_27600192,4.68
common_voice_cv_27600193,4.788
common_voice_cv_27600194,6.66
common_voice_cv_27600197,5.4
common_voice_cv_27600199,4.5
common_voice_cv_27600205,5.436
common_voice_cv_27600208,6.588
common_voice_cv_27600209,3.708
common_voice_cv_27600210,4.716
common_voice_cv_27600211,6.156
common_voice_cv_27600217,3.996
common_voice_cv_27600218,4.14
common_voice_cv_27600219,3.996
common_voice_cv_27600220,4.428
common_voice_cv_27600221,5.868
common_voice_cv_27600232,4.68
common_voice_cv_27600233,5.688
common_voice_cv_27600234,5.616
common_voice_cv_27600235,5.616
common_voice_cv_27600236,5.796
common_voice_cv_27600247,5.076
common_voice_cv_27600248,6.228
common_voice_cv_27600249,5.94
common_voice_cv_27600250,5.4
common_voice_cv_27600251,4.5
common_voice_cv_27600262,5.688
common_voice_cv_27600263,5.688
common_voice_cv_27600264,5.58
common_voice_cv_27600265,4.248
common_voice_cv_27600266,5.22
common_voice_cv_27600272,4.14
common_voice_cv_27600273,4.14
common_voice_cv_27600274,4.176
common_voice_cv_27600275,5.94
common_voice_cv_27600276,3.708
common_voice_cv_27600295,3.636
common_voice_cv_27600296,3.636
common_voice_cv_27600297,4.14
common_voice_cv_27600311,3.456
common_voice_cv_27600317,3.636
common_voice_cv_27600323,4.68
common_voice_cv_27600334,3.456
common_voice_cv_27600335,5.328
common_voice_cv_27600336,6.3
common_voice_cv_27600337,4.176
common_voice_cv_27600343,4.968
common_voice_cv_27600344,5.94
common_voice_cv_27600345,4.896
common_voice_cv_27600346,4.5
common_voice_cv_27625429,3.168
common_voice_cv_27625433,2.448
common_voice_cv_27625435,2.376
common_voice_cv_27625436,2.916
common_voice_cv_27625437,2.7
common_voice_cv_27768932,2.916
common_voice_cv_27768933,2.268
common_voice_cv_27768934,2.196
common_voice_cv_27768935,2.196
common_voice_cv_27768936,2.268
common_voice_cv_27778901,1.98
common_voice_cv_27778902,1.728
common_voice_cv_27778903,1.8
common_voice_cv_27778904,1.8
common_voice_cv_27778905,1.728
common_voice_cv_27778921,1.62
common_voice_cv_27778922,1.728
common_voice_cv_27778923,1.62
common_voice_cv_27778924,1.836
common_voice_cv_27778925,1.836
common_voice_cv_27778949,1.98
common_voice_cv_27778951,1.8
common_voice_cv_27778953,3.24
common_voice_cv_27778954,4.5
common_voice_cv_27778955,5.58
common_voice_cv_27779006,3.636
common_voice_cv_27779007,4.968
common_voice_cv_27779008,4.356
common_voice_cv_27779010,5.616
common_voice_cv_27779058,4.356
common_voice_cv_27779059,3.24
common_voice_cv_27779060,5.796
common_voice_cv_27779062,3.708
common_voice_cv_27779064,5.58
common_voice_cv_27779431,6.588
common_voice_cv_27779432,6.336
common_voice_cv_27779433,6.336
common_voice_cv_27779434,4.5
common_voice_cv_27779435,4.608
common_voice_cv_27779458,5.688
common_voice_cv_27779459,3.888
common_voice_cv_27779460,5.148
common_voice_cv_27779461,3.96
common_voice_cv_27779462,4.716
common_voice_cv_27779493,9.576
common_voice_cv_27779495,3.888
common_voice_cv_27779496,5.076
common_voice_cv_27779497,5.148
common_voice_cv_27779498,4.86
common_voice_cv_27779510,5.58
common_voice_cv_27779511,6.876
common_voice_cv_27779513,5.436
common_voice_cv_27779515,7.236
common_voice_cv_27779518,7.56
common_voice_cv_27779538,6.84
common_voice_cv_27779539,4.248
common_voice_cv_27779541,6.516
common_voice_cv_27779543,6.12
common_voice_cv_27779548,7.38
common_voice_cv_27779554,9.108
common_voice_cv_27779555,6.3
common_voice_cv_27779556,6.516
common_voice_cv_27779557,3.06
common_voice_cv_27779558,6.156
common_voice_cv_27779589,8.136
common_voice_cv_27779592,7.74
common_voice_cv_27779595,6.48
common_voice_cv_27779596,4.428
common_voice_cv_27779597,4.248
common_voice_cv_27779610,2.736
common_voice_cv_27779611,5.148
common_voice_cv_27779612,5.22
common_voice_cv_27779613,6.48
common_voice_cv_27779614,5.616
common_voice_cv_27779646,4.68
common_voice_cv_27779647,4.86
common_voice_cv_27779648,3.96
common_voice_cv_27779649,3.888
common_voice_cv_27779650,5.94
common_voice_cv_27779673,5.868
common_voice_cv_27779674,4.608
common_voice_cv_27779675,5.868
common_voice_cv_27779676,4.896
common_voice_cv_27779677,5.616
common_voice_cv_27779704,8.136
common_voice_cv_27779705,3.888
common_voice_cv_27779706,4.248
common_voice_cv_27779707,5.076
common_voice_cv_27779708,6.66
common_voice_cv_27784865,5.616
common_voice_cv_27784869,8.46
common_voice_cv_27784870,5.436
common_voice_cv_27784871,8.28
common_voice_cv_27784873,4.428
common_voice_cv_27785179,5.4
common_voice_cv_27785180,6.12
common_voice_cv_27785182,5.868
common_voice_cv_27785185,5.796
common_voice_cv_27785187,5.868
common_voice_cv_27785214,3.636
common_voice_cv_27785215,4.968
common_voice_cv_27785216,5.148
common_voice_cv_27785217,5.076
common_voice_cv_27785218,6.156
common_voice_cv_27798311,4.176
common_voice_cv_27798312,8.46
common_voice_cv_27798313,4.428
common_voice_cv_27798314,3.996
common_voice_cv_27798315,5.688
common_voice_cv_27798349,5.22
common_voice_cv_27798350,4.176
common_voice_cv_27798351,6.3
common_voice_cv_27798352,7.956
common_voice_cv_27798353,9.0
common_voice_cv_27798479,5.148
common_voice_cv_27798480,6.3
common_voice_cv_27798481,9.648
common_voice_cv_27798482,3.24
common_voice_cv_27798483,5.328
common_voice_cv_27798520,8.568
common_voice_cv_27798521,4.68
common_voice_cv_27798522,7.128
common_voice_cv_27798523,3.708
common_voice_cv_27798524,3.24
common_voice_cv_27798582,6.876
common_voice_cv_27798583,8.1
common_voice_cv_27798584,3.708
common_voice_cv_27798586,9.18
common_voice_cv_27798587,7.02
common_voice_cv_27798653,9.18
common_voice_cv_27798654,7.128
common_voice_cv_27798655,5.796
common_voice_cv_27798656,8.208
common_voice_cv_27798657,8.496
common_voice_cv_27798733,6.516
common_voice_cv_27798734,7.596
common_voice_cv_27798735,5.616
common_voice_cv_27798736,6.156
common_voice_cv_27798737,6.336
common_voice_cv_27806974,3.168
common_voice_cv_27806975,6.66
common_voice_cv_27806976,3.708
common_voice_cv_27806977,4.248
common_voice_cv_27806978,3.708
common_voice_cv_27806984,5.076
common_voice_cv_27806985,4.86
common_voice_cv_27806986,4.14
common_voice_cv_27806987,4.356
common_voice_cv_27806988,4.716
common_voice_cv_27806989,3.636
common_voice_cv_27806990,5.94
common_voice_cv_27806991,5.328
common_voice_cv_27806992,4.428
common_voice_cv_27806993,4.5
common_voice_cv_27806996,3.96
common_voice_cv_27806997,3.636
common_voice_cv_27807001,4.608
common_voice_cv_27807002,5.22
common_voice_cv_27807003,5.148
common_voice_cv_27807004,5.94
common_voice_cv_27807005,9.648
common_voice_cv_27807006,5.688
common_voice_cv_27807007,2.988
common_voice_cv_27807008,6.768
common_voice_cv_27807009,4.356
common_voice_cv_27807010,5.076
common_voice_cv_27807011,5.148
common_voice_cv_27807012,7.2
common_voice_cv_27807013,4.14
common_voice_cv_27807015,4.176
common_voice_cv_27807016,5.76
common_voice_cv_27807017,6.516
common_voice_cv_27807018,4.14
common_voice_cv_27807019,3.24
common_voice_cv_27807024,3.996
common_voice_cv_27807026,7.488
common_voice_cv_27807027,8.028
common_voice_cv_27807028,6.3
common_voice_cv_27807029,7.128
common_voice_cv_27807030,4.176
common_voice_cv_27807031,4.14
common_voice_cv_27807032,3.96
common_voice_cv_27807033,3.708
common_voice_cv_27807034,4.68
common_voice_cv_27807040,3.168
common_voice_cv_27807041,3.528
common_voice_cv_27807042,4.86
common_voice_cv_27807043,5.94
common_voice_cv_27807044,5.616
common_voice_cv_27807047,7.74
common_voice_cv_27807048,7.38
common_voice_cv_27807049,9.288
common_voice_cv_27807050,5.616
common_voice_cv_27807051,5.616
common_voice_cv_27807053,6.876
common_voice_cv_27807054,3.996
common_voice_cv_27807055,3.06
common_voice_cv_27807056,4.5
common_voice_cv_27807057,5.796
common_voice_cv_27807060,4.14
common_voice_cv_27807062,3.528
common_voice_cv_27807063,4.176
common_voice_cv_27807064,6.048
common_voice_cv_27807065,4.356
common_voice_cv_27807068,7.956
common_voice_cv_27807069,7.02
common_voice_cv_27807070,8.676
common_voice_cv_27807071,8.568
common_voice_cv_27807072,8.46
common_voice_cv_27807074,2.808
common_voice_cv_27807075,3.168
common_voice_cv_27807076,5.076
common_voice_cv_27807077,3.708
common_voice_cv_27807078,3.168
common_voice_cv_27807087,3.78
common_voice_cv_27807088,2.52
common_voice_cv_27807089,4.896
common_voice_cv_27807090,4.5
common_voice_cv_27807091,3.168
common_voice_cv_27807096,4.5
common_voice_cv_27807097,2.916
common_voice_cv_27807098,4.248
common_voice_cv_27807099,3.996
common_voice_cv_27807100,3.168
common_voice_cv_27807101,8.208
common_voice_cv_27807102,8.028
common_voice_cv_27807104,5.148
common_voice_cv_27807105,3.708
common_voice_cv_27807106,9.396
common_voice_cv_27807115,4.356
common_voice_cv_27807116,4.5
common_voice_cv_27807117,5.076
common_voice_cv_27807118,5.076
common_voice_cv_27807119,4.356
common_voice_cv_27807120,3.888
common_voice_cv_27807121,4.608
common_voice_cv_27807123,4.896
common_voice_cv_27807124,4.608
common_voice_cv_27807126,8.208
common_voice_cv_27807127,4.176
common_voice_cv_27807128,3.888
common_voice_cv_27807129,9.9
common_voice_cv_27807130,6.3
common_voice_cv_27807131,6.336
common_voice_cv_27807142,4.68
common_voice_cv_27807144,3.96
common_voice_cv_27807145,5.076
common_voice_cv_27807146,4.428
common_voice_cv_27807147,4.608
common_voice_cv_27807159,7.776
common_voice_cv_27807160,4.86
common_voice_cv_27807161,3.636
common_voice_cv_27807162,2.736
common_voice_cv_27807163,3.42
common_voice_cv_27807164,7.74
common_voice_cv_27807165,6.588
common_voice_cv_27807166,4.608
common_voice_cv_27807167,9.288
common_voice_cv_27807168,9.0
common_voice_cv_27809981,4.428
common_voice_cv_27809983,5.76
common_voice_cv_27809984,5.22
common_voice_cv_27809986,5.076
common_voice_cv_27809987,6.84
common_voice_cv_27809999,5.868
common_voice_cv_27810000,3.168
common_voice_cv_27810002,4.248
common_voice_cv_27810003,3.168
common_voice_cv_27810004,6.12
common_voice_cv_27810011,5.148
common_voice_cv_27810013,4.608
common_voice_cv_27810014,4.608
common_voice_cv_27810015,3.456
common_voice_cv_27810016,3.06
common_voice_cv_27810024,4.716
common_voice_cv_27810025,2.268
common_voice_cv_27810026,5.148
common_voice_cv_27810027,4.5
common_voice_cv_27810028,5.076
common_voice_cv_27810042,5.4
common_voice_cv_27810043,3.708
common_voice_cv_27810045,4.716
common_voice_cv_27810046,3.96
common_voice_cv_27810047,2.556
common_voice_cv_27810063,4.68
common_voice_cv_27810064,3.42
common_voice_cv_27810065,6.156
common_voice_cv_27810066,4.68
common_voice_cv_27810067,4.716
common_voice_cv_27810078,5.22
common_voice_cv_27810079,3.996
common_voice_cv_27810080,3.996
common_voice_cv_27810083,2.988
common_voice_cv_27810086,3.06
common_voice_cv_27810103,4.68
common_voice_cv_27810104,2.916
common_voice_cv_27810105,3.456
common_voice_cv_27810106,3.888
common_voice_cv_27810107,4.608
common_voice_cv_27810113,4.176
common_voice_cv_27810114,3.708
common_voice_cv_27810115,4.428
common_voice_cv_27810116,5.22
common_voice_cv_27810117,3.42
common_voice_cv_27810128,3.996
common_voice_cv_27810130,4.608
common_voice_cv_27810132,4.428
common_voice_cv_27810133,4.14
common_voice_cv_27810135,3.708
common_voice_cv_27810171,5.94
common_voice_cv_27810173,3.888
common_voice_cv_27810174,4.14
common_voice_cv_27810175,4.716
common_voice_cv_27810176,5.58
common_voice_cv_27810193,5.58
common_voice_cv_27810194,4.5
common_voice_cv_27810195,4.176
common_voice_cv_27810196,3.78
common_voice_cv_27810197,3.276
common_voice_cv_27810205,2.52
common_voice_cv_27810208,4.356
common_voice_cv_27810210,2.988
common_voice_cv_27810213,4.968
common_voice_cv_27810214,3.708
common_voice_cv_27810217,3.06
common_voice_cv_27810218,4.428
common_voice_cv_27810219,5.58
common_voice_cv_27810220,3.168
common_voice_cv_27810221,4.608
common_voice_cv_27810240,4.608
common_voice_cv_27810241,5.436
common_voice_cv_27810242,3.276
common_voice_cv_27810243,5.076
common_voice_cv_27810244,5.868
common_voice_cv_27810265,3.888
common_voice_cv_27810268,4.14
common_voice_cv_27810269,3.42
common_voice_cv_27810271,4.716
common_voice_cv_27810273,5.148
common_voice_cv_27810306,2.88
common_voice_cv_27810308,4.176
common_voice_cv_27810309,4.896
common_voice_cv_27810310,6.12
common_voice_cv_27810311,4.5
common_voice_cv_27810318,3.456
common_voice_cv_27810319,2.916
common_voice_cv_27810320,2.52
common_voice_cv_27810321,2.916
common_voice_cv_27810322,2.916
common_voice_cv_27836676,3.636
common_voice_cv_27836678,5.616
common_voice_cv_27836679,4.896
common_voice_cv_27836680,4.608
common_voice_cv_27836681,5.076
common_voice_cv_27836692,3.456
common_voice_cv_27836693,3.636
common_voice_cv_27836694,4.176
common_voice_cv_27836695,4.716
common_voice_cv_27836696,5.22
common_voice_cv_27836702,5.22
common_voice_cv_27836703,3.996
common_voice_cv_27836704,3.24
common_voice_cv_27836705,4.428
common_voice_cv_27836707,3.96
common_voice_cv_27836729,5.4
common_voice_cv_27836731,3.528
common_voice_cv_27836733,6.588
common_voice_cv_27836735,3.42
common_voice_cv_27836737,5.076
common_voice_cv_27836770,3.888
common_voice_cv_27836772,3.708
common_voice_cv_27836773,4.428
common_voice_cv_27836774,4.248
common_voice_cv_27836775,5.148
common_voice_cv_27836800,3.06
common_voice_cv_27836802,4.86
common_voice_cv_27836804,5.58
common_voice_cv_27836806,5.796
common_voice_cv_27836807,5.796
common_voice_cv_27836825,5.58
common_voice_cv_27836827,3.456
common_voice_cv_27836828,3.06
common_voice_cv_27836831,3.24
common_voice_cv_27836832,4.176
common_voice_cv_27836853,3.888
common_voice_cv_27836856,3.636
common_voice_cv_27836858,2.808
common_voice_cv_27836861,4.968
common_voice_cv_27836863,2.988
common_voice_cv_27836897,4.5
common_voice_cv_27836899,3.528
common_voice_cv_27836901,3.78
common_voice_cv_27836902,2.556
common_voice_cv_27836904,3.708
common_voice_cv_27836928,4.176
common_voice_cv_27836929,3.06
common_voice_cv_27836930,2.988
common_voice_cv_27836931,2.916
common_voice_cv_27836932,4.14
common_voice_cv_27836942,3.06
common_voice_cv_27836943,4.176
common_voice_cv_27836944,3.888
common_voice_cv_27836945,4.428
common_voice_cv_27836947,4.356
common_voice_cv_27836965,3.42
common_voice_cv_27836966,5.328
common_voice_cv_27836968,3.456
common_voice_cv_27836969,3.708
common_voice_cv_27836971,4.716
common_voice_cv_27836984,3.24
common_voice_cv_27836985,4.14
common_voice_cv_27836987,5.148
common_voice_cv_27836989,4.176
common_voice_cv_27836990,2.736
common_voice_cv_27837013,5.58
common_voice_cv_27837014,4.428
common_voice_cv_27837015,3.528
common_voice_cv_27837016,3.96
common_voice_cv_27837018,3.528
common_voice_cv_27837039,4.428
common_voice_cv_27837043,4.248
common_voice_cv_27837045,4.356
common_voice_cv_27837046,3.78
common_voice_cv_27837049,4.716
common_voice_cv_27837069,3.636
common_voice_cv_27837073,3.96
common_voice_cv_27837075,2.196
common_voice_cv_27837077,3.96
common_voice_cv_27837079,3.78
common_voice_cv_27837104,4.968
common_voice_cv_27837106,2.808
common_voice_cv_27837109,4.68
common_voice_cv_27837110,3.708
common_voice_cv_27837112,2.808
common_voice_cv_27838349,3.456
common_voice_cv_27838352,3.996
common_voice_cv_27838356,4.716
common_voice_cv_27838358,4.536
common_voice_cv_27838359,2.916
common_voice_cv_27838395,3.168
common_voice_cv_27838396,3.888
common_voice_cv_27838397,2.736
common_voice_cv_27838398,3.42
common_voice_cv_27838399,3.42
common_voice_cv_27838426,4.5
common_voice_cv_27838427,3.42
common_voice_cv_27838428,5.22
common_voice_cv_27838429,3.888
common_voice_cv_27838430,4.176
common_voice_cv_27838458,4.14
common_voice_cv_27838465,4.86
common_voice_cv_27838467,3.06
common_voice_cv_27838469,3.708
common_voice_cv_27838471,5.22
common_voice_cv_27838503,5.436
common_voice_cv_27838504,6.228
common_voice_cv_27838505,3.96
common_voice_cv_27838506,2.916
common_voice_cv_27838507,3.78
common_voice_cv_27838526,3.78
common_voice_cv_27838528,3.528
common_voice_cv_27838532,3.168
common_voice_cv_27838535,4.14
common_voice_cv_27838536,4.68
common_voice_cv_27838572,4.68
common_voice_cv_27838573,4.896
common_voice_cv_27838577,4.716
common_voice_cv_27838578,3.06
common_voice_cv_27838579,4.896
common_voice_cv_27838588,3.636
common_voice_cv_27838590,3.06
common_voice_cv_27838592,2.988
common_voice_cv_27838593,4.14
common_voice_cv_27838594,2.808
common_voice_cv_27838607,3.276
common_voice_cv_27838608,3.528
common_voice_cv_27838609,3.78
common_voice_cv_27838611,4.428
common_voice_cv_27838613,3.78
common_voice_cv_27838627,2.808
common_voice_cv_27838628,3.168
common_voice_cv_27838629,3.636
common_voice_cv_27838630,3.06
common_voice_cv_27838631,5.076
common_voice_cv_27838645,3.06
common_voice_cv_27838646,5.436
common_voice_cv_27838647,3.96
common_voice_cv_27838648,3.06
common_voice_cv_27838649,3.06
common_voice_cv_27838663,5.22
common_voice_cv_27838664,3.06
common_voice_cv_27838665,4.86
common_voice_cv_27838666,3.96
common_voice_cv_27838667,4.5
common_voice_cv_27838692,4.5
common_voice_cv_27838693,5.436
common_voice_cv_27838694,5.616
common_voice_cv_27838695,3.888
common_voice_cv_27838696,4.356
common_voice_cv_27838724,4.176
common_voice_cv_27838725,4.968
common_voice_cv_27838727,3.708
common_voice_cv_27838728,4.248
common_voice_cv_27838730,3.708
common_voice_cv_27838749,2.7
common_voice_cv_27838750,3.06
common_voice_cv_27838752,6.048
common_voice_cv_27838753,3.996
common_voice_cv_27838755,3.996
common_voice_cv_27845171,3.996
common_voice_cv_27845172,3.528
common_voice_cv_27845173,3.636
common_voice_cv_27845174,4.356
common_voice_cv_27845175,2.448
common_voice_cv_27845195,3.276
common_voice_cv_27845196,2.7
common_voice_cv_27845197,3.24
common_voice_cv_27845198,3.636
common_voice_cv_27845199,3.708
common_voice_cv_27845213,5.076
common_voice_cv_27845214,4.176
common_voice_cv_27845216,4.428
common_voice_cv_27845218,4.86
common_voice_cv_27845220,2.808
common_voice_cv_27845227,4.68
common_voice_cv_27845229,3.96
common_voice_cv_27845231,2.988
common_voice_cv_27845232,4.248
common_voice_cv_27845234,3.24
common_voice_cv_27845276,3.96
common_voice_cv_27845277,4.716
common_voice_cv_27845278,2.52
common_voice_cv_27845279,3.42
common_voice_cv_27845281,3.276
common_voice_cv_27845295,5.328
common_voice_cv_27845296,2.556
common_voice_cv_27845298,3.636
common_voice_cv_27845301,4.716
common_voice_cv_27845303,3.996
common_voice_cv_27845311,2.988
common_voice_cv_27845312,3.276
common_voice_cv_27845313,4.68
common_voice_cv_27845314,2.736
common_voice_cv_27845315,4.5
common_voice_cv_27845327,5.148
common_voice_cv_27845329,5.616
common_voice_cv_27845330,3.708
common_voice_cv_27845331,3.636
common_voice_cv_27845333,3.708
common_voice_cv_27845361,2.7
common_voice_cv_27845363,5.076
common_voice_cv_27845365,4.968
common_voice_cv_27845367,4.968
common_voice_cv_27845368,3.708
common_voice_cv_27845384,2.988
common_voice_cv_27845386,4.428
common_voice_cv_27845390,3.528
common_voice_cv_27845392,3.24
common_voice_cv_27845394,4.68
common_voice_cv_27845413,3.06
common_voice_cv_27845417,5.58
common_voice_cv_27845420,2.7
common_voice_cv_27845421,5.076
common_voice_cv_27845422,3.96
common_voice_cv_27845452,4.86
common_voice_cv_27845453,2.34
common_voice_cv_27845454,2.016
common_voice_cv_27845456,4.176
common_voice_cv_27845459,4.788
common_voice_cv_27845478,2.988
common_voice_cv_27845482,2.808
common_voice_cv_27845486,2.34
common_voice_cv_27845491,4.68
common_voice_cv_27845493,3.276
common_voice_cv_27845512,4.68
common_voice_cv_27845515,3.42
common_voice_cv_27845518,3.996
common_voice_cv_27845521,4.608
common_voice_cv_27845522,3.24
common_voice_cv_27845532,4.14
common_voice_cv_27845533,3.456
common_voice_cv_27845535,3.42
common_voice_cv_27845536,4.5
common_voice_cv_27845537,4.896
common_voice_cv_27845566,3.96
common_voice_cv_27845569,2.34
common_voice_cv_27845570,4.608
common_voice_cv_27845572,2.808
common_voice_cv_27845573,4.176
common_voice_cv_27853448,3.636
common_voice_cv_27853449,3.96
common_voice_cv_27853450,4.896
common_voice_cv_27853451,4.14
common_voice_cv_27853452,5.616
common_voice_cv_27853463,3.96
common_voice_cv_27853465,3.996
common_voice_cv_27853466,4.248
common_voice_cv_27853468,5.616
common_voice_cv_27853469,3.888
common_voice_cv_27853479,3.78
common_voice_cv_27853480,6.948
common_voice_cv_27853481,3.96
common_voice_cv_27853482,4.428
common_voice_cv_27853484,5.4
common_voice_cv_27853499,5.22
common_voice_cv_27853500,6.12
common_voice_cv_27853503,3.24
common_voice_cv_27853508,5.4
common_voice_cv_27853509,2.736
common_voice_cv_27853513,5.22
common_voice_cv_27853518,5.148
common_voice_cv_27853521,5.256
common_voice_cv_27853524,3.636
common_voice_cv_27853526,3.888
common_voice_cv_27853533,5.796
common_voice_cv_27853534,3.528
common_voice_cv_27853535,3.276
common_voice_cv_27853536,4.608
common_voice_cv_27853538,3.06
common_voice_cv_27853548,2.808
common_voice_cv_27853549,4.968
common_voice_cv_27853550,2.916
common_voice_cv_27853551,3.708
common_voice_cv_27853552,4.5
common_voice_cv_27853560,4.248
common_voice_cv_27853563,2.916
common_voice_cv_27853564,3.708
common_voice_cv_27853565,5.22
common_voice_cv_27853566,3.456
common_voice_cv_27853576,2.7
common_voice_cv_27853577,4.5
common_voice_cv_27853578,4.248
common_voice_cv_27853580,5.076
common_voice_cv_27853581,3.276
common_voice_cv_27853588,4.356
common_voice_cv_27853590,2.448
common_voice_cv_27853591,4.5
common_voice_cv_27853592,4.14
common_voice_cv_27853593,3.528
common_voice_cv_27853598,2.196
common_voice_cv_27853600,5.076
common_voice_cv_27853603,3.78
common_voice_cv_27853604,3.24
common_voice_cv_27853606,3.528
common_voice_cv_27853642,2.736
common_voice_cv_27853643,4.176
common_voice_cv_27853644,3.96
common_voice_cv_27853645,3.276
common_voice_cv_27853646,3.168
common_voice_cv_27853647,4.608
common_voice_cv_27853648,3.996
common_voice_cv_27853649,3.96
common_voice_cv_27853650,5.148
common_voice_cv_27853651,2.916
common_voice_cv_27853659,4.608
common_voice_cv_27853660,4.356
common_voice_cv_27853661,3.708
common_voice_cv_27853662,3.888
common_voice_cv_27853663,2.808
common_voice_cv_27853666,4.14
common_voice_cv_27853667,4.248
common_voice_cv_27853668,4.14
common_voice_cv_27853669,3.78
common_voice_cv_27853670,3.888
common_voice_cv_27853673,3.996
common_voice_cv_27853674,4.248
common_voice_cv_27853675,3.276
common_voice_cv_27853676,4.356
common_voice_cv_27853677,3.708
common_voice_cv_27854157,3.996
common_voice_cv_27854158,3.24
common_voice_cv_27854159,3.888
common_voice_cv_27854161,3.06
common_voice_cv_27854162,2.988
common_voice_cv_27854179,6.048
common_voice_cv_27854180,2.7
common_voice_cv_27854182,4.968
common_voice_cv_27854183,4.428
common_voice_cv_27854184,5.58
common_voice_cv_27854188,3.24
common_voice_cv_27854189,4.608
common_voice_cv_27854190,3.78
common_voice_cv_27854191,3.06
common_voice_cv_27854193,3.888
common_voice_cv_27854199,3.78
common_voice_cv_27854200,5.328
common_voice_cv_27854201,4.716
common_voice_cv_27854202,4.86
common_voice_cv_27854203,4.896
common_voice_cv_27854218,5.256
common_voice_cv_27854220,4.968
common_voice_cv_27854221,4.32
common_voice_cv_27854223,3.168
common_voice_cv_27854242,4.5
common_voice_cv_27854243,4.716
common_voice_cv_27854244,3.888
common_voice_cv_27854245,4.356
common_voice_cv_27854246,3.708
common_voice_cv_27854300,4.068
common_voice_cv_27854301,3.78
common_voice_cv_27854302,4.5
common_voice_cv_27854303,4.896
common_voice_cv_27854304,3.636
common_voice_cv_27854350,4.68
common_voice_cv_27854351,3.42
common_voice_cv_27854352,4.428
common_voice_cv_27854353,3.636
common_voice_cv_27854354,2.808
common_voice_cv_27854387,5.508
common_voice_cv_27854388,4.68
common_voice_cv_27854389,3.996
common_voice_cv_27854390,4.5
common_voice_cv_27854391,3.996
common_voice_cv_27856985,2.34
common_voice_cv_27856986,3.888
common_voice_cv_27856987,5.148
common_voice_cv_27856988,4.14
common_voice_cv_27856990,4.608
common_voice_cv_27857018,3.42
common_voice_cv_27857019,6.12
common_voice_cv_27857020,4.428
common_voice_cv_27857021,2.7
common_voice_cv_27857022,3.708
common_voice_cv_27857048,4.68
common_voice_cv_27857049,4.176
common_voice_cv_27857051,3.168
common_voice_cv_27857053,4.428
common_voice_cv_27857054,4.608
common_voice_cv_27857098,5.94
common_voice_cv_27857099,5.148
common_voice_cv_27857100,4.428
common_voice_cv_27857101,4.248
common_voice_cv_27857102,3.528
common_voice_cv_27857116,3.708
common_voice_cv_27857117,4.608
common_voice_cv_27857118,4.5
common_voice_cv_27857119,2.52
common_voice_cv_27857120,4.32
common_voice_cv_27857142,3.096
common_voice_cv_27857143,3.816
common_voice_cv_27857145,4.428
common_voice_cv_27857147,4.896
common_voice_cv_27857148,4.608
common_voice_cv_27874326,4.896
common_voice_cv_27874327,9.0
common_voice_cv_27874328,9.54
common_voice_cv_27874329,7.056
common_voice_cv_27874330,3.276
common_voice_cv_27874412,6.876
common_voice_cv_27874413,8.316
common_voice_cv_27874414,9.288
common_voice_cv_27874415,8.208
common_voice_cv_27874416,7.56
common_voice_cv_27874467,8.028
common_voice_cv_27874469,6.768
common_voice_cv_27874470,8.316
common_voice_cv_27874472,7.02
common_voice_cv_27874474,8.208
common_voice_cv_27874515,4.968
common_voice_cv_27874516,6.336
common_voice_cv_27874517,3.456
common_voice_cv_27874518,6.336
common_voice_cv_27874521,3.996
common_voice_cv_27874535,8.748
common_voice_cv_27874536,9.108
common_voice_cv_27874538,8.208
common_voice_cv_27874539,6.048
common_voice_cv_27874590,8.1
common_voice_cv_27874591,7.776
common_voice_cv_27874592,10.44
common_voice_cv_27874594,8.28
common_voice_cv_27874652,2.736
common_voice_cv_27874653,4.356
common_voice_cv_27874654,6.048
common_voice_cv_27874655,6.12
common_voice_cv_27874656,7.308
common_voice_cv_27874684,7.128
common_voice_cv_27874685,7.488
common_voice_cv_27874686,3.24
common_voice_cv_27874688,5.4
common_voice_cv_27874689,7.056
common_voice_cv_27874875,8.82
common_voice_cv_27874877,8.82
common_voice_cv_27874879,6.408
common_voice_cv_27874881,1.836
common_voice_cv_27875610,3.06
common_voice_cv_27875611,3.24
common_voice_cv_27875612,2.556
common_voice_cv_27875614,3.42
common_voice_cv_27875615,2.808
common_voice_cv_27878960,3.888
common_voice_cv_27878961,4.428
common_voice_cv_27878962,5.076
common_voice_cv_27878963,5.328
common_voice_cv_27878964,7.236
common_voice_cv_27878975,5.688
common_voice_cv_27878976,6.12
common_voice_cv_27878977,3.96
common_voice_cv_27878978,5.688
common_voice_cv_27878979,3.636
common_voice_cv_27878995,3.78
common_voice_cv_27878996,5.22
common_voice_cv_27878997,4.716
common_voice_cv_27878998,5.22
common_voice_cv_27878999,4.248
common_voice_cv_27879000,5.868
common_voice_cv_27879001,4.248
common_voice_cv_27879002,4.176
common_voice_cv_27879003,3.06
common_voice_cv_27879004,4.428
common_voice_cv_27879020,4.356
common_voice_cv_27879023,6.48
common_voice_cv_27879024,6.3
common_voice_cv_27879025,5.688
common_voice_cv_27879035,4.248
common_voice_cv_27879036,4.428
common_voice_cv_27879037,3.42
common_voice_cv_27879038,5.58
common_voice_cv_27879039,5.076
common_voice_cv_27879060,3.528
common_voice_cv_27879062,3.996
common_voice_cv_27879063,5.076
common_voice_cv_27879064,5.688
common_voice_cv_27879066,5.148
common_voice_cv_27879073,2.736
common_voice_cv_27879074,4.968
common_voice_cv_27879075,6.588
common_voice_cv_27879077,4.356
common_voice_cv_27879079,4.5
common_voice_cv_27879095,4.14
common_voice_cv_27879096,5.868
common_voice_cv_27879098,7.02
common_voice_cv_27879099,4.428
common_voice_cv_27879101,5.796
common_voice_cv_27879104,3.888
common_voice_cv_27879105,2.808
common_voice_cv_27879107,5.76
common_voice_cv_27879109,5.148
common_voice_cv_27879111,5.868
common_voice_cv_27883105,7.236
common_voice_cv_27883106,3.888
common_voice_cv_27883107,6.048
common_voice_cv_27883108,3.24
common_voice_cv_27883109,5.796
common_voice_cv_27896315,5.076
common_voice_cv_27896316,7.848
common_voice_cv_27896317,5.436
common_voice_cv_27896318,4.5
common_voice_cv_27896319,4.896
common_voice_cv_27896335,6.84
common_voice_cv_27896336,4.248
common_voice_cv_27896337,8.208
common_voice_cv_27896338,3.78
common_voice_cv_27896339,4.14
common_voice_cv_27896346,6.84
common_voice_cv_27896347,3.78
common_voice_cv_27896348,4.68
common_voice_cv_27896349,6.156
common_voice_cv_27896350,4.896
common_voice_cv_27896381,4.5
common_voice_cv_27896382,6.84
common_voice_cv_27896384,8.028
common_voice_cv_27896386,6.84
common_voice_cv_27896388,4.68
common_voice_cv_27896413,2.52
common_voice_cv_27896414,4.968
common_voice_cv_27896416,6.336
common_voice_cv_27896418,5.616
common_voice_cv_27896419,6.84
common_voice_cv_27917255,6.3
common_voice_cv_27917256,2.916
common_voice_cv_27917257,4.716
common_voice_cv_27917259,6.588
common_voice_cv_27917261,6.768
common_voice_cv_27917290,7.236
common_voice_cv_27917291,7.56
common_voice_cv_27917292,5.436
common_voice_cv_27917294,5.796
common_voice_cv_27917295,9.468
common_voice_cv_27917347,6.516
common_voice_cv_27917348,6.588
common_voice_cv_27917349,7.956
common_voice_cv_27917376,10.476
common_voice_cv_27917377,10.26
common_voice_cv_27917378,5.328
common_voice_cv_27917379,6.84
common_voice_cv_27917380,3.636
common_voice_cv_27917426,8.28
common_voice_cv_27917428,9.396
common_voice_cv_27917430,8.748
common_voice_cv_27917431,9.468
common_voice_cv_27917433,9.756
common_voice_cv_27917471,2.736
common_voice_cv_27917472,8.748
common_voice_cv_27917473,7.56
common_voice_cv_27917474,5.868
common_voice_cv_27917475,4.248
common_voice_cv_27961444,6.12
common_voice_cv_27961445,4.5
common_voice_cv_27961446,4.428
common_voice_cv_27961447,4.68
common_voice_cv_27961448,5.58
common_voice_cv_27961464,4.86
common_voice_cv_27961466,4.896
common_voice_cv_27961468,5.148
common_voice_cv_27961471,4.5
common_voice_cv_27961473,6.696
common_voice_cv_27961474,3.78
common_voice_cv_27961475,4.428
common_voice_cv_27961476,4.176
common_voice_cv_27961477,4.86
common_voice_cv_27961478,4.32
common_voice_cv_27961479,3.888
common_voice_cv_27961480,3.996
common_voice_cv_27961481,6.336
common_voice_cv_27961482,3.276
common_voice_cv_27961484,4.14
common_voice_cv_27961494,5.616
common_voice_cv_27961495,3.06
common_voice_cv_27961496,3.78
common_voice_cv_27961497,4.248
common_voice_cv_27961498,4.896
common_voice_cv_27961504,3.24
common_voice_cv_27961605,3.456
common_voice_cv_27961606,3.528
common_voice_cv_27961607,3.24
common_voice_cv_27961608,4.716
common_voice_cv_27961609,4.428
common_voice_cv_27961610,5.22
common_voice_cv_27961620,5.508
common_voice_cv_27961621,5.076
common_voice_cv_27961623,3.78
common_voice_cv_27961624,6.336
common_voice_cv_27961625,3.42
common_voice_cv_27961626,3.708
common_voice_cv_27961627,3.888
common_voice_cv_27961628,3.888
common_voice_cv_27961629,2.268
common_voice_cv_27961637,3.168
common_voice_cv_27961640,7.2
common_voice_cv_27961641,4.428
common_voice_cv_27961643,4.32
common_voice_cv_27961644,5.796
common_voice_cv_27961645,4.5
common_voice_cv_27961646,4.356
common_voice_cv_27961647,6.336
common_voice_cv_27961648,5.256
common_voice_cv_27961649,5.688
common_voice_cv_27961650,2.988
common_voice_cv_27961651,4.86
common_voice_cv_27961652,5.076
common_voice_cv_27961653,2.7
common_voice_cv_27961654,3.24
common_voice_cv_27961660,3.996
common_voice_cv_27961661,2.988
common_voice_cv_27961662,3.636
common_voice_cv_27961663,2.988
common_voice_cv_27961664,3.996
common_voice_cv_27961665,3.42
common_voice_cv_27961666,4.716
common_voice_cv_27961667,5.22
common_voice_cv_27961668,3.276
common_voice_cv_27961669,3.996
common_voice_cv_27961680,6.048
common_voice_cv_27961681,4.176
common_voice_cv_27961683,3.708
common_voice_cv_27961684,4.14
common_voice_cv_27961685,4.176
common_voice_cv_27961692,4.968
common_voice_cv_27961693,3.996
common_voice_cv_27961694,6.516
common_voice_cv_27961695,4.896
common_voice_cv_27961696,4.14
common_voice_cv_27961699,3.456
common_voice_cv_27961700,4.248
common_voice_cv_27961701,3.78
common_voice_cv_27961702,3.276
common_voice_cv_27961703,4.68
common_voice_cv_27961710,5.688
common_voice_cv_27961711,5.076
common_voice_cv_27961712,2.016
common_voice_cv_27961713,4.428
common_voice_cv_27961714,3.708
common_voice_cv_27961716,3.42
common_voice_cv_27961717,4.248
common_voice_cv_27961718,4.14
common_voice_cv_27961719,3.636
common_voice_cv_27961720,2.916
common_voice_cv_27961728,3.888
common_voice_cv_27961729,4.14
common_voice_cv_27961730,3.24
common_voice_cv_27961731,4.896
common_voice_cv_27961732,4.86
common_voice_cv_27961747,3.276
common_voice_cv_27961748,2.448
common_voice_cv_27961749,4.176
common_voice_cv_27961750,3.708
common_voice_cv_27961751,4.428
common_voice_cv_27961767,4.428
common_voice_cv_27961768,3.276
common_voice_cv_27961769,4.176
common_voice_cv_27961770,4.176
common_voice_cv_27961771,3.06
common_voice_cv_27961772,3.996
common_voice_cv_27961773,4.68
common_voice_cv_27961774,3.708
common_voice_cv_27961775,4.428
common_voice_cv_27961776,4.5
common_voice_cv_27961790,6.12
common_voice_cv_27961791,5.688
common_voice_cv_27961792,2.988
common_voice_cv_27961793,4.5
common_voice_cv_27961794,5.4
common_voice_cv_27961795,2.808
common_voice_cv_27961796,4.5
common_voice_cv_27961797,3.636
common_voice_cv_27961798,4.428
common_voice_cv_27961799,4.68
common_voice_cv_27961809,4.716
common_voice_cv_27961811,4.14
common_voice_cv_27961812,6.84
common_voice_cv_27961814,4.176
common_voice_cv_27961815,5.4
common_voice_cv_27961822,3.96
common_voice_cv_27961823,4.14
common_voice_cv_27961824,3.708
common_voice_cv_27961825,3.456
common_voice_cv_27961826,4.5
common_voice_cv_27961835,4.356
common_voice_cv_27961836,4.356
common_voice_cv_27961837,3.456
common_voice_cv_27961839,3.636
common_voice_cv_27961840,4.176
common_voice_cv_27961844,3.96
common_voice_cv_27961845,4.608
common_voice_cv_27961846,4.068
common_voice_cv_27961847,3.168
common_voice_cv_27961848,4.608
common_voice_cv_27961861,4.68
common_voice_cv_27961862,3.456
common_voice_cv_27961863,4.5
common_voice_cv_27961864,4.68
common_voice_cv_27961866,5.148
common_voice_cv_28466037,2.52
common_voice_cv_28466038,4.14
common_voice_cv_28466039,2.808
common_voice_cv_28466040,2.52
common_voice_cv_28466041,2.268
common_voice_cv_28466042,3.06
common_voice_cv_28466043,2.916
common_voice_cv_28466044,2.556
common_voice_cv_28466045,2.556
common_voice_cv_28466046,2.34
common_voice_cv_28466052,2.34
common_voice_cv_28466053,2.16
common_voice_cv_28466054,7.2
common_voice_cv_28466055,6.048
common_voice_cv_28466056,7.416
common_voice_cv_28466057,5.94
common_voice_cv_28466058,4.788
common_voice_cv_28466059,7.956
common_voice_cv_28466060,4.536
common_voice_cv_28466061,7.596
common_voice_cv_28466066,7.2
common_voice_cv_28466068,8.388
common_voice_cv_28466069,4.14
common_voice_cv_28466070,4.176
common_voice_cv_28466071,6.336
common_voice_cv_28552295,3.6
common_voice_cv_28552298,2.016
common_voice_cv_28552300,2.052
common_voice_cv_28552302,2.232
common_voice_cv_28552304,2.592
common_voice_cv_28552313,1.692
common_voice_cv_28552314,2.016
common_voice_cv_28552315,2.16
common_voice_cv_28552316,1.872
common_voice_cv_28552317,1.728
common_voice_cv_28552357,1.584
common_voice_cv_28552358,6.912
common_voice_cv_28552360,6.372
common_voice_cv_28552361,5.688
common_voice_cv_28552362,6.516
common_voice_cv_28552653,8.064
common_voice_cv_28552654,4.428
common_voice_cv_28552655,6.912
common_voice_cv_28552656,7.704
common_voice_cv_28552657,4.752
common_voice_cv_28555456,7.812
common_voice_cv_28555457,6.552
common_voice_cv_28555458,4.716
common_voice_cv_28555459,3.312
common_voice_cv_28555460,3.816
common_voice_cv_28907072,2.268
common_voice_cv_28907073,2.16
common_voice_cv_28907074,2.088
common_voice_cv_28907075,2.34
common_voice_cv_28907076,2.376
common_voice_cv_28907086,2.52
common_voice_cv_28907087,2.088
common_voice_cv_28907089,2.34
common_voice_cv_28907090,2.016
common_voice_cv_28907091,2.52
common_voice_cv_28907112,2.196
common_voice_cv_28907113,2.16
common_voice_cv_28907114,8.28
common_voice_cv_28907115,5.22
common_voice_cv_28907116,8.028
common_voice_cv_28907131,8.316
common_voice_cv_28907132,7.56
common_voice_cv_28907133,8.46
common_voice_cv_28907136,7.74
common_voice_cv_28907139,8.64
common_voice_cv_28907156,6.048
common_voice_cv_28907157,7.668
common_voice_cv_28907158,7.56
common_voice_cv_28907159,6.408
common_voice_cv_28907160,9.0
common_voice_cv_28907190,7.668
common_voice_cv_28907193,7.416
common_voice_cv_28907195,7.848
common_voice_cv_28907197,6.156
common_voice_cv_28907199,5.868
common_voice_cv_28907223,7.2
common_voice_cv_28907227,8.856
common_voice_cv_28907229,9.72
common_voice_cv_28907231,8.928
common_voice_cv_28907234,8.208
common_voice_cv_28907246,8.568
common_voice_cv_28907247,4.428
common_voice_cv_28907249,6.516
common_voice_cv_28907250,7.308
common_voice_cv_28907252,7.02
common_voice_cv_28907269,8.316
common_voice_cv_28907272,3.528
common_voice_cv_28907276,9.108
common_voice_cv_28907282,6.696
common_voice_cv_28907285,5.796
common_voice_cv_28907320,7.776
common_voice_cv_28907326,6.66
common_voice_cv_28907329,8.46
common_voice_cv_28907331,7.668
common_voice_cv_28907333,4.716
common_voice_cv_28907384,9.828
common_voice_cv_28907386,7.128
common_voice_cv_28907387,7.596
common_voice_cv_28907388,6.876
common_voice_cv_28907390,10.008
common_voice_cv_28907420,8.316
common_voice_cv_28907422,8.28
common_voice_cv_28907423,8.676
common_voice_cv_28907424,7.236
common_voice_cv_28907427,7.056
common_voice_cv_28907462,6.66
common_voice_cv_28907467,5.688
common_voice_cv_28907470,6.66
common_voice_cv_28907472,5.22
common_voice_cv_28907475,7.56
common_voice_cv_28907576,7.56
common_voice_cv_28907577,8.028
common_voice_cv_28907578,6.696
common_voice_cv_28907579,8.1
common_voice_cv_28907582,7.128
common_voice_cv_28907601,8.928
common_voice_cv_28907602,8.856
common_voice_cv_28907603,6.876
common_voice_cv_28907604,4.86
common_voice_cv_28907605,8.28
common_voice_cv_28907625,6.696
common_voice_cv_28907628,7.848
common_voice_cv_28907629,9.288
common_voice_cv_28907630,6.3
common_voice_cv_28907631,4.86
common_voice_cv_28907637,8.46
common_voice_cv_28907638,4.788
common_voice_cv_28907639,6.516
common_voice_cv_28907641,7.92
common_voice_cv_28907644,9.036
common_voice_cv_28907647,7.776
common_voice_cv_28907648,5.436
common_voice_cv_28907649,10.08
common_voice_cv_28907650,3.528
common_voice_cv_28907651,8.856
common_voice_cv_28907657,7.596
common_voice_cv_28907658,9.648
common_voice_cv_28907660,6.84
common_voice_cv_28907661,7.74
common_voice_cv_28907662,8.856
common_voice_cv_28907669,5.436
common_voice_cv_28907670,3.78
common_voice_cv_28907671,5.076
common_voice_cv_28907672,6.696
common_voice_cv_28907681,7.416
common_voice_cv_28907689,6.048
common_voice_cv_28907692,4.896
common_voice_cv_28907693,7.236
common_voice_cv_28907698,8.82
common_voice_cv_28907699,5.04
common_voice_cv_28907710,4.5
common_voice_cv_28907711,6.948
common_voice_cv_28907712,5.976
common_voice_cv_28907713,7.38
common_voice_cv_28907714,6.696
common_voice_cv_28907725,5.436
common_voice_cv_28907727,5.688
common_voice_cv_28907729,7.056
common_voice_cv_28907732,6.12
common_voice_cv_28907734,4.968
common_voice_cv_28907743,5.076
common_voice_cv_28907745,6.696
common_voice_cv_28907747,9.576
common_voice_cv_28907748,8.316
common_voice_cv_28907749,6.588
common_voice_cv_28909149,8.496
common_voice_cv_28909153,7.056
common_voice_cv_28909156,6.336
common_voice_cv_28909161,8.568
common_voice_cv_28909165,7.236
common_voice_cv_28909254,5.076
common_voice_cv_28909257,6.228
common_voice_cv_28909262,8.496
common_voice_cv_28909267,6.948
common_voice_cv_28909269,6.516
common_voice_cv_28909332,5.256
common_voice_cv_28909333,5.868
common_voice_cv_28909334,7.74
common_voice_cv_28909337,9.18
common_voice_cv_28909339,6.336
common_voice_cv_29016356,1.98
common_voice_cv_29016357,2.88
common_voice_cv_29016361,1.98
common_voice_cv_29016371,2.016
common_voice_cv_29016378,2.196
common_voice_cv_29016386,1.872
common_voice_cv_29016405,2.448
common_voice_cv_29016406,2.376
common_voice_cv_29016407,2.016
common_voice_cv_29016408,2.088
common_voice_cv_29016429,2.232
common_voice_cv_29016430,7.128
common_voice_cv_29016431,7.632
common_voice_cv_29016434,5.904
common_voice_cv_29016457,6.588
common_voice_cv_29016475,6.336
common_voice_cv_29016490,4.788
common_voice_cv_29016501,5.364
common_voice_cv_29016517,6.696
common_voice_cv_29016535,5.004
common_voice_cv_29016555,9.54
common_voice_cv_29016592,6.336
common_voice_cv_29016621,5.472
common_voice_cv_29016638,4.32
common_voice_cv_29016653,6.48
common_voice_cv_29036121,5.688
common_voice_cv_29036125,3.888
common_voice_cv_29036147,8.424
common_voice_cv_29036175,9.108
common_voice_cv_29036202,8.748
common_voice_cv_29036236,7.524
common_voice_cv_29036244,3.636
common_voice_cv_29036281,5.94
common_voice_cv_29036293,5.616
common_voice_cv_29036303,3.528
common_voice_cv_29036330,7.56
common_voice_cv_29036356,7.704
common_voice_cv_29036371,6.264
common_voice_cv_29036382,8.28
common_voice_cv_29036396,5.4
common_voice_cv_29036428,7.74
common_voice_cv_29036435,5.472
common_voice_cv_29036459,6.156
common_voice_cv_29036487,8.028
common_voice_cv_29036513,6.948
common_voice_cv_29036607,6.264
common_voice_cv_29036623,6.696
common_voice_cv_29036672,6.66
common_voice_cv_29036685,3.42
common_voice_cv_29036688,1.944
common_voice_cv_29036778,7.848
common_voice_cv_29036785,6.084
common_voice_cv_29036789,6.156
common_voice_cv_29078318,6.264
common_voice_cv_29078334,5.544
common_voice_cv_29078364,6.66
common_voice_cv_29078394,7.848
common_voice_cv_29078400,6.696
common_voice_cv_29078431,5.58
common_voice_cv_29078435,7.02
common_voice_cv_29078454,6.228
common_voice_cv_29078474,8.46
common_voice_cv_29078494,9.0
common_voice_cv_29078514,7.128
common_voice_cv_29078530,4.464
common_voice_cv_29078544,8.964
common_voice_cv_29078578,8.82
common_voice_cv_29078602,6.948
common_voice_cv_29078625,5.508
common_voice_cv_29078637,4.716
common_voice_cv_29078648,6.408
common_voice_cv_29078654,5.148
common_voice_cv_29078666,4.32
common_voice_cv_29078673,5.436
common_voice_cv_29078685,4.14
common_voice_cv_29078709,7.704
common_voice_cv_29078719,4.464
common_voice_cv_29078736,6.48
common_voice_cv_29078761,8.46
common_voice_cv_29078774,4.32
common_voice_cv_29078800,5.508
common_voice_cv_29078820,4.86
common_voice_cv_29078858,5.148
common_voice_cv_29078919,8.604
common_voice_cv_29078949,9.036
common_voice_cv_29078960,5.004
common_voice_cv_29078977,8.28
common_voice_cv_29078988,5.436
common_voice_cv_29078991,5.256
common_voice_cv_29079002,3.456
common_voice_cv_29079013,6.696
common_voice_cv_29079014,4.176
common_voice_cv_29079030,6.516
common_voice_cv_29079036,6.516
common_voice_cv_29079047,7.308
common_voice_cv_29079083,7.632
common_voice_cv_29079103,4.176
common_voice_cv_29079113,8.784
common_voice_cv_29079151,6.948
common_voice_cv_29079165,5.364
common_voice_cv_29079179,6.984
common_voice_cv_29079189,6.804
common_voice_cv_29079200,5.256
common_voice_cv_29079206,2.88
common_voice_cv_29079217,5.364
common_voice_cv_29079228,7.524
common_voice_cv_29079229,3.96
common_voice_cv_29079238,9.396
common_voice_cv_29079272,6.696
common_voice_cv_29079281,7.704
common_voice_cv_29079300,3.744
common_voice_cv_29079303,7.74
common_voice_cv_29079318,7.596
common_voice_cv_29079322,5.796
common_voice_cv_29079336,7.128
common_voice_cv_29079354,8.208
common_voice_cv_29079368,3.996
common_voice_cv_29079508,8.784
common_voice_cv_29079510,5.364
common_voice_cv_30375841,4.716
common_voice_cv_30375842,5.076
common_voice_cv_30375843,6.516
common_voice_cv_30375844,7.128
common_voice_cv_30375845,5.22
common_voice_cv_30375851,6.156
common_voice_cv_30375852,4.788
common_voice_cv_30375853,8.928
common_voice_cv_30375854,3.78
common_voice_cv_30375855,5.328
common_voice_cv_30375856,3.06
common_voice_cv_30375857,6.768
common_voice_cv_30375858,3.24
common_voice_cv_30375859,3.276
common_voice_cv_30375860,4.68
common_voice_cv_30375861,3.168
common_voice_cv_30375862,5.58
common_voice_cv_30375863,3.06
common_voice_cv_30375864,3.636
common_voice_cv_30375865,3.636
common_voice_cv_30375876,3.24
common_voice_cv_30375877,5.22
common_voice_cv_30375878,3.96
common_voice_cv_30375879,3.456
common_voice_cv_30375880,7.38
common_voice_cv_30375881,4.716
common_voice_cv_30375882,4.608
common_voice_cv_30375883,4.896
common_voice_cv_30375884,6.84
common_voice_cv_30375885,5.076
common_voice_cv_30375896,6.408
common_voice_cv_30375897,8.1
common_voice_cv_30375898,7.596
common_voice_cv_30375904,7.596
common_voice_cv_30375924,4.428
common_voice_cv_30375925,3.996
common_voice_cv_30375926,4.716
common_voice_cv_30375927,5.148
common_voice_cv_30375928,6.768
common_voice_cv_30375939,5.58
common_voice_cv_30375940,4.68
common_voice_cv_30375941,5.94
common_voice_cv_30375942,5.616
common_voice_cv_30375943,4.716
common_voice_cv_30375954,4.968
common_voice_cv_30375955,3.276
common_voice_cv_30375956,2.808
common_voice_cv_30375957,7.128
common_voice_cv_30375958,6.3
common_voice_cv_30377451,4.86
common_voice_cv_30377452,7.128
common_voice_cv_30377453,3.708
common_voice_cv_30377454,4.14
common_voice_cv_30377455,8.64
common_voice_cv_30377461,5.22
common_voice_cv_30377462,4.968
common_voice_cv_30377463,6.768
common_voice_cv_30377464,6.12
common_voice_cv_30377465,4.356
common_voice_cv_30377481,5.868
common_voice_cv_30377482,3.96
common_voice_cv_30377483,5.796
common_voice_cv_30377484,4.248
common_voice_cv_30377485,6.156
common_voice_cv_30377502,5.22
common_voice_cv_30377503,3.996
common_voice_cv_30377505,8.928
common_voice_cv_30377506,4.968
common_voice_cv_30377508,4.5
common_voice_cv_30377521,5.22
common_voice_cv_30377522,5.616
common_voice_cv_30377523,4.5
common_voice_cv_30377524,4.428
common_voice_cv_30377525,8.028
common_voice_cv_30377575,5.076
common_voice_cv_30377576,3.24
common_voice_cv_30377577,3.168
common_voice_cv_30377578,4.5
common_voice_cv_30377579,3.78
common_voice_cv_30403451,2.268
common_voice_cv_30403452,2.088
common_voice_cv_30403453,2.088
common_voice_cv_30403454,2.196
common_voice_cv_30403455,2.088
common_voice_cv_30412623,4.896
common_voice_cv_30412624,5.904
common_voice_cv_30412625,8.712
common_voice_cv_30412626,4.824
common_voice_cv_30412627,5.04
common_voice_cv_30412718,6.552
common_voice_cv_30412719,5.652
common_voice_cv_30412720,7.956
common_voice_cv_30412721,4.86
common_voice_cv_30412722,3.6
common_voice_cv_30412781,4.464
common_voice_cv_30412782,9.0
common_voice_cv_30412784,8.604
common_voice_cv_30412785,7.2
common_voice_cv_30412786,6.696
common_voice_cv_30412806,3.492
common_voice_cv_30412807,3.564
common_voice_cv_30412809,7.632
common_voice_cv_30412810,6.156
common_voice_cv_30412811,5.22
common_voice_cv_30412831,6.444
common_voice_cv_30412832,4.356
common_voice_cv_30412833,5.688
common_voice_cv_30412834,6.12
common_voice_cv_30412835,4.392
common_voice_cv_30412846,7.092
common_voice_cv_30412847,5.328
common_voice_cv_30412848,5.076
common_voice_cv_30412849,5.04
common_voice_cv_30412850,4.248
common_voice_cv_30412880,8.604
common_voice_cv_30412882,5.328
common_voice_cv_30412883,7.488
common_voice_cv_30412884,5.184
common_voice_cv_30412885,5.652
common_voice_cv_30448103,7.596
common_voice_cv_30544526,1.332
common_voice_cv_30544527,1.008
common_voice_cv_30544528,0.972
common_voice_cv_30544531,1.188
common_voice_cv_30544533,1.008
common_voice_cv_30544534,0.972
common_voice_cv_30544535,1.116
common_voice_cv_30544536,1.044
common_voice_cv_30544537,1.08
common_voice_cv_30544538,0.9
common_voice_cv_30544539,1.08
common_voice_cv_30544540,1.368
common_voice_cv_30568455,3.924
common_voice_cv_30568456,4.068
common_voice_cv_30568457,7.56
common_voice_cv_30568458,5.364
common_voice_cv_30568459,3.996
common_voice_cv_30568465,7.056
common_voice_cv_30568466,3.888
common_voice_cv_30568467,7.596
common_voice_cv_30568468,6.984
common_voice_cv_30568469,5.076
common_voice_cv_30568691,4.032
common_voice_cv_30568692,7.956
common_voice_cv_30568693,5.688
common_voice_cv_30568694,7.704
common_voice_cv_30568695,9.252
common_voice_cv_30568719,7.2
common_voice_cv_30568720,6.984
common_voice_cv_30568721,4.5
common_voice_cv_30568722,6.984
common_voice_cv_30568723,5.508
common_voice_cv_30568736,7.128
common_voice_cv_30568737,6.408
common_voice_cv_30568738,7.596
common_voice_cv_30568739,4.932
common_voice_cv_30568740,8.028
common_voice_cv_30596800,7.236
common_voice_cv_30596801,5.652
common_voice_cv_30596802,6.192
common_voice_cv_30596803,7.164
common_voice_cv_30596804,7.056
common_voice_cv_30596814,6.12
common_voice_cv_30596815,4.824
common_voice_cv_30596816,6.804
common_voice_cv_30596817,6.336
common_voice_cv_30596818,8.424
common_voice_cv_30596824,7.344
common_voice_cv_30596825,3.996
common_voice_cv_30596826,5.256
common_voice_cv_30596827,7.668
common_voice_cv_30596828,5.436
common_voice_cv_30596829,8.964
common_voice_cv_30596830,6.192
common_voice_cv_30596831,5.04
common_voice_cv_30596832,5.472
common_voice_cv_30596833,3.672
common_voice_cv_30596834,6.156
common_voice_cv_30596835,3.456
common_voice_cv_30596836,6.624
common_voice_cv_30596837,6.66
common_voice_cv_30596838,6.192
common_voice_cv_30596864,4.932
common_voice_cv_30596865,4.824
common_voice_cv_30596866,8.172
common_voice_cv_30596867,6.84
common_voice_cv_30596868,7.632
common_voice_cv_30596869,7.632
common_voice_cv_30596870,6.624
common_voice_cv_30596871,5.652
common_voice_cv_30596872,2.88
common_voice_cv_30596873,3.888
common_voice_cv_30596879,5.616
common_voice_cv_30596880,4.212
common_voice_cv_30596881,6.408
common_voice_cv_30596882,7.344
common_voice_cv_30596883,6.3
common_voice_cv_30596909,4.644
common_voice_cv_30596910,4.788
common_voice_cv_30596911,5.472
common_voice_cv_30596912,4.608
common_voice_cv_30596913,6.768
common_voice_cv_30597068,7.812
common_voice_cv_30597069,7.848
common_voice_cv_30597070,5.976
common_voice_cv_30597071,5.184
common_voice_cv_30597073,7.164
common_voice_cv_30597093,4.5
common_voice_cv_30597094,4.752
common_voice_cv_30597095,7.776
common_voice_cv_30597096,4.14
common_voice_cv_30597097,7.488
common_voice_cv_30597107,6.156
common_voice_cv_30597108,7.524
common_voice_cv_30597109,8.316
common_voice_cv_30597110,5.976
common_voice_cv_30597113,6.372
common_voice_cv_30597132,6.588
common_voice_cv_30597133,6.912
common_voice_cv_30597134,5.292
common_voice_cv_30597135,3.168
common_voice_cv_30597136,4.32
common_voice_cv_30597160,5.112
common_voice_cv_30597161,6.516
common_voice_cv_30597162,5.76
common_voice_cv_30597163,4.608
common_voice_cv_30597164,4.248
common_voice_cv_30597192,4.644
common_voice_cv_30597193,7.308
common_voice_cv_30597194,6.732
common_voice_cv_30597195,6.084
common_voice_cv_30597196,4.644
common_voice_cv_30597934,8.46
common_voice_cv_30597935,5.544
common_voice_cv_30597937,2.34
common_voice_cv_30597938,7.596
common_voice_cv_30597939,9.036
common_voice_cv_30597941,3.996
common_voice_cv_30597942,7.38
common_voice_cv_30597943,3.816
common_voice_cv_30597944,4.356
common_voice_cv_30597945,5.328
common_voice_cv_30597956,4.32
common_voice_cv_30597957,5.652
common_voice_cv_30597958,6.192
common_voice_cv_30597959,6.84
common_voice_cv_30597960,5.76
common_voice_cv_30605330,4.608
common_voice_cv_30605331,5.328
common_voice_cv_30605332,6.696
common_voice_cv_30605333,3.492
common_voice_cv_30605334,6.408
common_voice_cv_30605345,7.056
common_voice_cv_30605346,4.572
common_voice_cv_30605347,7.632
common_voice_cv_30605348,5.148
common_voice_cv_30605349,8.172
common_voice_cv_30605355,3.6
common_voice_cv_30605356,7.632
common_voice_cv_30605357,2.556
common_voice_cv_30605358,6.516
common_voice_cv_30605359,5.724
common_voice_cv_30605365,5.364
common_voice_cv_30605366,6.984
common_voice_cv_30605367,4.896
common_voice_cv_30605368,7.056
common_voice_cv_30605369,4.068
common_voice_cv_30605380,6.84
common_voice_cv_30605381,4.212
common_voice_cv_30605382,8.172
common_voice_cv_30605383,6.444
common_voice_cv_30605384,6.624
common_voice_cv_30605390,4.14
common_voice_cv_30605391,3.888
common_voice_cv_30605392,6.84
common_voice_cv_30605393,7.056
common_voice_cv_30605394,5.148
common_voice_cv_30605410,6.444
common_voice_cv_30605411,8.928
common_voice_cv_30605412,5.652
common_voice_cv_30605413,7.2
common_voice_cv_30605414,7.128
common_voice_cv_30605450,9.0
common_voice_cv_30605451,7.596
common_voice_cv_30605452,3.636
common_voice_cv_30605453,9.396
common_voice_cv_30605454,7.164
common_voice_cv_30605465,3.528
common_voice_cv_30605466,5.616
common_voice_cv_30605467,6.408
common_voice_cv_30605468,5.292
common_voice_cv_30605469,3.78
common_voice_cv_30605480,6.228
common_voice_cv_30605481,3.096
common_voice_cv_30605482,8.244
common_voice_cv_30605483,6.624
common_voice_cv_30605484,5.868
common_voice_cv_30605490,9.756
common_voice_cv_30605491,4.464
common_voice_cv_30605492,6.984
common_voice_cv_30605493,4.5
common_voice_cv_30605494,5.58
common_voice_cv_30605510,7.02
common_voice_cv_30605511,8.028
common_voice_cv_30605512,5.112
common_voice_cv_30605513,4.428
common_voice_cv_30605514,3.996
common_voice_cv_30636622,2.916
common_voice_cv_30636623,2.736
common_voice_cv_30638083,2.772
common_voice_cv_30638085,2.628
common_voice_cv_30638086,2.34
common_voice_cv_30638087,2.34
common_voice_cv_30638089,2.376
common_voice_cv_30638668,4.68
common_voice_cv_30638672,2.736
common_voice_cv_30638680,3.492
common_voice_cv_30640056,6.012
common_voice_cv_30640057,3.888
common_voice_cv_30640058,5.076
common_voice_cv_30640059,7.56
common_voice_cv_30640060,5.58
common_voice_cv_30640066,3.492
common_voice_cv_30640067,4.176
common_voice_cv_30640068,7.38
common_voice_cv_30640070,6.156
common_voice_cv_30640073,7.632
common_voice_cv_30640076,3.636
common_voice_cv_30640077,8.136
common_voice_cv_30640078,7.812
common_voice_cv_30640079,5.976
common_voice_cv_30640080,6.12
common_voice_cv_30640089,5.832
common_voice_cv_30640090,5.724
common_voice_cv_30640091,6.984
common_voice_cv_30640093,6.876
common_voice_cv_30640094,6.876
common_voice_cv_30640100,7.02
common_voice_cv_30640101,5.796
common_voice_cv_30640102,5.328
common_voice_cv_30640103,5.868
common_voice_cv_30640104,7.812
common_voice_cv_30640113,9.54
common_voice_cv_30640114,5.796
common_voice_cv_30640115,9.864
common_voice_cv_30640116,8.82
common_voice_cv_30640117,4.644
common_voice_cv_30640145,4.86
common_voice_cv_30640146,10.224
common_voice_cv_30640147,6.264
common_voice_cv_30640148,8.136
common_voice_cv_30640149,9.468
common_voice_cv_30640165,5.724
common_voice_cv_30640166,7.488
common_voice_cv_30640167,9.144
common_voice_cv_30640168,7.668
common_voice_cv_30640169,8.172
common_voice_cv_30640184,6.912
common_voice_cv_30640185,4.968
common_voice_cv_30640186,3.528
common_voice_cv_30640187,7.992
common_voice_cv_30640188,6.588
common_voice_cv_30640276,4.104
common_voice_cv_30640277,3.888
common_voice_cv_30640278,3.708
common_voice_cv_30640279,4.32
common_voice_cv_30640280,6.228
common_voice_cv_30642201,6.192
common_voice_cv_30642202,5.076
common_voice_cv_30642203,4.068
common_voice_cv_30642204,4.284
common_voice_cv_30642205,6.12
common_voice_cv_30654371,4.14
common_voice_cv_30654372,4.14
common_voice_cv_30654373,3.888
common_voice_cv_30654374,3.24
common_voice_cv_30654375,3.456
common_voice_cv_30654452,4.68
common_voice_cv_30654453,3.456
common_voice_cv_30654454,5.076
common_voice_cv_30654455,3.78
common_voice_cv_30654456,5.436
common_voice_cv_30654465,3.168
common_voice_cv_30654466,4.608
common_voice_cv_30654467,3.78
common_voice_cv_30654468,5.4
common_voice_cv_30654469,5.328
common_voice_cv_30654490,3.06
common_voice_cv_30654491,3.78
common_voice_cv_30654492,5.436
common_voice_cv_30654493,3.78
common_voice_cv_30654494,6.516
common_voice_cv_30654626,5.076
common_voice_cv_30654627,7.02
common_voice_cv_30654628,4.5
common_voice_cv_30654629,5.22
common_voice_cv_30654630,4.248
common_voice_cv_30654640,5.22
common_voice_cv_30654641,4.5
common_voice_cv_30654642,4.14
common_voice_cv_30654643,6.336
common_voice_cv_30654644,3.96
common_voice_cv_30654653,4.716
common_voice_cv_30654654,4.716
common_voice_cv_30654655,7.236
common_voice_cv_30654656,4.14
common_voice_cv_30654657,5.22
common_voice_cv_30654668,5.148
common_voice_cv_30654669,5.688
common_voice_cv_30654670,4.716
common_voice_cv_30654671,5.328
common_voice_cv_30654672,4.608
common_voice_cv_30654678,5.868
common_voice_cv_30654679,3.168
common_voice_cv_30654680,5.868
common_voice_cv_30654681,6.588
common_voice_cv_30654682,5.436
common_voice_cv_30654688,7.56
common_voice_cv_30654689,5.436
common_voice_cv_30654690,3.996
common_voice_cv_30654691,4.356
common_voice_cv_30654692,4.5
common_voice_cv_30654693,3.456
common_voice_cv_30654694,5.796
common_voice_cv_30654695,5.94
common_voice_cv_30654696,3.456
common_voice_cv_30654697,3.06
common_voice_cv_30654698,4.896
common_voice_cv_30654699,6.84
common_voice_cv_30654700,3.708
common_voice_cv_30654701,3.06
common_voice_cv_30654702,3.888
common_voice_cv_30654708,5.328
common_voice_cv_30654709,4.68
common_voice_cv_30654710,7.128
common_voice_cv_30654711,6.516
common_voice_cv_30654712,6.516
common_voice_cv_30654718,4.428
common_voice_cv_30654719,5.94
common_voice_cv_30654720,5.328
common_voice_cv_30654721,6.336
common_voice_cv_30654723,3.636
common_voice_cv_30654733,5.796
common_voice_cv_30654734,4.716
common_voice_cv_30654735,5.688
common_voice_cv_30654736,3.06
common_voice_cv_30654737,5.688
common_voice_cv_30654743,6.588
common_voice_cv_30654744,5.22
common_voice_cv_30654745,4.968
common_voice_cv_30654746,4.68
common_voice_cv_30654747,6.408
common_voice_cv_30654753,6.408
common_voice_cv_30654754,5.148
common_voice_cv_30654755,6.876
common_voice_cv_30654756,6.156
common_voice_cv_30654757,4.176
common_voice_cv_30654768,3.78
common_voice_cv_30654769,6.516
common_voice_cv_30654770,4.248
common_voice_cv_30654771,5.148
common_voice_cv_30654772,4.896
common_voice_cv_30654778,5.616
common_voice_cv_30654779,4.968
common_voice_cv_30654780,5.94
common_voice_cv_30654781,4.248
common_voice_cv_30654782,5.4
common_voice_cv_30654800,4.68
common_voice_cv_30654801,3.78
common_voice_cv_30654802,4.248
common_voice_cv_30654803,5.796
common_voice_cv_30654804,6.84
common_voice_cv_30656912,4.032
common_voice_cv_30656925,7.128
common_voice_cv_30656931,8.568
common_voice_cv_30656935,4.428
common_voice_cv_30658971,3.564
common_voice_cv_30658980,3.276
common_voice_cv_30673771,8.244
common_voice_cv_30673772,3.996
common_voice_cv_30673773,7.704
common_voice_cv_30673774,5.868
common_voice_cv_30673775,5.472
common_voice_cv_30673786,5.832
common_voice_cv_30673788,6.012
common_voice_cv_30673789,5.544
common_voice_cv_30673791,4.824
common_voice_cv_30673792,6.624
common_voice_cv_30673807,5.292
common_voice_cv_30673808,5.94
common_voice_cv_30673810,4.32
common_voice_cv_30673811,3.672
common_voice_cv_30673813,7.56
common_voice_cv_30673821,6.516
common_voice_cv_30673822,6.696
common_voice_cv_30673823,3.528
common_voice_cv_30673824,4.5
common_voice_cv_30673825,4.824
common_voice_cv_30673846,9.54
common_voice_cv_30673847,4.248
common_voice_cv_30673848,7.704
common_voice_cv_30673849,8.748
common_voice_cv_30673850,3.852
common_voice_cv_30673856,4.284
common_voice_cv_30673857,3.204
common_voice_cv_30673858,5.184
common_voice_cv_30673859,4.86
common_voice_cv_30673860,4.5
common_voice_cv_30673881,4.968
common_voice_cv_30673882,4.356
common_voice_cv_30673883,5.436
common_voice_cv_30673884,5.436
common_voice_cv_30673885,6.408
common_voice_cv_30673901,7.524
common_voice_cv_30673902,5.616
common_voice_cv_30673903,7.02
common_voice_cv_30673904,3.312
common_voice_cv_30673905,5.004
common_voice_cv_30673911,5.472
common_voice_cv_30673912,5.292
common_voice_cv_30673913,4.68
common_voice_cv_30673914,5.04
common_voice_cv_30673915,5.436
common_voice_cv_30673988,5.544
common_voice_cv_30673989,3.024
common_voice_cv_30673990,7.812
common_voice_cv_30673991,3.996
common_voice_cv_30673992,7.236
common_voice_cv_30673993,3.528
common_voice_cv_30673994,3.96
common_voice_cv_30673995,7.992
common_voice_cv_30673996,5.94
common_voice_cv_30673997,7.524
common_voice_cv_30673998,6.228
common_voice_cv_30673999,7.704
common_voice_cv_30674000,7.38
common_voice_cv_30674001,7.668
common_voice_cv_30674002,6.372
common_voice_cv_30674013,6.948
common_voice_cv_30674014,5.148
common_voice_cv_30674015,9.792
common_voice_cv_30674016,8.136
common_voice_cv_30674017,6.048
common_voice_cv_30674043,5.652
common_voice_cv_30674044,7.524
common_voice_cv_30674045,6.948
common_voice_cv_30674046,4.896
common_voice_cv_30674047,4.032
common_voice_cv_30675010,2.268
common_voice_cv_30675011,5.328
common_voice_cv_30675012,4.428
common_voice_cv_30675013,6.876
common_voice_cv_30675014,4.896
common_voice_cv_30675024,4.5
common_voice_cv_30675025,5.616
common_voice_cv_30675026,5.076
common_voice_cv_30675027,3.456
common_voice_cv_30675028,7.38
common_voice_cv_30679269,1.512
common_voice_cv_30680749,2.628
common_voice_cv_30699941,2.628
common_voice_cv_30711683,6.12
common_voice_cv_30711685,4.608
common_voice_cv_30711686,4.68
common_voice_cv_30711687,8.46
common_voice_cv_30711688,5.256
common_voice_cv_30711703,4.5
common_voice_cv_30711704,3.888
common_voice_cv_30711705,6.66
common_voice_cv_30711706,5.076
common_voice_cv_30711707,6.768
common_voice_cv_30711720,7.38
common_voice_cv_30711721,8.028
common_voice_cv_30711722,6.516
common_voice_cv_30711723,5.22
common_voice_cv_30711724,4.968
common_voice_cv_30720362,4.284
common_voice_cv_30720378,6.804
common_voice_cv_30720384,5.22
common_voice_cv_30720395,3.816
common_voice_cv_30721995,4.176
common_voice_cv_30891384,7.56
common_voice_cv_30891385,5.22
common_voice_cv_30891386,4.788
common_voice_cv_30891387,5.328
common_voice_cv_30891388,7.524
common_voice_cv_30891496,7.164
common_voice_cv_30891497,8.352
common_voice_cv_30891498,8.748
common_voice_cv_30891502,7.992
common_voice_cv_30891506,7.308
common_voice_cv_30891585,4.608
common_voice_cv_30891587,4.464
common_voice_cv_30891588,4.212
common_voice_cv_30891590,3.132
common_voice_cv_30891591,6.084
common_voice_cv_30891679,4.212
common_voice_cv_30891680,6.66
common_voice_cv_30891682,7.416
common_voice_cv_30891683,2.952
common_voice_cv_30891684,3.744
common_voice_cv_30892232,7.956
common_voice_cv_30892237,5.472
common_voice_cv_30892240,7.2
common_voice_cv_30892241,5.436
common_voice_cv_30892243,6.408
common_voice_cv_30892343,7.164
common_voice_cv_30892345,5.148
common_voice_cv_30892346,5.004
common_voice_cv_30892347,7.56
common_voice_cv_30892348,3.888
common_voice_cv_30892396,6.444
common_voice_cv_30892397,8.028
common_voice_cv_30892400,4.464
common_voice_cv_30892403,4.932
common_voice_cv_30892406,6.948
common_voice_cv_30892524,6.876
common_voice_cv_30892525,6.624
common_voice_cv_30892526,8.532
common_voice_cv_30892527,4.572
common_voice_cv_30892529,6.66
common_voice_cv_30892599,6.948
common_voice_cv_30892600,5.796
common_voice_cv_30892601,6.156
common_voice_cv_30892602,5.004
common_voice_cv_30892603,5.652
common_voice_cv_30892740,8.64
common_voice_cv_30892744,8.172
common_voice_cv_30892745,6.3
common_voice_cv_30892747,4.824
common_voice_cv_30892748,5.04
common_voice_cv_31121019,5.04
common_voice_cv_31121020,5.508
common_voice_cv_31121021,5.868
common_voice_cv_31121022,6.516
common_voice_cv_31121025,5.616
common_voice_cv_31258032,4.896
common_voice_cv_31258033,7.308
common_voice_cv_31258034,5.148
common_voice_cv_31258035,6.336
common_voice_cv_31258036,4.428
common_voice_cv_31258072,6.984
common_voice_cv_31258073,7.092
common_voice_cv_31258074,7.308
common_voice_cv_31258075,5.58
common_voice_cv_31258076,6.012
common_voice_cv_31258137,7.2
common_voice_cv_31258138,4.896
common_voice_cv_31258139,8.928
common_voice_cv_31258142,5.652
common_voice_cv_31258144,5.688
common_voice_cv_31259355,5.004
common_voice_cv_31259356,5.472
common_voice_cv_31259357,4.284
common_voice_cv_31259358,5.292
common_voice_cv_31259359,7.956
common_voice_cv_31423010,8.136
common_voice_cv_31423011,7.128
common_voice_cv_31423012,4.68
common_voice_cv_31423013,7.596
common_voice_cv_31423014,5.508
common_voice_cv_31423015,5.112
common_voice_cv_31423016,7.416
common_voice_cv_31423017,6.732
common_voice_cv_31423018,4.248
common_voice_cv_31423019,5.652
common_voice_cv_31497744,5.472
common_voice_cv_31497745,4.356
common_voice_cv_31497746,7.956
common_voice_cv_31497747,6.228
common_voice_cv_31497748,8.352
common_voice_cv_31497759,6.516
common_voice_cv_31497760,7.2
common_voice_cv_31497761,5.544
common_voice_cv_31497762,7.236
common_voice_cv_31497763,7.524
common_voice_cv_31497779,8.604
common_voice_cv_31497780,5.364
common_voice_cv_31497781,7.668
common_voice_cv_31497782,7.164
common_voice_cv_31497783,5.832
common_voice_cv_31861896,2.268
common_voice_cv_31861897,2.16
common_voice_cv_31861898,2.16
common_voice_cv_31861899,1.98
common_voice_cv_31861900,2.088
common_voice_cv_31861921,2.34
common_voice_cv_31861922,3.348
common_voice_cv_31861923,4.5
common_voice_cv_31861924,2.34
common_voice_cv_31861925,2.916
common_voice_cv_31862039,2.268
common_voice_cv_31862040,2.088
common_voice_cv_31862041,5.868
common_voice_cv_31862042,6.588
common_voice_cv_31862043,7.776
common_voice_cv_31862177,6.84
common_voice_cv_31862179,6.408
common_voice_cv_31862180,7.56
common_voice_cv_31862181,6.336
common_voice_cv_31862182,6.3
common_voice_cv_31870447,5.58
common_voice_cv_31870448,3.528
common_voice_cv_31870449,6.66
common_voice_cv_31870450,4.356
common_voice_cv_31870451,4.68
common_voice_cv_31870595,3.708
common_voice_cv_31870597,6.156
common_voice_cv_31870599,5.796
common_voice_cv_31870601,4.896
common_voice_cv_31870603,4.248
common_voice_cv_32264018,4.104
common_voice_cv_32264019,7.632
common_voice_cv_32264020,3.852
common_voice_cv_32264021,7.056
common_voice_cv_32264022,8.208
common_voice_cv_32264234,7.74
common_voice_cv_32264235,9.288
common_voice_cv_32264236,7.236
common_voice_cv_32264237,3.636
common_voice_cv_32264238,4.392
common_voice_cv_32272937,4.716
common_voice_cv_32272938,5.796
common_voice_cv_32272939,7.56
common_voice_cv_32272940,4.968
common_voice_cv_32272941,4.896
common_voice_cv_32272947,4.536
common_voice_cv_32272948,6.516
common_voice_cv_32272949,5.4
common_voice_cv_32272950,6.948
common_voice_cv_32272951,6.948
common_voice_cv_32280029,9.468
common_voice_cv_32280030,5.58
common_voice_cv_32280031,5.76
common_voice_cv_32280032,5.58
common_voice_cv_32280033,7.236
common_voice_cv_32280059,6.696
common_voice_cv_32280060,4.068
common_voice_cv_32280061,7.056
common_voice_cv_32280062,5.796
common_voice_cv_32280063,9.216
common_voice_cv_32280074,3.78
common_voice_cv_32280075,7.128
common_voice_cv_32280076,7.848
common_voice_cv_32280077,7.488
common_voice_cv_32280078,8.1
common_voice_cv_32280079,6.66
common_voice_cv_32280080,4.068
common_voice_cv_32280081,5.04
common_voice_cv_32280082,5.688
common_voice_cv_32280083,4.68
common_voice_cv_32280162,4.14
common_voice_cv_32280163,4.896
common_voice_cv_32280164,7.848
common_voice_cv_32280165,5.976
common_voice_cv_32280166,7.92
common_voice_cv_32286365,4.788
common_voice_cv_32286366,5.688
common_voice_cv_32286367,4.68
common_voice_cv_32286368,5.94
common_voice_cv_32286369,7.74
common_voice_cv_32307723,7.848
common_voice_cv_32307724,5.976
common_voice_cv_32307725,6.66
common_voice_cv_32307726,9.18
common_voice_cv_32307727,5.796
common_voice_cv_32307738,6.588
common_voice_cv_32307739,7.308
common_voice_cv_32307740,8.496
common_voice_cv_32307741,6.408
common_voice_cv_32307742,10.188
common_voice_cv_32307753,9.108
common_voice_cv_32307754,4.968
common_voice_cv_32307755,3.708
common_voice_cv_32307756,6.696
common_voice_cv_32307758,6.3
common_voice_cv_32316140,9.36
common_voice_cv_32316141,4.968
common_voice_cv_32316142,7.668
common_voice_cv_32316143,7.236
common_voice_cv_32316144,5.076
common_voice_cv_32316170,7.848
common_voice_cv_32316171,9.936
common_voice_cv_32316172,6.048
common_voice_cv_32316173,6.408
common_voice_cv_32316174,6.12
common_voice_cv_32316341,6.66
common_voice_cv_32316342,19.296
common_voice_cv_32316343,5.148
common_voice_cv_32316344,5.436
common_voice_cv_32316345,4.14
common_voice_cv_32316383,5.436
common_voice_cv_32316384,3.636
common_voice_cv_32316385,6.408
common_voice_cv_32316386,6.516
common_voice_cv_32316387,4.968
common_voice_cv_32316553,6.408
common_voice_cv_32316555,3.78
common_voice_cv_32316556,4.896
common_voice_cv_32316557,6.156
common_voice_cv_32316558,6.3
common_voice_cv_32316570,7.128
common_voice_cv_32316571,5.436
common_voice_cv_32316572,4.608
common_voice_cv_32316573,7.128
common_voice_cv_32316574,4.896
common_voice_cv_32316669,7.74
common_voice_cv_32316670,6.588
common_voice_cv_32316671,7.596
common_voice_cv_32316672,4.86
common_voice_cv_32316673,4.248
common_voice_cv_32316698,6.3
common_voice_cv_32316699,3.42
common_voice_cv_32316700,7.488
common_voice_cv_32316701,3.24
common_voice_cv_32316702,4.248
common_voice_cv_32316754,4.248
common_voice_cv_32316755,3.996
common_voice_cv_32316756,4.608
common_voice_cv_32316757,4.716
common_voice_cv_32316758,7.956
common_voice_cv_32316769,7.776
common_voice_cv_32316770,3.96
common_voice_cv_32316771,4.248
common_voice_cv_32316772,5.4
common_voice_cv_32316773,5.148
common_voice_cv_32316784,6.696
common_voice_cv_32316785,6.768
common_voice_cv_32316786,3.636
common_voice_cv_32316787,5.22
common_voice_cv_32316788,4.428
common_voice_cv_32316799,4.428
common_voice_cv_32316800,4.428
common_voice_cv_32316801,5.58
common_voice_cv_32316802,5.436
common_voice_cv_32316803,5.328
common_voice_cv_32316809,4.68
common_voice_cv_32316810,5.22
common_voice_cv_32316811,7.02
common_voice_cv_32316812,3.528
common_voice_cv_32316813,3.24
common_voice_cv_32319629,4.716
common_voice_cv_32319630,3.708
common_voice_cv_32319631,3.456
common_voice_cv_32319632,4.356
common_voice_cv_32319633,3.42
common_voice_cv_32319644,3.24
common_voice_cv_32319645,3.24
common_voice_cv_32319646,3.888
common_voice_cv_32319647,5.436
common_voice_cv_32319648,3.24
common_voice_cv_32319664,5.22
common_voice_cv_32319665,4.968
common_voice_cv_32319666,5.148
common_voice_cv_32319667,3.888
common_voice_cv_32319668,4.968
common_voice_cv_32319674,7.308
common_voice_cv_32319675,3.636
common_voice_cv_32319676,3.708
common_voice_cv_32319677,4.608
common_voice_cv_32319678,4.86
common_voice_cv_32319684,3.888
common_voice_cv_32319685,3.456
common_voice_cv_32319686,6.12
common_voice_cv_32319687,7.488
common_voice_cv_32319688,3.96
common_voice_cv_32319704,2.916
common_voice_cv_32319705,5.58
common_voice_cv_32319706,4.968
common_voice_cv_32319707,2.916
common_voice_cv_32319708,4.248
common_voice_cv_32319714,4.14
common_voice_cv_32319715,3.96
common_voice_cv_32319716,3.528
common_voice_cv_32319717,6.156
common_voice_cv_32319718,6.588
common_voice_cv_32319724,3.996
common_voice_cv_32319725,4.86
common_voice_cv_32319726,8.676
common_voice_cv_32319727,5.076
common_voice_cv_32319728,4.608
common_voice_cv_32319744,5.796
common_voice_cv_32319745,8.82
common_voice_cv_32319746,5.868
common_voice_cv_32319747,5.58
common_voice_cv_32319748,4.896
common_voice_cv_32319769,4.608
common_voice_cv_32319770,6.048
common_voice_cv_32319771,6.876
common_voice_cv_32319772,4.248
common_voice_cv_32319773,4.896
common_voice_cv_32319799,4.356
common_voice_cv_32319800,5.4
common_voice_cv_32319801,4.14
common_voice_cv_32319802,5.22
common_voice_cv_32319803,4.5
common_voice_cv_32319816,4.608
common_voice_cv_32319817,6.516
common_voice_cv_32319818,2.556
common_voice_cv_32319820,3.78
common_voice_cv_32319821,3.168
common_voice_cv_32321061,5.076
common_voice_cv_32321063,5.436
common_voice_cv_32321065,4.5
common_voice_cv_32321066,4.14
common_voice_cv_32321067,4.86
common_voice_cv_32322620,7.236
common_voice_cv_32322621,4.788
common_voice_cv_32322622,5.148
common_voice_cv_32322623,7.128
common_voice_cv_32322624,5.4
common_voice_cv_32322625,7.128
common_voice_cv_32322626,6.66
common_voice_cv_32322627,4.86
common_voice_cv_32322628,6.336
common_voice_cv_32322629,6.768
common_voice_cv_32322630,6.876
common_voice_cv_32322631,6.048
common_voice_cv_32322632,3.636
common_voice_cv_32322633,7.2
common_voice_cv_32322634,7.056
common_voice_cv_32322635,9.576
common_voice_cv_32322636,8.388
common_voice_cv_32322637,4.14
common_voice_cv_32322638,4.5
common_voice_cv_32322639,8.28
common_voice_cv_32322640,6.768
common_voice_cv_32322641,5.148
common_voice_cv_32322642,5.94
common_voice_cv_32322643,7.128
common_voice_cv_32322644,3.996
common_voice_cv_32322650,5.976
common_voice_cv_32322651,6.48
common_voice_cv_32322652,7.2
common_voice_cv_32322653,4.788
common_voice_cv_32322654,7.056
common_voice_cv_32369939,8.676
common_voice_cv_32369940,9.288
common_voice_cv_32369941,7.128
common_voice_cv_32369942,5.04
common_voice_cv_32369943,4.536
common_voice_cv_32369944,8.208
common_voice_cv_32369945,4.86
common_voice_cv_32369946,8.28
common_voice_cv_32369947,4.356
common_voice_cv_32369948,7.236
common_voice_cv_32369949,5.328
common_voice_cv_32369950,7.56
common_voice_cv_32369951,4.32
common_voice_cv_32369952,7.848
common_voice_cv_32369953,6.516
common_voice_cv_32369964,6.876
common_voice_cv_32369965,8.64
common_voice_cv_32369966,7.956
common_voice_cv_32369967,5.436
common_voice_cv_32369968,5.976
common_voice_cv_32369974,7.308
common_voice_cv_32369975,9.216
common_voice_cv_32369976,7.056
common_voice_cv_32369977,6.84
common_voice_cv_32369978,5.868
common_voice_cv_32369979,8.568
common_voice_cv_32369980,6.3
common_voice_cv_32369981,7.668
common_voice_cv_32369982,6.048
common_voice_cv_32369983,5.688
common_voice_cv_32369994,3.636
common_voice_cv_32369995,7.776
common_voice_cv_32369996,7.236
common_voice_cv_32369997,4.86
common_voice_cv_32369998,9.0
common_voice_cv_32395853,4.392
common_voice_cv_32395856,6.768
common_voice_cv_32395859,5.688
common_voice_cv_32395860,6.084
common_voice_cv_32395861,4.464
common_voice_cv_32395877,5.616
common_voice_cv_32395878,4.536
common_voice_cv_32395879,8.244
common_voice_cv_32395880,3.672
common_voice_cv_32395881,4.644
common_voice_cv_32395902,6.228
common_voice_cv_32395904,8.604
common_voice_cv_32395905,5.976
common_voice_cv_32395907,5.328
common_voice_cv_32395909,5.868
common_voice_cv_32395922,4.752
common_voice_cv_32395923,3.168
common_voice_cv_32395924,4.464
common_voice_cv_32395925,6.984
common_voice_cv_32395926,5.4
common_voice_cv_32395954,5.544
common_voice_cv_32395958,6.048
common_voice_cv_32395961,6.948
common_voice_cv_32395962,7.128
common_voice_cv_32395963,5.688
common_voice_cv_32395993,3.384
common_voice_cv_32395994,5.112
common_voice_cv_32395995,4.608
common_voice_cv_32395996,7.308
common_voice_cv_32395997,10.008
common_voice_cv_32423876,6.912
common_voice_cv_32423877,5.868
common_voice_cv_32423878,6.336
common_voice_cv_32423879,6.048
common_voice_cv_32423880,7.02
common_voice_cv_32423886,8.352
common_voice_cv_32423887,5.904
common_voice_cv_32423888,6.228
common_voice_cv_32423889,5.292
common_voice_cv_32423890,4.068
common_voice_cv_32432309,5.796
common_voice_cv_32432310,3.888
common_voice_cv_32432311,5.328
common_voice_cv_32432312,5.436
common_voice_cv_32432313,3.636
common_voice_cv_32432319,3.636
common_voice_cv_32432320,6.3
common_voice_cv_32432321,6.12
common_voice_cv_32432322,6.3
common_voice_cv_32432323,5.868
common_voice_cv_32432324,5.796
common_voice_cv_32432325,5.796
common_voice_cv_32432326,5.436
common_voice_cv_32432327,4.14
common_voice_cv_32432328,5.4
common_voice_cv_32459276,5.328
common_voice_cv_32459277,5.976
common_voice_cv_32459278,3.816
common_voice_cv_32459279,5.148
common_voice_cv_32459280,3.708
common_voice_cv_32459331,7.668
common_voice_cv_32459332,7.56
common_voice_cv_32459333,6.516
common_voice_cv_32459334,7.2
common_voice_cv_32459335,10.368
common_voice_cv_32459366,6.588
common_voice_cv_32459367,6.84
common_voice_cv_32459368,7.236
common_voice_cv_32459369,7.2
common_voice_cv_32459370,6.228
common_voice_cv_32459381,3.816
common_voice_cv_32459382,5.58
common_voice_cv_32459383,6.768
common_voice_cv_32459384,7.236
common_voice_cv_32459385,4.536
common_voice_cv_32518589,5.148
common_voice_cv_32518590,2.556
common_voice_cv_32518591,5.4
common_voice_cv_32518592,4.86
common_voice_cv_32518593,4.176
common_voice_cv_32518599,3.708
common_voice_cv_32518600,7.236
common_voice_cv_32518601,4.716
common_voice_cv_32518602,5.58
common_voice_cv_32518603,9.396
common_voice_cv_32518604,2.7
common_voice_cv_32518605,5.076
common_voice_cv_32518606,7.668
common_voice_cv_32518607,3.708
common_voice_cv_32518608,7.236
common_voice_cv_32518609,5.076
common_voice_cv_32518610,7.488
common_voice_cv_32518611,3.96
common_voice_cv_32518612,4.428
common_voice_cv_32518613,4.14
common_voice_cv_32519830,6.048
common_voice_cv_32519832,4.68
common_voice_cv_32519835,7.128
common_voice_cv_32519837,7.56
common_voice_cv_32519839,3.24
common_voice_cv_32519855,5.148
common_voice_cv_32519856,6.48
common_voice_cv_32519857,4.248
common_voice_cv_32519858,7.956
common_voice_cv_32519859,6.3
common_voice_cv_32519886,5.328
common_voice_cv_32519887,4.68
common_voice_cv_32519888,2.916
common_voice_cv_32519889,5.58
common_voice_cv_32519890,7.236
common_voice_cv_32519891,6.12
common_voice_cv_32519892,4.608
common_voice_cv_32519893,5.328
common_voice_cv_32519894,6.156
common_voice_cv_32519895,5.148
common_voice_cv_32519896,5.688
common_voice_cv_32519897,3.78
common_voice_cv_32519898,4.248
common_voice_cv_32519899,7.776
common_voice_cv_32519900,4.86
common_voice_cv_32519914,5.148
common_voice_cv_32519917,7.236
common_voice_cv_32519918,3.06
common_voice_cv_32519919,8.028
common_voice_cv_32519920,8.208
common_voice_cv_32519936,3.636
common_voice_cv_32519937,4.86
common_voice_cv_32519938,3.888
common_voice_cv_32519939,6.516
common_voice_cv_32550438,4.248
common_voice_cv_32550439,5.688
common_voice_cv_32550440,4.14
common_voice_cv_32550441,2.52
common_voice_cv_32550442,5.148
common_voice_cv_32550456,4.968
common_voice_cv_32550458,4.5
common_voice_cv_32550459,5.436
common_voice_cv_32550461,5.328
common_voice_cv_32550462,5.04
common_voice_cv_32550473,5.868
common_voice_cv_32550474,6.588
common_voice_cv_32550475,7.02
common_voice_cv_32550476,3.528
common_voice_cv_32550477,3.24
common_voice_cv_32550488,5.616
common_voice_cv_32550489,2.988
common_voice_cv_32550490,5.148
common_voice_cv_32550491,3.42
common_voice_cv_32550492,4.356
common_voice_cv_32550508,5.616
common_voice_cv_32550509,5.94
common_voice_cv_32550510,6.408
common_voice_cv_32550511,4.716
common_voice_cv_32550512,5.148
common_voice_cv_32550526,5.868
common_voice_cv_32550527,9.288
common_voice_cv_32550528,7.02
common_voice_cv_32550529,7.38
common_voice_cv_32550531,5.328
common_voice_cv_32567384,6.516
common_voice_cv_32567385,3.096
common_voice_cv_32702517,5.148
common_voice_cv_32702518,7.596
common_voice_cv_32702519,4.536
common_voice_cv_32702520,6.048
common_voice_cv_32702521,3.888
common_voice_cv_32702537,5.256
common_voice_cv_32702538,8.28
common_voice_cv_32702539,8.28
common_voice_cv_32702540,6.336
common_voice_cv_32702541,5.328
common_voice_cv_32702557,8.028
common_voice_cv_32702558,6.84
common_voice_cv_32702559,4.788
common_voice_cv_32702560,6.696
common_voice_cv_32702561,9.288
common_voice_cv_32702577,7.128
common_voice_cv_32702578,10.44
common_voice_cv_32702579,9.396
common_voice_cv_32702580,7.38
common_voice_cv_32702581,5.796
common_voice_cv_32702592,5.328
common_voice_cv_32702593,3.96
common_voice_cv_32702594,6.948
common_voice_cv_32702595,8.64
common_voice_cv_32702596,4.968
common_voice_cv_32702610,5.436
common_voice_cv_32702611,5.508
common_voice_cv_32702614,8.568
common_voice_cv_32702615,4.896
common_voice_cv_32702618,5.616
common_voice_cv_32702703,7.056
common_voice_cv_32702704,10.548
common_voice_cv_32702705,6.696
common_voice_cv_32702706,8.676
common_voice_cv_32702707,8.496
common_voice_cv_32702749,4.716
common_voice_cv_32702750,9.18
common_voice_cv_32702751,6.516
common_voice_cv_32702752,6.696
common_voice_cv_32702753,5.76
common_voice_cv_32702772,6.048
common_voice_cv_32702773,4.968
common_voice_cv_32702774,5.076
common_voice_cv_32702775,6.696
common_voice_cv_32702776,4.608
common_voice_cv_32702800,6.948
common_voice_cv_32702802,5.436
common_voice_cv_32702804,4.356
common_voice_cv_32702805,3.96
common_voice_cv_32702806,5.436
common_voice_cv_32702837,8.208
common_voice_cv_32702838,4.176
common_voice_cv_32702839,6.156
common_voice_cv_32702840,5.22
common_voice_cv_32702841,6.876
common_voice_cv_32798715,6.876
common_voice_cv_32798716,3.816
common_voice_cv_32798718,5.436
common_voice_cv_32798720,4.968
common_voice_cv_32798721,7.668
common_voice_cv_32798740,8.388
common_voice_cv_32798743,6.66
common_voice_cv_32798744,6.12
common_voice_cv_32798745,5.58
common_voice_cv_32798746,7.596
common_voice_cv_32798791,10.188
common_voice_cv_32798792,7.956
common_voice_cv_32798793,6.876
common_voice_cv_32798794,8.748
common_voice_cv_32798795,8.388
common_voice_cv_32798827,3.96
common_voice_cv_32798829,6.336
common_voice_cv_32798831,7.776
common_voice_cv_32798833,5.94
common_voice_cv_32798835,6.768
common_voice_cv_32798878,7.668
common_voice_cv_32798879,5.04
common_voice_cv_32798880,6.408
common_voice_cv_32798882,7.236
common_voice_cv_32798883,6.84
common_voice_cv_32798915,5.58
common_voice_cv_32798916,4.68
common_voice_cv_32798917,5.436
common_voice_cv_32798919,6.48
common_voice_cv_32798921,4.176
common_voice_cv_32798942,5.58
common_voice_cv_32798943,6.876
common_voice_cv_32798944,6.12
common_voice_cv_32798945,7.668
common_voice_cv_32798946,7.668
common_voice_cv_32798964,9.576
common_voice_cv_32798965,5.76
common_voice_cv_32798967,5.328
common_voice_cv_32798968,3.96
common_voice_cv_32798970,5.58
common_voice_cv_32799000,8.28
common_voice_cv_32799001,3.42
common_voice_cv_32799002,5.976
common_voice_cv_32799003,9.756
common_voice_cv_32799005,9.396
common_voice_cv_32799074,5.616
common_voice_cv_32799075,5.04
common_voice_cv_32799077,6.156
common_voice_cv_32799079,5.868
common_voice_cv_32799081,4.716
common_voice_cv_32799094,6.336
common_voice_cv_32799095,5.796
common_voice_cv_32799096,6.516
common_voice_cv_32799098,7.38
common_voice_cv_32799099,7.056
common_voice_cv_32799105,4.5
common_voice_cv_32799106,5.976
common_voice_cv_32799107,4.176
common_voice_cv_32799108,5.868
common_voice_cv_32799109,5.04
common_voice_cv_32799111,3.456
common_voice_cv_32799112,4.536
common_voice_cv_32799113,5.436
common_voice_cv_32799114,3.42
common_voice_cv_32799115,5.328
common_voice_cv_32799136,3.636
common_voice_cv_32799138,8.496
common_voice_cv_32799140,9.288
common_voice_cv_32799141,3.96
common_voice_cv_32799142,4.428
common_voice_cv_32799149,4.968
common_voice_cv_32799150,5.76
common_voice_cv_32799151,3.24
common_voice_cv_32799152,8.748
common_voice_cv_32799153,3.168
common_voice_cv_32799168,5.076
common_voice_cv_32799169,5.508
common_voice_cv_32799171,6.696
common_voice_cv_32799173,4.608
common_voice_cv_32799174,6.408
common_voice_cv_32799202,5.148
common_voice_cv_32799203,5.796
common_voice_cv_32799204,3.708
common_voice_cv_32799205,8.64
common_voice_cv_32799206,9.36
common_voice_cv_32863326,2.34
common_voice_cv_32863327,2.7
common_voice_cv_32863328,2.268
common_voice_cv_32863329,2.52
common_voice_cv_32863330,2.268
common_voice_cv_32864594,8.28
common_voice_cv_32864595,7.416
common_voice_cv_32864596,8.64
common_voice_cv_32864597,3.636
common_voice_cv_32864598,4.68
common_voice_cv_32864604,6.336
common_voice_cv_32864605,5.328
common_voice_cv_32864606,4.788
common_voice_cv_32864607,6.516
common_voice_cv_32864608,5.868
common_voice_cv_32864614,9.396
common_voice_cv_32864615,8.568
common_voice_cv_32864616,8.28
common_voice_cv_32864617,4.536
common_voice_cv_32864618,9.108
common_voice_cv_32864644,5.688
common_voice_cv_32864645,5.436
common_voice_cv_32864646,6.048
common_voice_cv_32864647,4.608
common_voice_cv_32864648,8.46
common_voice_cv_32864669,3.888
common_voice_cv_32864670,8.856
common_voice_cv_32864671,7.416
common_voice_cv_32864672,5.508
common_voice_cv_32864673,5.868
common_voice_cv_32864679,5.328
common_voice_cv_32864680,4.32
common_voice_cv_32864681,5.22
common_voice_cv_32864682,6.588
common_voice_cv_32864683,3.96
common_voice_cv_32864694,4.896
common_voice_cv_32864695,6.588
common_voice_cv_32864696,7.92
common_voice_cv_32864697,8.856
common_voice_cv_32864698,4.068
common_voice_cv_32864707,7.128
common_voice_cv_32864708,9.036
common_voice_cv_32864709,4.608
common_voice_cv_32864710,4.248
common_voice_cv_32864712,4.5
common_voice_cv_32864726,4.248
common_voice_cv_32864727,8.856
common_voice_cv_32864728,4.968
common_voice_cv_32864729,7.488
common_voice_cv_32864731,7.416
common_voice_cv_32864741,4.968
common_voice_cv_32864742,4.68
common_voice_cv_32864743,5.148
common_voice_cv_32864744,6.048
common_voice_cv_32864745,4.176
common_voice_cv_32864761,5.94
common_voice_cv_32864762,4.248
common_voice_cv_32864763,4.536
common_voice_cv_32864764,5.76
common_voice_cv_32864765,10.368
common_voice_cv_32864781,3.456
common_voice_cv_32864782,4.176
common_voice_cv_32864783,9.216
common_voice_cv_32864784,4.32
common_voice_cv_32864785,4.86
common_voice_cv_32864816,6.12
common_voice_cv_32864817,8.1
common_voice_cv_32864818,7.02
common_voice_cv_32864819,5.616
common_voice_cv_32864820,8.388
common_voice_cv_32864836,6.408
common_voice_cv_32864837,9.216
common_voice_cv_32864838,8.388
common_voice_cv_32864839,5.04
common_voice_cv_32864840,9.36
common_voice_cv_32864866,9.468
common_voice_cv_32864867,7.308
common_voice_cv_32864868,3.888
common_voice_cv_32864869,7.236
common_voice_cv_32864870,8.676
common_voice_cv_32960529,3.888
common_voice_cv_32960530,7.056
common_voice_cv_32960531,10.476
common_voice_cv_32960532,9.72
common_voice_cv_32960533,7.308
common_voice_cv_32960544,9.936
common_voice_cv_32960545,9.828
common_voice_cv_32960546,7.38
common_voice_cv_32960547,7.596
common_voice_cv_32960548,8.136
common_voice_cv_32980085,10.08
common_voice_cv_32980086,5.328
common_voice_cv_32980087,9.396
common_voice_cv_32980089,7.956
common_voice_cv_32980090,6.228
common_voice_cv_32980095,6.768
common_voice_cv_32980096,6.048
common_voice_cv_32980097,4.788
common_voice_cv_32980098,6.696
common_voice_cv_32980099,3.348
common_voice_cv_32980105,6.3
common_voice_cv_32980106,5.976
common_voice_cv_32980107,9.756
common_voice_cv_32980108,4.896
common_voice_cv_32980109,5.868
common_voice_cv_33050014,6.084
common_voice_cv_33050017,5.04
common_voice_cv_33050019,7.488
common_voice_cv_33050020,7.704
common_voice_cv_33050021,8.928
common_voice_cv_33050022,5.148
common_voice_cv_33050023,5.148
common_voice_cv_33050024,5.904
common_voice_cv_33050025,3.204
common_voice_cv_33050026,6.192
common_voice_cv_33050107,6.228
common_voice_cv_33050108,7.38
common_voice_cv_33050109,4.428
common_voice_cv_33050110,5.976
common_voice_cv_33050111,6.732
common_voice_cv_33050117,8.676
common_voice_cv_33050119,6.408
common_voice_cv_33050121,5.904
common_voice_cv_33050122,3.816
common_voice_cv_33050124,5.76
common_voice_cv_33050127,5.58
common_voice_cv_33050128,3.384
common_voice_cv_33050129,5.076
common_voice_cv_33050130,4.68
common_voice_cv_33050131,4.212
common_voice_cv_33050137,7.056
common_voice_cv_33050138,7.128
common_voice_cv_33050139,3.636
common_voice_cv_33050140,6.624
common_voice_cv_33050141,5.328
common_voice_cv_33050142,5.004
common_voice_cv_33050143,6.552
common_voice_cv_33050144,3.636
common_voice_cv_33050145,8.928
common_voice_cv_33050146,4.824
common_voice_cv_33050147,7.452
common_voice_cv_33050148,6.264
common_voice_cv_33050149,6.084
common_voice_cv_33050150,7.056
common_voice_cv_33050151,4.392
common_voice_cv_33050152,9.756
common_voice_cv_33050153,5.76
common_voice_cv_33050154,5.724
common_voice_cv_33050155,10.008
common_voice_cv_33050156,6.804
common_voice_cv_33050157,9.036
common_voice_cv_33050158,3.888
common_voice_cv_33050159,4.356
common_voice_cv_33050160,5.436
common_voice_cv_33050161,5.544
common_voice_cv_33050167,4.68
common_voice_cv_33050168,5.868
common_voice_cv_33050169,3.636
common_voice_cv_33050170,7.524
common_voice_cv_33050171,3.744
common_voice_cv_33050172,4.572
common_voice_cv_33050173,6.876
common_voice_cv_33050174,8.028
common_voice_cv_33050175,5.652
common_voice_cv_33050176,5.76
common_voice_cv_33050177,8.604
common_voice_cv_33050178,3.888
common_voice_cv_33050179,5.688
common_voice_cv_33050180,3.708
common_voice_cv_33050181,7.632
common_voice_cv_33050187,7.02
common_voice_cv_33050188,4.392
common_voice_cv_33050189,7.128
common_voice_cv_33050190,8.28
common_voice_cv_33050191,7.056
common_voice_cv_33050192,5.004
common_voice_cv_33050193,5.508
common_voice_cv_33050194,5.184
common_voice_cv_33050195,4.392
common_voice_cv_33050196,4.968
common_voice_cv_33050202,6.156
common_voice_cv_33050203,6.192
common_voice_cv_33050204,8.496
common_voice_cv_33050205,3.924
common_voice_cv_33050206,6.732
common_voice_cv_33050207,8.388
common_voice_cv_33050208,7.848
common_voice_cv_33050209,3.492
common_voice_cv_33050210,9.108
common_voice_cv_33050211,5.544
common_voice_cv_33050212,6.876
common_voice_cv_33050213,4.248
common_voice_cv_33050214,5.436
common_voice_cv_33050215,3.888
common_voice_cv_33050216,4.212
common_voice_cv_33050217,4.464
common_voice_cv_33050218,4.608
common_voice_cv_33050219,6.984
common_voice_cv_33050220,3.312
common_voice_cv_33050221,5.256
common_voice_cv_33076049,4.644
common_voice_cv_33076050,5.328
common_voice_cv_33076051,6.228
common_voice_cv_33076052,3.96
common_voice_cv_33076053,4.212
common_voice_cv_33076057,8.28
common_voice_cv_33076058,7.056
common_voice_cv_33076059,7.452
common_voice_cv_33076060,6.66
common_voice_cv_33076061,3.636
common_voice_cv_33076062,4.068
common_voice_cv_33076063,5.544
common_voice_cv_33076064,7.632
common_voice_cv_33076065,6.696
common_voice_cv_33076066,4.176
common_voice_cv_33076068,5.688
common_voice_cv_33076069,6.264
common_voice_cv_33076070,4.68
common_voice_cv_33076071,7.092
common_voice_cv_33076072,4.5
common_voice_cv_33076078,3.636
common_voice_cv_33076079,6.804
common_voice_cv_33076080,7.776
common_voice_cv_33076081,6.876
common_voice_cv_33076082,3.348
common_voice_cv_33076083,2.844
common_voice_cv_33076084,2.88
common_voice_cv_33076085,3.888
common_voice_cv_33076086,5.508
common_voice_cv_33076087,4.716
common_voice_cv_33076088,4.644
common_voice_cv_33076089,5.148
common_voice_cv_33076090,5.148
common_voice_cv_33076091,7.596
common_voice_cv_33076092,4.536
common_voice_cv_33076101,6.84
common_voice_cv_33076104,6.876
common_voice_cv_33076105,6.624
common_voice_cv_33076106,4.716
common_voice_cv_33076107,3.42
common_voice_cv_33076108,3.636
common_voice_cv_33076109,3.168
common_voice_cv_33076110,9.144
common_voice_cv_33076111,7.38
common_voice_cv_33076112,4.104
common_voice_cv_33076128,4.644
common_voice_cv_33076129,5.652
common_voice_cv_33076130,4.68
common_voice_cv_33076131,6.444
common_voice_cv_33076132,5.868
common_voice_cv_33076168,4.608
common_voice_cv_33076169,2.376
common_voice_cv_33076170,7.164
common_voice_cv_33076171,7.992
common_voice_cv_33076173,6.984
common_voice_cv_33076193,7.272
common_voice_cv_33076194,2.88
common_voice_cv_33076195,5.94
common_voice_cv_33076196,6.3
common_voice_cv_33076197,3.924
common_voice_cv_33076215,6.48
common_voice_cv_33076217,4.752
common_voice_cv_33076219,3.24
common_voice_cv_33076220,3.852
common_voice_cv_33076222,5.508
common_voice_cv_33076235,6.336
common_voice_cv_33076236,6.552
common_voice_cv_33076237,5.904
common_voice_cv_33076238,6.48
common_voice_cv_33076239,7.812
common_voice_cv_33076257,4.032
common_voice_cv_33076259,6.552
common_voice_cv_33076261,4.464
common_voice_cv_33076263,2.556
common_voice_cv_33076264,4.176
common_voice_cv_33076314,4.608
common_voice_cv_33076315,4.896
common_voice_cv_33076316,4.5
common_voice_cv_33076317,5.904
common_voice_cv_33076318,5.76
common_voice_cv_33076344,4.824
common_voice_cv_33076345,3.312
common_voice_cv_33076346,3.78
common_voice_cv_33076347,5.724
common_voice_cv_33076348,9.684
common_voice_cv_33076369,6.156
common_voice_cv_33076370,5.868
common_voice_cv_33076371,7.128
common_voice_cv_33076372,3.852
common_voice_cv_33076373,7.092
common_voice_cv_33076389,5.976
common_voice_cv_33076390,5.184
common_voice_cv_33076391,5.076
common_voice_cv_33076392,8.532
common_voice_cv_33076394,7.452
common_voice_cv_33076404,4.68
common_voice_cv_33076405,6.84
common_voice_cv_33076406,3.528
common_voice_cv_33076407,4.86
common_voice_cv_33076408,4.212
common_voice_cv_33076419,5.796
common_voice_cv_33076420,3.24
common_voice_cv_33076421,6.876
common_voice_cv_33076422,3.708
common_voice_cv_33076424,4.896
common_voice_cv_33076444,4.968
common_voice_cv_33076445,4.248
common_voice_cv_33076446,3.996
common_voice_cv_33076447,4.644
common_voice_cv_33076448,9.036
common_voice_cv_33076473,5.616
common_voice_cv_33076475,7.704
common_voice_cv_33076476,6.912
common_voice_cv_33076477,3.636
common_voice_cv_33076478,4.752
common_voice_cv_33076484,5.616
common_voice_cv_33076485,8.064
common_voice_cv_33076487,3.528
common_voice_cv_33076490,4.356
common_voice_cv_33076491,2.988
common_voice_cv_33076526,6.48
common_voice_cv_33076529,8.424
common_voice_cv_33076530,6.156
common_voice_cv_33076531,4.356
common_voice_cv_33076532,3.888
common_voice_cv_33092848,4.716
common_voice_cv_33092849,7.308
common_voice_cv_33092850,8.388
common_voice_cv_33092851,5.58
common_voice_cv_33092852,9.0
common_voice_cv_33092878,6.84
common_voice_cv_33092879,5.076
common_voice_cv_33092880,9.036
common_voice_cv_33092881,3.024
common_voice_cv_33092882,4.14
common_voice_cv_33092913,9.144
common_voice_cv_33092915,2.952
common_voice_cv_33092918,7.092
common_voice_cv_33092919,4.86
common_voice_cv_33092921,6.84
common_voice_cv_33092946,8.964
common_voice_cv_33092947,7.776
common_voice_cv_33092949,5.364
common_voice_cv_33092950,5.868
common_voice_cv_33092951,7.272
common_voice_cv_33093116,7.812
common_voice_cv_33093117,3.024
common_voice_cv_33093118,9.396
common_voice_cv_33093119,7.596
common_voice_cv_33093120,4.716
common_voice_cv_33093141,7.956
common_voice_cv_33093142,5.616
common_voice_cv_33093143,3.924
common_voice_cv_33093144,5.508
common_voice_cv_33093145,3.204
common_voice_cv_33093161,4.464
common_voice_cv_33093162,7.74
common_voice_cv_33093163,4.968
common_voice_cv_33093164,4.644
common_voice_cv_33093165,4.068
common_voice_cv_33093196,3.708
common_voice_cv_33093197,5.364
common_voice_cv_33093198,6.84
common_voice_cv_33093199,7.128
common_voice_cv_33093200,8.532
common_voice_cv_33093206,2.844
common_voice_cv_33093207,6.228
common_voice_cv_33093211,9.36
common_voice_cv_33093213,5.616
common_voice_cv_33093215,3.24
common_voice_cv_33117825,7.38
common_voice_cv_33117826,3.6
common_voice_cv_33117827,6.228
common_voice_cv_33117828,1.836
common_voice_cv_33117829,6.66
common_voice_cv_33117855,3.636
common_voice_cv_33117856,5.4
common_voice_cv_33117857,8.28
common_voice_cv_33117858,9.216
common_voice_cv_33117859,7.488
common_voice_cv_33117870,6.696
common_voice_cv_33117871,8.64
common_voice_cv_33117872,3.96
common_voice_cv_33117873,4.176
common_voice_cv_33117874,3.78
common_voice_cv_33117899,5.328
common_voice_cv_33117900,4.356
common_voice_cv_33117901,6.948
common_voice_cv_33117902,8.1
common_voice_cv_33117903,4.248
common_voice_cv_33117939,8.28
common_voice_cv_33117941,5.148
common_voice_cv_33117942,5.76
common_voice_cv_33117944,6.156
common_voice_cv_33117946,9.468
common_voice_cv_33216090,6.588
common_voice_cv_33216091,5.256
common_voice_cv_33216092,7.128
common_voice_cv_33216093,6.876
common_voice_cv_33216094,8.928
common_voice_cv_33216095,10.368
common_voice_cv_33216096,3.096
common_voice_cv_33216097,5.58
common_voice_cv_33216098,6.66
common_voice_cv_33216099,4.14
common_voice_cv_33216100,5.688
common_voice_cv_33216101,5.436
common_voice_cv_33216102,7.416
common_voice_cv_33216103,6.876
common_voice_cv_33216104,7.056
common_voice_cv_33272034,4.248
common_voice_cv_33272036,8.208
common_voice_cv_33272037,5.976
common_voice_cv_33272038,3.6
common_voice_cv_33272040,5.328
common_voice_cv_33272067,5.328
common_voice_cv_33272068,7.236
common_voice_cv_33272070,7.488
common_voice_cv_33272071,4.176
common_voice_cv_33272072,9.468
common_voice_cv_33272085,3.168
common_voice_cv_33272086,3.708
common_voice_cv_33272087,4.68
common_voice_cv_33272088,3.6
common_voice_cv_33272089,7.74
common_voice_cv_33272100,7.308
common_voice_cv_33272101,5.508
common_voice_cv_33272102,5.076
common_voice_cv_33272103,9.036
common_voice_cv_33272104,5.796
common_voice_cv_33272115,8.208
common_voice_cv_33272116,4.716
common_voice_cv_33272117,5.436
common_voice_cv_33272118,3.6
common_voice_cv_33272119,3.456
common_voice_cv_33272135,6.696
common_voice_cv_33272136,5.436
common_voice_cv_33272137,9.18
common_voice_cv_33272138,5.076
common_voice_cv_33272139,8.388
common_voice_cv_33272145,7.956
common_voice_cv_33272146,6.048
common_voice_cv_33272147,5.148
common_voice_cv_33272148,6.48
common_voice_cv_33272149,6.336
common_voice_cv_33272165,5.328
common_voice_cv_33272166,4.14
common_voice_cv_33272167,5.796
common_voice_cv_33272168,5.22
common_voice_cv_33272169,5.688
common_voice_cv_33272305,5.256
common_voice_cv_33272306,2.916
common_voice_cv_33272307,3.528
common_voice_cv_33272308,4.14
common_voice_cv_33272309,3.06
common_voice_cv_33272315,3.78
common_voice_cv_33272316,5.436
common_voice_cv_33272317,8.676
common_voice_cv_33272318,4.968
common_voice_cv_33272319,3.636
common_voice_cv_33272340,4.356
common_voice_cv_33272341,9.9
common_voice_cv_33272342,5.796
common_voice_cv_33272343,6.48
common_voice_cv_33272344,8.496
common_voice_cv_33272355,3.24
common_voice_cv_33272356,6.3
common_voice_cv_33272357,5.976
common_voice_cv_33272358,5.148
common_voice_cv_33272359,5.076
common_voice_cv_33296819,5.688
common_voice_cv_33296820,7.92
common_voice_cv_33296821,5.04
common_voice_cv_33296822,8.856
common_voice_cv_33296823,7.308
common_voice_cv_33296828,4.176
common_voice_cv_33296829,5.148
common_voice_cv_33296830,4.248
common_voice_cv_33296831,4.32
common_voice_cv_33296832,5.328
common_voice_cv_33296842,3.348
common_voice_cv_33296843,7.416
common_voice_cv_33296844,8.568
common_voice_cv_33296845,6.48
common_voice_cv_33296846,4.5
common_voice_cv_33296852,5.256
common_voice_cv_33296853,4.788
common_voice_cv_33296854,4.68
common_voice_cv_33296855,4.5
common_voice_cv_33296856,4.896
common_voice_cv_33308806,3.6
common_voice_cv_33308807,4.536
common_voice_cv_33308808,5.688
common_voice_cv_33308809,4.5
common_voice_cv_33308810,3.816
common_voice_cv_33308829,7.488
common_voice_cv_33308830,4.536
common_voice_cv_33308831,7.92
common_voice_cv_33308832,7.92
common_voice_cv_33308833,4.248
common_voice_cv_33308849,3.456
common_voice_cv_33308850,8.856
common_voice_cv_33308851,3.816
common_voice_cv_33308852,3.24
common_voice_cv_33308853,3.348
common_voice_cv_33308859,4.608
common_voice_cv_33308860,5.328
common_voice_cv_33308861,4.896
common_voice_cv_33308862,5.508
common_voice_cv_33308863,5.76
common_voice_cv_33308889,7.668
common_voice_cv_33308890,6.948
common_voice_cv_33308891,5.328
common_voice_cv_33308892,8.388
common_voice_cv_33308893,8.136
common_voice_cv_33321203,8.496
common_voice_cv_33321204,4.248
common_voice_cv_33321205,3.78
common_voice_cv_33321206,5.616
common_voice_cv_33321207,5.148
common_voice_cv_33321218,5.04
common_voice_cv_33321219,7.308
common_voice_cv_33321220,3.456
common_voice_cv_33321221,3.888
common_voice_cv_33321222,6.228
common_voice_cv_33321251,7.38
common_voice_cv_33321252,7.668
common_voice_cv_33321253,4.788
common_voice_cv_33321254,4.356
common_voice_cv_33321255,6.876
common_voice_cv_33321272,4.896
common_voice_cv_33321274,6.156
common_voice_cv_33321275,3.78
common_voice_cv_33321277,9.216
common_voice_cv_33321279,5.076
common_voice_cv_33321291,4.968
common_voice_cv_33321292,4.608
common_voice_cv_33321293,3.6
common_voice_cv_33321294,6.228
common_voice_cv_33321295,3.996
common_voice_cv_33321301,5.94
common_voice_cv_33321302,3.456
common_voice_cv_33321303,4.968
common_voice_cv_33321304,5.868
common_voice_cv_33321310,3.636
common_voice_cv_33321311,5.616
common_voice_cv_33321312,7.128
common_voice_cv_33321313,7.92
common_voice_cv_33321314,5.22
common_voice_cv_33321325,7.56
common_voice_cv_33321326,5.976
common_voice_cv_33321327,5.22
common_voice_cv_33321328,5.58
common_voice_cv_33321329,5.976
common_voice_cv_33321335,6.156
common_voice_cv_33321336,4.896
common_voice_cv_33321337,7.236
common_voice_cv_33321338,6.876
common_voice_cv_33321339,3.96
common_voice_cv_33393715,5.688
common_voice_cv_33393716,7.128
common_voice_cv_33393717,5.4
common_voice_cv_33393718,4.788
common_voice_cv_33393719,3.276
common_voice_cv_33393757,4.176
common_voice_cv_33393759,7.308
common_voice_cv_33393762,5.148
common_voice_cv_33393763,4.428
common_voice_cv_33393764,5.148
common_voice_cv_33393775,3.996
common_voice_cv_33393776,3.708
common_voice_cv_33393777,7.488
common_voice_cv_33393778,4.68
common_voice_cv_33393779,3.816
common_voice_cv_33393815,3.636
common_voice_cv_33393816,4.896
common_voice_cv_33393817,7.56
common_voice_cv_33393818,3.888
common_voice_cv_33393821,4.32
common_voice_cv_33393845,3.888
common_voice_cv_33393846,5.616
common_voice_cv_33393847,6.336
common_voice_cv_33393848,6.696
common_voice_cv_33393850,3.816
common_voice_cv_33393870,4.176
common_voice_cv_33393871,2.916
common_voice_cv_33393872,4.716
common_voice_cv_33393873,8.388
common_voice_cv_33393874,3.456
common_voice_cv_33394114,3.708
common_voice_cv_33394115,4.788
common_voice_cv_33394116,7.488
common_voice_cv_33394117,4.428
common_voice_cv_33394118,5.04
common_voice_cv_33394119,4.356
common_voice_cv_33394120,3.24
common_voice_cv_33394121,8.928
common_voice_cv_33394122,4.968
common_voice_cv_33394123,8.388
common_voice_cv_33394134,4.608
common_voice_cv_33394135,4.176
common_voice_cv_33394136,9.54
common_voice_cv_33394137,8.64
common_voice_cv_33394138,5.868
common_voice_cv_33394151,3.24
common_voice_cv_33394152,6.696
common_voice_cv_33394153,3.24
common_voice_cv_33394154,8.46
common_voice_cv_33394155,3.636
common_voice_cv_33394166,5.4
common_voice_cv_33394167,6.048
common_voice_cv_33394168,7.056
common_voice_cv_33394169,6.228
common_voice_cv_33394170,7.776
common_voice_cv_33407993,4.356
common_voice_cv_33407994,3.708
common_voice_cv_33407995,3.24
common_voice_cv_33407996,3.24
common_voice_cv_33407997,6.048
common_voice_cv_33408003,8.1
common_voice_cv_33408004,4.968
common_voice_cv_33408005,6.048
common_voice_cv_33408006,5.4
common_voice_cv_33408007,8.568
common_voice_cv_33426522,3.996
common_voice_cv_33426523,4.32
common_voice_cv_33426524,4.86
common_voice_cv_33426527,6.48
common_voice_cv_33426528,5.688
common_voice_cv_33426537,4.14
common_voice_cv_33426538,4.788
common_voice_cv_33426539,3.636
common_voice_cv_33426540,3.456
common_voice_cv_33426541,7.848
common_voice_cv_33426582,6.408
common_voice_cv_33426583,4.896
common_voice_cv_33426584,4.176
common_voice_cv_33426585,3.996
common_voice_cv_33426586,3.168
common_voice_cv_33426602,5.976
common_voice_cv_33426603,3.78
common_voice_cv_33426604,6.408
common_voice_cv_33426605,5.796
common_voice_cv_33426606,4.248
common_voice_cv_33426622,3.888
common_voice_cv_33426623,5.688
common_voice_cv_33426624,6.588
common_voice_cv_33426625,4.716
common_voice_cv_33426626,2.808
common_voice_cv_33426632,3.24
common_voice_cv_33426633,4.428
common_voice_cv_33426634,5.22
common_voice_cv_33426635,4.536
common_voice_cv_33426636,4.428
common_voice_cv_33426642,4.14
common_voice_cv_33426643,5.328
common_voice_cv_33426644,5.148
common_voice_cv_33426645,4.788
common_voice_cv_33426646,6.336
common_voice_cv_33426652,3.636
common_voice_cv_33426653,5.796
common_voice_cv_33426654,4.5
common_voice_cv_33426655,5.256
common_voice_cv_33426656,3.996
common_voice_cv_33426662,4.356
common_voice_cv_33426663,3.096
common_voice_cv_33426664,5.508
common_voice_cv_33426665,3.888
common_voice_cv_33426666,8.568
common_voice_cv_33426682,3.816
common_voice_cv_33426683,8.748
common_voice_cv_33426684,6.48
common_voice_cv_33426685,7.128
common_voice_cv_33426686,6.588
common_voice_cv_33426697,7.848
common_voice_cv_33426698,3.888
common_voice_cv_33426699,4.68
common_voice_cv_33426700,4.14
common_voice_cv_33426706,6.228
common_voice_cv_33426707,4.536
common_voice_cv_33426708,4.86
common_voice_cv_33426709,5.436
common_voice_cv_33426710,4.32
common_voice_cv_33468640,5.652
common_voice_cv_33468641,6.12
common_voice_cv_33468642,2.988
common_voice_cv_33468643,7.272
common_voice_cv_33468644,5.904
common_voice_cv_33468650,2.592
common_voice_cv_33468651,5.472
common_voice_cv_33468652,3.132
common_voice_cv_33468653,4.968
common_voice_cv_33468654,6.156
common_voice_cv_33468665,5.436
common_voice_cv_33468666,2.484
common_voice_cv_33468667,7.272
common_voice_cv_33468668,6.084
common_voice_cv_33468669,7.704
common_voice_cv_33468670,4.32
common_voice_cv_33468671,2.808
common_voice_cv_33468672,4.968
common_voice_cv_33468673,5.184
common_voice_cv_33468674,4.788
common_voice_cv_33509023,5.256
common_voice_cv_33509024,8.928
common_voice_cv_33509025,5.148
common_voice_cv_33509026,7.236
common_voice_cv_33509027,4.32
common_voice_cv_33509033,3.456
common_voice_cv_33509034,4.68
common_voice_cv_33509035,4.608
common_voice_cv_33509036,5.04
common_voice_cv_33509037,6.66
common_voice_cv_33509043,3.996
common_voice_cv_33509044,5.328
common_voice_cv_33509045,4.608
common_voice_cv_33509046,5.94
common_voice_cv_33509047,5.076
common_voice_cv_33693961,4.536
common_voice_cv_33693963,4.356
common_voice_cv_33693965,6.696
common_voice_cv_33693968,4.5
common_voice_cv_33693970,7.056
common_voice_cv_33693993,3.78
common_voice_cv_33693994,4.428
common_voice_cv_33693995,3.276
common_voice_cv_33693996,6.228
common_voice_cv_33693997,4.788
common_voice_cv_33694061,8.748
common_voice_cv_33694062,7.56
common_voice_cv_33694063,5.508
common_voice_cv_33694064,7.956
common_voice_cv_33694065,4.14
common_voice_cv_33694119,5.94
common_voice_cv_33694120,4.356
common_voice_cv_33694121,5.688
common_voice_cv_33694122,5.58
common_voice_cv_33694123,5.22
common_voice_cv_33694162,6.156
common_voice_cv_33694163,3.276
common_voice_cv_33694164,8.64
common_voice_cv_33694165,5.796
common_voice_cv_33694166,5.04
common_voice_cv_33694258,3.636
common_voice_cv_33694262,3.888
common_voice_cv_33694264,3.996
common_voice_cv_33694265,4.176
common_voice_cv_33694266,7.416
common_voice_cv_33742557,6.588
common_voice_cv_33742559,7.488
common_voice_cv_33742561,5.22
common_voice_cv_33742563,3.06
common_voice_cv_33742564,4.968
common_voice_cv_33742600,6.516
common_voice_cv_33742601,5.22
common_voice_cv_33742602,4.86
common_voice_cv_33742604,6.12
common_voice_cv_33742605,3.456
common_voice_cv_33742619,4.68
common_voice_cv_33742620,4.896
common_voice_cv_33742621,4.356
common_voice_cv_33742622,6.408
common_voice_cv_33742623,4.716
common_voice_cv_33742653,6.588
common_voice_cv_33742654,9.468
common_voice_cv_33742655,5.4
common_voice_cv_33742656,4.86
common_voice_cv_33742658,4.896
common_voice_cv_33742704,3.996
common_voice_cv_33742705,4.248
common_voice_cv_33742706,10.008
common_voice_cv_33742707,4.716
common_voice_cv_33742708,4.5
common_voice_cv_33742721,6.048
common_voice_cv_33742722,6.408
common_voice_cv_33742723,7.128
common_voice_cv_33742724,8.1
common_voice_cv_33742740,7.056
common_voice_cv_33742741,7.596
common_voice_cv_33742742,4.68
common_voice_cv_33742743,5.328
common_voice_cv_33742744,5.076
common_voice_cv_33753124,4.32
common_voice_cv_33753126,3.996
common_voice_cv_33753128,10.368
common_voice_cv_33753131,6.3
common_voice_cv_33753132,4.32
common_voice_cv_33753155,3.348
common_voice_cv_33753157,7.308
common_voice_cv_33753160,3.42
common_voice_cv_33753161,5.76
common_voice_cv_33753162,5.4
common_voice_cv_33805503,5.76
common_voice_cv_33805504,3.096
common_voice_cv_33805505,5.436
common_voice_cv_33805506,4.896
common_voice_cv_33805507,7.92
common_voice_cv_33805532,4.788
common_voice_cv_33805534,7.056
common_voice_cv_33805535,4.32
common_voice_cv_33805536,3.888
common_voice_cv_33805537,4.14
common_voice_cv_33805568,5.04
common_voice_cv_33805569,4.716
common_voice_cv_33805570,4.536
common_voice_cv_33805571,5.76
common_voice_cv_33805572,3.528
common_voice_cv_33805603,8.568
common_voice_cv_33805604,5.148
common_voice_cv_33805605,7.488
common_voice_cv_33805606,4.608
common_voice_cv_33805607,5.22
common_voice_cv_33805646,6.228
common_voice_cv_33805647,5.436
common_voice_cv_33805648,5.328
common_voice_cv_33805649,6.3
common_voice_cv_33805650,3.24
common_voice_cv_33805657,3.96
common_voice_cv_33805658,4.716
common_voice_cv_33805659,3.816
common_voice_cv_33805660,5.256
common_voice_cv_33805661,3.456
common_voice_cv_33805684,3.528
common_voice_cv_33805686,5.616
common_voice_cv_33805688,5.508
common_voice_cv_33805690,4.716
common_voice_cv_33805692,5.4
common_voice_cv_33805735,7.848
common_voice_cv_33805757,4.86
common_voice_cv_33805760,7.74
common_voice_cv_33805763,5.436
common_voice_cv_33805765,3.276
common_voice_cv_33805791,7.2
common_voice_cv_33805792,6.48
common_voice_cv_33805793,4.248
common_voice_cv_33805794,5.76
common_voice_cv_33805795,8.208
common_voice_cv_33805818,3.708
common_voice_cv_33805819,5.508
common_voice_cv_33805820,4.788
common_voice_cv_33805821,3.888
common_voice_cv_33805823,2.988
common_voice_cv_33873508,3.276
common_voice_cv_33873509,4.176
common_voice_cv_33873510,5.868
common_voice_cv_33873511,6.228
common_voice_cv_33873512,5.076
common_voice_cv_33873543,9.9
common_voice_cv_33873544,5.688
common_voice_cv_33873548,8.388
common_voice_cv_33873550,5.076
common_voice_cv_33873552,9.0
common_voice_cv_33873580,4.968
common_voice_cv_33873581,4.68
common_voice_cv_33873582,4.536
common_voice_cv_33873583,5.688
common_voice_cv_33873584,4.14
common_voice_cv_33927633,6.156
common_voice_cv_33927634,3.42
common_voice_cv_33927636,5.58
common_voice_cv_33927637,8.208
common_voice_cv_33927638,3.636
common_voice_cv_33927647,5.04
common_voice_cv_33927648,6.876
common_voice_cv_33927649,3.708
common_voice_cv_33927650,9.216
common_voice_cv_33927651,4.68
common_voice_cv_33927673,9.576
common_voice_cv_33927675,9.18
common_voice_cv_33927676,4.716
common_voice_cv_33927677,4.5
common_voice_cv_33927679,5.796
common_voice_cv_33927692,5.976
common_voice_cv_33927693,8.568
common_voice_cv_33927694,6.336
common_voice_cv_33927695,4.716
common_voice_cv_33927696,5.508
common_voice_cv_33927702,5.868
common_voice_cv_33927703,4.536
common_voice_cv_33927704,7.488
common_voice_cv_33927705,5.04
common_voice_cv_33927706,5.868
common_voice_cv_33956036,6.84
common_voice_cv_33956039,6.516
common_voice_cv_33956041,4.14
common_voice_cv_33956042,4.788
common_voice_cv_33956044,8.316
common_voice_cv_33956074,5.58
common_voice_cv_33956075,6.588
common_voice_cv_33956077,5.76
common_voice_cv_33956078,5.148
common_voice_cv_33956079,5.328
common_voice_cv_33956102,4.68
common_voice_cv_33956104,4.5
common_voice_cv_33956106,3.528
common_voice_cv_33956107,4.788
common_voice_cv_33956109,7.2
common_voice_cv_33956111,3.96
common_voice_cv_33956112,3.096
common_voice_cv_33956113,4.536
common_voice_cv_33956114,4.86
common_voice_cv_33956115,4.5
common_voice_cv_33956136,9.18
common_voice_cv_33956137,5.688
common_voice_cv_33956138,4.716
common_voice_cv_33956139,5.94
common_voice_cv_33956140,7.56
common_voice_cv_33956157,4.968
common_voice_cv_33956158,5.796
common_voice_cv_33956160,5.256
common_voice_cv_33956161,4.248
common_voice_cv_33956195,4.428
common_voice_cv_33956196,7.02
common_voice_cv_33956197,4.248
common_voice_cv_33956198,5.436
common_voice_cv_33956199,7.74
common_voice_cv_33977580,4.428
common_voice_cv_33977581,4.86
common_voice_cv_33977582,4.788
common_voice_cv_33977583,7.128
common_voice_cv_33977584,4.068
common_voice_cv_33977585,9.288
common_voice_cv_33977586,2.988
common_voice_cv_33977588,5.616
common_voice_cv_33977591,5.04
common_voice_cv_33977594,6.048
common_voice_cv_33977612,4.14
common_voice_cv_33977613,7.02
common_voice_cv_33977614,3.456
common_voice_cv_33977615,5.94
common_voice_cv_33977616,4.428
common_voice_cv_33977655,6.048
common_voice_cv_33977657,5.22
common_voice_cv_33977658,10.116
common_voice_cv_33977659,5.256
common_voice_cv_33977660,4.176
common_voice_cv_33977716,8.82
common_voice_cv_33977717,8.136
common_voice_cv_33977718,4.896
common_voice_cv_33977719,9.036
common_voice_cv_33977725,7.056
common_voice_cv_33977776,9.216
common_voice_cv_33977778,3.348
common_voice_cv_33977782,7.308
common_voice_cv_33977787,6.84
common_voice_cv_33977849,6.66
common_voice_cv_33977850,7.056
common_voice_cv_33977851,10.008
common_voice_cv_33977852,5.796
common_voice_cv_33977853,7.488
common_voice_cv_33977870,4.32
common_voice_cv_33977872,4.68
common_voice_cv_33977880,5.616
common_voice_cv_33977886,4.86
common_voice_cv_33977894,6.156
common_voice_cv_34115191,4.428
common_voice_cv_34115193,5.688
common_voice_cv_34115194,3.708
common_voice_cv_34115196,5.94
common_voice_cv_34115197,5.58
common_voice_cv_34124635,6.588
common_voice_cv_34124636,4.5
common_voice_cv_34124637,4.896
common_voice_cv_34124639,7.128
common_voice_cv_34124643,8.46
common_voice_cv_34124683,4.788
common_voice_cv_34124684,6.408
common_voice_cv_34124685,4.86
common_voice_cv_34124686,5.616
common_voice_cv_34124687,3.816
common_voice_cv_34124730,7.56
common_voice_cv_34124731,3.6
common_voice_cv_34124732,5.436
common_voice_cv_34124733,4.5
common_voice_cv_34124734,3.096
common_voice_cv_34683748,4.788
common_voice_cv_34683751,5.616
common_voice_cv_34683754,4.788
common_voice_cv_34683756,6.408
common_voice_cv_34683759,7.128
common_voice_cv_34683872,5.58
common_voice_cv_34683874,4.5
common_voice_cv_34683875,9.828
common_voice_cv_34683876,4.86
common_voice_cv_34683878,5.04
common_voice_cv_34683970,8.676
common_voice_cv_34683971,4.176
common_voice_cv_34683972,5.76
common_voice_cv_34683973,6.12
common_voice_cv_34683974,4.68
common_voice_cv_34684020,7.38
common_voice_cv_34684021,6.84
common_voice_cv_34684022,5.04
common_voice_cv_34684023,3.996
common_voice_cv_34684024,5.4
common_voice_cv_34684082,8.028
common_voice_cv_34684083,4.608
common_voice_cv_34684084,5.58
common_voice_cv_34684085,4.068
common_voice_cv_34684086,8.82
common_voice_cv_34684156,3.6
common_voice_cv_34684161,4.356
common_voice_cv_34684167,2.988
common_voice_cv_34684171,6.66
common_voice_cv_34684173,4.68
common_voice_cv_34684231,5.508
common_voice_cv_34684232,3.42
common_voice_cv_34684233,6.156
common_voice_cv_34684234,4.968
common_voice_cv_34684235,4.248
common_voice_cv_34684501,4.428
common_voice_cv_34684504,7.956
common_voice_cv_34684505,5.76
common_voice_cv_34684507,7.056
common_voice_cv_34684509,4.14
common_voice_cv_34684590,5.04
common_voice_cv_34684591,3.816
common_voice_cv_34684592,6.336
common_voice_cv_34684593,4.068
common_voice_cv_34684594,7.056
common_voice_cv_34684670,3.456
common_voice_cv_34684671,5.4
common_voice_cv_34684672,6.84
common_voice_cv_34684673,5.94
common_voice_cv_34684674,6.48
common_voice_cv_34684846,3.888
common_voice_cv_34684852,6.156
common_voice_cv_34684857,7.92
common_voice_cv_34684862,6.768
common_voice_cv_34684863,3.96
common_voice_cv_34685058,4.968
common_voice_cv_34685059,4.896
common_voice_cv_34685060,5.688
common_voice_cv_34685063,5.868
common_voice_cv_34685065,8.856
common_voice_cv_34685129,5.508
common_voice_cv_34685130,4.788
common_voice_cv_34685131,4.788
common_voice_cv_34685152,6.336
common_voice_cv_34897247,4.428
common_voice_cv_34897248,5.868
common_voice_cv_34897249,6.408
common_voice_cv_34897250,5.796
common_voice_cv_34897252,5.76
common_voice_cv_34923234,3.456
common_voice_cv_34923235,4.176
common_voice_cv_34923236,5.076
common_voice_cv_34923237,6.66
common_voice_cv_34923238,5.868
common_voice_cv_34979368,8.28
common_voice_cv_34979369,6.156
common_voice_cv_34979370,6.228
common_voice_cv_34979371,3.708
common_voice_cv_34979372,8.28
common_voice_cv_34979376,7.416
common_voice_cv_34979378,3.456
common_voice_cv_34979380,5.58
common_voice_cv_34979383,3.24
common_voice_cv_34979384,5.148
common_voice_cv_34979393,4.068
common_voice_cv_34979394,6.156
common_voice_cv_34979395,4.5
common_voice_cv_34979396,3.096
common_voice_cv_34979397,5.58
common_voice_cv_34979401,6.156
common_voice_cv_34979403,4.536
common_voice_cv_34979405,5.04
common_voice_cv_34979406,3.42
common_voice_cv_34979407,3.96
common_voice_cv_34979417,4.86
common_voice_cv_34979418,3.528
common_voice_cv_34979419,4.968
common_voice_cv_34979420,9.648
common_voice_cv_34979421,8.316
common_voice_cv_34987286,7.02
common_voice_cv_34987287,5.796
common_voice_cv_34987288,4.968
common_voice_cv_34987289,6.696
common_voice_cv_34987290,4.536
common_voice_cv_34987296,5.868
common_voice_cv_34987297,4.176
common_voice_cv_34987298,5.508
common_voice_cv_34987299,2.88
common_voice_cv_34987300,6.228
common_voice_cv_34987362,5.508
common_voice_cv_34987364,3.78
common_voice_cv_34987365,5.508
common_voice_cv_34987366,2.916
common_voice_cv_34987367,5.58
common_voice_cv_34987377,4.608
common_voice_cv_34987379,3.24
common_voice_cv_34987380,4.32
common_voice_cv_34987381,5.22
common_voice_cv_34987382,5.076
common_voice_cv_34987399,3.996
common_voice_cv_34987400,5.04
common_voice_cv_34987401,7.416
common_voice_cv_34987402,5.148
common_voice_cv_34987403,5.148
common_voice_cv_34987414,9.828
common_voice_cv_34987415,3.78
common_voice_cv_34987416,4.32
common_voice_cv_34987417,4.428
common_voice_cv_34987418,4.86
common_voice_cv_34987437,4.608
common_voice_cv_34987439,3.78
common_voice_cv_34987441,8.46
common_voice_cv_34987442,4.248
common_voice_cv_34987443,2.52
common_voice_cv_35023571,4.428
common_voice_cv_35023572,4.788
common_voice_cv_35023573,3.636
common_voice_cv_35023574,4.608
common_voice_cv_35023575,4.176
common_voice_cv_35023591,4.5
common_voice_cv_35023592,6.156
common_voice_cv_35023593,6.12
common_voice_cv_35023594,6.696
common_voice_cv_35023595,7.02
common_voice_cv_35023607,4.86
common_voice_cv_35023608,7.056
common_voice_cv_35023609,6.156
common_voice_cv_35023610,3.96
common_voice_cv_35023612,9.396
common_voice_cv_35023626,7.668
common_voice_cv_35023627,6.12
common_voice_cv_35023628,5.148
common_voice_cv_35023629,6.408
common_voice_cv_35023631,3.888
common_voice_cv_35023661,5.688
common_voice_cv_35023662,5.58
common_voice_cv_35023663,6.156
common_voice_cv_35023664,4.788
common_voice_cv_35023665,6.336
common_voice_cv_35023691,5.58
common_voice_cv_35023692,5.616
common_voice_cv_35023693,5.796
common_voice_cv_35023694,7.056
common_voice_cv_35023695,3.996
common_voice_cv_35023750,5.04
common_voice_cv_35023751,4.068
common_voice_cv_35023752,4.176
common_voice_cv_35023753,4.896
common_voice_cv_35023754,5.976
common_voice_cv_35070436,8.532
common_voice_cv_35070437,3.924
common_voice_cv_35070438,5.22
common_voice_cv_35070439,5.472
common_voice_cv_35070440,4.608
common_voice_cv_35070445,4.428
common_voice_cv_35070446,4.212
common_voice_cv_35070447,3.096
common_voice_cv_35070448,6.156
common_voice_cv_35070449,5.256
common_voice_cv_35070456,5.256
common_voice_cv_35070457,5.112
common_voice_cv_35070458,5.364
common_voice_cv_35070461,5.22
common_voice_cv_35070463,4.32
common_voice_cv_35070484,5.112
common_voice_cv_35070485,5.292
common_voice_cv_35070486,4.428
common_voice_cv_35070487,4.176
common_voice_cv_35070488,5.328
common_voice_cv_35070499,5.076
common_voice_cv_35070500,3.168
common_voice_cv_35070501,4.788
common_voice_cv_35070502,4.68
common_voice_cv_35070503,6.804
common_voice_cv_35070529,8.496
common_voice_cv_35070530,8.28
common_voice_cv_35070531,4.392
common_voice_cv_35070532,3.708
common_voice_cv_35070543,4.968
common_voice_cv_35070545,5.868
common_voice_cv_35070550,4.968
common_voice_cv_35070551,3.636
common_voice_cv_35070552,3.816
common_voice_cv_35070558,6.228
common_voice_cv_35070559,5.364
common_voice_cv_35070560,5.472
common_voice_cv_35070561,3.888
common_voice_cv_35070562,5.868
common_voice_cv_35070577,6.012
common_voice_cv_35070578,6.624
common_voice_cv_35070579,8.1
common_voice_cv_35070595,5.112
common_voice_cv_35070597,4.428
common_voice_cv_35070598,3.816
common_voice_cv_35070599,6.156
common_voice_cv_35070600,3.708
common_voice_cv_35070618,4.14
common_voice_cv_35070619,5.076
common_voice_cv_35070620,4.068
common_voice_cv_35070621,5.688
common_voice_cv_35070622,3.456
common_voice_cv_35070660,5.76
common_voice_cv_35070661,4.968
common_voice_cv_35070662,5.76
common_voice_cv_35070663,9.144
common_voice_cv_35074623,5.22
common_voice_cv_35074624,4.068
common_voice_cv_35074625,7.272
common_voice_cv_35074626,5.256
common_voice_cv_35074627,4.752
common_voice_cv_35074643,5.436
common_voice_cv_35074644,4.248
common_voice_cv_35074645,6.48
common_voice_cv_35074646,4.644
common_voice_cv_35074647,5.868
common_voice_cv_35074658,5.508
common_voice_cv_35074659,8.892
common_voice_cv_35074660,3.096
common_voice_cv_35074661,4.176
common_voice_cv_35074663,4.86
common_voice_cv_35074688,7.056
common_voice_cv_35074689,4.356
common_voice_cv_35074690,5.292
common_voice_cv_35074691,5.544
common_voice_cv_35074692,3.384
common_voice_cv_35074703,4.32
common_voice_cv_35074704,3.204
common_voice_cv_35074705,3.816
common_voice_cv_35074706,3.024
common_voice_cv_35074707,4.248
common_voice_cv_35074713,5.508
common_voice_cv_35074714,6.84
common_voice_cv_35074715,6.696
common_voice_cv_35074716,6.804
common_voice_cv_35074717,7.416
common_voice_cv_35074718,4.824
common_voice_cv_35074719,8.208
common_voice_cv_35074720,5.868
common_voice_cv_35074721,3.24
common_voice_cv_35074722,8.28
common_voice_cv_35074728,4.176
common_voice_cv_35074729,5.256
common_voice_cv_35074730,4.788
common_voice_cv_35074731,5.112
common_voice_cv_35074732,5.832
common_voice_cv_35074738,4.608
common_voice_cv_35074739,4.572
common_voice_cv_35074740,5.22
common_voice_cv_35074741,3.564
common_voice_cv_35074742,3.708
common_voice_cv_35074748,7.128
common_voice_cv_35074749,4.356
common_voice_cv_35074750,5.832
common_voice_cv_35074751,4.032
common_voice_cv_35074757,4.5
common_voice_cv_35074758,4.068
common_voice_cv_35074759,4.716
common_voice_cv_35074760,6.768
common_voice_cv_35074761,4.968
common_voice_cv_35093397,5.976
common_voice_cv_35093398,4.86
common_voice_cv_35093399,5.94
common_voice_cv_35093400,4.068
common_voice_cv_35093401,4.32
common_voice_cv_35093437,4.896
common_voice_cv_35093438,3.96
common_voice_cv_35093440,4.86
common_voice_cv_35093441,3.528
common_voice_cv_35093443,4.68
common_voice_cv_35093460,3.096
common_voice_cv_35093462,3.456
common_voice_cv_35093464,5.58
common_voice_cv_35093466,7.92
common_voice_cv_35093467,4.428
common_voice_cv_35093507,5.328
common_voice_cv_35093509,4.536
common_voice_cv_35093510,5.328
common_voice_cv_35093512,5.616
common_voice_cv_35093513,6.516
common_voice_cv_35116671,4.428
common_voice_cv_35116672,4.248
common_voice_cv_35116673,5.796
common_voice_cv_35116674,7.308
common_voice_cv_35116675,5.4
common_voice_cv_35122124,7.056
common_voice_cv_35122125,3.96
common_voice_cv_35122126,5.688
common_voice_cv_35122128,5.688
common_voice_cv_35122129,5.328
common_voice_cv_35122140,8.388
common_voice_cv_35122141,8.136
common_voice_cv_35122142,4.536
common_voice_cv_35122143,6.696
common_voice_cv_35122144,4.5
common_voice_cv_35122149,6.516
common_voice_cv_35122150,4.68
common_voice_cv_35122152,6.876
common_voice_cv_35122153,3.528
common_voice_cv_35122154,4.716
common_voice_cv_35122170,2.88
common_voice_cv_35122171,7.38
common_voice_cv_35122172,4.68
common_voice_cv_35122173,7.416
common_voice_cv_35122174,3.42
common_voice_cv_35122175,4.968
common_voice_cv_35122176,7.308
common_voice_cv_35122177,3.78
common_voice_cv_35122178,3.06
common_voice_cv_35122179,4.608
common_voice_cv_35180814,5.4
common_voice_cv_35180817,5.508
common_voice_cv_35180818,3.24
common_voice_cv_35180819,6.156
common_voice_cv_35180820,5.58
common_voice_cv_35180854,6.588
common_voice_cv_35180855,7.308
common_voice_cv_35180856,5.796
common_voice_cv_35180857,5.148
common_voice_cv_35180858,6.156
common_voice_cv_35180880,6.696
common_voice_cv_35180881,3.276
common_voice_cv_35180882,4.608
common_voice_cv_35180883,4.428
common_voice_cv_35180884,5.58
common_voice_cv_35180895,5.796
common_voice_cv_35216311,1.44
common_voice_cv_35216312,1.584
common_voice_cv_35582625,5.004
common_voice_cv_35582626,4.68
common_voice_cv_35582628,5.292
common_voice_cv_35582629,6.12
common_voice_cv_35582630,5.004
common_voice_cv_35582641,3.636
common_voice_cv_35582642,2.988
common_voice_cv_35582643,3.456
common_voice_cv_35582644,3.456
common_voice_cv_35582645,2.808
common_voice_cv_35582661,3.996
common_voice_cv_35582662,2.628
common_voice_cv_35582663,5.184
common_voice_cv_35582664,6.696
common_voice_cv_35582665,2.844
common_voice_cv_35582688,4.572
common_voice_cv_35582689,6.048
common_voice_cv_35582691,5.112
common_voice_cv_35582693,4.5
common_voice_cv_35582696,5.256
common_voice_cv_35582721,3.564
common_voice_cv_35582722,6.228
common_voice_cv_35582723,4.248
common_voice_cv_35582724,2.952
common_voice_cv_35582725,3.636
common_voice_cv_35582736,3.492
common_voice_cv_35582737,4.716
common_voice_cv_35582738,3.312
common_voice_cv_35582739,4.356
common_voice_cv_35582740,6.66
common_voice_cv_35582761,5.652
common_voice_cv_35582762,4.752
common_voice_cv_35582763,7.2
common_voice_cv_35582764,6.948
common_voice_cv_35582765,4.104
common_voice_cv_35582786,3.636
common_voice_cv_35582787,3.78
common_voice_cv_35582788,2.484
common_voice_cv_35582789,4.572
common_voice_cv_35582790,4.752
common_voice_cv_35582851,3.852
common_voice_cv_35582852,5.256
common_voice_cv_35582853,5.256
common_voice_cv_35582854,5.004
common_voice_cv_35582855,4.284
common_voice_cv_35582894,5.184
common_voice_cv_35582895,6.192
common_voice_cv_35582896,5.544
common_voice_cv_35582919,3.78
common_voice_cv_35582921,5.328
common_voice_cv_35583330,6.876
common_voice_cv_35583331,4.932
common_voice_cv_35583332,4.68
common_voice_cv_35583333,4.248
common_voice_cv_35583334,3.096
common_voice_cv_35583375,4.14
common_voice_cv_35583376,3.168
common_voice_cv_35583378,4.608
common_voice_cv_35583381,3.6
common_voice_cv_35583382,3.852
common_voice_cv_35583446,6.624
common_voice_cv_35583448,4.032
common_voice_cv_35583450,7.452
common_voice_cv_35583452,2.88
common_voice_cv_35583453,4.032
common_voice_cv_35583493,4.608
common_voice_cv_35583496,4.068
common_voice_cv_35583497,5.112
common_voice_cv_35583499,6.156
common_voice_cv_35583500,4.248
common_voice_cv_35583542,5.688
common_voice_cv_35583544,2.988
common_voice_cv_35583571,4.968
common_voice_cv_35583572,3.276
common_voice_cv_35583690,5.832
common_voice_cv_35583691,5.724
common_voice_cv_35583692,2.556
common_voice_cv_35583693,4.032
common_voice_cv_35583694,5.328
common_voice_cv_35583735,5.832
common_voice_cv_35583736,4.104
common_voice_cv_35583737,3.456
common_voice_cv_35583738,4.356
common_voice_cv_35583739,5.292
common_voice_cv_35583762,3.96
common_voice_cv_35583763,3.744
common_voice_cv_35583764,3.204
common_voice_cv_35583765,4.104
common_voice_cv_35583766,5.508
common_voice_cv_35583792,4.248
common_voice_cv_35583793,5.22
common_voice_cv_35583794,3.132
common_voice_cv_35583795,3.06
common_voice_cv_35583796,4.176
common_voice_cv_35583817,5.184
common_voice_cv_35583818,6.156
common_voice_cv_35583819,9.324
common_voice_cv_35583820,3.708
common_voice_cv_35583821,6.336
common_voice_cv_35583887,3.132
common_voice_cv_35583888,5.868
common_voice_cv_35583889,3.924
common_voice_cv_35583890,3.6
common_voice_cv_35583891,2.916
common_voice_cv_35583917,4.104
common_voice_cv_35583918,4.788
common_voice_cv_35583919,4.32
common_voice_cv_35583920,3.42
common_voice_cv_35583921,4.284
common_voice_cv_35583946,4.788
common_voice_cv_35583947,2.88
common_voice_cv_35583948,4.068
common_voice_cv_35583949,3.348
common_voice_cv_35583950,4.032
common_voice_cv_35583961,6.372
common_voice_cv_35583962,6.408
common_voice_cv_35583963,5.184
common_voice_cv_35583964,4.284
common_voice_cv_35583965,5.004
common_voice_cv_35608945,6.732
common_voice_cv_35608947,2.916
common_voice_cv_35608950,4.896
common_voice_cv_35608951,3.78
common_voice_cv_35608952,5.184
common_voice_cv_35609056,3.672
common_voice_cv_35609058,2.376
common_voice_cv_35609059,5.112
common_voice_cv_35609060,3.456
common_voice_cv_35609061,6.336
common_voice_cv_35609120,3.564
common_voice_cv_35609122,8.28
common_voice_cv_35609123,3.168
common_voice_cv_35609124,5.904
common_voice_cv_35609126,6.444
common_voice_cv_35609180,4.392
common_voice_cv_35609182,4.14
common_voice_cv_35609183,2.844
common_voice_cv_35609184,4.644
common_voice_cv_35609186,3.096
common_voice_cv_35609244,3.564
common_voice_cv_35609246,4.752
common_voice_cv_35609247,4.392
common_voice_cv_35609249,5.544
common_voice_cv_35609250,6.084
common_voice_cv_35609316,3.456
common_voice_cv_35609317,5.076
common_voice_cv_35609319,3.708
common_voice_cv_35609321,3.312
common_voice_cv_35609323,4.644
common_voice_cv_35609444,6.3
common_voice_cv_35609445,4.356
common_voice_cv_35609446,6.444
common_voice_cv_35609447,3.888
common_voice_cv_35609449,5.688
common_voice_cv_35609482,4.104
common_voice_cv_35609485,4.608
common_voice_cv_35609486,3.096
common_voice_cv_35609490,5.976
common_voice_cv_35609493,3.816
common_voice_cv_35609603,5.112
common_voice_cv_35609604,10.044
common_voice_cv_35609605,5.94
common_voice_cv_35609606,4.608
common_voice_cv_35641928,5.184
common_voice_cv_35641930,5.616
common_voice_cv_35641932,5.832
common_voice_cv_35641933,4.644
common_voice_cv_35641935,7.596
common_voice_cv_35641980,7.056
common_voice_cv_35641981,3.42
common_voice_cv_35641983,3.456
common_voice_cv_35641984,5.004
common_voice_cv_35641986,3.24
common_voice_cv_35642037,5.292
common_voice_cv_35642038,5.472
common_voice_cv_35642039,6.192
common_voice_cv_35642040,2.628
common_voice_cv_35642041,4.032
common_voice_cv_35642073,3.78
common_voice_cv_35642074,6.264
common_voice_cv_35642075,5.796
common_voice_cv_35642076,3.636
common_voice_cv_35642078,4.788
common_voice_cv_35642132,4.104
common_voice_cv_35642133,2.952
common_voice_cv_35642134,4.212
common_voice_cv_35642135,6.192
common_voice_cv_35642136,3.708
common_voice_cv_35665984,5.688
common_voice_cv_35665985,6.084
common_voice_cv_35665986,5.256
common_voice_cv_35665987,4.068
common_voice_cv_35665988,6.48
common_voice_cv_35666010,3.78
common_voice_cv_35666011,3.708
common_voice_cv_35666013,3.132
common_voice_cv_35666014,5.832
common_voice_cv_35666015,5.328
common_voice_cv_35666033,4.932
common_voice_cv_35666034,3.024
common_voice_cv_35666035,3.924
common_voice_cv_35666036,3.528
common_voice_cv_35666038,3.852
common_voice_cv_35666054,5.076
common_voice_cv_35666055,5.544
common_voice_cv_35666056,4.104
common_voice_cv_35666057,4.824
common_voice_cv_35666059,6.372
common_voice_cv_35666124,3.636
common_voice_cv_35666125,2.88
common_voice_cv_35666126,6.192
common_voice_cv_35666127,4.716
common_voice_cv_35666128,5.328
common_voice_cv_35666154,3.996
common_voice_cv_35666156,7.128
common_voice_cv_35666157,3.204
common_voice_cv_35666158,5.148
common_voice_cv_35666159,5.256
common_voice_cv_35666193,3.96
common_voice_cv_35666195,4.068
common_voice_cv_35666196,5.652
common_voice_cv_35666197,5.616
common_voice_cv_35666198,4.896
common_voice_cv_35783317,3.6
common_voice_cv_35783318,4.932
common_voice_cv_35783319,5.292
common_voice_cv_35783320,7.524
common_voice_cv_35783321,5.472
common_voice_cv_35783332,6.444
common_voice_cv_35783333,4.932
common_voice_cv_35783334,4.428
common_voice_cv_35783335,2.988
common_voice_cv_35783336,5.148
common_voice_cv_35783361,3.924
common_voice_cv_35783362,4.968
common_voice_cv_35783363,4.824
common_voice_cv_35783365,4.896
common_voice_cv_35783367,3.924
common_voice_cv_35783381,2.916
common_voice_cv_35783382,5.904
common_voice_cv_35783383,5.076
common_voice_cv_35783384,4.572
common_voice_cv_35783385,3.348
common_voice_cv_35783428,4.284
common_voice_cv_35783430,7.56
common_voice_cv_35783432,3.096
common_voice_cv_35783433,5.148
common_voice_cv_35783435,4.356
common_voice_cv_35783456,5.004
common_voice_cv_35783457,4.464
common_voice_cv_35783458,5.652
common_voice_cv_35783459,4.248
common_voice_cv_35783460,6.444
common_voice_cv_35783481,3.06
common_voice_cv_35783482,5.652
common_voice_cv_35783483,2.88
common_voice_cv_35783484,5.544
common_voice_cv_35783485,6.228
common_voice_cv_35783511,5.76
common_voice_cv_35783512,7.344
common_voice_cv_35783513,3.24
common_voice_cv_35783514,5.544
common_voice_cv_35783515,6.228
common_voice_cv_35783556,5.148
common_voice_cv_35783557,3.672
common_voice_cv_35783558,4.32
common_voice_cv_35783559,3.42
common_voice_cv_35783560,4.572
common_voice_cv_35783591,7.956
common_voice_cv_35783592,3.852
common_voice_cv_35783594,7.308
common_voice_cv_35783595,3.708
common_voice_cv_35783596,6.156
common_voice_cv_35783656,3.924
common_voice_cv_35783657,5.256
common_voice_cv_35783658,4.644
common_voice_cv_35783659,4.608
common_voice_cv_35783660,3.564
common_voice_cv_35783695,5.22
common_voice_cv_35783696,4.716
common_voice_cv_35783697,5.112
common_voice_cv_35783699,4.176
common_voice_cv_35783700,6.984
common_voice_cv_35783745,3.168
common_voice_cv_35783746,6.408
common_voice_cv_35783747,3.312
common_voice_cv_35783748,8.136
common_voice_cv_35783749,5.256
common_voice_cv_35783783,3.564
common_voice_cv_35783785,4.896
common_voice_cv_35783786,3.06
common_voice_cv_35783787,4.68
common_voice_cv_35783788,4.932
common_voice_cv_35783839,3.888
common_voice_cv_35783841,2.628
common_voice_cv_35783843,7.308
common_voice_cv_35783845,5.328
common_voice_cv_35783846,3.888
common_voice_cv_35783874,6.48
common_voice_cv_35783875,3.456
common_voice_cv_35783876,3.708
common_voice_cv_35783877,3.24
common_voice_cv_35783878,3.708
common_voice_cv_35840639,5.796
common_voice_cv_35840640,5.868
common_voice_cv_35840641,6.624
common_voice_cv_35840642,9.252
common_voice_cv_35840643,3.024
common_voice_cv_35840666,9.18
common_voice_cv_35840668,4.248
common_voice_cv_35840669,2.844
common_voice_cv_35840670,4.608
common_voice_cv_35840671,5.22
common_voice_cv_35840684,5.976
common_voice_cv_35840685,7.704
common_voice_cv_35840686,2.628
common_voice_cv_35840687,8.028
common_voice_cv_35840688,7.416
common_voice_cv_35840712,3.276
common_voice_cv_35840714,5.832
common_voice_cv_35840716,7.632
common_voice_cv_35840718,5.436
common_voice_cv_35840721,7.848
common_voice_cv_35840744,4.716
common_voice_cv_35840745,4.788
common_voice_cv_35840746,8.1
common_voice_cv_35840747,7.2
common_voice_cv_35840748,6.804
common_voice_cv_35879459,7.632
common_voice_cv_35879460,5.004
common_voice_cv_35879462,3.492
common_voice_cv_35879464,6.48
common_voice_cv_35879467,7.632
common_voice_cv_35879551,5.796
common_voice_cv_35879552,3.204
common_voice_cv_35879553,6.048
common_voice_cv_35879554,4.896
common_voice_cv_35879555,3.852
common_voice_cv_35879648,5.004
common_voice_cv_35879651,3.924
common_voice_cv_35879653,5.004
common_voice_cv_35879656,3.6
common_voice_cv_35879658,3.816
common_voice_cv_35879768,6.408
common_voice_cv_35879769,3.6
common_voice_cv_35879771,4.608
common_voice_cv_35879772,4.536
common_voice_cv_35879773,6.264
common_voice_cv_35879885,4.608
common_voice_cv_35879886,3.24
common_voice_cv_35879889,3.42
common_voice_cv_35879892,6.156
common_voice_cv_35879895,4.896
common_voice_cv_35880002,5.04
common_voice_cv_35880003,2.808
common_voice_cv_35880005,3.492
common_voice_cv_35880006,3.924
common_voice_cv_35880008,4.968
common_voice_cv_35880129,4.284
common_voice_cv_35880131,5.004
common_voice_cv_35880132,3.456
common_voice_cv_35880134,4.932
common_voice_cv_35880136,4.284
common_voice_cv_35880198,4.716
common_voice_cv_35880199,3.888
common_voice_cv_35880200,4.536
common_voice_cv_35880203,2.772
common_voice_cv_35880205,5.472
common_voice_cv_35880323,4.752
common_voice_cv_35880325,6.156
common_voice_cv_35880327,5.076
common_voice_cv_35880330,4.788
common_voice_cv_35880334,9.036
common_voice_cv_35880387,3.996
common_voice_cv_35880389,4.896
common_voice_cv_35880391,5.616
common_voice_cv_35880395,7.38
common_voice_cv_35880397,3.744
common_voice_cv_35880468,3.672
common_voice_cv_35880469,4.68
common_voice_cv_35880470,3.924
common_voice_cv_35880471,7.38
common_voice_cv_35880472,2.808
common_voice_cv_35880548,3.924
common_voice_cv_35880549,5.112
common_voice_cv_35880566,5.724
common_voice_cv_35880567,4.068
common_voice_cv_35880637,6.912
common_voice_cv_35880638,6.876
common_voice_cv_35880640,3.348
common_voice_cv_35880642,4.392
common_voice_cv_35880643,6.048
common_voice_cv_35880712,4.356
common_voice_cv_35880714,5.904
common_voice_cv_35880715,6.048
common_voice_cv_35880716,3.312
common_voice_cv_35880717,4.536
common_voice_cv_35880878,4.392
common_voice_cv_35880881,4.032
common_voice_cv_35880883,3.384
common_voice_cv_35880885,4.644
common_voice_cv_35881113,5.004
common_voice_cv_35881114,4.788
common_voice_cv_35881116,3.744
common_voice_cv_35881118,4.032
common_voice_cv_35881119,2.664
common_voice_cv_35881183,4.536
common_voice_cv_35881184,3.672
common_voice_cv_35881185,5.184
common_voice_cv_35881186,2.808
common_voice_cv_35881187,3.24
common_voice_cv_35881237,4.14
common_voice_cv_35881240,2.952
common_voice_cv_35881242,4.572
common_voice_cv_35881243,3.168
common_voice_cv_35881246,2.988
common_voice_cv_35881321,3.744
common_voice_cv_35881322,2.88
common_voice_cv_35881324,7.128
common_voice_cv_35881325,6.408
common_voice_cv_35881327,4.032
common_voice_cv_35881417,3.168
common_voice_cv_35881421,5.292
common_voice_cv_35881422,5.148
common_voice_cv_35881424,4.284
common_voice_cv_35881425,4.536
common_voice_cv_35881478,7.02
common_voice_cv_35881480,6.516
common_voice_cv_35881482,4.608
common_voice_cv_35881484,3.564
common_voice_cv_35881487,4.248
common_voice_cv_35881550,4.464
common_voice_cv_35881551,5.616
common_voice_cv_35881553,5.004
common_voice_cv_35881554,3.888
common_voice_cv_35881557,4.32
common_voice_cv_35881670,5.472
common_voice_cv_35881671,5.976
common_voice_cv_35881673,2.808
common_voice_cv_35881674,6.696
common_voice_cv_35881676,6.444
common_voice_cv_35881741,4.716
common_voice_cv_35881742,3.564
common_voice_cv_35881743,3.096
common_voice_cv_35881744,3.708
common_voice_cv_35881745,5.4
common_voice_cv_35881801,5.436
common_voice_cv_35881802,5.544
common_voice_cv_35881803,4.14
common_voice_cv_35881804,6.228
common_voice_cv_35881805,4.896
common_voice_cv_35881842,5.868
common_voice_cv_35881843,4.896
common_voice_cv_35881845,6.552
common_voice_cv_35881846,3.672
common_voice_cv_35881847,3.276
common_voice_cv_35881903,4.932
common_voice_cv_35881907,6.84
common_voice_cv_35881908,6.012
common_voice_cv_35881911,4.572
common_voice_cv_35881914,5.184
common_voice_cv_35881981,3.456
common_voice_cv_35881982,2.736
common_voice_cv_35881984,5.724
common_voice_cv_35881985,4.932
common_voice_cv_35881987,4.644
common_voice_cv_35882065,6.48
common_voice_cv_35882066,4.392
common_voice_cv_35882067,5.256
common_voice_cv_35882068,6.588
common_voice_cv_35882069,7.272
common_voice_cv_35882217,5.976
common_voice_cv_35882219,4.716
common_voice_cv_35882221,7.092
common_voice_cv_35882222,4.464
common_voice_cv_35882223,5.724
common_voice_cv_35882309,2.664
common_voice_cv_35882310,4.248
common_voice_cv_35882311,6.264
common_voice_cv_35882312,4.824
common_voice_cv_35882313,7.164
common_voice_cv_35882393,5.796
common_voice_cv_35882394,2.952
common_voice_cv_35882395,4.176
common_voice_cv_35882396,3.564
common_voice_cv_35882399,4.68
common_voice_cv_35882463,7.344
common_voice_cv_35882465,4.608
common_voice_cv_35882467,3.528
common_voice_cv_35882469,6.696
common_voice_cv_35882471,4.428
common_voice_cv_35882544,2.628
common_voice_cv_35882547,3.528
common_voice_cv_35882549,4.032
common_voice_cv_35882552,5.544
common_voice_cv_35882556,6.012
common_voice_cv_36816311,2.88
common_voice_cv_36816312,3.06
common_voice_cv_36816313,4.176
common_voice_cv_36816314,4.356
common_voice_cv_36816315,3.636
common_voice_cv_36816316,2.556
common_voice_cv_36816317,3.888
common_voice_cv_36816318,2.988
common_voice_cv_36816319,3.06
common_voice_cv_36816320,3.78
common_voice_cv_36816351,2.988
common_voice_cv_36816352,3.06
common_voice_cv_36816353,4.86
common_voice_cv_36816354,6.048
common_voice_cv_36816355,4.968
common_voice_cv_36816391,4.968
common_voice_cv_36816392,8.28
common_voice_cv_36816393,7.56
common_voice_cv_36816394,7.56
common_voice_cv_36816395,5.94
common_voice_cv_36816426,6.3
common_voice_cv_36816427,6.696
common_voice_cv_36816428,6.48
common_voice_cv_36816429,5.22
common_voice_cv_36816430,5.148
common_voice_cv_36816456,5.436
common_voice_cv_36816457,3.456
common_voice_cv_36816458,7.848
common_voice_cv_36816459,3.636
common_voice_cv_36816460,8.136
common_voice_cv_36816491,4.32
common_voice_cv_36816492,3.528
common_voice_cv_36816493,6.84
common_voice_cv_36816494,4.176
common_voice_cv_36816495,9.36
common_voice_cv_36927912,2.772
common_voice_cv_36927913,2.088
common_voice_cv_36927914,2.808
common_voice_cv_36927915,2.628
common_voice_cv_36927916,2.736
common_voice_cv_37269962,2.268
common_voice_cv_37269963,2.196
common_voice_cv_37269964,1.836
common_voice_cv_37269965,2.16
common_voice_cv_37269966,2.52
common_voice_cv_37269967,2.088
common_voice_cv_37269968,2.196
common_voice_cv_37269969,2.268
common_voice_cv_37269970,2.196
common_voice_cv_37269971,2.16
common_voice_cv_37269972,1.8
common_voice_cv_37269973,6.408
common_voice_cv_37269974,6.768
common_voice_cv_37269975,5.94
common_voice_cv_37269976,4.788
common_voice_cv_37269977,5.076
common_voice_cv_37269978,7.668
common_voice_cv_37269979,4.86
common_voice_cv_37269980,3.636
common_voice_cv_37269981,4.428
common_voice_cv_37270166,5.4
common_voice_cv_37270167,7.236
common_voice_cv_37270168,6.876
common_voice_cv_37270169,3.528
common_voice_cv_37270170,5.616
common_voice_cv_37436535,2.52
common_voice_cv_37436536,2.088
common_voice_cv_37436537,1.98
common_voice_cv_37436538,1.908
common_voice_cv_37436539,2.268
common_voice_cv_37436554,2.016
common_voice_cv_37436555,2.088
common_voice_cv_37436556,1.98
common_voice_cv_37436557,1.836
common_voice_cv_37436558,1.836
common_voice_cv_37436588,5.328
common_voice_cv_37436590,2.592
common_voice_cv_37436591,2.556
common_voice_cv_37436592,2.628
common_voice_cv_37436593,2.52
common_voice_cv_37436648,2.52
common_voice_cv_37436649,6.768
common_voice_cv_37436650,3.096
common_voice_cv_37436651,4.68
common_voice_cv_37436652,7.596
common_voice_cv_37436673,3.528
common_voice_cv_37436674,7.236
common_voice_cv_37436675,5.796
common_voice_cv_37436676,6.3
common_voice_cv_37436677,7.056
common_voice_cv_37436712,3.996
common_voice_cv_37436713,5.328
common_voice_cv_37436714,3.78
common_voice_cv_37436715,4.968
common_voice_cv_37436716,3.42
common_voice_cv_37436722,3.564
common_voice_cv_37436723,2.232
common_voice_cv_37436724,1.836
common_voice_cv_37436725,2.052
common_voice_cv_37436726,2.232
common_voice_cv_37436872,6.588
common_voice_cv_37436882,7.452
common_voice_cv_37436884,8.424
common_voice_cv_37436885,7.632
common_voice_cv_37436896,7.056
common_voice_cv_37436901,6.876
common_voice_cv_37436905,8.604
common_voice_cv_37436908,4.716
common_voice_cv_37436909,5.58
common_voice_cv_37436940,5.868
common_voice_cv_37436942,7.488
common_voice_cv_37437823,5.904
common_voice_cv_37437824,6.552
common_voice_cv_37437825,4.464
common_voice_cv_37437826,5.076
common_voice_cv_37437827,7.092
common_voice_cv_37437833,3.348
common_voice_cv_37437834,3.348
common_voice_cv_37437835,3.456
common_voice_cv_37437836,6.264
common_voice_cv_37437837,3.024
common_voice_cv_37437867,5.832
common_voice_cv_37437868,3.888
common_voice_cv_37437869,3.816
common_voice_cv_37437870,3.204
common_voice_cv_37437871,2.916
common_voice_cv_37437872,4.32
common_voice_cv_37437873,4.68
common_voice_cv_37437874,5.004
common_voice_cv_37437875,4.644
common_voice_cv_37437876,6.732
common_voice_cv_37437882,3.816
common_voice_cv_37437883,5.58
common_voice_cv_37437884,4.212
common_voice_cv_37437885,5.436
common_voice_cv_37437886,5.292
common_voice_cv_37437897,6.264
common_voice_cv_37437898,5.76
common_voice_cv_37437899,6.984
common_voice_cv_37437900,5.436
common_voice_cv_37437901,3.924
common_voice_cv_37437907,5.796
common_voice_cv_37437908,6.336
common_voice_cv_37437909,4.86
common_voice_cv_37437910,3.564
common_voice_cv_37437911,3.204
common_voice_cv_37437917,5.724
common_voice_cv_37437918,5.436
common_voice_cv_37437919,5.868
common_voice_cv_37437920,5.076
common_voice_cv_37437921,5.724
common_voice_cv_37437926,3.636
common_voice_cv_37437927,6.552
common_voice_cv_37437928,6.444
common_voice_cv_37437929,3.816
common_voice_cv_37437930,4.14
common_voice_cv_37437935,4.428
common_voice_cv_37437936,3.564
common_voice_cv_37437937,5.004
common_voice_cv_37437938,4.608
common_voice_cv_37437939,4.32
common_voice_cv_37438538,6.444
common_voice_cv_37534059,4.212
common_voice_cv_37534060,4.248
common_voice_cv_37534061,4.104
common_voice_cv_37534062,6.804
common_voice_cv_37534063,3.456
common_voice_cv_37534081,4.032
common_voice_cv_37534082,3.528
common_voice_cv_37534083,2.952
common_voice_cv_37534084,6.264
common_voice_cv_37534085,4.14
common_voice_cv_37534103,2.34
common_voice_cv_37534104,4.752
common_voice_cv_37534105,2.52
common_voice_cv_37534106,4.644
common_voice_cv_37534107,4.104
common_voice_cv_37534132,2.88
common_voice_cv_37534133,6.552
common_voice_cv_37534135,6.084
common_voice_cv_37534136,5.004
common_voice_cv_37534137,3.06
common_voice_cv_37534174,6.228
common_voice_cv_37534175,3.852
common_voice_cv_37534176,3.06
common_voice_cv_37534177,4.14
common_voice_cv_37534178,4.932
common_voice_cv_37534194,2.088
common_voice_cv_37534195,3.024
common_voice_cv_37534196,3.996
common_voice_cv_37534197,6.336
common_voice_cv_37534198,4.5
common_voice_cv_37534297,3.492
common_voice_cv_37534299,5.04
common_voice_cv_37534302,6.12
common_voice_cv_37534303,4.176
common_voice_cv_37534304,4.752
common_voice_cv_37534313,3.204
common_voice_cv_37534314,6.156
common_voice_cv_37534315,4.104
common_voice_cv_37534316,4.176
common_voice_cv_37534317,5.256
common_voice_cv_37534335,3.456
common_voice_cv_37534340,3.276
common_voice_cv_37534343,5.4
common_voice_cv_37534347,6.624
common_voice_cv_37534361,5.004
common_voice_cv_37534362,4.068
common_voice_cv_37534364,4.212
common_voice_cv_37534366,4.644
common_voice_cv_37536409,3.708
common_voice_cv_37536410,5.148
common_voice_cv_37536411,3.6
common_voice_cv_37536412,5.328
common_voice_cv_37536413,6.156
common_voice_cv_37536434,3.564
common_voice_cv_37536435,6.66
common_voice_cv_37536436,3.744
common_voice_cv_37536437,4.824
common_voice_cv_37536438,6.156
common_voice_cv_40008753,4.248
common_voice_cv_40008754,5.58
common_voice_cv_40008755,5.544
common_voice_cv_40008756,4.176
common_voice_cv_40008757,4.68
common_voice_cv_40907592,9.792
common_voice_cv_40907593,2.988
common_voice_cv_40907594,3.672
common_voice_cv_40907595,5.22
common_voice_cv_40907596,3.312
common_voice_cv_40907597,3.528
common_voice_cv_40907598,4.788
common_voice_cv_40907599,3.168
common_voice_cv_40907600,6.444
common_voice_cv_40907601,4.032
common_voice_cv_40980239,4.86
common_voice_cv_40980240,4.644
common_voice_cv_40980241,8.1
common_voice_cv_40980242,3.132
common_voice_cv_40980243,2.736
common_voice_cv_40980244,3.492
common_voice_cv_40980245,4.752
common_voice_cv_40980246,5.544
common_voice_cv_40980247,4.32
common_voice_cv_40980248,4.716
common_voice_cv_40980259,3.6
common_voice_cv_40980260,4.572
common_voice_cv_40980261,4.716
common_voice_cv_40980262,3.276
common_voice_cv_40980263,6.444
common_voice_cv_40980274,4.464
common_voice_cv_40980275,5.4
common_voice_cv_40980276,4.86
common_voice_cv_40980277,6.336
common_voice_cv_40980278,7.2
common_voice_cv_40980308,5.436
common_voice_cv_40980309,6.804
common_voice_cv_40980310,5.58
common_voice_cv_40980311,5.544
common_voice_cv_40980312,5.184
common_voice_cv_40980313,3.528
common_voice_cv_40980314,4.14
common_voice_cv_40980315,3.852
common_voice_cv_40980316,2.196
common_voice_cv_40980317,3.456
common_voice_cv_40980318,4.392
common_voice_cv_40980319,5.508
common_voice_cv_40980321,3.816
common_voice_cv_40980322,5.796
common_voice_cv_40980323,6.912
common_voice_cv_40980329,2.592
common_voice_cv_40980330,4.608
common_voice_cv_40980331,2.916
common_voice_cv_40980332,3.384
common_voice_cv_40980333,6.732
common_voice_cv_40980413,3.564
common_voice_cv_40980414,5.184
common_voice_cv_40980415,6.12
common_voice_cv_40980416,2.988
common_voice_cv_40980417,3.42
common_voice_cv_40980418,5.364
common_voice_cv_40980419,5.148
common_voice_cv_40980420,4.572
common_voice_cv_40980421,3.528
common_voice_cv_40980422,3.24
common_voice_cv_40980423,2.988
common_voice_cv_40980424,1.908
common_voice_cv_40980425,3.024
common_voice_cv_40980426,3.636
common_voice_cv_40980427,3.78
common_voice_cv_40980433,3.636
common_voice_cv_40980434,7.38
common_voice_cv_40980435,5.832
common_voice_cv_40980436,4.896
common_voice_cv_40980437,4.212
common_voice_cv_40980456,5.652
common_voice_cv_40980457,3.312
common_voice_cv_40980458,3.636
common_voice_cv_40980459,4.68
common_voice_cv_40980460,4.608
common_voice_cv_40980461,3.564
common_voice_cv_40980462,4.572
common_voice_cv_40980463,3.78
common_voice_cv_40980464,5.508
common_voice_cv_40980465,6.084
common_voice_cv_40983138,5.724
common_voice_cv_40983139,6.12
common_voice_cv_40983140,6.228
common_voice_cv_40983141,3.672
common_voice_cv_40983142,6.3
common_voice_cv_40983143,7.416
common_voice_cv_40983144,3.276
common_voice_cv_40983145,4.428
common_voice_cv_40983146,6.984
common_voice_cv_40983147,5.112
common_voice_cv_40983148,4.032
common_voice_cv_40983149,4.428
common_voice_cv_40983150,3.996
common_voice_cv_40983151,3.312
common_voice_cv_40983152,4.68
common_voice_cv_40983153,5.184
common_voice_cv_40983154,4.032
common_voice_cv_40983155,3.852
common_voice_cv_40983156,3.708
common_voice_cv_40983157,5.976
common_voice_cv_40983158,3.024
common_voice_cv_40983159,5.508
common_voice_cv_40983160,3.96
common_voice_cv_40983161,7.308
common_voice_cv_40983162,4.392
common_voice_cv_40983163,4.14
common_voice_cv_40983164,5.508
common_voice_cv_40983165,4.284
common_voice_cv_40983166,4.284
common_voice_cv_40983167,2.772
common_voice_cv_40983173,3.996
common_voice_cv_40983174,3.708
common_voice_cv_40983175,5.292
common_voice_cv_40983176,6.084
common_voice_cv_40983177,3.852
common_voice_cv_40983178,7.56
common_voice_cv_40983179,4.284
common_voice_cv_40983180,4.392
common_voice_cv_40983181,4.896
common_voice_cv_40983182,3.276
common_voice_cv_40983183,3.708
common_voice_cv_40983184,6.012
common_voice_cv_40983185,5.436
common_voice_cv_40983186,4.212
common_voice_cv_40983187,4.068
common_voice_cv_40983198,4.176
common_voice_cv_40983199,5.364
common_voice_cv_40983200,6.048
common_voice_cv_40983201,4.464
common_voice_cv_40983202,4.86
common_voice_cv_40983208,3.384
common_voice_cv_40983209,3.204
common_voice_cv_40983215,3.708
common_voice_cv_40983216,5.436
common_voice_cv_40983217,4.536
common_voice_cv_40983218,3.564
common_voice_cv_40983219,4.572
common_voice_cv_40983220,8.496
common_voice_cv_40983221,2.232
common_voice_cv_40983232,6.696
common_voice_cv_40983233,2.736
common_voice_cv_40983234,3.096
common_voice_cv_40983235,3.6
common_voice_cv_40983236,6.012
common_voice_cv_40983237,2.952
common_voice_cv_40983238,4.896
common_voice_cv_40983239,6.192
common_voice_cv_40983240,6.624
common_voice_cv_40983241,4.824
common_voice_cv_40983242,4.5
common_voice_cv_40983243,4.644
common_voice_cv_40983244,3.672
common_voice_cv_40983245,3.168
common_voice_cv_40983246,7.848
common_voice_cv_40983247,4.14
common_voice_cv_40983248,6.12
common_voice_cv_40983249,3.852
common_voice_cv_40983250,3.78
common_voice_cv_40983251,4.5
common_voice_cv_40983257,6.84
common_voice_cv_40983258,3.888
common_voice_cv_40983259,5.184
common_voice_cv_40983260,6.3
common_voice_cv_40983261,5.58
common_voice_cv_40983262,5.616
common_voice_cv_40983263,6.444
common_voice_cv_40983264,2.916
common_voice_cv_40983265,3.708
common_voice_cv_40983266,5.4
common_voice_cv_40983267,6.624
common_voice_cv_40983268,6.264
common_voice_cv_40983269,3.888
common_voice_cv_40983270,6.372
common_voice_cv_40983271,5.688
common_voice_cv_40987371,3.168
common_voice_cv_40987372,4.572
common_voice_cv_40987373,5.94
common_voice_cv_40987374,5.328
common_voice_cv_40987375,5.652
common_voice_cv_41205181,5.796
common_voice_cv_41205182,5.328
common_voice_cv_41205183,9.288
common_voice_cv_41205184,5.94
common_voice_cv_41205185,5.796
common_voice_cv_41205186,5.076
common_voice_cv_41205187,7.596
common_voice_cv_41205188,6.408
common_voice_cv_41205189,9.72
common_voice_cv_41205190,6.948
common_voice_cv_41205191,4.536
common_voice_cv_41205192,6.48
common_voice_cv_41205193,4.14
common_voice_cv_41205194,7.596
common_voice_cv_41205195,8.028
common_voice_cv_41205196,4.14
common_voice_cv_41205197,6.048
common_voice_cv_41205198,4.896
common_voice_cv_41205199,5.58
common_voice_cv_41205200,7.236
common_voice_cv_41205201,6.876
common_voice_cv_41205202,8.028
common_voice_cv_41205203,3.708
common_voice_cv_41205204,5.04
common_voice_cv_41205205,4.356
common_voice_cv_41205206,5.796
common_voice_cv_41205207,4.068
common_voice_cv_41205208,4.176
common_voice_cv_41205209,8.1
common_voice_cv_41205210,3.96
common_voice_cv_41205211,6.156
common_voice_cv_41205212,4.536
common_voice_cv_41205213,3.24
common_voice_cv_41205214,4.176
common_voice_cv_41205215,3.6
common_voice_cv_41205216,5.796
common_voice_cv_41205217,4.428
common_voice_cv_41205218,4.968
common_voice_cv_41205219,3.816
common_voice_cv_41205220,3.78
common_voice_cv_41205221,3.996
common_voice_cv_41205222,3.996
common_voice_cv_41205223,4.176
common_voice_cv_41205224,3.888
common_voice_cv_41205225,4.968
common_voice_cv_41205226,4.788
common_voice_cv_41205227,2.916
common_voice_cv_41205228,3.96
common_voice_cv_41205229,6.228
common_voice_cv_41205230,4.428
common_voice_cv_41205231,3.636
common_voice_cv_41205232,3.708
common_voice_cv_41205233,5.688
common_voice_cv_41205234,5.688
common_voice_cv_41205235,2.736
common_voice_cv_41205367,4.248
common_voice_cv_41205368,3.96
common_voice_cv_41205369,4.5
common_voice_cv_41205370,3.456
common_voice_cv_41205371,3.96
common_voice_cv_41205382,5.148
common_voice_cv_41205383,5.76
common_voice_cv_41205384,5.4
common_voice_cv_41205385,4.248
common_voice_cv_41205386,2.556
common_voice_cv_41205395,4.896
common_voice_cv_41205396,2.736
common_voice_cv_41205398,2.916
common_voice_cv_41205399,7.92
common_voice_cv_41205401,7.2
common_voice_cv_41205412,3.888
common_voice_cv_41205415,4.716
common_voice_cv_41205418,3.168
common_voice_cv_41205420,3.96
common_voice_cv_41205421,3.78
common_voice_cv_41206064,2.736
common_voice_cv_41206065,2.916
common_voice_cv_41206066,2.196
common_voice_cv_41206067,2.88
common_voice_cv_41206068,2.7
common_voice_cv_41206958,2.7
common_voice_cv_41206959,3.168
common_voice_cv_41206960,3.24
common_voice_cv_41206961,6.912
common_voice_cv_41206962,5.832
common_voice_cv_41206968,3.348
common_voice_cv_41206969,2.808
common_voice_cv_41206970,3.6
common_voice_cv_41206971,2.988
common_voice_cv_41206972,3.924
common_voice_cv_41207004,3.672
common_voice_cv_41207005,3.852
common_voice_cv_41207006,6.048
common_voice_cv_41207007,7.056
common_voice_cv_41207008,5.616
common_voice_cv_41207014,4.716
common_voice_cv_41207015,5.4
common_voice_cv_41207016,5.328
common_voice_cv_41207017,4.464
common_voice_cv_41207018,3.816
common_voice_cv_41207040,4.464
common_voice_cv_41207041,3.348
common_voice_cv_41207042,3.816
common_voice_cv_41207043,5.4
common_voice_cv_41207044,3.528
common_voice_cv_41207045,6.048
common_voice_cv_41207046,6.336
common_voice_cv_41207047,4.14
common_voice_cv_41207048,4.428
common_voice_cv_41207049,7.128
common_voice_cv_41207050,3.744
common_voice_cv_41207051,6.516
common_voice_cv_41207052,3.564
common_voice_cv_41207053,5.4
common_voice_cv_41207054,7.272
common_voice_cv_41207218,4.176
common_voice_cv_41207219,5.04
common_voice_cv_41207220,7.38
common_voice_cv_41207221,8.28
common_voice_cv_41207222,5.04
common_voice_cv_41207223,4.14
common_voice_cv_41207224,3.708
common_voice_cv_41207225,3.6
common_voice_cv_41207226,4.068
common_voice_cv_41207227,4.428
common_voice_cv_41207228,6.876
common_voice_cv_41207229,4.86
common_voice_cv_41207230,3.816
common_voice_cv_41207231,3.348
common_voice_cv_41207232,3.636
common_voice_cv_41207233,5.256
common_voice_cv_41207234,3.888
common_voice_cv_41207235,5.58
common_voice_cv_41207236,3.528
common_voice_cv_41207237,4.248
common_voice_cv_41207238,3.996
common_voice_cv_41207239,4.716
common_voice_cv_41207240,5.436
common_voice_cv_41207241,4.608
common_voice_cv_41207242,5.256
common_voice_cv_41207243,5.688
common_voice_cv_41207244,4.968
common_voice_cv_41207245,4.068
common_voice_cv_41207246,4.5
common_voice_cv_41207247,7.056
common_voice_cv_41207248,6.3
common_voice_cv_41207249,7.92
common_voice_cv_41207250,3.78
common_voice_cv_41207251,4.5
common_voice_cv_41207252,6.048
common_voice_cv_41207253,6.48
common_voice_cv_41207254,7.02
common_voice_cv_41207255,8.676
common_voice_cv_41207256,5.148
common_voice_cv_41207257,2.736
common_voice_cv_41207258,6.156
common_voice_cv_41207259,5.868
common_voice_cv_41207260,5.256
common_voice_cv_41207261,3.276
common_voice_cv_41207262,7.956
common_voice_cv_41207263,5.328
common_voice_cv_41207264,5.04
common_voice_cv_41207265,6.948
common_voice_cv_41207266,3.6
common_voice_cv_41207267,4.32
common_voice_cv_41207268,7.848
common_voice_cv_41207269,4.14
common_voice_cv_41207270,3.528
common_voice_cv_41207271,4.716
common_voice_cv_41207272,3.816
common_voice_cv_41207273,4.5
common_voice_cv_41207274,3.816
common_voice_cv_41207275,7.128
common_voice_cv_41207276,3.276
common_voice_cv_41207277,3.636
common_voice_cv_41207278,2.016
common_voice_cv_41207279,3.168
common_voice_cv_41207280,2.88
common_voice_cv_41207281,4.536
common_voice_cv_41207282,4.068
common_voice_cv_41207283,3.528
common_voice_cv_41207284,3.06
common_voice_cv_41207285,3.816
common_voice_cv_41207286,3.42
common_voice_cv_41207292,5.256
common_voice_cv_41207293,2.808
common_voice_cv_41207294,4.428
common_voice_cv_41207295,4.896
common_voice_cv_41207296,3.636
common_voice_cv_41207302,3.456
common_voice_cv_41207303,4.608
common_voice_cv_41207304,3.42
common_voice_cv_41207305,3.42
common_voice_cv_41207306,3.168
common_voice_cv_41207312,4.788
common_voice_cv_41207313,4.968
common_voice_cv_41207314,3.24
common_voice_cv_41207315,3.78
common_voice_cv_41207316,3.168
common_voice_cv_41207317,4.428
common_voice_cv_41207318,3.42
common_voice_cv_41207319,2.988
common_voice_cv_41207320,2.808
common_voice_cv_41207321,3.636
common_voice_cv_41207327,3.996
common_voice_cv_41207328,4.248
common_voice_cv_41207329,2.916
common_voice_cv_41207330,4.248
common_voice_cv_41207331,6.3
common_voice_cv_41207352,4.968
common_voice_cv_41207353,4.14
common_voice_cv_41207354,4.788
common_voice_cv_41207355,3.6
common_voice_cv_41207356,3.42
common_voice_cv_41207385,4.608
common_voice_cv_41207386,5.58
common_voice_cv_41207387,4.356
common_voice_cv_41207388,4.176
common_voice_cv_41207389,3.348
common_voice_cv_41207390,2.196
common_voice_cv_41207391,3.456
common_voice_cv_41207392,4.968
common_voice_cv_41207393,3.996
common_voice_cv_41207394,3.168
common_voice_cv_41207395,3.276
common_voice_cv_41207396,6.156
common_voice_cv_41207397,3.24
common_voice_cv_41207398,3.816
common_voice_cv_41207399,3.6
common_voice_cv_41207405,4.32
common_voice_cv_41207406,4.356
common_voice_cv_41207407,5.04
common_voice_cv_41207408,5.22
common_voice_cv_41207409,2.628
common_voice_cv_41207411,5.616
common_voice_cv_41207412,3.456
common_voice_cv_41207413,6.12
common_voice_cv_41207414,4.14
common_voice_cv_41207415,4.428
common_voice_cv_41207416,3.96
common_voice_cv_41207417,3.168
common_voice_cv_41207418,3.888
common_voice_cv_41207419,3.276
common_voice_cv_41207420,4.14
common_voice_cv_41207421,4.788
common_voice_cv_41207422,2.556
common_voice_cv_41207423,4.176
common_voice_cv_41207424,2.808
common_voice_cv_41207425,3.096
common_voice_cv_41207426,4.14
common_voice_cv_41207427,3.168
common_voice_cv_41207428,4.356
common_voice_cv_41207429,5.508
common_voice_cv_41207430,2.7
common_voice_cv_41207456,2.844
common_voice_cv_41207457,4.5
common_voice_cv_41207458,2.592
common_voice_cv_41207459,6.66
common_voice_cv_41207460,5.04
common_voice_cv_41207471,7.344
common_voice_cv_41207472,2.952
common_voice_cv_41207473,3.384
common_voice_cv_41207474,2.808
common_voice_cv_41207475,3.636
common_voice_cv_41207476,2.7
common_voice_cv_41207477,4.968
common_voice_cv_41207478,4.176
common_voice_cv_41207479,3.708
common_voice_cv_41207480,5.436
common_voice_cv_41207481,2.736
common_voice_cv_41207482,4.86
common_voice_cv_41207483,4.176
common_voice_cv_41207484,5.256
common_voice_cv_41207485,2.592
common_voice_cv_41207486,5.508
common_voice_cv_41207487,6.192
common_voice_cv_41207488,5.004
common_voice_cv_41207489,3.096
common_voice_cv_41207490,2.988
common_voice_cv_41208470,3.996
common_voice_cv_41208471,4.32
common_voice_cv_41208472,4.356
common_voice_cv_41208473,5.4
common_voice_cv_41208474,4.392
common_voice_cv_41208480,8.028
common_voice_cv_41208481,4.356
common_voice_cv_41208482,5.328
common_voice_cv_41208483,6.516
common_voice_cv_41208484,6.264
common_voice_cv_41208485,5.472
common_voice_cv_41208486,4.212
common_voice_cv_41208487,4.212
common_voice_cv_41208488,7.524
common_voice_cv_41208489,3.42
common_voice_cv_41208495,4.104
common_voice_cv_41208496,6.156
common_voice_cv_41208497,6.048
common_voice_cv_41208498,5.22
common_voice_cv_41208499,6.192
common_voice_cv_41208509,4.392
common_voice_cv_41208510,4.212
common_voice_cv_41208511,3.312
common_voice_cv_41208512,3.6
common_voice_cv_41208513,3.528
common_voice_cv_41208518,2.448
common_voice_cv_41208519,5.616
common_voice_cv_41208520,3.348
common_voice_cv_41208521,5.076
common_voice_cv_41208522,4.104
common_voice_cv_41208528,5.904
common_voice_cv_41208529,5.148
common_voice_cv_41208530,2.808
common_voice_cv_41208531,5.724
common_voice_cv_41208532,3.744
common_voice_cv_41208538,3.744
common_voice_cv_41208539,4.788
common_voice_cv_41208540,3.024
common_voice_cv_41208541,3.096
common_voice_cv_41208542,7.092
common_voice_cv_41208548,5.616
common_voice_cv_41208549,5.508
common_voice_cv_41208550,3.348
common_voice_cv_41208551,2.088
common_voice_cv_41208552,4.788
common_voice_cv_41208558,6.084
common_voice_cv_41208559,4.5
common_voice_cv_41208560,3.168
common_voice_cv_41208561,2.808
common_voice_cv_41208562,6.012
common_voice_cv_41208563,3.312
common_voice_cv_41208564,4.608
common_voice_cv_41208565,3.384
common_voice_cv_41208566,5.508
common_voice_cv_41208567,3.348
common_voice_cv_41208573,6.768
common_voice_cv_41208574,5.436
common_voice_cv_41208575,4.644
common_voice_cv_41208576,4.104
common_voice_cv_41208577,5.292
common_voice_cv_41208583,4.572
common_voice_cv_41208584,6.408
common_voice_cv_41208585,3.456
common_voice_cv_41208586,3.636
common_voice_cv_41208587,7.704
common_voice_cv_41208588,2.844
common_voice_cv_41208589,4.644
common_voice_cv_41208590,5.364
common_voice_cv_41208591,3.96
common_voice_cv_41208592,5.94
common_voice_cv_41208593,3.456
common_voice_cv_41208594,5.328
common_voice_cv_41208595,3.78
common_voice_cv_41208596,4.14
common_voice_cv_41208597,3.42
common_voice_cv_41208598,2.772
common_voice_cv_41208599,5.436
common_voice_cv_41208600,6.804
common_voice_cv_41208601,7.812
common_voice_cv_41208602,5.94
common_voice_cv_41208603,2.664
common_voice_cv_41208604,6.408
common_voice_cv_41208605,5.112
common_voice_cv_41208606,6.876
common_voice_cv_41208607,5.616
common_voice_cv_41208608,7.74
common_voice_cv_41208609,4.536
common_voice_cv_41208610,3.096
common_voice_cv_41208611,4.248
common_voice_cv_41208612,6.012
common_voice_cv_41208613,3.348
common_voice_cv_41208614,7.236
common_voice_cv_41208615,7.704
common_voice_cv_41208616,6.912
common_voice_cv_41208617,7.056
common_voice_cv_41208618,4.572
common_voice_cv_41208619,6.444
common_voice_cv_41208620,3.024
common_voice_cv_41208621,2.988
common_voice_cv_41208622,4.68
common_voice_cv_41208623,6.372
common_voice_cv_41208624,4.428
common_voice_cv_41208625,3.816
common_voice_cv_41208626,4.5
common_voice_cv_41208627,4.5
common_voice_cv_41208628,3.06
common_voice_cv_41208629,4.536
common_voice_cv_41208630,5.4
common_voice_cv_41208631,6.804
common_voice_cv_41208632,4.968
common_voice_cv_41208633,3.492
common_voice_cv_41208634,4.824
common_voice_cv_41208635,4.536
common_voice_cv_41208636,3.492
common_voice_cv_41208637,5.004
common_voice_cv_41208638,4.068
common_voice_cv_41208639,5.544
common_voice_cv_41208640,5.04
common_voice_cv_41208641,5.076
common_voice_cv_41208642,3.24
common_voice_cv_41208643,5.832
common_voice_cv_41208644,5.616
common_voice_cv_41208645,6.516
common_voice_cv_41208646,3.06
common_voice_cv_41208647,4.572
common_voice_cv_41208648,6.3
common_voice_cv_41208649,4.392
common_voice_cv_41208650,5.904
common_voice_cv_41208651,8.28
common_voice_cv_41208652,4.536
common_voice_cv_41208653,3.348
common_voice_cv_41208654,4.284
common_voice_cv_41208655,4.14
common_voice_cv_41208656,3.564
common_voice_cv_41208657,4.176
common_voice_cv_41208658,3.744
common_voice_cv_41208659,3.78
common_voice_cv_41208660,6.768
common_voice_cv_41208661,6.444
common_voice_cv_41208662,2.988
common_voice_cv_41208663,4.788
common_voice_cv_41208664,5.256
common_voice_cv_41208665,6.228
common_voice_cv_41208666,4.284
common_voice_cv_41208667,3.132
common_voice_cv_41208668,4.608
common_voice_cv_41208669,5.58
common_voice_cv_41208670,6.444
common_voice_cv_41208671,6.984
common_voice_cv_41208672,4.356
common_voice_cv_41208673,5.364
common_voice_cv_41208674,4.968
common_voice_cv_41208675,3.42
common_voice_cv_41208676,2.808
common_voice_cv_41208677,3.6
common_voice_cv_41208678,5.148
common_voice_cv_41208679,3.924
common_voice_cv_41208680,3.564
common_voice_cv_41208681,4.788
common_voice_cv_41208682,4.86
common_voice_cv_41208683,4.968
common_voice_cv_41208684,2.916
common_voice_cv_41208685,4.716
common_voice_cv_41208686,4.5
common_voice_cv_41208687,4.068
common_voice_cv_41208688,5.076
common_voice_cv_41208689,4.32
common_voice_cv_41208690,3.672
common_voice_cv_41208691,3.168
common_voice_cv_41208692,6.804
common_voice_cv_41208693,4.86
common_voice_cv_41208694,6.408
common_voice_cv_41208695,6.444
common_voice_cv_41208701,2.556
common_voice_cv_41208702,7.848
common_voice_cv_41208703,1.908
common_voice_cv_41208704,3.564
common_voice_cv_41208705,3.492
common_voice_cv_41208706,4.968
common_voice_cv_41208707,3.384
common_voice_cv_41208708,5.148
common_voice_cv_41208709,4.32
common_voice_cv_41208710,3.744
common_voice_cv_41208716,4.572
common_voice_cv_41208717,2.88
common_voice_cv_41208718,4.824
common_voice_cv_41208719,3.672
common_voice_cv_41208720,4.968
common_voice_cv_41208721,3.456
common_voice_cv_41208722,3.528
common_voice_cv_41208723,5.184
common_voice_cv_41208724,5.436
common_voice_cv_41208725,4.464
common_voice_cv_41208726,2.196
common_voice_cv_41208727,3.528
common_voice_cv_41208728,4.392
common_voice_cv_41208729,6.084
common_voice_cv_41208730,4.068
common_voice_cv_41208731,6.228
common_voice_cv_41208732,2.88
common_voice_cv_41208733,5.616
common_voice_cv_41208734,3.348
common_voice_cv_41208735,4.032
common_voice_cv_41208736,7.56
common_voice_cv_41208737,2.232
common_voice_cv_41208738,7.164
common_voice_cv_41208739,4.824
common_voice_cv_41208740,5.436
common_voice_cv_41208741,3.708
common_voice_cv_41208742,4.176
common_voice_cv_41208743,5.58
common_voice_cv_41208744,5.94
common_voice_cv_41208745,3.168
common_voice_cv_41208746,7.128
common_voice_cv_41208747,4.392
common_voice_cv_41208748,5.04
common_voice_cv_41208749,2.844
common_voice_cv_41208750,5.58
common_voice_cv_41208751,4.608
common_voice_cv_41208752,3.636
common_voice_cv_41208758,4.536
common_voice_cv_41208759,2.88
common_voice_cv_41208760,5.364
common_voice_cv_41208761,6.948
common_voice_cv_41208762,2.196
common_voice_cv_41208763,2.664
common_voice_cv_41208764,2.988
common_voice_cv_41208765,4.104
common_voice_cv_41208766,5.112
common_voice_cv_41208767,4.896
common_voice_cv_41208768,3.312
common_voice_cv_41208769,2.88
common_voice_cv_41208770,4.464
common_voice_cv_41208771,2.268
common_voice_cv_41208772,3.996
common_voice_cv_41208773,5.472
common_voice_cv_41208774,6.84
common_voice_cv_41208775,3.528
common_voice_cv_41208776,5.292
common_voice_cv_41208777,3.816
common_voice_cv_41208778,2.376
common_voice_cv_41208779,3.708
common_voice_cv_41208780,5.004
common_voice_cv_41208781,2.988
common_voice_cv_41208782,6.3
common_voice_cv_41208783,7.668
common_voice_cv_41208784,3.996
common_voice_cv_41208785,4.248
common_voice_cv_41208786,3.96
common_voice_cv_41208787,3.132
common_voice_cv_41210240,5.328
common_voice_cv_41210241,3.456
common_voice_cv_41210242,3.528
common_voice_cv_41210243,3.456
common_voice_cv_41210244,3.42
common_voice_cv_41210571,3.528
common_voice_cv_41210572,3.168
common_voice_cv_41210573,2.916
common_voice_cv_41210574,2.988
common_voice_cv_41210575,2.628
common_voice_cv_41210586,3.168
common_voice_cv_41210587,3.24
common_voice_cv_41210588,2.88
common_voice_cv_41210589,3.168
common_voice_cv_41210590,3.456
common_voice_cv_41218849,3.456
common_voice_cv_41218850,3.456
common_voice_cv_41218851,3.708
common_voice_cv_41218852,2.736
common_voice_cv_41218853,5.04
common_voice_cv_41218854,7.128
common_voice_cv_41218855,4.392
common_voice_cv_41218856,7.092
common_voice_cv_41218857,5.4
common_voice_cv_41218858,7.956
common_voice_cv_41218859,3.816
common_voice_cv_41218860,2.088
common_voice_cv_41218861,4.932
common_voice_cv_41218862,3.456
common_voice_cv_41218863,3.636
common_voice_cv_41218864,3.708
common_voice_cv_41218865,6.696
common_voice_cv_41218866,6.66
common_voice_cv_41218867,3.816
common_voice_cv_41218868,2.844
common_voice_cv_41218869,4.32
common_voice_cv_41218870,4.608
common_voice_cv_41218871,4.644
common_voice_cv_41218872,4.608
common_voice_cv_41218873,2.772
common_voice_cv_41306391,5.328
common_voice_cv_41306393,4.932
common_voice_cv_41306395,5.04
common_voice_cv_41306396,5.04
common_voice_cv_41306397,5.148
common_voice_cv_41306413,3.492
common_voice_cv_41306415,3.564
common_voice_cv_41306416,3.348
common_voice_cv_41306418,3.312
common_voice_cv_41306419,3.78
common_voice_cv_41472439,8.136
common_voice_cv_41472440,2.448
common_voice_cv_41472441,3.24
common_voice_cv_41505591,2.88
common_voice_cv_41505592,3.168
common_voice_cv_41505593,2.7
common_voice_cv_41505595,2.34
common_voice_cv_41505596,3.276
common_voice_cv_41505603,2.268
common_voice_cv_41505604,2.16
common_voice_cv_41505605,3.42
common_voice_cv_41505606,2.736
common_voice_cv_41505607,2.916
common_voice_cv_41505623,2.736
common_voice_cv_41505624,2.556
common_voice_cv_41505625,6.696
common_voice_cv_41505626,5.436
common_voice_cv_41505627,4.86
common_voice_cv_41506629,4.248
common_voice_cv_41506630,5.22
common_voice_cv_41506631,2.808
common_voice_cv_41506633,2.52
common_voice_cv_41506634,2.52
common_voice_cv_41506649,2.556
common_voice_cv_41506650,2.16
common_voice_cv_41506651,2.16
common_voice_cv_41506652,2.088
common_voice_cv_41506653,1.908
common_voice_cv_41506674,4.608
common_voice_cv_41506675,2.736
common_voice_cv_41506676,2.196
common_voice_cv_41506677,1.836
common_voice_cv_41506678,2.16
common_voice_cv_41506689,2.34
common_voice_cv_41506690,2.34
common_voice_cv_41506691,6.696
common_voice_cv_41506692,4.32
common_voice_cv_41506693,5.508
common_voice_cv_41506714,7.56
common_voice_cv_41506715,4.86
common_voice_cv_41506716,5.616
common_voice_cv_41506717,4.428
common_voice_cv_41506718,6.408
common_voice_cv_41684581,3.78
common_voice_cv_41684582,2.7
common_voice_cv_41684583,2.34
common_voice_cv_41684584,2.196
common_voice_cv_41684585,2.088
common_voice_cv_41684586,2.556
common_voice_cv_41684587,2.448
common_voice_cv_41684588,2.016
common_voice_cv_41684589,2.34
common_voice_cv_41684590,1.908
common_voice_cv_41684596,2.016
common_voice_cv_41684597,2.196
common_voice_cv_41684598,9.54
common_voice_cv_41684599,5.796
common_voice_cv_41684600,5.076
common_voice_cv_41684601,5.94
common_voice_cv_41684602,7.02
common_voice_cv_41684603,4.248
common_voice_cv_41684604,5.148
common_voice_cv_41684605,5.4
common_voice_cv_41684606,4.716
common_voice_cv_41684607,6.12
common_voice_cv_41684608,7.128
common_voice_cv_41684609,6.768
common_voice_cv_41684610,6.3
common_voice_cv_41684611,5.868
common_voice_cv_41684612,7.2
common_voice_cv_41684613,6.948
common_voice_cv_41684614,8.856
common_voice_cv_41684615,6.156
common_voice_cv_41684616,4.968
common_voice_cv_41684617,4.356
common_voice_cv_42632631,7.56
common_voice_cv_42632632,9.648
common_voice_cv_42632633,4.356
common_voice_cv_42632634,10.548
common_voice_cv_42632635,5.58
common_voice_cv_42632641,8.748
common_voice_cv_42632642,4.068
common_voice_cv_42632643,3.636
common_voice_cv_42632644,8.46
common_voice_cv_42632645,5.4
common_voice_cv_42632656,6.48
common_voice_cv_42632657,6.048
common_voice_cv_42632658,10.116
common_voice_cv_42632659,4.896
common_voice_cv_42632660,5.22
common_voice_cv_42632681,6.696
common_voice_cv_42632682,3.96
common_voice_cv_42632683,4.14
common_voice_cv_42632684,8.568
common_voice_cv_42632685,7.308
common_voice_cv_42632711,11.448
common_voice_cv_42632712,5.076
common_voice_cv_42632713,5.616
common_voice_cv_42632714,4.176
common_voice_cv_42632715,8.82
common_voice_cv_42632754,3.816
common_voice_cv_42632755,8.208
common_voice_cv_42632756,2.016
common_voice_cv_42632757,10.08
common_voice_cv_42632758,6.66
common_voice_cv_42632781,4.86
common_voice_cv_42632782,7.596
common_voice_cv_42632783,3.708
common_voice_cv_42632784,5.616
common_voice_cv_42632785,4.428
common_voice_cv_42632786,3.996
common_voice_cv_42632792,4.86
common_voice_cv_42632793,4.428
common_voice_cv_42632794,6.408
common_voice_cv_42632795,5.508
common_voice_cv_42632796,5.04
common_voice_cv_42632827,5.22
common_voice_cv_42632828,7.488
common_voice_cv_42632829,4.536
common_voice_cv_42632830,5.076
common_voice_cv_42632831,9.756
