file_name,corpus,word_label,widx,n_words,word_start,word_end,word_nphone,phone_raw,phone,long,pidx,start,end,duration,prev_phone,next_phone,prev_is_vowel,next_is_vowel,intervocalic,pos_in_word,is_vowel,w,cpidx,c_phone,c_long,c_dur,stem3,role,stem,cv
utterance_000006,chuvash_voice,сулӑ,7,13,3.17,3.53,4,ʌ,ɵ,0,4,3.44,3.53,90.0,l,k,0,0,0,final,1,сулӑ,3,l,0,60.0,сул,bare,сулӑ,150.0
utterance_000028,chuvash_voice,сасӑ,4,20,1.42,1.73,4,ʌ,ɵ,0,4,1.68,1.73,50.0,s,p,0,0,0,final,1,сасӑ,3,s,0,70.0,сас,bare,сасӑ,120.0
utterance_000028,chuvash_voice,сивӗ,7,20,2.66,3.04,4,ɛ,ø,0,4,2.99,3.04,50.0,v,ʃ,0,0,0,final,1,сивӗ,3,v,0,70.0,сив,bare,сивӗ,120.0
utterance_000069,chuvash_voice,кулли,8,17,3.01,3.56,4,i,i,0,4,3.38,3.56,180.0,l,,0,0,0,final,1,кулли,3,l,1,250.0,кул,geminate,кулӑ,430.0
utterance_000093,chuvash_voice,ватӑ,16,19,7.0,7.25,4,ʌ,ɵ,0,4,7.21,7.25,40.0,t,j,0,0,0,final,1,ватӑ,3,t,0,50.0,ват,bare,ватӑ,90.0
utterance_000095,chuvash_voice,пуххине,5,12,1.89,2.39,6,i,i,0,4,2.17,2.22,50.0,χ,n,0,0,0,medial,1,пуххине,3,χ,1,120.0,пух,geminate,пухӑ,170.0
utterance_000106,chuvash_voice,пуррипе,6,10,1.51,1.94,6,i,i,0,4,1.73,1.82,90.0,r,p,0,0,0,medial,1,пуррипе,3,r,1,90.0,пур,geminate,пурӑ,180.0
utterance_000114,chuvash_voice,ташӑ,8,11,4.03,4.34,4,ʌ,ɵ,0,4,4.3,4.34,40.0,ʃ,j,0,0,0,final,1,ташӑ,3,ʃ,0,100.0,таш,bare,ташӑ,140.0
utterance_000120,chuvash_voice,вӑрри,4,6,1.63,1.93,4,i,i,0,4,1.83,1.93,100.0,r,t,0,0,0,final,1,вӑрри,3,r,1,90.0,вӑр,geminate,вӑрӑ,190.0
utterance_000131,chuvash_voice,сивӗ,3,25,1.25,1.63,4,ɛ,ø,0,4,1.55,1.63,80.0,v,a,0,1,0,final,1,сивӗ,3,v,0,80.0,сив,bare,сивӗ,160.0
utterance_000147,chuvash_voice,тырӑ,11,15,5.21,5.58,4,ʌ,ɵ,0,4,5.43,5.58,150.0,r,,0,0,0,final,1,тырӑ,3,r,0,60.0,тыр,bare,тырӑ,210.0
utterance_000166,chuvash_voice,хушши,3,7,1.45,1.86,4,i,i,0,4,1.77,1.86,90.0,ʃ,k,0,0,0,final,1,хушши,3,ʃ,1,130.0,хуш,geminate,хушӑ,220.0
utterance_000185,chuvash_voice,ҫутӑ,7,8,3.56,3.9,4,ʌ,ɵ,0,4,3.8,3.9,100.0,t,,0,0,0,final,1,ҫутӑ,3,t,0,70.0,ҫут,bare,ҫутӑ,170.0
utterance_000192,chuvash_voice,пусса,26,33,12.05,12.43,4,ɑ,a,0,4,12.36,12.43,70.0,s,l,0,0,0,final,1,пусса,3,s,1,150.0,пус,geminate,пусӑ,220.0
utterance_000194,chuvash_voice,сивӗ,7,11,3.14,3.53,4,ɛ,ø,0,4,3.43,3.53,100.0,v,p,0,0,0,final,1,сивӗ,3,v,0,80.0,сив,bare,сивӗ,180.0
utterance_000208,chuvash_voice,сивӗ,5,31,1.97,2.3,4,ɛ,ø,0,4,2.21,2.3,90.0,v,ɕ,0,0,0,final,1,сивӗ,3,v,0,60.0,сив,bare,сивӗ,150.0
utterance_000208,chuvash_voice,ҫыххисем,29,31,13.16,13.72,7,i,i,0,4,13.44,13.51,70.0,χ,s,0,0,0,medial,1,ҫыххисем,3,χ,1,120.0,ҫых,geminate,ҫыхӑ,190.0
utterance_000215,chuvash_voice,ҫутӑ,19,26,10.86,11.35,4,ʌ,ɵ,0,4,11.29,11.35,60.0,t,s,0,0,0,final,1,ҫутӑ,3,t,0,60.0,ҫут,bare,ҫутӑ,120.0
utterance_000224,chuvash_voice,ватӑ,10,11,3.85,4.19,4,ʌ,ɵ,0,4,4.11,4.19,80.0,t,ʃ,0,0,0,final,1,ватӑ,3,t,0,60.0,ват,bare,ватӑ,140.0
utterance_000271,chuvash_voice,хушши,3,5,1.01,1.4,4,i,i,0,4,1.33,1.4,70.0,ʃ,n,0,0,0,final,1,хушши,3,ʃ,1,140.0,хуш,geminate,хушӑ,210.0
utterance_000275,chuvash_voice,ҫуррине,1,6,0.36,0.87,6,i,i,0,4,0.67,0.76,90.0,r,n,0,0,0,medial,1,ҫуррине,3,r,1,70.0,ҫур,geminate,ҫурӑ,160.0
utterance_000279,chuvash_voice,ҫыхха,8,8,3.64,4.2,4,ɑ,a,0,4,3.93,4.2,270.0,χ,,0,0,0,final,1,ҫыхха,3,χ,1,130.0,ҫых,geminate,ҫыхӑ,400.0
utterance_000281,chuvash_voice,тулли,7,20,3.71,4.08,4,i,i,0,4,3.95,4.08,130.0,l,p,0,0,0,final,1,тулли,3,l,1,90.0,тул,geminate,тулӑ,220.0
utterance_000292,chuvash_voice,ватӑ,8,23,4.19,4.47,4,ʌ,ɵ,0,4,4.4,4.47,70.0,t,p,0,0,0,final,1,ватӑ,3,t,0,60.0,ват,bare,ватӑ,130.0
utterance_000292,chuvash_voice,хуллен,12,23,6.15,6.61,5,e,e,0,4,6.47,6.56,90.0,l,n,0,0,0,medial,1,хуллен,3,l,1,80.0,хул,geminate,хулӑ,170.0
utterance_000308,chuvash_voice,туллин,13,23,6.76,7.16,5,i,i,0,4,7.03,7.13,100.0,l,n,0,0,0,medial,1,туллин,3,l,1,160.0,тул,geminate,тулӑ,260.0
utterance_000331,chuvash_voice,пусӑ,17,22,6.5,6.81,4,ʌ,ɵ,0,4,6.75,6.81,60.0,s,t,0,0,0,final,1,пусӑ,3,s,0,70.0,пус,bare,пусӑ,130.0
utterance_000341,chuvash_voice,вӑрӑ,3,10,1.68,1.96,4,ʌ,ɵ,0,4,1.88,1.96,80.0,r,χ,0,0,0,final,1,вӑрӑ,3,r,0,40.0,вӑр,bare,вӑрӑ,120.0
utterance_000344,chuvash_voice,сӑввине,1,7,0.43,0.94,6,i,i,0,4,0.72,0.79,70.0,v,n,0,0,0,medial,1,сӑввине,3,v,1,30.0,сӑв,geminate,сӑвӑ,100.0
utterance_000381,chuvash_voice,пулӑ,10,18,2.51,2.83,4,ʌ,ɵ,0,4,2.76,2.83,70.0,l,p,0,0,0,final,1,пулӑ,3,l,0,70.0,пул,bare,пулӑ,140.0
utterance_000392,chuvash_voice,хушши,6,8,2.07,2.42,4,i,i,0,4,2.35,2.42,70.0,ʃ,p,0,0,0,final,1,хушши,3,ʃ,1,120.0,хуш,geminate,хушӑ,190.0
utterance_000396,chuvash_voice,ҫурри,2,6,0.68,1.14,4,i,i,0,4,0.96,1.14,180.0,r,,0,0,0,final,1,ҫурри,3,r,1,90.0,ҫур,geminate,ҫурӑ,270.0
utterance_000405,chuvash_voice,хушшинчен,7,17,3.09,3.69,8,i,i,0,4,3.36,3.41,50.0,ʃ,n,0,0,0,medial,1,хушшинчен,3,ʃ,1,110.0,хуш,geminate,хушӑ,160.0
utterance_000431,chuvash_voice,кулӑ,8,10,4.47,4.74,4,ʌ,ɵ,0,4,4.68,4.74,60.0,l,v,0,0,0,final,1,кулӑ,3,l,0,90.0,кул,bare,кулӑ,150.0
utterance_000433,chuvash_voice,турӑ,2,4,0.53,0.76,4,ʌ,ɵ,0,4,0.71,0.76,50.0,r,ɕ,0,0,0,final,1,турӑ,3,r,0,40.0,тур,bare,турӑ,90.0
utterance_000438,chuvash_voice,хуллен,3,8,0.78,1.18,5,e,e,0,4,1.05,1.14,90.0,l,n,0,0,0,medial,1,хуллен,3,l,1,90.0,хул,geminate,хулӑ,180.0
utterance_000457,chuvash_voice,тырӑ,3,4,0.78,1.13,4,ʌ,ɵ,0,4,1.0,1.13,130.0,r,i,0,1,0,final,1,тырӑ,3,r,0,70.0,тыр,bare,тырӑ,200.0
utterance_000462,chuvash_voice,пушшех,9,10,5.41,6.0,5,e,e,0,4,5.84,5.92,80.0,ʃ,χ,0,0,0,medial,1,пушшех,3,ʃ,1,130.0,пуш,geminate,пушӑ,210.0
utterance_000471,chuvash_voice,хуллен,2,4,0.7,1.09,5,e,e,0,4,0.92,1.02,100.0,l,n,0,0,0,medial,1,хуллен,3,l,1,70.0,хул,geminate,хулӑ,170.0
utterance_000482,chuvash_voice,ватӑ,1,25,0.38,0.68,4,ʌ,ɵ,0,4,0.6,0.68,80.0,t,ɕ,0,0,0,final,1,ватӑ,3,t,0,80.0,ват,bare,ватӑ,160.0
utterance_000490,chuvash_voice,тӗрӗ,5,7,2.08,2.36,4,ɛ,ø,0,4,2.28,2.36,80.0,r,t,0,0,0,final,1,тӗрӗ,3,r,0,40.0,тӗр,bare,тӗрӗ,120.0
utterance_000502,chuvash_voice,туллашса,5,18,2.7,3.25,7,ɑ,a,0,4,2.92,2.99,70.0,l,ʃ,0,0,0,medial,1,туллашса,3,l,1,90.0,тул,geminate,тулӑ,160.0
utterance_000505,chuvash_voice,хушшинче,3,3,1.05,1.64,7,i,i,0,4,1.32,1.38,60.0,ʃ,n,0,0,0,medial,1,хушшинче,3,ʃ,1,130.0,хуш,geminate,хушӑ,190.0
utterance_000516,chuvash_voice,хушши,3,6,0.72,1.12,4,i,i,0,4,1.05,1.12,70.0,ʃ,n,0,0,0,final,1,хушши,3,ʃ,1,140.0,хуш,geminate,хушӑ,210.0
utterance_000527,chuvash_voice,ватӑ,6,9,3.76,4.01,4,ʌ,ɵ,0,4,3.97,4.01,40.0,t,tʃ,0,0,0,final,1,ватӑ,3,t,0,50.0,ват,bare,ватӑ,90.0
utterance_000531,chuvash_voice,ҫыххи,10,11,3.92,4.39,4,i,i,0,4,4.27,4.39,120.0,χ,t,0,0,0,final,1,ҫыххи,3,χ,1,170.0,ҫых,geminate,ҫыхӑ,290.0
utterance_000545,chuvash_voice,хуллен,20,23,10.98,11.49,5,e,e,0,4,11.22,11.37,150.0,l,n,0,0,0,medial,1,хуллен,3,l,1,60.0,хул,geminate,хулӑ,210.0
utterance_000553,chuvash_voice,сивӗ,5,6,1.68,2.02,4,ɛ,ø,0,4,1.93,2.02,90.0,v,ʃ,0,0,0,final,1,сивӗ,3,v,0,50.0,сив,bare,сивӗ,140.0
utterance_000562,chuvash_voice,сассине,20,29,9.29,9.84,6,i,i,0,4,9.63,9.69,60.0,s,n,0,0,0,medial,1,сассине,3,s,1,150.0,сас,geminate,сасӑ,210.0
utterance_000568,chuvash_voice,хуллен,3,4,1.25,1.67,5,e,e,0,4,1.52,1.61,90.0,l,n,0,0,0,medial,1,хуллен,3,l,1,100.0,хул,geminate,хулӑ,190.0
utterance_000571,chuvash_voice,хуллен,3,4,2.07,2.49,5,e,e,0,4,2.33,2.44,110.0,l,n,0,0,0,medial,1,хуллен,3,l,1,110.0,хул,geminate,хулӑ,220.0
utterance_000584,chuvash_voice,хуллен,2,4,1.02,1.4,5,e,e,0,4,1.24,1.35,110.0,l,n,0,0,0,medial,1,хуллен,3,l,1,70.0,хул,geminate,хулӑ,180.0
utterance_000585,chuvash_voice,сасса,7,11,2.56,2.93,4,ɑ,a,0,4,2.84,2.93,90.0,s,t,0,0,0,final,1,сасса,3,s,1,100.0,сас,geminate,сасӑ,190.0
utterance_000590,chuvash_voice,ҫутӑ,4,13,1.43,1.78,4,ʌ,ɵ,0,4,1.71,1.78,70.0,t,t,0,0,0,final,1,ҫутӑ,3,t,0,50.0,ҫут,bare,ҫутӑ,120.0
utterance_000594,chuvash_voice,пулӑ,5,8,2.61,2.92,4,ʌ,ɵ,0,4,2.88,2.92,40.0,l,t,0,0,0,final,1,пулӑ,3,l,0,100.0,пул,bare,пулӑ,140.0
utterance_000598,chuvash_voice,турӑ,10,14,3.68,4.13,4,ʌ,ɵ,0,4,4.02,4.13,110.0,r,p,0,0,0,final,1,турӑ,3,r,0,120.0,тур,bare,турӑ,230.0
utterance_000600,chuvash_voice,сӑвӑ,4,5,1.39,1.69,4,ʌ,ɵ,0,4,1.64,1.69,50.0,v,k,0,0,0,final,1,сӑвӑ,3,v,0,70.0,сӑв,bare,сӑвӑ,120.0
utterance_000612,chuvash_voice,сасси,2,4,0.6,0.95,4,i,i,0,4,0.87,0.95,80.0,s,ɕ,0,0,0,final,1,сасси,3,s,1,110.0,сас,geminate,сасӑ,190.0
utterance_000621,chuvash_voice,ҫурри,9,14,3.08,3.41,4,i,i,0,4,3.34,3.41,70.0,r,ʉ,0,1,0,final,1,ҫурри,3,r,1,90.0,ҫур,geminate,ҫурӑ,160.0
utterance_000623,chuvash_voice,тулли,3,9,1.31,1.64,4,i,i,0,4,1.55,1.64,90.0,l,v,0,0,0,final,1,тулли,3,l,1,140.0,тул,geminate,тулӑ,230.0
utterance_000647,chuvash_voice,пусса,18,19,9.05,9.37,4,ɑ,a,0,4,9.26,9.37,110.0,s,ɕ,0,0,0,final,1,пусса,3,s,1,110.0,пус,geminate,пусӑ,220.0
utterance_000671,chuvash_voice,касса,10,17,5.05,5.59,4,ɑ,a,0,4,5.36,5.59,230.0,s,,0,0,0,final,1,касса,3,s,1,160.0,кас,geminate,касӑ,390.0
utterance_000680,chuvash_voice,пусӑ,19,22,10.66,11.03,4,ʌ,ɵ,0,4,10.95,11.03,80.0,s,u,0,1,0,final,1,пусӑ,3,s,0,80.0,пус,bare,пусӑ,160.0
utterance_000694,chuvash_voice,сассинче,2,8,0.86,1.4,7,i,i,0,4,1.16,1.22,60.0,s,n,0,0,0,medial,1,сассинче,3,s,1,110.0,сас,geminate,сасӑ,170.0
utterance_000706,chuvash_voice,пуррипе,5,12,1.34,1.77,6,i,i,0,4,1.56,1.65,90.0,r,p,0,0,0,medial,1,пуррипе,3,r,1,80.0,пур,geminate,пурӑ,170.0
utterance_000710,chuvash_voice,сӑрӑ,3,12,1.15,1.44,4,ʌ,ɵ,0,4,1.37,1.44,70.0,r,ʃ,0,0,0,final,1,сӑрӑ,3,r,0,30.0,сӑр,bare,сӑрӑ,100.0
utterance_000710,chuvash_voice,туллин,9,12,3.34,3.79,5,i,i,0,4,3.59,3.72,130.0,l,n,0,0,0,medial,1,туллин,3,l,1,110.0,тул,geminate,тулӑ,240.0
utterance_000714,chuvash_voice,пеккине,3,6,0.83,1.39,6,i,i,0,4,1.07,1.13,60.0,k,n,0,0,0,medial,1,пеккине,3,k,1,120.0,пек,geminate,пекӗ,180.0
utterance_000746,chuvash_voice,хушӑ,9,30,4.36,4.73,4,ʌ,ɵ,0,4,4.67,4.73,60.0,ʃ,,0,0,0,final,1,хушӑ,3,ʃ,0,70.0,хуш,bare,хушӑ,130.0
utterance_000750,chuvash_voice,ҫутӑ,2,9,0.48,0.78,4,ʌ,ɵ,0,4,0.72,0.78,60.0,t,t,0,0,0,final,1,ҫутӑ,3,t,0,60.0,ҫут,bare,ҫутӑ,120.0
utterance_000759,chuvash_voice,ҫутта,11,12,5.02,5.43,4,ɑ,a,0,4,5.34,5.43,90.0,t,t,0,0,0,final,1,ҫутта,3,t,1,140.0,ҫут,geminate,ҫутӑ,230.0
utterance_000810,chuvash_voice,пуллашать,14,14,5.19,5.8504,7,ɑ,a,0,4,5.36,5.44,80.0,l,ʃ,0,0,0,medial,1,пуллашать,3,l,1,60.0,пул,geminate,пулӑ,140.0
utterance_000819,chuvash_voice,хушшинче,19,21,9.27,9.76,7,i,i,0,4,9.52,9.56,40.0,ʃ,n,0,0,0,medial,1,хушшинче,3,ʃ,1,120.0,хуш,geminate,хушӑ,160.0
utterance_000842,chuvash_voice,вулли,5,20,2.45,2.75,4,i,i,0,4,2.69,2.75,60.0,l,ɕ,0,0,0,final,1,вулли,3,l,1,80.0,вул,geminate,вулӑ,140.0
utterance_000853,chuvash_voice,ватӑ,20,22,12.66,12.93,4,ʌ,ɵ,0,4,12.89,12.93,40.0,t,d,0,0,0,final,1,ватӑ,3,t,0,50.0,ват,bare,ватӑ,90.0
utterance_000860,chuvash_voice,сасси,6,10,2.8,3.31,4,i,i,0,4,3.09,3.31,220.0,s,,0,0,0,final,1,сасси,3,s,1,150.0,сас,geminate,сасӑ,370.0
utterance_000863,chuvash_voice,хулленрех,4,4,1.47,2.52,8,e,e,0,4,1.74,1.84,100.0,l,n,0,0,0,medial,1,хулленрех,3,l,1,90.0,хул,geminate,хулӑ,190.0
utterance_000868,chuvash_voice,пеккин,11,25,5.67,6.09,5,i,i,0,4,5.95,6.04,90.0,k,n,0,0,0,medial,1,пеккин,3,k,1,150.0,пек,geminate,пекӗ,240.0
utterance_000874,chuvash_voice,хуллен,3,5,1.81,2.15,5,e,e,0,4,2.01,2.12,110.0,l,n,0,0,0,medial,1,хуллен,3,l,1,80.0,хул,geminate,хулӑ,190.0
utterance_000905,chuvash_voice,пеккине,4,7,1.62,2.06,6,i,i,0,4,1.84,1.9,60.0,k,n,0,0,0,medial,1,пеккине,3,k,1,110.0,пек,geminate,пекӗ,170.0
utterance_000918,chuvash_voice,ватӑ,7,10,1.33,1.52,4,ʌ,ɵ,0,4,1.49,1.52,30.0,t,ɕ,0,0,0,final,1,ватӑ,3,t,0,30.0,ват,bare,ватӑ,60.0
utterance_000925,chuvash_voice,ватӑ,3,9,1.02,1.31,4,ʌ,ɵ,0,4,1.27,1.31,40.0,t,j,0,0,0,final,1,ватӑ,3,t,0,50.0,ват,bare,ватӑ,90.0
utterance_000930,chuvash_voice,кӗлӗ,5,9,2.35,2.6,4,ɛ,ø,0,4,2.54,2.6,60.0,l,v,0,0,0,final,1,кӗлӗ,3,l,0,70.0,кӗл,bare,кӗлӗ,130.0
utterance_000941,chuvash_voice,хушшинче,2,8,0.55,1.05,7,i,i,0,4,0.81,0.87,60.0,ʃ,n,0,0,0,medial,1,хушшинче,3,ʃ,1,120.0,хуш,geminate,хушӑ,180.0
utterance_000947,chuvash_voice,сивӗ,1,8,0.42,0.79,4,ɛ,ø,0,4,0.71,0.79,80.0,v,k,0,0,0,final,1,сивӗ,3,v,0,80.0,сив,bare,сивӗ,160.0
utterance_000951,chuvash_voice,пушшех,11,23,4.6,5.07,5,e,e,0,4,4.94,5.02,80.0,ʃ,χ,0,0,0,medial,1,пушшех,3,ʃ,1,130.0,пуш,geminate,пушӑ,210.0
utterance_000964,chuvash_voice,хушшинче,4,14,1.88,2.38,7,i,i,0,4,2.16,2.21,50.0,ʃ,n,0,0,0,medial,1,хушшинче,3,ʃ,1,120.0,хуш,geminate,хушӑ,170.0
utterance_000970,chuvash_voice,хушшинче,18,28,7.61,8.09,7,i,i,0,4,7.86,7.91,50.0,ʃ,n,0,0,0,medial,1,хушшинче,3,ʃ,1,130.0,хуш,geminate,хушӑ,180.0
utterance_000989,chuvash_voice,тулли,5,20,2.15,2.51,4,i,i,0,4,2.4,2.51,110.0,l,u,0,1,0,final,1,тулли,3,l,1,80.0,тул,geminate,тулӑ,190.0
utterance_001007,chuvash_voice,пеккине,2,4,0.5,0.97,6,i,i,0,4,0.72,0.78,60.0,k,n,0,0,0,medial,1,пеккине,3,k,1,100.0,пек,geminate,пекӗ,160.0
utterance_001037,chuvash_voice,тырӑ,5,7,1.63,1.86,4,ʌ,ɵ,0,4,1.81,1.86,50.0,r,s,0,0,0,final,1,тырӑ,3,r,0,60.0,тыр,bare,тырӑ,110.0
utterance_001062,chuvash_voice,йытӑ,7,10,3.28,3.74,4,ʌ,ɵ,0,4,3.67,3.74,70.0,t,k,0,0,0,final,1,йытӑ,3,t,0,90.0,йыт,bare,йытӑ,160.0
utterance_001069,chuvash_voice,пуххине,10,11,3.52,3.92,6,i,i,0,4,3.78,3.82,40.0,χ,n,0,0,0,medial,1,пуххине,3,χ,1,90.0,пух,geminate,пухӑ,130.0
utterance_001075,chuvash_voice,хушши,3,5,1.01,1.42,4,i,i,0,4,1.29,1.42,130.0,ʃ,k,0,0,0,final,1,хушши,3,ʃ,1,130.0,хуш,geminate,хушӑ,260.0
utterance_001076,chuvash_voice,хушши,3,18,1.02,1.38,4,i,i,0,4,1.31,1.38,70.0,ʃ,t,0,0,0,final,1,хушши,3,ʃ,1,130.0,хуш,geminate,хушӑ,200.0
utterance_001076,chuvash_voice,пекки,12,18,5.97,6.31,4,i,i,0,4,6.24,6.31,70.0,k,t,0,0,0,final,1,пекки,3,k,1,120.0,пек,geminate,пекӗ,190.0
utterance_001083,chuvash_voice,сассипе,7,7,2.71,3.25,6,i,i,0,4,3.03,3.09,60.0,s,p,0,0,0,medial,1,сассипе,3,s,1,160.0,сас,geminate,сасӑ,220.0
utterance_001085,chuvash_voice,хушши,5,7,1.84,2.25,4,i,i,0,4,2.12,2.25,130.0,ʃ,k,0,0,0,final,1,хушши,3,ʃ,1,140.0,хуш,geminate,хушӑ,270.0
utterance_001091,chuvash_voice,сассине,8,10,2.5,3.01,6,i,i,0,4,2.79,2.86,70.0,s,n,0,0,0,medial,1,сассине,3,s,1,110.0,сас,geminate,сасӑ,180.0
utterance_001094,chuvash_voice,хушшинче,5,22,2.63,3.32,7,i,i,0,4,2.97,3.03,60.0,ʃ,n,0,0,0,medial,1,хушшинче,3,ʃ,1,140.0,хуш,geminate,хушӑ,200.0
utterance_001094,chuvash_voice,сасси,14,22,9.8,10.35,4,i,i,0,4,10.14,10.35,210.0,s,,0,0,0,final,1,сасси,3,s,1,160.0,сас,geminate,сасӑ,370.0
utterance_001112,chuvash_voice,пушӑ,5,7,1.68,1.95,4,ʌ,ɵ,0,4,1.89,1.95,60.0,ʃ,v,0,0,0,final,1,пушӑ,3,ʃ,0,70.0,пуш,bare,пушӑ,130.0
utterance_001112,chuvash_voice,туллиех,7,7,2.3,3.06,6,i,i,0,4,2.48,2.61,130.0,l,e,0,1,0,medial,1,туллиех,3,l,1,50.0,тул,geminate,тулӑ,180.0
utterance_001117,chuvash_voice,касса,12,13,4.83,5.17,4,ɑ,a,0,4,5.09,5.17,80.0,s,p,0,0,0,final,1,касса,3,s,1,140.0,кас,geminate,касӑ,220.0
utterance_001118,chuvash_voice,хуллен,3,7,1.69,2.22,5,e,e,0,4,1.97,2.1,130.0,l,n,0,0,0,medial,1,хуллен,3,l,1,100.0,хул,geminate,хулӑ,230.0
utterance_001122,chuvash_voice,ватӑ,7,19,2.56,2.95,4,ʌ,ɵ,0,4,2.84,2.95,110.0,t,,0,0,0,final,1,ватӑ,3,t,0,60.0,ват,bare,ватӑ,170.0
utterance_001147,chuvash_voice,хушшинчи,15,21,8.08,8.67,7,i,i,0,4,8.32,8.37,50.0,ʃ,n,0,0,0,medial,1,хушшинчи,3,ʃ,1,130.0,хуш,geminate,хушӑ,180.0
utterance_001157,chuvash_voice,пусса,18,40,8.67,9.13,4,ɑ,a,0,4,8.97,9.13,160.0,s,s,0,0,0,final,1,пусса,3,s,1,170.0,пус,geminate,пусӑ,330.0
utterance_001161,chuvash_voice,пусӑ,5,10,1.95,2.33,4,ʌ,ɵ,0,4,2.3,2.33,30.0,s,ɕ,0,0,0,final,1,пусӑ,3,s,0,90.0,пус,bare,пусӑ,120.0
utterance_001177,chuvash_voice,сассинче,6,6,2.57,3.19,7,i,i,0,4,2.88,2.95,70.0,s,n,0,0,0,medial,1,сассинче,3,s,1,130.0,сас,geminate,сасӑ,200.0
utterance_001182,chuvash_voice,пусса,5,13,2.76,3.11,4,ɑ,a,0,4,3.02,3.11,90.0,s,p,0,0,0,final,1,пусса,3,s,1,150.0,пус,geminate,пусӑ,240.0
utterance_001191,chuvash_voice,йытӑ,5,12,1.58,1.82,4,ʌ,ɵ,0,4,1.76,1.82,60.0,t,χ,0,0,0,final,1,йытӑ,3,t,0,60.0,йыт,bare,йытӑ,120.0
utterance_001200,chuvash_voice,ҫаннийӗсем,3,9,1.3,2.08,9,i,i,0,4,1.56,1.76,200.0,n,j,0,0,0,medial,1,ҫаннийӗсем,3,n,1,40.0,ҫан,geminate,ҫанӑ,240.0
utterance_001209,chuvash_voice,сасси,13,14,6.17,6.54,4,i,i,0,4,6.45,6.54,90.0,s,χ,0,0,0,final,1,сасси,3,s,1,130.0,сас,geminate,сасӑ,220.0
utterance_001220,chuvash_voice,хушши,3,11,1.17,1.53,4,i,i,0,4,1.48,1.53,50.0,ʃ,j,0,0,0,final,1,хушши,3,ʃ,1,140.0,хуш,geminate,хушӑ,190.0
utterance_001224,chuvash_voice,хушшинчен,6,14,2.77,3.38,8,i,i,0,4,3.06,3.1,40.0,ʃ,n,0,0,0,medial,1,хушшинчен,3,ʃ,1,120.0,хуш,geminate,хушӑ,160.0
utterance_001232,chuvash_voice,пуррине,7,9,2.86,3.28,6,i,i,0,4,3.06,3.11,50.0,r,n,0,0,0,medial,1,пуррине,3,r,1,80.0,пур,geminate,пурӑ,130.0
utterance_001264,chuvash_voice,вӗтӗ,6,8,1.98,2.27,4,ɛ,ø,0,4,2.22,2.27,50.0,t,p,0,0,0,final,1,вӗтӗ,3,t,0,40.0,вӗт,bare,вӗтӗ,90.0
utterance_001264,chuvash_voice,пулӑ,7,8,2.27,2.54,4,ʌ,ɵ,0,4,2.5,2.54,40.0,l,j,0,0,0,final,1,пулӑ,3,l,0,50.0,пул,bare,пулӑ,90.0
utterance_001278,chuvash_voice,пекки,18,20,8.75,9.11,4,i,i,0,4,9.02,9.11,90.0,k,s,0,0,0,final,1,пекки,3,k,1,140.0,пек,geminate,пекӗ,230.0
utterance_001279,chuvash_voice,тырӑ,16,27,9.94,10.24,4,ʌ,ɵ,0,4,10.16,10.24,80.0,r,,0,0,0,final,1,тырӑ,3,r,0,90.0,тыр,bare,тырӑ,170.0
utterance_001280,chuvash_voice,хушшинчен,7,9,3.24,3.82,8,i,i,0,4,3.52,3.57,50.0,ʃ,n,0,0,0,medial,1,хушшинчен,3,ʃ,1,120.0,хуш,geminate,хушӑ,170.0
utterance_001293,chuvash_voice,ҫыхха,5,7,1.31,1.8,4,ɑ,a,0,4,1.61,1.8,190.0,χ,t,0,0,0,final,1,ҫыхха,3,χ,1,100.0,ҫых,geminate,ҫыхӑ,290.0
utterance_001312,chuvash_voice,турӑ,4,6,1.49,1.78,4,ʌ,ɵ,0,4,1.72,1.78,60.0,r,k,0,0,0,final,1,турӑ,3,r,0,50.0,тур,bare,турӑ,110.0
utterance_001320,chuvash_voice,ватӑ,7,8,3.21,3.47,4,ʌ,ɵ,0,4,3.42,3.47,50.0,t,t,0,0,0,final,1,ватӑ,3,t,0,60.0,ват,bare,ватӑ,110.0
utterance_001325,chuvash_voice,ватӑ,4,7,1.84,2.18,4,ʌ,ɵ,0,4,2.14,2.18,40.0,t,ɕ,0,0,0,final,1,ватӑ,3,t,0,50.0,ват,bare,ватӑ,90.0
utterance_001337,chuvash_voice,пуххи,11,11,4.94,5.27,4,i,i,0,4,5.2,5.27,70.0,χ,,0,0,0,final,1,пуххи,3,χ,1,150.0,пух,geminate,пухӑ,220.0
utterance_001358,chuvash_voice,кулленхи,4,16,0.99,1.47,7,e,e,0,4,1.2,1.24,40.0,l,n,0,0,0,medial,1,кулленхи,3,l,1,60.0,кул,geminate,кулӑ,100.0
utterance_001362,chuvash_voice,пулӑ,8,10,2.39,2.64,4,ʌ,ɵ,0,4,2.59,2.64,50.0,l,i,0,1,0,final,1,пулӑ,3,l,0,50.0,пул,bare,пулӑ,100.0
utterance_001365,chuvash_voice,михха,2,5,0.66,1.0,4,ɑ,a,0,4,0.89,1.0,110.0,χ,m,0,0,0,final,1,михха,3,χ,1,40.0,мих,geminate,михӗ,150.0
utterance_001385,chuvash_voice,сассине,2,12,0.76,1.27,6,i,i,0,4,1.02,1.09,70.0,s,n,0,0,0,medial,1,сассине,3,s,1,100.0,сас,geminate,сасӑ,170.0
utterance_001395,chuvash_voice,нӑрӑ,11,16,4.37,4.58,4,ʌ,ɵ,0,4,4.51,4.58,70.0,r,ɕ,0,0,0,final,1,нӑрӑ,3,r,0,70.0,нӑр,bare,нӑрӑ,140.0
utterance_001411,chuvash_voice,сассисем,3,10,1.19,1.75,7,i,i,0,4,1.46,1.54,80.0,s,s,0,0,0,medial,1,сассисем,3,s,1,100.0,сас,geminate,сасӑ,180.0
utterance_001422,chuvash_voice,ҫурӑ,10,11,3.13,3.43,4,ʌ,ɵ,0,4,3.39,3.43,40.0,r,,0,0,0,final,1,ҫурӑ,3,r,0,50.0,ҫур,bare,ҫурӑ,90.0
utterance_001427,chuvash_voice,пуллашать,8,8,3.9,4.3991,7,ɑ,a,0,4,4.04,4.12,80.0,l,ʃ,0,0,0,medial,1,пуллашать,3,l,1,60.0,пул,geminate,пулӑ,140.0
utterance_001450,chuvash_voice,туллиех,1,5,0.39,0.93,6,i,i,0,4,0.61,0.71,100.0,l,e,0,1,0,medial,1,туллиех,3,l,1,100.0,тул,geminate,тулӑ,200.0
utterance_001464,chuvash_voice,сивӗ,6,9,2.55,2.92,4,ɛ,ø,0,4,2.83,2.92,90.0,v,ɕ,0,0,0,final,1,сивӗ,3,v,0,60.0,сив,bare,сивӗ,150.0
utterance_001468,chuvash_voice,хуллен-хулленех,1,23,0.27,1.3,12,e,e,0,4,0.56,0.67,110.0,l,n,0,0,0,medial,1,хуллен-хулленех,3,l,1,70.0,хул,geminate,хулӑ,180.0
utterance_001468,chuvash_voice,хуллен-хулленех,1,23,0.27,1.3,12,e,e,0,9,0.93,1.04,110.0,l,n,0,0,0,medial,1,хуллен-хулленех,8,l,1,60.0,хул,geminate,хулӑ,170.0
utterance_001468,chuvash_voice,хуллен,22,23,12.97,13.51,5,e,e,0,4,13.34,13.45,110.0,l,n,0,0,0,medial,1,хуллен,3,l,1,90.0,хул,geminate,хулӑ,200.0
utterance_001550,chuvash_voice,сассине,18,31,9.3,9.8,6,i,i,0,4,9.61,9.65,40.0,s,n,0,0,0,medial,1,сассине,3,s,1,140.0,сас,geminate,сасӑ,180.0
utterance_001551,chuvash_voice,пуссан,7,33,2.52,2.99,5,ɑ,a,0,4,2.8,2.96,160.0,s,n,0,0,0,medial,1,пуссан,3,s,1,140.0,пус,geminate,пусӑ,300.0
utterance_001558,chuvash_voice,сивӗ,13,22,5.87,6.27,4,ɛ,ø,0,4,6.14,6.27,130.0,v,ʃ,0,0,0,final,1,сивӗ,3,v,0,80.0,сив,bare,сивӗ,210.0
utterance_001572,chuvash_voice,хуллен,4,6,1.17,1.56,5,e,e,0,4,1.37,1.5,130.0,l,n,0,0,0,medial,1,хуллен,3,l,1,30.0,хул,geminate,хулӑ,160.0
utterance_001584,chuvash_voice,шӑмми,3,8,1.22,1.61,4,i,i,0,4,1.52,1.61,90.0,m,χ,0,0,0,final,1,шӑмми,3,m,1,50.0,шӑм,geminate,шӑмӑ,140.0
utterance_001590,chuvash_voice,турӑ,9,16,4.22,4.54,4,ʌ,ɵ,0,4,4.47,4.54,70.0,r,,0,0,0,final,1,турӑ,3,r,0,50.0,тур,bare,турӑ,120.0
utterance_001596,chuvash_voice,сиввӗн,5,7,1.66,2.06,5,ɛ,ø,0,4,1.88,1.97,90.0,v,n,0,0,0,medial,1,сиввӗн,3,v,1,30.0,сив,geminate,сивӗ,120.0
utterance_001606,chuvash_voice,пӑттине,5,8,2.59,3.1,6,i,i,0,4,2.86,2.89,30.0,t,n,0,0,0,medial,1,пӑттине,3,t,1,90.0,пӑт,geminate,пӑтӑ,120.0
utterance_001610,chuvash_voice,хушшине,28,37,13.27,13.74,6,i,i,0,4,13.55,13.6,50.0,ʃ,n,0,0,0,medial,1,хушшине,3,ʃ,1,130.0,хуш,geminate,хушӑ,180.0
utterance_001616,chuvash_voice,тулли,13,15,6.51,6.93,4,i,i,0,4,6.83,6.93,100.0,l,v,0,0,0,final,1,тулли,3,l,1,120.0,тул,geminate,тулӑ,220.0
utterance_001618,chuvash_voice,пусса,7,16,2.89,3.25,4,ɑ,a,0,4,3.15,3.25,100.0,s,t,0,0,0,final,1,пусса,3,s,1,130.0,пус,geminate,пусӑ,230.0
utterance_001627,chuvash_voice,вӗтӗ,2,12,0.65,0.96,4,ɛ,ø,0,4,0.91,0.96,50.0,t,ɕ,0,0,0,final,1,вӗтӗ,3,t,0,70.0,вӗт,bare,вӗтӗ,120.0
utterance_001635,chuvash_voice,тырӑ,1,7,0.36,0.64,4,ʌ,ɵ,0,4,0.56,0.64,80.0,r,s,0,0,0,final,1,тырӑ,3,r,0,70.0,тыр,bare,тырӑ,150.0
utterance_001635,chuvash_voice,хушшинче,4,7,2.07,2.59,7,i,i,0,4,2.3,2.37,70.0,ʃ,n,0,0,0,medial,1,хушшинче,3,ʃ,1,120.0,хуш,geminate,хушӑ,190.0
utterance_001656,chuvash_voice,хуллен,32,35,17.5,18.02,5,e,e,0,4,17.8,17.91,110.0,l,n,0,0,0,medial,1,хуллен,3,l,1,120.0,хул,geminate,хулӑ,230.0
utterance_001659,chuvash_voice,хушшинче,6,13,2.77,3.28,7,i,i,0,4,3.03,3.08,50.0,ʃ,n,0,0,0,medial,1,хушшинче,3,ʃ,1,130.0,хуш,geminate,хушӑ,180.0
utterance_001693,chuvash_voice,хуллен,12,28,5.74,6.21,5,e,e,0,4,6.0,6.09,90.0,l,n,0,0,0,medial,1,хуллен,3,l,1,80.0,хул,geminate,хулӑ,170.0
utterance_001694,chuvash_voice,тулли,2,15,0.82,1.19,4,i,i,0,4,1.11,1.19,80.0,l,tʃ,0,0,0,final,1,тулли,3,l,1,90.0,тул,geminate,тулӑ,170.0
utterance_001699,chuvash_voice,туллин,12,21,5.14,5.51,5,i,i,0,4,5.42,5.48,60.0,l,n,0,0,0,medial,1,туллин,3,l,1,90.0,тул,geminate,тулӑ,150.0
utterance_001700,chuvash_voice,миххан,3,16,1.45,1.91,5,ɑ,a,0,4,1.7,1.84,140.0,χ,n,0,0,0,medial,1,миххан,3,χ,1,120.0,мих,geminate,михӗ,260.0
utterance_001781,chuvash_voice,ҫутӑ,2,13,0.77,1.11,4,ʌ,ɵ,0,4,1.05,1.11,60.0,t,t,0,0,0,final,1,ҫутӑ,3,t,0,80.0,ҫут,bare,ҫутӑ,140.0
utterance_001792,chuvash_voice,хупписене,1,11,0.42,1.07,8,i,i,0,4,0.7,0.77,70.0,p,s,0,0,0,medial,1,хупписене,3,p,1,70.0,хуп,geminate,хупӑ,140.0
utterance_001792,chuvash_voice,ҫутӑ,8,11,3.9,4.3,4,ʌ,ɵ,0,4,4.2,4.3,100.0,t,,0,0,0,final,1,ҫутӑ,3,t,0,70.0,ҫут,bare,ҫутӑ,170.0
utterance_001796,chuvash_voice,касса,9,10,4.2,4.56,4,ɑ,a,0,4,4.47,4.56,90.0,s,t,0,0,0,final,1,касса,3,s,1,120.0,кас,geminate,касӑ,210.0
utterance_001797,chuvash_voice,хушшинче,6,9,2.97,3.47,7,i,i,0,4,3.21,3.25,40.0,ʃ,n,0,0,0,medial,1,хушшинче,3,ʃ,1,120.0,хуш,geminate,хушӑ,160.0
utterance_001847,chuvash_voice,ҫурри,2,4,0.74,1.13,4,i,i,0,4,1.02,1.13,110.0,r,t,0,0,0,final,1,ҫурри,3,r,1,50.0,ҫур,geminate,ҫурӑ,160.0
utterance_001869,chuvash_voice,ҫыххисемпе,7,16,3.44,4.24,9,i,i,0,4,3.7,3.77,70.0,χ,s,0,0,0,medial,1,ҫыххисемпе,3,χ,1,80.0,ҫых,geminate,ҫыхӑ,150.0
utterance_001877,chuvash_voice,сасӑ,14,19,9.08,9.45,4,ʌ,ɵ,0,4,9.38,9.45,70.0,s,t,0,0,0,final,1,сасӑ,3,s,0,70.0,сас,bare,сасӑ,140.0
utterance_001877,chuvash_voice,хуллен,16,19,9.82,10.24,5,e,e,0,4,10.02,10.13,110.0,l,n,0,0,0,medial,1,хуллен,3,l,1,80.0,хул,geminate,хулӑ,190.0
utterance_001880,chuvash_voice,пусса,4,26,1.75,2.14,4,ɑ,a,0,4,2.04,2.14,100.0,s,p,0,0,0,final,1,пусса,3,s,1,140.0,пус,geminate,пусӑ,240.0
utterance_001880,chuvash_voice,кулӑ,25,26,14.07,14.37,4,ʌ,ɵ,0,4,14.32,14.37,50.0,l,ɕ,0,0,0,final,1,кулӑ,3,l,0,120.0,кул,bare,кулӑ,170.0
utterance_001882,chuvash_voice,йытӑ,7,11,2.85,3.09,4,ʌ,ɵ,0,4,3.03,3.09,60.0,t,p,0,0,0,final,1,йытӑ,3,t,0,70.0,йыт,bare,йытӑ,130.0
utterance_001886,chuvash_voice,ҫӗҫӗ,7,8,3.12,3.52,4,ɛ,ø,0,4,3.45,3.52,70.0,ɕ,t,0,0,0,final,1,ҫӗҫӗ,3,ɕ,0,90.0,ҫӗҫ,bare,ҫӗҫӗ,160.0
utterance_001914,chuvash_voice,хушшинчех,8,12,3.46,4.13,8,i,i,0,4,3.75,3.81,60.0,ʃ,n,0,0,0,medial,1,хушшинчех,3,ʃ,1,130.0,хуш,geminate,хушӑ,190.0
utterance_002005,chuvash_voice,ҫеммипе,8,9,3.38,3.91,6,i,i,0,4,3.64,3.77,130.0,m,p,0,0,0,medial,1,ҫеммипе,3,m,1,30.0,ҫем,geminate,ҫемӗ,160.0
utterance_002009,chuvash_voice,пекки,9,10,3.27,3.62,4,i,i,0,4,3.51,3.62,110.0,k,p,0,0,0,final,1,пекки,3,k,1,120.0,пек,geminate,пекӗ,230.0
utterance_002024,chuvash_voice,касса,4,5,1.85,2.23,4,ɑ,a,0,4,2.14,2.23,90.0,s,p,0,0,0,final,1,касса,3,s,1,140.0,кас,geminate,касӑ,230.0
utterance_002041,chuvash_voice,хушшинче,8,32,2.84,3.47,7,i,i,0,4,3.14,3.2,60.0,ʃ,n,0,0,0,medial,1,хушшинче,3,ʃ,1,130.0,хуш,geminate,хушӑ,190.0
utterance_002059,chuvash_voice,сассине,8,11,2.89,3.52,6,i,i,0,4,3.3,3.35,50.0,s,n,0,0,0,medial,1,сассине,3,s,1,160.0,сас,geminate,сасӑ,210.0
utterance_002064,chuvash_voice,сӑввине,3,9,0.9,1.36,6,i,i,0,4,1.2,1.23,30.0,v,n,0,0,0,medial,1,сӑввине,3,v,1,30.0,сӑв,geminate,сӑвӑ,60.0
utterance_002067,chuvash_voice,ҫутӑ,5,12,1.83,2.17,4,ʌ,ɵ,0,4,2.12,2.17,50.0,t,ɕ,0,0,0,final,1,ҫутӑ,3,t,0,60.0,ҫут,bare,ҫутӑ,110.0
utterance_002071,chuvash_voice,чӗпписене,2,5,0.72,1.31,8,i,i,0,4,0.95,1.04,90.0,p,s,0,0,0,medial,1,чӗпписене,3,p,1,80.0,чӗп,geminate,чӗпӗ,170.0
utterance_002103,chuvash_voice,вӑйӑ,4,19,2.15,2.42,4,ʌ,ɵ,0,4,2.34,2.42,80.0,j,k,0,0,0,final,1,вӑйӑ,3,j,0,50.0,вӑй,bare,вӑйӑ,130.0
utterance_002103,chuvash_voice,кулӑ,5,19,2.42,2.69,4,ʌ,ɵ,0,4,2.63,2.69,60.0,l,m,0,0,0,final,1,кулӑ,3,l,0,100.0,кул,bare,кулӑ,160.0
utterance_002110,chuvash_voice,тырӑ,13,19,5.98,6.25,4,ʌ,ɵ,0,4,6.17,6.25,80.0,r,t,0,0,0,final,1,тырӑ,3,r,0,80.0,тыр,bare,тырӑ,160.0
utterance_002118,chuvash_voice,сассӑр,2,8,0.54,1.08,5,ʌ,ɵ,0,4,0.94,1.01,70.0,s,r,0,0,0,medial,1,сассӑр,3,s,1,130.0,сас,geminate,сасӑ,200.0
utterance_002148,chuvash_voice,пушӑ,5,16,1.92,2.25,4,ʌ,ɵ,0,4,2.18,2.25,70.0,ʃ,s,0,0,0,final,1,пушӑ,3,ʃ,0,90.0,пуш,bare,пушӑ,160.0
utterance_002148,chuvash_voice,хушшине,7,16,2.6,3.04,6,i,i,0,4,2.9,2.94,40.0,ʃ,n,0,0,0,medial,1,хушшине,3,ʃ,1,130.0,хуш,geminate,хушӑ,170.0
utterance_002152,chuvash_voice,сивӗ,4,10,1.0,1.35,4,ɛ,ø,0,4,1.29,1.35,60.0,v,ʃ,0,0,0,final,1,сивӗ,3,v,0,110.0,сив,bare,сивӗ,170.0
utterance_002183,chuvash_voice,ҫыхӑ,2,7,0.51,0.9,4,ʌ,ɵ,0,4,0.8,0.9,100.0,χ,k,0,0,0,final,1,ҫыхӑ,3,χ,0,100.0,ҫых,bare,ҫыхӑ,200.0
utterance_002205,chuvash_voice,пуррине,4,19,1.63,2.03,6,i,i,0,4,1.82,1.89,70.0,r,n,0,0,0,medial,1,пуррине,3,r,1,70.0,пур,geminate,пурӑ,140.0
utterance_002206,chuvash_voice,хушшинче,6,12,3.03,3.59,7,i,i,0,4,3.33,3.38,50.0,ʃ,n,0,0,0,medial,1,хушшинче,3,ʃ,1,120.0,хуш,geminate,хушӑ,170.0
utterance_002213,chuvash_voice,тӗрӗ,1,7,0.18,0.41,4,ɛ,ø,0,4,0.38,0.41,30.0,r,f,0,0,0,final,1,тӗрӗ,3,r,0,80.0,тӗр,bare,тӗрӗ,110.0
utterance_002219,chuvash_voice,пусса,16,21,6.29,6.65,4,ɑ,a,0,4,6.56,6.65,90.0,s,i,0,1,0,final,1,пусса,3,s,1,130.0,пус,geminate,пусӑ,220.0
utterance_002221,chuvash_voice,хушши,4,18,1.53,1.91,4,i,i,0,4,1.83,1.91,80.0,ʃ,t,0,0,0,final,1,хушши,3,ʃ,1,130.0,хуш,geminate,хушӑ,210.0
utterance_002253,chuvash_voice,хушшине,21,29,11.09,11.59,6,i,i,0,4,11.4,11.45,50.0,ʃ,n,0,0,0,medial,1,хушшине,3,ʃ,1,140.0,хуш,geminate,хушӑ,190.0
utterance_002254,chuvash_voice,сасси,6,20,2.61,2.98,4,i,i,0,4,2.88,2.98,100.0,s,ɕ,0,0,0,final,1,сасси,3,s,1,120.0,сас,geminate,сасӑ,220.0
utterance_002256,chuvash_voice,сивӗ,4,9,1.54,1.85,4,ɛ,ø,0,4,1.78,1.85,70.0,v,ɕ,0,0,0,final,1,сивӗ,3,v,0,80.0,сив,bare,сивӗ,150.0
utterance_002268,chuvash_voice,сивӗ,1,5,0.28,0.69,4,ɛ,ø,0,4,0.61,0.69,80.0,v,ʃ,0,0,0,final,1,сивӗ,3,v,0,70.0,сив,bare,сивӗ,150.0
utterance_002283,chuvash_voice,куллен,2,10,0.88,1.33,5,e,e,0,4,1.14,1.26,120.0,l,n,0,0,0,medial,1,куллен,3,l,1,80.0,кул,geminate,кулӑ,200.0
utterance_002328,chuvash_voice,хушшинче,10,23,4.61,5.18,7,i,i,0,4,4.88,4.95,70.0,ʃ,n,0,0,0,medial,1,хушшинче,3,ʃ,1,120.0,хуш,geminate,хушӑ,190.0
utterance_002332,chuvash_voice,ваттисем,6,6,2.97,3.72,7,i,i,0,4,3.23,3.28,50.0,t,s,0,0,0,medial,1,ваттисем,3,t,1,70.0,ват,geminate,ватӑ,120.0
utterance_002349,chuvash_voice,хушши,16,20,6.93,7.2,4,i,i,0,4,7.15,7.2,50.0,ʃ,,0,0,0,final,1,хушши,3,ʃ,1,80.0,хуш,geminate,хушӑ,130.0
utterance_002361,chuvash_voice,хулленрех,5,13,2.51,3.19,8,e,e,0,4,2.77,2.88,110.0,l,n,0,0,0,medial,1,хулленрех,3,l,1,70.0,хул,geminate,хулӑ,180.0
utterance_002361,chuvash_voice,кӗвӗ,9,13,4.69,5.01,4,ɛ,ø,0,4,4.92,5.01,90.0,v,t,0,0,0,final,1,кӗвӗ,3,v,0,60.0,кӗв,bare,кӗвӗ,150.0
utterance_002372,chuvash_voice,кӗввине,2,8,1.19,1.62,6,i,i,0,4,1.34,1.47,130.0,v,n,0,0,0,medial,1,кӗввине,3,v,1,30.0,кӗв,geminate,кӗвӗ,160.0
utterance_002409,chuvash_voice,хушшинче,6,17,3.39,3.89,7,i,i,0,4,3.64,3.69,50.0,ʃ,n,0,0,0,medial,1,хушшинче,3,ʃ,1,130.0,хуш,geminate,хушӑ,180.0
utterance_002415,chuvash_voice,вулли,10,15,5.24,5.59,4,i,i,0,4,5.49,5.59,100.0,l,χ,0,0,0,final,1,вулли,3,l,1,80.0,вул,geminate,вулӑ,180.0
utterance_002426,chuvash_voice,хушшинче,7,18,4.0,4.6,7,i,i,0,4,4.26,4.31,50.0,ʃ,n,0,0,0,medial,1,хушшинче,3,ʃ,1,140.0,хуш,geminate,хушӑ,190.0
utterance_002455,chuvash_voice,сасси,4,6,1.33,1.76,4,i,i,0,4,1.6,1.76,160.0,s,j,0,0,0,final,1,сасси,3,s,1,120.0,сас,geminate,сасӑ,280.0
utterance_002470,chuvash_voice,ҫутӑ,11,19,6.46,6.79,4,ʌ,ɵ,0,4,6.72,6.79,70.0,t,χ,0,0,0,final,1,ҫутӑ,3,t,0,60.0,ҫут,bare,ҫутӑ,130.0
utterance_002501,chuvash_voice,вуллинчен,8,11,3.33,3.85,8,i,i,0,4,3.57,3.64,70.0,l,n,0,0,0,medial,1,вуллинчен,3,l,1,70.0,вул,geminate,вулӑ,140.0
utterance_002511,chuvash_voice,тулли,12,31,6.85,7.3,4,i,i,0,4,7.12,7.3,180.0,l,t,0,0,0,final,1,тулли,3,l,1,120.0,тул,geminate,тулӑ,300.0
utterance_002537,chuvash_voice,йытӑ,6,12,2.44,2.73,4,ʌ,ɵ,0,4,2.7,2.73,30.0,t,v,0,0,0,final,1,йытӑ,3,t,0,90.0,йыт,bare,йытӑ,120.0
utterance_002539,chuvash_voice,хушшинче,4,7,1.75,2.33,7,i,i,0,4,2.02,2.09,70.0,ʃ,n,0,0,0,medial,1,хушшинче,3,ʃ,1,130.0,хуш,geminate,хушӑ,200.0
utterance_002553,chuvash_voice,вӑрри,8,19,4.45,4.78,4,i,i,0,4,4.69,4.78,90.0,r,s,0,0,0,final,1,вӑрри,3,r,1,120.0,вӑр,geminate,вӑрӑ,210.0
utterance_002557,chuvash_voice,ҫутӑ,6,9,3.18,3.52,4,ʌ,ɵ,0,4,3.46,3.52,60.0,t,s,0,0,0,final,1,ҫутӑ,3,t,0,60.0,ҫут,bare,ҫутӑ,120.0
utterance_002562,chuvash_voice,хушӑ,2,9,0.98,1.29,4,ʌ,ɵ,0,4,1.21,1.29,80.0,ʃ,ɕ,0,0,0,final,1,хушӑ,3,ʃ,0,60.0,хуш,bare,хушӑ,140.0
utterance_002576,chuvash_voice,хушӑ,7,10,4.6,4.96,4,ʌ,ɵ,0,4,4.88,4.96,80.0,ʃ,n,0,0,0,final,1,хушӑ,3,ʃ,0,80.0,хуш,bare,хушӑ,160.0
utterance_002581,chuvash_voice,сивӗ,4,17,2.18,2.57,4,ɛ,ø,0,4,2.44,2.57,130.0,v,u,0,1,0,final,1,сивӗ,3,v,0,50.0,сив,bare,сивӗ,180.0
utterance_002615,chuvash_voice,пеккине,3,6,0.58,1.04,6,i,i,0,4,0.8,0.86,60.0,k,n,0,0,0,medial,1,пеккине,3,k,1,100.0,пек,geminate,пекӗ,160.0
utterance_002628,chuvash_voice,сасси,3,3,1.29,1.71,4,i,i,0,4,1.57,1.71,140.0,s,,0,0,0,final,1,сасси,3,s,1,130.0,сас,geminate,сасӑ,270.0
utterance_002629,chuvash_voice,сассине,11,18,4.27,4.81,6,i,i,0,4,4.56,4.64,80.0,s,n,0,0,0,medial,1,сассине,3,s,1,120.0,сас,geminate,сасӑ,200.0
utterance_002648,chuvash_voice,вӑррине-и,2,2,0.72,1.28,7,i,i,0,4,0.94,1.0,60.0,r,n,0,0,0,medial,1,вӑррине-и,3,r,1,100.0,вӑр,geminate,вӑрӑ,160.0
utterance_002649,chuvash_voice,ваттисем,1,3,0.41,0.91,7,i,i,0,4,0.65,0.71,60.0,t,s,0,0,0,medial,1,ваттисем,3,t,1,80.0,ват,geminate,ватӑ,140.0
utterance_002661,chuvash_voice,пӗҫҫисем,16,19,7.87,8.48,7,i,i,0,4,8.14,8.25,110.0,ɕ,s,0,0,0,medial,1,пӗҫҫисем,3,ɕ,1,140.0,пӗҫ,geminate,пӗҫӗ,250.0
utterance_002689,chuvash_voice,касса,8,9,3.31,3.73,4,ɑ,a,0,4,3.62,3.73,110.0,s,t,0,0,0,final,1,касса,3,s,1,130.0,кас,geminate,касӑ,240.0
utterance_002708,chuvash_voice,ватӑ,2,12,1.14,1.44,4,ʌ,ɵ,0,4,1.39,1.44,50.0,t,v,0,0,0,final,1,ватӑ,3,t,0,50.0,ват,bare,ватӑ,100.0
utterance_002721,chuvash_voice,хушшине,12,27,5.08,5.6,6,i,i,0,4,5.37,5.42,50.0,ʃ,n,0,0,0,medial,1,хушшине,3,ʃ,1,130.0,хуш,geminate,хушӑ,180.0
utterance_002737,chuvash_voice,пушшех,10,11,5.39,5.91,5,e,e,0,4,5.66,5.69,30.0,ʃ,χ,0,0,0,medial,1,пушшех,3,ʃ,1,80.0,пуш,geminate,пушӑ,110.0
utterance_002742,chuvash_voice,сулланса,9,41,4.09,4.59,7,ɑ,a,0,4,4.33,4.41,80.0,l,n,0,0,0,medial,1,сулланса,3,l,1,80.0,сул,geminate,сулӑ,160.0
utterance_002784,chuvash_voice,тӗсӗ,6,11,3.17,3.52,4,ɛ,ø,0,4,3.44,3.52,80.0,s,k,0,0,0,final,1,тӗсӗ,3,s,0,80.0,тӗс,bare,тӗсӗ,160.0
utterance_002786,chuvash_voice,касса,1,11,0.54,0.93,4,ɑ,a,0,4,0.82,0.93,110.0,s,s,0,0,0,final,1,касса,3,s,1,130.0,кас,geminate,касӑ,240.0
utterance_002790,chuvash_voice,ҫутӑ,4,17,2.47,2.83,4,ʌ,ɵ,0,4,2.74,2.83,90.0,t,,0,0,0,final,1,ҫутӑ,3,t,0,70.0,ҫут,bare,ҫутӑ,160.0
utterance_002808,chuvash_voice,пуссан,5,20,1.99,2.5,5,ɑ,a,0,4,2.28,2.43,150.0,s,n,0,0,0,medial,1,пуссан,3,s,1,140.0,пус,geminate,пусӑ,290.0
utterance_002808,chuvash_voice,сасси,6,20,2.57,3.07,4,i,i,0,4,2.96,3.07,110.0,s,u,0,1,0,final,1,сасси,3,s,1,140.0,сас,geminate,сасӑ,250.0
utterance_002808,chuvash_voice,пуссан,10,20,4.69,5.2,5,ɑ,a,0,4,4.99,5.14,150.0,s,n,0,0,0,medial,1,пуссан,3,s,1,140.0,пус,geminate,пусӑ,290.0
utterance_002808,chuvash_voice,сасӑ,16,20,8.26,8.66,4,ʌ,ɵ,0,4,8.62,8.66,40.0,s,j,0,0,0,final,1,сасӑ,3,s,0,80.0,сас,bare,сасӑ,120.0
utterance_002835,chuvash_voice,хуллен,1,3,0.22,0.63,5,e,e,0,4,0.49,0.59,100.0,l,n,0,0,0,medial,1,хуллен,3,l,1,80.0,хул,geminate,хулӑ,180.0
utterance_002870,chuvash_voice,тӗссӗрленсе,3,11,1.49,2.32,10,ɛ,ø,0,4,1.75,1.79,40.0,s,r,0,0,0,medial,1,тӗссӗрленсе,3,s,1,140.0,тӗс,geminate,тӗсӗ,180.0
utterance_002919,chuvash_voice,сасӑ,5,6,2.19,2.53,4,ʌ,ɵ,0,4,2.45,2.53,80.0,s,ɕ,0,0,0,final,1,сасӑ,3,s,0,80.0,сас,bare,сасӑ,160.0
utterance_002921,chuvash_voice,ташша,7,7,2.45,3.02,4,ɑ,a,0,4,2.72,3.02,300.0,ʃ,,0,0,0,final,1,ташша,3,ʃ,1,150.0,таш,geminate,ташӑ,450.0
utterance_002924,chuvash_voice,хушшинче,4,9,2.87,3.54,7,i,i,0,4,3.11,3.15,40.0,ʃ,n,0,0,0,medial,1,хушшинче,3,ʃ,1,120.0,хуш,geminate,хушӑ,160.0
utterance_002928,chuvash_voice,хушши,3,6,0.96,1.6,4,i,i,0,4,1.36,1.6,240.0,ʃ,,0,0,0,final,1,хушши,3,ʃ,1,150.0,хуш,geminate,хушӑ,390.0
utterance_002934,chuvash_voice,хушшине,10,14,4.33,4.75,6,i,i,0,4,4.59,4.63,40.0,ʃ,n,0,0,0,medial,1,хушшине,3,ʃ,1,120.0,хуш,geminate,хушӑ,160.0
utterance_002940,chuvash_voice,ҫутӑ,3,6,1.63,1.93,4,ʌ,ɵ,0,4,1.88,1.93,50.0,t,χ,0,0,0,final,1,ҫутӑ,3,t,0,50.0,ҫут,bare,ҫутӑ,100.0
utterance_002941,chuvash_voice,ҫӗҫҫине,4,17,1.93,2.46,6,i,i,0,4,2.23,2.29,60.0,ɕ,n,0,0,0,medial,1,ҫӗҫҫине,3,ɕ,1,150.0,ҫӗҫ,geminate,ҫӗҫӗ,210.0
utterance_002941,chuvash_voice,пӗҫҫи,6,17,3.0,3.4,4,i,i,0,4,3.31,3.4,90.0,ɕ,ɕ,0,0,0,final,1,пӗҫҫи,3,ɕ,1,170.0,пӗҫ,geminate,пӗҫӗ,260.0
utterance_002956,chuvash_voice,тӗссӗр,2,10,0.82,1.31,5,ɛ,ø,0,4,1.14,1.21,70.0,s,r,0,0,0,medial,1,тӗссӗр,3,s,1,150.0,тӗс,geminate,тӗсӗ,220.0
utterance_002956,chuvash_voice,кулли,8,10,4.2,4.51,4,i,i,0,4,4.41,4.51,100.0,l,χ,0,0,0,final,1,кулли,3,l,1,80.0,кул,geminate,кулӑ,180.0
utterance_002965,chuvash_voice,йытӑ,8,17,3.38,3.69,4,ʌ,ɵ,0,4,3.61,3.69,80.0,t,,0,0,0,final,1,йытӑ,3,t,0,70.0,йыт,bare,йытӑ,150.0
utterance_002983,chuvash_voice,ҫутӑ,6,8,2.12,2.39,4,ʌ,ɵ,0,4,2.34,2.39,50.0,t,ɕ,0,0,0,final,1,ҫутӑ,3,t,0,50.0,ҫут,bare,ҫутӑ,100.0
utterance_002990,chuvash_voice,сасӑ,13,13,5.35,5.77,4,ʌ,ɵ,0,4,5.65,5.77,120.0,s,,0,0,0,final,1,сасӑ,3,s,0,70.0,сас,bare,сасӑ,190.0
utterance_003000,chuvash_voice,вӑйӑ,8,12,4.25,4.73,4,ʌ,ɵ,0,4,4.65,4.73,80.0,j,v,0,0,0,final,1,вӑйӑ,3,j,0,60.0,вӑй,bare,вӑйӑ,140.0
utterance_003011,chuvash_voice,хушшинчех,7,8,3.81,4.39,8,i,i,0,4,4.06,4.11,50.0,ʃ,n,0,0,0,medial,1,хушшинчех,3,ʃ,1,90.0,хуш,geminate,хушӑ,140.0
utterance_003044,chuvash_voice,ватӑ,16,38,9.4,9.7,4,ʌ,ɵ,0,4,9.64,9.7,60.0,t,χ,0,0,0,final,1,ватӑ,3,t,0,60.0,ват,bare,ватӑ,120.0
utterance_003057,chuvash_voice,сасӑ,6,8,2.57,2.96,4,ʌ,ɵ,0,4,2.88,2.96,80.0,s,i,0,1,0,final,1,сасӑ,3,s,0,90.0,сас,bare,сасӑ,170.0
utterance_003080,chuvash_voice,хушшине,9,12,3.63,4.16,6,i,i,0,4,3.95,4.0,50.0,ʃ,n,0,0,0,medial,1,хушшине,3,ʃ,1,130.0,хуш,geminate,хушӑ,180.0
utterance_003092,chuvash_voice,хушши,8,12,3.7,4.14,4,i,i,0,4,4.0,4.14,140.0,ʃ,,0,0,0,final,1,хушши,3,ʃ,1,140.0,хуш,geminate,хушӑ,280.0
utterance_003100,chuvash_voice,вулли,3,7,1.29,1.62,4,i,i,0,4,1.53,1.62,90.0,l,t,0,0,0,final,1,вулли,3,l,1,80.0,вул,geminate,вулӑ,170.0
utterance_003102,chuvash_voice,пекки,6,7,2.33,2.67,4,i,i,0,4,2.59,2.67,80.0,k,t,0,0,0,final,1,пекки,3,k,1,110.0,пек,geminate,пекӗ,190.0
utterance_003135,chuvash_voice,ҫутӑ,3,5,1.24,1.57,4,ʌ,ɵ,0,4,1.5,1.57,70.0,t,t,0,0,0,final,1,ҫутӑ,3,t,0,80.0,ҫут,bare,ҫутӑ,150.0
utterance_003185,chuvash_voice,ҫӗҫҫине,4,6,2.04,2.63,6,i,i,0,4,2.4,2.46,60.0,ɕ,n,0,0,0,medial,1,ҫӗҫҫине,3,ɕ,1,130.0,ҫӗҫ,geminate,ҫӗҫӗ,190.0
utterance_003206,chuvash_voice,хушшине,3,4,1.03,1.52,6,i,i,0,4,1.32,1.38,60.0,ʃ,n,0,0,0,medial,1,хушшине,3,ʃ,1,120.0,хуш,geminate,хушӑ,180.0
utterance_003223,chuvash_voice,пушӑ,7,14,5.01,5.31,4,ʌ,ɵ,0,4,5.24,5.31,70.0,ʃ,k,0,0,0,final,1,пушӑ,3,ʃ,0,80.0,пуш,bare,пушӑ,150.0
utterance_003228,chuvash_voice,тулли,4,6,1.79,2.16,4,i,i,0,4,2.07,2.16,90.0,l,m,0,0,0,final,1,тулли,3,l,1,110.0,тул,geminate,тулӑ,200.0
utterance_003257,chuvash_voice,вӑйӑ,6,23,2.84,3.15,4,ʌ,ɵ,0,4,3.12,3.15,30.0,j,v,0,0,0,final,1,вӑйӑ,3,j,0,90.0,вӑй,bare,вӑйӑ,120.0
utterance_003257,chuvash_voice,вӑйӑ,14,23,7.65,7.98,4,ʌ,ɵ,0,4,7.93,7.98,50.0,j,k,0,0,0,final,1,вӑйӑ,3,j,0,100.0,вӑй,bare,вӑйӑ,150.0
utterance_003259,chuvash_voice,хушши,4,17,1.07,1.48,4,i,i,0,4,1.38,1.48,100.0,ʃ,χ,0,0,0,final,1,хушши,3,ʃ,1,140.0,хуш,geminate,хушӑ,240.0
utterance_003264,chuvash_voice,йытӑ,1,19,0.06,0.34,4,ʌ,ɵ,0,4,0.28,0.34,60.0,t,ɕ,0,0,0,final,1,йытӑ,3,t,0,70.0,йыт,bare,йытӑ,130.0
utterance_003312,chuvash_voice,ҫутӑ,14,19,5.91,6.21,4,ʌ,ɵ,0,4,6.16,6.21,50.0,t,ɕ,0,0,0,final,1,ҫутӑ,3,t,0,70.0,ҫут,bare,ҫутӑ,120.0
utterance_003354,chuvash_voice,хушшинчех,2,4,0.63,1.21,8,i,i,0,4,0.88,0.93,50.0,ʃ,n,0,0,0,medial,1,хушшинчех,3,ʃ,1,110.0,хуш,geminate,хушӑ,160.0
utterance_003364,chuvash_voice,хушши,3,13,0.85,1.24,4,i,i,0,4,1.18,1.24,60.0,ʃ,v,0,0,0,final,1,хушши,3,ʃ,1,150.0,хуш,geminate,хушӑ,210.0
utterance_003368,chuvash_voice,ҫутӑ,2,3,0.52,0.9,4,ʌ,ɵ,0,4,0.83,0.9,70.0,t,p,0,0,0,final,1,ҫутӑ,3,t,0,80.0,ҫут,bare,ҫутӑ,150.0
utterance_003382,chuvash_voice,турӑ,2,6,0.55,0.81,4,ʌ,ɵ,0,4,0.77,0.81,40.0,r,ɕ,0,0,0,final,1,турӑ,3,r,0,50.0,тур,bare,турӑ,90.0
utterance_003388,chuvash_voice,сассипе,2,11,0.65,1.11,6,i,i,0,4,0.91,0.96,50.0,s,p,0,0,0,medial,1,сассипе,3,s,1,120.0,сас,geminate,сасӑ,170.0
utterance_003444,chuvash_voice,хушшинчи,2,17,1.12,1.6,7,i,i,0,4,1.39,1.42,30.0,ʃ,n,0,0,0,medial,1,хушшинчи,3,ʃ,1,150.0,хуш,geminate,хушӑ,180.0
utterance_003449,chuvash_voice,хушшинче,2,7,1.47,2.12,7,i,i,0,4,1.71,1.81,100.0,ʃ,n,0,0,0,medial,1,хушшинче,3,ʃ,1,110.0,хуш,geminate,хушӑ,210.0
utterance_003493,chuvash_voice,пурри,9,13,3.64,4.0,4,i,i,0,4,3.85,4.0,150.0,r,,0,0,0,final,1,пурри,3,r,1,80.0,пур,geminate,пурӑ,230.0
utterance_003506,chuvash_voice,пӑтти,10,11,5.85,6.18,4,i,i,0,4,6.1,6.18,80.0,t,p,0,0,0,final,1,пӑтти,3,t,1,70.0,пӑт,geminate,пӑтӑ,150.0
utterance_003515,chuvash_voice,ҫутӑ,3,5,0.98,1.5,4,ʌ,ɵ,0,4,1.33,1.5,170.0,t,t,0,0,0,final,1,ҫутӑ,3,t,0,70.0,ҫут,bare,ҫутӑ,240.0
utterance_003522,chuvash_voice,ҫутӑ,9,12,4.35,4.69,4,ʌ,ɵ,0,4,4.58,4.69,110.0,t,ø,0,1,0,final,1,ҫутӑ,3,t,0,60.0,ҫут,bare,ҫутӑ,170.0
utterance_003526,chuvash_voice,кӳлли,3,7,1.3,1.61,4,i,i,0,4,1.52,1.61,90.0,l,ɕ,0,0,0,final,1,кӳлли,3,l,1,60.0,кӳл,geminate,кӳлӗ,150.0
utterance_003539,chuvash_voice,кӗвӗ,8,9,2.7,2.98,4,ɛ,ø,0,4,2.9,2.98,80.0,v,t,0,0,0,final,1,кӗвӗ,3,v,0,70.0,кӗв,bare,кӗвӗ,150.0
utterance_003575,chuvash_voice,хуллен,18,18,7.94,8.43,5,e,e,0,4,8.2,8.25,50.0,l,n,0,0,0,medial,1,хуллен,3,l,1,90.0,хул,geminate,хулӑ,140.0
utterance_003594,chuvash_voice,сасси,11,12,5.66,6.0,4,i,i,0,4,5.96,6.0,40.0,s,i,0,1,0,final,1,сасси,3,s,1,150.0,сас,geminate,сасӑ,190.0
utterance_003598,chuvash_voice,хушшинче,3,8,0.87,1.4,7,i,i,0,4,1.14,1.19,50.0,ʃ,n,0,0,0,medial,1,хушшинче,3,ʃ,1,120.0,хуш,geminate,хушӑ,170.0
utterance_003603,chuvash_voice,ҫутӑ,4,19,1.32,1.64,4,ʌ,ɵ,0,4,1.57,1.64,70.0,t,t,0,0,0,final,1,ҫутӑ,3,t,0,50.0,ҫут,bare,ҫутӑ,120.0
utterance_003603,chuvash_voice,ҫуттине,16,19,6.75,7.33,6,i,i,0,4,7.03,7.1,70.0,t,n,0,0,0,medial,1,ҫуттине,3,t,1,70.0,ҫут,geminate,ҫутӑ,140.0
utterance_003630,chuvash_voice,хушшинче,8,13,3.6,4.11,7,i,i,0,4,3.88,3.93,50.0,ʃ,n,0,0,0,medial,1,хушшинче,3,ʃ,1,140.0,хуш,geminate,хушӑ,190.0
utterance_003643,chuvash_voice,йытӑ,4,11,2.09,2.38,4,ʌ,ɵ,0,4,2.31,2.38,70.0,t,ɕ,0,0,0,final,1,йытӑ,3,t,0,80.0,йыт,bare,йытӑ,150.0
utterance_003645,chuvash_voice,пекки,4,7,2.27,2.6,4,i,i,0,4,2.51,2.6,90.0,k,t,0,0,0,final,1,пекки,3,k,1,100.0,пек,geminate,пекӗ,190.0
utterance_003654,chuvash_voice,кулленех,4,11,1.13,1.63,7,e,e,0,4,1.33,1.41,80.0,l,n,0,0,0,medial,1,кулленех,3,l,1,70.0,кул,geminate,кулӑ,150.0
utterance_003661,chuvash_voice,тулли,8,12,3.68,4.07,4,i,i,0,4,3.97,4.07,100.0,l,p,0,0,0,final,1,тулли,3,l,1,80.0,тул,geminate,тулӑ,180.0
utterance_003673,chuvash_voice,ватӑ,9,14,4.15,4.55,4,ʌ,ɵ,0,4,4.45,4.55,100.0,t,p,0,0,0,final,1,ватӑ,3,t,0,60.0,ват,bare,ватӑ,160.0
utterance_003684,chuvash_voice,тулли,13,19,5.94,6.28,4,i,i,0,4,6.16,6.28,120.0,l,k,0,0,0,final,1,тулли,3,l,1,90.0,тул,geminate,тулӑ,210.0
utterance_003700,chuvash_voice,тырӑ,9,14,3.55,3.8,4,ʌ,ɵ,0,4,3.76,3.8,40.0,r,,0,0,0,final,1,тырӑ,3,r,0,50.0,тыр,bare,тырӑ,90.0
utterance_003706,chuvash_voice,кассӑра,4,6,1.37,1.84,6,ʌ,ɵ,0,4,1.63,1.68,50.0,s,r,0,0,0,medial,1,кассӑра,3,s,1,120.0,кас,geminate,касӑ,170.0
utterance_003713,chuvash_voice,сасси,11,20,5.49,5.95,4,i,i,0,4,5.84,5.95,110.0,s,,0,0,0,final,1,сасси,3,s,1,160.0,сас,geminate,сасӑ,270.0
utterance_003713,chuvash_voice,сасси,18,20,9.79,10.15,4,i,i,0,4,10.09,10.15,60.0,s,p,0,0,0,final,1,сасси,3,s,1,130.0,сас,geminate,сасӑ,190.0
utterance_003716,chuvash_voice,йыттине,13,15,7.75,8.27,6,i,i,0,4,8.04,8.11,70.0,t,n,0,0,0,medial,1,йыттине,3,t,1,120.0,йыт,geminate,йытӑ,190.0
utterance_003750,chuvash_voice,тилӗ,9,11,3.85,4.15,4,ɛ,ø,0,4,4.09,4.15,60.0,l,j,0,0,0,final,1,тилӗ,3,l,0,70.0,тил,bare,тилӗ,130.0
utterance_003758,chuvash_voice,чӗпписене,8,12,3.87,4.47,8,i,i,0,4,4.12,4.17,50.0,p,s,0,0,0,medial,1,чӗпписене,3,p,1,60.0,чӗп,geminate,чӗпӗ,110.0
utterance_003759,chuvash_voice,хулленрех,2,3,0.87,1.44,8,e,e,0,4,1.07,1.17,100.0,l,n,0,0,0,medial,1,хулленрех,3,l,1,100.0,хул,geminate,хулӑ,200.0
utterance_003772,chuvash_voice,пеккисене,6,14,1.9,2.68,8,i,i,0,4,2.15,2.22,70.0,k,s,0,0,0,medial,1,пеккисене,3,k,1,150.0,пек,geminate,пекӗ,220.0
utterance_003776,chuvash_voice,чӗллӗ,6,15,2.4,2.7,4,ɛ,ø,0,4,2.62,2.7,80.0,l,t,0,0,0,final,1,чӗллӗ,3,l,1,110.0,чӗл,geminate,чӗлӗ,190.0
utterance_003797,chuvash_voice,пуррипе,6,15,2.66,3.05,6,i,i,0,4,2.84,2.93,90.0,r,p,0,0,0,medial,1,пуррипе,3,r,1,70.0,пур,geminate,пурӑ,160.0
utterance_003821,chuvash_voice,сасси,3,8,1.82,2.25,4,i,i,0,4,2.19,2.25,60.0,s,,0,0,0,final,1,сасси,3,s,1,180.0,сас,geminate,сасӑ,240.0
utterance_003826,chuvash_voice,вӗтӗ,2,4,1.08,1.34,4,ɛ,ø,0,4,1.26,1.34,80.0,t,ɕ,0,0,0,final,1,вӗтӗ,3,t,0,60.0,вӗт,bare,вӗтӗ,140.0
utterance_003828,chuvash_voice,ҫутӑ,7,10,3.72,4.08,4,ʌ,ɵ,0,4,4.03,4.08,50.0,t,t,0,0,0,final,1,ҫутӑ,3,t,0,80.0,ҫут,bare,ҫутӑ,130.0
utterance_003830,chuvash_voice,пурришӗн,6,6,3.03,3.66,7,i,i,0,4,3.3,3.42,120.0,r,ʃ,0,0,0,medial,1,пурришӗн,3,r,1,130.0,пур,geminate,пурӑ,250.0
utterance_003840,chuvash_voice,хушшинче,5,15,2.62,3.12,7,i,i,0,4,2.9,2.95,50.0,ʃ,n,0,0,0,medial,1,хушшинче,3,ʃ,1,120.0,хуш,geminate,хушӑ,170.0
utterance_003846,chuvash_voice,кулӑ,1,10,0.33,0.64,4,ʌ,ɵ,0,4,0.57,0.64,70.0,l,m,0,0,0,final,1,кулӑ,3,l,0,110.0,кул,bare,кулӑ,180.0
utterance_003859,chuvash_voice,хушшинчи,7,13,3.38,3.85,7,i,i,0,4,3.62,3.65,30.0,ʃ,n,0,0,0,medial,1,хушшинчи,3,ʃ,1,140.0,хуш,geminate,хушӑ,170.0
utterance_003869,chuvash_voice,куллен,3,19,1.36,1.69,5,e,e,0,4,1.54,1.6,60.0,l,n,0,0,0,medial,1,куллен,3,l,1,70.0,кул,geminate,кулӑ,130.0
utterance_003869,chuvash_voice,пушӑ,15,19,6.76,7.07,4,ʌ,ɵ,0,4,7.03,7.07,40.0,ʃ,v,0,0,0,final,1,пушӑ,3,ʃ,0,60.0,пуш,bare,пушӑ,100.0
utterance_003885,chuvash_voice,кӗвви,6,6,2.94,3.44,4,i,i,0,4,3.36,3.44,80.0,v,,0,0,0,final,1,кӗвви,3,v,1,30.0,кӗв,geminate,кӗвӗ,110.0
utterance_003936,chuvash_voice,тӗрӗ,10,19,5.64,5.93,4,ɛ,ø,0,4,5.86,5.93,70.0,r,f,0,0,0,final,1,тӗрӗ,3,r,0,40.0,тӗр,bare,тӗрӗ,110.0
utterance_003951,chuvash_voice,сӑввисем,6,8,2.69,3.25,7,i,i,0,4,2.94,3.03,90.0,v,s,0,0,0,medial,1,сӑввисем,3,v,1,30.0,сӑв,geminate,сӑвӑ,120.0
utterance_003963,chuvash_voice,вӑрӑ,2,5,0.71,1.02,4,ʌ,ɵ,0,4,0.93,1.02,90.0,r,χ,0,0,0,final,1,вӑрӑ,3,r,0,40.0,вӑр,bare,вӑрӑ,130.0
utterance_003964,chuvash_voice,хушшинче,6,8,3.59,4.09,7,i,i,0,4,3.87,3.92,50.0,ʃ,n,0,0,0,medial,1,хушшинче,3,ʃ,1,120.0,хуш,geminate,хушӑ,170.0
utterance_003968,chuvash_voice,пусӑ,8,11,4.1,4.38,4,ʌ,ɵ,0,4,4.33,4.38,50.0,s,p,0,0,0,final,1,пусӑ,3,s,0,80.0,пус,bare,пусӑ,130.0
utterance_004000,chuvash_voice,хушшинче,7,12,3.19,3.75,7,i,i,0,4,3.44,3.51,70.0,ʃ,n,0,0,0,medial,1,хушшинче,3,ʃ,1,140.0,хуш,geminate,хушӑ,210.0
utterance_004006,chuvash_voice,хуллен,4,10,1.67,2.12,5,e,e,0,4,1.96,2.06,100.0,l,n,0,0,0,medial,1,хуллен,3,l,1,70.0,хул,geminate,хулӑ,170.0
utterance_004022,chuvash_voice,пуррине,8,15,3.16,3.66,6,i,i,0,4,3.41,3.47,60.0,r,n,0,0,0,medial,1,пуррине,3,r,1,90.0,пур,geminate,пурӑ,150.0
utterance_004032,chuvash_voice,сӑвӑ,3,6,1.38,1.61,4,ʌ,ɵ,0,4,1.58,1.61,30.0,v,,0,0,0,final,1,сӑвӑ,3,v,0,30.0,сӑв,bare,сӑвӑ,60.0
utterance_004036,chuvash_voice,сасси,2,11,0.99,1.35,4,i,i,0,4,1.28,1.35,70.0,s,m,0,0,0,final,1,сасси,3,s,1,130.0,сас,geminate,сасӑ,200.0
utterance_004036,chuvash_voice,сасси,8,11,3.41,3.86,4,i,i,0,4,3.75,3.86,110.0,s,,0,0,0,final,1,сасси,3,s,1,140.0,сас,geminate,сасӑ,250.0
utterance_004072,chuvash_voice,тырри,15,17,6.86,7.21,4,i,i,0,4,7.05,7.21,160.0,r,,0,0,0,final,1,тырри,3,r,1,100.0,тыр,geminate,тырӑ,260.0
utterance_004083,chuvash_voice,тырӑ,3,11,1.46,1.7,4,ʌ,ɵ,0,4,1.67,1.7,30.0,r,i,0,1,0,final,1,тырӑ,3,r,0,50.0,тыр,bare,тырӑ,80.0
utterance_004087,chuvash_voice,сиввӗнрех,8,10,2.72,3.38,8,ɛ,ø,0,4,2.96,3.08,120.0,v,n,0,0,0,medial,1,сиввӗнрех,3,v,1,30.0,сив,geminate,сивӗ,150.0
utterance_004091,chuvash_voice,пусӑ,4,6,1.9,2.26,4,ʌ,ɵ,0,4,2.22,2.26,40.0,s,ʃ,0,0,0,final,1,пусӑ,3,s,0,90.0,пус,bare,пусӑ,130.0
utterance_004093,chuvash_voice,кулленхи,4,13,2.17,2.55,7,e,e,0,4,2.33,2.41,80.0,l,n,0,0,0,medial,1,кулленхи,3,l,1,40.0,кул,geminate,кулӑ,120.0
utterance_004108,chuvash_voice,тырӑ,2,12,0.75,1.03,4,ʌ,ɵ,0,4,0.96,1.03,70.0,r,t,0,0,0,final,1,тырӑ,3,r,0,70.0,тыр,bare,тырӑ,140.0
utterance_004130,chuvash_voice,хушшинче,3,7,1.28,1.76,7,i,i,0,4,1.53,1.57,40.0,ʃ,n,0,0,0,medial,1,хушшинче,3,ʃ,1,100.0,хуш,geminate,хушӑ,140.0
utterance_004131,chuvash_voice,хушшинчи,3,6,1.21,1.57,7,i,i,0,4,1.3,1.34,40.0,ʃ,n,0,0,0,medial,1,хушшинчи,3,ʃ,1,30.0,хуш,geminate,хушӑ,70.0
utterance_004134,chuvash_voice,сассӑр,8,9,3.68,4.14,5,ʌ,ɵ,0,4,4.02,4.07,50.0,s,r,0,0,0,medial,1,сассӑр,3,s,1,150.0,сас,geminate,сасӑ,200.0
utterance_004146,chuvash_voice,пуррине,5,5,1.73,2.21,6,i,i,0,4,1.92,2.0,80.0,r,n,0,0,0,medial,1,пуррине,3,r,1,80.0,пур,geminate,пурӑ,160.0
utterance_004149,chuvash_voice,ташӑ,1,26,0.33,0.66,4,ʌ,ɵ,0,4,0.59,0.66,70.0,ʃ,k,0,0,0,final,1,ташӑ,3,ʃ,0,90.0,таш,bare,ташӑ,160.0
utterance_004149,chuvash_voice,кӗвви,2,26,0.66,0.96,4,i,i,0,4,0.82,0.96,140.0,v,,0,0,0,final,1,кӗвви,3,v,1,30.0,кӗв,geminate,кӗвӗ,170.0
utterance_004176,chuvash_voice,турӑ,10,14,4.95,5.19,4,ʌ,ɵ,0,4,5.11,5.19,80.0,r,p,0,0,0,final,1,турӑ,3,r,0,40.0,тур,bare,турӑ,120.0
utterance_004205,chuvash_voice,пӗҫҫе,2,10,0.91,1.23,4,e,e,0,4,1.16,1.23,70.0,ɕ,ɕ,0,0,0,final,1,пӗҫҫе,3,ɕ,1,150.0,пӗҫ,geminate,пӗҫӗ,220.0
utterance_004210,chuvash_voice,хуллен,3,10,1.56,1.96,5,e,e,0,4,1.81,1.91,100.0,l,n,0,0,0,medial,1,хуллен,3,l,1,50.0,хул,geminate,хулӑ,150.0
utterance_004216,chuvash_voice,ташшине,5,6,5.36,5.61,6,i,i,0,4,5.52,5.55,30.0,ʃ,n,0,0,0,medial,1,ташшине,3,ʃ,1,30.0,таш,geminate,ташӑ,60.0
utterance_004230,chuvash_voice,хушшинче,12,16,6.07,6.53,7,i,i,0,4,6.3,6.36,60.0,ʃ,n,0,0,0,medial,1,хушшинче,3,ʃ,1,100.0,хуш,geminate,хушӑ,160.0
utterance_004238,chuvash_voice,ҫутӑ,6,9,2.3,2.55,4,ʌ,ɵ,0,4,2.51,2.55,40.0,t,v,0,0,0,final,1,ҫутӑ,3,t,0,60.0,ҫут,bare,ҫутӑ,100.0
utterance_004239,chuvash_voice,пеккисене,7,7,2.61,3.18,8,i,i,0,4,2.82,2.89,70.0,k,s,0,0,0,medial,1,пеккисене,3,k,1,110.0,пек,geminate,пекӗ,180.0
utterance_004260,chuvash_voice,тӗссем,1,4,0.0,0.41,5,e,e,0,4,0.29,0.33,40.0,s,m,0,0,0,medial,1,тӗссем,3,s,1,200.0,тӗс,geminate,тӗсӗ,240.0
utterance_004260,chuvash_voice,ҫутӑ,3,4,1.05,1.4,4,ʌ,ɵ,0,4,1.37,1.4,30.0,t,,0,0,0,final,1,ҫутӑ,3,t,0,60.0,ҫут,bare,ҫутӑ,90.0
utterance_004263,chuvash_voice,сасси,3,6,1.03,1.38,4,i,i,0,4,1.31,1.38,70.0,s,i,0,1,0,final,1,сасси,3,s,1,140.0,сас,geminate,сасӑ,210.0
utterance_004275,chuvash_voice,сасси,5,7,2.7,3.07,4,i,i,0,4,3.02,3.07,50.0,s,i,0,1,0,final,1,сасси,3,s,1,140.0,сас,geminate,сасӑ,190.0
utterance_004276,chuvash_voice,тӗррӳ,6,14,1.86,2.13,4,y,y,0,4,2.09,2.13,40.0,r,u,0,1,0,final,1,тӗррӳ,3,r,1,120.0,тӗр,geminate,тӗрӗ,160.0
utterance_004277,chuvash_voice,хушшӑ,7,11,2.7,2.98,4,ʌ,ɵ,0,4,2.91,2.98,70.0,ʃ,,0,0,0,final,1,хушшӑ,3,ʃ,1,130.0,хуш,geminate,хушӑ,200.0
utterance_004295,chuvash_voice,ҫутӑ,5,6,2.78,3.15,4,ʌ,ɵ,0,4,3.12,3.15,30.0,t,,0,0,0,final,1,ҫутӑ,3,t,0,60.0,ҫут,bare,ҫутӑ,90.0
utterance_004307,chuvash_voice,ватӑ,6,19,2.53,2.82,4,ʌ,ɵ,0,4,2.75,2.82,70.0,t,ʃ,0,0,0,final,1,ватӑ,3,t,0,70.0,ват,bare,ватӑ,140.0
utterance_004362,chuvash_voice,пуррине,2,9,0.97,1.37,6,i,i,0,4,1.14,1.22,80.0,r,n,0,0,0,medial,1,пуррине,3,r,1,60.0,пур,geminate,пурӑ,140.0
utterance_004383,chuvash_voice,турӑ,7,9,2.86,3.13,4,ʌ,ɵ,0,4,3.08,3.13,50.0,r,p,0,0,0,final,1,турӑ,3,r,0,50.0,тур,bare,турӑ,100.0
utterance_004415,chuvash_voice,хушшинчех,3,3,0.96,1.92,8,i,i,0,4,1.24,1.29,50.0,ʃ,n,0,0,0,medial,1,хушшинчех,3,ʃ,1,130.0,хуш,geminate,хушӑ,180.0
utterance_004419,chuvash_voice,ватӑ,10,30,3.72,3.98,4,ʌ,ɵ,0,4,3.93,3.98,50.0,t,,0,0,0,final,1,ватӑ,3,t,0,40.0,ват,bare,ватӑ,90.0
utterance_004445,chuvash_voice,хушшинче,2,6,1.06,1.54,7,i,i,0,4,1.27,1.34,70.0,ʃ,n,0,0,0,medial,1,хушшинче,3,ʃ,1,100.0,хуш,geminate,хушӑ,170.0
utterance_004453,chuvash_voice,хушшинче,3,9,1.5,1.99,7,i,i,0,4,1.79,1.83,40.0,ʃ,n,0,0,0,medial,1,хушшинче,3,ʃ,1,120.0,хуш,geminate,хушӑ,160.0
utterance_004456,chuvash_voice,туррисем,1,5,0.07,0.61,7,i,i,0,4,0.29,0.36,70.0,r,s,0,0,0,medial,1,туррисем,3,r,1,90.0,тур,geminate,турӑ,160.0
utterance_004479,chuvash_voice,сӑвӑ,4,7,1.33,1.65,4,ʌ,ɵ,0,4,1.59,1.65,60.0,v,ɕ,0,0,0,final,1,сӑвӑ,3,v,0,60.0,сӑв,bare,сӑвӑ,120.0
utterance_004485,chuvash_voice,тулли,8,20,2.96,3.29,4,i,i,0,4,3.23,3.29,60.0,l,p,0,0,0,final,1,тулли,3,l,1,70.0,тул,geminate,тулӑ,130.0
utterance_004495,chuvash_voice,ҫутӑ,1,4,0.24,0.66,4,ʌ,ɵ,0,4,0.56,0.66,100.0,t,t,0,0,0,final,1,ҫутӑ,3,t,0,60.0,ҫут,bare,ҫутӑ,160.0
utterance_004496,chuvash_voice,касса,1,7,0.35,0.76,4,ɑ,a,0,4,0.71,0.76,50.0,s,t,0,0,0,final,1,касса,3,s,1,140.0,кас,geminate,касӑ,190.0
utterance_004503,chuvash_voice,сивӗ,1,4,0.17,0.59,4,ɛ,ø,0,4,0.53,0.59,60.0,v,ɕ,0,0,0,final,1,сивӗ,3,v,0,80.0,сив,bare,сивӗ,140.0
utterance_004505,chuvash_voice,вуллисем,6,13,3.08,3.59,7,i,i,0,4,3.29,3.35,60.0,l,s,0,0,0,medial,1,вуллисем,3,l,1,80.0,вул,geminate,вулӑ,140.0
utterance_004530,chuvash_voice,хушӑ,2,25,0.53,0.91,4,ʌ,ɵ,0,4,0.83,0.91,80.0,ʃ,p,0,0,0,final,1,хушӑ,3,ʃ,0,110.0,хуш,bare,хушӑ,190.0
utterance_004530,chuvash_voice,сасси,11,25,5.15,5.6,4,i,i,0,4,5.51,5.6,90.0,s,p,0,0,0,final,1,сасси,3,s,1,140.0,сас,geminate,сасӑ,230.0
utterance_004530,chuvash_voice,сасӑ,23,25,11.28,11.63,4,ʌ,ɵ,0,4,11.59,11.63,40.0,s,,0,0,0,final,1,сасӑ,3,s,0,70.0,сас,bare,сасӑ,110.0
utterance_004531,chuvash_voice,хушшинче,3,11,1.6,2.06,7,i,i,0,4,1.86,1.89,30.0,ʃ,n,0,0,0,medial,1,хушшинче,3,ʃ,1,130.0,хуш,geminate,хушӑ,160.0
utterance_004539,chuvash_voice,тырӑ,5,14,2.13,2.47,4,ʌ,ɵ,0,4,2.39,2.47,80.0,r,,0,0,0,final,1,тырӑ,3,r,0,70.0,тыр,bare,тырӑ,150.0
utterance_004575,chuvash_voice,ҫутӑ,4,9,2.08,2.41,4,ʌ,ɵ,0,4,2.32,2.41,90.0,t,y,0,1,0,final,1,ҫутӑ,3,t,0,70.0,ҫут,bare,ҫутӑ,160.0
utterance_004576,chuvash_voice,ватӑ,15,17,8.5,8.81,4,ʌ,ɵ,0,4,8.78,8.81,30.0,t,v,0,0,0,final,1,ватӑ,3,t,0,90.0,ват,bare,ватӑ,120.0
utterance_004580,chuvash_voice,хуппи,11,31,5.78,6.35,4,i,i,0,4,6.1,6.35,250.0,p,,0,0,0,final,1,хуппи,3,p,1,120.0,хуп,geminate,хупӑ,370.0
utterance_004614,chuvash_voice,сивӗ,3,38,1.55,1.88,4,ɛ,ø,0,4,1.84,1.88,40.0,v,k,0,0,0,final,1,сивӗ,3,v,0,50.0,сив,bare,сивӗ,90.0
utterance_004618,chuvash_voice,кассине,17,23,8.29,8.79,6,i,i,0,4,8.55,8.62,70.0,s,n,0,0,0,medial,1,кассине,3,s,1,130.0,кас,geminate,касӑ,200.0
utterance_004622,chuvash_voice,тӗмӗ,16,21,8.59,8.87,4,ɛ,ø,0,4,8.8,8.87,70.0,m,ɕ,0,0,0,final,1,тӗмӗ,3,m,0,80.0,тӗм,bare,тӗмӗ,150.0
utterance_004629,chuvash_voice,касса,2,6,0.8,1.13,4,ɑ,a,0,4,1.07,1.13,60.0,s,t,0,0,0,final,1,касса,3,s,1,120.0,кас,geminate,касӑ,180.0
utterance_004636,chuvash_voice,хушшинче,7,15,2.54,2.96,7,i,i,0,4,2.78,2.82,40.0,ʃ,n,0,0,0,medial,1,хушшинче,3,ʃ,1,130.0,хуш,geminate,хушӑ,170.0
utterance_004643,chuvash_voice,хушшинче,2,8,0.8,1.33,7,i,i,0,4,1.07,1.12,50.0,ʃ,n,0,0,0,medial,1,хушшинче,3,ʃ,1,120.0,хуш,geminate,хушӑ,170.0
utterance_004650,chuvash_voice,пекки,6,11,1.82,2.22,4,i,i,0,4,2.08,2.22,140.0,k,,0,0,0,final,1,пекки,3,k,1,140.0,пек,geminate,пекӗ,280.0
utterance_004658,chuvash_voice,сасӑ,5,5,2.05,2.55,4,ʌ,ɵ,0,4,2.33,2.55,220.0,s,,0,0,0,final,1,сасӑ,3,s,0,80.0,сас,bare,сасӑ,300.0
utterance_004671,chuvash_voice,кулленех,3,15,1.69,2.35,7,e,e,0,4,1.88,1.97,90.0,l,n,0,0,0,medial,1,кулленех,3,l,1,50.0,кул,geminate,кулӑ,140.0
utterance_004685,chuvash_voice,касса,10,12,4.88,5.24,4,ɑ,a,0,4,5.14,5.24,100.0,s,χ,0,0,0,final,1,касса,3,s,1,140.0,кас,geminate,касӑ,240.0
utterance_004692,chuvash_voice,хуллен,3,6,0.95,1.45,5,e,e,0,4,1.22,1.33,110.0,l,n,0,0,0,medial,1,хуллен,3,l,1,100.0,хул,geminate,хулӑ,210.0
utterance_004697,chuvash_voice,хушши,3,9,0.99,1.37,4,i,i,0,4,1.32,1.37,50.0,ʃ,,0,0,0,final,1,хушши,3,ʃ,1,160.0,хуш,geminate,хушӑ,210.0
utterance_004714,chuvash_voice,ҫурри,32,35,17.61,18.03,4,i,i,0,4,17.95,18.03,80.0,r,,0,0,0,final,1,ҫурри,3,r,1,100.0,ҫур,geminate,ҫурӑ,180.0
utterance_004716,chuvash_voice,сассине,2,9,0.64,1.11,6,i,i,0,4,0.92,0.98,60.0,s,n,0,0,0,medial,1,сассине,3,s,1,100.0,сас,geminate,сасӑ,160.0
utterance_004722,chuvash_voice,хуллен,5,6,2.1,2.51,5,e,e,0,4,2.36,2.44,80.0,l,n,0,0,0,medial,1,хуллен,3,l,1,90.0,хул,geminate,хулӑ,170.0
utterance_004724,chuvash_voice,таппинчен,2,9,0.86,1.44,8,i,i,0,4,1.11,1.17,60.0,p,n,0,0,0,medial,1,таппинчен,3,p,1,60.0,тап,geminate,тапӑ,120.0
utterance_004758,chuvash_voice,сасси,2,6,0.54,0.92,4,i,i,0,4,0.83,0.92,90.0,s,p,0,0,0,final,1,сасси,3,s,1,120.0,сас,geminate,сасӑ,210.0
utterance_004758,chuvash_voice,сассине,4,6,1.51,1.98,6,i,i,0,4,1.81,1.87,60.0,s,n,0,0,0,medial,1,сассине,3,s,1,120.0,сас,geminate,сасӑ,180.0
utterance_004778,chuvash_voice,хушшинче,10,12,5.21,5.82,7,i,i,0,4,5.5,5.56,60.0,ʃ,n,0,0,0,medial,1,хушшинче,3,ʃ,1,110.0,хуш,geminate,хушӑ,170.0
utterance_004783,chuvash_voice,сасси,6,8,2.36,2.86,4,i,i,0,4,2.68,2.86,180.0,s,k,0,0,0,final,1,сасси,3,s,1,150.0,сас,geminate,сасӑ,330.0
utterance_004802,chuvash_voice,пусса,16,24,7.33,7.82,4,ɑ,a,0,4,7.61,7.82,210.0,s,,0,0,0,final,1,пусса,3,s,1,130.0,пус,geminate,пусӑ,340.0
utterance_004804,chuvash_voice,ватӑ,12,26,6.49,6.83,4,ʌ,ɵ,0,4,6.73,6.83,100.0,t,e,0,1,0,final,1,ватӑ,3,t,0,70.0,ват,bare,ватӑ,170.0
utterance_004813,chuvash_voice,нӑрӑ,4,38,1.33,1.59,4,ʌ,ɵ,0,4,1.51,1.59,80.0,r,p,0,0,0,final,1,нӑрӑ,3,r,0,40.0,нӑр,bare,нӑрӑ,120.0
utterance_004813,chuvash_voice,нӑрӑ,17,38,7.6,7.85,4,ʌ,ɵ,0,4,7.79,7.85,60.0,r,ɕ,0,0,0,final,1,нӑрӑ,3,r,0,50.0,нӑр,bare,нӑрӑ,110.0
utterance_004813,chuvash_voice,сулланипе,34,38,17.71,18.42,8,ɑ,a,0,4,17.96,18.08,120.0,l,n,0,0,0,medial,1,сулланипе,3,l,1,80.0,сул,geminate,сулӑ,200.0
utterance_004820,chuvash_voice,сивӗ,1,7,0.24,0.59,4,ɛ,ø,0,4,0.53,0.59,60.0,v,p,0,0,0,final,1,сивӗ,3,v,0,80.0,сив,bare,сивӗ,140.0
utterance_004822,chuvash_voice,сасси,19,20,10.67,11.05,4,i,i,0,4,10.98,11.05,70.0,s,i,0,1,0,final,1,сасси,3,s,1,140.0,сас,geminate,сасӑ,210.0
utterance_004828,chuvash_voice,хушшинче,12,16,5.3,5.82,7,i,i,0,4,5.56,5.6,40.0,ʃ,n,0,0,0,medial,1,хушшинче,3,ʃ,1,140.0,хуш,geminate,хушӑ,180.0
utterance_004834,chuvash_voice,сасси,5,6,2.01,2.39,4,i,i,0,4,2.34,2.39,50.0,s,i,0,1,0,final,1,сасси,3,s,1,150.0,сас,geminate,сасӑ,200.0
utterance_004838,chuvash_voice,турӑ,3,20,1.09,1.58,4,ʌ,ɵ,0,4,1.35,1.58,230.0,r,ɵ,0,1,0,final,1,турӑ,3,r,0,50.0,тур,bare,турӑ,280.0
utterance_004851,chuvash_voice,сассисем,2,10,0.81,1.58,7,i,i,0,4,1.11,1.18,70.0,s,s,0,0,0,medial,1,сассисем,3,s,1,140.0,сас,geminate,сасӑ,210.0
utterance_004855,chuvash_voice,пулӑ,14,16,5.13,5.36,4,ʌ,ɵ,0,4,5.31,5.36,50.0,l,j,0,0,0,final,1,пулӑ,3,l,0,50.0,пул,bare,пулӑ,100.0
utterance_004864,chuvash_voice,ҫутӑ,6,16,2.35,2.64,4,ʌ,ɵ,0,4,2.56,2.64,80.0,t,k,0,0,0,final,1,ҫутӑ,3,t,0,50.0,ҫут,bare,ҫутӑ,130.0
utterance_004866,chuvash_voice,ватӑ,1,27,0.42,0.65,4,ʌ,ɵ,0,4,0.6,0.65,50.0,t,χ,0,0,0,final,1,ватӑ,3,t,0,80.0,ват,bare,ватӑ,130.0
utterance_004876,chuvash_voice,ваттисене,1,8,0.34,0.99,8,i,i,0,4,0.56,0.61,50.0,t,s,0,0,0,medial,1,ваттисене,3,t,1,90.0,ват,geminate,ватӑ,140.0
utterance_004883,chuvash_voice,хушшинчех,21,24,10.59,11.24,8,i,i,0,4,10.87,10.92,50.0,ʃ,n,0,0,0,medial,1,хушшинчех,3,ʃ,1,120.0,хуш,geminate,хушӑ,170.0
utterance_004886,chuvash_voice,хушшине,4,6,1.9,2.36,6,i,i,0,4,2.18,2.22,40.0,ʃ,n,0,0,0,medial,1,хушшине,3,ʃ,1,130.0,хуш,geminate,хушӑ,170.0
utterance_004898,chuvash_voice,пуррине,17,19,7.83,8.3,6,i,i,0,4,8.05,8.11,60.0,r,n,0,0,0,medial,1,пуррине,3,r,1,80.0,пур,geminate,пурӑ,140.0
utterance_004900,chuvash_voice,ҫанӑ,15,20,6.9,7.33,4,ʌ,ɵ,0,4,7.23,7.33,100.0,n,χ,0,0,0,final,1,ҫанӑ,3,n,0,80.0,ҫан,bare,ҫанӑ,180.0
utterance_004900,chuvash_voice,хушшине,16,20,7.33,7.92,6,i,i,0,4,7.69,7.75,60.0,ʃ,n,0,0,0,medial,1,хушшине,3,ʃ,1,130.0,хуш,geminate,хушӑ,190.0
utterance_004936,chuvash_voice,пекки,3,11,0.83,1.17,4,i,i,0,4,1.08,1.17,90.0,k,t,0,0,0,final,1,пекки,3,k,1,120.0,пек,geminate,пекӗ,210.0
utterance_004937,chuvash_voice,касса,14,23,7.7,8.07,4,ɑ,a,0,4,7.98,8.07,90.0,s,a,0,1,0,final,1,касса,3,s,1,140.0,кас,geminate,касӑ,230.0
utterance_004962,chuvash_voice,касса,5,6,1.99,2.34,4,ɑ,a,0,4,2.26,2.34,80.0,s,k,0,0,0,final,1,касса,3,s,1,140.0,кас,geminate,касӑ,220.0
utterance_004966,chuvash_voice,сивӗ,5,8,1.99,2.39,4,ɛ,ø,0,4,2.31,2.39,80.0,v,m,0,0,0,final,1,сивӗ,3,v,0,70.0,сив,bare,сивӗ,150.0
utterance_004968,chuvash_voice,тулли,2,5,0.58,0.94,4,i,i,0,4,0.8,0.94,140.0,l,t,0,0,0,final,1,тулли,3,l,1,120.0,тул,geminate,тулӑ,260.0
utterance_004978,chuvash_voice,ҫурри,1,5,0.0,0.3,4,i,i,0,4,0.21,0.3,90.0,r,ʉ,0,1,0,final,1,ҫурри,3,r,1,80.0,ҫур,geminate,ҫурӑ,170.0
utterance_005018,chuvash_voice,тӗссемпе,5,25,2.51,3.16,7,e,e,0,4,2.91,2.99,80.0,s,m,0,0,0,medial,1,тӗссемпе,3,s,1,150.0,тӗс,geminate,тӗсӗ,230.0
utterance_005040,chuvash_voice,йытти,3,3,1.3,1.69,4,i,i,0,4,1.55,1.69,140.0,t,,0,0,0,final,1,йытти,3,t,1,140.0,йыт,geminate,йытӑ,280.0
utterance_005043,chuvash_voice,хушши,3,36,1.1,1.42,4,i,i,0,4,1.38,1.42,40.0,ʃ,j,0,0,0,final,1,хушши,3,ʃ,1,140.0,хуш,geminate,хушӑ,180.0
utterance_005043,chuvash_voice,тӗсӗ,35,36,19.51,19.8,4,ɛ,ø,0,4,19.75,19.8,50.0,s,p,0,0,0,final,1,тӗсӗ,3,s,0,90.0,тӗс,bare,тӗсӗ,140.0
utterance_005050,chuvash_voice,йытӑ,3,5,1.34,1.65,4,ʌ,ɵ,0,4,1.59,1.65,60.0,t,p,0,0,0,final,1,йытӑ,3,t,0,60.0,йыт,bare,йытӑ,120.0
utterance_005078,chuvash_voice,пусса,1,4,0.0,0.43,4,ɑ,a,0,4,0.33,0.43,100.0,s,t,0,0,0,final,1,пусса,3,s,1,130.0,пус,geminate,пусӑ,230.0
utterance_005090,chuvash_voice,хуллен,2,4,0.68,1.08,5,e,e,0,4,0.96,1.04,80.0,l,n,0,0,0,medial,1,хуллен,3,l,1,110.0,хул,geminate,хулӑ,190.0
utterance_005101,chuvash_voice,сивӗ,10,14,4.36,4.72,4,ɛ,ø,0,4,4.65,4.72,70.0,v,χ,0,0,0,final,1,сивӗ,3,v,0,70.0,сив,bare,сивӗ,140.0
utterance_005129,chuvash_voice,тӗссӗрленме,10,16,4.1,4.77,10,ɛ,ø,0,4,4.35,4.39,40.0,s,r,0,0,0,medial,1,тӗссӗрленме,3,s,1,130.0,тӗс,geminate,тӗсӗ,170.0
utterance_005154,chuvash_voice,сассине,11,12,5.38,5.86,6,i,i,0,4,5.67,5.72,50.0,s,n,0,0,0,medial,1,сассине,3,s,1,120.0,сас,geminate,сасӑ,170.0
utterance_005155,chuvash_voice,сулланса,8,12,2.68,3.23,7,ɑ,a,0,4,2.96,3.05,90.0,l,n,0,0,0,medial,1,сулланса,3,l,1,90.0,сул,geminate,сулӑ,180.0
utterance_005160,chuvash_voice,хуллен,3,4,1.05,1.47,5,e,e,0,4,1.32,1.41,90.0,l,n,0,0,0,medial,1,хуллен,3,l,1,100.0,хул,geminate,хулӑ,190.0
utterance_005173,chuvash_voice,пушшех,4,9,1.31,1.76,5,e,e,0,4,1.59,1.7,110.0,ʃ,χ,0,0,0,medial,1,пушшех,3,ʃ,1,140.0,пуш,geminate,пушӑ,250.0
utterance_005188,chuvash_voice,хуллен,8,18,3.7,4.04,5,e,e,0,4,3.89,4.01,120.0,l,n,0,0,0,medial,1,хуллен,3,l,1,70.0,хул,geminate,хулӑ,190.0
utterance_005189,chuvash_voice,тулли,2,11,1.31,1.64,4,i,i,0,4,1.55,1.64,90.0,l,t,0,0,0,final,1,тулли,3,l,1,130.0,тул,geminate,тулӑ,220.0
utterance_005203,chuvash_voice,хуллен,3,17,1.29,1.75,5,e,e,0,4,1.55,1.67,120.0,l,n,0,0,0,medial,1,хуллен,3,l,1,70.0,хул,geminate,хулӑ,190.0
utterance_005211,chuvash_voice,кулленех,20,24,13.39,13.8,7,e,e,0,4,13.54,13.62,80.0,l,n,0,0,0,medial,1,кулленех,3,l,1,30.0,кул,geminate,кулӑ,110.0
utterance_005236,chuvash_voice,сассипе,5,14,1.93,2.44,6,i,i,0,4,2.21,2.27,60.0,s,p,0,0,0,medial,1,сассипе,3,s,1,120.0,сас,geminate,сасӑ,180.0
utterance_005242,chuvash_voice,пушӑ,25,27,11.39,11.72,4,ʌ,ɵ,0,4,11.61,11.72,110.0,ʃ,t,0,0,0,final,1,пушӑ,3,ʃ,0,70.0,пуш,bare,пушӑ,180.0
utterance_005243,chuvash_voice,сасси,9,12,3.28,3.63,4,i,i,0,4,3.56,3.63,70.0,s,χ,0,0,0,final,1,сасси,3,s,1,130.0,сас,geminate,сасӑ,200.0
utterance_005246,chuvash_voice,ҫутӑ,3,10,1.19,1.52,4,ʌ,ɵ,0,4,1.47,1.52,50.0,t,χ,0,0,0,final,1,ҫутӑ,3,t,0,50.0,ҫут,bare,ҫутӑ,100.0
utterance_005257,chuvash_voice,ҫыхха,10,12,4.53,4.83,4,ɑ,a,0,4,4.8,4.83,30.0,χ,,0,0,0,final,1,ҫыхха,3,χ,1,30.0,ҫых,geminate,ҫыхӑ,60.0
utterance_005265,chuvash_voice,пуррине,11,14,3.25,3.57,6,i,i,0,4,3.4,3.43,30.0,r,n,0,0,0,medial,1,пуррине,3,r,1,70.0,пур,geminate,пурӑ,100.0
utterance_005272,chuvash_voice,пӑтӑ,12,17,4.95,5.23,4,ʌ,ɵ,0,4,5.19,5.23,40.0,t,a,0,1,0,final,1,пӑтӑ,3,t,0,50.0,пӑт,bare,пӑтӑ,90.0
utterance_005293,chuvash_voice,хушшинче,12,31,5.51,6.05,7,i,i,0,4,5.74,5.8,60.0,ʃ,n,0,0,0,medial,1,хушшинче,3,ʃ,1,120.0,хуш,geminate,хушӑ,180.0
utterance_005330,chuvash_voice,пуххине,23,24,10.22,10.62,6,i,i,0,4,10.45,10.5,50.0,χ,n,0,0,0,medial,1,пуххине,3,χ,1,100.0,пух,geminate,пухӑ,150.0
utterance_005375,chuvash_voice,пушшех,5,19,1.89,2.29,5,e,e,0,4,2.17,2.24,70.0,ʃ,χ,0,0,0,medial,1,пушшех,3,ʃ,1,150.0,пуш,geminate,пушӑ,220.0
utterance_005378,chuvash_voice,касса,1,6,0.28,0.63,4,ɑ,a,0,4,0.55,0.63,80.0,s,p,0,0,0,final,1,касса,3,s,1,120.0,кас,geminate,касӑ,200.0
utterance_005386,chuvash_voice,сасси,2,12,0.99,1.34,4,i,i,0,4,1.27,1.34,70.0,s,p,0,0,0,final,1,сасси,3,s,1,130.0,сас,geminate,сасӑ,200.0
utterance_005389,chuvash_voice,тӗммисен,8,24,3.02,3.58,7,i,i,0,4,3.24,3.34,100.0,m,s,0,0,0,medial,1,тӗммисен,3,m,1,30.0,тӗм,geminate,тӗмӗ,130.0
utterance_005389,chuvash_voice,сивӗ,10,24,4.5,4.91,4,ɛ,ø,0,4,4.85,4.91,60.0,v,t,0,0,0,final,1,сивӗ,3,v,0,60.0,сив,bare,сивӗ,120.0
utterance_005396,chuvash_voice,тырра,2,9,0.59,0.9,4,ɑ,a,0,4,0.78,0.9,120.0,r,ʃ,0,0,0,final,1,тырра,3,r,1,30.0,тыр,geminate,тырӑ,150.0
utterance_005402,chuvash_voice,пусса,18,24,8.61,9.11,4,ɑ,a,0,4,8.93,9.11,180.0,s,,0,0,0,final,1,пусса,3,s,1,150.0,пус,geminate,пусӑ,330.0
utterance_005414,chuvash_voice,хушши,16,23,6.49,6.86,4,i,i,0,4,6.77,6.86,90.0,ʃ,t,0,0,0,final,1,хушши,3,ʃ,1,150.0,хуш,geminate,хушӑ,240.0
utterance_005428,chuvash_voice,тырра,8,33,4.32,4.66,4,ɑ,a,0,4,4.56,4.66,100.0,r,ɕ,0,0,0,final,1,тырра,3,r,1,110.0,тыр,geminate,тырӑ,210.0
utterance_005428,chuvash_voice,тулӑ,22,33,11.33,11.67,4,ʌ,ɵ,0,4,11.59,11.67,80.0,l,s,0,0,0,final,1,тулӑ,3,l,0,150.0,тул,bare,тулӑ,230.0
utterance_005432,chuvash_voice,куллен,1,9,0.07,0.55,5,e,e,0,4,0.35,0.42,70.0,l,n,0,0,0,medial,1,куллен,3,l,1,110.0,кул,geminate,кулӑ,180.0
utterance_005432,chuvash_voice,сассине,4,9,1.85,2.43,6,i,i,0,4,2.16,2.21,50.0,s,n,0,0,0,medial,1,сассине,3,s,1,170.0,сас,geminate,сасӑ,220.0
utterance_005442,chuvash_voice,хушшине,2,3,0.74,1.24,6,i,i,0,4,1.02,1.06,40.0,ʃ,n,0,0,0,medial,1,хушшине,3,ʃ,1,120.0,хуш,geminate,хушӑ,160.0
utterance_005460,chuvash_voice,хушши,8,33,4.17,4.55,4,i,i,0,4,4.46,4.55,90.0,ʃ,p,0,0,0,final,1,хушши,3,ʃ,1,120.0,хуш,geminate,хушӑ,210.0
utterance_005475,chuvash_voice,сассипе,4,7,2.0,2.53,6,i,i,0,4,2.33,2.38,50.0,s,p,0,0,0,medial,1,сассипе,3,s,1,150.0,сас,geminate,сасӑ,200.0
utterance_005476,chuvash_voice,хушши,15,20,7.79,8.31,4,i,i,0,4,8.14,8.31,170.0,ʃ,,0,0,0,final,1,хушши,3,ʃ,1,150.0,хуш,geminate,хушӑ,320.0
utterance_005483,chuvash_voice,тырра,5,8,2.46,2.71,4,ɑ,a,0,4,2.62,2.71,90.0,r,p,0,0,0,final,1,тырра,3,r,1,40.0,тыр,geminate,тырӑ,130.0
utterance_005505,chuvash_voice,пушшех,4,6,1.74,2.24,5,e,e,0,4,2.06,2.13,70.0,ʃ,χ,0,0,0,medial,1,пушшех,3,ʃ,1,140.0,пуш,geminate,пушӑ,210.0
utterance_005509,chuvash_voice,ватӑ,3,10,1.06,1.38,4,ʌ,ɵ,0,4,1.3,1.38,80.0,t,ɕ,0,0,0,final,1,ватӑ,3,t,0,60.0,ват,bare,ватӑ,140.0
utterance_005513,chuvash_voice,тырра,21,28,11.43,11.77,4,ɑ,a,0,4,11.62,11.77,150.0,r,t,0,0,0,final,1,тырра,3,r,1,50.0,тыр,geminate,тырӑ,200.0
utterance_005514,chuvash_voice,сасса,3,4,1.15,1.56,4,ɑ,a,0,4,1.44,1.56,120.0,s,i,0,1,0,final,1,сасса,3,s,1,140.0,сас,geminate,сасӑ,260.0
utterance_005538,chuvash_voice,йытӑ,3,11,0.89,1.18,4,ʌ,ɵ,0,4,1.12,1.18,60.0,t,p,0,0,0,final,1,йытӑ,3,t,0,70.0,йыт,bare,йытӑ,130.0
utterance_005556,chuvash_voice,хушшинче,10,21,3.59,4.1,7,i,i,0,4,3.87,3.92,50.0,ʃ,n,0,0,0,medial,1,хушшинче,3,ʃ,1,130.0,хуш,geminate,хушӑ,180.0
utterance_005558,chuvash_voice,кӗввипе,9,15,4.58,4.99,6,i,i,0,4,4.75,4.84,90.0,v,p,0,0,0,medial,1,кӗввипе,3,v,1,30.0,кӗв,geminate,кӗвӗ,120.0
utterance_005572,chuvash_voice,пушшех,3,3,1.04,1.92,5,e,e,0,4,1.31,1.48,170.0,ʃ,χ,0,0,0,medial,1,пушшех,3,ʃ,1,140.0,пуш,geminate,пушӑ,310.0
utterance_005602,chuvash_voice,хуллен,4,5,1.88,2.37,5,e,e,0,4,2.17,2.28,110.0,l,n,0,0,0,medial,1,хуллен,3,l,1,70.0,хул,geminate,хулӑ,180.0
utterance_005603,chuvash_voice,хушши,20,23,9.92,10.31,4,i,i,0,4,10.25,10.31,60.0,ʃ,ɕ,0,0,0,final,1,хушши,3,ʃ,1,160.0,хуш,geminate,хушӑ,220.0
utterance_005611,chuvash_voice,каррине,7,9,2.5,2.91,6,i,i,0,4,2.73,2.8,70.0,r,n,0,0,0,medial,1,каррине,3,r,1,70.0,кар,geminate,карӑ,140.0
utterance_005625,chuvash_voice,пушӑ,4,11,1.69,2.11,4,ʌ,ɵ,0,4,2.06,2.11,50.0,ʃ,j,0,0,0,final,1,пушӑ,3,ʃ,0,60.0,пуш,bare,пушӑ,110.0
utterance_005627,chuvash_voice,пусса,7,14,3.28,3.6,4,ɑ,a,0,4,3.52,3.6,80.0,s,i,0,1,0,final,1,пусса,3,s,1,140.0,пус,geminate,пусӑ,220.0
utterance_005647,chuvash_voice,ваттисем,1,9,0.41,0.97,7,i,i,0,4,0.64,0.7,60.0,t,s,0,0,0,medial,1,ваттисем,3,t,1,100.0,ват,geminate,ватӑ,160.0
utterance_005649,chuvash_voice,пусӑ,9,24,5.86,6.38,4,ʌ,ɵ,0,4,6.17,6.38,210.0,s,,0,0,0,final,1,пусӑ,3,s,0,100.0,пус,bare,пусӑ,310.0
utterance_005649,chuvash_voice,ватӑ,21,24,14.13,14.41,4,ʌ,ɵ,0,4,14.37,14.41,40.0,t,j,0,0,0,final,1,ватӑ,3,t,0,50.0,ват,bare,ватӑ,90.0
utterance_005660,chuvash_voice,пеккине,5,13,2.03,2.47,6,i,i,0,4,2.25,2.31,60.0,k,n,0,0,0,medial,1,пеккине,3,k,1,100.0,пек,geminate,пекӗ,160.0
utterance_005683,chuvash_voice,пеккине,11,16,5.41,5.87,6,i,i,0,4,5.63,5.69,60.0,k,n,0,0,0,medial,1,пеккине,3,k,1,90.0,пек,geminate,пекӗ,150.0
utterance_005688,chuvash_voice,сулласа,6,10,2.76,3.32,6,ɑ,a,0,4,3.03,3.13,100.0,l,s,0,0,0,medial,1,сулласа,3,l,1,110.0,сул,geminate,сулӑ,210.0
utterance_005688,chuvash_voice,хуллен,7,10,3.32,3.75,5,e,e,0,4,3.58,3.68,100.0,l,n,0,0,0,medial,1,хуллен,3,l,1,80.0,хул,geminate,хулӑ,180.0
utterance_005691,chuvash_voice,пуррине,23,28,12.26,12.68,6,i,i,0,4,12.45,12.52,70.0,r,n,0,0,0,medial,1,пуррине,3,r,1,60.0,пур,geminate,пурӑ,130.0
utterance_005692,chuvash_voice,туллашса,5,12,1.97,2.62,7,ɑ,a,0,4,2.2,2.29,90.0,l,ʃ,0,0,0,medial,1,туллашса,3,l,1,130.0,тул,geminate,тулӑ,220.0
utterance_005699,chuvash_voice,хуллен,1,3,0.36,0.9,5,e,e,0,4,0.64,0.8,160.0,l,n,0,0,0,medial,1,хуллен,3,l,1,50.0,хул,geminate,хулӑ,210.0
utterance_005727,chuvash_voice,йытта,8,9,3.12,3.51,4,ɑ,a,0,4,3.4,3.51,110.0,t,χ,0,0,0,final,1,йытта,3,t,1,130.0,йыт,geminate,йытӑ,240.0
utterance_005732,chuvash_voice,тырӑ,6,7,2.14,2.38,4,ʌ,ɵ,0,4,2.35,2.38,30.0,r,i,0,1,0,final,1,тырӑ,3,r,0,40.0,тыр,bare,тырӑ,70.0
utterance_005737,chuvash_voice,хушшинчен,7,12,3.4,4.05,8,i,i,0,4,3.63,3.7,70.0,ʃ,n,0,0,0,medial,1,хушшинчен,3,ʃ,1,120.0,хуш,geminate,хушӑ,190.0
utterance_005757,chuvash_voice,йыттине,2,20,0.98,1.39,6,i,i,0,4,1.22,1.27,50.0,t,n,0,0,0,medial,1,йыттине,3,t,1,120.0,йыт,geminate,йытӑ,170.0
utterance_005757,chuvash_voice,сивӗ,6,20,2.69,2.97,4,ɛ,ø,0,4,2.92,2.97,50.0,v,t,0,0,0,final,1,сивӗ,3,v,0,50.0,сив,bare,сивӗ,100.0
utterance_005757,chuvash_voice,пусса,11,20,4.28,4.82,4,ɑ,a,0,4,4.6,4.82,220.0,s,,0,0,0,final,1,пусса,3,s,1,160.0,пус,geminate,пусӑ,380.0
utterance_005770,chuvash_voice,тулли,4,9,1.36,1.84,4,i,i,0,4,1.76,1.84,80.0,l,v,0,0,0,final,1,тулли,3,l,1,150.0,тул,geminate,тулӑ,230.0
utterance_005776,chuvash_voice,сивӗ,5,12,1.72,2.26,4,ɛ,ø,0,4,2.0,2.26,260.0,v,,0,0,0,final,1,сивӗ,3,v,0,70.0,сив,bare,сивӗ,330.0
utterance_005815,chuvash_voice,сивӗ,2,7,1.23,1.69,4,ɛ,ø,0,4,1.6,1.69,90.0,v,ɕ,0,0,0,final,1,сивӗ,3,v,0,60.0,сив,bare,сивӗ,150.0
utterance_005821,chuvash_voice,хуллен,11,15,4.59,5.03,5,e,e,0,4,4.85,4.99,140.0,l,n,0,0,0,medial,1,хуллен,3,l,1,80.0,хул,geminate,хулӑ,220.0
utterance_005825,chuvash_voice,ваттисем,5,5,2.14,2.82,7,i,i,0,4,2.41,2.46,50.0,t,s,0,0,0,medial,1,ваттисем,3,t,1,80.0,ват,geminate,ватӑ,130.0
utterance_005857,chuvash_voice,сассине,1,6,0.29,0.83,6,i,i,0,4,0.64,0.69,50.0,s,n,0,0,0,medial,1,сассине,3,s,1,120.0,сас,geminate,сасӑ,170.0
utterance_005861,chuvash_voice,вӑрӑ,10,13,6.89,7.12,4,ʌ,ɵ,0,4,7.06,7.12,60.0,r,χ,0,0,0,final,1,вӑрӑ,3,r,0,40.0,вӑр,bare,вӑрӑ,100.0
utterance_005863,chuvash_voice,пушшех,5,7,1.77,2.2,5,e,e,0,4,2.02,2.07,50.0,ʃ,χ,0,0,0,medial,1,пушшех,3,ʃ,1,120.0,пуш,geminate,пушӑ,170.0
utterance_005865,chuvash_voice,ҫыххи,2,8,0.59,0.99,4,i,i,0,4,0.91,0.99,80.0,χ,p,0,0,0,final,1,ҫыххи,3,χ,1,120.0,ҫых,geminate,ҫыхӑ,200.0
utterance_005871,chuvash_voice,ватӑ,6,11,3.0,3.28,4,ʌ,ɵ,0,4,3.24,3.28,40.0,t,j,0,0,0,final,1,ватӑ,3,t,0,50.0,ват,bare,ватӑ,90.0
utterance_005879,chuvash_voice,каррине,6,8,2.32,2.74,6,i,i,0,4,2.55,2.59,40.0,r,n,0,0,0,medial,1,каррине,3,r,1,80.0,кар,geminate,карӑ,120.0
utterance_005918,chuvash_voice,сасӑ,7,7,2.87,3.27,4,ʌ,ɵ,0,4,3.16,3.27,110.0,s,,0,0,0,final,1,сасӑ,3,s,0,60.0,сас,bare,сасӑ,170.0
utterance_005930,chuvash_voice,сулланса,4,14,1.52,2.0,7,ɑ,a,0,4,1.75,1.85,100.0,l,n,0,0,0,medial,1,сулланса,3,l,1,100.0,сул,geminate,сулӑ,200.0
utterance_005938,chuvash_voice,хушшине,3,10,1.25,1.73,6,i,i,0,4,1.52,1.56,40.0,ʃ,n,0,0,0,medial,1,хушшине,3,ʃ,1,110.0,хуш,geminate,хушӑ,150.0
utterance_005941,chuvash_voice,пеккисем,4,9,1.06,1.62,7,i,i,0,4,1.29,1.35,60.0,k,s,0,0,0,medial,1,пеккисем,3,k,1,120.0,пек,geminate,пекӗ,180.0
utterance_005954,chuvash_voice,пуррине,6,6,1.95,2.52,6,i,i,0,4,2.19,2.28,90.0,r,n,0,0,0,medial,1,пуррине,3,r,1,80.0,пур,geminate,пурӑ,170.0
utterance_005965,chuvash_voice,йытӑ,5,17,2.94,3.19,4,ʌ,ɵ,0,4,3.14,3.19,50.0,t,u,0,1,0,final,1,йытӑ,3,t,0,80.0,йыт,bare,йытӑ,130.0
utterance_005965,chuvash_voice,хуллен,13,17,7.82,8.2,5,e,e,0,4,8.04,8.14,100.0,l,n,0,0,0,medial,1,хуллен,3,l,1,100.0,хул,geminate,хулӑ,200.0
utterance_005965,chuvash_voice,йытӑ,15,17,8.48,8.77,4,ʌ,ɵ,0,4,8.72,8.77,50.0,t,u,0,1,0,final,1,йытӑ,3,t,0,50.0,йыт,bare,йытӑ,100.0
utterance_005976,chuvash_voice,сасси,4,5,2.02,2.37,4,i,i,0,4,2.31,2.37,60.0,s,i,0,1,0,final,1,сасси,3,s,1,120.0,сас,geminate,сасӑ,180.0
utterance_005978,chuvash_voice,сивӗ,25,31,13.03,13.45,4,ɛ,ø,0,4,13.35,13.45,100.0,v,k,0,0,0,final,1,сивӗ,3,v,0,70.0,сив,bare,сивӗ,170.0
utterance_005989,chuvash_voice,хуллен,14,17,5.9,6.31,5,e,e,0,4,6.16,6.27,110.0,l,n,0,0,0,medial,1,хуллен,3,l,1,60.0,хул,geminate,хулӑ,170.0
utterance_006004,chuvash_voice,пусӑ,7,13,3.16,3.44,4,ʌ,ɵ,0,4,3.4,3.44,40.0,s,v,0,0,0,final,1,пусӑ,3,s,0,60.0,пус,bare,пусӑ,100.0
utterance_006007,chuvash_voice,ҫуттинче,2,16,0.73,1.37,7,i,i,0,4,1.04,1.1,60.0,t,n,0,0,0,medial,1,ҫуттинче,3,t,1,80.0,ҫут,geminate,ҫутӑ,140.0
utterance_006009,chuvash_voice,ватӑ,1,16,0.43,0.65,4,ʌ,ɵ,0,4,0.58,0.65,70.0,t,χ,0,0,0,final,1,ватӑ,3,t,0,60.0,ват,bare,ватӑ,130.0
utterance_006009,chuvash_voice,тӗссӗрленеҫҫӗ,15,16,6.61,7.4,11,ɛ,ø,0,4,6.86,6.89,30.0,s,r,0,0,0,medial,1,тӗссӗрленеҫҫӗ,3,s,1,120.0,тӗс,geminate,тӗсӗ,150.0
utterance_006009,chuvash_voice,тӗссӗрленеҫҫӗ,15,16,6.61,7.4,11,ɛ,ø,0,11,7.34,7.4,60.0,ɕ,t,0,0,0,final,1,тӗссӗрленеҫҫӗ,10,ɕ,1,150.0,тӗс,geminate,тӗсӗ,210.0
utterance_006013,chuvash_voice,ҫутӑ,2,6,0.89,1.27,4,ʌ,ɵ,0,4,1.18,1.27,90.0,t,t,0,0,0,final,1,ҫутӑ,3,t,0,40.0,ҫут,bare,ҫутӑ,130.0
utterance_006014,chuvash_voice,ҫутӑ,8,12,3.2,3.5,4,ʌ,ɵ,0,4,3.44,3.5,60.0,t,t,0,0,0,final,1,ҫутӑ,3,t,0,70.0,ҫут,bare,ҫутӑ,130.0
utterance_006020,chuvash_voice,турӑ,1,8,0.46,0.74,4,ʌ,ɵ,0,4,0.67,0.74,70.0,r,ɕ,0,0,0,final,1,турӑ,3,r,0,50.0,тур,bare,турӑ,120.0
utterance_006077,chuvash_voice,ватӑ,2,10,0.81,1.12,4,ʌ,ɵ,0,4,1.07,1.12,50.0,t,t,0,0,0,final,1,ватӑ,3,t,0,60.0,ват,bare,ватӑ,110.0
utterance_006111,chuvash_voice,турӑ,5,8,1.51,1.83,4,ʌ,ɵ,0,4,1.76,1.83,70.0,r,p,0,0,0,final,1,турӑ,3,r,0,80.0,тур,bare,турӑ,150.0
utterance_006142,chuvash_voice,хушши,11,14,3.97,4.31,4,i,i,0,4,4.25,4.31,60.0,ʃ,t,0,0,0,final,1,хушши,3,ʃ,1,130.0,хуш,geminate,хушӑ,190.0
utterance_006152,chuvash_voice,пусса,9,17,4.64,5.22,4,ɑ,a,0,4,4.99,5.22,230.0,s,,0,0,0,final,1,пусса,3,s,1,170.0,пус,geminate,пусӑ,400.0
utterance_006160,chuvash_voice,хушшинче,5,9,2.55,3.17,7,i,i,0,4,2.84,2.89,50.0,ʃ,n,0,0,0,medial,1,хушшинче,3,ʃ,1,130.0,хуш,geminate,хушӑ,180.0
utterance_006200,chuvash_voice,хушшипе,11,26,5.59,6.06,6,i,i,0,4,5.85,5.9,50.0,ʃ,p,0,0,0,medial,1,хушшипе,3,ʃ,1,130.0,хуш,geminate,хушӑ,180.0
utterance_006221,chuvash_voice,хушшинчен,6,8,2.31,2.93,8,i,i,0,4,2.6,2.64,40.0,ʃ,n,0,0,0,medial,1,хушшинчен,3,ʃ,1,120.0,хуш,geminate,хушӑ,160.0
utterance_006234,chuvash_voice,сассӑр,6,12,2.09,2.58,5,ʌ,ɵ,0,4,2.46,2.51,50.0,s,r,0,0,0,medial,1,сассӑр,3,s,1,130.0,сас,geminate,сасӑ,180.0
utterance_006245,chuvash_voice,пурри,14,16,6.73,7.05,4,i,i,0,4,7.01,7.05,40.0,r,ɕ,0,0,0,final,1,пурри,3,r,1,30.0,пур,geminate,пурӑ,70.0
utterance_006246,chuvash_voice,сӑввине,9,12,3.82,4.28,6,i,i,0,4,4.03,4.1,70.0,v,n,0,0,0,medial,1,сӑввине,3,v,1,30.0,сӑв,geminate,сӑвӑ,100.0
utterance_006254,chuvash_voice,хушшинче,2,13,0.57,1.15,7,i,i,0,4,0.87,0.95,80.0,ʃ,n,0,0,0,medial,1,хушшинче,3,ʃ,1,130.0,хуш,geminate,хушӑ,210.0
utterance_006258,chuvash_voice,тырра,3,6,0.81,1.08,4,ɑ,a,0,4,0.97,1.08,110.0,r,v,0,0,0,final,1,тырра,3,r,1,60.0,тыр,geminate,тырӑ,170.0
utterance_006264,chuvash_voice,сасӑ,11,14,4.19,4.53,4,ʌ,ɵ,0,4,4.47,4.53,60.0,s,i,0,1,0,final,1,сасӑ,3,s,0,90.0,сас,bare,сасӑ,150.0
utterance_006275,chuvash_voice,ҫутӑ,8,15,3.82,4.09,4,ʌ,ɵ,0,4,4.03,4.09,60.0,t,j,0,0,0,final,1,ҫутӑ,3,t,0,70.0,ҫут,bare,ҫутӑ,130.0
utterance_006277,chuvash_voice,тулли,4,5,1.12,1.39,4,i,i,0,4,1.31,1.39,80.0,l,t,0,0,0,final,1,тулли,3,l,1,50.0,тул,geminate,тулӑ,130.0
utterance_006285,chuvash_voice,тупписене,6,10,3.49,4.19,8,i,i,0,4,3.71,3.78,70.0,p,s,0,0,0,medial,1,тупписене,3,p,1,60.0,туп,geminate,тупӑ,130.0
utterance_006300,chuvash_voice,ҫурри,4,10,1.87,2.25,4,i,i,0,4,2.16,2.25,90.0,r,t,0,0,0,final,1,ҫурри,3,r,1,70.0,ҫур,geminate,ҫурӑ,160.0
utterance_006300,chuvash_voice,пушӑ,6,10,2.62,3.03,4,ʌ,ɵ,0,4,2.88,3.03,150.0,ʃ,,0,0,0,final,1,пушӑ,3,ʃ,0,90.0,пуш,bare,пушӑ,240.0
utterance_006304,chuvash_voice,пуррине,5,5,1.7,2.09,6,i,i,0,4,1.91,1.98,70.0,r,n,0,0,0,medial,1,пуррине,3,r,1,100.0,пур,geminate,пурӑ,170.0
utterance_006317,chuvash_voice,касса,7,12,2.88,3.23,4,ɑ,a,0,4,3.16,3.23,70.0,s,k,0,0,0,final,1,касса,3,s,1,130.0,кас,geminate,касӑ,200.0
utterance_006319,chuvash_voice,пекки,3,3,1.02,1.51,4,i,i,0,4,1.29,1.51,220.0,k,,0,0,0,final,1,пекки,3,k,1,150.0,пек,geminate,пекӗ,370.0
utterance_006340,chuvash_voice,пуллине,2,15,0.55,0.98,6,i,i,0,4,0.78,0.85,70.0,l,n,0,0,0,medial,1,пуллине,3,l,1,100.0,пул,geminate,пулӑ,170.0
utterance_006340,chuvash_voice,хушшинчи,5,15,2.15,2.74,7,i,i,0,4,2.43,2.48,50.0,ʃ,n,0,0,0,medial,1,хушшинчи,3,ʃ,1,150.0,хуш,geminate,хушӑ,200.0
utterance_006377,chuvash_voice,касса,6,11,2.29,2.63,4,ɑ,a,0,4,2.56,2.63,70.0,s,i,0,1,0,final,1,касса,3,s,1,140.0,кас,geminate,касӑ,210.0
utterance_006385,chuvash_voice,кулленхи,11,19,5.88,6.5,7,e,e,0,4,6.18,6.28,100.0,l,n,0,0,0,medial,1,кулленхи,3,l,1,50.0,кул,geminate,кулӑ,150.0
utterance_006385,chuvash_voice,ҫыххи,17,19,8.59,8.97,4,i,i,0,4,8.9,8.97,70.0,χ,p,0,0,0,final,1,ҫыххи,3,χ,1,110.0,ҫых,geminate,ҫыхӑ,180.0
utterance_006386,chuvash_voice,сасси,7,8,2.68,2.94,4,i,i,0,4,2.9,2.94,40.0,s,i,0,1,0,final,1,сасси,3,s,1,100.0,сас,geminate,сасӑ,140.0
utterance_006411,chuvash_voice,вулли,22,25,11.65,12.0,4,i,i,0,4,11.89,12.0,110.0,l,χ,0,0,0,final,1,вулли,3,l,1,100.0,вул,geminate,вулӑ,210.0
utterance_006412,chuvash_voice,пеккисем,9,9,2.83,3.48,7,i,i,0,4,3.05,3.12,70.0,k,s,0,0,0,medial,1,пеккисем,3,k,1,110.0,пек,geminate,пекӗ,180.0
utterance_006417,chuvash_voice,ҫутӑ,13,17,5.69,6.01,4,ʌ,ɵ,0,4,5.93,6.01,80.0,t,t,0,0,0,final,1,ҫутӑ,3,t,0,70.0,ҫут,bare,ҫутӑ,150.0
utterance_006426,chuvash_voice,пӑтӑ,6,10,2.27,2.57,4,ʌ,ɵ,0,4,2.49,2.57,80.0,t,p,0,0,0,final,1,пӑтӑ,3,t,0,60.0,пӑт,bare,пӑтӑ,140.0
utterance_006433,chuvash_voice,вулли,3,8,1.4,1.75,4,i,i,0,4,1.65,1.75,100.0,l,v,0,0,0,final,1,вулли,3,l,1,90.0,вул,geminate,вулӑ,190.0
utterance_006440,chuvash_voice,сасси,5,6,2.53,2.86,4,i,i,0,4,2.82,2.86,40.0,s,i,0,1,0,final,1,сасси,3,s,1,140.0,сас,geminate,сасӑ,180.0
utterance_006466,chuvash_voice,ҫаннинчен,4,12,1.69,2.32,8,i,i,0,4,2.04,2.12,80.0,n,n,0,0,0,medial,1,ҫаннинчен,3,n,1,60.0,ҫан,geminate,ҫанӑ,140.0
utterance_006481,chuvash_voice,ватӑ,12,15,5.87,6.12,4,ʌ,ɵ,0,4,6.07,6.12,50.0,t,ɕ,0,0,0,final,1,ватӑ,3,t,0,50.0,ват,bare,ватӑ,100.0
utterance_006489,chuvash_voice,ватӑ,4,11,1.79,2.05,4,ʌ,ɵ,0,4,2.0,2.05,50.0,t,ɕ,0,0,0,final,1,ватӑ,3,t,0,50.0,ват,bare,ватӑ,100.0
utterance_006489,chuvash_voice,сасӑ,10,11,4.1,4.46,4,ʌ,ɵ,0,4,4.43,4.46,30.0,s,i,0,1,0,final,1,сасӑ,3,s,0,80.0,сас,bare,сасӑ,110.0
utterance_006495,chuvash_voice,пушӑ,3,8,1.27,1.62,4,ʌ,ɵ,0,4,1.53,1.62,90.0,ʃ,a,0,1,0,final,1,пушӑ,3,ʃ,0,70.0,пуш,bare,пушӑ,160.0
utterance_006517,chuvash_voice,хулӑ,2,9,0.26,0.55,4,ʌ,ɵ,0,4,0.48,0.55,70.0,l,t,0,0,0,final,1,хулӑ,3,l,0,70.0,хул,bare,хулӑ,140.0
utterance_006517,chuvash_voice,турӑ,8,9,2.53,2.83,4,ʌ,ɵ,0,4,2.76,2.83,70.0,r,ɕ,0,0,0,final,1,турӑ,3,r,0,50.0,тур,bare,турӑ,120.0
utterance_006535,chuvash_voice,йытӑ,2,2,0.71,1.13,4,ʌ,ɵ,0,4,1.02,1.13,110.0,t,,0,0,0,final,1,йытӑ,3,t,0,80.0,йыт,bare,йытӑ,190.0
utterance_006540,chuvash_voice,ташшипе,10,11,5.08,5.52,6,i,i,0,4,5.34,5.38,40.0,ʃ,p,0,0,0,medial,1,ташшипе,3,ʃ,1,130.0,таш,geminate,ташӑ,170.0
utterance_006569,chuvash_voice,сассине,1,3,0.22,0.77,6,i,i,0,4,0.55,0.62,70.0,s,n,0,0,0,medial,1,сассине,3,s,1,120.0,сас,geminate,сасӑ,190.0
utterance_006570,chuvash_voice,кӗлӗ,8,9,4.45,4.75,4,ɛ,ø,0,4,4.69,4.75,60.0,l,v,0,0,0,final,1,кӗлӗ,3,l,0,70.0,кӗл,bare,кӗлӗ,130.0
utterance_006573,chuvash_voice,ваттисем,1,4,0.45,0.99,7,i,i,0,4,0.67,0.75,80.0,t,s,0,0,0,medial,1,ваттисем,3,t,1,70.0,ват,geminate,ватӑ,150.0
utterance_006581,chuvash_voice,сӑвӑ,6,9,2.03,2.36,4,ʌ,ɵ,0,4,2.31,2.36,50.0,v,p,0,0,0,final,1,сӑвӑ,3,v,0,70.0,сӑв,bare,сӑвӑ,120.0
utterance_006581,chuvash_voice,пекки,7,9,2.36,2.68,4,i,i,0,4,2.61,2.68,70.0,k,k,0,0,0,final,1,пекки,3,k,1,90.0,пек,geminate,пекӗ,160.0
utterance_006608,chuvash_voice,пуррипе,11,16,5.44,5.9,6,i,i,0,4,5.65,5.74,90.0,r,p,0,0,0,medial,1,пуррипе,3,r,1,80.0,пур,geminate,пурӑ,170.0
utterance_006613,chuvash_voice,хушшинчи,2,13,0.61,1.11,7,i,i,0,4,0.88,0.92,40.0,ʃ,n,0,0,0,medial,1,хушшинчи,3,ʃ,1,110.0,хуш,geminate,хушӑ,150.0
utterance_006614,chuvash_voice,пушшех,4,6,1.7,2.23,5,e,e,0,4,2.01,2.1,90.0,ʃ,χ,0,0,0,medial,1,пушшех,3,ʃ,1,140.0,пуш,geminate,пушӑ,230.0
utterance_006617,chuvash_voice,хуллен-хуллен,1,3,0.08,1.19,10,e,e,0,4,0.59,0.64,50.0,l,n,0,0,0,medial,1,хуллен-хуллен,3,l,1,80.0,хул,geminate,хулӑ,130.0
utterance_006617,chuvash_voice,хуллен-хуллен,1,3,0.08,1.19,10,e,e,0,9,1.01,1.13,120.0,l,n,0,0,0,medial,1,хуллен-хуллен,8,l,1,70.0,хул,geminate,хулӑ,190.0
utterance_006640,chuvash_voice,турӑ,2,17,0.95,1.23,4,ʌ,ɵ,0,4,1.16,1.23,70.0,r,m,0,0,0,final,1,турӑ,3,r,0,50.0,тур,bare,турӑ,120.0
utterance_006665,chuvash_voice,ҫӗҫҫипе,5,13,2.36,2.88,6,i,i,0,4,2.69,2.73,40.0,ɕ,p,0,0,0,medial,1,ҫӗҫҫипе,3,ɕ,1,130.0,ҫӗҫ,geminate,ҫӗҫӗ,170.0
utterance_006697,chuvash_voice,хушшине,9,11,4.8,5.34,6,i,i,0,4,5.07,5.11,40.0,ʃ,n,0,0,0,medial,1,хушшине,3,ʃ,1,130.0,хуш,geminate,хушӑ,170.0
utterance_006704,chuvash_voice,сӑрӑ,6,13,2.02,2.4,4,ʌ,ɵ,0,4,2.31,2.4,90.0,r,,0,0,0,final,1,сӑрӑ,3,r,0,50.0,сӑр,bare,сӑрӑ,140.0
utterance_006721,chuvash_voice,хушшинче,9,15,4.58,5.14,7,i,i,0,4,4.86,4.91,50.0,ʃ,n,0,0,0,medial,1,хушшинче,3,ʃ,1,120.0,хуш,geminate,хушӑ,170.0
utterance_006728,chuvash_voice,пулӑ,4,8,1.75,2.07,4,ʌ,ɵ,0,4,1.98,2.07,90.0,l,p,0,0,0,final,1,пулӑ,3,l,0,50.0,пул,bare,пулӑ,140.0
utterance_006737,chuvash_voice,сасси,10,19,4.61,5.05,4,i,i,0,4,4.93,5.05,120.0,s,r,0,0,0,final,1,сасси,3,s,1,140.0,сас,geminate,сасӑ,260.0
utterance_006737,chuvash_voice,пекки,17,19,8.35,8.67,4,i,i,0,4,8.58,8.67,90.0,k,v,0,0,0,final,1,пекки,3,k,1,110.0,пек,geminate,пекӗ,200.0
utterance_006753,chuvash_voice,ватӑ,2,24,0.83,1.19,4,ʌ,ɵ,0,4,1.1,1.19,90.0,t,p,0,0,0,final,1,ватӑ,3,t,0,60.0,ват,bare,ватӑ,150.0
utterance_006756,chuvash_voice,тулли,9,13,4.59,5.03,4,i,i,0,4,4.86,5.03,170.0,l,s,0,0,0,final,1,тулли,3,l,1,110.0,тул,geminate,тулӑ,280.0
utterance_006765,chuvash_voice,пушӑ,4,18,1.52,1.81,4,ʌ,ɵ,0,4,1.76,1.81,50.0,ʃ,s,0,0,0,final,1,пушӑ,3,ʃ,0,80.0,пуш,bare,пушӑ,130.0
utterance_006781,chuvash_voice,хуллен,8,13,4.7,5.15,5,e,e,0,4,4.96,5.1,140.0,l,n,0,0,0,medial,1,хуллен,3,l,1,90.0,хул,geminate,хулӑ,230.0
utterance_006819,chuvash_voice,кассӑн-кассӑн,1,8,0.41,1.18,10,ʌ,ɵ,0,4,0.7,0.74,40.0,s,n,0,0,0,medial,1,кассӑн-кассӑн,3,s,1,120.0,кас,geminate,касӑ,160.0
utterance_006819,chuvash_voice,кассӑн-кассӑн,1,8,0.41,1.18,10,ʌ,ɵ,0,9,1.06,1.1,40.0,s,n,0,0,0,medial,1,кассӑн-кассӑн,8,s,1,110.0,кас,geminate,касӑ,150.0
utterance_006842,chuvash_voice,сассипе,3,10,0.95,1.51,6,i,i,0,4,1.23,1.3,70.0,s,p,0,0,0,medial,1,сассипе,3,s,1,110.0,сас,geminate,сасӑ,180.0
utterance_006857,chuvash_voice,сӑрӑ,9,16,4.47,4.85,4,ʌ,ɵ,0,4,4.77,4.85,80.0,r,t,0,0,0,final,1,сӑрӑ,3,r,0,50.0,сӑр,bare,сӑрӑ,130.0
utterance_006897,chuvash_voice,тырӑ,7,13,3.01,3.35,4,ʌ,ɵ,0,4,3.31,3.35,40.0,r,v,0,0,0,final,1,тырӑ,3,r,0,70.0,тыр,bare,тырӑ,110.0
utterance_006931,chuvash_voice,хуллен,4,5,1.62,2.06,5,e,e,0,4,1.88,1.98,100.0,l,n,0,0,0,medial,1,хуллен,3,l,1,70.0,хул,geminate,хулӑ,170.0
utterance_006943,chuvash_voice,тӗссӗрленсе,2,13,1.48,2.2,10,ɛ,ø,0,4,1.81,1.86,50.0,s,r,0,0,0,medial,1,тӗссӗрленсе,3,s,1,120.0,тӗс,geminate,тӗсӗ,170.0
utterance_006943,chuvash_voice,пушӑ,4,13,2.56,2.95,4,ʌ,ɵ,0,4,2.85,2.95,100.0,ʃ,,0,0,0,final,1,пушӑ,3,ʃ,0,90.0,пуш,bare,пушӑ,190.0
utterance_006943,chuvash_voice,хушшинче,7,13,3.62,4.17,7,i,i,0,4,3.85,3.94,90.0,ʃ,n,0,0,0,medial,1,хушшинче,3,ʃ,1,120.0,хуш,geminate,хушӑ,210.0
utterance_006954,chuvash_voice,пушӑ,3,8,1.45,1.8,4,ʌ,ɵ,0,4,1.75,1.8,50.0,ʃ,v,0,0,0,final,1,пушӑ,3,ʃ,0,100.0,пуш,bare,пушӑ,150.0
utterance_006955,chuvash_voice,хушшине,5,11,2.82,3.33,6,i,i,0,4,3.14,3.21,70.0,ʃ,n,0,0,0,medial,1,хушшине,3,ʃ,1,120.0,хуш,geminate,хушӑ,190.0
utterance_006978,chuvash_voice,кулли,3,6,1.06,1.48,4,i,i,0,4,1.34,1.48,140.0,l,,0,0,0,final,1,кулли,3,l,1,140.0,кул,geminate,кулӑ,280.0
utterance_006988,chuvash_voice,йытӑ,7,16,2.38,2.75,4,ʌ,ɵ,0,4,2.66,2.75,90.0,t,,0,0,0,final,1,йытӑ,3,t,0,100.0,йыт,bare,йытӑ,190.0
utterance_007003,chuvash_voice,сасӑ,5,5,1.74,2.17,4,ʌ,ɵ,0,4,2.03,2.17,140.0,s,,0,0,0,final,1,сасӑ,3,s,0,90.0,сас,bare,сасӑ,230.0
utterance_007005,chuvash_voice,тӗшши,3,8,1.16,1.53,4,i,i,0,4,1.47,1.53,60.0,ʃ,,0,0,0,final,1,тӗшши,3,ʃ,1,170.0,тӗш,geminate,тӗшӗ,230.0
utterance_007018,chuvash_voice,пеккиех,5,6,1.86,2.42,6,i,i,0,4,2.12,2.17,50.0,k,e,0,1,0,medial,1,пеккиех,3,k,1,110.0,пек,geminate,пекӗ,160.0
utterance_007020,chuvash_voice,пушӑ,4,16,1.7,2.09,4,ʌ,ɵ,0,4,2.02,2.09,70.0,ʃ,a,0,1,0,final,1,пушӑ,3,ʃ,0,90.0,пуш,bare,пушӑ,160.0
utterance_007021,chuvash_voice,тӗмӗ,9,13,3.77,4.05,4,ɛ,ø,0,4,3.99,4.05,60.0,m,χ,0,0,0,final,1,тӗмӗ,3,m,0,80.0,тӗм,bare,тӗмӗ,140.0
utterance_007021,chuvash_voice,хушшисене,10,13,4.05,4.68,8,i,i,0,4,4.33,4.38,50.0,ʃ,s,0,0,0,medial,1,хушшисене,3,ʃ,1,140.0,хуш,geminate,хушӑ,190.0
utterance_007026,chuvash_voice,пулӑ,3,6,0.9,1.16,4,ʌ,ɵ,0,4,1.12,1.16,40.0,l,p,0,0,0,final,1,пулӑ,3,l,0,70.0,пул,bare,пулӑ,110.0
utterance_007029,chuvash_voice,сассине,3,7,0.93,1.48,6,i,i,0,4,1.21,1.27,60.0,s,n,0,0,0,medial,1,сассине,3,s,1,110.0,сас,geminate,сасӑ,170.0
utterance_007038,chuvash_voice,сивӗ,3,8,0.97,1.3,4,ɛ,ø,0,4,1.19,1.3,110.0,v,tʃ,0,0,0,final,1,сивӗ,3,v,0,60.0,сив,bare,сивӗ,170.0
utterance_007041,chuvash_voice,сасӑ,3,5,1.24,1.63,4,ʌ,ɵ,0,4,1.54,1.63,90.0,s,i,0,1,0,final,1,сасӑ,3,s,0,80.0,сас,bare,сасӑ,170.0
utterance_007077,chuvash_voice,ватӑ,1,6,0.24,0.55,4,ʌ,ɵ,0,4,0.46,0.55,90.0,t,t,0,0,0,final,1,ватӑ,3,t,0,70.0,ват,bare,ватӑ,160.0
utterance_007089,chuvash_voice,сулласа,7,16,4.07,4.6,6,ɑ,a,0,4,4.34,4.43,90.0,l,s,0,0,0,medial,1,сулласа,3,l,1,110.0,сул,geminate,сулӑ,200.0
utterance_007089,chuvash_voice,сасси,14,16,7.72,8.08,4,i,i,0,4,8.0,8.08,80.0,s,v,0,0,0,final,1,сасси,3,s,1,120.0,сас,geminate,сасӑ,200.0
utterance_007115,chuvash_voice,сивӗ,14,27,7.06,7.48,4,ɛ,ø,0,4,7.4,7.48,80.0,v,k,0,0,0,final,1,сивӗ,3,v,0,40.0,сив,bare,сивӗ,120.0
utterance_007117,chuvash_voice,хушшинче,17,24,7.76,8.27,7,i,i,0,4,8.06,8.1,40.0,ʃ,n,0,0,0,medial,1,хушшинче,3,ʃ,1,140.0,хуш,geminate,хушӑ,180.0
utterance_007140,chuvash_voice,ҫӗҫҫе,14,29,6.46,6.94,4,e,e,0,4,6.79,6.94,150.0,ɕ,i,0,1,0,final,1,ҫӗҫҫе,3,ɕ,1,150.0,ҫӗҫ,geminate,ҫӗҫӗ,300.0
utterance_007141,chuvash_voice,сасси,1,6,0.08,0.55,4,i,i,0,4,0.46,0.55,90.0,s,ɕ,0,0,0,final,1,сасси,3,s,1,130.0,сас,geminate,сасӑ,220.0
utterance_007170,chuvash_voice,пушшех,7,10,3.81,4.29,5,e,e,0,4,4.1,4.2,100.0,ʃ,χ,0,0,0,medial,1,пушшех,3,ʃ,1,130.0,пуш,geminate,пушӑ,230.0
utterance_007182,chuvash_voice,хушшинче,2,10,1.03,1.49,7,i,i,0,4,1.27,1.32,50.0,ʃ,n,0,0,0,medial,1,хушшинче,3,ʃ,1,110.0,хуш,geminate,хушӑ,160.0
utterance_007208,chuvash_voice,ҫутӑ,8,10,3.83,4.58,4,ʌ,ɵ,0,4,4.41,4.58,170.0,t,t,0,0,0,final,1,ҫутӑ,3,t,0,60.0,ҫут,bare,ҫутӑ,230.0
utterance_007222,chuvash_voice,хушши,10,15,4.99,5.37,4,i,i,0,4,5.3,5.37,70.0,ʃ,p,0,0,0,final,1,хушши,3,ʃ,1,130.0,хуш,geminate,хушӑ,200.0
utterance_007245,chuvash_voice,чӗпписем,12,14,6.51,7.06,7,i,i,0,4,6.73,6.84,110.0,p,s,0,0,0,medial,1,чӗпписем,3,p,1,40.0,чӗп,geminate,чӗпӗ,150.0
utterance_007249,chuvash_voice,пусӑ,5,16,2.45,2.98,4,ʌ,ɵ,0,4,2.72,2.98,260.0,s,,0,0,0,final,1,пусӑ,3,s,0,90.0,пус,bare,пусӑ,350.0
utterance_007249,chuvash_voice,хушшине,8,16,3.8,4.33,6,i,i,0,4,4.1,4.14,40.0,ʃ,n,0,0,0,medial,1,хушшине,3,ʃ,1,140.0,хуш,geminate,хушӑ,180.0
utterance_007259,chuvash_voice,ватӑ,1,21,0.51,0.7,4,ʌ,ɵ,0,4,0.66,0.7,40.0,t,ɕ,0,0,0,final,1,ватӑ,3,t,0,60.0,ват,bare,ватӑ,100.0
utterance_007263,chuvash_voice,тулӑ,3,4,0.91,1.13,4,ʌ,ɵ,0,4,1.08,1.13,50.0,l,a,0,1,0,final,1,тулӑ,3,l,0,70.0,тул,bare,тулӑ,120.0
utterance_007271,chuvash_voice,хушшинче,4,7,3.42,3.83,7,i,i,0,4,3.65,3.68,30.0,ʃ,n,0,0,0,medial,1,хушшинче,3,ʃ,1,130.0,хуш,geminate,хушӑ,160.0
utterance_007278,chuvash_voice,вӑрӑ,4,28,1.81,2.14,4,ʌ,ɵ,0,4,2.07,2.14,70.0,r,p,0,0,0,final,1,вӑрӑ,3,r,0,70.0,вӑр,bare,вӑрӑ,140.0
utterance_007289,chuvash_voice,сивӗ,2,6,0.82,1.2,4,ɛ,ø,0,4,1.12,1.2,80.0,v,ʃ,0,0,0,final,1,сивӗ,3,v,0,60.0,сив,bare,сивӗ,140.0
utterance_007305,chuvash_voice,хушши,3,10,0.7,1.09,4,i,i,0,4,1.01,1.09,80.0,ʃ,v,0,0,0,final,1,хушши,3,ʃ,1,160.0,хуш,geminate,хушӑ,240.0
utterance_007353,chuvash_voice,касса,6,11,2.32,2.68,4,ɑ,a,0,4,2.58,2.68,100.0,s,y,0,1,0,final,1,касса,3,s,1,120.0,кас,geminate,касӑ,220.0
utterance_007361,chuvash_voice,ҫутта,5,7,1.23,1.54,4,ɑ,a,0,4,1.46,1.54,80.0,t,k,0,0,0,final,1,ҫутта,3,t,1,100.0,ҫут,geminate,ҫутӑ,180.0
utterance_007369,chuvash_voice,ваттисен,4,6,2.37,2.79,7,i,i,0,4,2.61,2.64,30.0,t,s,0,0,0,medial,1,ваттисен,3,t,1,90.0,ват,geminate,ватӑ,120.0
utterance_007420,chuvash_voice,касса,4,14,2.07,2.42,4,ɑ,a,0,4,2.33,2.42,90.0,s,p,0,0,0,final,1,касса,3,s,1,120.0,кас,geminate,касӑ,210.0
utterance_007433,chuvash_voice,ҫанӑ,5,10,2.61,3.03,4,ʌ,ɵ,0,4,2.92,3.03,110.0,n,t,0,0,0,final,1,ҫанӑ,3,n,0,120.0,ҫан,bare,ҫанӑ,230.0
utterance_007435,chuvash_voice,пеккине,2,14,0.56,0.98,6,i,i,0,4,0.78,0.84,60.0,k,n,0,0,0,medial,1,пеккине,3,k,1,110.0,пек,geminate,пекӗ,170.0
utterance_007455,chuvash_voice,кулленхи,8,15,3.58,4.14,7,e,e,0,4,3.78,3.87,90.0,l,n,0,0,0,medial,1,кулленхи,3,l,1,80.0,кул,geminate,кулӑ,170.0
utterance_007459,chuvash_voice,хушшинче,6,11,3.88,4.39,7,i,i,0,4,4.18,4.21,30.0,ʃ,n,0,0,0,medial,1,хушшинче,3,ʃ,1,130.0,хуш,geminate,хушӑ,160.0
utterance_007460,chuvash_voice,шӑммине,6,10,2.74,3.25,6,i,i,0,4,2.97,3.07,100.0,m,n,0,0,0,medial,1,шӑммине,3,m,1,50.0,шӑм,geminate,шӑмӑ,150.0
utterance_007468,chuvash_voice,тулли,4,7,1.16,1.43,4,i,i,0,4,1.35,1.43,80.0,l,,0,0,0,final,1,тулли,3,l,1,60.0,тул,geminate,тулӑ,140.0
utterance_007469,chuvash_voice,пушшех,2,30,0.66,1.08,5,e,e,0,4,0.91,0.99,80.0,ʃ,χ,0,0,0,medial,1,пушшех,3,ʃ,1,120.0,пуш,geminate,пушӑ,200.0
utterance_007473,chuvash_voice,сассине,4,7,1.45,1.99,6,i,i,0,4,1.79,1.85,60.0,s,n,0,0,0,medial,1,сассине,3,s,1,100.0,сас,geminate,сасӑ,160.0
utterance_007489,chuvash_voice,пурри,9,13,4.75,5.03,4,i,i,0,4,4.97,5.03,60.0,r,ɕ,0,0,0,final,1,пурри,3,r,1,90.0,пур,geminate,пурӑ,150.0
utterance_007498,chuvash_voice,ташӑ,4,14,1.48,1.89,4,ʌ,ɵ,0,4,1.84,1.89,50.0,ʃ,f,0,0,0,final,1,ташӑ,3,ʃ,0,110.0,таш,bare,ташӑ,160.0
utterance_007524,chuvash_voice,сӑрӑ,3,8,1.06,1.37,4,ʌ,ɵ,0,4,1.29,1.37,80.0,r,χ,0,0,0,final,1,сӑрӑ,3,r,0,40.0,сӑр,bare,сӑрӑ,120.0
utterance_007535,chuvash_voice,хушшинелле,14,16,5.4,5.95,8,i,i,0,4,5.63,5.67,40.0,ʃ,n,0,0,0,medial,1,хушшинелле,3,ʃ,1,110.0,хуш,geminate,хушӑ,150.0
utterance_007535,chuvash_voice,хушшинелле,14,16,5.4,5.95,8,e,e,0,8,5.89,5.95,60.0,l,v,0,0,0,final,1,хушшинелле,7,l,1,70.0,хуш,geminate,хушӑ,130.0
utterance_007551,chuvash_voice,хушшинче,5,22,2.86,3.42,7,i,i,0,4,3.12,3.19,70.0,ʃ,n,0,0,0,medial,1,хушшинче,3,ʃ,1,130.0,хуш,geminate,хушӑ,200.0
utterance_007551,chuvash_voice,пушӑ,7,22,4.12,4.38,4,ʌ,ɵ,0,4,4.33,4.38,50.0,ʃ,m,0,0,0,final,1,пушӑ,3,ʃ,0,90.0,пуш,bare,пушӑ,140.0
utterance_007576,chuvash_voice,хушши,7,9,2.46,2.73,4,i,i,0,4,2.7,2.73,30.0,ʃ,p,0,0,0,final,1,хушши,3,ʃ,1,120.0,хуш,geminate,хушӑ,150.0
utterance_007607,chuvash_voice,хушши,5,18,2.27,2.63,4,i,i,0,4,2.58,2.63,50.0,ʃ,i,0,1,0,final,1,хушши,3,ʃ,1,140.0,хуш,geminate,хушӑ,190.0
utterance_007611,chuvash_voice,тӗвве,6,7,2.7,2.89,4,e,e,0,4,2.84,2.89,50.0,v,,0,0,0,final,1,тӗвве,3,v,1,30.0,тӗв,geminate,тӗвӗ,80.0
utterance_007613,chuvash_voice,тилӗ,8,14,4.5,4.8,4,ɛ,ø,0,4,4.73,4.8,70.0,l,p,0,0,0,final,1,тилӗ,3,l,0,90.0,тил,bare,тилӗ,160.0
utterance_007620,chuvash_voice,ватӑ,9,11,5.06,5.32,4,ʌ,ɵ,0,4,5.27,5.32,50.0,t,χ,0,0,0,final,1,ватӑ,3,t,0,70.0,ват,bare,ватӑ,120.0
utterance_007625,chuvash_voice,сивӗ,1,6,0.27,0.65,4,ɛ,ø,0,4,0.58,0.65,70.0,v,ɕ,0,0,0,final,1,сивӗ,3,v,0,60.0,сив,bare,сивӗ,130.0
utterance_007644,chuvash_voice,сӑвӑ,4,8,1.76,2.19,4,ʌ,ɵ,0,4,2.13,2.19,60.0,v,j,0,0,0,final,1,сӑвӑ,3,v,0,70.0,сӑв,bare,сӑвӑ,130.0
utterance_007702,chuvash_voice,хушшинче,4,10,1.22,2.06,7,i,i,0,4,1.43,1.47,40.0,ʃ,n,0,0,0,medial,1,хушшинче,3,ʃ,1,120.0,хуш,geminate,хушӑ,160.0
utterance_007703,chuvash_voice,ҫӗҫӗ,16,17,8.86,9.19,4,ɛ,ø,0,4,9.14,9.19,50.0,ɕ,t,0,0,0,final,1,ҫӗҫӗ,3,ɕ,0,80.0,ҫӗҫ,bare,ҫӗҫӗ,130.0
utterance_007711,chuvash_voice,хушшинчен,8,20,3.52,4.13,8,i,i,0,4,3.82,3.88,60.0,ʃ,n,0,0,0,medial,1,хушшинчен,3,ʃ,1,120.0,хуш,geminate,хушӑ,180.0
utterance_007737,chuvash_voice,хушши,3,25,1.21,1.61,4,i,i,0,4,1.51,1.61,100.0,ʃ,u,0,1,0,final,1,хушши,3,ʃ,1,140.0,хуш,geminate,хушӑ,240.0
utterance_007753,chuvash_voice,ватӑ,1,20,0.42,0.71,4,ʌ,ɵ,0,4,0.65,0.71,60.0,t,χ,0,0,0,final,1,ватӑ,3,t,0,70.0,ват,bare,ватӑ,130.0
utterance_007772,chuvash_voice,ҫутӑ,2,8,0.72,1.08,4,ʌ,ɵ,0,4,1.02,1.08,60.0,t,s,0,0,0,final,1,ҫутӑ,3,t,0,70.0,ҫут,bare,ҫутӑ,130.0
utterance_007777,chuvash_voice,пушӑ,7,23,2.44,2.78,4,ʌ,ɵ,0,4,2.7,2.78,80.0,ʃ,ʃ,0,0,0,final,1,пушӑ,3,ʃ,0,100.0,пуш,bare,пушӑ,180.0
utterance_007782,chuvash_voice,пушшех,18,20,10.61,11.06,5,e,e,0,4,10.89,10.98,90.0,ʃ,χ,0,0,0,medial,1,пушшех,3,ʃ,1,130.0,пуш,geminate,пушӑ,220.0
utterance_007794,chuvash_voice,турра,3,6,1.49,1.81,4,ɑ,a,0,4,1.67,1.81,140.0,r,ʃ,0,0,0,final,1,турра,3,r,1,70.0,тур,geminate,турӑ,210.0
utterance_007796,chuvash_voice,тырӑ,4,11,1.4,1.65,4,ʌ,ɵ,0,4,1.59,1.65,60.0,r,,0,0,0,final,1,тырӑ,3,r,0,70.0,тыр,bare,тырӑ,130.0
utterance_007840,chuvash_voice,касса,15,17,8.52,8.93,4,ɑ,a,0,4,8.86,8.93,70.0,s,ɕ,0,0,0,final,1,касса,3,s,1,140.0,кас,geminate,касӑ,210.0
utterance_007848,chuvash_voice,ваттисене,2,6,0.53,1.08,8,i,i,0,4,0.75,0.79,40.0,t,s,0,0,0,medial,1,ваттисене,3,t,1,90.0,ват,geminate,ватӑ,130.0
utterance_007862,chuvash_voice,хуллен,5,16,2.3,2.77,5,e,e,0,4,2.58,2.68,100.0,l,n,0,0,0,medial,1,хуллен,3,l,1,60.0,хул,geminate,хулӑ,160.0
utterance_007868,chuvash_voice,ҫутӑ,6,24,2.58,3.02,4,ʌ,ɵ,0,4,2.86,3.02,160.0,t,,0,0,0,final,1,ҫутӑ,3,t,0,90.0,ҫут,bare,ҫутӑ,250.0
utterance_007893,chuvash_voice,хуллен,6,7,2.32,2.75,5,e,e,0,4,2.61,2.7,90.0,l,n,0,0,0,medial,1,хуллен,3,l,1,90.0,хул,geminate,хулӑ,180.0
utterance_007904,chuvash_voice,тырӑ,13,35,5.81,6.2,4,ʌ,ɵ,0,4,5.97,6.2,230.0,r,,0,0,0,final,1,тырӑ,3,r,0,80.0,тыр,bare,тырӑ,310.0
utterance_007914,chuvash_voice,вӗтӗ,3,8,1.66,1.94,4,ɛ,ø,0,4,1.88,1.94,60.0,t,χ,0,0,0,final,1,вӗтӗ,3,t,0,60.0,вӗт,bare,вӗтӗ,120.0
utterance_007914,chuvash_voice,хушшинче,5,8,2.52,3.1,7,i,i,0,4,2.8,2.86,60.0,ʃ,n,0,0,0,medial,1,хушшинче,3,ʃ,1,150.0,хуш,geminate,хушӑ,210.0
utterance_007920,chuvash_voice,тӗррипе,4,21,4.6,5.06,6,i,i,0,4,4.78,4.87,90.0,r,p,0,0,0,medial,1,тӗррипе,3,r,1,70.0,тӗр,geminate,тӗрӗ,160.0
utterance_007922,chuvash_voice,пеккисем,2,6,0.53,1.06,7,i,i,0,4,0.75,0.82,70.0,k,s,0,0,0,medial,1,пеккисем,3,k,1,120.0,пек,geminate,пекӗ,190.0
utterance_007925,chuvash_voice,чӗпписене,14,27,6.56,7.15,8,i,i,0,4,6.78,6.86,80.0,p,s,0,0,0,medial,1,чӗпписене,3,p,1,50.0,чӗп,geminate,чӗпӗ,130.0
utterance_007926,chuvash_voice,кулли,2,5,0.67,1.05,4,i,i,0,4,0.92,1.05,130.0,l,k,0,0,0,final,1,кулли,3,l,1,140.0,кул,geminate,кулӑ,270.0
utterance_007931,chuvash_voice,сивӗ,5,9,1.79,2.16,4,ɛ,ø,0,4,2.07,2.16,90.0,v,s,0,0,0,final,1,сивӗ,3,v,0,60.0,сив,bare,сивӗ,150.0
utterance_007971,chuvash_voice,ташшипе,14,15,6.62,7.09,6,i,i,0,4,6.9,6.94,40.0,ʃ,p,0,0,0,medial,1,ташшипе,3,ʃ,1,140.0,таш,geminate,ташӑ,180.0
utterance_007977,chuvash_voice,сулланкаласа,2,16,1.02,1.86,11,ɑ,a,0,4,1.28,1.35,70.0,l,n,0,0,0,medial,1,сулланкаласа,3,l,1,60.0,сул,geminate,сулӑ,130.0
utterance_007977,chuvash_voice,шӑммисем,6,16,3.4,3.96,7,i,i,0,4,3.64,3.73,90.0,m,s,0,0,0,medial,1,шӑммисем,3,m,1,100.0,шӑм,geminate,шӑмӑ,190.0
utterance_007981,chuvash_voice,ватӑ,7,10,2.81,3.14,4,ʌ,ɵ,0,4,3.08,3.14,60.0,t,,0,0,0,final,1,ватӑ,3,t,0,80.0,ват,bare,ватӑ,140.0
utterance_007990,chuvash_voice,сулласа,14,14,5.46,6.25,6,ɑ,a,0,4,5.72,5.82,100.0,l,s,0,0,0,medial,1,сулласа,3,l,1,100.0,сул,geminate,сулӑ,200.0
utterance_008017,chuvash_voice,кимӗ,6,7,2.73,3.03,4,ɛ,ø,0,4,2.98,3.03,50.0,m,,0,0,0,final,1,кимӗ,3,m,0,90.0,ким,bare,кимӗ,140.0
utterance_008023,chuvash_voice,хушшинче,2,12,0.83,1.37,7,i,i,0,4,1.07,1.12,50.0,ʃ,n,0,0,0,medial,1,хушшинче,3,ʃ,1,120.0,хуш,geminate,хушӑ,170.0
utterance_008042,chuvash_voice,хушши,6,14,2.38,2.74,4,i,i,0,4,2.68,2.74,60.0,ʃ,ɕ,0,0,0,final,1,хушши,3,ʃ,1,150.0,хуш,geminate,хушӑ,210.0
utterance_008062,chuvash_voice,йытӑ,3,8,0.8,1.08,4,ʌ,ɵ,0,4,1.02,1.08,60.0,t,k,0,0,0,final,1,йытӑ,3,t,0,80.0,йыт,bare,йытӑ,140.0
utterance_008062,chuvash_voice,хуллен,7,8,2.31,2.82,5,e,e,0,4,2.61,2.75,140.0,l,n,0,0,0,medial,1,хуллен,3,l,1,70.0,хул,geminate,хулӑ,210.0
utterance_008075,chuvash_voice,пӗҫҫинчен,8,10,2.99,3.56,8,i,i,0,4,3.28,3.34,60.0,ɕ,n,0,0,0,medial,1,пӗҫҫинчен,3,ɕ,1,130.0,пӗҫ,geminate,пӗҫӗ,190.0
utterance_008079,chuvash_voice,сасӑ,3,13,0.88,1.21,4,ʌ,ɵ,0,4,1.18,1.21,30.0,s,i,0,1,0,final,1,сасӑ,3,s,0,60.0,сас,bare,сасӑ,90.0
utterance_008086,chuvash_voice,хушшинчи,13,15,6.18,6.68,7,i,i,0,4,6.44,6.47,30.0,ʃ,n,0,0,0,medial,1,хушшинчи,3,ʃ,1,130.0,хуш,geminate,хушӑ,160.0
utterance_008092,chuvash_voice,туррисем,2,5,0.79,1.31,7,i,i,0,4,1.02,1.09,70.0,r,s,0,0,0,medial,1,туррисем,3,r,1,80.0,тур,geminate,турӑ,150.0
utterance_008092,chuvash_voice,пеккине,5,5,2.0,2.43,6,i,i,0,4,2.24,2.29,50.0,k,n,0,0,0,medial,1,пеккине,3,k,1,140.0,пек,geminate,пекӗ,190.0
utterance_008096,chuvash_voice,хушшинче,4,4,1.75,2.31,7,i,i,0,4,1.98,2.04,60.0,ʃ,n,0,0,0,medial,1,хушшинче,3,ʃ,1,110.0,хуш,geminate,хушӑ,170.0
utterance_008137,chuvash_voice,хушшипе,7,11,2.78,3.4,6,i,i,0,4,3.11,3.19,80.0,ʃ,p,0,0,0,medial,1,хушшипе,3,ʃ,1,140.0,хуш,geminate,хушӑ,220.0
utterance_008142,chuvash_voice,кулленхи,4,14,0.76,1.22,7,e,e,0,4,0.94,1.05,110.0,l,n,0,0,0,medial,1,кулленхи,3,l,1,70.0,кул,geminate,кулӑ,180.0
utterance_008160,chuvash_voice,хушшинчен,9,20,5.01,5.64,8,i,i,0,4,5.3,5.34,40.0,ʃ,n,0,0,0,medial,1,хушшинчен,3,ʃ,1,120.0,хуш,geminate,хушӑ,160.0
utterance_008214,chuvash_voice,сӑввине,1,3,0.55,1.07,6,i,i,0,4,0.76,0.87,110.0,v,n,0,0,0,medial,1,сӑввине,3,v,1,30.0,сӑв,geminate,сӑвӑ,140.0
utterance_008216,chuvash_voice,хушшинче,3,13,0.86,1.38,7,i,i,0,4,1.15,1.2,50.0,ʃ,n,0,0,0,medial,1,хушшинче,3,ʃ,1,130.0,хуш,geminate,хушӑ,180.0
utterance_008250,chuvash_voice,пусса,3,12,1.58,2.05,4,ɑ,a,0,4,1.9,2.05,150.0,s,k,0,0,0,final,1,пусса,3,s,1,160.0,пус,geminate,пусӑ,310.0
utterance_008253,chuvash_voice,ваттисем,1,9,0.68,1.15,7,i,i,0,4,0.91,0.97,60.0,t,s,0,0,0,medial,1,ваттисем,3,t,1,70.0,ват,geminate,ватӑ,130.0
utterance_008262,chuvash_voice,сивве,1,16,0.49,0.95,4,e,e,0,4,0.79,0.95,160.0,v,t,0,0,0,final,1,сивве,3,v,1,30.0,сив,geminate,сивӗ,190.0
utterance_008287,chuvash_voice,хуллен-хуллен,19,26,11.89,12.71,10,e,e,0,4,12.21,12.28,70.0,l,n,0,0,0,medial,1,хуллен-хуллен,3,l,1,100.0,хул,geminate,хулӑ,170.0
utterance_008287,chuvash_voice,хуллен-хуллен,19,26,11.89,12.71,10,e,e,0,9,12.59,12.66,70.0,l,n,0,0,0,medial,1,хуллен-хуллен,8,l,1,60.0,хул,geminate,хулӑ,130.0
utterance_008297,chuvash_voice,сассине,4,12,1.18,1.72,6,i,i,0,4,1.5,1.58,80.0,s,n,0,0,0,medial,1,сассине,3,s,1,110.0,сас,geminate,сасӑ,190.0
utterance_008305,chuvash_voice,йытӑ,16,20,7.93,8.2,4,ʌ,ɵ,0,4,8.14,8.2,60.0,t,p,0,0,0,final,1,йытӑ,3,t,0,60.0,йыт,bare,йытӑ,120.0
utterance_008309,chuvash_voice,йытӑ,3,5,1.06,1.46,4,ʌ,ɵ,0,4,1.35,1.46,110.0,t,,0,0,0,final,1,йытӑ,3,t,0,100.0,йыт,bare,йытӑ,210.0
utterance_008326,chuvash_voice,тӗрӗ,3,12,1.13,1.44,4,ɛ,ø,0,4,1.37,1.44,70.0,r,χ,0,0,0,final,1,тӗрӗ,3,r,0,50.0,тӗр,bare,тӗрӗ,120.0
utterance_008326,chuvash_voice,ватӑ,10,12,4.62,4.94,4,ʌ,ɵ,0,4,4.88,4.94,60.0,t,t,0,0,0,final,1,ватӑ,3,t,0,60.0,ват,bare,ватӑ,120.0
utterance_008349,chuvash_voice,хушшине,6,7,3.1,3.53,6,i,i,0,4,3.33,3.37,40.0,ʃ,n,0,0,0,medial,1,хушшине,3,ʃ,1,130.0,хуш,geminate,хушӑ,170.0
utterance_008403,chuvash_voice,сиввӗн,4,6,1.54,1.94,5,ɛ,ø,0,4,1.8,1.87,70.0,v,n,0,0,0,medial,1,сиввӗн,3,v,1,30.0,сив,geminate,сивӗ,100.0
utterance_008434,chuvash_voice,чӗпӗ,5,7,1.78,2.08,4,ɛ,ø,0,4,2.01,2.08,70.0,p,k,0,0,0,final,1,чӗпӗ,3,p,0,60.0,чӗп,bare,чӗпӗ,130.0
utterance_008447,chuvash_voice,михӗ,4,7,1.64,1.95,4,ɛ,ø,0,4,1.87,1.95,80.0,χ,s,0,0,0,final,1,михӗ,3,χ,0,110.0,мих,bare,михӗ,190.0
utterance_008451,chuvash_voice,тӗвве,5,6,2.5,2.85,4,e,e,0,4,2.73,2.85,120.0,v,p,0,0,0,final,1,тӗвве,3,v,1,30.0,тӗв,geminate,тӗвӗ,150.0
utterance_008495,chuvash_voice,тырӑ,19,20,9.89,10.18,4,ʌ,ɵ,0,4,10.1,10.18,80.0,r,p,0,0,0,final,1,тырӑ,3,r,0,60.0,тыр,bare,тырӑ,140.0
utterance_008504,chuvash_voice,тӗсӗ,2,5,0.78,1.07,4,ɛ,ø,0,4,0.99,1.07,80.0,s,t,0,0,0,final,1,тӗсӗ,3,s,0,70.0,тӗс,bare,тӗсӗ,150.0
utterance_008511,chuvash_voice,сасси,6,6,3.56,4.28,4,i,i,0,4,3.95,4.28,330.0,s,,0,0,0,final,1,сасси,3,s,1,220.0,сас,geminate,сасӑ,550.0
utterance_008522,chuvash_voice,турӑ,2,8,0.63,0.95,4,ʌ,ɵ,0,4,0.84,0.95,110.0,r,p,0,0,0,final,1,турӑ,3,r,0,40.0,тур,bare,турӑ,150.0
utterance_008534,chuvash_voice,хуллентерех,1,6,0.39,1.14,10,e,e,0,4,0.64,0.7,60.0,l,n,0,0,0,medial,1,хуллентерех,3,l,1,50.0,хул,geminate,хулӑ,110.0
utterance_008534,chuvash_voice,хуллентерех,3,6,1.59,2.54,10,e,e,0,4,1.88,1.96,80.0,l,n,0,0,0,medial,1,хуллентерех,3,l,1,70.0,хул,geminate,хулӑ,150.0
utterance_008543,chuvash_voice,хуллен,7,19,4.15,4.54,5,e,e,0,4,4.41,4.49,80.0,l,n,0,0,0,medial,1,хуллен,3,l,1,60.0,хул,geminate,хулӑ,140.0
utterance_008585,chuvash_voice,пӗккине,2,14,1.03,1.62,6,i,i,0,4,1.28,1.37,90.0,k,n,0,0,0,medial,1,пӗккине,3,k,1,100.0,пӗк,geminate,пӗкӗ,190.0
utterance_008587,chuvash_voice,хуллен,19,34,10.2,10.64,5,e,e,0,4,10.49,10.57,80.0,l,n,0,0,0,medial,1,хуллен,3,l,1,70.0,хул,geminate,хулӑ,150.0
utterance_008624,chuvash_voice,пеккисем,3,3,1.17,1.7,7,i,i,0,4,1.41,1.46,50.0,k,s,0,0,0,medial,1,пеккисем,3,k,1,140.0,пек,geminate,пекӗ,190.0
utterance_008697,chuvash_voice,ҫыхӑ,4,7,1.51,1.85,4,ʌ,ɵ,0,4,1.79,1.85,60.0,χ,ɕ,0,0,0,final,1,ҫыхӑ,3,χ,0,90.0,ҫых,bare,ҫыхӑ,150.0
utterance_008701,chuvash_voice,тырӑ,1,7,0.42,0.7,4,ʌ,ɵ,0,4,0.65,0.7,50.0,r,j,0,0,0,final,1,тырӑ,3,r,0,70.0,тыр,bare,тырӑ,120.0
utterance_008713,chuvash_voice,ҫӗҫҫине,5,7,1.74,2.25,6,i,i,0,4,2.05,2.1,50.0,ɕ,n,0,0,0,medial,1,ҫӗҫҫине,3,ɕ,1,140.0,ҫӗҫ,geminate,ҫӗҫӗ,190.0
utterance_008715,chuvash_voice,тырӑ,13,24,7.85,8.14,4,ʌ,ɵ,0,4,8.04,8.14,100.0,r,ɕ,0,0,0,final,1,тырӑ,3,r,0,80.0,тыр,bare,тырӑ,180.0
utterance_008719,chuvash_voice,хушшинчен,14,16,6.98,7.58,8,i,i,0,4,7.24,7.29,50.0,ʃ,n,0,0,0,medial,1,хушшинчен,3,ʃ,1,110.0,хуш,geminate,хушӑ,160.0
utterance_008724,chuvash_voice,сивӗ,3,11,1.94,2.33,4,ɛ,ø,0,4,2.24,2.33,90.0,v,n,0,0,0,final,1,сивӗ,3,v,0,70.0,сив,bare,сивӗ,160.0
utterance_008725,chuvash_voice,ваттисен,2,7,0.44,0.82,7,i,i,0,4,0.63,0.67,40.0,t,s,0,0,0,medial,1,ваттисен,3,t,1,90.0,ват,geminate,ватӑ,130.0
utterance_008737,chuvash_voice,касса,6,10,2.64,2.98,4,ɑ,a,0,4,2.88,2.98,100.0,s,t,0,0,0,final,1,касса,3,s,1,110.0,кас,geminate,касӑ,210.0
utterance_008742,chuvash_voice,ватӑ,3,7,1.77,2.11,4,ʌ,ɵ,0,4,2.06,2.11,50.0,t,a,0,1,0,final,1,ватӑ,3,t,0,60.0,ват,bare,ватӑ,110.0
utterance_008752,chuvash_voice,сасси,9,9,3.09,3.42,4,i,i,0,4,3.37,3.42,50.0,s,,0,0,0,final,1,сасси,3,s,1,140.0,сас,geminate,сасӑ,190.0
utterance_008754,chuvash_voice,сасси,5,6,1.76,2.11,4,i,i,0,4,2.06,2.11,50.0,s,i,0,1,0,final,1,сасси,3,s,1,150.0,сас,geminate,сасӑ,200.0
utterance_008790,chuvash_voice,хуллен,4,6,1.6,2.08,5,e,e,0,4,1.94,2.03,90.0,l,n,0,0,0,medial,1,хуллен,3,l,1,90.0,хул,geminate,хулӑ,180.0
utterance_008797,chuvash_voice,сасси,1,11,0.03,0.48,4,i,i,0,4,0.38,0.48,100.0,s,χ,0,0,0,final,1,сасси,3,s,1,140.0,сас,geminate,сасӑ,240.0
utterance_008811,chuvash_voice,тулли,10,19,5.55,5.9,4,i,i,0,4,5.8,5.9,100.0,l,t,0,0,0,final,1,тулли,3,l,1,80.0,тул,geminate,тулӑ,180.0
utterance_008820,chuvash_voice,туллин,6,11,2.33,2.69,5,i,i,0,4,2.54,2.64,100.0,l,n,0,0,0,medial,1,туллин,3,l,1,50.0,тул,geminate,тулӑ,150.0
utterance_008823,chuvash_voice,хушшинче,6,8,2.4,2.77,7,i,i,0,4,2.61,2.65,40.0,ʃ,n,0,0,0,medial,1,хушшинче,3,ʃ,1,110.0,хуш,geminate,хушӑ,150.0
utterance_008828,chuvash_voice,вӑйӑ,7,8,2.96,3.24,4,ʌ,ɵ,0,4,3.18,3.24,60.0,j,k,0,0,0,final,1,вӑйӑ,3,j,0,70.0,вӑй,bare,вӑйӑ,130.0
utterance_008841,chuvash_voice,тулӑ,5,9,2.0,2.26,4,ʌ,ɵ,0,4,2.11,2.26,150.0,l,,0,0,0,final,1,тулӑ,3,l,0,30.0,тул,bare,тулӑ,180.0
utterance_008856,chuvash_voice,вӗтӗ,10,26,4.3,4.92,4,ɛ,ø,0,4,4.46,4.92,460.0,t,,0,0,0,final,1,вӗтӗ,3,t,0,60.0,вӗт,bare,вӗтӗ,520.0
utterance_008868,chuvash_voice,ватӑ,3,15,1.23,1.52,4,ʌ,ɵ,0,4,1.48,1.52,40.0,t,ɕ,0,0,0,final,1,ватӑ,3,t,0,50.0,ват,bare,ватӑ,90.0
utterance_008878,chuvash_voice,чӗллисем,7,8,2.72,3.31,7,i,i,0,4,2.98,3.05,70.0,l,s,0,0,0,medial,1,чӗллисем,3,l,1,50.0,чӗл,geminate,чӗлӗ,120.0
utterance_008884,chuvash_voice,хушшинчен,6,7,2.12,2.71,8,i,i,0,4,2.42,2.46,40.0,ʃ,n,0,0,0,medial,1,хушшинчен,3,ʃ,1,120.0,хуш,geminate,хушӑ,160.0
utterance_008885,chuvash_voice,пусса,6,7,3.09,3.45,4,ɑ,a,0,4,3.35,3.45,100.0,s,u,0,1,0,final,1,пусса,3,s,1,130.0,пус,geminate,пусӑ,230.0
utterance_008892,chuvash_voice,пуррине,7,8,3.48,3.93,6,i,i,0,4,3.7,3.75,50.0,r,n,0,0,0,medial,1,пуррине,3,r,1,60.0,пур,geminate,пурӑ,110.0
utterance_008895,chuvash_voice,турӑ,5,22,3.05,3.32,4,ʌ,ɵ,0,4,3.24,3.32,80.0,r,ɕ,0,0,0,final,1,турӑ,3,r,0,50.0,тур,bare,турӑ,130.0
utterance_008906,chuvash_voice,сыппинчен,20,26,12.64,13.29,8,i,i,0,4,12.9,12.97,70.0,p,n,0,0,0,medial,1,сыппинчен,3,p,1,90.0,сып,geminate,сыпӑ,160.0
utterance_008908,chuvash_voice,хушшинчи,2,13,0.75,1.2,7,i,i,0,4,0.99,1.02,30.0,ʃ,n,0,0,0,medial,1,хушшинчи,3,ʃ,1,120.0,хуш,geminate,хушӑ,150.0
utterance_008936,chuvash_voice,ҫутӑ,10,14,3.88,4.25,4,ʌ,ɵ,0,4,4.13,4.25,120.0,t,y,0,1,0,final,1,ҫутӑ,3,t,0,80.0,ҫут,bare,ҫутӑ,200.0
utterance_008936,chuvash_voice,каррине,13,14,5.08,5.57,6,i,i,0,4,5.34,5.39,50.0,r,n,0,0,0,medial,1,каррине,3,r,1,110.0,кар,geminate,карӑ,160.0
utterance_008937,chuvash_voice,ҫурӑ,4,9,0.77,1.01,4,ʌ,ɵ,0,4,0.95,1.01,60.0,r,j,0,0,0,final,1,ҫурӑ,3,r,0,30.0,ҫур,bare,ҫурӑ,90.0
utterance_008945,chuvash_voice,ватӑ,1,7,0.43,0.68,4,ʌ,ɵ,0,4,0.65,0.68,30.0,t,u,0,1,0,final,1,ватӑ,3,t,0,60.0,ват,bare,ватӑ,90.0
utterance_008962,chuvash_voice,ватӑ,10,13,4.46,4.76,4,ʌ,ɵ,0,4,4.71,4.76,50.0,t,,0,0,0,final,1,ватӑ,3,t,0,60.0,ват,bare,ватӑ,110.0
utterance_008965,chuvash_voice,кулленхи,3,13,0.97,1.54,7,e,e,0,4,1.19,1.3,110.0,l,n,0,0,0,medial,1,кулленхи,3,l,1,50.0,кул,geminate,кулӑ,160.0
utterance_008968,chuvash_voice,пушӑ,7,9,2.31,2.57,4,ʌ,ɵ,0,4,2.52,2.57,50.0,ʃ,v,0,0,0,final,1,пушӑ,3,ʃ,0,60.0,пуш,bare,пушӑ,110.0
utterance_008980,chuvash_voice,турӑ,4,6,1.42,1.72,4,ʌ,ɵ,0,4,1.65,1.72,70.0,r,ɕ,0,0,0,final,1,турӑ,3,r,0,40.0,тур,bare,турӑ,110.0
utterance_008997,chuvash_voice,ҫутӑ,3,5,1.15,1.47,4,ʌ,ɵ,0,4,1.42,1.47,50.0,t,ɕ,0,0,0,final,1,ҫутӑ,3,t,0,80.0,ҫут,bare,ҫутӑ,130.0
utterance_009062,chuvash_voice,ватӑ,2,4,0.56,0.87,4,ʌ,ɵ,0,4,0.81,0.87,60.0,t,p,0,0,0,final,1,ватӑ,3,t,0,70.0,ват,bare,ватӑ,130.0
utterance_009093,chuvash_voice,пуссан,6,7,1.56,2.04,5,ɑ,a,0,4,1.83,1.97,140.0,s,n,0,0,0,medial,1,пуссан,3,s,1,150.0,пус,geminate,пусӑ,290.0
utterance_009094,chuvash_voice,сивӗ,2,10,0.95,1.3,4,ɛ,ø,0,4,1.23,1.3,70.0,v,,0,0,0,final,1,сивӗ,3,v,0,80.0,сив,bare,сивӗ,150.0
utterance_009098,chuvash_voice,йытта,5,5,2.38,3.02,4,ɑ,a,0,4,2.69,3.02,330.0,t,,0,0,0,final,1,йытта,3,t,1,170.0,йыт,geminate,йытӑ,500.0
utterance_009125,chuvash_voice,хуллен,3,18,1.08,1.54,5,e,e,0,4,1.34,1.46,120.0,l,n,0,0,0,medial,1,хуллен,3,l,1,80.0,хул,geminate,хулӑ,200.0
utterance_009126,chuvash_voice,сассине,7,11,3.57,4.12,6,i,i,0,4,3.87,3.92,50.0,s,n,0,0,0,medial,1,сассине,3,s,1,110.0,сас,geminate,сасӑ,160.0
utterance_009128,chuvash_voice,турӑ,8,9,3.02,3.3,4,ʌ,ɵ,0,4,3.23,3.3,70.0,r,k,0,0,0,final,1,турӑ,3,r,0,60.0,тур,bare,турӑ,130.0
utterance_009156,chuvash_voice,пуррине,15,19,6.59,7.16,6,i,i,0,4,6.85,6.94,90.0,r,n,0,0,0,medial,1,пуррине,3,r,1,90.0,пур,geminate,пурӑ,180.0
utterance_009169,chuvash_voice,йытӑ,7,20,3.3,3.56,4,ʌ,ɵ,0,4,3.48,3.56,80.0,t,p,0,0,0,final,1,йытӑ,3,t,0,70.0,йыт,bare,йытӑ,150.0
utterance_009202,chuvash_voice,хушши,11,23,4.63,4.97,4,i,i,0,4,4.92,4.97,50.0,ʃ,ɕ,0,0,0,final,1,хушши,3,ʃ,1,130.0,хуш,geminate,хушӑ,180.0
utterance_009231,chuvash_voice,хуллен,5,7,2.1,2.54,5,e,e,0,4,2.38,2.49,110.0,l,n,0,0,0,medial,1,хуллен,3,l,1,70.0,хул,geminate,хулӑ,180.0
utterance_009333,chuvash_voice,пулӑ,1,13,0.0,0.25,4,ʌ,ɵ,0,4,0.15,0.25,100.0,l,χ,0,0,0,final,1,пулӑ,3,l,0,30.0,пул,bare,пулӑ,130.0
utterance_009344,chuvash_voice,хушшине,23,25,11.51,11.98,6,i,i,0,4,11.73,11.78,50.0,ʃ,n,0,0,0,medial,1,хушшине,3,ʃ,1,130.0,хуш,geminate,хушӑ,180.0
utterance_009347,chuvash_voice,пушӑ,22,25,9.61,9.96,4,ʌ,ɵ,0,4,9.9,9.96,60.0,ʃ,v,0,0,0,final,1,пушӑ,3,ʃ,0,70.0,пуш,bare,пушӑ,130.0
utterance_009364,chuvash_voice,михӗ,9,13,4.25,4.57,4,ɛ,ø,0,4,4.49,4.57,80.0,χ,ɕ,0,0,0,final,1,михӗ,3,χ,0,90.0,мих,bare,михӗ,170.0
utterance_009380,chuvash_voice,хулла,5,8,1.25,1.66,4,ɑ,a,0,4,1.53,1.66,130.0,l,t,0,0,0,final,1,хулла,3,l,1,130.0,хул,geminate,хулӑ,260.0
utterance_009409,chuvash_voice,хушшине,2,4,0.71,1.14,6,i,i,0,4,0.96,1.01,50.0,ʃ,n,0,0,0,medial,1,хушшине,3,ʃ,1,110.0,хуш,geminate,хушӑ,160.0
utterance_009416,chuvash_voice,хушшинче,6,10,2.32,2.8,7,i,i,0,4,2.55,2.6,50.0,ʃ,n,0,0,0,medial,1,хушшинче,3,ʃ,1,110.0,хуш,geminate,хушӑ,160.0
utterance_009424,chuvash_voice,хушшинчен,8,16,3.25,3.83,8,i,i,0,4,3.51,3.57,60.0,ʃ,n,0,0,0,medial,1,хушшинчен,3,ʃ,1,120.0,хуш,geminate,хушӑ,180.0
utterance_009449,chuvash_voice,тулли,4,9,1.49,1.87,4,i,i,0,4,1.82,1.87,50.0,l,v,0,0,0,final,1,тулли,3,l,1,150.0,тул,geminate,тулӑ,200.0
utterance_009456,chuvash_voice,кулленхи,4,13,1.74,2.19,7,e,e,0,4,1.94,1.98,40.0,l,n,0,0,0,medial,1,кулленхи,3,l,1,50.0,кул,geminate,кулӑ,90.0
utterance_009489,chuvash_voice,пӗкӗ,10,12,5.49,5.89,4,ɛ,ø,0,4,5.77,5.89,120.0,k,u,0,1,0,final,1,пӗкӗ,3,k,0,90.0,пӗк,bare,пӗкӗ,210.0
utterance_009505,chuvash_voice,хушшине,14,18,6.5,7.05,6,i,i,0,4,6.81,6.86,50.0,ʃ,n,0,0,0,medial,1,хушшине,3,ʃ,1,140.0,хуш,geminate,хушӑ,190.0
utterance_009521,chuvash_voice,чӗппӗм,1,1,0.33,1.0,5,ɛ,ø,0,4,0.73,0.88,150.0,p,m,0,0,0,medial,1,чӗппӗм,3,p,1,60.0,чӗп,geminate,чӗпӗ,210.0
utterance_009540,chuvash_voice,ҫурри,11,17,7.25,7.69,4,i,i,0,4,7.59,7.69,100.0,r,t,0,0,0,final,1,ҫурри,3,r,1,100.0,ҫур,geminate,ҫурӑ,200.0
utterance_009555,chuvash_voice,ҫуттисене,19,24,8.34,9.02,8,i,i,0,4,8.61,8.67,60.0,t,s,0,0,0,medial,1,ҫуттисене,3,t,1,80.0,ҫут,geminate,ҫутӑ,140.0
utterance_009558,chuvash_voice,вӑрӑ,2,6,0.96,1.23,4,ʌ,ɵ,0,4,1.16,1.23,70.0,r,χ,0,0,0,final,1,вӑрӑ,3,r,0,50.0,вӑр,bare,вӑрӑ,120.0
utterance_009578,chuvash_voice,ҫӗҫҫи,1,13,0.35,0.83,4,i,i,0,4,0.75,0.83,80.0,ɕ,m,0,0,0,final,1,ҫӗҫҫи,3,ɕ,1,170.0,ҫӗҫ,geminate,ҫӗҫӗ,250.0
utterance_009593,chuvash_voice,вӑйӑ,3,4,0.86,1.03,4,ʌ,ɵ,0,4,1.0,1.03,30.0,j,,0,0,0,final,1,вӑйӑ,3,j,0,80.0,вӑй,bare,вӑйӑ,110.0
utterance_009595,chuvash_voice,тулли,4,10,1.91,2.28,4,i,i,0,4,2.21,2.28,70.0,l,k,0,0,0,final,1,тулли,3,l,1,90.0,тул,geminate,тулӑ,160.0
utterance_009609,chuvash_voice,нӑрри,1,10,0.36,0.68,4,i,i,0,4,0.6,0.68,80.0,r,ɕ,0,0,0,final,1,нӑрри,3,r,1,110.0,нӑр,geminate,нӑрӑ,190.0
utterance_009673,chuvash_voice,тулли,8,10,3.31,3.66,4,i,i,0,4,3.55,3.66,110.0,l,ʃ,0,0,0,final,1,тулли,3,l,1,150.0,тул,geminate,тулӑ,260.0
utterance_009676,chuvash_voice,куллен,4,7,1.95,2.49,5,e,e,0,4,2.26,2.42,160.0,l,n,0,0,0,medial,1,куллен,3,l,1,130.0,кул,geminate,кулӑ,290.0
utterance_009680,chuvash_voice,ҫанӑ,11,19,5.18,5.57,4,ʌ,ɵ,0,4,5.51,5.57,60.0,n,v,0,0,0,final,1,ҫанӑ,3,n,0,50.0,ҫан,bare,ҫанӑ,110.0
utterance_009681,chuvash_voice,хушши,2,12,0.83,1.16,4,i,i,0,4,1.11,1.16,50.0,ʃ,m,0,0,0,final,1,хушши,3,ʃ,1,140.0,хуш,geminate,хушӑ,190.0
utterance_009683,chuvash_voice,сулланкаласа,4,8,1.1,1.92,11,ɑ,a,0,4,1.36,1.44,80.0,l,n,0,0,0,medial,1,сулланкаласа,3,l,1,90.0,сул,geminate,сулӑ,170.0
utterance_009688,chuvash_voice,ватӑ,1,8,0.45,0.75,4,ʌ,ɵ,0,4,0.66,0.75,90.0,t,t,0,0,0,final,1,ватӑ,3,t,0,50.0,ват,bare,ватӑ,140.0
utterance_009730,chuvash_voice,сасси,6,11,3.99,4.46,4,i,i,0,4,4.38,4.46,80.0,s,ɕ,0,0,0,final,1,сасси,3,s,1,140.0,сас,geminate,сасӑ,220.0
utterance_009742,chuvash_voice,хушши,5,7,1.65,2.1,4,i,i,0,4,2.0,2.1,100.0,ʃ,v,0,0,0,final,1,хушши,3,ʃ,1,170.0,хуш,geminate,хушӑ,270.0
utterance_009764,chuvash_voice,ҫурринче,8,14,4.77,5.4,7,i,i,0,4,5.04,5.07,30.0,r,n,0,0,0,medial,1,ҫурринче,3,r,1,50.0,ҫур,geminate,ҫурӑ,80.0
utterance_009767,chuvash_voice,тӗкӗ,15,17,6.87,7.12,4,ɛ,ø,0,4,7.09,7.12,30.0,k,ɕ,0,0,0,final,1,тӗкӗ,3,k,0,90.0,тӗк,bare,тӗкӗ,120.0
utterance_009794,chuvash_voice,хушшине,9,14,3.17,3.61,6,i,i,0,4,3.43,3.47,40.0,ʃ,n,0,0,0,medial,1,хушшине,3,ʃ,1,120.0,хуш,geminate,хушӑ,160.0
utterance_009813,chuvash_voice,касса,4,5,1.81,2.21,4,ɑ,a,0,4,2.12,2.21,90.0,s,p,0,0,0,final,1,касса,3,s,1,150.0,кас,geminate,касӑ,240.0
utterance_009834,chuvash_voice,вӑйӑ,5,6,1.87,2.18,4,ʌ,ɵ,0,4,2.13,2.18,50.0,j,v,0,0,0,final,1,вӑйӑ,3,j,0,60.0,вӑй,bare,вӑйӑ,110.0
utterance_009847,chuvash_voice,ҫуррине,3,5,0.76,1.21,6,i,i,0,4,0.99,1.02,30.0,r,n,0,0,0,medial,1,ҫуррине,3,r,1,60.0,ҫур,geminate,ҫурӑ,90.0
utterance_009874,chuvash_voice,ҫемми,6,7,1.92,2.29,4,i,i,0,4,2.18,2.29,110.0,m,m,0,0,0,final,1,ҫемми,3,m,1,70.0,ҫем,geminate,ҫемӗ,180.0
utterance_009879,chuvash_voice,сасси,5,9,1.56,2.02,4,i,i,0,4,1.86,2.02,160.0,s,,0,0,0,final,1,сасси,3,s,1,130.0,сас,geminate,сасӑ,290.0
utterance_009882,chuvash_voice,хуллен,10,12,5.15,5.52,5,e,e,0,4,5.36,5.47,110.0,l,n,0,0,0,medial,1,хуллен,3,l,1,90.0,хул,geminate,хулӑ,200.0
utterance_009885,chuvash_voice,пуррине,6,10,2.71,3.19,6,i,i,0,4,2.89,2.96,70.0,r,n,0,0,0,medial,1,пуррине,3,r,1,70.0,пур,geminate,пурӑ,140.0
utterance_009903,chuvash_voice,сасси,2,12,0.85,1.29,4,i,i,0,4,1.16,1.29,130.0,s,m,0,0,0,final,1,сасси,3,s,1,130.0,сас,geminate,сасӑ,260.0
utterance_009903,chuvash_voice,кӗввине,7,12,3.61,4.01,6,i,i,0,4,3.74,3.87,130.0,v,n,0,0,0,medial,1,кӗввине,3,v,1,30.0,кӗв,geminate,кӗвӗ,160.0
utterance_009905,chuvash_voice,тулли,28,33,12.08,12.44,4,i,i,0,4,12.37,12.44,70.0,l,p,0,0,0,final,1,тулли,3,l,1,80.0,тул,geminate,тулӑ,150.0
utterance_009907,chuvash_voice,хушшинче,3,14,1.09,1.72,7,i,i,0,4,1.36,1.41,50.0,ʃ,n,0,0,0,medial,1,хушшинче,3,ʃ,1,130.0,хуш,geminate,хушӑ,180.0
utterance_009931,chuvash_voice,ҫутӑ,3,7,1.32,1.6,4,ʌ,ɵ,0,4,1.56,1.6,40.0,t,j,0,0,0,final,1,ҫутӑ,3,t,0,50.0,ҫут,bare,ҫутӑ,90.0
utterance_009936,chuvash_voice,тулли,5,13,2.27,2.63,4,i,i,0,4,2.5,2.63,130.0,l,,0,0,0,final,1,тулли,3,l,1,90.0,тул,geminate,тулӑ,220.0
utterance_009956,chuvash_voice,ваттисен,1,8,0.21,0.74,7,i,i,0,4,0.44,0.5,60.0,t,s,0,0,0,medial,1,ваттисен,3,t,1,90.0,ват,geminate,ватӑ,150.0
utterance_009959,chuvash_voice,сиввӗн,8,10,3.06,3.44,5,ɛ,ø,0,4,3.27,3.37,100.0,v,n,0,0,0,medial,1,сиввӗн,3,v,1,30.0,сив,geminate,сивӗ,130.0
utterance_009966,chuvash_voice,хушшине,6,9,2.74,3.22,6,i,i,0,4,3.01,3.06,50.0,ʃ,n,0,0,0,medial,1,хушшине,3,ʃ,1,130.0,хуш,geminate,хушӑ,180.0
utterance_010010,chuvash_voice,хушши,14,19,6.7,7.12,4,i,i,0,4,7.01,7.12,110.0,ʃ,k,0,0,0,final,1,хушши,3,ʃ,1,150.0,хуш,geminate,хушӑ,260.0
utterance_010024,chuvash_voice,хушшинчен,3,9,0.95,1.55,8,i,i,0,4,1.24,1.29,50.0,ʃ,n,0,0,0,medial,1,хушшинчен,3,ʃ,1,130.0,хуш,geminate,хушӑ,180.0
utterance_010031,chuvash_voice,хушшинчен,5,11,2.25,2.83,8,i,i,0,4,2.52,2.57,50.0,ʃ,n,0,0,0,medial,1,хушшинчен,3,ʃ,1,120.0,хуш,geminate,хушӑ,170.0
utterance_010053,chuvash_voice,турӑ,4,9,1.31,1.61,4,ʌ,ɵ,0,4,1.53,1.61,80.0,r,ɕ,0,0,0,final,1,турӑ,3,r,0,40.0,тур,bare,турӑ,120.0
utterance_010057,chuvash_voice,хушшинчен,7,13,2.53,3.11,8,i,i,0,4,2.79,2.84,50.0,ʃ,n,0,0,0,medial,1,хушшинчен,3,ʃ,1,120.0,хуш,geminate,хушӑ,170.0
utterance_010058,chuvash_voice,тӗрӗ,14,18,6.44,6.74,4,ɛ,ø,0,4,6.65,6.74,90.0,r,t,0,0,0,final,1,тӗрӗ,3,r,0,40.0,тӗр,bare,тӗрӗ,130.0
utterance_010066,chuvash_voice,пекки,5,6,1.93,2.28,4,i,i,0,4,2.2,2.28,80.0,k,t,0,0,0,final,1,пекки,3,k,1,110.0,пек,geminate,пекӗ,190.0
utterance_010070,chuvash_voice,суллакаларӗ,9,20,4.64,5.31,10,ɑ,a,0,4,4.83,4.86,30.0,l,k,0,0,0,medial,1,суллакаларӗ,3,l,1,40.0,сул,geminate,сулӑ,70.0
utterance_010092,chuvash_voice,сасси,3,4,1.23,1.58,4,i,i,0,4,1.54,1.58,40.0,s,i,0,1,0,final,1,сасси,3,s,1,150.0,сас,geminate,сасӑ,190.0
utterance_010109,chuvash_voice,пусӑ,4,19,2.26,2.57,4,ʌ,ɵ,0,4,2.53,2.57,40.0,s,p,0,0,0,final,1,пусӑ,3,s,0,100.0,пус,bare,пусӑ,140.0
utterance_010117,chuvash_voice,пушӑ,6,10,2.25,2.61,4,ʌ,ɵ,0,4,2.56,2.61,50.0,ʃ,a,0,1,0,final,1,пушӑ,3,ʃ,0,60.0,пуш,bare,пушӑ,110.0
utterance_010139,chuvash_voice,ватӑ,4,15,1.46,1.76,4,ʌ,ɵ,0,4,1.71,1.76,50.0,t,t,0,0,0,final,1,ватӑ,3,t,0,70.0,ват,bare,ватӑ,120.0
utterance_010139,chuvash_voice,хушшинчен,12,15,5.16,5.75,8,i,i,0,4,5.42,5.46,40.0,ʃ,n,0,0,0,medial,1,хушшинчен,3,ʃ,1,130.0,хуш,geminate,хушӑ,170.0
utterance_010147,chuvash_voice,хуллен,11,17,4.94,5.34,5,e,e,0,4,5.15,5.27,120.0,l,n,0,0,0,medial,1,хуллен,3,l,1,100.0,хул,geminate,хулӑ,220.0
utterance_010149,chuvash_voice,сасси,9,9,3.6,4.51,4,i,i,0,4,3.9,4.51,610.0,s,,0,0,0,final,1,сасси,3,s,1,140.0,сас,geminate,сасӑ,750.0
utterance_010179,chuvash_voice,пушшех,15,19,5.92,6.37,5,e,e,0,4,6.21,6.28,70.0,ʃ,χ,0,0,0,medial,1,пушшех,3,ʃ,1,150.0,пуш,geminate,пушӑ,220.0
utterance_010181,chuvash_voice,пушшех,5,13,1.91,2.58,5,e,e,0,4,2.41,2.49,80.0,ʃ,χ,0,0,0,medial,1,пушшех,3,ʃ,1,140.0,пуш,geminate,пушӑ,220.0
utterance_010182,chuvash_voice,тырӑ,13,17,7.41,7.75,4,ʌ,ɵ,0,4,7.69,7.75,60.0,r,,0,0,0,final,1,тырӑ,3,r,0,60.0,тыр,bare,тырӑ,120.0
utterance_010184,chuvash_voice,тӗррисемпе,4,13,1.49,2.19,9,i,i,0,4,1.76,1.8,40.0,r,s,0,0,0,medial,1,тӗррисемпе,3,r,1,100.0,тӗр,geminate,тӗрӗ,140.0
utterance_010186,chuvash_voice,турӑ,9,10,3.65,3.92,4,ʌ,ɵ,0,4,3.84,3.92,80.0,r,ɕ,0,0,0,final,1,турӑ,3,r,0,40.0,тур,bare,турӑ,120.0
utterance_010211,chuvash_voice,хушшинче,5,16,1.76,2.39,7,i,i,0,4,2.03,2.09,60.0,ʃ,n,0,0,0,medial,1,хушшинче,3,ʃ,1,130.0,хуш,geminate,хушӑ,190.0
utterance_010216,chuvash_voice,хушшинчех,13,23,6.76,7.51,8,i,i,0,4,7.1,7.15,50.0,ʃ,n,0,0,0,medial,1,хушшинчех,3,ʃ,1,130.0,хуш,geminate,хушӑ,180.0
utterance_010238,chuvash_voice,туллиех,2,6,1.08,1.75,6,i,i,0,4,1.42,1.55,130.0,l,e,0,1,0,medial,1,туллиех,3,l,1,130.0,тул,geminate,тулӑ,260.0
utterance_010246,chuvash_voice,хушши,37,56,16.78,17.13,4,i,i,0,4,17.08,17.13,50.0,ʃ,p,0,0,0,final,1,хушши,3,ʃ,1,140.0,хуш,geminate,хушӑ,190.0
utterance_010259,chuvash_voice,тырӑ,4,7,1.65,1.95,4,ʌ,ɵ,0,4,1.85,1.95,100.0,r,v,0,0,0,final,1,тырӑ,3,r,0,40.0,тыр,bare,тырӑ,140.0
utterance_010272,chuvash_voice,хуллен,8,20,3.48,3.97,5,e,e,0,4,3.76,3.9,140.0,l,n,0,0,0,medial,1,хуллен,3,l,1,100.0,хул,geminate,хулӑ,240.0
utterance_010288,chuvash_voice,хуллен,5,11,1.73,2.18,5,e,e,0,4,1.98,2.09,110.0,l,n,0,0,0,medial,1,хуллен,3,l,1,110.0,хул,geminate,хулӑ,220.0
utterance_010309,chuvash_voice,кӗлӗ,3,5,1.01,1.28,4,ɛ,ø,0,4,1.23,1.28,50.0,l,p,0,0,0,final,1,кӗлӗ,3,l,0,50.0,кӗл,bare,кӗлӗ,100.0
utterance_010341,chuvash_voice,сивӗ,1,5,0.27,0.66,4,ɛ,ø,0,4,0.59,0.66,70.0,v,,0,0,0,final,1,сивӗ,3,v,0,100.0,сив,bare,сивӗ,170.0
utterance_010348,chuvash_voice,хупписене,5,8,2.56,3.26,8,i,i,0,4,2.83,2.89,60.0,p,s,0,0,0,medial,1,хупписене,3,p,1,80.0,хуп,geminate,хупӑ,140.0
utterance_010349,chuvash_voice,хупӑ,1,17,0.22,0.47,4,ʌ,ɵ,0,4,0.36,0.47,110.0,p,k,0,0,0,final,1,хупӑ,3,p,0,50.0,хуп,bare,хупӑ,160.0
utterance_010360,chuvash_voice,хушшинче,15,20,5.04,5.44,7,i,i,0,4,5.31,5.34,30.0,ʃ,n,0,0,0,medial,1,хушшинче,3,ʃ,1,100.0,хуш,geminate,хушӑ,130.0
utterance_010366,chuvash_voice,йытӑ,4,8,1.73,2.14,4,ʌ,ɵ,0,4,2.04,2.14,100.0,t,χ,0,0,0,final,1,йытӑ,3,t,0,60.0,йыт,bare,йытӑ,160.0
utterance_010372,chuvash_voice,ҫурри,9,11,4.36,4.79,4,i,i,0,4,4.72,4.79,70.0,r,tʃ,0,0,0,final,1,ҫурри,3,r,1,80.0,ҫур,geminate,ҫурӑ,150.0
utterance_010374,chuvash_voice,тӗрӗ,5,10,1.6,1.85,4,ɛ,ø,0,4,1.79,1.85,60.0,r,b,0,0,0,final,1,тӗрӗ,3,r,0,40.0,тӗр,bare,тӗрӗ,100.0
utterance_010376,chuvash_voice,ҫутӑ,6,12,3.02,3.41,4,ʌ,ɵ,0,4,3.31,3.41,100.0,t,t,0,0,0,final,1,ҫутӑ,3,t,0,70.0,ҫут,bare,ҫутӑ,170.0
utterance_010403,chuvash_voice,хуллен,6,9,2.31,2.81,5,e,e,0,4,2.64,2.76,120.0,l,n,0,0,0,medial,1,хуллен,3,l,1,80.0,хул,geminate,хулӑ,200.0
utterance_010404,chuvash_voice,пуррине,4,12,1.56,2.1,6,i,i,0,4,1.79,1.86,70.0,r,n,0,0,0,medial,1,пуррине,3,r,1,70.0,пур,geminate,пурӑ,140.0
utterance_010413,chuvash_voice,тилле,7,9,3.47,3.82,4,e,e,0,4,3.7,3.82,120.0,l,χ,0,0,0,final,1,тилле,3,l,1,110.0,тил,geminate,тилӗ,230.0
utterance_010415,chuvash_voice,пушӑ,8,15,3.82,4.16,4,ʌ,ɵ,0,4,4.11,4.16,50.0,ʃ,m,0,0,0,final,1,пушӑ,3,ʃ,0,80.0,пуш,bare,пушӑ,130.0
utterance_010420,chuvash_voice,сасси,4,11,1.41,1.77,4,i,i,0,4,1.69,1.77,80.0,s,j,0,0,0,final,1,сасси,3,s,1,140.0,сас,geminate,сасӑ,220.0
utterance_010437,chuvash_voice,ҫутӑ,19,24,9.51,9.85,4,ʌ,ɵ,0,4,9.79,9.85,60.0,t,χ,0,0,0,final,1,ҫутӑ,3,t,0,80.0,ҫут,bare,ҫутӑ,140.0
utterance_010444,chuvash_voice,пуррине,2,11,0.62,1.0,6,i,i,0,4,0.81,0.87,60.0,r,n,0,0,0,medial,1,пуррине,3,r,1,90.0,пур,geminate,пурӑ,150.0
utterance_010480,chuvash_voice,сасси,9,11,4.43,4.75,4,i,i,0,4,4.71,4.75,40.0,s,j,0,0,0,final,1,сасси,3,s,1,140.0,сас,geminate,сасӑ,180.0
utterance_010483,chuvash_voice,пӑтти,8,17,3.61,4.02,4,i,i,0,4,3.91,4.02,110.0,t,ɕ,0,0,0,final,1,пӑтти,3,t,1,90.0,пӑт,geminate,пӑтӑ,200.0
utterance_010487,chuvash_voice,сассине,5,14,1.71,2.28,6,i,i,0,4,2.03,2.09,60.0,s,n,0,0,0,medial,1,сассине,3,s,1,150.0,сас,geminate,сасӑ,210.0
utterance_010505,chuvash_voice,хушши,11,21,5.15,5.64,4,i,i,0,4,5.48,5.64,160.0,ʃ,tʃ,0,0,0,final,1,хушши,3,ʃ,1,150.0,хуш,geminate,хушӑ,310.0
utterance_010519,chuvash_voice,михӗ,9,11,3.91,4.22,4,ɛ,ø,0,4,4.19,4.22,30.0,χ,i,0,1,0,final,1,михӗ,3,χ,0,140.0,мих,bare,михӗ,170.0
utterance_010525,chuvash_voice,ҫутӑ,3,7,0.93,1.23,4,ʌ,ɵ,0,4,1.18,1.23,50.0,t,tʃ,0,0,0,final,1,ҫутӑ,3,t,0,60.0,ҫут,bare,ҫутӑ,110.0
utterance_010532,chuvash_voice,пеккине,4,5,0.83,1.27,6,i,i,0,4,1.06,1.11,50.0,k,n,0,0,0,medial,1,пеккине,3,k,1,110.0,пек,geminate,пекӗ,160.0
utterance_010544,chuvash_voice,кулӑ,1,7,0.2,0.48,4,ʌ,ɵ,0,4,0.43,0.48,50.0,l,v,0,0,0,final,1,кулӑ,3,l,0,100.0,кул,bare,кулӑ,150.0
utterance_010577,chuvash_voice,хушӑ,2,5,0.39,0.73,4,ʌ,ɵ,0,4,0.68,0.73,50.0,ʃ,v,0,0,0,final,1,хушӑ,3,ʃ,0,90.0,хуш,bare,хушӑ,140.0
utterance_010588,chuvash_voice,сассине,7,12,3.47,3.96,6,i,i,0,4,3.76,3.81,50.0,s,n,0,0,0,medial,1,сассине,3,s,1,130.0,сас,geminate,сасӑ,180.0
utterance_010592,chuvash_voice,пуррине,5,8,2.13,2.59,6,i,i,0,4,2.32,2.4,80.0,r,n,0,0,0,medial,1,пуррине,3,r,1,80.0,пур,geminate,пурӑ,160.0
utterance_010615,chuvash_voice,пекки,2,6,0.64,0.97,4,i,i,0,4,0.87,0.97,100.0,k,ʃ,0,0,0,final,1,пекки,3,k,1,100.0,пек,geminate,пекӗ,200.0
utterance_010625,chuvash_voice,касса,15,17,5.57,5.92,4,ɑ,a,0,4,5.83,5.92,90.0,s,t,0,0,0,final,1,касса,3,s,1,110.0,кас,geminate,касӑ,200.0
utterance_010667,chuvash_voice,пушшех,2,14,0.84,1.32,5,e,e,0,4,1.16,1.22,60.0,ʃ,χ,0,0,0,medial,1,пушшех,3,ʃ,1,140.0,пуш,geminate,пушӑ,200.0
utterance_010671,chuvash_voice,сассисене,2,4,1.04,1.7,8,i,i,0,4,1.32,1.38,60.0,s,s,0,0,0,medial,1,сассисене,3,s,1,100.0,сас,geminate,сасӑ,160.0
utterance_010690,chuvash_voice,хуллен,4,8,1.32,1.73,5,e,e,0,4,1.57,1.69,120.0,l,n,0,0,0,medial,1,хуллен,3,l,1,60.0,хул,geminate,хулӑ,180.0
utterance_010692,chuvash_voice,вулли,3,32,1.11,1.4,4,i,i,0,4,1.33,1.4,70.0,l,ɕ,0,0,0,final,1,вулли,3,l,1,80.0,вул,geminate,вулӑ,150.0
utterance_010699,chuvash_voice,хуллен,4,11,1.38,1.94,5,e,e,0,4,1.68,1.83,150.0,l,n,0,0,0,medial,1,хуллен,3,l,1,90.0,хул,geminate,хулӑ,240.0
utterance_010699,chuvash_voice,сасӑ,8,11,3.41,3.82,4,ʌ,ɵ,0,4,3.74,3.82,80.0,s,p,0,0,0,final,1,сасӑ,3,s,0,70.0,сас,bare,сасӑ,150.0
utterance_010708,chuvash_voice,тулли,4,8,1.73,2.03,4,i,i,0,4,1.96,2.03,70.0,l,s,0,0,0,final,1,тулли,3,l,1,130.0,тул,geminate,тулӑ,200.0
utterance_010723,chuvash_voice,турра,11,15,4.95,5.37,4,ɑ,a,0,4,5.18,5.37,190.0,r,,0,0,0,final,1,турра,3,r,1,110.0,тур,geminate,турӑ,300.0
utterance_010724,chuvash_voice,пуссӑн,3,14,1.5,2.22,5,ʌ,ɵ,0,4,1.91,1.99,80.0,s,n,0,0,0,medial,1,пуссӑн,3,s,1,170.0,пус,geminate,пусӑ,250.0
utterance_010746,chuvash_voice,пуррине,2,4,0.79,1.17,6,i,i,0,4,0.95,1.02,70.0,r,n,0,0,0,medial,1,пуррине,3,r,1,60.0,пур,geminate,пурӑ,130.0
utterance_010754,chuvash_voice,касса,4,6,1.32,1.7,4,ɑ,a,0,4,1.58,1.7,120.0,s,tʃ,0,0,0,final,1,касса,3,s,1,130.0,кас,geminate,касӑ,250.0
utterance_010767,chuvash_voice,хушшинчи,10,23,3.94,4.4,7,i,i,0,4,4.15,4.19,40.0,ʃ,n,0,0,0,medial,1,хушшинчи,3,ʃ,1,130.0,хуш,geminate,хушӑ,170.0
utterance_010779,chuvash_voice,хушшинче,8,14,6.35,7.34,7,i,i,0,4,6.54,6.59,50.0,ʃ,n,0,0,0,medial,1,хушшинче,3,ʃ,1,110.0,хуш,geminate,хушӑ,160.0
utterance_010779,chuvash_voice,хупӑ,9,14,7.34,8.47,4,ʌ,ɵ,0,4,7.95,8.47,520.0,p,k,0,0,0,final,1,хупӑ,3,p,0,40.0,хуп,bare,хупӑ,560.0
utterance_010779,chuvash_voice,хушшинче,14,14,10.7,11.3833,7,i,i,0,4,10.83,10.89,60.0,ʃ,n,0,0,0,medial,1,хушшинче,3,ʃ,1,40.0,хуш,geminate,хушӑ,100.0
utterance_010787,chuvash_voice,ватӑ,1,8,0.59,0.88,4,ʌ,ɵ,0,4,0.81,0.88,70.0,t,ɕ,0,0,0,final,1,ватӑ,3,t,0,60.0,ват,bare,ватӑ,130.0
utterance_010795,chuvash_voice,сивӗ,4,6,2.15,2.57,4,ɛ,ø,0,4,2.43,2.57,140.0,v,i,0,1,0,final,1,сивӗ,3,v,0,60.0,сив,bare,сивӗ,200.0
utterance_010822,chuvash_voice,сивӗ,1,2,0.17,0.53,4,ɛ,ø,0,4,0.46,0.53,70.0,v,t,0,0,0,final,1,сивӗ,3,v,0,50.0,сив,bare,сивӗ,120.0
utterance_010837,chuvash_voice,вӑрра,5,12,1.95,2.34,4,ɑ,a,0,4,2.21,2.34,130.0,r,p,0,0,0,final,1,вӑрра,3,r,1,90.0,вӑр,geminate,вӑрӑ,220.0
utterance_010842,chuvash_voice,пуррине,11,14,5.31,5.79,6,i,i,0,4,5.53,5.57,40.0,r,n,0,0,0,medial,1,пуррине,3,r,1,100.0,пур,geminate,пурӑ,140.0
utterance_010849,chuvash_voice,пӑтти,6,8,2.39,2.72,4,i,i,0,4,2.64,2.72,80.0,t,ɕ,0,0,0,final,1,пӑтти,3,t,1,70.0,пӑт,geminate,пӑтӑ,150.0
utterance_010858,chuvash_voice,ватӑ,3,12,1.07,1.39,4,ʌ,ɵ,0,4,1.35,1.39,40.0,t,j,0,0,0,final,1,ватӑ,3,t,0,60.0,ват,bare,ватӑ,100.0
utterance_010858,chuvash_voice,пусӑ,5,12,2.07,2.38,4,ʌ,ɵ,0,4,2.32,2.38,60.0,s,ɕ,0,0,0,final,1,пусӑ,3,s,0,80.0,пус,bare,пусӑ,140.0
utterance_010861,chuvash_voice,ҫурӑ,2,12,0.52,0.82,4,ʌ,ɵ,0,4,0.75,0.82,70.0,r,e,0,1,0,final,1,ҫурӑ,3,r,0,50.0,ҫур,bare,ҫурӑ,120.0
utterance_010875,chuvash_voice,кӗвӗ,8,9,3.86,4.18,4,ɛ,ø,0,4,4.09,4.18,90.0,v,k,0,0,0,final,1,кӗвӗ,3,v,0,70.0,кӗв,bare,кӗвӗ,160.0
utterance_010878,chuvash_voice,вӑйӑ,3,11,0.89,1.19,4,ʌ,ɵ,0,4,1.15,1.19,40.0,j,k,0,0,0,final,1,вӑйӑ,3,j,0,70.0,вӑй,bare,вӑйӑ,110.0
utterance_010914,chuvash_voice,туллатнӑ,3,6,2.13,2.69,7,ɑ,a,0,4,2.38,2.48,100.0,l,t,0,0,0,medial,1,туллатнӑ,3,l,1,150.0,тул,geminate,тулӑ,250.0
utterance_010921,chuvash_voice,сивӗ,2,4,0.62,1.01,4,ɛ,ø,0,4,0.96,1.01,50.0,v,a,0,1,0,final,1,сивӗ,3,v,0,50.0,сив,bare,сивӗ,100.0
utterance_010927,chuvash_voice,тулли,2,9,0.51,0.9,4,i,i,0,4,0.72,0.9,180.0,l,a,0,1,0,final,1,тулли,3,l,1,100.0,тул,geminate,тулӑ,280.0
utterance_010928,chuvash_voice,турӑ,2,6,0.56,0.87,4,ʌ,ɵ,0,4,0.78,0.87,90.0,r,m,0,0,0,final,1,турӑ,3,r,0,40.0,тур,bare,турӑ,130.0
utterance_010928,chuvash_voice,кӗллине,5,6,1.36,1.86,6,i,i,0,4,1.58,1.67,90.0,l,n,0,0,0,medial,1,кӗллине,3,l,1,50.0,кӗл,geminate,кӗлӗ,140.0
utterance_010951,chuvash_voice,пуррине,6,7,2.08,2.61,6,i,i,0,4,2.3,2.37,70.0,r,n,0,0,0,medial,1,пуррине,3,r,1,70.0,пур,geminate,пурӑ,140.0
utterance_010968,chuvash_voice,ҫутӑ,9,13,3.64,3.98,4,ʌ,ɵ,0,4,3.91,3.98,70.0,t,t,0,0,0,final,1,ҫутӑ,3,t,0,70.0,ҫут,bare,ҫутӑ,140.0
utterance_010987,chuvash_voice,сасси,1,3,0.29,0.74,4,i,i,0,4,0.67,0.74,70.0,s,t,0,0,0,final,1,сасси,3,s,1,150.0,сас,geminate,сасӑ,220.0
utterance_011037,chuvash_voice,тырӑ,9,12,3.28,3.68,4,ʌ,ɵ,0,4,3.56,3.68,120.0,r,,0,0,0,final,1,тырӑ,3,r,0,120.0,тыр,bare,тырӑ,240.0
utterance_011043,chuvash_voice,хушшине,10,13,3.95,4.37,6,i,i,0,4,4.21,4.24,30.0,ʃ,n,0,0,0,medial,1,хушшине,3,ʃ,1,130.0,хуш,geminate,хушӑ,160.0
utterance_011044,chuvash_voice,сассине,13,15,6.09,6.62,6,i,i,0,4,6.4,6.44,40.0,s,n,0,0,0,medial,1,сассине,3,s,1,110.0,сас,geminate,сасӑ,150.0
utterance_011059,chuvash_voice,йытӑ,3,7,1.73,2.01,4,ʌ,ɵ,0,4,1.96,2.01,50.0,t,χ,0,0,0,final,1,йытӑ,3,t,0,80.0,йыт,bare,йытӑ,130.0
utterance_011067,chuvash_voice,тулли,9,15,4.11,4.39,4,i,i,0,4,4.31,4.39,80.0,l,m,0,0,0,final,1,тулли,3,l,1,40.0,тул,geminate,тулӑ,120.0
utterance_011075,chuvash_voice,пеккисем,3,16,1.36,1.85,7,i,i,0,4,1.59,1.63,40.0,k,s,0,0,0,medial,1,пеккисем,3,k,1,120.0,пек,geminate,пекӗ,160.0
utterance_011080,chuvash_voice,хушшинче,3,4,2.1,2.61,7,i,i,0,4,2.36,2.4,40.0,ʃ,n,0,0,0,medial,1,хушшинче,3,ʃ,1,130.0,хуш,geminate,хушӑ,170.0
utterance_011081,chuvash_voice,ҫурӑ,7,11,3.61,3.92,4,ʌ,ɵ,0,4,3.83,3.92,90.0,r,χ,0,0,0,final,1,ҫурӑ,3,r,0,40.0,ҫур,bare,ҫурӑ,130.0
utterance_011081,chuvash_voice,хушшинче,8,11,3.92,4.54,7,i,i,0,4,4.17,4.25,80.0,ʃ,n,0,0,0,medial,1,хушшинче,3,ʃ,1,110.0,хуш,geminate,хушӑ,190.0
utterance_011100,chuvash_voice,сассипе,8,8,3.54,4.05,6,i,i,0,4,3.82,3.87,50.0,s,p,0,0,0,medial,1,сассипе,3,s,1,140.0,сас,geminate,сасӑ,190.0
utterance_011103,chuvash_voice,хушшинче,2,5,0.84,1.24,7,i,i,0,4,1.05,1.08,30.0,ʃ,n,0,0,0,medial,1,хушшинче,3,ʃ,1,110.0,хуш,geminate,хушӑ,140.0
utterance_011115,chuvash_voice,хушшинче,3,6,0.88,1.43,7,i,i,0,4,1.16,1.22,60.0,ʃ,n,0,0,0,medial,1,хушшинче,3,ʃ,1,120.0,хуш,geminate,хушӑ,180.0
utterance_011125,chuvash_voice,сиввӗн,4,8,1.37,1.85,5,ɛ,ø,0,4,1.64,1.76,120.0,v,n,0,0,0,medial,1,сиввӗн,3,v,1,30.0,сив,geminate,сивӗ,150.0
utterance_011127,chuvash_voice,хушшинчен,6,14,2.72,3.28,8,i,i,0,4,2.98,3.04,60.0,ʃ,n,0,0,0,medial,1,хушшинчен,3,ʃ,1,120.0,хуш,geminate,хушӑ,180.0
utterance_011140,chuvash_voice,хуллен,1,15,0.49,0.97,5,e,e,0,4,0.7,0.82,120.0,l,n,0,0,0,medial,1,хуллен,3,l,1,80.0,хул,geminate,хулӑ,200.0
utterance_011216,chuvash_voice,пушӑ,3,10,0.87,1.13,4,ʌ,ɵ,0,4,1.08,1.13,50.0,ʃ,v,0,0,0,final,1,пушӑ,3,ʃ,0,60.0,пуш,bare,пушӑ,110.0
utterance_011253,chuvash_voice,пушӑ,10,27,4.35,4.65,4,ʌ,ɵ,0,4,4.57,4.65,80.0,ʃ,p,0,0,0,final,1,пушӑ,3,ʃ,0,70.0,пуш,bare,пушӑ,150.0
utterance_011253,chuvash_voice,пусӑ,24,27,12.35,12.64,4,ʌ,ɵ,0,4,12.57,12.64,70.0,s,ɕ,0,0,0,final,1,пусӑ,3,s,0,50.0,пус,bare,пусӑ,120.0
utterance_011273,chuvash_voice,кулли,4,6,1.9,2.24,4,i,i,0,4,2.14,2.24,100.0,l,k,0,0,0,final,1,кулли,3,l,1,120.0,кул,geminate,кулӑ,220.0
utterance_011285,chuvash_voice,сулланса,6,17,2.22,2.77,7,ɑ,a,0,4,2.48,2.56,80.0,l,n,0,0,0,medial,1,сулланса,3,l,1,110.0,сул,geminate,сулӑ,190.0
utterance_011298,chuvash_voice,суллаҫҫӗ,4,8,2.2,2.74,6,ɑ,a,0,4,2.49,2.59,100.0,l,ɕ,0,0,0,medial,1,суллаҫҫӗ,3,l,1,110.0,сул,geminate,сулӑ,210.0
utterance_011298,chuvash_voice,суллаҫҫӗ,4,8,2.2,2.74,6,ɛ,ø,0,6,2.7,2.74,40.0,ɕ,p,0,0,0,final,1,суллаҫҫӗ,5,ɕ,1,110.0,сул,geminate,сулӑ,150.0
utterance_011317,chuvash_voice,куллен,12,15,4.88,5.32,5,e,e,0,4,5.11,5.23,120.0,l,n,0,0,0,medial,1,куллен,3,l,1,100.0,кул,geminate,кулӑ,220.0
utterance_011325,chuvash_voice,сӑввисене,4,22,1.93,2.5,8,i,i,0,4,2.16,2.22,60.0,v,s,0,0,0,medial,1,сӑввисене,3,v,1,30.0,сӑв,geminate,сӑвӑ,90.0
utterance_011329,chuvash_voice,сиввӗнрех,15,16,5.88,6.55,8,ɛ,ø,0,4,6.15,6.23,80.0,v,n,0,0,0,medial,1,сиввӗнрех,3,v,1,30.0,сив,geminate,сивӗ,110.0
utterance_011336,chuvash_voice,хушши,4,17,0.9,1.24,4,i,i,0,4,1.18,1.24,60.0,ʃ,p,0,0,0,final,1,хушши,3,ʃ,1,110.0,хуш,geminate,хушӑ,170.0
utterance_011354,chuvash_voice,хушӑ,12,15,5.14,5.53,4,ʌ,ɵ,0,4,5.46,5.53,70.0,ʃ,n,0,0,0,final,1,хушӑ,3,ʃ,0,100.0,хуш,bare,хушӑ,170.0
utterance_011361,chuvash_voice,ҫутӑ,3,8,0.47,0.78,4,ʌ,ɵ,0,4,0.72,0.78,60.0,t,χ,0,0,0,final,1,ҫутӑ,3,t,0,50.0,ҫут,bare,ҫутӑ,110.0
utterance_011365,chuvash_voice,ташшисем,8,9,4.84,5.32,7,i,i,0,4,5.04,5.08,40.0,ʃ,s,0,0,0,medial,1,ташшисем,3,ʃ,1,100.0,таш,geminate,ташӑ,140.0
utterance_011369,chuvash_voice,вулла,5,14,2.24,2.56,4,ɑ,a,0,4,2.46,2.56,100.0,l,χ,0,0,0,final,1,вулла,3,l,1,110.0,вул,geminate,вулӑ,210.0
utterance_011403,chuvash_voice,сасси,4,5,1.9,2.27,4,i,i,0,4,2.2,2.27,70.0,s,ɕ,0,0,0,final,1,сасси,3,s,1,150.0,сас,geminate,сасӑ,220.0
utterance_011407,chuvash_voice,касса,6,9,2.56,2.92,4,ɑ,a,0,4,2.82,2.92,100.0,s,t,0,0,0,final,1,касса,3,s,1,120.0,кас,geminate,касӑ,220.0
utterance_011430,chuvash_voice,хушши,20,27,9.57,10.0,4,i,i,0,4,9.87,10.0,130.0,ʃ,,0,0,0,final,1,хушши,3,ʃ,1,150.0,хуш,geminate,хушӑ,280.0
utterance_011444,chuvash_voice,тулли,9,37,5.03,5.37,4,i,i,0,4,5.27,5.37,100.0,l,t,0,0,0,final,1,тулли,3,l,1,90.0,тул,geminate,тулӑ,190.0
utterance_011447,chuvash_voice,куллен,9,16,4.3,4.68,5,e,e,0,4,4.46,4.56,100.0,l,n,0,0,0,medial,1,куллен,3,l,1,70.0,кул,geminate,кулӑ,170.0
utterance_011463,chuvash_voice,пуррипе,3,11,1.09,1.5,6,i,i,0,4,1.28,1.39,110.0,r,p,0,0,0,medial,1,пуррипе,3,r,1,80.0,пур,geminate,пурӑ,190.0
utterance_011464,chuvash_voice,ватӑ,22,34,12.12,12.39,4,ʌ,ɵ,0,4,12.33,12.39,60.0,t,χ,0,0,0,final,1,ватӑ,3,t,0,50.0,ват,bare,ватӑ,110.0
utterance_011487,chuvash_voice,хупписем,3,18,1.19,1.77,7,i,i,0,4,1.46,1.53,70.0,p,s,0,0,0,medial,1,хупписем,3,p,1,120.0,хуп,geminate,хупӑ,190.0
utterance_011487,chuvash_voice,хупӑ,8,18,2.98,3.33,4,ʌ,ɵ,0,4,3.27,3.33,60.0,p,t,0,0,0,final,1,хупӑ,3,p,0,90.0,хуп,bare,хупӑ,150.0
utterance_011507,chuvash_voice,пушӑ,3,4,1.92,2.21,4,ʌ,ɵ,0,4,2.17,2.21,40.0,ʃ,u,0,1,0,final,1,пушӑ,3,ʃ,0,80.0,пуш,bare,пушӑ,120.0
utterance_011515,chuvash_voice,кулленех,4,7,1.54,2.07,7,e,e,0,4,1.76,1.85,90.0,l,n,0,0,0,medial,1,кулленех,3,l,1,100.0,кул,geminate,кулӑ,190.0
utterance_011520,chuvash_voice,ҫанни,4,9,1.56,1.95,4,i,i,0,4,1.85,1.95,100.0,n,m,0,0,0,final,1,ҫанни,3,n,1,40.0,ҫан,geminate,ҫанӑ,140.0
utterance_011526,chuvash_voice,ҫутӑ,4,4,1.5,1.97,4,ʌ,ɵ,0,4,1.8,1.97,170.0,t,,0,0,0,final,1,ҫутӑ,3,t,0,80.0,ҫут,bare,ҫутӑ,250.0
utterance_011533,chuvash_voice,тӗрӗ,12,20,5.11,5.47,4,ɛ,ø,0,4,5.36,5.47,110.0,r,t,0,0,0,final,1,тӗрӗ,3,r,0,30.0,тӗр,bare,тӗрӗ,140.0
utterance_011533,chuvash_voice,вӗтӗ,14,20,6.07,6.33,4,ɛ,ø,0,4,6.27,6.33,60.0,t,ʃ,0,0,0,final,1,вӗтӗ,3,t,0,60.0,вӗт,bare,вӗтӗ,120.0
utterance_011542,chuvash_voice,ватӑ,1,7,0.46,0.75,4,ʌ,ɵ,0,4,0.67,0.75,80.0,t,ɕ,0,0,0,final,1,ватӑ,3,t,0,70.0,ват,bare,ватӑ,150.0
utterance_011546,chuvash_voice,турӑ,1,3,0.29,0.61,4,ʌ,ɵ,0,4,0.49,0.61,120.0,r,,0,0,0,final,1,турӑ,3,r,0,50.0,тур,bare,турӑ,170.0
utterance_011548,chuvash_voice,хушшинче,4,15,1.35,1.84,7,i,i,0,4,1.62,1.65,30.0,ʃ,n,0,0,0,medial,1,хушшинче,3,ʃ,1,140.0,хуш,geminate,хушӑ,170.0
utterance_011552,chuvash_voice,сассинче,2,6,0.43,0.95,7,i,i,0,4,0.7,0.74,40.0,s,n,0,0,0,medial,1,сассинче,3,s,1,130.0,сас,geminate,сасӑ,170.0
utterance_011556,chuvash_voice,турӑ,1,13,0.38,0.64,4,ʌ,ɵ,0,4,0.59,0.64,50.0,r,ɕ,0,0,0,final,1,турӑ,3,r,0,70.0,тур,bare,турӑ,120.0
utterance_011566,chuvash_voice,тулли,12,13,5.82,6.15,4,i,i,0,4,6.05,6.15,100.0,l,ɕ,0,0,0,final,1,тулли,3,l,1,130.0,тул,geminate,тулӑ,230.0
utterance_011570,chuvash_voice,сасси,12,15,5.72,6.07,4,i,i,0,4,6.03,6.07,40.0,s,j,0,0,0,final,1,сасси,3,s,1,140.0,сас,geminate,сасӑ,180.0
utterance_011581,chuvash_voice,йыттине,8,22,3.97,4.44,6,i,i,0,4,4.19,4.25,60.0,t,n,0,0,0,medial,1,йыттине,3,t,1,110.0,йыт,geminate,йытӑ,170.0
utterance_011581,chuvash_voice,сиввӗн,22,22,9.98,10.44,5,ɛ,ø,0,4,10.21,10.36,150.0,v,n,0,0,0,medial,1,сиввӗн,3,v,1,30.0,сив,geminate,сивӗ,180.0
utterance_011586,chuvash_voice,тӗссӗрленнӗ,2,8,0.68,1.38,9,ɛ,ø,0,4,0.94,1.0,60.0,s,r,0,0,0,medial,1,тӗссӗрленнӗ,3,s,1,130.0,тӗс,geminate,тӗсӗ,190.0
utterance_011586,chuvash_voice,тӗссӗрленнӗ,2,8,0.68,1.38,9,ɛ,ø,0,9,1.31,1.38,70.0,n,k,0,0,0,final,1,тӗссӗрленнӗ,8,n,1,70.0,тӗс,geminate,тӗсӗ,140.0
utterance_011605,chuvash_voice,ватӑ,5,16,2.73,3.19,4,ʌ,ɵ,0,4,3.13,3.19,60.0,t,,0,0,0,final,1,ватӑ,3,t,0,210.0,ват,bare,ватӑ,270.0
utterance_011608,chuvash_voice,ҫутӑ,24,32,11.1,11.44,4,ʌ,ɵ,0,4,11.38,11.44,60.0,t,s,0,0,0,final,1,ҫутӑ,3,t,0,70.0,ҫут,bare,ҫутӑ,130.0
utterance_011614,chuvash_voice,касса,3,7,1.44,1.82,4,ɑ,a,0,4,1.72,1.82,100.0,s,m,0,0,0,final,1,касса,3,s,1,140.0,кас,geminate,касӑ,240.0
utterance_011620,chuvash_voice,пекки,11,12,5.36,5.67,4,i,i,0,4,5.59,5.67,80.0,k,,0,0,0,final,1,пекки,3,k,1,100.0,пек,geminate,пекӗ,180.0
utterance_011643,chuvash_voice,туллин,2,4,1.16,1.62,5,i,i,0,4,1.47,1.58,110.0,l,n,0,0,0,medial,1,туллин,3,l,1,110.0,тул,geminate,тулӑ,220.0
utterance_011646,chuvash_voice,хушши,10,12,5.6,5.98,4,i,i,0,4,5.9,5.98,80.0,ʃ,k,0,0,0,final,1,хушши,3,ʃ,1,140.0,хуш,geminate,хушӑ,220.0
utterance_011652,chuvash_voice,пекки,3,5,1.67,1.98,4,i,i,0,4,1.9,1.98,80.0,k,t,0,0,0,final,1,пекки,3,k,1,100.0,пек,geminate,пекӗ,180.0
utterance_011656,chuvash_voice,сасӑ,4,6,1.63,1.95,4,ʌ,ɵ,0,4,1.9,1.95,50.0,s,t,0,0,0,final,1,сасӑ,3,s,0,80.0,сас,bare,сасӑ,130.0
utterance_011678,chuvash_voice,сӑвви-такмакӗсене,2,4,0.55,1.63,15,i,i,0,4,0.86,0.89,30.0,v,t,0,0,0,medial,1,сӑвви-такмакӗсене,3,v,1,30.0,сӑв,geminate,сӑвӑ,60.0
utterance_011687,chuvash_voice,сасӑ,6,8,3.13,3.58,4,ʌ,ɵ,0,4,3.51,3.58,70.0,s,p,0,0,0,final,1,сасӑ,3,s,0,90.0,сас,bare,сасӑ,160.0
utterance_011702,chuvash_voice,тӗссӗрленнӗ,8,14,4.37,5.07,9,ɛ,ø,0,4,4.68,4.72,40.0,s,r,0,0,0,medial,1,тӗссӗрленнӗ,3,s,1,110.0,тӗс,geminate,тӗсӗ,150.0
utterance_011702,chuvash_voice,тӗссӗрленнӗ,8,14,4.37,5.07,9,ɛ,ø,0,9,4.99,5.07,80.0,n,k,0,0,0,final,1,тӗссӗрленнӗ,8,n,1,60.0,тӗс,geminate,тӗсӗ,140.0
utterance_011710,chuvash_voice,ваттисем,4,8,1.31,1.9,7,i,i,0,4,1.55,1.62,70.0,t,s,0,0,0,medial,1,ваттисем,3,t,1,70.0,ват,geminate,ватӑ,140.0
utterance_011747,chuvash_voice,ваттисем,1,2,0.36,0.87,7,i,i,0,4,0.58,0.64,60.0,t,s,0,0,0,medial,1,ваттисем,3,t,1,70.0,ват,geminate,ватӑ,130.0
utterance_011764,chuvash_voice,ҫутӑ,4,35,2.04,2.44,4,ʌ,ɵ,0,4,2.37,2.44,70.0,t,t,0,0,0,final,1,ҫутӑ,3,t,0,60.0,ҫут,bare,ҫутӑ,130.0
utterance_011794,chuvash_voice,тыррине,19,31,8.79,9.28,6,i,i,0,4,9.06,9.12,60.0,r,n,0,0,0,medial,1,тыррине,3,r,1,110.0,тыр,geminate,тырӑ,170.0
utterance_011802,chuvash_voice,ватӑ,4,7,1.77,2.06,4,ʌ,ɵ,0,4,2.01,2.06,50.0,t,u,0,1,0,final,1,ватӑ,3,t,0,50.0,ват,bare,ватӑ,100.0
utterance_011814,chuvash_voice,хушшине,4,9,1.64,2.08,6,i,i,0,4,1.89,1.93,40.0,ʃ,n,0,0,0,medial,1,хушшине,3,ʃ,1,130.0,хуш,geminate,хушӑ,170.0
utterance_011837,chuvash_voice,сивӗ,2,3,0.63,0.97,4,ɛ,ø,0,4,0.88,0.97,90.0,v,k,0,0,0,final,1,сивӗ,3,v,0,90.0,сив,bare,сивӗ,180.0
utterance_011840,chuvash_voice,хушшине,2,17,0.49,0.96,6,i,i,0,4,0.77,0.83,60.0,ʃ,n,0,0,0,medial,1,хушшине,3,ʃ,1,120.0,хуш,geminate,хушӑ,180.0
utterance_011849,chuvash_voice,сулланса,10,12,4.21,4.77,7,ɑ,a,0,4,4.49,4.56,70.0,l,n,0,0,0,medial,1,сулланса,3,l,1,120.0,сул,geminate,сулӑ,190.0
utterance_011865,chuvash_voice,турӑ,2,20,1.04,1.31,4,ʌ,ɵ,0,4,1.21,1.31,100.0,r,t,0,0,0,final,1,турӑ,3,r,0,50.0,тур,bare,турӑ,150.0
utterance_011867,chuvash_voice,тулли,7,9,3.29,3.68,4,i,i,0,4,3.59,3.68,90.0,l,k,0,0,0,final,1,тулли,3,l,1,80.0,тул,geminate,тулӑ,170.0
utterance_011873,chuvash_voice,кӗвӗ,8,17,3.07,3.47,4,ɛ,ø,0,4,3.28,3.47,190.0,v,,0,0,0,final,1,кӗвӗ,3,v,0,90.0,кӗв,bare,кӗвӗ,280.0
utterance_011884,chuvash_voice,сассӑр,3,6,1.14,1.62,5,ʌ,ɵ,0,4,1.49,1.55,60.0,s,r,0,0,0,medial,1,сассӑр,3,s,1,130.0,сас,geminate,сасӑ,190.0
utterance_011886,chuvash_voice,кӗвӗ,4,6,1.92,2.26,4,ɛ,ø,0,4,2.17,2.26,90.0,v,k,0,0,0,final,1,кӗвӗ,3,v,0,60.0,кӗв,bare,кӗвӗ,150.0
utterance_011888,chuvash_voice,хушшинче,5,8,1.46,1.96,7,i,i,0,4,1.74,1.78,40.0,ʃ,n,0,0,0,medial,1,хушшинче,3,ʃ,1,120.0,хуш,geminate,хушӑ,160.0
utterance_011894,chuvash_voice,сасси,2,14,0.81,1.13,4,i,i,0,4,1.09,1.13,40.0,s,j,0,0,0,final,1,сасси,3,s,1,110.0,сас,geminate,сасӑ,150.0
utterance_011898,chuvash_voice,чӗпписене,1,7,0.39,0.99,8,i,i,0,4,0.63,0.69,60.0,p,s,0,0,0,medial,1,чӗпписене,3,p,1,80.0,чӗп,geminate,чӗпӗ,140.0
utterance_011905,chuvash_voice,сассипе,16,19,8.39,8.88,6,i,i,0,4,8.69,8.74,50.0,s,p,0,0,0,medial,1,сассипе,3,s,1,140.0,сас,geminate,сасӑ,190.0
utterance_011905,chuvash_voice,сассине,18,19,9.33,9.85,6,i,i,0,4,9.61,9.67,60.0,s,n,0,0,0,medial,1,сассине,3,s,1,120.0,сас,geminate,сасӑ,180.0
utterance_011912,chuvash_voice,сӑввисене,5,7,2.25,2.88,8,i,i,0,4,2.55,2.58,30.0,v,s,0,0,0,medial,1,сӑввисене,3,v,1,30.0,сӑв,geminate,сӑвӑ,60.0
utterance_011924,chuvash_voice,ватӑ,7,13,2.87,3.22,4,ʌ,ɵ,0,4,3.15,3.22,70.0,t,χ,0,0,0,final,1,ватӑ,3,t,0,70.0,ват,bare,ватӑ,140.0
utterance_011946,chuvash_voice,пушшех,3,15,1.4,1.88,5,e,e,0,4,1.73,1.8,70.0,ʃ,χ,0,0,0,medial,1,пушшех,3,ʃ,1,130.0,пуш,geminate,пушӑ,200.0
utterance_011953,chuvash_voice,тӗсӗ,3,11,0.68,1.01,4,ɛ,ø,0,4,0.96,1.01,50.0,s,p,0,0,0,final,1,тӗсӗ,3,s,0,100.0,тӗс,bare,тӗсӗ,150.0
utterance_011959,chuvash_voice,хуллентерех,6,7,2.58,3.33,10,e,e,0,4,2.84,2.92,80.0,l,n,0,0,0,medial,1,хуллентерех,3,l,1,50.0,хул,geminate,хулӑ,130.0
utterance_011984,chuvash_voice,хушшипе,2,9,0.93,1.47,6,i,i,0,4,1.23,1.3,70.0,ʃ,p,0,0,0,medial,1,хушшипе,3,ʃ,1,130.0,хуш,geminate,хушӑ,200.0
utterance_011988,chuvash_voice,йытӑ,9,24,3.66,3.92,4,ʌ,ɵ,0,4,3.87,3.92,50.0,t,ɕ,0,0,0,final,1,йытӑ,3,t,0,70.0,йыт,bare,йытӑ,120.0
utterance_011999,chuvash_voice,хуллен,3,8,1.46,1.84,5,e,e,0,4,1.66,1.77,110.0,l,n,0,0,0,medial,1,хуллен,3,l,1,70.0,хул,geminate,хулӑ,180.0
utterance_012018,chuvash_voice,пуррине,20,23,10.5,11.0,6,i,i,0,4,10.75,10.8,50.0,r,n,0,0,0,medial,1,пуррине,3,r,1,80.0,пур,geminate,пурӑ,130.0
utterance_012041,chuvash_voice,касса,3,7,1.11,1.46,4,ɑ,a,0,4,1.39,1.46,70.0,s,i,0,1,0,final,1,касса,3,s,1,140.0,кас,geminate,касӑ,210.0
utterance_012052,chuvash_voice,ҫурра,7,25,3.72,3.99,4,ɑ,a,0,4,3.91,3.99,80.0,r,j,0,0,0,final,1,ҫурра,3,r,1,60.0,ҫур,geminate,ҫурӑ,140.0
utterance_012055,chuvash_voice,сивӗ,5,13,2.2,2.57,4,ɛ,ø,0,4,2.52,2.57,50.0,v,p,0,0,0,final,1,сивӗ,3,v,0,80.0,сив,bare,сивӗ,130.0
utterance_012065,chuvash_voice,пусса,8,14,3.88,4.25,4,ɑ,a,0,4,4.15,4.25,100.0,s,t,0,0,0,final,1,пусса,3,s,1,120.0,пус,geminate,пусӑ,220.0
utterance_012128,chuvash_voice,ватӑ,3,16,1.52,1.77,4,ʌ,ɵ,0,4,1.74,1.77,30.0,t,j,0,0,0,final,1,ватӑ,3,t,0,60.0,ват,bare,ватӑ,90.0
utterance_012135,chuvash_voice,пекки,2,7,0.34,0.64,4,i,i,0,4,0.56,0.64,80.0,k,ɕ,0,0,0,final,1,пекки,3,k,1,90.0,пек,geminate,пекӗ,170.0
utterance_012140,chuvash_voice,пушӑ,3,8,0.99,1.33,4,ʌ,ɵ,0,4,1.27,1.33,60.0,ʃ,v,0,0,0,final,1,пушӑ,3,ʃ,0,60.0,пуш,bare,пушӑ,120.0
utterance_012143,chuvash_voice,хушшинче,2,8,0.49,0.96,7,i,i,0,4,0.75,0.81,60.0,ʃ,n,0,0,0,medial,1,хушшинче,3,ʃ,1,110.0,хуш,geminate,хушӑ,170.0
utterance_012148,chuvash_voice,пушӑ,1,7,0.0,0.32,4,ʌ,ɵ,0,4,0.23,0.32,90.0,ʃ,t,0,0,0,final,1,пушӑ,3,ʃ,0,90.0,пуш,bare,пушӑ,180.0
utterance_012160,chuvash_voice,ҫӗвӗ,5,15,2.33,2.72,4,ɛ,ø,0,4,2.64,2.72,80.0,v,m,0,0,0,final,1,ҫӗвӗ,3,v,0,80.0,ҫӗв,bare,ҫӗвӗ,160.0
utterance_012220,chuvash_voice,хуллен,11,16,4.82,5.21,5,e,e,0,4,5.04,5.17,130.0,l,n,0,0,0,medial,1,хуллен,3,l,1,50.0,хул,geminate,хулӑ,180.0
utterance_012229,chuvash_voice,сивӗ,3,6,1.07,1.37,4,ɛ,ø,0,4,1.32,1.37,50.0,v,s,0,0,0,final,1,сивӗ,3,v,0,80.0,сив,bare,сивӗ,130.0
utterance_012247,chuvash_voice,сӑвӑ,4,7,1.27,1.57,4,ʌ,ɵ,0,4,1.52,1.57,50.0,v,v,0,0,0,final,1,сӑвӑ,3,v,0,70.0,сӑв,bare,сӑвӑ,120.0
utterance_012255,chuvash_voice,сасӑ,5,11,2.7,3.09,4,ʌ,ɵ,0,4,2.98,3.09,110.0,s,,0,0,0,final,1,сасӑ,3,s,0,70.0,сас,bare,сасӑ,180.0
utterance_012275,chuvash_voice,хушшинче,9,10,3.69,4.22,7,i,i,0,4,3.96,4.03,70.0,ʃ,n,0,0,0,medial,1,хушшинче,3,ʃ,1,140.0,хуш,geminate,хушӑ,210.0
utterance_012276,chuvash_voice,сивӗ,12,16,7.46,7.9,4,ɛ,ø,0,4,7.81,7.9,90.0,v,t,0,0,0,final,1,сивӗ,3,v,0,80.0,сив,bare,сивӗ,170.0
utterance_012280,chuvash_voice,хуллен,1,16,0.35,0.92,5,e,e,0,4,0.64,0.75,110.0,l,n,0,0,0,medial,1,хуллен,3,l,1,100.0,хул,geminate,хулӑ,210.0
utterance_012309,chuvash_voice,хушшинчи,6,9,2.64,3.15,7,i,i,0,4,2.84,2.89,50.0,ʃ,n,0,0,0,medial,1,хушшинчи,3,ʃ,1,120.0,хуш,geminate,хушӑ,170.0
utterance_012314,chuvash_voice,ҫурӑ,3,4,0.74,1.02,4,ʌ,ɵ,0,4,0.94,1.02,80.0,r,p,0,0,0,final,1,ҫурӑ,3,r,0,40.0,ҫур,bare,ҫурӑ,120.0
utterance_012321,chuvash_voice,хулленех,6,12,3.54,4.13,7,e,e,0,4,3.8,3.89,90.0,l,n,0,0,0,medial,1,хулленех,3,l,1,100.0,хул,geminate,хулӑ,190.0
utterance_012327,chuvash_voice,ватӑ,1,6,0.4,0.65,4,ʌ,ɵ,0,4,0.61,0.65,40.0,t,ɕ,0,0,0,final,1,ватӑ,3,t,0,50.0,ват,bare,ватӑ,90.0
utterance_012335,chuvash_voice,сӑввинчи,1,5,0.13,0.7,7,i,i,0,4,0.51,0.54,30.0,v,n,0,0,0,medial,1,сӑввинчи,3,v,1,30.0,сӑв,geminate,сӑвӑ,60.0
utterance_012339,chuvash_voice,ваттисем,10,21,3.52,4.1,7,i,i,0,4,3.8,3.86,60.0,t,s,0,0,0,medial,1,ваттисем,3,t,1,70.0,ват,geminate,ватӑ,130.0
utterance_012348,chuvash_voice,пуррине,3,12,1.07,1.48,6,i,i,0,4,1.27,1.34,70.0,r,n,0,0,0,medial,1,пуррине,3,r,1,90.0,пур,geminate,пурӑ,160.0
utterance_012358,chuvash_voice,вуллисем,5,35,2.7,3.18,7,i,i,0,4,2.89,2.97,80.0,l,s,0,0,0,medial,1,вуллисем,3,l,1,100.0,вул,geminate,вулӑ,180.0
utterance_012358,chuvash_voice,вуллисем,17,35,8.76,9.29,7,i,i,0,4,8.96,9.03,70.0,l,s,0,0,0,medial,1,вуллисем,3,l,1,80.0,вул,geminate,вулӑ,150.0
utterance_012359,chuvash_voice,сассипе,15,18,6.96,7.5,6,i,i,0,4,7.24,7.31,70.0,s,p,0,0,0,medial,1,сассипе,3,s,1,130.0,сас,geminate,сасӑ,200.0
utterance_012367,chuvash_voice,кулленхи,4,6,2.02,2.58,7,e,e,0,4,2.31,2.37,60.0,l,n,0,0,0,medial,1,кулленхи,3,l,1,40.0,кул,geminate,кулӑ,100.0
utterance_012385,chuvash_voice,йытӑ,2,10,0.66,1.08,4,ʌ,ɵ,0,4,1.04,1.08,40.0,t,ø,0,1,0,final,1,йытӑ,3,t,0,90.0,йыт,bare,йытӑ,130.0
utterance_012403,chuvash_voice,хушшинче,3,14,0.83,1.32,7,i,i,0,4,1.11,1.16,50.0,ʃ,n,0,0,0,medial,1,хушшинче,3,ʃ,1,110.0,хуш,geminate,хушӑ,160.0
utterance_012407,chuvash_voice,сӑввисене,5,9,2.04,2.7,8,i,i,0,4,2.27,2.41,140.0,v,s,0,0,0,medial,1,сӑввисене,3,v,1,30.0,сӑв,geminate,сӑвӑ,170.0
utterance_012411,chuvash_voice,хушши,4,13,1.44,1.83,4,i,i,0,4,1.77,1.83,60.0,ʃ,n,0,0,0,final,1,хушши,3,ʃ,1,160.0,хуш,geminate,хушӑ,220.0
utterance_012428,chuvash_voice,кӗллине,9,10,4.59,5.02,6,i,i,0,4,4.78,4.85,70.0,l,n,0,0,0,medial,1,кӗллине,3,l,1,30.0,кӗл,geminate,кӗлӗ,100.0
utterance_012451,chuvash_voice,касса,7,10,4.4,4.87,4,ɑ,a,0,4,4.76,4.87,110.0,s,,0,0,0,final,1,касса,3,s,1,190.0,кас,geminate,касӑ,300.0
utterance_012458,chuvash_voice,хуллен,1,4,0.32,0.87,5,e,e,0,4,0.6,0.72,120.0,l,n,0,0,0,medial,1,хуллен,3,l,1,90.0,хул,geminate,хулӑ,210.0
utterance_012459,chuvash_voice,хушӑ,3,26,1.18,1.57,4,ʌ,ɵ,0,4,1.47,1.57,100.0,ʃ,p,0,0,0,final,1,хушӑ,3,ʃ,0,90.0,хуш,bare,хушӑ,190.0
utterance_012461,chuvash_voice,хуллен,1,3,0.44,0.91,5,e,e,0,4,0.73,0.83,100.0,l,n,0,0,0,medial,1,хуллен,3,l,1,100.0,хул,geminate,хулӑ,200.0
utterance_012488,chuvash_voice,хушшине,3,5,0.85,1.27,6,i,i,0,4,1.11,1.17,60.0,ʃ,n,0,0,0,medial,1,хушшине,3,ʃ,1,110.0,хуш,geminate,хушӑ,170.0
utterance_012495,chuvash_voice,хушшинче,8,22,3.47,4.02,7,i,i,0,4,3.73,3.78,50.0,ʃ,n,0,0,0,medial,1,хушшинче,3,ʃ,1,110.0,хуш,geminate,хушӑ,160.0
utterance_012496,chuvash_voice,сулласа,8,8,2.42,3.1,6,ɑ,a,0,4,2.68,2.77,90.0,l,s,0,0,0,medial,1,сулласа,3,l,1,100.0,сул,geminate,сулӑ,190.0
utterance_012501,chuvash_voice,хуллен,11,13,6.99,7.36,5,e,e,0,4,7.19,7.3,110.0,l,n,0,0,0,medial,1,хуллен,3,l,1,90.0,хул,geminate,хулӑ,200.0
utterance_012505,chuvash_voice,хушшийӗ,3,4,1.35,1.91,6,i,i,0,4,1.68,1.82,140.0,ʃ,j,0,0,0,medial,1,хушшийӗ,3,ʃ,1,130.0,хуш,geminate,хушӑ,270.0
utterance_012519,chuvash_voice,пулӑ,1,6,0.31,0.49,4,ʌ,ɵ,0,4,0.46,0.49,30.0,l,,0,0,0,final,1,пулӑ,3,l,0,50.0,пул,bare,пулӑ,80.0
utterance_012522,chuvash_voice,пӑтти,7,8,2.57,2.84,4,i,i,0,4,2.78,2.84,60.0,t,ɕ,0,0,0,final,1,пӑтти,3,t,1,70.0,пӑт,geminate,пӑтӑ,130.0
utterance_012526,chuvash_voice,ҫыхӑ,4,5,1.69,2.0,4,ʌ,ɵ,0,4,1.94,2.0,60.0,χ,t,0,0,0,final,1,ҫыхӑ,3,χ,0,80.0,ҫых,bare,ҫыхӑ,140.0
utterance_012544,chuvash_voice,вӑйӑ,8,14,3.84,4.09,4,ʌ,ɵ,0,4,4.03,4.09,60.0,j,k,0,0,0,final,1,вӑйӑ,3,j,0,80.0,вӑй,bare,вӑйӑ,140.0
utterance_012547,chuvash_voice,хушшинчен,6,7,2.69,3.3,8,i,i,0,4,2.99,3.04,50.0,ʃ,n,0,0,0,medial,1,хушшинчен,3,ʃ,1,130.0,хуш,geminate,хушӑ,180.0
utterance_012564,chuvash_voice,тырӑ,4,10,0.92,1.12,4,ʌ,ɵ,0,4,1.08,1.12,40.0,r,χ,0,0,0,final,1,тырӑ,3,r,0,80.0,тыр,bare,тырӑ,120.0
utterance_012570,chuvash_voice,сасӑ,11,16,4.38,4.74,4,ʌ,ɵ,0,4,4.68,4.74,60.0,s,t,0,0,0,final,1,сасӑ,3,s,0,70.0,сас,bare,сасӑ,130.0
utterance_012575,chuvash_voice,вӑйӑ,6,6,3.5,3.78,4,ʌ,ɵ,0,4,3.75,3.78,30.0,j,,0,0,0,final,1,вӑйӑ,3,j,0,60.0,вӑй,bare,вӑйӑ,90.0
utterance_012615,chuvash_voice,ватӑ,4,10,1.65,1.91,4,ʌ,ɵ,0,4,1.86,1.91,50.0,t,j,0,0,0,final,1,ватӑ,3,t,0,50.0,ват,bare,ватӑ,100.0
utterance_012615,chuvash_voice,йытта,5,10,1.91,2.31,4,ɑ,a,0,4,2.2,2.31,110.0,t,ɕ,0,0,0,final,1,йытта,3,t,1,130.0,йыт,geminate,йытӑ,240.0
utterance_012622,chuvash_voice,хушшинче,12,16,5.75,6.28,7,i,i,0,4,6.01,6.05,40.0,ʃ,n,0,0,0,medial,1,хушшинче,3,ʃ,1,90.0,хуш,geminate,хушӑ,130.0
utterance_012631,chuvash_voice,кӗвве,2,7,0.6,0.84,4,e,e,0,4,0.73,0.84,110.0,v,i,0,1,0,final,1,кӗвве,3,v,1,30.0,кӗв,geminate,кӗвӗ,140.0
utterance_012649,chuvash_voice,хушшипе,11,13,6.25,6.76,6,i,i,0,4,6.53,6.57,40.0,ʃ,p,0,0,0,medial,1,хушшипе,3,ʃ,1,130.0,хуш,geminate,хушӑ,170.0
utterance_012653,chuvash_voice,ватӑ,1,6,0.37,0.65,4,ʌ,ɵ,0,4,0.58,0.65,70.0,t,v,0,0,0,final,1,ватӑ,3,t,0,80.0,ват,bare,ватӑ,150.0
utterance_012654,chuvash_voice,пусса,10,11,4.26,4.71,4,ɑ,a,0,4,4.59,4.71,120.0,s,v,0,0,0,final,1,пусса,3,s,1,140.0,пус,geminate,пусӑ,260.0
utterance_012680,chuvash_voice,сассине,2,5,0.51,1.03,6,i,i,0,4,0.8,0.88,80.0,s,n,0,0,0,medial,1,сассине,3,s,1,110.0,сас,geminate,сасӑ,190.0
utterance_012711,chuvash_voice,ватӑ,1,18,0.42,0.7,4,ʌ,ɵ,0,4,0.62,0.7,80.0,t,p,0,0,0,final,1,ватӑ,3,t,0,70.0,ват,bare,ватӑ,150.0
utterance_012727,chuvash_voice,пуррипех,3,11,0.77,1.35,7,i,i,0,4,0.98,1.05,70.0,r,p,0,0,0,medial,1,пуррипех,3,r,1,110.0,пур,geminate,пурӑ,180.0
utterance_012752,chuvash_voice,пекки,13,18,6.73,7.11,4,i,i,0,4,7.0,7.11,110.0,k,p,0,0,0,final,1,пекки,3,k,1,130.0,пек,geminate,пекӗ,240.0
utterance_012772,chuvash_voice,касса,9,15,4.35,4.78,4,ɑ,a,0,4,4.64,4.78,140.0,s,u,0,1,0,final,1,касса,3,s,1,150.0,кас,geminate,касӑ,290.0
utterance_012781,chuvash_voice,тулли,11,11,4.8,5.23,4,i,i,0,4,5.06,5.23,170.0,l,,0,0,0,final,1,тулли,3,l,1,110.0,тул,geminate,тулӑ,280.0
utterance_012798,chuvash_voice,сасси,3,17,0.76,1.18,4,i,i,0,4,1.05,1.18,130.0,s,p,0,0,0,final,1,сасси,3,s,1,130.0,сас,geminate,сасӑ,260.0
utterance_012799,chuvash_voice,сассине,7,8,3.52,4.04,6,i,i,0,4,3.83,3.89,60.0,s,n,0,0,0,medial,1,сассине,3,s,1,130.0,сас,geminate,сасӑ,190.0
utterance_012808,chuvash_voice,хушшине,12,20,4.59,5.08,6,i,i,0,4,4.88,4.95,70.0,ʃ,n,0,0,0,medial,1,хушшине,3,ʃ,1,150.0,хуш,geminate,хушӑ,220.0
utterance_012810,chuvash_voice,сасӑ,11,13,4.82,5.12,4,ʌ,ɵ,0,4,5.09,5.12,30.0,s,j,0,0,0,final,1,сасӑ,3,s,0,70.0,сас,bare,сасӑ,100.0
utterance_012835,chuvash_voice,хушӑ,9,14,3.22,3.57,4,ʌ,ɵ,0,4,3.5,3.57,70.0,ʃ,v,0,0,0,final,1,хушӑ,3,ʃ,0,90.0,хуш,bare,хушӑ,160.0
utterance_012867,chuvash_voice,тулли,1,13,0.79,1.07,4,i,i,0,4,0.92,1.07,150.0,l,,0,0,0,final,1,тулли,3,l,1,30.0,тул,geminate,тулӑ,180.0
utterance_012879,chuvash_voice,пусса,6,10,2.23,2.64,4,ɑ,a,0,4,2.51,2.64,130.0,s,χ,0,0,0,final,1,пусса,3,s,1,140.0,пус,geminate,пусӑ,270.0
utterance_012880,chuvash_voice,пушшех,3,8,1.13,1.74,5,e,e,0,4,1.55,1.64,90.0,ʃ,χ,0,0,0,medial,1,пушшех,3,ʃ,1,120.0,пуш,geminate,пушӑ,210.0
utterance_012901,chuvash_voice,кӗлленет,5,21,2.35,2.93,7,e,e,0,4,2.55,2.64,90.0,l,n,0,0,0,medial,1,кӗлленет,3,l,1,80.0,кӗл,geminate,кӗлӗ,170.0
utterance_012926,chuvash_voice,касса,5,21,2.37,2.69,4,ɑ,a,0,4,2.63,2.69,60.0,s,k,0,0,0,final,1,касса,3,s,1,130.0,кас,geminate,касӑ,190.0
utterance_012933,chuvash_voice,пулӑ,1,3,0.47,0.64,4,ʌ,ɵ,0,4,0.57,0.64,70.0,l,,0,0,0,final,1,пулӑ,3,l,0,40.0,пул,bare,пулӑ,110.0
utterance_012939,chuvash_voice,касса,6,27,2.31,2.72,4,ɑ,a,0,4,2.64,2.72,80.0,s,j,0,0,0,final,1,касса,3,s,1,130.0,кас,geminate,касӑ,210.0
utterance_012955,chuvash_voice,касса,1,15,0.41,0.77,4,ɑ,a,0,4,0.67,0.77,100.0,s,ɕ,0,0,0,final,1,касса,3,s,1,120.0,кас,geminate,касӑ,220.0
utterance_012986,chuvash_voice,ҫурри,7,8,2.6,2.97,4,i,i,0,4,2.9,2.97,70.0,r,k,0,0,0,final,1,ҫурри,3,r,1,110.0,ҫур,geminate,ҫурӑ,180.0
utterance_012987,chuvash_voice,хушшине,3,9,1.23,1.67,6,i,i,0,4,1.48,1.52,40.0,ʃ,n,0,0,0,medial,1,хушшине,3,ʃ,1,120.0,хуш,geminate,хушӑ,160.0
utterance_012993,chuvash_voice,ҫутӑ,10,28,4.66,5.05,4,ʌ,ɵ,0,4,4.97,5.05,80.0,t,k,0,0,0,final,1,ҫутӑ,3,t,0,60.0,ҫут,bare,ҫутӑ,140.0
utterance_013014,chuvash_voice,йыттӑн,7,11,2.52,2.96,5,ʌ,ɵ,0,4,2.83,2.89,60.0,t,n,0,0,0,medial,1,йыттӑн,3,t,1,110.0,йыт,geminate,йытӑ,170.0
utterance_013014,chuvash_voice,йытӑ,9,11,3.1,3.39,4,ʌ,ɵ,0,4,3.34,3.39,50.0,t,v,0,0,0,final,1,йытӑ,3,t,0,70.0,йыт,bare,йытӑ,120.0
utterance_013015,chuvash_voice,ҫурри,22,29,15.94,16.42,4,i,i,0,4,16.35,16.42,70.0,r,v,0,0,0,final,1,ҫурри,3,r,1,130.0,ҫур,geminate,ҫурӑ,200.0
utterance_013015,chuvash_voice,ҫурри,24,29,17.06,17.53,4,i,i,0,4,17.4,17.53,130.0,r,,0,0,0,final,1,ҫурри,3,r,1,100.0,ҫур,geminate,ҫурӑ,230.0
utterance_013021,chuvash_voice,ватӑ,1,16,0.44,0.72,4,ʌ,ɵ,0,4,0.66,0.72,60.0,t,m,0,0,0,final,1,ватӑ,3,t,0,70.0,ват,bare,ватӑ,130.0
utterance_013025,chuvash_voice,хушшинче,2,14,0.88,1.47,7,i,i,0,4,1.14,1.19,50.0,ʃ,n,0,0,0,medial,1,хушшинче,3,ʃ,1,110.0,хуш,geminate,хушӑ,160.0
utterance_013046,chuvash_voice,вӗтӗ,2,19,1.02,1.36,4,ɛ,ø,0,4,1.24,1.36,120.0,t,,0,0,0,final,1,вӗтӗ,3,t,0,70.0,вӗт,bare,вӗтӗ,190.0
utterance_013053,chuvash_voice,хушшипе,3,10,1.54,2.13,6,i,i,0,4,1.83,1.9,70.0,ʃ,p,0,0,0,medial,1,хушшипе,3,ʃ,1,160.0,хуш,geminate,хушӑ,230.0
utterance_013060,chuvash_voice,ҫутӑ,1,22,0.25,0.55,4,ʌ,ɵ,0,4,0.49,0.55,60.0,t,p,0,0,0,final,1,ҫутӑ,3,t,0,60.0,ҫут,bare,ҫутӑ,120.0
utterance_013075,chuvash_voice,йытӑ,2,2,0.58,0.96,4,ʌ,ɵ,0,4,0.8,0.96,160.0,t,,0,0,0,final,1,йытӑ,3,t,0,90.0,йыт,bare,йытӑ,250.0
utterance_013085,chuvash_voice,сивӗ,6,10,2.33,2.59,4,ɛ,ø,0,4,2.54,2.59,50.0,v,p,0,0,0,final,1,сивӗ,3,v,0,50.0,сив,bare,сивӗ,100.0
utterance_013101,chuvash_voice,сасси,3,3,1.36,1.91,4,i,i,0,4,1.69,1.91,220.0,s,,0,0,0,final,1,сасси,3,s,1,160.0,сас,geminate,сасӑ,380.0
utterance_013135,chuvash_voice,хушшинче,4,8,1.99,2.55,7,i,i,0,4,2.27,2.31,40.0,ʃ,n,0,0,0,medial,1,хушшинче,3,ʃ,1,120.0,хуш,geminate,хушӑ,160.0
utterance_013154,chuvash_voice,пушӑ,20,24,12.31,12.66,4,ʌ,ɵ,0,4,12.61,12.66,50.0,ʃ,v,0,0,0,final,1,пушӑ,3,ʃ,0,70.0,пуш,bare,пушӑ,120.0
utterance_013171,chuvash_voice,турӑ,2,9,0.71,0.96,4,ʌ,ɵ,0,4,0.9,0.96,60.0,r,u,0,1,0,final,1,турӑ,3,r,0,60.0,тур,bare,турӑ,120.0
utterance_013187,chuvash_voice,ҫурри,4,7,1.58,1.96,4,i,i,0,4,1.88,1.96,80.0,r,t,0,0,0,final,1,ҫурри,3,r,1,90.0,ҫур,geminate,ҫурӑ,170.0
utterance_013188,chuvash_voice,ҫутӑ,1,4,0.13,0.49,4,ʌ,ɵ,0,4,0.42,0.49,70.0,t,t,0,0,0,final,1,ҫутӑ,3,t,0,60.0,ҫут,bare,ҫутӑ,130.0
utterance_013213,chuvash_voice,хушшинче,6,6,2.14,2.74,7,i,i,0,4,2.42,2.47,50.0,ʃ,n,0,0,0,medial,1,хушшинче,3,ʃ,1,130.0,хуш,geminate,хушӑ,180.0
utterance_013218,chuvash_voice,ваттисен,3,6,1.3,1.8,7,i,i,0,4,1.55,1.61,60.0,t,s,0,0,0,medial,1,ваттисен,3,t,1,70.0,ват,geminate,ватӑ,130.0
utterance_013231,chuvash_voice,вӗтӗ,3,16,2.01,2.26,4,ɛ,ø,0,4,2.2,2.26,60.0,t,t,0,0,0,final,1,вӗтӗ,3,t,0,50.0,вӗт,bare,вӗтӗ,110.0
utterance_013233,chuvash_voice,ватӑ,13,21,7.12,7.39,4,ʌ,ɵ,0,4,7.32,7.39,70.0,t,ɕ,0,0,0,final,1,ватӑ,3,t,0,50.0,ват,bare,ватӑ,120.0
utterance_013237,chuvash_voice,кулленхи,3,7,1.21,1.84,7,e,e,0,4,1.42,1.52,100.0,l,n,0,0,0,medial,1,кулленхи,3,l,1,50.0,кул,geminate,кулӑ,150.0
utterance_013247,chuvash_voice,кӳлленчӗкӗсем,2,6,0.66,1.47,12,e,e,0,4,0.84,0.93,90.0,l,n,0,0,0,medial,1,кӳлленчӗкӗсем,3,l,1,50.0,кӳл,geminate,кӳлӗ,140.0
utterance_013249,chuvash_voice,кӗлли,10,11,5.64,5.98,4,i,i,0,4,5.89,5.98,90.0,l,p,0,0,0,final,1,кӗлли,3,l,1,80.0,кӗл,geminate,кӗлӗ,170.0
utterance_013268,chuvash_voice,пулӑ,1,8,0.43,0.67,4,ʌ,ɵ,0,4,0.6,0.67,70.0,l,v,0,0,0,final,1,пулӑ,3,l,0,50.0,пул,bare,пулӑ,120.0
utterance_013280,chuvash_voice,вуллине,13,30,5.99,6.63,6,i,i,0,4,6.29,6.39,100.0,l,n,0,0,0,medial,1,вуллине,3,l,1,60.0,вул,geminate,вулӑ,160.0
utterance_013280,chuvash_voice,касса,20,30,10.0,10.38,4,ɑ,a,0,4,10.28,10.38,100.0,s,χ,0,0,0,final,1,касса,3,s,1,130.0,кас,geminate,касӑ,230.0
utterance_013284,chuvash_voice,ҫутӑ,2,16,0.59,0.86,4,ʌ,ɵ,0,4,0.81,0.86,50.0,t,t,0,0,0,final,1,ҫутӑ,3,t,0,60.0,ҫут,bare,ҫутӑ,110.0
utterance_013299,chuvash_voice,хушшинче,2,5,0.7,1.22,7,i,i,0,4,0.95,1.0,50.0,ʃ,n,0,0,0,medial,1,хушшинче,3,ʃ,1,120.0,хуш,geminate,хушӑ,170.0
utterance_013315,chuvash_voice,пуссан,4,20,2.42,2.95,5,ɑ,a,0,4,2.69,2.84,150.0,s,n,0,0,0,medial,1,пуссан,3,s,1,150.0,пус,geminate,пусӑ,300.0
utterance_013337,chuvash_voice,пушӑ,3,12,1.32,1.64,4,ʌ,ɵ,0,4,1.59,1.64,50.0,ʃ,v,0,0,0,final,1,пушӑ,3,ʃ,0,80.0,пуш,bare,пушӑ,130.0
utterance_013339,chuvash_voice,хушшинче,18,43,8.96,9.47,7,i,i,0,4,9.24,9.28,40.0,ʃ,n,0,0,0,medial,1,хушшинче,3,ʃ,1,130.0,хуш,geminate,хушӑ,170.0
utterance_013364,chuvash_voice,сассипе,9,13,4.36,5.0,6,i,i,0,4,4.68,4.78,100.0,s,p,0,0,0,medial,1,сассипе,3,s,1,150.0,сас,geminate,сасӑ,250.0
utterance_013369,chuvash_voice,куллен,1,8,0.23,0.61,5,e,e,0,4,0.43,0.53,100.0,l,n,0,0,0,medial,1,куллен,3,l,1,60.0,кул,geminate,кулӑ,160.0
utterance_013374,chuvash_voice,ҫанӑ,3,7,1.46,1.9,4,ʌ,ɵ,0,4,1.82,1.9,80.0,n,t,0,0,0,final,1,ҫанӑ,3,n,0,40.0,ҫан,bare,ҫанӑ,120.0
utterance_013375,chuvash_voice,пулӑ,2,8,0.86,1.15,4,ʌ,ɵ,0,4,0.96,1.15,190.0,l,,0,0,0,final,1,пулӑ,3,l,0,30.0,пул,bare,пулӑ,220.0
utterance_013394,chuvash_voice,ватӑ,2,19,0.89,1.19,4,ʌ,ɵ,0,4,1.12,1.19,70.0,t,p,0,0,0,final,1,ватӑ,3,t,0,70.0,ват,bare,ватӑ,140.0
utterance_013402,chuvash_voice,кӗвӗ,18,29,10.1,10.38,4,ɛ,ø,0,4,10.3,10.38,80.0,v,ɕ,0,0,0,final,1,кӗвӗ,3,v,0,30.0,кӗв,bare,кӗвӗ,110.0
utterance_013402,chuvash_voice,ҫеммине,19,29,10.38,10.93,6,i,i,0,4,10.63,10.74,110.0,m,n,0,0,0,medial,1,ҫеммине,3,m,1,30.0,ҫем,geminate,ҫемӗ,140.0
utterance_013413,chuvash_voice,пурри,4,10,1.23,1.63,4,i,i,0,4,1.45,1.63,180.0,r,,0,0,0,final,1,пурри,3,r,1,70.0,пур,geminate,пурӑ,250.0
utterance_013415,chuvash_voice,хушшинче,12,15,5.5,6.05,7,i,i,0,4,5.74,5.8,60.0,ʃ,n,0,0,0,medial,1,хушшинче,3,ʃ,1,130.0,хуш,geminate,хушӑ,190.0
utterance_013431,chuvash_voice,пурри,6,10,2.73,3.08,4,i,i,0,4,2.93,3.08,150.0,r,,0,0,0,final,1,пурри,3,r,1,80.0,пур,geminate,пурӑ,230.0
utterance_013441,chuvash_voice,турӑ,3,6,1.15,1.48,4,ʌ,ɵ,0,4,1.42,1.48,60.0,r,χ,0,0,0,final,1,турӑ,3,r,0,80.0,тур,bare,турӑ,140.0
utterance_013441,chuvash_voice,пеккинчен,6,6,2.32,2.94,8,i,i,0,4,2.55,2.6,50.0,k,n,0,0,0,medial,1,пеккинчен,3,k,1,110.0,пек,geminate,пекӗ,160.0
utterance_013449,chuvash_voice,чӗпписен,11,15,4.03,4.55,7,i,i,0,4,4.27,4.33,60.0,p,s,0,0,0,medial,1,чӗпписен,3,p,1,80.0,чӗп,geminate,чӗпӗ,140.0
utterance_013449,chuvash_voice,сассисене,12,15,4.6,5.32,8,i,i,0,4,4.92,4.99,70.0,s,s,0,0,0,medial,1,сассисене,3,s,1,110.0,сас,geminate,сасӑ,180.0
utterance_013508,chuvash_voice,касси,2,10,0.63,0.95,4,i,i,0,4,0.88,0.95,70.0,s,p,0,0,0,final,1,касси,3,s,1,130.0,кас,geminate,касӑ,200.0
utterance_013526,chuvash_voice,ташӑ,4,8,2.09,2.4,4,ʌ,ɵ,0,4,2.33,2.4,70.0,ʃ,v,0,0,0,final,1,ташӑ,3,ʃ,0,80.0,таш,bare,ташӑ,150.0
utterance_013529,chuvash_voice,пусӑ,1,11,0.15,0.46,4,ʌ,ɵ,0,4,0.41,0.46,50.0,s,j,0,0,0,final,1,пусӑ,3,s,0,80.0,пус,bare,пусӑ,130.0
utterance_013530,chuvash_voice,сассине,13,25,5.25,5.78,6,i,i,0,4,5.55,5.61,60.0,s,n,0,0,0,medial,1,сассине,3,s,1,140.0,сас,geminate,сасӑ,200.0
utterance_013549,chuvash_voice,турӑ,5,19,6.14,6.29,4,ʌ,ɵ,0,4,6.26,6.29,30.0,r,,0,0,0,final,1,турӑ,3,r,0,30.0,тур,bare,турӑ,60.0
utterance_013565,chuvash_voice,ватти-вӗтти,4,8,1.48,2.23,8,i,i,0,4,1.77,1.85,80.0,t,v,0,0,0,medial,1,ватти-вӗтти,3,t,1,100.0,ват,geminate,ватӑ,180.0
utterance_013565,chuvash_voice,ватти-вӗтти,4,8,1.48,2.23,8,i,i,0,8,2.18,2.23,50.0,t,j,0,0,0,final,1,ватти-вӗтти,7,t,1,180.0,ват,geminate,ватӑ,230.0
utterance_013596,chuvash_voice,сассипе,9,10,2.85,3.37,6,i,i,0,4,3.13,3.19,60.0,s,p,0,0,0,medial,1,сассипе,3,s,1,140.0,сас,geminate,сасӑ,200.0
utterance_013597,chuvash_voice,хушши,3,19,1.35,1.64,4,i,i,0,4,1.58,1.64,60.0,ʃ,t,0,0,0,final,1,хушши,3,ʃ,1,110.0,хуш,geminate,хушӑ,170.0
utterance_013597,chuvash_voice,сасса,15,19,7.89,8.38,4,ɑ,a,0,4,8.26,8.38,120.0,s,m,0,0,0,final,1,сасса,3,s,1,130.0,сас,geminate,сасӑ,250.0
utterance_013614,chuvash_voice,хушшинче,6,11,3.41,3.91,7,i,i,0,4,3.71,3.74,30.0,ʃ,n,0,0,0,medial,1,хушшинче,3,ʃ,1,110.0,хуш,geminate,хушӑ,140.0
utterance_013648,chuvash_voice,ҫыххи,3,8,0.83,1.21,4,i,i,0,4,1.13,1.21,80.0,χ,t,0,0,0,final,1,ҫыххи,3,χ,1,110.0,ҫых,geminate,ҫыхӑ,190.0
utterance_013693,chuvash_voice,пӗҫҫийӗ,3,21,1.31,1.82,6,i,i,0,4,1.6,1.73,130.0,ɕ,j,0,0,0,medial,1,пӗҫҫийӗ,3,ɕ,1,140.0,пӗҫ,geminate,пӗҫӗ,270.0
utterance_013709,chuvash_voice,кӗлӗ,2,20,0.85,1.15,4,ɛ,ø,0,4,1.07,1.15,80.0,l,k,0,0,0,final,1,кӗлӗ,3,l,0,60.0,кӗл,bare,кӗлӗ,140.0
utterance_013723,chuvash_voice,сивӗ,14,19,6.82,7.18,4,ɛ,ø,0,4,7.08,7.18,100.0,v,ʃ,0,0,0,final,1,сивӗ,3,v,0,60.0,сив,bare,сивӗ,160.0
utterance_013767,chuvash_voice,хушшинче,3,5,1.17,1.68,7,i,i,0,4,1.44,1.49,50.0,ʃ,n,0,0,0,medial,1,хушшинче,3,ʃ,1,130.0,хуш,geminate,хушӑ,180.0
utterance_013793,chuvash_voice,миххе,7,8,3.8,4.05,4,e,e,0,4,3.99,4.05,60.0,χ,t,0,0,0,final,1,миххе,3,χ,1,110.0,мих,geminate,михӗ,170.0
utterance_013794,chuvash_voice,тырӑ,9,10,4.77,5.07,4,ʌ,ɵ,0,4,4.98,5.07,90.0,r,k,0,0,0,final,1,тырӑ,3,r,0,60.0,тыр,bare,тырӑ,150.0
utterance_013797,chuvash_voice,хуллен,13,22,6.46,6.85,5,e,e,0,4,6.68,6.76,80.0,l,n,0,0,0,medial,1,хуллен,3,l,1,60.0,хул,geminate,хулӑ,140.0
utterance_013797,chuvash_voice,сассипе,22,22,9.98,10.55,6,i,i,0,4,10.32,10.39,70.0,s,p,0,0,0,medial,1,сассипе,3,s,1,150.0,сас,geminate,сасӑ,220.0
utterance_013817,chuvash_voice,хушши,12,14,5.87,6.35,4,i,i,0,4,6.23,6.35,120.0,ʃ,v,0,0,0,final,1,хушши,3,ʃ,1,160.0,хуш,geminate,хушӑ,280.0
utterance_013836,chuvash_voice,сассине,5,8,1.43,1.95,6,i,i,0,4,1.75,1.81,60.0,s,n,0,0,0,medial,1,сассине,3,s,1,120.0,сас,geminate,сасӑ,180.0
utterance_013850,chuvash_voice,хушши,5,12,1.8,2.15,4,i,i,0,4,2.09,2.15,60.0,ʃ,p,0,0,0,final,1,хушши,3,ʃ,1,140.0,хуш,geminate,хушӑ,200.0
utterance_013902,chuvash_voice,пусса,2,4,1.0,1.34,4,ɑ,a,0,4,1.24,1.34,100.0,s,i,0,1,0,final,1,пусса,3,s,1,130.0,пус,geminate,пусӑ,230.0
utterance_013911,chuvash_voice,хушши,9,10,3.96,4.35,4,i,i,0,4,4.26,4.35,90.0,ʃ,t,0,0,0,final,1,хушши,3,ʃ,1,150.0,хуш,geminate,хушӑ,240.0
utterance_013930,chuvash_voice,хушшипе,5,8,2.46,2.93,6,i,i,0,4,2.7,2.77,70.0,ʃ,p,0,0,0,medial,1,хушшипе,3,ʃ,1,130.0,хуш,geminate,хушӑ,200.0
utterance_013931,chuvash_voice,ватӑ,9,11,4.02,4.31,4,ʌ,ɵ,0,4,4.28,4.31,30.0,t,j,0,0,0,final,1,ватӑ,3,t,0,60.0,ват,bare,ватӑ,90.0
utterance_013933,chuvash_voice,хушшинчен,6,8,2.45,3.03,8,i,i,0,4,2.69,2.74,50.0,ʃ,n,0,0,0,medial,1,хушшинчен,3,ʃ,1,120.0,хуш,geminate,хушӑ,170.0
utterance_013933,chuvash_voice,сасси,8,8,3.57,4.24,4,i,i,0,4,3.88,4.24,360.0,s,,0,0,0,final,1,сасси,3,s,1,150.0,сас,geminate,сасӑ,510.0
utterance_013951,chuvash_voice,ватта,12,14,5.35,5.69,4,ɑ,a,0,4,5.62,5.69,70.0,t,tʃ,0,0,0,final,1,ватта,3,t,1,70.0,ват,geminate,ватӑ,140.0
utterance_013982,chuvash_voice,сулланса,1,4,0.48,0.99,7,ɑ,a,0,4,0.69,0.78,90.0,l,n,0,0,0,medial,1,сулланса,3,l,1,80.0,сул,geminate,сулӑ,170.0
utterance_013984,chuvash_voice,сӑрӑ,1,10,0.46,0.79,4,ʌ,ɵ,0,4,0.74,0.79,50.0,r,ɕ,0,0,0,final,1,сӑрӑ,3,r,0,70.0,сӑр,bare,сӑрӑ,120.0
utterance_013985,chuvash_voice,пусса,10,14,4.17,4.8,4,ɑ,a,0,4,4.45,4.8,350.0,s,,0,0,0,final,1,пусса,3,s,1,150.0,пус,geminate,пусӑ,500.0
utterance_013996,chuvash_voice,хушшинче,16,21,8.17,8.71,7,i,i,0,4,8.41,8.46,50.0,ʃ,n,0,0,0,medial,1,хушшинче,3,ʃ,1,120.0,хуш,geminate,хушӑ,170.0
utterance_014025,chuvash_voice,пушӑ,9,11,4.55,4.86,4,ʌ,ɵ,0,4,4.81,4.86,50.0,ʃ,s,0,0,0,final,1,пушӑ,3,ʃ,0,60.0,пуш,bare,пушӑ,110.0
utterance_014027,chuvash_voice,хушшине,4,5,1.76,2.19,6,i,i,0,4,2.01,2.05,40.0,ʃ,n,0,0,0,medial,1,хушшине,3,ʃ,1,120.0,хуш,geminate,хушӑ,160.0
utterance_014051,chuvash_voice,хушшинче,16,49,7.14,7.62,7,i,i,0,4,7.36,7.42,60.0,ʃ,n,0,0,0,medial,1,хушшинче,3,ʃ,1,110.0,хуш,geminate,хушӑ,170.0
utterance_014056,chuvash_voice,чӗпписене,8,8,3.03,3.68,8,i,i,0,4,3.25,3.32,70.0,p,s,0,0,0,medial,1,чӗпписене,3,p,1,60.0,чӗп,geminate,чӗпӗ,130.0
utterance_014057,chuvash_voice,турӑ,7,22,3.35,3.75,4,ʌ,ɵ,0,4,3.64,3.75,110.0,r,p,0,0,0,final,1,турӑ,3,r,0,70.0,тур,bare,турӑ,180.0
utterance_014087,chuvash_voice,ташшипе,3,7,0.9,1.48,6,i,i,0,4,1.2,1.26,60.0,ʃ,p,0,0,0,medial,1,ташшипе,3,ʃ,1,140.0,таш,geminate,ташӑ,200.0
utterance_014110,chuvash_voice,кӗвӗ,1,6,0.53,0.82,4,ɛ,ø,0,4,0.73,0.82,90.0,v,m,0,0,0,final,1,кӗвӗ,3,v,0,50.0,кӗв,bare,кӗвӗ,140.0
utterance_014111,chuvash_voice,сивӗ,7,8,2.62,2.91,4,ɛ,ø,0,4,2.85,2.91,60.0,v,s,0,0,0,final,1,сивӗ,3,v,0,60.0,сив,bare,сивӗ,120.0
utterance_014119,chuvash_voice,хуллен,5,12,2.17,2.64,5,e,e,0,4,2.45,2.55,100.0,l,n,0,0,0,medial,1,хуллен,3,l,1,100.0,хул,geminate,хулӑ,200.0
utterance_014125,chuvash_voice,хушшине,6,25,2.99,3.45,6,i,i,0,4,3.27,3.31,40.0,ʃ,n,0,0,0,medial,1,хушшине,3,ʃ,1,130.0,хуш,geminate,хушӑ,170.0
utterance_014129,chuvash_voice,пуссах,11,25,5.13,5.6,5,ɑ,a,0,4,5.41,5.51,100.0,s,χ,0,0,0,medial,1,пуссах,3,s,1,130.0,пус,geminate,пусӑ,230.0
utterance_014131,chuvash_voice,сивве,6,8,4.19,4.66,4,e,e,0,4,4.47,4.66,190.0,v,ʉ,0,1,0,final,1,сивве,3,v,1,30.0,сив,geminate,сивӗ,220.0
utterance_014139,chuvash_voice,хуллен,5,7,1.83,2.33,5,e,e,0,4,2.15,2.26,110.0,l,n,0,0,0,medial,1,хуллен,3,l,1,100.0,хул,geminate,хулӑ,210.0
utterance_014167,chuvash_voice,ҫурри,9,13,6.1,6.49,4,i,i,0,4,6.41,6.49,80.0,r,ʉ,0,1,0,final,1,ҫурри,3,r,1,110.0,ҫур,geminate,ҫурӑ,190.0
utterance_014169,chuvash_voice,миххи,3,6,0.94,1.22,4,i,i,0,4,1.17,1.22,50.0,χ,p,0,0,0,final,1,миххи,3,χ,1,100.0,мих,geminate,михӗ,150.0
utterance_014187,chuvash_voice,хушшинче,2,7,1.14,1.68,7,i,i,0,4,1.41,1.46,50.0,ʃ,n,0,0,0,medial,1,хушшинче,3,ʃ,1,130.0,хуш,geminate,хушӑ,180.0
utterance_014193,chuvash_voice,ҫыххисем,4,12,1.33,1.95,7,i,i,0,4,1.59,1.67,80.0,χ,s,0,0,0,medial,1,ҫыххисем,3,χ,1,120.0,ҫых,geminate,ҫыхӑ,200.0
utterance_014196,chuvash_voice,пурри,2,28,0.67,0.99,4,i,i,0,4,0.87,0.99,120.0,r,t,0,0,0,final,1,пурри,3,r,1,50.0,пур,geminate,пурӑ,170.0
utterance_014196,chuvash_voice,хушшинче,16,28,7.44,8.0,7,i,i,0,4,7.7,7.75,50.0,ʃ,n,0,0,0,medial,1,хушшинче,3,ʃ,1,130.0,хуш,geminate,хушӑ,180.0
utterance_014196,chuvash_voice,тилӗ,24,28,12.26,12.55,4,ɛ,ø,0,4,12.47,12.55,80.0,l,ɕ,0,0,0,final,1,тилӗ,3,l,0,60.0,тил,bare,тилӗ,140.0
utterance_014205,chuvash_voice,сасси,3,6,1.3,1.67,4,i,i,0,4,1.58,1.67,90.0,s,t,0,0,0,final,1,сасси,3,s,1,130.0,сас,geminate,сасӑ,220.0
utterance_014210,chuvash_voice,ҫутӑ,2,7,0.67,0.97,4,ʌ,ɵ,0,4,0.92,0.97,50.0,t,t,0,0,0,final,1,ҫутӑ,3,t,0,70.0,ҫут,bare,ҫутӑ,120.0
utterance_014219,chuvash_voice,ҫутӑ,10,12,4.58,5.09,4,ʌ,ɵ,0,4,4.94,5.09,150.0,t,,0,0,0,final,1,ҫутӑ,3,t,0,90.0,ҫут,bare,ҫутӑ,240.0
utterance_014259,chuvash_voice,йытӑ,2,3,0.99,1.4,4,ʌ,ɵ,0,4,1.35,1.4,50.0,t,tʃ,0,0,0,final,1,йытӑ,3,t,0,70.0,йыт,bare,йытӑ,120.0
utterance_014272,chuvash_voice,тӗккелесе,6,7,2.7,3.39,8,e,e,0,4,2.94,2.99,50.0,k,l,0,0,0,medial,1,тӗккелесе,3,k,1,130.0,тӗк,geminate,тӗкӗ,180.0
utterance_014275,chuvash_voice,пушшех,8,11,3.97,4.46,5,e,e,0,4,4.32,4.4,80.0,ʃ,χ,0,0,0,medial,1,пушшех,3,ʃ,1,140.0,пуш,geminate,пушӑ,220.0
utterance_014284,chuvash_voice,ҫурӑ,5,9,2.13,2.42,4,ʌ,ɵ,0,4,2.36,2.42,60.0,r,ʉ,0,1,0,final,1,ҫурӑ,3,r,0,40.0,ҫур,bare,ҫурӑ,100.0
utterance_014286,chuvash_voice,хушшине,10,11,4.1,4.57,6,i,i,0,4,4.39,4.43,40.0,ʃ,n,0,0,0,medial,1,хушшине,3,ʃ,1,130.0,хуш,geminate,хушӑ,170.0
utterance_014292,chuvash_voice,чӗпӗ,3,10,1.29,1.58,4,ɛ,ø,0,4,1.53,1.58,50.0,p,k,0,0,0,final,1,чӗпӗ,3,p,0,60.0,чӗп,bare,чӗпӗ,110.0
utterance_014313,chuvash_voice,шӑмӑ,2,8,0.74,1.07,4,ʌ,ɵ,0,4,1.01,1.07,60.0,m,k,0,0,0,final,1,шӑмӑ,3,m,0,60.0,шӑм,bare,шӑмӑ,120.0
utterance_014313,chuvash_voice,йытӑ,5,8,1.91,2.26,4,ʌ,ɵ,0,4,2.19,2.26,70.0,t,p,0,0,0,final,1,йытӑ,3,t,0,90.0,йыт,bare,йытӑ,160.0
utterance_014326,chuvash_voice,пуррине,3,7,1.01,1.4,6,i,i,0,4,1.2,1.23,30.0,r,n,0,0,0,medial,1,пуррине,3,r,1,90.0,пур,geminate,пурӑ,120.0
utterance_014340,chuvash_voice,ватӑ,3,14,1.38,1.66,4,ʌ,ɵ,0,4,1.59,1.66,70.0,t,ɕ,0,0,0,final,1,ватӑ,3,t,0,70.0,ват,bare,ватӑ,140.0
utterance_014343,chuvash_voice,ҫӗҫҫипе,4,7,1.06,1.56,6,i,i,0,4,1.35,1.4,50.0,ɕ,p,0,0,0,medial,1,ҫӗҫҫипе,3,ɕ,1,140.0,ҫӗҫ,geminate,ҫӗҫӗ,190.0
utterance_014378,chuvash_voice,сулӑ,5,5,1.66,2.11,4,ʌ,ɵ,0,4,1.91,2.11,200.0,l,,0,0,0,final,1,сулӑ,3,l,0,90.0,сул,bare,сулӑ,290.0
utterance_014382,chuvash_voice,пулӑ,4,14,1.43,1.79,4,ʌ,ɵ,0,4,1.76,1.79,30.0,l,ʃ,0,0,0,final,1,пулӑ,3,l,0,140.0,пул,bare,пулӑ,170.0
utterance_014383,chuvash_voice,шӑммине,6,8,2.93,3.43,6,i,i,0,4,3.18,3.24,60.0,m,n,0,0,0,medial,1,шӑммине,3,m,1,40.0,шӑм,geminate,шӑмӑ,100.0
utterance_014390,chuvash_voice,хулӑ,2,7,0.56,0.88,4,ʌ,ɵ,0,4,0.82,0.88,60.0,l,tʃ,0,0,0,final,1,хулӑ,3,l,0,60.0,хул,bare,хулӑ,120.0
utterance_014393,chuvash_voice,турра,2,12,0.82,1.21,4,ɑ,a,0,4,1.02,1.21,190.0,r,p,0,0,0,final,1,турра,3,r,1,80.0,тур,geminate,турӑ,270.0
utterance_014412,chuvash_voice,ватӑ,4,12,1.53,1.81,4,ʌ,ɵ,0,4,1.76,1.81,50.0,t,t,0,0,0,final,1,ватӑ,3,t,0,60.0,ват,bare,ватӑ,110.0
utterance_014433,chuvash_voice,сасӑ,5,6,2.33,2.76,4,ʌ,ɵ,0,4,2.66,2.76,100.0,s,i,0,1,0,final,1,сасӑ,3,s,0,70.0,сас,bare,сасӑ,170.0
utterance_014436,chuvash_voice,вӗтӗ,11,26,5.32,5.83,4,ɛ,ø,0,4,5.6,5.83,230.0,t,,0,0,0,final,1,вӗтӗ,3,t,0,70.0,вӗт,bare,вӗтӗ,300.0
utterance_014443,chuvash_voice,сиввӗн,3,4,0.91,1.33,5,ɛ,ø,0,4,1.13,1.26,130.0,v,n,0,0,0,medial,1,сиввӗн,3,v,1,30.0,сив,geminate,сивӗ,160.0
utterance_014451,chuvash_voice,кассан,3,3,0.8,1.68,5,ɑ,a,0,4,1.12,1.31,190.0,s,n,0,0,0,medial,1,кассан,3,s,1,170.0,кас,geminate,касӑ,360.0
utterance_014452,chuvash_voice,туллиех,4,7,1.53,2.07,6,i,i,0,4,1.78,1.84,60.0,l,e,0,1,0,medial,1,туллиех,3,l,1,70.0,тул,geminate,тулӑ,130.0
utterance_014466,chuvash_voice,хушши,4,31,1.62,2.03,4,i,i,0,4,1.91,2.03,120.0,ʃ,k,0,0,0,final,1,хушши,3,ʃ,1,140.0,хуш,geminate,хушӑ,260.0
utterance_014509,chuvash_voice,хушшинче,18,38,9.13,9.75,7,i,i,0,4,9.44,9.48,40.0,ʃ,n,0,0,0,medial,1,хушшинче,3,ʃ,1,140.0,хуш,geminate,хушӑ,180.0
utterance_014512,chuvash_voice,пусса,8,37,3.79,4.36,4,ɑ,a,0,4,4.12,4.36,240.0,s,,0,0,0,final,1,пусса,3,s,1,170.0,пус,geminate,пусӑ,410.0
utterance_014533,chuvash_voice,ҫутӑ,8,10,2.67,3.11,4,ʌ,ɵ,0,4,2.95,3.11,160.0,t,,0,0,0,final,1,ҫутӑ,3,t,0,90.0,ҫут,bare,ҫутӑ,250.0
utterance_014539,chuvash_voice,туллатнӑ,3,7,1.75,2.38,7,ɑ,a,0,4,2.01,2.12,110.0,l,t,0,0,0,medial,1,туллатнӑ,3,l,1,140.0,тул,geminate,тулӑ,250.0
utterance_014544,chuvash_voice,чӗпписем,12,20,6.18,6.71,7,i,i,0,4,6.44,6.52,80.0,p,s,0,0,0,medial,1,чӗпписем,3,p,1,60.0,чӗп,geminate,чӗпӗ,140.0
utterance_014568,chuvash_voice,ҫутӑ,5,9,2.15,2.44,4,ʌ,ɵ,0,4,2.38,2.44,60.0,t,p,0,0,0,final,1,ҫутӑ,3,t,0,60.0,ҫут,bare,ҫутӑ,120.0
utterance_014618,chuvash_voice,тӗсӗ,8,40,3.88,4.38,4,ɛ,ø,0,4,4.14,4.38,240.0,s,,0,0,0,final,1,тӗсӗ,3,s,0,90.0,тӗс,bare,тӗсӗ,330.0
utterance_014618,chuvash_voice,пӗкӗ,35,40,18.82,19.1,4,ɛ,ø,0,4,19.04,19.1,60.0,k,p,0,0,0,final,1,пӗкӗ,3,k,0,90.0,пӗк,bare,пӗкӗ,150.0
utterance_014621,chuvash_voice,кӗлӗ,3,13,0.67,0.92,4,ɛ,ø,0,4,0.86,0.92,60.0,l,p,0,0,0,final,1,кӗлӗ,3,l,0,50.0,кӗл,bare,кӗлӗ,110.0
utterance_014621,chuvash_voice,кӗлӗ,13,13,5.02,5.66,4,ɛ,ø,0,4,5.26,5.66,400.0,l,,0,0,0,final,1,кӗлӗ,3,l,0,60.0,кӗл,bare,кӗлӗ,460.0
utterance_014624,chuvash_voice,вӗтӗ,17,26,9.37,9.64,4,ɛ,ø,0,4,9.57,9.64,70.0,t,ɕ,0,0,0,final,1,вӗтӗ,3,t,0,50.0,вӗт,bare,вӗтӗ,120.0
utterance_014625,chuvash_voice,тӗрӗ,9,9,3.59,4.17,4,ɛ,ø,0,4,3.82,4.17,350.0,r,,0,0,0,final,1,тӗрӗ,3,r,0,50.0,тӗр,bare,тӗрӗ,400.0
utterance_014627,chuvash_voice,хушшинче,13,16,5.5,6.04,7,i,i,0,4,5.76,5.83,70.0,ʃ,n,0,0,0,medial,1,хушшинче,3,ʃ,1,130.0,хуш,geminate,хушӑ,200.0
utterance_014630,chuvash_voice,хушшине,10,18,4.66,5.07,6,i,i,0,4,4.92,4.95,30.0,ʃ,n,0,0,0,medial,1,хушшине,3,ʃ,1,110.0,хуш,geminate,хушӑ,140.0
utterance_014643,chuvash_voice,хуллен,2,7,0.79,1.28,5,e,e,0,4,1.1,1.21,110.0,l,n,0,0,0,medial,1,хуллен,3,l,1,100.0,хул,geminate,хулӑ,210.0
utterance_014645,chuvash_voice,сассине,3,4,0.93,1.46,6,i,i,0,4,1.2,1.25,50.0,s,n,0,0,0,medial,1,сассине,3,s,1,120.0,сас,geminate,сасӑ,170.0
utterance_014655,chuvash_voice,хушшине,4,4,2.06,2.52,6,i,i,0,4,2.29,2.36,70.0,ʃ,n,0,0,0,medial,1,хушшине,3,ʃ,1,110.0,хуш,geminate,хушӑ,180.0
utterance_014670,chuvash_voice,ҫутӑ,4,5,1.83,2.17,4,ʌ,ɵ,0,4,2.13,2.17,40.0,t,t,0,0,0,final,1,ҫутӑ,3,t,0,80.0,ҫут,bare,ҫутӑ,120.0
utterance_014690,chuvash_voice,хулӑ,3,12,1.17,1.49,4,ʌ,ɵ,0,4,1.43,1.49,60.0,l,ɕ,0,0,0,final,1,хулӑ,3,l,0,70.0,хул,bare,хулӑ,130.0
utterance_014706,chuvash_voice,сасси,3,14,0.79,1.23,4,i,i,0,4,1.17,1.23,60.0,s,i,0,1,0,final,1,сасси,3,s,1,190.0,сас,geminate,сасӑ,250.0
utterance_014735,chuvash_voice,хулӑ,2,6,0.72,1.07,4,ʌ,ɵ,0,4,1.01,1.07,60.0,l,ɕ,0,0,0,final,1,хулӑ,3,l,0,70.0,хул,bare,хулӑ,130.0
utterance_014742,chuvash_voice,нӑрӑ,9,15,3.46,3.78,4,ʌ,ɵ,0,4,3.73,3.78,50.0,r,i,0,1,0,final,1,нӑрӑ,3,r,0,80.0,нӑр,bare,нӑрӑ,130.0
utterance_014742,chuvash_voice,нӑрӑ,12,15,5.19,5.46,4,ʌ,ɵ,0,4,5.38,5.46,80.0,r,t,0,0,0,final,1,нӑрӑ,3,r,0,50.0,нӑр,bare,нӑрӑ,130.0
utterance_014759,chuvash_voice,турӑ,5,7,1.85,2.14,4,ʌ,ɵ,0,4,2.06,2.14,80.0,r,,0,0,0,final,1,турӑ,3,r,0,40.0,тур,bare,турӑ,120.0
utterance_014764,chuvash_voice,ватӑ,3,8,0.97,1.36,4,ʌ,ɵ,0,4,1.28,1.36,80.0,t,t,0,0,0,final,1,ватӑ,3,t,0,80.0,ват,bare,ватӑ,160.0
utterance_014793,chuvash_voice,хушшинче,4,12,1.43,2.03,7,i,i,0,4,1.74,1.77,30.0,ʃ,n,0,0,0,medial,1,хушшинче,3,ʃ,1,180.0,хуш,geminate,хушӑ,210.0
utterance_014795,chuvash_voice,сӑввисене,3,5,1.29,1.94,8,i,i,0,4,1.51,1.63,120.0,v,s,0,0,0,medial,1,сӑввисене,3,v,1,30.0,сӑв,geminate,сӑвӑ,150.0
utterance_014822,chuvash_voice,пурри,11,15,3.63,4.03,4,i,i,0,4,3.92,4.03,110.0,r,t,0,0,0,final,1,пурри,3,r,1,150.0,пур,geminate,пурӑ,260.0
utterance_014825,chuvash_voice,ҫутта,6,12,2.56,2.89,4,ɑ,a,0,4,2.81,2.89,80.0,t,k,0,0,0,final,1,ҫутта,3,t,1,60.0,ҫут,geminate,ҫутӑ,140.0
utterance_014829,chuvash_voice,тӑлланӑ,17,28,10.25,10.74,6,ɑ,a,0,4,10.49,10.61,120.0,l,n,0,0,0,medial,1,тӑлланӑ,3,l,1,110.0,тӑл,geminate,тӑлӑ,230.0
utterance_014829,chuvash_voice,вӗттӗн,20,28,11.48,11.84,5,ɛ,ø,0,4,11.72,11.78,60.0,t,n,0,0,0,medial,1,вӗттӗн,3,t,1,140.0,вӗт,geminate,вӗтӗ,200.0
utterance_014829,chuvash_voice,вӗттӗн,21,28,11.84,12.25,5,ɛ,ø,0,4,12.13,12.18,50.0,t,n,0,0,0,medial,1,вӗттӗн,3,t,1,140.0,вӗт,geminate,вӗтӗ,190.0
utterance_014857,chuvash_voice,тырӑ,1,19,0.4,0.68,4,ʌ,ɵ,0,4,0.6,0.68,80.0,r,l,0,0,0,final,1,тырӑ,3,r,0,50.0,тыр,bare,тырӑ,130.0
utterance_014874,chuvash_voice,хушшинчи,7,11,3.56,4.03,7,i,i,0,4,3.8,3.84,40.0,ʃ,n,0,0,0,medial,1,хушшинчи,3,ʃ,1,120.0,хуш,geminate,хушӑ,160.0
utterance_014881,chuvash_voice,хушшинче,2,6,0.78,1.37,7,i,i,0,4,1.04,1.09,50.0,ʃ,n,0,0,0,medial,1,хушшинче,3,ʃ,1,130.0,хуш,geminate,хушӑ,180.0
utterance_014903,chuvash_voice,ҫыхха,8,10,3.15,3.53,4,ɑ,a,0,4,3.46,3.53,70.0,χ,p,0,0,0,final,1,ҫыхха,3,χ,1,110.0,ҫых,geminate,ҫыхӑ,180.0
utterance_014904,chuvash_voice,хушшинчен,35,50,17.47,18.12,8,i,i,0,4,17.75,17.81,60.0,ʃ,n,0,0,0,medial,1,хушшинчен,3,ʃ,1,130.0,хуш,geminate,хушӑ,190.0
utterance_014904,chuvash_voice,ҫутӑ,40,50,20.1,20.48,4,ʌ,ɵ,0,4,20.38,20.48,100.0,t,t,0,0,0,final,1,ҫутӑ,3,t,0,80.0,ҫут,bare,ҫутӑ,180.0
utterance_014925,chuvash_voice,сасси,2,12,0.71,1.11,4,i,i,0,4,1.01,1.11,100.0,s,t,0,0,0,final,1,сасси,3,s,1,130.0,сас,geminate,сасӑ,230.0
utterance_014925,chuvash_voice,сасси,9,12,4.13,4.48,4,i,i,0,4,4.44,4.48,40.0,s,j,0,0,0,final,1,сасси,3,s,1,130.0,сас,geminate,сасӑ,170.0
utterance_014927,chuvash_voice,хуллен,4,6,1.33,1.8,5,e,e,0,4,1.63,1.72,90.0,l,n,0,0,0,medial,1,хуллен,3,l,1,80.0,хул,geminate,хулӑ,170.0
utterance_014932,chuvash_voice,пурри,3,6,1.3,1.57,4,i,i,0,4,1.51,1.57,60.0,r,ɕ,0,0,0,final,1,пурри,3,r,1,70.0,пур,geminate,пурӑ,130.0
utterance_014967,chuvash_voice,пекки,13,14,5.12,5.43,4,i,i,0,4,5.35,5.43,80.0,k,t,0,0,0,final,1,пекки,3,k,1,130.0,пек,geminate,пекӗ,210.0
utterance_014981,chuvash_voice,вӗтӗ,4,10,2.36,2.64,4,ɛ,ø,0,4,2.57,2.64,70.0,t,t,0,0,0,final,1,вӗтӗ,3,t,0,70.0,вӗт,bare,вӗтӗ,140.0
utterance_014986,chuvash_voice,куллине,5,12,2.47,2.95,6,i,i,0,4,2.7,2.79,90.0,l,n,0,0,0,medial,1,куллине,3,l,1,110.0,кул,geminate,кулӑ,200.0
utterance_014993,chuvash_voice,хушшинче,17,24,7.63,8.2,7,i,i,0,4,7.9,7.95,50.0,ʃ,n,0,0,0,medial,1,хушшинче,3,ʃ,1,130.0,хуш,geminate,хушӑ,180.0
utterance_015048,chuvash_voice,пуссанах,7,16,2.5,3.1,7,ɑ,a,0,4,2.72,2.8,80.0,s,n,0,0,0,medial,1,пуссанах,3,s,1,130.0,пус,geminate,пусӑ,210.0
utterance_015049,chuvash_voice,куллен,6,8,2.55,2.95,5,e,e,0,4,2.75,2.86,110.0,l,n,0,0,0,medial,1,куллен,3,l,1,60.0,кул,geminate,кулӑ,170.0
utterance_015063,chuvash_voice,сивӗ,3,5,1.62,2.0,4,ɛ,ø,0,4,1.9,2.0,100.0,v,ɕ,0,0,0,final,1,сивӗ,3,v,0,50.0,сив,bare,сивӗ,150.0
utterance_015070,chuvash_voice,хушӑ,9,11,3.89,4.24,4,ʌ,ɵ,0,4,4.18,4.24,60.0,ʃ,,0,0,0,final,1,хушӑ,3,ʃ,0,70.0,хуш,bare,хушӑ,130.0
utterance_015071,chuvash_voice,ҫыххи,9,10,4.29,4.7,4,i,i,0,4,4.61,4.7,90.0,χ,p,0,0,0,final,1,ҫыххи,3,χ,1,130.0,ҫых,geminate,ҫыхӑ,220.0
utterance_015087,chuvash_voice,касса,3,11,1.59,1.92,4,ɑ,a,0,4,1.85,1.92,70.0,s,p,0,0,0,final,1,касса,3,s,1,140.0,кас,geminate,касӑ,210.0
utterance_015091,chuvash_voice,хушшине,3,8,0.72,1.1,6,i,i,0,4,0.93,0.98,50.0,ʃ,n,0,0,0,medial,1,хушшине,3,ʃ,1,110.0,хуш,geminate,хушӑ,160.0
utterance_015092,chuvash_voice,ҫурри,12,22,4.41,4.83,4,i,i,0,4,4.74,4.83,90.0,r,k,0,0,0,final,1,ҫурри,3,r,1,110.0,ҫур,geminate,ҫурӑ,200.0
utterance_015103,chuvash_voice,ваттисенчен,2,12,0.97,1.72,10,i,i,0,4,1.22,1.27,50.0,t,s,0,0,0,medial,1,ваттисенчен,3,t,1,80.0,ват,geminate,ватӑ,130.0
utterance_015114,chuvash_voice,сасси,9,12,3.15,3.51,4,i,i,0,4,3.44,3.51,70.0,s,m,0,0,0,final,1,сасси,3,s,1,140.0,сас,geminate,сасӑ,210.0
utterance_015151,chuvash_voice,сасӑ,6,8,3.48,3.79,4,ʌ,ɵ,0,4,3.72,3.79,70.0,s,p,0,0,0,final,1,сасӑ,3,s,0,60.0,сас,bare,сасӑ,130.0
utterance_015169,chuvash_voice,хуллен,6,18,3.22,3.63,5,e,e,0,4,3.48,3.57,90.0,l,n,0,0,0,medial,1,хуллен,3,l,1,60.0,хул,geminate,хулӑ,150.0
utterance_015185,chuvash_voice,туллиех,3,4,1.2,1.77,6,i,i,0,4,1.5,1.59,90.0,l,e,0,1,0,medial,1,туллиех,3,l,1,90.0,тул,geminate,тулӑ,180.0
utterance_015208,chuvash_voice,ҫутӑ,11,31,6.61,7.01,4,ʌ,ɵ,0,4,6.95,7.01,60.0,t,ʃ,0,0,0,final,1,ҫутӑ,3,t,0,80.0,ҫут,bare,ҫутӑ,140.0
utterance_015208,chuvash_voice,сӑвӑ,14,31,8.3,8.63,4,ʌ,ɵ,0,4,8.58,8.63,50.0,v,,0,0,0,final,1,сӑвӑ,3,v,0,80.0,сӑв,bare,сӑвӑ,130.0
utterance_015208,chuvash_voice,сӑвӑ,19,31,10.37,10.69,4,ʌ,ɵ,0,4,10.63,10.69,60.0,v,j,0,0,0,final,1,сӑвӑ,3,v,0,70.0,сӑв,bare,сӑвӑ,130.0
utterance_015215,chuvash_voice,пулӑ,13,29,5.56,5.84,4,ʌ,ɵ,0,4,5.75,5.84,90.0,l,t,0,0,0,final,1,пулӑ,3,l,0,60.0,пул,bare,пулӑ,150.0
utterance_015220,chuvash_voice,михӗ,4,5,1.19,1.46,4,ɛ,ø,0,4,1.39,1.46,70.0,χ,s,0,0,0,final,1,михӗ,3,χ,0,90.0,мих,bare,михӗ,160.0
utterance_015224,chuvash_voice,вӗтӗ,6,11,3.28,3.75,4,ɛ,ø,0,4,3.54,3.75,210.0,t,,0,0,0,final,1,вӗтӗ,3,t,0,60.0,вӗт,bare,вӗтӗ,270.0
utterance_015243,chuvash_voice,ҫутӑ,3,6,1.05,1.41,4,ʌ,ɵ,0,4,1.35,1.41,60.0,t,s,0,0,0,final,1,ҫутӑ,3,t,0,70.0,ҫут,bare,ҫутӑ,130.0
utterance_015278,chuvash_voice,хушшинчен,6,7,2.34,2.92,8,i,i,0,4,2.62,2.67,50.0,ʃ,n,0,0,0,medial,1,хушшинчен,3,ʃ,1,120.0,хуш,geminate,хушӑ,170.0
utterance_015326,chuvash_voice,туллин,12,15,5.3,5.7,5,i,i,0,4,5.55,5.64,90.0,l,n,0,0,0,medial,1,туллин,3,l,1,150.0,тул,geminate,тулӑ,240.0
utterance_015330,chuvash_voice,пуррине,10,14,5.31,5.88,6,i,i,0,4,5.55,5.63,80.0,r,n,0,0,0,medial,1,пуррине,3,r,1,60.0,пур,geminate,пурӑ,140.0
utterance_015362,chuvash_voice,пушӑ,4,9,1.11,1.36,4,ʌ,ɵ,0,4,1.32,1.36,40.0,ʃ,ø,0,1,0,final,1,пушӑ,3,ʃ,0,60.0,пуш,bare,пушӑ,100.0
utterance_015365,chuvash_voice,пусӑ,2,5,0.53,0.84,4,ʌ,ɵ,0,4,0.8,0.84,40.0,s,j,0,0,0,final,1,пусӑ,3,s,0,100.0,пус,bare,пусӑ,140.0
utterance_015366,chuvash_voice,хушшинче,3,15,1.33,1.92,7,i,i,0,4,1.59,1.64,50.0,ʃ,n,0,0,0,medial,1,хушшинче,3,ʃ,1,140.0,хуш,geminate,хушӑ,190.0
utterance_015391,chuvash_voice,ҫутӑ,2,10,0.58,0.9,4,ʌ,ɵ,0,4,0.83,0.9,70.0,t,t,0,0,0,final,1,ҫутӑ,3,t,0,70.0,ҫут,bare,ҫутӑ,140.0
utterance_015412,chuvash_voice,ташӑ,3,7,1.22,1.5,4,ʌ,ɵ,0,4,1.47,1.5,30.0,ʃ,,0,0,0,final,1,ташӑ,3,ʃ,0,110.0,таш,bare,ташӑ,140.0
utterance_015420,chuvash_voice,йытта,19,20,9.12,9.5,4,ɑ,a,0,4,9.41,9.5,90.0,t,v,0,0,0,final,1,йытта,3,t,1,140.0,йыт,geminate,йытӑ,230.0
utterance_015431,chuvash_voice,ҫыххи,4,5,1.55,1.98,4,i,i,0,4,1.87,1.98,110.0,χ,m,0,0,0,final,1,ҫыххи,3,χ,1,160.0,ҫых,geminate,ҫыхӑ,270.0
utterance_015459,chuvash_voice,хушши,6,14,2.3,2.75,4,i,i,0,4,2.64,2.75,110.0,ʃ,,0,0,0,final,1,хушши,3,ʃ,1,150.0,хуш,geminate,хушӑ,260.0
utterance_015462,chuvash_voice,турӑ,2,8,0.69,1.0,4,ʌ,ɵ,0,4,0.92,1.0,80.0,r,p,0,0,0,final,1,турӑ,3,r,0,50.0,тур,bare,турӑ,130.0
utterance_015468,chuvash_voice,тыррисене,8,22,5.4,6.01,8,i,i,0,4,5.6,5.66,60.0,r,s,0,0,0,medial,1,тыррисене,3,r,1,100.0,тыр,geminate,тырӑ,160.0
utterance_015474,chuvash_voice,кулӑ,5,15,1.6,1.87,4,ʌ,ɵ,0,4,1.79,1.87,80.0,l,p,0,0,0,final,1,кулӑ,3,l,0,50.0,кул,bare,кулӑ,130.0
utterance_015485,chuvash_voice,сасси,8,8,2.75,3.25,4,i,i,0,4,3.06,3.25,190.0,s,,0,0,0,final,1,сасси,3,s,1,160.0,сас,geminate,сасӑ,350.0
utterance_015494,chuvash_voice,хуллен,2,9,0.9,1.45,5,e,e,0,4,1.22,1.39,170.0,l,n,0,0,0,medial,1,хуллен,3,l,1,130.0,хул,geminate,хулӑ,300.0
utterance_015503,chuvash_voice,чӗлӗ,5,11,1.71,2.03,4,ɛ,ø,0,4,1.94,2.03,90.0,l,ʉ,0,1,0,final,1,чӗлӗ,3,l,0,70.0,чӗл,bare,чӗлӗ,160.0
utterance_015514,chuvash_voice,шӑммисем,16,24,6.88,7.43,7,i,i,0,4,7.09,7.21,120.0,m,s,0,0,0,medial,1,шӑммисем,3,m,1,30.0,шӑм,geminate,шӑмӑ,150.0
utterance_015514,chuvash_voice,хушшипе,17,24,7.43,7.87,6,i,i,0,4,7.68,7.75,70.0,ʃ,p,0,0,0,medial,1,хушшипе,3,ʃ,1,120.0,хуш,geminate,хушӑ,190.0
utterance_015519,chuvash_voice,ҫӗввине,10,12,3.77,4.32,6,i,i,0,4,3.99,4.14,150.0,v,n,0,0,0,medial,1,ҫӗввине,3,v,1,30.0,ҫӗв,geminate,ҫӗвӗ,180.0
utterance_015566,chuvash_voice,хушши,3,12,1.07,1.46,4,i,i,0,4,1.37,1.46,90.0,ʃ,t,0,0,0,final,1,хушши,3,ʃ,1,140.0,хуш,geminate,хушӑ,230.0
utterance_015566,chuvash_voice,хушши,11,12,4.32,4.72,4,i,i,0,4,4.63,4.72,90.0,ʃ,t,0,0,0,final,1,хушши,3,ʃ,1,150.0,хуш,geminate,хушӑ,240.0
utterance_015568,chuvash_voice,касса,10,11,4.25,4.58,4,ɑ,a,0,4,4.5,4.58,80.0,s,j,0,0,0,final,1,касса,3,s,1,140.0,кас,geminate,касӑ,220.0
utterance_015569,chuvash_voice,касса,4,8,2.03,2.42,4,ɑ,a,0,4,2.34,2.42,80.0,s,j,0,0,0,final,1,касса,3,s,1,140.0,кас,geminate,касӑ,220.0
utterance_015575,chuvash_voice,пӗкки,1,4,0.46,0.86,4,i,i,0,4,0.76,0.86,100.0,k,j,0,0,0,final,1,пӗкки,3,k,1,100.0,пӗк,geminate,пӗкӗ,200.0
utterance_015590,chuvash_voice,пуррине,2,13,0.66,1.07,6,i,i,0,4,0.86,0.93,70.0,r,n,0,0,0,medial,1,пуррине,3,r,1,70.0,пур,geminate,пурӑ,140.0
utterance_015602,chuvash_voice,хуллен,4,6,1.67,2.06,5,e,e,0,4,1.92,1.99,70.0,l,n,0,0,0,medial,1,хуллен,3,l,1,50.0,хул,geminate,хулӑ,120.0
utterance_015651,chuvash_voice,ҫыхха,5,7,1.95,2.35,4,ɑ,a,0,4,2.22,2.35,130.0,χ,k,0,0,0,final,1,ҫыхха,3,χ,1,80.0,ҫых,geminate,ҫыхӑ,210.0
utterance_015665,chuvash_voice,хушшинче,3,8,1.5,1.97,7,i,i,0,4,1.73,1.78,50.0,ʃ,n,0,0,0,medial,1,хушшинче,3,ʃ,1,110.0,хуш,geminate,хушӑ,160.0
utterance_015669,chuvash_voice,ҫутӑ,2,2,0.77,1.2,4,ʌ,ɵ,0,4,1.11,1.2,90.0,t,,0,0,0,final,1,ҫутӑ,3,t,0,80.0,ҫут,bare,ҫутӑ,170.0
utterance_015672,chuvash_voice,ҫурран,6,7,2.76,3.26,5,ɑ,a,0,4,3.07,3.2,130.0,r,n,0,0,0,medial,1,ҫурран,3,r,1,30.0,ҫур,geminate,ҫурӑ,160.0
utterance_015724,chuvash_voice,хушшинче,8,9,3.7,4.19,7,i,i,0,4,3.95,4.0,50.0,ʃ,n,0,0,0,medial,1,хушшинче,3,ʃ,1,130.0,хуш,geminate,хушӑ,180.0
utterance_015727,chuvash_voice,ҫутӑ,8,12,3.85,4.21,4,ʌ,ɵ,0,4,4.1,4.21,110.0,t,p,0,0,0,final,1,ҫутӑ,3,t,0,70.0,ҫут,bare,ҫутӑ,180.0
utterance_015755,chuvash_voice,сассисем,2,7,0.85,1.43,7,i,i,0,4,1.12,1.21,90.0,s,s,0,0,0,medial,1,сассисем,3,s,1,110.0,сас,geminate,сасӑ,200.0
utterance_015767,chuvash_voice,хушшинчех,2,5,1.0,1.69,8,i,i,0,4,1.28,1.33,50.0,ʃ,n,0,0,0,medial,1,хушшинчех,3,ʃ,1,110.0,хуш,geminate,хушӑ,160.0
utterance_015782,chuvash_voice,ҫӗвӗ,4,12,2.12,2.59,4,ɛ,ø,0,4,2.51,2.59,80.0,v,m,0,0,0,final,1,ҫӗвӗ,3,v,0,60.0,ҫӗв,bare,ҫӗвӗ,140.0
utterance_015842,chuvash_voice,сивӗ,17,28,8.39,8.78,4,ɛ,ø,0,4,8.72,8.78,60.0,v,p,0,0,0,final,1,сивӗ,3,v,0,60.0,сив,bare,сивӗ,120.0
utterance_015842,chuvash_voice,сивӗ,25,28,11.69,12.02,4,ɛ,ø,0,4,11.97,12.02,50.0,v,p,0,0,0,final,1,сивӗ,3,v,0,60.0,сив,bare,сивӗ,110.0
utterance_015853,chuvash_voice,сасси,2,8,0.86,1.19,4,i,i,0,4,1.15,1.19,40.0,s,i,0,1,0,final,1,сасси,3,s,1,140.0,сас,geminate,сасӑ,180.0
utterance_015871,chuvash_voice,пӑтӑ,2,5,1.25,1.55,4,ʌ,ɵ,0,4,1.51,1.55,40.0,t,p,0,0,0,final,1,пӑтӑ,3,t,0,60.0,пӑт,bare,пӑтӑ,100.0
utterance_015877,chuvash_voice,хуллентерех,7,8,3.79,4.53,10,e,e,0,4,4.03,4.11,80.0,l,n,0,0,0,medial,1,хуллентерех,3,l,1,70.0,хул,geminate,хулӑ,150.0
utterance_015905,chuvash_voice,сассипе,5,8,1.59,2.08,6,i,i,0,4,1.87,1.92,50.0,s,p,0,0,0,medial,1,сассипе,3,s,1,130.0,сас,geminate,сасӑ,180.0
utterance_015933,chuvash_voice,хушшинче,5,5,1.71,2.27,7,i,i,0,4,1.95,2.0,50.0,ʃ,n,0,0,0,medial,1,хушшинче,3,ʃ,1,130.0,хуш,geminate,хушӑ,180.0
utterance_015939,chuvash_voice,вӑйӑ,7,10,2.82,3.09,4,ʌ,ɵ,0,4,3.06,3.09,30.0,j,χ,0,0,0,final,1,вӑйӑ,3,j,0,60.0,вӑй,bare,вӑйӑ,90.0
utterance_015947,chuvash_voice,пӑтти,7,8,4.2,4.55,4,i,i,0,4,4.5,4.55,50.0,t,ɕ,0,0,0,final,1,пӑтти,3,t,1,80.0,пӑт,geminate,пӑтӑ,130.0
utterance_015952,chuvash_voice,пеккине,4,8,1.7,2.25,6,i,i,0,4,1.94,2.0,60.0,k,n,0,0,0,medial,1,пеккине,3,k,1,100.0,пек,geminate,пекӗ,160.0
utterance_015956,chuvash_voice,турри,1,2,0.42,0.75,4,i,i,0,4,0.65,0.75,100.0,r,p,0,0,0,final,1,турри,3,r,1,110.0,тур,geminate,турӑ,210.0
utterance_015957,chuvash_voice,ҫутӑ,3,4,2.01,2.4,4,ʌ,ɵ,0,4,2.34,2.4,60.0,t,p,0,0,0,final,1,ҫутӑ,3,t,0,80.0,ҫут,bare,ҫутӑ,140.0
utterance_015959,chuvash_voice,хушшине,18,21,8.62,9.09,6,i,i,0,4,8.92,8.95,30.0,ʃ,n,0,0,0,medial,1,хушшине,3,ʃ,1,120.0,хуш,geminate,хушӑ,150.0
utterance_015969,chuvash_voice,пусӑ,3,13,1.05,1.38,4,ʌ,ɵ,0,4,1.33,1.38,50.0,s,p,0,0,0,final,1,пусӑ,3,s,0,90.0,пус,bare,пусӑ,140.0
utterance_015995,chuvash_voice,сасси,7,7,2.78,3.33,4,i,i,0,4,3.1,3.33,230.0,s,,0,0,0,final,1,сасси,3,s,1,150.0,сас,geminate,сасӑ,380.0
utterance_016012,chuvash_voice,сасӑ,4,7,1.36,1.75,4,ʌ,ɵ,0,4,1.69,1.75,60.0,s,p,0,0,0,final,1,сасӑ,3,s,0,80.0,сас,bare,сасӑ,140.0
utterance_016015,chuvash_voice,хулленрех,15,24,8.0,8.76,8,e,e,0,4,8.24,8.33,90.0,l,n,0,0,0,medial,1,хулленрех,3,l,1,80.0,хул,geminate,хулӑ,170.0
utterance_016015,chuvash_voice,сассинчен,21,24,12.0,12.66,8,i,i,0,4,12.32,12.38,60.0,s,n,0,0,0,medial,1,сассинчен,3,s,1,130.0,сас,geminate,сасӑ,190.0
utterance_016042,chuvash_voice,хупӑ,7,8,3.29,3.63,4,ʌ,ɵ,0,4,3.6,3.63,30.0,p,p,0,0,0,final,1,хупӑ,3,p,0,70.0,хуп,bare,хупӑ,100.0
utterance_016048,chuvash_voice,хуллен,13,29,7.0,7.36,5,e,e,0,4,7.23,7.3,70.0,l,n,0,0,0,medial,1,хуллен,3,l,1,70.0,хул,geminate,хулӑ,140.0
utterance_016049,chuvash_voice,тулӑ,7,14,3.59,3.93,4,ʌ,ɵ,0,4,3.85,3.93,80.0,l,p,0,0,0,final,1,тулӑ,3,l,0,110.0,тул,bare,тулӑ,190.0
utterance_016049,chuvash_voice,пусси,8,14,3.93,4.34,4,i,i,0,4,4.24,4.34,100.0,s,p,0,0,0,final,1,пусси,3,s,1,170.0,пус,geminate,пусӑ,270.0
utterance_016049,chuvash_voice,касӑ,10,14,5.11,5.49,4,ʌ,ɵ,0,4,5.44,5.49,50.0,s,t,0,0,0,final,1,касӑ,3,s,0,70.0,кас,bare,касӑ,120.0
utterance_016062,chuvash_voice,ҫутӑ,5,6,2.86,3.18,4,ʌ,ɵ,0,4,3.1,3.18,80.0,t,k,0,0,0,final,1,ҫутӑ,3,t,0,70.0,ҫут,bare,ҫутӑ,150.0
utterance_016075,chuvash_voice,сасси,16,18,7.51,7.9,4,i,i,0,4,7.81,7.9,90.0,s,j,0,0,0,final,1,сасси,3,s,1,140.0,сас,geminate,сасӑ,230.0
utterance_016096,chuvash_voice,шӑмму-шакку,11,13,4.79,5.53,8,u,u,0,4,5.08,5.15,70.0,m,ʃ,0,0,0,medial,1,шӑмму-шакку,3,m,1,90.0,шӑм,geminate,шӑмӑ,160.0
utterance_016096,chuvash_voice,шӑмму-шакку,11,13,4.79,5.53,8,u,u,0,8,5.41,5.53,120.0,k,,0,0,0,final,1,шӑмму-шакку,7,k,1,60.0,шӑм,geminate,шӑмӑ,180.0
utterance_016102,chuvash_voice,кӗвӗ,8,8,4.34,4.73,4,ɛ,ø,0,4,4.62,4.73,110.0,v,,0,0,0,final,1,кӗвӗ,3,v,0,80.0,кӗв,bare,кӗвӗ,190.0
utterance_016117,chuvash_voice,пекки,11,15,3.88,4.22,4,i,i,0,4,4.14,4.22,80.0,k,ɕ,0,0,0,final,1,пекки,3,k,1,130.0,пек,geminate,пекӗ,210.0
utterance_016135,chuvash_voice,хуллен,3,5,1.03,1.48,5,e,e,0,4,1.29,1.41,120.0,l,n,0,0,0,medial,1,хуллен,3,l,1,90.0,хул,geminate,хулӑ,210.0
utterance_016150,chuvash_voice,пӑттинче,2,5,0.43,0.98,7,i,i,0,4,0.71,0.74,30.0,t,n,0,0,0,medial,1,пӑттинче,3,t,1,30.0,пӑт,geminate,пӑтӑ,60.0
utterance_016172,chuvash_voice,пеккине,2,3,0.6,1.06,6,i,i,0,4,0.83,0.88,50.0,k,n,0,0,0,medial,1,пеккине,3,k,1,110.0,пек,geminate,пекӗ,160.0
utterance_016176,chuvash_voice,хушшинче,15,24,8.91,9.52,7,i,i,0,4,9.21,9.28,70.0,ʃ,n,0,0,0,medial,1,хушшинче,3,ʃ,1,160.0,хуш,geminate,хушӑ,230.0
utterance_016177,chuvash_voice,сивӗ,4,14,1.28,1.59,4,ɛ,ø,0,4,1.54,1.59,50.0,v,m,0,0,0,final,1,сивӗ,3,v,0,80.0,сив,bare,сивӗ,130.0
utterance_016180,chuvash_voice,хушӑ,10,15,5.09,5.6,4,ʌ,ɵ,0,4,5.48,5.6,120.0,ʃ,,0,0,0,final,1,хушӑ,3,ʃ,0,110.0,хуш,bare,хушӑ,230.0
utterance_016190,chuvash_voice,йытти,4,5,1.5,1.87,4,i,i,0,4,1.74,1.87,130.0,t,p,0,0,0,final,1,йытти,3,t,1,120.0,йыт,geminate,йытӑ,250.0
utterance_016216,chuvash_voice,вӑйӑ,6,10,2.14,2.44,4,ʌ,ɵ,0,4,2.41,2.44,30.0,j,,0,0,0,final,1,вӑйӑ,3,j,0,40.0,вӑй,bare,вӑйӑ,70.0
utterance_016260,chuvash_voice,сассине,9,17,3.48,4.01,6,i,i,0,4,3.8,3.86,60.0,s,n,0,0,0,medial,1,сассине,3,s,1,120.0,сас,geminate,сасӑ,180.0
utterance_016285,chuvash_voice,хушшинче,8,16,2.56,2.9,7,i,i,0,4,2.66,2.69,30.0,ʃ,n,0,0,0,medial,1,хушшинче,3,ʃ,1,30.0,хуш,geminate,хушӑ,60.0
utterance_016309,chuvash_voice,турӑ,5,7,0.96,1.27,4,ʌ,ɵ,0,4,1.19,1.27,80.0,r,tʃ,0,0,0,final,1,турӑ,3,r,0,50.0,тур,bare,турӑ,130.0
utterance_016325,chuvash_voice,михӗ,4,11,2.12,2.37,4,ɛ,ø,0,4,2.31,2.37,60.0,χ,j,0,0,0,final,1,михӗ,3,χ,0,70.0,мих,bare,михӗ,130.0
utterance_016327,chuvash_voice,тырӑ,8,16,4.23,4.42,4,ʌ,ɵ,0,4,4.39,4.42,30.0,r,,0,0,0,final,1,тырӑ,3,r,0,40.0,тыр,bare,тырӑ,70.0
utterance_016336,chuvash_voice,пурри,2,18,0.86,1.14,4,i,i,0,4,1.06,1.14,80.0,r,ɕ,0,0,0,final,1,пурри,3,r,1,80.0,пур,geminate,пурӑ,160.0
utterance_016336,chuvash_voice,хушши,9,18,3.53,3.98,4,i,i,0,4,3.83,3.98,150.0,ʃ,,0,0,0,final,1,хушши,3,ʃ,1,140.0,хуш,geminate,хушӑ,290.0
utterance_016352,chuvash_voice,пекки,6,16,1.98,2.51,4,i,i,0,4,2.25,2.51,260.0,k,,0,0,0,final,1,пекки,3,k,1,150.0,пек,geminate,пекӗ,410.0
utterance_016360,chuvash_voice,ташӑ,13,15,6.23,6.59,4,ʌ,ɵ,0,4,6.52,6.59,70.0,ʃ,k,0,0,0,final,1,ташӑ,3,ʃ,0,90.0,таш,bare,ташӑ,160.0
utterance_016371,chuvash_voice,пекки,6,6,1.72,2.29,4,i,i,0,4,1.98,2.29,310.0,k,,0,0,0,final,1,пекки,3,k,1,130.0,пек,geminate,пекӗ,440.0
utterance_016379,chuvash_voice,хушшине,4,5,1.51,1.99,6,i,i,0,4,1.77,1.83,60.0,ʃ,n,0,0,0,medial,1,хушшине,3,ʃ,1,120.0,хуш,geminate,хушӑ,180.0
utterance_016410,chuvash_voice,хушши,19,22,8.63,8.99,4,i,i,0,4,8.94,8.99,50.0,ʃ,ɕ,0,0,0,final,1,хушши,3,ʃ,1,130.0,хуш,geminate,хушӑ,180.0
utterance_016452,chuvash_voice,хуллен,25,31,11.42,11.82,5,e,e,0,4,11.65,11.77,120.0,l,n,0,0,0,medial,1,хуллен,3,l,1,70.0,хул,geminate,хулӑ,190.0
utterance_016452,chuvash_voice,сулланкаларӗ,31,31,14.2,16.07,11,ɑ,a,0,4,14.38,14.48,100.0,l,n,0,0,0,medial,1,сулланкаларӗ,3,l,1,80.0,сул,geminate,сулӑ,180.0
utterance_016453,chuvash_voice,тулли,4,9,1.79,2.25,4,i,i,0,4,2.02,2.25,230.0,l,i,0,1,0,final,1,тулли,3,l,1,100.0,тул,geminate,тулӑ,330.0
utterance_016456,chuvash_voice,ҫутӑ,24,35,14.18,14.56,4,ʌ,ɵ,0,4,14.51,14.56,50.0,t,v,0,0,0,final,1,ҫутӑ,3,t,0,70.0,ҫут,bare,ҫутӑ,120.0
utterance_016474,chuvash_voice,касса,2,8,0.69,1.03,4,ɑ,a,0,4,0.97,1.03,60.0,s,p,0,0,0,final,1,касса,3,s,1,150.0,кас,geminate,касӑ,210.0
utterance_016475,chuvash_voice,сасӑ,7,9,2.93,3.32,4,ʌ,ɵ,0,4,3.29,3.32,30.0,s,j,0,0,0,final,1,сасӑ,3,s,0,80.0,сас,bare,сасӑ,110.0
utterance_016493,chuvash_voice,пеккине,3,8,1.26,1.78,6,i,i,0,4,1.48,1.54,60.0,k,n,0,0,0,medial,1,пеккине,3,k,1,100.0,пек,geminate,пекӗ,160.0
utterance_016493,chuvash_voice,турӑ,6,8,2.44,2.76,4,ʌ,ɵ,0,4,2.72,2.76,40.0,r,,0,0,0,final,1,турӑ,3,r,0,50.0,тур,bare,турӑ,90.0
utterance_016510,chuvash_voice,йытӑ,2,6,0.95,1.27,4,ʌ,ɵ,0,4,1.21,1.27,60.0,t,ɕ,0,0,0,final,1,йытӑ,3,t,0,80.0,йыт,bare,йытӑ,140.0
utterance_016530,chuvash_voice,ҫӗҫӗ,6,16,2.73,3.08,4,ɛ,ø,0,4,3.01,3.08,70.0,ɕ,t,0,0,0,final,1,ҫӗҫӗ,3,ɕ,0,90.0,ҫӗҫ,bare,ҫӗҫӗ,160.0
utterance_016530,chuvash_voice,ҫӗҫҫи,8,16,3.87,4.37,4,i,i,0,4,4.26,4.37,110.0,ɕ,,0,0,0,final,1,ҫӗҫҫи,3,ɕ,1,170.0,ҫӗҫ,geminate,ҫӗҫӗ,280.0
utterance_016542,chuvash_voice,сивӗ,2,7,0.95,1.38,4,ɛ,ø,0,4,1.28,1.38,100.0,v,ɕ,0,0,0,final,1,сивӗ,3,v,0,50.0,сив,bare,сивӗ,150.0
utterance_016546,chuvash_voice,сассине,6,7,2.72,3.24,6,i,i,0,4,3.02,3.07,50.0,s,n,0,0,0,medial,1,сассине,3,s,1,110.0,сас,geminate,сасӑ,160.0
utterance_016559,chuvash_voice,пурри,2,6,0.64,0.91,4,i,i,0,4,0.81,0.91,100.0,r,ɕ,0,0,0,final,1,пурри,3,r,1,50.0,пур,geminate,пурӑ,150.0
utterance_016579,chuvash_voice,вӑрӑ,4,9,1.84,2.04,4,ʌ,ɵ,0,4,1.96,2.04,80.0,r,χ,0,0,0,final,1,вӑрӑ,3,r,0,40.0,вӑр,bare,вӑрӑ,120.0
utterance_016581,chuvash_voice,тулли,12,17,5.47,5.78,4,i,i,0,4,5.71,5.78,70.0,l,tʃ,0,0,0,final,1,тулли,3,l,1,80.0,тул,geminate,тулӑ,150.0
utterance_016587,chuvash_voice,ватӑ,1,5,0.46,0.69,4,ʌ,ɵ,0,4,0.65,0.69,40.0,t,v,0,0,0,final,1,ватӑ,3,t,0,50.0,ват,bare,ватӑ,90.0
utterance_016595,chuvash_voice,касса,6,7,2.23,2.61,4,ɑ,a,0,4,2.55,2.61,60.0,s,y,0,1,0,final,1,касса,3,s,1,150.0,кас,geminate,касӑ,210.0
utterance_016613,chuvash_voice,касса,12,24,4.88,5.27,4,ɑ,a,0,4,5.17,5.27,100.0,s,ɕ,0,0,0,final,1,касса,3,s,1,160.0,кас,geminate,касӑ,260.0
utterance_016623,chuvash_voice,хушшинче,4,15,2.08,2.65,7,i,i,0,4,2.35,2.41,60.0,ʃ,n,0,0,0,medial,1,хушшинче,3,ʃ,1,120.0,хуш,geminate,хушӑ,180.0
utterance_016624,chuvash_voice,хушӑ,2,11,0.75,1.22,4,ʌ,ɵ,0,4,1.06,1.22,160.0,ʃ,u,0,1,0,final,1,хушӑ,3,ʃ,0,90.0,хуш,bare,хушӑ,250.0
utterance_016624,chuvash_voice,сассине,7,11,3.61,4.07,6,i,i,0,4,3.88,3.93,50.0,s,n,0,0,0,medial,1,сассине,3,s,1,130.0,сас,geminate,сасӑ,180.0
utterance_016631,chuvash_voice,сассипе,6,10,3.17,3.67,6,i,i,0,4,3.46,3.52,60.0,s,p,0,0,0,medial,1,сассипе,3,s,1,140.0,сас,geminate,сасӑ,200.0
utterance_016631,chuvash_voice,сассине,9,10,5.29,5.74,6,i,i,0,4,5.54,5.59,50.0,s,n,0,0,0,medial,1,сассине,3,s,1,100.0,сас,geminate,сасӑ,150.0
utterance_016635,chuvash_voice,сасси,7,31,3.05,3.45,4,i,i,0,4,3.4,3.45,50.0,s,i,0,1,0,final,1,сасси,3,s,1,140.0,сас,geminate,сасӑ,190.0
utterance_016647,chuvash_voice,турӑ,2,5,1.28,1.52,4,ʌ,ɵ,0,4,1.47,1.52,50.0,r,s,0,0,0,final,1,турӑ,3,r,0,40.0,тур,bare,турӑ,90.0
utterance_016664,chuvash_voice,хушшинче,2,5,1.82,2.42,7,i,i,0,4,2.11,2.17,60.0,ʃ,n,0,0,0,medial,1,хушшинче,3,ʃ,1,140.0,хуш,geminate,хушӑ,200.0
utterance_016665,chuvash_voice,йытӑ,1,5,0.51,0.82,4,ʌ,ɵ,0,4,0.7,0.82,120.0,t,k,0,0,0,final,1,йытӑ,3,t,0,80.0,йыт,bare,йытӑ,200.0
utterance_016667,chuvash_voice,хушшинче,2,10,0.86,1.37,7,i,i,0,4,1.11,1.15,40.0,ʃ,n,0,0,0,medial,1,хушшинче,3,ʃ,1,130.0,хуш,geminate,хушӑ,170.0
utterance_016680,chuvash_voice,хушшинчи,7,9,2.75,3.37,7,i,i,0,4,3.08,3.11,30.0,ʃ,n,0,0,0,medial,1,хушшинчи,3,ʃ,1,130.0,хуш,geminate,хушӑ,160.0
utterance_016702,chuvash_voice,пушӑ,17,20,9.87,10.26,4,ʌ,ɵ,0,4,10.18,10.26,80.0,ʃ,u,0,1,0,final,1,пушӑ,3,ʃ,0,80.0,пуш,bare,пушӑ,160.0
utterance_016719,chuvash_voice,ватӑ,2,15,0.47,0.74,4,ʌ,ɵ,0,4,0.71,0.74,30.0,t,u,0,1,0,final,1,ватӑ,3,t,0,60.0,ват,bare,ватӑ,90.0
utterance_016729,chuvash_voice,хушшинчи,8,9,3.6,4.09,7,i,i,0,4,3.83,3.9,70.0,ʃ,n,0,0,0,medial,1,хушшинчи,3,ʃ,1,120.0,хуш,geminate,хушӑ,190.0
utterance_016743,chuvash_voice,сивӗ,6,10,2.96,3.31,4,ɛ,ø,0,4,3.23,3.31,80.0,v,tʃ,0,0,0,final,1,сивӗ,3,v,0,40.0,сив,bare,сивӗ,120.0
utterance_016752,chuvash_voice,пекки,2,5,0.17,0.5,4,i,i,0,4,0.43,0.5,70.0,k,r,0,0,0,final,1,пекки,3,k,1,160.0,пек,geminate,пекӗ,230.0
utterance_016755,chuvash_voice,кӗвве,19,21,9.63,9.97,4,e,e,0,4,9.77,9.97,200.0,v,t,0,0,0,final,1,кӗвве,3,v,1,30.0,кӗв,geminate,кӗвӗ,230.0
utterance_016759,chuvash_voice,ҫыххи,13,14,5.49,5.85,4,i,i,0,4,5.76,5.85,90.0,χ,p,0,0,0,final,1,ҫыххи,3,χ,1,120.0,ҫых,geminate,ҫыхӑ,210.0
utterance_016770,chuvash_voice,хушшине,10,12,3.77,4.27,6,i,i,0,4,4.06,4.11,50.0,ʃ,n,0,0,0,medial,1,хушшине,3,ʃ,1,120.0,хуш,geminate,хушӑ,170.0
utterance_016774,chuvash_voice,пусса,7,10,3.35,3.76,4,ɑ,a,0,4,3.65,3.76,110.0,s,j,0,0,0,final,1,пусса,3,s,1,140.0,пус,geminate,пусӑ,250.0
utterance_016781,chuvash_voice,хушшинче,5,7,2.46,2.95,7,i,i,0,4,2.71,2.77,60.0,ʃ,n,0,0,0,medial,1,хушшинче,3,ʃ,1,130.0,хуш,geminate,хушӑ,190.0
utterance_016784,chuvash_voice,хупӑ,4,7,1.95,2.4,4,ʌ,ɵ,0,4,2.25,2.4,150.0,p,,0,0,0,final,1,хупӑ,3,p,0,70.0,хуп,bare,хупӑ,220.0
utterance_016797,chuvash_voice,хушшипе,10,19,4.64,5.1,6,i,i,0,4,4.91,4.97,60.0,ʃ,p,0,0,0,medial,1,хушшипе,3,ʃ,1,120.0,хуш,geminate,хушӑ,180.0
utterance_016800,chuvash_voice,шӑмми,3,8,1.21,1.54,4,i,i,0,4,1.44,1.54,100.0,m,χ,0,0,0,final,1,шӑмми,3,m,1,30.0,шӑм,geminate,шӑмӑ,130.0
utterance_016811,chuvash_voice,вӑрӑ,4,22,1.41,1.67,4,ʌ,ɵ,0,4,1.6,1.67,70.0,r,χ,0,0,0,final,1,вӑрӑ,3,r,0,50.0,вӑр,bare,вӑрӑ,120.0
utterance_016813,chuvash_voice,ватӑ,1,16,0.6,0.94,4,ʌ,ɵ,0,4,0.83,0.94,110.0,t,u,0,1,0,final,1,ватӑ,3,t,0,80.0,ват,bare,ватӑ,190.0
utterance_016813,chuvash_voice,ҫуттинче,12,16,5.77,6.18,7,i,i,0,4,6.04,6.08,40.0,t,n,0,0,0,medial,1,ҫуттинче,3,t,1,110.0,ҫут,geminate,ҫутӑ,150.0
utterance_016828,chuvash_voice,хушши,4,11,1.49,1.9,4,i,i,0,4,1.82,1.9,80.0,ʃ,v,0,0,0,final,1,хушши,3,ʃ,1,150.0,хуш,geminate,хушӑ,230.0
utterance_016851,chuvash_voice,турӑ,16,21,7.12,7.37,4,ʌ,ɵ,0,4,7.3,7.37,70.0,r,ɕ,0,0,0,final,1,турӑ,3,r,0,50.0,тур,bare,турӑ,120.0
utterance_016872,chuvash_voice,тӗссӗрленнӗ,6,15,3.3,4.13,9,ɛ,ø,0,4,3.56,3.61,50.0,s,r,0,0,0,medial,1,тӗссӗрленнӗ,3,s,1,140.0,тӗс,geminate,тӗсӗ,190.0
utterance_016872,chuvash_voice,тӗссӗрленнӗ,6,15,3.3,4.13,9,ɛ,ø,0,9,3.94,4.13,190.0,n,,0,0,0,final,1,тӗссӗрленнӗ,8,n,1,90.0,тӗс,geminate,тӗсӗ,280.0
utterance_016883,chuvash_voice,туллиех,3,7,1.19,1.77,6,i,i,0,4,1.43,1.54,110.0,l,e,0,1,0,medial,1,туллиех,3,l,1,50.0,тул,geminate,тулӑ,160.0
utterance_016884,chuvash_voice,сасӑ,10,11,4.78,5.2,4,ʌ,ɵ,0,4,5.13,5.2,70.0,s,p,0,0,0,final,1,сасӑ,3,s,0,60.0,сас,bare,сасӑ,130.0
utterance_016926,chuvash_voice,хушшине,5,12,1.93,2.37,6,i,i,0,4,2.19,2.25,60.0,ʃ,n,0,0,0,medial,1,хушшине,3,ʃ,1,120.0,хуш,geminate,хушӑ,180.0
utterance_016937,chuvash_voice,ҫурри,7,16,3.36,3.49,4,i,i,0,4,3.45,3.49,40.0,r,χ,0,0,0,final,1,ҫурри,3,r,1,30.0,ҫур,geminate,ҫурӑ,70.0
utterance_016949,chuvash_voice,хушшинчех,3,16,1.4,2.04,8,i,i,0,4,1.71,1.75,40.0,ʃ,n,0,0,0,medial,1,хушшинчех,3,ʃ,1,120.0,хуш,geminate,хушӑ,160.0
utterance_016961,chuvash_voice,хуллен,18,19,7.73,8.11,5,e,e,0,4,7.97,8.07,100.0,l,n,0,0,0,medial,1,хуллен,3,l,1,70.0,хул,geminate,хулӑ,170.0
utterance_016980,chuvash_voice,тӗмӗ,3,5,1.53,1.85,4,ɛ,ø,0,4,1.78,1.85,70.0,m,p,0,0,0,final,1,тӗмӗ,3,m,0,90.0,тӗм,bare,тӗмӗ,160.0
utterance_016993,chuvash_voice,вӑррине,7,9,3.99,4.45,6,i,i,0,4,4.18,4.25,70.0,r,n,0,0,0,medial,1,вӑррине,3,r,1,100.0,вӑр,geminate,вӑрӑ,170.0
utterance_017009,chuvash_voice,хушшинче,13,19,5.38,5.88,7,i,i,0,4,5.64,5.69,50.0,ʃ,n,0,0,0,medial,1,хушшинче,3,ʃ,1,120.0,хуш,geminate,хушӑ,170.0
utterance_017010,chuvash_voice,сассипе,25,26,13.35,13.86,6,i,i,0,4,13.66,13.73,70.0,s,p,0,0,0,medial,1,сассипе,3,s,1,140.0,сас,geminate,сасӑ,210.0
utterance_017017,chuvash_voice,ватӑ,10,11,4.75,5.11,4,ʌ,ɵ,0,4,5.02,5.11,90.0,t,,0,0,0,final,1,ватӑ,3,t,0,70.0,ват,bare,ватӑ,160.0
utterance_017020,chuvash_voice,пекки,7,8,2.49,2.82,4,i,i,0,4,2.74,2.82,80.0,k,t,0,0,0,final,1,пекки,3,k,1,110.0,пек,geminate,пекӗ,190.0
utterance_017026,chuvash_voice,сулла,6,17,2.53,3.04,4,ɑ,a,0,4,2.85,3.04,190.0,l,a,0,1,0,final,1,сулла,3,l,1,130.0,сул,geminate,сулӑ,320.0
utterance_017031,chuvash_voice,ҫутӑ,6,14,2.27,2.69,4,ʌ,ɵ,0,4,2.6,2.69,90.0,t,i,0,1,0,final,1,ҫутӑ,3,t,0,70.0,ҫут,bare,ҫутӑ,160.0
utterance_017047,chuvash_voice,сассипе,12,12,4.97,5.5,6,i,i,0,4,5.24,5.33,90.0,s,p,0,0,0,medial,1,сассипе,3,s,1,130.0,сас,geminate,сасӑ,220.0
utterance_017051,chuvash_voice,ватӑ,2,4,0.62,0.9,4,ʌ,ɵ,0,4,0.84,0.9,60.0,t,v,0,0,0,final,1,ватӑ,3,t,0,50.0,ват,bare,ватӑ,110.0
utterance_017061,chuvash_voice,тулли,5,10,2.36,2.63,4,i,i,0,4,2.58,2.63,50.0,l,m,0,0,0,final,1,тулли,3,l,1,90.0,тул,geminate,тулӑ,140.0
utterance_017068,chuvash_voice,ҫутӑ,10,29,5.0,5.4,4,ʌ,ɵ,0,4,5.34,5.4,60.0,t,tʃ,0,0,0,final,1,ҫутӑ,3,t,0,50.0,ҫут,bare,ҫутӑ,110.0
utterance_017069,chuvash_voice,хушши,8,20,4.94,5.32,4,i,i,0,4,5.25,5.32,70.0,ʃ,v,0,0,0,final,1,хушши,3,ʃ,1,130.0,хуш,geminate,хушӑ,200.0
utterance_017090,chuvash_voice,вӑйӑ,1,16,0.38,0.69,4,ʌ,ɵ,0,4,0.65,0.69,40.0,j,v,0,0,0,final,1,вӑйӑ,3,j,0,70.0,вӑй,bare,вӑйӑ,110.0
utterance_017091,chuvash_voice,хушшинче,7,38,2.91,3.38,7,i,i,0,4,3.15,3.19,40.0,ʃ,n,0,0,0,medial,1,хушшинче,3,ʃ,1,130.0,хуш,geminate,хушӑ,170.0
utterance_017095,chuvash_voice,пӗкӗ,8,15,5.22,5.54,4,ɛ,ø,0,4,5.46,5.54,80.0,k,p,0,0,0,final,1,пӗкӗ,3,k,0,80.0,пӗк,bare,пӗкӗ,160.0
utterance_017132,chuvash_voice,кӗлӗ,7,25,3.31,3.73,4,ɛ,ø,0,4,3.6,3.73,130.0,l,i,0,1,0,final,1,кӗлӗ,3,l,0,50.0,кӗл,bare,кӗлӗ,180.0
utterance_017158,chuvash_voice,сивӗ,3,4,0.72,1.07,4,ɛ,ø,0,4,1.0,1.07,70.0,v,u,0,1,0,final,1,сивӗ,3,v,0,60.0,сив,bare,сивӗ,130.0
utterance_017165,chuvash_voice,пуррисем,8,19,2.38,2.96,7,i,i,0,4,2.59,2.67,80.0,r,s,0,0,0,medial,1,пуррисем,3,r,1,100.0,пур,geminate,пурӑ,180.0
utterance_017176,chuvash_voice,пулла,6,11,1.03,1.43,4,ɑ,a,0,4,1.34,1.43,90.0,l,t,0,0,0,final,1,пулла,3,l,1,140.0,пул,geminate,пулӑ,230.0
utterance_017179,chuvash_voice,кӳлли,2,6,1.26,1.53,4,i,i,0,4,1.46,1.53,70.0,l,ɕ,0,0,0,final,1,кӳлли,3,l,1,60.0,кӳл,geminate,кӳлӗ,130.0
utterance_017222,chuvash_voice,сивӗ,2,4,0.7,1.03,4,ɛ,ø,0,4,0.92,1.03,110.0,v,χ,0,0,0,final,1,сивӗ,3,v,0,70.0,сив,bare,сивӗ,180.0
utterance_017233,chuvash_voice,хушшинче,4,19,1.8,2.3,7,i,i,0,4,2.03,2.08,50.0,ʃ,n,0,0,0,medial,1,хушшинче,3,ʃ,1,120.0,хуш,geminate,хушӑ,170.0
utterance_017233,chuvash_voice,ҫаннинчен,8,19,4.31,4.88,8,i,i,0,4,4.6,4.68,80.0,n,n,0,0,0,medial,1,ҫаннинчен,3,n,1,50.0,ҫан,geminate,ҫанӑ,130.0
utterance_017246,chuvash_voice,пулӑ,5,7,1.76,2.01,4,ʌ,ɵ,0,4,1.96,2.01,50.0,l,t,0,0,0,final,1,пулӑ,3,l,0,100.0,пул,bare,пулӑ,150.0
utterance_017248,chuvash_voice,хушшинче,3,10,1.46,2.04,7,i,i,0,4,1.73,1.79,60.0,ʃ,n,0,0,0,medial,1,хушшинче,3,ʃ,1,110.0,хуш,geminate,хушӑ,170.0
utterance_017253,chuvash_voice,ватӑ,1,7,0.35,0.6,4,ʌ,ɵ,0,4,0.56,0.6,40.0,t,v,0,0,0,final,1,ватӑ,3,t,0,60.0,ват,bare,ватӑ,100.0
utterance_017269,chuvash_voice,ҫуррине,2,8,0.83,1.29,6,i,i,0,4,1.07,1.14,70.0,r,n,0,0,0,medial,1,ҫуррине,3,r,1,80.0,ҫур,geminate,ҫурӑ,150.0
utterance_017276,chuvash_voice,сасси,5,9,1.62,1.97,4,i,i,0,4,1.92,1.97,50.0,s,v,0,0,0,final,1,сасси,3,s,1,140.0,сас,geminate,сасӑ,190.0
utterance_017285,chuvash_voice,хуллентерех,6,6,1.76,2.76,10,e,e,0,4,2.02,2.1,80.0,l,n,0,0,0,medial,1,хуллентерех,3,l,1,70.0,хул,geminate,хулӑ,150.0
utterance_017290,chuvash_voice,хуллен,10,21,4.55,4.92,5,e,e,0,4,4.78,4.85,70.0,l,n,0,0,0,medial,1,хуллен,3,l,1,90.0,хул,geminate,хулӑ,160.0
utterance_017315,chuvash_voice,хушшинче,8,22,3.41,4.01,7,i,i,0,4,3.67,3.75,80.0,ʃ,n,0,0,0,medial,1,хушшинче,3,ʃ,1,140.0,хуш,geminate,хушӑ,220.0
utterance_017361,chuvash_voice,тулли,9,19,2.85,3.18,4,i,i,0,4,3.08,3.18,100.0,l,p,0,0,0,final,1,тулли,3,l,1,110.0,тул,geminate,тулӑ,210.0
utterance_017390,chuvash_voice,ҫуттинче,4,35,2.73,3.37,7,i,i,0,4,3.02,3.08,60.0,t,n,0,0,0,medial,1,ҫуттинче,3,t,1,80.0,ҫут,geminate,ҫутӑ,140.0
utterance_017393,chuvash_voice,ҫутӑ,6,7,1.78,2.12,4,ʌ,ɵ,0,4,2.06,2.12,60.0,t,t,0,0,0,final,1,ҫутӑ,3,t,0,60.0,ҫут,bare,ҫутӑ,120.0
utterance_017401,chuvash_voice,хушшине,3,4,1.05,1.54,6,i,i,0,4,1.34,1.39,50.0,ʃ,n,0,0,0,medial,1,хушшине,3,ʃ,1,110.0,хуш,geminate,хушӑ,160.0
utterance_017408,chuvash_voice,пусса,4,5,1.31,1.68,4,ɑ,a,0,4,1.57,1.68,110.0,s,t,0,0,0,final,1,пусса,3,s,1,140.0,пус,geminate,пусӑ,250.0
utterance_017409,chuvash_voice,турӑ,4,9,1.81,2.09,4,ʌ,ɵ,0,4,2.0,2.09,90.0,r,p,0,0,0,final,1,турӑ,3,r,0,40.0,тур,bare,турӑ,130.0
utterance_017441,chuvash_voice,хушӑ,2,10,0.77,1.13,4,ʌ,ɵ,0,4,1.06,1.13,70.0,ʃ,j,0,0,0,final,1,хушӑ,3,ʃ,0,70.0,хуш,bare,хушӑ,140.0
utterance_017455,chuvash_voice,хуллен,6,6,1.95,2.4,5,e,e,0,4,2.2,2.29,90.0,l,n,0,0,0,medial,1,хуллен,3,l,1,100.0,хул,geminate,хулӑ,190.0
utterance_017466,chuvash_voice,ватӑ,5,8,2.01,2.31,4,ʌ,ɵ,0,4,2.24,2.31,70.0,t,ɕ,0,0,0,final,1,ватӑ,3,t,0,60.0,ват,bare,ватӑ,130.0
utterance_017507,chuvash_voice,хушши,3,18,1.12,1.54,4,i,i,0,4,1.46,1.54,80.0,ʃ,v,0,0,0,final,1,хушши,3,ʃ,1,140.0,хуш,geminate,хушӑ,220.0
utterance_017566,chuvash_voice,тӗссӗрленсе,1,10,0.69,1.36,10,ɛ,ø,0,4,0.94,0.97,30.0,s,r,0,0,0,medial,1,тӗссӗрленсе,3,s,1,110.0,тӗс,geminate,тӗсӗ,140.0
utterance_017574,chuvash_voice,пекки,2,4,0.88,1.25,4,i,i,0,4,1.15,1.25,100.0,k,p,0,0,0,final,1,пекки,3,k,1,130.0,пек,geminate,пекӗ,230.0
utterance_017575,chuvash_voice,ҫурӑ,10,17,5.74,6.06,4,ʌ,ɵ,0,4,6.0,6.06,60.0,r,ɕ,0,0,0,final,1,ҫурӑ,3,r,0,70.0,ҫур,bare,ҫурӑ,130.0
utterance_017582,chuvash_voice,сивӗ,5,15,1.92,2.26,4,ɛ,ø,0,4,2.2,2.26,60.0,v,ʃ,0,0,0,final,1,сивӗ,3,v,0,60.0,сив,bare,сивӗ,120.0
utterance_017605,chuvash_voice,хушшинче,3,5,1.25,1.8,7,i,i,0,4,1.49,1.55,60.0,ʃ,n,0,0,0,medial,1,хушшинче,3,ʃ,1,130.0,хуш,geminate,хушӑ,190.0
utterance_017616,chuvash_voice,хушши,3,15,1.28,1.64,4,i,i,0,4,1.58,1.64,60.0,ʃ,v,0,0,0,final,1,хушши,3,ʃ,1,150.0,хуш,geminate,хушӑ,210.0
utterance_017631,chuvash_voice,пусса,23,27,12.82,13.37,4,ɑ,a,0,4,13.1,13.37,270.0,s,,0,0,0,final,1,пусса,3,s,1,140.0,пус,geminate,пусӑ,410.0
utterance_017641,chuvash_voice,сасӑ,1,4,0.18,0.69,4,ʌ,ɵ,0,4,0.57,0.69,120.0,s,,0,0,0,final,1,сасӑ,3,s,0,80.0,сас,bare,сасӑ,200.0
utterance_017662,chuvash_voice,хушшинче,9,15,2.77,3.33,7,i,i,0,4,3.04,3.09,50.0,ʃ,n,0,0,0,medial,1,хушшинче,3,ʃ,1,130.0,хуш,geminate,хушӑ,180.0
utterance_017665,chuvash_voice,михӗ,5,7,1.81,2.2,4,ɛ,ø,0,4,2.12,2.2,80.0,χ,ɕ,0,0,0,final,1,михӗ,3,χ,0,120.0,мих,bare,михӗ,200.0
utterance_017668,chuvash_voice,сасса,3,13,1.18,1.59,4,ɑ,a,0,4,1.51,1.59,80.0,s,i,0,1,0,final,1,сасса,3,s,1,150.0,сас,geminate,сасӑ,230.0
utterance_017668,chuvash_voice,пуссах,9,13,4.05,4.59,5,ɑ,a,0,4,4.36,4.45,90.0,s,χ,0,0,0,medial,1,пуссах,3,s,1,150.0,пус,geminate,пусӑ,240.0
utterance_017690,chuvash_voice,кассир,1,5,0.38,0.78,5,i,i,0,4,0.64,0.71,70.0,s,r,0,0,0,medial,1,кассир,3,s,1,110.0,кас,geminate,касӑ,180.0
utterance_017716,chuvash_voice,чӗлӗ,1,17,0.44,0.74,4,ɛ,ø,0,4,0.67,0.74,70.0,l,ɕ,0,0,0,final,1,чӗлӗ,3,l,0,70.0,чӗл,bare,чӗлӗ,140.0
utterance_017716,chuvash_voice,касса,3,17,1.08,1.39,4,ɑ,a,0,4,1.31,1.39,80.0,s,t,0,0,0,final,1,касса,3,s,1,120.0,кас,geminate,касӑ,200.0
utterance_017719,chuvash_voice,хушшинче,6,15,2.51,3.01,7,i,i,0,4,2.76,2.81,50.0,ʃ,n,0,0,0,medial,1,хушшинче,3,ʃ,1,130.0,хуш,geminate,хушӑ,180.0
utterance_017723,chuvash_voice,пусса,4,9,1.53,1.92,4,ɑ,a,0,4,1.82,1.92,100.0,s,t,0,0,0,final,1,пусса,3,s,1,130.0,пус,geminate,пусӑ,230.0
utterance_017744,chuvash_voice,сассине,5,16,2.38,2.98,6,i,i,0,4,2.69,2.74,50.0,s,n,0,0,0,medial,1,сассине,3,s,1,140.0,сас,geminate,сасӑ,190.0
utterance_017747,chuvash_voice,сӑвӑ,6,8,1.85,2.13,4,ʌ,ɵ,0,4,2.07,2.13,60.0,v,ɕ,0,0,0,final,1,сӑвӑ,3,v,0,70.0,сӑв,bare,сӑвӑ,130.0
utterance_017753,chuvash_voice,турра,4,13,1.1,1.33,4,ɑ,a,0,4,1.29,1.33,40.0,r,χ,0,0,0,final,1,турра,3,r,1,60.0,тур,geminate,турӑ,100.0
utterance_017756,chuvash_voice,хушшинче,3,9,1.31,1.88,7,i,i,0,4,1.6,1.66,60.0,ʃ,n,0,0,0,medial,1,хушшинче,3,ʃ,1,130.0,хуш,geminate,хушӑ,190.0
utterance_017757,chuvash_voice,хушшине,8,11,3.18,3.66,6,i,i,0,4,3.46,3.51,50.0,ʃ,n,0,0,0,medial,1,хушшине,3,ʃ,1,130.0,хуш,geminate,хушӑ,180.0
utterance_017768,chuvash_voice,сасси,6,6,2.37,2.75,4,i,i,0,4,2.66,2.75,90.0,s,,0,0,0,final,1,сасси,3,s,1,140.0,сас,geminate,сасӑ,230.0
utterance_017789,chuvash_voice,пеккине,2,7,0.44,0.9,6,i,i,0,4,0.68,0.75,70.0,k,n,0,0,0,medial,1,пеккине,3,k,1,100.0,пек,geminate,пекӗ,170.0
utterance_017796,chuvash_voice,хушшине,2,21,0.68,1.15,6,i,i,0,4,0.96,1.0,40.0,ʃ,n,0,0,0,medial,1,хушшине,3,ʃ,1,120.0,хуш,geminate,хушӑ,160.0
utterance_017796,chuvash_voice,хушшинчен,6,21,2.42,3.01,8,i,i,0,4,2.71,2.75,40.0,ʃ,n,0,0,0,medial,1,хушшинчен,3,ʃ,1,140.0,хуш,geminate,хушӑ,180.0
utterance_017798,chuvash_voice,михӗ,4,7,1.84,2.5,4,ɛ,ø,0,4,2.06,2.5,440.0,χ,,0,0,0,final,1,михӗ,3,χ,0,80.0,мих,bare,михӗ,520.0
utterance_017801,chuvash_voice,сасӑ,32,36,18.76,19.19,4,ʌ,ɵ,0,4,19.09,19.19,100.0,s,,0,0,0,final,1,сасӑ,3,s,0,100.0,сас,bare,сасӑ,200.0
utterance_017814,chuvash_voice,нӑрри,5,17,2.01,2.43,4,i,i,0,4,2.27,2.43,160.0,r,,0,0,0,final,1,нӑрри,3,r,1,130.0,нӑр,geminate,нӑрӑ,290.0
utterance_017814,chuvash_voice,хушшине,8,17,3.36,3.91,6,i,i,0,4,3.65,3.69,40.0,ʃ,n,0,0,0,medial,1,хушшине,3,ʃ,1,130.0,хуш,geminate,хушӑ,170.0
utterance_017814,chuvash_voice,йытӑ,11,17,5.54,5.73,4,ʌ,ɵ,0,4,5.69,5.73,40.0,t,v,0,0,0,final,1,йытӑ,3,t,0,70.0,йыт,bare,йытӑ,110.0
utterance_017858,chuvash_voice,хушшинче,2,5,0.76,1.31,7,i,i,0,4,1.02,1.08,60.0,ʃ,n,0,0,0,medial,1,хушшинче,3,ʃ,1,90.0,хуш,geminate,хушӑ,150.0
utterance_017868,chuvash_voice,сиввӗн,12,14,5.77,6.24,5,ɛ,ø,0,4,6.08,6.2,120.0,v,n,0,0,0,medial,1,сиввӗн,3,v,1,30.0,сив,geminate,сивӗ,150.0
utterance_017886,chuvash_voice,ҫутӑ,2,3,0.67,0.99,4,ʌ,ɵ,0,4,0.93,0.99,60.0,t,t,0,0,0,final,1,ҫутӑ,3,t,0,70.0,ҫут,bare,ҫутӑ,130.0
utterance_017891,chuvash_voice,кӗлӗ,2,14,0.76,1.02,4,ɛ,ø,0,4,0.96,1.02,60.0,l,t,0,0,0,final,1,кӗлӗ,3,l,0,60.0,кӗл,bare,кӗлӗ,120.0
utterance_017898,chuvash_voice,кӗввипе,9,15,5.62,6.06,6,i,i,0,4,5.77,5.89,120.0,v,p,0,0,0,medial,1,кӗввипе,3,v,1,30.0,кӗв,geminate,кӗвӗ,150.0
utterance_017904,chuvash_voice,тӗсӗ,6,11,3.82,4.11,4,ɛ,ø,0,4,4.06,4.11,50.0,s,j,0,0,0,final,1,тӗсӗ,3,s,0,80.0,тӗс,bare,тӗсӗ,130.0
utterance_017933,chuvash_voice,миххине,11,17,4.15,4.53,6,i,i,0,4,4.39,4.43,40.0,χ,n,0,0,0,medial,1,миххине,3,χ,1,100.0,мих,geminate,михӗ,140.0
utterance_017973,chuvash_voice,ҫыххине,6,9,2.47,3.02,6,i,i,0,4,2.75,2.82,70.0,χ,n,0,0,0,medial,1,ҫыххине,3,χ,1,130.0,ҫых,geminate,ҫыхӑ,200.0
utterance_017987,chuvash_voice,сӑввӑрсене,3,10,1.19,1.94,9,ʌ,ɵ,0,4,1.42,1.53,110.0,v,r,0,0,0,medial,1,сӑввӑрсене,3,v,1,30.0,сӑв,geminate,сӑвӑ,140.0
utterance_017992,chuvash_voice,таппа,3,6,1.57,1.88,4,ɑ,a,0,4,1.8,1.88,80.0,p,χ,0,0,0,final,1,таппа,3,p,1,70.0,тап,geminate,тапӑ,150.0
utterance_018027,chuvash_voice,тырра,3,14,1.24,1.57,4,ɑ,a,0,4,1.43,1.57,140.0,r,t,0,0,0,final,1,тырра,3,r,1,30.0,тыр,geminate,тырӑ,170.0
utterance_018044,chuvash_voice,пусӑ,6,8,2.98,3.41,4,ʌ,ɵ,0,4,3.33,3.41,80.0,s,p,0,0,0,final,1,пусӑ,3,s,0,80.0,пус,bare,пусӑ,160.0
utterance_018048,chuvash_voice,сасси,6,8,2.73,3.2,4,i,i,0,4,3.12,3.2,80.0,s,ʃ,0,0,0,final,1,сасси,3,s,1,150.0,сас,geminate,сасӑ,230.0
utterance_018050,chuvash_voice,сасӑ,8,9,3.7,4.13,4,ʌ,ɵ,0,4,4.1,4.13,30.0,s,j,0,0,0,final,1,сасӑ,3,s,0,110.0,сас,bare,сасӑ,140.0
utterance_018052,chuvash_voice,кассипе,4,11,1.55,2.09,6,i,i,0,4,1.84,1.9,60.0,s,p,0,0,0,medial,1,кассипе,3,s,1,150.0,кас,geminate,касӑ,210.0
utterance_018056,chuvash_voice,ҫӗҫҫине,3,15,1.19,1.75,6,i,i,0,4,1.51,1.57,60.0,ɕ,n,0,0,0,medial,1,ҫӗҫҫине,3,ɕ,1,150.0,ҫӗҫ,geminate,ҫӗҫӗ,210.0
utterance_018057,chuvash_voice,чӗпписем,1,7,0.44,0.93,7,i,i,0,4,0.66,0.72,60.0,p,s,0,0,0,medial,1,чӗпписем,3,p,1,60.0,чӗп,geminate,чӗпӗ,120.0
utterance_018059,chuvash_voice,ҫыхӑ,1,3,0.39,0.95,4,ʌ,ɵ,0,4,0.76,0.95,190.0,χ,χ,0,0,0,final,1,ҫыхӑ,3,χ,0,110.0,ҫых,bare,ҫыхӑ,300.0
utterance_018066,chuvash_voice,ҫутӑ,4,10,2.14,2.51,4,ʌ,ɵ,0,4,2.47,2.51,40.0,t,l,0,0,0,final,1,ҫутӑ,3,t,0,80.0,ҫут,bare,ҫутӑ,120.0
utterance_018083,chuvash_voice,сивӗ,5,10,2.33,2.73,4,ɛ,ø,0,4,2.67,2.73,60.0,v,a,0,1,0,final,1,сивӗ,3,v,0,60.0,сив,bare,сивӗ,120.0
utterance_018143,chuvash_voice,хушшинче,16,35,7.69,8.31,7,i,i,0,4,8.0,8.04,40.0,ʃ,n,0,0,0,medial,1,хушшинче,3,ʃ,1,120.0,хуш,geminate,хушӑ,160.0
utterance_018143,chuvash_voice,пуррине,33,35,16.75,17.18,6,i,i,0,4,17.0,17.05,50.0,r,n,0,0,0,medial,1,пуррине,3,r,1,80.0,пур,geminate,пурӑ,130.0
utterance_018145,chuvash_voice,пекки,3,3,0.83,1.51,4,i,i,0,4,1.08,1.51,430.0,k,,0,0,0,final,1,пекки,3,k,1,140.0,пек,geminate,пекӗ,570.0
utterance_018150,chuvash_voice,ҫуттипе,23,33,10.42,10.9,6,i,i,0,4,10.71,10.78,70.0,t,p,0,0,0,medial,1,ҫуттипе,3,t,1,70.0,ҫут,geminate,ҫутӑ,140.0
utterance_018155,chuvash_voice,хуллен,4,17,1.6,2.02,5,e,e,0,4,1.88,1.98,100.0,l,n,0,0,0,medial,1,хуллен,3,l,1,70.0,хул,geminate,хулӑ,170.0
utterance_018165,chuvash_voice,сасӑ,10,33,4.64,4.99,4,ʌ,ɵ,0,4,4.92,4.99,70.0,s,p,0,0,0,final,1,сасӑ,3,s,0,80.0,сас,bare,сасӑ,150.0
utterance_018177,chuvash_voice,хушшинче,3,29,1.08,1.6,7,i,i,0,4,1.34,1.4,60.0,ʃ,n,0,0,0,medial,1,хушшинче,3,ʃ,1,120.0,хуш,geminate,хушӑ,180.0
utterance_018177,chuvash_voice,пурри,18,29,7.66,8.04,4,i,i,0,4,7.91,8.04,130.0,r,p,0,0,0,final,1,пурри,3,r,1,110.0,пур,geminate,пурӑ,240.0
utterance_018181,chuvash_voice,хушшинче,2,9,0.62,1.25,7,i,i,0,4,0.92,0.98,60.0,ʃ,n,0,0,0,medial,1,хушшинче,3,ʃ,1,130.0,хуш,geminate,хушӑ,190.0
utterance_018194,chuvash_voice,чӗппи,7,10,2.27,2.58,4,i,i,0,4,2.52,2.58,60.0,p,p,0,0,0,final,1,чӗппи,3,p,1,60.0,чӗп,geminate,чӗпӗ,120.0
utterance_018206,chuvash_voice,касса,9,11,3.73,4.04,4,ɑ,a,0,4,3.97,4.04,70.0,s,p,0,0,0,final,1,касса,3,s,1,110.0,кас,geminate,касӑ,180.0
utterance_018210,chuvash_voice,ватӑ,3,7,1.74,2.03,4,ʌ,ɵ,0,4,1.98,2.03,50.0,t,p,0,0,0,final,1,ватӑ,3,t,0,70.0,ват,bare,ватӑ,120.0
utterance_018226,chuvash_voice,сассинченех,2,5,0.63,1.47,10,i,i,0,4,0.97,1.03,60.0,s,n,0,0,0,medial,1,сассинченех,3,s,1,130.0,сас,geminate,сасӑ,190.0
utterance_018227,chuvash_voice,хушши,8,11,3.54,3.94,4,i,i,0,4,3.83,3.94,110.0,ʃ,χ,0,0,0,final,1,хушши,3,ʃ,1,140.0,хуш,geminate,хушӑ,250.0
utterance_018237,chuvash_voice,вӑрӑ,8,12,3.54,3.93,4,ʌ,ɵ,0,4,3.82,3.93,110.0,r,χ,0,0,0,final,1,вӑрӑ,3,r,0,40.0,вӑр,bare,вӑрӑ,150.0
utterance_018240,chuvash_voice,тырӑ,4,28,3.08,3.24,4,ʌ,ɵ,0,4,3.21,3.24,30.0,r,k,0,0,0,final,1,тырӑ,3,r,0,60.0,тыр,bare,тырӑ,90.0
utterance_018263,chuvash_voice,касса,9,10,4.05,4.37,4,ɑ,a,0,4,4.3,4.37,70.0,s,p,0,0,0,final,1,касса,3,s,1,130.0,кас,geminate,касӑ,200.0
utterance_018267,chuvash_voice,сасси,4,6,1.1,1.42,4,i,i,0,4,1.38,1.42,40.0,s,j,0,0,0,final,1,сасси,3,s,1,130.0,сас,geminate,сасӑ,170.0
utterance_018272,chuvash_voice,пусса,3,4,1.1,1.46,4,ɑ,a,0,4,1.38,1.46,80.0,s,i,0,1,0,final,1,пусса,3,s,1,150.0,пус,geminate,пусӑ,230.0
utterance_018304,chuvash_voice,кулли,4,6,1.36,1.66,4,i,i,0,4,1.59,1.66,70.0,l,k,0,0,0,final,1,кулли,3,l,1,130.0,кул,geminate,кулӑ,200.0
utterance_018316,chuvash_voice,хуллен-хуллен,1,10,0.45,1.35,10,e,e,0,4,0.72,0.83,110.0,l,n,0,0,0,medial,1,хуллен-хуллен,3,l,1,80.0,хул,geminate,хулӑ,190.0
utterance_018316,chuvash_voice,хуллен-хуллен,1,10,0.45,1.35,10,e,e,0,9,1.08,1.24,160.0,l,n,0,0,0,medial,1,хуллен-хуллен,8,l,1,30.0,хул,geminate,хулӑ,190.0
utterance_018323,chuvash_voice,йытти,2,12,0.78,1.06,4,i,i,0,4,0.99,1.06,70.0,t,χ,0,0,0,final,1,йытти,3,t,1,120.0,йыт,geminate,йытӑ,190.0
utterance_018338,chuvash_voice,касса,11,12,6.9,7.23,4,ɑ,a,0,4,7.14,7.23,90.0,s,p,0,0,0,final,1,касса,3,s,1,100.0,кас,geminate,касӑ,190.0
utterance_018359,chuvash_voice,ҫутӑ,4,10,1.37,1.81,4,ʌ,ɵ,0,4,1.67,1.81,140.0,t,,0,0,0,final,1,ҫутӑ,3,t,0,90.0,ҫут,bare,ҫутӑ,230.0
utterance_018360,chuvash_voice,кулленех,4,11,1.93,2.45,7,e,e,0,4,2.12,2.19,70.0,l,n,0,0,0,medial,1,кулленех,3,l,1,70.0,кул,geminate,кулӑ,140.0
utterance_018386,chuvash_voice,хуллен,3,11,0.82,1.32,5,e,e,0,4,1.11,1.23,120.0,l,n,0,0,0,medial,1,хуллен,3,l,1,100.0,хул,geminate,хулӑ,220.0
utterance_018386,chuvash_voice,сассине,6,11,2.42,2.99,6,i,i,0,4,2.73,2.79,60.0,s,n,0,0,0,medial,1,сассине,3,s,1,130.0,сас,geminate,сасӑ,190.0
utterance_018396,chuvash_voice,сулланкаласа,9,17,4.34,5.31,11,ɑ,a,0,4,4.62,4.69,70.0,l,n,0,0,0,medial,1,сулланкаласа,3,l,1,80.0,сул,geminate,сулӑ,150.0
utterance_018396,chuvash_voice,сассӑр,14,17,7.64,8.15,5,ʌ,ɵ,0,4,8.03,8.08,50.0,s,r,0,0,0,medial,1,сассӑр,3,s,1,130.0,сас,geminate,сасӑ,180.0
utterance_018414,chuvash_voice,пӑтӑ,15,33,6.71,7.03,4,ʌ,ɵ,0,4,6.97,7.03,60.0,t,p,0,0,0,final,1,пӑтӑ,3,t,0,50.0,пӑт,bare,пӑтӑ,110.0
utterance_018429,chuvash_voice,хушшинче,26,32,14.63,15.2,7,i,i,0,4,14.92,14.97,50.0,ʃ,n,0,0,0,medial,1,хушшинче,3,ʃ,1,130.0,хуш,geminate,хушӑ,180.0
utterance_018432,chuvash_voice,миххине,9,18,3.95,4.33,6,i,i,0,4,4.16,4.21,50.0,χ,n,0,0,0,medial,1,миххине,3,χ,1,110.0,мих,geminate,михӗ,160.0
utterance_018438,chuvash_voice,хушши,4,6,1.29,1.65,4,i,i,0,4,1.58,1.65,70.0,ʃ,tʃ,0,0,0,final,1,хушши,3,ʃ,1,130.0,хуш,geminate,хушӑ,200.0
utterance_018443,chuvash_voice,хушшинче,3,20,1.65,2.25,7,i,i,0,4,1.91,1.97,60.0,ʃ,n,0,0,0,medial,1,хушшинче,3,ʃ,1,130.0,хуш,geminate,хушӑ,190.0
utterance_018450,chuvash_voice,ваттисем,1,11,0.69,1.21,7,i,i,0,4,0.9,0.95,50.0,t,s,0,0,0,medial,1,ваттисем,3,t,1,70.0,ват,geminate,ватӑ,120.0
utterance_018465,chuvash_voice,ватӑ,8,20,3.35,3.65,4,ʌ,ɵ,0,4,3.59,3.65,60.0,t,v,0,0,0,final,1,ватӑ,3,t,0,60.0,ват,bare,ватӑ,120.0
utterance_018477,chuvash_voice,ватӑ,23,24,12.2,12.5,4,ʌ,ɵ,0,4,12.43,12.5,70.0,t,k,0,0,0,final,1,ватӑ,3,t,0,70.0,ват,bare,ватӑ,140.0
utterance_018495,chuvash_voice,пекки,5,7,1.91,2.21,4,i,i,0,4,2.13,2.21,80.0,k,t,0,0,0,final,1,пекки,3,k,1,70.0,пек,geminate,пекӗ,150.0
utterance_018499,chuvash_voice,вӗтӗ,1,8,0.21,0.43,4,ɛ,ø,0,4,0.38,0.43,50.0,t,χ,0,0,0,final,1,вӗтӗ,3,t,0,60.0,вӗт,bare,вӗтӗ,110.0
utterance_018517,chuvash_voice,шӑмми,6,16,2.44,2.81,4,i,i,0,4,2.68,2.81,130.0,m,t,0,0,0,final,1,шӑмми,3,m,1,30.0,шӑм,geminate,шӑмӑ,160.0
utterance_018517,chuvash_voice,кассах,15,16,5.68,6.14,5,ɑ,a,0,4,5.96,6.05,90.0,s,χ,0,0,0,medial,1,кассах,3,s,1,130.0,кас,geminate,касӑ,220.0
utterance_018545,chuvash_voice,тӗсӗ,21,30,11.84,12.16,4,ɛ,ø,0,4,12.08,12.16,80.0,s,k,0,0,0,final,1,тӗсӗ,3,s,0,80.0,тӗс,bare,тӗсӗ,160.0
utterance_018559,chuvash_voice,сасӑ,4,5,2.22,2.58,4,ʌ,ɵ,0,4,2.53,2.58,50.0,s,i,0,1,0,final,1,сасӑ,3,s,0,70.0,сас,bare,сасӑ,120.0
utterance_018581,chuvash_voice,ватӑ,4,21,1.43,1.69,4,ʌ,ɵ,0,4,1.64,1.69,50.0,t,ɕ,0,0,0,final,1,ватӑ,3,t,0,50.0,ват,bare,ватӑ,100.0
utterance_018586,chuvash_voice,хуллен,5,8,1.78,2.25,5,e,e,0,4,2.04,2.17,130.0,l,n,0,0,0,medial,1,хуллен,3,l,1,110.0,хул,geminate,хулӑ,240.0
utterance_018595,chuvash_voice,сивӗ,3,4,1.06,1.34,4,ɛ,ø,0,4,1.27,1.34,70.0,v,t,0,0,0,final,1,сивӗ,3,v,0,50.0,сив,bare,сивӗ,120.0
utterance_018596,chuvash_voice,ҫӗҫҫе,4,5,1.36,1.8,4,e,e,0,4,1.7,1.8,100.0,ɕ,k,0,0,0,final,1,ҫӗҫҫе,3,ɕ,1,160.0,ҫӗҫ,geminate,ҫӗҫӗ,260.0
utterance_018606,chuvash_voice,пеккисене,11,12,4.85,5.38,8,i,i,0,4,5.06,5.11,50.0,k,s,0,0,0,medial,1,пеккисене,3,k,1,110.0,пек,geminate,пекӗ,160.0
utterance_018629,chuvash_voice,кӗввине,23,24,13.08,13.55,6,i,i,0,4,13.22,13.36,140.0,v,n,0,0,0,medial,1,кӗввине,3,v,1,30.0,кӗв,geminate,кӗвӗ,170.0
utterance_018636,chuvash_voice,хушшинче,4,17,2.17,2.75,7,i,i,0,4,2.5,2.54,40.0,ʃ,n,0,0,0,medial,1,хушшинче,3,ʃ,1,140.0,хуш,geminate,хушӑ,180.0
utterance_018651,chuvash_voice,ватӑ,20,28,9.17,9.53,4,ʌ,ɵ,0,4,9.46,9.53,70.0,t,k,0,0,0,final,1,ватӑ,3,t,0,80.0,ват,bare,ватӑ,150.0
utterance_018653,chuvash_voice,ҫӗҫӗ,5,11,2.37,2.72,4,ɛ,ø,0,4,2.66,2.72,60.0,ɕ,p,0,0,0,final,1,ҫӗҫӗ,3,ɕ,0,90.0,ҫӗҫ,bare,ҫӗҫӗ,150.0
utterance_018668,chuvash_voice,пеккине,3,4,0.57,1.02,6,i,i,0,4,0.79,0.86,70.0,k,n,0,0,0,medial,1,пеккине,3,k,1,80.0,пек,geminate,пекӗ,150.0
utterance_018688,chuvash_voice,туллин,7,9,3.3,3.71,5,i,i,0,4,3.59,3.68,90.0,l,n,0,0,0,medial,1,туллин,3,l,1,140.0,тул,geminate,тулӑ,230.0
utterance_018690,chuvash_voice,кассир,16,16,6.92,7.38,5,i,i,0,4,7.21,7.32,110.0,s,r,0,0,0,medial,1,кассир,3,s,1,140.0,кас,geminate,касӑ,250.0
utterance_018729,chuvash_voice,чӗлле,9,14,4.24,4.69,4,e,e,0,4,4.52,4.69,170.0,l,i,0,1,0,final,1,чӗлле,3,l,1,120.0,чӗл,geminate,чӗлӗ,290.0
utterance_018731,chuvash_voice,хушшинче,7,14,2.8,3.34,7,i,i,0,4,3.05,3.1,50.0,ʃ,n,0,0,0,medial,1,хушшинче,3,ʃ,1,130.0,хуш,geminate,хушӑ,180.0
utterance_018732,chuvash_voice,йытӑ,4,8,1.86,2.15,4,ʌ,ɵ,0,4,2.1,2.15,50.0,t,v,0,0,0,final,1,йытӑ,3,t,0,50.0,йыт,bare,йытӑ,100.0
utterance_018740,chuvash_voice,ҫутӑ,1,19,0.42,0.79,4,ʌ,ɵ,0,4,0.71,0.79,80.0,t,t,0,0,0,final,1,ҫутӑ,3,t,0,60.0,ҫут,bare,ҫутӑ,140.0
utterance_018755,chuvash_voice,туллашса,6,7,2.15,2.72,7,ɑ,a,0,4,2.43,2.49,60.0,l,ʃ,0,0,0,medial,1,туллашса,3,l,1,110.0,тул,geminate,тулӑ,170.0
utterance_018758,chuvash_voice,ватӑ,12,25,6.28,6.58,4,ʌ,ɵ,0,4,6.53,6.58,50.0,t,χ,0,0,0,final,1,ватӑ,3,t,0,70.0,ват,bare,ватӑ,120.0
utterance_018793,chuvash_voice,ватӑ,3,13,1.85,2.2,4,ʌ,ɵ,0,4,2.17,2.2,30.0,t,j,0,0,0,final,1,ватӑ,3,t,0,60.0,ват,bare,ватӑ,90.0
utterance_018800,chuvash_voice,тӗсӗ,3,5,1.56,1.88,4,ɛ,ø,0,4,1.81,1.88,70.0,s,p,0,0,0,final,1,тӗсӗ,3,s,0,100.0,тӗс,bare,тӗсӗ,170.0
utterance_018812,chuvash_voice,пеккисем,7,18,3.7,4.17,7,i,i,0,4,3.93,3.98,50.0,k,s,0,0,0,medial,1,пеккисем,3,k,1,120.0,пек,geminate,пекӗ,170.0
utterance_018822,chuvash_voice,сасӑ,2,3,0.47,0.82,4,ʌ,ɵ,0,4,0.77,0.82,50.0,s,χ,0,0,0,final,1,сасӑ,3,s,0,80.0,сас,bare,сасӑ,130.0
utterance_018859,chuvash_voice,пӑкки,6,8,1.89,2.39,4,i,i,0,4,2.31,2.39,80.0,k,ʃ,0,0,0,final,1,пӑкки,3,k,1,150.0,пӑк,geminate,пӑкӑ,230.0
utterance_018860,chuvash_voice,пеккиех,16,19,7.47,8.05,6,i,i,0,4,7.74,7.86,120.0,k,e,0,1,0,medial,1,пеккиех,3,k,1,130.0,пек,geminate,пекӗ,250.0
utterance_018897,chuvash_voice,сиввӗнрех,14,16,5.04,5.64,8,ɛ,ø,0,4,5.29,5.38,90.0,v,n,0,0,0,medial,1,сиввӗнрех,3,v,1,30.0,сив,geminate,сивӗ,120.0
utterance_018900,chuvash_voice,тырӑ,15,22,8.26,8.58,4,ʌ,ɵ,0,4,8.49,8.58,90.0,r,,0,0,0,final,1,тырӑ,3,r,0,60.0,тыр,bare,тырӑ,150.0
utterance_018903,chuvash_voice,турӑ,2,6,0.63,0.88,4,ʌ,ɵ,0,4,0.82,0.88,60.0,r,k,0,0,0,final,1,турӑ,3,r,0,30.0,тур,bare,турӑ,90.0
utterance_018908,chuvash_voice,хушшинче,4,8,2.21,2.91,7,i,i,0,4,2.49,2.54,50.0,ʃ,n,0,0,0,medial,1,хушшинче,3,ʃ,1,110.0,хуш,geminate,хушӑ,160.0
utterance_018915,chuvash_voice,тӗккеленсе,23,31,11.09,11.66,9,e,e,0,4,11.3,11.36,60.0,k,l,0,0,0,medial,1,тӗккеленсе,3,k,1,100.0,тӗк,geminate,тӗкӗ,160.0
utterance_018959,chuvash_voice,ҫутӑ,2,4,0.36,0.72,4,ʌ,ɵ,0,4,0.63,0.72,90.0,t,p,0,0,0,final,1,ҫутӑ,3,t,0,60.0,ҫут,bare,ҫутӑ,150.0
utterance_018977,chuvash_voice,ватӑ,11,16,4.81,5.07,4,ʌ,ɵ,0,4,5.03,5.07,40.0,t,χ,0,0,0,final,1,ватӑ,3,t,0,50.0,ват,bare,ватӑ,90.0
utterance_018993,chuvash_voice,сивӗ,7,10,2.81,3.14,4,ɛ,ø,0,4,3.08,3.14,60.0,v,ʃ,0,0,0,final,1,сивӗ,3,v,0,60.0,сив,bare,сивӗ,120.0
utterance_019001,chuvash_voice,тулли,5,7,1.56,1.84,4,i,i,0,4,1.73,1.84,110.0,l,p,0,0,0,final,1,тулли,3,l,1,60.0,тул,geminate,тулӑ,170.0
utterance_019002,chuvash_voice,кӗвве,14,18,7.13,7.52,4,e,e,0,4,7.39,7.52,130.0,v,,0,0,0,final,1,кӗвве,3,v,1,30.0,кӗв,geminate,кӗвӗ,160.0
utterance_019029,chuvash_voice,тӗрри,4,14,1.2,1.58,4,i,i,0,4,1.46,1.58,120.0,r,v,0,0,0,final,1,тӗрри,3,r,1,90.0,тӗр,geminate,тӗрӗ,210.0
utterance_019030,chuvash_voice,кассирпа,1,5,0.41,0.97,7,i,i,0,4,0.71,0.76,50.0,s,r,0,0,0,medial,1,кассирпа,3,s,1,140.0,кас,geminate,касӑ,190.0
utterance_019038,chuvash_voice,чӗпписене,6,11,2.32,2.9,8,i,i,0,4,2.54,2.61,70.0,p,s,0,0,0,medial,1,чӗпписене,3,p,1,80.0,чӗп,geminate,чӗпӗ,150.0
utterance_019047,chuvash_voice,тулли,13,36,5.38,5.81,4,i,i,0,4,5.61,5.81,200.0,l,t,0,0,0,final,1,тулли,3,l,1,70.0,тул,geminate,тулӑ,270.0
utterance_019047,chuvash_voice,хушшипе,19,36,7.71,8.33,6,i,i,0,4,8.03,8.11,80.0,ʃ,p,0,0,0,medial,1,хушшипе,3,ʃ,1,150.0,хуш,geminate,хушӑ,230.0
utterance_019047,chuvash_voice,хушшипе,24,36,11.7,12.3,6,i,i,0,4,11.97,12.04,70.0,ʃ,p,0,0,0,medial,1,хушшипе,3,ʃ,1,140.0,хуш,geminate,хушӑ,210.0
utterance_019047,chuvash_voice,хушшипе,33,36,18.38,18.9,6,i,i,0,4,18.65,18.74,90.0,ʃ,p,0,0,0,medial,1,хушшипе,3,ʃ,1,140.0,хуш,geminate,хушӑ,230.0
utterance_019050,chuvash_voice,йытӑ,1,7,0.6,0.92,4,ʌ,ɵ,0,4,0.84,0.92,80.0,t,v,0,0,0,final,1,йытӑ,3,t,0,70.0,йыт,bare,йытӑ,150.0
utterance_019062,chuvash_voice,хушшинчи,2,9,0.67,1.16,7,i,i,0,4,0.95,1.0,50.0,ʃ,n,0,0,0,medial,1,хушшинчи,3,ʃ,1,130.0,хуш,geminate,хушӑ,180.0
utterance_019071,chuvash_voice,пурӑ,6,8,2.48,2.78,4,ʌ,ɵ,0,4,2.71,2.78,70.0,r,p,0,0,0,final,1,пурӑ,3,r,0,60.0,пур,bare,пурӑ,130.0
utterance_019077,chuvash_voice,хупӑ,1,5,0.0,0.41,4,ʌ,ɵ,0,4,0.33,0.41,80.0,p,k,0,0,0,final,1,хупӑ,3,p,0,70.0,хуп,bare,хупӑ,150.0
utterance_019122,chuvash_voice,хушшинче,4,11,1.03,1.66,7,i,i,0,4,1.32,1.41,90.0,ʃ,n,0,0,0,medial,1,хушшинче,3,ʃ,1,130.0,хуш,geminate,хушӑ,220.0
utterance_019133,chuvash_voice,сӑввисем,4,7,1.17,1.76,7,i,i,0,4,1.38,1.51,130.0,v,s,0,0,0,medial,1,сӑввисем,3,v,1,30.0,сӑв,geminate,сӑвӑ,160.0
utterance_019135,chuvash_voice,кӗвви,18,18,7.55,7.96,4,i,i,0,4,7.7,7.96,260.0,v,,0,0,0,final,1,кӗвви,3,v,1,30.0,кӗв,geminate,кӗвӗ,290.0
utterance_019138,chuvash_voice,касса,12,18,6.36,6.73,4,ɑ,a,0,4,6.63,6.73,100.0,s,t,0,0,0,final,1,касса,3,s,1,140.0,кас,geminate,касӑ,240.0
utterance_019145,chuvash_voice,сивӗ,11,15,6.07,6.61,4,ɛ,ø,0,4,6.4,6.61,210.0,v,,0,0,0,final,1,сивӗ,3,v,0,160.0,сив,bare,сивӗ,370.0
utterance_019156,chuvash_voice,пӑтти,4,10,1.36,1.88,4,i,i,0,4,1.66,1.88,220.0,t,t,0,0,0,final,1,пӑтти,3,t,1,100.0,пӑт,geminate,пӑтӑ,320.0
utterance_019182,chuvash_voice,пеккинех,4,6,1.25,1.79,7,i,i,0,4,1.51,1.58,70.0,k,n,0,0,0,medial,1,пеккинех,3,k,1,110.0,пек,geminate,пекӗ,180.0
utterance_019206,chuvash_voice,кӗвӗ,3,5,1.65,1.84,4,ɛ,ø,0,4,1.81,1.84,30.0,v,,0,0,0,final,1,кӗвӗ,3,v,0,30.0,кӗв,bare,кӗвӗ,60.0
utterance_019224,chuvash_voice,турӑ,1,16,0.0,0.47,4,ʌ,ɵ,0,4,0.34,0.47,130.0,r,,0,0,0,final,1,турӑ,3,r,0,70.0,тур,bare,турӑ,200.0
utterance_019229,chuvash_voice,тырӑ,2,4,0.87,1.19,4,ʌ,ɵ,0,4,1.07,1.19,120.0,r,p,0,0,0,final,1,тырӑ,3,r,0,50.0,тыр,bare,тырӑ,170.0
utterance_019237,chuvash_voice,пуррине,11,15,5.91,6.29,6,i,i,0,4,6.07,6.12,50.0,r,n,0,0,0,medial,1,пуррине,3,r,1,60.0,пур,geminate,пурӑ,110.0
utterance_019242,chuvash_voice,пекки,4,4,0.88,1.21,4,i,i,0,4,1.13,1.21,80.0,k,,0,0,0,final,1,пекки,3,k,1,130.0,пек,geminate,пекӗ,210.0
utterance_019272,chuvash_voice,ҫутӑ,7,11,2.42,2.75,4,ʌ,ɵ,0,4,2.7,2.75,50.0,t,ɕ,0,0,0,final,1,ҫутӑ,3,t,0,70.0,ҫут,bare,ҫутӑ,120.0
utterance_019281,chuvash_voice,пулӑ,5,5,2.67,3.09,4,ʌ,ɵ,0,4,3.06,3.09,30.0,l,,0,0,0,final,1,пулӑ,3,l,0,120.0,пул,bare,пулӑ,150.0
utterance_019305,chuvash_voice,сассинче,7,11,2.76,3.33,7,i,i,0,4,3.02,3.08,60.0,s,n,0,0,0,medial,1,сассинче,3,s,1,120.0,сас,geminate,сасӑ,180.0
utterance_019332,chuvash_voice,михӗ,7,10,2.15,2.43,4,ɛ,ø,0,4,2.37,2.43,60.0,χ,s,0,0,0,final,1,михӗ,3,χ,0,90.0,мих,bare,михӗ,150.0
utterance_019340,chuvash_voice,михӗ,2,5,0.66,1.02,4,ɛ,ø,0,4,0.94,1.02,80.0,χ,ɕ,0,0,0,final,1,михӗ,3,χ,0,110.0,мих,bare,михӗ,190.0
utterance_019363,chuvash_voice,ҫурӑ,6,14,2.12,2.4,4,ʌ,ɵ,0,4,2.33,2.4,70.0,r,p,0,0,0,final,1,ҫурӑ,3,r,0,50.0,ҫур,bare,ҫурӑ,120.0
utterance_019369,chuvash_voice,пулӑ,10,11,4.14,4.45,4,ʌ,ɵ,0,4,4.42,4.45,30.0,l,v,0,0,0,final,1,пулӑ,3,l,0,120.0,пул,bare,пулӑ,150.0
utterance_019374,chuvash_voice,касса,7,8,4.07,4.43,4,ɑ,a,0,4,4.35,4.43,80.0,s,k,0,0,0,final,1,касса,3,s,1,160.0,кас,geminate,касӑ,240.0
utterance_019379,chuvash_voice,кулли,17,19,7.76,8.11,4,i,i,0,4,8.01,8.11,100.0,l,ɕ,0,0,0,final,1,кулли,3,l,1,130.0,кул,geminate,кулӑ,230.0
utterance_019402,chuvash_voice,хушшинче,2,10,0.68,1.16,7,i,i,0,4,0.85,0.9,50.0,ʃ,n,0,0,0,medial,1,хушшинче,3,ʃ,1,100.0,хуш,geminate,хушӑ,150.0
utterance_019403,chuvash_voice,ҫутӑ,2,5,0.68,0.99,4,ʌ,ɵ,0,4,0.92,0.99,70.0,t,t,0,0,0,final,1,ҫутӑ,3,t,0,60.0,ҫут,bare,ҫутӑ,130.0
utterance_019434,chuvash_voice,ҫутта,9,19,4.23,4.58,4,ɑ,a,0,4,4.51,4.58,70.0,t,k,0,0,0,final,1,ҫутта,3,t,1,70.0,ҫут,geminate,ҫутӑ,140.0
utterance_019442,chuvash_voice,ваттипе,1,7,0.47,0.94,6,i,i,0,4,0.68,0.75,70.0,t,p,0,0,0,medial,1,ваттипе,3,t,1,70.0,ват,geminate,ватӑ,140.0
utterance_019442,chuvash_voice,ватӑ,2,7,1.1,1.4,4,ʌ,ɵ,0,4,1.36,1.4,40.0,t,m,0,0,0,final,1,ватӑ,3,t,0,70.0,ват,bare,ватӑ,110.0
utterance_019448,chuvash_voice,кулӑ,9,9,3.89,4.39,4,ʌ,ɵ,0,4,4.12,4.39,270.0,l,,0,0,0,final,1,кулӑ,3,l,0,120.0,кул,bare,кулӑ,390.0
utterance_019455,chuvash_voice,сулӑ,8,19,3.46,3.73,4,ʌ,ɵ,0,4,3.69,3.73,40.0,l,j,0,0,0,final,1,сулӑ,3,l,0,110.0,сул,bare,сулӑ,150.0
utterance_019465,chuvash_voice,тыррисене,5,14,1.92,2.44,8,i,i,0,4,2.11,2.17,60.0,r,s,0,0,0,medial,1,тыррисене,3,r,1,80.0,тыр,geminate,тырӑ,140.0
utterance_019482,chuvash_voice,пуссан,4,12,1.53,2.07,5,ɑ,a,0,4,1.87,1.98,110.0,s,n,0,0,0,medial,1,пуссан,3,s,1,150.0,пус,geminate,пусӑ,260.0
utterance_019486,chuvash_voice,вӑррисемпе,4,10,2.02,2.65,9,i,i,0,4,2.25,2.3,50.0,r,s,0,0,0,medial,1,вӑррисемпе,3,r,1,120.0,вӑр,geminate,вӑрӑ,170.0
utterance_019510,chuvash_voice,сиввӗнрех,7,11,2.66,3.23,8,ɛ,ø,0,4,2.86,2.95,90.0,v,n,0,0,0,medial,1,сиввӗнрех,3,v,1,30.0,сив,geminate,сивӗ,120.0
utterance_019511,chuvash_voice,хуллен,2,5,0.82,1.35,5,e,e,0,4,1.14,1.28,140.0,l,n,0,0,0,medial,1,хуллен,3,l,1,130.0,хул,geminate,хулӑ,270.0
utterance_019539,chuvash_voice,хушшинче,2,6,0.45,0.92,7,i,i,0,4,0.66,0.73,70.0,ʃ,n,0,0,0,medial,1,хушшинче,3,ʃ,1,80.0,хуш,geminate,хушӑ,150.0
utterance_019543,chuvash_voice,миххине,2,12,0.75,1.19,6,i,i,0,4,0.96,1.02,60.0,χ,n,0,0,0,medial,1,миххине,3,χ,1,30.0,мих,geminate,михӗ,90.0
utterance_019565,chuvash_voice,тӗссӗр,6,9,2.6,3.04,5,ɛ,ø,0,4,2.9,2.95,50.0,s,r,0,0,0,medial,1,тӗссӗр,3,s,1,120.0,тӗс,geminate,тӗсӗ,170.0
utterance_019572,chuvash_voice,хушшинче,16,19,9.47,10.11,7,i,i,0,4,9.77,9.84,70.0,ʃ,n,0,0,0,medial,1,хушшинче,3,ʃ,1,140.0,хуш,geminate,хушӑ,210.0
utterance_019594,chuvash_voice,пурра-ҫукка,7,10,2.97,3.72,8,ɑ,a,0,4,3.22,3.3,80.0,r,ɕ,0,0,0,medial,1,пурра-ҫукка,3,r,1,110.0,пур,geminate,пурӑ,190.0
utterance_019594,chuvash_voice,пурра-ҫукка,7,10,2.97,3.72,8,ɑ,a,0,8,3.61,3.72,110.0,k,j,0,0,0,final,1,пурра-ҫукка,7,k,1,70.0,пур,geminate,пурӑ,180.0
utterance_019595,chuvash_voice,сӑвви,1,6,0.3,0.73,4,i,i,0,4,0.7,0.73,30.0,v,j,0,0,0,final,1,сӑвви,3,v,1,30.0,сӑв,geminate,сӑвӑ,60.0
utterance_019643,chuvash_voice,тулли,8,23,4.68,5.04,4,i,i,0,4,4.93,5.04,110.0,l,,0,0,0,final,1,тулли,3,l,1,80.0,тул,geminate,тулӑ,190.0
utterance_019670,chuvash_voice,сасси,7,8,3.0,3.36,4,i,i,0,4,3.32,3.36,40.0,s,i,0,1,0,final,1,сасси,3,s,1,140.0,сас,geminate,сасӑ,180.0
utterance_019671,chuvash_voice,ватӑ,4,6,1.95,2.29,4,ʌ,ɵ,0,4,2.21,2.29,80.0,t,t,0,0,0,final,1,ватӑ,3,t,0,80.0,ват,bare,ватӑ,160.0
utterance_019672,chuvash_voice,хушӑ,7,15,3.12,3.45,4,ʌ,ɵ,0,4,3.4,3.45,50.0,ʃ,,0,0,0,final,1,хушӑ,3,ʃ,0,80.0,хуш,bare,хушӑ,130.0
utterance_019687,chuvash_voice,хуллен,3,7,1.83,2.28,5,e,e,0,4,2.12,2.24,120.0,l,n,0,0,0,medial,1,хуллен,3,l,1,70.0,хул,geminate,хулӑ,190.0
utterance_019722,chuvash_voice,хушши,8,23,3.93,4.36,4,i,i,0,4,4.25,4.36,110.0,ʃ,,0,0,0,final,1,хушши,3,ʃ,1,150.0,хуш,geminate,хушӑ,260.0
utterance_019726,chuvash_voice,ватӑ,8,31,4.62,4.93,4,ʌ,ɵ,0,4,4.87,4.93,60.0,t,χ,0,0,0,final,1,ватӑ,3,t,0,60.0,ват,bare,ватӑ,120.0
utterance_019726,chuvash_voice,хӳшӗ,11,31,5.61,5.97,4,ɛ,ø,0,4,5.92,5.97,50.0,ʃ,t,0,0,0,final,1,хӳшӗ,3,ʃ,0,80.0,хӳш,bare,хӳшӗ,130.0
utterance_019759,chuvash_voice,тӗрриллӗ,9,13,7.28,8.08,6,i,i,0,4,7.8,8.0,200.0,r,l,0,0,0,medial,1,тӗрриллӗ,3,r,1,140.0,тӗр,geminate,тӗрӗ,340.0
utterance_019759,chuvash_voice,тӗрриллӗ,9,13,7.28,8.08,6,ɛ,ø,0,6,8.05,8.08,30.0,l,,0,0,0,final,1,тӗрриллӗ,5,l,1,50.0,тӗр,geminate,тӗрӗ,80.0
utterance_019775,chuvash_voice,хушшинче,5,7,2.33,2.87,7,i,i,0,4,2.58,2.62,40.0,ʃ,n,0,0,0,medial,1,хушшинче,3,ʃ,1,100.0,хуш,geminate,хушӑ,140.0
utterance_019787,chuvash_voice,тырӑ,2,3,0.69,1.0,4,ʌ,ɵ,0,4,0.89,1.0,110.0,r,,0,0,0,final,1,тырӑ,3,r,0,50.0,тыр,bare,тырӑ,160.0
utterance_019807,chuvash_voice,хушшинче,7,10,3.2,3.77,7,i,i,0,4,3.46,3.52,60.0,ʃ,n,0,0,0,medial,1,хушшинче,3,ʃ,1,140.0,хуш,geminate,хушӑ,200.0
utterance_019815,chuvash_voice,тыррине,1,6,0.13,0.59,6,i,i,0,4,0.34,0.43,90.0,r,n,0,0,0,medial,1,тыррине,3,r,1,110.0,тыр,geminate,тырӑ,200.0
utterance_019821,chuvash_voice,хуллен,7,10,2.66,3.04,5,e,e,0,4,2.89,3.01,120.0,l,n,0,0,0,medial,1,хуллен,3,l,1,40.0,хул,geminate,хулӑ,160.0
utterance_019830,chuvash_voice,нӑрри,4,9,1.89,2.28,4,i,i,0,4,2.14,2.28,140.0,r,tʃ,0,0,0,final,1,нӑрри,3,r,1,70.0,нӑр,geminate,нӑрӑ,210.0
utterance_019839,chuvash_voice,турра,16,26,9.37,9.71,4,ɑ,a,0,4,9.61,9.71,100.0,r,k,0,0,0,final,1,турра,3,r,1,100.0,тур,geminate,турӑ,200.0
utterance_019844,chuvash_voice,тӗмӗ,10,13,4.76,5.1,4,ɛ,ø,0,4,5.0,5.1,100.0,m,k,0,0,0,final,1,тӗмӗ,3,m,0,90.0,тӗм,bare,тӗмӗ,190.0
utterance_019852,chuvash_voice,тӗррипе,6,13,3.41,3.87,6,i,i,0,4,3.7,3.76,60.0,r,p,0,0,0,medial,1,тӗррипе,3,r,1,70.0,тӗр,geminate,тӗрӗ,130.0
utterance_019855,chuvash_voice,хушши,13,14,5.49,5.86,4,i,i,0,4,5.79,5.86,70.0,ʃ,k,0,0,0,final,1,хушши,3,ʃ,1,140.0,хуш,geminate,хушӑ,210.0
utterance_019862,chuvash_voice,хуллен,4,6,1.57,2.13,5,e,e,0,4,1.89,2.05,160.0,l,n,0,0,0,medial,1,хуллен,3,l,1,120.0,хул,geminate,хулӑ,280.0
utterance_019882,chuvash_voice,кӗвӗ,10,12,5.06,5.41,4,ɛ,ø,0,4,5.31,5.41,100.0,v,,0,0,0,final,1,кӗвӗ,3,v,0,90.0,кӗв,bare,кӗвӗ,190.0
utterance_019887,chuvash_voice,хушши,4,15,1.73,2.04,4,i,i,0,4,1.99,2.04,50.0,ʃ,p,0,0,0,final,1,хушши,3,ʃ,1,130.0,хуш,geminate,хушӑ,180.0
utterance_019889,chuvash_voice,пӗккинче,3,13,0.55,1.06,7,i,i,0,4,0.76,0.82,60.0,k,n,0,0,0,medial,1,пӗккинче,3,k,1,130.0,пӗк,geminate,пӗкӗ,190.0
utterance_019907,chuvash_voice,тӗккелесе,6,8,3.33,3.87,8,e,e,0,4,3.54,3.6,60.0,k,l,0,0,0,medial,1,тӗккелесе,3,k,1,100.0,тӗк,geminate,тӗкӗ,160.0
utterance_019917,chuvash_voice,нӑрри,8,10,2.95,3.28,4,i,i,0,4,3.18,3.28,100.0,r,,0,0,0,final,1,нӑрри,3,r,1,110.0,нӑр,geminate,нӑрӑ,210.0
utterance_019925,chuvash_voice,хушшине,8,10,3.67,4.18,6,i,i,0,4,3.98,4.03,50.0,ʃ,n,0,0,0,medial,1,хушшине,3,ʃ,1,130.0,хуш,geminate,хушӑ,180.0
utterance_019965,chuvash_voice,ҫыхха,6,7,2.93,3.44,4,ɑ,a,0,4,3.37,3.44,70.0,χ,l,0,0,0,final,1,ҫыхха,3,χ,1,100.0,ҫых,geminate,ҫыхӑ,170.0
utterance_019971,chuvash_voice,хушши,2,8,0.83,1.2,4,i,i,0,4,1.16,1.2,40.0,ʃ,e,0,1,0,final,1,хушши,3,ʃ,1,180.0,хуш,geminate,хушӑ,220.0
utterance_019971,chuvash_voice,ташшине,7,8,4.54,5.38,6,i,i,0,4,5.19,5.24,50.0,ʃ,n,0,0,0,medial,1,ташшине,3,ʃ,1,380.0,таш,geminate,ташӑ,430.0
utterance_019978,chuvash_voice,ватӑ,6,8,3.13,3.47,4,ʌ,ɵ,0,4,3.42,3.47,50.0,t,p,0,0,0,final,1,ватӑ,3,t,0,50.0,ват,bare,ватӑ,100.0
utterance_019994,chuvash_voice,ҫыхха,6,7,3.43,3.8,4,ɑ,a,0,4,3.71,3.8,90.0,χ,p,0,0,0,final,1,ҫыхха,3,χ,1,110.0,ҫых,geminate,ҫыхӑ,200.0
utterance_019995,chuvash_voice,сасӑ,6,22,2.85,3.2,4,ʌ,ɵ,0,4,3.15,3.2,50.0,s,p,0,0,0,final,1,сасӑ,3,s,0,70.0,сас,bare,сасӑ,120.0
utterance_020008,chuvash_voice,хушшинче,5,20,3.07,3.56,7,i,i,0,4,3.3,3.37,70.0,ʃ,n,0,0,0,medial,1,хушшинче,3,ʃ,1,120.0,хуш,geminate,хушӑ,190.0
utterance_020008,chuvash_voice,вуллисене,8,20,5.02,5.58,8,i,i,0,4,5.22,5.29,70.0,l,s,0,0,0,medial,1,вуллисене,3,l,1,60.0,вул,geminate,вулӑ,130.0
utterance_020034,chuvash_voice,кассассӑн,4,14,1.95,2.61,7,ɑ,a,0,4,2.21,2.32,110.0,s,s,0,0,0,medial,1,кассассӑн,3,s,1,130.0,кас,geminate,касӑ,240.0
utterance_020034,chuvash_voice,кассассӑн,4,14,1.95,2.61,7,ʌ,ɵ,0,6,2.46,2.53,70.0,s,n,0,0,0,medial,1,кассассӑн,5,s,1,140.0,кас,geminate,касӑ,210.0
utterance_020058,chuvash_voice,хушшипе,2,6,0.77,1.2,6,i,i,0,4,1.01,1.06,50.0,ʃ,p,0,0,0,medial,1,хушшипе,3,ʃ,1,110.0,хуш,geminate,хушӑ,160.0
utterance_020074,chuvash_voice,турра,2,6,0.67,1.11,4,ɑ,a,0,4,0.87,1.11,240.0,r,,0,0,0,final,1,турра,3,r,1,70.0,тур,geminate,турӑ,310.0
utterance_020081,chuvash_voice,тӗсӗ,4,13,1.82,2.15,4,ɛ,ø,0,4,2.08,2.15,70.0,s,ɕ,0,0,0,final,1,тӗсӗ,3,s,0,90.0,тӗс,bare,тӗсӗ,160.0
utterance_020086,chuvash_voice,касса,6,9,3.27,3.63,4,ɑ,a,0,4,3.54,3.63,90.0,s,v,0,0,0,final,1,касса,3,s,1,120.0,кас,geminate,касӑ,210.0
utterance_020122,chuvash_voice,сассине,5,8,2.12,2.63,6,i,i,0,4,2.41,2.47,60.0,s,n,0,0,0,medial,1,сассине,3,s,1,140.0,сас,geminate,сасӑ,200.0
utterance_020141,chuvash_voice,пекки,2,11,0.09,0.31,4,i,i,0,4,0.24,0.31,70.0,k,p,0,0,0,final,1,пекки,3,k,1,30.0,пек,geminate,пекӗ,100.0
utterance_020165,chuvash_voice,сиввӗнрех,5,7,1.99,2.64,8,ɛ,ø,0,4,2.21,2.32,110.0,v,n,0,0,0,medial,1,сиввӗнрех,3,v,1,30.0,сив,geminate,сивӗ,140.0
utterance_020172,chuvash_voice,сӑрӑ,5,13,2.49,2.81,4,ʌ,ɵ,0,4,2.73,2.81,80.0,r,p,0,0,0,final,1,сӑрӑ,3,r,0,60.0,сӑр,bare,сӑрӑ,140.0
utterance_020177,chuvash_voice,сасси,6,8,2.99,3.31,4,i,i,0,4,3.27,3.31,40.0,s,i,0,1,0,final,1,сасси,3,s,1,140.0,сас,geminate,сасӑ,180.0
utterance_020182,chuvash_voice,хушшинче,4,8,1.52,2.11,7,i,i,0,4,1.81,1.86,50.0,ʃ,n,0,0,0,medial,1,хушшинче,3,ʃ,1,140.0,хуш,geminate,хушӑ,190.0
utterance_020189,chuvash_voice,хушши,4,6,1.35,1.69,4,i,i,0,4,1.62,1.69,70.0,ʃ,ɕ,0,0,0,final,1,хушши,3,ʃ,1,130.0,хуш,geminate,хушӑ,200.0
utterance_020191,chuvash_voice,сасӑ,19,24,9.66,10.02,4,ʌ,ɵ,0,4,9.95,10.02,70.0,s,p,0,0,0,final,1,сасӑ,3,s,0,80.0,сас,bare,сасӑ,150.0
utterance_020206,chuvash_voice,сӑввисем,8,9,3.26,3.89,7,i,i,0,4,3.52,3.6,80.0,v,s,0,0,0,medial,1,сӑввисем,3,v,1,30.0,сӑв,geminate,сӑвӑ,110.0
utterance_020222,chuvash_voice,ваттисен,3,10,0.92,1.42,7,i,i,0,4,1.19,1.24,50.0,t,s,0,0,0,medial,1,ваттисен,3,t,1,80.0,ват,geminate,ватӑ,130.0
utterance_020223,chuvash_voice,пуллашас,7,8,3.21,3.64,7,ɑ,a,0,4,3.34,3.39,50.0,l,ʃ,0,0,0,medial,1,пуллашас,3,l,1,50.0,пул,geminate,пулӑ,100.0
utterance_020237,chuvash_voice,пушӑ,2,11,0.81,1.11,4,ʌ,ɵ,0,4,1.03,1.11,80.0,ʃ,t,0,0,0,final,1,пушӑ,3,ʃ,0,70.0,пуш,bare,пушӑ,150.0
utterance_020241,chuvash_voice,ташӑ,7,10,2.89,3.2,4,ʌ,ɵ,0,4,3.13,3.2,70.0,ʃ,k,0,0,0,final,1,ташӑ,3,ʃ,0,80.0,таш,bare,ташӑ,150.0
utterance_020241,chuvash_voice,кӗвви,8,10,3.2,3.38,4,i,i,0,4,3.35,3.38,30.0,v,,0,0,0,final,1,кӗвви,3,v,1,30.0,кӗв,geminate,кӗвӗ,60.0
utterance_020265,chuvash_voice,сасси,6,20,4.57,5.76,4,i,i,0,4,4.95,5.76,810.0,s,,0,0,0,final,1,сасси,3,s,1,180.0,сас,geminate,сасӑ,990.0
utterance_020270,chuvash_voice,касса,9,15,4.54,4.91,4,ɑ,a,0,4,4.82,4.91,90.0,s,k,0,0,0,final,1,касса,3,s,1,150.0,кас,geminate,касӑ,240.0
utterance_020270,chuvash_voice,сасси,13,15,7.08,7.66,4,i,i,0,4,7.46,7.66,200.0,s,,0,0,0,final,1,сасси,3,s,1,180.0,сас,geminate,сасӑ,380.0
utterance_020295,chuvash_voice,ҫутӑ,7,30,3.05,3.45,4,ʌ,ɵ,0,4,3.37,3.45,80.0,t,k,0,0,0,final,1,ҫутӑ,3,t,0,60.0,ҫут,bare,ҫутӑ,140.0
utterance_020297,chuvash_voice,пуррине,11,14,4.25,4.7,6,i,i,0,4,4.49,4.55,60.0,r,n,0,0,0,medial,1,пуррине,3,r,1,90.0,пур,geminate,пурӑ,150.0
utterance_020315,chuvash_voice,чӗпписене-и,2,6,0.89,1.77,9,i,i,0,4,1.12,1.18,60.0,p,s,0,0,0,medial,1,чӗпписене-и,3,p,1,70.0,чӗп,geminate,чӗпӗ,130.0
utterance_020316,chuvash_voice,ҫутӑ,6,22,2.41,2.72,4,ʌ,ɵ,0,4,2.65,2.72,70.0,t,f,0,0,0,final,1,ҫутӑ,3,t,0,60.0,ҫут,bare,ҫутӑ,130.0
utterance_020358,chuvash_voice,сасси,1,12,0.56,1.08,4,i,i,0,4,0.96,1.08,120.0,s,u,0,1,0,final,1,сасси,3,s,1,140.0,сас,geminate,сасӑ,260.0
utterance_020358,chuvash_voice,сӑвӑ,6,12,3.06,3.43,4,ʌ,ɵ,0,4,3.37,3.43,60.0,v,v,0,0,0,final,1,сӑвӑ,3,v,0,70.0,сӑв,bare,сӑвӑ,130.0
utterance_020366,chuvash_voice,ҫаннисем,1,11,0.24,0.89,7,i,i,0,4,0.55,0.64,90.0,n,s,0,0,0,medial,1,ҫаннисем,3,n,1,60.0,ҫан,geminate,ҫанӑ,150.0
utterance_020373,chuvash_voice,хупписене,2,13,0.92,1.55,8,i,i,0,4,1.2,1.25,50.0,p,s,0,0,0,medial,1,хупписене,3,p,1,60.0,хуп,geminate,хупӑ,110.0
utterance_020395,chuvash_voice,ватта,1,15,1.28,1.66,4,ɑ,a,0,4,1.56,1.66,100.0,t,s,0,0,0,final,1,ватта,3,t,1,110.0,ват,geminate,ватӑ,210.0
utterance_020396,chuvash_voice,йытӑ,13,24,6.11,6.38,4,ʌ,ɵ,0,4,6.33,6.38,50.0,t,ɕ,0,0,0,final,1,йытӑ,3,t,0,70.0,йыт,bare,йытӑ,120.0
utterance_020401,chuvash_voice,хулленрех,7,8,3.41,4.03,8,e,e,0,4,3.63,3.71,80.0,l,n,0,0,0,medial,1,хулленрех,3,l,1,80.0,хул,geminate,хулӑ,160.0
utterance_020406,chuvash_voice,ватти-вӗтти,3,5,0.85,1.61,8,i,i,0,4,1.13,1.23,100.0,t,v,0,0,0,medial,1,ватти-вӗтти,3,t,1,130.0,ват,geminate,ватӑ,230.0
utterance_020406,chuvash_voice,ватти-вӗтти,3,5,0.85,1.61,8,i,i,0,8,1.5,1.61,110.0,t,ʃ,0,0,0,final,1,ватти-вӗтти,7,t,1,130.0,ват,geminate,ватӑ,240.0
utterance_020408,chuvash_voice,пуррине,15,17,7.41,7.78,6,i,i,0,4,7.6,7.64,40.0,r,n,0,0,0,medial,1,пуррине,3,r,1,80.0,пур,geminate,пурӑ,120.0
utterance_020410,chuvash_voice,ҫуррине,3,5,1.65,2.1,6,i,i,0,4,1.87,1.94,70.0,r,n,0,0,0,medial,1,ҫуррине,3,r,1,50.0,ҫур,geminate,ҫурӑ,120.0
utterance_020420,chuvash_voice,хушшинчен,8,11,3.13,3.68,8,i,i,0,4,3.4,3.45,50.0,ʃ,n,0,0,0,medial,1,хушшинчен,3,ʃ,1,130.0,хуш,geminate,хушӑ,180.0
utterance_020474,chuvash_voice,вӑррине,15,24,6.92,7.36,6,i,i,0,4,7.1,7.16,60.0,r,n,0,0,0,medial,1,вӑррине,3,r,1,60.0,вӑр,geminate,вӑрӑ,120.0
utterance_020496,chuvash_voice,пусӑ,20,44,11.41,11.82,4,ʌ,ɵ,0,4,11.74,11.82,80.0,s,p,0,0,0,final,1,пусӑ,3,s,0,80.0,пус,bare,пусӑ,160.0
utterance_020528,chuvash_voice,хушшинче,19,26,8.22,8.69,7,i,i,0,4,8.46,8.49,30.0,ʃ,n,0,0,0,medial,1,хушшинче,3,ʃ,1,140.0,хуш,geminate,хушӑ,170.0
utterance_020539,chuvash_voice,тулли,7,10,3.11,3.44,4,i,i,0,4,3.38,3.44,60.0,l,k,0,0,0,final,1,тулли,3,l,1,110.0,тул,geminate,тулӑ,170.0
utterance_020569,chuvash_voice,хушшине,9,20,5.87,6.34,6,i,i,0,4,6.15,6.21,60.0,ʃ,n,0,0,0,medial,1,хушшине,3,ʃ,1,130.0,хуш,geminate,хушӑ,190.0
utterance_020570,chuvash_voice,пуррипе,2,16,0.41,0.87,6,i,i,0,4,0.59,0.66,70.0,r,p,0,0,0,medial,1,пуррипе,3,r,1,80.0,пур,geminate,пурӑ,150.0
utterance_020591,chuvash_voice,пурришӗн,6,7,2.56,3.15,7,i,i,0,4,2.8,2.88,80.0,r,ʃ,0,0,0,medial,1,пурришӗн,3,r,1,80.0,пур,geminate,пурӑ,160.0
utterance_020643,chuvash_voice,йытӑ,4,7,1.28,1.5,4,ʌ,ɵ,0,4,1.46,1.5,40.0,t,v,0,0,0,final,1,йытӑ,3,t,0,60.0,йыт,bare,йытӑ,100.0
utterance_020654,chuvash_voice,пусӑ,6,26,2.43,2.75,4,ʌ,ɵ,0,4,2.68,2.75,70.0,s,ɕ,0,0,0,final,1,пусӑ,3,s,0,70.0,пус,bare,пусӑ,140.0
utterance_020664,chuvash_voice,сивӗ,2,11,0.81,1.2,4,ɛ,ø,0,4,1.12,1.2,80.0,v,t,0,0,0,final,1,сивӗ,3,v,0,80.0,сив,bare,сивӗ,160.0
utterance_020693,chuvash_voice,хушшинченех,8,15,3.75,4.45,10,i,i,0,4,4.04,4.08,40.0,ʃ,n,0,0,0,medial,1,хушшинченех,3,ʃ,1,100.0,хуш,geminate,хушӑ,140.0
utterance_020703,chuvash_voice,нӑрра,3,15,0.89,1.24,4,ɑ,a,0,4,1.12,1.24,120.0,r,k,0,0,0,final,1,нӑрра,3,r,1,80.0,нӑр,geminate,нӑрӑ,200.0
utterance_020718,chuvash_voice,кӗлӗ,2,6,0.68,0.97,4,ɛ,ø,0,4,0.91,0.97,60.0,l,v,0,0,0,final,1,кӗлӗ,3,l,0,50.0,кӗл,bare,кӗлӗ,110.0
utterance_020722,chuvash_voice,сивӗ,13,19,6.4,6.8,4,ɛ,ø,0,4,6.73,6.8,70.0,v,n,0,0,0,final,1,сивӗ,3,v,0,60.0,сив,bare,сивӗ,130.0
utterance_020731,chuvash_voice,хушшинчен,7,10,3.4,4.07,8,i,i,0,4,3.69,3.75,60.0,ʃ,n,0,0,0,medial,1,хушшинчен,3,ʃ,1,130.0,хуш,geminate,хушӑ,190.0
utterance_020732,chuvash_voice,хушши,5,11,1.75,2.16,4,i,i,0,4,2.04,2.16,120.0,ʃ,,0,0,0,final,1,хушши,3,ʃ,1,140.0,хуш,geminate,хушӑ,260.0
utterance_020734,chuvash_voice,сасси,8,8,4.27,4.74,4,i,i,0,4,4.62,4.74,120.0,s,,0,0,0,final,1,сасси,3,s,1,160.0,сас,geminate,сасӑ,280.0
utterance_020741,chuvash_voice,пекки,2,8,0.45,0.73,4,i,i,0,4,0.68,0.73,50.0,k,t,0,0,0,final,1,пекки,3,k,1,110.0,пек,geminate,пекӗ,160.0
utterance_020777,chuvash_voice,кӗлленсе,22,24,13.91,14.44,7,e,e,0,4,14.11,14.2,90.0,l,n,0,0,0,medial,1,кӗлленсе,3,l,1,70.0,кӗл,geminate,кӗлӗ,160.0
utterance_020778,chuvash_voice,хушшинчи,13,17,5.24,5.74,7,i,i,0,4,5.53,5.59,60.0,ʃ,n,0,0,0,medial,1,хушшинчи,3,ʃ,1,120.0,хуш,geminate,хушӑ,180.0
utterance_020779,chuvash_voice,касса,13,14,7.97,8.35,4,ɑ,a,0,4,8.25,8.35,100.0,s,p,0,0,0,final,1,касса,3,s,1,150.0,кас,geminate,касӑ,250.0
utterance_020799,chuvash_voice,чӗпписене,4,6,1.7,2.31,8,i,i,0,4,1.95,2.01,60.0,p,s,0,0,0,medial,1,чӗпписене,3,p,1,80.0,чӗп,geminate,чӗпӗ,140.0
utterance_020813,chuvash_voice,ҫутӑ,7,7,2.25,2.69,4,ʌ,ɵ,0,4,2.52,2.69,170.0,t,,0,0,0,final,1,ҫутӑ,3,t,0,90.0,ҫут,bare,ҫутӑ,260.0
utterance_020815,chuvash_voice,пулла,6,11,1.52,1.8,4,ɑ,a,0,4,1.71,1.8,90.0,l,tʃ,0,0,0,final,1,пулла,3,l,1,90.0,пул,geminate,пулӑ,180.0
utterance_020816,chuvash_voice,хушшинче,2,10,0.85,1.47,7,i,i,0,4,1.09,1.15,60.0,ʃ,n,0,0,0,medial,1,хушшинче,3,ʃ,1,130.0,хуш,geminate,хушӑ,190.0
utterance_020825,chuvash_voice,хушшинче,6,7,2.39,2.91,7,i,i,0,4,2.66,2.71,50.0,ʃ,n,0,0,0,medial,1,хушшинче,3,ʃ,1,130.0,хуш,geminate,хушӑ,180.0
utterance_020826,chuvash_voice,чӗлӗ,4,6,1.5,1.81,4,ɛ,ø,0,4,1.74,1.81,70.0,l,ɕ,0,0,0,final,1,чӗлӗ,3,l,0,60.0,чӗл,bare,чӗлӗ,130.0
utterance_020832,chuvash_voice,сассине,4,8,1.16,1.69,6,i,i,0,4,1.51,1.56,50.0,s,n,0,0,0,medial,1,сассине,3,s,1,120.0,сас,geminate,сасӑ,170.0
utterance_020875,chuvash_voice,хуллен,6,6,2.12,2.55,5,e,e,0,4,2.38,2.5,120.0,l,n,0,0,0,medial,1,хуллен,3,l,1,90.0,хул,geminate,хулӑ,210.0
utterance_020882,chuvash_voice,сасси,4,5,2.34,2.72,4,i,i,0,4,2.67,2.72,50.0,s,j,0,0,0,final,1,сасси,3,s,1,150.0,сас,geminate,сасӑ,200.0
utterance_020887,chuvash_voice,туллин,3,4,1.27,1.69,5,i,i,0,4,1.55,1.63,80.0,l,n,0,0,0,medial,1,туллин,3,l,1,80.0,тул,geminate,тулӑ,160.0
utterance_020890,chuvash_voice,ватӑ,2,29,0.92,1.27,4,ʌ,ɵ,0,4,1.21,1.27,60.0,t,l,0,0,0,final,1,ватӑ,3,t,0,80.0,ват,bare,ватӑ,140.0
utterance_020890,chuvash_voice,тулла,18,29,9.54,9.86,4,ɑ,a,0,4,9.8,9.86,60.0,l,χ,0,0,0,final,1,тулла,3,l,1,150.0,тул,geminate,тулӑ,210.0
utterance_020890,chuvash_voice,тырӑ,26,29,13.38,13.69,4,ʌ,ɵ,0,4,13.59,13.69,100.0,r,,0,0,0,final,1,тырӑ,3,r,0,60.0,тыр,bare,тырӑ,160.0
utterance_020891,chuvash_voice,хушши,10,16,4.83,5.28,4,i,i,0,4,5.14,5.28,140.0,ʃ,,0,0,0,final,1,хушши,3,ʃ,1,140.0,хуш,geminate,хушӑ,280.0
utterance_020903,chuvash_voice,вӑйӑ,4,8,1.15,1.51,4,ʌ,ɵ,0,4,1.48,1.51,30.0,j,χ,0,0,0,final,1,вӑйӑ,3,j,0,50.0,вӑй,bare,вӑйӑ,80.0
utterance_020903,chuvash_voice,ҫуррине,6,8,2.18,2.58,6,i,i,0,4,2.44,2.48,40.0,r,n,0,0,0,medial,1,ҫуррине,3,r,1,70.0,ҫур,geminate,ҫурӑ,110.0
utterance_020904,chuvash_voice,тыррисен,4,13,1.87,2.52,7,i,i,0,4,2.07,2.11,40.0,r,s,0,0,0,medial,1,тыррисен,3,r,1,30.0,тыр,geminate,тырӑ,70.0
utterance_020962,chuvash_voice,сасӑ,14,16,6.03,6.38,4,ʌ,ɵ,0,4,6.33,6.38,50.0,s,t,0,0,0,final,1,сасӑ,3,s,0,70.0,сас,bare,сасӑ,120.0
utterance_020963,chuvash_voice,чӗллисем,11,11,4.9,5.64,7,i,i,0,4,5.16,5.23,70.0,l,s,0,0,0,medial,1,чӗллисем,3,l,1,50.0,чӗл,geminate,чӗлӗ,120.0
utterance_020995,chuvash_voice,йытӑ,3,5,0.97,1.23,4,ʌ,ɵ,0,4,1.19,1.23,40.0,t,v,0,0,0,final,1,йытӑ,3,t,0,60.0,йыт,bare,йытӑ,100.0
utterance_021000,chuvash_voice,вӑрӑ,3,22,1.47,1.84,4,ʌ,ɵ,0,4,1.78,1.84,60.0,r,χ,0,0,0,final,1,вӑрӑ,3,r,0,70.0,вӑр,bare,вӑрӑ,130.0
utterance_021003,chuvash_voice,ватти,1,9,0.58,0.9,4,i,i,0,4,0.8,0.9,100.0,t,t,0,0,0,final,1,ватти,3,t,1,80.0,ват,geminate,ватӑ,180.0
utterance_021006,chuvash_voice,сасси,23,26,11.72,12.1,4,i,i,0,4,12.06,12.1,40.0,s,i,0,1,0,final,1,сасси,3,s,1,140.0,сас,geminate,сасӑ,180.0
utterance_021027,chuvash_voice,ҫутӑ,6,8,1.52,1.94,4,ʌ,ɵ,0,4,1.83,1.94,110.0,t,,0,0,0,final,1,ҫутӑ,3,t,0,70.0,ҫут,bare,ҫутӑ,180.0
utterance_021043,chuvash_voice,куллен,22,32,13.53,13.92,5,e,e,0,4,13.77,13.88,110.0,l,n,0,0,0,medial,1,куллен,3,l,1,90.0,кул,geminate,кулӑ,200.0
utterance_021048,chuvash_voice,ваттисен,5,15,2.12,2.64,7,i,i,0,4,2.35,2.41,60.0,t,s,0,0,0,medial,1,ваттисен,3,t,1,70.0,ват,geminate,ватӑ,130.0
utterance_021048,chuvash_voice,хушшинчи,14,15,6.37,6.89,7,i,i,0,4,6.63,6.69,60.0,ʃ,n,0,0,0,medial,1,хушшинчи,3,ʃ,1,130.0,хуш,geminate,хушӑ,190.0
utterance_021057,chuvash_voice,пеккине,2,8,0.47,0.93,6,i,i,0,4,0.71,0.77,60.0,k,n,0,0,0,medial,1,пеккине,3,k,1,120.0,пек,geminate,пекӗ,180.0
utterance_021074,chuvash_voice,хушшинчен,4,28,1.94,2.7,8,i,i,0,4,2.23,2.28,50.0,ʃ,n,0,0,0,medial,1,хушшинчен,3,ʃ,1,130.0,хуш,geminate,хушӑ,180.0
utterance_021079,chuvash_voice,хушшинче,2,27,0.62,1.24,7,i,i,0,4,0.91,0.98,70.0,ʃ,n,0,0,0,medial,1,хушшинче,3,ʃ,1,130.0,хуш,geminate,хушӑ,200.0
utterance_021107,chuvash_voice,ватӑ,17,20,7.76,8.0,4,ʌ,ɵ,0,4,7.95,8.0,50.0,t,χ,0,0,0,final,1,ватӑ,3,t,0,50.0,ват,bare,ватӑ,100.0
utterance_021121,chuvash_voice,кӳлленчӗкӗсене,12,20,5.42,6.33,13,e,e,0,4,5.62,5.72,100.0,l,n,0,0,0,medial,1,кӳлленчӗкӗсене,3,l,1,40.0,кӳл,geminate,кӳлӗ,140.0
utterance_021131,chuvash_voice,ватти,1,19,0.62,0.97,4,i,i,0,4,0.91,0.97,60.0,t,,0,0,0,final,1,ватти,3,t,1,80.0,ват,geminate,ватӑ,140.0
utterance_021131,chuvash_voice,хушшинче,8,19,5.3,5.79,7,i,i,0,4,5.56,5.6,40.0,ʃ,n,0,0,0,medial,1,хушшинче,3,ʃ,1,130.0,хуш,geminate,хушӑ,170.0
utterance_021132,chuvash_voice,ҫыххи,2,8,0.81,1.2,4,i,i,0,4,1.12,1.2,80.0,χ,t,0,0,0,final,1,ҫыххи,3,χ,1,130.0,ҫых,geminate,ҫыхӑ,210.0
utterance_021134,chuvash_voice,ҫаннинчен,5,12,2.27,2.88,8,i,i,0,4,2.52,2.6,80.0,n,n,0,0,0,medial,1,ҫаннинчен,3,n,1,30.0,ҫан,geminate,ҫанӑ,110.0
utterance_021135,chuvash_voice,тулли,7,12,3.4,3.8,4,i,i,0,4,3.68,3.8,120.0,l,m,0,0,0,final,1,тулли,3,l,1,180.0,тул,geminate,тулӑ,300.0
utterance_021136,chuvash_voice,сивӗ,4,13,1.49,1.79,4,ɛ,ø,0,4,1.71,1.79,80.0,v,ɕ,0,0,0,final,1,сивӗ,3,v,0,60.0,сив,bare,сивӗ,140.0
utterance_021145,chuvash_voice,ҫутӑ,7,11,4.11,4.41,4,ʌ,ɵ,0,4,4.38,4.41,30.0,t,j,0,0,0,final,1,ҫутӑ,3,t,0,80.0,ҫут,bare,ҫутӑ,110.0
utterance_021149,chuvash_voice,ваттисем,2,10,1.68,2.27,7,i,i,0,4,1.89,1.95,60.0,t,s,0,0,0,medial,1,ваттисем,3,t,1,100.0,ват,geminate,ватӑ,160.0
utterance_021155,chuvash_voice,тулли,8,10,4.54,4.89,4,i,i,0,4,4.77,4.89,120.0,l,χ,0,0,0,final,1,тулли,3,l,1,90.0,тул,geminate,тулӑ,210.0
utterance_021157,chuvash_voice,йытӑ,1,18,0.45,0.73,4,ʌ,ɵ,0,4,0.67,0.73,60.0,t,χ,0,0,0,final,1,йытӑ,3,t,0,90.0,йыт,bare,йытӑ,150.0
utterance_021158,chuvash_voice,ҫутӑ,5,6,2.42,2.77,4,ʌ,ɵ,0,4,2.7,2.77,70.0,t,χ,0,0,0,final,1,ҫутӑ,3,t,0,50.0,ҫут,bare,ҫутӑ,120.0
utterance_021161,chuvash_voice,хушшинче,5,25,2.64,3.17,7,i,i,0,4,2.94,2.99,50.0,ʃ,n,0,0,0,medial,1,хушшинче,3,ʃ,1,130.0,хуш,geminate,хушӑ,180.0
utterance_021175,chuvash_voice,тырӑ,2,8,0.84,1.17,4,ʌ,ɵ,0,4,1.08,1.17,90.0,r,p,0,0,0,final,1,тырӑ,3,r,0,60.0,тыр,bare,тырӑ,150.0
utterance_021178,chuvash_voice,ҫутӑ,5,7,3.64,3.94,4,ʌ,ɵ,0,4,3.89,3.94,50.0,t,k,0,0,0,final,1,ҫутӑ,3,t,0,70.0,ҫут,bare,ҫутӑ,120.0
utterance_021180,chuvash_voice,хушшинчен,3,11,1.05,1.68,8,i,i,0,4,1.33,1.39,60.0,ʃ,n,0,0,0,medial,1,хушшинчен,3,ʃ,1,120.0,хуш,geminate,хушӑ,180.0
utterance_021192,chuvash_voice,чӗпписем,9,20,3.99,4.5,7,i,i,0,4,4.22,4.28,60.0,p,s,0,0,0,medial,1,чӗпписем,3,p,1,70.0,чӗп,geminate,чӗпӗ,130.0
utterance_021199,chuvash_voice,пусса,5,9,2.32,2.71,4,ɑ,a,0,4,2.61,2.71,100.0,s,a,0,1,0,final,1,пусса,3,s,1,130.0,пус,geminate,пусӑ,230.0
utterance_021201,chuvash_voice,хушшине,8,18,4.1,4.63,6,i,i,0,4,4.41,4.46,50.0,ʃ,n,0,0,0,medial,1,хушшине,3,ʃ,1,130.0,хуш,geminate,хушӑ,180.0
utterance_021207,chuvash_voice,хушшинчен,4,9,1.72,2.47,8,i,i,0,4,2.03,2.09,60.0,ʃ,n,0,0,0,medial,1,хушшинчен,3,ʃ,1,130.0,хуш,geminate,хушӑ,190.0
utterance_021210,chuvash_voice,йыттисене,2,8,0.97,1.72,8,i,i,0,4,1.27,1.34,70.0,t,s,0,0,0,medial,1,йыттисене,3,t,1,120.0,йыт,geminate,йытӑ,190.0
utterance_021210,chuvash_voice,тӗмӗ,5,8,2.67,2.97,4,ɛ,ø,0,4,2.91,2.97,60.0,m,ɕ,0,0,0,final,1,тӗмӗ,3,m,0,80.0,тӗм,bare,тӗмӗ,140.0
utterance_021213,chuvash_voice,тӗвве,14,15,7.14,7.48,4,e,e,0,4,7.43,7.48,50.0,v,p,0,0,0,final,1,тӗвве,3,v,1,30.0,тӗв,geminate,тӗвӗ,80.0
utterance_021237,chuvash_voice,хушӑ,4,7,1.29,1.63,4,ʌ,ɵ,0,4,1.56,1.63,70.0,ʃ,t,0,0,0,final,1,хушӑ,3,ʃ,0,80.0,хуш,bare,хушӑ,150.0
utterance_021239,chuvash_voice,хуллен,11,12,5.37,5.8,5,e,e,0,4,5.65,5.73,80.0,l,n,0,0,0,medial,1,хуллен,3,l,1,70.0,хул,geminate,хулӑ,150.0
utterance_021281,chuvash_voice,сасӑ,6,11,2.51,2.86,4,ʌ,ɵ,0,4,2.82,2.86,40.0,s,k,0,0,0,final,1,сасӑ,3,s,0,80.0,сас,bare,сасӑ,120.0
utterance_021286,chuvash_voice,хуллентерех,4,5,1.85,2.56,10,e,e,0,4,2.03,2.12,90.0,l,n,0,0,0,medial,1,хуллентерех,3,l,1,60.0,хул,geminate,хулӑ,150.0
utterance_021302,chuvash_voice,сасси,3,14,1.25,1.6,4,i,i,0,4,1.56,1.6,40.0,s,i,0,1,0,final,1,сасси,3,s,1,130.0,сас,geminate,сасӑ,170.0
utterance_021319,chuvash_voice,сассине,9,13,5.29,5.78,6,i,i,0,4,5.59,5.63,40.0,s,n,0,0,0,medial,1,сассине,3,s,1,130.0,сас,geminate,сасӑ,170.0
utterance_021322,chuvash_voice,хушшинче,10,18,5.2,5.71,7,i,i,0,4,5.47,5.54,70.0,ʃ,n,0,0,0,medial,1,хушшинче,3,ʃ,1,120.0,хуш,geminate,хушӑ,190.0
utterance_021337,chuvash_voice,пуллине,5,8,1.78,2.17,6,i,i,0,4,1.96,2.01,50.0,l,n,0,0,0,medial,1,пуллине,3,l,1,80.0,пул,geminate,пулӑ,130.0
utterance_021343,chuvash_voice,сассине,3,8,1.28,1.75,6,i,i,0,4,1.56,1.61,50.0,s,n,0,0,0,medial,1,сассине,3,s,1,120.0,сас,geminate,сасӑ,170.0
utterance_021375,chuvash_voice,хушшине,22,23,12.99,13.62,6,i,i,0,4,13.41,13.47,60.0,ʃ,n,0,0,0,medial,1,хушшине,3,ʃ,1,140.0,хуш,geminate,хушӑ,200.0
utterance_021393,chuvash_voice,сивӗ,5,6,1.67,2.0,4,ɛ,ø,0,4,1.93,2.0,70.0,v,t,0,0,0,final,1,сивӗ,3,v,0,30.0,сив,bare,сивӗ,100.0
utterance_021394,chuvash_voice,сиввӗн,2,12,1.04,1.47,5,ɛ,ø,0,4,1.31,1.39,80.0,v,n,0,0,0,medial,1,сиввӗн,3,v,1,30.0,сив,geminate,сивӗ,110.0
utterance_021400,chuvash_voice,пуррине,9,10,5.3,5.71,6,i,i,0,4,5.48,5.57,90.0,r,n,0,0,0,medial,1,пуррине,3,r,1,60.0,пур,geminate,пурӑ,150.0
utterance_021406,chuvash_voice,касса,2,30,0.64,1.07,4,ɑ,a,0,4,0.94,1.07,130.0,s,t,0,0,0,final,1,касса,3,s,1,160.0,кас,geminate,касӑ,290.0
utterance_021411,chuvash_voice,ҫутӑ,1,13,0.16,0.53,4,ʌ,ɵ,0,4,0.46,0.53,70.0,t,ʃ,0,0,0,final,1,ҫутӑ,3,t,0,60.0,ҫут,bare,ҫутӑ,130.0
utterance_021419,chuvash_voice,ҫутӑ,14,19,7.81,8.12,4,ʌ,ɵ,0,4,8.07,8.12,50.0,t,y,0,1,0,final,1,ҫутӑ,3,t,0,70.0,ҫут,bare,ҫутӑ,120.0
utterance_021424,chuvash_voice,куллен,4,5,1.56,2.05,5,e,e,0,4,1.84,1.91,70.0,l,n,0,0,0,medial,1,куллен,3,l,1,70.0,кул,geminate,кулӑ,140.0
utterance_021427,chuvash_voice,пушшех,17,18,7.55,8.05,5,e,e,0,4,7.83,7.93,100.0,ʃ,χ,0,0,0,medial,1,пушшех,3,ʃ,1,130.0,пуш,geminate,пушӑ,230.0
utterance_021445,chuvash_voice,хушӑ,4,7,1.92,2.27,4,ʌ,ɵ,0,4,2.18,2.27,90.0,ʃ,t,0,0,0,final,1,хушӑ,3,ʃ,0,80.0,хуш,bare,хушӑ,170.0
utterance_021494,chuvash_voice,сасси,14,17,5.86,6.27,4,i,i,0,4,6.18,6.27,90.0,s,t,0,0,0,final,1,сасси,3,s,1,130.0,сас,geminate,сасӑ,220.0
utterance_021506,chuvash_voice,ватӑ,2,12,0.93,1.19,4,ʌ,ɵ,0,4,1.15,1.19,40.0,t,j,0,0,0,final,1,ватӑ,3,t,0,60.0,ват,bare,ватӑ,100.0
utterance_021513,chuvash_voice,хушшинче,8,25,4.08,4.61,7,i,i,0,4,4.36,4.41,50.0,ʃ,n,0,0,0,medial,1,хушшинче,3,ʃ,1,120.0,хуш,geminate,хушӑ,170.0
utterance_021516,chuvash_voice,сивӗ,9,9,4.07,4.62,4,ɛ,ø,0,4,4.38,4.62,240.0,v,,0,0,0,final,1,сивӗ,3,v,0,60.0,сив,bare,сивӗ,300.0
utterance_021524,chuvash_voice,хуллентерех,5,21,2.07,2.69,10,e,e,0,4,2.23,2.34,110.0,l,n,0,0,0,medial,1,хуллентерех,3,l,1,30.0,хул,geminate,хулӑ,140.0
utterance_021545,chuvash_voice,пурри,4,19,1.57,1.85,4,i,i,0,4,1.77,1.85,80.0,r,ɕ,0,0,0,final,1,пурри,3,r,1,90.0,пур,geminate,пурӑ,170.0
utterance_021545,chuvash_voice,ҫутӑ,15,19,7.51,7.85,4,ʌ,ɵ,0,4,7.8,7.85,50.0,t,k,0,0,0,final,1,ҫутӑ,3,t,0,90.0,ҫут,bare,ҫутӑ,140.0
utterance_021550,chuvash_voice,хуллен,6,8,3.01,3.47,5,e,e,0,4,3.32,3.43,110.0,l,n,0,0,0,medial,1,хуллен,3,l,1,90.0,хул,geminate,хулӑ,200.0
utterance_021572,chuvash_voice,хуллен,5,20,2.78,3.22,5,e,e,0,4,3.06,3.16,100.0,l,n,0,0,0,medial,1,хуллен,3,l,1,100.0,хул,geminate,хулӑ,200.0
utterance_021574,chuvash_voice,куллен,6,13,3.72,4.17,5,e,e,0,4,3.98,4.05,70.0,l,n,0,0,0,medial,1,куллен,3,l,1,60.0,кул,geminate,кулӑ,130.0
utterance_021576,chuvash_voice,сасӑ,5,5,2.11,2.64,4,ʌ,ɵ,0,4,2.43,2.64,210.0,s,,0,0,0,final,1,сасӑ,3,s,0,90.0,сас,bare,сасӑ,300.0
utterance_021584,chuvash_voice,ҫутӑ,18,21,8.52,8.89,4,ʌ,ɵ,0,4,8.8,8.89,90.0,t,,0,0,0,final,1,ҫутӑ,3,t,0,80.0,ҫут,bare,ҫутӑ,170.0
utterance_021620,chuvash_voice,тырӑ,3,6,0.86,1.11,4,ʌ,ɵ,0,4,1.06,1.11,50.0,r,ɕ,0,0,0,final,1,тырӑ,3,r,0,60.0,тыр,bare,тырӑ,110.0
utterance_021625,chuvash_voice,йытта,6,10,2.49,2.92,4,ɑ,a,0,4,2.82,2.92,100.0,t,χ,0,0,0,final,1,йытта,3,t,1,120.0,йыт,geminate,йытӑ,220.0
utterance_021640,chuvash_voice,ватӑ,6,15,2.7,2.97,4,ʌ,ɵ,0,4,2.92,2.97,50.0,t,ɕ,0,0,0,final,1,ватӑ,3,t,0,60.0,ват,bare,ватӑ,110.0
utterance_021649,chuvash_voice,йытӑ,8,11,3.86,4.13,4,ʌ,ɵ,0,4,4.08,4.13,50.0,t,ɕ,0,0,0,final,1,йытӑ,3,t,0,70.0,йыт,bare,йытӑ,120.0
utterance_021655,chuvash_voice,тӗсӗ,1,4,0.38,0.69,4,ɛ,ø,0,4,0.63,0.69,60.0,s,ɕ,0,0,0,final,1,тӗсӗ,3,s,0,80.0,тӗс,bare,тӗсӗ,140.0
utterance_021656,chuvash_voice,каррине,2,13,1.1,1.58,6,i,i,0,4,1.34,1.41,70.0,r,n,0,0,0,medial,1,каррине,3,r,1,70.0,кар,geminate,карӑ,140.0
utterance_021675,chuvash_voice,хушши,9,15,3.91,4.36,4,i,i,0,4,4.23,4.36,130.0,ʃ,,0,0,0,final,1,хушши,3,ʃ,1,160.0,хуш,geminate,хушӑ,290.0
utterance_021698,chuvash_voice,хушӑ,9,13,3.74,4.12,4,ʌ,ɵ,0,4,4.07,4.12,50.0,ʃ,,0,0,0,final,1,хушӑ,3,ʃ,0,120.0,хуш,bare,хушӑ,170.0
utterance_021735,chuvash_voice,пушшех,2,4,0.66,1.11,5,e,e,0,4,0.95,1.02,70.0,ʃ,χ,0,0,0,medial,1,пушшех,3,ʃ,1,130.0,пуш,geminate,пушӑ,200.0
utterance_021764,chuvash_voice,михӗ,2,6,0.45,0.75,4,ɛ,ø,0,4,0.67,0.75,80.0,χ,s,0,0,0,final,1,михӗ,3,χ,0,90.0,мих,bare,михӗ,170.0
utterance_021772,chuvash_voice,сиввӗн,6,7,2.56,2.96,5,ɛ,ø,0,4,2.8,2.89,90.0,v,n,0,0,0,medial,1,сиввӗн,3,v,1,30.0,сив,geminate,сивӗ,120.0
utterance_021776,chuvash_voice,сӑвӑ,4,7,1.77,2.06,4,ʌ,ɵ,0,4,2.0,2.06,60.0,v,s,0,0,0,final,1,сӑвӑ,3,v,0,60.0,сӑв,bare,сӑвӑ,120.0
utterance_021778,chuvash_voice,йытти,8,12,3.77,4.11,4,i,i,0,4,4.0,4.11,110.0,t,p,0,0,0,final,1,йытти,3,t,1,130.0,йыт,geminate,йытӑ,240.0
utterance_021779,chuvash_voice,сиввӗнтерех,11,13,6.4,7.16,10,ɛ,ø,0,4,6.64,6.77,130.0,v,n,0,0,0,medial,1,сиввӗнтерех,3,v,1,30.0,сив,geminate,сивӗ,160.0
utterance_021816,chuvash_voice,ташӑ,3,5,1.24,1.63,4,ʌ,ɵ,0,4,1.58,1.63,50.0,ʃ,k,0,0,0,final,1,ташӑ,3,ʃ,0,90.0,таш,bare,ташӑ,140.0
utterance_021868,chuvash_voice,кӗвӗ,10,11,4.83,5.14,4,ɛ,ø,0,4,5.06,5.14,80.0,v,k,0,0,0,final,1,кӗвӗ,3,v,0,80.0,кӗв,bare,кӗвӗ,160.0
utterance_021874,chuvash_voice,хушшине,5,8,1.81,2.32,6,i,i,0,4,2.11,2.15,40.0,ʃ,n,0,0,0,medial,1,хушшине,3,ʃ,1,120.0,хуш,geminate,хушӑ,160.0
utterance_021881,chuvash_voice,сасси,5,6,2.36,2.7,4,i,i,0,4,2.66,2.7,40.0,s,j,0,0,0,final,1,сасси,3,s,1,140.0,сас,geminate,сасӑ,180.0
utterance_021889,chuvash_voice,хушшинче,3,6,0.92,1.37,7,i,i,0,4,1.15,1.19,40.0,ʃ,n,0,0,0,medial,1,хушшинче,3,ʃ,1,130.0,хуш,geminate,хушӑ,170.0
utterance_021904,chuvash_voice,хушшинчен,2,13,1.08,1.7,8,i,i,0,4,1.36,1.42,60.0,ʃ,n,0,0,0,medial,1,хушшинчен,3,ʃ,1,120.0,хуш,geminate,хушӑ,180.0
utterance_021925,chuvash_voice,сассине,12,24,5.89,6.42,6,i,i,0,4,6.19,6.24,50.0,s,n,0,0,0,medial,1,сассине,3,s,1,140.0,сас,geminate,сасӑ,190.0
utterance_021947,chuvash_voice,хушшинче,8,24,3.03,3.53,7,i,i,0,4,3.31,3.35,40.0,ʃ,n,0,0,0,medial,1,хушшинче,3,ʃ,1,130.0,хуш,geminate,хушӑ,170.0
utterance_021961,chuvash_voice,хӳшшинче,7,7,2.59,3.32,7,i,i,0,4,2.88,2.93,50.0,ʃ,n,0,0,0,medial,1,хӳшшинче,3,ʃ,1,140.0,хӳш,geminate,хӳшӗ,190.0
utterance_021970,chuvash_voice,хушшине,3,4,1.27,1.77,6,i,i,0,4,1.53,1.59,60.0,ʃ,n,0,0,0,medial,1,хушшине,3,ʃ,1,150.0,хуш,geminate,хушӑ,210.0
utterance_021977,chuvash_voice,нӑрӑ,12,20,6.39,6.59,4,ʌ,ɵ,0,4,6.53,6.59,60.0,r,ɕ,0,0,0,final,1,нӑрӑ,3,r,0,80.0,нӑр,bare,нӑрӑ,140.0
utterance_021982,chuvash_voice,хушшинче,7,10,3.89,4.41,7,i,i,0,4,4.13,4.19,60.0,ʃ,n,0,0,0,medial,1,хушшинче,3,ʃ,1,120.0,хуш,geminate,хушӑ,180.0
utterance_021985,chuvash_voice,кассӑн-кассӑн,3,6,1.96,2.94,10,ʌ,ɵ,0,4,2.28,2.33,50.0,s,n,0,0,0,medial,1,кассӑн-кассӑн,3,s,1,150.0,кас,geminate,касӑ,200.0
utterance_021985,chuvash_voice,кассӑн-кассӑн,3,6,1.96,2.94,10,ʌ,ɵ,0,9,2.73,2.78,50.0,s,n,0,0,0,medial,1,кассӑн-кассӑн,8,s,1,140.0,кас,geminate,касӑ,190.0
utterance_022013,chuvash_voice,сӑввине,20,20,9.5,10.05,6,i,i,0,4,9.82,9.85,30.0,v,n,0,0,0,medial,1,сӑввине,3,v,1,30.0,сӑв,geminate,сӑвӑ,60.0
utterance_022045,chuvash_voice,йытти,7,10,3.58,3.97,4,i,i,0,4,3.85,3.97,120.0,t,tʃ,0,0,0,final,1,йытти,3,t,1,150.0,йыт,geminate,йытӑ,270.0
utterance_022057,chuvash_voice,сулӑ,3,10,1.52,1.84,4,ʌ,ɵ,0,4,1.79,1.84,50.0,l,ɕ,0,0,0,final,1,сулӑ,3,l,0,100.0,сул,bare,сулӑ,150.0
utterance_022113,chuvash_voice,тулли,8,9,3.71,4.03,4,i,i,0,4,3.93,4.03,100.0,l,p,0,0,0,final,1,тулли,3,l,1,100.0,тул,geminate,тулӑ,200.0
utterance_022139,chuvash_voice,ватти,5,10,2.04,2.34,4,i,i,0,4,2.28,2.34,60.0,t,k,0,0,0,final,1,ватти,3,t,1,80.0,ват,geminate,ватӑ,140.0
utterance_022153,chuvash_voice,пеккине,3,9,0.87,1.4,6,i,i,0,4,1.09,1.17,80.0,k,n,0,0,0,medial,1,пеккине,3,k,1,110.0,пек,geminate,пекӗ,190.0
utterance_022162,chuvash_voice,хушӑ,6,23,2.76,3.16,4,ʌ,ɵ,0,4,3.04,3.16,120.0,ʃ,tʃ,0,0,0,final,1,хушӑ,3,ʃ,0,80.0,хуш,bare,хушӑ,200.0
utterance_022171,chuvash_voice,сиввӗн,3,6,1.12,1.63,5,ɛ,ø,0,4,1.4,1.54,140.0,v,n,0,0,0,medial,1,сиввӗн,3,v,1,30.0,сив,geminate,сивӗ,170.0
utterance_022180,chuvash_voice,ҫуттӑн,2,9,1.07,1.62,5,ʌ,ɵ,0,4,1.47,1.54,70.0,t,n,0,0,0,medial,1,ҫуттӑн,3,t,1,70.0,ҫут,geminate,ҫутӑ,140.0
utterance_022206,chuvash_voice,хушӑ,3,10,1.29,1.64,4,ʌ,ɵ,0,4,1.56,1.64,80.0,ʃ,ʃ,0,0,0,final,1,хушӑ,3,ʃ,0,80.0,хуш,bare,хушӑ,160.0
utterance_022232,chuvash_voice,хушшинчен,5,11,2.08,2.72,8,i,i,0,4,2.33,2.38,50.0,ʃ,n,0,0,0,medial,1,хушшинчен,3,ʃ,1,130.0,хуш,geminate,хушӑ,180.0
utterance_022235,chuvash_voice,сасси,22,24,12.18,12.58,4,i,i,0,4,12.53,12.58,50.0,s,i,0,1,0,final,1,сасси,3,s,1,150.0,сас,geminate,сасӑ,200.0
utterance_022276,chuvash_voice,пушшех,8,8,4.47,5.64,5,e,e,0,4,4.82,4.95,130.0,ʃ,χ,0,0,0,medial,1,пушшех,3,ʃ,1,150.0,пуш,geminate,пушӑ,280.0
utterance_022289,chuvash_voice,вулли,9,12,4.1,4.41,4,i,i,0,4,4.31,4.41,100.0,l,t,0,0,0,final,1,вулли,3,l,1,70.0,вул,geminate,вулӑ,170.0
utterance_022310,chuvash_voice,кӗвве,3,10,1.69,1.99,4,e,e,0,4,1.83,1.99,160.0,v,p,0,0,0,final,1,кӗвве,3,v,1,30.0,кӗв,geminate,кӗвӗ,190.0
utterance_022310,chuvash_voice,вӑйӑ,7,10,3.51,3.82,4,ʌ,ɵ,0,4,3.76,3.82,60.0,j,p,0,0,0,final,1,вӑйӑ,3,j,0,100.0,вӑй,bare,вӑйӑ,160.0
utterance_022325,chuvash_voice,сасӑ,2,7,0.5,0.84,4,ʌ,ɵ,0,4,0.79,0.84,50.0,s,tʃ,0,0,0,final,1,сасӑ,3,s,0,70.0,сас,bare,сасӑ,120.0
utterance_022328,chuvash_voice,ватӑ,3,10,1.74,2.01,4,ʌ,ɵ,0,4,1.95,2.01,60.0,t,ɕ,0,0,0,final,1,ватӑ,3,t,0,50.0,ват,bare,ватӑ,110.0
utterance_022341,chuvash_voice,тӗрриллӗ,3,31,0.65,1.11,6,i,i,0,4,0.86,0.99,130.0,r,l,0,0,0,medial,1,тӗрриллӗ,3,r,1,70.0,тӗр,geminate,тӗрӗ,200.0
utterance_022341,chuvash_voice,тӗрриллӗ,3,31,0.65,1.11,6,ɛ,ø,0,6,1.08,1.11,30.0,l,,0,0,0,final,1,тӗрриллӗ,5,l,1,90.0,тӗр,geminate,тӗрӗ,120.0
utterance_022347,chuvash_voice,сасӑ,5,21,2.62,3.09,4,ʌ,ɵ,0,4,3.01,3.09,80.0,s,i,0,1,0,final,1,сасӑ,3,s,0,80.0,сас,bare,сасӑ,160.0
utterance_022347,chuvash_voice,сасси,9,21,4.65,4.98,4,i,i,0,4,4.9,4.98,80.0,s,t,0,0,0,final,1,сасси,3,s,1,110.0,сас,geminate,сасӑ,190.0
utterance_022347,chuvash_voice,сасси,12,21,5.75,6.07,4,i,i,0,4,6.01,6.07,60.0,s,p,0,0,0,final,1,сасси,3,s,1,120.0,сас,geminate,сасӑ,180.0
utterance_022386,chuvash_voice,пуссанах,4,17,1.4,1.99,7,ɑ,a,0,4,1.62,1.74,120.0,s,n,0,0,0,medial,1,пуссанах,3,s,1,110.0,пус,geminate,пусӑ,230.0
utterance_022391,chuvash_voice,хуллен,4,12,1.43,1.86,5,e,e,0,4,1.66,1.75,90.0,l,n,0,0,0,medial,1,хуллен,3,l,1,90.0,хул,geminate,хулӑ,180.0
utterance_022406,chuvash_voice,кулленех,7,15,3.05,3.62,7,e,e,0,4,3.31,3.36,50.0,l,n,0,0,0,medial,1,кулленех,3,l,1,70.0,кул,geminate,кулӑ,120.0
utterance_022414,chuvash_voice,ҫурӑ,3,18,0.93,1.18,4,ʌ,ɵ,0,4,1.12,1.18,60.0,r,t,0,0,0,final,1,ҫурӑ,3,r,0,40.0,ҫур,bare,ҫурӑ,100.0
utterance_022450,chuvash_voice,хушшине,5,7,2.29,2.83,6,i,i,0,4,2.59,2.64,50.0,ʃ,n,0,0,0,medial,1,хушшине,3,ʃ,1,130.0,хуш,geminate,хушӑ,180.0
utterance_022454,chuvash_voice,сассине,2,7,0.66,1.21,6,i,i,0,4,0.94,1.01,70.0,s,n,0,0,0,medial,1,сассине,3,s,1,110.0,сас,geminate,сасӑ,180.0
utterance_022454,chuvash_voice,йытӑ,5,7,2.23,2.71,4,ʌ,ɵ,0,4,2.56,2.71,150.0,t,,0,0,0,final,1,йытӑ,3,t,0,90.0,йыт,bare,йытӑ,240.0
utterance_022487,chuvash_voice,ҫыхха,1,3,0.24,0.62,4,ɑ,a,0,4,0.53,0.62,90.0,χ,s,0,0,0,final,1,ҫыхха,3,χ,1,50.0,ҫых,geminate,ҫыхӑ,140.0
utterance_022493,chuvash_voice,турӑ,5,19,1.62,1.85,4,ʌ,ɵ,0,4,1.79,1.85,60.0,r,ɕ,0,0,0,final,1,турӑ,3,r,0,40.0,тур,bare,турӑ,100.0
utterance_022507,chuvash_voice,ҫуттӑн,7,8,2.38,2.9,5,ʌ,ɵ,0,4,2.74,2.81,70.0,t,n,0,0,0,medial,1,ҫуттӑн,3,t,1,70.0,ҫут,geminate,ҫутӑ,140.0
utterance_022510,chuvash_voice,хушшинче,12,18,4.41,4.85,7,i,i,0,4,4.65,4.69,40.0,ʃ,n,0,0,0,medial,1,хушшинче,3,ʃ,1,120.0,хуш,geminate,хушӑ,160.0
utterance_022518,chuvash_voice,хуллен-хулленех,5,13,2.21,3.22,12,e,e,0,4,2.51,2.62,110.0,l,n,0,0,0,medial,1,хуллен-хулленех,3,l,1,90.0,хул,geminate,хулӑ,200.0
utterance_022518,chuvash_voice,хуллен-хулленех,5,13,2.21,3.22,12,e,e,0,9,2.84,2.98,140.0,l,n,0,0,0,medial,1,хуллен-хулленех,8,l,1,30.0,хул,geminate,хулӑ,170.0
utterance_022527,chuvash_voice,кӗлӗ,4,24,1.63,1.89,4,ɛ,ø,0,4,1.83,1.89,60.0,l,t,0,0,0,final,1,кӗлӗ,3,l,0,60.0,кӗл,bare,кӗлӗ,120.0
utterance_022534,chuvash_voice,хушши,17,19,8.02,8.63,4,i,i,0,4,8.39,8.63,240.0,ʃ,,0,0,0,final,1,хушши,3,ʃ,1,160.0,хуш,geminate,хушӑ,400.0
utterance_022547,chuvash_voice,пусса,5,11,2.01,2.56,4,ɑ,a,0,4,2.33,2.56,230.0,s,,0,0,0,final,1,пусса,3,s,1,150.0,пус,geminate,пусӑ,380.0
utterance_022558,chuvash_voice,кассинчен,6,15,2.66,3.28,8,i,i,0,4,2.92,2.97,50.0,s,n,0,0,0,medial,1,кассинчен,3,s,1,110.0,кас,geminate,касӑ,160.0
utterance_022563,chuvash_voice,ҫӗҫҫине,3,22,1.1,1.79,6,i,i,0,4,1.56,1.62,60.0,ɕ,n,0,0,0,medial,1,ҫӗҫҫине,3,ɕ,1,170.0,ҫӗҫ,geminate,ҫӗҫӗ,230.0
utterance_022565,chuvash_voice,турӑ,1,2,0.25,0.51,4,ʌ,ɵ,0,4,0.46,0.51,50.0,r,s,0,0,0,final,1,турӑ,3,r,0,70.0,тур,bare,турӑ,120.0
utterance_022577,chuvash_voice,сасси,14,14,6.44,7.09,4,i,i,0,4,6.77,7.09,320.0,s,,0,0,0,final,1,сасси,3,s,1,160.0,сас,geminate,сасӑ,480.0
utterance_022599,chuvash_voice,пушӑ,4,5,1.07,1.42,4,ʌ,ɵ,0,4,1.33,1.42,90.0,ʃ,v,0,0,0,final,1,пушӑ,3,ʃ,0,70.0,пуш,bare,пушӑ,160.0
utterance_022602,chuvash_voice,ҫурри,9,19,4.34,4.68,4,i,i,0,4,4.62,4.68,60.0,r,ʉ,0,1,0,final,1,ҫурри,3,r,1,100.0,ҫур,geminate,ҫурӑ,160.0
utterance_022644,chuvash_voice,касса,9,10,3.36,3.69,4,ɑ,a,0,4,3.62,3.69,70.0,s,p,0,0,0,final,1,касса,3,s,1,130.0,кас,geminate,касӑ,200.0
utterance_022648,chuvash_voice,хуллен,5,10,2.18,2.76,5,e,e,0,4,2.51,2.67,160.0,l,n,0,0,0,medial,1,хуллен,3,l,1,110.0,хул,geminate,хулӑ,270.0
utterance_022660,chuvash_voice,хушши,4,8,1.2,1.66,4,i,i,0,4,1.51,1.66,150.0,ʃ,χ,0,0,0,final,1,хушши,3,ʃ,1,130.0,хуш,geminate,хушӑ,280.0
utterance_022672,chuvash_voice,тулли,7,11,3.09,3.38,4,i,i,0,4,3.28,3.38,100.0,l,ʃ,0,0,0,final,1,тулли,3,l,1,80.0,тул,geminate,тулӑ,180.0
utterance_022674,chuvash_voice,хушшинче,4,10,1.39,1.87,7,i,i,0,4,1.62,1.67,50.0,ʃ,n,0,0,0,medial,1,хушшинче,3,ʃ,1,120.0,хуш,geminate,хушӑ,170.0
utterance_022675,chuvash_voice,пуррине,5,34,1.73,2.09,6,i,i,0,4,1.9,1.94,40.0,r,n,0,0,0,medial,1,пуррине,3,r,1,60.0,пур,geminate,пурӑ,100.0
utterance_022677,chuvash_voice,пеккине,16,19,8.14,8.66,6,i,i,0,4,8.39,8.44,50.0,k,n,0,0,0,medial,1,пеккине,3,k,1,120.0,пек,geminate,пекӗ,170.0
utterance_022687,chuvash_voice,тырӑ,1,7,0.4,0.68,4,ʌ,ɵ,0,4,0.61,0.68,70.0,r,m,0,0,0,final,1,тырӑ,3,r,0,80.0,тыр,bare,тырӑ,150.0
utterance_022687,chuvash_voice,миххисене,2,7,0.68,1.24,8,i,i,0,4,0.89,0.97,80.0,χ,s,0,0,0,medial,1,миххисене,3,χ,1,80.0,мих,geminate,михӗ,160.0
utterance_022700,chuvash_voice,сассинче,2,5,0.35,1.05,7,i,i,0,4,0.63,0.7,70.0,s,n,0,0,0,medial,1,сассинче,3,s,1,110.0,сас,geminate,сасӑ,180.0
utterance_022714,chuvash_voice,хушшинче,12,23,5.63,6.26,7,i,i,0,4,5.9,5.96,60.0,ʃ,n,0,0,0,medial,1,хушшинче,3,ʃ,1,140.0,хуш,geminate,хушӑ,200.0
utterance_022740,chuvash_voice,ватӑ,4,16,1.48,1.9,4,ʌ,ɵ,0,4,1.84,1.9,60.0,t,ɕ,0,0,0,final,1,ватӑ,3,t,0,60.0,ват,bare,ватӑ,120.0
utterance_022751,chuvash_voice,туллин,20,43,11.44,11.82,5,i,i,0,4,11.69,11.78,90.0,l,n,0,0,0,medial,1,туллин,3,l,1,130.0,тул,geminate,тулӑ,220.0
utterance_022769,chuvash_voice,хушшинчен,6,11,2.1,2.72,8,i,i,0,4,2.38,2.43,50.0,ʃ,n,0,0,0,medial,1,хушшинчен,3,ʃ,1,120.0,хуш,geminate,хушӑ,170.0
utterance_022771,chuvash_voice,ҫутӑ,5,14,2.77,3.16,4,ʌ,ɵ,0,4,3.07,3.16,90.0,t,s,0,0,0,final,1,ҫутӑ,3,t,0,80.0,ҫут,bare,ҫутӑ,170.0
utterance_022778,chuvash_voice,тулли,2,7,0.75,1.03,4,i,i,0,4,0.96,1.03,70.0,l,,0,0,0,final,1,тулли,3,l,1,110.0,тул,geminate,тулӑ,180.0
utterance_022785,chuvash_voice,йытӑ,8,11,3.55,3.8,4,ʌ,ɵ,0,4,3.75,3.8,50.0,t,v,0,0,0,final,1,йытӑ,3,t,0,70.0,йыт,bare,йытӑ,120.0
utterance_022794,chuvash_voice,ватӑ,13,17,7.5,7.78,4,ʌ,ɵ,0,4,7.73,7.78,50.0,t,tʃ,0,0,0,final,1,ватӑ,3,t,0,50.0,ват,bare,ватӑ,100.0
utterance_022799,chuvash_voice,хуллен,5,7,1.88,2.32,5,e,e,0,4,2.13,2.23,100.0,l,n,0,0,0,medial,1,хуллен,3,l,1,100.0,хул,geminate,хулӑ,200.0
utterance_022800,chuvash_voice,пусса,8,11,5.6,5.99,4,ɑ,a,0,4,5.9,5.99,90.0,s,a,0,1,0,final,1,пусса,3,s,1,150.0,пус,geminate,пусӑ,240.0
utterance_022801,chuvash_voice,чӗллисем,16,19,8.11,8.69,7,i,i,0,4,8.36,8.44,80.0,l,s,0,0,0,medial,1,чӗллисем,3,l,1,70.0,чӗл,geminate,чӗлӗ,150.0
utterance_022803,chuvash_voice,хушши,3,6,0.93,1.31,4,i,i,0,4,1.22,1.31,90.0,ʃ,p,0,0,0,final,1,хушши,3,ʃ,1,160.0,хуш,geminate,хушӑ,250.0
utterance_022824,chuvash_voice,йытӑ,9,13,4.56,4.8,4,ʌ,ɵ,0,4,4.76,4.8,40.0,t,ɕ,0,0,0,final,1,йытӑ,3,t,0,90.0,йыт,bare,йытӑ,130.0
utterance_022831,chuvash_voice,шӑмми,2,3,0.79,1.15,4,i,i,0,4,1.04,1.15,110.0,m,p,0,0,0,final,1,шӑмми,3,m,1,30.0,шӑм,geminate,шӑмӑ,140.0
utterance_022855,chuvash_voice,пушӑ,2,9,1.35,1.63,4,ʌ,ɵ,0,4,1.58,1.63,50.0,ʃ,v,0,0,0,final,1,пушӑ,3,ʃ,0,70.0,пуш,bare,пушӑ,120.0
utterance_022872,chuvash_voice,кассин,6,7,2.42,2.82,5,i,i,0,4,2.69,2.79,100.0,s,n,0,0,0,medial,1,кассин,3,s,1,130.0,кас,geminate,касӑ,230.0
utterance_022885,chuvash_voice,касса,4,9,1.3,1.68,4,ɑ,a,0,4,1.59,1.68,90.0,s,s,0,0,0,final,1,касса,3,s,1,140.0,кас,geminate,касӑ,230.0
utterance_022906,chuvash_voice,шӑммисене,5,5,1.75,2.43,8,i,i,0,4,1.99,2.08,90.0,m,s,0,0,0,medial,1,шӑммисене,3,m,1,30.0,шӑм,geminate,шӑмӑ,120.0
utterance_022909,chuvash_voice,кӳлленсе,7,16,2.89,3.34,7,e,e,0,4,3.05,3.13,80.0,l,n,0,0,0,medial,1,кӳлленсе,3,l,1,40.0,кӳл,geminate,кӳлӗ,120.0
utterance_022921,chuvash_voice,хушшине,2,8,0.67,1.16,6,i,i,0,4,0.97,1.03,60.0,ʃ,n,0,0,0,medial,1,хушшине,3,ʃ,1,130.0,хуш,geminate,хушӑ,190.0
utterance_022932,chuvash_voice,сивӗ,2,11,1.18,1.62,4,ɛ,ø,0,4,1.55,1.62,70.0,v,ɕ,0,0,0,final,1,сивӗ,3,v,0,80.0,сив,bare,сивӗ,150.0
utterance_022946,chuvash_voice,миххе,4,5,2.19,2.46,4,e,e,0,4,2.39,2.46,70.0,χ,t,0,0,0,final,1,миххе,3,χ,1,120.0,мих,geminate,михӗ,190.0
utterance_022955,chuvash_voice,миххӳне,3,3,0.72,1.2,6,y,y,0,4,0.95,1.06,110.0,χ,n,0,0,0,medial,1,миххӳне,3,χ,1,90.0,мих,geminate,михӗ,200.0
utterance_022971,chuvash_voice,хушшине,5,8,1.88,2.34,6,i,i,0,4,2.16,2.2,40.0,ʃ,n,0,0,0,medial,1,хушшине,3,ʃ,1,110.0,хуш,geminate,хушӑ,150.0
utterance_023004,chuvash_voice,ҫутӑ,6,11,3.21,3.49,4,ʌ,ɵ,0,4,3.43,3.49,60.0,t,ɕ,0,0,0,final,1,ҫутӑ,3,t,0,60.0,ҫут,bare,ҫутӑ,120.0
utterance_023007,chuvash_voice,пусса,3,16,1.08,1.55,4,ɑ,a,0,4,1.4,1.55,150.0,s,,0,0,0,final,1,пусса,3,s,1,150.0,пус,geminate,пусӑ,300.0
utterance_023008,chuvash_voice,пеккисем,31,32,20.32,20.82,7,i,i,0,4,20.57,20.62,50.0,k,s,0,0,0,medial,1,пеккисем,3,k,1,110.0,пек,geminate,пекӗ,160.0
utterance_023016,chuvash_voice,ҫуррине,3,7,1.14,1.78,6,i,i,0,4,1.47,1.57,100.0,r,n,0,0,0,medial,1,ҫуррине,3,r,1,100.0,ҫур,geminate,ҫурӑ,200.0
utterance_023034,chuvash_voice,ҫыххи,8,16,3.51,3.72,4,i,i,0,4,3.67,3.72,50.0,χ,,0,0,0,final,1,ҫыххи,3,χ,1,30.0,ҫых,geminate,ҫыхӑ,80.0
utterance_023050,chuvash_voice,михӗ,11,15,5.09,5.35,4,ɛ,ø,0,4,5.28,5.35,70.0,χ,j,0,0,0,final,1,михӗ,3,χ,0,70.0,мих,bare,михӗ,140.0
utterance_023052,chuvash_voice,сӑвӑ,3,14,1.15,1.47,4,ʌ,ɵ,0,4,1.42,1.47,50.0,v,k,0,0,0,final,1,сӑвӑ,3,v,0,50.0,сӑв,bare,сӑвӑ,100.0
utterance_023053,chuvash_voice,кӗвӗ,15,16,6.8,7.1,4,ɛ,ø,0,4,7.0,7.1,100.0,v,k,0,0,0,final,1,кӗвӗ,3,v,0,60.0,кӗв,bare,кӗвӗ,160.0
utterance_023056,chuvash_voice,кассир,4,8,1.91,2.37,5,i,i,0,4,2.18,2.26,80.0,s,r,0,0,0,medial,1,кассир,3,s,1,130.0,кас,geminate,касӑ,210.0
utterance_023059,chuvash_voice,хушши,4,16,1.39,1.74,4,i,i,0,4,1.67,1.74,70.0,ʃ,t,0,0,0,final,1,хушши,3,ʃ,1,120.0,хуш,geminate,хушӑ,190.0
utterance_023066,chuvash_voice,ватӑ,1,4,0.47,0.74,4,ʌ,ɵ,0,4,0.68,0.74,60.0,t,ɕ,0,0,0,final,1,ватӑ,3,t,0,50.0,ват,bare,ватӑ,110.0
utterance_023109,chuvash_voice,хуллен,10,17,4.66,5.06,5,e,e,0,4,4.87,4.98,110.0,l,n,0,0,0,medial,1,хуллен,3,l,1,70.0,хул,geminate,хулӑ,180.0
utterance_023111,chuvash_voice,хуллен,4,6,2.56,2.95,5,e,e,0,4,2.81,2.89,80.0,l,n,0,0,0,medial,1,хуллен,3,l,1,70.0,хул,geminate,хулӑ,150.0
utterance_023124,chuvash_voice,пуллисем,6,7,2.28,2.77,7,i,i,0,4,2.48,2.54,60.0,l,s,0,0,0,medial,1,пуллисем,3,l,1,70.0,пул,geminate,пулӑ,130.0
utterance_023129,chuvash_voice,кӳлӗ,3,19,1.18,1.46,4,ɛ,ø,0,4,1.41,1.46,50.0,l,p,0,0,0,final,1,кӳлӗ,3,l,0,60.0,кӳл,bare,кӳлӗ,110.0
utterance_023151,chuvash_voice,кассан,4,9,1.58,2.04,5,ɑ,a,0,4,1.86,2.0,140.0,s,n,0,0,0,medial,1,кассан,3,s,1,150.0,кас,geminate,касӑ,290.0
utterance_023153,chuvash_voice,пеккисем,9,16,5.34,5.91,7,i,i,0,4,5.57,5.64,70.0,k,s,0,0,0,medial,1,пеккисем,3,k,1,90.0,пек,geminate,пекӗ,160.0
utterance_023163,chuvash_voice,вӗтӗ,3,19,1.22,1.52,4,ɛ,ø,0,4,1.44,1.52,80.0,t,tʃ,0,0,0,final,1,вӗтӗ,3,t,0,70.0,вӗт,bare,вӗтӗ,150.0
utterance_023163,chuvash_voice,сассисем,11,19,5.97,6.59,7,i,i,0,4,6.28,6.36,80.0,s,s,0,0,0,medial,1,сассисем,3,s,1,110.0,сас,geminate,сасӑ,190.0
utterance_023163,chuvash_voice,сасӑ,19,19,10.11,10.62,4,ʌ,ɵ,0,4,10.48,10.62,140.0,s,,0,0,0,final,1,сасӑ,3,s,0,100.0,сас,bare,сасӑ,240.0
utterance_023169,chuvash_voice,ватӑ,9,13,4.55,4.85,4,ʌ,ɵ,0,4,4.82,4.85,30.0,t,a,0,1,0,final,1,ватӑ,3,t,0,60.0,ват,bare,ватӑ,90.0
utterance_023184,chuvash_voice,хушши,15,27,6.41,6.82,4,i,i,0,4,6.75,6.82,70.0,ʃ,t,0,0,0,final,1,хушши,3,ʃ,1,140.0,хуш,geminate,хушӑ,210.0
utterance_023184,chuvash_voice,шӑммине,23,27,9.4,9.89,6,i,i,0,4,9.61,9.72,110.0,m,n,0,0,0,medial,1,шӑммине,3,m,1,30.0,шӑм,geminate,шӑмӑ,140.0
utterance_023214,chuvash_voice,хушшинче,8,12,4.23,4.88,7,i,i,0,4,4.55,4.61,60.0,ʃ,n,0,0,0,medial,1,хушшинче,3,ʃ,1,110.0,хуш,geminate,хушӑ,170.0
utterance_023225,chuvash_voice,сивӗ,4,9,1.47,1.99,4,ɛ,ø,0,4,1.84,1.99,150.0,v,a,0,1,0,final,1,сивӗ,3,v,0,60.0,сив,bare,сивӗ,210.0
utterance_023260,chuvash_voice,сасси,1,12,0.42,0.93,4,i,i,0,4,0.86,0.93,70.0,s,u,0,1,0,final,1,сасси,3,s,1,150.0,сас,geminate,сасӑ,220.0
utterance_023278,chuvash_voice,ҫуррине,4,11,2.08,2.57,6,i,i,0,4,2.37,2.43,60.0,r,n,0,0,0,medial,1,ҫуррине,3,r,1,100.0,ҫур,geminate,ҫурӑ,160.0
utterance_023280,chuvash_voice,пуррине,3,6,1.26,1.66,6,i,i,0,4,1.46,1.51,50.0,r,n,0,0,0,medial,1,пуррине,3,r,1,90.0,пур,geminate,пурӑ,140.0
utterance_023283,chuvash_voice,турра,1,18,0.45,0.8,4,ɑ,a,0,4,0.64,0.8,160.0,r,,0,0,0,final,1,турра,3,r,1,60.0,тур,geminate,турӑ,220.0
utterance_023305,chuvash_voice,туллиех,17,18,8.65,9.21,6,i,i,0,4,8.88,9.02,140.0,l,e,0,1,0,medial,1,туллиех,3,l,1,80.0,тул,geminate,тулӑ,220.0
utterance_023323,chuvash_voice,пушшех,4,7,1.49,1.93,5,e,e,0,4,1.8,1.86,60.0,ʃ,χ,0,0,0,medial,1,пушшех,3,ʃ,1,130.0,пуш,geminate,пушӑ,190.0
utterance_023346,chuvash_voice,пекки,2,4,0.54,0.86,4,i,i,0,4,0.78,0.86,80.0,k,k,0,0,0,final,1,пекки,3,k,1,120.0,пек,geminate,пекӗ,200.0
utterance_023402,chuvash_voice,ҫыхӑ,6,10,1.83,2.16,4,ʌ,ɵ,0,4,2.1,2.16,60.0,χ,ɕ,0,0,0,final,1,ҫыхӑ,3,χ,0,80.0,ҫых,bare,ҫыхӑ,140.0
utterance_023419,chuvash_voice,сиввӗн,4,33,1.65,2.27,5,ɛ,ø,0,4,1.96,2.1,140.0,v,n,0,0,0,medial,1,сиввӗн,3,v,1,30.0,сив,geminate,сивӗ,170.0
utterance_023420,chuvash_voice,хушши,6,10,2.57,3.02,4,i,i,0,4,2.89,3.02,130.0,ʃ,,0,0,0,final,1,хушши,3,ʃ,1,150.0,хуш,geminate,хушӑ,280.0
utterance_023437,chuvash_voice,вӗтӗ,6,13,2.95,3.27,4,ɛ,ø,0,4,3.2,3.27,70.0,t,v,0,0,0,final,1,вӗтӗ,3,t,0,60.0,вӗт,bare,вӗтӗ,130.0
utterance_023437,chuvash_voice,вӗтӗ,7,13,3.27,3.54,4,ɛ,ø,0,4,3.49,3.54,50.0,t,t,0,0,0,final,1,вӗтӗ,3,t,0,60.0,вӗт,bare,вӗтӗ,110.0
utterance_023437,chuvash_voice,хуппин,10,13,4.95,5.53,5,i,i,0,4,5.27,5.36,90.0,p,n,0,0,0,medial,1,хуппин,3,p,1,100.0,хуп,geminate,хупӑ,190.0
utterance_023441,chuvash_voice,сивӗ,3,6,1.08,1.43,4,ɛ,ø,0,4,1.35,1.43,80.0,v,u,0,1,0,final,1,сивӗ,3,v,0,80.0,сив,bare,сивӗ,160.0
utterance_023446,chuvash_voice,хушшипе,4,12,2.01,2.53,6,i,i,0,4,2.27,2.33,60.0,ʃ,p,0,0,0,medial,1,хушшипе,3,ʃ,1,120.0,хуш,geminate,хушӑ,180.0
utterance_023449,chuvash_voice,пеккисем,5,8,2.0,2.54,7,i,i,0,4,2.23,2.29,60.0,k,s,0,0,0,medial,1,пеккисем,3,k,1,110.0,пек,geminate,пекӗ,170.0
utterance_023465,chuvash_voice,ҫутта,5,12,2.05,2.37,4,ɑ,a,0,4,2.28,2.37,90.0,t,k,0,0,0,final,1,ҫутта,3,t,1,70.0,ҫут,geminate,ҫутӑ,160.0
utterance_023466,chuvash_voice,хушши,4,21,1.15,1.52,4,i,i,0,4,1.42,1.52,100.0,ʃ,t,0,0,0,final,1,хушши,3,ʃ,1,130.0,хуш,geminate,хушӑ,230.0
utterance_023467,chuvash_voice,ҫӗҫҫине,2,5,0.57,1.17,6,i,i,0,4,0.89,0.94,50.0,ɕ,n,0,0,0,medial,1,ҫӗҫҫине,3,ɕ,1,140.0,ҫӗҫ,geminate,ҫӗҫӗ,190.0
utterance_023484,chuvash_voice,хуппине,10,14,5.32,5.83,6,i,i,0,4,5.63,5.7,70.0,p,n,0,0,0,medial,1,хуппине,3,p,1,100.0,хуп,geminate,хупӑ,170.0
utterance_023487,chuvash_voice,пушӑ,3,9,1.63,1.92,4,ʌ,ɵ,0,4,1.85,1.92,70.0,ʃ,s,0,0,0,final,1,пушӑ,3,ʃ,0,70.0,пуш,bare,пушӑ,140.0
utterance_023488,chuvash_voice,пуллашакансем,4,22,1.02,1.72,12,ɑ,a,0,4,1.15,1.22,70.0,l,ʃ,0,0,0,medial,1,пуллашакансем,3,l,1,50.0,пул,geminate,пулӑ,120.0
utterance_023494,chuvash_voice,ваттисем,9,11,3.43,3.96,7,i,i,0,4,3.71,3.75,40.0,t,s,0,0,0,medial,1,ваттисем,3,t,1,130.0,ват,geminate,ватӑ,170.0
utterance_023507,chuvash_voice,хуллентерех,4,7,1.54,2.37,10,e,e,0,4,1.76,1.85,90.0,l,n,0,0,0,medial,1,хуллентерех,3,l,1,60.0,хул,geminate,хулӑ,150.0
utterance_023517,chuvash_voice,пушӑ,2,13,0.78,1.08,4,ʌ,ɵ,0,4,1.01,1.08,70.0,ʃ,m,0,0,0,final,1,пушӑ,3,ʃ,0,80.0,пуш,bare,пушӑ,150.0
utterance_023526,chuvash_voice,ҫурӑ,10,15,8.79,9.09,4,ʌ,ɵ,0,4,8.99,9.09,100.0,r,,0,0,0,final,1,ҫурӑ,3,r,0,30.0,ҫур,bare,ҫурӑ,130.0
utterance_023528,chuvash_voice,хушшине,15,17,6.61,7.1,6,i,i,0,4,6.91,6.95,40.0,ʃ,n,0,0,0,medial,1,хушшине,3,ʃ,1,170.0,хуш,geminate,хушӑ,210.0
utterance_023531,chuvash_voice,пеккисем,2,9,0.19,0.63,7,i,i,0,4,0.36,0.41,50.0,k,s,0,0,0,medial,1,пеккисем,3,k,1,60.0,пек,geminate,пекӗ,110.0
utterance_023561,chuvash_voice,турӑ,4,12,1.56,1.87,4,ʌ,ɵ,0,4,1.79,1.87,80.0,r,ɕ,0,0,0,final,1,турӑ,3,r,0,50.0,тур,bare,турӑ,130.0
utterance_023563,chuvash_voice,сӑввисене,5,9,1.9,2.56,8,i,i,0,4,2.11,2.22,110.0,v,s,0,0,0,medial,1,сӑввисене,3,v,1,30.0,сӑв,geminate,сӑвӑ,140.0
utterance_023574,chuvash_voice,пуррине,1,4,0.25,0.75,6,i,i,0,4,0.49,0.58,90.0,r,n,0,0,0,medial,1,пуррине,3,r,1,80.0,пур,geminate,пурӑ,170.0
utterance_023581,chuvash_voice,хушши,7,14,2.78,3.21,4,i,i,0,4,3.08,3.21,130.0,ʃ,p,0,0,0,final,1,хушши,3,ʃ,1,160.0,хуш,geminate,хушӑ,290.0
utterance_023614,chuvash_voice,хушши,3,12,0.88,1.29,4,i,i,0,4,1.2,1.29,90.0,ʃ,p,0,0,0,final,1,хушши,3,ʃ,1,130.0,хуш,geminate,хушӑ,220.0
utterance_023624,chuvash_voice,пӑтти,13,14,5.3,5.6,4,i,i,0,4,5.54,5.6,60.0,t,ɕ,0,0,0,final,1,пӑтти,3,t,1,90.0,пӑт,geminate,пӑтӑ,150.0
utterance_023630,chuvash_voice,пушӑ,5,8,1.32,1.68,4,ʌ,ɵ,0,4,1.6,1.68,80.0,ʃ,,0,0,0,final,1,пушӑ,3,ʃ,0,80.0,пуш,bare,пушӑ,160.0
utterance_023661,chuvash_voice,куллине,6,22,1.97,2.41,6,i,i,0,4,2.18,2.27,90.0,l,n,0,0,0,medial,1,куллине,3,l,1,70.0,кул,geminate,кулӑ,160.0
utterance_023661,chuvash_voice,ҫурри,17,22,8.29,8.73,4,i,i,0,4,8.64,8.73,90.0,r,t,0,0,0,final,1,ҫурри,3,r,1,80.0,ҫур,geminate,ҫурӑ,170.0
utterance_023668,chuvash_voice,сассипе,15,18,7.29,7.81,6,i,i,0,4,7.62,7.66,40.0,s,p,0,0,0,medial,1,сассипе,3,s,1,160.0,сас,geminate,сасӑ,200.0
utterance_023669,chuvash_voice,тӗссемпе,6,9,2.63,3.2,7,e,e,0,4,2.9,2.95,50.0,s,m,0,0,0,medial,1,тӗссемпе,3,s,1,150.0,тӗс,geminate,тӗсӗ,200.0
utterance_023672,chuvash_voice,хушши,6,9,2.31,2.69,4,i,i,0,4,2.58,2.69,110.0,ʃ,k,0,0,0,final,1,хушши,3,ʃ,1,130.0,хуш,geminate,хушӑ,240.0
utterance_023694,chuvash_voice,туллиех,12,13,8.84,9.37,6,i,i,0,4,9.05,9.17,120.0,l,e,0,1,0,medial,1,туллиех,3,l,1,70.0,тул,geminate,тулӑ,190.0
utterance_023701,chuvash_voice,сасӑ,2,4,0.74,1.08,4,ʌ,ɵ,0,4,1.05,1.08,30.0,s,i,0,1,0,final,1,сасӑ,3,s,0,90.0,сас,bare,сасӑ,120.0
utterance_023739,chuvash_voice,сулласа,15,17,9.49,10.06,6,ɑ,a,0,4,9.74,9.82,80.0,l,s,0,0,0,medial,1,сулласа,3,l,1,110.0,сул,geminate,сулӑ,190.0
utterance_023741,chuvash_voice,ватӑ,1,20,0.37,0.66,4,ʌ,ɵ,0,4,0.61,0.66,50.0,t,ɕ,0,0,0,final,1,ватӑ,3,t,0,50.0,ват,bare,ватӑ,100.0
utterance_023767,chuvash_voice,вулли,6,15,2.29,2.6,4,i,i,0,4,2.51,2.6,90.0,l,t,0,0,0,final,1,вулли,3,l,1,60.0,вул,geminate,вулӑ,150.0
utterance_023776,chuvash_voice,хушшинчи,20,32,10.58,11.22,7,i,i,0,4,10.86,10.92,60.0,ʃ,n,0,0,0,medial,1,хушшинчи,3,ʃ,1,140.0,хуш,geminate,хушӑ,200.0
utterance_023781,chuvash_voice,хушшинче,10,13,5.98,6.41,7,i,i,0,4,6.2,6.24,40.0,ʃ,n,0,0,0,medial,1,хушшинче,3,ʃ,1,130.0,хуш,geminate,хушӑ,170.0
utterance_023782,chuvash_voice,ҫутӑ,7,9,2.71,3.08,4,ʌ,ɵ,0,4,2.99,3.08,90.0,t,j,0,0,0,final,1,ҫутӑ,3,t,0,80.0,ҫут,bare,ҫутӑ,170.0
utterance_023806,chuvash_voice,хуллен,2,4,1.37,1.74,5,e,e,0,4,1.57,1.67,100.0,l,n,0,0,0,medial,1,хуллен,3,l,1,90.0,хул,geminate,хулӑ,190.0
utterance_023826,chuvash_voice,хушши,43,47,21.27,21.74,4,i,i,0,4,21.6,21.74,140.0,ʃ,,0,0,0,final,1,хушши,3,ʃ,1,140.0,хуш,geminate,хушӑ,280.0
utterance_023847,chuvash_voice,ҫурӑ,12,14,6.29,6.61,4,ʌ,ɵ,0,4,6.53,6.61,80.0,r,ɕ,0,0,0,final,1,ҫурӑ,3,r,0,40.0,ҫур,bare,ҫурӑ,120.0
utterance_023853,chuvash_voice,кӗвви,18,18,14.5,14.69,4,i,i,0,4,14.61,14.69,80.0,v,,0,0,0,final,1,кӗвви,3,v,1,30.0,кӗв,geminate,кӗвӗ,110.0
utterance_023860,chuvash_voice,сассисем,4,6,1.69,2.3,7,i,i,0,4,1.98,2.03,50.0,s,s,0,0,0,medial,1,сассисем,3,s,1,120.0,сас,geminate,сасӑ,170.0
utterance_023898,chuvash_voice,сасси,5,5,2.37,2.82,4,i,i,0,4,2.69,2.82,130.0,s,,0,0,0,final,1,сасси,3,s,1,160.0,сас,geminate,сасӑ,290.0
utterance_023909,chuvash_voice,ватти,2,9,1.08,1.46,4,i,i,0,4,1.31,1.46,150.0,t,o,0,1,0,final,1,ватти,3,t,1,110.0,ват,geminate,ватӑ,260.0
utterance_023917,chuvash_voice,хуллен,22,24,11.14,11.51,5,e,e,0,4,11.4,11.48,80.0,l,n,0,0,0,medial,1,хуллен,3,l,1,90.0,хул,geminate,хулӑ,170.0
utterance_023950,chuvash_voice,сивӗ,7,8,3.8,4.15,4,ɛ,ø,0,4,4.07,4.15,80.0,v,t,0,0,0,final,1,сивӗ,3,v,0,40.0,сив,bare,сивӗ,120.0
utterance_023953,chuvash_voice,пусӑ,6,13,2.79,3.17,4,ʌ,ɵ,0,4,3.13,3.17,40.0,s,ɕ,0,0,0,final,1,пусӑ,3,s,0,100.0,пус,bare,пусӑ,140.0
utterance_023974,chuvash_voice,хуллен,2,9,0.63,1.03,5,e,e,0,4,0.89,0.97,80.0,l,n,0,0,0,medial,1,хуллен,3,l,1,60.0,хул,geminate,хулӑ,140.0
utterance_023981,chuvash_voice,хушши,3,7,0.84,1.21,4,i,i,0,4,1.14,1.21,70.0,ʃ,p,0,0,0,final,1,хушши,3,ʃ,1,130.0,хуш,geminate,хушӑ,200.0
utterance_024000,chuvash_voice,пушшех,3,9,1.06,1.58,5,e,e,0,4,1.43,1.51,80.0,ʃ,χ,0,0,0,medial,1,пушшех,3,ʃ,1,150.0,пуш,geminate,пушӑ,230.0
utterance_024026,chuvash_voice,хушшинче,4,18,1.44,1.93,7,i,i,0,4,1.67,1.73,60.0,ʃ,n,0,0,0,medial,1,хушшинче,3,ʃ,1,120.0,хуш,geminate,хушӑ,180.0
utterance_024044,chuvash_voice,сасси,3,4,1.17,1.51,4,i,i,0,4,1.47,1.51,40.0,s,i,0,1,0,final,1,сасси,3,s,1,130.0,сас,geminate,сасӑ,170.0
utterance_024053,chuvash_voice,ҫурӑ,4,10,1.38,1.63,4,ʌ,ɵ,0,4,1.58,1.63,50.0,r,χ,0,0,0,final,1,ҫурӑ,3,r,0,50.0,ҫур,bare,ҫурӑ,100.0
utterance_024053,chuvash_voice,хушшинче,5,10,1.63,2.27,7,i,i,0,4,1.89,1.95,60.0,ʃ,n,0,0,0,medial,1,хушшинче,3,ʃ,1,130.0,хуш,geminate,хушӑ,190.0
utterance_024080,chuvash_voice,сӑвӑ,2,7,0.99,1.42,4,ʌ,ɵ,0,4,1.32,1.42,100.0,v,k,0,0,0,final,1,сӑвӑ,3,v,0,60.0,сӑв,bare,сӑвӑ,160.0
utterance_024088,chuvash_voice,пуррине,2,4,0.59,0.98,6,i,i,0,4,0.79,0.85,60.0,r,n,0,0,0,medial,1,пуррине,3,r,1,80.0,пур,geminate,пурӑ,140.0
utterance_024124,chuvash_voice,сивӗ,7,13,3.98,4.39,4,ɛ,ø,0,4,4.32,4.39,70.0,v,ɕ,0,0,0,final,1,сивӗ,3,v,0,80.0,сив,bare,сивӗ,150.0
utterance_024127,chuvash_voice,вулли,5,8,2.31,2.57,4,i,i,0,4,2.48,2.57,90.0,l,ɕ,0,0,0,final,1,вулли,3,l,1,60.0,вул,geminate,вулӑ,150.0
utterance_024140,chuvash_voice,хушшине,10,12,3.91,4.33,6,i,i,0,4,4.15,4.23,80.0,ʃ,n,0,0,0,medial,1,хушшине,3,ʃ,1,120.0,хуш,geminate,хушӑ,200.0
utterance_024144,chuvash_voice,ваттисен,6,19,1.97,2.62,7,i,i,0,4,2.22,2.28,60.0,t,s,0,0,0,medial,1,ваттисен,3,t,1,70.0,ват,geminate,ватӑ,130.0
utterance_024160,chuvash_voice,хушшинче,2,7,0.68,1.32,7,i,i,0,4,0.95,1.01,60.0,ʃ,n,0,0,0,medial,1,хушшинче,3,ʃ,1,120.0,хуш,geminate,хушӑ,180.0
utterance_024162,chuvash_voice,кӗлӗ,3,6,0.59,0.87,4,ɛ,ø,0,4,0.8,0.87,70.0,l,s,0,0,0,final,1,кӗлӗ,3,l,0,60.0,кӗл,bare,кӗлӗ,130.0
utterance_024177,chuvash_voice,ташӑ,2,4,0.85,1.19,4,ʌ,ɵ,0,4,1.11,1.19,80.0,ʃ,v,0,0,0,final,1,ташӑ,3,ʃ,0,100.0,таш,bare,ташӑ,180.0
utterance_024177,chuvash_voice,вӑйӑ,3,4,1.19,1.52,4,ʌ,ɵ,0,4,1.44,1.52,80.0,j,p,0,0,0,final,1,вӑйӑ,3,j,0,70.0,вӑй,bare,вӑйӑ,150.0
utterance_024201,chuvash_voice,ҫутӑ,9,10,3.87,4.2,4,ʌ,ɵ,0,4,4.15,4.2,50.0,t,y,0,1,0,final,1,ҫутӑ,3,t,0,70.0,ҫут,bare,ҫутӑ,120.0
utterance_024209,chuvash_voice,хушшинче,6,25,2.81,3.3,7,i,i,0,4,3.05,3.1,50.0,ʃ,n,0,0,0,medial,1,хушшинче,3,ʃ,1,120.0,хуш,geminate,хушӑ,170.0
utterance_024209,chuvash_voice,ҫӗҫӗ,10,25,4.97,5.33,4,ɛ,ø,0,4,5.27,5.33,60.0,ɕ,a,0,1,0,final,1,ҫӗҫӗ,3,ɕ,0,90.0,ҫӗҫ,bare,ҫӗҫӗ,150.0
utterance_024253,chuvash_voice,михӗ,5,8,2.59,2.92,4,ɛ,ø,0,4,2.85,2.92,70.0,χ,v,0,0,0,final,1,михӗ,3,χ,0,80.0,мих,bare,михӗ,150.0
utterance_024268,chuvash_voice,хушшине,8,13,2.95,3.43,6,i,i,0,4,3.24,3.3,60.0,ʃ,n,0,0,0,medial,1,хушшине,3,ʃ,1,120.0,хуш,geminate,хушӑ,180.0
utterance_024276,chuvash_voice,сасӑ,3,11,1.3,1.53,4,ʌ,ɵ,0,4,1.49,1.53,40.0,s,p,0,0,0,final,1,сасӑ,3,s,0,60.0,сас,bare,сасӑ,100.0
utterance_024278,chuvash_voice,пусса,7,8,2.99,3.32,4,ɑ,a,0,4,3.24,3.32,80.0,s,p,0,0,0,final,1,пусса,3,s,1,130.0,пус,geminate,пусӑ,210.0
utterance_024281,chuvash_voice,тулли,9,20,4.28,4.6,4,i,i,0,4,4.51,4.6,90.0,l,,0,0,0,final,1,тулли,3,l,1,100.0,тул,geminate,тулӑ,190.0
utterance_024285,chuvash_voice,сивӗ,4,8,1.43,1.79,4,ɛ,ø,0,4,1.71,1.79,80.0,v,t,0,0,0,final,1,сивӗ,3,v,0,70.0,сив,bare,сивӗ,150.0
utterance_024297,chuvash_voice,касса,6,7,2.3,2.65,4,ɑ,a,0,4,2.57,2.65,80.0,s,χ,0,0,0,final,1,касса,3,s,1,110.0,кас,geminate,касӑ,190.0
utterance_024303,chuvash_voice,кӗвӗ,2,4,0.77,1.1,4,ɛ,ø,0,4,1.04,1.1,60.0,v,s,0,0,0,final,1,кӗвӗ,3,v,0,80.0,кӗв,bare,кӗвӗ,140.0
utterance_024308,chuvash_voice,хушшине,18,31,8.21,8.72,6,i,i,0,4,8.47,8.52,50.0,ʃ,n,0,0,0,medial,1,хушшине,3,ʃ,1,140.0,хуш,geminate,хушӑ,190.0
utterance_024308,chuvash_voice,шӑмми,20,31,9.13,9.49,4,i,i,0,4,9.38,9.49,110.0,m,tʃ,0,0,0,final,1,шӑмми,3,m,1,80.0,шӑм,geminate,шӑмӑ,190.0
utterance_024338,chuvash_voice,ташшипе,11,17,5.53,6.05,6,i,i,0,4,5.81,5.86,50.0,ʃ,p,0,0,0,medial,1,ташшипе,3,ʃ,1,130.0,таш,geminate,ташӑ,180.0
utterance_024363,chuvash_voice,туллиех,5,5,1.76,2.94,6,i,i,0,4,2.0,2.13,130.0,l,e,0,1,0,medial,1,туллиех,3,l,1,140.0,тул,geminate,тулӑ,270.0
utterance_024365,chuvash_voice,хушши,3,8,1.03,1.44,4,i,i,0,4,1.37,1.44,70.0,ʃ,v,0,0,0,final,1,хушши,3,ʃ,1,150.0,хуш,geminate,хушӑ,220.0
utterance_024369,chuvash_voice,турра,2,7,0.7,1.02,4,ɑ,a,0,4,0.89,1.02,130.0,r,k,0,0,0,final,1,турра,3,r,1,30.0,тур,geminate,турӑ,160.0
utterance_024373,chuvash_voice,хушшипе,11,15,4.8,5.32,6,i,i,0,4,5.09,5.14,50.0,ʃ,p,0,0,0,medial,1,хушшипе,3,ʃ,1,140.0,хуш,geminate,хушӑ,190.0
utterance_024392,chuvash_voice,туллиех,4,14,1.31,1.77,6,i,i,0,4,1.53,1.6,70.0,l,e,0,1,0,medial,1,туллиех,3,l,1,100.0,тул,geminate,тулӑ,170.0
utterance_024416,chuvash_voice,сулла,12,17,8.02,8.37,4,ɑ,a,0,4,8.26,8.37,110.0,l,s,0,0,0,final,1,сулла,3,l,1,100.0,сул,geminate,сулӑ,210.0
utterance_024455,chuvash_voice,турра,14,16,5.56,5.91,4,ɑ,a,0,4,5.76,5.91,150.0,r,k,0,0,0,final,1,турра,3,r,1,90.0,тур,geminate,турӑ,240.0
utterance_024461,chuvash_voice,пушӑ,17,18,7.76,8.11,4,ʌ,ɵ,0,4,8.05,8.11,60.0,ʃ,t,0,0,0,final,1,пушӑ,3,ʃ,0,80.0,пуш,bare,пушӑ,140.0
utterance_024465,chuvash_voice,хуллен,2,6,0.75,1.23,5,e,e,0,4,1.06,1.16,100.0,l,n,0,0,0,medial,1,хуллен,3,l,1,120.0,хул,geminate,хулӑ,220.0
utterance_024469,chuvash_voice,ҫыххи,5,9,1.93,2.32,4,i,i,0,4,2.23,2.32,90.0,χ,ɕ,0,0,0,final,1,ҫыххи,3,χ,1,150.0,ҫых,geminate,ҫыхӑ,240.0
utterance_024471,chuvash_voice,туллин,10,19,4.38,4.8,5,i,i,0,4,4.58,4.61,30.0,l,n,0,0,0,medial,1,туллин,3,l,1,30.0,тул,geminate,тулӑ,60.0
utterance_024480,chuvash_voice,сӑрӑ,1,7,0.78,1.15,4,ʌ,ɵ,0,4,1.06,1.15,90.0,r,χ,0,0,0,final,1,сӑрӑ,3,r,0,50.0,сӑр,bare,сӑрӑ,140.0
utterance_024482,chuvash_voice,ҫутӑ,11,14,4.1,4.45,4,ʌ,ɵ,0,4,4.42,4.45,30.0,t,j,0,0,0,final,1,ҫутӑ,3,t,0,60.0,ҫут,bare,ҫутӑ,90.0
utterance_024498,chuvash_voice,хушшинче,3,7,1.02,1.62,7,i,i,0,4,1.31,1.37,60.0,ʃ,n,0,0,0,medial,1,хушшинче,3,ʃ,1,140.0,хуш,geminate,хушӑ,200.0
utterance_024500,chuvash_voice,хушшинчен,3,6,1.41,2.05,8,i,i,0,4,1.72,1.77,50.0,ʃ,n,0,0,0,medial,1,хушшинчен,3,ʃ,1,130.0,хуш,geminate,хушӑ,180.0
utterance_024501,chuvash_voice,хушшине,5,6,1.69,2.19,6,i,i,0,4,1.98,2.02,40.0,ʃ,n,0,0,0,medial,1,хушшине,3,ʃ,1,120.0,хуш,geminate,хушӑ,160.0
utterance_024502,chuvash_voice,ҫаннинчен,13,15,6.94,7.57,8,i,i,0,4,7.23,7.32,90.0,n,n,0,0,0,medial,1,ҫаннинчен,3,n,1,30.0,ҫан,geminate,ҫанӑ,120.0
utterance_024508,chuvash_voice,вулӑ,3,18,1.72,2.03,4,ʌ,ɵ,0,4,1.98,2.03,50.0,l,ɕ,0,0,0,final,1,вулӑ,3,l,0,110.0,вул,bare,вулӑ,160.0
utterance_024524,chuvash_voice,хушшинче,12,19,5.14,5.67,7,i,i,0,4,5.4,5.44,40.0,ʃ,n,0,0,0,medial,1,хушшинче,3,ʃ,1,130.0,хуш,geminate,хушӑ,170.0
utterance_024525,chuvash_voice,пушшех,8,15,3.65,4.11,5,e,e,0,4,3.99,4.07,80.0,ʃ,χ,0,0,0,medial,1,пушшех,3,ʃ,1,130.0,пуш,geminate,пушӑ,210.0
utterance_024526,chuvash_voice,тулли,2,5,1.04,1.4,4,i,i,0,4,1.31,1.4,90.0,l,χ,0,0,0,final,1,тулли,3,l,1,100.0,тул,geminate,тулӑ,190.0
utterance_024553,chuvash_voice,хушшинче,2,8,0.54,1.21,7,i,i,0,4,0.84,0.91,70.0,ʃ,n,0,0,0,medial,1,хушшинче,3,ʃ,1,120.0,хуш,geminate,хушӑ,190.0
utterance_024559,chuvash_voice,пӗкӗ,4,4,1.62,2.0,4,ɛ,ø,0,4,1.87,2.0,130.0,k,,0,0,0,final,1,пӗкӗ,3,k,0,70.0,пӗк,bare,пӗкӗ,200.0
utterance_024565,chuvash_voice,ватӑ,6,8,2.99,3.3,4,ʌ,ɵ,0,4,3.25,3.3,50.0,t,tʃ,0,0,0,final,1,ватӑ,3,t,0,70.0,ват,bare,ватӑ,120.0
utterance_024592,chuvash_voice,ватӑ,14,17,7.48,7.74,4,ʌ,ɵ,0,4,7.7,7.74,40.0,t,ɕ,0,0,0,final,1,ватӑ,3,t,0,60.0,ват,bare,ватӑ,100.0
utterance_024601,chuvash_voice,пекки,12,24,5.35,5.69,4,i,i,0,4,5.58,5.69,110.0,k,tʃ,0,0,0,final,1,пекки,3,k,1,100.0,пек,geminate,пекӗ,210.0
utterance_024614,chuvash_voice,хуллен,3,8,1.47,1.95,5,e,e,0,4,1.77,1.87,100.0,l,n,0,0,0,medial,1,хуллен,3,l,1,110.0,хул,geminate,хулӑ,210.0
utterance_024622,chuvash_voice,пушшех,3,7,1.01,1.5,5,e,e,0,4,1.31,1.4,90.0,ʃ,χ,0,0,0,medial,1,пушшех,3,ʃ,1,150.0,пуш,geminate,пушӑ,240.0
utterance_024639,chuvash_voice,хушшинче,3,24,1.63,2.18,7,i,i,0,4,1.93,1.99,60.0,ʃ,n,0,0,0,medial,1,хушшинче,3,ʃ,1,130.0,хуш,geminate,хушӑ,190.0
utterance_024646,chuvash_voice,пусса,8,9,3.77,4.02,4,ɑ,a,0,4,3.96,4.02,60.0,s,ɕ,0,0,0,final,1,пусса,3,s,1,100.0,пус,geminate,пусӑ,160.0
utterance_024667,chuvash_voice,сӑвӑ,3,6,0.73,1.09,4,ʌ,ɵ,0,4,1.01,1.09,80.0,v,k,0,0,0,final,1,сӑвӑ,3,v,0,50.0,сӑв,bare,сӑвӑ,130.0
utterance_024714,chuvash_voice,михӗ,4,14,2.13,2.37,4,ɛ,ø,0,4,2.27,2.37,100.0,χ,a,0,1,0,final,1,михӗ,3,χ,0,50.0,мих,bare,михӗ,150.0
utterance_024714,chuvash_voice,сулланкаласа,6,14,3.02,3.85,11,ɑ,a,0,4,3.22,3.34,120.0,l,n,0,0,0,medial,1,сулланкаласа,3,l,1,40.0,сул,geminate,сулӑ,160.0
utterance_024719,chuvash_voice,ташӑ,2,5,0.42,0.75,4,ʌ,ɵ,0,4,0.68,0.75,70.0,ʃ,m,0,0,0,final,1,ташӑ,3,ʃ,0,90.0,таш,bare,ташӑ,160.0
utterance_024719,chuvash_voice,кӗвве,4,5,0.97,1.28,4,e,e,0,4,1.12,1.28,160.0,v,l,0,0,0,final,1,кӗвве,3,v,1,30.0,кӗв,geminate,кӗвӗ,190.0
utterance_024759,chuvash_voice,ҫурӑ,3,8,0.86,1.26,4,ʌ,ɵ,0,4,1.13,1.26,130.0,r,k,0,0,0,final,1,ҫурӑ,3,r,0,40.0,ҫур,bare,ҫурӑ,170.0
utterance_024761,chuvash_voice,ҫутта,2,7,1.01,1.41,4,ɑ,a,0,4,1.34,1.41,70.0,t,,0,0,0,final,1,ҫутта,3,t,1,90.0,ҫут,geminate,ҫутӑ,160.0
utterance_024764,chuvash_voice,вулӑ,10,13,5.16,5.43,4,ʌ,ɵ,0,4,5.37,5.43,60.0,l,ɕ,0,0,0,final,1,вулӑ,3,l,0,60.0,вул,bare,вулӑ,120.0
utterance_024767,chuvash_voice,хушшине,2,8,1.03,1.48,6,i,i,0,4,1.28,1.35,70.0,ʃ,n,0,0,0,medial,1,хушшине,3,ʃ,1,130.0,хуш,geminate,хушӑ,200.0
utterance_024776,chuvash_voice,сассипе,20,23,9.18,9.68,6,i,i,0,4,9.47,9.53,60.0,s,p,0,0,0,medial,1,сассипе,3,s,1,130.0,сас,geminate,сасӑ,190.0
utterance_024793,chuvash_voice,хушшинчен,2,7,1.02,1.67,8,i,i,0,4,1.27,1.35,80.0,ʃ,n,0,0,0,medial,1,хушшинчен,3,ʃ,1,120.0,хуш,geminate,хушӑ,200.0
utterance_024794,chuvash_voice,пеккисене,6,10,2.59,3.23,8,i,i,0,4,2.81,2.87,60.0,k,s,0,0,0,medial,1,пеккисене,3,k,1,110.0,пек,geminate,пекӗ,170.0
utterance_024840,chuvash_voice,хуллентерех,1,2,0.14,1.04,10,e,e,0,4,0.5,0.57,70.0,l,n,0,0,0,medial,1,хуллентерех,3,l,1,70.0,хул,geminate,хулӑ,140.0
utterance_024841,chuvash_voice,сасӑ,6,7,3.38,3.76,4,ʌ,ɵ,0,4,3.68,3.76,80.0,s,χ,0,0,0,final,1,сасӑ,3,s,0,70.0,сас,bare,сасӑ,150.0
utterance_024850,chuvash_voice,хушши,3,8,1.31,1.71,4,i,i,0,4,1.63,1.71,80.0,ʃ,v,0,0,0,final,1,хушши,3,ʃ,1,140.0,хуш,geminate,хушӑ,220.0
utterance_024850,chuvash_voice,хушшинче,6,8,2.69,3.22,7,i,i,0,4,2.95,3.0,50.0,ʃ,n,0,0,0,medial,1,хушшинче,3,ʃ,1,140.0,хуш,geminate,хушӑ,190.0
utterance_024874,chuvash_voice,турра,14,30,7.44,7.79,4,ɑ,a,0,4,7.66,7.79,130.0,r,ø,0,1,0,final,1,турра,3,r,1,100.0,тур,geminate,турӑ,230.0
utterance_024874,chuvash_voice,ватӑ,16,30,8.36,8.66,4,ʌ,ɵ,0,4,8.6,8.66,60.0,t,χ,0,0,0,final,1,ватӑ,3,t,0,50.0,ват,bare,ватӑ,110.0
utterance_024877,chuvash_voice,тулли,3,6,1.62,1.91,4,i,i,0,4,1.85,1.91,60.0,l,,0,0,0,final,1,тулли,3,l,1,130.0,тул,geminate,тулӑ,190.0
utterance_024883,chuvash_voice,сулӑ,4,7,2.27,2.62,4,ʌ,ɵ,0,4,2.57,2.62,50.0,l,χ,0,0,0,final,1,сулӑ,3,l,0,140.0,сул,bare,сулӑ,190.0
utterance_024883,chuvash_voice,хуллен,5,7,2.62,3.13,5,e,e,0,4,2.94,3.07,130.0,l,n,0,0,0,medial,1,хуллен,3,l,1,110.0,хул,geminate,хулӑ,240.0
utterance_024900,chuvash_voice,кулли,3,7,1.12,1.54,4,i,i,0,4,1.39,1.54,150.0,l,,0,0,0,final,1,кулли,3,l,1,150.0,кул,geminate,кулӑ,300.0
utterance_024916,chuvash_voice,хушшине,8,12,3.66,4.2,6,i,i,0,4,3.98,4.04,60.0,ʃ,n,0,0,0,medial,1,хушшине,3,ʃ,1,130.0,хуш,geminate,хушӑ,190.0
utterance_024919,chuvash_voice,кӗвӗ,10,16,4.49,4.8,4,ɛ,ø,0,4,4.73,4.8,70.0,v,ɕ,0,0,0,final,1,кӗвӗ,3,v,0,70.0,кӗв,bare,кӗвӗ,140.0
utterance_024919,chuvash_voice,ҫеммипе,11,16,4.8,5.32,6,i,i,0,4,5.06,5.17,110.0,m,p,0,0,0,medial,1,ҫеммипе,3,m,1,40.0,ҫем,geminate,ҫемӗ,150.0
utterance_024928,chuvash_voice,хушшинче,3,14,0.53,1.13,7,i,i,0,4,0.8,0.86,60.0,ʃ,n,0,0,0,medial,1,хушшинче,3,ʃ,1,130.0,хуш,geminate,хушӑ,190.0
utterance_024942,chuvash_voice,хушӑ,3,19,0.97,1.32,4,ʌ,ɵ,0,4,1.27,1.32,50.0,ʃ,,0,0,0,final,1,хушӑ,3,ʃ,0,90.0,хуш,bare,хушӑ,140.0
utterance_024943,chuvash_voice,сасси,3,21,1.19,1.48,4,i,i,0,4,1.44,1.48,40.0,s,i,0,1,0,final,1,сасси,3,s,1,110.0,сас,geminate,сасӑ,150.0
utterance_024959,chuvash_voice,сулланса,34,40,22.64,23.11,7,ɑ,a,0,4,22.82,22.93,110.0,l,n,0,0,0,medial,1,сулланса,3,l,1,80.0,сул,geminate,сулӑ,190.0
utterance_024960,chuvash_voice,тырӑ,9,16,4.67,4.91,4,ʌ,ɵ,0,4,4.87,4.91,40.0,r,j,0,0,0,final,1,тырӑ,3,r,0,60.0,тыр,bare,тырӑ,100.0
utterance_024971,chuvash_voice,тулли,13,24,5.68,6.09,4,i,i,0,4,5.96,6.09,130.0,l,s,0,0,0,final,1,тулли,3,l,1,70.0,тул,geminate,тулӑ,200.0
utterance_024981,chuvash_voice,тырӑ,3,8,0.95,1.28,4,ʌ,ɵ,0,4,1.21,1.28,70.0,r,t,0,0,0,final,1,тырӑ,3,r,0,80.0,тыр,bare,тырӑ,150.0
utterance_024982,chuvash_voice,турра,3,6,0.82,1.11,4,ɑ,a,0,4,1.01,1.11,100.0,r,t,0,0,0,final,1,турра,3,r,1,70.0,тур,geminate,турӑ,170.0
utterance_025003,chuvash_voice,тырра,4,13,2.0,2.41,4,ɑ,a,0,4,2.24,2.41,170.0,r,,0,0,0,final,1,тырра,3,r,1,50.0,тыр,geminate,тырӑ,220.0
utterance_025008,chuvash_voice,сасси,4,8,1.61,2.02,4,i,i,0,4,1.92,2.02,100.0,s,χ,0,0,0,final,1,сасси,3,s,1,140.0,сас,geminate,сасӑ,240.0
utterance_025011,chuvash_voice,туллине,1,8,0.25,0.85,6,i,i,0,4,0.47,0.56,90.0,l,n,0,0,0,medial,1,туллине,3,l,1,130.0,тул,geminate,тулӑ,220.0
utterance_025011,chuvash_voice,пусӑ,5,8,2.14,2.56,4,ʌ,ɵ,0,4,2.47,2.56,90.0,s,ʃ,0,0,0,final,1,пусӑ,3,s,0,60.0,пус,bare,пусӑ,150.0
utterance_025021,chuvash_voice,сасси,5,9,2.17,2.58,4,i,i,0,4,2.48,2.58,100.0,s,t,0,0,0,final,1,сасси,3,s,1,130.0,сас,geminate,сасӑ,230.0
utterance_025044,chuvash_voice,тырӑ,3,3,1.17,1.46,4,ʌ,ɵ,0,4,1.37,1.46,90.0,r,,0,0,0,final,1,тырӑ,3,r,0,60.0,тыр,bare,тырӑ,150.0
utterance_025048,chuvash_voice,хушшине,2,10,0.42,0.79,6,i,i,0,4,0.64,0.67,30.0,ʃ,n,0,0,0,medial,1,хушшине,3,ʃ,1,90.0,хуш,geminate,хушӑ,120.0
utterance_025078,chuvash_voice,хушшинче,8,19,3.3,3.91,7,i,i,0,4,3.6,3.66,60.0,ʃ,n,0,0,0,medial,1,хушшинче,3,ʃ,1,110.0,хуш,geminate,хушӑ,170.0
utterance_025105,chuvash_voice,хушшине,3,4,1.42,1.87,6,i,i,0,4,1.71,1.76,50.0,ʃ,n,0,0,0,medial,1,хушшине,3,ʃ,1,130.0,хуш,geminate,хушӑ,180.0
utterance_025108,chuvash_voice,сӑвӑ,1,6,0.23,0.61,4,ʌ,ɵ,0,4,0.54,0.61,70.0,v,ɕ,0,0,0,final,1,сӑвӑ,3,v,0,80.0,сӑв,bare,сӑвӑ,150.0
utterance_025111,chuvash_voice,пуххине,12,13,5.2,5.66,6,i,i,0,4,5.48,5.54,60.0,χ,n,0,0,0,medial,1,пуххине,3,χ,1,40.0,пух,geminate,пухӑ,100.0
utterance_025127,chuvash_voice,тӗррин,2,5,0.63,1.15,5,i,i,0,4,0.93,1.12,190.0,r,n,0,0,0,medial,1,тӗррин,3,r,1,130.0,тӗр,geminate,тӗрӗ,320.0
utterance_025136,chuvash_voice,хушшинче,5,9,1.81,2.26,7,i,i,0,4,2.0,2.05,50.0,ʃ,n,0,0,0,medial,1,хушшинче,3,ʃ,1,110.0,хуш,geminate,хушӑ,160.0
utterance_025168,chuvash_voice,пеккине,2,6,0.32,0.78,6,i,i,0,4,0.57,0.64,70.0,k,n,0,0,0,medial,1,пеккине,3,k,1,110.0,пек,geminate,пекӗ,180.0
utterance_025173,chuvash_voice,ҫурран,2,9,0.77,1.33,5,ɑ,a,0,4,1.04,1.19,150.0,r,n,0,0,0,medial,1,ҫурран,3,r,1,30.0,ҫур,geminate,ҫурӑ,180.0
utterance_025181,chuvash_voice,сассине,4,13,2.8,3.34,6,i,i,0,4,3.13,3.21,80.0,s,n,0,0,0,medial,1,сассине,3,s,1,130.0,сас,geminate,сасӑ,210.0
utterance_025183,chuvash_voice,хушшинче,3,15,1.16,1.82,7,i,i,0,4,1.47,1.53,60.0,ʃ,n,0,0,0,medial,1,хушшинче,3,ʃ,1,130.0,хуш,geminate,хушӑ,190.0
utterance_025208,chuvash_voice,пусса,7,24,3.88,4.21,4,ɑ,a,0,4,4.11,4.21,100.0,s,i,0,1,0,final,1,пусса,3,s,1,140.0,пус,geminate,пусӑ,240.0
utterance_025212,chuvash_voice,кӗввипе,5,8,2.35,2.61,6,i,i,0,4,2.49,2.52,30.0,v,p,0,0,0,medial,1,кӗввипе,3,v,1,30.0,кӗв,geminate,кӗвӗ,60.0
utterance_025212,chuvash_voice,ташшипе,6,8,2.61,3.16,6,i,i,0,4,2.95,2.99,40.0,ʃ,p,0,0,0,medial,1,ташшипе,3,ʃ,1,200.0,таш,geminate,ташӑ,240.0
utterance_025238,chuvash_voice,тырӑ,4,5,1.2,1.46,4,ʌ,ɵ,0,4,1.41,1.46,50.0,r,ɕ,0,0,0,final,1,тырӑ,3,r,0,50.0,тыр,bare,тырӑ,100.0
utterance_025242,chuvash_voice,ваттине,6,6,3.46,3.94,6,i,i,0,4,3.72,3.79,70.0,t,n,0,0,0,medial,1,ваттине,3,t,1,110.0,ват,geminate,ватӑ,180.0
utterance_025258,chuvash_voice,ҫутта,8,14,3.97,4.38,4,ɑ,a,0,4,4.29,4.38,90.0,t,t,0,0,0,final,1,ҫутта,3,t,1,80.0,ҫут,geminate,ҫутӑ,170.0
utterance_025277,chuvash_voice,сасӑ,1,6,0.16,0.55,4,ʌ,ɵ,0,4,0.49,0.55,60.0,s,,0,0,0,final,1,сасӑ,3,s,0,60.0,сас,bare,сасӑ,120.0
utterance_025281,chuvash_voice,вуллине,10,15,4.83,5.28,6,i,i,0,4,5.04,5.1,60.0,l,n,0,0,0,medial,1,вуллине,3,l,1,80.0,вул,geminate,вулӑ,140.0
utterance_025291,chuvash_voice,сивӗ,6,8,1.98,2.34,4,ɛ,ø,0,4,2.27,2.34,70.0,v,ʃ,0,0,0,final,1,сивӗ,3,v,0,80.0,сив,bare,сивӗ,150.0
utterance_025295,chuvash_voice,касса,2,3,0.77,1.13,4,ɑ,a,0,4,1.05,1.13,80.0,s,t,0,0,0,final,1,касса,3,s,1,140.0,кас,geminate,касӑ,220.0
utterance_025298,chuvash_voice,кӗвӗ,4,9,1.83,2.14,4,ɛ,ø,0,4,2.07,2.14,70.0,v,k,0,0,0,final,1,кӗвӗ,3,v,0,60.0,кӗв,bare,кӗвӗ,130.0
utterance_025303,chuvash_voice,хуллентереххӗн,6,6,2.29,3.22,12,e,e,0,4,2.54,2.61,70.0,l,n,0,0,0,medial,1,хуллентереххӗн,3,l,1,80.0,хул,geminate,хулӑ,150.0
utterance_025303,chuvash_voice,хуллентереххӗн,6,6,2.29,3.22,12,ɛ,ø,0,11,3.06,3.13,70.0,χ,n,0,0,0,medial,1,хуллентереххӗн,10,χ,1,30.0,хул,geminate,хулӑ,100.0
utterance_025323,chuvash_voice,ҫӗҫҫине,4,19,2.2,2.7,6,i,i,0,4,2.47,2.53,60.0,ɕ,n,0,0,0,medial,1,ҫӗҫҫине,3,ɕ,1,120.0,ҫӗҫ,geminate,ҫӗҫӗ,180.0
utterance_025346,chuvash_voice,куллисем,7,11,3.59,4.11,7,i,i,0,4,3.82,3.91,90.0,l,s,0,0,0,medial,1,куллисем,3,l,1,110.0,кул,geminate,кулӑ,200.0
utterance_025355,chuvash_voice,хушшинчи,9,11,3.2,3.75,7,i,i,0,4,3.49,3.56,70.0,ʃ,n,0,0,0,medial,1,хушшинчи,3,ʃ,1,120.0,хуш,geminate,хушӑ,190.0
utterance_025379,chuvash_voice,сӑввисене,3,7,1.13,1.79,8,i,i,0,4,1.38,1.48,100.0,v,s,0,0,0,medial,1,сӑввисене,3,v,1,30.0,сӑв,geminate,сӑвӑ,130.0
utterance_025393,chuvash_voice,тулӑ,23,27,14.59,14.84,4,ʌ,ɵ,0,4,14.78,14.84,60.0,l,a,0,1,0,final,1,тулӑ,3,l,0,90.0,тул,bare,тулӑ,150.0
utterance_025399,chuvash_voice,пушшех,2,3,0.65,1.12,5,e,e,0,4,0.95,1.01,60.0,ʃ,χ,0,0,0,medial,1,пушшех,3,ʃ,1,130.0,пуш,geminate,пушӑ,190.0
utterance_025408,chuvash_voice,касса,4,31,1.72,2.09,4,ɑ,a,0,4,2.03,2.09,60.0,s,ʃ,0,0,0,final,1,касса,3,s,1,160.0,кас,geminate,касӑ,220.0
utterance_025418,chuvash_voice,ҫаннипе,5,10,2.41,2.87,6,i,i,0,4,2.66,2.75,90.0,n,p,0,0,0,medial,1,ҫаннипе,3,n,1,30.0,ҫан,geminate,ҫанӑ,120.0
utterance_025423,chuvash_voice,сӑвви,6,8,2.38,2.79,4,i,i,0,4,2.65,2.79,140.0,v,a,0,1,0,final,1,сӑвви,3,v,1,30.0,сӑв,geminate,сӑвӑ,170.0
utterance_025434,chuvash_voice,тыррипе,3,8,1.55,1.99,6,i,i,0,4,1.76,1.84,80.0,r,p,0,0,0,medial,1,тыррипе,3,r,1,80.0,тыр,geminate,тырӑ,160.0
utterance_025441,chuvash_voice,хуллен,16,38,10.3,10.74,5,e,e,0,4,10.57,10.69,120.0,l,n,0,0,0,medial,1,хуллен,3,l,1,70.0,хул,geminate,хулӑ,190.0
utterance_025460,chuvash_voice,хушшинче,23,25,12.05,12.56,7,i,i,0,4,12.34,12.39,50.0,ʃ,n,0,0,0,medial,1,хушшинче,3,ʃ,1,120.0,хуш,geminate,хушӑ,170.0
utterance_025466,chuvash_voice,турӑ,1,7,0.32,0.58,4,ʌ,ɵ,0,4,0.49,0.58,90.0,r,k,0,0,0,final,1,турӑ,3,r,0,40.0,тур,bare,турӑ,130.0
utterance_025468,chuvash_voice,тӗррин,4,14,1.26,1.63,5,i,i,0,4,1.47,1.55,80.0,r,n,0,0,0,medial,1,тӗррин,3,r,1,70.0,тӗр,geminate,тӗрӗ,150.0
utterance_025498,chuvash_voice,сиввӗнрех,3,17,1.43,2.1,8,ɛ,ø,0,4,1.69,1.81,120.0,v,n,0,0,0,medial,1,сиввӗнрех,3,v,1,30.0,сив,geminate,сивӗ,150.0
utterance_025498,chuvash_voice,касса,16,17,8.48,8.84,4,ɑ,a,0,4,8.77,8.84,70.0,s,l,0,0,0,final,1,касса,3,s,1,140.0,кас,geminate,касӑ,210.0
utterance_025500,chuvash_voice,пушӑ,4,8,1.15,1.47,4,ʌ,ɵ,0,4,1.43,1.47,40.0,ʃ,i,0,1,0,final,1,пушӑ,3,ʃ,0,90.0,пуш,bare,пушӑ,130.0
utterance_025513,chuvash_voice,ваттисем,8,8,3.21,3.78,7,i,i,0,4,3.45,3.5,50.0,t,s,0,0,0,medial,1,ваттисем,3,t,1,70.0,ват,geminate,ватӑ,120.0
utterance_025523,chuvash_voice,ватӑ,1,12,0.32,0.62,4,ʌ,ɵ,0,4,0.54,0.62,80.0,t,p,0,0,0,final,1,ватӑ,3,t,0,60.0,ват,bare,ватӑ,140.0
utterance_025523,chuvash_voice,хушшине,10,12,4.25,4.71,6,i,i,0,4,4.53,4.57,40.0,ʃ,n,0,0,0,medial,1,хушшине,3,ʃ,1,140.0,хуш,geminate,хушӑ,180.0
utterance_025543,chuvash_voice,кӗвӗ,5,10,2.34,2.69,4,ɛ,ø,0,4,2.6,2.69,90.0,v,p,0,0,0,final,1,кӗвӗ,3,v,0,80.0,кӗв,bare,кӗвӗ,170.0
utterance_025543,chuvash_voice,сасси,10,10,4.4,4.79,4,i,i,0,4,4.72,4.79,70.0,s,,0,0,0,final,1,сасси,3,s,1,170.0,сас,geminate,сасӑ,240.0
utterance_025564,chuvash_voice,тулӑ,5,9,2.31,2.92,4,ʌ,ɵ,0,4,2.58,2.92,340.0,l,,0,0,0,final,1,тулӑ,3,l,0,160.0,тул,bare,тулӑ,500.0
utterance_025564,chuvash_voice,вӑрри,7,9,3.41,3.71,4,i,i,0,4,3.63,3.71,80.0,r,s,0,0,0,final,1,вӑрри,3,r,1,140.0,вӑр,geminate,вӑрӑ,220.0
utterance_025565,chuvash_voice,ҫурӑ,6,7,1.66,1.93,4,ʌ,ɵ,0,4,1.9,1.93,30.0,r,ʉ,0,1,0,final,1,ҫурӑ,3,r,0,40.0,ҫур,bare,ҫурӑ,70.0
utterance_025573,chuvash_voice,пекки,6,8,2.5,2.85,4,i,i,0,4,2.77,2.85,80.0,k,k,0,0,0,final,1,пекки,3,k,1,130.0,пек,geminate,пекӗ,210.0
utterance_025580,chuvash_voice,хушшинче,11,26,4.63,5.18,7,i,i,0,4,4.9,4.96,60.0,ʃ,n,0,0,0,medial,1,хушшинче,3,ʃ,1,120.0,хуш,geminate,хушӑ,180.0
utterance_025590,chuvash_voice,пушӑ,17,23,6.99,7.33,4,ʌ,ɵ,0,4,7.27,7.33,60.0,ʃ,v,0,0,0,final,1,пушӑ,3,ʃ,0,80.0,пуш,bare,пушӑ,140.0
utterance_025608,chuvash_voice,пусса,11,11,3.44,3.85,4,ɑ,a,0,4,3.72,3.85,130.0,s,,0,0,0,final,1,пусса,3,s,1,150.0,пус,geminate,пусӑ,280.0
utterance_025615,chuvash_voice,ҫуррине,9,12,3.91,4.4,6,i,i,0,4,4.19,4.25,60.0,r,n,0,0,0,medial,1,ҫуррине,3,r,1,50.0,ҫур,geminate,ҫурӑ,110.0
utterance_025619,chuvash_voice,тулли,4,5,1.48,1.8,4,i,i,0,4,1.7,1.8,100.0,l,χ,0,0,0,final,1,тулли,3,l,1,50.0,тул,geminate,тулӑ,150.0
utterance_025644,chuvash_voice,ҫӗҫҫине,2,10,1.22,1.79,6,i,i,0,4,1.55,1.62,70.0,ɕ,n,0,0,0,medial,1,ҫӗҫҫине,3,ɕ,1,140.0,ҫӗҫ,geminate,ҫӗҫӗ,210.0
utterance_025673,chuvash_voice,сивӗ,16,37,8.33,8.7,4,ɛ,ø,0,4,8.62,8.7,80.0,v,χ,0,0,0,final,1,сивӗ,3,v,0,50.0,сив,bare,сивӗ,130.0
utterance_025683,chuvash_voice,хушшине,7,8,2.53,3.02,6,i,i,0,4,2.84,2.9,60.0,ʃ,n,0,0,0,medial,1,хушшине,3,ʃ,1,140.0,хуш,geminate,хушӑ,200.0
utterance_025692,chuvash_voice,турӑ,2,10,1.22,1.57,4,ʌ,ɵ,0,4,1.4,1.57,170.0,r,s,0,0,0,final,1,турӑ,3,r,0,50.0,тур,bare,турӑ,220.0
utterance_025702,chuvash_voice,ваттисем,1,8,0.41,0.96,7,i,i,0,4,0.65,0.72,70.0,t,s,0,0,0,medial,1,ваттисем,3,t,1,80.0,ват,geminate,ватӑ,150.0
utterance_025703,chuvash_voice,сӑвӑ,5,11,2.91,3.3,4,ʌ,ɵ,0,4,3.23,3.3,70.0,v,v,0,0,0,final,1,сӑвӑ,3,v,0,60.0,сӑв,bare,сӑвӑ,130.0
utterance_025711,chuvash_voice,шӑммисене,1,5,0.23,1.06,8,i,i,0,4,0.47,0.61,140.0,m,s,0,0,0,medial,1,шӑммисене,3,m,1,40.0,шӑм,geminate,шӑмӑ,180.0
utterance_025745,chuvash_voice,касса,12,22,4.31,4.69,4,ɑ,a,0,4,4.58,4.69,110.0,s,y,0,1,0,final,1,касса,3,s,1,120.0,кас,geminate,касӑ,230.0
utterance_025771,chuvash_voice,тупӑ,2,19,0.94,1.23,4,ʌ,ɵ,0,4,1.17,1.23,60.0,p,χ,0,0,0,final,1,тупӑ,3,p,0,80.0,туп,bare,тупӑ,140.0
utterance_025785,chuvash_voice,пусса,18,19,9.24,9.45,4,ɑ,a,0,4,9.41,9.45,40.0,s,ɕ,0,0,0,final,1,пусса,3,s,1,100.0,пус,geminate,пусӑ,140.0
utterance_025794,chuvash_voice,ҫутӑ,3,6,1.28,1.65,4,ʌ,ɵ,0,4,1.54,1.65,110.0,t,ɵ,0,1,0,final,1,ҫутӑ,3,t,0,70.0,ҫут,bare,ҫутӑ,180.0
utterance_025799,chuvash_voice,пуррине,6,10,2.57,3.04,6,i,i,0,4,2.8,2.85,50.0,r,n,0,0,0,medial,1,пуррине,3,r,1,70.0,пур,geminate,пурӑ,120.0
utterance_025827,chuvash_voice,хуллен,6,9,2.27,2.71,5,e,e,0,4,2.49,2.62,130.0,l,n,0,0,0,medial,1,хуллен,3,l,1,80.0,хул,geminate,хулӑ,210.0
utterance_025845,chuvash_voice,хушшинчех,2,6,0.53,1.05,8,i,i,0,4,0.75,0.8,50.0,ʃ,n,0,0,0,medial,1,хушшинчех,3,ʃ,1,110.0,хуш,geminate,хушӑ,160.0
utterance_025853,chuvash_voice,ҫутӑ,10,11,5.05,5.4,4,ʌ,ɵ,0,4,5.32,5.4,80.0,t,ʃ,0,0,0,final,1,ҫутӑ,3,t,0,60.0,ҫут,bare,ҫутӑ,140.0
utterance_025867,chuvash_voice,ватти,8,9,4.02,4.4,4,i,i,0,4,4.36,4.4,40.0,t,,0,0,0,final,1,ватти,3,t,1,60.0,ват,geminate,ватӑ,100.0
utterance_025885,chuvash_voice,хушшисемпе,10,14,4.38,5.1,9,i,i,0,4,4.65,4.71,60.0,ʃ,s,0,0,0,medial,1,хушшисемпе,3,ʃ,1,110.0,хуш,geminate,хушӑ,170.0
utterance_025891,chuvash_voice,ҫутӑ,6,23,2.75,3.1,4,ʌ,ɵ,0,4,3.02,3.1,80.0,t,p,0,0,0,final,1,ҫутӑ,3,t,0,80.0,ҫут,bare,ҫутӑ,160.0
utterance_025901,chuvash_voice,ҫыххисем,10,12,4.89,5.47,7,i,i,0,4,5.14,5.24,100.0,χ,s,0,0,0,medial,1,ҫыххисем,3,χ,1,120.0,ҫых,geminate,ҫыхӑ,220.0
utterance_025904,chuvash_voice,сӑввине,1,7,0.25,0.88,6,i,i,0,4,0.66,0.69,30.0,v,n,0,0,0,medial,1,сӑввине,3,v,1,30.0,сӑв,geminate,сӑвӑ,60.0
utterance_025911,chuvash_voice,туллин,14,26,5.7,6.07,5,i,i,0,4,5.93,6.02,90.0,l,n,0,0,0,medial,1,туллин,3,l,1,120.0,тул,geminate,тулӑ,210.0
utterance_025911,chuvash_voice,хушшинчи,23,26,10.5,11.0,7,i,i,0,4,10.72,10.8,80.0,ʃ,n,0,0,0,medial,1,хушшинчи,3,ʃ,1,90.0,хуш,geminate,хушӑ,170.0
utterance_025950,chuvash_voice,сассине,2,5,0.85,1.54,6,i,i,0,4,1.16,1.24,80.0,s,n,0,0,0,medial,1,сассине,3,s,1,140.0,сас,geminate,сасӑ,220.0
utterance_025963,chuvash_voice,кассинелле,5,9,2.47,3.14,8,i,i,0,4,2.75,2.8,50.0,s,n,0,0,0,medial,1,кассинелле,3,s,1,130.0,кас,geminate,касӑ,180.0
utterance_025963,chuvash_voice,кассинелле,5,9,2.47,3.14,8,e,e,0,8,3.05,3.14,90.0,l,,0,0,0,final,1,кассинелле,7,l,1,90.0,кас,geminate,касӑ,180.0
utterance_025984,chuvash_voice,ҫыххисем,10,11,4.82,5.39,7,i,i,0,4,5.09,5.18,90.0,χ,s,0,0,0,medial,1,ҫыххисем,3,χ,1,120.0,ҫых,geminate,ҫыхӑ,210.0
utterance_026016,chuvash_voice,тырӑ,1,6,0.19,0.46,4,ʌ,ɵ,0,4,0.39,0.46,70.0,r,,0,0,0,final,1,тырӑ,3,r,0,70.0,тыр,bare,тырӑ,140.0
utterance_026024,chuvash_voice,кулленех,6,7,2.49,3.04,7,e,e,0,4,2.72,2.79,70.0,l,n,0,0,0,medial,1,кулленех,3,l,1,70.0,кул,geminate,кулӑ,140.0
utterance_026042,chuvash_voice,тулли,4,15,2.36,2.75,4,i,i,0,4,2.65,2.75,100.0,l,k,0,0,0,final,1,тулли,3,l,1,70.0,тул,geminate,тулӑ,170.0
utterance_026059,chuvash_voice,тырра,3,22,1.87,2.26,4,ɑ,a,0,4,2.1,2.26,160.0,r,k,0,0,0,final,1,тырра,3,r,1,70.0,тыр,geminate,тырӑ,230.0
utterance_026059,chuvash_voice,пушӑ,17,22,10.75,11.1,4,ʌ,ɵ,0,4,10.98,11.1,120.0,ʃ,p,0,0,0,final,1,пушӑ,3,ʃ,0,80.0,пуш,bare,пушӑ,200.0
utterance_026059,chuvash_voice,тырӑ,19,22,12.02,12.3,4,ʌ,ɵ,0,4,12.24,12.3,60.0,r,χ,0,0,0,final,1,тырӑ,3,r,0,70.0,тыр,bare,тырӑ,130.0
utterance_026066,chuvash_voice,пушшине,2,8,0.76,1.31,6,i,i,0,4,1.03,1.09,60.0,ʃ,n,0,0,0,medial,1,пушшине,3,ʃ,1,150.0,пуш,geminate,пушӑ,210.0
utterance_026066,chuvash_voice,хуллен,7,8,2.87,3.36,5,e,e,0,4,3.17,3.27,100.0,l,n,0,0,0,medial,1,хуллен,3,l,1,80.0,хул,geminate,хулӑ,180.0
utterance_026084,chuvash_voice,хушшине,6,8,2.8,3.22,6,i,i,0,4,3.07,3.11,40.0,ʃ,n,0,0,0,medial,1,хушшине,3,ʃ,1,110.0,хуш,geminate,хушӑ,150.0
utterance_026088,chuvash_voice,сасси,5,10,2.4,3.02,4,i,i,0,4,2.73,3.02,290.0,s,,0,0,0,final,1,сасси,3,s,1,170.0,сас,geminate,сасӑ,460.0
utterance_026088,chuvash_voice,сасӑ,8,10,3.58,4.0,4,ʌ,ɵ,0,4,3.92,4.0,80.0,s,i,0,1,0,final,1,сасӑ,3,s,0,90.0,сас,bare,сасӑ,170.0
utterance_026099,chuvash_voice,кӗвӗ,3,13,1.28,1.66,4,ɛ,ø,0,4,1.53,1.66,130.0,v,,0,0,0,final,1,кӗвӗ,3,v,0,70.0,кӗв,bare,кӗвӗ,200.0
utterance_026123,chuvash_voice,сиввӗнрех,5,8,1.98,2.67,8,ɛ,ø,0,4,2.22,2.3,80.0,v,n,0,0,0,medial,1,сиввӗнрех,3,v,1,30.0,сив,geminate,сивӗ,110.0
utterance_026157,chuvash_voice,турӑ,5,12,3.32,3.61,4,ʌ,ɵ,0,4,3.54,3.61,70.0,r,s,0,0,0,final,1,турӑ,3,r,0,50.0,тур,bare,турӑ,120.0
utterance_026167,chuvash_voice,сӑвӑ,4,6,2.15,2.57,4,ʌ,ɵ,0,4,2.48,2.57,90.0,v,m,0,0,0,final,1,сӑвӑ,3,v,0,50.0,сӑв,bare,сӑвӑ,140.0
utterance_026180,chuvash_voice,хуппине,6,8,2.26,2.76,6,i,i,0,4,2.53,2.59,60.0,p,n,0,0,0,medial,1,хуппине,3,p,1,80.0,хуп,geminate,хупӑ,140.0
utterance_026184,chuvash_voice,сассипе,11,11,4.31,4.86,6,i,i,0,4,4.62,4.68,60.0,s,p,0,0,0,medial,1,сассипе,3,s,1,140.0,сас,geminate,сасӑ,200.0
utterance_026187,chuvash_voice,пӗкке,8,10,2.61,2.96,4,e,e,0,4,2.89,2.96,70.0,k,ɕ,0,0,0,final,1,пӗкке,3,k,1,110.0,пӗк,geminate,пӗкӗ,180.0
utterance_026195,chuvash_voice,хушшинче,4,18,2.25,2.89,7,i,i,0,4,2.55,2.6,50.0,ʃ,n,0,0,0,medial,1,хушшинче,3,ʃ,1,150.0,хуш,geminate,хушӑ,200.0
utterance_026225,chuvash_voice,ҫуррине,5,11,2.27,2.72,6,i,i,0,4,2.49,2.58,90.0,r,n,0,0,0,medial,1,ҫуррине,3,r,1,70.0,ҫур,geminate,ҫурӑ,160.0
utterance_026226,chuvash_voice,сассисем,3,9,0.86,1.44,7,i,i,0,4,1.12,1.17,50.0,s,s,0,0,0,medial,1,сассисем,3,s,1,150.0,сас,geminate,сасӑ,200.0
utterance_026257,chuvash_voice,тӗвве,13,14,6.82,7.12,4,e,e,0,4,7.09,7.12,30.0,v,p,0,0,0,final,1,тӗвве,3,v,1,30.0,тӗв,geminate,тӗвӗ,60.0
utterance_026313,chuvash_voice,сассине,9,19,2.79,3.17,6,i,i,0,4,3.02,3.06,40.0,s,n,0,0,0,medial,1,сассине,3,s,1,130.0,сас,geminate,сасӑ,170.0
utterance_026333,chuvash_voice,ҫыххисене,5,32,2.38,3.12,8,i,i,0,4,2.63,2.71,80.0,χ,s,0,0,0,medial,1,ҫыххисене,3,χ,1,110.0,ҫых,geminate,ҫыхӑ,190.0
utterance_026333,chuvash_voice,ҫутӑ,13,32,7.87,8.22,4,ʌ,ɵ,0,4,8.14,8.22,80.0,t,t,0,0,0,final,1,ҫутӑ,3,t,0,70.0,ҫут,bare,ҫутӑ,150.0
utterance_026333,chuvash_voice,пеккипе,21,32,12.53,13.13,6,i,i,0,4,12.8,12.9,100.0,k,p,0,0,0,medial,1,пеккипе,3,k,1,130.0,пек,geminate,пекӗ,230.0
utterance_026334,chuvash_voice,пеккисемпе,2,12,0.54,1.16,9,i,i,0,4,0.75,0.81,60.0,k,s,0,0,0,medial,1,пеккисемпе,3,k,1,90.0,пек,geminate,пекӗ,150.0
utterance_026338,chuvash_voice,тӗмӗ,24,31,11.76,12.05,4,ɛ,ø,0,4,11.98,12.05,70.0,m,ɕ,0,0,0,final,1,тӗмӗ,3,m,0,70.0,тӗм,bare,тӗмӗ,140.0
utterance_026344,chuvash_voice,хушшине,2,5,0.79,1.29,6,i,i,0,4,1.07,1.13,60.0,ʃ,n,0,0,0,medial,1,хушшине,3,ʃ,1,110.0,хуш,geminate,хушӑ,170.0
utterance_026382,chuvash_voice,турӑ,6,25,2.58,2.84,4,ʌ,ɵ,0,4,2.78,2.84,60.0,r,u,0,1,0,final,1,турӑ,3,r,0,50.0,тур,bare,турӑ,110.0
utterance_026382,chuvash_voice,тырӑ,13,25,5.7,6.03,4,ʌ,ɵ,0,4,5.96,6.03,70.0,r,p,0,0,0,final,1,тырӑ,3,r,0,60.0,тыр,bare,тырӑ,130.0
utterance_026385,chuvash_voice,сасӑ,3,3,1.2,1.84,4,ʌ,ɵ,0,4,1.52,1.84,320.0,s,,0,0,0,final,1,сасӑ,3,s,0,90.0,сас,bare,сасӑ,410.0
utterance_026413,chuvash_voice,пуррине,10,11,4.36,4.74,6,i,i,0,4,4.54,4.59,50.0,r,n,0,0,0,medial,1,пуррине,3,r,1,80.0,пур,geminate,пурӑ,130.0
utterance_026427,chuvash_voice,пусса,6,11,2.91,3.28,4,ɑ,a,0,4,3.17,3.28,110.0,s,u,0,1,0,final,1,пусса,3,s,1,130.0,пус,geminate,пусӑ,240.0
utterance_026435,chuvash_voice,хушшинче,2,17,0.53,1.18,7,i,i,0,4,0.79,0.86,70.0,ʃ,n,0,0,0,medial,1,хушшинче,3,ʃ,1,110.0,хуш,geminate,хушӑ,180.0
utterance_026447,chuvash_voice,хушшинчи,2,6,0.99,1.47,7,i,i,0,4,1.25,1.28,30.0,ʃ,n,0,0,0,medial,1,хушшинчи,3,ʃ,1,120.0,хуш,geminate,хушӑ,150.0
utterance_026453,chuvash_voice,сивӗ,4,7,1.14,1.54,4,ɛ,ø,0,4,1.45,1.54,90.0,v,ʃ,0,0,0,final,1,сивӗ,3,v,0,70.0,сив,bare,сивӗ,160.0
utterance_026484,chuvash_voice,хушшинче,6,7,1.97,2.59,7,i,i,0,4,2.28,2.32,40.0,ʃ,n,0,0,0,medial,1,хушшинче,3,ʃ,1,110.0,хуш,geminate,хушӑ,150.0
utterance_026513,chuvash_voice,сассисем,21,26,11.27,11.88,7,i,i,0,4,11.54,11.64,100.0,s,s,0,0,0,medial,1,сассисем,3,s,1,120.0,сас,geminate,сасӑ,220.0
utterance_026526,chuvash_voice,чӗпписене,2,4,0.68,1.26,8,i,i,0,4,0.92,0.99,70.0,p,s,0,0,0,medial,1,чӗпписене,3,p,1,60.0,чӗп,geminate,чӗпӗ,130.0
utterance_026542,chuvash_voice,тӗрӗ,7,13,3.24,3.47,4,ɛ,ø,0,4,3.43,3.47,40.0,r,ɵ,0,1,0,final,1,тӗрӗ,3,r,0,60.0,тӗр,bare,тӗрӗ,100.0
utterance_026551,chuvash_voice,сиввӗн,2,9,1.1,1.59,5,ɛ,ø,0,4,1.4,1.51,110.0,v,n,0,0,0,medial,1,сиввӗн,3,v,1,30.0,сив,geminate,сивӗ,140.0
utterance_026564,chuvash_voice,сасӑ,9,11,4.15,4.53,4,ʌ,ɵ,0,4,4.45,4.53,80.0,s,i,0,1,0,final,1,сасӑ,3,s,0,80.0,сас,bare,сасӑ,160.0
utterance_026570,chuvash_voice,хушшинче,5,5,1.69,2.24,7,i,i,0,4,1.93,1.99,60.0,ʃ,n,0,0,0,medial,1,хушшинче,3,ʃ,1,110.0,хуш,geminate,хушӑ,170.0
utterance_026578,chuvash_voice,ҫурӑ,5,8,1.52,1.74,4,ʌ,ɵ,0,4,1.69,1.74,50.0,r,ɕ,0,0,0,final,1,ҫурӑ,3,r,0,40.0,ҫур,bare,ҫурӑ,90.0
utterance_026585,chuvash_voice,кӳлленчӗкӗсене,7,9,3.58,4.52,13,e,e,0,4,3.8,3.89,90.0,l,n,0,0,0,medial,1,кӳлленчӗкӗсене,3,l,1,90.0,кӳл,geminate,кӳлӗ,180.0
utterance_026590,chuvash_voice,вӗтӗ,1,8,0.78,1.07,4,ɛ,ø,0,4,1.01,1.07,60.0,t,χ,0,0,0,final,1,вӗтӗ,3,t,0,60.0,вӗт,bare,вӗтӗ,120.0
utterance_026616,chuvash_voice,пусса,8,11,3.85,4.28,4,ɑ,a,0,4,4.15,4.28,130.0,s,t,0,0,0,final,1,пусса,3,s,1,130.0,пус,geminate,пусӑ,260.0
utterance_026623,chuvash_voice,хушшинчи,6,8,3.66,4.18,7,i,i,0,4,3.89,3.96,70.0,ʃ,n,0,0,0,medial,1,хушшинчи,3,ʃ,1,110.0,хуш,geminate,хушӑ,180.0
utterance_026636,chuvash_voice,сассине,25,26,12.89,13.38,6,i,i,0,4,13.21,13.25,40.0,s,n,0,0,0,medial,1,сассине,3,s,1,140.0,сас,geminate,сасӑ,180.0
utterance_026642,chuvash_voice,ҫыххине,14,15,6.14,6.66,6,i,i,0,4,6.42,6.49,70.0,χ,n,0,0,0,medial,1,ҫыххине,3,χ,1,130.0,ҫых,geminate,ҫыхӑ,200.0
utterance_026646,chuvash_voice,хушшинче,3,7,1.18,1.76,7,i,i,0,4,1.45,1.51,60.0,ʃ,n,0,0,0,medial,1,хушшинче,3,ʃ,1,120.0,хуш,geminate,хушӑ,180.0
utterance_026648,chuvash_voice,кӗлле,2,18,0.52,0.84,4,e,e,0,4,0.74,0.84,100.0,l,v,0,0,0,final,1,кӗлле,3,l,1,110.0,кӗл,geminate,кӗлӗ,210.0
utterance_026654,chuvash_voice,сулларӗ,7,10,3.5,4.04,6,ɑ,a,0,4,3.78,3.9,120.0,l,r,0,0,0,medial,1,сулларӗ,3,l,1,90.0,сул,geminate,сулӑ,210.0
utterance_026658,chuvash_voice,хушшинче,4,8,1.53,2.07,7,i,i,0,4,1.81,1.88,70.0,ʃ,n,0,0,0,medial,1,хушшинче,3,ʃ,1,120.0,хуш,geminate,хушӑ,190.0
utterance_026664,chuvash_voice,пусса,2,3,0.63,0.99,4,ɑ,a,0,4,0.88,0.99,110.0,s,k,0,0,0,final,1,пусса,3,s,1,140.0,пус,geminate,пусӑ,250.0
utterance_026737,chuvash_voice,пушшех,4,5,1.91,2.36,5,e,e,0,4,2.2,2.27,70.0,ʃ,χ,0,0,0,medial,1,пушшех,3,ʃ,1,130.0,пуш,geminate,пушӑ,200.0
utterance_026766,chuvash_voice,турра,5,13,2.02,2.42,4,ɑ,a,0,4,2.26,2.42,160.0,r,,0,0,0,final,1,турра,3,r,1,110.0,тур,geminate,турӑ,270.0
utterance_026770,chuvash_voice,пушӑ,4,6,1.87,2.26,4,ʌ,ɵ,0,4,2.16,2.26,100.0,ʃ,a,0,1,0,final,1,пушӑ,3,ʃ,0,80.0,пуш,bare,пушӑ,180.0
utterance_026790,chuvash_voice,сассипе,12,12,5.56,6.11,6,i,i,0,4,5.86,5.92,60.0,s,p,0,0,0,medial,1,сассипе,3,s,1,160.0,сас,geminate,сасӑ,220.0
utterance_026795,chuvash_voice,кассине,2,8,0.88,1.36,6,i,i,0,4,1.14,1.19,50.0,s,n,0,0,0,medial,1,кассине,3,s,1,130.0,кас,geminate,касӑ,180.0
utterance_026801,chuvash_voice,хушши,3,12,1.2,1.63,4,i,i,0,4,1.49,1.63,140.0,ʃ,,0,0,0,final,1,хушши,3,ʃ,1,150.0,хуш,geminate,хушӑ,290.0
utterance_026812,chuvash_voice,чӗппинни,20,22,9.89,10.47,6,i,i,0,4,10.17,10.27,100.0,p,n,0,0,0,medial,1,чӗппинни,3,p,1,60.0,чӗп,geminate,чӗпӗ,160.0
utterance_026812,chuvash_voice,чӗппинни,20,22,9.89,10.47,6,i,i,0,6,10.38,10.47,90.0,n,p,0,0,0,final,1,чӗппинни,5,n,1,110.0,чӗп,geminate,чӗпӗ,200.0
utterance_026813,chuvash_voice,хуппине,17,30,7.53,8.09,6,i,i,0,4,7.86,7.93,70.0,p,n,0,0,0,medial,1,хуппине,3,p,1,90.0,хуп,geminate,хупӑ,160.0
utterance_026845,chuvash_voice,кӗвви,7,7,4.27,4.43,4,i,i,0,4,4.4,4.43,30.0,v,,0,0,0,final,1,кӗвви,3,v,1,30.0,кӗв,geminate,кӗвӗ,60.0
utterance_026862,chuvash_voice,пеккисем,5,8,2.12,2.64,7,i,i,0,4,2.34,2.4,60.0,k,s,0,0,0,medial,1,пеккисем,3,k,1,100.0,пек,geminate,пекӗ,160.0
utterance_026863,chuvash_voice,пурри,13,15,4.24,4.52,4,i,i,0,4,4.43,4.52,90.0,r,t,0,0,0,final,1,пурри,3,r,1,80.0,пур,geminate,пурӑ,170.0
utterance_026867,chuvash_voice,хушши,5,7,1.72,2.12,4,i,i,0,4,2.03,2.12,90.0,ʃ,tʃ,0,0,0,final,1,хушши,3,ʃ,1,150.0,хуш,geminate,хушӑ,240.0
utterance_026875,chuvash_voice,хушшинче,4,13,1.6,2.26,7,i,i,0,4,1.89,1.96,70.0,ʃ,n,0,0,0,medial,1,хушшинче,3,ʃ,1,140.0,хуш,geminate,хушӑ,210.0
utterance_026882,chuvash_voice,хулленрех,26,27,15.94,16.65,8,e,e,0,4,16.21,16.28,70.0,l,n,0,0,0,medial,1,хулленрех,3,l,1,70.0,хул,geminate,хулӑ,140.0
utterance_026888,chuvash_voice,хуллен-хулленех,1,12,0.44,1.55,12,e,e,0,4,0.75,0.81,60.0,l,n,0,0,0,medial,1,хуллен-хулленех,3,l,1,100.0,хул,geminate,хулӑ,160.0
utterance_026888,chuvash_voice,хуллен-хулленех,1,12,0.44,1.55,12,e,e,0,9,1.16,1.25,90.0,l,n,0,0,0,medial,1,хуллен-хулленех,8,l,1,70.0,хул,geminate,хулӑ,160.0
utterance_026890,chuvash_voice,сасӑ,20,23,8.85,9.23,4,ʌ,ɵ,0,4,9.19,9.23,40.0,s,t,0,0,0,final,1,сасӑ,3,s,0,60.0,сас,bare,сасӑ,100.0
utterance_026906,chuvash_voice,сасси,5,5,1.88,2.71,4,i,i,0,4,2.2,2.71,510.0,s,,0,0,0,final,1,сасси,3,s,1,140.0,сас,geminate,сасӑ,650.0
utterance_026918,chuvash_voice,кӗлӗ,7,13,3.46,3.84,4,ɛ,ø,0,4,3.74,3.84,100.0,l,k,0,0,0,final,1,кӗлӗ,3,l,0,70.0,кӗл,bare,кӗлӗ,170.0
utterance_026932,chuvash_voice,тулла,3,7,0.96,1.27,4,ɑ,a,0,4,1.18,1.27,90.0,l,,0,0,0,final,1,тулла,3,l,1,110.0,тул,geminate,тулӑ,200.0
utterance_026935,chuvash_voice,хушшинче,3,12,0.86,1.42,7,i,i,0,4,1.15,1.21,60.0,ʃ,n,0,0,0,medial,1,хушшинче,3,ʃ,1,120.0,хуш,geminate,хушӑ,180.0
utterance_026938,chuvash_voice,хушшине,9,10,4.89,5.38,6,i,i,0,4,5.15,5.22,70.0,ʃ,n,0,0,0,medial,1,хушшине,3,ʃ,1,140.0,хуш,geminate,хушӑ,210.0
utterance_026957,chuvash_voice,чӗпӗ,4,15,1.62,1.97,4,ɛ,ø,0,4,1.88,1.97,90.0,p,ɕ,0,0,0,final,1,чӗпӗ,3,p,0,60.0,чӗп,bare,чӗпӗ,150.0
utterance_026964,chuvash_voice,хуллен,3,11,1.24,1.64,5,e,e,0,4,1.48,1.59,110.0,l,n,0,0,0,medial,1,хуллен,3,l,1,80.0,хул,geminate,хулӑ,190.0
utterance_026971,chuvash_voice,пулӑ,3,8,0.56,0.8,4,ʌ,ɵ,0,4,0.76,0.8,40.0,l,t,0,0,0,final,1,пулӑ,3,l,0,80.0,пул,bare,пулӑ,120.0
utterance_026982,chuvash_voice,хушши,5,29,1.96,2.28,4,i,i,0,4,2.2,2.28,80.0,ʃ,p,0,0,0,final,1,хушши,3,ʃ,1,120.0,хуш,geminate,хушӑ,200.0
utterance_027000,chuvash_voice,ватӑ,1,4,0.0,0.29,4,ʌ,ɵ,0,4,0.24,0.29,50.0,t,ɕ,0,0,0,final,1,ватӑ,3,t,0,60.0,ват,bare,ватӑ,110.0
utterance_027004,chuvash_voice,ватӑ,13,13,5.51,5.93,4,ʌ,ɵ,0,4,5.76,5.93,170.0,t,,0,0,0,final,1,ватӑ,3,t,0,50.0,ват,bare,ватӑ,220.0
utterance_027007,chuvash_voice,ваттисен,1,4,0.19,0.63,7,i,i,0,4,0.4,0.46,60.0,t,s,0,0,0,medial,1,ваттисен,3,t,1,70.0,ват,geminate,ватӑ,130.0
utterance_027008,chuvash_voice,пушӑ,11,27,5.62,5.92,4,ʌ,ɵ,0,4,5.86,5.92,60.0,ʃ,j,0,0,0,final,1,пушӑ,3,ʃ,0,80.0,пуш,bare,пушӑ,140.0
utterance_027013,chuvash_voice,турри,2,31,1.06,1.36,4,i,i,0,4,1.3,1.36,60.0,r,m,0,0,0,final,1,турри,3,r,1,120.0,тур,geminate,турӑ,180.0
utterance_027016,chuvash_voice,ҫутӑ,4,11,1.39,1.71,4,ʌ,ɵ,0,4,1.63,1.71,80.0,t,p,0,0,0,final,1,ҫутӑ,3,t,0,70.0,ҫут,bare,ҫутӑ,150.0
utterance_027027,chuvash_voice,ҫыххисем,3,4,1.17,1.78,7,i,i,0,4,1.45,1.53,80.0,χ,s,0,0,0,medial,1,ҫыххисем,3,χ,1,110.0,ҫых,geminate,ҫыхӑ,190.0
utterance_027029,chuvash_voice,касса,6,13,2.67,3.15,4,ɑ,a,0,4,2.95,3.15,200.0,s,,0,0,0,final,1,касса,3,s,1,150.0,кас,geminate,касӑ,350.0
utterance_027055,chuvash_voice,хушшинче,11,19,5.18,5.76,7,i,i,0,4,5.46,5.52,60.0,ʃ,n,0,0,0,medial,1,хушшинче,3,ʃ,1,130.0,хуш,geminate,хушӑ,190.0
utterance_027055,chuvash_voice,туллин,14,19,6.85,7.26,5,i,i,0,4,7.14,7.22,80.0,l,n,0,0,0,medial,1,туллин,3,l,1,140.0,тул,geminate,тулӑ,220.0
utterance_027067,chuvash_voice,пӑттине,1,13,0.4,0.81,6,i,i,0,4,0.6,0.67,70.0,t,n,0,0,0,medial,1,пӑттине,3,t,1,70.0,пӑт,geminate,пӑтӑ,140.0
utterance_027069,chuvash_voice,пуррине,5,21,1.87,2.42,6,i,i,0,4,2.06,2.13,70.0,r,n,0,0,0,medial,1,пуррине,3,r,1,90.0,пур,geminate,пурӑ,160.0
utterance_027069,chuvash_voice,пусса,17,21,7.04,7.44,4,ɑ,a,0,4,7.33,7.44,110.0,s,p,0,0,0,final,1,пусса,3,s,1,140.0,пус,geminate,пусӑ,250.0
utterance_027086,chuvash_voice,ватӑ,5,6,2.11,2.37,4,ʌ,ɵ,0,4,2.31,2.37,60.0,t,χ,0,0,0,final,1,ватӑ,3,t,0,50.0,ват,bare,ватӑ,110.0
utterance_027088,chuvash_voice,сивӗ,3,5,1.4,1.76,4,ɛ,ø,0,4,1.67,1.76,90.0,v,ɕ,0,0,0,final,1,сивӗ,3,v,0,60.0,сив,bare,сивӗ,150.0
utterance_027098,chuvash_voice,сасси,3,4,1.72,2.12,4,i,i,0,4,2.02,2.12,100.0,s,t,0,0,0,final,1,сасси,3,s,1,130.0,сас,geminate,сасӑ,230.0
utterance_027117,chuvash_voice,пурри,9,19,4.64,4.95,4,i,i,0,4,4.88,4.95,70.0,r,ɕ,0,0,0,final,1,пурри,3,r,1,80.0,пур,geminate,пурӑ,150.0
utterance_027131,chuvash_voice,сиввӗн,2,8,0.81,1.25,5,ɛ,ø,0,4,1.05,1.19,140.0,v,n,0,0,0,medial,1,сиввӗн,3,v,1,30.0,сив,geminate,сивӗ,170.0
utterance_027153,chuvash_voice,тулли,2,4,0.87,1.2,4,i,i,0,4,1.12,1.2,80.0,l,t,0,0,0,final,1,тулли,3,l,1,60.0,тул,geminate,тулӑ,140.0
utterance_027164,chuvash_voice,пеккине,2,7,0.9,1.35,6,i,i,0,4,1.12,1.19,70.0,k,n,0,0,0,medial,1,пеккине,3,k,1,90.0,пек,geminate,пекӗ,160.0
utterance_027173,chuvash_voice,касса,8,17,2.85,3.27,4,ɑ,a,0,4,3.13,3.27,140.0,s,ʉ,0,1,0,final,1,касса,3,s,1,140.0,кас,geminate,касӑ,280.0
utterance_027180,chuvash_voice,сӑрӑ,5,16,2.59,2.94,4,ʌ,ɵ,0,4,2.84,2.94,100.0,r,p,0,0,0,final,1,сӑрӑ,3,r,0,50.0,сӑр,bare,сӑрӑ,150.0
utterance_027187,chuvash_voice,ҫурӑ,3,10,2.25,2.52,4,ʌ,ɵ,0,4,2.44,2.52,80.0,r,χ,0,0,0,final,1,ҫурӑ,3,r,0,40.0,ҫур,bare,ҫурӑ,120.0
utterance_027187,chuvash_voice,хушши,4,10,2.52,2.84,4,i,i,0,4,2.8,2.84,40.0,ʃ,ɕ,0,0,0,final,1,хушши,3,ʃ,1,130.0,хуш,geminate,хушӑ,170.0
utterance_027194,chuvash_voice,хушшинчи,4,6,2.01,2.47,7,i,i,0,4,2.26,2.31,50.0,ʃ,n,0,0,0,medial,1,хушшинчи,3,ʃ,1,110.0,хуш,geminate,хушӑ,160.0
utterance_027206,chuvash_voice,кӗлленнӗ,3,7,1.18,1.88,6,e,e,0,4,1.42,1.55,130.0,l,n,0,0,0,medial,1,кӗлленнӗ,3,l,1,60.0,кӗл,geminate,кӗлӗ,190.0
utterance_027206,chuvash_voice,кӗлленнӗ,3,7,1.18,1.88,6,ɛ,ø,0,6,1.64,1.88,240.0,n,,0,0,0,final,1,кӗлленнӗ,5,n,1,90.0,кӗл,geminate,кӗлӗ,330.0
utterance_027238,chuvash_voice,миххине,12,13,4.82,5.26,6,i,i,0,4,5.02,5.1,80.0,χ,n,0,0,0,medial,1,миххине,3,χ,1,100.0,мих,geminate,михӗ,180.0
utterance_027239,chuvash_voice,ҫутӑ,4,14,1.52,1.87,4,ʌ,ɵ,0,4,1.78,1.87,90.0,t,k,0,0,0,final,1,ҫутӑ,3,t,0,70.0,ҫут,bare,ҫутӑ,160.0
utterance_027246,chuvash_voice,турӑ,2,20,0.91,1.13,4,ʌ,ɵ,0,4,1.08,1.13,50.0,r,ɕ,0,0,0,final,1,турӑ,3,r,0,60.0,тур,bare,турӑ,110.0
utterance_027249,chuvash_voice,пӗҫҫине,4,6,1.81,2.43,6,i,i,0,4,2.17,2.24,70.0,ɕ,n,0,0,0,medial,1,пӗҫҫине,3,ɕ,1,160.0,пӗҫ,geminate,пӗҫӗ,230.0
utterance_027252,chuvash_voice,сасси,4,9,1.18,1.55,4,i,i,0,4,1.49,1.55,60.0,s,j,0,0,0,final,1,сасси,3,s,1,160.0,сас,geminate,сасӑ,220.0
utterance_027264,chuvash_voice,хушшине,16,22,9.09,9.58,6,i,i,0,4,9.4,9.45,50.0,ʃ,n,0,0,0,medial,1,хушшине,3,ʃ,1,130.0,хуш,geminate,хушӑ,180.0
utterance_027265,chuvash_voice,пеккине,3,4,1.14,1.65,6,i,i,0,4,1.38,1.46,80.0,k,n,0,0,0,medial,1,пеккине,3,k,1,110.0,пек,geminate,пекӗ,190.0
utterance_027307,chuvash_voice,каррине,11,24,4.87,5.38,6,i,i,0,4,5.14,5.2,60.0,r,n,0,0,0,medial,1,каррине,3,r,1,100.0,кар,geminate,карӑ,160.0
utterance_027309,chuvash_voice,сулланӑ,45,46,22.48,23.01,6,ɑ,a,0,4,22.78,22.89,110.0,l,n,0,0,0,medial,1,сулланӑ,3,l,1,110.0,сул,geminate,сулӑ,220.0
utterance_027310,chuvash_voice,хушшинчен,4,7,1.81,2.39,8,i,i,0,4,2.09,2.14,50.0,ʃ,n,0,0,0,medial,1,хушшинчен,3,ʃ,1,120.0,хуш,geminate,хушӑ,170.0
utterance_027313,chuvash_voice,ватӑ,9,10,4.65,4.96,4,ʌ,ɵ,0,4,4.91,4.96,50.0,t,t,0,0,0,final,1,ватӑ,3,t,0,60.0,ват,bare,ватӑ,110.0
utterance_027315,chuvash_voice,шӑммисем,16,34,7.97,8.54,7,i,i,0,4,8.21,8.29,80.0,m,s,0,0,0,medial,1,шӑммисем,3,m,1,90.0,шӑм,geminate,шӑмӑ,170.0
utterance_027315,chuvash_voice,ҫутӑ,29,34,14.88,15.14,4,ʌ,ɵ,0,4,15.11,15.14,30.0,t,k,0,0,0,final,1,ҫутӑ,3,t,0,60.0,ҫут,bare,ҫутӑ,90.0
utterance_027320,chuvash_voice,хушшинче,2,5,0.86,1.37,7,i,i,0,4,1.1,1.14,40.0,ʃ,n,0,0,0,medial,1,хушшинче,3,ʃ,1,140.0,хуш,geminate,хушӑ,180.0
utterance_027337,chuvash_voice,вӑрӑ,11,13,4.57,4.82,4,ʌ,ɵ,0,4,4.77,4.82,50.0,r,χ,0,0,0,final,1,вӑрӑ,3,r,0,70.0,вӑр,bare,вӑрӑ,120.0
utterance_027370,chuvash_voice,тупӑ,6,8,2.28,2.68,4,ʌ,ɵ,0,4,2.52,2.68,160.0,p,s,0,0,0,final,1,тупӑ,3,p,0,70.0,туп,bare,тупӑ,230.0
utterance_027379,chuvash_voice,хушӑ,3,15,1.02,1.33,4,ʌ,ɵ,0,4,1.28,1.33,50.0,ʃ,tʃ,0,0,0,final,1,хушӑ,3,ʃ,0,60.0,хуш,bare,хушӑ,110.0
utterance_027420,chuvash_voice,ватӑ,1,2,0.34,0.64,4,ʌ,ɵ,0,4,0.57,0.64,70.0,t,k,0,0,0,final,1,ватӑ,3,t,0,80.0,ват,bare,ватӑ,150.0
utterance_027439,chuvash_voice,сасси,8,10,4.54,4.98,4,i,i,0,4,4.92,4.98,60.0,s,t,0,0,0,final,1,сасси,3,s,1,150.0,сас,geminate,сасӑ,210.0
utterance_027443,chuvash_voice,кӗлӗ,5,11,2.46,2.74,4,ɛ,ø,0,4,2.68,2.74,60.0,l,v,0,0,0,final,1,кӗлӗ,3,l,0,80.0,кӗл,bare,кӗлӗ,140.0
utterance_027448,chuvash_voice,ҫурри,1,7,0.11,0.54,4,i,i,0,4,0.45,0.54,90.0,r,t,0,0,0,final,1,ҫурри,3,r,1,90.0,ҫур,geminate,ҫурӑ,180.0
utterance_027455,chuvash_voice,тӗкӗ,5,21,2.2,2.47,4,ɛ,ø,0,4,2.41,2.47,60.0,k,m,0,0,0,final,1,тӗкӗ,3,k,0,80.0,тӗк,bare,тӗкӗ,140.0
utterance_027467,chuvash_voice,пекки,6,11,4.43,4.74,4,i,i,0,4,4.62,4.74,120.0,k,ɕ,0,0,0,final,1,пекки,3,k,1,30.0,пек,geminate,пекӗ,150.0
utterance_027468,chuvash_voice,касса,8,16,4.11,4.55,4,ɑ,a,0,4,4.4,4.55,150.0,s,j,0,0,0,final,1,касса,3,s,1,150.0,кас,geminate,касӑ,300.0
utterance_027479,chuvash_voice,пушшине,8,12,3.0,3.65,6,i,i,0,4,3.37,3.44,70.0,ʃ,n,0,0,0,medial,1,пушшине,3,ʃ,1,150.0,пуш,geminate,пушӑ,220.0
utterance_027481,chuvash_voice,хуллен,3,7,1.16,1.5,5,e,e,0,4,1.37,1.47,100.0,l,n,0,0,0,medial,1,хуллен,3,l,1,60.0,хул,geminate,хулӑ,160.0
utterance_027487,chuvash_voice,турра,1,6,0.38,0.86,4,ɑ,a,0,4,0.63,0.86,230.0,r,ø,0,1,0,final,1,турра,3,r,1,100.0,тур,geminate,турӑ,330.0
utterance_027495,chuvash_voice,тулли,19,37,9.76,10.12,4,i,i,0,4,9.99,10.12,130.0,l,v,0,0,0,final,1,тулли,3,l,1,40.0,тул,geminate,тулӑ,170.0
utterance_027499,chuvash_voice,кӗвӗ,4,5,2.61,2.91,4,ɛ,ø,0,4,2.82,2.91,90.0,v,ʃ,0,0,0,final,1,кӗвӗ,3,v,0,60.0,кӗв,bare,кӗвӗ,150.0
utterance_027500,chuvash_voice,сивӗ,4,5,2.71,3.06,4,ɛ,ø,0,4,2.97,3.06,90.0,v,ʃ,0,0,0,final,1,сивӗ,3,v,0,50.0,сив,bare,сивӗ,140.0
utterance_027510,chuvash_voice,хушши,13,18,4.58,4.93,4,i,i,0,4,4.87,4.93,60.0,ʃ,v,0,0,0,final,1,хушши,3,ʃ,1,130.0,хуш,geminate,хушӑ,190.0
utterance_027517,chuvash_voice,чӗпписем,2,8,0.67,1.24,7,i,i,0,4,0.93,0.98,50.0,p,s,0,0,0,medial,1,чӗпписем,3,p,1,60.0,чӗп,geminate,чӗпӗ,110.0
utterance_027521,chuvash_voice,вӗтӗ,3,12,1.85,2.14,4,ɛ,ø,0,4,2.07,2.14,70.0,t,t,0,0,0,final,1,вӗтӗ,3,t,0,60.0,вӗт,bare,вӗтӗ,130.0
utterance_027525,chuvash_voice,хушшинче,5,5,2.14,2.7,7,i,i,0,4,2.41,2.46,50.0,ʃ,n,0,0,0,medial,1,хушшинче,3,ʃ,1,120.0,хуш,geminate,хушӑ,170.0
utterance_027526,chuvash_voice,миххине,12,17,5.68,6.1,6,i,i,0,4,5.91,5.96,50.0,χ,n,0,0,0,medial,1,миххине,3,χ,1,120.0,мих,geminate,михӗ,170.0
utterance_027539,chuvash_voice,тӗсӗ,3,14,0.75,1.04,4,ɛ,ø,0,4,0.98,1.04,60.0,s,p,0,0,0,final,1,тӗсӗ,3,s,0,110.0,тӗс,bare,тӗсӗ,170.0
utterance_027541,chuvash_voice,хушши,5,21,1.83,2.16,4,i,i,0,4,2.12,2.16,40.0,ʃ,i,0,1,0,final,1,хушши,3,ʃ,1,130.0,хуш,geminate,хушӑ,170.0
utterance_027592,chuvash_voice,йытта,7,14,3.13,3.48,4,ɑ,a,0,4,3.37,3.48,110.0,t,χ,0,0,0,final,1,йытта,3,t,1,140.0,йыт,geminate,йытӑ,250.0
utterance_027602,chuvash_voice,ҫурри,1,15,0.41,0.8,4,i,i,0,4,0.71,0.8,90.0,r,t,0,0,0,final,1,ҫурри,3,r,1,70.0,ҫур,geminate,ҫурӑ,160.0
utterance_027602,chuvash_voice,ҫыххисем,5,15,1.71,2.29,7,i,i,0,4,1.99,2.06,70.0,χ,s,0,0,0,medial,1,ҫыххисем,3,χ,1,120.0,ҫых,geminate,ҫыхӑ,190.0
utterance_027602,chuvash_voice,ҫутӑ,12,15,5.54,5.84,4,ʌ,ɵ,0,4,5.78,5.84,60.0,t,p,0,0,0,final,1,ҫутӑ,3,t,0,80.0,ҫут,bare,ҫутӑ,140.0
utterance_027632,chuvash_voice,ҫутӑ,2,8,0.61,0.93,4,ʌ,ɵ,0,4,0.88,0.93,50.0,t,,0,0,0,final,1,ҫутӑ,3,t,0,70.0,ҫут,bare,ҫутӑ,120.0
utterance_027702,chuvash_voice,ватти,1,4,0.16,0.5,4,i,i,0,4,0.42,0.5,80.0,t,t,0,0,0,final,1,ватти,3,t,1,130.0,ват,geminate,ватӑ,210.0
utterance_027727,chuvash_voice,ватӑ,7,8,2.95,3.35,4,ʌ,ɵ,0,4,3.24,3.35,110.0,t,,0,0,0,final,1,ватӑ,3,t,0,60.0,ват,bare,ватӑ,170.0
utterance_027735,chuvash_voice,хушшинче,2,17,0.79,1.32,7,i,i,0,4,1.04,1.09,50.0,ʃ,n,0,0,0,medial,1,хушшинче,3,ʃ,1,140.0,хуш,geminate,хушӑ,190.0
utterance_027743,chuvash_voice,пусса,2,4,0.62,0.95,4,ɑ,a,0,4,0.86,0.95,90.0,s,k,0,0,0,final,1,пусса,3,s,1,120.0,пус,geminate,пусӑ,210.0
utterance_027746,chuvash_voice,ваттине,6,6,2.46,2.93,6,i,i,0,4,2.71,2.76,50.0,t,n,0,0,0,medial,1,ваттине,3,t,1,150.0,ват,geminate,ватӑ,200.0
utterance_027778,chuvash_voice,сивӗ,1,5,0.33,0.7,4,ɛ,ø,0,4,0.62,0.7,80.0,v,ʃ,0,0,0,final,1,сивӗ,3,v,0,40.0,сив,bare,сивӗ,120.0
utterance_027779,chuvash_voice,турӑ,7,9,1.93,2.21,4,ʌ,ɵ,0,4,2.13,2.21,80.0,r,χ,0,0,0,final,1,турӑ,3,r,0,50.0,тур,bare,турӑ,130.0
utterance_027790,chuvash_voice,хушшинче,6,6,2.77,3.42,7,i,i,0,4,3.02,3.06,40.0,ʃ,n,0,0,0,medial,1,хушшинче,3,ʃ,1,150.0,хуш,geminate,хушӑ,190.0
utterance_027817,chuvash_voice,турӑ,1,8,0.24,0.49,4,ʌ,ɵ,0,4,0.44,0.49,50.0,r,,0,0,0,final,1,турӑ,3,r,0,50.0,тур,bare,турӑ,100.0
utterance_027818,chuvash_voice,тырӑ,4,7,2.38,2.65,4,ʌ,ɵ,0,4,2.57,2.65,80.0,r,v,0,0,0,final,1,тырӑ,3,r,0,80.0,тыр,bare,тырӑ,160.0
utterance_027823,chuvash_voice,сассипе,12,12,5.42,5.83,6,i,i,0,4,5.53,5.59,60.0,s,p,0,0,0,medial,1,сассипе,3,s,1,50.0,сас,geminate,сасӑ,110.0
utterance_027849,chuvash_voice,пуррисем,2,7,0.85,1.35,7,i,i,0,4,1.05,1.13,80.0,r,s,0,0,0,medial,1,пуррисем,3,r,1,70.0,пур,geminate,пурӑ,150.0
utterance_027863,chuvash_voice,ватӑ,16,21,8.18,8.47,4,ʌ,ɵ,0,4,8.4,8.47,70.0,t,m,0,0,0,final,1,ватӑ,3,t,0,60.0,ват,bare,ватӑ,130.0
utterance_027871,chuvash_voice,вуллине,8,10,4.74,5.17,6,i,i,0,4,4.97,5.06,90.0,l,n,0,0,0,medial,1,вуллине,3,l,1,110.0,вул,geminate,вулӑ,200.0
utterance_027876,chuvash_voice,хушшинчен,4,5,1.79,2.34,8,i,i,0,4,2.07,2.11,40.0,ʃ,n,0,0,0,medial,1,хушшинчен,3,ʃ,1,130.0,хуш,geminate,хушӑ,170.0
utterance_027880,chuvash_voice,касса,2,4,0.69,1.12,4,ɑ,a,0,4,1.04,1.12,80.0,s,u,0,1,0,final,1,касса,3,s,1,140.0,кас,geminate,касӑ,220.0
utterance_027888,chuvash_voice,кӗллисемпе,6,8,3.52,4.31,9,i,i,0,4,3.75,3.84,90.0,l,s,0,0,0,medial,1,кӗллисемпе,3,l,1,100.0,кӗл,geminate,кӗлӗ,190.0
utterance_027905,chuvash_voice,хушшинчен,2,7,1.06,1.69,8,i,i,0,4,1.34,1.42,80.0,ʃ,n,0,0,0,medial,1,хушшинчен,3,ʃ,1,120.0,хуш,geminate,хушӑ,200.0
utterance_027948,chuvash_voice,сасси,15,15,7.66,8.11,4,i,i,0,4,7.99,8.11,120.0,s,,0,0,0,final,1,сасси,3,s,1,170.0,сас,geminate,сасӑ,290.0
utterance_027954,chuvash_voice,тырӑ,7,36,3.78,4.09,4,ʌ,ɵ,0,4,4.03,4.09,60.0,r,v,0,0,0,final,1,тырӑ,3,r,0,60.0,тыр,bare,тырӑ,120.0
utterance_027967,chuvash_voice,пушӑ,2,8,0.65,0.94,4,ʌ,ɵ,0,4,0.87,0.94,70.0,ʃ,v,0,0,0,final,1,пушӑ,3,ʃ,0,70.0,пуш,bare,пушӑ,140.0
utterance_027976,chuvash_voice,ҫутӑ,2,12,0.67,1.0,4,ʌ,ɵ,0,4,0.9,1.0,100.0,t,t,0,0,0,final,1,ҫутӑ,3,t,0,60.0,ҫут,bare,ҫутӑ,160.0
utterance_027976,chuvash_voice,тӗрӗ,8,12,3.08,3.37,4,ɛ,ø,0,4,3.28,3.37,90.0,r,v,0,0,0,final,1,тӗрӗ,3,r,0,50.0,тӗр,bare,тӗрӗ,140.0
utterance_027982,chuvash_voice,сасси,6,24,2.24,2.67,4,i,i,0,4,2.57,2.67,100.0,s,ɕ,0,0,0,final,1,сасси,3,s,1,150.0,сас,geminate,сасӑ,250.0
utterance_027993,chuvash_voice,пусса,9,10,4.9,5.24,4,ɑ,a,0,4,5.16,5.24,80.0,s,ɕ,0,0,0,final,1,пусса,3,s,1,130.0,пус,geminate,пусӑ,210.0
utterance_027997,chuvash_voice,пекки,8,9,4.62,5.0,4,i,i,0,4,4.93,5.0,70.0,k,t,0,0,0,final,1,пекки,3,k,1,150.0,пек,geminate,пекӗ,220.0
utterance_028011,chuvash_voice,сасӑ,3,12,2.03,2.66,4,ʌ,ɵ,0,4,2.38,2.66,280.0,s,,0,0,0,final,1,сасӑ,3,s,0,110.0,сас,bare,сасӑ,390.0
utterance_028011,chuvash_voice,сасса,5,12,2.93,3.31,4,ɑ,a,0,4,3.23,3.31,80.0,s,t,0,0,0,final,1,сасса,3,s,1,130.0,сас,geminate,сасӑ,210.0
utterance_028029,chuvash_voice,тулли,5,5,1.92,2.25,4,i,i,0,4,2.14,2.25,110.0,l,,0,0,0,final,1,тулли,3,l,1,90.0,тул,geminate,тулӑ,200.0
utterance_028035,chuvash_voice,тырӑ,3,4,1.25,1.53,4,ʌ,ɵ,0,4,1.49,1.53,40.0,r,j,0,0,0,final,1,тырӑ,3,r,0,50.0,тыр,bare,тырӑ,90.0
utterance_028046,chuvash_voice,хуллен,4,6,1.46,1.9,5,e,e,0,4,1.7,1.81,110.0,l,n,0,0,0,medial,1,хуллен,3,l,1,90.0,хул,geminate,хулӑ,200.0
utterance_028050,chuvash_voice,ҫутӑ,3,8,0.85,1.15,4,ʌ,ɵ,0,4,1.1,1.15,50.0,t,t,0,0,0,final,1,ҫутӑ,3,t,0,50.0,ҫут,bare,ҫутӑ,100.0
utterance_028061,chuvash_voice,турӑ,2,6,1.12,1.38,4,ʌ,ɵ,0,4,1.34,1.38,40.0,r,s,0,0,0,final,1,турӑ,3,r,0,50.0,тур,bare,турӑ,90.0
utterance_028064,chuvash_voice,хушшинче,4,10,2.05,2.56,7,i,i,0,4,2.29,2.35,60.0,ʃ,n,0,0,0,medial,1,хушшинче,3,ʃ,1,130.0,хуш,geminate,хушӑ,190.0
utterance_028078,chuvash_voice,хуллен,6,10,3.48,4.01,5,e,e,0,4,3.81,3.91,100.0,l,n,0,0,0,medial,1,хуллен,3,l,1,100.0,хул,geminate,хулӑ,200.0
utterance_028091,chuvash_voice,хушшинче,8,13,5.3,5.9,7,i,i,0,4,5.55,5.6,50.0,ʃ,n,0,0,0,medial,1,хушшинче,3,ʃ,1,110.0,хуш,geminate,хушӑ,160.0
utterance_028100,chuvash_voice,ҫуррине,2,7,0.66,1.15,6,i,i,0,4,0.93,0.99,60.0,r,n,0,0,0,medial,1,ҫуррине,3,r,1,70.0,ҫур,geminate,ҫурӑ,130.0
utterance_028108,chuvash_voice,тулӑ,7,10,2.39,2.69,4,ʌ,ɵ,0,4,2.63,2.69,60.0,l,p,0,0,0,final,1,тулӑ,3,l,0,120.0,тул,bare,тулӑ,180.0
utterance_028108,chuvash_voice,пусси,8,10,2.69,3.13,4,i,i,0,4,3.01,3.13,120.0,s,χ,0,0,0,final,1,пусси,3,s,1,160.0,пус,geminate,пусӑ,280.0
utterance_028113,chuvash_voice,пеккине,2,5,0.72,1.19,6,i,i,0,4,0.96,1.03,70.0,k,n,0,0,0,medial,1,пеккине,3,k,1,120.0,пек,geminate,пекӗ,190.0
utterance_028113,chuvash_voice,турӑ,5,5,1.89,2.33,4,ʌ,ɵ,0,4,2.14,2.33,190.0,r,,0,0,0,final,1,турӑ,3,r,0,50.0,тур,bare,турӑ,240.0
utterance_028165,chuvash_voice,хушшинчех,6,7,2.43,3.1,8,i,i,0,4,2.72,2.76,40.0,ʃ,n,0,0,0,medial,1,хушшинчех,3,ʃ,1,120.0,хуш,geminate,хушӑ,160.0
utterance_028172,chuvash_voice,тӗррисемпе,7,20,2.97,3.68,9,i,i,0,4,3.18,3.25,70.0,r,s,0,0,0,medial,1,тӗррисемпе,3,r,1,90.0,тӗр,geminate,тӗрӗ,160.0
utterance_028172,chuvash_voice,хуппипе,10,20,5.4,5.78,6,i,i,0,4,5.59,5.67,80.0,p,p,0,0,0,medial,1,хуппипе,3,p,1,60.0,хуп,geminate,хупӑ,140.0
utterance_028173,chuvash_voice,пусӑ,3,7,1.46,1.77,4,ʌ,ɵ,0,4,1.68,1.77,90.0,s,ɕ,0,0,0,final,1,пусӑ,3,s,0,40.0,пус,bare,пусӑ,130.0
utterance_028175,chuvash_voice,хушшинче,2,8,0.66,1.15,7,i,i,0,4,0.89,0.95,60.0,ʃ,n,0,0,0,medial,1,хушшинче,3,ʃ,1,110.0,хуш,geminate,хушӑ,170.0
utterance_028183,chuvash_voice,турра,2,4,0.74,1.08,4,ɑ,a,0,4,0.95,1.08,130.0,r,,0,0,0,final,1,турра,3,r,1,80.0,тур,geminate,турӑ,210.0
utterance_028196,chuvash_voice,турӑ,9,13,3.88,4.16,4,ʌ,ɵ,0,4,4.06,4.16,100.0,r,,0,0,0,final,1,турӑ,3,r,0,40.0,тур,bare,турӑ,140.0
utterance_028216,chuvash_voice,пекки,3,10,1.03,1.38,4,i,i,0,4,1.31,1.38,70.0,k,m,0,0,0,final,1,пекки,3,k,1,110.0,пек,geminate,пекӗ,180.0
utterance_028218,chuvash_voice,сӑрӑ,12,18,7.91,8.32,4,ʌ,ɵ,0,4,8.23,8.32,90.0,r,,0,0,0,final,1,сӑрӑ,3,r,0,40.0,сӑр,bare,сӑрӑ,130.0
utterance_028229,chuvash_voice,сивӗ,2,11,0.82,1.16,4,ɛ,ø,0,4,1.1,1.16,60.0,v,tʃ,0,0,0,final,1,сивӗ,3,v,0,70.0,сив,bare,сивӗ,130.0
utterance_028243,chuvash_voice,хушши,6,18,2.16,2.51,4,i,i,0,4,2.45,2.51,60.0,ʃ,p,0,0,0,final,1,хушши,3,ʃ,1,140.0,хуш,geminate,хушӑ,200.0
utterance_028258,chuvash_voice,хуллен,2,8,1.03,1.49,5,e,e,0,4,1.32,1.42,100.0,l,n,0,0,0,medial,1,хуллен,3,l,1,100.0,хул,geminate,хулӑ,200.0
utterance_028262,chuvash_voice,пуррине,5,10,2.09,2.52,6,i,i,0,4,2.32,2.37,50.0,r,n,0,0,0,medial,1,пуррине,3,r,1,70.0,пур,geminate,пурӑ,120.0
utterance_028263,chuvash_voice,сасса,2,14,0.84,1.22,4,ɑ,a,0,4,1.11,1.22,110.0,s,i,0,1,0,final,1,сасса,3,s,1,110.0,сас,geminate,сасӑ,220.0
utterance_028266,chuvash_voice,хуллинчен,7,10,2.46,3.08,8,i,i,0,4,2.72,2.79,70.0,l,n,0,0,0,medial,1,хуллинчен,3,l,1,70.0,хул,geminate,хулӑ,140.0
utterance_028271,chuvash_voice,сӑввине,19,21,10.82,11.35,6,i,i,0,4,11.16,11.19,30.0,v,n,0,0,0,medial,1,сӑввине,3,v,1,30.0,сӑв,geminate,сӑвӑ,60.0
utterance_028273,chuvash_voice,хуллен,4,8,1.33,1.69,5,e,e,0,4,1.56,1.65,90.0,l,n,0,0,0,medial,1,хуллен,3,l,1,70.0,хул,geminate,хулӑ,160.0
utterance_028312,chuvash_voice,хуллен,3,5,1.39,1.86,5,e,e,0,4,1.68,1.78,100.0,l,n,0,0,0,medial,1,хуллен,3,l,1,100.0,хул,geminate,хулӑ,200.0
utterance_028313,chuvash_voice,хушшинче,5,7,1.99,2.46,7,i,i,0,4,2.2,2.27,70.0,ʃ,n,0,0,0,medial,1,хушшинче,3,ʃ,1,90.0,хуш,geminate,хушӑ,160.0
utterance_028329,chuvash_voice,хушши,3,38,0.76,1.16,4,i,i,0,4,1.05,1.16,110.0,ʃ,v,0,0,0,final,1,хушши,3,ʃ,1,140.0,хуш,geminate,хушӑ,250.0
utterance_028332,chuvash_voice,михӗ,7,13,2.41,2.73,4,ɛ,ø,0,4,2.68,2.73,50.0,χ,,0,0,0,final,1,михӗ,3,χ,0,90.0,мих,bare,михӗ,140.0
utterance_028338,chuvash_voice,касса,5,15,2.03,2.39,4,ɑ,a,0,4,2.3,2.39,90.0,s,χ,0,0,0,final,1,касса,3,s,1,150.0,кас,geminate,касӑ,240.0
utterance_028381,chuvash_voice,сиввӗн,10,12,5.1,5.57,5,ɛ,ø,0,4,5.38,5.48,100.0,v,n,0,0,0,medial,1,сиввӗн,3,v,1,30.0,сив,geminate,сивӗ,130.0
utterance_028382,chuvash_voice,каррипе,8,9,4.22,4.8,6,i,i,0,4,4.51,4.59,80.0,r,p,0,0,0,medial,1,каррипе,3,r,1,130.0,кар,geminate,карӑ,210.0
utterance_028394,chuvash_voice,ҫутта,13,16,6.84,7.31,4,ɑ,a,0,4,7.2,7.31,110.0,t,,0,0,0,final,1,ҫутта,3,t,1,70.0,ҫут,geminate,ҫутӑ,180.0
utterance_028395,chuvash_voice,ҫутӑ,6,8,2.58,2.89,4,ʌ,ɵ,0,4,2.84,2.89,50.0,t,ɕ,0,0,0,final,1,ҫутӑ,3,t,0,70.0,ҫут,bare,ҫутӑ,120.0
utterance_028396,chuvash_voice,вӗтӗ,3,5,1.78,2.04,4,ɛ,ø,0,4,1.97,2.04,70.0,t,ʃ,0,0,0,final,1,вӗтӗ,3,t,0,30.0,вӗт,bare,вӗтӗ,100.0
utterance_028410,chuvash_voice,михӗ,2,6,0.48,0.77,4,ɛ,ø,0,4,0.67,0.77,100.0,χ,ɕ,0,0,0,final,1,михӗ,3,χ,0,50.0,мих,bare,михӗ,150.0
utterance_028411,chuvash_voice,хушшинче,9,15,5.38,5.98,7,i,i,0,4,5.61,5.68,70.0,ʃ,n,0,0,0,medial,1,хушшинче,3,ʃ,1,120.0,хуш,geminate,хушӑ,190.0
utterance_028411,chuvash_voice,кулленхи,13,15,7.85,8.26,7,e,e,0,4,7.97,8.06,90.0,l,n,0,0,0,medial,1,кулленхи,3,l,1,40.0,кул,geminate,кулӑ,130.0
utterance_028422,chuvash_voice,ватӑ,6,9,3.18,3.48,4,ʌ,ɵ,0,4,3.45,3.48,30.0,t,r,0,0,0,final,1,ватӑ,3,t,0,70.0,ват,bare,ватӑ,100.0
utterance_028442,chuvash_voice,сӑвӑ,9,10,3.12,3.39,4,ʌ,ɵ,0,4,3.33,3.39,60.0,v,ɕ,0,0,0,final,1,сӑвӑ,3,v,0,40.0,сӑв,bare,сӑвӑ,100.0
utterance_028464,chuvash_voice,хуллен,3,7,1.77,2.27,5,e,e,0,4,2.08,2.18,100.0,l,n,0,0,0,medial,1,хуллен,3,l,1,100.0,хул,geminate,хулӑ,200.0
utterance_028497,chuvash_voice,хушши,3,7,1.1,1.49,4,i,i,0,4,1.41,1.49,80.0,ʃ,p,0,0,0,final,1,хушши,3,ʃ,1,140.0,хуш,geminate,хушӑ,220.0
utterance_028518,chuvash_voice,ватӑ,1,5,0.69,1.0,4,ʌ,ɵ,0,4,0.96,1.0,40.0,t,ɕ,0,0,0,final,1,ватӑ,3,t,0,60.0,ват,bare,ватӑ,100.0
utterance_028529,chuvash_voice,нӑрра,6,19,2.26,2.55,4,ɑ,a,0,4,2.45,2.55,100.0,r,t,0,0,0,final,1,нӑрра,3,r,1,80.0,нӑр,geminate,нӑрӑ,180.0
utterance_028537,chuvash_voice,хушшинче,2,13,0.85,1.33,7,i,i,0,4,1.1,1.15,50.0,ʃ,n,0,0,0,medial,1,хушшинче,3,ʃ,1,120.0,хуш,geminate,хушӑ,170.0
utterance_028575,chuvash_voice,касса,8,20,3.9,4.24,4,ɑ,a,0,4,4.18,4.24,60.0,s,i,0,1,0,final,1,касса,3,s,1,130.0,кас,geminate,касӑ,190.0
utterance_028575,chuvash_voice,сивӗ,17,20,7.95,8.32,4,ɛ,ø,0,4,8.23,8.32,90.0,v,ɕ,0,0,0,final,1,сивӗ,3,v,0,50.0,сив,bare,сивӗ,140.0
utterance_028590,chuvash_voice,кулли,3,4,1.06,1.5,4,i,i,0,4,1.37,1.5,130.0,l,v,0,0,0,final,1,кулли,3,l,1,120.0,кул,geminate,кулӑ,250.0
utterance_028602,chuvash_voice,кассинче,5,10,1.86,2.36,7,i,i,0,4,2.11,2.17,60.0,s,n,0,0,0,medial,1,кассинче,3,s,1,100.0,кас,geminate,касӑ,160.0
utterance_028616,chuvash_voice,тырӑ,7,12,3.36,3.6,4,ʌ,ɵ,0,4,3.55,3.6,50.0,r,p,0,0,0,final,1,тырӑ,3,r,0,60.0,тыр,bare,тырӑ,110.0
utterance_028622,chuvash_voice,хушшине,9,11,3.84,4.34,6,i,i,0,4,4.12,4.19,70.0,ʃ,n,0,0,0,medial,1,хушшине,3,ʃ,1,130.0,хуш,geminate,хушӑ,200.0
utterance_028667,chuvash_voice,хушшине,2,24,0.64,1.14,6,i,i,0,4,0.93,0.98,50.0,ʃ,n,0,0,0,medial,1,хушшине,3,ʃ,1,130.0,хуш,geminate,хушӑ,180.0
utterance_028700,chuvash_voice,ватӑ,3,20,1.23,1.55,4,ʌ,ɵ,0,4,1.47,1.55,80.0,t,p,0,0,0,final,1,ватӑ,3,t,0,60.0,ват,bare,ватӑ,140.0
utterance_028725,chuvash_voice,тырӑ,5,6,1.4,1.7,4,ʌ,ɵ,0,4,1.63,1.7,70.0,r,v,0,0,0,final,1,тырӑ,3,r,0,50.0,тыр,bare,тырӑ,120.0
utterance_028751,chuvash_voice,ваттисен,1,8,0.52,1.01,7,i,i,0,4,0.77,0.8,30.0,t,s,0,0,0,medial,1,ваттисен,3,t,1,60.0,ват,geminate,ватӑ,90.0
utterance_028790,chuvash_voice,тулли,12,15,5.1,5.45,4,i,i,0,4,5.38,5.45,70.0,l,,0,0,0,final,1,тулли,3,l,1,170.0,тул,geminate,тулӑ,240.0
utterance_028803,chuvash_voice,тӗрӗ,10,15,5.59,5.94,4,ɛ,ø,0,4,5.83,5.94,110.0,r,k,0,0,0,final,1,тӗрӗ,3,r,0,40.0,тӗр,bare,тӗрӗ,150.0
utterance_028832,chuvash_voice,хушшинчен,2,5,0.71,1.37,8,i,i,0,4,0.94,0.99,50.0,ʃ,n,0,0,0,medial,1,хушшинчен,3,ʃ,1,120.0,хуш,geminate,хушӑ,170.0
utterance_028848,chuvash_voice,туллиехчӗ,7,7,2.56,3.5,8,i,i,0,4,2.83,2.95,120.0,l,e,0,1,0,medial,1,туллиехчӗ,3,l,1,100.0,тул,geminate,тулӑ,220.0
utterance_028860,chuvash_voice,хушшинчен,5,11,2.41,3.11,8,i,i,0,4,2.68,2.73,50.0,ʃ,n,0,0,0,medial,1,хушшинчен,3,ʃ,1,130.0,хуш,geminate,хушӑ,180.0
utterance_028860,chuvash_voice,кимӗ,7,11,3.59,3.88,4,ɛ,ø,0,4,3.81,3.88,70.0,m,p,0,0,0,final,1,кимӗ,3,m,0,70.0,ким,bare,кимӗ,140.0
utterance_028869,chuvash_voice,хуллен,5,12,2.05,2.43,5,e,e,0,4,2.28,2.39,110.0,l,n,0,0,0,medial,1,хуллен,3,l,1,90.0,хул,geminate,хулӑ,200.0
utterance_028914,chuvash_voice,каррисем,30,37,16.88,17.44,7,i,i,0,4,17.11,17.17,60.0,r,s,0,0,0,medial,1,каррисем,3,r,1,100.0,кар,geminate,карӑ,160.0
utterance_028915,chuvash_voice,сасси,12,24,5.98,6.39,4,i,i,0,4,6.33,6.39,60.0,s,p,0,0,0,final,1,сасси,3,s,1,140.0,сас,geminate,сасӑ,200.0
utterance_028928,chuvash_voice,хуллен,30,32,18.1,18.55,5,e,e,0,4,18.36,18.46,100.0,l,n,0,0,0,medial,1,хуллен,3,l,1,90.0,хул,geminate,хулӑ,190.0
utterance_028939,chuvash_voice,сассисем,2,4,0.56,1.18,7,i,i,0,4,0.86,0.93,70.0,s,s,0,0,0,medial,1,сассисем,3,s,1,120.0,сас,geminate,сасӑ,190.0
utterance_028958,chuvash_voice,ватӑ,3,10,1.45,1.73,4,ʌ,ɵ,0,4,1.68,1.73,50.0,t,ɕ,0,0,0,final,1,ватӑ,3,t,0,70.0,ват,bare,ватӑ,120.0
utterance_028960,chuvash_voice,хушӑ,12,16,4.87,5.27,4,ʌ,ɵ,0,4,5.21,5.27,60.0,ʃ,j,0,0,0,final,1,хушӑ,3,ʃ,0,90.0,хуш,bare,хушӑ,150.0
utterance_028964,chuvash_voice,сасӑ,8,22,2.92,3.23,4,ʌ,ɵ,0,4,3.17,3.23,60.0,s,p,0,0,0,final,1,сасӑ,3,s,0,80.0,сас,bare,сасӑ,140.0
utterance_028971,chuvash_voice,ҫӗвӗ,11,14,4.62,5.06,4,ɛ,ø,0,4,4.96,5.06,100.0,v,m,0,0,0,final,1,ҫӗвӗ,3,v,0,70.0,ҫӗв,bare,ҫӗвӗ,170.0
utterance_028980,chuvash_voice,сасси,5,11,2.21,2.68,4,i,i,0,4,2.54,2.68,140.0,s,,0,0,0,final,1,сасси,3,s,1,170.0,сас,geminate,сасӑ,310.0
utterance_028998,chuvash_voice,тӗрӗ,6,14,2.4,2.72,4,ɛ,ø,0,4,2.58,2.72,140.0,r,,0,0,0,final,1,тӗрӗ,3,r,0,30.0,тӗр,bare,тӗрӗ,170.0
utterance_028998,chuvash_voice,тӗрри,14,14,7.4,7.76,4,i,i,0,4,7.61,7.76,150.0,r,,0,0,0,final,1,тӗрри,3,r,1,100.0,тӗр,geminate,тӗрӗ,250.0
utterance_029012,chuvash_voice,сассинче,9,30,4.39,4.99,7,i,i,0,4,4.7,4.74,40.0,s,n,0,0,0,medial,1,сассинче,3,s,1,140.0,сас,geminate,сасӑ,180.0
utterance_029012,chuvash_voice,кӗввине,12,30,6.11,6.53,6,i,i,0,4,6.38,6.41,30.0,v,n,0,0,0,medial,1,кӗввине,3,v,1,30.0,кӗв,geminate,кӗвӗ,60.0
utterance_029017,chuvash_voice,хушшинче,4,12,1.99,2.48,7,i,i,0,4,2.23,2.28,50.0,ʃ,n,0,0,0,medial,1,хушшинче,3,ʃ,1,160.0,хуш,geminate,хушӑ,210.0
utterance_029044,chuvash_voice,ҫӗҫҫе,6,12,2.66,3.15,4,e,e,0,4,3.0,3.15,150.0,ɕ,ʃ,0,0,0,final,1,ҫӗҫҫе,3,ɕ,1,160.0,ҫӗҫ,geminate,ҫӗҫӗ,310.0
utterance_029046,chuvash_voice,хуллен,5,7,2.3,2.64,5,e,e,0,4,2.51,2.58,70.0,l,n,0,0,0,medial,1,хуллен,3,l,1,80.0,хул,geminate,хулӑ,150.0
utterance_029057,chuvash_voice,ҫутӑ,2,4,0.5,0.86,4,ʌ,ɵ,0,4,0.76,0.86,100.0,t,p,0,0,0,final,1,ҫутӑ,3,t,0,70.0,ҫут,bare,ҫутӑ,170.0
utterance_029058,chuvash_voice,ҫурӑ,4,6,0.69,0.94,4,ʌ,ɵ,0,4,0.91,0.94,30.0,r,ɕ,0,0,0,final,1,ҫурӑ,3,r,0,30.0,ҫур,bare,ҫурӑ,60.0
utterance_029060,chuvash_voice,ташӑ,3,15,1.57,1.87,4,ʌ,ɵ,0,4,1.83,1.87,40.0,ʃ,χ,0,0,0,final,1,ташӑ,3,ʃ,0,100.0,таш,bare,ташӑ,140.0
utterance_029068,chuvash_voice,хушшине,2,5,0.58,1.2,6,i,i,0,4,0.9,0.97,70.0,ʃ,n,0,0,0,medial,1,хушшине,3,ʃ,1,130.0,хуш,geminate,хушӑ,200.0
utterance_029076,chuvash_voice,сӑрӑ,19,21,13.82,14.13,4,ʌ,ɵ,0,4,14.02,14.13,110.0,r,k,0,0,0,final,1,сӑрӑ,3,r,0,50.0,сӑр,bare,сӑрӑ,160.0
utterance_029143,chuvash_voice,ватӑ,9,15,4.34,4.66,4,ʌ,ɵ,0,4,4.6,4.66,60.0,t,u,0,1,0,final,1,ватӑ,3,t,0,60.0,ват,bare,ватӑ,120.0
utterance_029160,chuvash_voice,сасӑ,5,6,1.25,1.59,4,ʌ,ɵ,0,4,1.51,1.59,80.0,s,p,0,0,0,final,1,сасӑ,3,s,0,70.0,сас,bare,сасӑ,150.0
utterance_029170,chuvash_voice,сӑвӑ,4,5,2.31,2.55,4,ʌ,ɵ,0,4,2.52,2.55,30.0,v,v,0,0,0,final,1,сӑвӑ,3,v,0,50.0,сӑв,bare,сӑвӑ,80.0
utterance_029192,chuvash_voice,тӗккелесе,3,9,1.35,2.04,8,e,e,0,4,1.64,1.67,30.0,k,l,0,0,0,medial,1,тӗккелесе,3,k,1,80.0,тӗк,geminate,тӗкӗ,110.0
utterance_029205,chuvash_voice,хуллен,2,8,0.98,1.38,5,e,e,0,4,1.24,1.34,100.0,l,n,0,0,0,medial,1,хуллен,3,l,1,60.0,хул,geminate,хулӑ,160.0
utterance_029209,chuvash_voice,хуллен,17,19,7.46,7.98,5,e,e,0,4,7.79,7.93,140.0,l,n,0,0,0,medial,1,хуллен,3,l,1,110.0,хул,geminate,хулӑ,250.0
utterance_029212,chuvash_voice,хушӑ,4,11,1.69,2.05,4,ʌ,ɵ,0,4,1.99,2.05,60.0,ʃ,s,0,0,0,final,1,хушӑ,3,ʃ,0,100.0,хуш,bare,хушӑ,160.0
utterance_029215,chuvash_voice,пулла,3,9,0.41,0.73,4,ɑ,a,0,4,0.63,0.73,100.0,l,u,0,1,0,final,1,пулла,3,l,1,120.0,пул,geminate,пулӑ,220.0
utterance_029225,chuvash_voice,хушши,17,35,8.07,8.39,4,i,i,0,4,8.34,8.39,50.0,ʃ,t,0,0,0,final,1,хушши,3,ʃ,1,100.0,хуш,geminate,хушӑ,150.0
utterance_029239,chuvash_voice,пӗҫӗ,7,12,3.02,3.33,4,ɛ,ø,0,4,3.28,3.33,50.0,ɕ,p,0,0,0,final,1,пӗҫӗ,3,ɕ,0,110.0,пӗҫ,bare,пӗҫӗ,160.0
utterance_029247,chuvash_voice,тӗссӗррӗн,10,12,3.75,4.27,7,ɛ,ø,0,4,4.03,4.1,70.0,s,r,0,0,0,medial,1,тӗссӗррӗн,3,s,1,140.0,тӗс,geminate,тӗсӗ,210.0
utterance_029247,chuvash_voice,тӗссӗррӗн,10,12,3.75,4.27,7,ɛ,ø,0,6,4.15,4.21,60.0,r,n,0,0,0,medial,1,тӗссӗррӗн,5,r,1,50.0,тӗс,geminate,тӗсӗ,110.0
utterance_029281,chuvash_voice,ваттисем,1,5,0.42,0.94,7,i,i,0,4,0.65,0.72,70.0,t,s,0,0,0,medial,1,ваттисем,3,t,1,80.0,ват,geminate,ватӑ,150.0
utterance_029291,chuvash_voice,хуллентерех,6,7,2.42,3.17,10,e,e,0,4,2.69,2.8,110.0,l,n,0,0,0,medial,1,хуллентерех,3,l,1,60.0,хул,geminate,хулӑ,170.0
utterance_029307,chuvash_voice,куллен,3,6,0.97,1.46,5,e,e,0,4,1.22,1.38,160.0,l,n,0,0,0,medial,1,куллен,3,l,1,40.0,кул,geminate,кулӑ,200.0
utterance_029312,chuvash_voice,ватӑ,6,11,1.74,2.13,4,ʌ,ɵ,0,4,1.99,2.13,140.0,t,v,0,0,0,final,1,ватӑ,3,t,0,70.0,ват,bare,ватӑ,210.0
utterance_029317,chuvash_voice,пеккине,3,11,0.76,1.24,6,i,i,0,4,0.99,1.06,70.0,k,n,0,0,0,medial,1,пеккине,3,k,1,100.0,пек,geminate,пекӗ,170.0
utterance_029328,chuvash_voice,сивӗ,2,15,0.73,1.3,4,ɛ,ø,0,4,1.05,1.3,250.0,v,,0,0,0,final,1,сивӗ,3,v,0,60.0,сив,bare,сивӗ,310.0
utterance_029330,chuvash_voice,пусса,6,7,3.54,3.89,4,ɑ,a,0,4,3.79,3.89,100.0,s,i,0,1,0,final,1,пусса,3,s,1,140.0,пус,geminate,пусӑ,240.0
utterance_029341,chuvash_voice,турӑ,2,6,0.66,0.9,4,ʌ,ɵ,0,4,0.84,0.9,60.0,r,,0,0,0,final,1,турӑ,3,r,0,50.0,тур,bare,турӑ,110.0
utterance_029360,chuvash_voice,пекки,2,6,0.52,0.88,4,i,i,0,4,0.74,0.88,140.0,k,p,0,0,0,final,1,пекки,3,k,1,100.0,пек,geminate,пекӗ,240.0
utterance_029370,chuvash_voice,ваттисем,1,4,0.22,0.84,7,i,i,0,4,0.48,0.56,80.0,t,s,0,0,0,medial,1,ваттисем,3,t,1,120.0,ват,geminate,ватӑ,200.0
utterance_029371,chuvash_voice,ҫутӑ,5,5,1.5,1.97,4,ʌ,ɵ,0,4,1.78,1.97,190.0,t,,0,0,0,final,1,ҫутӑ,3,t,0,80.0,ҫут,bare,ҫутӑ,270.0
utterance_029381,chuvash_voice,ҫутӑ,5,5,2.0,2.43,4,ʌ,ɵ,0,4,2.3,2.43,130.0,t,,0,0,0,final,1,ҫутӑ,3,t,0,90.0,ҫут,bare,ҫутӑ,220.0
utterance_029401,chuvash_voice,хуллен,5,23,1.51,1.99,5,e,e,0,4,1.77,1.92,150.0,l,n,0,0,0,medial,1,хуллен,3,l,1,100.0,хул,geminate,хулӑ,250.0
utterance_029425,chuvash_voice,йытти,2,6,0.87,1.23,4,i,i,0,4,1.11,1.23,120.0,t,u,0,1,0,final,1,йытти,3,t,1,130.0,йыт,geminate,йытӑ,250.0
utterance_029431,chuvash_voice,ҫутӑ,10,13,6.24,6.64,4,ʌ,ɵ,0,4,6.59,6.64,50.0,t,ɕ,0,0,0,final,1,ҫутӑ,3,t,0,60.0,ҫут,bare,ҫутӑ,110.0
utterance_029447,chuvash_voice,сивӗ,2,4,0.57,0.96,4,ɛ,ø,0,4,0.86,0.96,100.0,v,t,0,0,0,final,1,сивӗ,3,v,0,80.0,сив,bare,сивӗ,180.0
utterance_029458,chuvash_voice,сассӑр,2,12,0.6,1.04,5,ʌ,ɵ,0,4,0.93,0.98,50.0,s,r,0,0,0,medial,1,сассӑр,3,s,1,120.0,сас,geminate,сасӑ,170.0
utterance_029458,chuvash_voice,хуллен,10,12,4.86,5.27,5,e,e,0,4,5.11,5.23,120.0,l,n,0,0,0,medial,1,хуллен,3,l,1,110.0,хул,geminate,хулӑ,230.0
utterance_029485,chuvash_voice,кулленех,1,4,0.0,1.12,7,e,e,0,4,0.85,0.96,110.0,l,n,0,0,0,medial,1,кулленех,3,l,1,60.0,кул,geminate,кулӑ,170.0
utterance_029488,chuvash_voice,куллен,7,12,2.39,2.76,5,e,e,0,4,2.61,2.71,100.0,l,n,0,0,0,medial,1,куллен,3,l,1,110.0,кул,geminate,кулӑ,210.0
utterance_029525,chuvash_voice,хушшинчи,2,10,0.84,1.4,7,i,i,0,4,1.07,1.13,60.0,ʃ,n,0,0,0,medial,1,хушшинчи,3,ʃ,1,110.0,хуш,geminate,хушӑ,170.0
utterance_029533,chuvash_voice,тырӑ,19,23,10.45,10.73,4,ʌ,ɵ,0,4,10.65,10.73,80.0,r,v,0,0,0,final,1,тырӑ,3,r,0,60.0,тыр,bare,тырӑ,140.0
utterance_029547,chuvash_voice,сасси,1,4,0.44,0.91,4,i,i,0,4,0.81,0.91,100.0,s,u,0,1,0,final,1,сасси,3,s,1,130.0,сас,geminate,сасӑ,230.0
utterance_029553,chuvash_voice,турӑ,2,5,1.19,1.43,4,ʌ,ɵ,0,4,1.39,1.43,40.0,r,s,0,0,0,final,1,турӑ,3,r,0,30.0,тур,bare,турӑ,70.0
utterance_029555,chuvash_voice,вӑрӑ,1,6,0.35,0.69,4,ʌ,ɵ,0,4,0.64,0.69,50.0,r,χ,0,0,0,final,1,вӑрӑ,3,r,0,70.0,вӑр,bare,вӑрӑ,120.0
utterance_029572,chuvash_voice,кимӗ,16,23,7.62,7.96,4,ɛ,ø,0,4,7.89,7.96,70.0,m,u,0,1,0,final,1,кимӗ,3,m,0,70.0,ким,bare,кимӗ,140.0
utterance_029580,chuvash_voice,сассине,1,18,0.17,0.75,6,i,i,0,4,0.51,0.58,70.0,s,n,0,0,0,medial,1,сассине,3,s,1,130.0,сас,geminate,сасӑ,200.0
utterance_029592,chuvash_voice,сасси,6,10,3.85,4.23,4,i,i,0,4,4.15,4.23,80.0,s,t,0,0,0,final,1,сасси,3,s,1,140.0,сас,geminate,сасӑ,220.0
utterance_029592,chuvash_voice,хуллен,8,10,4.36,4.87,5,e,e,0,4,4.63,4.75,120.0,l,n,0,0,0,medial,1,хуллен,3,l,1,80.0,хул,geminate,хулӑ,200.0
utterance_029618,chuvash_voice,тӗссӗрленнӗ,8,15,3.21,3.91,9,ɛ,ø,0,4,3.5,3.55,50.0,s,r,0,0,0,medial,1,тӗссӗрленнӗ,3,s,1,130.0,тӗс,geminate,тӗсӗ,180.0
utterance_029618,chuvash_voice,тӗссӗрленнӗ,8,15,3.21,3.91,9,ɛ,ø,0,9,3.84,3.91,70.0,n,k,0,0,0,final,1,тӗссӗрленнӗ,8,n,1,60.0,тӗс,geminate,тӗсӗ,130.0
utterance_029641,chuvash_voice,тӗвӗ,6,8,2.77,3.05,4,ɛ,ø,0,4,2.97,3.05,80.0,v,t,0,0,0,final,1,тӗвӗ,3,v,0,50.0,тӗв,bare,тӗвӗ,130.0
utterance_029659,chuvash_voice,хуллен-хуллен,5,25,2.66,3.4,10,e,e,0,4,2.86,2.97,110.0,l,n,0,0,0,medial,1,хуллен-хуллен,3,l,1,80.0,хул,geminate,хулӑ,190.0
utterance_029659,chuvash_voice,хуллен-хуллен,5,25,2.66,3.4,10,e,e,0,9,3.27,3.35,80.0,l,n,0,0,0,medial,1,хуллен-хуллен,8,l,1,70.0,хул,geminate,хулӑ,150.0
utterance_029689,chuvash_voice,сасси,3,4,1.56,1.93,4,i,i,0,4,1.88,1.93,50.0,s,i,0,1,0,final,1,сасси,3,s,1,140.0,сас,geminate,сасӑ,190.0
utterance_029709,chuvash_voice,тыррине,6,17,2.87,3.38,6,i,i,0,4,3.05,3.12,70.0,r,n,0,0,0,medial,1,тыррине,3,r,1,80.0,тыр,geminate,тырӑ,150.0
utterance_029731,chuvash_voice,хушшине,4,18,1.72,2.2,6,i,i,0,4,2.02,2.07,50.0,ʃ,n,0,0,0,medial,1,хушшине,3,ʃ,1,130.0,хуш,geminate,хушӑ,180.0
utterance_029738,chuvash_voice,ҫутӑ,4,4,1.8,2.28,4,ʌ,ɵ,0,4,2.09,2.28,190.0,t,,0,0,0,final,1,ҫутӑ,3,t,0,80.0,ҫут,bare,ҫутӑ,270.0
utterance_029742,chuvash_voice,сассине,14,15,6.85,7.44,6,i,i,0,4,7.21,7.26,50.0,s,n,0,0,0,medial,1,сассине,3,s,1,130.0,сас,geminate,сасӑ,180.0
utterance_029748,chuvash_voice,сиввӗн,3,7,1.46,1.84,5,ɛ,ø,0,4,1.7,1.77,70.0,v,n,0,0,0,medial,1,сиввӗн,3,v,1,30.0,сив,geminate,сивӗ,100.0
utterance_029774,chuvash_voice,ҫаннисене,21,45,11.0,11.76,8,i,i,0,4,11.33,11.4,70.0,n,s,0,0,0,medial,1,ҫаннисене,3,n,1,80.0,ҫан,geminate,ҫанӑ,150.0
utterance_029774,chuvash_voice,хуллен,25,45,13.88,14.3,5,e,e,0,4,14.04,14.24,200.0,l,n,0,0,0,medial,1,хуллен,3,l,1,30.0,хул,geminate,хулӑ,230.0
utterance_029775,chuvash_voice,сулланкаласа,23,25,13.02,13.87,11,ɑ,a,0,4,13.26,13.36,100.0,l,n,0,0,0,medial,1,сулланкаласа,3,l,1,60.0,сул,geminate,сулӑ,160.0
utterance_029776,chuvash_voice,хупӑ,2,6,0.44,0.77,4,ʌ,ɵ,0,4,0.71,0.77,60.0,p,t,0,0,0,final,1,хупӑ,3,p,0,60.0,хуп,bare,хупӑ,120.0
utterance_029776,chuvash_voice,сассипе,5,6,1.49,2.0,6,i,i,0,4,1.8,1.87,70.0,s,p,0,0,0,medial,1,сассипе,3,s,1,140.0,сас,geminate,сасӑ,210.0
utterance_029783,chuvash_voice,каррисем,3,4,1.28,1.84,7,i,i,0,4,1.51,1.59,80.0,r,s,0,0,0,medial,1,каррисем,3,r,1,60.0,кар,geminate,карӑ,140.0
utterance_029798,chuvash_voice,пушӑ,7,22,3.66,3.96,4,ʌ,ɵ,0,4,3.89,3.96,70.0,ʃ,t,0,0,0,final,1,пушӑ,3,ʃ,0,60.0,пуш,bare,пушӑ,130.0
utterance_029798,chuvash_voice,пушӑ,12,22,5.73,6.07,4,ʌ,ɵ,0,4,6.04,6.07,30.0,ʃ,,0,0,0,final,1,пушӑ,3,ʃ,0,100.0,пуш,bare,пушӑ,130.0
utterance_029798,chuvash_voice,сасӑ,19,22,10.44,10.81,4,ʌ,ɵ,0,4,10.77,10.81,40.0,s,k,0,0,0,final,1,сасӑ,3,s,0,80.0,сас,bare,сасӑ,120.0
utterance_029812,chuvash_voice,хуллен-хулленех,9,12,4.06,5.12,12,e,e,0,4,4.38,4.49,110.0,l,n,0,0,0,medial,1,хуллен-хулленех,3,l,1,110.0,хул,geminate,хулӑ,220.0
utterance_029812,chuvash_voice,хуллен-хулленех,9,12,4.06,5.12,12,e,e,0,9,4.77,4.86,90.0,l,n,0,0,0,medial,1,хуллен-хулленех,8,l,1,60.0,хул,geminate,хулӑ,150.0
utterance_029835,chuvash_voice,пуххине,29,31,11.56,11.99,6,i,i,0,4,11.81,11.87,60.0,χ,n,0,0,0,medial,1,пуххине,3,χ,1,110.0,пух,geminate,пухӑ,170.0
utterance_029844,chuvash_voice,кӗллӗ,3,4,1.42,1.78,4,ɛ,ø,0,4,1.69,1.78,90.0,l,ɕ,0,0,0,final,1,кӗллӗ,3,l,1,100.0,кӗл,geminate,кӗлӗ,190.0
