multiset,sN,word_label,seq,tokens,full_pos,is_final_full,orders,types,tokens_in_set,full_positions,dissociates
aɵ,2,кайнӑ,aɵ,329,1,0,2,573,9663,2,TRUE
aɵ,2,манӑн,aɵ,250,1,0,2,573,9663,2,TRUE
aɵ,2,ҫавӑн,aɵ,242,1,0,2,573,9663,2,TRUE
aɵ,2,акӑ,aɵ,241,1,0,2,573,9663,2,TRUE
aɵ,2,панӑ,aɵ,235,1,0,2,573,9663,2,TRUE
aɵ,2,халӑх,aɵ,169,1,0,2,573,9663,2,TRUE
aɵ,2,паллӑ,aɵ,162,1,0,2,573,9663,2,TRUE
aɵ,2,ларнӑ,aɵ,158,1,0,2,573,9663,2,TRUE
aɵ,2,янӑ,aɵ,138,1,0,2,573,9663,2,TRUE
aɵ,2,аслӑ,aɵ,131,1,0,2,573,9663,2,TRUE
aɵ,2,ҫакӑн,aɵ,124,1,0,2,573,9663,2,TRUE
aɵ,2,алӑ,aɵ,119,1,0,2,573,9663,2,TRUE
aɵ,2,ҫамрӑк,aɵ,114,1,0,2,573,9663,2,TRUE
aɵ,2,санӑн,aɵ,95,1,0,2,573,9663,2,TRUE
aɵ,2,каччӑ,aɵ,92,1,0,2,573,9663,2,TRUE
aɵ,2,лартнӑ,aɵ,89,1,0,2,573,9663,2,TRUE
aɵ,2,ватӑ,aɵ,76,1,0,2,573,9663,2,TRUE
aɵ,2,алӑк,aɵ,57,1,0,2,573,9663,2,TRUE
aɵ,2,хамӑр,aɵ,56,1,0,2,573,9663,2,TRUE
aɵ,2,лайӑх,aɵ,55,1,0,2,573,9663,2,TRUE
aɵ,2,чаплӑ,aɵ,50,1,0,2,573,9663,2,TRUE
aɵ,2,ҫакӑ,aɵ,48,1,0,2,573,9663,2,TRUE
aɵ,2,сарӑ,aɵ,48,1,0,2,573,9663,2,TRUE
aɵ,2,яхӑн,aɵ,47,1,0,2,573,9663,2,TRUE
aɵ,2,авӑ,aɵ,47,1,0,2,573,9663,2,TRUE
aɵ,2,тарӑн,aɵ,46,1,0,2,573,9663,2,TRUE
aɵ,2,сасӑ,aɵ,44,1,0,2,573,9663,2,TRUE
aɵ,2,атӑл,aɵ,44,1,0,2,573,9663,2,TRUE
aɵ,2,хамӑн,aɵ,43,1,0,2,573,9663,2,TRUE
aɵ,2,ятлӑ,aɵ,38,1,0,2,573,9663,2,TRUE
aɵ,2,арӑм,aɵ,36,1,0,2,573,9663,2,TRUE
aɵ,2,анлӑ,aɵ,36,1,0,2,573,9663,2,TRUE
aɵ,2,майлӑ,aɵ,35,1,0,2,573,9663,2,TRUE
aɵ,2,павӑл,aɵ,35,1,0,2,573,9663,2,TRUE
aɵ,2,аннӑ,aɵ,31,1,0,2,573,9663,2,TRUE
aɵ,2,чарнӑ,aɵ,30,1,0,2,573,9663,2,TRUE
aɵ,2,атӑ,aɵ,28,1,0,2,573,9663,2,TRUE
aɵ,2,кайрӑм,aɵ,27,1,0,2,573,9663,2,TRUE
aɵ,2,маншӑн,aɵ,26,1,0,2,573,9663,2,TRUE
aɵ,2,савӑт,aɵ,25,1,0,2,573,9663,2,TRUE
aɵ,2,япӑх,aɵ,24,1,0,2,573,9663,2,TRUE
aɵ,2,ҫавӑ,aɵ,23,1,0,2,573,9663,2,TRUE
aɵ,2,каснӑ,aɵ,21,1,0,2,573,9663,2,TRUE
aɵ,2,саккӑр,aɵ,21,1,0,2,573,9663,2,TRUE
aɵ,2,хаклӑ,aɵ,18,1,0,2,573,9663,2,TRUE
aɵ,2,чакнӑ,aɵ,18,1,0,2,573,9663,2,TRUE
aɵ,2,карчӑк,aɵ,18,1,0,2,573,9663,2,TRUE
aɵ,2,калӑн,aɵ,17,1,0,2,573,9663,2,TRUE
aɵ,2,ятӑм,aɵ,17,1,0,2,573,9663,2,TRUE
aɵ,2,палӑк,aɵ,17,1,0,2,573,9663,2,TRUE
aɵ,2,маннӑ,aɵ,16,1,0,2,573,9663,2,TRUE
aɵ,2,шаннӑ,aɵ,16,1,0,2,573,9663,2,TRUE
aɵ,2,ташӑ,aɵ,15,1,0,2,573,9663,2,TRUE
aɵ,2,ҫапнӑ,aɵ,13,1,0,2,573,9663,2,TRUE
aɵ,2,татӑк,aɵ,13,1,0,2,573,9663,2,TRUE
aɵ,2,тарнӑ,aɵ,12,1,0,2,573,9663,2,TRUE
aɵ,2,тапхӑр,aɵ,12,1,0,2,573,9663,2,TRUE
aɵ,2,явнӑ,aɵ,12,1,0,2,573,9663,2,TRUE
aɵ,2,саншӑн,aɵ,12,1,0,2,573,9663,2,TRUE
aɵ,2,каҫнӑ,aɵ,12,1,0,2,573,9663,2,TRUE
aɵ,2,каҫӑ,aɵ,12,1,0,2,573,9663,2,TRUE
aɵ,2,сахӑр,aɵ,11,1,0,2,573,9663,2,TRUE
aɵ,2,шавлӑ,aɵ,11,1,0,2,573,9663,2,TRUE
aɵ,2,ҫанӑ,aɵ,11,1,0,2,573,9663,2,TRUE
aɵ,2,парӑм,aɵ,11,1,0,2,573,9663,2,TRUE
aɵ,2,патӑм,aɵ,10,1,0,2,573,9663,2,TRUE
aɵ,2,капӑр,aɵ,10,1,0,2,573,9663,2,TRUE
aɵ,2,татнӑ,aɵ,10,1,0,2,573,9663,2,TRUE
aɵ,2,талӑк,aɵ,10,1,0,2,573,9663,2,TRUE
aɵ,2,камӑн,aɵ,10,1,0,2,573,9663,2,TRUE
aɵ,2,канӑҫ,aɵ,9,1,0,2,573,9663,2,TRUE
aɵ,2,авӑр,aɵ,9,1,0,2,573,9663,2,TRUE
aɵ,2,каннӑ,aɵ,9,1,0,2,573,9663,2,TRUE
aɵ,2,савнӑ,aɵ,9,1,0,2,573,9663,2,TRUE
aɵ,2,харӑс,aɵ,9,1,0,2,573,9663,2,TRUE
aɵ,2,парӑр,aɵ,9,1,0,2,573,9663,2,TRUE
aɵ,2,аллӑ,aɵ,9,1,0,2,573,9663,2,TRUE
aɵ,2,паттӑр,aɵ,9,1,0,2,573,9663,2,TRUE
aɵ,2,лавҫӑ,aɵ,8,1,0,2,573,9663,2,TRUE
aɵ,2,парӑп,aɵ,8,1,0,2,573,9663,2,TRUE
aɵ,2,намӑс,aɵ,8,1,0,2,573,9663,2,TRUE
aɵ,2,авӑн,aɵ,8,1,0,2,573,9663,2,TRUE
aɵ,2,аллӑн,aɵ,8,1,0,2,573,9663,2,TRUE
aɵ,2,каччӑн,aɵ,8,1,0,2,573,9663,2,TRUE
aɵ,2,кайрӑн,aɵ,7,1,0,2,573,9663,2,TRUE
aɵ,2,ансӑр,aɵ,7,1,0,2,573,9663,2,TRUE
aɵ,2,чавнӑ,aɵ,7,1,0,2,573,9663,2,TRUE
aɵ,2,харӑк,aɵ,7,1,0,2,573,9663,2,TRUE
aɵ,2,тавӑҫ,aɵ,7,1,0,2,573,9663,2,TRUE
aɵ,2,ялӑн,aɵ,6,1,0,2,573,9663,2,TRUE
aɵ,2,акнӑ,aɵ,6,1,0,2,573,9663,2,TRUE
aɵ,2,ҫапӑ,aɵ,6,1,0,2,573,9663,2,TRUE
aɵ,2,тачӑ,aɵ,6,1,0,2,573,9663,2,TRUE
aɵ,2,манӑр,aɵ,6,1,0,2,573,9663,2,TRUE
aɵ,2,ҫакнӑ,aɵ,6,1,0,2,573,9663,2,TRUE
aɵ,2,сансӑр,aɵ,6,1,0,2,573,9663,2,TRUE
aɵ,2,хапӑл,aɵ,6,1,0,2,573,9663,2,TRUE
aɵ,2,шанчӑк,aɵ,6,1,0,2,573,9663,2,TRUE
aɵ,2,ларӑр,aɵ,5,1,0,2,573,9663,2,TRUE
aɵ,2,карнӑ,aɵ,5,1,0,2,573,9663,2,TRUE
aɵ,2,ярӑп,aɵ,5,1,0,2,573,9663,2,TRUE
aɵ,2,ванчӑк,aɵ,5,1,0,2,573,9663,2,TRUE
aɵ,2,ямшӑк,aɵ,5,1,0,2,573,9663,2,TRUE
aɵ,2,катӑк,aɵ,5,1,0,2,573,9663,2,TRUE
aɵ,2,сарнӑ,aɵ,5,1,0,2,573,9663,2,TRUE
aɵ,2,кайтӑр,aɵ,5,1,0,2,573,9663,2,TRUE
aɵ,2,чарӑн,aɵ,5,1,0,2,573,9663,2,TRUE
aɵ,2,кашӑк,aɵ,5,1,0,2,573,9663,2,TRUE
aɵ,2,анлӑн,aɵ,5,1,0,2,573,9663,2,TRUE
aɵ,2,кашкӑр,aɵ,5,1,0,2,573,9663,2,TRUE
aɵ,2,тарҫӑ,aɵ,4,1,0,2,573,9663,2,TRUE
aɵ,2,кайӑк,aɵ,4,1,0,2,573,9663,2,TRUE
aɵ,2,сассӑр,aɵ,4,1,0,2,573,9663,2,TRUE
aɵ,2,атьӑр,aɵ,4,1,0,2,573,9663,2,TRUE
aɵ,2,паҫӑр,aɵ,4,1,0,2,573,9663,2,TRUE
aɵ,2,ассӑн,aɵ,4,1,0,2,573,9663,2,TRUE
aɵ,2,лартӑм,aɵ,4,1,0,2,573,9663,2,TRUE
aɵ,2,васкӑр,aɵ,4,1,0,2,573,9663,2,TRUE
aɵ,2,картӑ,aɵ,4,1,0,2,573,9663,2,TRUE
aɵ,2,лаптӑк,aɵ,4,1,0,2,573,9663,2,TRUE
aɵ,2,ларӑп,aɵ,4,1,0,2,573,9663,2,TRUE
aɵ,2,кайнӑн,aɵ,4,1,0,2,573,9663,2,TRUE
aɵ,2,тваттӑ,aɵ,4,1,0,2,573,9663,2,TRUE
aɵ,2,калӑр,aɵ,4,1,0,2,573,9663,2,TRUE
aɵ,2,лапчӑк,aɵ,4,1,0,2,573,9663,2,TRUE
aɵ,2,нарӑс,aɵ,4,1,0,2,573,9663,2,TRUE
aɵ,2,ваннӑ,aɵ,4,1,0,2,573,9663,2,TRUE
aɵ,2,тартнӑ,aɵ,4,1,0,2,573,9663,2,TRUE
aɵ,2,манмӑп,aɵ,4,1,0,2,573,9663,2,TRUE
aɵ,2,лартрӑм,aɵ,4,1,0,2,573,9663,2,TRUE
aɵ,2,такӑр,aɵ,3,1,0,2,573,9663,2,TRUE
aɵ,2,чаплӑн,aɵ,3,1,0,2,573,9663,2,TRUE
aɵ,2,чашӑк,aɵ,3,1,0,2,573,9663,2,TRUE
aɵ,2,кантӑк,aɵ,3,1,0,2,573,9663,2,TRUE
aɵ,2,таврӑн,aɵ,3,1,0,2,573,9663,2,TRUE
aɵ,2,алтнӑ,aɵ,3,1,0,2,573,9663,2,TRUE
aɵ,2,таркӑн,aɵ,3,1,0,2,573,9663,2,TRUE
aɵ,2,кайрӑр,aɵ,3,1,0,2,573,9663,2,TRUE
aɵ,2,ятӑн,aɵ,3,1,0,2,573,9663,2,TRUE
aɵ,2,каҫӑр,aɵ,3,1,0,2,573,9663,2,TRUE
aɵ,2,тарлӑ,aɵ,3,1,0,2,573,9663,2,TRUE
aɵ,2,харсӑр,aɵ,3,1,0,2,573,9663,2,TRUE
aɵ,2,ларнӑн,aɵ,3,1,0,2,573,9663,2,TRUE
aɵ,2,сапнӑ,aɵ,3,1,0,2,573,9663,2,TRUE
aɵ,2,калӑп,aɵ,3,1,0,2,573,9663,2,TRUE
aɵ,2,майсӑр,aɵ,3,1,0,2,573,9663,2,TRUE
aɵ,2,савӑк,aɵ,3,1,0,2,573,9663,2,TRUE
aɵ,2,варькӑ,aɵ,3,1,0,2,573,9663,2,TRUE
aɵ,2,харпӑр,aɵ,3,1,0,2,573,9663,2,TRUE
aɵ,2,ҫарӑн,aɵ,3,1,0,2,573,9663,2,TRUE
aɵ,2,лартӑн,aɵ,3,1,0,2,573,9663,2,TRUE
aɵ,2,шанӑҫ,aɵ,3,1,0,2,573,9663,2,TRUE
aɵ,2,тарӑ,aɵ,3,1,0,2,573,9663,2,TRUE
aɵ,2,яшӑн,aɵ,3,1,0,2,573,9663,2,TRUE
aɵ,2,самӑр,aɵ,2,1,0,2,573,9663,2,TRUE
aɵ,2,авӑк,aɵ,2,1,0,2,573,9663,2,TRUE
aɵ,2,сакӑр,aɵ,2,1,0,2,573,9663,2,TRUE
aɵ,2,патӑр,aɵ,2,1,0,2,573,9663,2,TRUE
aɵ,2,савӑн,aɵ,2,1,0,2,573,9663,2,TRUE
aɵ,2,тарӑх,aɵ,2,1,0,2,573,9663,2,TRUE
aɵ,2,тайлӑк,aɵ,2,1,0,2,573,9663,2,TRUE
aɵ,2,акӑш,aɵ,2,1,0,2,573,9663,2,TRUE
aɵ,2,ҫапрӑм,aɵ,2,1,0,2,573,9663,2,TRUE
aɵ,2,ватлӑх,aɵ,2,1,0,2,573,9663,2,TRUE
aɵ,2,ҫаршӑн,aɵ,2,1,0,2,573,9663,2,TRUE
aɵ,2,макӑр,aɵ,2,1,0,2,573,9663,2,TRUE
aɵ,2,касӑр,aɵ,2,1,0,2,573,9663,2,TRUE
aɵ,2,салтнӑ,aɵ,2,1,0,2,573,9663,2,TRUE
aɵ,2,тантӑш,aɵ,2,1,0,2,573,9663,2,TRUE
aɵ,2,лакӑм,aɵ,2,1,0,2,573,9663,2,TRUE
aɵ,2,тамӑк,aɵ,2,1,0,2,573,9663,2,TRUE
aɵ,2,чартӑм,aɵ,2,1,0,2,573,9663,2,TRUE
aɵ,2,айтӑр,aɵ,2,1,0,2,573,9663,2,TRUE
aɵ,2,айӑп,aɵ,2,1,0,2,573,9663,2,TRUE
aɵ,2,антӑм,aɵ,2,1,0,2,573,9663,2,TRUE
aɵ,2,аршӑ,aɵ,2,1,0,2,573,9663,2,TRUE
aɵ,2,тахӑш,aɵ,2,1,0,2,573,9663,2,TRUE
aɵ,2,канӑр,aɵ,2,1,0,2,573,9663,2,TRUE
aɵ,2,патӑн,aɵ,2,1,0,2,573,9663,2,TRUE
aɵ,2,варьӑн,aɵ,2,1,0,2,573,9663,2,TRUE
aɵ,2,карттӑн,aɵ,2,1,0,2,573,9663,2,TRUE
aɵ,2,майӑн,aɵ,2,1,0,2,573,9663,2,TRUE
aɵ,2,ванькӑ,aɵ,2,1,0,2,573,9663,2,TRUE
aɵ,2,храмӑн,aɵ,2,1,0,2,573,9663,2,TRUE
aɵ,2,хакӑл,aɵ,2,1,0,2,573,9663,2,TRUE
aɵ,2,сарӑм,aɵ,2,1,0,2,573,9663,2,TRUE
aɵ,2,класӑн,aɵ,1,1,0,2,573,9663,2,TRUE
aɵ,2,халӑм,aɵ,1,1,0,2,573,9663,2,TRUE
aɵ,2,хамсӑр,aɵ,1,1,0,2,573,9663,2,TRUE
aɵ,2,шалкӑм,aɵ,1,1,0,2,573,9663,2,TRUE
aɵ,2,айлӑм,aɵ,1,1,0,2,573,9663,2,TRUE
aɵ,2,алсӑр,aɵ,1,1,0,2,573,9663,2,TRUE
aɵ,2,амӑш,aɵ,1,1,0,2,573,9663,2,TRUE
aɵ,2,каҫӑн,aɵ,1,1,0,2,573,9663,2,TRUE
aɵ,2,памӑп,aɵ,1,1,0,2,573,9663,2,TRUE
aɵ,2,ватнӑ,aɵ,1,1,0,2,573,9663,2,TRUE
aɵ,2,антӑр,aɵ,1,1,0,2,573,9663,2,TRUE
aɵ,2,лартрӑн,aɵ,1,1,0,2,573,9663,2,TRUE
aɵ,2,анӑп,aɵ,1,1,0,2,573,9663,2,TRUE
aɵ,2,стайлӑн,aɵ,1,1,0,2,573,9663,2,TRUE
aɵ,2,каврӑҫ,aɵ,1,1,0,2,573,9663,2,TRUE
aɵ,2,варкӑш,aɵ,1,1,0,2,573,9663,2,TRUE
aɵ,2,ҫакрӑм,aɵ,1,1,0,2,573,9663,2,TRUE
aɵ,2,ҫапӑҫ,aɵ,1,1,0,2,573,9663,2,TRUE
aɵ,2,ярӑм,aɵ,1,1,0,2,573,9663,2,TRUE
aɵ,2,влаҫшӑн,aɵ,1,1,0,2,573,9663,2,TRUE
aɵ,2,явӑш,aɵ,1,1,0,2,573,9663,2,TRUE
aɵ,2,ватрӑм,aɵ,1,1,0,2,573,9663,2,TRUE
aɵ,2,мантӑм,aɵ,1,1,0,2,573,9663,2,TRUE
aɵ,2,сапӑп,aɵ,1,1,0,2,573,9663,2,TRUE
aɵ,2,самӑй,aɵ,1,1,0,2,573,9663,2,TRUE
aɵ,2,аллӑм,aɵ,1,1,0,2,573,9663,2,TRUE
aɵ,2,чашӑл,aɵ,1,1,0,2,573,9663,2,TRUE
aɵ,2,штатлӑ,aɵ,1,1,0,2,573,9663,2,TRUE
aɵ,2,ахрӑм,aɵ,1,1,0,2,573,9663,2,TRUE
aɵ,2,мартӑн,aɵ,1,1,0,2,573,9663,2,TRUE
aɵ,2,шавлӑн,aɵ,1,1,0,2,573,9663,2,TRUE
aɵ,2,кайӑп,aɵ,1,1,0,2,573,9663,2,TRUE
aɵ,2,шалӑп,aɵ,1,1,0,2,573,9663,2,TRUE
aɵ,2,танлӑх,aɵ,1,1,0,2,573,9663,2,TRUE
aɵ,2,савнӑҫ,aɵ,1,1,0,2,573,9663,2,TRUE
aɵ,2,картнӑ,aɵ,1,1,0,2,573,9663,2,TRUE
aɵ,2,лантӑш,aɵ,1,1,0,2,573,9663,2,TRUE
aɵ,2,ашлӑ,aɵ,1,1,0,2,573,9663,2,TRUE
aɵ,2,чакӑр,aɵ,1,1,0,2,573,9663,2,TRUE
aɵ,2,чаштӑрт,aɵ,1,1,0,2,573,9663,2,TRUE
aɵ,2,каскӑн,aɵ,1,1,0,2,573,9663,2,TRUE
aɵ,2,кавӑс,aɵ,1,1,0,2,573,9663,2,TRUE
aɵ,2,ҫаврӑм,aɵ,1,1,0,2,573,9663,2,TRUE
aɵ,2,саслӑ,aɵ,1,1,0,2,573,9663,2,TRUE
aɵ,2,шанкӑ,aɵ,1,1,0,2,573,9663,2,TRUE
aɵ,2,лартӑп,aɵ,1,1,0,2,573,9663,2,TRUE
aɵ,2,таньӑн,aɵ,1,1,0,2,573,9663,2,TRUE
aɵ,2,ярӑр,aɵ,1,1,0,2,573,9663,2,TRUE
aɵ,2,аслӑк,aɵ,1,1,0,2,573,9663,2,TRUE
aɵ,2,ялӑм,aɵ,1,1,0,2,573,9663,2,TRUE
aɵ,2,тартӑм,aɵ,1,1,0,2,573,9663,2,TRUE
aɵ,2,парӑн,aɵ,1,1,0,2,573,9663,2,TRUE
aɵ,2,каҫрӑм,aɵ,1,1,0,2,573,9663,2,TRUE
aɵ,2,сапӑр,aɵ,1,1,0,2,573,9663,2,TRUE
aɵ,2,райӑн,aɵ,1,1,0,2,573,9663,2,TRUE
aɵ,2,камшӑн,aɵ,1,1,0,2,573,9663,2,TRUE
aɵ,2,сарӑл,aɵ,1,1,0,2,573,9663,2,TRUE
aɵ,2,лармӑп,aɵ,1,1,0,2,573,9663,2,TRUE
aɵ,2,лартрӑр,aɵ,1,1,0,2,573,9663,2,TRUE
aɵ,2,тапӑр,aɵ,1,1,0,2,573,9663,2,TRUE
aɵ,2,карӑк,aɵ,1,1,0,2,573,9663,2,TRUE
aɵ,2,тайнӑ,aɵ,1,1,0,2,573,9663,2,TRUE
aɵ,2,ятӑр,aɵ,1,1,0,2,573,9663,2,TRUE
aɵ,2,ҫатӑк,aɵ,1,1,0,2,573,9663,2,TRUE
aɵ,2,калмӑк,aɵ,1,1,0,2,573,9663,2,TRUE
aɵ,2,ларӑн,aɵ,1,1,0,2,573,9663,2,TRUE
aɵ,2,вальӑн,aɵ,1,1,0,2,573,9663,2,TRUE
aɵ,2,ямӑп,aɵ,1,1,0,2,573,9663,2,TRUE
aɵ,2,ҫавӑр,aɵ,1,1,0,2,573,9663,2,TRUE
aɵ,2,татмӑш,aɵ,1,1,0,2,573,9663,2,TRUE
aɵ,2,ларкӑч,aɵ,1,1,0,2,573,9663,2,TRUE
aɵ,2,чаркӑш,aɵ,1,1,0,2,573,9663,2,TRUE
aɵ,2,мантӑн,aɵ,1,1,0,2,573,9663,2,TRUE
aɵ,2,маҫтӑр,aɵ,1,1,0,2,573,9663,2,TRUE
aɵ,2,мансӑр,aɵ,1,1,0,2,573,9663,2,TRUE
aɵ,2,анчӑк,aɵ,1,1,0,2,573,9663,2,TRUE
aɵ,2,арлӑ,aɵ,1,1,0,2,573,9663,2,TRUE
aɵ,2,каймӑр,aɵ,1,1,0,2,573,9663,2,TRUE
aɵ,2,лартӑр,aɵ,1,1,0,2,573,9663,2,TRUE
aɵ,2,шакӑр-р,aɵ,1,1,0,2,573,9663,2,TRUE
aɵ,2,карӑш,aɵ,1,1,0,2,573,9663,2,TRUE
aɵ,2,япӑр,aɵ,1,1,0,2,573,9663,2,TRUE
aɵ,2,ҫармӑс,aɵ,1,1,0,2,573,9663,2,TRUE
aɵ,2,ӑна,ɵa,1534,2,1,2,573,9663,2,TRUE
aɵ,2,чӑваш,ɵa,361,2,1,2,573,9663,2,TRUE
aɵ,2,кӑна,ɵa,305,2,1,2,573,9663,2,TRUE
aɵ,2,сӑмах,ɵa,147,2,1,2,573,9663,2,TRUE
aɵ,2,тӑван,ɵa,121,2,1,2,573,9663,2,TRUE
aɵ,2,кӑҫал,ɵa,117,2,1,2,573,9663,2,TRUE
aɵ,2,пӑхса,ɵa,110,2,1,2,573,9663,2,TRUE
aɵ,2,йӑлтах,ɵa,97,2,1,2,573,9663,2,TRUE
aɵ,2,шӑпах,ɵa,91,2,1,2,573,9663,2,TRUE
aɵ,2,ӑҫта,ɵa,83,2,1,2,573,9663,2,TRUE
aɵ,2,хӑҫан,ɵa,76,2,1,2,573,9663,2,TRUE
aɵ,2,чӑнах,ɵa,62,2,1,2,573,9663,2,TRUE
aɵ,2,кӑвак,ɵa,59,2,1,2,573,9663,2,TRUE
aɵ,2,кӑштах,ɵa,51,2,1,2,573,9663,2,TRUE
aɵ,2,пӑхма,ɵa,46,2,1,2,573,9663,2,TRUE
aɵ,2,ӑҫтан,ɵa,46,2,1,2,573,9663,2,TRUE
aɵ,2,тӑрать,ɵa,45,2,1,2,573,9663,2,TRUE
aɵ,2,вӑрман,ɵa,45,2,1,2,573,9663,2,TRUE
aɵ,2,пӑхать,ɵa,41,2,1,2,573,9663,2,TRUE
aɵ,2,вӑтам,ɵa,35,2,1,2,573,9663,2,TRUE
aɵ,2,пӑча,ɵa,33,2,1,2,573,9663,2,TRUE
aɵ,2,тӑма,ɵa,30,2,1,2,573,9663,2,TRUE
aɵ,2,тӑвас,ɵa,30,2,1,2,573,9663,2,TRUE
aɵ,2,ҫӑва,ɵa,29,2,1,2,573,9663,2,TRUE
aɵ,2,йӑтса,ɵa,28,2,1,2,573,9663,2,TRUE
aɵ,2,хӑна,ɵa,26,2,1,2,573,9663,2,TRUE
aɵ,2,шӑлса,ɵa,25,2,1,2,573,9663,2,TRUE
aɵ,2,сӑлтав,ɵa,25,2,1,2,573,9663,2,TRUE
aɵ,2,тӑман,ɵa,25,2,1,2,573,9663,2,TRUE
aɵ,2,тӑвать,ɵa,23,2,1,2,573,9663,2,TRUE
aɵ,2,тӑрса,ɵa,22,2,1,2,573,9663,2,TRUE
aɵ,2,ҫӑра,ɵa,21,2,1,2,573,9663,2,TRUE
aɵ,2,сӑра,ɵa,21,2,1,2,573,9663,2,TRUE
aɵ,2,тӑна,ɵa,21,2,1,2,573,9663,2,TRUE
aɵ,2,ӑша,ɵa,20,2,1,2,573,9663,2,TRUE
aɵ,2,хӑмла,ɵa,20,2,1,2,573,9663,2,TRUE
aɵ,2,кӑтра,ɵa,19,2,1,2,573,9663,2,TRUE
aɵ,2,хӑвах,ɵa,19,2,1,2,573,9663,2,TRUE
aɵ,2,пӑхсан,ɵa,19,2,1,2,573,9663,2,TRUE
aɵ,2,ҫӑка,ɵa,19,2,1,2,573,9663,2,TRUE
aɵ,2,пӑшал,ɵa,19,2,1,2,573,9663,2,TRUE
aɵ,2,тӑшман,ɵa,18,2,1,2,573,9663,2,TRUE
aɵ,2,вӑя,ɵa,18,2,1,2,573,9663,2,TRUE
aɵ,2,чӑтса,ɵa,17,2,1,2,573,9663,2,TRUE
aɵ,2,вӑрнар,ɵa,17,2,1,2,573,9663,2,TRUE
aɵ,2,ҫӑлса,ɵa,16,2,1,2,573,9663,2,TRUE
aɵ,2,тӑпра,ɵa,16,2,1,2,573,9663,2,TRUE
aɵ,2,пӑхас,ɵa,16,2,1,2,573,9663,2,TRUE
aɵ,2,хӑта,ɵa,16,2,1,2,573,9663,2,TRUE
aɵ,2,ӑса,ɵa,16,2,1,2,573,9663,2,TRUE
aɵ,2,хӑрать,ɵa,16,2,1,2,573,9663,2,TRUE
aɵ,2,хӑлха,ɵa,16,2,1,2,573,9663,2,TRUE
aɵ,2,тӑмасть,ɵa,15,2,1,2,573,9663,2,TRUE
aɵ,2,шӑв-шав,ɵa,13,2,1,2,573,9663,2,TRUE
aɵ,2,ӑста,ɵa,13,2,1,2,573,9663,2,TRUE
aɵ,2,тӑхта,ɵa,13,2,1,2,573,9663,2,TRUE
aɵ,2,хӑвна,ɵa,13,2,1,2,573,9663,2,TRUE
aɵ,2,сӑран,ɵa,13,2,1,2,573,9663,2,TRUE
aɵ,2,ҫӑвар,ɵa,13,2,1,2,573,9663,2,TRUE
aɵ,2,тӑсса,ɵa,13,2,1,2,573,9663,2,TRUE
aɵ,2,хӑрах,ɵa,13,2,1,2,573,9663,2,TRUE
aɵ,2,шӑла,ɵa,12,2,1,2,573,9663,2,TRUE
aɵ,2,вӑйран,ɵa,12,2,1,2,573,9663,2,TRUE
aɵ,2,йӑла,ɵa,12,2,1,2,573,9663,2,TRUE
aɵ,2,вӑйпа,ɵa,12,2,1,2,573,9663,2,TRUE
aɵ,2,пӑрҫа,ɵa,12,2,1,2,573,9663,2,TRUE
aɵ,2,йӑва,ɵa,11,2,1,2,573,9663,2,TRUE
aɵ,2,хӑма,ɵa,11,2,1,2,573,9663,2,TRUE
aɵ,2,пӑхман,ɵa,11,2,1,2,573,9663,2,TRUE
aɵ,2,ӑсран,ɵa,10,2,1,2,573,9663,2,TRUE
aɵ,2,сӑмса,ɵa,9,2,1,2,573,9663,2,TRUE
aɵ,2,вӑрах,ɵa,9,2,1,2,573,9663,2,TRUE
aɵ,2,хӑвар,ɵa,9,2,1,2,573,9663,2,TRUE
aɵ,2,вӑрҫа,ɵa,9,2,1,2,573,9663,2,TRUE
aɵ,2,шӑтса,ɵa,9,2,1,2,573,9663,2,TRUE
aɵ,2,ҫӑвать,ɵa,9,2,1,2,573,9663,2,TRUE
aɵ,2,хӑват,ɵa,8,2,1,2,573,9663,2,TRUE
aɵ,2,шӑнса,ɵa,8,2,1,2,573,9663,2,TRUE
aɵ,2,вӑй-хал,ɵa,8,2,1,2,573,9663,2,TRUE
aɵ,2,сӑнав,ɵa,8,2,1,2,573,9663,2,TRUE
aɵ,2,пӑрах,ɵa,8,2,1,2,573,9663,2,TRUE
aɵ,2,ҫӑхав,ɵa,7,2,1,2,573,9663,2,TRUE
aɵ,2,пӑчка,ɵa,7,2,1,2,573,9663,2,TRUE
aɵ,2,кӑрлач,ɵa,7,2,1,2,573,9663,2,TRUE
aɵ,2,йӑваш,ɵa,7,2,1,2,573,9663,2,TRUE
aɵ,2,вӑш-ваш,ɵa,7,2,1,2,573,9663,2,TRUE
aɵ,2,тӑвар,ɵa,7,2,1,2,573,9663,2,TRUE
aɵ,2,шӑпа,ɵa,7,2,1,2,573,9663,2,TRUE
aɵ,2,пӑсса,ɵa,6,2,1,2,573,9663,2,TRUE
aɵ,2,хӑва,ɵa,6,2,1,2,573,9663,2,TRUE
aɵ,2,йӑмра,ɵa,6,2,1,2,573,9663,2,TRUE
aɵ,2,тӑрсан,ɵa,6,2,1,2,573,9663,2,TRUE
aɵ,2,ӑнман,ɵa,6,2,1,2,573,9663,2,TRUE
aɵ,2,вӑлах,ɵa,6,2,1,2,573,9663,2,TRUE
aɵ,2,хӑра,ɵa,6,2,1,2,573,9663,2,TRUE
aɵ,2,хӑяр,ɵa,6,2,1,2,573,9663,2,TRUE
aɵ,2,кӑвайт,ɵa,6,2,1,2,573,9663,2,TRUE
aɵ,2,тӑкса,ɵa,5,2,1,2,573,9663,2,TRUE
aɵ,2,чӑлха,ɵa,5,2,1,2,573,9663,2,TRUE
aɵ,2,ӑсса,ɵa,5,2,1,2,573,9663,2,TRUE
aɵ,2,пӑртак,ɵa,5,2,1,2,573,9663,2,TRUE
aɵ,2,тӑхлан,ɵa,5,2,1,2,573,9663,2,TRUE
aɵ,2,кӑмпа,ɵa,5,2,1,2,573,9663,2,TRUE
aɵ,2,тӑнран,ɵa,5,2,1,2,573,9663,2,TRUE
aɵ,2,вӑр-вар,ɵa,5,2,1,2,573,9663,2,TRUE
aɵ,2,кӑвар,ɵa,5,2,1,2,573,9663,2,TRUE
aɵ,2,чӑтма,ɵa,5,2,1,2,573,9663,2,TRUE
aɵ,2,шӑвать,ɵa,4,2,1,2,573,9663,2,TRUE
aɵ,2,ҫӑлав,ɵa,4,2,1,2,573,9663,2,TRUE
aɵ,2,пӑсать,ɵa,4,2,1,2,573,9663,2,TRUE
aɵ,2,пӑхсах,ɵa,4,2,1,2,573,9663,2,TRUE
aɵ,2,мӑйран,ɵa,4,2,1,2,573,9663,2,TRUE
aɵ,2,пӑхмасть,ɵa,4,2,1,2,573,9663,2,TRUE
aɵ,2,ҫӑла,ɵa,4,2,1,2,573,9663,2,TRUE
aɵ,2,ӑшра,ɵa,4,2,1,2,573,9663,2,TRUE
aɵ,2,пӑссан,ɵa,4,2,1,2,573,9663,2,TRUE
aɵ,2,шӑлпа,ɵa,4,2,1,2,573,9663,2,TRUE
aɵ,2,тӑра,ɵa,4,2,1,2,573,9663,2,TRUE
aɵ,2,ӑнлан,ɵa,4,2,1,2,573,9663,2,TRUE
aɵ,2,тӑсать,ɵa,4,2,1,2,573,9663,2,TRUE
aɵ,2,ҫӑрттан,ɵa,4,2,1,2,573,9663,2,TRUE
aɵ,2,пӑхам,ɵa,4,2,1,2,573,9663,2,TRUE
aɵ,2,лӑпах,ɵa,4,2,1,2,573,9663,2,TRUE
aɵ,2,тӑкать,ɵa,4,2,1,2,573,9663,2,TRUE
aɵ,2,ӑсчах,ɵa,4,2,1,2,573,9663,2,TRUE
aɵ,2,кӑра,ɵa,4,2,1,2,573,9663,2,TRUE
aɵ,2,сӑпат,ɵa,4,2,1,2,573,9663,2,TRUE
aɵ,2,тӑмра,ɵa,4,2,1,2,573,9663,2,TRUE
aɵ,2,шӑна,ɵa,3,2,1,2,573,9663,2,TRUE
aɵ,2,кӑлкан,ɵa,3,2,1,2,573,9663,2,TRUE
aɵ,2,сӑна,ɵa,3,2,1,2,573,9663,2,TRUE
aɵ,2,хӑвпа,ɵa,3,2,1,2,573,9663,2,TRUE
aɵ,2,хӑтлан,ɵa,3,2,1,2,573,9663,2,TRUE
aɵ,2,тӑрах,ɵa,3,2,1,2,573,9663,2,TRUE
aɵ,2,чӑрмав,ɵa,3,2,1,2,573,9663,2,TRUE
aɵ,2,ҫӑт-ҫат,ɵa,3,2,1,2,573,9663,2,TRUE
aɵ,2,чӑпар,ɵa,3,2,1,2,573,9663,2,TRUE
aɵ,2,кӑнна,ɵa,3,2,1,2,573,9663,2,TRUE
aɵ,2,пӑвать,ɵa,3,2,1,2,573,9663,2,TRUE
aɵ,2,ӑшша,ɵa,3,2,1,2,573,9663,2,TRUE
aɵ,2,вӑйпах,ɵa,3,2,1,2,573,9663,2,TRUE
aɵ,2,хӑрса,ɵa,3,2,1,2,573,9663,2,TRUE
aɵ,2,вӑйра,ɵa,3,2,1,2,573,9663,2,TRUE
aɵ,2,кӑтарт,ɵa,3,2,1,2,573,9663,2,TRUE
aɵ,2,сӑпай,ɵa,3,2,1,2,573,9663,2,TRUE
aɵ,2,тӑмран,ɵa,3,2,1,2,573,9663,2,TRUE
aɵ,2,ҫӑлра,ɵa,3,2,1,2,573,9663,2,TRUE
aɵ,2,пӑрпа,ɵa,3,2,1,2,573,9663,2,TRUE
aɵ,2,йӑхра,ɵa,3,2,1,2,573,9663,2,TRUE
aɵ,2,пӑлхар,ɵa,3,2,1,2,573,9663,2,TRUE
aɵ,2,чӑтмасть,ɵa,3,2,1,2,573,9663,2,TRUE
aɵ,2,шӑмшак,ɵa,2,2,1,2,573,9663,2,TRUE
aɵ,2,чӑмса,ɵa,2,2,1,2,573,9663,2,TRUE
aɵ,2,пӑхар,ɵa,2,2,1,2,573,9663,2,TRUE
aɵ,2,шӑпрах,ɵa,2,2,1,2,573,9663,2,TRUE
aɵ,2,шӑлать,ɵa,2,2,1,2,573,9663,2,TRUE
aɵ,2,ҫӑтать,ɵa,2,2,1,2,573,9663,2,TRUE
aɵ,2,шӑтмасть,ɵa,2,2,1,2,573,9663,2,TRUE
aɵ,2,тӑмсай,ɵa,2,2,1,2,573,9663,2,TRUE
aɵ,2,чӑхха,ɵa,2,2,1,2,573,9663,2,TRUE
aɵ,2,ҫӑлас,ɵa,2,2,1,2,573,9663,2,TRUE
aɵ,2,ӑнран,ɵa,2,2,1,2,573,9663,2,TRUE
aɵ,2,хӑйса,ɵa,2,2,1,2,573,9663,2,TRUE
aɵ,2,хӑнар,ɵa,2,2,1,2,573,9663,2,TRUE
aɵ,2,вӑран,ɵa,2,2,1,2,573,9663,2,TRUE
aɵ,2,ҫӑмха,ɵa,2,2,1,2,573,9663,2,TRUE
aɵ,2,вӑлча,ɵa,2,2,1,2,573,9663,2,TRUE
aɵ,2,ӑнсах,ɵa,2,2,1,2,573,9663,2,TRUE
aɵ,2,кӑртах,ɵa,2,2,1,2,573,9663,2,TRUE
aɵ,2,кӑнса,ɵa,2,2,1,2,573,9663,2,TRUE
aɵ,2,тӑксан,ɵa,2,2,1,2,573,9663,2,TRUE
aɵ,2,сӑнран,ɵa,2,2,1,2,573,9663,2,TRUE
aɵ,2,шӑнтса,ɵa,2,2,1,2,573,9663,2,TRUE
aɵ,2,ҫӑмран,ɵa,2,2,1,2,573,9663,2,TRUE
aɵ,2,пӑрса,ɵa,2,2,1,2,573,9663,2,TRUE
aɵ,2,лӑштах,ɵa,2,2,1,2,573,9663,2,TRUE
aɵ,2,ӑспа,ɵa,2,2,1,2,573,9663,2,TRUE
aɵ,2,тӑнла,ɵa,2,2,1,2,573,9663,2,TRUE
aɵ,2,тӑрас,ɵa,2,2,1,2,573,9663,2,TRUE
aɵ,2,кӑпшар,ɵa,2,2,1,2,573,9663,2,TRUE
aɵ,2,хӑйра,ɵa,2,2,1,2,573,9663,2,TRUE
aɵ,2,сӑнать,ɵa,2,2,1,2,573,9663,2,TRUE
aɵ,2,ҫӑтса,ɵa,2,2,1,2,573,9663,2,TRUE
aɵ,2,кӑлар,ɵa,2,2,1,2,573,9663,2,TRUE
aɵ,2,сӑвать,ɵa,2,2,1,2,573,9663,2,TRUE
aɵ,2,тӑран,ɵa,2,2,1,2,573,9663,2,TRUE
aɵ,2,пӑван,ɵa,2,2,1,2,573,9663,2,TRUE
aɵ,2,йӑха,ɵa,2,2,1,2,573,9663,2,TRUE
aɵ,2,тӑр-ха,ɵa,2,2,1,2,573,9663,2,TRUE
aɵ,2,нӑрра,ɵa,2,2,1,2,573,9663,2,TRUE
aɵ,2,тӑмпай,ɵa,2,2,1,2,573,9663,2,TRUE
aɵ,2,ҫӑлма,ɵa,2,2,1,2,573,9663,2,TRUE
aɵ,2,ӑрша,ɵa,2,2,1,2,573,9663,2,TRUE
aɵ,2,тӑкак,ɵa,2,2,1,2,573,9663,2,TRUE
aɵ,2,шӑва,ɵa,1,2,1,2,573,9663,2,TRUE
aɵ,2,сӑхман,ɵa,1,2,1,2,573,9663,2,TRUE
aɵ,2,йӑшса,ɵa,1,2,1,2,573,9663,2,TRUE
aɵ,2,шӑплан,ɵa,1,2,1,2,573,9663,2,TRUE
aɵ,2,хӑйрать,ɵa,1,2,1,2,573,9663,2,TRUE
aɵ,2,хӑсать,ɵa,1,2,1,2,573,9663,2,TRUE
aɵ,2,чӑнках,ɵa,1,2,1,2,573,9663,2,TRUE
aɵ,2,хӑпать,ɵa,1,2,1,2,573,9663,2,TRUE
aɵ,2,сӑвай,ɵa,1,2,1,2,573,9663,2,TRUE
aɵ,2,шӑтать,ɵa,1,2,1,2,573,9663,2,TRUE
aɵ,2,тӑнлав,ɵa,1,2,1,2,573,9663,2,TRUE
aɵ,2,тӑкман,ɵa,1,2,1,2,573,9663,2,TRUE
aɵ,2,шӑт-шат,ɵa,1,2,1,2,573,9663,2,TRUE
aɵ,2,ӑнса,ɵa,1,2,1,2,573,9663,2,TRUE
aɵ,2,шӑлт-шалт,ɵa,1,2,1,2,573,9663,2,TRUE
aɵ,2,вӑштах,ɵa,1,2,1,2,573,9663,2,TRUE
aɵ,2,сӑмсах,ɵa,1,2,1,2,573,9663,2,TRUE
aɵ,2,сӑнар,ɵa,1,2,1,2,573,9663,2,TRUE
aɵ,2,сӑнла,ɵa,1,2,1,2,573,9663,2,TRUE
aɵ,2,лӑскас,ɵa,1,2,1,2,573,9663,2,TRUE
aɵ,2,тӑнна,ɵa,1,2,1,2,573,9663,2,TRUE
aɵ,2,вӑрмар,ɵa,1,2,1,2,573,9663,2,TRUE
aɵ,2,пкрнӑҫа,ɵa,1,2,1,2,573,9663,2,TRUE
aɵ,2,шӑрҫа,ɵa,1,2,1,2,573,9663,2,TRUE
aɵ,2,ӑмсав,ɵa,1,2,1,2,573,9663,2,TRUE
aɵ,2,кӑшлать,ɵa,1,2,1,2,573,9663,2,TRUE
aɵ,2,мӑка,ɵa,1,2,1,2,573,9663,2,TRUE
aɵ,2,ӑсма,ɵa,1,2,1,2,573,9663,2,TRUE
aɵ,2,лӑпкать,ɵa,1,2,1,2,573,9663,2,TRUE
aɵ,2,вӑрра,ɵa,1,2,1,2,573,9663,2,TRUE
aɵ,2,ҫӑрать,ɵa,1,2,1,2,573,9663,2,TRUE
aɵ,2,шӑнсах,ɵa,1,2,1,2,573,9663,2,TRUE
aɵ,2,сӑпса,ɵa,1,2,1,2,573,9663,2,TRUE
aɵ,2,вӑрҫса,ɵa,1,2,1,2,573,9663,2,TRUE
aɵ,2,шӑта,ɵa,1,2,1,2,573,9663,2,TRUE
aɵ,2,сӑрпа,ɵa,1,2,1,2,573,9663,2,TRUE
aɵ,2,мӑнаҫ,ɵa,1,2,1,2,573,9663,2,TRUE
aɵ,2,пӑчлан,ɵa,1,2,1,2,573,9663,2,TRUE
aɵ,2,чӑлан,ɵa,1,2,1,2,573,9663,2,TRUE
aɵ,2,сӑнлах,ɵa,1,2,1,2,573,9663,2,TRUE
aɵ,2,шӑтма,ɵa,1,2,1,2,573,9663,2,TRUE
aɵ,2,ҫӑвап,ɵa,1,2,1,2,573,9663,2,TRUE
aɵ,2,тӑмпа,ɵa,1,2,1,2,573,9663,2,TRUE
aɵ,2,сӑрлас,ɵa,1,2,1,2,573,9663,2,TRUE
aɵ,2,пӑва,ɵa,1,2,1,2,573,9663,2,TRUE
aɵ,2,мӑян,ɵa,1,2,1,2,573,9663,2,TRUE
aɵ,2,пӑяв,ɵa,1,2,1,2,573,9663,2,TRUE
aɵ,2,вӑрт-варт,ɵa,1,2,1,2,573,9663,2,TRUE
aɵ,2,лӑнчах,ɵa,1,2,1,2,573,9663,2,TRUE
aɵ,2,ӑнлав,ɵa,1,2,1,2,573,9663,2,TRUE
aɵ,2,ҫӑтман,ɵa,1,2,1,2,573,9663,2,TRUE
aɵ,2,тӑкам,ɵa,1,2,1,2,573,9663,2,TRUE
aɵ,2,ҫӑхан,ɵa,1,2,1,2,573,9663,2,TRUE
aɵ,2,чӑлах,ɵa,1,2,1,2,573,9663,2,TRUE
aɵ,2,хӑпар,ɵa,1,2,1,2,573,9663,2,TRUE
aɵ,2,чӑмсан,ɵa,1,2,1,2,573,9663,2,TRUE
aɵ,2,пӑрчкан,ɵa,1,2,1,2,573,9663,2,TRUE
aɵ,2,хӑр-хар,ɵa,1,2,1,2,573,9663,2,TRUE
aɵ,2,тӑка,ɵa,1,2,1,2,573,9663,2,TRUE
aɵ,2,сӑхса,ɵa,1,2,1,2,573,9663,2,TRUE
aɵ,2,пӑчан,ɵa,1,2,1,2,573,9663,2,TRUE
aɵ,2,тӑс-ха,ɵa,1,2,1,2,573,9663,2,TRUE
aɵ,2,кӑтай,ɵa,1,2,1,2,573,9663,2,TRUE
aɵ,2,пӑртан,ɵa,1,2,1,2,573,9663,2,TRUE
aɵ,2,сӑхать,ɵa,1,2,1,2,573,9663,2,TRUE
aɵ,2,ӑман,ɵa,1,2,1,2,573,9663,2,TRUE
aɵ,2,хӑмлан,ɵa,1,2,1,2,573,9663,2,TRUE
aɵ,2,хӑях,ɵa,1,2,1,2,573,9663,2,TRUE
aɵ,2,кӑрт-карт,ɵa,1,2,1,2,573,9663,2,TRUE
aɵ,2,тӑва,ɵa,1,2,1,2,573,9663,2,TRUE
aɵ,2,ӑнать,ɵa,1,2,1,2,573,9663,2,TRUE
aɵ,2,ҫӑма,ɵa,1,2,1,2,573,9663,2,TRUE
aɵ,2,тӑнлах,ɵa,1,2,1,2,573,9663,2,TRUE
aɵ,2,шӑлман,ɵa,1,2,1,2,573,9663,2,TRUE
aɵ,2,чӑнк-чанк,ɵa,1,2,1,2,573,9663,2,TRUE
aɵ,2,хӑсас,ɵa,1,2,1,2,573,9663,2,TRUE
aɵ,2,йӑран,ɵa,1,2,1,2,573,9663,2,TRUE
aɵ,2,хӑпса,ɵa,1,2,1,2,573,9663,2,TRUE
aɵ,2,кӑнтракт,ɵa,1,2,1,2,573,9663,2,TRUE
aɵ,2,хӑсса,ɵa,1,2,1,2,573,9663,2,TRUE
aɵ,2,лӑскать,ɵa,1,2,1,2,573,9663,2,TRUE
aɵ,2,тӑват,ɵa,1,2,1,2,573,9663,2,TRUE
aɵ,2,тӑпран,ɵa,1,2,1,2,573,9663,2,TRUE
aɵ,2,пӑлхав,ɵa,1,2,1,2,573,9663,2,TRUE
aɵ,2,йӑван,ɵa,1,2,1,2,573,9663,2,TRUE
aɵ,2,шӑнас,ɵa,1,2,1,2,573,9663,2,TRUE
aɵ,2,хӑтлах,ɵa,1,2,1,2,573,9663,2,TRUE
aɵ,2,шӑрша,ɵa,1,2,1,2,573,9663,2,TRUE
aɵ,2,вӑтан,ɵa,1,2,1,2,573,9663,2,TRUE
aɵ,2,ҫӑпан,ɵa,1,2,1,2,573,9663,2,TRUE
aɵ,2,вӑрҫах,ɵa,1,2,1,2,573,9663,2,TRUE
aɵ,2,пӑха,ɵa,1,2,1,2,573,9663,2,TRUE
aɵ,2,тӑп-тап,ɵa,1,2,1,2,573,9663,2,TRUE
aɵ,2,пӑт-пат,ɵa,1,2,1,2,573,9663,2,TRUE
aɵ,2,пӑспа,ɵa,1,2,1,2,573,9663,2,TRUE
aɵ,2,чӑмма,ɵa,1,2,1,2,573,9663,2,TRUE
aɵ,2,ӑстан,ɵa,1,2,1,2,573,9663,2,TRUE
aɵ,2,хӑрар,ɵa,1,2,1,2,573,9663,2,TRUE
aɵ,2,мӑйра,ɵa,1,2,1,2,573,9663,2,TRUE
aɵ,2,тӑвай,ɵa,1,2,1,2,573,9663,2,TRUE
aɵ,2,ӑшах,ɵa,1,2,1,2,573,9663,2,TRUE
aɵ,2,тӑкас,ɵa,1,2,1,2,573,9663,2,TRUE
aɵ,2,кӑвас,ɵa,1,2,1,2,573,9663,2,TRUE
aɵ,2,ҫӑлтан,ɵa,1,2,1,2,573,9663,2,TRUE
aɵ,2,вӑрат,ɵa,1,2,1,2,573,9663,2,TRUE
aɵ,2,ҫӑлран,ɵa,1,2,1,2,573,9663,2,TRUE
aɵ,2,йӑтам,ɵa,1,2,1,2,573,9663,2,TRUE
aɵ,2,пӑта,ɵa,1,2,1,2,573,9663,2,TRUE
aɵ,2,ҫӑрса,ɵa,1,2,1,2,573,9663,2,TRUE
aɵ,2,йӑхран,ɵa,1,2,1,2,573,9663,2,TRUE
eø,2,эпӗ,eø,862,1,0,2,363,7054,2,TRUE
eø,2,терӗ,eø,540,1,0,2,363,7054,2,TRUE
eø,2,эсӗ,eø,487,1,0,2,363,7054,2,TRUE
eø,2,тенӗ,eø,149,1,0,2,363,7054,2,TRUE
eø,2,тепӗр,eø,117,1,0,2,363,7054,2,TRUE
eø,2,теҫҫӗ,eø,93,1,0,2,363,7054,2,TRUE
eø,2,лешӗ,eø,56,1,0,2,363,7054,2,TRUE
eø,2,тетӗп,eø,52,1,0,2,363,7054,2,TRUE
eø,2,темшӗн,eø,49,1,0,2,363,7054,2,TRUE
eø,2,тенкӗ,eø,37,1,0,2,363,7054,2,TRUE
eø,2,терӗм,eø,36,1,0,2,363,7054,2,TRUE
eø,2,евӗр,eø,33,1,0,2,363,7054,2,TRUE
eø,2,лекнӗ,eø,32,1,0,2,363,7054,2,TRUE
eø,2,терӗҫ,eø,31,1,0,2,363,7054,2,TRUE
eø,2,темӗн,eø,26,1,0,2,363,7054,2,TRUE
eø,2,тетӗн,eø,26,1,0,2,363,7054,2,TRUE
eø,2,пенӗ,eø,19,1,0,2,363,7054,2,TRUE
eø,2,лекрӗ,eø,17,1,0,2,363,7054,2,TRUE
eø,2,тетчӗ,eø,15,1,0,2,363,7054,2,TRUE
eø,2,енлӗ,eø,13,1,0,2,363,7054,2,TRUE
eø,2,терӗн,eø,13,1,0,2,363,7054,2,TRUE
eø,2,ҫеҫпӗл,eø,11,1,0,2,363,7054,2,TRUE
eø,2,ернӗ,eø,10,1,0,2,363,7054,2,TRUE
eø,2,тетпӗр,eø,10,1,0,2,363,7054,2,TRUE
eø,2,шелччӗ,eø,10,1,0,2,363,7054,2,TRUE
eø,2,ешӗл,eø,9,1,0,2,363,7054,2,TRUE
eø,2,элӗк,eø,9,1,0,2,363,7054,2,TRUE
eø,2,тейӗн,eø,8,1,0,2,363,7054,2,TRUE
eø,2,меллӗ,eø,7,1,0,2,363,7054,2,TRUE
eø,2,печӗ,eø,7,1,0,2,363,7054,2,TRUE
eø,2,эсӗр,eø,6,1,0,2,363,7054,2,TRUE
eø,2,тетӗр,eø,6,1,0,2,363,7054,2,TRUE
eø,2,тетчӗҫ,eø,6,1,0,2,363,7054,2,TRUE
eø,2,ҫепӗҫ,eø,6,1,0,2,363,7054,2,TRUE
eø,2,леҫнӗ,eø,6,1,0,2,363,7054,2,TRUE
eø,2,енӗ,eø,5,1,0,2,363,7054,2,TRUE
eø,2,ҫенӗк,eø,5,1,0,2,363,7054,2,TRUE
eø,2,тесшӗн,eø,4,1,0,2,363,7054,2,TRUE
eø,2,лекрӗм,eø,4,1,0,2,363,7054,2,TRUE
eø,2,лешӗн,eø,4,1,0,2,363,7054,2,TRUE
eø,2,енлӗн,eø,3,1,0,2,363,7054,2,TRUE
eø,2,мерчӗк,eø,3,1,0,2,363,7054,2,TRUE
eø,2,енӗн,eø,3,1,0,2,363,7054,2,TRUE
eø,2,петӗм,eø,3,1,0,2,363,7054,2,TRUE
eø,2,теттӗн,eø,2,1,0,2,363,7054,2,TRUE
eø,2,членӗ,eø,2,1,0,2,363,7054,2,TRUE
eø,2,петӗн,eø,2,1,0,2,363,7054,2,TRUE
eø,2,эпӗр,eø,2,1,0,2,363,7054,2,TRUE
eø,2,лекрӗҫ,eø,2,1,0,2,363,7054,2,TRUE
eø,2,теттӗм,eø,2,1,0,2,363,7054,2,TRUE
eø,2,лекӗ,eø,2,1,0,2,363,7054,2,TRUE
eø,2,тейӗ,eø,2,1,0,2,363,7054,2,TRUE
eø,2,тертлӗ,eø,2,1,0,2,363,7054,2,TRUE
eø,2,елчӗк,eø,2,1,0,2,363,7054,2,TRUE
eø,2,петӗр,eø,2,1,0,2,363,7054,2,TRUE
eø,2,тейӗҫ,eø,1,1,0,2,363,7054,2,TRUE
eø,2,евчӗ,eø,1,1,0,2,363,7054,2,TRUE
eø,2,терӗр,eø,1,1,0,2,363,7054,2,TRUE
eø,2,евӗк,eø,1,1,0,2,363,7054,2,TRUE
eø,2,леҫрӗм,eø,1,1,0,2,363,7054,2,TRUE
eø,2,ҫенӗх,eø,1,1,0,2,363,7054,2,TRUE
eø,2,шеллӗр,eø,1,1,0,2,363,7054,2,TRUE
eø,2,мелшӗн,eø,1,1,0,2,363,7054,2,TRUE
eø,2,ҫенӗ,eø,1,1,0,2,363,7054,2,TRUE
eø,2,темӗ,eø,1,1,0,2,363,7054,2,TRUE
eø,2,леҫрӗҫ,eø,1,1,0,2,363,7054,2,TRUE
eø,2,ерӗн,eø,1,1,0,2,363,7054,2,TRUE
eø,2,энӗш,eø,1,1,0,2,363,7054,2,TRUE
eø,2,ҫеҫчӗ,eø,1,1,0,2,363,7054,2,TRUE
eø,2,тенӗн,eø,1,1,0,2,363,7054,2,TRUE
eø,2,слечӗ,eø,1,1,0,2,363,7054,2,TRUE
eø,2,речӗ,eø,1,1,0,2,363,7054,2,TRUE
eø,2,элчӗ,eø,1,1,0,2,363,7054,2,TRUE
eø,2,шелсӗр,eø,1,1,0,2,363,7054,2,TRUE
eø,2,меллӗн,eø,1,1,0,2,363,7054,2,TRUE
eø,2,сенӗк,eø,1,1,0,2,363,7054,2,TRUE
eø,2,шеллӗн,eø,1,1,0,2,363,7054,2,TRUE
eø,2,вӗсем,øe,525,2,1,2,363,7054,2,TRUE
eø,2,мӗнле,øe,393,2,1,2,363,7054,2,TRUE
eø,2,ӗҫе,øe,223,2,1,2,363,7054,2,TRUE
eø,2,ҫӗре,øe,168,2,1,2,363,7054,2,TRUE
eø,2,вӗсен,øe,155,2,1,2,363,7054,2,TRUE
eø,2,сӗтел,øe,145,2,1,2,363,7054,2,TRUE
eø,2,ҫӗрте,øe,99,2,1,2,363,7054,2,TRUE
eø,2,кӗтсе,øe,83,2,1,2,363,7054,2,TRUE
eø,2,пӗрре,øe,81,2,1,2,363,7054,2,TRUE
eø,2,тӗнче,øe,76,2,1,2,363,7054,2,TRUE
eø,2,хӗвел,øe,74,2,1,2,363,7054,2,TRUE
eø,2,ӗне,øe,69,2,1,2,363,7054,2,TRUE
eø,2,ӗҫне,øe,68,2,1,2,363,7054,2,TRUE
eø,2,пӗччен,øe,66,2,1,2,363,7054,2,TRUE
eø,2,пӗрле,øe,64,2,1,2,363,7054,2,TRUE
eø,2,чӗре,øe,63,2,1,2,363,7054,2,TRUE
eø,2,ҫӗртен,øe,58,2,1,2,363,7054,2,TRUE
eø,2,ӗнер,øe,43,2,1,2,363,7054,2,TRUE
eø,2,йӗрке,øe,42,2,1,2,363,7054,2,TRUE
eø,2,ҫӗрле,øe,40,2,1,2,363,7054,2,TRUE
eø,2,чӗлхе,øe,40,2,1,2,363,7054,2,TRUE
eø,2,ӗҫсем,øe,39,2,1,2,363,7054,2,TRUE
eø,2,ӗҫре,øe,39,2,1,2,363,7054,2,TRUE
eø,2,кӗҫех,øe,37,2,1,2,363,7054,2,TRUE
eø,2,ӗҫлет,øe,37,2,1,2,363,7054,2,TRUE
eø,2,хӗрсем,øe,36,2,1,2,363,7054,2,TRUE
eø,2,ӗҫпе,øe,36,2,1,2,363,7054,2,TRUE
eø,2,пӗлмен,øe,35,2,1,2,363,7054,2,TRUE
eø,2,пӗлет,øe,32,2,1,2,363,7054,2,TRUE
eø,2,пӗве,øe,31,2,1,2,363,7054,2,TRUE
eø,2,пӗлес,øe,30,2,1,2,363,7054,2,TRUE
eø,2,хӗлле,øe,29,2,1,2,363,7054,2,TRUE
eø,2,тӗлне,øe,29,2,1,2,363,7054,2,TRUE
eø,2,кӗтмен,øe,28,2,1,2,363,7054,2,TRUE
eø,2,пӗлсе,øe,26,2,1,2,363,7054,2,TRUE
eø,2,мӗне,øe,26,2,1,2,363,7054,2,TRUE
eø,2,йӗпе,øe,26,2,1,2,363,7054,2,TRUE
eø,2,кӗпе,øe,25,2,1,2,363,7054,2,TRUE
eø,2,кӗтет,øe,25,2,1,2,363,7054,2,TRUE
eø,2,чӗнсе,øe,24,2,1,2,363,7054,2,TRUE
eø,2,кӗске,øe,21,2,1,2,363,7054,2,TRUE
eø,2,хӗре,øe,21,2,1,2,363,7054,2,TRUE
eø,2,кӗпер,øe,20,2,1,2,363,7054,2,TRUE
eø,2,тӗле,øe,20,2,1,2,363,7054,2,TRUE
eø,2,пӗлме,øe,19,2,1,2,363,7054,2,TRUE
eø,2,кӗрет,øe,19,2,1,2,363,7054,2,TRUE
eø,2,пӗлмест,øe,17,2,1,2,363,7054,2,TRUE
eø,2,мӗнпе,øe,17,2,1,2,363,7054,2,TRUE
eø,2,вӗҫне,øe,15,2,1,2,363,7054,2,TRUE
eø,2,ӗҫрен,øe,15,2,1,2,363,7054,2,TRUE
eø,2,йӗрсе,øe,15,2,1,2,363,7054,2,TRUE
eø,2,ӗҫсе,øe,15,2,1,2,363,7054,2,TRUE
eø,2,пӗрех,øe,15,2,1,2,363,7054,2,TRUE
eø,2,ҫӗртех,øe,14,2,1,2,363,7054,2,TRUE
eø,2,тӗллев,øe,14,2,1,2,363,7054,2,TRUE
eø,2,тӗлте,øe,14,2,1,2,363,7054,2,TRUE
eø,2,хӗссе,øe,13,2,1,2,363,7054,2,TRUE
eø,2,тӗрев,øe,13,2,1,2,363,7054,2,TRUE
eø,2,ӗҫлес,øe,13,2,1,2,363,7054,2,TRUE
eø,2,ҫӗртме,øe,13,2,1,2,363,7054,2,TRUE
eø,2,тӗпе,øe,13,2,1,2,363,7054,2,TRUE
eø,2,пӗлсен,øe,13,2,1,2,363,7054,2,TRUE
eø,2,вӗҫсе,øe,13,2,1,2,363,7054,2,TRUE
eø,2,хӗрсе,øe,12,2,1,2,363,7054,2,TRUE
eø,2,пӗтет,øe,12,2,1,2,363,7054,2,TRUE
eø,2,пӗтсе,øe,10,2,1,2,363,7054,2,TRUE
eø,2,кӗрсе,øe,10,2,1,2,363,7054,2,TRUE
eø,2,пӗлсех,øe,10,2,1,2,363,7054,2,TRUE
eø,2,пӗрне,øe,10,2,1,2,363,7054,2,TRUE
eø,2,кӗме,øe,9,2,1,2,363,7054,2,TRUE
eø,2,ҫӗлен,øe,9,2,1,2,363,7054,2,TRUE
eø,2,тӗксе,øe,9,2,1,2,363,7054,2,TRUE
eø,2,хӗрне,øe,9,2,1,2,363,7054,2,TRUE
eø,2,пӗрер,øe,9,2,1,2,363,7054,2,TRUE
eø,2,пӗрлех,øe,9,2,1,2,363,7054,2,TRUE
eø,2,ӗҫме,øe,9,2,1,2,363,7054,2,TRUE
eø,2,мӗлке,øe,9,2,1,2,363,7054,2,TRUE
eø,2,кӗрпе,øe,8,2,1,2,363,7054,2,TRUE
eø,2,мӗнне,øe,7,2,1,2,363,7054,2,TRUE
eø,2,мӗнех,øe,7,2,1,2,363,7054,2,TRUE
eø,2,ҫӗрне,øe,7,2,1,2,363,7054,2,TRUE
eø,2,пӗтсен,øe,7,2,1,2,363,7054,2,TRUE
eø,2,ӗнен,øe,7,2,1,2,363,7054,2,TRUE
eø,2,чӗнмен,øe,7,2,1,2,363,7054,2,TRUE
eø,2,чӗнме,øe,6,2,1,2,363,7054,2,TRUE
eø,2,тӗтре,øe,6,2,1,2,363,7054,2,TRUE
eø,2,кӗтме,øe,6,2,1,2,363,7054,2,TRUE
eø,2,вӗлле,øe,6,2,1,2,363,7054,2,TRUE
eø,2,кӗлет,øe,6,2,1,2,363,7054,2,TRUE
eø,2,ӗҫчен,øe,6,2,1,2,363,7054,2,TRUE
eø,2,хӗрсех,øe,6,2,1,2,363,7054,2,TRUE
eø,2,чӗнет,øe,6,2,1,2,363,7054,2,TRUE
eø,2,пӗтер,øe,6,2,1,2,363,7054,2,TRUE
eø,2,ӗҫсен,øe,6,2,1,2,363,7054,2,TRUE
eø,2,ҫӗнсе,øe,6,2,1,2,363,7054,2,TRUE
eø,2,чӗкеҫ,øe,6,2,1,2,363,7054,2,TRUE
eø,2,кӗрлет,øe,5,2,1,2,363,7054,2,TRUE
eø,2,кӗрен,øe,5,2,1,2,363,7054,2,TRUE
eø,2,чӗрех,øe,5,2,1,2,363,7054,2,TRUE
eø,2,хӗлне,øe,5,2,1,2,363,7054,2,TRUE
eø,2,тӗпрен,øe,5,2,1,2,363,7054,2,TRUE
eø,2,ӗҫет,øe,5,2,1,2,363,7054,2,TRUE
eø,2,кӗтне,øe,5,2,1,2,363,7054,2,TRUE
eø,2,мӗскер,øe,5,2,1,2,363,7054,2,TRUE
eø,2,чӗнмест,øe,5,2,1,2,363,7054,2,TRUE
eø,2,ӗнте,øe,5,2,1,2,363,7054,2,TRUE
eø,2,чӗртсе,øe,5,2,1,2,363,7054,2,TRUE
eø,2,сӗнсе,øe,5,2,1,2,363,7054,2,TRUE
eø,2,сӗтев,øe,5,2,1,2,363,7054,2,TRUE
eø,2,тӗпчет,øe,5,2,1,2,363,7054,2,TRUE
eø,2,пӗртте,øe,4,2,1,2,363,7054,2,TRUE
eø,2,вӗҫет,øe,4,2,1,2,363,7054,2,TRUE
eø,2,тӗлтен,øe,4,2,1,2,363,7054,2,TRUE
eø,2,пӗлен,øe,4,2,1,2,363,7054,2,TRUE
eø,2,хӗрпе,øe,4,2,1,2,363,7054,2,TRUE
eø,2,чӗнсен,øe,4,2,1,2,363,7054,2,TRUE
eø,2,хӗсет,øe,4,2,1,2,363,7054,2,TRUE
eø,2,кӗскен,øe,4,2,1,2,363,7054,2,TRUE
eø,2,йӗппе,øe,4,2,1,2,363,7054,2,TRUE
eø,2,йӗпреҫ,øe,4,2,1,2,363,7054,2,TRUE
eø,2,ӗҫке,øe,4,2,1,2,363,7054,2,TRUE
eø,2,хӗле,øe,4,2,1,2,363,7054,2,TRUE
eø,2,тӗпне,øe,3,2,1,2,363,7054,2,TRUE
eø,2,кӗрсен,øe,3,2,1,2,363,7054,2,TRUE
eø,2,кӗтес,øe,3,2,1,2,363,7054,2,TRUE
eø,2,йӗрпе,øe,3,2,1,2,363,7054,2,TRUE
eø,2,кӗтсех,øe,3,2,1,2,363,7054,2,TRUE
eø,2,йӗтем,øe,3,2,1,2,363,7054,2,TRUE
eø,2,чӗрем,øe,3,2,1,2,363,7054,2,TRUE
eø,2,хӗнет,øe,3,2,1,2,363,7054,2,TRUE
eø,2,чӗрне,øe,3,2,1,2,363,7054,2,TRUE
eø,2,ҫӗршер,øe,3,2,1,2,363,7054,2,TRUE
eø,2,ҫӗрпе,øe,3,2,1,2,363,7054,2,TRUE
eø,2,хӗрес,øe,3,2,1,2,363,7054,2,TRUE
eø,2,хӗрсен,øe,3,2,1,2,363,7054,2,TRUE
eø,2,тӗнчен,øe,3,2,1,2,363,7054,2,TRUE
eø,2,ҫӗрме,øe,3,2,1,2,363,7054,2,TRUE
eø,2,пӗтсех,øe,3,2,1,2,363,7054,2,TRUE
eø,2,йӗнер,øe,3,2,1,2,363,7054,2,TRUE
eø,2,вӗрен,øe,3,2,1,2,363,7054,2,TRUE
eø,2,чӗртме,øe,3,2,1,2,363,7054,2,TRUE
eø,2,тӗспе,øe,3,2,1,2,363,7054,2,TRUE
eø,2,ӗнсе,øe,3,2,1,2,363,7054,2,TRUE
eø,2,мӗнтен,øe,3,2,1,2,363,7054,2,TRUE
eø,2,тӗве,øe,3,2,1,2,363,7054,2,TRUE
eø,2,кӗртме,øe,3,2,1,2,363,7054,2,TRUE
eø,2,хӗлеҫ,øe,3,2,1,2,363,7054,2,TRUE
eø,2,шӗвек,øe,3,2,1,2,363,7054,2,TRUE
eø,2,хӗҫне,øe,2,2,1,2,363,7054,2,TRUE
eø,2,кӗмен,øe,2,2,1,2,363,7054,2,TRUE
eø,2,сӗлтсе,øe,2,2,1,2,363,7054,2,TRUE
eø,2,тӗксем,øe,2,2,1,2,363,7054,2,TRUE
eø,2,ӗҫех,øe,2,2,1,2,363,7054,2,TRUE
eø,2,йӗрес,øe,2,2,1,2,363,7054,2,TRUE
eø,2,чӗтрет,øe,2,2,1,2,363,7054,2,TRUE
eø,2,пӗтмен,øe,2,2,1,2,363,7054,2,TRUE
eø,2,чӗнер,øe,2,2,1,2,363,7054,2,TRUE
eø,2,ҫӗклес,øe,2,2,1,2,363,7054,2,TRUE
eø,2,йӗре,øe,2,2,1,2,363,7054,2,TRUE
eø,2,ӗмсе,øe,2,2,1,2,363,7054,2,TRUE
eø,2,йӗрсем,øe,2,2,1,2,363,7054,2,TRUE
eø,2,хӗне,øe,2,2,1,2,363,7054,2,TRUE
eø,2,сӗнксе,øe,2,2,1,2,363,7054,2,TRUE
eø,2,тӗсне,øe,2,2,1,2,363,7054,2,TRUE
eø,2,тӗвве,øe,2,2,1,2,363,7054,2,TRUE
eø,2,йӗмне,øe,2,2,1,2,363,7054,2,TRUE
eø,2,чӗртес,øe,2,2,1,2,363,7054,2,TRUE
eø,2,пӗррех,øe,2,2,1,2,363,7054,2,TRUE
eø,2,вӗрсе,øe,2,2,1,2,363,7054,2,TRUE
eø,2,вӗҫен,øe,2,2,1,2,363,7054,2,TRUE
eø,2,кӗсье,øe,2,2,1,2,363,7054,2,TRUE
eø,2,тӗксен,øe,2,2,1,2,363,7054,2,TRUE
eø,2,хӗлхем,øe,2,2,1,2,363,7054,2,TRUE
eø,2,пӗтен,øe,2,2,1,2,363,7054,2,TRUE
eø,2,сӗтне,øe,2,2,1,2,363,7054,2,TRUE
eø,2,кӗлте,øe,2,2,1,2,363,7054,2,TRUE
eø,2,сӗтрен,øe,2,2,1,2,363,7054,2,TRUE
eø,2,сӗрме,øe,2,2,1,2,363,7054,2,TRUE
eø,2,кӗсъе,øe,2,2,1,2,363,7054,2,TRUE
eø,2,хӗнрех,øe,2,2,1,2,363,7054,2,TRUE
eø,2,пӗлнех,øe,2,2,1,2,363,7054,2,TRUE
eø,2,сӗрет,øe,2,2,1,2,363,7054,2,TRUE
eø,2,ӗшне,øe,2,2,1,2,363,7054,2,TRUE
eø,2,мӗнре,øe,2,2,1,2,363,7054,2,TRUE
eø,2,сӗнсен,øe,2,2,1,2,363,7054,2,TRUE
eø,2,кӗрес,øe,2,2,1,2,363,7054,2,TRUE
eø,2,кӗртес,øe,2,2,1,2,363,7054,2,TRUE
eø,2,тӗртсе,øe,2,2,1,2,363,7054,2,TRUE
eø,2,ҫӗпре,øe,2,2,1,2,363,7054,2,TRUE
eø,2,вӗҫес,øe,2,2,1,2,363,7054,2,TRUE
eø,2,тӗкел,øe,2,2,1,2,363,7054,2,TRUE
eø,2,ӗҫрех,øe,1,2,1,2,363,7054,2,TRUE
eø,2,сӗнме,øe,1,2,1,2,363,7054,2,TRUE
eø,2,ӗнтсе,øe,1,2,1,2,363,7054,2,TRUE
eø,2,тӗрме,øe,1,2,1,2,363,7054,2,TRUE
eø,2,сӗте,øe,1,2,1,2,363,7054,2,TRUE
eø,2,йӗтес,øe,1,2,1,2,363,7054,2,TRUE
eø,2,чӗнес,øe,1,2,1,2,363,7054,2,TRUE
eø,2,пӗтем,øe,1,2,1,2,363,7054,2,TRUE
eø,2,хӗрме,øe,1,2,1,2,363,7054,2,TRUE
eø,2,пӗвне,øe,1,2,1,2,363,7054,2,TRUE
eø,2,тӗне,øe,1,2,1,2,363,7054,2,TRUE
eø,2,сӗрсе,øe,1,2,1,2,363,7054,2,TRUE
eø,2,ӗҫлер,øe,1,2,1,2,363,7054,2,TRUE
eø,2,йӗме,øe,1,2,1,2,363,7054,2,TRUE
eø,2,тӗпел,øe,1,2,1,2,363,7054,2,TRUE
eø,2,ҫӗрлех,øe,1,2,1,2,363,7054,2,TRUE
eø,2,чӗнсех,øe,1,2,1,2,363,7054,2,TRUE
eø,2,ӗмет,øe,1,2,1,2,363,7054,2,TRUE
eø,2,ӗҫлеп,øe,1,2,1,2,363,7054,2,TRUE
eø,2,лӗкке,øe,1,2,1,2,363,7054,2,TRUE
eø,2,ҫӗҫҫе,øe,1,2,1,2,363,7054,2,TRUE
eø,2,сӗткен,øe,1,2,1,2,363,7054,2,TRUE
eø,2,вӗче,øe,1,2,1,2,363,7054,2,TRUE
eø,2,тӗмсем,øe,1,2,1,2,363,7054,2,TRUE
eø,2,йӗрне,øe,1,2,1,2,363,7054,2,TRUE
eø,2,чӗркет,øe,1,2,1,2,363,7054,2,TRUE
eø,2,сӗнес,øe,1,2,1,2,363,7054,2,TRUE
eø,2,сӗве,øe,1,2,1,2,363,7054,2,TRUE
eø,2,чӗлхем,øe,1,2,1,2,363,7054,2,TRUE
eø,2,ӗҫмен,øe,1,2,1,2,363,7054,2,TRUE
eø,2,тӗлнех,øe,1,2,1,2,363,7054,2,TRUE
eø,2,тӗкпе,øe,1,2,1,2,363,7054,2,TRUE
eø,2,кӗртсе,øe,1,2,1,2,363,7054,2,TRUE
eø,2,тӗрлес,øe,1,2,1,2,363,7054,2,TRUE
eø,2,кӗрте,øe,1,2,1,2,363,7054,2,TRUE
eø,2,пӗтес,øe,1,2,1,2,363,7054,2,TRUE
eø,2,ҫӗмрен,øe,1,2,1,2,363,7054,2,TRUE
eø,2,ҫӗклем,øe,1,2,1,2,363,7054,2,TRUE
eø,2,ҫӗтсе,øe,1,2,1,2,363,7054,2,TRUE
eø,2,сӗвсе,øe,1,2,1,2,363,7054,2,TRUE
eø,2,хӗртет,øe,1,2,1,2,363,7054,2,TRUE
eø,2,тӗнсе,øe,1,2,1,2,363,7054,2,TRUE
eø,2,ӗҫер,øe,1,2,1,2,363,7054,2,TRUE
eø,2,ҫӗлем,øe,1,2,1,2,363,7054,2,TRUE
eø,2,хӗве,øe,1,2,1,2,363,7054,2,TRUE
eø,2,ҫӗклет,øe,1,2,1,2,363,7054,2,TRUE
eø,2,вӗрет,øe,1,2,1,2,363,7054,2,TRUE
eø,2,хӗҫпе,øe,1,2,1,2,363,7054,2,TRUE
eø,2,хӗҫрен,øe,1,2,1,2,363,7054,2,TRUE
eø,2,мӗншен,øe,1,2,1,2,363,7054,2,TRUE
eø,2,пӗкех,øe,1,2,1,2,363,7054,2,TRUE
eø,2,вӗте,øe,1,2,1,2,363,7054,2,TRUE
eø,2,кӗрер,øe,1,2,1,2,363,7054,2,TRUE
eø,2,ҫӗрех,øe,1,2,1,2,363,7054,2,TRUE
eø,2,ҫӗрсем,øe,1,2,1,2,363,7054,2,TRUE
eø,2,сӗре,øe,1,2,1,2,363,7054,2,TRUE
eø,2,хӗртсен,øe,1,2,1,2,363,7054,2,TRUE
eø,2,хӗсмест,øe,1,2,1,2,363,7054,2,TRUE
eø,2,вӗре,øe,1,2,1,2,363,7054,2,TRUE
eø,2,тӗлме,øe,1,2,1,2,363,7054,2,TRUE
eø,2,чӗлле,øe,1,2,1,2,363,7054,2,TRUE
eø,2,ҫӗвек,øe,1,2,1,2,363,7054,2,TRUE
eø,2,кӗвве,øe,1,2,1,2,363,7054,2,TRUE
eø,2,пӗлне,øe,1,2,1,2,363,7054,2,TRUE
eø,2,ӗҫес,øe,1,2,1,2,363,7054,2,TRUE
eø,2,йӗрет,øe,1,2,1,2,363,7054,2,TRUE
eø,2,хӗрле,øe,1,2,1,2,363,7054,2,TRUE
eø,2,пӗршер,øe,1,2,1,2,363,7054,2,TRUE
eø,2,пӗрсе,øe,1,2,1,2,363,7054,2,TRUE
eø,2,тӗслех,øe,1,2,1,2,363,7054,2,TRUE
eø,2,хӗвне,øe,1,2,1,2,363,7054,2,TRUE
eø,2,сӗнет,øe,1,2,1,2,363,7054,2,TRUE
eø,2,пӗтмест,øe,1,2,1,2,363,7054,2,TRUE
eø,2,чӗрсе,øe,1,2,1,2,363,7054,2,TRUE
eø,2,кӗртне,øe,1,2,1,2,363,7054,2,TRUE
eø,2,йӗпне,øe,1,2,1,2,363,7054,2,TRUE
eø,2,пӗтме,øe,1,2,1,2,363,7054,2,TRUE
eø,2,ӗҫлев,øe,1,2,1,2,363,7054,2,TRUE
eø,2,чӗтре,øe,1,2,1,2,363,7054,2,TRUE
eø,2,кӗве,øe,1,2,1,2,363,7054,2,TRUE
eø,2,вӗҫме,øe,1,2,1,2,363,7054,2,TRUE
eø,2,хӗлпе,øe,1,2,1,2,363,7054,2,TRUE
eø,2,кӗлле,øe,1,2,1,2,363,7054,2,TRUE
eø,2,ӗмме,øe,1,2,1,2,363,7054,2,TRUE
eø,2,чӗнрен,øe,1,2,1,2,363,7054,2,TRUE
eø,2,тӗсе,øe,1,2,1,2,363,7054,2,TRUE
eø,2,йӗрме,øe,1,2,1,2,363,7054,2,TRUE
eø,2,ҫӗртре,øe,1,2,1,2,363,7054,2,TRUE
eø,2,вӗҫрен,øe,1,2,1,2,363,7054,2,TRUE
eø,2,вӗҫех,øe,1,2,1,2,363,7054,2,TRUE
eø,2,вӗрме,øe,1,2,1,2,363,7054,2,TRUE
eø,2,кӗтмел,øe,1,2,1,2,363,7054,2,TRUE
eø,2,мӗнрен,øe,1,2,1,2,363,7054,2,TRUE
eø,2,тӗпчев,øe,1,2,1,2,363,7054,2,TRUE
eø,2,сӗнмен,øe,1,2,1,2,363,7054,2,TRUE
iø,2,илчӗ,iø,536,1,0,2,263,5360,2,TRUE
iø,2,пирӗн,iø,451,1,0,2,263,5360,2,TRUE
iø,2,питӗ,iø,293,1,0,2,263,5360,2,TRUE
iø,2,икӗ,iø,265,1,0,2,263,5360,2,TRUE
iø,2,илнӗ,iø,223,1,0,2,263,5360,2,TRUE
iø,2,кирлӗ,iø,213,1,0,2,263,5360,2,TRUE
iø,2,килнӗ,iø,196,1,0,2,263,5360,2,TRUE
iø,2,ҫитнӗ,iø,160,1,0,2,263,5360,2,TRUE
iø,2,иртнӗ,iø,153,1,0,2,263,5360,2,TRUE
iø,2,виҫӗ,iø,124,1,0,2,263,5360,2,TRUE
iø,2,сирӗн,iø,109,1,0,2,263,5360,2,TRUE
iø,2,хирӗҫ,iø,108,1,0,2,263,5360,2,TRUE
iø,2,ҫитрӗ,iø,96,1,0,2,263,5360,2,TRUE
iø,2,пичӗ,iø,92,1,0,2,263,5360,2,TRUE
iø,2,килчӗ,iø,91,1,0,2,263,5360,2,TRUE
iø,2,нимӗн,iø,77,1,0,2,263,5360,2,TRUE
iø,2,илчӗҫ,iø,70,1,0,2,263,5360,2,TRUE
iø,2,иртрӗ,iø,69,1,0,2,263,5360,2,TRUE
iø,2,сивӗ,iø,65,1,0,2,263,5360,2,TRUE
iø,2,вилнӗ,iø,60,1,0,2,263,5360,2,TRUE
iø,2,ҫирӗп,iø,53,1,0,2,263,5360,2,TRUE
iø,2,кивӗ,iø,53,1,0,2,263,5360,2,TRUE
iø,2,витӗр,iø,52,1,0,2,263,5360,2,TRUE
iø,2,пилӗк,iø,45,1,0,2,263,5360,2,TRUE
iø,2,ирӗк,iø,39,1,0,2,263,5360,2,TRUE
iø,2,типӗ,iø,37,1,0,2,263,5360,2,TRUE
iø,2,ҫитӗ,iø,36,1,0,2,263,5360,2,TRUE
iø,2,ҫивӗч,iø,35,1,0,2,263,5360,2,TRUE
iø,2,ҫирӗм,iø,29,1,0,2,263,5360,2,TRUE
iø,2,иккӗ,iø,28,1,0,2,263,5360,2,TRUE
iø,2,тивӗ,iø,28,1,0,2,263,5360,2,TRUE
iø,2,ҫитрӗҫ,iø,27,1,0,2,263,5360,2,TRUE
iø,2,килӗ,iø,27,1,0,2,263,5360,2,TRUE
iø,2,симӗс,iø,26,1,0,2,263,5360,2,TRUE
iø,2,тиврӗ,iø,26,1,0,2,263,5360,2,TRUE
iø,2,ҫичӗ,iø,25,1,0,2,263,5360,2,TRUE
iø,2,виҫҫӗ,iø,25,1,0,2,263,5360,2,TRUE
iø,2,тивнӗ,iø,25,1,0,2,263,5360,2,TRUE
iø,2,нимӗҫ,iø,24,1,0,2,263,5360,2,TRUE
iø,2,чирлӗ,iø,24,1,0,2,263,5360,2,TRUE
iø,2,пиллӗк,iø,23,1,0,2,263,5360,2,TRUE
iø,2,илтӗм,iø,22,1,0,2,263,5360,2,TRUE
iø,2,иртӗ,iø,21,1,0,2,263,5360,2,TRUE
iø,2,илтрӗ,iø,20,1,0,2,263,5360,2,TRUE
iø,2,витнӗ,iø,17,1,0,2,263,5360,2,TRUE
iø,2,килтӗм,iø,16,1,0,2,263,5360,2,TRUE
iø,2,тивӗҫ,iø,16,1,0,2,263,5360,2,TRUE
iø,2,ҫиччӗ,iø,16,1,0,2,263,5360,2,TRUE
iø,2,сикрӗ,iø,15,1,0,2,263,5360,2,TRUE
iø,2,имӗш,iø,15,1,0,2,263,5360,2,TRUE
iø,2,тинӗс,iø,15,1,0,2,263,5360,2,TRUE
iø,2,иртрӗҫ,iø,15,1,0,2,263,5360,2,TRUE
iø,2,сиввӗн,iø,15,1,0,2,263,5360,2,TRUE
iø,2,тимӗр,iø,15,1,0,2,263,5360,2,TRUE
iø,2,илтнӗ,iø,15,1,0,2,263,5360,2,TRUE
iø,2,килчӗҫ,iø,14,1,0,2,263,5360,2,TRUE
iø,2,ҫитрӗм,iø,14,1,0,2,263,5360,2,TRUE
iø,2,чикнӗ,iø,13,1,0,2,263,5360,2,TRUE
iø,2,сиснӗ,iø,13,1,0,2,263,5360,2,TRUE
iø,2,ҫинӗ,iø,13,1,0,2,263,5360,2,TRUE
iø,2,питлӗ,iø,13,1,0,2,263,5360,2,TRUE
iø,2,питӗр,iø,12,1,0,2,263,5360,2,TRUE
iø,2,ҫиҫӗм,iø,11,1,0,2,263,5360,2,TRUE
iø,2,иккӗн,iø,10,1,0,2,263,5360,2,TRUE
iø,2,кинӗ,iø,10,1,0,2,263,5360,2,TRUE
iø,2,килтӗр,iø,10,1,0,2,263,5360,2,TRUE
iø,2,вилӗм,iø,10,1,0,2,263,5360,2,TRUE
iø,2,ҫимӗҫ,iø,10,1,0,2,263,5360,2,TRUE
iø,2,ҫитмӗл,iø,9,1,0,2,263,5360,2,TRUE
iø,2,ирсӗр,iø,9,1,0,2,263,5360,2,TRUE
iø,2,тимлӗ,iø,9,1,0,2,263,5360,2,TRUE
iø,2,илӗҫ,iø,9,1,0,2,263,5360,2,TRUE
iø,2,михӗ,iø,9,1,0,2,263,5360,2,TRUE
iø,2,сикнӗ,iø,8,1,0,2,263,5360,2,TRUE
iø,2,илӗр,iø,8,1,0,2,263,5360,2,TRUE
iø,2,чикрӗ,iø,7,1,0,2,263,5360,2,TRUE
iø,2,кирпӗч,iø,7,1,0,2,263,5360,2,TRUE
iø,2,килтӗн,iø,7,1,0,2,263,5360,2,TRUE
iø,2,вилчӗ,iø,6,1,0,2,263,5360,2,TRUE
iø,2,тимлӗн,iø,6,1,0,2,263,5360,2,TRUE
iø,2,тислӗк,iø,6,1,0,2,263,5360,2,TRUE
iø,2,чирӗ,iø,6,1,0,2,263,5360,2,TRUE
iø,2,тимӗрҫ,iø,6,1,0,2,263,5360,2,TRUE
iø,2,мирлӗ,iø,6,1,0,2,263,5360,2,TRUE
iø,2,витӗм,iø,6,1,0,2,263,5360,2,TRUE
iø,2,килӗҫ,iø,6,1,0,2,263,5360,2,TRUE
iø,2,нимсӗр,iø,6,1,0,2,263,5360,2,TRUE
iø,2,килӗр,iø,5,1,0,2,263,5360,2,TRUE
iø,2,илӗ,iø,5,1,0,2,263,5360,2,TRUE
iø,2,илтрӗм,iø,5,1,0,2,263,5360,2,TRUE
iø,2,ҫийӗн,iø,5,1,0,2,263,5360,2,TRUE
iø,2,пирлӗ,iø,5,1,0,2,263,5360,2,TRUE
iø,2,килсӗр,iø,5,1,0,2,263,5360,2,TRUE
iø,2,вилӗ,iø,5,1,0,2,263,5360,2,TRUE
iø,2,ҫилӗ,iø,5,1,0,2,263,5360,2,TRUE
iø,2,типшӗм,iø,5,1,0,2,263,5360,2,TRUE
iø,2,виҫӗм,iø,5,1,0,2,263,5360,2,TRUE
iø,2,шиклӗх,iø,5,1,0,2,263,5360,2,TRUE
iø,2,килмӗ,iø,5,1,0,2,263,5360,2,TRUE
iø,2,виҫҫӗн,iø,4,1,0,2,263,5360,2,TRUE
iø,2,илтӗр,iø,4,1,0,2,263,5360,2,TRUE
iø,2,шиклӗн,iø,4,1,0,2,263,5360,2,TRUE
iø,2,сирчӗ,iø,4,1,0,2,263,5360,2,TRUE
iø,2,чикӗ,iø,4,1,0,2,263,5360,2,TRUE
iø,2,илтӗн,iø,4,1,0,2,263,5360,2,TRUE
iø,2,ҫилсӗр,iø,4,1,0,2,263,5360,2,TRUE
iø,2,ҫиллӗ,iø,4,1,0,2,263,5360,2,TRUE
iø,2,илӗп,iø,4,1,0,2,263,5360,2,TRUE
iø,2,сисрӗ,iø,4,1,0,2,263,5360,2,TRUE
iø,2,тимлӗҫ,iø,4,1,0,2,263,5360,2,TRUE
iø,2,илӗн,iø,3,1,0,2,263,5360,2,TRUE
iø,2,пиҫӗ,iø,3,1,0,2,263,5360,2,TRUE
iø,2,ҫирӗ,iø,3,1,0,2,263,5360,2,TRUE
iø,2,тимлӗх,iø,3,1,0,2,263,5360,2,TRUE
iø,2,тилӗ,iø,3,1,0,2,263,5360,2,TRUE
iø,2,тирӗк,iø,3,1,0,2,263,5360,2,TRUE
iø,2,хирӗ,iø,3,1,0,2,263,5360,2,TRUE
iø,2,сиплӗ,iø,3,1,0,2,263,5360,2,TRUE
iø,2,витрӗ,iø,3,1,0,2,263,5360,2,TRUE
iø,2,кинӗм,iø,3,1,0,2,263,5360,2,TRUE
iø,2,илтрӗҫ,iø,3,1,0,2,263,5360,2,TRUE
iø,2,тикӗс,iø,3,1,0,2,263,5360,2,TRUE
iø,2,тикӗт,iø,3,1,0,2,263,5360,2,TRUE
iø,2,пиҫнӗ,iø,3,1,0,2,263,5360,2,TRUE
iø,2,килӗп,iø,3,1,0,2,263,5360,2,TRUE
iø,2,ишӗр,iø,3,1,0,2,263,5360,2,TRUE
iø,2,чирӗн,iø,3,1,0,2,263,5360,2,TRUE
iø,2,хиршӗн,iø,2,1,0,2,263,5360,2,TRUE
iø,2,никӗс,iø,2,1,0,2,263,5360,2,TRUE
iø,2,кишӗр,iø,2,1,0,2,263,5360,2,TRUE
iø,2,икҫӗр,iø,2,1,0,2,263,5360,2,TRUE
iø,2,виҫҫӗр,iø,2,1,0,2,263,5360,2,TRUE
iø,2,ҫивӗт,iø,2,1,0,2,263,5360,2,TRUE
iø,2,итлӗр,iø,2,1,0,2,263,5360,2,TRUE
iø,2,пилӗ,iø,2,1,0,2,263,5360,2,TRUE
iø,2,иксӗр,iø,2,1,0,2,263,5360,2,TRUE
iø,2,милӗк,iø,2,1,0,2,263,5360,2,TRUE
iø,2,вичкӗн,iø,2,1,0,2,263,5360,2,TRUE
iø,2,ҫитӗҫ,iø,2,1,0,2,263,5360,2,TRUE
iø,2,ҫитӗн,iø,2,1,0,2,263,5360,2,TRUE
iø,2,сисрӗҫ,iø,2,1,0,2,263,5360,2,TRUE
iø,2,вилӗҫ,iø,2,1,0,2,263,5360,2,TRUE
iø,2,кимӗ,iø,2,1,0,2,263,5360,2,TRUE
iø,2,киҫтӗк,iø,2,1,0,2,263,5360,2,TRUE
iø,2,сийлӗ,iø,2,1,0,2,263,5360,2,TRUE
iø,2,тийӗр,iø,1,1,0,2,263,5360,2,TRUE
iø,2,иртрӗм,iø,1,1,0,2,263,5360,2,TRUE
iø,2,сирнӗ,iø,1,1,0,2,263,5360,2,TRUE
iø,2,ҫитӗр,iø,1,1,0,2,263,5360,2,TRUE
iø,2,илмӗн,iø,1,1,0,2,263,5360,2,TRUE
iø,2,вилмӗ,iø,1,1,0,2,263,5360,2,TRUE
iø,2,ҫитӗп,iø,1,1,0,2,263,5360,2,TRUE
iø,2,ҫиттӗр,iø,1,1,0,2,263,5360,2,TRUE
iø,2,чиктӗр,iø,1,1,0,2,263,5360,2,TRUE
iø,2,виҫӗҫ,iø,1,1,0,2,263,5360,2,TRUE
iø,2,килӗш,iø,1,1,0,2,263,5360,2,TRUE
iø,2,килмӗҫ,iø,1,1,0,2,263,5360,2,TRUE
iø,2,типрӗҫ,iø,1,1,0,2,263,5360,2,TRUE
iø,2,кирӗк,iø,1,1,0,2,263,5360,2,TRUE
iø,2,кинӗр,iø,1,1,0,2,263,5360,2,TRUE
iø,2,килшӗн,iø,1,1,0,2,263,5360,2,TRUE
iø,2,чикрӗҫ,iø,1,1,0,2,263,5360,2,TRUE
iø,2,шиклӗ,iø,1,1,0,2,263,5360,2,TRUE
iø,2,ҫивчӗ,iø,1,1,0,2,263,5360,2,TRUE
iø,2,писӗҫ,iø,1,1,0,2,263,5360,2,TRUE
iø,2,сисӗм,iø,1,1,0,2,263,5360,2,TRUE
iø,2,сисрӗн,iø,1,1,0,2,263,5360,2,TRUE
iø,2,типнӗ,iø,1,1,0,2,263,5360,2,TRUE
iø,2,ҫичҫӗр,iø,1,1,0,2,263,5360,2,TRUE
iø,2,ҫийӗ,iø,1,1,0,2,263,5360,2,TRUE
iø,2,сикрӗм,iø,1,1,0,2,263,5360,2,TRUE
iø,2,питӗн,iø,1,1,0,2,263,5360,2,TRUE
iø,2,ҫитмӗ,iø,1,1,0,2,263,5360,2,TRUE
iø,2,хирнӗ,iø,1,1,0,2,263,5360,2,TRUE
iø,2,сиснӗн,iø,1,1,0,2,263,5360,2,TRUE
iø,2,ҫимӗк,iø,1,1,0,2,263,5360,2,TRUE
iø,2,вирлӗн,iø,1,1,0,2,263,5360,2,TRUE
iø,2,пиҫӗн,iø,1,1,0,2,263,5360,2,TRUE
iø,2,ишнӗ,iø,1,1,0,2,263,5360,2,TRUE
iø,2,типпӗн,iø,1,1,0,2,263,5360,2,TRUE
iø,2,ирттӗр,iø,1,1,0,2,263,5360,2,TRUE
iø,2,вирлӗ,iø,1,1,0,2,263,5360,2,TRUE
iø,2,вилтӗр,iø,1,1,0,2,263,5360,2,TRUE
iø,2,ҫирӗҫ,iø,1,1,0,2,263,5360,2,TRUE
iø,2,ишрӗм,iø,1,1,0,2,263,5360,2,TRUE
iø,2,ҫиҫрӗ,iø,1,1,0,2,263,5360,2,TRUE
iø,2,тирнӗ,iø,1,1,0,2,263,5360,2,TRUE
iø,2,сиртӗр,iø,1,1,0,2,263,5360,2,TRUE
iø,2,сикрӗҫ,iø,1,1,0,2,263,5360,2,TRUE
iø,2,ҫийӗр,iø,1,1,0,2,263,5360,2,TRUE
iø,2,тивмӗ,iø,1,1,0,2,263,5360,2,TRUE
iø,2,ҫитчӗр,iø,1,1,0,2,263,5360,2,TRUE
iø,2,килӗн,iø,1,1,0,2,263,5360,2,TRUE
iø,2,ҫитнӗн,iø,1,1,0,2,263,5360,2,TRUE
iø,2,вилӗр,iø,1,1,0,2,263,5360,2,TRUE
iø,2,ҫирӗк,iø,1,1,0,2,263,5360,2,TRUE
iø,2,ҫирӗн,iø,1,1,0,2,263,5360,2,TRUE
iø,2,илтмӗш,iø,1,1,0,2,263,5360,2,TRUE
iø,2,иҫӗм,iø,1,1,0,2,263,5360,2,TRUE
iø,2,иӗм,iø,1,1,0,2,263,5360,2,TRUE
iø,2,пӗри,øi,124,2,1,2,263,5360,2,TRUE
iø,2,чӗри,øi,54,2,1,2,263,5360,2,TRUE
iø,2,вӗри,øi,43,2,1,2,263,5360,2,TRUE
iø,2,чӗлхи,øi,31,2,1,2,263,5360,2,TRUE
iø,2,кӗрхи,øi,30,2,1,2,263,5360,2,TRUE
iø,2,пӗрин,øi,20,2,1,2,263,5360,2,TRUE
iø,2,кӗпи,øi,15,2,1,2,263,5360,2,TRUE
iø,2,ҫӗнни,øi,10,2,1,2,263,5360,2,TRUE
iø,2,ӗҫри,øi,9,2,1,2,263,5360,2,TRUE
iø,2,ӗнси,øi,8,2,1,2,263,5360,2,TRUE
iø,2,кӗни,øi,7,2,1,2,263,5360,2,TRUE
iø,2,пӗрчи,øi,7,2,1,2,263,5360,2,TRUE
iø,2,йӗри,øi,5,2,1,2,263,5360,2,TRUE
iø,2,пӗлни,øi,5,2,1,2,263,5360,2,TRUE
iø,2,хӗрри,øi,5,2,1,2,263,5360,2,TRUE
iø,2,йӗрки,øi,4,2,1,2,263,5360,2,TRUE
iø,2,тӗми,øi,4,2,1,2,263,5360,2,TRUE
iø,2,ӗни,øi,4,2,1,2,263,5360,2,TRUE
iø,2,хӗсни,øi,4,2,1,2,263,5360,2,TRUE
iø,2,чӗлхин,øi,4,2,1,2,263,5360,2,TRUE
iø,2,ҫӗрти,øi,3,2,1,2,263,5360,2,TRUE
iø,2,кӗрпи,øi,3,2,1,2,263,5360,2,TRUE
iø,2,мӗлки,øi,3,2,1,2,263,5360,2,TRUE
iø,2,ҫӗҫҫи,øi,3,2,1,2,263,5360,2,TRUE
iø,2,кӗртни,øi,2,2,1,2,263,5360,2,TRUE
iø,2,ӗҫни,øi,2,2,1,2,263,5360,2,TRUE
iø,2,кӗвви,øi,2,2,1,2,263,5360,2,TRUE
iø,2,йӗрри,øi,2,2,1,2,263,5360,2,TRUE
iø,2,вӗлли,øi,2,2,1,2,263,5360,2,TRUE
iø,2,тӗнчи,øi,2,2,1,2,263,5360,2,TRUE
iø,2,чӗрни,øi,2,2,1,2,263,5360,2,TRUE
iø,2,пӗви,øi,2,2,1,2,263,5360,2,TRUE
iø,2,пӗлми,øi,2,2,1,2,263,5360,2,TRUE
iø,2,тӗррин,øi,2,2,1,2,263,5360,2,TRUE
iø,2,вӗчи,øi,1,2,1,2,263,5360,2,TRUE
iø,2,кӗми,øi,1,2,1,2,263,5360,2,TRUE
iø,2,пӗтни,øi,1,2,1,2,263,5360,2,TRUE
iø,2,тӗшши,øi,1,2,1,2,263,5360,2,TRUE
iø,2,пӗлмиш,øi,1,2,1,2,263,5360,2,TRUE
iø,2,чӗнни,øi,1,2,1,2,263,5360,2,TRUE
iø,2,кӗлли,øi,1,2,1,2,263,5360,2,TRUE
iø,2,ҫӗрхи,øi,1,2,1,2,263,5360,2,TRUE
iø,2,пӗкки,øi,1,2,1,2,263,5360,2,TRUE
iø,2,мӗтри,øi,1,2,1,2,263,5360,2,TRUE
iø,2,чӗппи,øi,1,2,1,2,263,5360,2,TRUE
iø,2,йӗппи,øi,1,2,1,2,263,5360,2,TRUE
iø,2,кӗсрин,øi,1,2,1,2,263,5360,2,TRUE
iø,2,чӗрри,øi,1,2,1,2,263,5360,2,TRUE
iø,2,тӗрри,øi,1,2,1,2,263,5360,2,TRUE
iø,2,хӗҫҫи,øi,1,2,1,2,263,5360,2,TRUE
iø,2,сӗнни,øi,1,2,1,2,263,5360,2,TRUE
iø,2,хӗртни,øi,1,2,1,2,263,5360,2,TRUE
iø,2,ӗнин,øi,1,2,1,2,263,5360,2,TRUE
iø,2,ӗҫки,øi,1,2,1,2,263,5360,2,TRUE
iø,2,тӗртни,øi,1,2,1,2,263,5360,2,TRUE
iø,2,чӗнми,øi,1,2,1,2,263,5360,2,TRUE
iø,2,тӗтри,øi,1,2,1,2,263,5360,2,TRUE
iø,2,вӗрин,øi,1,2,1,2,263,5360,2,TRUE
iø,2,йӗни,øi,1,2,1,2,263,5360,2,TRUE
iø,2,чӗрик,øi,1,2,1,2,263,5360,2,TRUE
iø,2,чӗрҫи,øi,1,2,1,2,263,5360,2,TRUE
iø,2,ӗлки,øi,1,2,1,2,263,5360,2,TRUE
iø,2,кӗпин,øi,1,2,1,2,263,5360,2,TRUE
ɵu,2,унӑн,uɵ,684,1,0,2,277,4510,2,TRUE
ɵu,2,пулнӑ,uɵ,387,1,0,2,277,4510,2,TRUE
ɵu,2,тухнӑ,uɵ,203,1,0,2,277,4510,2,TRUE
ɵu,2,тунӑ,uɵ,162,1,0,2,277,4510,2,TRUE
ɵu,2,пурнӑҫ,uɵ,138,1,0,2,277,4510,2,TRUE
ɵu,2,усӑ,uɵ,130,1,0,2,277,4510,2,TRUE
ɵu,2,урлӑ,uɵ,121,1,0,2,277,4510,2,TRUE
ɵu,2,урӑх,uɵ,113,1,0,2,277,4510,2,TRUE
ɵu,2,шурӑ,uɵ,107,1,0,2,277,4510,2,TRUE
ɵu,2,хунӑ,uɵ,101,1,0,2,277,4510,2,TRUE
ɵu,2,курнӑ,uɵ,100,1,0,2,277,4510,2,TRUE
ɵu,2,юлнӑ,uɵ,89,1,0,2,277,4510,2,TRUE
ɵu,2,ҫутӑ,uɵ,83,1,0,2,277,4510,2,TRUE
ɵu,2,уҫӑ,uɵ,82,1,0,2,277,4510,2,TRUE
ɵu,2,пултӑр,uɵ,59,1,0,2,277,4510,2,TRUE
ɵu,2,тупнӑ,uɵ,58,1,0,2,277,4510,2,TRUE
ɵu,2,юрӑ,uɵ,54,1,0,2,277,4510,2,TRUE
ɵu,2,шухӑш,uɵ,45,1,0,2,277,4510,2,TRUE
ɵu,2,хурӑн,uɵ,45,1,0,2,277,4510,2,TRUE
ɵu,2,уншӑн,uɵ,44,1,0,2,277,4510,2,TRUE
ɵu,2,утнӑ,uɵ,42,1,0,2,277,4510,2,TRUE
ɵu,2,турӑ,uɵ,40,1,0,2,277,4510,2,TRUE
ɵu,2,утӑ,uɵ,38,1,0,2,277,4510,2,TRUE
ɵu,2,вунӑ,uɵ,38,1,0,2,277,4510,2,TRUE
ɵu,2,уйрӑм,uɵ,38,1,0,2,277,4510,2,TRUE
ɵu,2,ҫулӑм,uɵ,38,1,0,2,277,4510,2,TRUE
ɵu,2,уйӑх,uɵ,36,1,0,2,277,4510,2,TRUE
ɵu,2,ушкӑн,uɵ,35,1,0,2,277,4510,2,TRUE
ɵu,2,ҫумӑр,uɵ,31,1,0,2,277,4510,2,TRUE
ɵu,2,пушӑ,uɵ,30,1,0,2,277,4510,2,TRUE
ɵu,2,уҫнӑ,uɵ,29,1,0,2,277,4510,2,TRUE
ɵu,2,курӑк,uɵ,29,1,0,2,277,4510,2,TRUE
ɵu,2,куртӑм,uɵ,26,1,0,2,277,4510,2,TRUE
ɵu,2,улӑм,uɵ,23,1,0,2,277,4510,2,TRUE
ɵu,2,вуннӑ,uɵ,23,1,0,2,277,4510,2,TRUE
ɵu,2,тутлӑ,uɵ,22,1,0,2,277,4510,2,TRUE
ɵu,2,тухтӑр,uɵ,22,1,0,2,277,4510,2,TRUE
ɵu,2,хупнӑ,uɵ,22,1,0,2,277,4510,2,TRUE
ɵu,2,хушнӑ,uɵ,21,1,0,2,277,4510,2,TRUE
ɵu,2,пултӑм,uɵ,21,1,0,2,277,4510,2,TRUE
ɵu,2,утӑм,uɵ,21,1,0,2,277,4510,2,TRUE
ɵu,2,тусӑм,uɵ,21,1,0,2,277,4510,2,TRUE
ɵu,2,унсӑр,uɵ,20,1,0,2,277,4510,2,TRUE
ɵu,2,хушӑ,uɵ,20,1,0,2,277,4510,2,TRUE
ɵu,2,ултӑ,uɵ,20,1,0,2,277,4510,2,TRUE
ɵu,2,туслӑ,uɵ,20,1,0,2,277,4510,2,TRUE
ɵu,2,сурӑх,uɵ,20,1,0,2,277,4510,2,TRUE
ɵu,2,ҫурӑ,uɵ,20,1,0,2,277,4510,2,TRUE
ɵu,2,улттӑ,uɵ,20,1,0,2,277,4510,2,TRUE
ɵu,2,хулӑн,uɵ,19,1,0,2,277,4510,2,TRUE
ɵu,2,тухрӑм,uɵ,18,1,0,2,277,4510,2,TRUE
ɵu,2,вутӑ,uɵ,17,1,0,2,277,4510,2,TRUE
ɵu,2,тулнӑ,uɵ,16,1,0,2,277,4510,2,TRUE
ɵu,2,сутнӑ,uɵ,16,1,0,2,277,4510,2,TRUE
ɵu,2,чупнӑ,uɵ,16,1,0,2,277,4510,2,TRUE
ɵu,2,кунсӑр,uɵ,15,1,0,2,277,4510,2,TRUE
ɵu,2,пуснӑ,uɵ,15,1,0,2,277,4510,2,TRUE
ɵu,2,куҫлӑ,uɵ,14,1,0,2,277,4510,2,TRUE
ɵu,2,ҫурӑм,uɵ,14,1,0,2,277,4510,2,TRUE
ɵu,2,хутлӑ,uɵ,14,1,0,2,277,4510,2,TRUE
ɵu,2,купӑс,uɵ,14,1,0,2,277,4510,2,TRUE
ɵu,2,сумлӑ,uɵ,13,1,0,2,277,4510,2,TRUE
ɵu,2,ҫулҫӑ,uɵ,13,1,0,2,277,4510,2,TRUE
ɵu,2,хуйхӑ,uɵ,13,1,0,2,277,4510,2,TRUE
ɵu,2,пусӑ,uɵ,12,1,0,2,277,4510,2,TRUE
ɵu,2,ҫухрӑм,uɵ,12,1,0,2,277,4510,2,TRUE
ɵu,2,тутӑр,uɵ,12,1,0,2,277,4510,2,TRUE
ɵu,2,пуртӑ,uɵ,12,1,0,2,277,4510,2,TRUE
ɵu,2,ҫунӑ,uɵ,11,1,0,2,277,4510,2,TRUE
ɵu,2,ҫуртӑн,uɵ,11,1,0,2,277,4510,2,TRUE
ɵu,2,ҫуннӑ,uɵ,10,1,0,2,277,4510,2,TRUE
ɵu,2,туйнӑ,uɵ,10,1,0,2,277,4510,2,TRUE
ɵu,2,уҫҫӑн,uɵ,10,1,0,2,277,4510,2,TRUE
ɵu,2,туслӑх,uɵ,10,1,0,2,277,4510,2,TRUE
ɵu,2,туйӑм,uɵ,9,1,0,2,277,4510,2,TRUE
ɵu,2,улӑп,uɵ,9,1,0,2,277,4510,2,TRUE
ɵu,2,куншӑн,uɵ,9,1,0,2,277,4510,2,TRUE
ɵu,2,пуҫлӑх,uɵ,9,1,0,2,277,4510,2,TRUE
ɵu,2,чунӑм,uɵ,9,1,0,2,277,4510,2,TRUE
ɵu,2,пурӑн,uɵ,8,1,0,2,277,4510,2,TRUE
ɵu,2,куҫнӑ,uɵ,8,1,0,2,277,4510,2,TRUE
ɵu,2,пухнӑ,uɵ,8,1,0,2,277,4510,2,TRUE
ɵu,2,чухӑн,uɵ,8,1,0,2,277,4510,2,TRUE
ɵu,2,куҫӑн,uɵ,8,1,0,2,277,4510,2,TRUE
ɵu,2,ҫулӑн,uɵ,8,1,0,2,277,4510,2,TRUE
ɵu,2,пулӑ,uɵ,7,1,0,2,277,4510,2,TRUE
ɵu,2,сумлӑн,uɵ,7,1,0,2,277,4510,2,TRUE
ɵu,2,чунлӑ,uɵ,7,1,0,2,277,4510,2,TRUE
ɵu,2,тупрӑм,uɵ,7,1,0,2,277,4510,2,TRUE
ɵu,2,ҫуртшӑн,uɵ,7,1,0,2,277,4510,2,TRUE
ɵu,2,уснӑ,uɵ,6,1,0,2,277,4510,2,TRUE
ɵu,2,пуҫлӑ,uɵ,6,1,0,2,277,4510,2,TRUE
ɵu,2,тутӑ,uɵ,6,1,0,2,277,4510,2,TRUE
ɵu,2,пулӑм,uɵ,6,1,0,2,277,4510,2,TRUE
ɵu,2,утрӑм,uɵ,6,1,0,2,277,4510,2,TRUE
ɵu,2,шутсӑр,uɵ,6,1,0,2,277,4510,2,TRUE
ɵu,2,суннӑ,uɵ,6,1,0,2,277,4510,2,TRUE
ɵu,2,хуҫнӑ,uɵ,5,1,0,2,277,4510,2,TRUE
ɵu,2,шухӑ,uɵ,5,1,0,2,277,4510,2,TRUE
ɵu,2,хурҫӑ,uɵ,5,1,0,2,277,4510,2,TRUE
ɵu,2,супӑнь,uɵ,5,1,0,2,277,4510,2,TRUE
ɵu,2,хутӑш,uɵ,5,1,0,2,277,4510,2,TRUE
ɵu,2,тупрӑн,uɵ,5,1,0,2,277,4510,2,TRUE
ɵu,2,шуҫӑм,uɵ,5,1,0,2,277,4510,2,TRUE
ɵu,2,турӑм,uɵ,5,1,0,2,277,4510,2,TRUE
ɵu,2,юлтӑн,uɵ,5,1,0,2,277,4510,2,TRUE
ɵu,2,тунсӑх,uɵ,5,1,0,2,277,4510,2,TRUE
ɵu,2,курӑн,uɵ,5,1,0,2,277,4510,2,TRUE
ɵu,2,ҫурӑк,uɵ,5,1,0,2,277,4510,2,TRUE
ɵu,2,ҫуллӑ,uɵ,5,1,0,2,277,4510,2,TRUE
ɵu,2,хупӑ,uɵ,5,1,0,2,277,4510,2,TRUE
ɵu,2,тухӑн,uɵ,5,1,0,2,277,4510,2,TRUE
ɵu,2,путнӑ,uɵ,5,1,0,2,277,4510,2,TRUE
ɵu,2,ҫумӑн,uɵ,5,1,0,2,277,4510,2,TRUE
ɵu,2,туйтӑр,uɵ,5,1,0,2,277,4510,2,TRUE
ɵu,2,ҫутлӑх,uɵ,4,1,0,2,277,4510,2,TRUE
ɵu,2,уҫӑп,uɵ,4,1,0,2,277,4510,2,TRUE
ɵu,2,тупӑш,uɵ,4,1,0,2,277,4510,2,TRUE
ɵu,2,кулӑ,uɵ,4,1,0,2,277,4510,2,TRUE
ɵu,2,хутӑм,uɵ,4,1,0,2,277,4510,2,TRUE
ɵu,2,ҫулнӑ,uɵ,4,1,0,2,277,4510,2,TRUE
ɵu,2,пулччӑр,uɵ,4,1,0,2,277,4510,2,TRUE
ɵu,2,хулӑ,uɵ,4,1,0,2,277,4510,2,TRUE
ɵu,2,хуҫӑк,uɵ,4,1,0,2,277,4510,2,TRUE
ɵu,2,куҫлӑх,uɵ,4,1,0,2,277,4510,2,TRUE
ɵu,2,сулӑ,uɵ,3,1,0,2,277,4510,2,TRUE
ɵu,2,юхнӑ,uɵ,3,1,0,2,277,4510,2,TRUE
ɵu,2,хуйхӑр,uɵ,3,1,0,2,277,4510,2,TRUE
ɵu,2,турӑр,uɵ,3,1,0,2,277,4510,2,TRUE
ɵu,2,сулхӑн,uɵ,3,1,0,2,277,4510,2,TRUE
ɵu,2,пуйӑс,uɵ,3,1,0,2,277,4510,2,TRUE
ɵu,2,пулӑн,uɵ,3,1,0,2,277,4510,2,TRUE
ɵu,2,юрӑҫ,uɵ,3,1,0,2,277,4510,2,TRUE
ɵu,2,юлтӑм,uɵ,3,1,0,2,277,4510,2,TRUE
ɵu,2,ҫунӑк,uɵ,3,1,0,2,277,4510,2,TRUE
ɵu,2,кутӑн,uɵ,3,1,0,2,277,4510,2,TRUE
ɵu,2,ҫурнӑ,uɵ,3,1,0,2,277,4510,2,TRUE
ɵu,2,кунлӑх,uɵ,2,1,0,2,277,4510,2,TRUE
ɵu,2,юхӑм,uɵ,2,1,0,2,277,4510,2,TRUE
ɵu,2,хурӑр,uɵ,2,1,0,2,277,4510,2,TRUE
ɵu,2,тунӑн,uɵ,2,1,0,2,277,4510,2,TRUE
ɵu,2,тупрӑр,uɵ,2,1,0,2,277,4510,2,TRUE
ɵu,2,тухӑр,uɵ,2,1,0,2,277,4510,2,TRUE
ɵu,2,туртӑм,uɵ,2,1,0,2,277,4510,2,TRUE
ɵu,2,сутӑн,uɵ,2,1,0,2,277,4510,2,TRUE
ɵu,2,курӑп,uɵ,2,1,0,2,277,4510,2,TRUE
ɵu,2,юрлӑ,uɵ,2,1,0,2,277,4510,2,TRUE
ɵu,2,куртӑр,uɵ,2,1,0,2,277,4510,2,TRUE
ɵu,2,пулӑр,uɵ,2,1,0,2,277,4510,2,TRUE
ɵu,2,пушӑн,uɵ,2,1,0,2,277,4510,2,TRUE
ɵu,2,тупӑк,uɵ,2,1,0,2,277,4510,2,TRUE
ɵu,2,юнлӑ,uɵ,2,1,0,2,277,4510,2,TRUE
ɵu,2,тутлӑн,uɵ,2,1,0,2,277,4510,2,TRUE
ɵu,2,чупрӑм,uɵ,2,1,0,2,277,4510,2,TRUE
ɵu,2,улӑх,uɵ,2,1,0,2,277,4510,2,TRUE
ɵu,2,вутлӑ,uɵ,2,1,0,2,277,4510,2,TRUE
ɵu,2,урнӑ,uɵ,2,1,0,2,277,4510,2,TRUE
ɵu,2,пухрӑм,uɵ,2,1,0,2,277,4510,2,TRUE
ɵu,2,курнӑн,uɵ,2,1,0,2,277,4510,2,TRUE
ɵu,2,шунӑ,uɵ,2,1,0,2,277,4510,2,TRUE
ɵu,2,юлнӑн,uɵ,2,1,0,2,277,4510,2,TRUE
ɵu,2,туршӑн,uɵ,2,1,0,2,277,4510,2,TRUE
ɵu,2,шуррӑн,uɵ,2,1,0,2,277,4510,2,TRUE
ɵu,2,хуйӑх,uɵ,2,1,0,2,277,4510,2,TRUE
ɵu,2,хутӑн,uɵ,2,1,0,2,277,4510,2,TRUE
ɵu,2,пурҫӑн,uɵ,2,1,0,2,277,4510,2,TRUE
ɵu,2,кулӑр,uɵ,2,1,0,2,277,4510,2,TRUE
ɵu,2,пусрӑм,uɵ,2,1,0,2,277,4510,2,TRUE
ɵu,2,тулӑ,uɵ,2,1,0,2,277,4510,2,TRUE
ɵu,2,пурлӑх,uɵ,2,1,0,2,277,4510,2,TRUE
ɵu,2,курӑр,uɵ,2,1,0,2,277,4510,2,TRUE
ɵu,2,тумлӑ,uɵ,2,1,0,2,277,4510,2,TRUE
ɵu,2,ҫутрӑм,uɵ,2,1,0,2,277,4510,2,TRUE
ɵu,2,шурлӑх,uɵ,2,1,0,2,277,4510,2,TRUE
ɵu,2,ҫуттӑн,uɵ,2,1,0,2,277,4510,2,TRUE
ɵu,2,ункӑ,uɵ,2,1,0,2,277,4510,2,TRUE
ɵu,2,шукӑль,uɵ,2,1,0,2,277,4510,2,TRUE
ɵu,2,лушкӑн,uɵ,2,1,0,2,277,4510,2,TRUE
ɵu,2,тупӑ,uɵ,2,1,0,2,277,4510,2,TRUE
ɵu,2,утӑр,uɵ,2,1,0,2,277,4510,2,TRUE
ɵu,2,туйрӑм,uɵ,2,1,0,2,277,4510,2,TRUE
ɵu,2,шутлӑ,uɵ,2,1,0,2,277,4510,2,TRUE
ɵu,2,чуншӑн,uɵ,2,1,0,2,277,4510,2,TRUE
ɵu,2,сусӑр,uɵ,2,1,0,2,277,4510,2,TRUE
ɵu,2,шуххӑн,uɵ,1,1,0,2,277,4510,2,TRUE
ɵu,2,пулӑп,uɵ,1,1,0,2,277,4510,2,TRUE
ɵu,2,куҫсӑр,uɵ,1,1,0,2,277,4510,2,TRUE
ɵu,2,курӑс,uɵ,1,1,0,2,277,4510,2,TRUE
ɵu,2,хурлӑх,uɵ,1,1,0,2,277,4510,2,TRUE
ɵu,2,пулнӑн,uɵ,1,1,0,2,277,4510,2,TRUE
ɵu,2,урмӑш,uɵ,1,1,0,2,277,4510,2,TRUE
ɵu,2,сутрӑм,uɵ,1,1,0,2,277,4510,2,TRUE
ɵu,2,тусшӑн,uɵ,1,1,0,2,277,4510,2,TRUE
ɵu,2,юттӑн,uɵ,1,1,0,2,277,4510,2,TRUE
ɵu,2,ухӑ,uɵ,1,1,0,2,277,4510,2,TRUE
ɵu,2,тухрӑн,uɵ,1,1,0,2,277,4510,2,TRUE
ɵu,2,туннӑ,uɵ,1,1,0,2,277,4510,2,TRUE
ɵu,2,тупӑн,uɵ,1,1,0,2,277,4510,2,TRUE
ɵu,2,куҫрӑн,uɵ,1,1,0,2,277,4510,2,TRUE
ɵu,2,ҫулсӑр,uɵ,1,1,0,2,277,4510,2,TRUE
ɵu,2,пушкӑрт,uɵ,1,1,0,2,277,4510,2,TRUE
ɵu,2,пупӑн,uɵ,1,1,0,2,277,4510,2,TRUE
ɵu,2,юлӑр,uɵ,1,1,0,2,277,4510,2,TRUE
ɵu,2,хуртлӑ,uɵ,1,1,0,2,277,4510,2,TRUE
ɵu,2,пуйрӑм,uɵ,1,1,0,2,277,4510,2,TRUE
ɵu,2,сухӑр,uɵ,1,1,0,2,277,4510,2,TRUE
ɵu,2,суккӑр,uɵ,1,1,0,2,277,4510,2,TRUE
ɵu,2,туйӑн,uɵ,1,1,0,2,277,4510,2,TRUE
ɵu,2,хуҫрӑн,uɵ,1,1,0,2,277,4510,2,TRUE
ɵu,2,хушрӑр,uɵ,1,1,0,2,277,4510,2,TRUE
ɵu,2,пуссӑн,uɵ,1,1,0,2,277,4510,2,TRUE
ɵu,2,тухрӑр,uɵ,1,1,0,2,277,4510,2,TRUE
ɵu,2,ту-сӑрт,uɵ,1,1,0,2,277,4510,2,TRUE
ɵu,2,ҫунтӑр,uɵ,1,1,0,2,277,4510,2,TRUE
ɵu,2,шутлӑр,uɵ,1,1,0,2,277,4510,2,TRUE
ɵu,2,хушӑн,uɵ,1,1,0,2,277,4510,2,TRUE
ɵu,2,куҫрӑм,uɵ,1,1,0,2,277,4510,2,TRUE
ɵu,2,шуршӑл,uɵ,1,1,0,2,277,4510,2,TRUE
ɵu,2,хурлӑ,uɵ,1,1,0,2,277,4510,2,TRUE
ɵu,2,кунӑн,uɵ,1,1,0,2,277,4510,2,TRUE
ɵu,2,хуньӑм,uɵ,1,1,0,2,277,4510,2,TRUE
ɵu,2,куҫӑм,uɵ,1,1,0,2,277,4510,2,TRUE
ɵu,2,хушӑк,uɵ,1,1,0,2,277,4510,2,TRUE
ɵu,2,улттӑн,uɵ,1,1,0,2,277,4510,2,TRUE
ɵu,2,нуккӑ,uɵ,1,1,0,2,277,4510,2,TRUE
ɵu,2,тупӑп,uɵ,1,1,0,2,277,4510,2,TRUE
ɵu,2,пуҫӑм,uɵ,1,1,0,2,277,4510,2,TRUE
ɵu,2,юльӑн,uɵ,1,1,0,2,277,4510,2,TRUE
ɵu,2,пусӑм,uɵ,1,1,0,2,277,4510,2,TRUE
ɵu,2,ҫутнӑ,uɵ,1,1,0,2,277,4510,2,TRUE
ɵu,2,пуҫшӑн,uɵ,1,1,0,2,277,4510,2,TRUE
ɵu,2,сулнӑ,uɵ,1,1,0,2,277,4510,2,TRUE
ɵu,2,пуҫҫӑн,uɵ,1,1,0,2,277,4510,2,TRUE
ɵu,2,пурӑ,uɵ,1,1,0,2,277,4510,2,TRUE
ɵu,2,кукӑль,uɵ,1,1,0,2,277,4510,2,TRUE
ɵu,2,чупӑр,uɵ,1,1,0,2,277,4510,2,TRUE
ɵu,2,кулнӑ,uɵ,1,1,0,2,277,4510,2,TRUE
ɵu,2,курӑм,uɵ,1,1,0,2,277,4510,2,TRUE
ɵu,2,юрӑп,uɵ,1,1,0,2,277,4510,2,TRUE
ɵu,2,чунсӑр,uɵ,1,1,0,2,277,4510,2,TRUE
ɵu,2,хушрӑм,uɵ,1,1,0,2,277,4510,2,TRUE
ɵu,2,турӑх,uɵ,1,1,0,2,277,4510,2,TRUE
ɵu,2,сурнӑ,uɵ,1,1,0,2,277,4510,2,TRUE
ɵu,2,хутрӑм,uɵ,1,1,0,2,277,4510,2,TRUE
ɵu,2,пуҫӑн,uɵ,1,1,0,2,277,4510,2,TRUE
ɵu,2,путрӑн,uɵ,1,1,0,2,277,4510,2,TRUE
ɵu,2,турӑн,uɵ,1,1,0,2,277,4510,2,TRUE
ɵu,2,шкулӑн,uɵ,1,1,0,2,277,4510,2,TRUE
ɵu,2,хушӑп,uɵ,1,1,0,2,277,4510,2,TRUE
ɵu,2,ҫуртӑм,uɵ,1,1,0,2,277,4510,2,TRUE
ɵu,2,хушӑр,uɵ,1,1,0,2,277,4510,2,TRUE
ɵu,2,ҫулшӑн,uɵ,1,1,0,2,277,4510,2,TRUE
ɵu,2,хутшӑн,uɵ,1,1,0,2,277,4510,2,TRUE
ɵu,2,юлӑн,uɵ,1,1,0,2,277,4510,2,TRUE
ɵu,2,вулӑ,uɵ,1,1,0,2,277,4510,2,TRUE
ɵu,2,пулмӑн,uɵ,1,1,0,2,277,4510,2,TRUE
ɵu,2,путӑк,uɵ,1,1,0,2,277,4510,2,TRUE
ɵu,2,пурӑш,uɵ,1,1,0,2,277,4510,2,TRUE
ɵu,2,хулӑм,uɵ,1,1,0,2,277,4510,2,TRUE
ɵu,2,хутӑр,uɵ,1,1,0,2,277,4510,2,TRUE
ɵu,2,хутнӑ,uɵ,1,1,0,2,277,4510,2,TRUE
ɵu,2,пурнӑп,uɵ,1,1,0,2,277,4510,2,TRUE
ɵu,2,усрӑр,uɵ,1,1,0,2,277,4510,2,TRUE
ɵu,2,утмӑл,uɵ,1,1,0,2,277,4510,2,TRUE
ɵu,2,сухӑ,uɵ,1,1,0,2,277,4510,2,TRUE
ɵu,2,ҫусӑр,uɵ,1,1,0,2,277,4510,2,TRUE
ɵu,2,суйӑр,uɵ,1,1,0,2,277,4510,2,TRUE
ɵu,2,пӑру,ɵu,26,2,1,2,277,4510,2,TRUE
ɵu,2,ӑру,ɵu,14,2,1,2,277,4510,2,TRUE
ɵu,2,тӑру,ɵu,13,2,1,2,277,4510,2,TRUE
ɵu,2,тӑрук,ɵu,6,2,1,2,277,4510,2,TRUE
ɵu,2,хӑю,ɵu,3,2,1,2,277,4510,2,TRUE
ɵu,2,ҫӑлкуҫ,ɵu,3,2,1,2,277,4510,2,TRUE
ɵu,2,ӑсу,ɵu,1,2,1,2,277,4510,2,TRUE
ɵu,2,тӑву,ɵu,1,2,1,2,277,4510,2,TRUE
ɵu,2,ҫӑку,ɵu,1,2,1,2,277,4510,2,TRUE
ɵu,2,мӑнук,ɵu,1,2,1,2,277,4510,2,TRUE
aaɵ,3,сасартӑк,aaɵ,123,2,0,3,783,3569,2,TRUE
aaɵ,3,каланӑ,aaɵ,94,2,0,3,783,3569,2,TRUE
aaɵ,3,ҫанталӑк,aaɵ,65,2,0,3,783,3569,2,TRUE
aaɵ,3,ятарлӑ,aaɵ,53,2,0,3,783,3569,2,TRUE
aaɵ,3,калаҫнӑ,aaɵ,35,2,0,3,783,3569,2,TRUE
aaɵ,3,патшалӑх,aaɵ,33,2,0,3,783,3569,2,TRUE
aaɵ,3,хаваслӑ,aaɵ,27,2,0,3,783,3569,2,TRUE
aaɵ,3,калатӑп,aaɵ,21,2,0,3,783,3569,2,TRUE
aaɵ,3,каларӑм,aaɵ,17,2,0,3,783,3569,2,TRUE
aaɵ,3,каҫарӑр,aaɵ,16,2,0,3,783,3569,2,TRUE
aaɵ,3,аманнӑ,aaɵ,15,2,0,3,783,3569,2,TRUE
aaɵ,3,васканӑ,aaɵ,14,2,0,3,783,3569,2,TRUE
aaɵ,3,паллашнӑ,aaɵ,14,2,0,3,783,3569,2,TRUE
aaɵ,3,раманӑн,aaɵ,13,2,0,3,783,3569,2,TRUE
aaɵ,3,хаваслӑн,aaɵ,12,2,0,3,783,3569,2,TRUE
aaɵ,3,паратӑп,aaɵ,12,2,0,3,783,3569,2,TRUE
aaɵ,3,каятӑп,aaɵ,11,2,0,3,783,3569,2,TRUE
aaɵ,3,тасатнӑ,aaɵ,11,2,0,3,783,3569,2,TRUE
aaɵ,3,ҫакланнӑ,aaɵ,11,2,0,3,783,3569,2,TRUE
aaɵ,3,васкавлӑ,aaɵ,11,2,0,3,783,3569,2,TRUE
aaɵ,3,тархасшӑн,aaɵ,10,2,0,3,783,3569,2,TRUE
aaɵ,3,васкавлӑн,aaɵ,10,2,0,3,783,3569,2,TRUE
aaɵ,3,тавралӑх,aaɵ,9,2,0,3,783,3569,2,TRUE
aaɵ,3,каятпӑр,aaɵ,9,2,0,3,783,3569,2,TRUE
aaɵ,3,яваплӑ,aaɵ,9,2,0,3,783,3569,2,TRUE
aaɵ,3,каятӑн,aaɵ,9,2,0,3,783,3569,2,TRUE
aaɵ,3,ачаллӑ,aaɵ,9,2,0,3,783,3569,2,TRUE
aaɵ,3,сап-сарӑ,aaɵ,8,2,0,3,783,3569,2,TRUE
aaɵ,3,ачалӑх,aaɵ,8,2,0,3,783,3569,2,TRUE
aaɵ,3,асаплӑ,aaɵ,8,2,0,3,783,3569,2,TRUE
aaɵ,3,ташланӑ,aaɵ,8,2,0,3,783,3569,2,TRUE
aaɵ,3,тарланӑ,aaɵ,7,2,0,3,783,3569,2,TRUE
aaɵ,3,асамлӑ,aaɵ,7,2,0,3,783,3569,2,TRUE
aaɵ,3,каласшӑн,aaɵ,6,2,0,3,783,3569,2,TRUE
aaɵ,3,ларатпӑр,aaɵ,6,2,0,3,783,3569,2,TRUE
aaɵ,3,авланнӑ,aaɵ,6,2,0,3,783,3569,2,TRUE
aaɵ,3,паллашрӑм,aaɵ,6,2,0,3,783,3569,2,TRUE
aaɵ,3,палланӑ,aaɵ,6,2,0,3,783,3569,2,TRUE
aaɵ,3,алхаснӑ,aaɵ,6,2,0,3,783,3569,2,TRUE
aaɵ,3,шантарнӑ,aaɵ,6,2,0,3,783,3569,2,TRUE
aaɵ,3,ларатӑп,aaɵ,5,2,0,3,783,3569,2,TRUE
aaɵ,3,каларӑн,aaɵ,5,2,0,3,783,3569,2,TRUE
aaɵ,3,калатӑн,aaɵ,5,2,0,3,783,3569,2,TRUE
aaɵ,3,тамарӑн,aaɵ,5,2,0,3,783,3569,2,TRUE
aaɵ,3,янравлӑ,aaɵ,5,2,0,3,783,3569,2,TRUE
aaɵ,3,сапаллӑ,aaɵ,5,2,0,3,783,3569,2,TRUE
aaɵ,3,ларатӑн,aaɵ,5,2,0,3,783,3569,2,TRUE
aaɵ,3,памасӑр,aaɵ,5,2,0,3,783,3569,2,TRUE
aaɵ,3,хаяррӑн,aaɵ,5,2,0,3,783,3569,2,TRUE
aaɵ,3,шанатӑп,aaɵ,5,2,0,3,783,3569,2,TRUE
aaɵ,3,какайсӑр,aaɵ,5,2,0,3,783,3569,2,TRUE
aaɵ,3,шанмасӑр,aaɵ,4,2,0,3,783,3569,2,TRUE
aaɵ,3,танлашнӑ,aaɵ,4,2,0,3,783,3569,2,TRUE
aaɵ,3,ҫтаппанӑн,aaɵ,4,2,0,3,783,3569,2,TRUE
aaɵ,3,хакланӑ,aaɵ,4,2,0,3,783,3569,2,TRUE
aaɵ,3,чакарнӑ,aaɵ,4,2,0,3,783,3569,2,TRUE
aaɵ,3,васкатӑн,aaɵ,4,2,0,3,783,3569,2,TRUE
aaɵ,3,шанатпӑр,aaɵ,4,2,0,3,783,3569,2,TRUE
aaɵ,3,каясшӑн,aaɵ,4,2,0,3,783,3569,2,TRUE
aaɵ,3,салтакӑн,aaɵ,4,2,0,3,783,3569,2,TRUE
aaɵ,3,альпакӑн,aaɵ,4,2,0,3,783,3569,2,TRUE
aaɵ,3,саланнӑч,aaɵ,4,2,0,3,783,3569,2,TRUE
aaɵ,3,памашкӑн,aaɵ,4,2,0,3,783,3569,2,TRUE
aaɵ,3,раманшӑн,aaɵ,3,2,0,3,783,3569,2,TRUE
aaɵ,3,каймастӑп,aaɵ,3,2,0,3,783,3569,2,TRUE
aaɵ,3,якатнӑ,aaɵ,3,2,0,3,783,3569,2,TRUE
aaɵ,3,каҫасшӑн,aaɵ,3,2,0,3,783,3569,2,TRUE
aaɵ,3,тапратнӑ,aaɵ,3,2,0,3,783,3569,2,TRUE
aaɵ,3,малашлӑх,aaɵ,3,2,0,3,783,3569,2,TRUE
aaɵ,3,аташнӑ,aaɵ,3,2,0,3,783,3569,2,TRUE
aaɵ,3,канмасӑр,aaɵ,3,2,0,3,783,3569,2,TRUE
aaɵ,3,талантлӑ,aaɵ,3,2,0,3,783,3569,2,TRUE
aaɵ,3,паратпӑр,aaɵ,3,2,0,3,783,3569,2,TRUE
aaɵ,3,антарнӑ,aaɵ,3,2,0,3,783,3569,2,TRUE
aaɵ,3,яратӑп,aaɵ,3,2,0,3,783,3569,2,TRUE
aaɵ,3,калатӑр,aaɵ,3,2,0,3,783,3569,2,TRUE
aaɵ,3,хаваллӑ,aaɵ,3,2,0,3,783,3569,2,TRUE
aaɵ,3,памастпӑр,aaɵ,3,2,0,3,783,3569,2,TRUE
aaɵ,3,лараттӑм,aaɵ,3,2,0,3,783,3569,2,TRUE
aaɵ,3,памастӑп,aaɵ,3,2,0,3,783,3569,2,TRUE
aaɵ,3,канашӑн,aaɵ,3,2,0,3,783,3569,2,TRUE
aaɵ,3,паратӑн,aaɵ,3,2,0,3,783,3569,2,TRUE
aaɵ,3,хавассӑн,aaɵ,3,2,0,3,783,3569,2,TRUE
aaɵ,3,пасарнӑ,aaɵ,3,2,0,3,783,3569,2,TRUE
aaɵ,3,таваршӑн,aaɵ,3,2,0,3,783,3569,2,TRUE
aaɵ,3,васкатӑп,aaɵ,3,2,0,3,783,3569,2,TRUE
aaɵ,3,амантнӑ,aaɵ,3,2,0,3,783,3569,2,TRUE
aaɵ,3,ачашӑн,aaɵ,3,2,0,3,783,3569,2,TRUE
aaɵ,3,каймастӑм,aaɵ,3,2,0,3,783,3569,2,TRUE
aaɵ,3,сарайӑн,aaɵ,3,2,0,3,783,3569,2,TRUE
aaɵ,3,каяттӑм,aaɵ,2,2,0,3,783,3569,2,TRUE
aaɵ,3,аркатнӑ,aaɵ,2,2,0,3,783,3569,2,TRUE
aaɵ,3,касатпӑр,aaɵ,2,2,0,3,783,3569,2,TRUE
aaɵ,3,хаҫатӑн,aaɵ,2,2,0,3,783,3569,2,TRUE
aaɵ,3,паллатӑн,aaɵ,2,2,0,3,783,3569,2,TRUE
aaɵ,3,хастарлӑх,aaɵ,2,2,0,3,783,3569,2,TRUE
aaɵ,3,тасалнӑ,aaɵ,2,2,0,3,783,3569,2,TRUE
aaɵ,3,асамҫӑ,aaɵ,2,2,0,3,783,3569,2,TRUE
aaɵ,3,ярасшӑн,aaɵ,2,2,0,3,783,3569,2,TRUE
aaɵ,3,тасатрӑм,aaɵ,2,2,0,3,783,3569,2,TRUE
aaɵ,3,яратӑн,aaɵ,2,2,0,3,783,3569,2,TRUE
aaɵ,3,хаваслӑх,aaɵ,2,2,0,3,783,3569,2,TRUE
aaɵ,3,калаҫрӑр,aaɵ,2,2,0,3,783,3569,2,TRUE
aaɵ,3,памастӑн,aaɵ,2,2,0,3,783,3569,2,TRUE
aaɵ,3,калаҫӑр,aaɵ,2,2,0,3,783,3569,2,TRUE
aaɵ,3,шавланӑ,aaɵ,2,2,0,3,783,3569,2,TRUE
aaɵ,3,макарӑн,aaɵ,2,2,0,3,783,3569,2,TRUE
aaɵ,3,ҫаратнӑ,aaɵ,2,2,0,3,783,3569,2,TRUE
aaɵ,3,аптранӑ,aaɵ,2,2,0,3,783,3569,2,TRUE
aaɵ,3,аппаҫӑм,aaɵ,2,2,0,3,783,3569,2,TRUE
aaɵ,3,пайланнӑ,aaɵ,2,2,0,3,783,3569,2,TRUE
aaɵ,3,яратпӑр,aaɵ,2,2,0,3,783,3569,2,TRUE
aaɵ,3,лартатпӑр,aaɵ,2,2,0,3,783,3569,2,TRUE
aaɵ,3,ҫатраллӑ,aaɵ,2,2,0,3,783,3569,2,TRUE
aaɵ,3,калаттӑн,aaɵ,2,2,0,3,783,3569,2,TRUE
aaɵ,3,калаҫрӑм,aaɵ,2,2,0,3,783,3569,2,TRUE
aaɵ,3,ачашшӑн,aaɵ,2,2,0,3,783,3569,2,TRUE
aaɵ,3,правасӑр,aaɵ,2,2,0,3,783,3569,2,TRUE
aaɵ,3,касмашӑкн,aaɵ,2,2,0,3,783,3569,2,TRUE
aaɵ,3,саланнӑ,aaɵ,1,2,0,3,783,3569,2,TRUE
aaɵ,3,памарӑр,aaɵ,1,2,0,3,783,3569,2,TRUE
aaɵ,3,халапҫӑ,aaɵ,1,2,0,3,783,3569,2,TRUE
aaɵ,3,тавлашӑр,aaɵ,1,2,0,3,783,3569,2,TRUE
aaɵ,3,амантӑм,aaɵ,1,2,0,3,783,3569,2,TRUE
aaɵ,3,лартатӑн,aaɵ,1,2,0,3,783,3569,2,TRUE
aaɵ,3,тапраннӑ,aaɵ,1,2,0,3,783,3569,2,TRUE
aaɵ,3,памарӑм,aaɵ,1,2,0,3,783,3569,2,TRUE
aaɵ,3,хаярлӑх,aaɵ,1,2,0,3,783,3569,2,TRUE
aaɵ,3,ҫапайтӑр,aaɵ,1,2,0,3,783,3569,2,TRUE
aaɵ,3,ансассӑн,aaɵ,1,2,0,3,783,3569,2,TRUE
aaɵ,3,лармарӑн,aaɵ,1,2,0,3,783,3569,2,TRUE
aaɵ,3,ямастпӑр,aaɵ,1,2,0,3,783,3569,2,TRUE
aaɵ,3,кашланӑ,aaɵ,1,2,0,3,783,3569,2,TRUE
aaɵ,3,ҫаклатнӑ,aaɵ,1,2,0,3,783,3569,2,TRUE
aaɵ,3,васкарӑм,aaɵ,1,2,0,3,783,3569,2,TRUE
aaɵ,3,пахалӑх,aaɵ,1,2,0,3,783,3569,2,TRUE
aaɵ,3,манмастпӑр,aaɵ,1,2,0,3,783,3569,2,TRUE
aaɵ,3,чакасшӑн,aaɵ,1,2,0,3,783,3569,2,TRUE
aaɵ,3,манмарӑн,aaɵ,1,2,0,3,783,3569,2,TRUE
aaɵ,3,каппайчӑк,aaɵ,1,2,0,3,783,3569,2,TRUE
aaɵ,3,лартаймӑн,aaɵ,1,2,0,3,783,3569,2,TRUE
aaɵ,3,ятланӑ,aaɵ,1,2,0,3,783,3569,2,TRUE
aaɵ,3,калаҫтӑр,aaɵ,1,2,0,3,783,3569,2,TRUE
aaɵ,3,ямастӑп,aaɵ,1,2,0,3,783,3569,2,TRUE
aaɵ,3,ҫапатпӑр,aaɵ,1,2,0,3,783,3569,2,TRUE
aaɵ,3,аптрарӑм,aaɵ,1,2,0,3,783,3569,2,TRUE
aaɵ,3,масарӑн,aaɵ,1,2,0,3,783,3569,2,TRUE
aaɵ,3,каҫартӑр,aaɵ,1,2,0,3,783,3569,2,TRUE
aaɵ,3,касмасӑр,aaɵ,1,2,0,3,783,3569,2,TRUE
aaɵ,3,васканӑн,aaɵ,1,2,0,3,783,3569,2,TRUE
aaɵ,3,канатӑн,aaɵ,1,2,0,3,783,3569,2,TRUE
aaɵ,3,салатӑн,aaɵ,1,2,0,3,783,3569,2,TRUE
aaɵ,3,шанаттӑм,aaɵ,1,2,0,3,783,3569,2,TRUE
aaɵ,3,лампаслӑ,aaɵ,1,2,0,3,783,3569,2,TRUE
aaɵ,3,лараймӑн,aaɵ,1,2,0,3,783,3569,2,TRUE
aaɵ,3,канашлӑн,aaɵ,1,2,0,3,783,3569,2,TRUE
aaɵ,3,ямарӑм,aaɵ,1,2,0,3,783,3569,2,TRUE
aaɵ,3,такамӑн,aaɵ,1,2,0,3,783,3569,2,TRUE
aaɵ,3,саватӑп,aaɵ,1,2,0,3,783,3569,2,TRUE
aaɵ,3,акатпӑр,aaɵ,1,2,0,3,783,3569,2,TRUE
aaɵ,3,анасшӑн,aaɵ,1,2,0,3,783,3569,2,TRUE
aaɵ,3,каймастӑн,aaɵ,1,2,0,3,783,3569,2,TRUE
aaɵ,3,салтакшӑн,aaɵ,1,2,0,3,783,3569,2,TRUE
aaɵ,3,такканӑ,aaɵ,1,2,0,3,783,3569,2,TRUE
aaɵ,3,амантрӑм,aaɵ,1,2,0,3,783,3569,2,TRUE
aaɵ,3,авланӑн,aaɵ,1,2,0,3,783,3569,2,TRUE
aaɵ,3,лартасшӑн,aaɵ,1,2,0,3,783,3569,2,TRUE
aaɵ,3,манатӑр,aaɵ,1,2,0,3,783,3569,2,TRUE
aaɵ,3,чакатпӑр,aaɵ,1,2,0,3,783,3569,2,TRUE
aaɵ,3,самантлӑх,aaɵ,1,2,0,3,783,3569,2,TRUE
aaɵ,3,халатлӑ,aaɵ,1,2,0,3,783,3569,2,TRUE
aaɵ,3,шанмастӑп,aaɵ,1,2,0,3,783,3569,2,TRUE
aaɵ,3,таптанӑ,aaɵ,1,2,0,3,783,3569,2,TRUE
aaɵ,3,пахчаҫӑ,aaɵ,1,2,0,3,783,3569,2,TRUE
aaɵ,3,раштавӑн,aaɵ,1,2,0,3,783,3569,2,TRUE
aaɵ,3,каҫарнӑ,aaɵ,1,2,0,3,783,3569,2,TRUE
aaɵ,3,каятӑр,aaɵ,1,2,0,3,783,3569,2,TRUE
aaɵ,3,ҫтаппанӑм,aaɵ,1,2,0,3,783,3569,2,TRUE
aaɵ,3,васкатпӑр,aaɵ,1,2,0,3,783,3569,2,TRUE
aaɵ,3,хашканӑ,aaɵ,1,2,0,3,783,3569,2,TRUE
aaɵ,3,анатӑп,aaɵ,1,2,0,3,783,3569,2,TRUE
aaɵ,3,капланнӑ,aaɵ,1,2,0,3,783,3569,2,TRUE
aaɵ,3,лартатӑп,aaɵ,1,2,0,3,783,3569,2,TRUE
aaɵ,3,арканнӑ,aaɵ,1,2,0,3,783,3569,2,TRUE
aaɵ,3,алхаснӑн,aaɵ,1,2,0,3,783,3569,2,TRUE
aaɵ,3,вакларӑм,aaɵ,1,2,0,3,783,3569,2,TRUE
aaɵ,3,капмаррӑн,aaɵ,1,2,0,3,783,3569,2,TRUE
aaɵ,3,шаккатӑп,aaɵ,1,2,0,3,783,3569,2,TRUE
aaɵ,3,кассассӑн,aaɵ,1,2,0,3,783,3569,2,TRUE
aaɵ,3,кантартӑм,aaɵ,1,2,0,3,783,3569,2,TRUE
aaɵ,3,яраттӑм,aaɵ,1,2,0,3,783,3569,2,TRUE
aaɵ,3,каварлӑ,aaɵ,1,2,0,3,783,3569,2,TRUE
aaɵ,3,хаклатпӑр,aaɵ,1,2,0,3,783,3569,2,TRUE
aaɵ,3,ямасӑр,aaɵ,1,2,0,3,783,3569,2,TRUE
aaɵ,3,тавлашнӑ,aaɵ,1,2,0,3,783,3569,2,TRUE
aaɵ,3,асаплӑн,aaɵ,1,2,0,3,783,3569,2,TRUE
aaɵ,3,лармастпӑр,aaɵ,1,2,0,3,783,3569,2,TRUE
aaɵ,3,авлантӑр,aaɵ,1,2,0,3,783,3569,2,TRUE
aaɵ,3,калаймӑн,aaɵ,1,2,0,3,783,3569,2,TRUE
aaɵ,3,хашаклӑ,aaɵ,1,2,0,3,783,3569,2,TRUE
aaɵ,3,майланӑ,aaɵ,1,2,0,3,783,3569,2,TRUE
aaɵ,3,ташларӑм,aaɵ,1,2,0,3,783,3569,2,TRUE
aaɵ,3,манмастӑп,aaɵ,1,2,0,3,783,3569,2,TRUE
aaɵ,3,каларӑр,aaɵ,1,2,0,3,783,3569,2,TRUE
aaɵ,3,ларттартӑр,aaɵ,1,2,0,3,783,3569,2,TRUE
aaɵ,3,кал-каллӑн,aaɵ,1,2,0,3,783,3569,2,TRUE
aaɵ,3,якалнӑ,aaɵ,1,2,0,3,783,3569,2,TRUE
aaɵ,3,татмасӑр,aaɵ,1,2,0,3,783,3569,2,TRUE
aaɵ,3,аваллӑх,aaɵ,1,2,0,3,783,3569,2,TRUE
aaɵ,3,такамшӑн,aaɵ,1,2,0,3,783,3569,2,TRUE
aaɵ,3,хастаррӑн,aaɵ,1,2,0,3,783,3569,2,TRUE
aaɵ,3,палларӑм,aaɵ,1,2,0,3,783,3569,2,TRUE
aaɵ,3,саланӑр,aaɵ,1,2,0,3,783,3569,2,TRUE
aaɵ,3,ачашлӑн,aaɵ,1,2,0,3,783,3569,2,TRUE
aaɵ,3,апатшӑн,aaɵ,1,2,0,3,783,3569,2,TRUE
aaɵ,3,ҫапатӑр,aaɵ,1,2,0,3,783,3569,2,TRUE
aaɵ,3,васкатнӑ,aaɵ,1,2,0,3,783,3569,2,TRUE
aaɵ,3,лартсаттӑм,aaɵ,1,2,0,3,783,3569,2,TRUE
aaɵ,3,калаҫӑн,aaɵ,1,2,0,3,783,3569,2,TRUE
aaɵ,3,татасшӑн,aaɵ,1,2,0,3,783,3569,2,TRUE
aaɵ,3,лашасӑр,aaɵ,1,2,0,3,783,3569,2,TRUE
aaɵ,3,шанмастӑн,aaɵ,1,2,0,3,783,3569,2,TRUE
aaɵ,3,каймастпӑр,aaɵ,1,2,0,3,783,3569,2,TRUE
aaɵ,3,авлантӑн,aaɵ,1,2,0,3,783,3569,2,TRUE
aaɵ,3,саламлӑ,aaɵ,1,2,0,3,783,3569,2,TRUE
aaɵ,3,хайланӑ,aaɵ,1,2,0,3,783,3569,2,TRUE
aaɵ,3,маньякӑн,aaɵ,1,2,0,3,783,3569,2,TRUE
aaɵ,3,парасшӑн,aaɵ,1,2,0,3,783,3569,2,TRUE
aaɵ,3,каларӑш,aaɵ,1,2,0,3,783,3569,2,TRUE
aaɵ,3,ҫавӑнпа,aɵa,164,3,1,3,783,3569,2,TRUE
aaɵ,3,ӑнланса,ɵaa,79,3,1,3,783,3569,2,TRUE
aaɵ,3,чарӑнса,aɵa,72,3,1,3,783,3569,2,TRUE
aaɵ,3,ҫаврӑнса,aɵa,71,3,1,3,783,3569,2,TRUE
aaɵ,3,ҫавӑнтах,aɵa,52,3,1,3,783,3569,2,TRUE
aaɵ,3,сасӑпа,aɵa,51,3,1,3,783,3569,2,TRUE
aaɵ,3,тапхӑрта,aɵa,40,3,1,3,783,3569,2,TRUE
aaɵ,3,таврӑнсан,aɵa,32,3,1,3,783,3569,2,TRUE
aaɵ,3,ҫакӑнта,aɵa,31,3,1,3,783,3569,2,TRUE
aaɵ,3,халӑха,aɵa,29,3,1,3,783,3569,2,TRUE
aaɵ,3,ӑнланма,ɵaa,24,3,1,3,783,3569,2,TRUE
aaɵ,3,савӑнса,aɵa,22,3,1,3,783,3569,2,TRUE
aaɵ,3,ҫавӑнта,aɵa,22,3,1,3,783,3569,2,TRUE
aaɵ,3,йӑлана,ɵaa,22,3,1,3,783,3569,2,TRUE
aaɵ,3,ҫавӑнпах,aɵa,21,3,1,3,783,3569,2,TRUE
aaɵ,3,кӑмака,ɵaa,20,3,1,3,783,3569,2,TRUE
aaɵ,3,алӑка,aɵa,20,3,1,3,783,3569,2,TRUE
aaɵ,3,сарӑлса,aɵa,19,3,1,3,783,3569,2,TRUE
aaɵ,3,сӑнаса,ɵaa,18,3,1,3,783,3569,2,TRUE
aaɵ,3,кӑларса,ɵaa,18,3,1,3,783,3569,2,TRUE
aaɵ,3,сӑмаха,ɵaa,17,3,1,3,783,3569,2,TRUE
aaɵ,3,тарӑхса,aɵa,17,3,1,3,783,3569,2,TRUE
aaɵ,3,алӑпа,aɵa,17,3,1,3,783,3569,2,TRUE
aaɵ,3,таврӑнать,aɵa,17,3,1,3,783,3569,2,TRUE
aaɵ,3,тӑракан,ɵaa,17,3,1,3,783,3569,2,TRUE
aaɵ,3,хӑраса,ɵaa,16,3,1,3,783,3569,2,TRUE
aaɵ,3,татӑлса,aɵa,16,3,1,3,783,3569,2,TRUE
aaɵ,3,пӑхакан,ɵaa,16,3,1,3,783,3569,2,TRUE
aaɵ,3,хӑнана,ɵaa,16,3,1,3,783,3569,2,TRUE
aaɵ,3,палӑртса,aɵa,15,3,1,3,783,3569,2,TRUE
aaɵ,3,арӑма,aɵa,15,3,1,3,783,3569,2,TRUE
aaɵ,3,ӑсатса,ɵaa,14,3,1,3,783,3569,2,TRUE
aaɵ,3,хӑлхана,ɵaa,14,3,1,3,783,3569,2,TRUE
aaɵ,3,ярӑнса,aɵa,14,3,1,3,783,3569,2,TRUE
aaɵ,3,палӑртма,aɵa,14,3,1,3,783,3569,2,TRUE
aaɵ,3,тӑкака,ɵaa,14,3,1,3,783,3569,2,TRUE
aaɵ,3,ҫакӑнса,aɵa,13,3,1,3,783,3569,2,TRUE
aaɵ,3,хӑтланса,ɵaa,13,3,1,3,783,3569,2,TRUE
aaɵ,3,алӑкран,aɵa,13,3,1,3,783,3569,2,TRUE
aaɵ,3,таврӑнма,aɵa,11,3,1,3,783,3569,2,TRUE
aaɵ,3,пӑрахса,ɵaa,11,3,1,3,783,3569,2,TRUE
aaɵ,3,хамӑра,aɵa,11,3,1,3,783,3569,2,TRUE
aaɵ,3,арӑмпа,aɵa,11,3,1,3,783,3569,2,TRUE
aaɵ,3,айӑпа,aɵa,11,3,1,3,783,3569,2,TRUE
aaɵ,3,палӑртать,aɵa,11,3,1,3,783,3569,2,TRUE
aaɵ,3,ӑнланать,ɵaa,10,3,1,3,783,3569,2,TRUE
aaɵ,3,янӑрать,aɵa,10,3,1,3,783,3569,2,TRUE
aaɵ,3,алӑран,aɵa,10,3,1,3,783,3569,2,TRUE
aaɵ,3,алӑра,aɵa,10,3,1,3,783,3569,2,TRUE
aaɵ,3,вӑрманта,ɵaa,10,3,1,3,783,3569,2,TRUE
aaɵ,3,асӑнса,aɵa,10,3,1,3,783,3569,2,TRUE
aaɵ,3,хӑпарса,ɵaa,10,3,1,3,783,3569,2,TRUE
aaɵ,3,канӑва,aɵa,10,3,1,3,783,3569,2,TRUE
aaɵ,3,сӑлтава,ɵaa,10,3,1,3,783,3569,2,TRUE
aaɵ,3,палӑрать,aɵa,9,3,1,3,783,3569,2,TRUE
aaɵ,3,лӑпланса,ɵaa,9,3,1,3,783,3569,2,TRUE
aaɵ,3,савӑнать,aɵa,9,3,1,3,783,3569,2,TRUE
aaɵ,3,харӑсах,aɵa,9,3,1,3,783,3569,2,TRUE
aaɵ,3,сӑмахран,ɵaa,9,3,1,3,783,3569,2,TRUE
aaɵ,3,тавӑрса,aɵa,9,3,1,3,783,3569,2,TRUE
aaɵ,3,сасӑлав,aɵa,9,3,1,3,783,3569,2,TRUE
aaɵ,3,чарӑва,aɵa,9,3,1,3,783,3569,2,TRUE
aaɵ,3,палӑрса,aɵa,8,3,1,3,783,3569,2,TRUE
aaɵ,3,аслӑрах,aɵa,8,3,1,3,783,3569,2,TRUE
aaɵ,3,шалӑва,aɵa,8,3,1,3,783,3569,2,TRUE
aaɵ,3,тӑвакан,ɵaa,8,3,1,3,783,3569,2,TRUE
aaɵ,3,ҫавӑнтан,aɵa,8,3,1,3,783,3569,2,TRUE
aaɵ,3,парӑр-ха,aɵa,8,3,1,3,783,3569,2,TRUE
aaɵ,3,йӑлара,ɵaa,8,3,1,3,783,3569,2,TRUE
aaɵ,3,хӑпарма,ɵaa,7,3,1,3,783,3569,2,TRUE
aaɵ,3,ӑраснах,ɵaa,7,3,1,3,783,3569,2,TRUE
aaɵ,3,ӑмсанса,ɵaa,7,3,1,3,783,3569,2,TRUE
aaɵ,3,паҫӑрах,aɵa,7,3,1,3,783,3569,2,TRUE
aaɵ,3,лӑпланма,ɵaa,7,3,1,3,783,3569,2,TRUE
aaɵ,3,чӑнласах,ɵaa,7,3,1,3,783,3569,2,TRUE
aaɵ,3,ҫакӑнтан,aɵa,7,3,1,3,783,3569,2,TRUE
aaɵ,3,ҫавӑтса,aɵa,7,3,1,3,783,3569,2,TRUE
aaɵ,3,сӑмахпа,ɵaa,7,3,1,3,783,3569,2,TRUE
aaɵ,3,чӑвашла,ɵaa,7,3,1,3,783,3569,2,TRUE
aaɵ,3,пӑшалтан,ɵaa,7,3,1,3,783,3569,2,TRUE
aaɵ,3,палӑртас,aɵa,7,3,1,3,783,3569,2,TRUE
aaɵ,3,харӑка,aɵa,7,3,1,3,783,3569,2,TRUE
aaɵ,3,шӑккалат,ɵaa,7,3,1,3,783,3569,2,TRUE
aaɵ,3,савӑнсах,aɵa,6,3,1,3,783,3569,2,TRUE
aaɵ,3,ҫамрӑклах,aɵa,6,3,1,3,783,3569,2,TRUE
aaɵ,3,чарӑнман,aɵa,6,3,1,3,783,3569,2,TRUE
aaɵ,3,такӑнса,aɵa,6,3,1,3,783,3569,2,TRUE
aaɵ,3,ҫӑвара,ɵaa,6,3,1,3,783,3569,2,TRUE
aaɵ,3,арӑмна,aɵa,6,3,1,3,783,3569,2,TRUE
aaɵ,3,палӑртман,aɵa,6,3,1,3,783,3569,2,TRUE
aaɵ,3,ларӑва,aɵa,6,3,1,3,783,3569,2,TRUE
aaɵ,3,вӑтанса,ɵaa,6,3,1,3,783,3569,2,TRUE
aaɵ,3,ҫавӑрса,aɵa,6,3,1,3,783,3569,2,TRUE
aaɵ,3,сӑнама,ɵaa,6,3,1,3,783,3569,2,TRUE
aaɵ,3,явӑнать,aɵa,6,3,1,3,783,3569,2,TRUE
aaɵ,3,татӑлать,aɵa,6,3,1,3,783,3569,2,TRUE
aaɵ,3,хӑварать,ɵaa,6,3,1,3,783,3569,2,TRUE
aaɵ,3,катьӑна,aɵa,6,3,1,3,783,3569,2,TRUE
aaɵ,3,ӑнланман,ɵaa,5,3,1,3,783,3569,2,TRUE
aaɵ,3,хӑпарать,ɵaa,5,3,1,3,783,3569,2,TRUE
aaɵ,3,татӑлмасть,aɵa,5,3,1,3,783,3569,2,TRUE
aaɵ,3,кӑтартса,ɵaa,5,3,1,3,783,3569,2,TRUE
aaɵ,3,вальӑпа,aɵa,5,3,1,3,783,3569,2,TRUE
aaɵ,3,чарӑнма,aɵa,5,3,1,3,783,3569,2,TRUE
aaɵ,3,вӑтанать,ɵaa,5,3,1,3,783,3569,2,TRUE
aaɵ,3,хӑтланать,ɵaa,5,3,1,3,783,3569,2,TRUE
aaɵ,3,ҫаврӑнать,aɵa,5,3,1,3,783,3569,2,TRUE
aaɵ,3,карчӑка,aɵa,5,3,1,3,783,3569,2,TRUE
aaɵ,3,сӑмавар,ɵaa,5,3,1,3,783,3569,2,TRUE
aaɵ,3,тарӑнрах,aɵa,5,3,1,3,783,3569,2,TRUE
aaɵ,3,явӑнса,aɵa,5,3,1,3,783,3569,2,TRUE
aaɵ,3,палӑрмасть,aɵa,5,3,1,3,783,3569,2,TRUE
aaɵ,3,тапхӑра,aɵa,5,3,1,3,783,3569,2,TRUE
aaɵ,3,ватӑлса,aɵa,5,3,1,3,783,3569,2,TRUE
aaɵ,3,вӑрмана,ɵaa,5,3,1,3,783,3569,2,TRUE
aaɵ,3,ҫакӑнпа,aɵa,5,3,1,3,783,3569,2,TRUE
aaɵ,3,хӑтланма,ɵaa,5,3,1,3,783,3569,2,TRUE
aaɵ,3,парӑма,aɵa,5,3,1,3,783,3569,2,TRUE
aaɵ,3,ташӑпа,aɵa,5,3,1,3,783,3569,2,TRUE
aaɵ,3,шӑлавар,ɵaa,5,3,1,3,783,3569,2,TRUE
aaɵ,3,катьӑран,aɵa,5,3,1,3,783,3569,2,TRUE
aaɵ,3,ҫӑвана,ɵaa,5,3,1,3,783,3569,2,TRUE
aaɵ,3,ӑҫталла,ɵaa,4,3,1,3,783,3569,2,TRUE
aaɵ,3,атӑла,aɵa,4,3,1,3,783,3569,2,TRUE
aaɵ,3,ҫӑмарта,ɵaa,4,3,1,3,783,3569,2,TRUE
aaɵ,3,таврӑнас,aɵa,4,3,1,3,783,3569,2,TRUE
aaɵ,3,калӑр-ха,aɵa,4,3,1,3,783,3569,2,TRUE
aaɵ,3,йӑванса,ɵaa,4,3,1,3,783,3569,2,TRUE
aaɵ,3,намӑса,aɵa,4,3,1,3,783,3569,2,TRUE
aaɵ,3,чарӑнсан,aɵa,4,3,1,3,783,3569,2,TRUE
aaɵ,3,йӑлапа,ɵaa,4,3,1,3,783,3569,2,TRUE
aaɵ,3,хӑмсарса,ɵaa,4,3,1,3,783,3569,2,TRUE
aaɵ,3,сӑнасах,ɵaa,4,3,1,3,783,3569,2,TRUE
aaɵ,3,хӑпарсан,ɵaa,4,3,1,3,783,3569,2,TRUE
aaɵ,3,кӑкарса,ɵaa,4,3,1,3,783,3569,2,TRUE
aaɵ,3,савӑнма,aɵa,4,3,1,3,783,3569,2,TRUE
aaɵ,3,таврӑнса,aɵa,4,3,1,3,783,3569,2,TRUE
aaɵ,3,халӑхпа,aɵa,4,3,1,3,783,3569,2,TRUE
aaɵ,3,мӑйрака,ɵaa,4,3,1,3,783,3569,2,TRUE
aaɵ,3,тӑмалла,ɵaa,4,3,1,3,783,3569,2,TRUE
aaɵ,3,алӑпах,aɵa,4,3,1,3,783,3569,2,TRUE
aaɵ,3,хӑпартма,ɵaa,4,3,1,3,783,3569,2,TRUE
aaɵ,3,хӑлхаран,ɵaa,4,3,1,3,783,3569,2,TRUE
aaɵ,3,лайӑхрах,aɵa,4,3,1,3,783,3569,2,TRUE
aaɵ,3,машӑпа,aɵa,4,3,1,3,783,3569,2,TRUE
aaɵ,3,сӑлтавпа,ɵaa,4,3,1,3,783,3569,2,TRUE
aaɵ,3,шӑтарса,ɵaa,4,3,1,3,783,3569,2,TRUE
aaɵ,3,ашкӑнса,aɵa,4,3,1,3,783,3569,2,TRUE
aaɵ,3,халӑхра,aɵa,4,3,1,3,783,3569,2,TRUE
aaɵ,3,кӑтартма,ɵaa,4,3,1,3,783,3569,2,TRUE
aaɵ,3,кӑларас,ɵaa,4,3,1,3,783,3569,2,TRUE
aaɵ,3,хӑварас,ɵaa,4,3,1,3,783,3569,2,TRUE
aaɵ,3,палӑка,aɵa,4,3,1,3,783,3569,2,TRUE
aaɵ,3,кӑларать,ɵaa,4,3,1,3,783,3569,2,TRUE
aaɵ,3,кӑштахран,ɵaa,4,3,1,3,783,3569,2,TRUE
aaɵ,3,чӑвашран,ɵaa,4,3,1,3,783,3569,2,TRUE
aaɵ,3,тапӑнса,aɵa,3,3,1,3,783,3569,2,TRUE
aaɵ,3,тавҫӑрса,aɵa,3,3,1,3,783,3569,2,TRUE
aaɵ,3,ватӑлсан,aɵa,3,3,1,3,783,3569,2,TRUE
aaɵ,3,парӑнса,aɵa,3,3,1,3,783,3569,2,TRUE
aaɵ,3,лайӑхах,aɵa,3,3,1,3,783,3569,2,TRUE
aaɵ,3,йӑпатать,ɵaa,3,3,1,3,783,3569,2,TRUE
aaɵ,3,сарӑрах,aɵa,3,3,1,3,783,3569,2,TRUE
aaɵ,3,кашӑка,aɵa,3,3,1,3,783,3569,2,TRUE
aaɵ,3,ҫӑварна,ɵaa,3,3,1,3,783,3569,2,TRUE
aaɵ,3,тапӑра,aɵa,3,3,1,3,783,3569,2,TRUE
aaɵ,3,таврӑнман,aɵa,3,3,1,3,783,3569,2,TRUE
aaɵ,3,чӑвашстат,ɵaa,3,3,1,3,783,3569,2,TRUE
aaɵ,3,макӑрать,aɵa,3,3,1,3,783,3569,2,TRUE
aaɵ,3,авӑтать,aɵa,3,3,1,3,783,3569,2,TRUE
aaɵ,3,пӑхам-ха,ɵaa,3,3,1,3,783,3569,2,TRUE
aaɵ,3,хӑнара,ɵaa,3,3,1,3,783,3569,2,TRUE
aaɵ,3,ватӑла,aɵa,3,3,1,3,783,3569,2,TRUE
aaɵ,3,чӑнласа,ɵaa,3,3,1,3,783,3569,2,TRUE
aaɵ,3,хаклӑрах,aɵa,3,3,1,3,783,3569,2,TRUE
aaɵ,3,чӑлана,ɵaa,3,3,1,3,783,3569,2,TRUE
aaɵ,3,чарӑлса,aɵa,3,3,1,3,783,3569,2,TRUE
aaɵ,3,ӑсатма,ɵaa,3,3,1,3,783,3569,2,TRUE
aaɵ,3,кӑҫалтан,ɵaa,3,3,1,3,783,3569,2,TRUE
aaɵ,3,авӑнса,aɵa,3,3,1,3,783,3569,2,TRUE
aaɵ,3,лапчӑнса,aɵa,3,3,1,3,783,3569,2,TRUE
aaɵ,3,тӑхтаса,ɵaa,3,3,1,3,783,3569,2,TRUE
aaɵ,3,ашкӑнма,aɵa,3,3,1,3,783,3569,2,TRUE
aaɵ,3,сӑрапа,ɵaa,3,3,1,3,783,3569,2,TRUE
aaɵ,3,ӑнлансах,ɵaa,3,3,1,3,783,3569,2,TRUE
aaɵ,3,чӑлантан,ɵaa,3,3,1,3,783,3569,2,TRUE
aaɵ,3,хӑварса,ɵaa,3,3,1,3,783,3569,2,TRUE
aaɵ,3,парӑмра,aɵa,3,3,1,3,783,3569,2,TRUE
aaɵ,3,ҫӑмламас,ɵaa,3,3,1,3,783,3569,2,TRUE
aaɵ,3,хӑмлапа,ɵaa,3,3,1,3,783,3569,2,TRUE
aaɵ,3,каҫӑртса,aɵa,3,3,1,3,783,3569,2,TRUE
aaɵ,3,тарӑхсах,aɵa,3,3,1,3,783,3569,2,TRUE
aaɵ,3,тӑвайман,ɵaa,3,3,1,3,783,3569,2,TRUE
aaɵ,3,алӑкра,aɵa,3,3,1,3,783,3569,2,TRUE
aaɵ,3,кашӑкпа,aɵa,3,3,1,3,783,3569,2,TRUE
aaɵ,3,пӑхмалла,ɵaa,3,3,1,3,783,3569,2,TRUE
aaɵ,3,вӑтанма,ɵaa,3,3,1,3,783,3569,2,TRUE
aaɵ,3,ҫаврӑнсан,aɵa,3,3,1,3,783,3569,2,TRUE
aaɵ,3,капкӑна,aɵa,3,3,1,3,783,3569,2,TRUE
aaɵ,3,талӑкран,aɵa,3,3,1,3,783,3569,2,TRUE
aaɵ,3,тӑпрана,ɵaa,3,3,1,3,783,3569,2,TRUE
aaɵ,3,ашӑрах,aɵa,3,3,1,3,783,3569,2,TRUE
aaɵ,3,асӑнать,aɵa,3,3,1,3,783,3569,2,TRUE
aaɵ,3,савӑта,aɵa,3,3,1,3,783,3569,2,TRUE
aaɵ,3,шӑрҫаран,ɵaa,3,3,1,3,783,3569,2,TRUE
aaɵ,3,вӑраха,ɵaa,3,3,1,3,783,3569,2,TRUE
aaɵ,3,хӑтарать,ɵaa,3,3,1,3,783,3569,2,TRUE
aaɵ,3,кавӑна,aɵa,3,3,1,3,783,3569,2,TRUE
aaɵ,3,ӑнмасан,ɵaa,3,3,1,3,783,3569,2,TRUE
aaɵ,3,аптӑрать,aɵa,3,3,1,3,783,3569,2,TRUE
aaɵ,3,тӑрсанах,ɵaa,3,3,1,3,783,3569,2,TRUE
aaɵ,3,ӑнлансан,ɵaa,2,3,1,3,783,3569,2,TRUE
aaɵ,3,кӑтартать,ɵaa,2,3,1,3,783,3569,2,TRUE
aaɵ,3,пӑтранать,ɵaa,2,3,1,3,783,3569,2,TRUE
aaɵ,3,пӑлханса,ɵaa,2,3,1,3,783,3569,2,TRUE
aaɵ,3,ӑсатас,ɵaa,2,3,1,3,783,3569,2,TRUE
aaɵ,3,анӑҫа,aɵa,2,3,1,3,783,3569,2,TRUE
aaɵ,3,тарҫӑра,aɵa,2,3,1,3,783,3569,2,TRUE
aaɵ,3,хӑрама,ɵaa,2,3,1,3,783,3569,2,TRUE
aaɵ,3,тӑвалла,ɵaa,2,3,1,3,783,3569,2,TRUE
aaɵ,3,парӑнать,aɵa,2,3,1,3,783,3569,2,TRUE
aaɵ,3,тӑшмана,ɵaa,2,3,1,3,783,3569,2,TRUE
aaɵ,3,шанчӑка,aɵa,2,3,1,3,783,3569,2,TRUE
aaɵ,3,атӑпа,aɵa,2,3,1,3,783,3569,2,TRUE
aaɵ,3,палӑрман,aɵa,2,3,1,3,783,3569,2,TRUE
aaɵ,3,хӑвалать,ɵaa,2,3,1,3,783,3569,2,TRUE
aaɵ,3,пӑсланса,ɵaa,2,3,1,3,783,3569,2,TRUE
aaɵ,3,яккӑва,aɵa,2,3,1,3,783,3569,2,TRUE
aaɵ,3,авӑтмасть,aɵa,2,3,1,3,783,3569,2,TRUE
aaɵ,3,такӑнать,aɵa,2,3,1,3,783,3569,2,TRUE
aaɵ,3,ҫапӑнать,aɵa,2,3,1,3,783,3569,2,TRUE
aaɵ,3,вӑйланать,ɵaa,2,3,1,3,783,3569,2,TRUE
aaɵ,3,шӑтарас,ɵaa,2,3,1,3,783,3569,2,TRUE
aaɵ,3,паттӑра,aɵa,2,3,1,3,783,3569,2,TRUE
aaɵ,3,хӑлхара,ɵaa,2,3,1,3,783,3569,2,TRUE
aaɵ,3,хамӑртан,aɵa,2,3,1,3,783,3569,2,TRUE
aaɵ,3,арӑслан,aɵa,2,3,1,3,783,3569,2,TRUE
aaɵ,3,тапхӑрпа,aɵa,2,3,1,3,783,3569,2,TRUE
aaɵ,3,сарӑха,aɵa,2,3,1,3,783,3569,2,TRUE
aaɵ,3,чашӑка,aɵa,2,3,1,3,783,3569,2,TRUE
aaɵ,3,ӑрасна,ɵaa,2,3,1,3,783,3569,2,TRUE
aaɵ,3,ватӑлсах,aɵa,2,3,1,3,783,3569,2,TRUE
aaɵ,3,ҫапӑпа,aɵa,2,3,1,3,783,3569,2,TRUE
aaɵ,3,татӑка,aɵa,2,3,1,3,783,3569,2,TRUE
aaɵ,3,ҫапӑҫса,aɵa,2,3,1,3,783,3569,2,TRUE
aaɵ,3,лампӑна,aɵa,2,3,1,3,783,3569,2,TRUE
aaɵ,3,касӑлса,aɵa,2,3,1,3,783,3569,2,TRUE
aaɵ,3,ҫамрӑкла,aɵa,2,3,1,3,783,3569,2,TRUE
aaɵ,3,татӑлман,aɵa,2,3,1,3,783,3569,2,TRUE
aaɵ,3,йӑпатса,ɵaa,2,3,1,3,783,3569,2,TRUE
aaɵ,3,парӑнмасть,aɵa,2,3,1,3,783,3569,2,TRUE
aaɵ,3,ҫаврӑнма,aɵa,2,3,1,3,783,3569,2,TRUE
aaɵ,3,ярӑнма,aɵa,2,3,1,3,783,3569,2,TRUE
aaɵ,3,лампӑпа,aɵa,2,3,1,3,783,3569,2,TRUE
aaɵ,3,майлӑрах,aɵa,2,3,1,3,783,3569,2,TRUE
aaɵ,3,ҫапӑнса,aɵa,2,3,1,3,783,3569,2,TRUE
aaɵ,3,лаптӑка,aɵa,2,3,1,3,783,3569,2,TRUE
aaɵ,3,ӑнланмасть,ɵaa,2,3,1,3,783,3569,2,TRUE
aaɵ,3,ӑнланас,ɵaa,2,3,1,3,783,3569,2,TRUE
aaɵ,3,варьӑна,aɵa,2,3,1,3,783,3569,2,TRUE
aaɵ,3,тӑвасса,ɵaa,2,3,1,3,783,3569,2,TRUE
aaɵ,3,ҫамрӑкрах,aɵa,2,3,1,3,783,3569,2,TRUE
aaɵ,3,сашӑпа,aɵa,2,3,1,3,783,3569,2,TRUE
aaɵ,3,тӑварпа,ɵaa,2,3,1,3,783,3569,2,TRUE
aaɵ,3,ҫӑхава,ɵaa,2,3,1,3,783,3569,2,TRUE
aaɵ,3,пӑхасса,ɵaa,2,3,1,3,783,3569,2,TRUE
aaɵ,3,паллӑрах,aɵa,2,3,1,3,783,3569,2,TRUE
aaɵ,3,вальӑна,aɵa,2,3,1,3,783,3569,2,TRUE
aaɵ,3,сарӑлать,aɵa,2,3,1,3,783,3569,2,TRUE
aaɵ,3,катӑлса,aɵa,2,3,1,3,783,3569,2,TRUE
aaɵ,3,хӑйраса,ɵaa,2,3,1,3,783,3569,2,TRUE
aaɵ,3,ҫакӑнтах,aɵa,2,3,1,3,783,3569,2,TRUE
aaɵ,3,аннӑна,aɵa,2,3,1,3,783,3569,2,TRUE
aaɵ,3,кантӑка,aɵa,2,3,1,3,783,3569,2,TRUE
aaɵ,3,вӑранса,ɵaa,2,3,1,3,783,3569,2,TRUE
aaɵ,3,кӑтартас,ɵaa,2,3,1,3,783,3569,2,TRUE
aaɵ,3,хӑварар,ɵaa,2,3,1,3,783,3569,2,TRUE
aaɵ,3,чарӑнсах,aɵa,2,3,1,3,783,3569,2,TRUE
aaɵ,3,вӑрмантан,ɵaa,2,3,1,3,783,3569,2,TRUE
aaɵ,3,кайнӑран,aɵa,2,3,1,3,783,3569,2,TRUE
aaɵ,3,хамӑрпа,aɵa,2,3,1,3,783,3569,2,TRUE
aaɵ,3,сарӑлма,aɵa,2,3,1,3,783,3569,2,TRUE
aaɵ,3,тӑрантас,ɵaa,2,3,1,3,783,3569,2,TRUE
aaɵ,3,санӑннах,aɵa,2,3,1,3,783,3569,2,TRUE
aaɵ,3,ҫамрӑка,aɵa,2,3,1,3,783,3569,2,TRUE
aaɵ,3,хӑпартса,ɵaa,2,3,1,3,783,3569,2,TRUE
aaɵ,3,хӑтлансан,ɵaa,2,3,1,3,783,3569,2,TRUE
aaɵ,3,тачӑрах,aɵa,2,3,1,3,783,3569,2,TRUE
aaɵ,3,татӑлма,aɵa,2,3,1,3,783,3569,2,TRUE
aaɵ,3,таньӑна,aɵa,2,3,1,3,783,3569,2,TRUE
aaɵ,3,манӑҫа,aɵa,2,3,1,3,783,3569,2,TRUE
aaɵ,3,патӑнтан,aɵa,2,3,1,3,783,3569,2,TRUE
aaɵ,3,астӑвать,aɵa,2,3,1,3,783,3569,2,TRUE
aaɵ,3,аллӑма,aɵa,2,3,1,3,783,3569,2,TRUE
aaɵ,3,ташӑра,aɵa,2,3,1,3,783,3569,2,TRUE
aaɵ,3,вальӑран,aɵa,2,3,1,3,783,3569,2,TRUE
aaɵ,3,тавӑрма,aɵa,2,3,1,3,783,3569,2,TRUE
aaɵ,3,тавӑрман,aɵa,2,3,1,3,783,3569,2,TRUE
aaɵ,3,кӑранташ,ɵaa,2,3,1,3,783,3569,2,TRUE
aaɵ,3,тӑккалас,ɵaa,2,3,1,3,783,3569,2,TRUE
aaɵ,3,нӑйласа,ɵaa,2,3,1,3,783,3569,2,TRUE
aaɵ,3,кавӑнпа,aɵa,2,3,1,3,783,3569,2,TRUE
aaɵ,3,хӑратман,ɵaa,2,3,1,3,783,3569,2,TRUE
aaɵ,3,асӑнсан,aɵa,2,3,1,3,783,3569,2,TRUE
aaɵ,3,айӑплать,aɵa,2,3,1,3,783,3569,2,TRUE
aaɵ,3,савӑнман,aɵa,2,3,1,3,783,3569,2,TRUE
aaɵ,3,тӑрасса,ɵaa,2,3,1,3,783,3569,2,TRUE
aaɵ,3,тӑсакан,ɵaa,2,3,1,3,783,3569,2,TRUE
aaɵ,3,сӑмсана,ɵaa,2,3,1,3,783,3569,2,TRUE
aaɵ,3,асӑнам,aɵa,2,3,1,3,783,3569,2,TRUE
aaɵ,3,чӑвашлах,ɵaa,2,3,1,3,783,3569,2,TRUE
aaɵ,3,чӑтмалла,ɵaa,2,3,1,3,783,3569,2,TRUE
aaɵ,3,калӑплать,aɵa,2,3,1,3,783,3569,2,TRUE
aaɵ,3,асӑнма,aɵa,2,3,1,3,783,3569,2,TRUE
aaɵ,3,тӑратма,ɵaa,2,3,1,3,783,3569,2,TRUE
aaɵ,3,паттӑрла,aɵa,2,3,1,3,783,3569,2,TRUE
aaɵ,3,чарӑнмасть,aɵa,1,3,1,3,783,3569,2,TRUE
aaɵ,3,хӑпармасть,ɵaa,1,3,1,3,783,3569,2,TRUE
aaɵ,3,пӑхар-ха,ɵaa,1,3,1,3,783,3569,2,TRUE
aaɵ,3,ҫӑпата,ɵaa,1,3,1,3,783,3569,2,TRUE
aaɵ,3,айлӑмран,aɵa,1,3,1,3,783,3569,2,TRUE
aaɵ,3,катӑках,aɵa,1,3,1,3,783,3569,2,TRUE
aaɵ,3,пӑшкаса,ɵaa,1,3,1,3,783,3569,2,TRUE
aaɵ,3,ӑҫтарах,ɵaa,1,3,1,3,783,3569,2,TRUE
aaɵ,3,хӑратса,ɵaa,1,3,1,3,783,3569,2,TRUE
aaɵ,3,пӑхмасрах,ɵaa,1,3,1,3,783,3569,2,TRUE
aaɵ,3,авӑтас,aɵa,1,3,1,3,783,3569,2,TRUE
aaɵ,3,апӑрша,aɵa,1,3,1,3,783,3569,2,TRUE
aaɵ,3,павӑлран,aɵa,1,3,1,3,783,3569,2,TRUE
aaɵ,3,анӑҫран,aɵa,1,3,1,3,783,3569,2,TRUE
aaɵ,3,ӑсатать,ɵaa,1,3,1,3,783,3569,2,TRUE
aaɵ,3,шӑнапа,ɵaa,1,3,1,3,783,3569,2,TRUE
aaɵ,3,касӑра,aɵa,1,3,1,3,783,3569,2,TRUE
aaɵ,3,чалӑшса,aɵa,1,3,1,3,783,3569,2,TRUE
aaɵ,3,ҫӑварта,ɵaa,1,3,1,3,783,3569,2,TRUE
aaɵ,3,лаптӑкра,aɵa,1,3,1,3,783,3569,2,TRUE
aaɵ,3,шӑратса,ɵaa,1,3,1,3,783,3569,2,TRUE
aaɵ,3,сӑмала,ɵaa,1,3,1,3,783,3569,2,TRUE
aaɵ,3,патӑрта,aɵa,1,3,1,3,783,3569,2,TRUE
aaɵ,3,ҫапӑҫать,aɵa,1,3,1,3,783,3569,2,TRUE
aaɵ,3,савӑнас,aɵa,1,3,1,3,783,3569,2,TRUE
aaɵ,3,сӑраран,ɵaa,1,3,1,3,783,3569,2,TRUE
aaɵ,3,лаптӑкран,aɵa,1,3,1,3,783,3569,2,TRUE
aaɵ,3,чӑкрашать,ɵaa,1,3,1,3,783,3569,2,TRUE
aaɵ,3,ахӑрать,aɵa,1,3,1,3,783,3569,2,TRUE
aaɵ,3,ҫӑкапа,ɵaa,1,3,1,3,783,3569,2,TRUE
aaɵ,3,манӑҫма,aɵa,1,3,1,3,783,3569,2,TRUE
aaɵ,3,канӑҫа,aɵa,1,3,1,3,783,3569,2,TRUE
aaɵ,3,ялкӑшать,aɵa,1,3,1,3,783,3569,2,TRUE
aaɵ,3,кассӑра,aɵa,1,3,1,3,783,3569,2,TRUE
aaɵ,3,ҫӑрапах,ɵaa,1,3,1,3,783,3569,2,TRUE
aaɵ,3,ӑшалать,ɵaa,1,3,1,3,783,3569,2,TRUE
aaɵ,3,пӑтрашса,ɵaa,1,3,1,3,783,3569,2,TRUE
aaɵ,3,лампӑран,aɵa,1,3,1,3,783,3569,2,TRUE
aaɵ,3,мӑкалса,ɵaa,1,3,1,3,783,3569,2,TRUE
aaɵ,3,хӑпартать,ɵaa,1,3,1,3,783,3569,2,TRUE
aaɵ,3,тапӑнма,aɵa,1,3,1,3,783,3569,2,TRUE
aaɵ,3,вӑранма,ɵaa,1,3,1,3,783,3569,2,TRUE
aaɵ,3,ҫапӑнас,aɵa,1,3,1,3,783,3569,2,TRUE
aaɵ,3,пӑлханать,ɵaa,1,3,1,3,783,3569,2,TRUE
aaɵ,3,ярӑр-ха,aɵa,1,3,1,3,783,3569,2,TRUE
aaɵ,3,тайӑлса,aɵa,1,3,1,3,783,3569,2,TRUE
aaɵ,3,тарӑхма,aɵa,1,3,1,3,783,3569,2,TRUE
aaɵ,3,тӑпрапа,ɵaa,1,3,1,3,783,3569,2,TRUE
aaɵ,3,хамӑрах,aɵa,1,3,1,3,783,3569,2,TRUE
aaɵ,3,тӑваймасть,ɵaa,1,3,1,3,783,3569,2,TRUE
aaɵ,3,карӑнса,aɵa,1,3,1,3,783,3569,2,TRUE
aaɵ,3,касмӑка,aɵa,1,3,1,3,783,3569,2,TRUE
aaɵ,3,лӑплансан,ɵaa,1,3,1,3,783,3569,2,TRUE
aaɵ,3,лавҫӑпа,aɵa,1,3,1,3,783,3569,2,TRUE
aaɵ,3,хӑяйман,ɵaa,1,3,1,3,783,3569,2,TRUE
aaɵ,3,майлӑран,aɵa,1,3,1,3,783,3569,2,TRUE
aaɵ,3,пӑхкалать,ɵaa,1,3,1,3,783,3569,2,TRUE
aaɵ,3,хӑмачпа,ɵaa,1,3,1,3,783,3569,2,TRUE
aaɵ,3,атӑлта,aɵa,1,3,1,3,783,3569,2,TRUE
aaɵ,3,шӑплансан,ɵaa,1,3,1,3,783,3569,2,TRUE
aaɵ,3,кӑкласа,ɵaa,1,3,1,3,783,3569,2,TRUE
aaɵ,3,хӑяймасть,ɵaa,1,3,1,3,783,3569,2,TRUE
aaɵ,3,тахӑҫан,aɵa,1,3,1,3,783,3569,2,TRUE
aaɵ,3,спальнӑра,aɵa,1,3,1,3,783,3569,2,TRUE
aaɵ,3,ӑстаҫа,ɵaa,1,3,1,3,783,3569,2,TRUE
aaɵ,3,лапчӑнман,aɵa,1,3,1,3,783,3569,2,TRUE
aaɵ,3,вӑйлатас,ɵaa,1,3,1,3,783,3569,2,TRUE
aaɵ,3,атьӑр-ха,aɵa,1,3,1,3,783,3569,2,TRUE
aaɵ,3,пӑхаймасть,ɵaa,1,3,1,3,783,3569,2,TRUE
aaɵ,3,таркӑна,aɵa,1,3,1,3,783,3569,2,TRUE
aaɵ,3,пӑчана,ɵaa,1,3,1,3,783,3569,2,TRUE
aaɵ,3,саншӑнах,aɵa,1,3,1,3,783,3569,2,TRUE
aaɵ,3,ҫаврӑнмасть,aɵa,1,3,1,3,783,3569,2,TRUE
aaɵ,3,яшӑпа,aɵa,1,3,1,3,783,3569,2,TRUE
aaɵ,3,япӑхса,aɵa,1,3,1,3,783,3569,2,TRUE
aaɵ,3,чӑтаймасть,ɵaa,1,3,1,3,783,3569,2,TRUE
aaɵ,3,пӑтранма,ɵaa,1,3,1,3,783,3569,2,TRUE
aaɵ,3,вӑйлатать,ɵaa,1,3,1,3,783,3569,2,TRUE
aaɵ,3,лакӑма,aɵa,1,3,1,3,783,3569,2,TRUE
aaɵ,3,ашкӑнать,aɵa,1,3,1,3,783,3569,2,TRUE
aaɵ,3,ялкӑшса,aɵa,1,3,1,3,783,3569,2,TRUE
aaɵ,3,палӑртмасть,aɵa,1,3,1,3,783,3569,2,TRUE
aaɵ,3,хӑратма,ɵaa,1,3,1,3,783,3569,2,TRUE
aaɵ,3,пӑтратас,ɵaa,1,3,1,3,783,3569,2,TRUE
aaɵ,3,такӑнма,aɵa,1,3,1,3,783,3569,2,TRUE
aaɵ,3,айӑппах,aɵa,1,3,1,3,783,3569,2,TRUE
aaɵ,3,йӑмрапа,ɵaa,1,3,1,3,783,3569,2,TRUE
aaɵ,3,шӑварсан,ɵaa,1,3,1,3,783,3569,2,TRUE
aaɵ,3,пӑхкала,ɵaa,1,3,1,3,783,3569,2,TRUE
aaɵ,3,аллӑран,aɵa,1,3,1,3,783,3569,2,TRUE
aaɵ,3,аллӑмра,aɵa,1,3,1,3,783,3569,2,TRUE
aaɵ,3,тӑрмашать,ɵaa,1,3,1,3,783,3569,2,TRUE
aaɵ,3,сапӑнать,aɵa,1,3,1,3,783,3569,2,TRUE
aaɵ,3,васькӑпа,aɵa,1,3,1,3,783,3569,2,TRUE
aaɵ,3,чашӑкран,aɵa,1,3,1,3,783,3569,2,TRUE
aaɵ,3,пӑшалпа,ɵaa,1,3,1,3,783,3569,2,TRUE
aaɵ,3,пӑтратма,ɵaa,1,3,1,3,783,3569,2,TRUE
aaɵ,3,сахӑра,aɵa,1,3,1,3,783,3569,2,TRUE
aaɵ,3,сарӑлман,aɵa,1,3,1,3,783,3569,2,TRUE
aaɵ,3,пӑшала,ɵaa,1,3,1,3,783,3569,2,TRUE
aaɵ,3,талпӑнса,aɵa,1,3,1,3,783,3569,2,TRUE
aaɵ,3,аллӑмран,aɵa,1,3,1,3,783,3569,2,TRUE
aaɵ,3,сӑлтавпах,ɵaa,1,3,1,3,783,3569,2,TRUE
aaɵ,3,вӑтансах,ɵaa,1,3,1,3,783,3569,2,TRUE
aaɵ,3,ватлӑхра,aɵa,1,3,1,3,783,3569,2,TRUE
aaɵ,3,чарӑнас,aɵa,1,3,1,3,783,3569,2,TRUE
aaɵ,3,ҫакӑнпах,aɵa,1,3,1,3,783,3569,2,TRUE
aaɵ,3,савӑтпа,aɵa,1,3,1,3,783,3569,2,TRUE
aaɵ,3,сӑпайран,ɵaa,1,3,1,3,783,3569,2,TRUE
aaɵ,3,сӑвасса,ɵaa,1,3,1,3,783,3569,2,TRUE
aaɵ,3,шӑпама,ɵaa,1,3,1,3,783,3569,2,TRUE
aaɵ,3,сӑнарлать,ɵaa,1,3,1,3,783,3569,2,TRUE
aaɵ,3,хӑратать,ɵaa,1,3,1,3,783,3569,2,TRUE
aaɵ,3,тӑванран,ɵaa,1,3,1,3,783,3569,2,TRUE
aaɵ,3,таврӑнап,aɵa,1,3,1,3,783,3569,2,TRUE
aaɵ,3,атӑлпа,aɵa,1,3,1,3,783,3569,2,TRUE
aaɵ,3,авӑсать,aɵa,1,3,1,3,783,3569,2,TRUE
aaɵ,3,вӑранать,ɵaa,1,3,1,3,783,3569,2,TRUE
aaɵ,3,ҫакӑнма,aɵa,1,3,1,3,783,3569,2,TRUE
aaɵ,3,тайлӑкпа,aɵa,1,3,1,3,783,3569,2,TRUE
aaɵ,3,сашӑран,aɵa,1,3,1,3,783,3569,2,TRUE
aaɵ,3,япӑха,aɵa,1,3,1,3,783,3569,2,TRUE
aaɵ,3,такӑрах,aɵa,1,3,1,3,783,3569,2,TRUE
aaɵ,3,кӑтрашка,ɵaa,1,3,1,3,783,3569,2,TRUE
aaɵ,3,чӑматан,ɵaa,1,3,1,3,783,3569,2,TRUE
aaɵ,3,ларнӑран,aɵa,1,3,1,3,783,3569,2,TRUE
aaɵ,3,тарӑхас,aɵa,1,3,1,3,783,3569,2,TRUE
aaɵ,3,пӑрланса,ɵaa,1,3,1,3,783,3569,2,TRUE
aaɵ,3,павӑла,aɵa,1,3,1,3,783,3569,2,TRUE
aaɵ,3,савӑтран,aɵa,1,3,1,3,783,3569,2,TRUE
aaɵ,3,альӑна,aɵa,1,3,1,3,783,3569,2,TRUE
aaɵ,3,вӑр-варах,ɵaa,1,3,1,3,783,3569,2,TRUE
aaɵ,3,авӑнать,aɵa,1,3,1,3,783,3569,2,TRUE
aaɵ,3,чашӑкна,aɵa,1,3,1,3,783,3569,2,TRUE
aaɵ,3,хӑвалас,ɵaa,1,3,1,3,783,3569,2,TRUE
aaɵ,3,ваткӑпа,aɵa,1,3,1,3,783,3569,2,TRUE
aaɵ,3,парӑмран,aɵa,1,3,1,3,783,3569,2,TRUE
aaɵ,3,мӑнакка,ɵaa,1,3,1,3,783,3569,2,TRUE
aaɵ,3,яхӑнах,aɵa,1,3,1,3,783,3569,2,TRUE
aaɵ,3,тарӑхать,aɵa,1,3,1,3,783,3569,2,TRUE
aaɵ,3,кӑвара,ɵaa,1,3,1,3,783,3569,2,TRUE
aaɵ,3,сӑнласа,ɵaa,1,3,1,3,783,3569,2,TRUE
aaɵ,3,палӑрма,aɵa,1,3,1,3,783,3569,2,TRUE
aaɵ,3,лӑскаса,ɵaa,1,3,1,3,783,3569,2,TRUE
aaɵ,3,салтӑнса,aɵa,1,3,1,3,783,3569,2,TRUE
aaɵ,3,авӑтма,aɵa,1,3,1,3,783,3569,2,TRUE
aaɵ,3,павӑлпа,aɵa,1,3,1,3,783,3569,2,TRUE
aaɵ,3,сӑмахах,ɵaa,1,3,1,3,783,3569,2,TRUE
aaɵ,3,тапӑнать,aɵa,1,3,1,3,783,3569,2,TRUE
aaɵ,3,ватӑлать,aɵa,1,3,1,3,783,3569,2,TRUE
aaɵ,3,кӑпшарпа,ɵaa,1,3,1,3,783,3569,2,TRUE
aaɵ,3,ялтӑрать,aɵa,1,3,1,3,783,3569,2,TRUE
aaɵ,3,сантӑркка,aɵa,1,3,1,3,783,3569,2,TRUE
aaɵ,3,ҫӑвасса,ɵaa,1,3,1,3,783,3569,2,TRUE
aaɵ,3,шӑранса,ɵaa,1,3,1,3,783,3569,2,TRUE
aaɵ,3,чӑлханса,ɵaa,1,3,1,3,783,3569,2,TRUE
aaɵ,3,татӑлсах,aɵa,1,3,1,3,783,3569,2,TRUE
aaɵ,3,патӑртан,aɵa,1,3,1,3,783,3569,2,TRUE
aaɵ,3,вӑтанман,ɵaa,1,3,1,3,783,3569,2,TRUE
aaɵ,3,манӑҫать,aɵa,1,3,1,3,783,3569,2,TRUE
aaɵ,3,сарӑхса,aɵa,1,3,1,3,783,3569,2,TRUE
aaɵ,3,чӑрмава,ɵaa,1,3,1,3,783,3569,2,TRUE
aaɵ,3,авӑтса,aɵa,1,3,1,3,783,3569,2,TRUE
aaɵ,3,хамӑннах,aɵa,1,3,1,3,783,3569,2,TRUE
aaɵ,3,астӑвас,aɵa,1,3,1,3,783,3569,2,TRUE
aaɵ,3,хӑварма,ɵaa,1,3,1,3,783,3569,2,TRUE
aaɵ,3,палӑрсах,aɵa,1,3,1,3,783,3569,2,TRUE
aaɵ,3,янӑнах,aɵa,1,3,1,3,783,3569,2,TRUE
aaɵ,3,шайккӑпа,aɵa,1,3,1,3,783,3569,2,TRUE
aaɵ,3,айлӑмпа,aɵa,1,3,1,3,783,3569,2,TRUE
aaɵ,3,таньӑпа,aɵa,1,3,1,3,783,3569,2,TRUE
aaɵ,3,хӑтапа,ɵaa,1,3,1,3,783,3569,2,TRUE
aaɵ,3,хӑмсарма,ɵaa,1,3,1,3,783,3569,2,TRUE
aaɵ,3,тарӑх-ха,aɵa,1,3,1,3,783,3569,2,TRUE
aaɵ,3,пӑлхатма,ɵaa,1,3,1,3,783,3569,2,TRUE
aaɵ,3,ҫӑкана,ɵaa,1,3,1,3,783,3569,2,TRUE
aaɵ,3,мӑкласа,ɵaa,1,3,1,3,783,3569,2,TRUE
aaɵ,3,пӑтратсан,ɵaa,1,3,1,3,783,3569,2,TRUE
aaɵ,3,шӑв-шавра,ɵaa,1,3,1,3,783,3569,2,TRUE
aaɵ,3,лӑпланать,ɵaa,1,3,1,3,783,3569,2,TRUE
aaɵ,3,асӑрхать,aɵa,1,3,1,3,783,3569,2,TRUE
aaɵ,3,чарӑн-ха,aɵa,1,3,1,3,783,3569,2,TRUE
aaɵ,3,ӑнкарса,ɵaa,1,3,1,3,783,3569,2,TRUE
aaɵ,3,ҫавӑрать,aɵa,1,3,1,3,783,3569,2,TRUE
aaɵ,3,хӑвана,ɵaa,1,3,1,3,783,3569,2,TRUE
aaɵ,3,каҫӑхса,aɵa,1,3,1,3,783,3569,2,TRUE
aaɵ,3,савӑкрах,aɵa,1,3,1,3,783,3569,2,TRUE
aaɵ,3,ашкӑнас,aɵa,1,3,1,3,783,3569,2,TRUE
aaɵ,3,кӑларам,ɵaa,1,3,1,3,783,3569,2,TRUE
aaɵ,3,чӑрманса,ɵaa,1,3,1,3,783,3569,2,TRUE
aaɵ,3,ахӑрса,aɵa,1,3,1,3,783,3569,2,TRUE
aaɵ,3,лӑпланман,ɵaa,1,3,1,3,783,3569,2,TRUE
aaɵ,3,шӑвакан,ɵaa,1,3,1,3,783,3569,2,TRUE
aaɵ,3,палӑра,aɵa,1,3,1,3,783,3569,2,TRUE
aaɵ,3,ятлӑрах,aɵa,1,3,1,3,783,3569,2,TRUE
aaɵ,3,сӑрантан,ɵaa,1,3,1,3,783,3569,2,TRUE
aaɵ,3,ахӑрма,aɵa,1,3,1,3,783,3569,2,TRUE
aaɵ,3,йӑпатма,ɵaa,1,3,1,3,783,3569,2,TRUE
aaɵ,3,хӑмана,ɵaa,1,3,1,3,783,3569,2,TRUE
aaɵ,3,чарӑна,aɵa,1,3,1,3,783,3569,2,TRUE
aaɵ,3,ӑнлава,ɵaa,1,3,1,3,783,3569,2,TRUE
aaɵ,3,ҫапӑнма,aɵa,1,3,1,3,783,3569,2,TRUE
aaɵ,3,сасӑпах,aɵa,1,3,1,3,783,3569,2,TRUE
aaɵ,3,патӑмран,aɵa,1,3,1,3,783,3569,2,TRUE
aaɵ,3,савӑнар,aɵa,1,3,1,3,783,3569,2,TRUE
aaɵ,3,кайӑн-ха,aɵa,1,3,1,3,783,3569,2,TRUE
aaɵ,3,талпӑнать,aɵa,1,3,1,3,783,3569,2,TRUE
aaɵ,3,тӑсарах,ɵaa,1,3,1,3,783,3569,2,TRUE
aaɵ,3,ватӑлап,aɵa,1,3,1,3,783,3569,2,TRUE
aaɵ,3,ярӑнас,aɵa,1,3,1,3,783,3569,2,TRUE
aaɵ,3,ӑнкарать,ɵaa,1,3,1,3,783,3569,2,TRUE
aaɵ,3,тӑнласа,ɵaa,1,3,1,3,783,3569,2,TRUE
aaɵ,3,патӑма,aɵa,1,3,1,3,783,3569,2,TRUE
aaɵ,3,шӑпланса,ɵaa,1,3,1,3,783,3569,2,TRUE
aaɵ,3,хӑнаран,ɵaa,1,3,1,3,783,3569,2,TRUE
aaɵ,3,талӑкра,aɵa,1,3,1,3,783,3569,2,TRUE
aaɵ,3,тӑхтар-ха,ɵaa,1,3,1,3,783,3569,2,TRUE
aaɵ,3,хӑямат,ɵaa,1,3,1,3,783,3569,2,TRUE
aaɵ,3,лашӑра,aɵa,1,3,1,3,783,3569,2,TRUE
aaɵ,3,чӑнахах,ɵaa,1,3,1,3,783,3569,2,TRUE
aaɵ,3,чӑнламан,ɵaa,1,3,1,3,783,3569,2,TRUE
aaɵ,3,анлӑрах,aɵa,1,3,1,3,783,3569,2,TRUE
aaɵ,3,хӑпрасах,ɵaa,1,3,1,3,783,3569,2,TRUE
aaɵ,3,ларнӑнах,aɵa,1,3,1,3,783,3569,2,TRUE
aaɵ,3,ҫӑвакан,ɵaa,1,3,1,3,783,3569,2,TRUE
aaɵ,3,тӑрарах,ɵaa,1,3,1,3,783,3569,2,TRUE
aaɵ,3,лапчӑтса,aɵa,1,3,1,3,783,3569,2,TRUE
aaɵ,3,савӑнмасть,aɵa,1,3,1,3,783,3569,2,TRUE
aaɵ,3,асӑмра,aɵa,1,3,1,3,783,3569,2,TRUE
aaɵ,3,кашкӑра,aɵa,1,3,1,3,783,3569,2,TRUE
aaɵ,3,вакӑрах,aɵa,1,3,1,3,783,3569,2,TRUE
aaɵ,3,тӑраймасть,ɵaa,1,3,1,3,783,3569,2,TRUE
aaɵ,3,кӑшманпа,ɵaa,1,3,1,3,783,3569,2,TRUE
aaɵ,3,сӑнара,ɵaa,1,3,1,3,783,3569,2,TRUE
aaɵ,3,тӑрайман,ɵaa,1,3,1,3,783,3569,2,TRUE
aaɵ,3,япӑхрах,aɵa,1,3,1,3,783,3569,2,TRUE
aaɵ,3,хӑтарма,ɵaa,1,3,1,3,783,3569,2,TRUE
aaɵ,3,тӑратать,ɵaa,1,3,1,3,783,3569,2,TRUE
aø,2,халӗ,aø,553,1,0,2,124,2394,2,TRUE
aø,2,кайрӗ,aø,413,1,0,2,124,2394,2,TRUE
aø,2,ячӗ,aø,207,1,0,2,124,2394,2,TRUE
aø,2,ларчӗ,aø,175,1,0,2,124,2394,2,TRUE
aø,2,пачӗ,aø,117,1,0,2,124,2394,2,TRUE
aø,2,кайрӗҫ,aø,100,1,0,2,124,2394,2,TRUE
aø,2,ашшӗ,aø,86,1,0,2,124,2394,2,TRUE
aø,2,лартрӗ,aø,56,1,0,2,124,2394,2,TRUE
aø,2,пачӗҫ,aø,52,1,0,2,124,2394,2,TRUE
aø,2,хатӗр,aø,39,1,0,2,124,2394,2,TRUE
aø,2,ячӗҫ,aø,38,1,0,2,124,2394,2,TRUE
aø,2,ларчӗҫ,aø,37,1,0,2,124,2394,2,TRUE
aø,2,марччӗ,aø,30,1,0,2,124,2394,2,TRUE
aø,2,анчӗ,aø,29,1,0,2,124,2394,2,TRUE
aø,2,чарчӗ,aø,21,1,0,2,124,2394,2,TRUE
aø,2,яврӗҫ,aø,19,1,0,2,124,2394,2,TRUE
aø,2,ялӗ,aø,19,1,0,2,124,2394,2,TRUE
aø,2,парӗ,aø,18,1,0,2,124,2394,2,TRUE
aø,2,пайӗ,aø,14,1,0,2,124,2394,2,TRUE
aø,2,ҫапрӗ,aø,14,1,0,2,124,2394,2,TRUE
aø,2,хакӗ,aø,13,1,0,2,124,2394,2,TRUE
aø,2,каҫрӗ,aø,12,1,0,2,124,2394,2,TRUE
aø,2,лартрӗҫ,aø,12,1,0,2,124,2394,2,TRUE
aø,2,парӗҫ,aø,12,1,0,2,124,2394,2,TRUE
aø,2,ашшӗн,aø,11,1,0,2,124,2394,2,TRUE
aø,2,кайӗ,aø,11,1,0,2,124,2394,2,TRUE
aø,2,тарчӗ,aø,10,1,0,2,124,2394,2,TRUE
aø,2,канлӗ,aø,10,1,0,2,124,2394,2,TRUE
aø,2,шанчӗ,aø,9,1,0,2,124,2394,2,TRUE
aø,2,айӗн,aø,8,1,0,2,124,2394,2,TRUE
aø,2,каҫӗ,aø,8,1,0,2,124,2394,2,TRUE
aø,2,кансӗр,aø,7,1,0,2,124,2394,2,TRUE
aø,2,лартӗҫ,aø,7,1,0,2,124,2394,2,TRUE
aø,2,шавӗ,aø,7,1,0,2,124,2394,2,TRUE
aø,2,канлӗн,aø,6,1,0,2,124,2394,2,TRUE
aø,2,анчӗҫ,aø,6,1,0,2,124,2394,2,TRUE
aø,2,сайчӗ,aø,6,1,0,2,124,2394,2,TRUE
aø,2,чакрӗ,aø,5,1,0,2,124,2394,2,TRUE
aø,2,ҫакрӗ,aø,5,1,0,2,124,2394,2,TRUE
aø,2,тапрӗ,aø,5,1,0,2,124,2394,2,TRUE
aø,2,салтрӗ,aø,5,1,0,2,124,2394,2,TRUE
aø,2,пайӗн,aø,5,1,0,2,124,2394,2,TRUE
aø,2,памӗ,aø,5,1,0,2,124,2394,2,TRUE
aø,2,каҫрӗҫ,aø,5,1,0,2,124,2394,2,TRUE
aø,2,алӗҫ,aø,5,1,0,2,124,2394,2,TRUE
aø,2,кайӗҫ,aø,4,1,0,2,124,2394,2,TRUE
aø,2,лавӗ,aø,4,1,0,2,124,2394,2,TRUE
aø,2,тайрӗ,aø,4,1,0,2,124,2394,2,TRUE
aø,2,татрӗ,aø,4,1,0,2,124,2394,2,TRUE
aø,2,ҫарӗ,aø,4,1,0,2,124,2394,2,TRUE
aø,2,тайрӗҫ,aø,4,1,0,2,124,2394,2,TRUE
aø,2,влаҫӗ,aø,3,1,0,2,124,2394,2,TRUE
aø,2,калӗ,aø,3,1,0,2,124,2394,2,TRUE
aø,2,майӗ,aø,3,1,0,2,124,2394,2,TRUE
aø,2,ярӗҫ,aø,3,1,0,2,124,2394,2,TRUE
aø,2,класӗ,aø,3,1,0,2,124,2394,2,TRUE
aø,2,планӗ,aø,3,1,0,2,124,2394,2,TRUE
aø,2,ярӗ,aø,3,1,0,2,124,2394,2,TRUE
aø,2,ҫарӗн,aø,3,1,0,2,124,2394,2,TRUE
aø,2,шайӗ,aø,3,1,0,2,124,2394,2,TRUE
aø,2,ҫапӗ,aø,2,1,0,2,124,2394,2,TRUE
aø,2,манчӗ,aø,2,1,0,2,124,2394,2,TRUE
aø,2,карчӗ,aø,2,1,0,2,124,2394,2,TRUE
aø,2,ларӗ,aø,2,1,0,2,124,2394,2,TRUE
aø,2,касрӗ,aø,2,1,0,2,124,2394,2,TRUE
aø,2,татрӗҫ,aø,2,1,0,2,124,2394,2,TRUE
aø,2,сачӗ,aø,2,1,0,2,124,2394,2,TRUE
aø,2,чаҫӗн,aø,2,1,0,2,124,2394,2,TRUE
aø,2,влаҫӗн,aø,2,1,0,2,124,2394,2,TRUE
aø,2,паркӗ,aø,2,1,0,2,124,2394,2,TRUE
aø,2,сапрӗ,aø,2,1,0,2,124,2394,2,TRUE
aø,2,ҫакрӗҫ,aø,2,1,0,2,124,2394,2,TRUE
aø,2,чарчӗҫ,aø,1,1,0,2,124,2394,2,TRUE
aø,2,акрӗ,aø,1,1,0,2,124,2394,2,TRUE
aø,2,халлӗн,aø,1,1,0,2,124,2394,2,TRUE
aø,2,сакӗ,aø,1,1,0,2,124,2394,2,TRUE
aø,2,чаҫӗ,aø,1,1,0,2,124,2394,2,TRUE
aø,2,канӗҫ,aø,1,1,0,2,124,2394,2,TRUE
aø,2,асӗн,aø,1,1,0,2,124,2394,2,TRUE
aø,2,ялӗн,aø,1,1,0,2,124,2394,2,TRUE
aø,2,сарчӗ,aø,1,1,0,2,124,2394,2,TRUE
aø,2,ҫапӗҫ,aø,1,1,0,2,124,2394,2,TRUE
aø,2,карӗҫ,aø,1,1,0,2,124,2394,2,TRUE
aø,2,тарӗҫ,aø,1,1,0,2,124,2394,2,TRUE
aø,2,сарӗ,aø,1,1,0,2,124,2394,2,TRUE
aø,2,катрӗҫ,aø,1,1,0,2,124,2394,2,TRUE
aø,2,танкӗ,aø,1,1,0,2,124,2394,2,TRUE
aø,2,врачӗ,aø,1,1,0,2,124,2394,2,TRUE
aø,2,ямӗҫ,aø,1,1,0,2,124,2394,2,TRUE
aø,2,манмӗ,aø,1,1,0,2,124,2394,2,TRUE
aø,2,касӗ,aø,1,1,0,2,124,2394,2,TRUE
aø,2,чаврӗҫ,aø,1,1,0,2,124,2394,2,TRUE
aø,2,чапӗ,aø,1,1,0,2,124,2394,2,TRUE
aø,2,ларӗҫ,aø,1,1,0,2,124,2394,2,TRUE
aø,2,калӗҫ,aø,1,1,0,2,124,2394,2,TRUE
aø,2,тарӗ,aø,1,1,0,2,124,2394,2,TRUE
aø,2,касрӗҫ,aø,1,1,0,2,124,2394,2,TRUE
aø,2,ларҫҫӗ,aø,1,1,0,2,124,2394,2,TRUE
aø,2,чакрӗҫ,aø,1,1,0,2,124,2394,2,TRUE
aø,2,памӗҫ,aø,1,1,0,2,124,2394,2,TRUE
aø,2,хайӗн,aø,1,1,0,2,124,2394,2,TRUE
aø,2,ашӗ,aø,1,1,0,2,124,2394,2,TRUE
aø,2,ҫапрӗҫ,aø,1,1,0,2,124,2394,2,TRUE
aø,2,сарчӗҫ,aø,1,1,0,2,124,2394,2,TRUE
aø,2,чанӗ,aø,1,1,0,2,124,2394,2,TRUE
aø,2,тармӗ,aø,1,1,0,2,124,2394,2,TRUE
aø,2,каймӗ,aø,1,1,0,2,124,2394,2,TRUE
aø,2,сас-чӗв,aø,1,1,0,2,124,2394,2,TRUE
aø,2,кранӗ,aø,1,1,0,2,124,2394,2,TRUE
aø,2,саврӗ,aø,1,1,0,2,124,2394,2,TRUE
aø,2,айӗ,aø,1,1,0,2,124,2394,2,TRUE
aø,2,чарӗҫ,aø,1,1,0,2,124,2394,2,TRUE
aø,2,аннӗр,aø,1,1,0,2,124,2394,2,TRUE
aø,2,акрӗҫ,aø,1,1,0,2,124,2394,2,TRUE
aø,2,лартӗ,aø,1,1,0,2,124,2394,2,TRUE
aø,2,яврӗ,aø,1,1,0,2,124,2394,2,TRUE
aø,2,сапрӗҫ,aø,1,1,0,2,124,2394,2,TRUE
aø,2,вӗт-ха,øa,28,2,1,2,124,2394,2,TRUE
aø,2,пӗрмай,øa,8,2,1,2,124,2394,2,TRUE
aø,2,ҫӗркаҫ,øa,2,2,1,2,124,2394,2,TRUE
aø,2,пӗл-ха,øa,1,2,1,2,124,2394,2,TRUE
aø,2,пӗртак,øa,1,2,1,2,124,2394,2,TRUE
aø,2,кӗт-ха,øa,1,2,1,2,124,2394,2,TRUE
aø,2,ҫӗньял,øa,1,2,1,2,124,2394,2,TRUE
aɵu,3,юратнӑ,uaɵ,48,2,0,6,572,2222,2,TRUE
aɵu,3,ҫуралнӑ,uaɵ,37,2,0,6,572,2222,2,TRUE
aɵu,3,пултарнӑ,uaɵ,34,2,0,6,572,2222,2,TRUE
aɵu,3,ҫулталӑк,uaɵ,28,2,0,6,572,2222,2,TRUE
aɵu,3,ҫухалнӑ,uaɵ,25,2,0,6,572,2222,2,TRUE
aɵu,3,хуралҫӑ,uaɵ,22,2,0,6,572,2222,2,TRUE
aɵu,3,пуҫланӑ,uaɵ,21,2,0,6,572,2222,2,TRUE
aɵu,3,хуҫалӑх,uaɵ,20,2,0,6,572,2222,2,TRUE
aɵu,3,шутланӑ,uaɵ,20,2,0,6,572,2222,2,TRUE
aɵu,3,куратӑп,uaɵ,18,2,0,6,572,2222,2,TRUE
aɵu,3,пуҫарнӑ,uaɵ,17,2,0,6,572,2222,2,TRUE
aɵu,3,юлташӑм,uaɵ,15,2,0,6,572,2222,2,TRUE
aɵu,3,куратӑн,uaɵ,15,2,0,6,572,2222,2,TRUE
aɵu,3,ҫухатнӑ,uaɵ,15,2,0,6,572,2222,2,TRUE
aɵu,3,пуҫланнӑ,uaɵ,15,2,0,6,572,2222,2,TRUE
aɵu,3,юрланӑ,uaɵ,13,2,0,6,572,2222,2,TRUE
aɵu,3,туяннӑ,uaɵ,12,2,0,6,572,2222,2,TRUE
aɵu,3,куҫарнӑ,uaɵ,12,2,0,6,572,2222,2,TRUE
aɵu,3,вуланӑ,uaɵ,11,2,0,6,572,2222,2,TRUE
aɵu,3,уҫланкӑ,uaɵ,11,2,0,6,572,2222,2,TRUE
aɵu,3,салхуллӑн,auɵ,10,2,0,6,572,2222,2,TRUE
aɵu,3,якурӑн,auɵ,10,2,0,6,572,2222,2,TRUE
aɵu,3,улатӑр,uaɵ,10,2,0,6,572,2222,2,TRUE
aɵu,3,ураллӑ,uaɵ,9,2,0,6,572,2222,2,TRUE
aɵu,3,ҫуратнӑ,uaɵ,9,2,0,6,572,2222,2,TRUE
aɵu,3,шутлатӑп,uaɵ,8,2,0,6,572,2222,2,TRUE
aɵu,3,пулатӑн,uaɵ,8,2,0,6,572,2222,2,TRUE
aɵu,3,тумланнӑ,uaɵ,8,2,0,6,572,2222,2,TRUE
aɵu,3,шутларӑм,uaɵ,8,2,0,6,572,2222,2,TRUE
aɵu,3,пуянлӑх,uaɵ,7,2,0,6,572,2222,2,TRUE
aɵu,3,тумасӑр,uaɵ,7,2,0,6,572,2222,2,TRUE
aɵu,3,мухтавлӑ,uaɵ,6,2,0,6,572,2222,2,TRUE
aɵu,3,тултарнӑ,uaɵ,6,2,0,6,572,2222,2,TRUE
aɵu,3,юсанӑ,uaɵ,6,2,0,6,572,2222,2,TRUE
aɵu,3,укҫасӑр,uaɵ,6,2,0,6,572,2222,2,TRUE
aɵu,3,хупланӑ,uaɵ,6,2,0,6,572,2222,2,TRUE
aɵu,3,тухмасӑр,uaɵ,6,2,0,6,572,2222,2,TRUE
aɵu,3,хускатнӑ,uaɵ,6,2,0,6,572,2222,2,TRUE
aɵu,3,урасӑр,uaɵ,5,2,0,6,572,2222,2,TRUE
aɵu,3,шутланнӑ,uaɵ,5,2,0,6,572,2222,2,TRUE
aɵu,3,турттарнӑ,uaɵ,5,2,0,6,572,2222,2,TRUE
aɵu,3,салхуллӑ,auɵ,5,2,0,6,572,2222,2,TRUE
aɵu,3,пуҫтарнӑ,uaɵ,5,2,0,6,572,2222,2,TRUE
aɵu,3,хуралтӑ,uaɵ,5,2,0,6,572,2222,2,TRUE
aɵu,3,тухатпӑр,uaɵ,5,2,0,6,572,2222,2,TRUE
aɵu,3,юманлӑх,uaɵ,4,2,0,6,572,2222,2,TRUE
aɵu,3,шутлатӑн,uaɵ,4,2,0,6,572,2222,2,TRUE
aɵu,3,усламҫӑ,uaɵ,4,2,0,6,572,2222,2,TRUE
aɵu,3,тухасшӑн,uaɵ,4,2,0,6,572,2222,2,TRUE
aɵu,3,юлатӑн,uaɵ,4,2,0,6,572,2222,2,TRUE
aɵu,3,шутлатӑр,uaɵ,4,2,0,6,572,2222,2,TRUE
aɵu,3,тутарнӑ,uaɵ,4,2,0,6,572,2222,2,TRUE
aɵu,3,мухтаннӑ,uaɵ,4,2,0,6,572,2222,2,TRUE
aɵu,3,суйланӑ,uaɵ,4,2,0,6,572,2222,2,TRUE
aɵu,3,ҫунатлӑ,uaɵ,4,2,0,6,572,2222,2,TRUE
aɵu,3,юсавсӑр,uaɵ,4,2,0,6,572,2222,2,TRUE
aɵu,3,ҫап-ҫуттӑн,auɵ,3,2,0,6,572,2222,2,TRUE
aɵu,3,пулатӑп,uaɵ,3,2,0,6,572,2222,2,TRUE
aɵu,3,хуралнӑ,uaɵ,3,2,0,6,572,2222,2,TRUE
aɵu,3,вулатӑп,uaɵ,3,2,0,6,572,2222,2,TRUE
aɵu,3,хуратӑн,uaɵ,3,2,0,6,572,2222,2,TRUE
aɵu,3,юрларӑм,uaɵ,3,2,0,6,572,2222,2,TRUE
aɵu,3,курмасӑр,uaɵ,3,2,0,6,572,2222,2,TRUE
aɵu,3,тусанлӑ,uaɵ,3,2,0,6,572,2222,2,TRUE
aɵu,3,пулатпӑр,uaɵ,3,2,0,6,572,2222,2,TRUE
aɵu,3,хуратӑп,uaɵ,3,2,0,6,572,2222,2,TRUE
aɵu,3,ваҫукӑн,auɵ,3,2,0,6,572,2222,2,TRUE
aɵu,3,кураймӑн,uaɵ,3,2,0,6,572,2222,2,TRUE
aɵu,3,тухатӑн,uaɵ,3,2,0,6,572,2222,2,TRUE
aɵu,3,шуратнӑ,uaɵ,3,2,0,6,572,2222,2,TRUE
aɵu,3,курмарӑм,uaɵ,3,2,0,6,572,2222,2,TRUE
aɵu,3,усранӑ,uaɵ,3,2,0,6,572,2222,2,TRUE
aɵu,3,юхтарнӑ,uaɵ,3,2,0,6,572,2222,2,TRUE
aɵu,3,куратӑр,uaɵ,3,2,0,6,572,2222,2,TRUE
aɵu,3,уявӑн,uaɵ,3,2,0,6,572,2222,2,TRUE
aɵu,3,туслашрӑм,uaɵ,3,2,0,6,572,2222,2,TRUE
aɵu,3,упранӑ,uaɵ,3,2,0,6,572,2222,2,TRUE
aɵu,3,тупмашкӑн,uaɵ,3,2,0,6,572,2222,2,TRUE
aɵu,3,утлантӑм,uaɵ,2,2,0,6,572,2222,2,TRUE
aɵu,3,тумхахлӑ,uaɵ,2,2,0,6,572,2222,2,TRUE
aɵu,3,сунарҫӑ,uaɵ,2,2,0,6,572,2222,2,TRUE
aɵu,3,сулмаклӑ,uaɵ,2,2,0,6,572,2222,2,TRUE
aɵu,3,пуласлӑх,uaɵ,2,2,0,6,572,2222,2,TRUE
aɵu,3,пусатӑн,uaɵ,2,2,0,6,572,2222,2,TRUE
aɵu,3,ҫутатнӑ,uaɵ,2,2,0,6,572,2222,2,TRUE
aɵu,3,сунатӑп,uaɵ,2,2,0,6,572,2222,2,TRUE
aɵu,3,нумайӑн,uaɵ,2,2,0,6,572,2222,2,TRUE
aɵu,3,уланӑ,uaɵ,2,2,0,6,572,2222,2,TRUE
aɵu,3,сухаллӑ,uaɵ,2,2,0,6,572,2222,2,TRUE
aɵu,3,тухатӑп,uaɵ,2,2,0,6,572,2222,2,TRUE
aɵu,3,хушатӑп,uaɵ,2,2,0,6,572,2222,2,TRUE
aɵu,3,куляннӑ,uaɵ,2,2,0,6,572,2222,2,TRUE
aɵu,3,хупланнӑ,uaɵ,2,2,0,6,572,2222,2,TRUE
aɵu,3,туталлӑ,uaɵ,2,2,0,6,572,2222,2,TRUE
aɵu,3,вулавӑш,uaɵ,2,2,0,6,572,2222,2,TRUE
aɵu,3,хуҫасӑр,uaɵ,2,2,0,6,572,2222,2,TRUE
aɵu,3,туянтӑм,uaɵ,2,2,0,6,572,2222,2,TRUE
aɵu,3,кураттӑм,uaɵ,2,2,0,6,572,2222,2,TRUE
aɵu,3,хускалнӑ,uaɵ,2,2,0,6,572,2222,2,TRUE
aɵu,3,юратӑр,uaɵ,2,2,0,6,572,2222,2,TRUE
aɵu,3,усалӑн,uaɵ,2,2,0,6,572,2222,2,TRUE
aɵu,3,юрлатпӑр,uaɵ,2,2,0,6,572,2222,2,TRUE
aɵu,3,вулатпӑр,uaɵ,2,2,0,6,572,2222,2,TRUE
aɵu,3,тупатпӑр,uaɵ,2,2,0,6,572,2222,2,TRUE
aɵu,3,шутларӑн,uaɵ,2,2,0,6,572,2222,2,TRUE
aɵu,3,чарусӑр,auɵ,2,2,0,6,572,2222,2,TRUE
aɵu,3,ҫан-ҫурӑм,auɵ,2,2,0,6,572,2222,2,TRUE
aɵu,3,пухатӑп,uaɵ,2,2,0,6,572,2222,2,TRUE
aɵu,3,ҫунтарнӑ,uaɵ,2,2,0,6,572,2222,2,TRUE
aɵu,3,пушаннӑ,uaɵ,2,2,0,6,572,2222,2,TRUE
aɵu,3,тумашкӑн,uaɵ,2,2,0,6,572,2222,2,TRUE
aɵu,3,тупатӑп,uaɵ,2,2,0,6,572,2222,2,TRUE
aɵu,3,хуҫатӑн,uaɵ,2,2,0,6,572,2222,2,TRUE
aɵu,3,юлташӑн,uaɵ,2,2,0,6,572,2222,2,TRUE
aɵu,3,чупатӑп,uaɵ,2,2,0,6,572,2222,2,TRUE
aɵu,3,куратпӑр,uaɵ,2,2,0,6,572,2222,2,TRUE
aɵu,3,пуласшӑн,uaɵ,2,2,0,6,572,2222,2,TRUE
aɵu,3,ҫухатрӑн,uaɵ,2,2,0,6,572,2222,2,TRUE
aɵu,3,усаллӑн,uaɵ,2,2,0,6,572,2222,2,TRUE
aɵu,3,шуралнӑ,uaɵ,2,2,0,6,572,2222,2,TRUE
aɵu,3,ҫунатӑн,uaɵ,2,2,0,6,572,2222,2,TRUE
aɵu,3,пуҫларӑм,uaɵ,2,2,0,6,572,2222,2,TRUE
aɵu,3,упраннӑ,uaɵ,2,2,0,6,572,2222,2,TRUE
aɵu,3,анютӑн,auɵ,2,2,0,6,572,2222,2,TRUE
aɵu,3,утатӑп,uaɵ,2,2,0,6,572,2222,2,TRUE
aɵu,3,ҫухатрӑм,uaɵ,2,2,0,6,572,2222,2,TRUE
aɵu,3,курманшӑн,uaɵ,2,2,0,6,572,2222,2,TRUE
aɵu,3,суятӑр,uaɵ,2,2,0,6,572,2222,2,TRUE
aɵu,3,укҫашӑн,uaɵ,2,2,0,6,572,2222,2,TRUE
aɵu,3,нушаллӑ,uaɵ,2,2,0,6,572,2222,2,TRUE
aɵu,3,пулмарӑм,uaɵ,2,2,0,6,572,2222,2,TRUE
aɵu,3,пуҫартӑм,uaɵ,2,2,0,6,572,2222,2,TRUE
aɵu,3,хутлатнӑ,uaɵ,1,2,0,6,572,2222,2,TRUE
aɵu,3,хуҫтарнӑ,uaɵ,1,2,0,6,572,2222,2,TRUE
aɵu,3,ҫуталнӑ,uaɵ,1,2,0,6,572,2222,2,TRUE
aɵu,3,утатпӑр,uaɵ,1,2,0,6,572,2222,2,TRUE
aɵu,3,уҫасшӑн,uaɵ,1,2,0,6,572,2222,2,TRUE
aɵu,3,урашӑн,uaɵ,1,2,0,6,572,2222,2,TRUE
aɵu,3,туптанӑ,uaɵ,1,2,0,6,572,2222,2,TRUE
aɵu,3,упратӑп,uaɵ,1,2,0,6,572,2222,2,TRUE
aɵu,3,хускатрӑм,uaɵ,1,2,0,6,572,2222,2,TRUE
aɵu,3,курмашкӑн,uaɵ,1,2,0,6,572,2222,2,TRUE
aɵu,3,пуясшӑн,uaɵ,1,2,0,6,572,2222,2,TRUE
aɵu,3,чупаттӑм,uaɵ,1,2,0,6,572,2222,2,TRUE
aɵu,3,курмастӑп,uaɵ,1,2,0,6,572,2222,2,TRUE
aɵu,3,суйласшӑн,uaɵ,1,2,0,6,572,2222,2,TRUE
aɵu,3,урамӑн,uaɵ,1,2,0,6,572,2222,2,TRUE
aɵu,3,мустайӑн,uaɵ,1,2,0,6,572,2222,2,TRUE
aɵu,3,утатӑн,uaɵ,1,2,0,6,572,2222,2,TRUE
aɵu,3,пуҫларӑн,uaɵ,1,2,0,6,572,2222,2,TRUE
aɵu,3,юлхавлӑн,uaɵ,1,2,0,6,572,2222,2,TRUE
aɵu,3,пушмакшӑн,uaɵ,1,2,0,6,572,2222,2,TRUE
aɵu,3,саккунлӑ,auɵ,1,2,0,6,572,2222,2,TRUE
aɵu,3,чухлатӑп,uaɵ,1,2,0,6,572,2222,2,TRUE
aɵu,3,шутлатпӑр,uaɵ,1,2,0,6,572,2222,2,TRUE
aɵu,3,кулатӑн,uaɵ,1,2,0,6,572,2222,2,TRUE
aɵu,3,сутмалӑх,uaɵ,1,2,0,6,572,2222,2,TRUE
aɵu,3,штурмланӑ,uaɵ,1,2,0,6,572,2222,2,TRUE
aɵu,3,уҫмасӑр,uaɵ,1,2,0,6,572,2222,2,TRUE
aɵu,3,утмасӑр,uaɵ,1,2,0,6,572,2222,2,TRUE
aɵu,3,тупатӑн,uaɵ,1,2,0,6,572,2222,2,TRUE
aɵu,3,ҫунмарӑм,uaɵ,1,2,0,6,572,2222,2,TRUE
aɵu,3,хушатӑн,uaɵ,1,2,0,6,572,2222,2,TRUE
aɵu,3,упратӑр,uaɵ,1,2,0,6,572,2222,2,TRUE
aɵu,3,пулаймӑп,uaɵ,1,2,0,6,572,2222,2,TRUE
aɵu,3,туятӑп,uaɵ,1,2,0,6,572,2222,2,TRUE
aɵu,3,юлатӑр,uaɵ,1,2,0,6,572,2222,2,TRUE
aɵu,3,тураттӑм,uaɵ,1,2,0,6,572,2222,2,TRUE
aɵu,3,мухтатӑн,uaɵ,1,2,0,6,572,2222,2,TRUE
aɵu,3,хуҫатӑр,uaɵ,1,2,0,6,572,2222,2,TRUE
aɵu,3,кулмасӑр,uaɵ,1,2,0,6,572,2222,2,TRUE
aɵu,3,хупмасӑр,uaɵ,1,2,0,6,572,2222,2,TRUE
aɵu,3,шуратрӑн,uaɵ,1,2,0,6,572,2222,2,TRUE
aɵu,3,хускатрӑн,uaɵ,1,2,0,6,572,2222,2,TRUE
aɵu,3,курсамӑр,uaɵ,1,2,0,6,572,2222,2,TRUE
aɵu,3,ҫулланнӑ,uaɵ,1,2,0,6,572,2222,2,TRUE
aɵu,3,шап-шуррӑн,auɵ,1,2,0,6,572,2222,2,TRUE
aɵu,3,вулаттӑм,uaɵ,1,2,0,6,572,2222,2,TRUE
aɵu,3,усраймӑп,uaɵ,1,2,0,6,572,2222,2,TRUE
aɵu,3,сурансӑр,uaɵ,1,2,0,6,572,2222,2,TRUE
aɵu,3,пуҫлатӑп,uaɵ,1,2,0,6,572,2222,2,TRUE
aɵu,3,астунӑн,auɵ,1,2,0,6,572,2222,2,TRUE
aɵu,3,юранӑ,uaɵ,1,2,0,6,572,2222,2,TRUE
aɵu,3,вуларӑм,uaɵ,1,2,0,6,572,2222,2,TRUE
aɵu,3,мухтаттӑм,uaɵ,1,2,0,6,572,2222,2,TRUE
aɵu,3,хуҫаймӑн,uaɵ,1,2,0,6,572,2222,2,TRUE
aɵu,3,туттамӑш,uaɵ,1,2,0,6,572,2222,2,TRUE
aɵu,3,сутатӑп,uaɵ,1,2,0,6,572,2222,2,TRUE
aɵu,3,курасшӑн,uaɵ,1,2,0,6,572,2222,2,TRUE
aɵu,3,туслашнӑ,uaɵ,1,2,0,6,572,2222,2,TRUE
aɵu,3,куҫартӑм,uaɵ,1,2,0,6,572,2222,2,TRUE
aɵu,3,юлмарӑм,uaɵ,1,2,0,6,572,2222,2,TRUE
aɵu,3,туллатнӑ,uaɵ,1,2,0,6,572,2222,2,TRUE
aɵu,3,пулаттӑм,uaɵ,1,2,0,6,572,2222,2,TRUE
aɵu,3,тупасшӑн,uaɵ,1,2,0,6,572,2222,2,TRUE
aɵu,3,сухаҫӑ,uaɵ,1,2,0,6,572,2222,2,TRUE
aɵu,3,ятуллӑ,auɵ,1,2,0,6,572,2222,2,TRUE
aɵu,3,куҫарӑр,uaɵ,1,2,0,6,572,2222,2,TRUE
aɵu,3,утарҫӑ,uaɵ,1,2,0,6,572,2222,2,TRUE
aɵu,3,курланкӑ,uaɵ,1,2,0,6,572,2222,2,TRUE
aɵu,3,чухлатӑн,uaɵ,1,2,0,6,572,2222,2,TRUE
aɵu,3,куравӑн,uaɵ,1,2,0,6,572,2222,2,TRUE
aɵu,3,юлатӑп,uaɵ,1,2,0,6,572,2222,2,TRUE
aɵu,3,уттарӑр,uaɵ,1,2,0,6,572,2222,2,TRUE
aɵu,3,ҫухатӑр,uaɵ,1,2,0,6,572,2222,2,TRUE
aɵu,3,чурачӑк,uaɵ,1,2,0,6,572,2222,2,TRUE
aɵu,3,шуйттанӑн,uaɵ,1,2,0,6,572,2222,2,TRUE
aɵu,3,хутланнӑ,uaɵ,1,2,0,6,572,2222,2,TRUE
aɵu,3,тухаттӑм,uaɵ,1,2,0,6,572,2222,2,TRUE
aɵu,3,хускатӑр,uaɵ,1,2,0,6,572,2222,2,TRUE
aɵu,3,юсаннӑ,uaɵ,1,2,0,6,572,2222,2,TRUE
aɵu,3,пуҫларӑр,uaɵ,1,2,0,6,572,2222,2,TRUE
aɵu,3,сунмастӑп,uaɵ,1,2,0,6,572,2222,2,TRUE
aɵu,3,пулманшӑн,uaɵ,1,2,0,6,572,2222,2,TRUE
aɵu,3,шуратрӑм,uaɵ,1,2,0,6,572,2222,2,TRUE
aɵu,3,юратӑп,uaɵ,1,2,0,6,572,2222,2,TRUE
aɵu,3,шупкалнӑ,uaɵ,1,2,0,6,572,2222,2,TRUE
aɵu,3,чупмарӑм,uaɵ,1,2,0,6,572,2222,2,TRUE
aɵu,3,алюшӑн,auɵ,1,2,0,6,572,2222,2,TRUE
aɵu,3,уҫланкӑн,uaɵ,1,2,0,6,572,2222,2,TRUE
aɵu,3,ҫумланӑ,uaɵ,1,2,0,6,572,2222,2,TRUE
aɵu,3,пуҫлатпӑр,uaɵ,1,2,0,6,572,2222,2,TRUE
aɵu,3,пулмарӑн,uaɵ,1,2,0,6,572,2222,2,TRUE
aɵu,3,тупаймӑн,uaɵ,1,2,0,6,572,2222,2,TRUE
aɵu,3,пуралӑх,uaɵ,1,2,0,6,572,2222,2,TRUE
aɵu,3,пуканӑн,uaɵ,1,2,0,6,572,2222,2,TRUE
aɵu,3,юхасшӑн,uaɵ,1,2,0,6,572,2222,2,TRUE
aɵu,3,юманӑн,uaɵ,1,2,0,6,572,2222,2,TRUE
aɵu,3,пулсассӑн,uaɵ,1,2,0,6,572,2222,2,TRUE
aɵu,3,юсавлӑ,uaɵ,1,2,0,6,572,2222,2,TRUE
aɵu,3,ҫухрашнӑ,uaɵ,1,2,0,6,572,2222,2,TRUE
aɵu,3,сурассӑм,uaɵ,1,2,0,6,572,2222,2,TRUE
aɵu,3,ҫухалтӑр,uaɵ,1,2,0,6,572,2222,2,TRUE
aɵu,3,пулсаттӑм,uaɵ,1,2,0,6,572,2222,2,TRUE
aɵu,3,упратӑн,uaɵ,1,2,0,6,572,2222,2,TRUE
aɵu,3,ҫуралтӑр,uaɵ,1,2,0,6,572,2222,2,TRUE
aɵu,3,аттушӑн,auɵ,1,2,0,6,572,2222,2,TRUE
aɵu,3,хусканнӑ,uaɵ,1,2,0,6,572,2222,2,TRUE
aɵu,3,ваҫҫукӑн,auɵ,1,2,0,6,572,2222,2,TRUE
aɵu,3,тумастӑн,uaɵ,1,2,0,6,572,2222,2,TRUE
aɵu,3,юлмасӑр,uaɵ,1,2,0,6,572,2222,2,TRUE
aɵu,3,сулланӑ,uaɵ,1,2,0,6,572,2222,2,TRUE
aɵu,3,тупатӑр,uaɵ,1,2,0,6,572,2222,2,TRUE
aɵu,3,путатӑн,uaɵ,1,2,0,6,572,2222,2,TRUE
aɵu,3,сулмаклӑн,uaɵ,1,2,0,6,572,2222,2,TRUE
aɵu,3,хунавӑн,uaɵ,1,2,0,6,572,2222,2,TRUE
aɵu,3,чухланӑ,uaɵ,1,2,0,6,572,2222,2,TRUE
aɵu,3,астунӑ,auɵ,1,2,0,6,572,2222,2,TRUE
aɵu,3,юласшӑн,uaɵ,1,2,0,6,572,2222,2,TRUE
aɵu,3,чупатпӑр,uaɵ,1,2,0,6,572,2222,2,TRUE
aɵu,3,шалусӑр,auɵ,1,2,0,6,572,2222,2,TRUE
aɵu,3,куҫасшӑн,uaɵ,1,2,0,6,572,2222,2,TRUE
aɵu,3,ульянӑн,uaɵ,1,2,0,6,572,2222,2,TRUE
aɵu,3,пуранӑть,uaɵ,1,2,0,6,572,2222,2,TRUE
aɵu,3,пулмашкӑн,uaɵ,1,2,0,6,572,2222,2,TRUE
aɵu,3,панкрутлӑх,auɵ,1,2,0,6,572,2222,2,TRUE
aɵu,3,курӑнать,uɵa,72,3,1,6,572,2222,2,TRUE
aɵu,3,шухӑша,uɵa,63,3,1,6,572,2222,2,TRUE
aɵu,3,хушӑра,uɵa,62,3,1,6,572,2222,2,TRUE
aɵu,3,пурӑнма,uɵa,46,3,1,6,572,2222,2,TRUE
aɵu,3,уйрӑмах,uɵa,41,3,1,6,572,2222,2,TRUE
aɵu,3,пурнӑҫа,uɵa,37,3,1,6,572,2222,2,TRUE
aɵu,3,ҫапӑҫу,aɵu,34,3,1,6,572,2222,2,TRUE
aɵu,3,пурӑнать,uɵa,33,3,1,6,572,2222,2,TRUE
aɵu,3,урӑхла,uɵa,23,3,1,6,572,2222,2,TRUE
aɵu,3,пурнӑҫра,uɵa,23,3,1,6,572,2222,2,TRUE
aɵu,3,уйрӑлса,uɵa,20,3,1,6,572,2222,2,TRUE
aɵu,3,тӑрура,ɵua,20,3,1,6,572,2222,2,TRUE
aɵu,3,курӑнса,uɵa,18,3,1,6,572,2222,2,TRUE
aɵu,3,тупӑнать,uɵa,17,3,1,6,572,2222,2,TRUE
aɵu,3,кухньӑра,uɵa,17,3,1,6,572,2222,2,TRUE
aɵu,3,уйӑрса,uɵa,17,3,1,6,572,2222,2,TRUE
aɵu,3,хушӑран,uɵa,15,3,1,6,572,2222,2,TRUE
aɵu,3,хушӑрах,uɵa,15,3,1,6,572,2222,2,TRUE
aɵu,3,курӑнмасть,uɵa,14,3,1,6,572,2222,2,TRUE
aɵu,3,пурӑнса,uɵa,14,3,1,6,572,2222,2,TRUE
aɵu,3,курӑнман,uɵa,12,3,1,6,572,2222,2,TRUE
aɵu,3,тӑруках,ɵua,12,3,1,6,572,2222,2,TRUE
aɵu,3,пулнӑран,uɵa,11,3,1,6,572,2222,2,TRUE
aɵu,3,упӑшка,uɵa,11,3,1,6,572,2222,2,TRUE
aɵu,3,чарӑну,aɵu,11,3,1,6,572,2222,2,TRUE
aɵu,3,ушкӑна,uɵa,10,3,1,6,572,2222,2,TRUE
aɵu,3,пулӑшать,uɵa,8,3,1,6,572,2222,2,TRUE
aɵu,3,усӑнса,uɵa,8,3,1,6,572,2222,2,TRUE
aɵu,3,улшӑнса,uɵa,8,3,1,6,572,2222,2,TRUE
aɵu,3,пурнӑҫпа,uɵa,8,3,1,6,572,2222,2,TRUE
aɵu,3,пухӑнса,uɵa,8,3,1,6,572,2222,2,TRUE
aɵu,3,арӑму,aɵu,8,3,1,6,572,2222,2,TRUE
aɵu,3,уҫӑлма,uɵa,8,3,1,6,572,2222,2,TRUE
aɵu,3,кӑтарту,ɵau,8,3,1,6,572,2222,2,TRUE
aɵu,3,хутшӑнма,uɵa,8,3,1,6,572,2222,2,TRUE
aɵu,3,уҫҫӑнах,uɵa,7,3,1,6,572,2222,2,TRUE
aɵu,3,пурлӑха,uɵa,7,3,1,6,572,2222,2,TRUE
aɵu,3,уҫӑлса,uɵa,7,3,1,6,572,2222,2,TRUE
aɵu,3,ҫутӑлса,uɵa,7,3,1,6,572,2222,2,TRUE
aɵu,3,ҫутӑпа,uɵa,7,3,1,6,572,2222,2,TRUE
aɵu,3,пулӑшас,uɵa,7,3,1,6,572,2222,2,TRUE
aɵu,3,кухньӑна,uɵa,7,3,1,6,572,2222,2,TRUE
aɵu,3,лушкӑна,uɵa,6,3,1,6,572,2222,2,TRUE
aɵu,3,купӑса,uɵa,6,3,1,6,572,2222,2,TRUE
aɵu,3,пулӑшма,uɵa,6,3,1,6,572,2222,2,TRUE
aɵu,3,уйрӑма,uɵa,6,3,1,6,572,2222,2,TRUE
aɵu,3,улӑма,uɵa,5,3,1,6,572,2222,2,TRUE
aɵu,3,туйӑмпа,uɵa,5,3,1,6,572,2222,2,TRUE
aɵu,3,курӑр-ха,uɵa,5,3,1,6,572,2222,2,TRUE
aɵu,3,юртӑпа,uɵa,5,3,1,6,572,2222,2,TRUE
aɵu,3,ҫулӑма,uɵa,5,3,1,6,572,2222,2,TRUE
aɵu,3,ушкӑнра,uɵa,5,3,1,6,572,2222,2,TRUE
aɵu,3,пурӑнсан,uɵa,5,3,1,6,572,2222,2,TRUE
aɵu,3,ҫурӑма,uɵa,5,3,1,6,572,2222,2,TRUE
aɵu,3,сарӑту,aɵu,5,3,1,6,572,2222,2,TRUE
aɵu,3,курӑка,uɵa,5,3,1,6,572,2222,2,TRUE
aɵu,3,ушкӑнпа,uɵa,5,3,1,6,572,2222,2,TRUE
aɵu,3,тупӑнман,uɵa,5,3,1,6,572,2222,2,TRUE
aɵu,3,ҫутӑрах,uɵa,5,3,1,6,572,2222,2,TRUE
aɵu,3,ҫулӑмра,uɵa,5,3,1,6,572,2222,2,TRUE
aɵu,3,курӑкпа,uɵa,4,3,1,6,572,2222,2,TRUE
aɵu,3,пурӑнман,uɵa,4,3,1,6,572,2222,2,TRUE
aɵu,3,уҫӑрах,uɵa,4,3,1,6,572,2222,2,TRUE
aɵu,3,кунлӑха,uɵa,4,3,1,6,572,2222,2,TRUE
aɵu,3,туйӑнать,uɵa,4,3,1,6,572,2222,2,TRUE
aɵu,3,ҫурӑра,uɵa,4,3,1,6,572,2222,2,TRUE
aɵu,3,пурӑна,uɵa,4,3,1,6,572,2222,2,TRUE
aɵu,3,уйрӑлман,uɵa,4,3,1,6,572,2222,2,TRUE
aɵu,3,кухньӑран,uɵa,4,3,1,6,572,2222,2,TRUE
aɵu,3,уйӑхра,uɵa,4,3,1,6,572,2222,2,TRUE
aɵu,3,пульӑна,uɵa,4,3,1,6,572,2222,2,TRUE
aɵu,3,улшӑнман,uɵa,4,3,1,6,572,2222,2,TRUE
aɵu,3,уҫӑлать,uɵa,4,3,1,6,572,2222,2,TRUE
aɵu,3,утӑмрах,uɵa,4,3,1,6,572,2222,2,TRUE
aɵu,3,курӑнма,uɵa,4,3,1,6,572,2222,2,TRUE
aɵu,3,тупӑнсах,uɵa,4,3,1,6,572,2222,2,TRUE
aɵu,3,пуртӑпа,uɵa,4,3,1,6,572,2222,2,TRUE
aɵu,3,хулӑпа,uɵa,4,3,1,6,572,2222,2,TRUE
aɵu,3,пурнӑҫлас,uɵa,4,3,1,6,572,2222,2,TRUE
aɵu,3,хуйхӑрса,uɵa,4,3,1,6,572,2222,2,TRUE
aɵu,3,пурӑнас,uɵa,4,3,1,6,572,2222,2,TRUE
aɵu,3,туртӑнса,uɵa,4,3,1,6,572,2222,2,TRUE
aɵu,3,уҫӑлсан,uɵa,4,3,1,6,572,2222,2,TRUE
aɵu,3,тухтӑра,uɵa,4,3,1,6,572,2222,2,TRUE
aɵu,3,утӑма,uɵa,4,3,1,6,572,2222,2,TRUE
aɵu,3,уйӑрма,uɵa,4,3,1,6,572,2222,2,TRUE
aɵu,3,улшӑнать,uɵa,4,3,1,6,572,2222,2,TRUE
aɵu,3,юхӑнса,uɵa,3,3,1,6,572,2222,2,TRUE
aɵu,3,ҫутӑлас,uɵa,3,3,1,6,572,2222,2,TRUE
aɵu,3,курӑнсах,uɵa,3,3,1,6,572,2222,2,TRUE
aɵu,3,тупӑшать,uɵa,3,3,1,6,572,2222,2,TRUE
aɵu,3,хӑрушла,ɵua,3,3,1,6,572,2222,2,TRUE
aɵu,3,пурнӑҫран,uɵa,3,3,1,6,572,2222,2,TRUE
aɵu,3,утӑмран,uɵa,3,3,1,6,572,2222,2,TRUE
aɵu,3,пушӑпа,uɵa,3,3,1,6,572,2222,2,TRUE
aɵu,3,тулхӑрса,uɵa,3,3,1,6,572,2222,2,TRUE
aɵu,3,туртӑнать,uɵa,3,3,1,6,572,2222,2,TRUE
aɵu,3,ҫурӑлса,uɵa,3,3,1,6,572,2222,2,TRUE
aɵu,3,асӑну,aɵu,3,3,1,6,572,2222,2,TRUE
aɵu,3,пухӑнать,uɵa,3,3,1,6,572,2222,2,TRUE
aɵu,3,ҫутӑлла,uɵa,3,3,1,6,572,2222,2,TRUE
aɵu,3,хушӑва,uɵa,3,3,1,6,572,2222,2,TRUE
aɵu,3,уйӑрать,uɵa,3,3,1,6,572,2222,2,TRUE
aɵu,3,уншӑнах,uɵa,3,3,1,6,572,2222,2,TRUE
aɵu,3,пулӑшар,uɵa,3,3,1,6,572,2222,2,TRUE
aɵu,3,сурӑха,uɵa,3,3,1,6,572,2222,2,TRUE
aɵu,3,хуйхӑрать,uɵa,2,3,1,6,572,2222,2,TRUE
aɵu,3,утӑпа,uɵa,2,3,1,6,572,2222,2,TRUE
aɵu,3,хупӑнса,uɵa,2,3,1,6,572,2222,2,TRUE
aɵu,3,сутлӑхра,uɵa,2,3,1,6,572,2222,2,TRUE
aɵu,3,хурҫӑран,uɵa,2,3,1,6,572,2222,2,TRUE
aɵu,3,пусӑра,uɵa,2,3,1,6,572,2222,2,TRUE
aɵu,3,шухӑшла,uɵa,2,3,1,6,572,2222,2,TRUE
aɵu,3,хурӑна,uɵa,2,3,1,6,572,2222,2,TRUE
aɵu,3,пурсӑра,uɵa,2,3,1,6,572,2222,2,TRUE
aɵu,3,туххӑмра,uɵa,2,3,1,6,572,2222,2,TRUE
aɵu,3,сакӑрвун,aɵu,2,3,1,6,572,2222,2,TRUE
aɵu,3,уйӑхран,uɵa,2,3,1,6,572,2222,2,TRUE
aɵu,3,туйӑнса,uɵa,2,3,1,6,572,2222,2,TRUE
aɵu,3,пӑравус,ɵau,2,3,1,6,572,2222,2,TRUE
aɵu,3,пусӑмрах,uɵa,2,3,1,6,572,2222,2,TRUE
aɵu,3,пӑрахут,ɵau,2,3,1,6,572,2222,2,TRUE
aɵu,3,тарӑху,aɵu,2,3,1,6,572,2222,2,TRUE
aɵu,3,уйӑха,uɵa,2,3,1,6,572,2222,2,TRUE
aɵu,3,унсӑрах,uɵa,2,3,1,6,572,2222,2,TRUE
aɵu,3,ҫухрӑма,uɵa,2,3,1,6,572,2222,2,TRUE
aɵu,3,сулхӑнрах,uɵa,2,3,1,6,572,2222,2,TRUE
aɵu,3,ҫурӑмран,uɵa,2,3,1,6,572,2222,2,TRUE
aɵu,3,юрӑра,uɵa,2,3,1,6,572,2222,2,TRUE
aɵu,3,шурӑрах,uɵa,2,3,1,6,572,2222,2,TRUE
aɵu,3,юрӑпа,uɵa,2,3,1,6,572,2222,2,TRUE
aɵu,3,пуҫӑма,uɵa,2,3,1,6,572,2222,2,TRUE
aɵu,3,ҫухӑрса,uɵa,2,3,1,6,572,2222,2,TRUE
aɵu,3,сулӑнса,uɵa,2,3,1,6,572,2222,2,TRUE
aɵu,3,тупӑка,uɵa,2,3,1,6,572,2222,2,TRUE
aɵu,3,ҫулӑмпа,uɵa,2,3,1,6,572,2222,2,TRUE
aɵu,3,тутӑра,uɵa,2,3,1,6,572,2222,2,TRUE
aɵu,3,уҫӑлсах,uɵa,2,3,1,6,572,2222,2,TRUE
aɵu,3,пурӑнмасть,uɵa,2,3,1,6,572,2222,2,TRUE
aɵu,3,ҫумӑра,uɵa,2,3,1,6,572,2222,2,TRUE
aɵu,3,пурӑнан,uɵa,2,3,1,6,572,2222,2,TRUE
aɵu,3,улӑхра,uɵa,2,3,1,6,572,2222,2,TRUE
aɵu,3,ушкӑнрах,uɵa,2,3,1,6,572,2222,2,TRUE
aɵu,3,уйрӑмпа,uɵa,2,3,1,6,572,2222,2,TRUE
aɵu,3,тӑруран,ɵua,2,3,1,6,572,2222,2,TRUE
aɵu,3,пулӑшмасть,uɵa,2,3,1,6,572,2222,2,TRUE
aɵu,3,ҫумӑрпа,uɵa,2,3,1,6,572,2222,2,TRUE
aɵu,3,тупӑкра,uɵa,2,3,1,6,572,2222,2,TRUE
aɵu,3,тӑнпуҫа,ɵua,1,3,1,6,572,2222,2,TRUE
aɵu,3,хӑлхунтан,ɵua,1,3,1,6,572,2222,2,TRUE
aɵu,3,тупӑша,uɵa,1,3,1,6,572,2222,2,TRUE
aɵu,3,пусӑмра,uɵa,1,3,1,6,572,2222,2,TRUE
aɵu,3,курнӑҫса,uɵa,1,3,1,6,572,2222,2,TRUE
aɵu,3,ушкӑнран,uɵa,1,3,1,6,572,2222,2,TRUE
aɵu,3,ушкӑнта,uɵa,1,3,1,6,572,2222,2,TRUE
aɵu,3,туртӑнсах,uɵa,1,3,1,6,572,2222,2,TRUE
aɵu,3,ҫурӑна,uɵa,1,3,1,6,572,2222,2,TRUE
aɵu,3,ҫуллӑха,uɵa,1,3,1,6,572,2222,2,TRUE
aɵu,3,ҫурӑка,uɵa,1,3,1,6,572,2222,2,TRUE
aɵu,3,ҫуртӑмра,uɵa,1,3,1,6,572,2222,2,TRUE
aɵu,3,туххӑмах,uɵa,1,3,1,6,572,2222,2,TRUE
aɵu,3,хуйхӑрас,uɵa,1,3,1,6,572,2222,2,TRUE
aɵu,3,шуршӑлта,uɵa,1,3,1,6,572,2222,2,TRUE
aɵu,3,лутӑркать,uɵa,1,3,1,6,572,2222,2,TRUE
aɵu,3,тупӑнма,uɵa,1,3,1,6,572,2222,2,TRUE
aɵu,3,шухӑшлать,uɵa,1,3,1,6,572,2222,2,TRUE
aɵu,3,кулӑпа,uɵa,1,3,1,6,572,2222,2,TRUE
aɵu,3,сулӑнма,uɵa,1,3,1,6,572,2222,2,TRUE
aɵu,3,улӑхран,uɵa,1,3,1,6,572,2222,2,TRUE
aɵu,3,турӑран,uɵa,1,3,1,6,572,2222,2,TRUE
aɵu,3,пурӑнар,uɵa,1,3,1,6,572,2222,2,TRUE
aɵu,3,тулӑпа,uɵa,1,3,1,6,572,2222,2,TRUE
aɵu,3,хуштӑрах,uɵa,1,3,1,6,572,2222,2,TRUE
aɵu,3,уҫлӑха,uɵa,1,3,1,6,572,2222,2,TRUE
aɵu,3,ҫутӑлать,uɵa,1,3,1,6,572,2222,2,TRUE
aɵu,3,хутшӑнать,uɵa,1,3,1,6,572,2222,2,TRUE
aɵu,3,курӑма,uɵa,1,3,1,6,572,2222,2,TRUE
aɵu,3,ӑнлану,ɵau,1,3,1,6,572,2222,2,TRUE
aɵu,3,пухӑва,uɵa,1,3,1,6,572,2222,2,TRUE
aɵu,3,ухӑнса,uɵa,1,3,1,6,572,2222,2,TRUE
aɵu,3,ҫутӑллах,uɵa,1,3,1,6,572,2222,2,TRUE
aɵu,3,тухнӑран,uɵa,1,3,1,6,572,2222,2,TRUE
aɵu,3,ҫухӑрать,uɵa,1,3,1,6,572,2222,2,TRUE
aɵu,3,тухӑҫран,uɵa,1,3,1,6,572,2222,2,TRUE
aɵu,3,кукӑрта,uɵa,1,3,1,6,572,2222,2,TRUE
aɵu,3,ҫунӑка,uɵa,1,3,1,6,572,2222,2,TRUE
aɵu,3,шухӑшах,uɵa,1,3,1,6,572,2222,2,TRUE
aɵu,3,ҫунӑран,uɵa,1,3,1,6,572,2222,2,TRUE
aɵu,3,павӑлу,aɵu,1,3,1,6,572,2222,2,TRUE
aɵu,3,турӑхпа,uɵa,1,3,1,6,572,2222,2,TRUE
aɵu,3,шурлӑха,uɵa,1,3,1,6,572,2222,2,TRUE
aɵu,3,ҫурӑлать,uɵa,1,3,1,6,572,2222,2,TRUE
aɵu,3,улӑхма,uɵa,1,3,1,6,572,2222,2,TRUE
aɵu,3,утӑмах,uɵa,1,3,1,6,572,2222,2,TRUE
aɵu,3,пусӑма,uɵa,1,3,1,6,572,2222,2,TRUE
aɵu,3,пуҫӑмран,uɵa,1,3,1,6,572,2222,2,TRUE
aɵu,3,пулӑва,uɵa,1,3,1,6,572,2222,2,TRUE
aɵu,3,пулӑшам,uɵa,1,3,1,6,572,2222,2,TRUE
aɵu,3,кушӑхса,uɵa,1,3,1,6,572,2222,2,TRUE
aɵu,3,хурӑнкас,uɵa,1,3,1,6,572,2222,2,TRUE
aɵu,3,сурӑхла,uɵa,1,3,1,6,572,2222,2,TRUE
aɵu,3,юлӑр-ха,uɵa,1,3,1,6,572,2222,2,TRUE
aɵu,3,пухӑнас,uɵa,1,3,1,6,572,2222,2,TRUE
aɵu,3,шухӑшпа,uɵa,1,3,1,6,572,2222,2,TRUE
aɵu,3,турӑпа,uɵa,1,3,1,6,572,2222,2,TRUE
aɵu,3,айтӑрух,aɵu,1,3,1,6,572,2222,2,TRUE
aɵu,3,сӑмахху,ɵau,1,3,1,6,572,2222,2,TRUE
aɵu,3,туртӑнас,uɵa,1,3,1,6,572,2222,2,TRUE
aɵu,3,шултӑра,uɵa,1,3,1,6,572,2222,2,TRUE
aɵu,3,ютшӑнса,uɵa,1,3,1,6,572,2222,2,TRUE
aɵu,3,умӑмран,uɵa,1,3,1,6,572,2222,2,TRUE
aɵu,3,суммӑран,uɵa,1,3,1,6,572,2222,2,TRUE
aɵu,3,тунсӑхлать,uɵa,1,3,1,6,572,2222,2,TRUE
aɵu,3,уйӑрмасть,uɵa,1,3,1,6,572,2222,2,TRUE
aɵu,3,пулнӑпа,uɵa,1,3,1,6,572,2222,2,TRUE
aɵu,3,тунсӑхла,uɵa,1,3,1,6,572,2222,2,TRUE
aɵu,3,куҫӑмпа,uɵa,1,3,1,6,572,2222,2,TRUE
aɵu,3,путӑка,uɵa,1,3,1,6,572,2222,2,TRUE
aɵu,3,куҫӑра,uɵa,1,3,1,6,572,2222,2,TRUE
aɵu,3,кулӑшла,uɵa,1,3,1,6,572,2222,2,TRUE
aɵu,3,сулӑнсан,uɵa,1,3,1,6,572,2222,2,TRUE
aɵu,3,сарӑкун,aɵu,1,3,1,6,572,2222,2,TRUE
aɵu,3,хуйӑра,uɵa,1,3,1,6,572,2222,2,TRUE
aɵu,3,ҫутӑла,uɵa,1,3,1,6,572,2222,2,TRUE
aɵu,3,вутӑпа,uɵa,1,3,1,6,572,2222,2,TRUE
aɵu,3,ҫурӑмпа,uɵa,1,3,1,6,572,2222,2,TRUE
aɵu,3,тутӑхать,uɵa,1,3,1,6,572,2222,2,TRUE
aɵu,3,туслӑхра,uɵa,1,3,1,6,572,2222,2,TRUE
aɵu,3,усӑкрах,uɵa,1,3,1,6,572,2222,2,TRUE
aɵu,3,хутшӑнса,uɵa,1,3,1,6,572,2222,2,TRUE
aɵu,3,тупӑшса,uɵa,1,3,1,6,572,2222,2,TRUE
aɵu,3,пӑлхану,ɵau,1,3,1,6,572,2222,2,TRUE
aɵu,3,хулӑнрах,uɵa,1,3,1,6,572,2222,2,TRUE
aɵu,3,пулӑма,uɵa,1,3,1,6,572,2222,2,TRUE
aɵu,3,сутлӑха,uɵa,1,3,1,6,572,2222,2,TRUE
aɵu,3,умӑнта,uɵa,1,3,1,6,572,2222,2,TRUE
aɵu,3,пуҫлӑхпа,uɵa,1,3,1,6,572,2222,2,TRUE
aɵu,3,юрӑҫа,uɵa,1,3,1,6,572,2222,2,TRUE
aɵu,3,тӑн-пуҫпа,ɵua,1,3,1,6,572,2222,2,TRUE
aɵu,3,ӑрупа,ɵua,1,3,1,6,572,2222,2,TRUE
aɵu,3,хурӑнран,uɵa,1,3,1,6,572,2222,2,TRUE
aɵu,3,улӑхать,uɵa,1,3,1,6,572,2222,2,TRUE
aɵu,3,ҫунтӑрах,uɵa,1,3,1,6,572,2222,2,TRUE
aɵu,3,ҫулҫӑпа,uɵa,1,3,1,6,572,2222,2,TRUE
aɵu,3,сумкӑна,uɵa,1,3,1,6,572,2222,2,TRUE
aɵu,3,шутсӑрах,uɵa,1,3,1,6,572,2222,2,TRUE
aɵu,3,курӑна,uɵa,1,3,1,6,572,2222,2,TRUE
aɵu,3,купӑспа,uɵa,1,3,1,6,572,2222,2,TRUE
aɵu,3,курӑкран,uɵa,1,3,1,6,572,2222,2,TRUE
aɵu,3,пуҫӑнтан,uɵa,1,3,1,6,572,2222,2,TRUE
aɵu,3,хурлӑхан,uɵa,1,3,1,6,572,2222,2,TRUE
aɵu,3,ҫурӑкран,uɵa,1,3,1,6,572,2222,2,TRUE
aɵu,3,сулхӑнта,uɵa,1,3,1,6,572,2222,2,TRUE
aɵu,3,кутӑнла,uɵa,1,3,1,6,572,2222,2,TRUE
aɵu,3,тутӑрпа,uɵa,1,3,1,6,572,2222,2,TRUE
aɵu,3,курӑнах,uɵa,1,3,1,6,572,2222,2,TRUE
aɵu,3,утӑмпа,uɵa,1,3,1,6,572,2222,2,TRUE
aɵu,3,курнӑран,uɵa,1,3,1,6,572,2222,2,TRUE
aɵu,3,вуннӑран,uɵa,1,3,1,6,572,2222,2,TRUE
aɵu,3,тупӑран,uɵa,1,3,1,6,572,2222,2,TRUE
aɵu,3,уҫӑмлах,uɵa,1,3,1,6,572,2222,2,TRUE
aɵu,3,урлӑлла,uɵa,1,3,1,6,572,2222,2,TRUE
aɵu,3,утӑмра,uɵa,1,3,1,6,572,2222,2,TRUE
aɵu,3,тулхӑрать,uɵa,1,3,1,6,572,2222,2,TRUE
aɵu,3,юшкӑна,uɵa,1,3,1,6,572,2222,2,TRUE
aɵu,3,тунсӑхлас,uɵa,1,3,1,6,572,2222,2,TRUE
aɵu,3,куҫӑнтан,uɵa,1,3,1,6,572,2222,2,TRUE
aɵu,3,курнӑнах,uɵa,1,3,1,6,572,2222,2,TRUE
aɵu,3,сӑмсуна,ɵua,1,3,1,6,572,2222,2,TRUE
aɵu,3,хӑлхуна,ɵua,1,3,1,6,572,2222,2,TRUE
aɵu,3,турӑр-ха,uɵa,1,3,1,6,572,2222,2,TRUE
aɵu,3,хуҫӑлсан,uɵa,1,3,1,6,572,2222,2,TRUE
aɵu,3,умӑма,uɵa,1,3,1,6,572,2222,2,TRUE
aɵu,3,уртӑнса,uɵa,1,3,1,6,572,2222,2,TRUE
aɵu,3,уҫӑппа,uɵa,1,3,1,6,572,2222,2,TRUE
aɵu,3,пуйӑспа,uɵa,1,3,1,6,572,2222,2,TRUE
aɵu,3,пуҫӑнах,uɵa,1,3,1,6,572,2222,2,TRUE
aɵu,3,улӑха,uɵa,1,3,1,6,572,2222,2,TRUE
aɵu,3,унӑнах,uɵa,1,3,1,6,572,2222,2,TRUE
aɵu,3,хупӑнма,uɵa,1,3,1,6,572,2222,2,TRUE
aɵu,3,хушӑнса,uɵa,1,3,1,6,572,2222,2,TRUE
aɵu,3,уҫӑпа,uɵa,1,3,1,6,572,2222,2,TRUE
aɵu,3,пӑлапуҫ,ɵau,1,3,1,6,572,2222,2,TRUE
aɵu,3,ункӑран,uɵa,1,3,1,6,572,2222,2,TRUE
aɵu,3,хуҫӑлса,uɵa,1,3,1,6,572,2222,2,TRUE
aɵu,3,чухӑнрах,uɵa,1,3,1,6,572,2222,2,TRUE
aɵu,3,ухӑпа,uɵa,1,3,1,6,572,2222,2,TRUE
aɵu,3,хупӑнмасть,uɵa,1,3,1,6,572,2222,2,TRUE
aɵu,3,уйрӑмрах,uɵa,1,3,1,6,572,2222,2,TRUE
aɵu,3,пурӑнах,uɵa,1,3,1,6,572,2222,2,TRUE
aɵu,3,кутӑнлаш,uɵa,1,3,1,6,572,2222,2,TRUE
aɵu,3,уйрӑлас,uɵa,1,3,1,6,572,2222,2,TRUE
aɵu,3,уҫҫӑнрах,uɵa,1,3,1,6,572,2222,2,TRUE
aɵu,3,хупӑнсах,uɵa,1,3,1,6,572,2222,2,TRUE
aɵu,3,хӑюпа,ɵua,1,3,1,6,572,2222,2,TRUE
aɵu,3,уйрӑлма,uɵa,1,3,1,6,572,2222,2,TRUE
aɵu,3,тутлӑран,uɵa,1,3,1,6,572,2222,2,TRUE
aɵu,3,туйӑнта,uɵa,1,3,1,6,572,2222,2,TRUE
aɵu,3,пухӑнар,uɵa,1,3,1,6,572,2222,2,TRUE
aɵu,3,турӑн-ха,uɵa,1,3,1,6,572,2222,2,TRUE
aɵu,3,куҫӑнах,uɵa,1,3,1,6,572,2222,2,TRUE
aɵu,3,хупӑнсан,uɵa,1,3,1,6,572,2222,2,TRUE
aɵu,3,шухӑшлас,uɵa,1,3,1,6,572,2222,2,TRUE
aɵu,3,тавҫӑру,aɵu,1,3,1,6,572,2222,2,TRUE
aɵu,3,уйӑхрах,uɵa,1,3,1,6,572,2222,2,TRUE
aɵu,3,ҫутӑра,uɵa,1,3,1,6,572,2222,2,TRUE
aɵu,3,хутӑшса,uɵa,1,3,1,6,572,2222,2,TRUE
aɵu,3,хупӑнман,uɵa,1,3,1,6,572,2222,2,TRUE
aɵu,3,хуйхӑрмасть,uɵa,1,3,1,6,572,2222,2,TRUE
aɵu,3,шухӑшра,uɵa,1,3,1,6,572,2222,2,TRUE
aɵu,3,ҫухрӑмран,uɵa,1,3,1,6,572,2222,2,TRUE
aɵu,3,варшӑну,aɵu,1,3,1,6,572,2222,2,TRUE
aɵu,3,шӑматкун,ɵau,1,3,1,6,572,2222,2,TRUE
aɵu,3,пуҫлӑха,uɵa,1,3,1,6,572,2222,2,TRUE
aɵu,3,курткӑпа,uɵa,1,3,1,6,572,2222,2,TRUE
aɵu,3,ҫумӑрта,uɵa,1,3,1,6,572,2222,2,TRUE
øu,2,пулчӗ,uø,174,1,0,2,134,2075,2,TRUE
øu,2,тухрӗ,uø,165,1,0,2,134,2075,2,TRUE
øu,2,пулӗ,uø,160,1,0,2,134,2075,2,TRUE
øu,2,чухлӗ,uø,146,1,0,2,134,2075,2,TRUE
øu,2,хучӗ,uø,108,1,0,2,134,2075,2,TRUE
øu,2,утрӗ,uø,71,1,0,2,134,2075,2,TRUE
øu,2,умӗн,uø,64,1,0,2,134,2075,2,TRUE
øu,2,хушрӗ,uø,62,1,0,2,134,2075,2,TRUE
øu,2,куҫӗ,uø,54,1,0,2,134,2075,2,TRUE
øu,2,турӗ,uø,54,1,0,2,134,2075,2,TRUE
øu,2,тухрӗҫ,uø,52,1,0,2,134,2075,2,TRUE
øu,2,пуҫӗ,uø,47,1,0,2,134,2075,2,TRUE
øu,2,курчӗ,uø,43,1,0,2,134,2075,2,TRUE
øu,2,пулчӗҫ,uø,41,1,0,2,134,2075,2,TRUE
øu,2,ҫурчӗ,uø,31,1,0,2,134,2075,2,TRUE
øu,2,ҫулӗ,uø,31,1,0,2,134,2075,2,TRUE
øu,2,чунӗ,uø,31,1,0,2,134,2075,2,TRUE
øu,2,юлчӗ,uø,30,1,0,2,134,2075,2,TRUE
øu,2,кунӗ,uø,26,1,0,2,134,2075,2,TRUE
øu,2,юрӗ,uø,25,1,0,2,134,2075,2,TRUE
øu,2,утрӗҫ,uø,25,1,0,2,134,2075,2,TRUE
øu,2,уҫрӗ,uø,23,1,0,2,134,2075,2,TRUE
øu,2,турӗҫ,uø,22,1,0,2,134,2075,2,TRUE
øu,2,пурччӗ,uø,21,1,0,2,134,2075,2,TRUE
øu,2,шучӗ,uø,20,1,0,2,134,2075,2,TRUE
øu,2,ҫурҫӗр,uø,19,1,0,2,134,2075,2,TRUE
øu,2,пусрӗ,uø,18,1,0,2,134,2075,2,TRUE
øu,2,ҫукчӗ,uø,17,1,0,2,134,2075,2,TRUE
øu,2,ҫумӗ,uø,16,1,0,2,134,2075,2,TRUE
øu,2,пулмӗ,uø,15,1,0,2,134,2075,2,TRUE
øu,2,туйрӗ,uø,14,1,0,2,134,2075,2,TRUE
øu,2,чупрӗ,uø,14,1,0,2,134,2075,2,TRUE
øu,2,пулӗҫ,uø,14,1,0,2,134,2075,2,TRUE
øu,2,пурӗ,uø,14,1,0,2,134,2075,2,TRUE
øu,2,хупрӗ,uø,12,1,0,2,134,2075,2,TRUE
øu,2,хучӗҫ,uø,12,1,0,2,134,2075,2,TRUE
øu,2,курчӗҫ,uø,12,1,0,2,134,2075,2,TRUE
øu,2,шкулӗ,uø,11,1,0,2,134,2075,2,TRUE
øu,2,тупрӗ,uø,10,1,0,2,134,2075,2,TRUE
øu,2,кулчӗ,uø,10,1,0,2,134,2075,2,TRUE
øu,2,юлчӗҫ,uø,10,1,0,2,134,2075,2,TRUE
øu,2,тумӗ,uø,9,1,0,2,134,2075,2,TRUE
øu,2,юхрӗ,uø,9,1,0,2,134,2075,2,TRUE
øu,2,ҫул-йӗр,uø,8,1,0,2,134,2075,2,TRUE
øu,2,сулчӗ,uø,8,1,0,2,134,2075,2,TRUE
øu,2,тухӗ,uø,8,1,0,2,134,2075,2,TRUE
øu,2,туртрӗ,uø,8,1,0,2,134,2075,2,TRUE
øu,2,курсӗ,uø,8,1,0,2,134,2075,2,TRUE
øu,2,юсӗҫ,uø,8,1,0,2,134,2075,2,TRUE
øu,2,чупрӗҫ,uø,7,1,0,2,134,2075,2,TRUE
øu,2,юнӗ,uø,7,1,0,2,134,2075,2,TRUE
øu,2,тусӗ,uø,7,1,0,2,134,2075,2,TRUE
øu,2,путрӗ,uø,7,1,0,2,134,2075,2,TRUE
øu,2,тухӗҫ,uø,7,1,0,2,134,2075,2,TRUE
øu,2,сунчӗ,uø,6,1,0,2,134,2075,2,TRUE
øu,2,тупрӗҫ,uø,6,1,0,2,134,2075,2,TRUE
øu,2,путсӗр,uø,5,1,0,2,134,2075,2,TRUE
øu,2,усрӗ,uø,5,1,0,2,134,2075,2,TRUE
øu,2,хушрӗҫ,uø,5,1,0,2,134,2075,2,TRUE
øu,2,туйӗ,uø,5,1,0,2,134,2075,2,TRUE
øu,2,уҫрӗҫ,uø,5,1,0,2,134,2075,2,TRUE
øu,2,ҫурчӗн,uø,4,1,0,2,134,2075,2,TRUE
øu,2,куҫрӗ,uø,4,1,0,2,134,2075,2,TRUE
øu,2,учӗ,uø,4,1,0,2,134,2075,2,TRUE
øu,2,ҫумӗн,uø,4,1,0,2,134,2075,2,TRUE
øu,2,ҫутӗҫ,uø,4,1,0,2,134,2075,2,TRUE
øu,2,ҫунчӗ,uø,4,1,0,2,134,2075,2,TRUE
øu,2,пурпӗр,uø,4,1,0,2,134,2075,2,TRUE
øu,2,курӗ,uø,3,1,0,2,134,2075,2,TRUE
øu,2,тулчӗҫ,uø,3,1,0,2,134,2075,2,TRUE
øu,2,усрӗҫ,uø,3,1,0,2,134,2075,2,TRUE
øu,2,вучӗ,uø,3,1,0,2,134,2075,2,TRUE
øu,2,пухрӗ,uø,3,1,0,2,134,2075,2,TRUE
øu,2,курӗҫ,uø,3,1,0,2,134,2075,2,TRUE
øu,2,хуҫрӗ,uø,3,1,0,2,134,2075,2,TRUE
øu,2,сурчӗ,uø,3,1,0,2,134,2075,2,TRUE
øu,2,хупрӗҫ,uø,3,1,0,2,134,2075,2,TRUE
øu,2,юлӗ,uø,3,1,0,2,134,2075,2,TRUE
øu,2,пуҫлӗ,uø,3,1,0,2,134,2075,2,TRUE
øu,2,уҫӗҫ,uø,3,1,0,2,134,2075,2,TRUE
øu,2,тупӗ,uø,3,1,0,2,134,2075,2,TRUE
øu,2,шкулӗн,uø,3,1,0,2,134,2075,2,TRUE
øu,2,ҫунӗ,uø,3,1,0,2,134,2075,2,TRUE
øu,2,ртутьлӗ,uø,3,1,0,2,134,2075,2,TRUE
øu,2,тулчӗ,uø,2,1,0,2,134,2075,2,TRUE
øu,2,пухрӗҫ,uø,2,1,0,2,134,2075,2,TRUE
øu,2,ҫупрӗҫ,uø,2,1,0,2,134,2075,2,TRUE
øu,2,ҫупрӗ,uø,2,1,0,2,134,2075,2,TRUE
øu,2,пункчӗ,uø,2,1,0,2,134,2075,2,TRUE
øu,2,хурӗ,uø,2,1,0,2,134,2075,2,TRUE
øu,2,ҫутрӗ,uø,2,1,0,2,134,2075,2,TRUE
øu,2,ҫурӗ,uø,2,1,0,2,134,2075,2,TRUE
øu,2,ҫурӗҫ,uø,2,1,0,2,134,2075,2,TRUE
øu,2,юлмӗ,uø,2,1,0,2,134,2075,2,TRUE
øu,2,пункчӗн,uø,2,1,0,2,134,2075,2,TRUE
øu,2,хурҫҫӗ,uø,2,1,0,2,134,2075,2,TRUE
øu,2,вунпӗр,uø,1,1,0,2,134,2075,2,TRUE
øu,2,тулӗҫ,uø,1,1,0,2,134,2075,2,TRUE
øu,2,ҫунчӗҫ,uø,1,1,0,2,134,2075,2,TRUE
øu,2,сучӗ,uø,1,1,0,2,134,2075,2,TRUE
øu,2,сунчӗҫ,uø,1,1,0,2,134,2075,2,TRUE
øu,2,кулчӗҫ,uø,1,1,0,2,134,2075,2,TRUE
øu,2,тухмӗ,uø,1,1,0,2,134,2075,2,TRUE
øu,2,кулӗҫ,uø,1,1,0,2,134,2075,2,TRUE
øu,2,куҫрӗҫ,uø,1,1,0,2,134,2075,2,TRUE
øu,2,шутлӗҫ,uø,1,1,0,2,134,2075,2,TRUE
øu,2,юплӗ,uø,1,1,0,2,134,2075,2,TRUE
øu,2,шурӗ,uø,1,1,0,2,134,2075,2,TRUE
øu,2,хулӗ,uø,1,1,0,2,134,2075,2,TRUE
øu,2,уйӗ,uø,1,1,0,2,134,2075,2,TRUE
øu,2,пур-мӗн,uø,1,1,0,2,134,2075,2,TRUE
øu,2,шутлӗ,uø,1,1,0,2,134,2075,2,TRUE
øu,2,пусрӗҫ,uø,1,1,0,2,134,2075,2,TRUE
øu,2,чухлӗн,uø,1,1,0,2,134,2075,2,TRUE
øu,2,хумӗ,uø,1,1,0,2,134,2075,2,TRUE
øu,2,пуҫлӗҫ,uø,1,1,0,2,134,2075,2,TRUE
øu,2,хурчӗн,uø,1,1,0,2,134,2075,2,TRUE
øu,2,шурӗҫ,uø,1,1,0,2,134,2075,2,TRUE
øu,2,ҫуллӗ,uø,1,1,0,2,134,2075,2,TRUE
øu,2,тунчӗ,uø,1,1,0,2,134,2075,2,TRUE
øu,2,тупӗҫ,uø,1,1,0,2,134,2075,2,TRUE
øu,2,сурӗ,uø,1,1,0,2,134,2075,2,TRUE
øu,2,ҫулӗн,uø,1,1,0,2,134,2075,2,TRUE
øu,2,кучӗ,uø,1,1,0,2,134,2075,2,TRUE
øu,2,укрӗ,uø,1,1,0,2,134,2075,2,TRUE
øu,2,путлӗн,uø,1,1,0,2,134,2075,2,TRUE
øu,2,тумӗн,uø,1,1,0,2,134,2075,2,TRUE
øu,2,путлӗ,uø,1,1,0,2,134,2075,2,TRUE
øu,2,сутмӗҫ,uø,1,1,0,2,134,2075,2,TRUE
øu,2,мӗнпур,øu,51,2,1,2,134,2075,2,TRUE
øu,2,чӗрчун,øu,4,2,1,2,134,2075,2,TRUE
øu,2,пӗркун,øu,3,2,1,2,134,2075,2,TRUE
øu,2,сӗт-ҫу,øu,1,2,1,2,134,2075,2,TRUE
øu,2,кӗлту,øu,1,2,1,2,134,2075,2,TRUE
aɵɵ,3,палӑртнӑ,aɵɵ,134,1,0,3,450,1887,3,TRUE
aɵɵ,3,таврӑннӑ,aɵɵ,67,1,0,3,450,1887,3,TRUE
aɵɵ,3,асӑннӑ,aɵɵ,20,1,0,3,450,1887,3,TRUE
aɵɵ,3,чарӑннӑ,aɵɵ,17,1,0,3,450,1887,3,TRUE
aɵɵ,3,савӑннӑ,aɵɵ,16,1,0,3,450,1887,3,TRUE
aɵɵ,3,хамӑрӑн,aɵɵ,15,1,0,3,450,1887,3,TRUE
aɵɵ,3,савӑнӑҫ,aɵɵ,14,1,0,3,450,1887,3,TRUE
aɵɵ,3,палӑрнӑ,aɵɵ,14,1,0,3,450,1887,3,TRUE
aɵɵ,3,ҫавӑншӑн,aɵɵ,12,1,0,3,450,1887,3,TRUE
aɵɵ,3,калӑпӑр,aɵɵ,12,1,0,3,450,1887,3,TRUE
aɵɵ,3,ҫаврӑннӑ,aɵɵ,12,1,0,3,450,1887,3,TRUE
aɵɵ,3,кайрӑмӑр,aɵɵ,10,1,0,3,450,1887,3,TRUE
aɵɵ,3,ятӑмӑр,aɵɵ,9,1,0,3,450,1887,3,TRUE
aɵɵ,3,сарӑлнӑ,aɵɵ,9,1,0,3,450,1887,3,TRUE
aɵɵ,3,татӑлнӑ,aɵɵ,9,1,0,3,450,1887,3,TRUE
aɵɵ,3,халӑхӑн,aɵɵ,9,1,0,3,450,1887,3,TRUE
aɵɵ,3,ҫакӑншӑн,aɵɵ,8,1,0,3,450,1887,3,TRUE
aɵɵ,3,лайӑххӑн,aɵɵ,7,1,0,3,450,1887,3,TRUE
aɵɵ,3,тайӑлнӑ,aɵɵ,7,1,0,3,450,1887,3,TRUE
aɵɵ,3,талпӑннӑ,aɵɵ,7,1,0,3,450,1887,3,TRUE
aɵɵ,3,татӑклӑн,aɵɵ,5,1,0,3,450,1887,3,TRUE
aɵɵ,3,панӑшӑн,aɵɵ,5,1,0,3,450,1887,3,TRUE
aɵɵ,3,манмӑпӑр,aɵɵ,5,1,0,3,450,1887,3,TRUE
aɵɵ,3,ярӑннӑ,aɵɵ,5,1,0,3,450,1887,3,TRUE
aɵɵ,3,паттӑрлӑх,aɵɵ,5,1,0,3,450,1887,3,TRUE
aɵɵ,3,массӑллӑ,aɵɵ,4,1,0,3,450,1887,3,TRUE
aɵɵ,3,шанчӑклӑ,aɵɵ,4,1,0,3,450,1887,3,TRUE
aɵɵ,3,алӑллӑ,aɵɵ,4,1,0,3,450,1887,3,TRUE
aɵɵ,3,ҫамрӑклӑх,aɵɵ,4,1,0,3,450,1887,3,TRUE
aɵɵ,3,таврӑнтӑн,aɵɵ,4,1,0,3,450,1887,3,TRUE
aɵɵ,3,айӑплӑ,aɵɵ,4,1,0,3,450,1887,3,TRUE
aɵɵ,3,астӑвӑр,aɵɵ,4,1,0,3,450,1887,3,TRUE
aɵɵ,3,ярмӑрккӑ,aɵɵ,4,1,0,3,450,1887,3,TRUE
aɵɵ,3,патӑмӑр,aɵɵ,3,1,0,3,450,1887,3,TRUE
aɵɵ,3,таврӑнтӑм,aɵɵ,3,1,0,3,450,1887,3,TRUE
aɵɵ,3,шанчӑксӑр,aɵɵ,3,1,0,3,450,1887,3,TRUE
aɵɵ,3,парӑттӑм,aɵɵ,3,1,0,3,450,1887,3,TRUE
aɵɵ,3,лартӑмӑр,aɵɵ,3,1,0,3,450,1887,3,TRUE
aɵɵ,3,сасӑсӑр,aɵɵ,3,1,0,3,450,1887,3,TRUE
aɵɵ,3,карӑннӑ,aɵɵ,3,1,0,3,450,1887,3,TRUE
aɵɵ,3,парӑпӑр,aɵɵ,3,1,0,3,450,1887,3,TRUE
aɵɵ,3,канӑҫсӑр,aɵɵ,3,1,0,3,450,1887,3,TRUE
aɵɵ,3,талӑклӑх,aɵɵ,3,1,0,3,450,1887,3,TRUE
aɵɵ,3,манӑҫнӑ,aɵɵ,3,1,0,3,450,1887,3,TRUE
aɵɵ,3,ҫапӑннӑ,aɵɵ,2,1,0,3,450,1887,3,TRUE
aɵɵ,3,тарӑхнӑ,aɵɵ,2,1,0,3,450,1887,3,TRUE
aɵɵ,3,тарӑнӑш,aɵɵ,2,1,0,3,450,1887,3,TRUE
aɵɵ,3,чалӑшшӑн,aɵɵ,2,1,0,3,450,1887,3,TRUE
aɵɵ,3,чарӑнтӑн,aɵɵ,2,1,0,3,450,1887,3,TRUE
aɵɵ,3,явӑпӑр,aɵɵ,2,1,0,3,450,1887,3,TRUE
aɵɵ,3,чарӑнӑр,aɵɵ,2,1,0,3,450,1887,3,TRUE
aɵɵ,3,харӑссӑн,aɵɵ,2,1,0,3,450,1887,3,TRUE
aɵɵ,3,ҫанӑллӑ,aɵɵ,2,1,0,3,450,1887,3,TRUE
aɵɵ,3,ларӑпӑр,aɵɵ,2,1,0,3,450,1887,3,TRUE
aɵɵ,3,тавӑрнӑ,aɵɵ,2,1,0,3,450,1887,3,TRUE
aɵɵ,3,ярӑпӑр,aɵɵ,2,1,0,3,450,1887,3,TRUE
aɵɵ,3,парӑннӑ,aɵɵ,2,1,0,3,450,1887,3,TRUE
aɵɵ,3,лапчӑннӑ,aɵɵ,2,1,0,3,450,1887,3,TRUE
aɵɵ,3,халӑхшӑн,aɵɵ,2,1,0,3,450,1887,3,TRUE
aɵɵ,3,ҫапӑҫнӑ,aɵɵ,2,1,0,3,450,1887,3,TRUE
aɵɵ,3,халӑхӑм,aɵɵ,2,1,0,3,450,1887,3,TRUE
aɵɵ,3,макӑрнӑ,aɵɵ,2,1,0,3,450,1887,3,TRUE
aɵɵ,3,сарӑмӑн,aɵɵ,2,1,0,3,450,1887,3,TRUE
aɵɵ,3,ларнӑшӑн,aɵɵ,2,1,0,3,450,1887,3,TRUE
aɵɵ,3,макӑртӑм,aɵɵ,2,1,0,3,450,1887,3,TRUE
aɵɵ,3,наркмӑшлӑ,aɵɵ,2,1,0,3,450,1887,3,TRUE
aɵɵ,3,паттӑррӑн,aɵɵ,2,1,0,3,450,1887,3,TRUE
aɵɵ,3,савнӑҫлӑн,aɵɵ,1,1,0,3,450,1887,3,TRUE
aɵɵ,3,татрӑмӑр,aɵɵ,1,1,0,3,450,1887,3,TRUE
aɵɵ,3,сапӑннӑ,aɵɵ,1,1,0,3,450,1887,3,TRUE
aɵɵ,3,саплӑклӑ,aɵɵ,1,1,0,3,450,1887,3,TRUE
aɵɵ,3,каҫӑртнӑ,aɵɵ,1,1,0,3,450,1887,3,TRUE
aɵɵ,3,мамӑклӑ,aɵɵ,1,1,0,3,450,1887,3,TRUE
aɵɵ,3,таврӑнӑр,aɵɵ,1,1,0,3,450,1887,3,TRUE
aɵɵ,3,касрӑмӑр,aɵɵ,1,1,0,3,450,1887,3,TRUE
aɵɵ,3,ҫапнӑшӑн,aɵɵ,1,1,0,3,450,1887,3,TRUE
aɵɵ,3,кайнӑшӑн,aɵɵ,1,1,0,3,450,1887,3,TRUE
aɵɵ,3,макӑрӑн,aɵɵ,1,1,0,3,450,1887,3,TRUE
aɵɵ,3,авӑтнӑн,aɵɵ,1,1,0,3,450,1887,3,TRUE
aɵɵ,3,чартӑмӑр,aɵɵ,1,1,0,3,450,1887,3,TRUE
aɵɵ,3,канӑҫлӑх,aɵɵ,1,1,0,3,450,1887,3,TRUE
aɵɵ,3,павӑлчӑн,aɵɵ,1,1,0,3,450,1887,3,TRUE
aɵɵ,3,кайӑпӑр,aɵɵ,1,1,0,3,450,1887,3,TRUE
aɵɵ,3,ярӑттӑм,aɵɵ,1,1,0,3,450,1887,3,TRUE
aɵɵ,3,лартӑпӑр,aɵɵ,1,1,0,3,450,1887,3,TRUE
aɵɵ,3,намӑссӑр,aɵɵ,1,1,0,3,450,1887,3,TRUE
aɵɵ,3,савӑклӑх,aɵɵ,1,1,0,3,450,1887,3,TRUE
aɵɵ,3,ҫамрӑкӑн,aɵɵ,1,1,0,3,450,1887,3,TRUE
aɵɵ,3,чарӑннӑн,aɵɵ,1,1,0,3,450,1887,3,TRUE
aɵɵ,3,ватӑлнӑ,aɵɵ,1,1,0,3,450,1887,3,TRUE
aɵɵ,3,тарӑннӑн,aɵɵ,1,1,0,3,450,1887,3,TRUE
aɵɵ,3,канӑпӑр,aɵɵ,1,1,0,3,450,1887,3,TRUE
aɵɵ,3,наркӑмӑш,aɵɵ,1,1,0,3,450,1887,3,TRUE
aɵɵ,3,тарӑнӑн,aɵɵ,1,1,0,3,450,1887,3,TRUE
aɵɵ,3,лапчӑтнӑ,aɵɵ,1,1,0,3,450,1887,3,TRUE
aɵɵ,3,акрӑмӑр,aɵɵ,1,1,0,3,450,1887,3,TRUE
aɵɵ,3,лартнӑшӑн,aɵɵ,1,1,0,3,450,1887,3,TRUE
aɵɵ,3,салтӑннӑ,aɵɵ,1,1,0,3,450,1887,3,TRUE
aɵɵ,3,калӑплӑ,aɵɵ,1,1,0,3,450,1887,3,TRUE
aɵɵ,3,авӑнмӑп,aɵɵ,1,1,0,3,450,1887,3,TRUE
aɵɵ,3,астӑвӑм,aɵɵ,1,1,0,3,450,1887,3,TRUE
aɵɵ,3,тапӑннӑ,aɵɵ,1,1,0,3,450,1887,3,TRUE
aɵɵ,3,явӑҫтӑр,aɵɵ,1,1,0,3,450,1887,3,TRUE
aɵɵ,3,такӑнтӑм,aɵɵ,1,1,0,3,450,1887,3,TRUE
aɵɵ,3,тарӑхӑр,aɵɵ,1,1,0,3,450,1887,3,TRUE
aɵɵ,3,авӑрлӑ,aɵɵ,1,1,0,3,450,1887,3,TRUE
aɵɵ,3,чарӑнтӑр,aɵɵ,1,1,0,3,450,1887,3,TRUE
aɵɵ,3,татӑкӑн,aɵɵ,1,1,0,3,450,1887,3,TRUE
aɵɵ,3,арӑмлӑ,aɵɵ,1,1,0,3,450,1887,3,TRUE
aɵɵ,3,асӑрхӑр,aɵɵ,1,1,0,3,450,1887,3,TRUE
aɵɵ,3,тарӑхрӑм,aɵɵ,1,1,0,3,450,1887,3,TRUE
aɵɵ,3,савӑнтӑм,aɵɵ,1,1,0,3,450,1887,3,TRUE
aɵɵ,3,тавӑртӑр,aɵɵ,1,1,0,3,450,1887,3,TRUE
aɵɵ,3,таврӑннӑн,aɵɵ,1,1,0,3,450,1887,3,TRUE
aɵɵ,3,савӑннӑн,aɵɵ,1,1,0,3,450,1887,3,TRUE
aɵɵ,3,ватӑлӑх,aɵɵ,1,1,0,3,450,1887,3,TRUE
aɵɵ,3,тартӑмӑр,aɵɵ,1,1,0,3,450,1887,3,TRUE
aɵɵ,3,каймӑпӑр,aɵɵ,1,1,0,3,450,1887,3,TRUE
aɵɵ,3,памӑттӑм,aɵɵ,1,1,0,3,450,1887,3,TRUE
aɵɵ,3,таврӑнӑп,aɵɵ,1,1,0,3,450,1887,3,TRUE
aɵɵ,3,каснӑшӑн,aɵɵ,1,1,0,3,450,1887,3,TRUE
aɵɵ,3,авӑнчӑк,aɵɵ,1,1,0,3,450,1887,3,TRUE
aɵɵ,3,ҫаврӑнтӑм,aɵɵ,1,1,0,3,450,1887,3,TRUE
aɵɵ,3,аркӑллӑ,aɵɵ,1,1,0,3,450,1887,3,TRUE
aɵɵ,3,тапӑттӑм,aɵɵ,1,1,0,3,450,1887,3,TRUE
aɵɵ,3,ҫаврӑнӑш,aɵɵ,1,1,0,3,450,1887,3,TRUE
aɵɵ,3,чалӑшнӑ,aɵɵ,1,1,0,3,450,1887,3,TRUE
aɵɵ,3,ямӑпӑр,aɵɵ,1,1,0,3,450,1887,3,TRUE
aɵɵ,3,лартрӑмӑр,aɵɵ,1,1,0,3,450,1887,3,TRUE
aɵɵ,3,савӑккӑн,aɵɵ,1,1,0,3,450,1887,3,TRUE
aɵɵ,3,акӑпӑр,aɵɵ,1,1,0,3,450,1887,3,TRUE
aɵɵ,3,татӑклӑ,aɵɵ,1,1,0,3,450,1887,3,TRUE
aɵɵ,3,сарӑлтӑр,aɵɵ,1,1,0,3,450,1887,3,TRUE
aɵɵ,3,хӑварнӑ,ɵaɵ,47,2,0,3,450,1887,3,TRUE
aɵɵ,3,кӑтартнӑ,ɵaɵ,20,2,0,3,450,1887,3,TRUE
aɵɵ,3,кӑларнӑ,ɵaɵ,18,2,0,3,450,1887,3,TRUE
aɵɵ,3,тӑваттӑ,ɵaɵ,18,2,0,3,450,1887,3,TRUE
aɵɵ,3,ӑнланнӑ,ɵaɵ,17,2,0,3,450,1887,3,TRUE
aɵɵ,3,хӑватлӑ,ɵaɵ,16,2,0,3,450,1887,3,TRUE
aɵɵ,3,тӑванӑм,ɵaɵ,14,2,0,3,450,1887,3,TRUE
aɵɵ,3,ӑсатнӑ,ɵaɵ,12,2,0,3,450,1887,3,TRUE
aɵɵ,3,пӑхатӑп,ɵaɵ,12,2,0,3,450,1887,3,TRUE
aɵɵ,3,пӑхатӑн,ɵaɵ,10,2,0,3,450,1887,3,TRUE
aɵɵ,3,сӑнанӑ,ɵaɵ,10,2,0,3,450,1887,3,TRUE
aɵɵ,3,хӑранӑ,ɵaɵ,10,2,0,3,450,1887,3,TRUE
aɵɵ,3,тӑватӑ,ɵaɵ,10,2,0,3,450,1887,3,TRUE
aɵɵ,3,хӑпартнӑ,ɵaɵ,10,2,0,3,450,1887,3,TRUE
aɵɵ,3,хӑяккӑн,ɵaɵ,9,2,0,3,450,1887,3,TRUE
aɵɵ,3,хӑратӑп,ɵaɵ,7,2,0,3,450,1887,3,TRUE
aɵɵ,3,пӑхмасӑр,ɵaɵ,7,2,0,3,450,1887,3,TRUE
aɵɵ,3,ӑсталӑх,ɵaɵ,6,2,0,3,450,1887,3,TRUE
aɵɵ,3,хӑпарнӑ,ɵaɵ,6,2,0,3,450,1887,3,TRUE
aɵɵ,3,ӑнлантӑм,ɵaɵ,5,2,0,3,450,1887,3,TRUE
aɵɵ,3,шӑтарнӑ,ɵaɵ,5,2,0,3,450,1887,3,TRUE
aɵɵ,3,хӑтланнӑ,ɵaɵ,5,2,0,3,450,1887,3,TRUE
aɵɵ,3,сӑмсаллӑ,ɵaɵ,4,2,0,3,450,1887,3,TRUE
aɵɵ,3,мӑнаҫлӑн,ɵaɵ,4,2,0,3,450,1887,3,TRUE
aɵɵ,3,вӑраннӑ,ɵaɵ,4,2,0,3,450,1887,3,TRUE
aɵɵ,3,хӑрарӑм,ɵaɵ,4,2,0,3,450,1887,3,TRUE
aɵɵ,3,тӑватӑп,ɵaɵ,4,2,0,3,450,1887,3,TRUE
aɵɵ,3,тӑварлӑ,ɵaɵ,4,2,0,3,450,1887,3,TRUE
aɵɵ,3,вӑрланӑ,ɵaɵ,4,2,0,3,450,1887,3,TRUE
aɵɵ,3,пӑчаллӑ,ɵaɵ,4,2,0,3,450,1887,3,TRUE
aɵɵ,3,пӑрахнӑ,ɵaɵ,4,2,0,3,450,1887,3,TRUE
aɵɵ,3,чӑвашлӑх,ɵaɵ,4,2,0,3,450,1887,3,TRUE
aɵɵ,3,пӑхатпӑр,ɵaɵ,3,2,0,3,450,1887,3,TRUE
aɵɵ,3,хӑратӑн,ɵaɵ,3,2,0,3,450,1887,3,TRUE
aɵɵ,3,тӑвасшӑн,ɵaɵ,3,2,0,3,450,1887,3,TRUE
aɵɵ,3,кӑҫатӑ,ɵaɵ,3,2,0,3,450,1887,3,TRUE
aɵɵ,3,лӑпланнӑ,ɵaɵ,3,2,0,3,450,1887,3,TRUE
aɵɵ,3,сӑмахшӑн,ɵaɵ,3,2,0,3,450,1887,3,TRUE
aɵɵ,3,кӑтартӑп,ɵaɵ,3,2,0,3,450,1887,3,TRUE
aɵɵ,3,пӑтранчӑк,ɵaɵ,3,2,0,3,450,1887,3,TRUE
aɵɵ,3,сӑнарӑм,ɵaɵ,3,2,0,3,450,1887,3,TRUE
aɵɵ,3,тӑватпӑр,ɵaɵ,3,2,0,3,450,1887,3,TRUE
aɵɵ,3,хӑтарнӑ,ɵaɵ,3,2,0,3,450,1887,3,TRUE
aɵɵ,3,тӑмасӑр,ɵaɵ,3,2,0,3,450,1887,3,TRUE
aɵɵ,3,тӑратнӑ,ɵaɵ,3,2,0,3,450,1887,3,TRUE
aɵɵ,3,тӑраттӑм,ɵaɵ,3,2,0,3,450,1887,3,TRUE
aɵɵ,3,хӑтлантӑм,ɵaɵ,2,2,0,3,450,1887,3,TRUE
aɵɵ,3,хӑравҫӑ,ɵaɵ,2,2,0,3,450,1887,3,TRUE
aɵɵ,3,кӑтартрӑм,ɵaɵ,2,2,0,3,450,1887,3,TRUE
aɵɵ,3,пӑрланнӑ,ɵaɵ,2,2,0,3,450,1887,3,TRUE
aɵɵ,3,ӑсатрӑм,ɵaɵ,2,2,0,3,450,1887,3,TRUE
aɵɵ,3,хӑваллӑ,ɵaɵ,2,2,0,3,450,1887,3,TRUE
aɵɵ,3,хӑтлантӑн,ɵaɵ,2,2,0,3,450,1887,3,TRUE
aɵɵ,3,вӑтаннӑ,ɵaɵ,2,2,0,3,450,1887,3,TRUE
aɵɵ,3,хӑватлӑн,ɵaɵ,2,2,0,3,450,1887,3,TRUE
aɵɵ,3,ӑмсаннӑ,ɵaɵ,2,2,0,3,450,1887,3,TRUE
aɵɵ,3,тӑсланкӑ,ɵaɵ,2,2,0,3,450,1887,3,TRUE
aɵɵ,3,хӑранӑн,ɵaɵ,2,2,0,3,450,1887,3,TRUE
aɵɵ,3,ӑс-хакӑл,ɵaɵ,2,2,0,3,450,1887,3,TRUE
aɵɵ,3,сӑпайлӑ,ɵaɵ,2,2,0,3,450,1887,3,TRUE
aɵɵ,3,ҫӑматӑ,ɵaɵ,2,2,0,3,450,1887,3,TRUE
aɵɵ,3,вӑраххӑн,ɵaɵ,2,2,0,3,450,1887,3,TRUE
aɵɵ,3,чӑвашӑн,ɵaɵ,2,2,0,3,450,1887,3,TRUE
aɵɵ,3,ӑстаҫӑ,ɵaɵ,2,2,0,3,450,1887,3,TRUE
aɵɵ,3,хӑйматлӑх,ɵaɵ,2,2,0,3,450,1887,3,TRUE
aɵɵ,3,тӑратӑн,ɵaɵ,2,2,0,3,450,1887,3,TRUE
aɵɵ,3,тӑратӑр,ɵaɵ,2,2,0,3,450,1887,3,TRUE
aɵɵ,3,вӑрантӑм,ɵaɵ,2,2,0,3,450,1887,3,TRUE
aɵɵ,3,сӑнланнӑ,ɵaɵ,2,2,0,3,450,1887,3,TRUE
aɵɵ,3,кӑлартӑм,ɵaɵ,2,2,0,3,450,1887,3,TRUE
aɵɵ,3,тӑратпӑр,ɵaɵ,2,2,0,3,450,1887,3,TRUE
aɵɵ,3,тӑхтанӑ,ɵaɵ,2,2,0,3,450,1887,3,TRUE
aɵɵ,3,кӑтарттӑр,ɵaɵ,2,2,0,3,450,1887,3,TRUE
aɵɵ,3,вӑйлатнӑ,ɵaɵ,2,2,0,3,450,1887,3,TRUE
aɵɵ,3,хӑтартӑн,ɵaɵ,1,2,0,3,450,1887,3,TRUE
aɵɵ,3,хӑратӑр,ɵaɵ,1,2,0,3,450,1887,3,TRUE
aɵɵ,3,пӑлхантӑм,ɵaɵ,1,2,0,3,450,1887,3,TRUE
aɵɵ,3,сӑпайлӑн,ɵaɵ,1,2,0,3,450,1887,3,TRUE
aɵɵ,3,чӑрмавлӑ,ɵaɵ,1,2,0,3,450,1887,3,TRUE
aɵɵ,3,вӑйланнӑ,ɵaɵ,1,2,0,3,450,1887,3,TRUE
aɵɵ,3,ӑсланнӑ,ɵaɵ,1,2,0,3,450,1887,3,TRUE
aɵɵ,3,пӑшаллӑ,ɵaɵ,1,2,0,3,450,1887,3,TRUE
aɵɵ,3,хӑпартӑм,ɵaɵ,1,2,0,3,450,1887,3,TRUE
aɵɵ,3,тӑртанчӑк,ɵaɵ,1,2,0,3,450,1887,3,TRUE
aɵɵ,3,шӑтмасӑр,ɵaɵ,1,2,0,3,450,1887,3,TRUE
aɵɵ,3,ҫӑварлӑ,ɵaɵ,1,2,0,3,450,1887,3,TRUE
aɵɵ,3,тӑхлачӑ,ɵaɵ,1,2,0,3,450,1887,3,TRUE
aɵɵ,3,кӑкарнӑ,ɵaɵ,1,2,0,3,450,1887,3,TRUE
aɵɵ,3,сӑмахӑн,ɵaɵ,1,2,0,3,450,1887,3,TRUE
aɵɵ,3,кӑларӑм,ɵaɵ,1,2,0,3,450,1887,3,TRUE
aɵɵ,3,кӑкартӑм,ɵaɵ,1,2,0,3,450,1887,3,TRUE
aɵɵ,3,йӑмраллӑ,ɵaɵ,1,2,0,3,450,1887,3,TRUE
aɵɵ,3,вӑтантӑм,ɵaɵ,1,2,0,3,450,1887,3,TRUE
aɵɵ,3,хӑятӑп,ɵaɵ,1,2,0,3,450,1887,3,TRUE
aɵɵ,3,тӑрлавсӑр,ɵaɵ,1,2,0,3,450,1887,3,TRUE
aɵɵ,3,мӑнаҫлӑ,ɵaɵ,1,2,0,3,450,1887,3,TRUE
aɵɵ,3,тӑваймӑн,ɵaɵ,1,2,0,3,450,1887,3,TRUE
aɵɵ,3,пӑхатӑр,ɵaɵ,1,2,0,3,450,1887,3,TRUE
aɵɵ,3,вӑр-варрӑн,ɵaɵ,1,2,0,3,450,1887,3,TRUE
aɵɵ,3,сӑваплӑ,ɵaɵ,1,2,0,3,450,1887,3,TRUE
aɵɵ,3,лӑсканӑ,ɵaɵ,1,2,0,3,450,1887,3,TRUE
aɵɵ,3,кӑларӑн,ɵaɵ,1,2,0,3,450,1887,3,TRUE
aɵɵ,3,пӑсасшӑн,ɵaɵ,1,2,0,3,450,1887,3,TRUE
aɵɵ,3,ҫӑлавҫӑ,ɵaɵ,1,2,0,3,450,1887,3,TRUE
aɵɵ,3,тӑваршӑн,ɵaɵ,1,2,0,3,450,1887,3,TRUE
aɵɵ,3,лӑплантӑм,ɵaɵ,1,2,0,3,450,1887,3,TRUE
aɵɵ,3,кӑваккӑн,ɵaɵ,1,2,0,3,450,1887,3,TRUE
aɵɵ,3,ӑсаннӑ,ɵaɵ,1,2,0,3,450,1887,3,TRUE
aɵɵ,3,шӑпланнӑ,ɵaɵ,1,2,0,3,450,1887,3,TRUE
aɵɵ,3,хӑлхаллӑ,ɵaɵ,1,2,0,3,450,1887,3,TRUE
aɵɵ,3,тӑшманӑн,ɵaɵ,1,2,0,3,450,1887,3,TRUE
aɵɵ,3,пӑлхавлӑ,ɵaɵ,1,2,0,3,450,1887,3,TRUE
aɵɵ,3,хӑймаллӑ,ɵaɵ,1,2,0,3,450,1887,3,TRUE
aɵɵ,3,йӑпатнӑ,ɵaɵ,1,2,0,3,450,1887,3,TRUE
aɵɵ,3,шӑпланӑр,ɵaɵ,1,2,0,3,450,1887,3,TRUE
aɵɵ,3,вӑтанӑр,ɵaɵ,1,2,0,3,450,1887,3,TRUE
aɵɵ,3,сӑмахӑр,ɵaɵ,1,2,0,3,450,1887,3,TRUE
aɵɵ,3,ӑсатрӑн,ɵaɵ,1,2,0,3,450,1887,3,TRUE
aɵɵ,3,пӑрахӑн,ɵaɵ,1,2,0,3,450,1887,3,TRUE
aɵɵ,3,тӑватӑн,ɵaɵ,1,2,0,3,450,1887,3,TRUE
aɵɵ,3,тӑсмасӑр,ɵaɵ,1,2,0,3,450,1887,3,TRUE
aɵɵ,3,вӑхӑтра,ɵɵa,119,3,1,3,450,1887,3,TRUE
aɵɵ,3,ӑнсӑртран,ɵɵa,39,3,1,3,450,1887,3,TRUE
aɵɵ,3,вӑхӑта,ɵɵa,39,3,1,3,450,1887,3,TRUE
aɵɵ,3,вӑхӑтрах,ɵɵa,26,3,1,3,450,1887,3,TRUE
aɵɵ,3,тӑрӑва,ɵɵa,25,3,1,3,450,1887,3,TRUE
aɵɵ,3,тӑрӑхра,ɵɵa,23,3,1,3,450,1887,3,TRUE
aɵɵ,3,тӑтӑшах,ɵɵa,22,3,1,3,450,1887,3,TRUE
aɵɵ,3,кӑмӑла,ɵɵa,17,3,1,3,450,1887,3,TRUE
aɵɵ,3,тӑсӑлса,ɵɵa,15,3,1,3,450,1887,3,TRUE
aɵɵ,3,вӑрҫӑра,ɵɵa,15,3,1,3,450,1887,3,TRUE
aɵɵ,3,тӑхӑнса,ɵɵa,14,3,1,3,450,1887,3,TRUE
aɵɵ,3,пӑрӑнса,ɵɵa,14,3,1,3,450,1887,3,TRUE
aɵɵ,3,тӑлӑха,ɵɵa,10,3,1,3,450,1887,3,TRUE
aɵɵ,3,ӑшӑтса,ɵɵa,10,3,1,3,450,1887,3,TRUE
aɵɵ,3,тӑсӑлать,ɵɵa,10,3,1,3,450,1887,3,TRUE
aɵɵ,3,кӑлтӑка,ɵɵa,9,3,1,3,450,1887,3,TRUE
aɵɵ,3,ҫӑлӑнса,ɵɵa,8,3,1,3,450,1887,3,TRUE
aɵɵ,3,йӑлӑнса,ɵɵa,8,3,1,3,450,1887,3,TRUE
aɵɵ,3,шӑхӑрса,ɵɵa,8,3,1,3,450,1887,3,TRUE
aɵɵ,3,ҫӑкӑра,ɵɵa,7,3,1,3,450,1887,3,TRUE
aɵɵ,3,ҫӑвӑнса,ɵɵa,7,3,1,3,450,1887,3,TRUE
aɵɵ,3,кӑкӑра,ɵɵa,7,3,1,3,450,1887,3,TRUE
aɵɵ,3,шӑтӑка,ɵɵa,6,3,1,3,450,1887,3,TRUE
aɵɵ,3,тӑрӑшать,ɵɵa,6,3,1,3,450,1887,3,TRUE
aɵɵ,3,ҫӑмӑлрах,ɵɵa,6,3,1,3,450,1887,3,TRUE
aɵɵ,3,хӑтӑлма,ɵɵa,6,3,1,3,450,1887,3,TRUE
aɵɵ,3,вӑйлӑрах,ɵɵa,6,3,1,3,450,1887,3,TRUE
aɵɵ,3,тӑрӑшсах,ɵɵa,6,3,1,3,450,1887,3,TRUE
aɵɵ,3,ӑшӑрах,ɵɵa,6,3,1,3,450,1887,3,TRUE
aɵɵ,3,пӑтӑрмах,ɵɵa,5,3,1,3,450,1887,3,TRUE
aɵɵ,3,вӑрҫӑран,ɵɵa,5,3,1,3,450,1887,3,TRUE
aɵɵ,3,кӑмӑлпа,ɵɵa,5,3,1,3,450,1887,3,TRUE
aɵɵ,3,хӑвӑра,ɵɵa,5,3,1,3,450,1887,3,TRUE
aɵɵ,3,тӑрӑшса,ɵɵa,5,3,1,3,450,1887,3,TRUE
aɵɵ,3,хӑвӑнтан,ɵɵa,5,3,1,3,450,1887,3,TRUE
aɵɵ,3,пӑхӑнма,ɵɵa,5,3,1,3,450,1887,3,TRUE
aɵɵ,3,кӑлӑхах,ɵɵa,5,3,1,3,450,1887,3,TRUE
aɵɵ,3,тӑрӑха,ɵɵa,5,3,1,3,450,1887,3,TRUE
aɵɵ,3,ҫӑлтӑрпа,ɵɵa,5,3,1,3,450,1887,3,TRUE
aɵɵ,3,хӑвӑртах,ɵɵa,5,3,1,3,450,1887,3,TRUE
aɵɵ,3,пӑшӑрхан,ɵɵa,4,3,1,3,450,1887,3,TRUE
aɵɵ,3,хӑнӑхса,ɵɵa,4,3,1,3,450,1887,3,TRUE
aɵɵ,3,йӑкӑнат,ɵɵa,4,3,1,3,450,1887,3,TRUE
aɵɵ,3,сӑрӑпа,ɵɵa,4,3,1,3,450,1887,3,TRUE
aɵɵ,3,хӑнӑхман,ɵɵa,4,3,1,3,450,1887,3,TRUE
aɵɵ,3,пӑхӑнса,ɵɵa,4,3,1,3,450,1887,3,TRUE
aɵɵ,3,ӑшӑнать,ɵɵa,4,3,1,3,450,1887,3,TRUE
aɵɵ,3,йӑлкӑшать,ɵɵa,4,3,1,3,450,1887,3,TRUE
aɵɵ,3,мӑшӑра,ɵɵa,4,3,1,3,450,1887,3,TRUE
aɵɵ,3,кӑн-кӑвак,ɵɵa,4,3,1,3,450,1887,3,TRUE
aɵɵ,3,вӑхӑтпа,ɵɵa,4,3,1,3,450,1887,3,TRUE
aɵɵ,3,вӑрӑран,ɵɵa,4,3,1,3,450,1887,3,TRUE
aɵɵ,3,ӑшӑнас,ɵɵa,4,3,1,3,450,1887,3,TRUE
aɵɵ,3,кӑмӑллать,ɵɵa,3,3,1,3,450,1887,3,TRUE
aɵɵ,3,тӑрӑхла,ɵɵa,3,3,1,3,450,1887,3,TRUE
aɵɵ,3,чӑсӑлса,ɵɵa,3,3,1,3,450,1887,3,TRUE
aɵɵ,3,ҫӑвӑнма,ɵɵa,3,3,1,3,450,1887,3,TRUE
aɵɵ,3,ӑрӑва,ɵɵa,3,3,1,3,450,1887,3,TRUE
aɵɵ,3,ӑслӑрах,ɵɵa,3,3,1,3,450,1887,3,TRUE
aɵɵ,3,пӑчкӑпа,ɵɵa,3,3,1,3,450,1887,3,TRUE
aɵɵ,3,хӑвӑртрах,ɵɵa,3,3,1,3,450,1887,3,TRUE
aɵɵ,3,ӑшӑнма,ɵɵa,3,3,1,3,450,1887,3,TRUE
aɵɵ,3,тӑхӑнма,ɵɵa,3,3,1,3,450,1887,3,TRUE
aɵɵ,3,хӑвӑрах,ɵɵa,3,3,1,3,450,1887,3,TRUE
aɵɵ,3,шӑрӑхра,ɵɵa,3,3,1,3,450,1887,3,TRUE
aɵɵ,3,ӑшӑпа,ɵɵa,3,3,1,3,450,1887,3,TRUE
aɵɵ,3,пӑсӑлса,ɵɵa,3,3,1,3,450,1887,3,TRUE
aɵɵ,3,хӑйӑрпа,ɵɵa,3,3,1,3,450,1887,3,TRUE
aɵɵ,3,пӑрӑнман,ɵɵa,3,3,1,3,450,1887,3,TRUE
aɵɵ,3,кӑмӑлтан,ɵɵa,3,3,1,3,450,1887,3,TRUE
aɵɵ,3,кӑкӑрпа,ɵɵa,3,3,1,3,450,1887,3,TRUE
aɵɵ,3,тӑхӑнман,ɵɵa,3,3,1,3,450,1887,3,TRUE
aɵɵ,3,шӑккӑлат,ɵɵa,3,3,1,3,450,1887,3,TRUE
aɵɵ,3,тӑрӑхрах,ɵɵa,3,3,1,3,450,1887,3,TRUE
aɵɵ,3,пӑхӑнсах,ɵɵa,3,3,1,3,450,1887,3,TRUE
aɵɵ,3,мӑшӑрпа,ɵɵa,3,3,1,3,450,1887,3,TRUE
aɵɵ,3,шӑпӑртах,ɵɵa,2,3,1,3,450,1887,3,TRUE
aɵɵ,3,шӑрӑхпа,ɵɵa,2,3,1,3,450,1887,3,TRUE
aɵɵ,3,тӑвӑнса,ɵɵa,2,3,1,3,450,1887,3,TRUE
aɵɵ,3,ӑнтӑлса,ɵɵa,2,3,1,3,450,1887,3,TRUE
aɵɵ,3,йӑнӑшман,ɵɵa,2,3,1,3,450,1887,3,TRUE
aɵɵ,3,тӑкӑнса,ɵɵa,2,3,1,3,450,1887,3,TRUE
aɵɵ,3,шӑнкӑрав,ɵɵa,2,3,1,3,450,1887,3,TRUE
aɵɵ,3,ӑмӑртма,ɵɵa,2,3,1,3,450,1887,3,TRUE
aɵɵ,3,пӑрӑхран,ɵɵa,2,3,1,3,450,1887,3,TRUE
aɵɵ,3,мӑйӑра,ɵɵa,2,3,1,3,450,1887,3,TRUE
aɵɵ,3,тӑвӑлса,ɵɵa,2,3,1,3,450,1887,3,TRUE
aɵɵ,3,хӑнӑхсан,ɵɵa,2,3,1,3,450,1887,3,TRUE
aɵɵ,3,вӑйӑра,ɵɵa,2,3,1,3,450,1887,3,TRUE
aɵɵ,3,ӑйӑра,ɵɵa,2,3,1,3,450,1887,3,TRUE
aɵɵ,3,хӑвӑнпа,ɵɵa,2,3,1,3,450,1887,3,TRUE
aɵɵ,3,вӑйӑран,ɵɵa,2,3,1,3,450,1887,3,TRUE
aɵɵ,3,хӑтӑлсан,ɵɵa,2,3,1,3,450,1887,3,TRUE
aɵɵ,3,хӑнӑхас,ɵɵa,2,3,1,3,450,1887,3,TRUE
aɵɵ,3,хӑнӑхма,ɵɵa,2,3,1,3,450,1887,3,TRUE
aɵɵ,3,тӑнӑран,ɵɵa,2,3,1,3,450,1887,3,TRUE
aɵɵ,3,тӑкӑнать,ɵɵa,2,3,1,3,450,1887,3,TRUE
aɵɵ,3,шӑплӑха,ɵɵa,2,3,1,3,450,1887,3,TRUE
aɵɵ,3,пӑрӑва,ɵɵa,2,3,1,3,450,1887,3,TRUE
aɵɵ,3,ҫӑкӑрпа,ɵɵa,2,3,1,3,450,1887,3,TRUE
aɵɵ,3,хӑрӑмпа,ɵɵa,2,3,1,3,450,1887,3,TRUE
aɵɵ,3,ҫӑрӑлать,ɵɵa,2,3,1,3,450,1887,3,TRUE
aɵɵ,3,тӑрӑхран,ɵɵa,2,3,1,3,450,1887,3,TRUE
aɵɵ,3,шӑмӑна,ɵɵa,2,3,1,3,450,1887,3,TRUE
aɵɵ,3,вӑтӑра,ɵɵa,1,3,1,3,450,1887,3,TRUE
aɵɵ,3,хӑвӑла,ɵɵa,1,3,1,3,450,1887,3,TRUE
aɵɵ,3,пӑхӑнман,ɵɵa,1,3,1,3,450,1887,3,TRUE
aɵɵ,3,шӑтӑкран,ɵɵa,1,3,1,3,450,1887,3,TRUE
aɵɵ,3,сӑрхӑнса,ɵɵa,1,3,1,3,450,1887,3,TRUE
aɵɵ,3,йӑлӑнать,ɵɵa,1,3,1,3,450,1887,3,TRUE
aɵɵ,3,ӑнтӑлма,ɵɵa,1,3,1,3,450,1887,3,TRUE
aɵɵ,3,нӑйкӑшать,ɵɵa,1,3,1,3,450,1887,3,TRUE
aɵɵ,3,хӑнӑха,ɵɵa,1,3,1,3,450,1887,3,TRUE
aɵɵ,3,ӑшӑнар,ɵɵa,1,3,1,3,450,1887,3,TRUE
aɵɵ,3,йӑнӑшах,ɵɵa,1,3,1,3,450,1887,3,TRUE
aɵɵ,3,пӑрӑн-ха,ɵɵa,1,3,1,3,450,1887,3,TRUE
aɵɵ,3,пӑвӑнса,ɵɵa,1,3,1,3,450,1887,3,TRUE
aɵɵ,3,кӑтӑклать,ɵɵa,1,3,1,3,450,1887,3,TRUE
aɵɵ,3,тӑхӑнсан,ɵɵa,1,3,1,3,450,1887,3,TRUE
aɵɵ,3,кӑпӑка,ɵɵa,1,3,1,3,450,1887,3,TRUE
aɵɵ,3,йӑмӑка,ɵɵa,1,3,1,3,450,1887,3,TRUE
aɵɵ,3,тӑрӑшсан,ɵɵa,1,3,1,3,450,1887,3,TRUE
aɵɵ,3,тӑрӑшас,ɵɵa,1,3,1,3,450,1887,3,TRUE
aɵɵ,3,вӑйлӑнрах,ɵɵa,1,3,1,3,450,1887,3,TRUE
aɵɵ,3,кӑнтӑрла,ɵɵa,1,3,1,3,450,1887,3,TRUE
aɵɵ,3,йӑпшӑнса,ɵɵa,1,3,1,3,450,1887,3,TRUE
aɵɵ,3,шӑннӑран,ɵɵa,1,3,1,3,450,1887,3,TRUE
aɵɵ,3,шӑхӑрма,ɵɵa,1,3,1,3,450,1887,3,TRUE
aɵɵ,3,чӑрсӑрла,ɵɵa,1,3,1,3,450,1887,3,TRUE
aɵɵ,3,тӑхтӑр-ха,ɵɵa,1,3,1,3,450,1887,3,TRUE
aɵɵ,3,йӑтӑнса,ɵɵa,1,3,1,3,450,1887,3,TRUE
aɵɵ,3,сӑтӑрса,ɵɵa,1,3,1,3,450,1887,3,TRUE
aɵɵ,3,шӑвӑнса,ɵɵa,1,3,1,3,450,1887,3,TRUE
aɵɵ,3,шӑтӑкпа,ɵɵa,1,3,1,3,450,1887,3,TRUE
aɵɵ,3,лӑпчӑнса,ɵɵa,1,3,1,3,450,1887,3,TRUE
aɵɵ,3,ӑшӑлла,ɵɵa,1,3,1,3,450,1887,3,TRUE
aɵɵ,3,ӑшӑтап,ɵɵa,1,3,1,3,450,1887,3,TRUE
aɵɵ,3,вӑркӑшса,ɵɵa,1,3,1,3,450,1887,3,TRUE
aɵɵ,3,лӑпкӑнрах,ɵɵa,1,3,1,3,450,1887,3,TRUE
aɵɵ,3,чӑнкӑрах,ɵɵa,1,3,1,3,450,1887,3,TRUE
aɵɵ,3,тӑмӑлла,ɵɵa,1,3,1,3,450,1887,3,TRUE
aɵɵ,3,тӑхӑнать,ɵɵa,1,3,1,3,450,1887,3,TRUE
aɵɵ,3,пӑрӑнсан,ɵɵa,1,3,1,3,450,1887,3,TRUE
aɵɵ,3,сӑх-сӑхса,ɵɵa,1,3,1,3,450,1887,3,TRUE
aɵɵ,3,кӑкӑрта,ɵɵa,1,3,1,3,450,1887,3,TRUE
aɵɵ,3,тӑххӑртан,ɵɵa,1,3,1,3,450,1887,3,TRUE
aɵɵ,3,сӑрӑрах,ɵɵa,1,3,1,3,450,1887,3,TRUE
aɵɵ,3,тӑрӑхах,ɵɵa,1,3,1,3,450,1887,3,TRUE
aɵɵ,3,ҫӑвӑнман,ɵɵa,1,3,1,3,450,1887,3,TRUE
aɵɵ,3,вӑрӑмрах,ɵɵa,1,3,1,3,450,1887,3,TRUE
aɵɵ,3,ҫӑвӑнас,ɵɵa,1,3,1,3,450,1887,3,TRUE
aɵɵ,3,чӑсӑлма,ɵɵa,1,3,1,3,450,1887,3,TRUE
aɵɵ,3,ӑшӑмра,ɵɵa,1,3,1,3,450,1887,3,TRUE
aɵɵ,3,ӑнтӑлать,ɵɵa,1,3,1,3,450,1887,3,TRUE
aɵɵ,3,сӑтӑрҫа,ɵɵa,1,3,1,3,450,1887,3,TRUE
aɵɵ,3,шӑкӑрах,ɵɵa,1,3,1,3,450,1887,3,TRUE
aɵɵ,3,ӑнӑҫлах,ɵɵa,1,3,1,3,450,1887,3,TRUE
aɵɵ,3,кӑшкӑрса,ɵɵa,1,3,1,3,450,1887,3,TRUE
aɵɵ,3,шӑппӑнрах,ɵɵa,1,3,1,3,450,1887,3,TRUE
aɵɵ,3,хӑвӑрта,ɵɵa,1,3,1,3,450,1887,3,TRUE
aɵɵ,3,шӑтӑкла,ɵɵa,1,3,1,3,450,1887,3,TRUE
aɵɵ,3,тӑрӑнать,ɵɵa,1,3,1,3,450,1887,3,TRUE
aɵɵ,3,ҫӑлӑнма,ɵɵa,1,3,1,3,450,1887,3,TRUE
aɵɵ,3,вӑркӑнса,ɵɵa,1,3,1,3,450,1887,3,TRUE
aɵɵ,3,хӑмӑтран,ɵɵa,1,3,1,3,450,1887,3,TRUE
aɵɵ,3,мӑшкӑлать,ɵɵa,1,3,1,3,450,1887,3,TRUE
aɵɵ,3,тӑвӑнать,ɵɵa,1,3,1,3,450,1887,3,TRUE
aɵɵ,3,вӑкӑра,ɵɵa,1,3,1,3,450,1887,3,TRUE
aɵɵ,3,вӑхӑтран,ɵɵa,1,3,1,3,450,1887,3,TRUE
aɵɵ,3,ҫӑрӑнса,ɵɵa,1,3,1,3,450,1887,3,TRUE
aɵɵ,3,шӑхӑрать,ɵɵa,1,3,1,3,450,1887,3,TRUE
aɵɵ,3,сӑрхӑнать,ɵɵa,1,3,1,3,450,1887,3,TRUE
aɵɵ,3,хӑтӑлать,ɵɵa,1,3,1,3,450,1887,3,TRUE
aɵɵ,3,вӑрҫӑпа,ɵɵa,1,3,1,3,450,1887,3,TRUE
aɵɵ,3,хӑтӑлас,ɵɵa,1,3,1,3,450,1887,3,TRUE
aɵɵ,3,кӑшӑлах,ɵɵa,1,3,1,3,450,1887,3,TRUE
aɵɵ,3,шӑтӑкра,ɵɵa,1,3,1,3,450,1887,3,TRUE
aɵɵ,3,кӑмӑлпах,ɵɵa,1,3,1,3,450,1887,3,TRUE
aɵɵ,3,хӑшкӑлать,ɵɵa,1,3,1,3,450,1887,3,TRUE
aɵɵ,3,шӑхӑрар,ɵɵa,1,3,1,3,450,1887,3,TRUE
aɵɵ,3,ӑшӑнса,ɵɵa,1,3,1,3,450,1887,3,TRUE
aɵɵ,3,сӑрӑнса,ɵɵa,1,3,1,3,450,1887,3,TRUE
aɵɵ,3,чӑрӑша,ɵɵa,1,3,1,3,450,1887,3,TRUE
aɵɵ,3,шӑплӑхра,ɵɵa,1,3,1,3,450,1887,3,TRUE
aɵɵ,3,пӑрӑнма,ɵɵa,1,3,1,3,450,1887,3,TRUE
aɵɵ,3,йӑтӑнать,ɵɵa,1,3,1,3,450,1887,3,TRUE
aɵɵ,3,йӑлтӑркка,ɵɵa,1,3,1,3,450,1887,3,TRUE
aɵɵ,3,йӑнӑшма,ɵɵa,1,3,1,3,450,1887,3,TRUE
aɵɵ,3,йӑнӑшна,ɵɵa,1,3,1,3,450,1887,3,TRUE
aɵɵ,3,чӑмӑра,ɵɵa,1,3,1,3,450,1887,3,TRUE
aɵɵ,3,ҫӑмӑлах,ɵɵa,1,3,1,3,450,1887,3,TRUE
aɵɵ,3,шӑрпӑкпа,ɵɵa,1,3,1,3,450,1887,3,TRUE
aɵɵ,3,ҫӑмӑлттай,ɵɵa,1,3,1,3,450,1887,3,TRUE
aɵɵ,3,кӑпӑшка,ɵɵa,1,3,1,3,450,1887,3,TRUE
aɵɵ,3,пӑтӑпа,ɵɵa,1,3,1,3,450,1887,3,TRUE
aɵɵ,3,ӑмӑртать,ɵɵa,1,3,1,3,450,1887,3,TRUE
eiø,3,ирттернӗ,ieø,41,2,0,6,507,1594,2,TRUE
eiø,3,илемлӗ,ieø,38,2,0,6,507,1594,2,TRUE
eiø,3,илеҫҫӗ,ieø,34,2,0,6,507,1594,2,TRUE
eiø,3,иртеҫҫӗ,ieø,16,2,0,6,507,1594,2,TRUE
eiø,3,ҫитернӗ,ieø,14,2,0,6,507,1594,2,TRUE
eiø,3,итлерӗ,ieø,12,2,0,6,507,1594,2,TRUE
eiø,3,килеҫҫӗ,ieø,12,2,0,6,507,1594,2,TRUE
eiø,3,килетчӗ,ieø,12,2,0,6,507,1594,2,TRUE
eiø,3,тинкерчӗ,ieø,11,2,0,6,507,1594,2,TRUE
eiø,3,хисеплӗ,ieø,11,2,0,6,507,1594,2,TRUE
eiø,3,килмерӗ,ieø,11,2,0,6,507,1594,2,TRUE
eiø,3,илетӗп,ieø,9,2,0,6,507,1594,2,TRUE
eiø,3,ирттерчӗ,ieø,8,2,0,6,507,1594,2,TRUE
eiø,3,ҫитерчӗ,ieø,8,2,0,6,507,1594,2,TRUE
eiø,3,илетӗн,ieø,8,2,0,6,507,1594,2,TRUE
eiø,3,ҫитеҫҫӗ,ieø,8,2,0,6,507,1594,2,TRUE
eiø,3,итлерӗҫ,ieø,8,2,0,6,507,1594,2,TRUE
eiø,3,ҫитетӗп,ieø,8,2,0,6,507,1594,2,TRUE
eiø,3,итленӗ,ieø,8,2,0,6,507,1594,2,TRUE
eiø,3,сисмесӗр,ieø,7,2,0,6,507,1594,2,TRUE
eiø,3,илемӗ,ieø,7,2,0,6,507,1594,2,TRUE
eiø,3,ирттерчӗҫ,ieø,7,2,0,6,507,1594,2,TRUE
eiø,3,илемсӗр,ieø,7,2,0,6,507,1594,2,TRUE
eiø,3,киревсӗр,ieø,6,2,0,6,507,1594,2,TRUE
eiø,3,шикленнӗ,ieø,6,2,0,6,507,1594,2,TRUE
eiø,3,илесшӗн,ieø,6,2,0,6,507,1594,2,TRUE
eiø,3,тискеррӗн,ieø,6,2,0,6,507,1594,2,TRUE
eiø,3,илетпӗр,ieø,6,2,0,6,507,1594,2,TRUE
eiø,3,тиенӗ,ieø,6,2,0,6,507,1594,2,TRUE
eiø,3,ҫитерчӗҫ,ieø,6,2,0,6,507,1594,2,TRUE
eiø,3,чирленӗ,ieø,6,2,0,6,507,1594,2,TRUE
eiø,3,иртмерӗ,ieø,5,2,0,6,507,1594,2,TRUE
eiø,3,типтерлӗн,ieø,5,2,0,6,507,1594,2,TRUE
eiø,3,илетчӗ,ieø,5,2,0,6,507,1594,2,TRUE
eiø,3,илмерӗ,ieø,5,2,0,6,507,1594,2,TRUE
eiø,3,типтерлӗ,ieø,5,2,0,6,507,1594,2,TRUE
eiø,3,ирттерӗҫ,ieø,5,2,0,6,507,1594,2,TRUE
eiø,3,илмесӗр,ieø,4,2,0,6,507,1594,2,TRUE
eiø,3,килетӗп,ieø,4,2,0,6,507,1594,2,TRUE
eiø,3,сиенлӗ,ieø,4,2,0,6,507,1594,2,TRUE
eiø,3,именнӗ,ieø,4,2,0,6,507,1594,2,TRUE
eiø,3,илтернӗ,ieø,4,2,0,6,507,1594,2,TRUE
eiø,3,тинкернӗ,ieø,4,2,0,6,507,1594,2,TRUE
eiø,3,итлеҫҫӗ,ieø,4,2,0,6,507,1594,2,TRUE
eiø,3,ҫитесчӗ,ieø,4,2,0,6,507,1594,2,TRUE
eiø,3,ҫитетӗн,ieø,4,2,0,6,507,1594,2,TRUE
eiø,3,тинкерчӗҫ,ieø,4,2,0,6,507,1594,2,TRUE
eiø,3,илтерчӗ,ieø,3,2,0,6,507,1594,2,TRUE
eiø,3,тивертрӗ,ieø,3,2,0,6,507,1594,2,TRUE
eiø,3,тишкерчӗҫ,ieø,3,2,0,6,507,1594,2,TRUE
eiø,3,именчӗ,ieø,3,2,0,6,507,1594,2,TRUE
eiø,3,пикенчӗ,ieø,3,2,0,6,507,1594,2,TRUE
eiø,3,ирттерӗ,ieø,3,2,0,6,507,1594,2,TRUE
eiø,3,сикеттӗм,ieø,3,2,0,6,507,1594,2,TRUE
eiø,3,сисмерӗ,ieø,2,2,0,6,507,1594,2,TRUE
eiø,3,виҫеҫҫӗ,ieø,2,2,0,6,507,1594,2,TRUE
eiø,3,илесчӗ,ieø,2,2,0,6,507,1594,2,TRUE
eiø,3,илсессӗн,ieø,2,2,0,6,507,1594,2,TRUE
eiø,3,итлерӗм,ieø,2,2,0,6,507,1594,2,TRUE
eiø,3,илместпӗр,ieø,2,2,0,6,507,1594,2,TRUE
eiø,3,ҫимелӗх,ieø,2,2,0,6,507,1594,2,TRUE
eiø,3,киленчӗҫ,ieø,2,2,0,6,507,1594,2,TRUE
eiø,3,ҫитмерӗ,ieø,2,2,0,6,507,1594,2,TRUE
eiø,3,тивеҫҫӗ,ieø,2,2,0,6,507,1594,2,TRUE
eiø,3,сисеҫҫӗ,ieø,2,2,0,6,507,1594,2,TRUE
eiø,3,илеттӗм,ieø,2,2,0,6,507,1594,2,TRUE
eiø,3,ҫитсессӗн,ieø,2,2,0,6,507,1594,2,TRUE
eiø,3,ҫиеҫҫӗ,ieø,2,2,0,6,507,1594,2,TRUE
eiø,3,ҫитмесӗр,ieø,2,2,0,6,507,1594,2,TRUE
eiø,3,илеймӗҫ,ieø,2,2,0,6,507,1594,2,TRUE
eiø,3,пикенчӗҫ,ieø,2,2,0,6,507,1594,2,TRUE
eiø,3,кичеммӗн,ieø,2,2,0,6,507,1594,2,TRUE
eiø,3,тирпейлӗ,ieø,2,2,0,6,507,1594,2,TRUE
eiø,3,итлетӗн,ieø,2,2,0,6,507,1594,2,TRUE
eiø,3,илтетӗп,ieø,2,2,0,6,507,1594,2,TRUE
eiø,3,тивертнӗ,ieø,2,2,0,6,507,1594,2,TRUE
eiø,3,хисепӗ,ieø,2,2,0,6,507,1594,2,TRUE
eiø,3,тишкернӗ,ieø,2,2,0,6,507,1594,2,TRUE
eiø,3,илтмерӗ,ieø,2,2,0,6,507,1594,2,TRUE
eiø,3,сикмерӗ,ieø,2,2,0,6,507,1594,2,TRUE
eiø,3,сисетӗп,ieø,2,2,0,6,507,1594,2,TRUE
eiø,3,ҫитетпӗр,ieø,2,2,0,6,507,1594,2,TRUE
eiø,3,иртмеҫҫӗ,ieø,2,2,0,6,507,1594,2,TRUE
eiø,3,килмеҫҫӗ,ieø,2,2,0,6,507,1594,2,TRUE
eiø,3,тивмерӗ,ieø,2,2,0,6,507,1594,2,TRUE
eiø,3,илетӗр,ieø,2,2,0,6,507,1594,2,TRUE
eiø,3,пенсисӗр,eiø,2,2,0,6,507,1594,2,TRUE
eiø,3,сивлерӗҫ,ieø,2,2,0,6,507,1594,2,TRUE
eiø,3,итлесчӗ,ieø,1,2,0,6,507,1594,2,TRUE
eiø,3,чиктертӗм,ieø,1,2,0,6,507,1594,2,TRUE
eiø,3,килетчӗҫ,ieø,1,2,0,6,507,1594,2,TRUE
eiø,3,тиркетӗн,ieø,1,2,0,6,507,1594,2,TRUE
eiø,3,шикленӗр,ieø,1,2,0,6,507,1594,2,TRUE
eiø,3,сиктерчӗ,ieø,1,2,0,6,507,1594,2,TRUE
eiø,3,хисеплӗр,ieø,1,2,0,6,507,1594,2,TRUE
eiø,3,тимленӗ,ieø,1,2,0,6,507,1594,2,TRUE
eiø,3,итлетӗп,ieø,1,2,0,6,507,1594,2,TRUE
eiø,3,тиретпӗр,ieø,1,2,0,6,507,1594,2,TRUE
eiø,3,тиркетӗр,ieø,1,2,0,6,507,1594,2,TRUE
eiø,3,шиклентӗр,ieø,1,2,0,6,507,1594,2,TRUE
eiø,3,илтетпӗр,ieø,1,2,0,6,507,1594,2,TRUE
eiø,3,виҫеллӗн,ieø,1,2,0,6,507,1594,2,TRUE
eiø,3,кирлешӗн,ieø,1,2,0,6,507,1594,2,TRUE
eiø,3,ирттертӗр,ieø,1,2,0,6,507,1594,2,TRUE
eiø,3,силленчӗҫ,ieø,1,2,0,6,507,1594,2,TRUE
eiø,3,тиветчӗ,ieø,1,2,0,6,507,1594,2,TRUE
eiø,3,мирлешнӗ,ieø,1,2,0,6,507,1594,2,TRUE
eiø,3,ҫемйишӗн,eiø,1,2,0,6,507,1594,2,TRUE
eiø,3,илтертӗн,ieø,1,2,0,6,507,1594,2,TRUE
eiø,3,систернӗ,ieø,1,2,0,6,507,1594,2,TRUE
eiø,3,тирекчӗ,ieø,1,2,0,6,507,1594,2,TRUE
eiø,3,иртетӗп,ieø,1,2,0,6,507,1594,2,TRUE
eiø,3,сиплеҫҫӗ,ieø,1,2,0,6,507,1594,2,TRUE
eiø,3,ҫитменлӗх,ieø,1,2,0,6,507,1594,2,TRUE
eiø,3,икерчӗ,ieø,1,2,0,6,507,1594,2,TRUE
eiø,3,иртмесӗр,ieø,1,2,0,6,507,1594,2,TRUE
eiø,3,ҫиетӗн,ieø,1,2,0,6,507,1594,2,TRUE
eiø,3,вилмерӗн,ieø,1,2,0,6,507,1594,2,TRUE
eiø,3,ҫитместчӗ,ieø,1,2,0,6,507,1594,2,TRUE
eiø,3,силлерӗ,ieø,1,2,0,6,507,1594,2,TRUE
eiø,3,минтерсӗр,ieø,1,2,0,6,507,1594,2,TRUE
eiø,3,тиркешрӗ,ieø,1,2,0,6,507,1594,2,TRUE
eiø,3,вилетӗн,ieø,1,2,0,6,507,1594,2,TRUE
eiø,3,систернӗн,ieø,1,2,0,6,507,1594,2,TRUE
eiø,3,килтехчӗ,ieø,1,2,0,6,507,1594,2,TRUE
eiø,3,ҫиленнӗ,ieø,1,2,0,6,507,1594,2,TRUE
eiø,3,ҫитмеҫҫӗ,ieø,1,2,0,6,507,1594,2,TRUE
eiø,3,ҫинҫелнӗ,ieø,1,2,0,6,507,1594,2,TRUE
eiø,3,ҫиҫеҫҫӗ,ieø,1,2,0,6,507,1594,2,TRUE
eiø,3,ҫитетчӗҫ,ieø,1,2,0,6,507,1594,2,TRUE
eiø,3,ҫитертӗн,ieø,1,2,0,6,507,1594,2,TRUE
eiø,3,пилешӗн,ieø,1,2,0,6,507,1594,2,TRUE
eiø,3,ҫилленнӗ,ieø,1,2,0,6,507,1594,2,TRUE
eiø,3,минтерӗ,ieø,1,2,0,6,507,1594,2,TRUE
eiø,3,мирлешрӗҫ,ieø,1,2,0,6,507,1594,2,TRUE
eiø,3,тип-терлӗн,ieø,1,2,0,6,507,1594,2,TRUE
eiø,3,тивместӗп,ieø,1,2,0,6,507,1594,2,TRUE
eiø,3,килпетсӗр,ieø,1,2,0,6,507,1594,2,TRUE
eiø,3,илесшӗ,ieø,1,2,0,6,507,1594,2,TRUE
eiø,3,килмерӗҫ,ieø,1,2,0,6,507,1594,2,TRUE
eiø,3,сисмерӗҫ,ieø,1,2,0,6,507,1594,2,TRUE
eiø,3,килмесӗр,ieø,1,2,0,6,507,1594,2,TRUE
eiø,3,килетӗн,ieø,1,2,0,6,507,1594,2,TRUE
eiø,3,пирченӗ,ieø,1,2,0,6,507,1594,2,TRUE
eiø,3,ҫитерӗн,ieø,1,2,0,6,507,1594,2,TRUE
eiø,3,ишеҫҫӗ,ieø,1,2,0,6,507,1594,2,TRUE
eiø,3,сипетлӗ,ieø,1,2,0,6,507,1594,2,TRUE
eiø,3,шикленнӗн,ieø,1,2,0,6,507,1594,2,TRUE
eiø,3,тишкерчӗ,ieø,1,2,0,6,507,1594,2,TRUE
eiø,3,шинелӗ,ieø,1,2,0,6,507,1594,2,TRUE
eiø,3,виҫесӗр,ieø,1,2,0,6,507,1594,2,TRUE
eiø,3,синкерлӗ,ieø,1,2,0,6,507,1594,2,TRUE
eiø,3,сикчевлӗн,ieø,1,2,0,6,507,1594,2,TRUE
eiø,3,илемлӗн,ieø,1,2,0,6,507,1594,2,TRUE
eiø,3,илместӗн,ieø,1,2,0,6,507,1594,2,TRUE
eiø,3,ҫиесшӗ,ieø,1,2,0,6,507,1594,2,TRUE
eiø,3,ҫиллессӗн,ieø,1,2,0,6,507,1594,2,TRUE
eiø,3,тирпейлӗн,ieø,1,2,0,6,507,1594,2,TRUE
eiø,3,илместчӗ,ieø,1,2,0,6,507,1594,2,TRUE
eiø,3,исленнӗ,ieø,1,2,0,6,507,1594,2,TRUE
eiø,3,сирмерӗ,ieø,1,2,0,6,507,1594,2,TRUE
eiø,3,илетчӗҫ,ieø,1,2,0,6,507,1594,2,TRUE
eiø,3,силлетӗр,ieø,1,2,0,6,507,1594,2,TRUE
eiø,3,шиклентӗм,ieø,1,2,0,6,507,1594,2,TRUE
eiø,3,силлеҫҫӗ,ieø,1,2,0,6,507,1594,2,TRUE
eiø,3,минтерӗн,ieø,1,2,0,6,507,1594,2,TRUE
eiø,3,ҫитерӗп,ieø,1,2,0,6,507,1594,2,TRUE
eiø,3,илтмесӗр,ieø,1,2,0,6,507,1594,2,TRUE
eiø,3,ҫитерӗҫ,ieø,1,2,0,6,507,1594,2,TRUE
eiø,3,ҫитмешкӗн,ieø,1,2,0,6,507,1594,2,TRUE
eiø,3,чиперрӗн,ieø,1,2,0,6,507,1594,2,TRUE
eiø,3,тимлеҫҫӗ,ieø,1,2,0,6,507,1594,2,TRUE
eiø,3,илмеҫҫӗ,ieø,1,2,0,6,507,1594,2,TRUE
eiø,3,сиенӗ,ieø,1,2,0,6,507,1594,2,TRUE
eiø,3,сикетчӗҫ,ieø,1,2,0,6,507,1594,2,TRUE
eiø,3,чирлерӗн,ieø,1,2,0,6,507,1594,2,TRUE
eiø,3,пикеннӗ,ieø,1,2,0,6,507,1594,2,TRUE
eiø,3,виҫшерӗн,ieø,1,2,0,6,507,1594,2,TRUE
eiø,3,ҫитертӗм,ieø,1,2,0,6,507,1594,2,TRUE
eiø,3,тимлерӗ,ieø,1,2,0,6,507,1594,2,TRUE
eiø,3,кивелнӗ,ieø,1,2,0,6,507,1594,2,TRUE
eiø,3,илтетӗн,ieø,1,2,0,6,507,1594,2,TRUE
eiø,3,кивелмӗҫ,ieø,1,2,0,6,507,1594,2,TRUE
eiø,3,итлесшӗн,ieø,1,2,0,6,507,1594,2,TRUE
eiø,3,виҫеллӗ,ieø,1,2,0,6,507,1594,2,TRUE
eiø,3,хистерӗм,ieø,1,2,0,6,507,1594,2,TRUE
eiø,3,сивлетӗп,ieø,1,2,0,6,507,1594,2,TRUE
eiø,3,пичетлӗҫ,ieø,1,2,0,6,507,1594,2,TRUE
eiø,3,хӗрринче,øie,34,3,1,6,507,1594,2,TRUE
eiø,3,тӗнчери,øei,30,3,1,6,507,1594,2,TRUE
eiø,3,сисӗнет,iøe,24,3,1,6,507,1594,2,TRUE
eiø,3,килӗнче,iøe,24,3,1,6,507,1594,2,TRUE
eiø,3,хӗррине,øie,22,3,1,6,507,1594,2,TRUE
eiø,3,илтӗнсе,iøe,20,3,1,6,507,1594,2,TRUE
eiø,3,пӗринпе,øie,20,3,1,6,507,1594,2,TRUE
eiø,3,чӗрине,øie,19,3,1,6,507,1594,2,TRUE
eiø,3,илтӗнет,iøe,19,3,1,6,507,1594,2,TRUE
eiø,3,нимӗнле,iøe,18,3,1,6,507,1594,2,TRUE
eiø,3,сирӗнпе,iøe,18,3,1,6,507,1594,2,TRUE
eiø,3,хӗллехи,øei,17,3,1,6,507,1594,2,TRUE
eiø,3,килӗшет,iøe,17,3,1,6,507,1594,2,TRUE
eiø,3,нимӗҫсем,iøe,15,3,1,6,507,1594,2,TRUE
eiø,3,чӗринче,øie,14,3,1,6,507,1594,2,TRUE
eiø,3,хӗрринчен,øie,13,3,1,6,507,1594,2,TRUE
eiø,3,питӗре,iøe,12,3,1,6,507,1594,2,TRUE
eiø,3,питӗнчен,iøe,11,3,1,6,507,1594,2,TRUE
eiø,3,тетӗн-и,eøi,11,3,1,6,507,1594,2,TRUE
eiø,3,пирӗнтен,iøe,11,3,1,6,507,1594,2,TRUE
eiø,3,хӗррипе,øie,10,3,1,6,507,1594,2,TRUE
eiø,3,хирӗнче,iøe,10,3,1,6,507,1594,2,TRUE
eiø,3,сивӗре,iøe,10,3,1,6,507,1594,2,TRUE
eiø,3,ирӗке,iøe,8,3,1,6,507,1594,2,TRUE
eiø,3,чӗрипе,øie,8,3,1,6,507,1594,2,TRUE
eiø,3,тӗппипех,øie,8,3,1,6,507,1594,2,TRUE
eiø,3,илӗртет,iøe,8,3,1,6,507,1594,2,TRUE
eiø,3,питӗнче,iøe,7,3,1,6,507,1594,2,TRUE
eiø,3,ӗнисем,øie,7,3,1,6,507,1594,2,TRUE
eiø,3,ҫӗннине,øie,7,3,1,6,507,1594,2,TRUE
eiø,3,ҫийӗпе,iøe,7,3,1,6,507,1594,2,TRUE
eiø,3,пичӗсем,iøe,7,3,1,6,507,1594,2,TRUE
eiø,3,ӗнерхи,øei,6,3,1,6,507,1594,2,TRUE
eiø,3,чӗлхине,øie,6,3,1,6,507,1594,2,TRUE
eiø,3,кӗнине,øie,6,3,1,6,507,1594,2,TRUE
eiø,3,ӗнине,øie,6,3,1,6,507,1594,2,TRUE
eiø,3,кӗпине,øie,6,3,1,6,507,1594,2,TRUE
eiø,3,ҫитӗнсе,iøe,6,3,1,6,507,1594,2,TRUE
eiø,3,пилӗкне,iøe,6,3,1,6,507,1594,2,TRUE
eiø,3,пирӗнпе,iøe,6,3,1,6,507,1594,2,TRUE
eiø,3,вӗлерни,øei,6,3,1,6,507,1594,2,TRUE
eiø,3,килӗрен,iøe,5,3,1,6,507,1594,2,TRUE
eiø,3,пӗрлехи,øei,5,3,1,6,507,1594,2,TRUE
eiø,3,пӗрисем,øie,5,3,1,6,507,1594,2,TRUE
eiø,3,хӗрринчех,øie,5,3,1,6,507,1594,2,TRUE
eiø,3,ӗнсине,øie,5,3,1,6,507,1594,2,TRUE
eiø,3,чирӗпе,iøe,5,3,1,6,507,1594,2,TRUE
eiø,3,вилӗмрен,iøe,5,3,1,6,507,1594,2,TRUE
eiø,3,пӗлнине,øie,5,3,1,6,507,1594,2,TRUE
eiø,3,хӗрринех,øie,4,3,1,6,507,1594,2,TRUE
eiø,3,чӗлхипе,øie,4,3,1,6,507,1594,2,TRUE
eiø,3,ҫӗрлехи,øei,4,3,1,6,507,1594,2,TRUE
eiø,3,нимӗҫсен,iøe,4,3,1,6,507,1594,2,TRUE
eiø,3,хирӗҫех,iøe,4,3,1,6,507,1594,2,TRUE
eiø,3,тимӗрпе,iøe,4,3,1,6,507,1594,2,TRUE
eiø,3,хирӗнчен,iøe,4,3,1,6,507,1594,2,TRUE
eiø,3,мӗнлине,øie,4,3,1,6,507,1594,2,TRUE
eiø,3,сисӗнсе,iøe,4,3,1,6,507,1594,2,TRUE
eiø,3,чӗпписем,øie,4,3,1,6,507,1594,2,TRUE
eiø,3,пичӗпе,iøe,4,3,1,6,507,1594,2,TRUE
eiø,3,сисӗнмест,iøe,4,3,1,6,507,1594,2,TRUE
eiø,3,вӗрнипе,øie,4,3,1,6,507,1594,2,TRUE
eiø,3,тетӗн-им,eøi,4,3,1,6,507,1594,2,TRUE
eiø,3,ӗҫлени,øei,4,3,1,6,507,1594,2,TRUE
eiø,3,сирӗнтен,iøe,3,3,1,6,507,1594,2,TRUE
eiø,3,мӗлкисем,øie,3,3,1,6,507,1594,2,TRUE
eiø,3,пӗлменни,øei,3,3,1,6,507,1594,2,TRUE
eiø,3,чиркӗве,iøe,3,3,1,6,507,1594,2,TRUE
eiø,3,тетӗр-им,eøi,3,3,1,6,507,1594,2,TRUE
eiø,3,хирӗҫле,iøe,3,3,1,6,507,1594,2,TRUE
eiø,3,ҫӗҫҫине,øie,3,3,1,6,507,1594,2,TRUE
eiø,3,хӗррисем,øie,3,3,1,6,507,1594,2,TRUE
eiø,3,симӗсрех,iøe,3,3,1,6,507,1594,2,TRUE
eiø,3,илтӗнмест,iøe,3,3,1,6,507,1594,2,TRUE
eiø,3,пӗринче,øie,3,3,1,6,507,1594,2,TRUE
eiø,3,чӗрисем,øie,3,3,1,6,507,1594,2,TRUE
eiø,3,вилӗмпе,iøe,3,3,1,6,507,1594,2,TRUE
eiø,3,чӗллисем,øie,3,3,1,6,507,1594,2,TRUE
eiø,3,сивӗрех,iøe,3,3,1,6,507,1594,2,TRUE
eiø,3,нимӗнпе,iøe,3,3,1,6,507,1594,2,TRUE
eiø,3,килӗнчен,iøe,3,3,1,6,507,1594,2,TRUE
eiø,3,чӗринчен,øie,3,3,1,6,507,1594,2,TRUE
eiø,3,михӗсем,iøe,3,3,1,6,507,1594,2,TRUE
eiø,3,илтӗнсен,iøe,3,3,1,6,507,1594,2,TRUE
eiø,3,сӗннипе,øie,3,3,1,6,507,1594,2,TRUE
eiø,3,кӗсьери,øei,3,3,1,6,507,1594,2,TRUE
eiø,3,илӗртсех,iøe,3,3,1,6,507,1594,2,TRUE
eiø,3,кишӗрпе,iøe,3,3,1,6,507,1594,2,TRUE
eiø,3,ҫимӗҫе,iøe,2,3,1,6,507,1594,2,TRUE
eiø,3,нимӗнех,iøe,2,3,1,6,507,1594,2,TRUE
eiø,3,тилмӗрсе,iøe,2,3,1,6,507,1594,2,TRUE
eiø,3,тишкӗрсе,iøe,2,3,1,6,507,1594,2,TRUE
eiø,3,нимӗҫе,iøe,2,3,1,6,507,1594,2,TRUE
eiø,3,ҫитӗнме,iøe,2,3,1,6,507,1594,2,TRUE
eiø,3,кӗпипе,øie,2,3,1,6,507,1594,2,TRUE
eiø,3,пӗлмелли,øei,2,3,1,6,507,1594,2,TRUE
eiø,3,кӗнинчен,øie,2,3,1,6,507,1594,2,TRUE
eiø,3,пиллӗке,iøe,2,3,1,6,507,1594,2,TRUE
eiø,3,элӗкри,eøi,2,3,1,6,507,1594,2,TRUE
eiø,3,вирхӗнсе,iøe,2,3,1,6,507,1594,2,TRUE
eiø,3,илтӗнме,iøe,2,3,1,6,507,1594,2,TRUE
eiø,3,ҫитмӗлре,iøe,2,3,1,6,507,1594,2,TRUE
eiø,3,кӗнеки,øei,2,3,1,6,507,1594,2,TRUE
eiø,3,тирӗнчен,iøe,2,3,1,6,507,1594,2,TRUE
eiø,3,пӗвине,øie,2,3,1,6,507,1594,2,TRUE
eiø,3,типӗрех,iøe,2,3,1,6,507,1594,2,TRUE
eiø,3,ирӗлсе,iøe,2,3,1,6,507,1594,2,TRUE
eiø,3,кӗсйинчен,øie,2,3,1,6,507,1594,2,TRUE
eiø,3,сӗллине,øie,2,3,1,6,507,1594,2,TRUE
eiø,3,чӗннине,øie,2,3,1,6,507,1594,2,TRUE
eiø,3,йӗннине,øie,2,3,1,6,507,1594,2,TRUE
eiø,3,ҫирӗмре,iøe,2,3,1,6,507,1594,2,TRUE
eiø,3,сирпӗнсе,iøe,2,3,1,6,507,1594,2,TRUE
eiø,3,пӗтнине,øie,2,3,1,6,507,1594,2,TRUE
eiø,3,сивӗтме,iøe,2,3,1,6,507,1594,2,TRUE
eiø,3,кӗмелли,øei,2,3,1,6,507,1594,2,TRUE
eiø,3,питлӗскер,iøe,2,3,1,6,507,1594,2,TRUE
eiø,3,сивӗнме,iøe,2,3,1,6,507,1594,2,TRUE
eiø,3,кӗллине,øie,2,3,1,6,507,1594,2,TRUE
eiø,3,тӗнчине,øie,2,3,1,6,507,1594,2,TRUE
eiø,3,сиввӗнрех,iøe,2,3,1,6,507,1594,2,TRUE
eiø,3,ҫӗнтерни,øei,2,3,1,6,507,1594,2,TRUE
eiø,3,илнӗскер,iøe,2,3,1,6,507,1594,2,TRUE
eiø,3,кӗнипе,øie,2,3,1,6,507,1594,2,TRUE
eiø,3,чирлӗрех,iøe,2,3,1,6,507,1594,2,TRUE
eiø,3,сивӗнсе,iøe,2,3,1,6,507,1594,2,TRUE
eiø,3,ҫийӗнчех,iøe,2,3,1,6,507,1594,2,TRUE
eiø,3,тӗнчипех,øie,2,3,1,6,507,1594,2,TRUE
eiø,3,ҫивӗчскер,iøe,2,3,1,6,507,1594,2,TRUE
eiø,3,пӗвинче,øie,2,3,1,6,507,1594,2,TRUE
eiø,3,витӗрех,iøe,2,3,1,6,507,1594,2,TRUE
eiø,3,вилӗме,iøe,2,3,1,6,507,1594,2,TRUE
eiø,3,сирпӗтсе,iøe,2,3,1,6,507,1594,2,TRUE
eiø,3,ҫитнӗскер,iøe,2,3,1,6,507,1594,2,TRUE
eiø,3,ӗҫлесси,øei,2,3,1,6,507,1594,2,TRUE
eiø,3,кӗтмелли,øei,2,3,1,6,507,1594,2,TRUE
eiø,3,тивӗҫне,iøe,2,3,1,6,507,1594,2,TRUE
eiø,3,хирӗҫсе,iøe,2,3,1,6,507,1594,2,TRUE
eiø,3,сирӗлме,iøe,2,3,1,6,507,1594,2,TRUE
eiø,3,ӗҫмелли,øei,2,3,1,6,507,1594,2,TRUE
eiø,3,илтӗнмен,iøe,2,3,1,6,507,1594,2,TRUE
eiø,3,килӗнчех,iøe,2,3,1,6,507,1594,2,TRUE
eiø,3,кӗреҫи,øei,2,3,1,6,507,1594,2,TRUE
eiø,3,йӗркипе,øie,2,3,1,6,507,1594,2,TRUE
eiø,3,йӗркине,øie,2,3,1,6,507,1594,2,TRUE
eiø,3,тивӗҫет,iøe,2,3,1,6,507,1594,2,TRUE
eiø,3,чиркӗвне,iøe,2,3,1,6,507,1594,2,TRUE
eiø,3,тирӗнсе,iøe,1,3,1,6,507,1594,2,TRUE
eiø,3,тивӗҫе,iøe,1,3,1,6,507,1594,2,TRUE
eiø,3,чӗррине,øie,1,3,1,6,507,1594,2,TRUE
eiø,3,пӗвери,øei,1,3,1,6,507,1594,2,TRUE
eiø,3,сӗтелли,øei,1,3,1,6,507,1594,2,TRUE
eiø,3,кӗвенти,øei,1,3,1,6,507,1594,2,TRUE
eiø,3,тӗнчипе,øie,1,3,1,6,507,1594,2,TRUE
eiø,3,сирпӗнет,iøe,1,3,1,6,507,1594,2,TRUE
eiø,3,питӗрмен,iøe,1,3,1,6,507,1594,2,TRUE
eiø,3,ҫенӗкри,eøi,1,3,1,6,507,1594,2,TRUE
eiø,3,ӗҫер-и,øei,1,3,1,6,507,1594,2,TRUE
eiø,3,йӗкелли,øei,1,3,1,6,507,1594,2,TRUE
eiø,3,сирӗлсен,iøe,1,3,1,6,507,1594,2,TRUE
eiø,3,пӗҫҫисем,øie,1,3,1,6,507,1594,2,TRUE
eiø,3,ишӗлме,iøe,1,3,1,6,507,1594,2,TRUE
eiø,3,ҫиҫӗмсем,iøe,1,3,1,6,507,1594,2,TRUE
eiø,3,тилӗрсе,iøe,1,3,1,6,507,1594,2,TRUE
eiø,3,сирпӗтет,iøe,1,3,1,6,507,1594,2,TRUE
eiø,3,тирӗсем,iøe,1,3,1,6,507,1594,2,TRUE
eiø,3,ҫӗннинче,øie,1,3,1,6,507,1594,2,TRUE
eiø,3,пирӗнте,iøe,1,3,1,6,507,1594,2,TRUE
eiø,3,ҫитӗнмен,iøe,1,3,1,6,507,1594,2,TRUE
eiø,3,нимӗне,iøe,1,3,1,6,507,1594,2,TRUE
eiø,3,ҫивӗтне,iøe,1,3,1,6,507,1594,2,TRUE
eiø,3,витӗнет,iøe,1,3,1,6,507,1594,2,TRUE
eiø,3,типӗтме,iøe,1,3,1,6,507,1594,2,TRUE
eiø,3,тирӗкрен,iøe,1,3,1,6,507,1594,2,TRUE
eiø,3,ҫилӗмпе,iøe,1,3,1,6,507,1594,2,TRUE
eiø,3,пӗринчен,øie,1,3,1,6,507,1594,2,TRUE
eiø,3,тӗммисен,øie,1,3,1,6,507,1594,2,TRUE
eiø,3,кӗввипе,øie,1,3,1,6,507,1594,2,TRUE
eiø,3,кӗрлени,øei,1,3,1,6,507,1594,2,TRUE
eiø,3,тӗрес-и,øei,1,3,1,6,507,1594,2,TRUE
eiø,3,сивӗсем,iøe,1,3,1,6,507,1594,2,TRUE
eiø,3,кӗписем,øie,1,3,1,6,507,1594,2,TRUE
eiø,3,ишӗлсе,iøe,1,3,1,6,507,1594,2,TRUE
eiø,3,иртӗнме,iøe,1,3,1,6,507,1594,2,TRUE
eiø,3,тинӗссем,iøe,1,3,1,6,507,1594,2,TRUE
eiø,3,кирлӗрен,iøe,1,3,1,6,507,1594,2,TRUE
eiø,3,сивӗпе,iøe,1,3,1,6,507,1594,2,TRUE
eiø,3,мӗлкине,øie,1,3,1,6,507,1594,2,TRUE
eiø,3,килӗрех,iøe,1,3,1,6,507,1594,2,TRUE
eiø,3,шиклӗрех,iøe,1,3,1,6,507,1594,2,TRUE
eiø,3,тӗррипе,øie,1,3,1,6,507,1594,2,TRUE
eiø,3,типшӗмрех,iøe,1,3,1,6,507,1594,2,TRUE
eiø,3,нимсӗрех,iøe,1,3,1,6,507,1594,2,TRUE
eiø,3,ирӗкпе,iøe,1,3,1,6,507,1594,2,TRUE
eiø,3,тилмӗрет,iøe,1,3,1,6,507,1594,2,TRUE
eiø,3,пӗккине,øie,1,3,1,6,507,1594,2,TRUE
eiø,3,ҫитӗнсех,iøe,1,3,1,6,507,1594,2,TRUE
eiø,3,мӗнлисем,øie,1,3,1,6,507,1594,2,TRUE
eiø,3,кимӗпе,iøe,1,3,1,6,507,1594,2,TRUE
eiø,3,тӗслине,øie,1,3,1,6,507,1594,2,TRUE
eiø,3,пилӗке,iøe,1,3,1,6,507,1594,2,TRUE
eiø,3,шиклӗнрех,iøe,1,3,1,6,507,1594,2,TRUE
eiø,3,кирпӗчрен,iøe,1,3,1,6,507,1594,2,TRUE
eiø,3,чӗлхинче,øie,1,3,1,6,507,1594,2,TRUE
eiø,3,кӗлине,øie,1,3,1,6,507,1594,2,TRUE
eiø,3,кӗрпинчен,øie,1,3,1,6,507,1594,2,TRUE
eiø,3,ӗҫнине,øie,1,3,1,6,507,1594,2,TRUE
eiø,3,кӗсйине,øie,1,3,1,6,507,1594,2,TRUE
eiø,3,илӗртмест,iøe,1,3,1,6,507,1594,2,TRUE
eiø,3,ҫирӗпрех,iøe,1,3,1,6,507,1594,2,TRUE
eiø,3,кӗрпипе,øie,1,3,1,6,507,1594,2,TRUE
eiø,3,чӗрнипе,øie,1,3,1,6,507,1594,2,TRUE
eiø,3,кирпӗче,iøe,1,3,1,6,507,1594,2,TRUE
eiø,3,витӗнсе,iøe,1,3,1,6,507,1594,2,TRUE
eiø,3,типӗлле,iøe,1,3,1,6,507,1594,2,TRUE
eiø,3,илӗртме,iøe,1,3,1,6,507,1594,2,TRUE
eiø,3,ирӗкне,iøe,1,3,1,6,507,1594,2,TRUE
eiø,3,тӗмисем,øie,1,3,1,6,507,1594,2,TRUE
eiø,3,хирӗнсе,iøe,1,3,1,6,507,1594,2,TRUE
eiø,3,чӗрнисем,øie,1,3,1,6,507,1594,2,TRUE
eiø,3,сивӗнсех,iøe,1,3,1,6,507,1594,2,TRUE
eiø,3,хӗрлисем,øie,1,3,1,6,507,1594,2,TRUE
eiø,3,нимӗнрен,iøe,1,3,1,6,507,1594,2,TRUE
eiø,3,терчӗ-ши,eøi,1,3,1,6,507,1594,2,TRUE
eiø,3,кӗнисем,øie,1,3,1,6,507,1594,2,TRUE
eiø,3,ӗҫнипех,øie,1,3,1,6,507,1594,2,TRUE
eiø,3,тимлӗрех,iøe,1,3,1,6,507,1594,2,TRUE
eiø,3,чӗпписен,øie,1,3,1,6,507,1594,2,TRUE
eiø,3,килӗшме,iøe,1,3,1,6,507,1594,2,TRUE
eiø,3,тӗмине,øie,1,3,1,6,507,1594,2,TRUE
eiø,3,вӗрирех,øie,1,3,1,6,507,1594,2,TRUE
eiø,3,иккӗнех,iøe,1,3,1,6,507,1594,2,TRUE
eiø,3,килӗре,iøe,1,3,1,6,507,1594,2,TRUE
eiø,3,тимӗрҫе,iøe,1,3,1,6,507,1594,2,TRUE
eiø,3,никӗсне,iøe,1,3,1,6,507,1594,2,TRUE
eiø,3,сивӗтсе,iøe,1,3,1,6,507,1594,2,TRUE
eiø,3,вилнӗскер,iøe,1,3,1,6,507,1594,2,TRUE
eiø,3,кивӗлле,iøe,1,3,1,6,507,1594,2,TRUE
eiø,3,иртӗнмен,iøe,1,3,1,6,507,1594,2,TRUE
eiø,3,кӗтнине,øie,1,3,1,6,507,1594,2,TRUE
eiø,3,вилӗмне,iøe,1,3,1,6,507,1594,2,TRUE
eiø,3,ҫийӗнсе,iøe,1,3,1,6,507,1594,2,TRUE
eiø,3,типӗтсе,iøe,1,3,1,6,507,1594,2,TRUE
eiø,3,витнӗскер,iøe,1,3,1,6,507,1594,2,TRUE
eiø,3,ӗҫрипе,øie,1,3,1,6,507,1594,2,TRUE
eiø,3,вӗчине,øie,1,3,1,6,507,1594,2,TRUE
eiø,3,вӗренни,øei,1,3,1,6,507,1594,2,TRUE
eiø,3,ирӗкре,iøe,1,3,1,6,507,1594,2,TRUE
eiø,3,питӗрес,iøe,1,3,1,6,507,1594,2,TRUE
eiø,3,тӗтре-и,øei,1,3,1,6,507,1594,2,TRUE
eiø,3,кирлӗрех,iøe,1,3,1,6,507,1594,2,TRUE
eiø,3,ҫитӗнет,iøe,1,3,1,6,507,1594,2,TRUE
eiø,3,кӗлипе,øie,1,3,1,6,507,1594,2,TRUE
eiø,3,килӗшер,iøe,1,3,1,6,507,1594,2,TRUE
eiø,3,иккӗшне,iøe,1,3,1,6,507,1594,2,TRUE
eiø,3,йӗррипе,øie,1,3,1,6,507,1594,2,TRUE
eiø,3,пӗрчисем,øie,1,3,1,6,507,1594,2,TRUE
eiø,3,сисӗнсех,iøe,1,3,1,6,507,1594,2,TRUE
eiø,3,сирпӗтме,iøe,1,3,1,6,507,1594,2,TRUE
eiø,3,ирӗкрех,iøe,1,3,1,6,507,1594,2,TRUE
eiø,3,пӗккинче,øie,1,3,1,6,507,1594,2,TRUE
eiø,3,иртнӗҫем,iøe,1,3,1,6,507,1594,2,TRUE
eiø,3,кимӗсен,iøe,1,3,1,6,507,1594,2,TRUE
eiø,3,питӗрсе,iøe,1,3,1,6,507,1594,2,TRUE
eiø,3,тӗпелти,øei,1,3,1,6,507,1594,2,TRUE
eiø,3,илтнӗскер,iøe,1,3,1,6,507,1594,2,TRUE
eiø,3,илӗртмен,iøe,1,3,1,6,507,1594,2,TRUE
eiø,3,пӗлтерни,øei,1,3,1,6,507,1594,2,TRUE
eiø,3,йӗкине,øie,1,3,1,6,507,1594,2,TRUE
eiø,3,хирӗлме,iøe,1,3,1,6,507,1594,2,TRUE
eiø,3,пиллӗкпе,iøe,1,3,1,6,507,1594,2,TRUE
eiø,3,кӗтесри,øei,1,3,1,6,507,1594,2,TRUE
eiø,3,пӗрине,øie,1,3,1,6,507,1594,2,TRUE
eiø,3,милӗкпе,iøe,1,3,1,6,507,1594,2,TRUE
eiø,3,нимӗнпех,iøe,1,3,1,6,507,1594,2,TRUE
eiø,3,пӗвинчен,øie,1,3,1,6,507,1594,2,TRUE
eiø,3,ҫимӗке,iøe,1,3,1,6,507,1594,2,TRUE
eiø,3,лекмӗ-и,eøi,1,3,1,6,507,1594,2,TRUE
eiø,3,ирӗкле,iøe,1,3,1,6,507,1594,2,TRUE
eiø,3,кинӗнчен,iøe,1,3,1,6,507,1594,2,TRUE
eiø,3,тирӗпе,iøe,1,3,1,6,507,1594,2,TRUE
eiø,3,йӗппине,øie,1,3,1,6,507,1594,2,TRUE
eiø,3,тинӗсре,iøe,1,3,1,6,507,1594,2,TRUE
eiø,3,иксӗре,iøe,1,3,1,6,507,1594,2,TRUE
eiø,3,кивӗрех,iøe,1,3,1,6,507,1594,2,TRUE
eiø,3,питӗрте,iøe,1,3,1,6,507,1594,2,TRUE
eiø,3,сирӗлсе,iøe,1,3,1,6,507,1594,2,TRUE
eiø,3,тӗмисен,øie,1,3,1,6,507,1594,2,TRUE
eiø,3,питлӗхе,iøe,1,3,1,6,507,1594,2,TRUE
eiø,3,кинӗпе,iøe,1,3,1,6,507,1594,2,TRUE
eiø,3,ҫимӗҫне,iøe,1,3,1,6,507,1594,2,TRUE
eiø,3,сӗрнипе,øie,1,3,1,6,507,1594,2,TRUE
eiø,3,ҫӗртинчен,øie,1,3,1,6,507,1594,2,TRUE
eiø,3,пирӗнне,iøe,1,3,1,6,507,1594,2,TRUE
eiø,3,илнӗнех,iøe,1,3,1,6,507,1594,2,TRUE
eiø,3,вирлӗрех,iøe,1,3,1,6,507,1594,2,TRUE
eiø,3,типӗтет,iøe,1,3,1,6,507,1594,2,TRUE
eiø,3,сисӗне,iøe,1,3,1,6,507,1594,2,TRUE
eiø,3,кӗрейми,øei,1,3,1,6,507,1594,2,TRUE
eiø,3,ӗренки,øei,1,3,1,6,507,1594,2,TRUE
eiø,3,чӗннисем,øie,1,3,1,6,507,1594,2,TRUE
eiø,3,тӗкнипе,øie,1,3,1,6,507,1594,2,TRUE
eiø,3,мӗлкипе,øie,1,3,1,6,507,1594,2,TRUE
eiø,3,кӗлисем,øie,1,3,1,6,507,1594,2,TRUE
eiø,3,кирпӗчсем,iøe,1,3,1,6,507,1594,2,TRUE
eiø,3,тислӗке,iøe,1,3,1,6,507,1594,2,TRUE
eiø,3,ирӗлмен,iøe,1,3,1,6,507,1594,2,TRUE
eiø,3,сирӗнте,iøe,1,3,1,6,507,1594,2,TRUE
eiø,3,сивӗрен,iøe,1,3,1,6,507,1594,2,TRUE
eiø,3,кӗсрине,øie,1,3,1,6,507,1594,2,TRUE
eiø,3,хирӗҫет,iøe,1,3,1,6,507,1594,2,TRUE
eiø,3,кӗлинчен,øie,1,3,1,6,507,1594,2,TRUE
eiø,3,пиллӗксем,iøe,1,3,1,6,507,1594,2,TRUE
eiø,3,килӗрте,iøe,1,3,1,6,507,1594,2,TRUE
eiø,3,килӗшес,iøe,1,3,1,6,507,1594,2,TRUE
eiø,3,ирӗлет,iøe,1,3,1,6,507,1594,2,TRUE
eiø,3,витӗмне,iøe,1,3,1,6,507,1594,2,TRUE
eiø,3,виҫҫӗре,iøe,1,3,1,6,507,1594,2,TRUE
eiø,3,кӗсйинче,øie,1,3,1,6,507,1594,2,TRUE
aʉ,2,арҫын,aʉ,67,1,0,2,141,1565,2,TRUE
aʉ,2,шалый,aʉ,6,1,0,2,141,1565,2,TRUE
aʉ,2,шашлык,aʉ,6,1,0,2,141,1565,2,TRUE
aʉ,2,ялйыш,aʉ,1,1,0,2,141,1565,2,TRUE
aʉ,2,алтын,aʉ,1,1,0,2,141,1565,2,TRUE
aʉ,2,малыш,aʉ,1,1,0,2,141,1565,2,TRUE
aʉ,2,ытла,ʉa,201,2,1,2,141,1565,2,TRUE
aʉ,2,тытса,ʉa,141,2,1,2,141,1565,2,TRUE
aʉ,2,пырса,ʉa,137,2,1,2,141,1565,2,TRUE
aʉ,2,пырать,ʉa,136,2,1,2,141,1565,2,TRUE
aʉ,2,ҫынна,ʉa,83,2,1,2,141,1565,2,TRUE
aʉ,2,чылай,ʉa,74,2,1,2,141,1565,2,TRUE
aʉ,2,ҫырма,ʉa,66,2,1,2,141,1565,2,TRUE
aʉ,2,ыран,ʉa,60,2,1,2,141,1565,2,TRUE
aʉ,2,хыпар,ʉa,37,2,1,2,141,1565,2,TRUE
aʉ,2,пыма,ʉa,29,2,1,2,141,1565,2,TRUE
aʉ,2,тытма,ʉa,28,2,1,2,141,1565,2,TRUE
aʉ,2,ҫырса,ʉa,28,2,1,2,141,1565,2,TRUE
aʉ,2,выртать,ʉa,28,2,1,2,141,1565,2,TRUE
aʉ,2,ыйтса,ʉa,23,2,1,2,141,1565,2,TRUE
aʉ,2,хытса,ʉa,21,2,1,2,141,1565,2,TRUE
aʉ,2,ҫыран,ʉa,14,2,1,2,141,1565,2,TRUE
aʉ,2,ыраш,ʉa,14,2,1,2,141,1565,2,TRUE
aʉ,2,тытать,ʉa,13,2,1,2,141,1565,2,TRUE
aʉ,2,ыйтма,ʉa,11,2,1,2,141,1565,2,TRUE
aʉ,2,ҫырас,ʉa,9,2,1,2,141,1565,2,TRUE
aʉ,2,выртса,ʉa,9,2,1,2,141,1565,2,TRUE
aʉ,2,ҫынпа,ʉa,8,2,1,2,141,1565,2,TRUE
aʉ,2,ыйтсан,ʉa,8,2,1,2,141,1565,2,TRUE
aʉ,2,шывра,ʉa,7,2,1,2,141,1565,2,TRUE
aʉ,2,ҫыхха,ʉa,7,2,1,2,141,1565,2,TRUE
aʉ,2,тытсан,ʉa,7,2,1,2,141,1565,2,TRUE
aʉ,2,шывпа,ʉa,7,2,1,2,141,1565,2,TRUE
aʉ,2,ыйтать,ʉa,7,2,1,2,141,1565,2,TRUE
aʉ,2,тырра,ʉa,7,2,1,2,141,1565,2,TRUE
aʉ,2,пыран,ʉa,7,2,1,2,141,1565,2,TRUE
aʉ,2,тытас,ʉa,6,2,1,2,141,1565,2,TRUE
aʉ,2,хывса,ʉa,6,2,1,2,141,1565,2,TRUE
aʉ,2,шыва,ʉa,6,2,1,2,141,1565,2,TRUE
aʉ,2,хырса,ʉa,6,2,1,2,141,1565,2,TRUE
aʉ,2,хыпса,ʉa,6,2,1,2,141,1565,2,TRUE
aʉ,2,йыша,ʉa,6,2,1,2,141,1565,2,TRUE
aʉ,2,ҫынран,ʉa,5,2,1,2,141,1565,2,TRUE
aʉ,2,тытман,ʉa,5,2,1,2,141,1565,2,TRUE
aʉ,2,пырсан,ʉa,5,2,1,2,141,1565,2,TRUE
aʉ,2,хыҫран,ʉa,5,2,1,2,141,1565,2,TRUE
aʉ,2,йышпа,ʉa,5,2,1,2,141,1565,2,TRUE
aʉ,2,ҫынах,ʉa,5,2,1,2,141,1565,2,TRUE
aʉ,2,йышра,ʉa,5,2,1,2,141,1565,2,TRUE
aʉ,2,ыйха,ʉa,5,2,1,2,141,1565,2,TRUE
aʉ,2,ҫырла,ʉa,5,2,1,2,141,1565,2,TRUE
aʉ,2,хытах,ʉa,5,2,1,2,141,1565,2,TRUE
aʉ,2,пыра,ʉa,5,2,1,2,141,1565,2,TRUE
aʉ,2,шыҫҫа,ʉa,5,2,1,2,141,1565,2,TRUE
aʉ,2,сывлать,ʉa,4,2,1,2,141,1565,2,TRUE
aʉ,2,ырра,ʉa,4,2,1,2,141,1565,2,TRUE
aʉ,2,пылак,ʉa,4,2,1,2,141,1565,2,TRUE
aʉ,2,пырас,ʉa,4,2,1,2,141,1565,2,TRUE
aʉ,2,выртсан,ʉa,4,2,1,2,141,1565,2,TRUE
aʉ,2,сыпса,ʉa,4,2,1,2,141,1565,2,TRUE
aʉ,2,пымасть,ʉa,4,2,1,2,141,1565,2,TRUE
aʉ,2,ырхан,ʉa,4,2,1,2,141,1565,2,TRUE
aʉ,2,ыра,ʉa,4,2,1,2,141,1565,2,TRUE
aʉ,2,шырать,ʉa,3,2,1,2,141,1565,2,TRUE
aʉ,2,сысна,ʉa,3,2,1,2,141,1565,2,TRUE
aʉ,2,пылпа,ʉa,3,2,1,2,141,1565,2,TRUE
aʉ,2,хыҫра,ʉa,3,2,1,2,141,1565,2,TRUE
aʉ,2,ҫыртса,ʉa,3,2,1,2,141,1565,2,TRUE
aʉ,2,ҫырать,ʉa,3,2,1,2,141,1565,2,TRUE
aʉ,2,ҫынтан,ʉa,3,2,1,2,141,1565,2,TRUE
aʉ,2,сырса,ʉa,3,2,1,2,141,1565,2,TRUE
aʉ,2,вырма,ʉa,3,2,1,2,141,1565,2,TRUE
aʉ,2,ыйтас,ʉa,3,2,1,2,141,1565,2,TRUE
aʉ,2,тымар,ʉa,3,2,1,2,141,1565,2,TRUE
aʉ,2,ыйтсах,ʉa,3,2,1,2,141,1565,2,TRUE
aʉ,2,сырпа,ʉa,3,2,1,2,141,1565,2,TRUE
aʉ,2,сырма,ʉa,2,2,1,2,141,1565,2,TRUE
aʉ,2,хыҫа,ʉa,2,2,1,2,141,1565,2,TRUE
aʉ,2,ҫыннах,ʉa,2,2,1,2,141,1565,2,TRUE
aʉ,2,ҫыхса,ʉa,2,2,1,2,141,1565,2,TRUE
aʉ,2,хывма,ʉa,2,2,1,2,141,1565,2,TRUE
aʉ,2,выҫса,ʉa,2,2,1,2,141,1565,2,TRUE
aʉ,2,тытмасть,ʉa,2,2,1,2,141,1565,2,TRUE
aʉ,2,тытсах,ʉa,2,2,1,2,141,1565,2,TRUE
aʉ,2,сывах,ʉa,2,2,1,2,141,1565,2,TRUE
aʉ,2,тытар,ʉa,2,2,1,2,141,1565,2,TRUE
aʉ,2,выртма,ʉa,2,2,1,2,141,1565,2,TRUE
aʉ,2,вырса,ʉa,2,2,1,2,141,1565,2,TRUE
aʉ,2,ҫынпах,ʉa,2,2,1,2,141,1565,2,TRUE
aʉ,2,вылять,ʉa,2,2,1,2,141,1565,2,TRUE
aʉ,2,шывран,ʉa,2,2,1,2,141,1565,2,TRUE
aʉ,2,тылра,ʉa,2,2,1,2,141,1565,2,TRUE
aʉ,2,йытта,ʉa,2,2,1,2,141,1565,2,TRUE
aʉ,2,выляс,ʉa,2,2,1,2,141,1565,2,TRUE
aʉ,2,хыпать,ʉa,2,2,1,2,141,1565,2,TRUE
aʉ,2,тытан,ʉa,2,2,1,2,141,1565,2,TRUE
aʉ,2,ҫырсан,ʉa,1,2,1,2,141,1565,2,TRUE
aʉ,2,пыман,ʉa,1,2,1,2,141,1565,2,TRUE
aʉ,2,пырам,ʉa,1,2,1,2,141,1565,2,TRUE
aʉ,2,ытам,ʉa,1,2,1,2,141,1565,2,TRUE
aʉ,2,ҫырав,ʉa,1,2,1,2,141,1565,2,TRUE
aʉ,2,хыҫать,ʉa,1,2,1,2,141,1565,2,TRUE
aʉ,2,сыхлан,ʉa,1,2,1,2,141,1565,2,TRUE
aʉ,2,хырсах,ʉa,1,2,1,2,141,1565,2,TRUE
aʉ,2,шырлан,ʉa,1,2,1,2,141,1565,2,TRUE
aʉ,2,сыхлав,ʉa,1,2,1,2,141,1565,2,TRUE
aʉ,2,сывлас,ʉa,1,2,1,2,141,1565,2,TRUE
aʉ,2,тына,ʉa,1,2,1,2,141,1565,2,TRUE
aʉ,2,йыхрав,ʉa,1,2,1,2,141,1565,2,TRUE
aʉ,2,йышран,ʉa,1,2,1,2,141,1565,2,TRUE
aʉ,2,хыпсах,ʉa,1,2,1,2,141,1565,2,TRUE
aʉ,2,вырать,ʉa,1,2,1,2,141,1565,2,TRUE
aʉ,2,шыҫать,ʉa,1,2,1,2,141,1565,2,TRUE
aʉ,2,чыса,ʉa,1,2,1,2,141,1565,2,TRUE
aʉ,2,хырас,ʉa,1,2,1,2,141,1565,2,TRUE
aʉ,2,ҫывхар,ʉa,1,2,1,2,141,1565,2,TRUE
aʉ,2,ҫыртма,ʉa,1,2,1,2,141,1565,2,TRUE
aʉ,2,ыхлах,ʉa,1,2,1,2,141,1565,2,TRUE
aʉ,2,йышпах,ʉa,1,2,1,2,141,1565,2,TRUE
aʉ,2,хырман,ʉa,1,2,1,2,141,1565,2,TRUE
aʉ,2,вырнаҫ,ʉa,1,2,1,2,141,1565,2,TRUE
aʉ,2,ҫыртан,ʉa,1,2,1,2,141,1565,2,TRUE
aʉ,2,хывас,ʉa,1,2,1,2,141,1565,2,TRUE
aʉ,2,пырсах,ʉa,1,2,1,2,141,1565,2,TRUE
aʉ,2,хырла,ʉa,1,2,1,2,141,1565,2,TRUE
aʉ,2,крымра,ʉa,1,2,1,2,141,1565,2,TRUE
aʉ,2,ҫыхать,ʉa,1,2,1,2,141,1565,2,TRUE
aʉ,2,ҫыртать,ʉa,1,2,1,2,141,1565,2,TRUE
aʉ,2,ҫыртам,ʉa,1,2,1,2,141,1565,2,TRUE
aʉ,2,тыта,ʉa,1,2,1,2,141,1565,2,TRUE
aʉ,2,хыҫса,ʉa,1,2,1,2,141,1565,2,TRUE
aʉ,2,хытсах,ʉa,1,2,1,2,141,1565,2,TRUE
aʉ,2,хывать,ʉa,1,2,1,2,141,1565,2,TRUE
aʉ,2,чышса,ʉa,1,2,1,2,141,1565,2,TRUE
aʉ,2,выртас,ʉa,1,2,1,2,141,1565,2,TRUE
aʉ,2,сыхлать,ʉa,1,2,1,2,141,1565,2,TRUE
aʉ,2,шыҫмак,ʉa,1,2,1,2,141,1565,2,TRUE
aʉ,2,хывсан,ʉa,1,2,1,2,141,1565,2,TRUE
aʉ,2,сыпма,ʉa,1,2,1,2,141,1565,2,TRUE
aʉ,2,ыйта,ʉa,1,2,1,2,141,1565,2,TRUE
aʉ,2,сыхлас,ʉa,1,2,1,2,141,1565,2,TRUE
eøø,3,тенӗччӗ,eøø,14,1,0,3,384,1428,3,TRUE
eøø,3,евӗрлӗ,eøø,7,1,0,3,384,1428,3,TRUE
eøø,3,терӗмӗр,eøø,3,1,0,3,384,1428,3,TRUE
eøø,3,перӗннӗ,eøø,3,1,0,3,384,1428,3,TRUE
eøø,3,лекнӗшӗн,eøø,2,1,0,3,384,1428,3,TRUE
eøø,3,евӗккӗн,eøø,1,1,0,3,384,1428,3,TRUE
eøø,3,тейӗпӗр,eøø,1,1,0,3,384,1428,3,TRUE
eøø,3,техӗмлӗ,eøø,1,1,0,3,384,1428,3,TRUE
eøø,3,тетӗрӗн,eøø,1,1,0,3,384,1428,3,TRUE
eøø,3,ҫепӗҫҫӗн,eøø,1,1,0,3,384,1428,3,TRUE
eøø,3,ешӗкӗ,eøø,1,1,0,3,384,1428,3,TRUE
eøø,3,перӗнчӗ,eøø,1,1,0,3,384,1428,3,TRUE
eøø,3,ҫенӗкӗн,eøø,1,1,0,3,384,1428,3,TRUE
eøø,3,пӗлтернӗ,øeø,61,2,0,3,384,1428,3,TRUE
eøø,3,хӗветӗр,øeø,33,2,0,3,384,1428,3,TRUE
eøø,3,ӗҫленӗ,øeø,29,2,0,3,384,1428,3,TRUE
eøø,3,чӗнмесӗр,øeø,28,2,0,3,384,1428,3,TRUE
eøø,3,пӗлетӗп,øeø,24,2,0,3,384,1428,3,TRUE
eøø,3,пӗлместӗп,øeø,22,2,0,3,384,1428,3,TRUE
eøø,3,пӗрремӗш,øeø,21,2,0,3,384,1428,3,TRUE
eøø,3,пӗлтерчӗ,øeø,20,2,0,3,384,1428,3,TRUE
eøø,3,пӗтернӗ,øeø,18,2,0,3,384,1428,3,TRUE
eøø,3,чӗнмерӗ,øeø,17,2,0,3,384,1428,3,TRUE
eøø,3,йӗркеллӗ,øeø,13,2,0,3,384,1428,3,TRUE
eøø,3,вӗлернӗ,øeø,12,2,0,3,384,1428,3,TRUE
eøø,3,пӗлетӗн,øeø,12,2,0,3,384,1428,3,TRUE
eøø,3,тӗреклӗ,øeø,11,2,0,3,384,1428,3,TRUE
eøø,3,пӗлмерӗ,øeø,10,2,0,3,384,1428,3,TRUE
eøø,3,пӗлетпӗр,øeø,10,2,0,3,384,1428,3,TRUE
eøø,3,йӗркелӗҫ,øeø,10,2,0,3,384,1428,3,TRUE
eøø,3,вӗреннӗ,øeø,9,2,0,3,384,1428,3,TRUE
eøø,3,пӗлмесӗр,øeø,9,2,0,3,384,1428,3,TRUE
eøø,3,вӗсемшӗн,øeø,8,2,0,3,384,1428,3,TRUE
eøø,3,вӗретчӗ,øeø,8,2,0,3,384,1428,3,TRUE
eøø,3,ӗҫлеҫҫӗ,øeø,8,2,0,3,384,1428,3,TRUE
eøø,3,кӗперӗ,øeø,7,2,0,3,384,1428,3,TRUE
eøø,3,тӗллевлӗ,øeø,7,2,0,3,384,1428,3,TRUE
eøø,3,пӗтерчӗ,øeø,7,2,0,3,384,1428,3,TRUE
eøø,3,хӗвеллӗ,øeø,7,2,0,3,384,1428,3,TRUE
eøø,3,пӗлмеҫҫӗ,øeø,7,2,0,3,384,1428,3,TRUE
eøø,3,ҫӗкленӗ,øeø,7,2,0,3,384,1428,3,TRUE
eøø,3,пӗлместӗн,øeø,6,2,0,3,384,1428,3,TRUE
eøø,3,чӗреллӗ,øeø,6,2,0,3,384,1428,3,TRUE
eøø,3,ӗҫлерӗ,øeø,6,2,0,3,384,1428,3,TRUE
eøø,3,пӗлеҫҫӗ,øeø,6,2,0,3,384,1428,3,TRUE
eøø,3,кӗтесӗ,øeø,6,2,0,3,384,1428,3,TRUE
eøø,3,чӗнеҫҫӗ,øeø,6,2,0,3,384,1428,3,TRUE
eøø,3,ӗҫлетчӗ,øeø,5,2,0,3,384,1428,3,TRUE
eøø,3,тӗллевӗ,øeø,5,2,0,3,384,1428,3,TRUE
eøø,3,кӗтетӗп,øeø,5,2,0,3,384,1428,3,TRUE
eøø,3,кӗтеслӗ,øeø,5,2,0,3,384,1428,3,TRUE
eøø,3,чӗнмеҫҫӗ,øeø,5,2,0,3,384,1428,3,TRUE
eøø,3,кӗпесӗр,øeø,5,2,0,3,384,1428,3,TRUE
eøø,3,вӗҫтернӗ,øeø,5,2,0,3,384,1428,3,TRUE
eøø,3,ҫӗклерӗ,øeø,4,2,0,3,384,1428,3,TRUE
eøø,3,чӗнмерӗн,øeø,4,2,0,3,384,1428,3,TRUE
eøø,3,хӗненӗ,øeø,4,2,0,3,384,1428,3,TRUE
eøø,3,пӗрлешнӗ,øeø,4,2,0,3,384,1428,3,TRUE
eøø,3,ӗненнӗ,øeø,4,2,0,3,384,1428,3,TRUE
eøø,3,ҫӗкленнӗ,øeø,4,2,0,3,384,1428,3,TRUE
eøø,3,ҫӗкленчӗ,øeø,4,2,0,3,384,1428,3,TRUE
eøø,3,кӗпеччӗ,øeø,4,2,0,3,384,1428,3,TRUE
eøø,3,кӗтеҫҫӗ,øeø,3,2,0,3,384,1428,3,TRUE
eøø,3,сӗтелӗ,øeø,3,2,0,3,384,1428,3,TRUE
eøø,3,кӗтетчӗ,øeø,3,2,0,3,384,1428,3,TRUE
eøø,3,вӗрентнӗ,øeø,3,2,0,3,384,1428,3,TRUE
eøø,3,ӗшеннӗ,øeø,3,2,0,3,384,1428,3,TRUE
eøø,3,сӗтеклӗ,øeø,3,2,0,3,384,1428,3,TRUE
eøø,3,пӗтертӗм,øeø,3,2,0,3,384,1428,3,TRUE
eøø,3,пӗтертӗн,øeø,3,2,0,3,384,1428,3,TRUE
eøø,3,пӗлетӗр,øeø,3,2,0,3,384,1428,3,TRUE
eøø,3,кӗлленнӗ,øeø,3,2,0,3,384,1428,3,TRUE
eøø,3,пӗрлешӗҫ,øeø,3,2,0,3,384,1428,3,TRUE
eøø,3,йӗркевӗ,øeø,3,2,0,3,384,1428,3,TRUE
eøø,3,йӗпеннӗ,øeø,2,2,0,3,384,1428,3,TRUE
eøø,3,ӗненчӗ,øeø,2,2,0,3,384,1428,3,TRUE
eøø,3,ӗҫлесшӗн,øeø,2,2,0,3,384,1428,3,TRUE
eøø,3,ӗҫеҫҫӗ,øeø,2,2,0,3,384,1428,3,TRUE
eøø,3,пӗлмерӗҫ,øeø,2,2,0,3,384,1428,3,TRUE
eøø,3,ӗҫсемшӗн,øeø,2,2,0,3,384,1428,3,TRUE
eøø,3,кӗпеллӗ,øeø,2,2,0,3,384,1428,3,TRUE
eøø,3,вӗҫтерчӗ,øeø,2,2,0,3,384,1428,3,TRUE
eøø,3,пӗлместпӗр,øeø,2,2,0,3,384,1428,3,TRUE
eøø,3,йӗпенчӗ,øeø,2,2,0,3,384,1428,3,TRUE
eøø,3,пӗлтерчӗҫ,øeø,2,2,0,3,384,1428,3,TRUE
eøø,3,пӗлместчӗ,øeø,2,2,0,3,384,1428,3,TRUE
eøø,3,чӗлхеллӗ,øeø,2,2,0,3,384,1428,3,TRUE
eøø,3,ӗҫлетӗп,øeø,2,2,0,3,384,1428,3,TRUE
eøø,3,кӗпе-йӗм,øeø,2,2,0,3,384,1428,3,TRUE
eøø,3,пӗлменшӗн,øeø,2,2,0,3,384,1428,3,TRUE
eøø,3,чӗлхесӗр,øeø,2,2,0,3,384,1428,3,TRUE
eøø,3,пӗлтерӗҫ,øeø,2,2,0,3,384,1428,3,TRUE
eøø,3,вӗҫертрӗ,øeø,2,2,0,3,384,1428,3,TRUE
eøø,3,чӗнмерӗҫ,øeø,2,2,0,3,384,1428,3,TRUE
eøø,3,пӗтерӗҫ,øeø,2,2,0,3,384,1428,3,TRUE
eøø,3,хӗвелӗ,øeø,2,2,0,3,384,1428,3,TRUE
eøø,3,тӗтреллӗ,øeø,2,2,0,3,384,1428,3,TRUE
eøø,3,пӗлтертӗм,øeø,2,2,0,3,384,1428,3,TRUE
eøø,3,хӗрелнӗ,øeø,2,2,0,3,384,1428,3,TRUE
eøø,3,йӗкелӗ,øeø,2,2,0,3,384,1428,3,TRUE
eøø,3,пӗтерчӗҫ,øeø,2,2,0,3,384,1428,3,TRUE
eøø,3,ҫӗленӗ,øeø,2,2,0,3,384,1428,3,TRUE
eøø,3,ӗҫтернӗ,øeø,2,2,0,3,384,1428,3,TRUE
eøø,3,кӗтменччӗ,øeø,2,2,0,3,384,1428,3,TRUE
eøø,3,сӗнеҫҫӗ,øeø,2,2,0,3,384,1428,3,TRUE
eøø,3,вӗретнӗ,øeø,2,2,0,3,384,1428,3,TRUE
eøø,3,ҫӗнтернӗ,øeø,2,2,0,3,384,1428,3,TRUE
eøø,3,чӗнместӗр,øeø,2,2,0,3,384,1428,3,TRUE
eøø,3,ҫӗлетнӗ,øeø,2,2,0,3,384,1428,3,TRUE
eøø,3,вӗлертӗм,øeø,2,2,0,3,384,1428,3,TRUE
eøø,3,пӗлесшӗн,øeø,2,2,0,3,384,1428,3,TRUE
eøø,3,пӗртен-пӗр,øeø,2,2,0,3,384,1428,3,TRUE
eøø,3,кӗретпӗр,øeø,2,2,0,3,384,1428,3,TRUE
eøø,3,пӗҫерчӗҫ,øeø,2,2,0,3,384,1428,3,TRUE
eøø,3,йӗркесӗр,øeø,2,2,0,3,384,1428,3,TRUE
eøø,3,вӗтетрӗм,øeø,1,2,0,3,384,1428,3,TRUE
eøø,3,ҫӗнтерчӗ,øeø,1,2,0,3,384,1428,3,TRUE
eøø,3,ӗҫлетӗр,øeø,1,2,0,3,384,1428,3,TRUE
eøø,3,чӗтреҫҫӗ,øeø,1,2,0,3,384,1428,3,TRUE
eøø,3,кӗскелнӗ,øeø,1,2,0,3,384,1428,3,TRUE
eøø,3,кӗртеҫҫӗ,øeø,1,2,0,3,384,1428,3,TRUE
eøø,3,ӗҫтерчӗ,øeø,1,2,0,3,384,1428,3,TRUE
eøø,3,тӗветӗн,øeø,1,2,0,3,384,1428,3,TRUE
eøø,3,кӗреҫҫӗ,øeø,1,2,0,3,384,1428,3,TRUE
eøø,3,вӗҫтертӗм,øeø,1,2,0,3,384,1428,3,TRUE
eøø,3,ӗҫетӗн,øeø,1,2,0,3,384,1428,3,TRUE
eøø,3,хӗнетчӗ,øeø,1,2,0,3,384,1428,3,TRUE
eøø,3,пӗлтерӗш,øeø,1,2,0,3,384,1428,3,TRUE
eøø,3,ӗҫетӗп,øeø,1,2,0,3,384,1428,3,TRUE
eøø,3,ҫӗнтертӗн,øeø,1,2,0,3,384,1428,3,TRUE
eøø,3,хӗрхеннӗ,øeø,1,2,0,3,384,1428,3,TRUE
eøø,3,кӗлечӗ,øeø,1,2,0,3,384,1428,3,TRUE
eøø,3,чӗнтерчӗ,øeø,1,2,0,3,384,1428,3,TRUE
eøø,3,ҫӗнелнӗ,øeø,1,2,0,3,384,1428,3,TRUE
eøø,3,ӗҫлерӗҫ,øeø,1,2,0,3,384,1428,3,TRUE
eøø,3,чӗнместӗн,øeø,1,2,0,3,384,1428,3,TRUE
eøø,3,чӗнтерчӗҫ,øeø,1,2,0,3,384,1428,3,TRUE
eøø,3,хӗресӗ,øeø,1,2,0,3,384,1428,3,TRUE
eøø,3,ӗҫлетӗн,øeø,1,2,0,3,384,1428,3,TRUE
eøø,3,вӗлерӗр,øeø,1,2,0,3,384,1428,3,TRUE
eøø,3,вӗрерӗ,øeø,1,2,0,3,384,1428,3,TRUE
eøø,3,йӗмерӗ,øeø,1,2,0,3,384,1428,3,TRUE
eøø,3,пӗвеннӗ,øeø,1,2,0,3,384,1428,3,TRUE
eøø,3,хӗрсемшӗн,øeø,1,2,0,3,384,1428,3,TRUE
eøø,3,вӗҫлерӗ,øeø,1,2,0,3,384,1428,3,TRUE
eøø,3,ҫӗклесшӗн,øeø,1,2,0,3,384,1428,3,TRUE
eøø,3,йӗнерӗ,øeø,1,2,0,3,384,1428,3,TRUE
eøø,3,пӗлеттӗм,øeø,1,2,0,3,384,1428,3,TRUE
eøø,3,ӗҫлетчӗҫ,øeø,1,2,0,3,384,1428,3,TRUE
eøø,3,ӗҫлерӗн,øeø,1,2,0,3,384,1428,3,TRUE
eøø,3,тӗрленӗ,øeø,1,2,0,3,384,1428,3,TRUE
eøø,3,кӗтетӗн,øeø,1,2,0,3,384,1428,3,TRUE
eøø,3,тӗпчевҫӗ,øeø,1,2,0,3,384,1428,3,TRUE
eøø,3,сӗнетӗп,øeø,1,2,0,3,384,1428,3,TRUE
eøø,3,хӗстернӗ,øeø,1,2,0,3,384,1428,3,TRUE
eøø,3,ӗнеллӗ,øeø,1,2,0,3,384,1428,3,TRUE
eøø,3,вӗҫетпӗр,øeø,1,2,0,3,384,1428,3,TRUE
eøø,3,тӗллерӗ,øeø,1,2,0,3,384,1428,3,TRUE
eøø,3,ӗҫченӗн,øeø,1,2,0,3,384,1428,3,TRUE
eøø,3,тӗтреллӗн,øeø,1,2,0,3,384,1428,3,TRUE
eøø,3,пӗҫернӗ,øeø,1,2,0,3,384,1428,3,TRUE
eøø,3,сӗнмерӗн,øeø,1,2,0,3,384,1428,3,TRUE
eøø,3,йӗпетнӗ,øeø,1,2,0,3,384,1428,3,TRUE
eøø,3,пӗтеҫҫӗ,øeø,1,2,0,3,384,1428,3,TRUE
eøø,3,тӗреннӗ,øeø,1,2,0,3,384,1428,3,TRUE
eøø,3,чӗрешӗн,øeø,1,2,0,3,384,1428,3,TRUE
eøø,3,пӗтетӗн,øeø,1,2,0,3,384,1428,3,TRUE
eøø,3,хӗреслӗ,øeø,1,2,0,3,384,1428,3,TRUE
eøø,3,кӗтетпӗр,øeø,1,2,0,3,384,1428,3,TRUE
eøø,3,чӗнетӗр,øeø,1,2,0,3,384,1428,3,TRUE
eøø,3,ӗненӗн,øeø,1,2,0,3,384,1428,3,TRUE
eøø,3,чӗркетчӗ,øeø,1,2,0,3,384,1428,3,TRUE
eøø,3,ӗҫлеттӗм,øeø,1,2,0,3,384,1428,3,TRUE
eøø,3,хӗнерӗҫ,øeø,1,2,0,3,384,1428,3,TRUE
eøø,3,тӗллевлӗн,øeø,1,2,0,3,384,1428,3,TRUE
eøø,3,вӗретӗн,øeø,1,2,0,3,384,1428,3,TRUE
eøø,3,хӗрелчӗ,øeø,1,2,0,3,384,1428,3,TRUE
eøø,3,ӗҫтертӗм,øeø,1,2,0,3,384,1428,3,TRUE
eøø,3,шӗвекӗ,øeø,1,2,0,3,384,1428,3,TRUE
eøø,3,ӗшенчӗҫ,øeø,1,2,0,3,384,1428,3,TRUE
eøø,3,хӗвелшӗн,øeø,1,2,0,3,384,1428,3,TRUE
eøø,3,пӗтеттӗн,øeø,1,2,0,3,384,1428,3,TRUE
eøø,3,сӗткенлӗ,øeø,1,2,0,3,384,1428,3,TRUE
eøø,3,чӗнетӗп,øeø,1,2,0,3,384,1428,3,TRUE
eøø,3,вӗсемсӗр,øeø,1,2,0,3,384,1428,3,TRUE
eøø,3,пӗлмерӗм,øeø,1,2,0,3,384,1428,3,TRUE
eøø,3,пӗлместӗр,øeø,1,2,0,3,384,1428,3,TRUE
eøø,3,кӗперӗн,øeø,1,2,0,3,384,1428,3,TRUE
eøø,3,ӗҫченӗ,øeø,1,2,0,3,384,1428,3,TRUE
eøø,3,чӗнместӗм,øeø,1,2,0,3,384,1428,3,TRUE
eøø,3,вӗҫленчӗ,øeø,1,2,0,3,384,1428,3,TRUE
eøø,3,ӗҫлерӗм,øeø,1,2,0,3,384,1428,3,TRUE
eøø,3,кӗтмесӗр,øeø,1,2,0,3,384,1428,3,TRUE
eøø,3,чӗкеҫӗм,øeø,1,2,0,3,384,1428,3,TRUE
eøø,3,ӗлкерчӗ,øeø,1,2,0,3,384,1428,3,TRUE
eøø,3,ҫӗнтерӗҫ,øeø,1,2,0,3,384,1428,3,TRUE
eøø,3,сӗтелӗн,øeø,1,2,0,3,384,1428,3,TRUE
eøø,3,йӗвенӗн,øeø,1,2,0,3,384,1428,3,TRUE
eøø,3,вӗрсессӗн,øeø,1,2,0,3,384,1428,3,TRUE
eøø,3,сӗнетӗн,øeø,1,2,0,3,384,1428,3,TRUE
eøø,3,тӗлленӗ,øeø,1,2,0,3,384,1428,3,TRUE
eøø,3,ҫӗнетрӗҫ,øeø,1,2,0,3,384,1428,3,TRUE
eøø,3,тӗпленччӗр,øeø,1,2,0,3,384,1428,3,TRUE
eøø,3,ҫӗнетнӗ,øeø,1,2,0,3,384,1428,3,TRUE
eøø,3,пӗтӗмпех,øøe,55,3,1,3,384,1428,3,TRUE
eøø,3,тӗлӗшпе,øøe,43,3,1,3,384,1428,3,TRUE
eøø,3,тӗлӗнсе,øøe,30,3,1,3,384,1428,3,TRUE
eøø,3,ҫӗнӗрен,øøe,29,3,1,3,384,1428,3,TRUE
eøø,3,тӗлӗнче,øøe,23,3,1,3,384,1428,3,TRUE
eøø,3,вӗҫӗнче,øøe,19,3,1,3,384,1428,3,TRUE
eøø,3,тӗрӗсех,øøe,15,3,1,3,384,1428,3,TRUE
eøø,3,ҫӗрӗпех,øøe,13,3,1,3,384,1428,3,TRUE
eøø,3,ӗҫӗсем,øøe,10,3,1,3,384,1428,3,TRUE
eøø,3,тӗлӗнсех,øøe,10,3,1,3,384,1428,3,TRUE
eøø,3,кӗтӗве,øøe,10,3,1,3,384,1428,3,TRUE
eøø,3,пӗвӗпе,øøe,9,3,1,3,384,1428,3,TRUE
eøø,3,ӗҫӗпе,øøe,9,3,1,3,384,1428,3,TRUE
eøø,3,пӗлӗтсем,øøe,9,3,1,3,384,1428,3,TRUE
eøø,3,хӗрӗсем,øøe,9,3,1,3,384,1428,3,TRUE
eøø,3,хӗрӗпе,øøe,9,3,1,3,384,1428,3,TRUE
eøø,3,тӗрлӗрен,øøe,8,3,1,3,384,1428,3,TRUE
eøø,3,йӗкӗреш,øøe,8,3,1,3,384,1428,3,TRUE
eøø,3,тӗлӗрсе,øøe,7,3,1,3,384,1428,3,TRUE
eøø,3,тӗлӗнчен,øøe,7,3,1,3,384,1428,3,TRUE
eøø,3,ӗҫӗнче,øøe,7,3,1,3,384,1428,3,TRUE
eøø,3,йӗрӗнсе,øøe,7,3,1,3,384,1428,3,TRUE
eøø,3,тӗмӗсем,øøe,6,3,1,3,384,1428,3,TRUE
eøø,3,пӗтӗмпе,øøe,6,3,1,3,384,1428,3,TRUE
eøø,3,ҫӗрӗпе,øøe,6,3,1,3,384,1428,3,TRUE
eøø,3,ҫӗмӗрле,øøe,5,3,1,3,384,1428,3,TRUE
eøø,3,тӗплӗнрех,øøe,5,3,1,3,384,1428,3,TRUE
eøø,3,пӗр-пӗрне,øøe,5,3,1,3,384,1428,3,TRUE
eøø,3,чӗмпӗрте,øøe,5,3,1,3,384,1428,3,TRUE
eøø,3,хӗрлӗрех,øøe,5,3,1,3,384,1428,3,TRUE
eøø,3,тӗтӗмпе,øøe,5,3,1,3,384,1428,3,TRUE
eøø,3,ҫӗнӗлле,øøe,5,3,1,3,384,1428,3,TRUE
eøø,3,пӗлӗте,øøe,5,3,1,3,384,1428,3,TRUE
eøø,3,тӗлӗкре,øøe,5,3,1,3,384,1428,3,TRUE
eøø,3,тӗллӗнех,øøe,4,3,1,3,384,1428,3,TRUE
eøø,3,ҫӗрӗнче,øøe,4,3,1,3,384,1428,3,TRUE
eøø,3,вӗҫӗнчен,øøe,4,3,1,3,384,1428,3,TRUE
eøø,3,хӗсӗнсе,øøe,4,3,1,3,384,1428,3,TRUE
eøø,3,ӗмӗре,øøe,4,3,1,3,384,1428,3,TRUE
eøø,3,кӗтӗвне,øøe,4,3,1,3,384,1428,3,TRUE
eøø,3,чӗлӗмне,øøe,4,3,1,3,384,1428,3,TRUE
eøø,3,йӗрӗпе,øøe,4,3,1,3,384,1428,3,TRUE
eøø,3,ӗмӗрте,øøe,4,3,1,3,384,1428,3,TRUE
eøø,3,тӗрӗслев,øøe,4,3,1,3,384,1428,3,TRUE
eøø,3,йӗлтӗрпе,øøe,4,3,1,3,384,1428,3,TRUE
eøø,3,ӗлӗкрех,øøe,3,3,1,3,384,1428,3,TRUE
eøø,3,кӗрӗкне,øøe,3,3,1,3,384,1428,3,TRUE
eøø,3,тӗлӗнет,øøe,3,3,1,3,384,1428,3,TRUE
eøø,3,ӗҫкӗпе,øøe,3,3,1,3,384,1428,3,TRUE
eøø,3,ӗмӗтне,øøe,3,3,1,3,384,1428,3,TRUE
eøø,3,ӗмӗрех,øøe,3,3,1,3,384,1428,3,TRUE
eøø,3,пӗкӗлме,øøe,3,3,1,3,384,1428,3,TRUE
eøø,3,ӗмӗрне,øøe,3,3,1,3,384,1428,3,TRUE
eøø,3,чӗрӗлсе,øøe,3,3,1,3,384,1428,3,TRUE
eøø,3,ӗмӗтпе,øøe,3,3,1,3,384,1428,3,TRUE
eøø,3,хӗтӗрпе,øøe,3,3,1,3,384,1428,3,TRUE
eøø,3,кӗмӗле,øøe,3,3,1,3,384,1428,3,TRUE
eøø,3,мӗншӗнне,øøe,2,3,1,3,384,1428,3,TRUE
eøø,3,тӗпӗнче,øøe,2,3,1,3,384,1428,3,TRUE
eøø,3,ҫӗрпӗве,øøe,2,3,1,3,384,1428,3,TRUE
eøø,3,ҫӗмӗрет,øøe,2,3,1,3,384,1428,3,TRUE
eøø,3,йӗрӗсем,øøe,2,3,1,3,384,1428,3,TRUE
eøø,3,ӗҫӗсен,øøe,2,3,1,3,384,1428,3,TRUE
eøø,3,ҫӗлӗкпе,øøe,2,3,1,3,384,1428,3,TRUE
eøø,3,тӗлӗшрен,øøe,2,3,1,3,384,1428,3,TRUE
eøø,3,мӗнӗпех,øøe,2,3,1,3,384,1428,3,TRUE
eøø,3,пӗчӗкрен,øøe,2,3,1,3,384,1428,3,TRUE
eøø,3,кӗвӗпе,øøe,2,3,1,3,384,1428,3,TRUE
eøø,3,чӗрӗлме,øøe,2,3,1,3,384,1428,3,TRUE
eøø,3,ӗмӗте,øøe,2,3,1,3,384,1428,3,TRUE
eøø,3,ҫӗрӗсем,øøe,2,3,1,3,384,1428,3,TRUE
eøø,3,кӗвӗсем,øøe,2,3,1,3,384,1428,3,TRUE
eøø,3,сӗртӗнет,øøe,2,3,1,3,384,1428,3,TRUE
eøø,3,тӗрӗнсе,øøe,2,3,1,3,384,1428,3,TRUE
eøø,3,тӗттӗмре,øøe,2,3,1,3,384,1428,3,TRUE
eøø,3,чӗлпӗрне,øøe,2,3,1,3,384,1428,3,TRUE
eøø,3,кӗрӗве,øøe,2,3,1,3,384,1428,3,TRUE
eøø,3,ҫӗлӗкне,øøe,2,3,1,3,384,1428,3,TRUE
eøø,3,тӗрӗсне,øøe,2,3,1,3,384,1428,3,TRUE
eøø,3,пӗлӗтре,øøe,2,3,1,3,384,1428,3,TRUE
eøø,3,чӗрӗллех,øøe,2,3,1,3,384,1428,3,TRUE
eøø,3,тӗтӗме,øøe,2,3,1,3,384,1428,3,TRUE
eøø,3,кӗвӗҫет,øøe,2,3,1,3,384,1428,3,TRUE
eøø,3,пӗлӗве,øøe,2,3,1,3,384,1428,3,TRUE
eøø,3,ӗмӗртен,øøe,2,3,1,3,384,1428,3,TRUE
eøø,3,тӗрӗсрех,øøe,2,3,1,3,384,1428,3,TRUE
eøø,3,хӗлӗпе,øøe,2,3,1,3,384,1428,3,TRUE
eøø,3,пӗчӗкрех,øøe,2,3,1,3,384,1428,3,TRUE
eøø,3,хӗсӗнсех,øøe,2,3,1,3,384,1428,3,TRUE
eøø,3,тӗсӗнче,øøe,2,3,1,3,384,1428,3,TRUE
eøø,3,пӗрлӗхе,øøe,2,3,1,3,384,1428,3,TRUE
eøø,3,сӗнӗвне,øøe,1,3,1,3,384,1428,3,TRUE
eøø,3,вӗҫӗпе,øøe,1,3,1,3,384,1428,3,TRUE
eøø,3,ӗмӗтнех,øøe,1,3,1,3,384,1428,3,TRUE
eøø,3,кӗнӗрен,øøe,1,3,1,3,384,1428,3,TRUE
eøø,3,пӗрӗхет,øøe,1,3,1,3,384,1428,3,TRUE
eøø,3,тӗпӗнчех,øøe,1,3,1,3,384,1428,3,TRUE
eøø,3,мӗнсӗрех,øøe,1,3,1,3,384,1428,3,TRUE
eøø,3,ӗҫнӗҫем,øøe,1,3,1,3,384,1428,3,TRUE
eøø,3,вӗтлӗхе,øøe,1,3,1,3,384,1428,3,TRUE
eøø,3,пӗвӗме,øøe,1,3,1,3,384,1428,3,TRUE
eøø,3,тӗлӗкрен,øøe,1,3,1,3,384,1428,3,TRUE
eøø,3,пӗтӗпех,øøe,1,3,1,3,384,1428,3,TRUE
eøø,3,йӗрӗнче,øøe,1,3,1,3,384,1428,3,TRUE
eøø,3,ҫӗтнӗрен,øøe,1,3,1,3,384,1428,3,TRUE
eøø,3,хӗрӗсен,øøe,1,3,1,3,384,1428,3,TRUE
eøø,3,тӗлкӗшет,øøe,1,3,1,3,384,1428,3,TRUE
eøø,3,хӗлӗхсем,øøe,1,3,1,3,384,1428,3,TRUE
eøø,3,вӗҫӗмрен,øøe,1,3,1,3,384,1428,3,TRUE
eøø,3,тӗттӗме,øøe,1,3,1,3,384,1428,3,TRUE
eøø,3,тӗслӗхрен,øøe,1,3,1,3,384,1428,3,TRUE
eøø,3,вӗҫӗсем,øøe,1,3,1,3,384,1428,3,TRUE
eøø,3,ҫӗҫӗ-ҫке,øøe,1,3,1,3,384,1428,3,TRUE
eøø,3,чӗрӗлет,øøe,1,3,1,3,384,1428,3,TRUE
eøø,3,лӗнчӗрех,øøe,1,3,1,3,384,1428,3,TRUE
eøø,3,ӗҫӗпех,øøe,1,3,1,3,384,1428,3,TRUE
eøø,3,йӗрӗпех,øøe,1,3,1,3,384,1428,3,TRUE
eøø,3,пӗчӗклех,øøe,1,3,1,3,384,1428,3,TRUE
eøø,3,ӗрӗхсе,øøe,1,3,1,3,384,1428,3,TRUE
eøø,3,пӗлӗшсен,øøe,1,3,1,3,384,1428,3,TRUE
eøø,3,тӗрӗснех,øøe,1,3,1,3,384,1428,3,TRUE
eøø,3,ҫӗпӗре,øøe,1,3,1,3,384,1428,3,TRUE
eøø,3,ҫӗмӗрсе,øøe,1,3,1,3,384,1428,3,TRUE
eøø,3,тӗлӗке,øøe,1,3,1,3,384,1428,3,TRUE
eøø,3,ӗрӗхме,øøe,1,3,1,3,384,1428,3,TRUE
eøø,3,ӗлкӗрмен,øøe,1,3,1,3,384,1428,3,TRUE
eøø,3,чӗлпӗре,øøe,1,3,1,3,384,1428,3,TRUE
eøø,3,вӗҫӗнчех,øøe,1,3,1,3,384,1428,3,TRUE
eøø,3,вӗҫӗччен,øøe,1,3,1,3,384,1428,3,TRUE
eøø,3,тӗлӗпе,øøe,1,3,1,3,384,1428,3,TRUE
eøø,3,тӗкӗсем,øøe,1,3,1,3,384,1428,3,TRUE
eøø,3,ӗлӗкех,øøe,1,3,1,3,384,1428,3,TRUE
eøø,3,ӗлкӗрче,øøe,1,3,1,3,384,1428,3,TRUE
eøø,3,пӗрӗхе,øøe,1,3,1,3,384,1428,3,TRUE
eøø,3,йӗрӗнмен,øøe,1,3,1,3,384,1428,3,TRUE
eøø,3,ҫӗвӗпе,øøe,1,3,1,3,384,1428,3,TRUE
eøø,3,пӗтнӗпе,øøe,1,3,1,3,384,1428,3,TRUE
eøø,3,сӗлӗпе,øøe,1,3,1,3,384,1428,3,TRUE
eøø,3,чӗрӗлмен,øøe,1,3,1,3,384,1428,3,TRUE
eøø,3,чӗррӗнрех,øøe,1,3,1,3,384,1428,3,TRUE
eøø,3,кӗтӗме,øøe,1,3,1,3,384,1428,3,TRUE
eøø,3,йӗрӗнес,øøe,1,3,1,3,384,1428,3,TRUE
eøø,3,пӗлнӗскер,øøe,1,3,1,3,384,1428,3,TRUE
eøø,3,пӗтнӗскер,øøe,1,3,1,3,384,1428,3,TRUE
eøø,3,хӗлӗпех,øøe,1,3,1,3,384,1428,3,TRUE
eøø,3,ӗҫӗме,øøe,1,3,1,3,384,1428,3,TRUE
eøø,3,ҫӗтӗлмен,øøe,1,3,1,3,384,1428,3,TRUE
eøø,3,тӗкӗнмен,øøe,1,3,1,3,384,1428,3,TRUE
eøø,3,ҫӗтӗлсе,øøe,1,3,1,3,384,1428,3,TRUE
eøø,3,пӗлтӗрех,øøe,1,3,1,3,384,1428,3,TRUE
eøø,3,сӗртӗнсе,øøe,1,3,1,3,384,1428,3,TRUE
eøø,3,ҫӗтӗлмест,øøe,1,3,1,3,384,1428,3,TRUE
eøø,3,чӗлӗсем,øøe,1,3,1,3,384,1428,3,TRUE
eøø,3,хӗрӗхрен,øøe,1,3,1,3,384,1428,3,TRUE
eøø,3,кӗрӗкпе,øøe,1,3,1,3,384,1428,3,TRUE
eøø,3,ҫӗтӗкпе,øøe,1,3,1,3,384,1428,3,TRUE
eøø,3,тӗтӗмне,øøe,1,3,1,3,384,1428,3,TRUE
eøø,3,ҫӗҫӗпе,øøe,1,3,1,3,384,1428,3,TRUE
eøø,3,мӗскӗне,øøe,1,3,1,3,384,1428,3,TRUE
eøø,3,ӗмӗтсем,øøe,1,3,1,3,384,1428,3,TRUE
eøø,3,кӗлӗсем,øøe,1,3,1,3,384,1428,3,TRUE
eøø,3,тӗлӗксем,øøe,1,3,1,3,384,1428,3,TRUE
eøø,3,хӗтӗртет,øøe,1,3,1,3,384,1428,3,TRUE
eøø,3,тӗршӗнсе,øøe,1,3,1,3,384,1428,3,TRUE
eøø,3,сӗкӗнсе,øøe,1,3,1,3,384,1428,3,TRUE
eøø,3,йӗкӗте,øøe,1,3,1,3,384,1428,3,TRUE
eøø,3,тӗлӗсем,øøe,1,3,1,3,384,1428,3,TRUE
eøø,3,тӗлӗнме,øøe,1,3,1,3,384,1428,3,TRUE
eøø,3,мӗкӗрсе,øøe,1,3,1,3,384,1428,3,TRUE
eøø,3,пӗкӗрлет,øøe,1,3,1,3,384,1428,3,TRUE
eøø,3,кӗҫӗтсех,øøe,1,3,1,3,384,1428,3,TRUE
eøø,3,мӗскӗнне,øøe,1,3,1,3,384,1428,3,TRUE
eøø,3,тӗмӗнчен,øøe,1,3,1,3,384,1428,3,TRUE
eøø,3,кӗрӗксем,øøe,1,3,1,3,384,1428,3,TRUE
eøø,3,чӗлӗнсе,øøe,1,3,1,3,384,1428,3,TRUE
eøø,3,пӗлӗшсем,øøe,1,3,1,3,384,1428,3,TRUE
eøø,3,тӗслӗхпе,øøe,1,3,1,3,384,1428,3,TRUE
eøø,3,тӗслӗхсем,øøe,1,3,1,3,384,1428,3,TRUE
eøø,3,тӗлӗнер,øøe,1,3,1,3,384,1428,3,TRUE
eøø,3,пӗчӗкскер,øøe,1,3,1,3,384,1428,3,TRUE
eeø,3,телейлӗ,eeø,50,2,0,3,321,1285,2,TRUE
eeø,3,телейлӗн,eeø,8,2,0,3,321,1285,2,TRUE
eeø,3,ем-ешӗл,eeø,8,2,0,3,321,1285,2,TRUE
eeø,3,ҫемьеллӗ,eeø,5,2,0,3,321,1285,2,TRUE
eeø,3,тесессӗн,eeø,5,2,0,3,321,1285,2,TRUE
eeø,3,чечеклӗ,eeø,4,2,0,3,321,1285,2,TRUE
eeø,3,лектерчӗ,eeø,4,2,0,3,321,1285,2,TRUE
eeø,3,этемӗн,eeø,3,2,0,3,321,1285,2,TRUE
eeø,3,телейсӗр,eeø,3,2,0,3,321,1285,2,TRUE
eeø,3,черечӗ,eeø,3,2,0,3,321,1285,2,TRUE
eeø,3,чечекӗ,eeø,2,2,0,3,321,1285,2,TRUE
eeø,3,переҫҫӗ,eeø,2,2,0,3,321,1285,2,TRUE
eeø,3,лекмерӗ,eeø,2,2,0,3,321,1285,2,TRUE
eeø,3,черетлӗ,eeø,2,2,0,3,321,1285,2,TRUE
eeø,3,эрехӗ,eeø,2,2,0,3,321,1285,2,TRUE
eeø,3,темерӗ,eeø,2,2,0,3,321,1285,2,TRUE
eeø,3,степеньлӗ,eeø,2,2,0,3,321,1285,2,TRUE
eeø,3,темелӗх,eeø,2,2,0,3,321,1285,2,TRUE
eeø,3,лекеҫҫӗ,eeø,2,2,0,3,321,1285,2,TRUE
eeø,3,тесеттӗм,eeø,2,2,0,3,321,1285,2,TRUE
eeø,3,пекехчӗ,eeø,1,2,0,3,321,1285,2,TRUE
eeø,3,ермерӗн,eeø,1,2,0,3,321,1285,2,TRUE
eeø,3,перетӗр,eeø,1,2,0,3,321,1285,2,TRUE
eeø,3,темерӗм,eeø,1,2,0,3,321,1285,2,TRUE
eeø,3,шеллерӗн,eeø,1,2,0,3,321,1285,2,TRUE
eeø,3,эткерӗ,eeø,1,2,0,3,321,1285,2,TRUE
eeø,3,телейӗ,eeø,1,2,0,3,321,1285,2,TRUE
eeø,3,эрнесӗр,eeø,1,2,0,3,321,1285,2,TRUE
eeø,3,шелленӗ,eeø,1,2,0,3,321,1285,2,TRUE
eeø,3,эрехшӗн,eeø,1,2,0,3,321,1285,2,TRUE
eeø,3,эрнелӗх,eeø,1,2,0,3,321,1285,2,TRUE
eeø,3,лектернӗ,eeø,1,2,0,3,321,1285,2,TRUE
eeø,3,лекетӗн,eeø,1,2,0,3,321,1285,2,TRUE
eeø,3,ҫемҫелчӗ,eeø,1,2,0,3,321,1285,2,TRUE
eeø,3,керменӗ,eeø,1,2,0,3,321,1285,2,TRUE
eeø,3,лекмеҫҫӗ,eeø,1,2,0,3,321,1285,2,TRUE
eeø,3,темтепӗр,eeø,1,2,0,3,321,1285,2,TRUE
eeø,3,лектертӗм,eeø,1,2,0,3,321,1285,2,TRUE
eeø,3,пепкемҫӗм,eeø,1,2,0,3,321,1285,2,TRUE
eeø,3,ҫеҫкеллӗ,eeø,1,2,0,3,321,1285,2,TRUE
eeø,3,черетлӗн,eeø,1,2,0,3,321,1285,2,TRUE
eeø,3,лекетчӗ,eeø,1,2,0,3,321,1285,2,TRUE
eeø,3,ҫеменшӗн,eeø,1,2,0,3,321,1285,2,TRUE
eeø,3,шеллерӗ,eeø,1,2,0,3,321,1285,2,TRUE
eeø,3,вӗсене,øee,149,3,1,3,321,1285,2,TRUE
eeø,3,енӗпе,eøe,56,3,1,3,321,1285,2,TRUE
eeø,3,тӗнчере,øee,37,3,1,3,321,1285,2,TRUE
eeø,3,вӗсенчен,øee,34,3,1,3,321,1285,2,TRUE
eeø,3,ӗҫлеме,øee,30,3,1,3,321,1285,2,TRUE
eeø,3,ӗнесем,øee,26,3,1,3,321,1285,2,TRUE
eeø,3,ҫӗрелле,øee,26,3,1,3,321,1285,2,TRUE
eeø,3,ӗҫсене,øee,24,3,1,3,321,1285,2,TRUE
eeø,3,пӗчченех,øee,23,3,1,3,321,1285,2,TRUE
eeø,3,чӗререн,øee,21,3,1,3,321,1285,2,TRUE
eeø,3,вӗсемпе,øee,20,3,1,3,321,1285,2,TRUE
eeø,3,тӗнчене,øee,19,3,1,3,321,1285,2,TRUE
eeø,3,ӗҫлекен,øee,18,3,1,3,321,1285,2,TRUE
eeø,3,темӗнле,eøe,17,3,1,3,321,1285,2,TRUE
eeø,3,чӗрене,øee,14,3,1,3,321,1285,2,TRUE
eeø,3,ӗҫлесе,øee,14,3,1,3,321,1285,2,TRUE
eeø,3,пӗлтерет,øee,12,3,1,3,321,1285,2,TRUE
eeø,3,кӗнеке,øee,11,3,1,3,321,1285,2,TRUE
eeø,3,хӗвелпе,øee,11,3,1,3,321,1285,2,TRUE
eeø,3,ӗнене,øee,11,3,1,3,321,1285,2,TRUE
eeø,3,тӗллевпе,øee,11,3,1,3,321,1285,2,TRUE
eeø,3,тӗллесе,øee,11,3,1,3,321,1285,2,TRUE
eeø,3,хӗрелсе,øee,10,3,1,3,321,1285,2,TRUE
eeø,3,мӗнлерех,øee,10,3,1,3,321,1285,2,TRUE
eeø,3,чӗрепе,øee,10,3,1,3,321,1285,2,TRUE
eeø,3,пӗтерсен,øee,10,3,1,3,321,1285,2,TRUE
eeø,3,чӗлхене,øee,10,3,1,3,321,1285,2,TRUE
eeø,3,чӗрере,øee,9,3,1,3,321,1285,2,TRUE
eeø,3,пӗлмелле,øee,9,3,1,3,321,1285,2,TRUE
eeø,3,ӗнесен,øee,8,3,1,3,321,1285,2,TRUE
eeø,3,кӗпепе,øee,8,3,1,3,321,1285,2,TRUE
eeø,3,ҫӗртенех,øee,8,3,1,3,321,1285,2,TRUE
eeø,3,ҫӗклесе,øee,8,3,1,3,321,1285,2,TRUE
eeø,3,йӗркене,øee,7,3,1,3,321,1285,2,TRUE
eeø,3,мелӗпе,eøe,7,3,1,3,321,1285,2,TRUE
eeø,3,пӗлекен,øee,7,3,1,3,321,1285,2,TRUE
eeø,3,хӗстерсе,øee,6,3,1,3,321,1285,2,TRUE
eeø,3,ӗненсе,øee,6,3,1,3,321,1285,2,TRUE
eeø,3,ӗненме,øee,6,3,1,3,321,1285,2,TRUE
eeø,3,пӗлтерме,øee,6,3,1,3,321,1285,2,TRUE
eeø,3,хӗрсене,øee,5,3,1,3,321,1285,2,TRUE
eeø,3,ӗнерех,øee,5,3,1,3,321,1285,2,TRUE
eeø,3,ҫӗнтерсе,øee,5,3,1,3,321,1285,2,TRUE
eeø,3,пӗтерме,øee,5,3,1,3,321,1285,2,TRUE
eeø,3,йӗрлесе,øee,5,3,1,3,321,1285,2,TRUE
eeø,3,кӗтесре,øee,5,3,1,3,321,1285,2,TRUE
eeø,3,тӗлнелле,øee,5,3,1,3,321,1285,2,TRUE
eeø,3,вӗлерсе,øee,5,3,1,3,321,1285,2,TRUE
eeø,3,пӗтерет,øee,5,3,1,3,321,1285,2,TRUE
eeø,3,ӗҫсемпе,øee,5,3,1,3,321,1285,2,TRUE
eeø,3,элӗке,eøe,5,3,1,3,321,1285,2,TRUE
eeø,3,пӗвене,øee,4,3,1,3,321,1285,2,TRUE
eeø,3,тенкӗпе,eøe,4,3,1,3,321,1285,2,TRUE
eeø,3,кӗпене,øee,4,3,1,3,321,1285,2,TRUE
eeø,3,членӗсем,eøe,4,3,1,3,321,1285,2,TRUE
eeø,3,тенӗрен,eøe,4,3,1,3,321,1285,2,TRUE
eeø,3,хӗвеле,øee,4,3,1,3,321,1285,2,TRUE
eeø,3,чӗлхепе,øee,4,3,1,3,321,1285,2,TRUE
eeø,3,ӗҫлессе,øee,4,3,1,3,321,1285,2,TRUE
eeø,3,ӗҫлесен,øee,4,3,1,3,321,1285,2,TRUE
eeø,3,кӗлетке,øee,4,3,1,3,321,1285,2,TRUE
eeø,3,вӗрентсе,øee,4,3,1,3,321,1285,2,TRUE
eeø,3,ҫӗклеме,øee,3,3,1,3,321,1285,2,TRUE
eeø,3,чӗтренсе,øee,3,3,1,3,321,1285,2,TRUE
eeø,3,тӗпеле,øee,3,3,1,3,321,1285,2,TRUE
eeø,3,пӗтерсе,øee,3,3,1,3,321,1285,2,TRUE
eeø,3,йӗркерен,øee,3,3,1,3,321,1285,2,TRUE
eeø,3,сӗтеле,øee,3,3,1,3,321,1285,2,TRUE
eeø,3,ӗненмен,øee,3,3,1,3,321,1285,2,TRUE
eeø,3,вӗҫтерсе,øee,3,3,1,3,321,1285,2,TRUE
eeø,3,кӗрлесе,øee,3,3,1,3,321,1285,2,TRUE
eeø,3,меллӗрех,eøe,3,3,1,3,321,1285,2,TRUE
eeø,3,перӗнет,eøe,3,3,1,3,321,1285,2,TRUE
eeø,3,хӗрхенсе,øee,3,3,1,3,321,1285,2,TRUE
eeø,3,вӗсенче,øee,3,3,1,3,321,1285,2,TRUE
eeø,3,ӗненес,øee,3,3,1,3,321,1285,2,TRUE
eeø,3,чӗтрекен,øee,3,3,1,3,321,1285,2,TRUE
eeø,3,тӗлленмен,øee,3,3,1,3,321,1285,2,TRUE
eeø,3,хӗнесе,øee,3,3,1,3,321,1285,2,TRUE
eeø,3,перӗнсе,eøe,3,3,1,3,321,1285,2,TRUE
eeø,3,ҫӗкленсе,øee,3,3,1,3,321,1285,2,TRUE
eeø,3,ҫенӗке,eøe,3,3,1,3,321,1285,2,TRUE
eeø,3,пӗлтерсе,øee,3,3,1,3,321,1285,2,TRUE
eeø,3,ҫӗкленет,øee,3,3,1,3,321,1285,2,TRUE
eeø,3,кӗтекен,øee,3,3,1,3,321,1285,2,TRUE
eeø,3,хӗвелтен,øee,3,3,1,3,321,1285,2,TRUE
eeø,3,ҫӗреллех,øee,2,3,1,3,321,1285,2,TRUE
eeø,3,ҫӗклекен,øee,2,3,1,3,321,1285,2,TRUE
eeø,3,кӗперпе,øee,2,3,1,3,321,1285,2,TRUE
eeø,3,чӗреспе,øee,2,3,1,3,321,1285,2,TRUE
eeø,3,тӗллевсем,øee,2,3,1,3,321,1285,2,TRUE
eeø,3,ҫӗнетме,øee,2,3,1,3,321,1285,2,TRUE
eeø,3,ҫӗнтерес,øee,2,3,1,3,321,1285,2,TRUE
eeø,3,тӗрмере,øee,2,3,1,3,321,1285,2,TRUE
eeø,3,пӗтерен,øee,2,3,1,3,321,1285,2,TRUE
eeø,3,ӗҫенрен,øee,2,3,1,3,321,1285,2,TRUE
eeø,3,ӗрчесех,øee,2,3,1,3,321,1285,2,TRUE
eeø,3,йӗркеллех,øee,2,3,1,3,321,1285,2,TRUE
eeø,3,евӗрех,eøe,2,3,1,3,321,1285,2,TRUE
eeø,3,кӗрекен,øee,2,3,1,3,321,1285,2,TRUE
eeø,3,ӗшенсе,øee,2,3,1,3,321,1285,2,TRUE
eeø,3,ҫӗрсенче,øee,2,3,1,3,321,1285,2,TRUE
eeø,3,ӗҫлевпе,øee,2,3,1,3,321,1285,2,TRUE
eeø,3,тӗсесе,øee,2,3,1,3,321,1285,2,TRUE
eeø,3,кӗрешсе,øee,2,3,1,3,321,1285,2,TRUE
eeø,3,ӗнепе,øee,2,3,1,3,321,1285,2,TRUE
eeø,3,вӗҫленсен,øee,2,3,1,3,321,1285,2,TRUE
eeø,3,вӗҫтерет,øee,2,3,1,3,321,1285,2,TRUE
eeø,3,вӗҫертмест,øee,2,3,1,3,321,1285,2,TRUE
eeø,3,кӗтесе,øee,2,3,1,3,321,1285,2,TRUE
eeø,3,чӗтресе,øee,2,3,1,3,321,1285,2,TRUE
eeø,3,тӗнчерен,øee,2,3,1,3,321,1285,2,TRUE
eeø,3,пӗтерес,øee,2,3,1,3,321,1285,2,TRUE
eeø,3,енӗнче,eøe,2,3,1,3,321,1285,2,TRUE
eeø,3,ҫенӗкре,eøe,2,3,1,3,321,1285,2,TRUE
eeø,3,темӗскер,eøe,2,3,1,3,321,1285,2,TRUE
eeø,3,вӗҫертсе,øee,2,3,1,3,321,1285,2,TRUE
eeø,3,пӗлтермен,øee,2,3,1,3,321,1285,2,TRUE
eeø,3,кӗрешет,øee,2,3,1,3,321,1285,2,TRUE
eeø,3,вӗренсе,øee,2,3,1,3,321,1285,2,TRUE
eeø,3,йӗркепе,øee,2,3,1,3,321,1285,2,TRUE
eeø,3,мӗнешкел,øee,2,3,1,3,321,1285,2,TRUE
eeø,3,перӗнмен,eøe,2,3,1,3,321,1285,2,TRUE
eeø,3,кӗлете,øee,2,3,1,3,321,1285,2,TRUE
eeø,3,кӗрлеме,øee,2,3,1,3,321,1285,2,TRUE
eeø,3,кӗленче,øee,2,3,1,3,321,1285,2,TRUE
eeø,3,тӗмеске,øee,2,3,1,3,321,1285,2,TRUE
eeø,3,тӗллевне,øee,2,3,1,3,321,1285,2,TRUE
eeø,3,ӗҫсенче,øee,2,3,1,3,321,1285,2,TRUE
eeø,3,вӗрентет,øee,2,3,1,3,321,1285,2,TRUE
eeø,3,вӗлерме,øee,2,3,1,3,321,1285,2,TRUE
eeø,3,шӗвеке,øee,2,3,1,3,321,1285,2,TRUE
eeø,3,шӗвексем,øee,1,3,1,3,321,1285,2,TRUE
eeø,3,ҫӗнетес,øee,1,3,1,3,321,1285,2,TRUE
eeø,3,йӗлмесем,øee,1,3,1,3,321,1285,2,TRUE
eeø,3,пӗрререн,øee,1,3,1,3,321,1285,2,TRUE
eeø,3,тӗревпе,øee,1,3,1,3,321,1285,2,TRUE
eeø,3,чӗренех,øee,1,3,1,3,321,1285,2,TRUE
eeø,3,кӗсьене,øee,1,3,1,3,321,1285,2,TRUE
eeø,3,тӗнчерех,øee,1,3,1,3,321,1285,2,TRUE
eeø,3,вӗҫлемен,øee,1,3,1,3,321,1285,2,TRUE
eeø,3,тӗлленет,øee,1,3,1,3,321,1285,2,TRUE
eeø,3,сӗлеке,øee,1,3,1,3,321,1285,2,TRUE
eeø,3,ҫеҫпӗле,eøe,1,3,1,3,321,1285,2,TRUE
eeø,3,пӗлессе,øee,1,3,1,3,321,1285,2,TRUE
eeø,3,мерчӗке,eøe,1,3,1,3,321,1285,2,TRUE
eeø,3,тӗллевпех,øee,1,3,1,3,321,1285,2,TRUE
eeø,3,тӗпчесе,øee,1,3,1,3,321,1285,2,TRUE
eeø,3,кӗрлекен,øee,1,3,1,3,321,1285,2,TRUE
eeø,3,хӗстерме,øee,1,3,1,3,321,1285,2,TRUE
eeø,3,ҫӗнтерсен,øee,1,3,1,3,321,1285,2,TRUE
eeø,3,пӗлмене,øee,1,3,1,3,321,1285,2,TRUE
eeø,3,перӗнес,eøe,1,3,1,3,321,1285,2,TRUE
eeø,3,несӗлтен,eøe,1,3,1,3,321,1285,2,TRUE
eeø,3,несӗле,eøe,1,3,1,3,321,1285,2,TRUE
eeø,3,тенӗскер,eøe,1,3,1,3,321,1285,2,TRUE
eeø,3,ҫӗртмене,øee,1,3,1,3,321,1285,2,TRUE
eeø,3,сӗтелне,øee,1,3,1,3,321,1285,2,TRUE
eeø,3,вӗллене,øee,1,3,1,3,321,1285,2,TRUE
eeø,3,ӗненсен,øee,1,3,1,3,321,1285,2,TRUE
eeø,3,петӗмпе,eøe,1,3,1,3,321,1285,2,TRUE
eeø,3,тӗрмешме,øee,1,3,1,3,321,1285,2,TRUE
eeø,3,пӗҫермест,øee,1,3,1,3,321,1285,2,TRUE
eeø,3,пекӗпе,eøe,1,3,1,3,321,1285,2,TRUE
eeø,3,хӗретсе,øee,1,3,1,3,321,1285,2,TRUE
eeø,3,чӗнмесен,øee,1,3,1,3,321,1285,2,TRUE
eeø,3,вӗрене,øee,1,3,1,3,321,1285,2,TRUE
eeø,3,ӗҫтерес,øee,1,3,1,3,321,1285,2,TRUE
eeø,3,ӗҫмесен,øee,1,3,1,3,321,1285,2,TRUE
eeø,3,мелӗпех,eøe,1,3,1,3,321,1285,2,TRUE
eeø,3,вӗренпе,øee,1,3,1,3,321,1285,2,TRUE
eeø,3,чӗресне,øee,1,3,1,3,321,1285,2,TRUE
eeø,3,ҫӗмренне,øee,1,3,1,3,321,1285,2,TRUE
eeø,3,пӗтетех,øee,1,3,1,3,321,1285,2,TRUE
eeø,3,кӗрсенех,øee,1,3,1,3,321,1285,2,TRUE
eeø,3,рейчӗсем,eøe,1,3,1,3,321,1285,2,TRUE
eeø,3,чӗтренме,øee,1,3,1,3,321,1285,2,TRUE
eeø,3,сӗтелсем,øee,1,3,1,3,321,1285,2,TRUE
eeø,3,йӗпене,øee,1,3,1,3,321,1285,2,TRUE
eeø,3,ҫӗкленме,øee,1,3,1,3,321,1285,2,TRUE
eeø,3,вӗрекен,øee,1,3,1,3,321,1285,2,TRUE
eeø,3,чӗнеймен,øee,1,3,1,3,321,1285,2,TRUE
eeø,3,хӗсметре,øee,1,3,1,3,321,1285,2,TRUE
eeø,3,вӗлермен,øee,1,3,1,3,321,1285,2,TRUE
eeø,3,кӗрешме,øee,1,3,1,3,321,1285,2,TRUE
eeø,3,енӗсем,eøe,1,3,1,3,321,1285,2,TRUE
eeø,3,ӗҫсенчен,øee,1,3,1,3,321,1285,2,TRUE
eeø,3,сӗтелтен,øee,1,3,1,3,321,1285,2,TRUE
eeø,3,ӗненмест,øee,1,3,1,3,321,1285,2,TRUE
eeø,3,вӗретсе,øee,1,3,1,3,321,1285,2,TRUE
eeø,3,кӗреке,øee,1,3,1,3,321,1285,2,TRUE
eeø,3,ӗҫессе,øee,1,3,1,3,321,1285,2,TRUE
eeø,3,мӗлкене,øee,1,3,1,3,321,1285,2,TRUE
eeø,3,ӗҫмелле,øee,1,3,1,3,321,1285,2,TRUE
eeø,3,вӗлерес,øee,1,3,1,3,321,1285,2,TRUE
eeø,3,ӗнерен,øee,1,3,1,3,321,1285,2,TRUE
eeø,3,ӗҫтерет,øee,1,3,1,3,321,1285,2,TRUE
eeø,3,пӗвесем,øee,1,3,1,3,321,1285,2,TRUE
eeø,3,перӗнсен,eøe,1,3,1,3,321,1285,2,TRUE
eeø,3,пӗлетеп,øee,1,3,1,3,321,1285,2,TRUE
eeø,3,ӗненсех,øee,1,3,1,3,321,1285,2,TRUE
eeø,3,пӗлтермест,øee,1,3,1,3,321,1285,2,TRUE
eeø,3,вӗресе,øee,1,3,1,3,321,1285,2,TRUE
eeø,3,шӗвекне,øee,1,3,1,3,321,1285,2,TRUE
eeø,3,ӗнерпе,øee,1,3,1,3,321,1285,2,TRUE
eeø,3,пӗтерем,øee,1,3,1,3,321,1285,2,TRUE
eeø,3,хӗрсенчен,øee,1,3,1,3,321,1285,2,TRUE
eeø,3,тӗпчеме,øee,1,3,1,3,321,1285,2,TRUE
eeø,3,хӗсмете,øee,1,3,1,3,321,1285,2,TRUE
eeø,3,чӗкеҫсем,øee,1,3,1,3,321,1285,2,TRUE
eeø,3,пӗрлешсе,øee,1,3,1,3,321,1285,2,TRUE
eeø,3,кӗртмелле,øee,1,3,1,3,321,1285,2,TRUE
eeø,3,вӗренмен,øee,1,3,1,3,321,1285,2,TRUE
eeø,3,хӗнеме,øee,1,3,1,3,321,1285,2,TRUE
eeø,3,кӗренке,øee,1,3,1,3,321,1285,2,TRUE
eeø,3,тӗлленме,øee,1,3,1,3,321,1285,2,TRUE
eeø,3,кӗтесне,øee,1,3,1,3,321,1285,2,TRUE
eeø,3,кӗреҫе,øee,1,3,1,3,321,1285,2,TRUE
eeø,3,хӗрхенет,øee,1,3,1,3,321,1285,2,TRUE
eeø,3,сӗтелпе,øee,1,3,1,3,321,1285,2,TRUE
eeø,3,кӗтессе,øee,1,3,1,3,321,1285,2,TRUE
eeø,3,пӗррере,øee,1,3,1,3,321,1285,2,TRUE
eeø,3,вӗҫленет,øee,1,3,1,3,321,1285,2,TRUE
eeø,3,вӗлтлетсе,øee,1,3,1,3,321,1285,2,TRUE
eeø,3,кӗрепле,øee,1,3,1,3,321,1285,2,TRUE
eeø,3,йӗрекен,øee,1,3,1,3,321,1285,2,TRUE
eeø,3,тексчӗсен,eøe,1,3,1,3,321,1285,2,TRUE
eeø,3,ӗненет,øee,1,3,1,3,321,1285,2,TRUE
eeø,3,чӗтретет,øee,1,3,1,3,321,1285,2,TRUE
eeø,3,йӗпенме,øee,1,3,1,3,321,1285,2,TRUE
eeø,3,ҫӗклесен,øee,1,3,1,3,321,1285,2,TRUE
eeø,3,хӗсерех,øee,1,3,1,3,321,1285,2,TRUE
eeø,3,ӗшнене,øee,1,3,1,3,321,1285,2,TRUE
eeø,3,ӗҫченсем,øee,1,3,1,3,321,1285,2,TRUE
eeø,3,пӗвере,øee,1,3,1,3,321,1285,2,TRUE
eeø,3,кӗлленсе,øee,1,3,1,3,321,1285,2,TRUE
eeø,3,вӗрмесен,øee,1,3,1,3,321,1285,2,TRUE
eeø,3,вӗҫеве,øee,1,3,1,3,321,1285,2,TRUE
eeø,3,вӗренсен,øee,1,3,1,3,321,1285,2,TRUE
eeø,3,етӗрне,eøe,1,3,1,3,321,1285,2,TRUE
eeø,3,кӗменех,øee,1,3,1,3,321,1285,2,TRUE
eeø,3,пӗлтерсен,øee,1,3,1,3,321,1285,2,TRUE
eeø,3,ҫӗнтерсех,øee,1,3,1,3,321,1285,2,TRUE
eeø,3,тенӗнех,eøe,1,3,1,3,321,1285,2,TRUE
eeø,3,хӗрелет,øee,1,3,1,3,321,1285,2,TRUE
eeø,3,тӗреве,øee,1,3,1,3,321,1285,2,TRUE
eeø,3,ҫенӗхре,eøe,1,3,1,3,321,1285,2,TRUE
eeø,3,кӗтнепе,øee,1,3,1,3,321,1285,2,TRUE
eeø,3,ҫенӗкне,eøe,1,3,1,3,321,1285,2,TRUE
eeø,3,чӗнтерсе,øee,1,3,1,3,321,1285,2,TRUE
eeø,3,ҫӗрсене,øee,1,3,1,3,321,1285,2,TRUE
eeø,3,йӗрсене,øee,1,3,1,3,321,1285,2,TRUE
eeø,3,чӗресем,øee,1,3,1,3,321,1285,2,TRUE
eeø,3,вӗренер,øee,1,3,1,3,321,1285,2,TRUE
eeø,3,ӗрете,øee,1,3,1,3,321,1285,2,TRUE
eeø,3,чӗтреме,øee,1,3,1,3,321,1285,2,TRUE
eeø,3,текӗнмен,eøe,1,3,1,3,321,1285,2,TRUE
eeø,3,ӗҫпеле,øee,1,3,1,3,321,1285,2,TRUE
eeø,3,ӗҫчене,øee,1,3,1,3,321,1285,2,TRUE
eeø,3,ӗҫлемест,øee,1,3,1,3,321,1285,2,TRUE
eeø,3,перӗнмест,eøe,1,3,1,3,321,1285,2,TRUE
eeø,3,хӗнемен,øee,1,3,1,3,321,1285,2,TRUE
eeø,3,кӗсьерен,øee,1,3,1,3,321,1285,2,TRUE
eeø,3,тӗлелле,øee,1,3,1,3,321,1285,2,TRUE
eeø,3,ретӗнче,eøe,1,3,1,3,321,1285,2,TRUE
eeø,3,тенкӗне,eøe,1,3,1,3,321,1285,2,TRUE
eeø,3,хӗрхенмен,øee,1,3,1,3,321,1285,2,TRUE
eeø,3,ӗхлетсе,øee,1,3,1,3,321,1285,2,TRUE
eeø,3,чӗнекен,øee,1,3,1,3,321,1285,2,TRUE
eeø,3,ӗҫченне,øee,1,3,1,3,321,1285,2,TRUE
eeø,3,чӗлхесен,øee,1,3,1,3,321,1285,2,TRUE
eeø,3,вӗсенех,øee,1,3,1,3,321,1285,2,TRUE
eeø,3,чӗлхерен,øee,1,3,1,3,321,1285,2,TRUE
eeø,3,йӗркере,øee,1,3,1,3,321,1285,2,TRUE
eeø,3,сӗнекен,øee,1,3,1,3,321,1285,2,TRUE
eeø,3,шӗвексен,øee,1,3,1,3,321,1285,2,TRUE
eeø,3,тӗмшерте,øee,1,3,1,3,321,1285,2,TRUE
aøɵ,3,арӑмӗ,aɵø,132,1,0,3,171,1011,2,TRUE
aøɵ,3,амӑшӗ,aɵø,97,1,0,3,171,1011,2,TRUE
aøɵ,3,чарӑнчӗ,aɵø,34,1,0,3,171,1011,2,TRUE
aøɵ,3,ҫаврӑнчӗ,aɵø,31,1,0,3,171,1011,2,TRUE
aøɵ,3,таврӑнчӗ,aɵø,26,1,0,3,171,1011,2,TRUE
aøɵ,3,палӑрчӗ,aɵø,22,1,0,3,171,1011,2,TRUE
aøɵ,3,палӑртрӗ,aɵø,21,1,0,3,171,1011,2,TRUE
aøɵ,3,халӑхӗ,aɵø,20,1,0,3,171,1011,2,TRUE
aøɵ,3,палӑртӗҫ,aɵø,15,1,0,3,171,1011,2,TRUE
aøɵ,3,алӑкӗ,aɵø,14,1,0,3,171,1011,2,TRUE
aøɵ,3,аппӑшӗ,aɵø,12,1,0,3,171,1011,2,TRUE
aøɵ,3,арӑмӗн,aɵø,10,1,0,3,171,1011,2,TRUE
aøɵ,3,татӑкӗ,aɵø,10,1,0,3,171,1011,2,TRUE
aøɵ,3,амӑшӗн,aɵø,10,1,0,3,171,1011,2,TRUE
aøɵ,3,тавӑрчӗ,aɵø,8,1,0,3,171,1011,2,TRUE
aøɵ,3,савӑнчӗ,aɵø,8,1,0,3,171,1011,2,TRUE
aøɵ,3,халӑхӗн,aɵø,7,1,0,3,171,1011,2,TRUE
aøɵ,3,явнӑччӗ,aɵø,7,1,0,3,171,1011,2,TRUE
aøɵ,3,каҫӑртрӗ,aɵø,6,1,0,3,171,1011,2,TRUE
aøɵ,3,сарӑлчӗ,aɵø,6,1,0,3,171,1011,2,TRUE
aøɵ,3,лаптӑкӗ,aɵø,6,1,0,3,171,1011,2,TRUE
aøɵ,3,панӑччӗ,aɵø,6,1,0,3,171,1011,2,TRUE
aøɵ,3,палӑртӗ,aɵø,6,1,0,3,171,1011,2,TRUE
aøɵ,3,таврӑнчӗҫ,aɵø,5,1,0,3,171,1011,2,TRUE
aøɵ,3,чарӑнчӗҫ,aɵø,5,1,0,3,171,1011,2,TRUE
aøɵ,3,ванчӑкӗ,aɵø,5,1,0,3,171,1011,2,TRUE
aøɵ,3,маҫтӑрӗн,aɵø,5,1,0,3,171,1011,2,TRUE
aøɵ,3,ярӑмӗ,aɵø,4,1,0,3,171,1011,2,TRUE
aøɵ,3,чарӑнӗ,aɵø,4,1,0,3,171,1011,2,TRUE
aøɵ,3,татӑлчӗ,aɵø,3,1,0,3,171,1011,2,TRUE
aøɵ,3,катӑкӗ,aɵø,3,1,0,3,171,1011,2,TRUE
aøɵ,3,ҫапӑнчӗ,aɵø,3,1,0,3,171,1011,2,TRUE
aøɵ,3,тахӑшӗ,aɵø,3,1,0,3,171,1011,2,TRUE
aøɵ,3,ҫавӑрчӗ,aɵø,3,1,0,3,171,1011,2,TRUE
aøɵ,3,ҫаврӑнчӗҫ,aɵø,3,1,0,3,171,1011,2,TRUE
aøɵ,3,авӑнчӗ,aɵø,3,1,0,3,171,1011,2,TRUE
aøɵ,3,машӑрӗ,aɵø,3,1,0,3,171,1011,2,TRUE
aøɵ,3,айӑпӗн,aɵø,3,1,0,3,171,1011,2,TRUE
aøɵ,3,ватлӑхӗ,aɵø,3,1,0,3,171,1011,2,TRUE
aøɵ,3,ҫамрӑкчӗ,aɵø,2,1,0,3,171,1011,2,TRUE
aøɵ,3,палӑртрӗҫ,aɵø,2,1,0,3,171,1011,2,TRUE
aøɵ,3,кашӑкӗ,aɵø,2,1,0,3,171,1011,2,TRUE
aøɵ,3,такӑшӗ,aɵø,2,1,0,3,171,1011,2,TRUE
aøɵ,3,палӑрчӗҫ,aɵø,2,1,0,3,171,1011,2,TRUE
aøɵ,3,кантӑкӗ,aɵø,2,1,0,3,171,1011,2,TRUE
aøɵ,3,ҫавӑрчӗҫ,aɵø,2,1,0,3,171,1011,2,TRUE
aøɵ,3,карчӑкӗ,aɵø,2,1,0,3,171,1011,2,TRUE
aøɵ,3,тайӑлчӗ,aɵø,2,1,0,3,171,1011,2,TRUE
aøɵ,3,алӑкӗн,aɵø,2,1,0,3,171,1011,2,TRUE
aøɵ,3,чаплӑччӗ,aɵø,2,1,0,3,171,1011,2,TRUE
aøɵ,3,лапчӑтрӗ,aɵø,1,1,0,3,171,1011,2,TRUE
aøɵ,3,савӑнӗ,aɵø,1,1,0,3,171,1011,2,TRUE
aøɵ,3,ҫавӑрӗ,aɵø,1,1,0,3,171,1011,2,TRUE
aøɵ,3,ашкӑнчӗ,aɵø,1,1,0,3,171,1011,2,TRUE
aøɵ,3,лакӑмӗ,aɵø,1,1,0,3,171,1011,2,TRUE
aøɵ,3,савӑлӗ,aɵø,1,1,0,3,171,1011,2,TRUE
aøɵ,3,танкӑшрӗ,aɵø,1,1,0,3,171,1011,2,TRUE
aøɵ,3,аппӑшӗн,aɵø,1,1,0,3,171,1011,2,TRUE
aøɵ,3,савӑчӗн,aɵø,1,1,0,3,171,1011,2,TRUE
aøɵ,3,павӑлӗ,aɵø,1,1,0,3,171,1011,2,TRUE
aøɵ,3,ҫавӑтрӗ,aɵø,1,1,0,3,171,1011,2,TRUE
aøɵ,3,савӑчӗ,aɵø,1,1,0,3,171,1011,2,TRUE
aøɵ,3,тайлӑмӗ,aɵø,1,1,0,3,171,1011,2,TRUE
aøɵ,3,тапӑнчӗ,aɵø,1,1,0,3,171,1011,2,TRUE
aøɵ,3,паттӑрӗ,aɵø,1,1,0,3,171,1011,2,TRUE
aøɵ,3,аккӑшӗ,aɵø,1,1,0,3,171,1011,2,TRUE
aøɵ,3,аслӑкӗ,aɵø,1,1,0,3,171,1011,2,TRUE
aøɵ,3,ялкӑшрӗ,aɵø,1,1,0,3,171,1011,2,TRUE
aøɵ,3,ярӑнчӗ,aɵø,1,1,0,3,171,1011,2,TRUE
aøɵ,3,канӑҫӗ,aɵø,1,1,0,3,171,1011,2,TRUE
aøɵ,3,тапӑнчӗҫ,aɵø,1,1,0,3,171,1011,2,TRUE
aøɵ,3,кайӑкӗ,aɵø,1,1,0,3,171,1011,2,TRUE
aøɵ,3,айлӑмӗ,aɵø,1,1,0,3,171,1011,2,TRUE
aøɵ,3,сас-чӑвӗ,aɵø,1,1,0,3,171,1011,2,TRUE
aøɵ,3,тарӑхрӗ,aɵø,1,1,0,3,171,1011,2,TRUE
aøɵ,3,савӑнчӗҫ,aɵø,1,1,0,3,171,1011,2,TRUE
aøɵ,3,шанчӑкӗ,aɵø,1,1,0,3,171,1011,2,TRUE
aøɵ,3,татӑлчӗҫ,aɵø,1,1,0,3,171,1011,2,TRUE
aøɵ,3,тантӑшӗ,aɵø,1,1,0,3,171,1011,2,TRUE
aøɵ,3,таврӑнӗ,aɵø,1,1,0,3,171,1011,2,TRUE
aøɵ,3,сапӑнчӗ,aɵø,1,1,0,3,171,1011,2,TRUE
aøɵ,3,чаплӑхӗ,aɵø,1,1,0,3,171,1011,2,TRUE
aøɵ,3,чарӑлчӗҫ,aɵø,1,1,0,3,171,1011,2,TRUE
aøɵ,3,айӑпӗ,aɵø,1,1,0,3,171,1011,2,TRUE
aøɵ,3,сантӑрӗ,aɵø,1,1,0,3,171,1011,2,TRUE
aøɵ,3,татӑкӗн,aɵø,1,1,0,3,171,1011,2,TRUE
aøɵ,3,хӗрарӑм,øaɵ,110,2,0,3,171,1011,2,TRUE
aøɵ,3,кӑтартрӗ,ɵaø,24,2,0,3,171,1011,2,TRUE
aøɵ,3,сӑлтавӗ,ɵaø,15,2,0,3,171,1011,2,TRUE
aøɵ,3,тӑраҫҫӗ,ɵaø,13,2,0,3,171,1011,2,TRUE
aøɵ,3,тӑваҫҫӗ,ɵaø,12,2,0,3,171,1011,2,TRUE
aøɵ,3,тӑмарӗ,ɵaø,11,2,0,3,171,1011,2,TRUE
aøɵ,3,хӑпарчӗ,ɵaø,11,2,0,3,171,1011,2,TRUE
aøɵ,3,хӑварчӗ,ɵaø,10,2,0,3,171,1011,2,TRUE
aøɵ,3,хӑтланчӗ,ɵaø,9,2,0,3,171,1011,2,TRUE
aøɵ,3,сӑмахӗ,ɵaø,8,2,0,3,171,1011,2,TRUE
aøɵ,3,кӑтартӗҫ,ɵaø,8,2,0,3,171,1011,2,TRUE
aøɵ,3,пӑхаҫҫӗ,ɵaø,7,2,0,3,171,1011,2,TRUE
aøɵ,3,пӑхмарӗ,ɵaø,7,2,0,3,171,1011,2,TRUE
aøɵ,3,ӑнланчӗ,ɵaø,6,2,0,3,171,1011,2,TRUE
aøɵ,3,ҫӑварӗ,ɵaø,6,2,0,3,171,1011,2,TRUE
aøɵ,3,ӑсатрӗ,ɵaø,5,2,0,3,171,1011,2,TRUE
aøɵ,3,лӑпланчӗ,ɵaø,5,2,0,3,171,1011,2,TRUE
aøɵ,3,лӑпкарӗ,ɵaø,4,2,0,3,171,1011,2,TRUE
aøɵ,3,хӑварчӗҫ,ɵaø,4,2,0,3,171,1011,2,TRUE
aøɵ,3,сӑваҫҫӗ,ɵaø,4,2,0,3,171,1011,2,TRUE
aøɵ,3,пӑрахрӗ,ɵaø,3,2,0,3,171,1011,2,TRUE
aøɵ,3,тӑмаҫҫӗ,ɵaø,3,2,0,3,171,1011,2,TRUE
aøɵ,3,хӑрарӗ,ɵaø,3,2,0,3,171,1011,2,TRUE
aøɵ,3,пӑхатчӗ,ɵaø,3,2,0,3,171,1011,2,TRUE
aøɵ,3,ӑнланӗ,ɵaø,3,2,0,3,171,1011,2,TRUE
aøɵ,3,сӑпачӗ,ɵaø,3,2,0,3,171,1011,2,TRUE
aøɵ,3,тӑмарӗҫ,ɵaø,3,2,0,3,171,1011,2,TRUE
aøɵ,3,тӑсаҫҫӗ,ɵaø,3,2,0,3,171,1011,2,TRUE
aøɵ,3,хӑратрӗ,ɵaø,3,2,0,3,171,1011,2,TRUE
aøɵ,3,тӑкмаҫҫӗ,ɵaø,3,2,0,3,171,1011,2,TRUE
aøɵ,3,ӑстаччӗ,ɵaø,3,2,0,3,171,1011,2,TRUE
aøɵ,3,вӑйланчӗ,ɵaø,2,2,0,3,171,1011,2,TRUE
aøɵ,3,кӑтартрӗҫ,ɵaø,2,2,0,3,171,1011,2,TRUE
aøɵ,3,шӑваҫҫӗ,ɵaø,2,2,0,3,171,1011,2,TRUE
aøɵ,3,хӑпартрӗ,ɵaø,2,2,0,3,171,1011,2,TRUE
aøɵ,3,пӑлханчӗ,ɵaø,2,2,0,3,171,1011,2,TRUE
aøɵ,3,хӑтланчӗҫ,ɵaø,2,2,0,3,171,1011,2,TRUE
aøɵ,3,тӑнлавӗ,ɵaø,2,2,0,3,171,1011,2,TRUE
aøɵ,3,тӑхтасчӗ,ɵaø,2,2,0,3,171,1011,2,TRUE
aøɵ,3,ӑсатрӗҫ,ɵaø,2,2,0,3,171,1011,2,TRUE
aøɵ,3,шӑпланчӗ,ɵaø,2,2,0,3,171,1011,2,TRUE
aøɵ,3,хӑварӗҫ,ɵaø,2,2,0,3,171,1011,2,TRUE
aøɵ,3,тӑванӗ,ɵaø,2,2,0,3,171,1011,2,TRUE
aøɵ,3,вӑрманӗн,ɵaø,2,2,0,3,171,1011,2,TRUE
aøɵ,3,сӑнатчӗҫ,ɵaø,2,2,0,3,171,1011,2,TRUE
aøɵ,3,вӑйланӗ,ɵaø,2,2,0,3,171,1011,2,TRUE
aøɵ,3,хӑвалӗ,ɵaø,1,2,0,3,171,1011,2,TRUE
aøɵ,3,хӑварӗ,ɵaø,1,2,0,3,171,1011,2,TRUE
aøɵ,3,пӑваҫҫӗ,ɵaø,1,2,0,3,171,1011,2,TRUE
aøɵ,3,ӑсанчӗҫ,ɵaø,1,2,0,3,171,1011,2,TRUE
aøɵ,3,шӑпланчӗҫ,ɵaø,1,2,0,3,171,1011,2,TRUE
aøɵ,3,шӑв-шавӗ,ɵaø,1,2,0,3,171,1011,2,TRUE
aøɵ,3,тӑшманӗ,ɵaø,1,2,0,3,171,1011,2,TRUE
aøɵ,3,пӑсаҫҫӗ,ɵaø,1,2,0,3,171,1011,2,TRUE
aøɵ,3,пӑшалӗ,ɵaø,1,2,0,3,171,1011,2,TRUE
aøɵ,3,чӑрмавӗ,ɵaø,1,2,0,3,171,1011,2,TRUE
aøɵ,3,вӑрманӗ,ɵaø,1,2,0,3,171,1011,2,TRUE
aøɵ,3,кӑкларӗ,ɵaø,1,2,0,3,171,1011,2,TRUE
aøɵ,3,сӑнаҫҫӗ,ɵaø,1,2,0,3,171,1011,2,TRUE
aøɵ,3,йӑпатӗҫ,ɵaø,1,2,0,3,171,1011,2,TRUE
aøɵ,3,шӑтаҫҫӗ,ɵaø,1,2,0,3,171,1011,2,TRUE
aøɵ,3,хӑраҫҫӗ,ɵaø,1,2,0,3,171,1011,2,TRUE
aøɵ,3,тӑкаҫҫӗ,ɵaø,1,2,0,3,171,1011,2,TRUE
aøɵ,3,хӑяҫҫӗ,ɵaø,1,2,0,3,171,1011,2,TRUE
aøɵ,3,тӑватчӗ,ɵaø,1,2,0,3,171,1011,2,TRUE
aøɵ,3,кӑларӗ,ɵaø,1,2,0,3,171,1011,2,TRUE
aøɵ,3,сӑхманӗ,ɵaø,1,2,0,3,171,1011,2,TRUE
aøɵ,3,кӑварӗ,ɵaø,1,2,0,3,171,1011,2,TRUE
aøɵ,3,вӑрҫаҫҫӗ,ɵaø,1,2,0,3,171,1011,2,TRUE
aøɵ,3,ҫӑвасчӗ,ɵaø,1,2,0,3,171,1011,2,TRUE
aøɵ,3,лӑпланчӗҫ,ɵaø,1,2,0,3,171,1011,2,TRUE
aøɵ,3,тӑвасчӗ,ɵaø,1,2,0,3,171,1011,2,TRUE
aøɵ,3,пӑхасчӗ,ɵaø,1,2,0,3,171,1011,2,TRUE
aøɵ,3,ӑнмастчӗ,ɵaø,1,2,0,3,171,1011,2,TRUE
aøɵ,3,кӑпанӗ,ɵaø,1,2,0,3,171,1011,2,TRUE
aøɵ,3,тӑванӗн,ɵaø,1,2,0,3,171,1011,2,TRUE
aøɵ,3,пӑлхатрӗ,ɵaø,1,2,0,3,171,1011,2,TRUE
aøɵ,3,ҫӑватчӗ,ɵaø,1,2,0,3,171,1011,2,TRUE
aøɵ,3,йӑпатрӗ,ɵaø,1,2,0,3,171,1011,2,TRUE
aøɵ,3,кӑҫачӗ,ɵaø,1,2,0,3,171,1011,2,TRUE
aøɵ,3,пӑхмаҫҫӗ,ɵaø,1,2,0,3,171,1011,2,TRUE
aøɵ,3,тӑманӗ,ɵaø,1,2,0,3,171,1011,2,TRUE
aøɵ,3,сӑнарӗҫ,ɵaø,1,2,0,3,171,1011,2,TRUE
aøɵ,3,кӑтартӗ,ɵaø,1,2,0,3,171,1011,2,TRUE
aøɵ,3,шӑнтаҫҫӗ,ɵaø,1,2,0,3,171,1011,2,TRUE
aaø,3,каларӗ,aaø,134,2,0,3,186,835,2,TRUE
aaø,3,лараҫҫӗ,aaø,39,2,0,3,186,835,2,TRUE
aaø,3,параҫҫӗ,aaø,33,2,0,3,186,835,2,TRUE
aaø,3,калаҫрӗ,aaø,29,2,0,3,186,835,2,TRUE
aaø,3,каяҫҫӗ,aaø,24,2,0,3,186,835,2,TRUE
aaø,3,васкарӗ,aaø,19,2,0,3,186,835,2,TRUE
aaø,3,лартаҫҫӗ,aaø,16,2,0,3,186,835,2,TRUE
aaø,3,шанаҫҫӗ,aaø,15,2,0,3,186,835,2,TRUE
aaø,3,каларӗҫ,aaø,15,2,0,3,186,835,2,TRUE
aaø,3,калаҫҫӗ,aaø,14,2,0,3,186,835,2,TRUE
aaø,3,таврашӗ,aaø,14,2,0,3,186,835,2,TRUE
aaø,3,калаҫрӗҫ,aaø,14,2,0,3,186,835,2,TRUE
aaø,3,апачӗ,aaø,14,2,0,3,186,835,2,TRUE
aaø,3,каймарӗ,aaø,12,2,0,3,186,835,2,TRUE
aaø,3,яраҫҫӗ,aaø,12,2,0,3,186,835,2,TRUE
aaø,3,тапратрӗ,aaø,11,2,0,3,186,835,2,TRUE
aaø,3,памаҫҫӗ,aaø,11,2,0,3,186,835,2,TRUE
aaø,3,васкаҫҫӗ,aaø,9,2,0,3,186,835,2,TRUE
aaø,3,тапратрӗҫ,aaø,9,2,0,3,186,835,2,TRUE
aaø,3,ларатчӗ,aaø,9,2,0,3,186,835,2,TRUE
aaø,3,памарӗ,aaø,9,2,0,3,186,835,2,TRUE
aaø,3,антарчӗ,aaø,7,2,0,3,186,835,2,TRUE
aaø,3,анаҫҫӗ,aaø,7,2,0,3,186,835,2,TRUE
aaø,3,тасатрӗ,aaø,6,2,0,3,186,835,2,TRUE
aaø,3,авланчӗ,aaø,6,2,0,3,186,835,2,TRUE
aaø,3,шантарчӗ,aaø,6,2,0,3,186,835,2,TRUE
aaø,3,ямарӗ,aaø,6,2,0,3,186,835,2,TRUE
aaø,3,ҫаптарчӗ,aaø,6,2,0,3,186,835,2,TRUE
aaø,3,каймаҫҫӗ,aaø,5,2,0,3,186,835,2,TRUE
aaø,3,шаккарӗ,aaø,5,2,0,3,186,835,2,TRUE
aaø,3,саланчӗҫ,aaø,5,2,0,3,186,835,2,TRUE
aaø,3,васкарӗҫ,aaø,5,2,0,3,186,835,2,TRUE
aaø,3,янахӗ,aaø,5,2,0,3,186,835,2,TRUE
aaø,3,паллашрӗҫ,aaø,5,2,0,3,186,835,2,TRUE
aaø,3,тапранчӗ,aaø,5,2,0,3,186,835,2,TRUE
aaø,3,калаҫӗҫ,aaø,5,2,0,3,186,835,2,TRUE
aaø,3,канашӗ,aaø,5,2,0,3,186,835,2,TRUE
aaø,3,кашлаҫҫӗ,aaø,4,2,0,3,186,835,2,TRUE
aaø,3,амантрӗҫ,aaø,4,2,0,3,186,835,2,TRUE
aaø,3,хаҫачӗ,aaø,4,2,0,3,186,835,2,TRUE
aaø,3,шавлаҫҫӗ,aaø,4,2,0,3,186,835,2,TRUE
aaø,3,ямаҫҫӗ,aaø,4,2,0,3,186,835,2,TRUE
aaø,3,хаклаҫҫӗ,aaø,4,2,0,3,186,835,2,TRUE
aaø,3,каятчӗ,aaø,4,2,0,3,186,835,2,TRUE
aaø,3,паратчӗ,aaø,4,2,0,3,186,835,2,TRUE
aaø,3,каймарӗҫ,aaø,4,2,0,3,186,835,2,TRUE
aaø,3,какайӗ,aaø,4,2,0,3,186,835,2,TRUE
aaø,3,калатчӗ,aaø,4,2,0,3,186,835,2,TRUE
aaø,3,лапланӗ,aaø,4,2,0,3,186,835,2,TRUE
aaø,3,паллашӗ,aaø,4,2,0,3,186,835,2,TRUE
aaø,3,ташларӗ,aaø,3,2,0,3,186,835,2,TRUE
aaø,3,калавӗ,aaø,3,2,0,3,186,835,2,TRUE
aaø,3,чакаҫҫӗ,aaø,3,2,0,3,186,835,2,TRUE
aaø,3,тасалчӗ,aaø,3,2,0,3,186,835,2,TRUE
aaø,3,паллашрӗ,aaø,3,2,0,3,186,835,2,TRUE
aaø,3,васкатрӗ,aaø,3,2,0,3,186,835,2,TRUE
aaø,3,якатрӗ,aaø,3,2,0,3,186,835,2,TRUE
aaø,3,ҫапаҫҫӗ,aaø,3,2,0,3,186,835,2,TRUE
aaø,3,ялавӗ,aaø,3,2,0,3,186,835,2,TRUE
aaø,3,памарӗҫ,aaø,3,2,0,3,186,835,2,TRUE
aaø,3,аслашшӗ,aaø,3,2,0,3,186,835,2,TRUE
aaø,3,аптрарӗ,aaø,3,2,0,3,186,835,2,TRUE
aaø,3,хакларӗҫ,aaø,3,2,0,3,186,835,2,TRUE
aaø,3,паллаҫҫӗ,aaø,3,2,0,3,186,835,2,TRUE
aaø,3,тасатрӗҫ,aaø,2,2,0,3,186,835,2,TRUE
aaø,3,сапаҫҫӗ,aaø,2,2,0,3,186,835,2,TRUE
aaø,3,салтакӗ,aaø,2,2,0,3,186,835,2,TRUE
aaø,3,таптарӗ,aaø,2,2,0,3,186,835,2,TRUE
aaø,3,чаваҫҫӗ,aaø,2,2,0,3,186,835,2,TRUE
aaø,3,аркатрӗ,aaø,2,2,0,3,186,835,2,TRUE
aaø,3,январӗн,aaø,2,2,0,3,186,835,2,TRUE
aaø,3,тараҫҫӗ,aaø,2,2,0,3,186,835,2,TRUE
aaø,3,майларӗ,aaø,2,2,0,3,186,835,2,TRUE
aaø,3,халалӗ,aaø,2,2,0,3,186,835,2,TRUE
aaø,3,ларатчӗҫ,aaø,2,2,0,3,186,835,2,TRUE
aaø,3,ҫакланчӗ,aaø,2,2,0,3,186,835,2,TRUE
aaø,3,акаҫҫӗ,aaø,2,2,0,3,186,835,2,TRUE
aaø,3,манмаҫҫӗ,aaø,2,2,0,3,186,835,2,TRUE
aaø,3,амакӗ,aaø,2,2,0,3,186,835,2,TRUE
aaø,3,парачӗ,aaø,2,2,0,3,186,835,2,TRUE
aaø,3,пайларӗҫ,aaø,2,2,0,3,186,835,2,TRUE
aaø,3,чакмарӗ,aaø,2,2,0,3,186,835,2,TRUE
aaø,3,касаҫҫӗ,aaø,2,2,0,3,186,835,2,TRUE
aaø,3,татахчӗ,aaø,2,2,0,3,186,835,2,TRUE
aaø,3,канаҫҫӗ,aaø,2,2,0,3,186,835,2,TRUE
aaø,3,лармарӗ,aaø,2,2,0,3,186,835,2,TRUE
aaø,3,сараҫҫӗ,aaø,2,2,0,3,186,835,2,TRUE
aaø,3,пайташӗ,aaø,2,2,0,3,186,835,2,TRUE
aaø,3,сарайӗ,aaø,2,2,0,3,186,835,2,TRUE
aaø,3,капанӗ,aaø,2,2,0,3,186,835,2,TRUE
aaø,3,арманӗ,aaø,2,2,0,3,186,835,2,TRUE
aaø,3,ташларӗҫ,aaø,2,2,0,3,186,835,2,TRUE
aaø,3,яратчӗҫ,aaø,2,2,0,3,186,835,2,TRUE
aaø,3,яратчӗ,aaø,2,2,0,3,186,835,2,TRUE
aaø,3,паллашӗҫ,aaø,2,2,0,3,186,835,2,TRUE
aaø,3,каясчӗ,aaø,2,2,0,3,186,835,2,TRUE
aaø,3,хавшарӗ,aaø,2,2,0,3,186,835,2,TRUE
aaø,3,тасатӗҫ,aaø,2,2,0,3,186,835,2,TRUE
aaø,3,ятларӗ,aaø,2,2,0,3,186,835,2,TRUE
aaø,3,саламӗ,aaø,1,2,0,3,186,835,2,TRUE
aaø,3,тапранӗ,aaø,1,2,0,3,186,835,2,TRUE
aaø,3,хайлавӗ,aaø,1,2,0,3,186,835,2,TRUE
aaø,3,чармарӗҫ,aaø,1,2,0,3,186,835,2,TRUE
aaø,3,ҫаптарчӗҫ,aaø,1,2,0,3,186,835,2,TRUE
aaø,3,танлашӗ,aaø,1,2,0,3,186,835,2,TRUE
aaø,3,тавлашрӗҫ,aaø,1,2,0,3,186,835,2,TRUE
aaø,3,хакларӗ,aaø,1,2,0,3,186,835,2,TRUE
aaø,3,ҫавахчӗ,aaø,1,2,0,3,186,835,2,TRUE
aaø,3,тайлавӗ,aaø,1,2,0,3,186,835,2,TRUE
aaø,3,хаклавӗ,aaø,1,2,0,3,186,835,2,TRUE
aaø,3,пасарӗ,aaø,1,2,0,3,186,835,2,TRUE
aaø,3,каларӗш,aaø,1,2,0,3,186,835,2,TRUE
aaø,3,вакларӗҫ,aaø,1,2,0,3,186,835,2,TRUE
aaø,3,канашӗн,aaø,1,2,0,3,186,835,2,TRUE
aaø,3,авланчӗҫ,aaø,1,2,0,3,186,835,2,TRUE
aaø,3,салтакӗн,aaø,1,2,0,3,186,835,2,TRUE
aaø,3,ҫаклатрӗ,aaø,1,2,0,3,186,835,2,TRUE
aaø,3,аякӗ,aaø,1,2,0,3,186,835,2,TRUE
aaø,3,канмарӗҫ,aaø,1,2,0,3,186,835,2,TRUE
aaø,3,масарӗ,aaø,1,2,0,3,186,835,2,TRUE
aaø,3,тарларӗ,aaø,1,2,0,3,186,835,2,TRUE
aaø,3,тапаҫҫӗ,aaø,1,2,0,3,186,835,2,TRUE
aaø,3,яваҫҫӗ,aaø,1,2,0,3,186,835,2,TRUE
aaø,3,снарячӗ,aaø,1,2,0,3,186,835,2,TRUE
aaø,3,якатрӗҫ,aaø,1,2,0,3,186,835,2,TRUE
aaø,3,саманчӗ,aaø,1,2,0,3,186,835,2,TRUE
aaø,3,каҫаҫҫӗ,aaø,1,2,0,3,186,835,2,TRUE
aaø,3,каймастчӗ,aaø,1,2,0,3,186,835,2,TRUE
aaø,3,каятчӗҫ,aaø,1,2,0,3,186,835,2,TRUE
aaø,3,ҫтаппанӗ,aaø,1,2,0,3,186,835,2,TRUE
aaø,3,салачӗ,aaø,1,2,0,3,186,835,2,TRUE
aaø,3,анатчӗ,aaø,1,2,0,3,186,835,2,TRUE
aaø,3,паратчӗҫ,aaø,1,2,0,3,186,835,2,TRUE
aaø,3,тасалӗ,aaø,1,2,0,3,186,835,2,TRUE
aaø,3,манаҫҫӗ,aaø,1,2,0,3,186,835,2,TRUE
aaø,3,тапранчӗҫ,aaø,1,2,0,3,186,835,2,TRUE
aaø,3,кашларӗ,aaø,1,2,0,3,186,835,2,TRUE
aaø,3,калакӗ,aaø,1,2,0,3,186,835,2,TRUE
aaø,3,ямарӗҫ,aaø,1,2,0,3,186,835,2,TRUE
aaø,3,ахлатрӗ,aaø,1,2,0,3,186,835,2,TRUE
aaø,3,татратрӗ,aaø,1,2,0,3,186,835,2,TRUE
aaø,3,тапакӗ,aaø,1,2,0,3,186,835,2,TRUE
aaø,3,кашлавӗ,aaø,1,2,0,3,186,835,2,TRUE
aaø,3,паллаймӗ,aaø,1,2,0,3,186,835,2,TRUE
aaø,3,ташлаймӗ,aaø,1,2,0,3,186,835,2,TRUE
aaø,3,арканчӗ,aaø,1,2,0,3,186,835,2,TRUE
aaø,3,салатрӗҫ,aaø,1,2,0,3,186,835,2,TRUE
aaø,3,шаккарӗҫ,aaø,1,2,0,3,186,835,2,TRUE
aaø,3,анмастчӗ,aaø,1,2,0,3,186,835,2,TRUE
aaø,3,ҫакаҫҫӗ,aaø,1,2,0,3,186,835,2,TRUE
aaø,3,лапамӗ,aaø,1,2,0,3,186,835,2,TRUE
aaø,3,лармаҫҫӗ,aaø,1,2,0,3,186,835,2,TRUE
aaø,3,амантрӗ,aaø,1,2,0,3,186,835,2,TRUE
aaø,3,аркатрӗҫ,aaø,1,2,0,3,186,835,2,TRUE
aaø,3,параймӗ,aaø,1,2,0,3,186,835,2,TRUE
aaø,3,апачлӗх,aaø,1,2,0,3,186,835,2,TRUE
aaø,3,танлашрӗ,aaø,1,2,0,3,186,835,2,TRUE
aaø,3,калатчӗҫ,aaø,1,2,0,3,186,835,2,TRUE
aaø,3,ахаллӗн,aaø,1,2,0,3,186,835,2,TRUE
aaø,3,ташлаҫҫӗ,aaø,1,2,0,3,186,835,2,TRUE
aaø,3,каҫасчӗ,aaø,1,2,0,3,186,835,2,TRUE
aaø,3,танккарӗ,aaø,1,2,0,3,186,835,2,TRUE
aaø,3,хаҫачӗн,aaø,1,2,0,3,186,835,2,TRUE
aaø,3,таканлӗ,aaø,1,2,0,3,186,835,2,TRUE
aaø,3,каҫарӗ,aaø,1,2,0,3,186,835,2,TRUE
aaø,3,алхасрӗ,aaø,1,2,0,3,186,835,2,TRUE
aaø,3,шантарчӗҫ,aaø,1,2,0,3,186,835,2,TRUE
aaø,3,лармарӗҫ,aaø,1,2,0,3,186,835,2,TRUE
aaø,3,чакарӗҫ,aaø,1,2,0,3,186,835,2,TRUE
aaø,3,карташӗ,aaø,1,2,0,3,186,835,2,TRUE
aaø,3,ҫавалӗ,aaø,1,2,0,3,186,835,2,TRUE
aaø,3,пасарӗн,aaø,1,2,0,3,186,835,2,TRUE
aaø,3,шаплатрӗ,aaø,1,2,0,3,186,835,2,TRUE
aaø,3,татмарӗ,aaø,1,2,0,3,186,835,2,TRUE
aaø,3,салатрӗ,aaø,1,2,0,3,186,835,2,TRUE
aaø,3,хӗрача,øaa,29,3,1,3,186,835,2,TRUE
aaø,3,хӗрачан,øaa,4,3,1,3,186,835,2,TRUE
aaø,3,пӗрмаях,øaa,2,3,1,3,186,835,2,TRUE
aaø,3,ҫӗньялта,øaa,2,3,1,3,186,835,2,TRUE
aaø,3,каймӗ-ха,aøa,1,3,1,3,186,835,2,TRUE
aaø,3,ямӗ-ха,aøa,1,3,1,3,186,835,2,TRUE
aaø,3,манӗ-ха,aøa,1,3,1,3,186,835,2,TRUE
aaø,3,калӗ-ха,aøa,1,3,1,3,186,835,2,TRUE
aaø,3,хӗн-асап,øaa,1,3,1,3,186,835,2,TRUE
aaø,3,кайӗҫ-ха,aøa,1,3,1,3,186,835,2,TRUE
aaø,3,хӗрачах,øaa,1,3,1,3,186,835,2,TRUE
aøu,3,пулмарӗ,uaø,44,2,0,4,190,692,2,TRUE
aøu,3,пуҫларӗ,uaø,41,2,0,4,190,692,2,TRUE
aøu,3,ҫухалчӗ,uaø,18,2,0,4,190,692,2,TRUE
aøu,3,утаҫҫӗ,uaø,17,2,0,4,190,692,2,TRUE
aøu,3,пуҫларӗҫ,uaø,16,2,0,4,190,692,2,TRUE
aøu,3,шутларӗ,uaø,16,2,0,4,190,692,2,TRUE
aøu,3,пулаҫҫӗ,uaø,16,2,0,4,190,692,2,TRUE
aøu,3,пултарӗҫ,uaø,14,2,0,4,190,692,2,TRUE
aøu,3,сухалӗ,uaø,14,2,0,4,190,692,2,TRUE
aøu,3,кураҫҫӗ,uaø,14,2,0,4,190,692,2,TRUE
aøu,3,уттарчӗ,uaø,14,2,0,4,190,692,2,TRUE
aøu,3,юнарӗ,uaø,13,2,0,4,190,692,2,TRUE
aøu,3,юлмаҫҫӗ,uaø,12,2,0,4,190,692,2,TRUE
aøu,3,тутарчӗ,uaø,11,2,0,4,190,692,2,TRUE
aøu,3,тухаҫҫӗ,uaø,11,2,0,4,190,692,2,TRUE
aøu,3,юлташӗ,uaø,11,2,0,4,190,692,2,TRUE
aøu,3,пуҫланчӗ,uaø,11,2,0,4,190,692,2,TRUE
aøu,3,пултарӗ,uaø,10,2,0,4,190,692,2,TRUE
aøu,3,пуҫарчӗ,uaø,10,2,0,4,190,692,2,TRUE
aøu,3,уявӗ,uaø,9,2,0,4,190,692,2,TRUE
aøu,3,урамӗ,uaø,9,2,0,4,190,692,2,TRUE
aøu,3,тумланчӗ,uaø,8,2,0,4,190,692,2,TRUE
aøu,3,хураҫҫӗ,uaø,8,2,0,4,190,692,2,TRUE
aøu,3,юрлаҫҫӗ,uaø,8,2,0,4,190,692,2,TRUE
aøu,3,чупаҫҫӗ,uaø,7,2,0,4,190,692,2,TRUE
aøu,3,юманӗ,uaø,7,2,0,4,190,692,2,TRUE
aøu,3,шутлаҫҫӗ,uaø,7,2,0,4,190,692,2,TRUE
aøu,3,юлмарӗ,uaø,7,2,0,4,190,692,2,TRUE
aøu,3,пултарчӗ,uaø,7,2,0,4,190,692,2,TRUE
aøu,3,сутаҫҫӗ,uaø,7,2,0,4,190,692,2,TRUE
aøu,3,савучӗ,auø,7,2,0,4,190,692,2,TRUE
aøu,3,пулатчӗ,uaø,6,2,0,4,190,692,2,TRUE
aøu,3,пушарӗ,uaø,6,2,0,4,190,692,2,TRUE
aøu,3,тупатчӗ,uaø,6,2,0,4,190,692,2,TRUE
aøu,3,ҫунаҫҫӗ,uaø,5,2,0,4,190,692,2,TRUE
aøu,3,ҫуралчӗ,uaø,5,2,0,4,190,692,2,TRUE
aøu,3,хупаҫҫӗ,uaø,5,2,0,4,190,692,2,TRUE
aøu,3,саккунӗ,auø,4,2,0,4,190,692,2,TRUE
aøu,3,шутларӗҫ,uaø,4,2,0,4,190,692,2,TRUE
aøu,3,тупанӗ,uaø,4,2,0,4,190,692,2,TRUE
aøu,3,тухмарӗ,uaø,4,2,0,4,190,692,2,TRUE
aøu,3,юрларӗ,uaø,4,2,0,4,190,692,2,TRUE
aøu,3,куравӗ,uaø,4,2,0,4,190,692,2,TRUE
aøu,3,тухатчӗ,uaø,4,2,0,4,190,692,2,TRUE
aøu,3,пушанчӗ,uaø,4,2,0,4,190,692,2,TRUE
aøu,3,туяҫҫӗ,uaø,4,2,0,4,190,692,2,TRUE
aøu,3,пухаҫҫӗ,uaø,4,2,0,4,190,692,2,TRUE
aøu,3,турттарӗҫ,uaø,4,2,0,4,190,692,2,TRUE
aøu,3,юлаҫҫӗ,uaø,3,2,0,4,190,692,2,TRUE
aøu,3,хускалчӗ,uaø,3,2,0,4,190,692,2,TRUE
aøu,3,утланчӗ,uaø,3,2,0,4,190,692,2,TRUE
aøu,3,шуйттанӗ,uaø,3,2,0,4,190,692,2,TRUE
aøu,3,тумаҫҫӗ,uaø,3,2,0,4,190,692,2,TRUE
aøu,3,тултарчӗ,uaø,3,2,0,4,190,692,2,TRUE
aøu,3,юрларӗҫ,uaø,3,2,0,4,190,692,2,TRUE
aøu,3,пусаҫҫӗ,uaø,3,2,0,4,190,692,2,TRUE
aøu,3,пуласчӗ,uaø,3,2,0,4,190,692,2,TRUE
aøu,3,пулмарӗҫ,uaø,3,2,0,4,190,692,2,TRUE
aøu,3,куҫарчӗҫ,uaø,3,2,0,4,190,692,2,TRUE
aøu,3,ҫуначӗ,uaø,3,2,0,4,190,692,2,TRUE
aøu,3,кантурӗ,auø,3,2,0,4,190,692,2,TRUE
aøu,3,курмарӗ,uaø,3,2,0,4,190,692,2,TRUE
aøu,3,тусанӗ,uaø,3,2,0,4,190,692,2,TRUE
aøu,3,пултарчӗҫ,uaø,3,2,0,4,190,692,2,TRUE
aøu,3,туптаҫҫӗ,uaø,3,2,0,4,190,692,2,TRUE
aøu,3,ҫурхахӗ,uaø,3,2,0,4,190,692,2,TRUE
aøu,3,саппунӗ,auø,2,2,0,4,190,692,2,TRUE
aøu,3,картунӗ,auø,2,2,0,4,190,692,2,TRUE
aøu,3,хуньашшӗ,uaø,2,2,0,4,190,692,2,TRUE
aøu,3,юлташӗн,uaø,2,2,0,4,190,692,2,TRUE
aøu,3,суранӗ,uaø,2,2,0,4,190,692,2,TRUE
aøu,3,кулмарӗ,uaø,2,2,0,4,190,692,2,TRUE
aøu,3,хускатрӗҫ,uaø,2,2,0,4,190,692,2,TRUE
aøu,3,хупларӗҫ,uaø,2,2,0,4,190,692,2,TRUE
aøu,3,хускалчӗҫ,uaø,2,2,0,4,190,692,2,TRUE
aøu,3,кукашшӗ,uaø,2,2,0,4,190,692,2,TRUE
aøu,3,ҫунтарӗҫ,uaø,2,2,0,4,190,692,2,TRUE
aøu,3,тутанчӗ,uaø,2,2,0,4,190,692,2,TRUE
aøu,3,ҫунмарӗ,uaø,2,2,0,4,190,692,2,TRUE
aøu,3,хумханчӗ,uaø,2,2,0,4,190,692,2,TRUE
aøu,3,юмахӗ,uaø,2,2,0,4,190,692,2,TRUE
aøu,3,уҫаҫҫӗ,uaø,2,2,0,4,190,692,2,TRUE
aøu,3,хутлатрӗ,uaø,2,2,0,4,190,692,2,TRUE
aøu,3,хупланчӗ,uaø,2,2,0,4,190,692,2,TRUE
aøu,3,мухтарӗ,uaø,2,2,0,4,190,692,2,TRUE
aøu,3,курасчӗ,uaø,2,2,0,4,190,692,2,TRUE
aøu,3,хурланчӗ,uaø,2,2,0,4,190,692,2,TRUE
aøu,3,ҫухатрӗ,uaø,2,2,0,4,190,692,2,TRUE
aøu,3,пушмакӗ,uaø,2,2,0,4,190,692,2,TRUE
aøu,3,утравӗ,uaø,2,2,0,4,190,692,2,TRUE
aøu,3,урайӗ,uaø,2,2,0,4,190,692,2,TRUE
aøu,3,усраҫҫӗ,uaø,2,2,0,4,190,692,2,TRUE
aøu,3,вуларӗ,uaø,2,2,0,4,190,692,2,TRUE
aøu,3,уяртрӗ,uaø,2,2,0,4,190,692,2,TRUE
aøu,3,усмарӗ,uaø,2,2,0,4,190,692,2,TRUE
aøu,3,пусатчӗ,uaø,2,2,0,4,190,692,2,TRUE
aøu,3,туясчӗ,uaø,2,2,0,4,190,692,2,TRUE
aøu,3,ҫуратрӗ,uaø,2,2,0,4,190,692,2,TRUE
aøu,3,ракурсӗ,auø,2,2,0,4,190,692,2,TRUE
aøu,3,усмаҫҫӗ,uaø,1,2,0,4,190,692,2,TRUE
aøu,3,кучанӗ,uaø,1,2,0,4,190,692,2,TRUE
aøu,3,ҫуталчӗ,uaø,1,2,0,4,190,692,2,TRUE
aøu,3,пуканӗ,uaø,1,2,0,4,190,692,2,TRUE
aøu,3,юхаҫҫӗ,uaø,1,2,0,4,190,692,2,TRUE
aøu,3,шуратрӗ,uaø,1,2,0,4,190,692,2,TRUE
aøu,3,мухтанчӗ,uaø,1,2,0,4,190,692,2,TRUE
aøu,3,хуҫлатрӗ,uaø,1,2,0,4,190,692,2,TRUE
aøu,3,тухаймӗ,uaø,1,2,0,4,190,692,2,TRUE
aøu,3,хускатрӗ,uaø,1,2,0,4,190,692,2,TRUE
aøu,3,хутаҫӗ,uaø,1,2,0,4,190,692,2,TRUE
aøu,3,усратчӗ,uaø,1,2,0,4,190,692,2,TRUE
aøu,3,хушаҫҫӗ,uaø,1,2,0,4,190,692,2,TRUE
aøu,3,ҫутатрӗ,uaø,1,2,0,4,190,692,2,TRUE
aøu,3,хуралӗн,uaø,1,2,0,4,190,692,2,TRUE
aøu,3,ҫумарӗ,uaø,1,2,0,4,190,692,2,TRUE
aøu,3,пурнаҫӗ,uaø,1,2,0,4,190,692,2,TRUE
aøu,3,юрланчӗ,uaø,1,2,0,4,190,692,2,TRUE
aøu,3,уканӗ,uaø,1,2,0,4,190,692,2,TRUE
aøu,3,пуҫлатчӗ,uaø,1,2,0,4,190,692,2,TRUE
aøu,3,юсарӗҫ,uaø,1,2,0,4,190,692,2,TRUE
aøu,3,туятчӗҫ,uaø,1,2,0,4,190,692,2,TRUE
aøu,3,картусӗ,auø,1,2,0,4,190,692,2,TRUE
aøu,3,астурӗ,auø,1,2,0,4,190,692,2,TRUE
aøu,3,куракӗ,uaø,1,2,0,4,190,692,2,TRUE
aøu,3,тунмарӗ,uaø,1,2,0,4,190,692,2,TRUE
aøu,3,юлташчӗ,uaø,1,2,0,4,190,692,2,TRUE
aøu,3,суяҫҫӗ,uaø,1,2,0,4,190,692,2,TRUE
aøu,3,сутатчӗ,uaø,1,2,0,4,190,692,2,TRUE
aøu,3,туянчӗ,uaø,1,2,0,4,190,692,2,TRUE
aøu,3,вутланчӗҫ,uaø,1,2,0,4,190,692,2,TRUE
aøu,3,картусӗн,auø,1,2,0,4,190,692,2,TRUE
aøu,3,пучахӗ,uaø,1,2,0,4,190,692,2,TRUE
aøu,3,статусӗ,auø,1,2,0,4,190,692,2,TRUE
aøu,3,пулаймӗ,uaø,1,2,0,4,190,692,2,TRUE
aøu,3,кулатчӗ,uaø,1,2,0,4,190,692,2,TRUE
aøu,3,ҫукрахчӗ,uaø,1,2,0,4,190,692,2,TRUE
aøu,3,хушмарӗ,uaø,1,2,0,4,190,692,2,TRUE
aøu,3,тупаймӗҫ,uaø,1,2,0,4,190,692,2,TRUE
aøu,3,утмарӗ,uaø,1,2,0,4,190,692,2,TRUE
aøu,3,кулаҫҫӗ,uaø,1,2,0,4,190,692,2,TRUE
aøu,3,уҫатчӗҫ,uaø,1,2,0,4,190,692,2,TRUE
aøu,3,пушахчӗ,uaø,1,2,0,4,190,692,2,TRUE
aøu,3,сукмакӗ,uaø,1,2,0,4,190,692,2,TRUE
aøu,3,мускавӗ,uaø,1,2,0,4,190,692,2,TRUE
aøu,3,хупларӗ,uaø,1,2,0,4,190,692,2,TRUE
aøu,3,туртмаҫҫӗ,uaø,1,2,0,4,190,692,2,TRUE
aøu,3,юрлатчӗ,uaø,1,2,0,4,190,692,2,TRUE
aøu,3,ваҫукӗ,auø,1,2,0,4,190,692,2,TRUE
aøu,3,ухмахӗ,uaø,1,2,0,4,190,692,2,TRUE
aøu,3,вуларӗҫ,uaø,1,2,0,4,190,692,2,TRUE
aøu,3,яшукӗ,auø,1,2,0,4,190,692,2,TRUE
aøu,3,хупмарӗ,uaø,1,2,0,4,190,692,2,TRUE
aøu,3,ҫутмаҫҫӗ,uaø,1,2,0,4,190,692,2,TRUE
aøu,3,хуратчӗ,uaø,1,2,0,4,190,692,2,TRUE
aøu,3,мухтавӗн,uaø,1,2,0,4,190,692,2,TRUE
aøu,3,суйлаҫҫӗ,uaø,1,2,0,4,190,692,2,TRUE
aøu,3,туянчӗҫ,uaø,1,2,0,4,190,692,2,TRUE
aøu,3,тутарчӗҫ,uaø,1,2,0,4,190,692,2,TRUE
aøu,3,шуралчӗҫ,uaø,1,2,0,4,190,692,2,TRUE
aøu,3,маршручӗн,auø,1,2,0,4,190,692,2,TRUE
aøu,3,ҫухалчӗҫ,uaø,1,2,0,4,190,692,2,TRUE
aøu,3,улаҫҫӗ,uaø,1,2,0,4,190,692,2,TRUE
aøu,3,чупатчӗ,uaø,1,2,0,4,190,692,2,TRUE
aøu,3,уттарӗ,uaø,1,2,0,4,190,692,2,TRUE
aøu,3,хушмарӗҫ,uaø,1,2,0,4,190,692,2,TRUE
aøu,3,вулатчӗ,uaø,1,2,0,4,190,692,2,TRUE
aøu,3,пралукӗ,auø,1,2,0,4,190,692,2,TRUE
aøu,3,ҫунтарчӗ,uaø,1,2,0,4,190,692,2,TRUE
aøu,3,пуҫтарчӗ,uaø,1,2,0,4,190,692,2,TRUE
aøu,3,утатчӗ,uaø,1,2,0,4,190,692,2,TRUE
aøu,3,хушмастчӗ,uaø,1,2,0,4,190,692,2,TRUE
aøu,3,тутарӗ,uaø,1,2,0,4,190,692,2,TRUE
aøu,3,куҫайӗн,uaø,1,2,0,4,190,692,2,TRUE
aøu,3,ухтарчӗ,uaø,1,2,0,4,190,692,2,TRUE
aøu,3,пуҫтарчӗҫ,uaø,1,2,0,4,190,692,2,TRUE
aøu,3,пулатчӗҫ,uaø,1,2,0,4,190,692,2,TRUE
aøu,3,юлатчӗ,uaø,1,2,0,4,190,692,2,TRUE
aøu,3,санюкӗ,auø,1,2,0,4,190,692,2,TRUE
aøu,3,хунавӗ,uaø,1,2,0,4,190,692,2,TRUE
aøu,3,юсарӗ,uaø,1,2,0,4,190,692,2,TRUE
aøu,3,чутлаҫҫӗ,uaø,1,2,0,4,190,692,2,TRUE
aøu,3,чупатчӗҫ,uaø,1,2,0,4,190,692,2,TRUE
aøu,3,савучӗн,auø,1,2,0,4,190,692,2,TRUE
aøu,3,тухмастчӗ,uaø,1,2,0,4,190,692,2,TRUE
aøu,3,турттармӗҫ,uaø,1,2,0,4,190,692,2,TRUE
aøu,3,пухмачӗ,uaø,1,2,0,4,190,692,2,TRUE
aøu,3,ӗҫ-пуҫа,øua,1,3,1,4,190,692,2,TRUE
aøu,3,кӗлтума,øua,1,3,1,4,190,692,2,TRUE
aøu,3,турӗ-ха,uøa,1,3,1,4,190,692,2,TRUE
aøu,3,хӗрупраҫ,øua,1,3,1,4,190,692,2,TRUE
aaaɵ,4,васкамасӑр,aaaɵ,25,3,0,4,255,641,2,TRUE
aaaɵ,4,шарламасӑр,aaaɵ,15,3,0,4,255,641,2,TRUE
aaaɵ,4,саламланӑ,aaaɵ,10,3,0,4,255,641,2,TRUE
aaaɵ,4,пархатарлӑ,aaaɵ,9,3,0,4,255,641,2,TRUE
aaaɵ,4,вараланнӑ,aaaɵ,9,3,0,4,255,641,2,TRUE
aaaɵ,4,халалланӑ,aaaɵ,8,3,0,4,255,641,2,TRUE
aaaɵ,4,вараланчӑк,aaaɵ,6,3,0,4,255,641,2,TRUE
aaaɵ,4,калаҫатпӑр,aaaɵ,6,3,0,4,255,641,2,TRUE
aaaɵ,4,каламастӑп,aaaɵ,5,3,0,4,255,641,2,TRUE
aaaɵ,4,асапланнӑ,aaaɵ,4,3,0,4,255,641,2,TRUE
aaaɵ,4,ҫапкаланчӑк,aaaɵ,4,3,0,4,255,641,2,TRUE
aaaɵ,4,самайланнӑ,aaaɵ,4,3,0,4,255,641,2,TRUE
aaaɵ,4,паллашатӑр,aaaɵ,4,3,0,4,255,641,2,TRUE
aaaɵ,4,калаҫатӑр,aaaɵ,3,3,0,4,255,641,2,TRUE
aaaɵ,4,тасамарлӑх,aaaɵ,3,3,0,4,255,641,2,TRUE
aaaɵ,4,тараватлӑн,aaaɵ,3,3,0,4,255,641,2,TRUE
aaaɵ,4,япалашӑн,aaaɵ,3,3,0,4,255,641,2,TRUE
aaaɵ,4,саламлатӑп,aaaɵ,3,3,0,4,255,641,2,TRUE
aaaɵ,4,сапаланчӑк,aaaɵ,3,3,0,4,255,641,2,TRUE
aaaɵ,4,каламарӑн,aaaɵ,3,3,0,4,255,641,2,TRUE
aaaɵ,4,паллаштарнӑ,aaaɵ,3,3,0,4,255,641,2,TRUE
aaaɵ,4,начарланнӑ,aaaɵ,2,3,0,4,255,641,2,TRUE
aaaɵ,4,тарасаллӑ,aaaɵ,2,3,0,4,255,641,2,TRUE
aaaɵ,4,апатланнӑ,aaaɵ,2,3,0,4,255,641,2,TRUE
aaaɵ,4,калаҫатӑп,aaaɵ,2,3,0,4,255,641,2,TRUE
aaaɵ,4,сапаланнӑ,aaaɵ,2,3,0,4,255,641,2,TRUE
aaaɵ,4,тапранмасӑр,aaaɵ,2,3,0,4,255,641,2,TRUE
aaaɵ,4,аптрамастпӑр,aaaɵ,2,3,0,4,255,641,2,TRUE
aaaɵ,4,аппаланнӑ,aaaɵ,2,3,0,4,255,641,2,TRUE
aaaɵ,4,каламарӑм,aaaɵ,2,3,0,4,255,641,2,TRUE
aaaɵ,4,чакаланнӑ,aaaɵ,2,3,0,4,255,641,2,TRUE
aaaɵ,4,калаҫатӑн,aaaɵ,2,3,0,4,255,641,2,TRUE
aaaɵ,4,саплаштарнӑ,aaaɵ,2,3,0,4,255,641,2,TRUE
aaaɵ,4,калаҫаттӑм,aaaɵ,2,3,0,4,255,641,2,TRUE
aaaɵ,4,сапаланӑ,aaaɵ,2,3,0,4,255,641,2,TRUE
aaaɵ,4,сапакаллӑ,aaaɵ,1,3,0,4,255,641,2,TRUE
aaaɵ,4,каскаланӑ,aaaɵ,1,3,0,4,255,641,2,TRUE
aaaɵ,4,сахалланнӑ,aaaɵ,1,3,0,4,255,641,2,TRUE
aaaɵ,4,чавалаймӑн,aaaɵ,1,3,0,4,255,641,2,TRUE
aaaɵ,4,тасататӑп,aaaɵ,1,3,0,4,255,641,2,TRUE
aaaɵ,4,авланатӑп,aaaɵ,1,3,0,4,255,641,2,TRUE
aaaɵ,4,авланмастӑн,aaaɵ,1,3,0,4,255,641,2,TRUE
aaaɵ,4,салататӑп,aaaɵ,1,3,0,4,255,641,2,TRUE
aaaɵ,4,лараймарӑм,aaaɵ,1,3,0,4,255,641,2,TRUE
aaaɵ,4,хаярланнӑ,aaaɵ,1,3,0,4,255,641,2,TRUE
aaaɵ,4,чармакланнӑ,aaaɵ,1,3,0,4,255,641,2,TRUE
aaaɵ,4,ватаймастӑн,aaaɵ,1,3,0,4,255,641,2,TRUE
aaaɵ,4,хавшататӑн,aaaɵ,1,3,0,4,255,641,2,TRUE
aaaɵ,4,авланатӑн,aaaɵ,1,3,0,4,255,641,2,TRUE
aaaɵ,4,тасататӑр,aaaɵ,1,3,0,4,255,641,2,TRUE
aaaɵ,4,калаҫтарнӑ,aaaɵ,1,3,0,4,255,641,2,TRUE
aaaɵ,4,сахаллатнӑ,aaaɵ,1,3,0,4,255,641,2,TRUE
aaaɵ,4,тавлашатӑп,aaaɵ,1,3,0,4,255,641,2,TRUE
aaaɵ,4,шарламастӑн,aaaɵ,1,3,0,4,255,641,2,TRUE
aaaɵ,4,каҫаратӑп,aaaɵ,1,3,0,4,255,641,2,TRUE
aaaɵ,4,хавасланнӑ,aaaɵ,1,3,0,4,255,641,2,TRUE
aaaɵ,4,каламасӑр,aaaɵ,1,3,0,4,255,641,2,TRUE
aaaɵ,4,тасатмасӑр,aaaɵ,1,3,0,4,255,641,2,TRUE
aaaɵ,4,чараймарӑм,aaaɵ,1,3,0,4,255,641,2,TRUE
aaaɵ,4,палламасӑр,aaaɵ,1,3,0,4,255,641,2,TRUE
aaaɵ,4,пархатарсӑр,aaaɵ,1,3,0,4,255,641,2,TRUE
aaaɵ,4,тапратмарӑн,aaaɵ,1,3,0,4,255,641,2,TRUE
aaaɵ,4,лачакаллӑ,aaaɵ,1,3,0,4,255,641,2,TRUE
aaaɵ,4,чараймасӑр,aaaɵ,1,3,0,4,255,641,2,TRUE
aaaɵ,4,ҫарататӑн,aaaɵ,1,3,0,4,255,641,2,TRUE
aaaɵ,4,аташмастӑн,aaaɵ,1,3,0,4,255,641,2,TRUE
aaaɵ,4,вакламасӑр,aaaɵ,1,3,0,4,255,641,2,TRUE
aaaɵ,4,калаймастӑп,aaaɵ,1,3,0,4,255,641,2,TRUE
aaaɵ,4,шаккамасӑр,aaaɵ,1,3,0,4,255,641,2,TRUE
aaaɵ,4,тараватлӑ,aaaɵ,1,3,0,4,255,641,2,TRUE
aaaɵ,4,япаласӑр,aaaɵ,1,3,0,4,255,641,2,TRUE
aaaɵ,4,сахалланӑ,aaaɵ,1,3,0,4,255,641,2,TRUE
aaaɵ,4,ача-пӑча,aaɵa,15,4,1,4,255,641,2,TRUE
aaaɵ,4,ӑнланмалла,ɵaaa,15,4,1,4,255,641,2,TRUE
aaaɵ,4,палӑртмалла,aɵaa,15,4,1,4,255,641,2,TRUE
aaaɵ,4,сасартӑках,aaɵa,14,4,1,4,255,641,2,TRUE
aaaɵ,4,калаҫӑва,aaɵa,13,4,1,4,255,641,2,TRUE
aaaɵ,4,асӑрхаман,aɵaa,13,4,1,4,255,641,2,TRUE
aaaɵ,4,тавралӑха,aaɵa,12,4,1,4,255,641,2,TRUE
aaaɵ,4,малтанлӑха,aaɵa,9,4,1,4,255,641,2,TRUE
aaaɵ,4,тамарӑна,aaɵa,8,4,1,4,255,641,2,TRUE
aaaɵ,4,тамарӑпа,aaɵa,8,4,1,4,255,641,2,TRUE
aaaɵ,4,шӑлаварпа,ɵaaa,8,4,1,4,255,641,2,TRUE
aaaɵ,4,хӑваласа,ɵaaa,7,4,1,4,255,641,2,TRUE
aaaɵ,4,самантлӑха,aaɵa,7,4,1,4,255,641,2,TRUE
aaaɵ,4,таврӑнакан,aɵaa,7,4,1,4,255,641,2,TRUE
aaaɵ,4,савӑнтарать,aɵaa,6,4,1,4,255,641,2,TRUE
aaaɵ,4,асӑрхаса,aɵaa,6,4,1,4,255,641,2,TRUE
aaaɵ,4,ӑшаласа,ɵaaa,6,4,1,4,255,641,2,TRUE
aaaɵ,4,патшалӑха,aaɵa,5,4,1,4,255,641,2,TRUE
aaaɵ,4,ҫанталӑка,aaɵa,5,4,1,4,255,641,2,TRUE
aaaɵ,4,янӑраса,aɵaa,5,4,1,4,255,641,2,TRUE
aaaɵ,4,ҫавӑнталла,aɵaa,5,4,1,4,255,641,2,TRUE
aaaɵ,4,таврӑнасса,aɵaa,5,4,1,4,255,641,2,TRUE
aaaɵ,4,таврӑнайман,aɵaa,5,4,1,4,255,641,2,TRUE
aaaɵ,4,таврӑнсанах,aɵaa,5,4,1,4,255,641,2,TRUE
aaaɵ,4,ӑшталанса,ɵaaa,4,4,1,4,255,641,2,TRUE
aaaɵ,4,ҫавӑнтанпа,aɵaa,4,4,1,4,255,641,2,TRUE
aaaɵ,4,анӑҫалла,aɵaa,4,4,1,4,255,641,2,TRUE
aaaɵ,4,хаваслӑрах,aaɵa,4,4,1,4,255,641,2,TRUE
aaaɵ,4,аптӑраса,aɵaa,4,4,1,4,255,641,2,TRUE
aaaɵ,4,айӑплава,aɵaa,3,4,1,4,255,641,2,TRUE
aaaɵ,4,яланлӑхах,aaɵa,3,4,1,4,255,641,2,TRUE
aaaɵ,4,кайнӑранпа,aɵaa,3,4,1,4,255,641,2,TRUE
aaaɵ,4,ҫанталӑкра,aaɵa,3,4,1,4,255,641,2,TRUE
aaaɵ,4,вӑтанарах,ɵaaa,3,4,1,4,255,641,2,TRUE
aaaɵ,4,малашлӑха,aaɵa,3,4,1,4,255,641,2,TRUE
aaaɵ,4,алса-чӑлха,aaɵa,3,4,1,4,255,641,2,TRUE
aaaɵ,4,кӑранташпа,ɵaaa,3,4,1,4,255,641,2,TRUE
aaaɵ,4,ӑнлантарса,ɵaaa,3,4,1,4,255,641,2,TRUE
aaaɵ,4,сасӑлавра,aɵaa,3,4,1,4,255,641,2,TRUE
aaaɵ,4,сасӑлама,aɵaa,3,4,1,4,255,641,2,TRUE
aaaɵ,4,парӑнмалла,aɵaa,3,4,1,4,255,641,2,TRUE
aaaɵ,4,асӑрханса,aɵaa,3,4,1,4,255,641,2,TRUE
aaaɵ,4,шӑлавара,ɵaaa,3,4,1,4,255,641,2,TRUE
aaaɵ,4,кӑтартакан,ɵaaa,3,4,1,4,255,641,2,TRUE
aaaɵ,4,майлашӑнса,aaɵa,2,4,1,4,255,641,2,TRUE
aaaɵ,4,вӑтансарах,ɵaaa,2,4,1,4,255,641,2,TRUE
aaaɵ,4,ӑмсанмалла,ɵaaa,2,4,1,4,255,641,2,TRUE
aaaɵ,4,каҫӑртарах,aɵaa,2,4,1,4,255,641,2,TRUE
aaaɵ,4,ӑнланаймасть,ɵaaa,2,4,1,4,255,641,2,TRUE
aaaɵ,4,тапӑнмалла,aɵaa,2,4,1,4,255,641,2,TRUE
aaaɵ,4,пӑхкаласа,ɵaaa,2,4,1,4,255,641,2,TRUE
aaaɵ,4,палӑркалать,aɵaa,2,4,1,4,255,641,2,TRUE
aaaɵ,4,тарӑхмалла,aɵaa,2,4,1,4,255,641,2,TRUE
aaaɵ,4,алчӑраса,aɵaa,2,4,1,4,255,641,2,TRUE
aaaɵ,4,хӑтланакан,ɵaaa,2,4,1,4,255,641,2,TRUE
aaaɵ,4,хӑвармалла,ɵaaa,2,4,1,4,255,641,2,TRUE
aaaɵ,4,лӑплантарать,ɵaaa,2,4,1,4,255,641,2,TRUE
aaaɵ,4,чарӑнсарах,aɵaa,2,4,1,4,255,641,2,TRUE
aaaɵ,4,пӑкачава,ɵaaa,2,4,1,4,255,641,2,TRUE
aaaɵ,4,явӑнакан,aɵaa,2,4,1,4,255,641,2,TRUE
aaaɵ,4,ӑшталанать,ɵaaa,2,4,1,4,255,641,2,TRUE
aaaɵ,4,кӑтраланса,ɵaaa,2,4,1,4,255,641,2,TRUE
aaaɵ,4,паянлӑха,aaɵa,2,4,1,4,255,641,2,TRUE
aaaɵ,4,шӑрантарса,ɵaaa,2,4,1,4,255,641,2,TRUE
aaaɵ,4,вӑрманалла,ɵaaa,2,4,1,4,255,641,2,TRUE
aaaɵ,4,ӑнлантарать,ɵaaa,2,4,1,4,255,641,2,TRUE
aaaɵ,4,ярӑнакан,aɵaa,2,4,1,4,255,641,2,TRUE
aaaɵ,4,айӑплама,aɵaa,2,4,1,4,255,641,2,TRUE
aaaɵ,4,акӑлчанла,aɵaa,2,4,1,4,255,641,2,TRUE
aaaɵ,4,кӑтартмалла,ɵaaa,2,4,1,4,255,641,2,TRUE
aaaɵ,4,таврӑнасран,aɵaa,2,4,1,4,255,641,2,TRUE
aaaɵ,4,танайкӑна,aaɵa,2,4,1,4,255,641,2,TRUE
aaaɵ,4,пӑшарханса,ɵaaa,2,4,1,4,255,641,2,TRUE
aaaɵ,4,кӑканарта,ɵaaa,2,4,1,4,255,641,2,TRUE
aaaɵ,4,палӑртаять,aɵaa,2,4,1,4,255,641,2,TRUE
aaaɵ,4,палӑртайман,aɵaa,2,4,1,4,255,641,2,TRUE
aaaɵ,4,ҫамрӑкланать,aɵaa,2,4,1,4,255,641,2,TRUE
aaaɵ,4,парӑнтарма,aɵaa,2,4,1,4,255,641,2,TRUE
aaaɵ,4,макӑрмалла,aɵaa,2,4,1,4,255,641,2,TRUE
aaaɵ,4,астӑватна,aɵaa,1,4,1,4,255,641,2,TRUE
aaaɵ,4,варшавӑра,aaɵa,1,4,1,4,255,641,2,TRUE
aaaɵ,4,асӑрхамасть,aɵaa,1,4,1,4,255,641,2,TRUE
aaaɵ,4,ӑсатакан,ɵaaa,1,4,1,4,255,641,2,TRUE
aaaɵ,4,ҫаврӑнкалас,aɵaa,1,4,1,4,255,641,2,TRUE
aaaɵ,4,папахӑпа,aaɵa,1,4,1,4,255,641,2,TRUE
aaaɵ,4,пӑвакана,ɵaaa,1,4,1,4,255,641,2,TRUE
aaaɵ,4,анлӑлатма,aɵaa,1,4,1,4,255,641,2,TRUE
aaaɵ,4,чӑрмантарас,ɵaaa,1,4,1,4,255,641,2,TRUE
aaaɵ,4,савӑнтарсах,aɵaa,1,4,1,4,255,641,2,TRUE
aaaɵ,4,палӑрмаллах,aɵaa,1,4,1,4,255,641,2,TRUE
aaaɵ,4,тарӑхтарать,aɵaa,1,4,1,4,255,641,2,TRUE
aaaɵ,4,папахӑна,aaɵa,1,4,1,4,255,641,2,TRUE
aaaɵ,4,янӑракан,aɵaa,1,4,1,4,255,641,2,TRUE
aaaɵ,4,ҫапӑланса,aɵaa,1,4,1,4,255,641,2,TRUE
aaaɵ,4,апӑршана,aɵaa,1,4,1,4,255,641,2,TRUE
aaaɵ,4,шӑтарасла,ɵaaa,1,4,1,4,255,641,2,TRUE
aaaɵ,4,парӑнтарас,aɵaa,1,4,1,4,255,641,2,TRUE
aaaɵ,4,патшалӑхпа,aaɵa,1,4,1,4,255,641,2,TRUE
aaaɵ,4,тавралӑхах,aaɵa,1,4,1,4,255,641,2,TRUE
aaaɵ,4,асӑрханма,aɵaa,1,4,1,4,255,641,2,TRUE
aaaɵ,4,макӑракан,aɵaa,1,4,1,4,255,641,2,TRUE
aaaɵ,4,анмасӑрах,aaɵa,1,4,1,4,255,641,2,TRUE
aaaɵ,4,савӑнтарса,aɵaa,1,4,1,4,255,641,2,TRUE
aaaɵ,4,чӑрлаттарса,ɵaaa,1,4,1,4,255,641,2,TRUE
aaaɵ,4,савраскӑпа,aaɵa,1,4,1,4,255,641,2,TRUE
aaaɵ,4,астӑвасса,aɵaa,1,4,1,4,255,641,2,TRUE
aaaɵ,4,ӑшалама,ɵaaa,1,4,1,4,255,641,2,TRUE
aaaɵ,4,пӑшатана,ɵaaa,1,4,1,4,255,641,2,TRUE
aaaɵ,4,ӑнланакан,ɵaaa,1,4,1,4,255,641,2,TRUE
aaaɵ,4,каятӑн-ха,aaɵa,1,4,1,4,255,641,2,TRUE
aaaɵ,4,ҫавӑнтанах,aɵaa,1,4,1,4,255,641,2,TRUE
aaaɵ,4,парӑнтарса,aɵaa,1,4,1,4,255,641,2,TRUE
aaaɵ,4,лартнӑранпах,aɵaa,1,4,1,4,255,641,2,TRUE
aaaɵ,4,саламӑра,aaɵa,1,4,1,4,255,641,2,TRUE
aaaɵ,4,ҫапатӑпах,aaɵa,1,4,1,4,255,641,2,TRUE
aaaɵ,4,ҫавӑнтанпах,aɵaa,1,4,1,4,255,641,2,TRUE
aaaɵ,4,тарӑхтарса,aɵaa,1,4,1,4,255,641,2,TRUE
aaaɵ,4,асӑрхама,aɵaa,1,4,1,4,255,641,2,TRUE
aaaɵ,4,ятлаҫнӑ-ха,aaɵa,1,4,1,4,255,641,2,TRUE
aaaɵ,4,лӑплансанах,ɵaaa,1,4,1,4,255,641,2,TRUE
aaaɵ,4,сӑрлакала,ɵaaa,1,4,1,4,255,641,2,TRUE
aaaɵ,4,малашлӑхра,aaɵa,1,4,1,4,255,641,2,TRUE
aaaɵ,4,ҫавӑрайман,aɵaa,1,4,1,4,255,641,2,TRUE
aaaɵ,4,сӑмавара,ɵaaa,1,4,1,4,255,641,2,TRUE
aaaɵ,4,пӑталаса,ɵaaa,1,4,1,4,255,641,2,TRUE
aaaɵ,4,ҫаврӑнсанах,aɵaa,1,4,1,4,255,641,2,TRUE
aaaɵ,4,хӑйраттарма,ɵaaa,1,4,1,4,255,641,2,TRUE
aaaɵ,4,ӑшталансан,ɵaaa,1,4,1,4,255,641,2,TRUE
aaaɵ,4,янӑратса,aɵaa,1,4,1,4,255,641,2,TRUE
aaaɵ,4,кӑкаракан,ɵaaa,1,4,1,4,255,641,2,TRUE
aaaɵ,4,арпашӑнса,aaɵa,1,4,1,4,255,641,2,TRUE
aaaɵ,4,хастарлӑха,aaɵa,1,4,1,4,255,641,2,TRUE
aaaɵ,4,памасӑрах,aaɵa,1,4,1,4,255,641,2,TRUE
aaaɵ,4,чӑрмантарса,ɵaaa,1,4,1,4,255,641,2,TRUE
aaaɵ,4,йӑвантарса,ɵaaa,1,4,1,4,255,641,2,TRUE
aaaɵ,4,анлӑлатас,aɵaa,1,4,1,4,255,641,2,TRUE
aaaɵ,4,сӑлтавласа,ɵaaa,1,4,1,4,255,641,2,TRUE
aaaɵ,4,тӑккаласа,ɵaaa,1,4,1,4,255,641,2,TRUE
aaaɵ,4,ачасӑрах,aaɵa,1,4,1,4,255,641,2,TRUE
aaaɵ,4,палӑракан,aɵaa,1,4,1,4,255,641,2,TRUE
aaaɵ,4,ҫӑмхаланса,ɵaaa,1,4,1,4,255,641,2,TRUE
aaaɵ,4,таврӑнмалла,aɵaa,1,4,1,4,255,641,2,TRUE
aaaɵ,4,парӑнакан,aɵaa,1,4,1,4,255,641,2,TRUE
aaaɵ,4,ӑнланайман,ɵaaa,1,4,1,4,255,641,2,TRUE
aaaɵ,4,йӑраланса,ɵaaa,1,4,1,4,255,641,2,TRUE
aaaɵ,4,ачашшӑнрах,aaɵa,1,4,1,4,255,641,2,TRUE
aaaɵ,4,ӑнланман-ха,ɵaaa,1,4,1,4,255,641,2,TRUE
aaaɵ,4,саланнӑран,aaɵa,1,4,1,4,255,641,2,TRUE
aaaɵ,4,вӑранасса,ɵaaa,1,4,1,4,255,641,2,TRUE
aaaɵ,4,ялкӑштарса,aɵaa,1,4,1,4,255,641,2,TRUE
aaaɵ,4,ахӑлтатса,aɵaa,1,4,1,4,255,641,2,TRUE
aaaɵ,4,савӑнарах,aɵaa,1,4,1,4,255,641,2,TRUE
aaaɵ,4,ҫӑваралла,ɵaaa,1,4,1,4,255,641,2,TRUE
aaaɵ,4,ҫаврӑнарах,aɵaa,1,4,1,4,255,641,2,TRUE
aaaɵ,4,палӑрмасан,aɵaa,1,4,1,4,255,641,2,TRUE
aaaɵ,4,сӑваплама,ɵaaa,1,4,1,4,255,641,2,TRUE
aaaɵ,4,кӑвакарман,ɵaaa,1,4,1,4,255,641,2,TRUE
aaaɵ,4,кӑмакаран,ɵaaa,1,4,1,4,255,641,2,TRUE
aaaɵ,4,чарӑнмалла,aɵaa,1,4,1,4,255,641,2,TRUE
aaaɵ,4,лара-тӑра,aaɵa,1,4,1,4,255,641,2,TRUE
aaaɵ,4,ҫаврӑнакан,aɵaa,1,4,1,4,255,641,2,TRUE
aaaɵ,4,шӑлкаласа,ɵaaa,1,4,1,4,255,641,2,TRUE
aaaɵ,4,хӑпарсарах,ɵaaa,1,4,1,4,255,641,2,TRUE
aaaɵ,4,сӑнарласа,ɵaaa,1,4,1,4,255,641,2,TRUE
aaaɵ,4,лӑплантарма,ɵaaa,1,4,1,4,255,641,2,TRUE
aaaɵ,4,тасалӑхра,aaɵa,1,4,1,4,255,641,2,TRUE
aaaɵ,4,ҫӑпатана,ɵaaa,1,4,1,4,255,641,2,TRUE
aaaɵ,4,шӑрантарать,ɵaaa,1,4,1,4,255,641,2,TRUE
aaaɵ,4,ярӑнасран,aɵaa,1,4,1,4,255,641,2,TRUE
aaaɵ,4,калаҫӑр-ха,aaɵa,1,4,1,4,255,641,2,TRUE
aaaɵ,4,паратӑпах,aaɵa,1,4,1,4,255,641,2,TRUE
aaaɵ,4,ӑшаланать,ɵaaa,1,4,1,4,255,641,2,TRUE
aaaɵ,4,хӑпаракан,ɵaaa,1,4,1,4,255,641,2,TRUE
aaaɵ,4,палӑртакан,aɵaa,1,4,1,4,255,641,2,TRUE
aaaɵ,4,савӑнаять,aɵaa,1,4,1,4,255,641,2,TRUE
aaaɵ,4,аптӑрасан,aɵaa,1,4,1,4,255,641,2,TRUE
aaaɵ,4,шапашкӑна,aaɵa,1,4,1,4,255,641,2,TRUE
aaaɵ,4,хапӑлласах,aɵaa,1,4,1,4,255,641,2,TRUE
aaaɵ,4,тӑхтамалла,ɵaaa,1,4,1,4,255,641,2,TRUE
aaaɵ,4,кӑларайман,ɵaaa,1,4,1,4,255,641,2,TRUE
aaaɵ,4,ӑсталакан,ɵaaa,1,4,1,4,255,641,2,TRUE
aaaɵ,4,кӑвакарсах,ɵaaa,1,4,1,4,255,641,2,TRUE
aaaɵ,4,хӑварайман,ɵaaa,1,4,1,4,255,641,2,TRUE
ɵɵu,3,пурӑннӑ,uɵɵ,62,1,0,3,132,597,3,TRUE
ɵɵu,3,унсӑрӑн,uɵɵ,20,1,0,3,132,597,3,TRUE
ɵɵu,3,уҫӑлнӑ,uɵɵ,18,1,0,3,132,597,3,TRUE
ɵɵu,3,пухӑннӑ,uɵɵ,17,1,0,3,132,597,3,TRUE
ɵɵu,3,тупӑннӑ,uɵɵ,14,1,0,3,132,597,3,TRUE
ɵɵu,3,усӑсӑр,uɵɵ,13,1,0,3,132,597,3,TRUE
ɵɵu,3,улшӑннӑ,uɵɵ,12,1,0,3,132,597,3,TRUE
ɵɵu,3,хутшӑннӑ,uɵɵ,12,1,0,3,132,597,3,TRUE
ɵɵu,3,турӑмӑр,uɵɵ,11,1,0,3,132,597,3,TRUE
ɵɵu,3,пулӑттӑм,uɵɵ,10,1,0,3,132,597,3,TRUE
ɵɵu,3,уйӑрнӑ,uɵɵ,9,1,0,3,132,597,3,TRUE
ɵɵu,3,хурлӑхлӑн,uɵɵ,9,1,0,3,132,597,3,TRUE
ɵɵu,3,уйрӑммӑн,uɵɵ,8,1,0,3,132,597,3,TRUE
ɵɵu,3,хурлӑхлӑ,uɵɵ,8,1,0,3,132,597,3,TRUE
ɵɵu,3,пулӑшнӑ,uɵɵ,8,1,0,3,132,597,3,TRUE
ɵɵu,3,курӑннӑ,uɵɵ,7,1,0,3,132,597,3,TRUE
ɵɵu,3,хурӑнлӑх,uɵɵ,6,1,0,3,132,597,3,TRUE
ɵɵu,3,тунсӑхлӑн,uɵɵ,6,1,0,3,132,597,3,TRUE
ɵɵu,3,пурнӑҫӑн,uɵɵ,6,1,0,3,132,597,3,TRUE
ɵɵu,3,тухӑҫлӑ,uɵɵ,6,1,0,3,132,597,3,TRUE
ɵɵu,3,курӑпӑр,uɵɵ,6,1,0,3,132,597,3,TRUE
ɵɵu,3,уйрӑлнӑ,uɵɵ,6,1,0,3,132,597,3,TRUE
ɵɵu,3,пурнӑҫшӑн,uɵɵ,6,1,0,3,132,597,3,TRUE
ɵɵu,3,усӑллӑ,uɵɵ,6,1,0,3,132,597,3,TRUE
ɵɵu,3,пулнӑшӑн,uɵɵ,5,1,0,3,132,597,3,TRUE
ɵɵu,3,туйӑннӑ,uɵɵ,5,1,0,3,132,597,3,TRUE
ɵɵu,3,турӑҫӑм,uɵɵ,5,1,0,3,132,597,3,TRUE
ɵɵu,3,юрӑхлӑ,uɵɵ,5,1,0,3,132,597,3,TRUE
ɵɵu,3,сутӑннӑ,uɵɵ,5,1,0,3,132,597,3,TRUE
ɵɵu,3,тупрӑмӑр,uɵɵ,4,1,0,3,132,597,3,TRUE
ɵɵu,3,тутӑхнӑ,uɵɵ,4,1,0,3,132,597,3,TRUE
ɵɵu,3,курӑмлӑ,uɵɵ,4,1,0,3,132,597,3,TRUE
ɵɵu,3,шухӑшлӑ,uɵɵ,4,1,0,3,132,597,3,TRUE
ɵɵu,3,пуҫӑннӑ,uɵɵ,4,1,0,3,132,597,3,TRUE
ɵɵu,3,тухрӑмӑр,uɵɵ,4,1,0,3,132,597,3,TRUE
ɵɵu,3,сутӑнчӑк,uɵɵ,4,1,0,3,132,597,3,TRUE
ɵɵu,3,уҫӑмлӑн,uɵɵ,4,1,0,3,132,597,3,TRUE
ɵɵu,3,туртӑннӑ,uɵɵ,4,1,0,3,132,597,3,TRUE
ɵɵu,3,ҫулӑмлӑ,uɵɵ,4,1,0,3,132,597,3,TRUE
ɵɵu,3,пулӑпӑр,uɵɵ,3,1,0,3,132,597,3,TRUE
ɵɵu,3,купӑсҫӑ,uɵɵ,3,1,0,3,132,597,3,TRUE
ɵɵu,3,вунтӑхӑр,uɵɵ,3,1,0,3,132,597,3,TRUE
ɵɵu,3,хутӑмӑр,uɵɵ,3,1,0,3,132,597,3,TRUE
ɵɵu,3,чунӑмҫӑм,uɵɵ,3,1,0,3,132,597,3,TRUE
ɵɵu,3,пурӑнтӑр,uɵɵ,3,1,0,3,132,597,3,TRUE
ɵɵu,3,тупӑшнӑ,uɵɵ,3,1,0,3,132,597,3,TRUE
ɵɵu,3,курнӑшӑн,uɵɵ,3,1,0,3,132,597,3,TRUE
ɵɵu,3,уҫрӑмӑр,uɵɵ,3,1,0,3,132,597,3,TRUE
ɵɵu,3,тухӑпӑр,uɵɵ,2,1,0,3,132,597,3,TRUE
ɵɵu,3,хуйхӑллӑ,uɵɵ,2,1,0,3,132,597,3,TRUE
ɵɵu,3,утрӑмӑр,uɵɵ,2,1,0,3,132,597,3,TRUE
ɵɵu,3,пурӑнтӑм,uɵɵ,2,1,0,3,132,597,3,TRUE
ɵɵu,3,шухӑшсӑр,uɵɵ,2,1,0,3,132,597,3,TRUE
ɵɵu,3,юхӑннӑ,uɵɵ,2,1,0,3,132,597,3,TRUE
ɵɵu,3,усӑннӑ,uɵɵ,2,1,0,3,132,597,3,TRUE
ɵɵu,3,уҫӑпӑч,uɵɵ,2,1,0,3,132,597,3,TRUE
ɵɵu,3,хушӑннӑ,uɵɵ,2,1,0,3,132,597,3,TRUE
ɵɵu,3,куртӑмӑр,uɵɵ,2,1,0,3,132,597,3,TRUE
ɵɵu,3,шухӑшлӑн,uɵɵ,2,1,0,3,132,597,3,TRUE
ɵɵu,3,пултӑмӑр,uɵɵ,2,1,0,3,132,597,3,TRUE
ɵɵu,3,тупӑшлӑ,uɵɵ,2,1,0,3,132,597,3,TRUE
ɵɵu,3,пулӑттӑн,uɵɵ,2,1,0,3,132,597,3,TRUE
ɵɵu,3,хунӑшӑн,uɵɵ,2,1,0,3,132,597,3,TRUE
ɵɵu,3,юлтӑмӑр,uɵɵ,2,1,0,3,132,597,3,TRUE
ɵɵu,3,юлӑпӑр,uɵɵ,2,1,0,3,132,597,3,TRUE
ɵɵu,3,утӑмӑр,uɵɵ,2,1,0,3,132,597,3,TRUE
ɵɵu,3,ҫутӑлнӑ,uɵɵ,2,1,0,3,132,597,3,TRUE
ɵɵu,3,пуҫлӑхӑн,uɵɵ,2,1,0,3,132,597,3,TRUE
ɵɵu,3,путӑклӑ,uɵɵ,2,1,0,3,132,597,3,TRUE
ɵɵu,3,пулӑсӑр,uɵɵ,2,1,0,3,132,597,3,TRUE
ɵɵu,3,туйӑмлӑ,uɵɵ,2,1,0,3,132,597,3,TRUE
ɵɵu,3,юлмӑттӑм,uɵɵ,1,1,0,3,132,597,3,TRUE
ɵɵu,3,тунсӑхлӑ,uɵɵ,1,1,0,3,132,597,3,TRUE
ɵɵu,3,пулӑттӑр,uɵɵ,1,1,0,3,132,597,3,TRUE
ɵɵu,3,суннӑшӑн,uɵɵ,1,1,0,3,132,597,3,TRUE
ɵɵu,3,пулмӑпӑр,uɵɵ,1,1,0,3,132,597,3,TRUE
ɵɵu,3,тухнӑшӑн,uɵɵ,1,1,0,3,132,597,3,TRUE
ɵɵu,3,ҫулҫӑллӑ,uɵɵ,1,1,0,3,132,597,3,TRUE
ɵɵu,3,уҫӑпшӑн,uɵɵ,1,1,0,3,132,597,3,TRUE
ɵɵu,3,пурсӑмӑр,uɵɵ,1,1,0,3,132,597,3,TRUE
ɵɵu,3,курӑклӑ,uɵɵ,1,1,0,3,132,597,3,TRUE
ɵɵu,3,курӑнтӑр,uɵɵ,1,1,0,3,132,597,3,TRUE
ɵɵu,3,уҫӑмсӑр,uɵɵ,1,1,0,3,132,597,3,TRUE
ɵɵu,3,уҫӑмлӑх,uɵɵ,1,1,0,3,132,597,3,TRUE
ɵɵu,3,уртӑннӑ,uɵɵ,1,1,0,3,132,597,3,TRUE
ɵɵu,3,хурӑншӑн,uɵɵ,1,1,0,3,132,597,3,TRUE
ɵɵu,3,пурлӑхлӑ,uɵɵ,1,1,0,3,132,597,3,TRUE
ɵɵu,3,хушӑпӑр,uɵɵ,1,1,0,3,132,597,3,TRUE
ɵɵu,3,пулӑҫӑ,uɵɵ,1,1,0,3,132,597,3,TRUE
ɵɵu,3,кунлӑхлӑ,uɵɵ,1,1,0,3,132,597,3,TRUE
ɵɵu,3,ушкӑнӑн,uɵɵ,1,1,0,3,132,597,3,TRUE
ɵɵu,3,шурӑмӑр,uɵɵ,1,1,0,3,132,597,3,TRUE
ɵɵu,3,купӑслӑ,uɵɵ,1,1,0,3,132,597,3,TRUE
ɵɵu,3,куҫнӑшӑн,uɵɵ,1,1,0,3,132,597,3,TRUE
ɵɵu,3,хурӑнлӑ,uɵɵ,1,1,0,3,132,597,3,TRUE
ɵɵu,3,пурӑнӑн,uɵɵ,1,1,0,3,132,597,3,TRUE
ɵɵu,3,сутмӑпӑр,uɵɵ,1,1,0,3,132,597,3,TRUE
ɵɵu,3,хурӑпӑр,uɵɵ,1,1,0,3,132,597,3,TRUE
ɵɵu,3,усрӑттӑм,uɵɵ,1,1,0,3,132,597,3,TRUE
ɵɵu,3,сулӑннӑ,uɵɵ,1,1,0,3,132,597,3,TRUE
ɵɵu,3,ҫунӑшӑн,uɵɵ,1,1,0,3,132,597,3,TRUE
ɵɵu,3,тунӑшӑн,uɵɵ,1,1,0,3,132,597,3,TRUE
ɵɵu,3,пурӑнӑп,uɵɵ,1,1,0,3,132,597,3,TRUE
ɵɵu,3,лутӑркӑр,uɵɵ,1,1,0,3,132,597,3,TRUE
ɵɵu,3,тухтӑрӑн,uɵɵ,1,1,0,3,132,597,3,TRUE
ɵɵu,3,тупӑнтӑр,uɵɵ,1,1,0,3,132,597,3,TRUE
ɵɵu,3,хулӑнӑш,uɵɵ,1,1,0,3,132,597,3,TRUE
ɵɵu,3,чупрӑмӑр,uɵɵ,1,1,0,3,132,597,3,TRUE
ɵɵu,3,юлӑттӑн,uɵɵ,1,1,0,3,132,597,3,TRUE
ɵɵu,3,туйрӑмӑр,uɵɵ,1,1,0,3,132,597,3,TRUE
ɵɵu,3,хуйхӑллӑн,uɵɵ,1,1,0,3,132,597,3,TRUE
ɵɵu,3,кушӑхнӑ,uɵɵ,1,1,0,3,132,597,3,TRUE
ɵɵu,3,курӑмлӑх,uɵɵ,1,1,0,3,132,597,3,TRUE
ɵɵu,3,куҫӑпӑр,uɵɵ,1,1,0,3,132,597,3,TRUE
ɵɵu,3,хутшӑнтӑм,uɵɵ,1,1,0,3,132,597,3,TRUE
ɵɵu,3,хуйхӑрӑр,uɵɵ,1,1,0,3,132,597,3,TRUE
ɵɵu,3,уйрӑмлӑх,uɵɵ,1,1,0,3,132,597,3,TRUE
ɵɵu,3,тупӑпӑр,uɵɵ,1,1,0,3,132,597,3,TRUE
ɵɵu,3,курӑкӑн,uɵɵ,1,1,0,3,132,597,3,TRUE
ɵɵu,3,хӑрушӑ,ɵuɵ,51,2,0,3,132,597,3,TRUE
ɵɵu,3,хӑюллӑн,ɵuɵ,9,2,0,3,132,597,3,TRUE
ɵɵu,3,хӑрушсӑр,ɵuɵ,9,2,0,3,132,597,3,TRUE
ɵɵu,3,хӑрушлӑх,ɵuɵ,8,2,0,3,132,597,3,TRUE
ɵɵu,3,хӑюллӑ,ɵuɵ,7,2,0,3,132,597,3,TRUE
ɵɵu,3,ӑрушӑн,ɵuɵ,4,2,0,3,132,597,3,TRUE
ɵɵu,3,хӑюлӑх,ɵuɵ,2,2,0,3,132,597,3,TRUE
ɵɵu,3,хӑрушшӑн,ɵuɵ,1,2,0,3,132,597,3,TRUE
ɵɵu,3,мӑнукӑм,ɵuɵ,1,2,0,3,132,597,3,TRUE
ɵɵu,3,ӑмӑрту,ɵɵu,17,3,1,3,132,597,3,TRUE
ɵɵu,3,ӑнӑҫу,ɵɵu,14,3,1,3,132,597,3,TRUE
ɵɵu,3,мӑшӑру,ɵɵu,1,3,1,3,132,597,3,TRUE
ɵɵu,3,кӑмӑлу,ɵɵu,1,3,1,3,132,597,3,TRUE
eøu,3,неушлӗ,euø,22,2,0,5,76,583,2,TRUE
eøu,3,пуплеҫҫӗ,ueø,1,2,0,5,76,583,2,TRUE
eøu,3,кусемсӗр,ueø,1,2,0,5,76,583,2,TRUE
eøu,3,кутемӗн,ueø,1,2,0,5,76,583,2,TRUE
eøu,3,пуплешрӗҫ,ueø,1,2,0,5,76,583,2,TRUE
eøu,3,пуплетӗн,ueø,1,2,0,5,76,583,2,TRUE
eøu,3,умӗнче,uøe,140,3,1,5,76,583,2,TRUE
eøu,3,куҫӗсем,uøe,50,3,1,5,76,583,2,TRUE
eøu,3,ҫумӗнче,uøe,39,3,1,5,76,583,2,TRUE
eøu,3,пурпӗрех,uøe,33,3,1,5,76,583,2,TRUE
eøu,3,пуҫӗнче,uøe,24,3,1,5,76,583,2,TRUE
eøu,3,ҫуртӗнче,uøe,19,3,1,5,76,583,2,TRUE
eøu,3,куҫӗнчен,uøe,17,3,1,5,76,583,2,TRUE
eøu,3,умӗнчен,uøe,16,3,1,5,76,583,2,TRUE
eøu,3,ҫумӗнчен,uøe,15,3,1,5,76,583,2,TRUE
eøu,3,пуҫӗнчен,uøe,13,3,1,5,76,583,2,TRUE
eøu,3,умӗнчех,uøe,12,3,1,5,76,583,2,TRUE
eøu,3,ҫулӗпе,uøe,12,3,1,5,76,583,2,TRUE
eøu,3,куҫӗпе,uøe,10,3,1,5,76,583,2,TRUE
eøu,3,хутӗнче,uøe,10,3,1,5,76,583,2,TRUE
eøu,3,ҫумӗпе,uøe,10,3,1,5,76,583,2,TRUE
eøu,3,тумӗпе,uøe,9,3,1,5,76,583,2,TRUE
eøu,3,куҫӗнче,uøe,7,3,1,5,76,583,2,TRUE
eøu,3,пуҫӗпе,uøe,6,3,1,5,76,583,2,TRUE
eøu,3,кунӗпех,uøe,6,3,1,5,76,583,2,TRUE
eøu,3,чунӗпе,uøe,6,3,1,5,76,583,2,TRUE
eøu,3,шучӗпе,uøe,6,3,1,5,76,583,2,TRUE
eøu,3,ҫулӗнче,uøe,6,3,1,5,76,583,2,TRUE
eøu,3,кӗркунне,øue,6,3,1,5,76,583,2,TRUE
eøu,3,ҫумӗнчех,uøe,5,3,1,5,76,583,2,TRUE
eøu,3,тусӗсем,uøe,5,3,1,5,76,583,2,TRUE
eøu,3,хулӗнчен,uøe,4,3,1,5,76,583,2,TRUE
eøu,3,туйӗнче,uøe,3,3,1,5,76,583,2,TRUE
eøu,3,шутӗнче,uøe,3,3,1,5,76,583,2,TRUE
eøu,3,умӗпе,uøe,3,3,1,5,76,583,2,TRUE
eøu,3,чунӗнче,uøe,3,3,1,5,76,583,2,TRUE
eøu,3,ҫурчӗсем,uøe,3,3,1,5,76,583,2,TRUE
eøu,3,пунктӗнче,uøe,3,3,1,5,76,583,2,TRUE
eøu,3,кунӗнче,uøe,3,3,1,5,76,583,2,TRUE
eøu,3,хучӗпе,uøe,2,3,1,5,76,583,2,TRUE
eøu,3,юнӗпе,uøe,2,3,1,5,76,583,2,TRUE
eøu,3,пуҫӗпех,uøe,2,3,1,5,76,583,2,TRUE
eøu,3,кунӗпе,uøe,2,3,1,5,76,583,2,TRUE
eøu,3,кунӗсем,uøe,2,3,1,5,76,583,2,TRUE
eøu,3,ҫутӗҫпе,uøe,2,3,1,5,76,583,2,TRUE
eøu,3,кутӗнче,uøe,2,3,1,5,76,583,2,TRUE
eøu,3,пуҫӗсем,uøe,2,3,1,5,76,583,2,TRUE
eøu,3,ҫумӗпех,uøe,2,3,1,5,76,583,2,TRUE
eøu,3,хурчӗсен,uøe,2,3,1,5,76,583,2,TRUE
eøu,3,хумӗсем,uøe,2,3,1,5,76,583,2,TRUE
eøu,3,шӗнерпуҫ,øeu,2,3,1,5,76,583,2,TRUE
eøu,3,пӗреххут,øeu,1,3,1,5,76,583,2,TRUE
eøu,3,тумӗпех,uøe,1,3,1,5,76,583,2,TRUE
eøu,3,хутӗнчех,uøe,1,3,1,5,76,583,2,TRUE
eøu,3,чӗрчунсен,øue,1,3,1,5,76,583,2,TRUE
eøu,3,учӗпе,uøe,1,3,1,5,76,583,2,TRUE
eøu,3,путсӗрсем,uøe,1,3,1,5,76,583,2,TRUE
eøu,3,ҫумӗсем,uøe,1,3,1,5,76,583,2,TRUE
eøu,3,хутӗнчен,uøe,1,3,1,5,76,583,2,TRUE
eøu,3,ҫурчӗпе,uøe,1,3,1,5,76,583,2,TRUE
eøu,3,тумӗнче,uøe,1,3,1,5,76,583,2,TRUE
eøu,3,ҫурҫӗртен,uøe,1,3,1,5,76,583,2,TRUE
eøu,3,кутӗнчен,uøe,1,3,1,5,76,583,2,TRUE
eøu,3,ҫулӗсем,uøe,1,3,1,5,76,583,2,TRUE
eøu,3,хучӗсем,uøe,1,3,1,5,76,583,2,TRUE
eøu,3,пункчӗпе,uøe,1,3,1,5,76,583,2,TRUE
eøu,3,шкулӗнче,uøe,1,3,1,5,76,583,2,TRUE
eøu,3,чухлӗшер,uøe,1,3,1,5,76,583,2,TRUE
eøu,3,шутӗнчех,uøe,1,3,1,5,76,583,2,TRUE
eøu,3,учӗсем,uøe,1,3,1,5,76,583,2,TRUE
eøu,3,хунӗме,uøe,1,3,1,5,76,583,2,TRUE
eøu,3,кӗтерук,øeu,1,3,1,5,76,583,2,TRUE
eøu,3,ҫуртӗнчен,uøe,1,3,1,5,76,583,2,TRUE
eøu,3,хурчӗсем,uøe,1,3,1,5,76,583,2,TRUE
eøu,3,ҫулӗпех,uøe,1,3,1,5,76,583,2,TRUE
eøu,3,хулӗсем,uøe,1,3,1,5,76,583,2,TRUE
aɵʉ,3,арҫыннӑн,aʉɵ,1,1,0,3,174,561,3,TRUE
aɵʉ,3,шыранӑ,ʉaɵ,12,2,0,3,174,561,3,TRUE
aɵʉ,3,пытарнӑ,ʉaɵ,7,2,0,3,174,561,3,TRUE
aɵʉ,3,ырланӑ,ʉaɵ,6,2,0,3,174,561,3,TRUE
aɵʉ,3,тытатӑп,ʉaɵ,5,2,0,3,174,561,3,TRUE
aɵʉ,3,сывалнӑ,ʉaɵ,5,2,0,3,174,561,3,TRUE
aɵʉ,3,ыратнӑ,ʉaɵ,5,2,0,3,174,561,3,TRUE
aɵʉ,3,пытаннӑ,ʉaɵ,4,2,0,3,174,561,3,TRUE
aɵʉ,3,пыратӑн,ʉaɵ,4,2,0,3,174,561,3,TRUE
aɵʉ,3,тыттарнӑ,ʉaɵ,4,2,0,3,174,561,3,TRUE
aɵʉ,3,ыйтатӑп,ʉaɵ,4,2,0,3,174,561,3,TRUE
aɵʉ,3,ҫыравҫӑ,ʉaɵ,4,2,0,3,174,561,3,TRUE
aɵʉ,3,ҫырлахнӑ,ʉaɵ,4,2,0,3,174,561,3,TRUE
aɵʉ,3,ылханлӑ,ʉaɵ,3,2,0,3,174,561,3,TRUE
aɵʉ,3,вырнаҫнӑ,ʉaɵ,3,2,0,3,174,561,3,TRUE
aɵʉ,3,ҫыратӑп,ʉaɵ,3,2,0,3,174,561,3,TRUE
aɵʉ,3,пытартӑм,ʉaɵ,2,2,0,3,174,561,3,TRUE
aɵʉ,3,тытасшӑн,ʉaɵ,2,2,0,3,174,561,3,TRUE
aɵʉ,3,пыраттӑм,ʉaɵ,2,2,0,3,174,561,3,TRUE
aɵʉ,3,вылянӑ,ʉaɵ,2,2,0,3,174,561,3,TRUE
aɵʉ,3,выртатӑн,ʉaɵ,2,2,0,3,174,561,3,TRUE
aɵʉ,3,тытатӑн,ʉaɵ,2,2,0,3,174,561,3,TRUE
aɵʉ,3,ҫыратӑр,ʉaɵ,2,2,0,3,174,561,3,TRUE
aɵʉ,3,пыратпӑр,ʉaɵ,2,2,0,3,174,561,3,TRUE
aɵʉ,3,вылярӑм,ʉaɵ,2,2,0,3,174,561,3,TRUE
aɵʉ,3,пытарӑр,ʉaɵ,2,2,0,3,174,561,3,TRUE
aɵʉ,3,чысланӑ,ʉaɵ,2,2,0,3,174,561,3,TRUE
aɵʉ,3,хывмарӑр,ʉaɵ,1,2,0,3,174,561,3,TRUE
aɵʉ,3,вырттарнӑ,ʉaɵ,1,2,0,3,174,561,3,TRUE
aɵʉ,3,шыратӑр,ʉaɵ,1,2,0,3,174,561,3,TRUE
aɵʉ,3,пыратӑп,ʉaɵ,1,2,0,3,174,561,3,TRUE
aɵʉ,3,сывлатӑп,ʉaɵ,1,2,0,3,174,561,3,TRUE
aɵʉ,3,ыйтатпӑр,ʉaɵ,1,2,0,3,174,561,3,TRUE
aɵʉ,3,ырланӑн,ʉaɵ,1,2,0,3,174,561,3,TRUE
aɵʉ,3,ҫывхарнӑ,ʉaɵ,1,2,0,3,174,561,3,TRUE
aɵʉ,3,шыратпӑр,ʉaɵ,1,2,0,3,174,561,3,TRUE
aɵʉ,3,ыйтмастпӑр,ʉaɵ,1,2,0,3,174,561,3,TRUE
aɵʉ,3,чылайӑн,ʉaɵ,1,2,0,3,174,561,3,TRUE
aɵʉ,3,ҫыратпӑр,ʉaɵ,1,2,0,3,174,561,3,TRUE
aɵʉ,3,ҫырмасӑр,ʉaɵ,1,2,0,3,174,561,3,TRUE
aɵʉ,3,ыйтмасӑр,ʉaɵ,1,2,0,3,174,561,3,TRUE
aɵʉ,3,ҫыртатӑн,ʉaɵ,1,2,0,3,174,561,3,TRUE
aɵʉ,3,пытармӑп,ʉaɵ,1,2,0,3,174,561,3,TRUE
aɵʉ,3,хыртарнӑ,ʉaɵ,1,2,0,3,174,561,3,TRUE
aɵʉ,3,ытарлӑ,ʉaɵ,1,2,0,3,174,561,3,TRUE
aɵʉ,3,сывалтӑм,ʉaɵ,1,2,0,3,174,561,3,TRUE
aɵʉ,3,шыранӑн,ʉaɵ,1,2,0,3,174,561,3,TRUE
aɵʉ,3,вылянчӑк,ʉaɵ,1,2,0,3,174,561,3,TRUE
aɵʉ,3,ыйтатӑн,ʉaɵ,1,2,0,3,174,561,3,TRUE
aɵʉ,3,ытарлӑн,ʉaɵ,1,2,0,3,174,561,3,TRUE
aɵʉ,3,шырарӑм,ʉaɵ,1,2,0,3,174,561,3,TRUE
aɵʉ,3,пымасӑр,ʉaɵ,1,2,0,3,174,561,3,TRUE
aɵʉ,3,ыйтмастӑп,ʉaɵ,1,2,0,3,174,561,3,TRUE
aɵʉ,3,тытайӑн,ʉaɵ,1,2,0,3,174,561,3,TRUE
aɵʉ,3,тыттартӑм,ʉaɵ,1,2,0,3,174,561,3,TRUE
aɵʉ,3,пыркалӑр,ʉaɵ,1,2,0,3,174,561,3,TRUE
aɵʉ,3,вырӑна,ʉɵa,30,3,1,3,174,561,3,TRUE
aɵʉ,3,вырӑнта,ʉɵa,23,3,1,3,174,561,3,TRUE
aɵʉ,3,вырӑнтан,ʉɵa,18,3,1,3,174,561,3,TRUE
aɵʉ,3,ыйтӑва,ʉɵa,18,3,1,3,174,561,3,TRUE
aɵʉ,3,йывӑҫа,ʉɵa,17,3,1,3,174,561,3,TRUE
aɵʉ,3,тытӑнса,ʉɵa,17,3,1,3,174,561,3,TRUE
aɵʉ,3,тытӑнсан,ʉɵa,14,3,1,3,174,561,3,TRUE
aɵʉ,3,ывӑнса,ʉɵa,14,3,1,3,174,561,3,TRUE
aɵʉ,3,тыткӑна,ʉɵa,13,3,1,3,174,561,3,TRUE
aɵʉ,3,хыпӑнса,ʉɵa,13,3,1,3,174,561,3,TRUE
aɵʉ,3,тытӑнать,ʉɵa,11,3,1,3,174,561,3,TRUE
aɵʉ,3,ывӑтса,ʉɵa,11,3,1,3,174,561,3,TRUE
aɵʉ,3,ырӑпа,ʉɵa,11,3,1,3,174,561,3,TRUE
aɵʉ,3,пысӑках,ʉɵa,10,3,1,3,174,561,3,TRUE
aɵʉ,3,ҫылӑха,ʉɵa,9,3,1,3,174,561,3,TRUE
aɵʉ,3,хытӑрах,ʉɵa,8,3,1,3,174,561,3,TRUE
aɵʉ,3,сывлӑшра,ʉɵa,8,3,1,3,174,561,3,TRUE
aɵʉ,3,йышӑнать,ʉɵa,6,3,1,3,174,561,3,TRUE
aɵʉ,3,сывлӑша,ʉɵa,6,3,1,3,174,561,3,TRUE
aɵʉ,3,ҫывӑрать,ʉɵa,6,3,1,3,174,561,3,TRUE
aɵʉ,3,хыҫҫӑнах,ʉɵa,6,3,1,3,174,561,3,TRUE
aɵʉ,3,ҫывӑрма,ʉɵa,6,3,1,3,174,561,3,TRUE
aɵʉ,3,ывӑнма,ʉɵa,5,3,1,3,174,561,3,TRUE
aɵʉ,3,пысӑкрах,ʉɵa,5,3,1,3,174,561,3,TRUE
aɵʉ,3,ҫывӑхра,ʉɵa,5,3,1,3,174,561,3,TRUE
aɵʉ,3,ыйхӑран,ʉɵa,5,3,1,3,174,561,3,TRUE
aɵʉ,3,вырӑнтах,ʉɵa,5,3,1,3,174,561,3,TRUE
aɵʉ,3,вырӑсла,ʉɵa,4,3,1,3,174,561,3,TRUE
aɵʉ,3,хыттӑнах,ʉɵa,4,3,1,3,174,561,3,TRUE
aɵʉ,3,йышӑнмасть,ʉɵa,4,3,1,3,174,561,3,TRUE
aɵʉ,3,ыткӑнса,ʉɵa,4,3,1,3,174,561,3,TRUE
aɵʉ,3,тытӑмра,ʉɵa,4,3,1,3,174,561,3,TRUE
aɵʉ,3,ҫырӑва,ʉɵa,4,3,1,3,174,561,3,TRUE
aɵʉ,3,ыткӑнать,ʉɵa,4,3,1,3,174,561,3,TRUE
aɵʉ,3,сывлӑмпа,ʉɵa,3,3,1,3,174,561,3,TRUE
aɵʉ,3,ывӑла,ʉɵa,3,3,1,3,174,561,3,TRUE
aɵʉ,3,ҫыхӑнман,ʉɵa,3,3,1,3,174,561,3,TRUE
aɵʉ,3,ҫывӑхрах,ʉɵa,3,3,1,3,174,561,3,TRUE
aɵʉ,3,ҫывӑрса,ʉɵa,2,3,1,3,174,561,3,TRUE
aɵʉ,3,ҫыхӑнать,ʉɵa,2,3,1,3,174,561,3,TRUE
aɵʉ,3,ҫывӑхах,ʉɵa,2,3,1,3,174,561,3,TRUE
aɵʉ,3,тытӑма,ʉɵa,2,3,1,3,174,561,3,TRUE
aɵʉ,3,ҫыхӑнса,ʉɵa,2,3,1,3,174,561,3,TRUE
aɵʉ,3,йывӑҫран,ʉɵa,2,3,1,3,174,561,3,TRUE
aɵʉ,3,тыткӑнра,ʉɵa,2,3,1,3,174,561,3,TRUE
aɵʉ,3,тытӑнас,ʉɵa,2,3,1,3,174,561,3,TRUE
aɵʉ,3,тытӑнма,ʉɵa,2,3,1,3,174,561,3,TRUE
aɵʉ,3,тытӑҫса,ʉɵa,2,3,1,3,174,561,3,TRUE
aɵʉ,3,ҫырӑнса,ʉɵa,2,3,1,3,174,561,3,TRUE
aɵʉ,3,йынӑшса,ʉɵa,2,3,1,3,174,561,3,TRUE
aɵʉ,3,чыхӑнса,ʉɵa,2,3,1,3,174,561,3,TRUE
aɵʉ,3,йышлӑрах,ʉɵa,2,3,1,3,174,561,3,TRUE
aɵʉ,3,ҫывӑха,ʉɵa,2,3,1,3,174,561,3,TRUE
aɵʉ,3,ырӑрах,ʉɵa,2,3,1,3,174,561,3,TRUE
aɵʉ,3,йышлӑнрах,ʉɵa,1,3,1,3,174,561,3,TRUE
aɵʉ,3,йытӑпа,ʉɵa,1,3,1,3,174,561,3,TRUE
aɵʉ,3,тытӑнар,ʉɵa,1,3,1,3,174,561,3,TRUE
aɵʉ,3,ывӑтать,ʉɵa,1,3,1,3,174,561,3,TRUE
aɵʉ,3,выҫӑпа,ʉɵa,1,3,1,3,174,561,3,TRUE
aɵʉ,3,сыпӑка,ʉɵa,1,3,1,3,174,561,3,TRUE
aɵʉ,3,хыттӑнрах,ʉɵa,1,3,1,3,174,561,3,TRUE
aɵʉ,3,ывӑтма,ʉɵa,1,3,1,3,174,561,3,TRUE
aɵʉ,3,тытӑн-ха,ʉɵa,1,3,1,3,174,561,3,TRUE
aɵʉ,3,ҫыхӑнсах,ʉɵa,1,3,1,3,174,561,3,TRUE
aɵʉ,3,сывлӑшпа,ʉɵa,1,3,1,3,174,561,3,TRUE
aɵʉ,3,ҫырӑнсан,ʉɵa,1,3,1,3,174,561,3,TRUE
aɵʉ,3,ывӑспа,ʉɵa,1,3,1,3,174,561,3,TRUE
aɵʉ,3,сыхлӑха,ʉɵa,1,3,1,3,174,561,3,TRUE
aɵʉ,3,ывӑтсан,ʉɵa,1,3,1,3,174,561,3,TRUE
aɵʉ,3,йышӑнса,ʉɵa,1,3,1,3,174,561,3,TRUE
aɵʉ,3,ылтӑнпа,ʉɵa,1,3,1,3,174,561,3,TRUE
aɵʉ,3,тытӑнсах,ʉɵa,1,3,1,3,174,561,3,TRUE
aɵʉ,3,шырӑп-ха,ʉɵa,1,3,1,3,174,561,3,TRUE
aɵʉ,3,ҫыртӑм-ха,ʉɵa,1,3,1,3,174,561,3,TRUE
aɵʉ,3,чышкӑпа,ʉɵa,1,3,1,3,174,561,3,TRUE
aɵʉ,3,ҫыхӑп-ха,ʉɵa,1,3,1,3,174,561,3,TRUE
aɵʉ,3,ыткӑнас,ʉɵa,1,3,1,3,174,561,3,TRUE
aɵʉ,3,хырӑнма,ʉɵa,1,3,1,3,174,561,3,TRUE
aɵʉ,3,вырӑнпа,ʉɵa,1,3,1,3,174,561,3,TRUE
aɵʉ,3,хырӑнать,ʉɵa,1,3,1,3,174,561,3,TRUE
aɵʉ,3,ывтӑнать,ʉɵa,1,3,1,3,174,561,3,TRUE
aɵʉ,3,ҫырӑнман,ʉɵa,1,3,1,3,174,561,3,TRUE
aɵʉ,3,ҫырӑнма,ʉɵa,1,3,1,3,174,561,3,TRUE
aɵʉ,3,ҫыпҫӑнма,ʉɵa,1,3,1,3,174,561,3,TRUE
aɵʉ,3,ыйтӑма,ʉɵa,1,3,1,3,174,561,3,TRUE
aɵʉ,3,ывӑтас,ʉɵa,1,3,1,3,174,561,3,TRUE
aɵʉ,3,ҫыпҫӑнса,ʉɵa,1,3,1,3,174,561,3,TRUE
aɵʉ,3,хырлӑхра,ʉɵa,1,3,1,3,174,561,3,TRUE
aɵʉ,3,сывлӑха,ʉɵa,1,3,1,3,174,561,3,TRUE
aɵʉ,3,йывӑҫна,ʉɵa,1,3,1,3,174,561,3,TRUE
aɵʉ,3,вырӑнпах,ʉɵa,1,3,1,3,174,561,3,TRUE
aɵʉ,3,ҫыпӑҫать,ʉɵa,1,3,1,3,174,561,3,TRUE
aɵʉ,3,ывӑнмасть,ʉɵa,1,3,1,3,174,561,3,TRUE
aɵʉ,3,тыткӑнта,ʉɵa,1,3,1,3,174,561,3,TRUE
aɵʉ,3,ҫывӑрас,ʉɵa,1,3,1,3,174,561,3,TRUE
aɵʉ,3,вырӑнна,ʉɵa,1,3,1,3,174,561,3,TRUE
aɵʉ,3,ылтӑна,ʉɵa,1,3,1,3,174,561,3,TRUE
aɵʉ,3,сылтӑмра,ʉɵa,1,3,1,3,174,561,3,TRUE
aɵʉ,3,пылчӑка,ʉɵa,1,3,1,3,174,561,3,TRUE
aɵʉ,3,тытӑҫас,ʉɵa,1,3,1,3,174,561,3,TRUE
aɵʉ,3,сылтӑмран,ʉɵa,1,3,1,3,174,561,3,TRUE
aɵʉ,3,хырлӑха,ʉɵa,1,3,1,3,174,561,3,TRUE
aɵʉ,3,хырӑнман,ʉɵa,1,3,1,3,174,561,3,TRUE
aɵʉ,3,пылчӑкпа,ʉɵa,1,3,1,3,174,561,3,TRUE
aɵʉ,3,ыйхӑра,ʉɵa,1,3,1,3,174,561,3,TRUE
aɵʉ,3,йыхӑрать,ʉɵa,1,3,1,3,174,561,3,TRUE
aɵʉ,3,ҫыннӑнах,ʉɵa,1,3,1,3,174,561,3,TRUE
aɵʉ,3,йышӑнман,ʉɵa,1,3,1,3,174,561,3,TRUE
aɵʉ,3,хырӑнса,ʉɵa,1,3,1,3,174,561,3,TRUE
aɵʉ,3,ҫывӑрсах,ʉɵa,1,3,1,3,174,561,3,TRUE
aɵʉ,3,йышӑнас,ʉɵa,1,3,1,3,174,561,3,TRUE
aɵʉ,3,хырӑмра,ʉɵa,1,3,1,3,174,561,3,TRUE
aɵʉ,3,ҫыхӑнна,ʉɵa,1,3,1,3,174,561,3,TRUE
aɵʉ,3,ырӑпах,ʉɵa,1,3,1,3,174,561,3,TRUE
aɵʉ,3,ҫыхӑнма,ʉɵa,1,3,1,3,174,561,3,TRUE
aɵʉ,3,тыткӑнлас,ʉɵa,1,3,1,3,174,561,3,TRUE
aɵʉ,3,шыҫӑпа,ʉɵa,1,3,1,3,174,561,3,TRUE
aɵʉ,3,ыйтӑвах,ʉɵa,1,3,1,3,174,561,3,TRUE
øy,2,ӳкнӗ,yø,58,1,0,2,74,544,2,TRUE
øy,2,ӳкрӗ,yø,39,1,0,2,74,544,2,TRUE
øy,2,ӳснӗ,yø,37,1,0,2,74,544,2,TRUE
øy,2,ҫӳллӗ,yø,32,1,0,2,74,544,2,TRUE
øy,2,тӳрӗ,yø,24,1,0,2,74,544,2,TRUE
øy,2,пӳлӗм,yø,23,1,0,2,74,544,2,TRUE
øy,2,ҫӳҫлӗ,yø,17,1,0,2,74,544,2,TRUE
øy,2,кӳршӗ,yø,16,1,0,2,74,544,2,TRUE
øy,2,ҫӳлӗ,yø,15,1,0,2,74,544,2,TRUE
øy,2,ҫӳҫӗ,yø,14,1,0,2,74,544,2,TRUE
øy,2,ӳкрӗҫ,yø,8,1,0,2,74,544,2,TRUE
øy,2,нӳрӗ,yø,7,1,0,2,74,544,2,TRUE
øy,2,ӳсӗр,yø,7,1,0,2,74,544,2,TRUE
øy,2,сӳннӗ,yø,7,1,0,2,74,544,2,TRUE
øy,2,ҫӳллӗш,yø,6,1,0,2,74,544,2,TRUE
øy,2,йӳҫӗ,yø,6,1,0,2,74,544,2,TRUE
øy,2,пӳлчӗ,yø,5,1,0,2,74,544,2,TRUE
øy,2,пӳрчӗ,yø,5,1,0,2,74,544,2,TRUE
øy,2,ҫӳрӗҫ,yø,5,1,0,2,74,544,2,TRUE
øy,2,кӳнӗ,yø,5,1,0,2,74,544,2,TRUE
øy,2,кӳлнӗ,yø,5,1,0,2,74,544,2,TRUE
øy,2,пӳллӗ,yø,4,1,0,2,74,544,2,TRUE
øy,2,тӳррӗн,yø,4,1,0,2,74,544,2,TRUE
øy,2,ӳсрӗ,yø,4,1,0,2,74,544,2,TRUE
øy,2,ӳчӗ,yø,4,1,0,2,74,544,2,TRUE
øy,2,ӳкрӗм,yø,4,1,0,2,74,544,2,TRUE
øy,2,кӳрӗҫ,yø,4,1,0,2,74,544,2,TRUE
øy,2,сӳнчӗ,yø,3,1,0,2,74,544,2,TRUE
øy,2,пӳрчӗн,yø,3,1,0,2,74,544,2,TRUE
øy,2,йӳнӗ,yø,3,1,0,2,74,544,2,TRUE
øy,2,тӳснӗ,yø,3,1,0,2,74,544,2,TRUE
øy,2,пӳрнӗ,yø,2,1,0,2,74,544,2,TRUE
øy,2,хӳхӗм,yø,2,1,0,2,74,544,2,TRUE
øy,2,шӳтлӗн,yø,2,1,0,2,74,544,2,TRUE
øy,2,ӳсӗм,yø,2,1,0,2,74,544,2,TRUE
øy,2,нӳрлӗ,yø,1,1,0,2,74,544,2,TRUE
øy,2,ӳсрӗҫ,yø,1,1,0,2,74,544,2,TRUE
øy,2,ӳхӗ,yø,1,1,0,2,74,544,2,TRUE
øy,2,хӳтӗ,yø,1,1,0,2,74,544,2,TRUE
øy,2,нӳрӗк,yø,1,1,0,2,74,544,2,TRUE
øy,2,ӳсрӗм,yø,1,1,0,2,74,544,2,TRUE
øy,2,йӳҫҫӗн,yø,1,1,0,2,74,544,2,TRUE
øy,2,ӳчӗн,yø,1,1,0,2,74,544,2,TRUE
øy,2,ҫӳрчӗ,yø,1,1,0,2,74,544,2,TRUE
øy,2,ӳстӗр,yø,1,1,0,2,74,544,2,TRUE
øy,2,тӳсӗп,yø,1,1,0,2,74,544,2,TRUE
øy,2,хӳтлӗх,yø,1,1,0,2,74,544,2,TRUE
øy,2,ӳсрӗн,yø,1,1,0,2,74,544,2,TRUE
øy,2,чӳкӗн,yø,1,1,0,2,74,544,2,TRUE
øy,2,ӳкрӗн,yø,1,1,0,2,74,544,2,TRUE
øy,2,кӳтнӗ,yø,1,1,0,2,74,544,2,TRUE
øy,2,кӳртӗр,yø,1,1,0,2,74,544,2,TRUE
øy,2,кӳрӗ,yø,1,1,0,2,74,544,2,TRUE
øy,2,ҫӳрӗн,yø,1,1,0,2,74,544,2,TRUE
øy,2,тӳлӗ,yø,1,1,0,2,74,544,2,TRUE
øy,2,кӳлӗ,yø,1,1,0,2,74,544,2,TRUE
øy,2,пӳртӗн,yø,1,1,0,2,74,544,2,TRUE
øy,2,ӳтлӗ,yø,1,1,0,2,74,544,2,TRUE
øy,2,кӳчӗ,yø,1,1,0,2,74,544,2,TRUE
øy,2,пӳртлӗх,yø,1,1,0,2,74,544,2,TRUE
øy,2,шӳчӗ,yø,1,1,0,2,74,544,2,TRUE
øy,2,пӳлнӗ,yø,1,1,0,2,74,544,2,TRUE
øy,2,хӗрӳ,øy,39,2,1,2,74,544,2,TRUE
øy,2,кӗтӳ,øy,37,2,1,2,74,544,2,TRUE
øy,2,ҫӗрпӳ,øy,17,2,1,2,74,544,2,TRUE
øy,2,кӗрӳ,øy,14,2,1,2,74,544,2,TRUE
øy,2,пӗлӳ,øy,13,2,1,2,74,544,2,TRUE
øy,2,сӗнӳ,øy,5,2,1,2,74,544,2,TRUE
øy,2,чӗлхӳ,øy,2,2,1,2,74,544,2,TRUE
øy,2,кӗпӳ,øy,1,2,1,2,74,544,2,TRUE
øy,2,чӗрӳ,øy,1,2,1,2,74,544,2,TRUE
øy,2,йӗпхӳ,øy,1,2,1,2,74,544,2,TRUE
øy,2,ӗпхӳ,øy,1,2,1,2,74,544,2,TRUE
øy,2,ӗҫӳ,øy,1,2,1,2,74,544,2,TRUE
aaʉ,3,харампыр,aaʉ,1,2,0,3,117,517,2,TRUE
aaʉ,3,ытларах,ʉaa,108,3,1,3,117,517,2,TRUE
aaʉ,3,сывласа,ʉaa,35,3,1,3,117,517,2,TRUE
aaʉ,3,шыраса,ʉaa,35,3,1,3,117,517,2,TRUE
aaʉ,3,пыракан,ʉaa,20,3,1,3,117,517,2,TRUE
aaʉ,3,шырама,ʉaa,18,3,1,3,117,517,2,TRUE
aaʉ,3,хыҫалтан,ʉaa,14,3,1,3,117,517,2,TRUE
aaʉ,3,ҫывхарать,ʉaa,12,3,1,3,117,517,2,TRUE
aaʉ,3,ыратать,ʉaa,12,3,1,3,117,517,2,TRUE
aaʉ,3,ыранах,ʉaa,9,3,1,3,117,517,2,TRUE
aaʉ,3,арҫынна,aʉa,9,3,1,3,117,517,2,TRUE
aaʉ,3,ҫырмана,ʉaa,8,3,1,3,117,517,2,TRUE
aaʉ,3,сывлама,ʉaa,8,3,1,3,117,517,2,TRUE
aaʉ,3,пытарса,ʉaa,8,3,1,3,117,517,2,TRUE
aaʉ,3,ҫыракан,ʉaa,7,3,1,3,117,517,2,TRUE
aaʉ,3,ырласа,ʉaa,7,3,1,3,117,517,2,TRUE
aaʉ,3,чылаях,ʉaa,7,3,1,3,117,517,2,TRUE
aaʉ,3,хыҫалта,ʉaa,6,3,1,3,117,517,2,TRUE
aaʉ,3,ыратса,ʉaa,6,3,1,3,117,517,2,TRUE
aaʉ,3,выртакан,ʉaa,6,3,1,3,117,517,2,TRUE
aaʉ,3,ҫывхарса,ʉaa,5,3,1,3,117,517,2,TRUE
aaʉ,3,шырасан,ʉaa,5,3,1,3,117,517,2,TRUE
aaʉ,3,тытмалла,ʉaa,5,3,1,3,117,517,2,TRUE
aaʉ,3,ытарма,ʉaa,4,3,1,3,117,517,2,TRUE
aaʉ,3,ыратма,ʉaa,4,3,1,3,117,517,2,TRUE
aaʉ,3,вырнаҫса,ʉaa,4,3,1,3,117,517,2,TRUE
aaʉ,3,выляса,ʉaa,4,3,1,3,117,517,2,TRUE
aaʉ,3,тыттарса,ʉaa,4,3,1,3,117,517,2,TRUE
aaʉ,3,арҫынла,aʉa,4,3,1,3,117,517,2,TRUE
aaʉ,3,чылайран,ʉaa,4,3,1,3,117,517,2,TRUE
aaʉ,3,ҫырмалла,ʉaa,4,3,1,3,117,517,2,TRUE
aaʉ,3,ырантан,ʉaa,4,3,1,3,117,517,2,TRUE
aaʉ,3,пытанса,ʉaa,3,3,1,3,117,517,2,TRUE
aaʉ,3,хыпара,ʉaa,3,3,1,3,117,517,2,TRUE
aaʉ,3,ытларан,ʉaa,3,3,1,3,117,517,2,TRUE
aaʉ,3,ҫырмара,ʉaa,3,3,1,3,117,517,2,TRUE
aaʉ,3,тытакан,ʉaa,3,3,1,3,117,517,2,TRUE
aaʉ,3,ҫывхарма,ʉaa,3,3,1,3,117,517,2,TRUE
aaʉ,3,хыҫала,ʉaa,3,3,1,3,117,517,2,TRUE
aaʉ,3,ҫырантан,ʉaa,3,3,1,3,117,517,2,TRUE
aaʉ,3,мыскара,ʉaa,3,3,1,3,117,517,2,TRUE
aaʉ,3,сывалса,ʉaa,3,3,1,3,117,517,2,TRUE
aaʉ,3,ҫырмапа,ʉaa,3,3,1,3,117,517,2,TRUE
aaʉ,3,ҫырлана,ʉaa,3,3,1,3,117,517,2,TRUE
aaʉ,3,ҫырава,ʉaa,3,3,1,3,117,517,2,TRUE
aaʉ,3,сыватса,ʉaa,2,3,1,3,117,517,2,TRUE
aaʉ,3,выляма,ʉaa,2,3,1,3,117,517,2,TRUE
aaʉ,3,ытама,ʉaa,2,3,1,3,117,517,2,TRUE
aaʉ,3,арҫынпа,aʉa,2,3,1,3,117,517,2,TRUE
aaʉ,3,шывалла,ʉaa,2,3,1,3,117,517,2,TRUE
aaʉ,3,ҫывхарсан,ʉaa,2,3,1,3,117,517,2,TRUE
aaʉ,3,хыпарпа,ʉaa,2,3,1,3,117,517,2,TRUE
aaʉ,3,хытарса,ʉaa,2,3,1,3,117,517,2,TRUE
aaʉ,3,ылханса,ʉaa,2,3,1,3,117,517,2,TRUE
aaʉ,3,ҫырмаран,ʉaa,2,3,1,3,117,517,2,TRUE
aaʉ,3,ыраша,ʉaa,2,3,1,3,117,517,2,TRUE
aaʉ,3,пытарсан,ʉaa,2,3,1,3,117,517,2,TRUE
aaʉ,3,сыхланса,ʉaa,2,3,1,3,117,517,2,TRUE
aaʉ,3,ҫырана,ʉaa,2,3,1,3,117,517,2,TRUE
aaʉ,3,сывалма,ʉaa,2,3,1,3,117,517,2,TRUE
aaʉ,3,ҫыртарса,ʉaa,2,3,1,3,117,517,2,TRUE
aaʉ,3,ҫырлахма,ʉaa,2,3,1,3,117,517,2,TRUE
aaʉ,3,ыталать,ʉaa,2,3,1,3,117,517,2,TRUE
aaʉ,3,сыпсанах,ʉaa,2,3,1,3,117,517,2,TRUE
aaʉ,3,вырнаҫсан,ʉaa,1,3,1,3,117,517,2,TRUE
aaʉ,3,пырсанах,ʉaa,1,3,1,3,117,517,2,TRUE
aaʉ,3,сыватма,ʉaa,1,3,1,3,117,517,2,TRUE
aaʉ,3,ырана,ʉaa,1,3,1,3,117,517,2,TRUE
aaʉ,3,тыткалать,ʉaa,1,3,1,3,117,517,2,TRUE
aaʉ,3,пырасса,ʉaa,1,3,1,3,117,517,2,TRUE
aaʉ,3,ҫыхланса,ʉaa,1,3,1,3,117,517,2,TRUE
aaʉ,3,сывалас,ʉaa,1,3,1,3,117,517,2,TRUE
aaʉ,3,чавыча,aʉa,1,3,1,3,117,517,2,TRUE
aaʉ,3,ҫыранта,ʉaa,1,3,1,3,117,517,2,TRUE
aaʉ,3,пымалла,ʉaa,1,3,1,3,117,517,2,TRUE
aaʉ,3,сыхласа,ʉaa,1,3,1,3,117,517,2,TRUE
aaʉ,3,ҫыртмаллах,ʉaa,1,3,1,3,117,517,2,TRUE
aaʉ,3,сывалсан,ʉaa,1,3,1,3,117,517,2,TRUE
aaʉ,3,тыттарсан,ʉaa,1,3,1,3,117,517,2,TRUE
aaʉ,3,ҫывхартас,ʉaa,1,3,1,3,117,517,2,TRUE
aaʉ,3,сыхлакан,ʉaa,1,3,1,3,117,517,2,TRUE
aaʉ,3,тыллакан,ʉaa,1,3,1,3,117,517,2,TRUE
aaʉ,3,тыткала,ʉaa,1,3,1,3,117,517,2,TRUE
aaʉ,3,сыхланас,ʉaa,1,3,1,3,117,517,2,TRUE
aaʉ,3,хыҫранах,ʉaa,1,3,1,3,117,517,2,TRUE
aaʉ,3,палыча,aʉa,1,3,1,3,117,517,2,TRUE
aaʉ,3,хырмалла,ʉaa,1,3,1,3,117,517,2,TRUE
aaʉ,3,пытанма,ʉaa,1,3,1,3,117,517,2,TRUE
aaʉ,3,вырмара,ʉaa,1,3,1,3,117,517,2,TRUE
aaʉ,3,тытарма,ʉaa,1,3,1,3,117,517,2,TRUE
aaʉ,3,хыҫалтах,ʉaa,1,3,1,3,117,517,2,TRUE
aaʉ,3,вырттарать,ʉaa,1,3,1,3,117,517,2,TRUE
aaʉ,3,вырнаҫсах,ʉaa,1,3,1,3,117,517,2,TRUE
aaʉ,3,тытсарах,ʉaa,1,3,1,3,117,517,2,TRUE
aaʉ,3,ыратмах,ʉaa,1,3,1,3,117,517,2,TRUE
aaʉ,3,тытасса,ʉaa,1,3,1,3,117,517,2,TRUE
aaʉ,3,ялйышран,aʉa,1,3,1,3,117,517,2,TRUE
aaʉ,3,шыраман,ʉaa,1,3,1,3,117,517,2,TRUE
aaʉ,3,тыттарать,ʉaa,1,3,1,3,117,517,2,TRUE
aaʉ,3,пытарман,ʉaa,1,3,1,3,117,517,2,TRUE
aaʉ,3,тытамак,ʉaa,1,3,1,3,117,517,2,TRUE
aaʉ,3,калыма,aʉa,1,3,1,3,117,517,2,TRUE
aaʉ,3,йыснана,ʉaa,1,3,1,3,117,517,2,TRUE
aaʉ,3,вылятать,ʉaa,1,3,1,3,117,517,2,TRUE
aaʉ,3,пытанас,ʉaa,1,3,1,3,117,517,2,TRUE
aaʉ,3,сысналла,ʉaa,1,3,1,3,117,517,2,TRUE
aaʉ,3,ҫырам-ха,ʉaa,1,3,1,3,117,517,2,TRUE
aaʉ,3,пытарма,ʉaa,1,3,1,3,117,517,2,TRUE
aaʉ,3,шырлана,ʉaa,1,3,1,3,117,517,2,TRUE
aaʉ,3,сывласса,ʉaa,1,3,1,3,117,517,2,TRUE
aaʉ,3,пытанать,ʉaa,1,3,1,3,117,517,2,TRUE
aaʉ,3,ыратмасть,ʉaa,1,3,1,3,117,517,2,TRUE
aaʉ,3,шалыя,aʉa,1,3,1,3,117,517,2,TRUE
aaʉ,3,ҫыхланать,ʉaa,1,3,1,3,117,517,2,TRUE
aaʉ,3,ыйтакан,ʉaa,1,3,1,3,117,517,2,TRUE
aaʉ,3,ҫырлахас,ʉaa,1,3,1,3,117,517,2,TRUE
aaʉ,3,выракан,ʉaa,1,3,1,3,117,517,2,TRUE
aeø,3,раҫҫейӗн,aeø,8,2,0,5,89,502,2,TRUE
aeø,3,аннеҫӗм,aeø,5,2,0,5,89,502,2,TRUE
aeø,3,валеҫӗҫ,aeø,4,2,0,5,89,502,2,TRUE
aeø,3,театрӗн,eaø,3,2,0,5,89,502,2,TRUE
aeø,3,хваттерлӗ,aeø,3,2,0,5,89,502,2,TRUE
aeø,3,театрӗ,eaø,2,2,0,5,89,502,2,TRUE
aeø,3,планшечӗн,aeø,2,2,0,5,89,502,2,TRUE
aeø,3,ачсемӗр,aeø,1,2,0,5,89,502,2,TRUE
aeø,3,манерлӗ,aeø,1,2,0,5,89,502,2,TRUE
aeø,3,парнешӗн,aeø,1,2,0,5,89,502,2,TRUE
aeø,3,аттемҫӗм,aeø,1,2,0,5,89,502,2,TRUE
aeø,3,парнелӗ,aeø,1,2,0,5,89,502,2,TRUE
aeø,3,парнеллӗ,aeø,1,2,0,5,89,502,2,TRUE
aeø,3,расчечӗ,aeø,1,2,0,5,89,502,2,TRUE
aeø,3,хваттерӗ,aeø,1,2,0,5,89,502,2,TRUE
aeø,3,аттеҫӗм,aeø,1,2,0,5,89,502,2,TRUE
aeø,3,хваттерӗн,aeø,1,2,0,5,89,502,2,TRUE
aeø,3,аттелӗх,aeø,1,2,0,5,89,502,2,TRUE
aeø,3,аннешӗн,aeø,1,2,0,5,89,502,2,TRUE
aeø,3,мастерӗ,aeø,1,2,0,5,89,502,2,TRUE
aeø,3,валеҫнӗ,aeø,1,2,0,5,89,502,2,TRUE
aeø,3,катерӗ,aeø,1,2,0,5,89,502,2,TRUE
aeø,3,патӗнче,aøe,115,3,1,5,89,502,2,TRUE
aeø,3,хальлӗхе,aøe,52,3,1,5,89,502,2,TRUE
aeø,3,патӗнчен,aøe,38,3,1,5,89,502,2,TRUE
aeø,3,майӗпен,aøe,33,3,1,5,89,502,2,TRUE
aeø,3,халлӗхе,aøe,26,3,1,5,89,502,2,TRUE
aeø,3,айӗнче,aøe,20,3,1,5,89,502,2,TRUE
aeø,3,ашшӗпе,aøe,18,3,1,5,89,502,2,TRUE
aeø,3,ячӗпе,aøe,14,3,1,5,89,502,2,TRUE
aeø,3,ялӗнче,aøe,12,3,1,5,89,502,2,TRUE
aeø,3,айӗнчен,aøe,12,3,1,5,89,502,2,TRUE
aeø,3,ашшӗне,aøe,10,3,1,5,89,502,2,TRUE
aeø,3,мӗнле-ха,øea,8,3,1,5,89,502,2,TRUE
aeø,3,патӗнчех,aøe,7,3,1,5,89,502,2,TRUE
aeø,3,шайӗнче,aøe,7,3,1,5,89,502,2,TRUE
aeø,3,танкӗсем,aøe,5,3,1,5,89,502,2,TRUE
aeø,3,ялӗнчен,aøe,4,3,1,5,89,502,2,TRUE
aeø,3,сайтӗнче,aøe,4,3,1,5,89,502,2,TRUE
aeø,3,чаҫӗсем,aøe,3,3,1,5,89,502,2,TRUE
aeø,3,асӗнче,aøe,3,3,1,5,89,502,2,TRUE
aeø,3,каҫӗсем,aøe,3,3,1,5,89,502,2,TRUE
aeø,3,вак-тӗвек,aøe,3,3,1,5,89,502,2,TRUE
aeø,3,ҫарӗсем,aøe,3,3,1,5,89,502,2,TRUE
aeø,3,айӗпе,aøe,3,3,1,5,89,502,2,TRUE
aeø,3,ашшӗсем,aøe,3,3,1,5,89,502,2,TRUE
aeø,3,ҫарӗнче,aøe,3,3,1,5,89,502,2,TRUE
aeø,3,ячӗсем,aøe,3,3,1,5,89,502,2,TRUE
aeø,3,варӗнче,aøe,3,3,1,5,89,502,2,TRUE
aeø,3,пайӗпе,aøe,3,3,1,5,89,502,2,TRUE
aeø,3,класӗсем,aøe,2,3,1,5,89,502,2,TRUE
aeø,3,пайӗнче,aøe,2,3,1,5,89,502,2,TRUE
aeø,3,лекнӗ-ха,eøa,2,3,1,5,89,502,2,TRUE
aeø,3,канлӗрех,aøe,1,3,1,5,89,502,2,TRUE
aeø,3,ашшӗнех,aøe,1,3,1,5,89,502,2,TRUE
aeø,3,сас-чӗве,aøe,1,3,1,5,89,502,2,TRUE
aeø,3,ашӗпе,aøe,1,3,1,5,89,502,2,TRUE
aeø,3,ӗнен-ха,øea,1,3,1,5,89,502,2,TRUE
aeø,3,паркӗпе,aøe,1,3,1,5,89,502,2,TRUE
aeø,3,шавӗпе,aøe,1,3,1,5,89,502,2,TRUE
aeø,3,ӗҫер-ха,øea,1,3,1,5,89,502,2,TRUE
aeø,3,ракӗпе,aøe,1,3,1,5,89,502,2,TRUE
aeø,3,хатӗрпе,aøe,1,3,1,5,89,502,2,TRUE
aeø,3,вачӗпе,aøe,1,3,1,5,89,502,2,TRUE
aeø,3,хатӗрлес,aøe,1,3,1,5,89,502,2,TRUE
aeø,3,ӗҫес-ха,øea,1,3,1,5,89,502,2,TRUE
aeø,3,ялӗпех,aøe,1,3,1,5,89,502,2,TRUE
aeø,3,айӗнчех,aøe,1,3,1,5,89,502,2,TRUE
aeø,3,хатӗрне,aøe,1,3,1,5,89,502,2,TRUE
aeø,3,каҫӗпе,aøe,1,3,1,5,89,502,2,TRUE
aeø,3,влаҫӗпе,aøe,1,3,1,5,89,502,2,TRUE
aeø,3,чаҫӗнче,aøe,1,3,1,5,89,502,2,TRUE
aeø,3,чӗнет-ха,øea,1,3,1,5,89,502,2,TRUE
aeø,3,планӗнчен,aøe,1,3,1,5,89,502,2,TRUE
aeø,3,тетӗн-ха,eøa,1,3,1,5,89,502,2,TRUE
aeø,3,лавӗсем,aøe,1,3,1,5,89,502,2,TRUE
aeø,3,класӗпех,aøe,1,3,1,5,89,502,2,TRUE
aeø,3,арӗсле,aøe,1,3,1,5,89,502,2,TRUE
aeø,3,халлӗнех,aøe,1,3,1,5,89,502,2,TRUE
aeø,3,ашшӗнчен,aøe,1,3,1,5,89,502,2,TRUE
aeø,3,каҫӗнче,aøe,1,3,1,5,89,502,2,TRUE
aeø,3,паркӗнче,aøe,1,3,1,5,89,502,2,TRUE
aeø,3,маҫӗпе,aøe,1,3,1,5,89,502,2,TRUE
aeø,3,айӗсем,aøe,1,3,1,5,89,502,2,TRUE
aeø,3,чӗрех-ха,øea,1,3,1,5,89,502,2,TRUE
aeø,3,асӗнчен,aøe,1,3,1,5,89,502,2,TRUE
aeø,3,майӗпе,aøe,1,3,1,5,89,502,2,TRUE
aeø,3,пайӗсем,aøe,1,3,1,5,89,502,2,TRUE
aeø,3,хатӗре,aøe,1,3,1,5,89,502,2,TRUE
eɵ,2,ленӑн,eɵ,2,1,0,2,30,496,2,TRUE
eɵ,2,петьӑн,eɵ,1,1,0,2,30,496,2,TRUE
eɵ,2,нервнӑй,eɵ,1,1,0,2,30,496,2,TRUE
eɵ,2,верӑн,eɵ,1,1,0,2,30,496,2,TRUE
eɵ,2,светӑн,eɵ,1,1,0,2,30,496,2,TRUE
eɵ,2,хӑйне,ɵe,180,2,1,2,30,496,2,TRUE
eɵ,2,хӑйсен,ɵe,121,2,1,2,30,496,2,TRUE
eɵ,2,хӑйсем,ɵe,59,2,1,2,30,496,2,TRUE
eɵ,2,хӑех,ɵe,33,2,1,2,30,496,2,TRUE
eɵ,2,хӑйпе,ɵe,25,2,1,2,30,496,2,TRUE
eɵ,2,ӑшне,ɵe,23,2,1,2,30,496,2,TRUE
eɵ,2,вӑйне,ɵe,14,2,1,2,30,496,2,TRUE
eɵ,2,тӑнне,ɵe,5,2,1,2,30,496,2,TRUE
eɵ,2,сӑнне,ɵe,5,2,1,2,30,496,2,TRUE
eɵ,2,шӑлне,ɵe,4,2,1,2,30,496,2,TRUE
eɵ,2,мӑйне,ɵe,3,2,1,2,30,496,2,TRUE
eɵ,2,хӑшне,ɵe,2,2,1,2,30,496,2,TRUE
eɵ,2,чӑхсем,ɵe,2,2,1,2,30,496,2,TRUE
eɵ,2,ӑсне,ɵe,2,2,1,2,30,496,2,TRUE
eɵ,2,хӑйех,ɵe,2,2,1,2,30,496,2,TRUE
eɵ,2,йӑхне,ɵe,1,2,1,2,30,496,2,TRUE
eɵ,2,ӑшнех,ɵe,1,2,1,2,30,496,2,TRUE
eɵ,2,ӑнне,ɵe,1,2,1,2,30,496,2,TRUE
eɵ,2,мӑрье,ɵe,1,2,1,2,30,496,2,TRUE
eɵ,2,тӑнсем,ɵe,1,2,1,2,30,496,2,TRUE
eɵ,2,пӑрсем,ɵe,1,2,1,2,30,496,2,TRUE
eɵ,2,тӑче,ɵe,1,2,1,2,30,496,2,TRUE
eɵ,2,пӑссем,ɵe,1,2,1,2,30,496,2,TRUE
eɵ,2,сӑнсем,ɵe,1,2,1,2,30,496,2,TRUE
eɵ,2,пӑтне,ɵe,1,2,1,2,30,496,2,TRUE
iøø,3,илтӗнчӗ,iøø,38,1,0,3,123,488,3,TRUE
iøø,3,иккӗшӗ,iøø,34,1,0,3,123,488,3,TRUE
iøø,3,килӗшрӗ,iøø,17,1,0,3,123,488,3,TRUE
iøø,3,ҫирӗппӗн,iøø,13,1,0,3,123,488,3,TRUE
iøø,3,ҫитӗннӗ,iøø,12,1,0,3,123,488,3,TRUE
iøø,3,тивӗҫлӗ,iøø,10,1,0,3,123,488,3,TRUE
iøø,3,килнӗшӗн,iøø,10,1,0,3,123,488,3,TRUE
iøø,3,ирӗклӗх,iøø,10,1,0,3,123,488,3,TRUE
iøø,3,пирӗншӗн,iøø,9,1,0,3,123,488,3,TRUE
iøø,3,виҫҫӗмӗш,iøø,9,1,0,3,123,488,3,TRUE
iøø,3,тивӗҫнӗ,iøø,9,1,0,3,123,488,3,TRUE
iøø,3,сисӗнчӗ,iøø,8,1,0,3,123,488,3,TRUE
iøø,3,ҫитнӗччӗ,iøø,8,1,0,3,123,488,3,TRUE
iøø,3,ирӗклӗ,iøø,8,1,0,3,123,488,3,TRUE
iøø,3,сисӗмлӗ,iøø,8,1,0,3,123,488,3,TRUE
iøø,3,килнӗччӗ,iøø,7,1,0,3,123,488,3,TRUE
iøø,3,илӗпӗр,iøø,7,1,0,3,123,488,3,TRUE
iøø,3,илтӗннӗ,iøø,6,1,0,3,123,488,3,TRUE
iøø,3,тикӗссӗн,iøø,6,1,0,3,123,488,3,TRUE
iøø,3,пиччӗшӗ,iøø,6,1,0,3,123,488,3,TRUE
iøø,3,иккӗшӗн,iøø,6,1,0,3,123,488,3,TRUE
iøø,3,витӗннӗ,iøø,6,1,0,3,123,488,3,TRUE
iøø,3,сирӗлнӗ,iøø,6,1,0,3,123,488,3,TRUE
iøø,3,килӗшнӗ,iøø,6,1,0,3,123,488,3,TRUE
iøø,3,ирӗксӗр,iøø,6,1,0,3,123,488,3,TRUE
iøø,3,сирӗншӗн,iøø,5,1,0,3,123,488,3,TRUE
iøø,3,ишӗлчӗк,iøø,5,1,0,3,123,488,3,TRUE
iøø,3,вилӗмсӗр,iøø,5,1,0,3,123,488,3,TRUE
iøø,3,ҫилӗллӗ,iøø,5,1,0,3,123,488,3,TRUE
iøø,3,типӗтнӗ,iøø,5,1,0,3,123,488,3,TRUE
iøø,3,витӗмлӗ,iøø,5,1,0,3,123,488,3,TRUE
iøø,3,нимӗрӗ,iøø,5,1,0,3,123,488,3,TRUE
iøø,3,ирӗкӗ,iøø,4,1,0,3,123,488,3,TRUE
iøø,3,ҫилӗллӗн,iøø,4,1,0,3,123,488,3,TRUE
iøø,3,тивӗҫрӗҫ,iøø,4,1,0,3,123,488,3,TRUE
iøø,3,иккӗмӗш,iøø,4,1,0,3,123,488,3,TRUE
iøø,3,илнӗшӗн,iøø,4,1,0,3,123,488,3,TRUE
iøø,3,иксӗмӗр,iøø,3,1,0,3,123,488,3,TRUE
iøø,3,вирхӗнчӗ,iøø,3,1,0,3,123,488,3,TRUE
iøø,3,виҫҫӗшӗ,iøø,3,1,0,3,123,488,3,TRUE
iøø,3,илтӗмӗр,iøø,3,1,0,3,123,488,3,TRUE
iøø,3,тивӗҫӗ,iøø,3,1,0,3,123,488,3,TRUE
iøø,3,витӗнчӗ,iøø,3,1,0,3,123,488,3,TRUE
iøø,3,килтӗмӗр,iøø,3,1,0,3,123,488,3,TRUE
iøø,3,хирӗҫнӗ,iøø,3,1,0,3,123,488,3,TRUE
iøø,3,килӗшӗр,iøø,3,1,0,3,123,488,3,TRUE
iøø,3,сирпӗннӗ,iøø,2,1,0,3,123,488,3,TRUE
iøø,3,ҫивӗтлӗ,iøø,2,1,0,3,123,488,3,TRUE
iøø,3,илӗртнӗ,iøø,2,1,0,3,123,488,3,TRUE
iøø,3,иртнӗшӗн,iøø,2,1,0,3,123,488,3,TRUE
iøø,3,ҫивӗчӗ,iøø,2,1,0,3,123,488,3,TRUE
iøø,3,типӗтрӗҫ,iøø,2,1,0,3,123,488,3,TRUE
iøø,3,питӗрнӗ,iøø,2,1,0,3,123,488,3,TRUE
iøø,3,пиллӗкӗш,iøø,2,1,0,3,123,488,3,TRUE
iøø,3,сирпӗнчӗ,iøø,2,1,0,3,123,488,3,TRUE
iøø,3,илтнӗччӗ,iøø,2,1,0,3,123,488,3,TRUE
iøø,3,нимӗҫӗ,iøø,2,1,0,3,123,488,3,TRUE
iøø,3,вилӗмӗ,iøø,2,1,0,3,123,488,3,TRUE
iøø,3,илтӗнчӗҫ,iøø,2,1,0,3,123,488,3,TRUE
iøø,3,сирӗнсӗр,iøø,2,1,0,3,123,488,3,TRUE
iøø,3,никӗсӗ,iøø,2,1,0,3,123,488,3,TRUE
iøø,3,килӗшрӗм,iøø,2,1,0,3,123,488,3,TRUE
iøø,3,илӗртӗ,iøø,2,1,0,3,123,488,3,TRUE
iøø,3,никӗслӗх,iøø,1,1,0,3,123,488,3,TRUE
iøø,3,сирпӗтнӗ,iøø,1,1,0,3,123,488,3,TRUE
iøø,3,сирпӗтрӗ,iøø,1,1,0,3,123,488,3,TRUE
iøø,3,илтнӗшӗн,iøø,1,1,0,3,123,488,3,TRUE
iøø,3,тимӗрҫӗ,iøø,1,1,0,3,123,488,3,TRUE
iøø,3,тишкӗрчӗ,iøø,1,1,0,3,123,488,3,TRUE
iøø,3,ҫирӗммӗш,iøø,1,1,0,3,123,488,3,TRUE
iøø,3,ҫитӗнчӗ,iøø,1,1,0,3,123,488,3,TRUE
iøø,3,иксӗрӗн,iøø,1,1,0,3,123,488,3,TRUE
iøø,3,витӗрчӗ,iøø,1,1,0,3,123,488,3,TRUE
iøø,3,ҫилӗмлӗ,iøø,1,1,0,3,123,488,3,TRUE
iøø,3,ҫитӗнчӗҫ,iøø,1,1,0,3,123,488,3,TRUE
iøø,3,илӗртрӗ,iøø,1,1,0,3,123,488,3,TRUE
iøø,3,килӗшрӗн,iøø,1,1,0,3,123,488,3,TRUE
iøø,3,тивӗҫсӗр,iøø,1,1,0,3,123,488,3,TRUE
iøø,3,витӗнӗҫ,iøø,1,1,0,3,123,488,3,TRUE
iøø,3,сисӗмлӗн,iøø,1,1,0,3,123,488,3,TRUE
iøø,3,сивӗнӗн,iøø,1,1,0,3,123,488,3,TRUE
iøø,3,сикӗпӗр,iøø,1,1,0,3,123,488,3,TRUE
iøø,3,ҫийӗпӗр,iøø,1,1,0,3,123,488,3,TRUE
iøø,3,витӗмӗ,iøø,1,1,0,3,123,488,3,TRUE
iøø,3,ҫитнӗшӗн,iøø,1,1,0,3,123,488,3,TRUE
iøø,3,пилӗкӗ,iøø,1,1,0,3,123,488,3,TRUE
iøø,3,чикӗмӗ,iøø,1,1,0,3,123,488,3,TRUE
iøø,3,виҫсӗрӗн,iøø,1,1,0,3,123,488,3,TRUE
iøø,3,иртӗхрӗҫ,iøø,1,1,0,3,123,488,3,TRUE
iøø,3,типӗтрӗ,iøø,1,1,0,3,123,488,3,TRUE
iøø,3,ҫинӗшӗн,iøø,1,1,0,3,123,488,3,TRUE
iøø,3,ҫитрӗмӗр,iøø,1,1,0,3,123,488,3,TRUE
iøø,3,сирӗ-ншӗн,iøø,1,1,0,3,123,488,3,TRUE
iøø,3,ҫитӗнтӗр,iøø,1,1,0,3,123,488,3,TRUE
iøø,3,сисӗмсӗр,iøø,1,1,0,3,123,488,3,TRUE
iøø,3,чиркӗвӗн,iøø,1,1,0,3,123,488,3,TRUE
iøø,3,никӗсӗн,iøø,1,1,0,3,123,488,3,TRUE
iøø,3,ҫиччӗмӗш,iøø,1,1,0,3,123,488,3,TRUE
iøø,3,пӗр-икӗ,øiø,11,2,0,3,123,488,3,TRUE
iøø,3,пӗриншӗн,øiø,2,2,0,3,123,488,3,TRUE
iøø,3,пӗлнисӗр,øiø,1,2,0,3,123,488,3,TRUE
iøø,3,ҫӗннишӗн,øiø,1,2,0,3,123,488,3,TRUE
iøø,3,пӗр-пӗрин,øøi,11,3,1,3,123,488,3,TRUE
iøø,3,пӗлтӗрхи,øøi,10,3,1,3,123,488,3,TRUE
iøø,3,ӗлӗкхи,øøi,6,3,1,3,123,488,3,TRUE
iøø,3,тӗлӗнчи,øøi,6,3,1,3,123,488,3,TRUE
iøø,3,вӗҫӗнчи,øøi,4,3,1,3,123,488,3,TRUE
iøø,3,тӗпӗнчи,øøi,3,3,1,3,123,488,3,TRUE
iøø,3,кӗҫӗнни,øøi,2,3,1,3,123,488,3,TRUE
iøø,3,тӗрӗсси,øøi,2,3,1,3,123,488,3,TRUE
iøø,3,ӗлкӗрни,øøi,1,3,1,3,123,488,3,TRUE
iøø,3,ӗмӗрхи,øøi,1,3,1,3,123,488,3,TRUE
iøø,3,чӗмпӗрти,øøi,1,3,1,3,123,488,3,TRUE
iøø,3,пӗтӗ-ши,øøi,1,3,1,3,123,488,3,TRUE
iøø,3,чӗнтӗн-и,øøi,1,3,1,3,123,488,3,TRUE
iøø,3,чӗнтӗр-и,øøi,1,3,1,3,123,488,3,TRUE
iøø,3,кӗҫӗрхи,øøi,1,3,1,3,123,488,3,TRUE
iøø,3,хӗсӗк-и,øøi,1,3,1,3,123,488,3,TRUE
iøø,3,тӗтӗм-и,øøi,1,3,1,3,123,488,3,TRUE
iøø,3,ӗҫӗнчи,øøi,1,3,1,3,123,488,3,TRUE
iøø,3,чӗнчӗ-ши,øøi,1,3,1,3,123,488,3,TRUE
iøø,3,тӗшӗрни,øøi,1,3,1,3,123,488,3,TRUE
iøø,3,ҫӗҫӗ-и,øøi,1,3,1,3,123,488,3,TRUE
eøy,3,ҫӳреҫҫӗ,yeø,39,2,0,5,146,461,2,TRUE
eøy,3,ҫӳренӗ,yeø,35,2,0,5,146,461,2,TRUE
eøy,3,ҫӳрерӗ,yeø,28,2,0,5,146,461,2,TRUE
eøy,3,ӳкернӗ,yeø,22,2,0,5,146,461,2,TRUE
eøy,3,ӳстернӗ,yeø,17,2,0,5,146,461,2,TRUE
eøy,3,ҫӳрерӗҫ,yeø,12,2,0,5,146,461,2,TRUE
eøy,3,ҫӳретӗн,yeø,10,2,0,5,146,461,2,TRUE
eøy,3,ҫӳретчӗ,yeø,10,2,0,5,146,461,2,TRUE
eøy,3,тӳлевсӗр,yeø,9,2,0,5,146,461,2,TRUE
eøy,3,ӳкерчӗ,yeø,7,2,0,5,146,461,2,TRUE
eøy,3,ҫӳретпӗр,yeø,6,2,0,5,146,461,2,TRUE
eøy,3,ҫӳретӗр,yeø,5,2,0,5,146,461,2,TRUE
eøy,3,ҫӳретӗп,yeø,5,2,0,5,146,461,2,TRUE
eøy,3,ӳкерчӗк,yeø,5,2,0,5,146,461,2,TRUE
eøy,3,тӳлевлӗ,yeø,5,2,0,5,146,461,2,TRUE
eøy,3,ҫӳрерӗм,yeø,4,2,0,5,146,461,2,TRUE
eøy,3,кӳреннӗ,yeø,4,2,0,5,146,461,2,TRUE
eøy,3,ӳкмерӗ,yeø,3,2,0,5,146,461,2,TRUE
eøy,3,тӳлеккӗн,yeø,3,2,0,5,146,461,2,TRUE
eøy,3,ӳкеҫҫӗ,yeø,3,2,0,5,146,461,2,TRUE
eøy,3,ҫӳреттӗм,yeø,2,2,0,5,146,461,2,TRUE
eøy,3,пӳрнеллӗ,yeø,2,2,0,5,146,461,2,TRUE
eøy,3,сӳнеҫҫӗ,yeø,2,2,0,5,146,461,2,TRUE
eøy,3,тӳпешӗн,yeø,2,2,0,5,146,461,2,TRUE
eøy,3,тӳленӗ,yeø,2,2,0,5,146,461,2,TRUE
eøy,3,нӳрелнӗ,yeø,2,2,0,5,146,461,2,TRUE
eøy,3,кӳреннӗн,yeø,2,2,0,5,146,461,2,TRUE
eøy,3,ӳстерчӗ,yeø,2,2,0,5,146,461,2,TRUE
eøy,3,ӳсеҫҫӗ,yeø,2,2,0,5,146,461,2,TRUE
eøy,3,тӳрлетрӗ,yeø,2,2,0,5,146,461,2,TRUE
eøy,3,тӳлетпӗр,yeø,2,2,0,5,146,461,2,TRUE
eøy,3,ҫӳретнӗ,yeø,1,2,0,5,146,461,2,TRUE
eøy,3,чӳхеннӗ,yeø,1,2,0,5,146,461,2,TRUE
eøy,3,пӳрнесӗр,yeø,1,2,0,5,146,461,2,TRUE
eøy,3,шӳтленӗ,yeø,1,2,0,5,146,461,2,TRUE
eøy,3,ҫӳресчӗ,yeø,1,2,0,5,146,461,2,TRUE
eøy,3,ертӳлӗх,eyø,1,2,0,5,146,461,2,TRUE
eøy,3,ӳнерҫӗ,yeø,1,2,0,5,146,461,2,TRUE
eøy,3,сӳнтерӗп,yeø,1,2,0,5,146,461,2,TRUE
eøy,3,ҫӳренӗн,yeø,1,2,0,5,146,461,2,TRUE
eøy,3,ҫӳҫеллӗ,yeø,1,2,0,5,146,461,2,TRUE
eøy,3,тӳлерӗ,yeø,1,2,0,5,146,461,2,TRUE
eøy,3,кӳмерӗн,yeø,1,2,0,5,146,461,2,TRUE
eøy,3,кӳретӗн,yeø,1,2,0,5,146,461,2,TRUE
eøy,3,ӳкменшӗн,yeø,1,2,0,5,146,461,2,TRUE
eøy,3,сӳренӗ,yeø,1,2,0,5,146,461,2,TRUE
eøy,3,сӳнесшӗн,yeø,1,2,0,5,146,461,2,TRUE
eøy,3,тӳлеҫҫӗ,yeø,1,2,0,5,146,461,2,TRUE
eøy,3,ӳркевсӗр,yeø,1,2,0,5,146,461,2,TRUE
eøy,3,сӳнтерчӗ,yeø,1,2,0,5,146,461,2,TRUE
eøy,3,ӳкетчӗ,yeø,1,2,0,5,146,461,2,TRUE
eøy,3,кӳреҫҫӗ,yeø,1,2,0,5,146,461,2,TRUE
eøy,3,ҫӳретчӗҫ,yeø,1,2,0,5,146,461,2,TRUE
eøy,3,кӳренчӗ,yeø,1,2,0,5,146,461,2,TRUE
eøy,3,шӳтлерӗ,yeø,1,2,0,5,146,461,2,TRUE
eøy,3,тӳнтерчӗҫ,yeø,1,2,0,5,146,461,2,TRUE
eøy,3,ӳкерчӗҫ,yeø,1,2,0,5,146,461,2,TRUE
eøy,3,ӳкетӗн,yeø,1,2,0,5,146,461,2,TRUE
eøy,3,ҫӳҫенчӗк,yeø,1,2,0,5,146,461,2,TRUE
eøy,3,ӳкмерӗҫ,yeø,1,2,0,5,146,461,2,TRUE
eøy,3,йӳҫенкӗ,yeø,1,2,0,5,146,461,2,TRUE
eøy,3,ҫӳрерӗн,yeø,1,2,0,5,146,461,2,TRUE
eøy,3,йӳнесӗр,yeø,1,2,0,5,146,461,2,TRUE
eøy,3,тӳрккессӗн,yeø,1,2,0,5,146,461,2,TRUE
eøy,3,ӳкеттӗм,yeø,1,2,0,5,146,461,2,TRUE
eøy,3,пӳлӗме,yøe,11,3,1,5,146,461,2,TRUE
eøy,3,ҫӗнтерӳ,øey,9,3,1,5,146,461,2,TRUE
eøy,3,пӳлӗмре,yøe,8,3,1,5,146,461,2,TRUE
eøy,3,ҫӳллӗрех,yøe,7,3,1,5,146,461,2,TRUE
eøy,3,вӗренӳ,øey,7,3,1,5,146,461,2,TRUE
eøy,3,йӳнӗрех,yøe,6,3,1,5,146,461,2,TRUE
eøy,3,вӗрентӳ,øey,5,3,1,5,146,461,2,TRUE
eøy,3,кӗтӳрен,øye,5,3,1,5,146,461,2,TRUE
eøy,3,кӗрешӳ,øey,4,3,1,5,146,461,2,TRUE
eøy,3,пӳртӗнче,yøe,4,3,1,5,146,461,2,TRUE
eøy,3,кӳршӗсем,yøe,4,3,1,5,146,461,2,TRUE
eøy,3,хӳтӗлев,yøe,4,3,1,5,146,461,2,TRUE
eøy,3,пӗлтерӳ,øey,4,3,1,5,146,461,2,TRUE
eøy,3,ҫӳллӗскер,yøe,3,3,1,5,146,461,2,TRUE
eøy,3,ӳкӗте,yøe,3,3,1,5,146,461,2,TRUE
eøy,3,тӳрӗрен,yøe,3,3,1,5,146,461,2,TRUE
eøy,3,пӳлӗмне,yøe,3,3,1,5,146,461,2,TRUE
eøy,3,ӗпхӳре,øye,3,3,1,5,146,461,2,TRUE
eøy,3,ҫӗрпӳре,øye,3,3,1,5,146,461,2,TRUE
eøy,3,чӗлхӳне,øye,2,3,1,5,146,461,2,TRUE
eøy,3,кӗпӳне,øye,2,3,1,5,146,461,2,TRUE
eøy,3,кӗтӳҫсем,øye,2,3,1,5,146,461,2,TRUE
eøy,3,ӳкӗнсе,yøe,2,3,1,5,146,461,2,TRUE
eøy,3,ҫӳҫӗнчен,yøe,2,3,1,5,146,461,2,TRUE
eøy,3,ҫӳлӗрех,yøe,2,3,1,5,146,461,2,TRUE
eøy,3,йӳҫӗрех,yøe,2,3,1,5,146,461,2,TRUE
eøy,3,кӳршӗре,yøe,2,3,1,5,146,461,2,TRUE
eøy,3,ҫӳллӗшне,yøe,2,3,1,5,146,461,2,TRUE
eøy,3,ӳснӗҫем,yøe,2,3,1,5,146,461,2,TRUE
eøy,3,ӳсӗрпе,yøe,2,3,1,5,146,461,2,TRUE
eøy,3,кӗтӳпе,øye,2,3,1,5,146,461,2,TRUE
eøy,3,ӳпӗнсе,yøe,2,3,1,5,146,461,2,TRUE
eøy,3,пӳлӗмрен,yøe,2,3,1,5,146,461,2,TRUE
eøy,3,ӳсӗрскер,yøe,2,3,1,5,146,461,2,TRUE
eøy,3,кӗрӳшне,øye,1,3,1,5,146,461,2,TRUE
eøy,3,пӳлӗмсем,yøe,1,3,1,5,146,461,2,TRUE
eøy,3,нӳрлӗрех,yøe,1,3,1,5,146,461,2,TRUE
eøy,3,сӗнӳпе,øye,1,3,1,5,146,461,2,TRUE
eøy,3,ӳкӗнес,yøe,1,3,1,5,146,461,2,TRUE
eøy,3,хӳтӗлес,yøe,1,3,1,5,146,461,2,TRUE
eøy,3,ӗненӳ,øey,1,3,1,5,146,461,2,TRUE
eøy,3,кӗрешӳн,øey,1,3,1,5,146,461,2,TRUE
eøy,3,ӗнӳсем,øye,1,3,1,5,146,461,2,TRUE
eøy,3,ӗнӳне,øye,1,3,1,5,146,461,2,TRUE
eøy,3,ӳсӗрме,yøe,1,3,1,5,146,461,2,TRUE
eøy,3,кӗтӳҫе,øye,1,3,1,5,146,461,2,TRUE
eøy,3,тӳррӗнрех,yøe,1,3,1,5,146,461,2,TRUE
eøy,3,сӳтӗлсе,yøe,1,3,1,5,146,461,2,TRUE
eøy,3,ӳсӗмне,yøe,1,3,1,5,146,461,2,TRUE
eøy,3,ӳсӗрем,yøe,1,3,1,5,146,461,2,TRUE
eøy,3,ӳкӗтле,yøe,1,3,1,5,146,461,2,TRUE
eøy,3,кӗтӳсем,øye,1,3,1,5,146,461,2,TRUE
eøy,3,пӗлӳпе,øye,1,3,1,5,146,461,2,TRUE
eøy,3,ҫӳҫӗпе,yøe,1,3,1,5,146,461,2,TRUE
eøy,3,ӳт-пӗвне,yøe,1,3,1,5,146,461,2,TRUE
eøy,3,хӳтӗлет,yøe,1,3,1,5,146,461,2,TRUE
eøy,3,ӳкӗнет,yøe,1,3,1,5,146,461,2,TRUE
eøy,3,хӳхӗмрех,yøe,1,3,1,5,146,461,2,TRUE
eøy,3,ӳлӗмрен,yøe,1,3,1,5,146,461,2,TRUE
eøy,3,ӳслӗке,yøe,1,3,1,5,146,461,2,TRUE
eøy,3,пӗрлешӳ,øey,1,3,1,5,146,461,2,TRUE
eøy,3,чӗрӳне,øye,1,3,1,5,146,461,2,TRUE
eøy,3,кӗтӳре,øye,1,3,1,5,146,461,2,TRUE
eøy,3,хӗрӳрех,øye,1,3,1,5,146,461,2,TRUE
eøy,3,ӳсӗре,yøe,1,3,1,5,146,461,2,TRUE
eøy,3,пӳлӗмрех,yøe,1,3,1,5,146,461,2,TRUE
eøy,3,пӳлӗнсех,yøe,1,3,1,5,146,461,2,TRUE
eøy,3,шӳтлӗнрех,yøe,1,3,1,5,146,461,2,TRUE
eøy,3,пӗлессӳ,øey,1,3,1,5,146,461,2,TRUE
eøy,3,нӳрӗрех,yøe,1,3,1,5,146,461,2,TRUE
eøy,3,кӳлӗре,yøe,1,3,1,5,146,461,2,TRUE
eøy,3,сӳпӗлтет,yøe,1,3,1,5,146,461,2,TRUE
eøy,3,кӳпӗнсе,yøe,1,3,1,5,146,461,2,TRUE
eøy,3,ӳкӗтлет,yøe,1,3,1,5,146,461,2,TRUE
eøy,3,ҫӗрпӳртре,øye,1,3,1,5,146,461,2,TRUE
eøy,3,тӳпӗре,yøe,1,3,1,5,146,461,2,TRUE
eøy,3,пӳртӗнчен,yøe,1,3,1,5,146,461,2,TRUE
eøy,3,чӗрӳнте,øye,1,3,1,5,146,461,2,TRUE
eøy,3,нӳрӗкпе,yøe,1,3,1,5,146,461,2,TRUE
eøy,3,ӳсӗрле,yøe,1,3,1,5,146,461,2,TRUE
eøy,3,ӳсӗмре,yøe,1,3,1,5,146,461,2,TRUE
øɵu,3,пуҫлӑхӗ,uɵø,43,1,0,3,89,400,2,TRUE
øɵu,3,пурнӑҫӗ,uɵø,43,1,0,3,89,400,2,TRUE
øɵu,3,ҫурӑмӗ,uɵø,26,1,0,3,89,400,2,TRUE
øɵu,3,уйӑхӗн,uɵø,17,1,0,3,89,400,2,TRUE
øɵu,3,уҫӑлчӗ,uɵø,16,1,0,3,89,400,2,TRUE
øɵu,3,туйӑнчӗ,uɵø,16,1,0,3,89,400,2,TRUE
øɵu,3,курӑнчӗ,uɵø,13,1,0,3,89,400,2,TRUE
øɵu,3,улшӑнчӗ,uɵø,11,1,0,3,89,400,2,TRUE
øɵu,3,шухӑшӗ,uɵø,10,1,0,3,89,400,2,TRUE
øɵu,3,тупӑнчӗ,uɵø,8,1,0,3,89,400,2,TRUE
øɵu,3,пулӑшӗ,uɵø,8,1,0,3,89,400,2,TRUE
øɵu,3,уйӑхӗ,uɵø,7,1,0,3,89,400,2,TRUE
øɵu,3,ушкӑнӗ,uɵø,7,1,0,3,89,400,2,TRUE
øɵu,3,пурӑнчӗ,uɵø,7,1,0,3,89,400,2,TRUE
øɵu,3,туйӑмӗ,uɵø,7,1,0,3,89,400,2,TRUE
øɵu,3,пулнӑччӗ,uɵø,7,1,0,3,89,400,2,TRUE
øɵu,3,туслӑхӗн,uɵø,7,1,0,3,89,400,2,TRUE
øɵu,3,пулӑшӗҫ,uɵø,6,1,0,3,89,400,2,TRUE
øɵu,3,курӑкӗ,uɵø,5,1,0,3,89,400,2,TRUE
øɵu,3,улшӑнӗ,uɵø,5,1,0,3,89,400,2,TRUE
øɵu,3,пусӑмӗ,uɵø,5,1,0,3,89,400,2,TRUE
øɵu,3,тупӑнӗ,uɵø,4,1,0,3,89,400,2,TRUE
øɵu,3,хутшӑнчӗ,uɵø,4,1,0,3,89,400,2,TRUE
øɵu,3,пухӑнчӗ,uɵø,4,1,0,3,89,400,2,TRUE
øɵu,3,тупӑнчӗҫ,uɵø,4,1,0,3,89,400,2,TRUE
øɵu,3,ҫунӑччӗ,uɵø,4,1,0,3,89,400,2,TRUE
øɵu,3,хушӑнчӗ,uɵø,4,1,0,3,89,400,2,TRUE
øɵu,3,пухӑнчӗҫ,uɵø,3,1,0,3,89,400,2,TRUE
øɵu,3,хутшӑнчӗҫ,uɵø,3,1,0,3,89,400,2,TRUE
øɵu,3,юхӑмӗ,uɵø,3,1,0,3,89,400,2,TRUE
øɵu,3,туртӑнчӗ,uɵø,3,1,0,3,89,400,2,TRUE
øɵu,3,пуҫлӑхӗн,uɵø,3,1,0,3,89,400,2,TRUE
øɵu,3,уйӑрӗҫ,uɵø,3,1,0,3,89,400,2,TRUE
øɵu,3,тупӑшӗҫ,uɵø,3,1,0,3,89,400,2,TRUE
øɵu,3,хутшӑнӗҫ,uɵø,3,1,0,3,89,400,2,TRUE
øɵu,3,тухӑҫӗн,uɵø,2,1,0,3,89,400,2,TRUE
øɵu,3,уйрӑлчӗҫ,uɵø,2,1,0,3,89,400,2,TRUE
øɵu,3,пулӑшрӗ,uɵø,2,1,0,3,89,400,2,TRUE
øɵu,3,пурӑнӗҫ,uɵø,2,1,0,3,89,400,2,TRUE
øɵu,3,пухӑвӗ,uɵø,2,1,0,3,89,400,2,TRUE
øɵu,3,пурнӑҫӗн,uɵø,2,1,0,3,89,400,2,TRUE
øɵu,3,уртӑнчӗ,uɵø,2,1,0,3,89,400,2,TRUE
øɵu,3,уйрӑмӗ,uɵø,2,1,0,3,89,400,2,TRUE
øɵu,3,хупӑнчӗ,uɵø,2,1,0,3,89,400,2,TRUE
øɵu,3,уйрӑлчӗ,uɵø,2,1,0,3,89,400,2,TRUE
øɵu,3,туйӑнчӗҫ,uɵø,2,1,0,3,89,400,2,TRUE
øɵu,3,куҫлӑхӗ,uɵø,2,1,0,3,89,400,2,TRUE
øɵu,3,тухтӑрӗ,uɵø,2,1,0,3,89,400,2,TRUE
øɵu,3,уйӑрчӗ,uɵø,2,1,0,3,89,400,2,TRUE
øɵu,3,пурӑнӗ,uɵø,2,1,0,3,89,400,2,TRUE
øɵu,3,мухмӑрӗ,uɵø,1,1,0,3,89,400,2,TRUE
øɵu,3,уйӑрмӗҫ,uɵø,1,1,0,3,89,400,2,TRUE
øɵu,3,ҫулӑмӗ,uɵø,1,1,0,3,89,400,2,TRUE
øɵu,3,курӑнӗҫ,uɵø,1,1,0,3,89,400,2,TRUE
øɵu,3,тухӑҫӗ,uɵø,1,1,0,3,89,400,2,TRUE
øɵu,3,тупӑшрӗҫ,uɵø,1,1,0,3,89,400,2,TRUE
øɵu,3,ҫухӑрчӗ,uɵø,1,1,0,3,89,400,2,TRUE
øɵu,3,ҫумӑрӗ,uɵø,1,1,0,3,89,400,2,TRUE
øɵu,3,пурӑнчӗҫ,uɵø,1,1,0,3,89,400,2,TRUE
øɵu,3,уҫӑлчӗҫ,uɵø,1,1,0,3,89,400,2,TRUE
øɵu,3,ҫутӑлчӗ,uɵø,1,1,0,3,89,400,2,TRUE
øɵu,3,тутӑрӗ,uɵø,1,1,0,3,89,400,2,TRUE
øɵu,3,тунсӑхӗ,uɵø,1,1,0,3,89,400,2,TRUE
øɵu,3,укҫӑвӗ,uɵø,1,1,0,3,89,400,2,TRUE
øɵu,3,пулӑшрӗҫ,uɵø,1,1,0,3,89,400,2,TRUE
øɵu,3,улшӑнӗҫ,uɵø,1,1,0,3,89,400,2,TRUE
øɵu,3,курӑнчӗҫ,uɵø,1,1,0,3,89,400,2,TRUE
øɵu,3,тупсӑмӗ,uɵø,1,1,0,3,89,400,2,TRUE
øɵu,3,хунӑччӗ,uɵø,1,1,0,3,89,400,2,TRUE
øɵu,3,усӑнчӗҫ,uɵø,1,1,0,3,89,400,2,TRUE
øɵu,3,хурӑнӗ,uɵø,1,1,0,3,89,400,2,TRUE
øɵu,3,улшӑнчӗҫ,uɵø,1,1,0,3,89,400,2,TRUE
øɵu,3,пуҫӑнчӗ,uɵø,1,1,0,3,89,400,2,TRUE
øɵu,3,улӑмӗ,uɵø,1,1,0,3,89,400,2,TRUE
øɵu,3,хурлӑхӗ,uɵø,1,1,0,3,89,400,2,TRUE
øɵu,3,ушкӑнӗн,uɵø,1,1,0,3,89,400,2,TRUE
øɵu,3,хуҫӑлчӗ,uɵø,1,1,0,3,89,400,2,TRUE
øɵu,3,улттӑмӗш,uɵø,1,1,0,3,89,400,2,TRUE
øɵu,3,улӑхрӗ,uɵø,1,1,0,3,89,400,2,TRUE
øɵu,3,туслӑхӗ,uɵø,1,1,0,3,89,400,2,TRUE
øɵu,3,пулӑмӗ,uɵø,1,1,0,3,89,400,2,TRUE
øɵu,3,курӑкӗн,uɵø,1,1,0,3,89,400,2,TRUE
øɵu,3,пусӑмӗн,uɵø,1,1,0,3,89,400,2,TRUE
øɵu,3,уҫӑлӗ,uɵø,1,1,0,3,89,400,2,TRUE
øɵu,3,пӑрушӗ,ɵuø,5,2,0,3,89,400,2,TRUE
øɵu,3,мӑнукӗ,ɵuø,5,2,0,3,89,400,2,TRUE
øɵu,3,ӑспуҫӗ,ɵuø,2,2,0,3,89,400,2,TRUE
øɵu,3,ҫӑлкуҫӗ,ɵuø,1,2,0,3,89,400,2,TRUE
øɵu,3,кӗлтунӑ,øuɵ,1,2,0,3,89,400,2,TRUE
aaɵu,4,сухаланӑ,uaaɵ,9,3,0,10,181,396,2,TRUE
aaɵu,4,юрататӑп,uaaɵ,9,3,0,10,181,396,2,TRUE
aaɵu,4,хускалмасӑр,uaaɵ,7,3,0,10,181,396,2,TRUE
aaɵu,4,астумастӑп,auaɵ,5,3,0,10,181,396,2,TRUE
aaɵu,4,юратмастӑп,uaaɵ,5,3,0,10,181,396,2,TRUE
aaɵu,4,ҫутҫанталӑк,uaaɵ,5,3,0,10,181,396,2,TRUE
aaɵu,4,пултаратӑр,uaaɵ,5,3,0,10,181,396,2,TRUE
aaɵu,4,пултаратӑн,uaaɵ,4,3,0,10,181,396,2,TRUE
aaɵu,4,пулкаланӑ,uaaɵ,4,3,0,10,181,396,2,TRUE
aaɵu,4,ялхуҫалӑх,auaɵ,4,3,0,10,181,396,2,TRUE
aaɵu,4,куркаланӑ,uaaɵ,3,3,0,10,181,396,2,TRUE
aaɵu,4,пултаратпӑр,uaaɵ,3,3,0,10,181,396,2,TRUE
aaɵu,4,суранланнӑ,uaaɵ,3,3,0,10,181,396,2,TRUE
aaɵu,4,муталанчӑк,uaaɵ,3,3,0,10,181,396,2,TRUE
aaɵu,4,турткалашнӑ,uaaɵ,3,3,0,10,181,396,2,TRUE
aaɵu,4,тухаймарӑм,uaaɵ,2,3,0,10,181,396,2,TRUE
aaɵu,4,юрататтӑм,uaaɵ,2,3,0,10,181,396,2,TRUE
aaɵu,4,сухалатӑн,uaaɵ,2,3,0,10,181,396,2,TRUE
aaɵu,4,тупаймарӑм,uaaɵ,2,3,0,10,181,396,2,TRUE
aaɵu,4,купаланӑ,uaaɵ,2,3,0,10,181,396,2,TRUE
aaɵu,4,пуҫарасшӑн,uaaɵ,2,3,0,10,181,396,2,TRUE
aaɵu,4,пуянланнӑ,uaaɵ,2,3,0,10,181,396,2,TRUE
aaɵu,4,упрамашкӑн,uaaɵ,2,3,0,10,181,396,2,TRUE
aaɵu,4,астумасӑр,auaɵ,1,3,0,10,181,396,2,TRUE
aaɵu,4,юлаймарӑм,uaaɵ,1,3,0,10,181,396,2,TRUE
aaɵu,4,хураймастӑн,uaaɵ,1,3,0,10,181,396,2,TRUE
aaɵu,4,хуравларӑн,uaaɵ,1,3,0,10,181,396,2,TRUE
aaɵu,4,ҫунатланнӑ,uaaɵ,1,3,0,10,181,396,2,TRUE
aaɵu,4,пусарасшӑн,uaaɵ,1,3,0,10,181,396,2,TRUE
aaɵu,4,улталасшӑн,uaaɵ,1,3,0,10,181,396,2,TRUE
aaɵu,4,юнашаррӑн,uaaɵ,1,3,0,10,181,396,2,TRUE
aaɵu,4,пуҫтаратпӑр,uaaɵ,1,3,0,10,181,396,2,TRUE
aaɵu,4,мухтанатӑп,uaaɵ,1,3,0,10,181,396,2,TRUE
aaɵu,4,юлаймастӑн,uaaɵ,1,3,0,10,181,396,2,TRUE
aaɵu,4,шутаратӑн,uaaɵ,1,3,0,10,181,396,2,TRUE
aaɵu,4,тусанланнӑ,uaaɵ,1,3,0,10,181,396,2,TRUE
aaɵu,4,юрататпӑр,uaaɵ,1,3,0,10,181,396,2,TRUE
aaɵu,4,нумайланнӑ,uaaɵ,1,3,0,10,181,396,2,TRUE
aaɵu,4,астумарӑн,auaɵ,1,3,0,10,181,396,2,TRUE
aaɵu,4,нушаланнӑ,uaaɵ,1,3,0,10,181,396,2,TRUE
aaɵu,4,тупаймарӑн,uaaɵ,1,3,0,10,181,396,2,TRUE
aaɵu,4,ҫутҫалталӑк,uaaɵ,1,3,0,10,181,396,2,TRUE
aaɵu,4,хуравланӑ,uaaɵ,1,3,0,10,181,396,2,TRUE
aaɵu,4,шутламастӑп,uaaɵ,1,3,0,10,181,396,2,TRUE
aaɵu,4,мухтанмалӑх,uaaɵ,1,3,0,10,181,396,2,TRUE
aaɵu,4,тавракурӑм,aauɵ,1,3,0,10,181,396,2,TRUE
aaɵu,4,тухаймарӑн,uaaɵ,1,3,0,10,181,396,2,TRUE
aaɵu,4,хушаматӑр,uaaɵ,1,3,0,10,181,396,2,TRUE
aaɵu,4,юрататӑн,uaaɵ,1,3,0,10,181,396,2,TRUE
aaɵu,4,туянатпӑр,uaaɵ,1,3,0,10,181,396,2,TRUE
aaɵu,4,тупкаланӑ,uaaɵ,1,3,0,10,181,396,2,TRUE
aaɵu,4,улталаннӑ,uaaɵ,1,3,0,10,181,396,2,TRUE
aaɵu,4,тупаймастӑп,uaaɵ,1,3,0,10,181,396,2,TRUE
aaɵu,4,тупаймастӑн,uaaɵ,1,3,0,10,181,396,2,TRUE
aaɵu,4,уявласшӑн,uaaɵ,1,3,0,10,181,396,2,TRUE
aaɵu,4,сулкаланӑ,uaaɵ,1,3,0,10,181,396,2,TRUE
aaɵu,4,хуравларӑр,uaaɵ,1,3,0,10,181,396,2,TRUE
aaɵu,4,пуянлатнӑ,uaaɵ,1,3,0,10,181,396,2,TRUE
aaɵu,4,вуламан-тӑр,uaaɵ,1,3,0,10,181,396,2,TRUE
aaɵu,4,юратасшӑн,uaaɵ,1,3,0,10,181,396,2,TRUE
aaɵu,4,вулаканӑм,uaaɵ,1,3,0,10,181,396,2,TRUE
aaɵu,4,суттаратӑн,uaaɵ,1,3,0,10,181,396,2,TRUE
aaɵu,4,астутарӑп,auaɵ,1,3,0,10,181,396,2,TRUE
aaɵu,4,кураймасӑр,uaaɵ,1,3,0,10,181,396,2,TRUE
aaɵu,4,уҫтарасшӑн,uaaɵ,1,3,0,10,181,396,2,TRUE
aaɵu,4,астумастӑр,auaɵ,1,3,0,10,181,396,2,TRUE
aaɵu,4,шупашкарӑн,uaaɵ,1,3,0,10,181,396,2,TRUE
aaɵu,4,пуҫтаратӑп,uaaɵ,1,3,0,10,181,396,2,TRUE
aaɵu,4,купарчаллӑ,uaaɵ,1,3,0,10,181,396,2,TRUE
aaɵu,4,суйламалӑх,uaaɵ,1,3,0,10,181,396,2,TRUE
aaɵu,4,пултаратӑп,uaaɵ,1,3,0,10,181,396,2,TRUE
aaɵu,4,пуянлантӑр,uaaɵ,1,3,0,10,181,396,2,TRUE
aaɵu,4,ҫухатмарӑм,uaaɵ,1,3,0,10,181,396,2,TRUE
aaɵu,4,юсамашкӑн,uaaɵ,1,3,0,10,181,396,2,TRUE
aaɵu,4,пурӑнакан,uɵaa,18,4,1,10,181,396,2,TRUE
aaɵu,4,пурӑнмалла,uɵaa,11,4,1,10,181,396,2,TRUE
aaɵu,4,пулӑшакан,uɵaa,10,4,1,10,181,396,2,TRUE
aaɵu,4,шухӑшласа,uɵaa,9,4,1,10,181,396,2,TRUE
aaɵu,4,юратӑва,uaɵa,9,4,1,10,181,396,2,TRUE
aaɵu,4,урӑхларах,uɵaa,9,4,1,10,181,396,2,TRUE
aaɵu,4,чарӑнура,aɵua,8,4,1,10,181,396,2,TRUE
aaɵu,4,пурнӑҫлама,uɵaa,6,4,1,10,181,396,2,TRUE
aaɵu,4,хуҫалӑхра,uaɵa,6,4,1,10,181,396,2,TRUE
aaɵu,4,улатӑрта,uaɵa,5,4,1,10,181,396,2,TRUE
aaɵu,4,курӑнакан,uɵaa,5,4,1,10,181,396,2,TRUE
aaɵu,4,пуҫтарӑнса,uaɵa,5,4,1,10,181,396,2,TRUE
aaɵu,4,усламҫӑпа,uaɵa,5,4,1,10,181,396,2,TRUE
aaɵu,4,ҫапӑҫуран,aɵua,5,4,1,10,181,396,2,TRUE
aaɵu,4,ҫапӑҫура,aɵua,4,4,1,10,181,396,2,TRUE
aaɵu,4,юманлӑха,uaɵa,4,4,1,10,181,396,2,TRUE
aaɵu,4,ҫан-ҫурӑма,auɵa,4,4,1,10,181,396,2,TRUE
aaɵu,4,ҫулталӑкра,uaɵa,4,4,1,10,181,396,2,TRUE
aaɵu,4,пурнӑҫланать,uɵaa,4,4,1,10,181,396,2,TRUE
aaɵu,4,уҫӑлтарма,uɵaa,4,4,1,10,181,396,2,TRUE
aaɵu,4,хуҫалӑха,uaɵa,3,4,1,10,181,396,2,TRUE
aaɵu,4,нумайлӑха,uaɵa,3,4,1,10,181,396,2,TRUE
aaɵu,4,анютӑпа,auɵa,3,4,1,10,181,396,2,TRUE
aaɵu,4,уҫӑмлатма,uɵaa,3,4,1,10,181,396,2,TRUE
aaɵu,4,пулатӑпах,uaɵa,3,4,1,10,181,396,2,TRUE
aaɵu,4,хуралҫӑна,uaɵa,3,4,1,10,181,396,2,TRUE
aaɵu,4,пуҫӑнсанах,uɵaa,3,4,1,10,181,396,2,TRUE
aaɵu,4,ҫухатӑва,uaɵa,3,4,1,10,181,396,2,TRUE
aaɵu,4,улӑштарма,uɵaa,3,4,1,10,181,396,2,TRUE
aaɵu,4,анютӑна,auɵa,2,4,1,10,181,396,2,TRUE
aaɵu,4,шухӑшлама,uɵaa,2,4,1,10,181,396,2,TRUE
aaɵu,4,уйӑракан,uɵaa,2,4,1,10,181,396,2,TRUE
aaɵu,4,хӑюланса,ɵuaa,2,4,1,10,181,396,2,TRUE
aaɵu,4,уҫланкӑра,uaɵa,2,4,1,10,181,396,2,TRUE
aaɵu,4,тунсӑхласа,uɵaa,2,4,1,10,181,396,2,TRUE
aaɵu,4,укҫасӑрах,uaɵa,2,4,1,10,181,396,2,TRUE
aaɵu,4,пуҫарӑва,uaɵa,2,4,1,10,181,396,2,TRUE
aaɵu,4,пурӑнасах,uɵaa,2,4,1,10,181,396,2,TRUE
aaɵu,4,хурӑнкаса,uɵaa,2,4,1,10,181,396,2,TRUE
aaɵu,4,юманлӑхра,uaɵa,2,4,1,10,181,396,2,TRUE
aaɵu,4,уҫӑлмалла,uɵaa,2,4,1,10,181,396,2,TRUE
aaɵu,4,ула-чӑла,uaɵa,2,4,1,10,181,396,2,TRUE
aaɵu,4,улатӑртан,uaɵa,2,4,1,10,181,396,2,TRUE
aaɵu,4,пурнӑҫлакан,uɵaa,2,4,1,10,181,396,2,TRUE
aaɵu,4,пулӑшасса,uɵaa,2,4,1,10,181,396,2,TRUE
aaɵu,4,хутшӑнакан,uɵaa,2,4,1,10,181,396,2,TRUE
aaɵu,4,ҫурӑласла,uɵaa,1,4,1,10,181,396,2,TRUE
aaɵu,4,сухалӑн-ха,uaɵa,1,4,1,10,181,396,2,TRUE
aaɵu,4,улатӑра,uaɵa,1,4,1,10,181,396,2,TRUE
aaɵu,4,пурӑнайрас,uɵaa,1,4,1,10,181,396,2,TRUE
aaɵu,4,ҫутмасӑрах,uaɵa,1,4,1,10,181,396,2,TRUE
aaɵu,4,тарӑхупа,aɵua,1,4,1,10,181,396,2,TRUE
aaɵu,4,уксах-чӑлах,uaɵa,1,4,1,10,181,396,2,TRUE
aaɵu,4,курӑнкала,uɵaa,1,4,1,10,181,396,2,TRUE
aaɵu,4,упӑшкана,uɵaa,1,4,1,10,181,396,2,TRUE
aaɵu,4,ӑспа-пуҫпа,ɵaua,1,4,1,10,181,396,2,TRUE
aaɵu,4,туйӑнасса,uɵaa,1,4,1,10,181,396,2,TRUE
aaɵu,4,ҫутӑлманах,uɵaa,1,4,1,10,181,396,2,TRUE
aaɵu,4,саккунлӑха,auɵa,1,4,1,10,181,396,2,TRUE
aaɵu,4,уҫӑлтарса,uɵaa,1,4,1,10,181,396,2,TRUE
aaɵu,4,тупатӑн-ха,uaɵa,1,4,1,10,181,396,2,TRUE
aaɵu,4,ӑнлантару,ɵaau,1,4,1,10,181,396,2,TRUE
aaɵu,4,сусӑрланса,uɵaa,1,4,1,10,181,396,2,TRUE
aaɵu,4,туйӑнакан,uɵaa,1,4,1,10,181,396,2,TRUE
aaɵu,4,юлташшӑнах,uaɵa,1,4,1,10,181,396,2,TRUE
aaɵu,4,туртӑнкалать,uɵaa,1,4,1,10,181,396,2,TRUE
aaɵu,4,юлташӑмран,uaɵa,1,4,1,10,181,396,2,TRUE
aaɵu,4,уйрӑлайман,uɵaa,1,4,1,10,181,396,2,TRUE
aaɵu,4,вуланӑран,uaɵa,1,4,1,10,181,396,2,TRUE
aaɵu,4,ульянӑна,uaɵa,1,4,1,10,181,396,2,TRUE
aaɵu,4,усламҫӑна,uaɵa,1,4,1,10,181,396,2,TRUE
aaɵu,4,хусканӑвах,uaɵa,1,4,1,10,181,396,2,TRUE
aaɵu,4,пулатӑнах,uaɵa,1,4,1,10,181,396,2,TRUE
aaɵu,4,ҫутӑлакан,uɵaa,1,4,1,10,181,396,2,TRUE
aaɵu,4,хурӑнкасра,uɵaa,1,4,1,10,181,396,2,TRUE
aaɵu,4,пулӑшмаллах,uɵaa,1,4,1,10,181,396,2,TRUE
aaɵu,4,пурӑнкалать,uɵaa,1,4,1,10,181,396,2,TRUE
aaɵu,4,варюхӑна,auɵa,1,4,1,10,181,396,2,TRUE
aaɵu,4,ункӑланса,uɵaa,1,4,1,10,181,396,2,TRUE
aaɵu,4,арӑмунтан,aɵua,1,4,1,10,181,396,2,TRUE
aaɵu,4,мухтатӑн-ха,uaɵa,1,4,1,10,181,396,2,TRUE
aaɵu,4,пухӑнакан,uɵaa,1,4,1,10,181,396,2,TRUE
aaɵu,4,хур-кӑвакал,uɵaa,1,4,1,10,181,396,2,TRUE
aaɵu,4,тусанлӑрах,uaɵa,1,4,1,10,181,396,2,TRUE
aaɵu,4,юлташӑмпа,uaɵa,1,4,1,10,181,396,2,TRUE
aaɵu,4,кутӑнлансан,uɵaa,1,4,1,10,181,396,2,TRUE
aaɵu,4,пурӑнасса,uɵaa,1,4,1,10,181,396,2,TRUE
aaɵu,4,наукӑпа,auɵa,1,4,1,10,181,396,2,TRUE
aaɵu,4,ункӑласа,uɵaa,1,4,1,10,181,396,2,TRUE
aaɵu,4,хутшӑнаймасть,uɵaa,1,4,1,10,181,396,2,TRUE
aaɵu,4,юманлӑхран,uaɵa,1,4,1,10,181,396,2,TRUE
aaɵu,4,чаруллӑрах,auɵa,1,4,1,10,181,396,2,TRUE
aaɵu,4,пӑравуса,ɵaua,1,4,1,10,181,396,2,TRUE
aaɵu,4,ҫуралнӑран,uaɵa,1,4,1,10,181,396,2,TRUE
aaɵu,4,управӑша,uaɵa,1,4,1,10,181,396,2,TRUE
aaɵu,4,курмасӑрах,uaɵa,1,4,1,10,181,396,2,TRUE
aaɵu,4,кушӑркаса,uɵaa,1,4,1,10,181,396,2,TRUE
aaɵu,4,курӑнмалла,uɵaa,1,4,1,10,181,396,2,TRUE
aaɵu,4,курӑнкалать,uɵaa,1,4,1,10,181,396,2,TRUE
aaɵu,4,мӑлатукпа,ɵaua,1,4,1,10,181,396,2,TRUE
aaɵu,4,уҫмасӑрах,uaɵa,1,4,1,10,181,396,2,TRUE
aaɵu,4,панкрутлӑха,auɵa,1,4,1,10,181,396,2,TRUE
aaɵu,4,хушӑнмалла,uɵaa,1,4,1,10,181,396,2,TRUE
aaɵu,4,улӑштарас,uɵaa,1,4,1,10,181,396,2,TRUE
aaɵu,4,пурӑнаймасть,uɵaa,1,4,1,10,181,396,2,TRUE
aaɵu,4,пурнӑҫланса,uɵaa,1,4,1,10,181,396,2,TRUE
aaɵu,4,пулӑшмалла,uɵaa,1,4,1,10,181,396,2,TRUE
aaɵɵ,4,калаҫӑпӑр,aaɵɵ,6,2,0,6,183,350,3,TRUE
aaɵɵ,4,патшалӑхӑн,aaɵɵ,6,2,0,6,183,350,3,TRUE
aaɵɵ,4,ҫанталӑкӑн,aaɵɵ,4,2,0,6,183,350,3,TRUE
aaɵɵ,4,калаҫмӑпӑр,aaɵɵ,3,2,0,6,183,350,3,TRUE
aaɵɵ,4,тасатрӑмӑр,aaɵɵ,3,2,0,6,183,350,3,TRUE
aaɵɵ,4,пахалӑхлӑ,aaɵɵ,3,2,0,6,183,350,3,TRUE
aaɵɵ,4,паллашӑпӑр,aaɵɵ,2,2,0,6,183,350,3,TRUE
aaɵɵ,4,паллашрӑмӑр,aaɵɵ,2,2,0,6,183,350,3,TRUE
aaɵɵ,4,калаҫмӑттӑн,aaɵɵ,1,2,0,6,183,350,3,TRUE
aaɵɵ,4,калаттӑмӑр,aaɵɵ,1,2,0,6,183,350,3,TRUE
aaɵɵ,4,ҫанталӑклӑ,aaɵɵ,1,2,0,6,183,350,3,TRUE
aaɵɵ,4,пахалӑхсӑр,aaɵɵ,1,2,0,6,183,350,3,TRUE
aaɵɵ,4,авланнӑшӑн,aaɵɵ,1,2,0,6,183,350,3,TRUE
aaɵɵ,4,каяттӑмӑр,aaɵɵ,1,2,0,6,183,350,3,TRUE
aaɵɵ,4,акаттӑмӑр,aaɵɵ,1,2,0,6,183,350,3,TRUE
aaɵɵ,4,чакмарӑмӑр,aaɵɵ,1,2,0,6,183,350,3,TRUE
aaɵɵ,4,тавралӑхӑн,aaɵɵ,1,2,0,6,183,350,3,TRUE
aaɵɵ,4,каланӑшӑн,aaɵɵ,1,2,0,6,183,350,3,TRUE
aaɵɵ,4,калаҫрӑмӑр,aaɵɵ,1,2,0,6,183,350,3,TRUE
aaɵɵ,4,параттӑмӑр,aaɵɵ,1,2,0,6,183,350,3,TRUE
aaɵɵ,4,асӑрханӑ,aɵaɵ,12,3,0,6,183,350,3,TRUE
aaɵɵ,4,ӑсталанӑ,ɵaaɵ,8,3,0,6,183,350,3,TRUE
aaɵɵ,4,ӑнланатӑп,ɵaaɵ,7,3,0,6,183,350,3,TRUE
aaɵɵ,4,ӑнланмасӑр,ɵaaɵ,6,3,0,6,183,350,3,TRUE
aaɵɵ,4,ӑнланмастӑп,ɵaaɵ,5,3,0,6,183,350,3,TRUE
aaɵɵ,4,вӑтанмасӑр,ɵaaɵ,5,3,0,6,183,350,3,TRUE
aaɵɵ,4,савӑнатӑп,aɵaɵ,4,3,0,6,183,350,3,TRUE
aaɵɵ,4,чарӑнмасӑр,aɵaɵ,4,3,0,6,183,350,3,TRUE
aaɵɵ,4,айӑпланӑ,aɵaɵ,4,3,0,6,183,350,3,TRUE
aaɵɵ,4,ӑнлантарнӑ,ɵaaɵ,4,3,0,6,183,350,3,TRUE
aaɵɵ,4,такӑнаттӑм,aɵaɵ,4,3,0,6,183,350,3,TRUE
aaɵɵ,4,астӑватӑп,aɵaɵ,3,3,0,6,183,350,3,TRUE
aaɵɵ,4,астӑватӑн,aɵaɵ,3,3,0,6,183,350,3,TRUE
aaɵɵ,4,сӑлтавланӑ,ɵaaɵ,3,3,0,6,183,350,3,TRUE
aaɵɵ,4,палӑратӑр,aɵaɵ,3,3,0,6,183,350,3,TRUE
aaɵɵ,4,таврӑнатӑн,aɵaɵ,2,3,0,6,183,350,3,TRUE
aaɵɵ,4,пайӑн-пайӑн,aɵaɵ,2,3,0,6,183,350,3,TRUE
aaɵɵ,4,тӑварланӑ,ɵaaɵ,2,3,0,6,183,350,3,TRUE
aaɵɵ,4,тӑкакланӑ,ɵaaɵ,2,3,0,6,183,350,3,TRUE
aaɵɵ,4,кӑтартатӑп,ɵaaɵ,2,3,0,6,183,350,3,TRUE
aaɵɵ,4,асӑнмасӑр,aɵaɵ,2,3,0,6,183,350,3,TRUE
aaɵɵ,4,тӑваймастӑн,ɵaaɵ,2,3,0,6,183,350,3,TRUE
aaɵɵ,4,такӑнмасӑр,aɵaɵ,2,3,0,6,183,350,3,TRUE
aaɵɵ,4,палӑртмасӑр,aɵaɵ,2,3,0,6,183,350,3,TRUE
aaɵɵ,4,хӑтланатӑн,ɵaaɵ,2,3,0,6,183,350,3,TRUE
aaɵɵ,4,хӑрамасӑр,ɵaaɵ,2,3,0,6,183,350,3,TRUE
aaɵɵ,4,ватӑлатӑп,aɵaɵ,2,3,0,6,183,350,3,TRUE
aaɵɵ,4,савӑнтарнӑ,aɵaɵ,2,3,0,6,183,350,3,TRUE
aaɵɵ,4,хӑпартланнӑ,ɵaaɵ,2,3,0,6,183,350,3,TRUE
aaɵɵ,4,хӑпармашкӑн,ɵaaɵ,2,3,0,6,183,350,3,TRUE
aaɵɵ,4,тӑхтамасӑр,ɵaaɵ,2,3,0,6,183,350,3,TRUE
aaɵɵ,4,капӑрлатнӑ,aɵaɵ,2,3,0,6,183,350,3,TRUE
aaɵɵ,4,аптӑранӑ,aɵaɵ,2,3,0,6,183,350,3,TRUE
aaɵɵ,4,чӑтаймасӑр,ɵaaɵ,1,3,0,6,183,350,3,TRUE
aaɵɵ,4,анлӑланнӑ,aɵaɵ,1,3,0,6,183,350,3,TRUE
aaɵɵ,4,палӑртатпӑр,aɵaɵ,1,3,0,6,183,350,3,TRUE
aaɵɵ,4,лӑплантарнӑн,ɵaaɵ,1,3,0,6,183,350,3,TRUE
aaɵɵ,4,асӑнмастӑп,aɵaɵ,1,3,0,6,183,350,3,TRUE
aaɵɵ,4,касӑ-касӑ,aɵaɵ,1,3,0,6,183,350,3,TRUE
aaɵɵ,4,ваккӑн-ваккӑн,aɵaɵ,1,3,0,6,183,350,3,TRUE
aaɵɵ,4,хӑтланмастӑп,ɵaaɵ,1,3,0,6,183,350,3,TRUE
aaɵɵ,4,кӑрлаттарнӑ,ɵaaɵ,1,3,0,6,183,350,3,TRUE
aaɵɵ,4,кӑтартмасӑр,ɵaaɵ,1,3,0,6,183,350,3,TRUE
aaɵɵ,4,вӑтанаттӑм,ɵaaɵ,1,3,0,6,183,350,3,TRUE
aaɵɵ,4,хӑваратӑн,ɵaaɵ,1,3,0,6,183,350,3,TRUE
aaɵɵ,4,мӑйракаллӑ,ɵaaɵ,1,3,0,6,183,350,3,TRUE
aaɵɵ,4,хӑрамастӑп,ɵaaɵ,1,3,0,6,183,350,3,TRUE
aaɵɵ,4,янӑравлӑн,aɵaɵ,1,3,0,6,183,350,3,TRUE
aaɵɵ,4,ӑшаланӑ,ɵaaɵ,1,3,0,6,183,350,3,TRUE
aaɵɵ,4,сӑмахланӑ,ɵaaɵ,1,3,0,6,183,350,3,TRUE
aaɵɵ,4,асӑрхарӑм,aɵaɵ,1,3,0,6,183,350,3,TRUE
aaɵɵ,4,парӑнатӑн,aɵaɵ,1,3,0,6,183,350,3,TRUE
aaɵɵ,4,чӑтаймарӑм,ɵaaɵ,1,3,0,6,183,350,3,TRUE
aaɵɵ,4,таврӑнатӑр,aɵaɵ,1,3,0,6,183,350,3,TRUE
aaɵɵ,4,парӑнмарӑм,aɵaɵ,1,3,0,6,183,350,3,TRUE
aaɵɵ,4,ӑнланасшӑн,ɵaaɵ,1,3,0,6,183,350,3,TRUE
aaɵɵ,4,парӑнмастпӑр,aɵaɵ,1,3,0,6,183,350,3,TRUE
aaɵɵ,4,пӑхкаланӑ,ɵaaɵ,1,3,0,6,183,350,3,TRUE
aaɵɵ,4,хашӑл-хашӑл,aɵaɵ,1,3,0,6,183,350,3,TRUE
aaɵɵ,4,ӑраскаллӑ,ɵaaɵ,1,3,0,6,183,350,3,TRUE
aaɵɵ,4,ҫаврӑнмасӑр,aɵaɵ,1,3,0,6,183,350,3,TRUE
aaɵɵ,4,ӑнланмастӑр,ɵaaɵ,1,3,0,6,183,350,3,TRUE
aaɵɵ,4,лӑпланаттӑм,ɵaaɵ,1,3,0,6,183,350,3,TRUE
aaɵɵ,4,хӑваланӑ,ɵaaɵ,1,3,0,6,183,350,3,TRUE
aaɵɵ,4,хӑтланатӑр,ɵaaɵ,1,3,0,6,183,350,3,TRUE
aaɵɵ,4,пӑхкаларӑм,ɵaaɵ,1,3,0,6,183,350,3,TRUE
aaɵɵ,4,хӑпаратӑп,ɵaaɵ,1,3,0,6,183,350,3,TRUE
aaɵɵ,4,татӑлатпӑр,aɵaɵ,1,3,0,6,183,350,3,TRUE
aaɵɵ,4,пайӑркаллӑ,aɵaɵ,1,3,0,6,183,350,3,TRUE
aaɵɵ,4,ӑсататӑп,ɵaaɵ,1,3,0,6,183,350,3,TRUE
aaɵɵ,4,хӑналаннӑ,ɵaaɵ,1,3,0,6,183,350,3,TRUE
aaɵɵ,4,ҫамрӑкланнӑ,aɵaɵ,1,3,0,6,183,350,3,TRUE
aaɵɵ,4,таврӑнатӑп,aɵaɵ,1,3,0,6,183,350,3,TRUE
aaɵɵ,4,кӑмакашӑн,ɵaaɵ,1,3,0,6,183,350,3,TRUE
aaɵɵ,4,пӑхаймасӑр,ɵaaɵ,1,3,0,6,183,350,3,TRUE
aaɵɵ,4,хӑпартасшӑн,ɵaaɵ,1,3,0,6,183,350,3,TRUE
aaɵɵ,4,ӑмсанаттӑм,ɵaaɵ,1,3,0,6,183,350,3,TRUE
aaɵɵ,4,янӑрашнӑ,aɵaɵ,1,3,0,6,183,350,3,TRUE
aaɵɵ,4,савӑнмалӑх,aɵaɵ,1,3,0,6,183,350,3,TRUE
aaɵɵ,4,хӑяймарӑм,ɵaaɵ,1,3,0,6,183,350,3,TRUE
aaɵɵ,4,айӑпланнӑ,aɵaɵ,1,3,0,6,183,350,3,TRUE
aaɵɵ,4,кӑларасшӑн,ɵaaɵ,1,3,0,6,183,350,3,TRUE
aaɵɵ,4,чӑрмантарнӑ,ɵaaɵ,1,3,0,6,183,350,3,TRUE
aaɵɵ,4,тӑраймарӑм,ɵaaɵ,1,3,0,6,183,350,3,TRUE
aaɵɵ,4,пӑха-пӑха,ɵaɵa,11,4,1,6,183,350,3,TRUE
aaɵɵ,4,ӑна-кӑна,ɵaɵa,9,4,1,6,183,350,3,TRUE
aaɵɵ,4,чарӑнӑва,aɵɵa,7,4,1,6,183,350,3,TRUE
aaɵɵ,4,савӑнӑҫа,aɵɵa,5,4,1,6,183,350,3,TRUE
aaɵɵ,4,хӑтлӑлатас,ɵɵaa,5,4,1,6,183,350,3,TRUE
aaɵɵ,4,пӑшӑрханса,ɵɵaa,4,4,1,6,183,350,3,TRUE
aaɵɵ,4,вӑйсӑрланса,ɵɵaa,4,4,1,6,183,350,3,TRUE
aaɵɵ,4,пӑшӑрханма,ɵɵaa,4,4,1,6,183,350,3,TRUE
aaɵɵ,4,пӑчӑртаса,ɵɵaa,3,4,1,6,183,350,3,TRUE
aaɵɵ,4,ҫӑвӑнакан,ɵɵaa,3,4,1,6,183,350,3,TRUE
aaɵɵ,4,йӑсӑрланать,ɵɵaa,3,4,1,6,183,350,3,TRUE
aaɵɵ,4,йӑлкӑшакан,ɵɵaa,3,4,1,6,183,350,3,TRUE
aaɵɵ,4,савӑнӑҫпа,aɵɵa,3,4,1,6,183,350,3,TRUE
aaɵɵ,4,хӑтӑлмалла,ɵɵaa,3,4,1,6,183,350,3,TRUE
aaɵɵ,4,ӑшӑтакан,ɵɵaa,3,4,1,6,183,350,3,TRUE
aaɵɵ,4,кӑҫаллӑха,ɵaɵa,3,4,1,6,183,350,3,TRUE
aaɵɵ,4,пӑшӑлтатса,ɵɵaa,2,4,1,6,183,350,3,TRUE
aaɵɵ,4,ҫавӑрӑнса,aɵɵa,2,4,1,6,183,350,3,TRUE
aaɵɵ,4,чӑмӑртаса,ɵɵaa,2,4,1,6,183,350,3,TRUE
aaɵɵ,4,ӑсталӑха,ɵaɵa,2,4,1,6,183,350,3,TRUE
aaɵɵ,4,кӑшӑлтатса,ɵɵaa,2,4,1,6,183,350,3,TRUE
aaɵɵ,4,хӑйӑлтатса,ɵɵaa,2,4,1,6,183,350,3,TRUE
aaɵɵ,4,пӑшӑлтатать,ɵɵaa,2,4,1,6,183,350,3,TRUE
aaɵɵ,4,йӑсӑрланса,ɵɵaa,2,4,1,6,183,350,3,TRUE
aaɵɵ,4,йӑпӑлтатать,ɵɵaa,2,4,1,6,183,350,3,TRUE
aaɵɵ,4,тӑрӑшмасан,ɵɵaa,2,4,1,6,183,350,3,TRUE
aaɵɵ,4,кӑсӑкланать,ɵɵaa,2,4,1,6,183,350,3,TRUE
aaɵɵ,4,хӑвалӑхран,ɵaɵa,1,4,1,6,183,350,3,TRUE
aaɵɵ,4,пӑчӑртанса,ɵɵaa,1,4,1,6,183,350,3,TRUE
aaɵɵ,4,сӑвӑракан,ɵɵaa,1,4,1,6,183,350,3,TRUE
aaɵɵ,4,йӑнӑшасса,ɵɵaa,1,4,1,6,183,350,3,TRUE
aaɵɵ,4,ҫавӑншӑнах,aɵɵa,1,4,1,6,183,350,3,TRUE
aaɵɵ,4,пӑхмасӑрах,ɵaɵa,1,4,1,6,183,350,3,TRUE
aaɵɵ,4,ҫӑмӑлтарах,ɵɵaa,1,4,1,6,183,350,3,TRUE
aaɵɵ,4,вӑхӑталлах,ɵɵaa,1,4,1,6,183,350,3,TRUE
aaɵɵ,4,ҫавӑрӑн-ха,aɵɵa,1,4,1,6,183,350,3,TRUE
aaɵɵ,4,йӑшӑлтатса,ɵɵaa,1,4,1,6,183,350,3,TRUE
aaɵɵ,4,чарӑнӑр-ха,aɵɵa,1,4,1,6,183,350,3,TRUE
aaɵɵ,4,тӑватпӑрах,ɵaɵa,1,4,1,6,183,350,3,TRUE
aaɵɵ,4,кӑнтӑралла,ɵɵaa,1,4,1,6,183,350,3,TRUE
aaɵɵ,4,пӑха-пӑхах,ɵaɵa,1,4,1,6,183,350,3,TRUE
aaɵɵ,4,лартӑмӑр-ха,aɵɵa,1,4,1,6,183,350,3,TRUE
aaɵɵ,4,ӑнланӑп-ха,ɵaɵa,1,4,1,6,183,350,3,TRUE
aaɵɵ,4,хамӑрӑнах,aɵɵa,1,4,1,6,183,350,3,TRUE
aaɵɵ,4,вӑрттӑнтарах,ɵɵaa,1,4,1,6,183,350,3,TRUE
aaɵɵ,4,ӑмӑртмалла,ɵɵaa,1,4,1,6,183,350,3,TRUE
aaɵɵ,4,тӑмасӑрах,ɵaɵa,1,4,1,6,183,350,3,TRUE
aaɵɵ,4,нӑтӑртатса,ɵɵaa,1,4,1,6,183,350,3,TRUE
aaɵɵ,4,тӑсӑласса,ɵɵaa,1,4,1,6,183,350,3,TRUE
aaɵɵ,4,хӑтартӑрах,ɵaɵa,1,4,1,6,183,350,3,TRUE
aaɵɵ,4,шӑпӑртатать,ɵɵaa,1,4,1,6,183,350,3,TRUE
aaɵɵ,4,кӑчӑртатса,ɵɵaa,1,4,1,6,183,350,3,TRUE
aaɵɵ,4,пӑтӑрмаха,ɵɵaa,1,4,1,6,183,350,3,TRUE
aaɵɵ,4,вӑхӑтранпа,ɵɵaa,1,4,1,6,183,350,3,TRUE
aaɵɵ,4,пӑшӑрханмасть,ɵɵaa,1,4,1,6,183,350,3,TRUE
aaɵɵ,4,сарӑтӑвра,aɵɵa,1,4,1,6,183,350,3,TRUE
aaɵɵ,4,аскӑнчӑка,aɵɵa,1,4,1,6,183,350,3,TRUE
aaɵɵ,4,халӑхӑма,aɵɵa,1,4,1,6,183,350,3,TRUE
aaɵɵ,4,тӑрӑхласа,ɵɵaa,1,4,1,6,183,350,3,TRUE
aaɵɵ,4,ҫапӑҫӑва,aɵɵa,1,4,1,6,183,350,3,TRUE
aaɵɵ,4,йӑлкӑштарса,ɵɵaa,1,4,1,6,183,350,3,TRUE
aaɵɵ,4,кӑларӑмра,ɵaɵa,1,4,1,6,183,350,3,TRUE
aaɵɵ,4,йӑмӑхакан,ɵɵaa,1,4,1,6,183,350,3,TRUE
aaɵɵ,4,пӑхӑнмалла,ɵɵaa,1,4,1,6,183,350,3,TRUE
aaɵɵ,4,хӑнӑхакан,ɵɵaa,1,4,1,6,183,350,3,TRUE
aaɵɵ,4,кӑмӑлласа,ɵɵaa,1,4,1,6,183,350,3,TRUE
aaɵɵ,4,тӑрӑшакан,ɵɵaa,1,4,1,6,183,350,3,TRUE
aaɵɵ,4,чӑнкӑртатса,ɵɵaa,1,4,1,6,183,350,3,TRUE
aaɵɵ,4,вӑчӑрапа,ɵɵaa,1,4,1,6,183,350,3,TRUE
aaɵɵ,4,каҫӑрӑлса,aɵɵa,1,4,1,6,183,350,3,TRUE
aaɵɵ,4,кӑсӑклансах,ɵɵaa,1,4,1,6,183,350,3,TRUE
aaɵɵ,4,памӑпӑр-ха,aɵɵa,1,4,1,6,183,350,3,TRUE
aaɵɵ,4,ҫӑткӑнланса,ɵɵaa,1,4,1,6,183,350,3,TRUE
aaɵɵ,4,савнӑҫлӑрах,aɵɵa,1,4,1,6,183,350,3,TRUE
aaɵɵ,4,тӑрӑхлама,ɵɵaa,1,4,1,6,183,350,3,TRUE
aaɵɵ,4,хӑрӑмланса,ɵɵaa,1,4,1,6,183,350,3,TRUE
aaɵɵ,4,лайӑххӑнах,aɵɵa,1,4,1,6,183,350,3,TRUE
aaɵɵ,4,вӑйсӑрланмар,ɵɵaa,1,4,1,6,183,350,3,TRUE
aaɵɵ,4,тӑрӑшмалла,ɵɵaa,1,4,1,6,183,350,3,TRUE
aeɵ,3,васенӑ,aeɵ,3,2,0,5,103,307,2,TRUE
aeɵ,3,ремаркӑн,eaɵ,1,2,0,5,103,307,2,TRUE
aeɵ,3,ракетӑн,aeɵ,1,2,0,5,103,307,2,TRUE
aeɵ,3,пакетсӑр,aeɵ,1,2,0,5,103,307,2,TRUE
aeɵ,3,арӑмне,aɵe,38,3,1,5,103,307,2,TRUE
aeɵ,3,сасӑсем,aɵe,20,3,1,5,103,307,2,TRUE
aeɵ,3,ҫамрӑксем,aɵe,15,3,1,5,103,307,2,TRUE
aeɵ,3,ҫӑварне,ɵae,13,3,1,5,103,307,2,TRUE
aeɵ,3,йӑмрасем,ɵae,11,3,1,5,103,307,2,TRUE
aeɵ,3,кайнӑскер,aɵe,11,3,1,5,103,307,2,TRUE
aeɵ,3,алӑкне,aɵe,9,3,1,5,103,307,2,TRUE
aeɵ,3,чӑвашсем,ɵae,9,3,1,5,103,307,2,TRUE
aeɵ,3,амӑшне,aɵe,9,3,1,5,103,307,2,TRUE
aeɵ,3,сӑмахне,ɵae,8,3,1,5,103,307,2,TRUE
aeɵ,3,тӑвансем,ɵae,7,3,1,5,103,307,2,TRUE
aeɵ,3,ахӑртнех,aɵe,7,3,1,5,103,307,2,TRUE
aeɵ,3,хӑнасем,ɵae,7,3,1,5,103,307,2,TRUE
aeɵ,3,ҫамрӑксен,aɵe,5,3,1,5,103,307,2,TRUE
aeɵ,3,арӑмсем,aɵe,4,3,1,5,103,307,2,TRUE
aeɵ,3,сменӑпа,eɵa,4,3,1,5,103,307,2,TRUE
aeɵ,3,ленӑна,eɵa,4,3,1,5,103,307,2,TRUE
aeɵ,3,айӑпне,aɵe,4,3,1,5,103,307,2,TRUE
aeɵ,3,халӑхсен,aɵe,3,3,1,5,103,307,2,TRUE
aeɵ,3,сӑмахсем,ɵae,3,3,1,5,103,307,2,TRUE
aeɵ,3,алӑсем,aɵe,3,3,1,5,103,307,2,TRUE
aeɵ,3,чӑвашсен,ɵae,3,3,1,5,103,307,2,TRUE
aeɵ,3,ватӑсем,aɵe,3,3,1,5,103,307,2,TRUE
aeɵ,3,ларӑвне,aɵe,3,3,1,5,103,307,2,TRUE
aeɵ,3,хӑватне,ɵae,3,3,1,5,103,307,2,TRUE
aeɵ,3,паллӑсем,aɵe,3,3,1,5,103,307,2,TRUE
aeɵ,3,темӑпа,eɵa,2,3,1,5,103,307,2,TRUE
aeɵ,3,ваннӑсем,aɵe,2,3,1,5,103,307,2,TRUE
aeɵ,3,ленӑпа,eɵa,2,3,1,5,103,307,2,TRUE
aeɵ,3,талӑкне,aɵe,2,3,1,5,103,307,2,TRUE
aeɵ,3,тӑванне,ɵae,2,3,1,5,103,307,2,TRUE
aeɵ,3,талкӑшпех,aɵe,2,3,1,5,103,307,2,TRUE
aeɵ,3,йӑмрасен,ɵae,2,3,1,5,103,307,2,TRUE
aeɵ,3,паттӑрсем,aɵe,2,3,1,5,103,307,2,TRUE
aeɵ,3,лавҫӑсем,aɵe,2,3,1,5,103,307,2,TRUE
aeɵ,3,татӑкне,aɵe,2,3,1,5,103,307,2,TRUE
aeɵ,3,пӑвансем,ɵae,2,3,1,5,103,307,2,TRUE
aeɵ,3,халӑхне,aɵe,2,3,1,5,103,307,2,TRUE
aeɵ,3,ҫапӑсем,aɵe,2,3,1,5,103,307,2,TRUE
aeɵ,3,ӑстасем,ɵae,2,3,1,5,103,307,2,TRUE
aeɵ,3,ӑсчахсем,ɵae,2,3,1,5,103,307,2,TRUE
aeɵ,3,вӑрахчен,ɵae,2,3,1,5,103,307,2,TRUE
aeɵ,3,кашӑкне,aɵe,2,3,1,5,103,307,2,TRUE
aeɵ,3,лаптӑкне,aɵe,2,3,1,5,103,307,2,TRUE
aeɵ,3,светӑна,eɵa,2,3,1,5,103,307,2,TRUE
aeɵ,3,ташӑсем,aɵe,1,3,1,5,103,307,2,TRUE
aeɵ,3,карчӑксем,aɵe,1,3,1,5,103,307,2,TRUE
aeɵ,3,арӑмсен,aɵe,1,3,1,5,103,307,2,TRUE
aeɵ,3,хӑҫанччен,ɵae,1,3,1,5,103,307,2,TRUE
aeɵ,3,саплӑкне,aɵe,1,3,1,5,103,307,2,TRUE
aeɵ,3,хамӑнне,aɵe,1,3,1,5,103,307,2,TRUE
aeɵ,3,вальӑнне,aɵe,1,3,1,5,103,307,2,TRUE
aeɵ,3,палӑкне,aɵe,1,3,1,5,103,307,2,TRUE
aeɵ,3,ҫармӑссем,aɵe,1,3,1,5,103,307,2,TRUE
aeɵ,3,тарӑхне,aɵe,1,3,1,5,103,307,2,TRUE
aeɵ,3,сӑмсасем,ɵae,1,3,1,5,103,307,2,TRUE
aeɵ,3,верӑран,eɵa,1,3,1,5,103,307,2,TRUE
aeɵ,3,ватӑскер,aɵe,1,3,1,5,103,307,2,TRUE
aeɵ,3,майлӑскер,aɵe,1,3,1,5,103,307,2,TRUE
aeɵ,3,касӑкне,aɵe,1,3,1,5,103,307,2,TRUE
aeɵ,3,пӑхаҫҫех,ɵae,1,3,1,5,103,307,2,TRUE
aeɵ,3,капкӑнне,aɵe,1,3,1,5,103,307,2,TRUE
aeɵ,3,катӑкне,aɵe,1,3,1,5,103,307,2,TRUE
aeɵ,3,сӑпатне,ɵae,1,3,1,5,103,307,2,TRUE
aeɵ,3,каҫӑсем,aɵe,1,3,1,5,103,307,2,TRUE
aeɵ,3,сменӑна,eɵa,1,3,1,5,103,307,2,TRUE
aeɵ,3,сеткӑна,eɵa,1,3,1,5,103,307,2,TRUE
aeɵ,3,таньӑсен,aɵe,1,3,1,5,103,307,2,TRUE
aeɵ,3,амӑшсем,aɵe,1,3,1,5,103,307,2,TRUE
aeɵ,3,янӑскер,aɵe,1,3,1,5,103,307,2,TRUE
aeɵ,3,ӑстаҫсем,ɵae,1,3,1,5,103,307,2,TRUE
aeɵ,3,чайкӑсен,aɵe,1,3,1,5,103,307,2,TRUE
aeɵ,3,яхӑнне,aɵe,1,3,1,5,103,307,2,TRUE
aeɵ,3,чарнӑскер,aɵe,1,3,1,5,103,307,2,TRUE
aeɵ,3,тӑнлавсем,ɵae,1,3,1,5,103,307,2,TRUE
aeɵ,3,канӑвне,aɵe,1,3,1,5,103,307,2,TRUE
aeɵ,3,каскӑсем,aɵe,1,3,1,5,103,307,2,TRUE
aeɵ,3,ӑсансем,ɵae,1,3,1,5,103,307,2,TRUE
aeɵ,3,манӑнне,aɵe,1,3,1,5,103,307,2,TRUE
aeɵ,3,аркӑсем,aɵe,1,3,1,5,103,307,2,TRUE
aeɵ,3,кантӑкне,aɵe,1,3,1,5,103,307,2,TRUE
aeɵ,3,ленӑран,eɵa,1,3,1,5,103,307,2,TRUE
aeɵ,3,петьӑна,eɵa,1,3,1,5,103,307,2,TRUE
aeɵ,3,айлӑмне,aɵe,1,3,1,5,103,307,2,TRUE
aeɵ,3,кайнӑпек,aɵe,1,3,1,5,103,307,2,TRUE
aeɵ,3,ҫӑкасем,ɵae,1,3,1,5,103,307,2,TRUE
aeɵ,3,тантӑшсем,aɵe,1,3,1,5,103,307,2,TRUE
aeɵ,3,аллӑмсем,aɵe,1,3,1,5,103,307,2,TRUE
aeɵ,3,сметӑпа,eɵa,1,3,1,5,103,307,2,TRUE
aeɵ,3,лавҫӑсен,aɵe,1,3,1,5,103,307,2,TRUE
aeɵ,3,алӑксем,aɵe,1,3,1,5,103,307,2,TRUE
aeɵ,3,пӑвансен,ɵae,1,3,1,5,103,307,2,TRUE
aeɵ,3,хӑвасем,ɵae,1,3,1,5,103,307,2,TRUE
aeɵ,3,сӑнарне,ɵae,1,3,1,5,103,307,2,TRUE
aeɵ,3,светӑпа,eɵa,1,3,1,5,103,307,2,TRUE
aeɵ,3,лампӑсем,aɵe,1,3,1,5,103,307,2,TRUE
aeɵ,3,ҫамрӑкскер,aɵe,1,3,1,5,103,307,2,TRUE
aeɵ,3,парӑмне,aɵe,1,3,1,5,103,307,2,TRUE
aeɵ,3,шалӑвне,aɵe,1,3,1,5,103,307,2,TRUE
iɵ,2,тихӑн,iɵ,48,1,0,2,62,297,2,TRUE
iɵ,2,ивӑн,iɵ,4,1,0,2,62,297,2,TRUE
iɵ,2,типлӑ,iɵ,1,1,0,2,62,297,2,TRUE
iɵ,2,витьӑн,iɵ,1,1,0,2,62,297,2,TRUE
iɵ,2,нихӑш,iɵ,1,1,0,2,62,297,2,TRUE
iɵ,2,пӑши,ɵi,31,2,1,2,62,297,2,TRUE
iɵ,2,шӑрши,ɵi,27,2,1,2,62,297,2,TRUE
iɵ,2,тӑни,ɵi,22,2,1,2,62,297,2,TRUE
iɵ,2,йӑли,ɵi,18,2,1,2,62,297,2,TRUE
iɵ,2,сӑмси,ɵi,17,2,1,2,62,297,2,TRUE
iɵ,2,тӑпри,ɵi,8,2,1,2,62,297,2,TRUE
iɵ,2,вӑрҫин,ɵi,7,2,1,2,62,297,2,TRUE
iɵ,2,хӑлхи,ɵi,6,2,1,2,62,297,2,TRUE
iɵ,2,пӑтти,ɵi,6,2,1,2,62,297,2,TRUE
iɵ,2,шӑмми,ɵi,5,2,1,2,62,297,2,TRUE
iɵ,2,шӑпи,ɵi,5,2,1,2,62,297,2,TRUE
iɵ,2,пӑчи,ɵi,4,2,1,2,62,297,2,TRUE
iɵ,2,хӑми,ɵi,4,2,1,2,62,297,2,TRUE
iɵ,2,нӑрри,ɵi,4,2,1,2,62,297,2,TRUE
iɵ,2,ҫӑлти,ɵi,4,2,1,2,62,297,2,TRUE
iɵ,2,йӑви,ɵi,3,2,1,2,62,297,2,TRUE
iɵ,2,ӑшчик,ɵi,3,2,1,2,62,297,2,TRUE
iɵ,2,ӑшри,ɵi,3,2,1,2,62,297,2,TRUE
iɵ,2,ӑшши,ɵi,3,2,1,2,62,297,2,TRUE
iɵ,2,тӑри,ɵi,3,2,1,2,62,297,2,TRUE
iɵ,2,тӑрри,ɵi,3,2,1,2,62,297,2,TRUE
iɵ,2,шӑхлич,ɵi,3,2,1,2,62,297,2,TRUE
iɵ,2,вӑйли,ɵi,3,2,1,2,62,297,2,TRUE
iɵ,2,вӑрҫи,ɵi,3,2,1,2,62,297,2,TRUE
iɵ,2,шӑши,ɵi,3,2,1,2,62,297,2,TRUE
iɵ,2,сӑртри,ɵi,3,2,1,2,62,297,2,TRUE
iɵ,2,вӑрри,ɵi,2,2,1,2,62,297,2,TRUE
iɵ,2,чӑнни,ɵi,2,2,1,2,62,297,2,TRUE
iɵ,2,пӑсни,ɵi,2,2,1,2,62,297,2,TRUE
iɵ,2,шӑлли,ɵi,2,2,1,2,62,297,2,TRUE
iɵ,2,пӑхни,ɵi,2,2,1,2,62,297,2,TRUE
iɵ,2,ҫӑмхи,ɵi,2,2,1,2,62,297,2,TRUE
iɵ,2,кӑмпи,ɵi,2,2,1,2,62,297,2,TRUE
iɵ,2,ӑсти,ɵi,2,2,1,2,62,297,2,TRUE
iɵ,2,сӑпки,ɵi,2,2,1,2,62,297,2,TRUE
iɵ,2,ӑсли,ɵi,2,2,1,2,62,297,2,TRUE
iɵ,2,шӑни,ɵi,1,2,1,2,62,297,2,TRUE
iɵ,2,чӑлхи,ɵi,1,2,1,2,62,297,2,TRUE
iɵ,2,тӑсни,ɵi,1,2,1,2,62,297,2,TRUE
iɵ,2,ӑш-чик,ɵi,1,2,1,2,62,297,2,TRUE
iɵ,2,тӑр-лик,ɵi,1,2,1,2,62,297,2,TRUE
iɵ,2,кӑчки,ɵi,1,2,1,2,62,297,2,TRUE
iɵ,2,кӑрик,ɵi,1,2,1,2,62,297,2,TRUE
iɵ,2,кӑтри,ɵi,1,2,1,2,62,297,2,TRUE
iɵ,2,шӑрҫи,ɵi,1,2,1,2,62,297,2,TRUE
iɵ,2,пӑкки,ɵi,1,2,1,2,62,297,2,TRUE
iɵ,2,шӑпин,ɵi,1,2,1,2,62,297,2,TRUE
iɵ,2,хӑппи,ɵi,1,2,1,2,62,297,2,TRUE
iɵ,2,ҫӑки,ɵi,1,2,1,2,62,297,2,TRUE
iɵ,2,тӑкни,ɵi,1,2,1,2,62,297,2,TRUE
iɵ,2,пӑчки,ɵi,1,2,1,2,62,297,2,TRUE
iɵ,2,сӑри,ɵi,1,2,1,2,62,297,2,TRUE
iɵ,2,сӑвви,ɵi,1,2,1,2,62,297,2,TRUE
iɵ,2,шӑчи,ɵi,1,2,1,2,62,297,2,TRUE
iɵ,2,чӑххи,ɵi,1,2,1,2,62,297,2,TRUE
iɵ,2,кӑкри,ɵi,1,2,1,2,62,297,2,TRUE
iɵ,2,хӑмпи,ɵi,1,2,1,2,62,297,2,TRUE
eeiø,4,интереслӗ,ieeø,8,3,0,10,151,263,2,TRUE
eeiø,4,итлемерӗ,ieeø,6,3,0,10,151,263,2,TRUE
eeiø,4,ирттересшӗн,ieeø,5,3,0,10,151,263,2,TRUE
eeiø,4,ирттереҫҫӗ,ieeø,4,3,0,10,151,263,2,TRUE
eeiø,4,итлемеҫҫӗ,ieeø,4,3,0,10,151,263,2,TRUE
eeiø,4,сиктермесӗр,ieeø,3,3,0,10,151,263,2,TRUE
eeiø,4,илеймерӗ,ieeø,3,3,0,10,151,263,2,TRUE
eeiø,4,илейместӗн,ieeø,3,3,0,10,151,263,2,TRUE
eeiø,4,шикленетӗп,ieeø,3,3,0,10,151,263,2,TRUE
eeiø,4,илтереҫҫӗ,ieeø,3,3,0,10,151,263,2,TRUE
eeiø,4,илейместӗп,ieeø,3,3,0,10,151,263,2,TRUE
eeiø,4,ирттеретпӗр,ieeø,3,3,0,10,151,263,2,TRUE
eeiø,4,хисепленӗ,ieeø,2,3,0,10,151,263,2,TRUE
eeiø,4,тинкереҫҫӗ,ieeø,2,3,0,10,151,263,2,TRUE
eeiø,4,илеймеҫҫӗ,ieeø,2,3,0,10,151,263,2,TRUE
eeiø,4,менелникӗ,eeiø,2,3,0,10,151,263,2,TRUE
eeiø,4,ҫитереҫҫӗ,ieeø,2,3,0,10,151,263,2,TRUE
eeiø,4,итлемесӗр,ieeø,2,3,0,10,151,263,2,TRUE
eeiø,4,илтеретпӗр,ieeø,2,3,0,10,151,263,2,TRUE
eeiø,4,киленеҫҫӗ,ieeø,1,3,0,10,151,263,2,TRUE
eeiø,4,сиккелеҫҫӗ,ieeø,1,3,0,10,151,263,2,TRUE
eeiø,4,систермесӗр,ieeø,1,3,0,10,151,263,2,TRUE
eeiø,4,тивертетчӗ,ieeø,1,3,0,10,151,263,2,TRUE
eeiø,4,сипленеҫҫӗ,ieeø,1,3,0,10,151,263,2,TRUE
eeiø,4,илеймерӗҫ,ieeø,1,3,0,10,151,263,2,TRUE
eeiø,4,ҫитмеллеччӗ,ieeø,1,3,0,10,151,263,2,TRUE
eeiø,4,тивертеҫҫӗ,ieeø,1,3,0,10,151,263,2,TRUE
eeiø,4,киленмерӗ,ieeø,1,3,0,10,151,263,2,TRUE
eeiø,4,ҫитеретӗп,ieeø,1,3,0,10,151,263,2,TRUE
eeiø,4,итлеместӗп,ieeø,1,3,0,10,151,263,2,TRUE
eeiø,4,хисеплерӗ,ieeø,1,3,0,10,151,263,2,TRUE
eeiø,4,хисеплетпӗр,ieeø,1,3,0,10,151,263,2,TRUE
eeiø,4,илемленӗ,ieeø,1,3,0,10,151,263,2,TRUE
eeiø,4,хисеплеҫҫӗ,ieeø,1,3,0,10,151,263,2,TRUE
eeiø,4,итлеменшӗн,ieeø,1,3,0,10,151,263,2,TRUE
eeiø,4,именмесӗр,ieeø,1,3,0,10,151,263,2,TRUE
eeiø,4,пичетленнӗ,ieeø,1,3,0,10,151,263,2,TRUE
eeiø,4,хисеплерӗн,ieeø,1,3,0,10,151,263,2,TRUE
eeiø,4,шиклентернӗ,ieeø,1,3,0,10,151,263,2,TRUE
eeiø,4,ирттересчӗ,ieeø,1,3,0,10,151,263,2,TRUE
eeiø,4,чиккелеҫҫӗ,ieeø,1,3,0,10,151,263,2,TRUE
eeiø,4,ҫеҫенхирӗ,eeiø,1,3,0,10,151,263,2,TRUE
eeiø,4,илемленнӗ,ieeø,1,3,0,10,151,263,2,TRUE
eeiø,4,шикленеҫҫӗ,ieeø,1,3,0,10,151,263,2,TRUE
eeiø,4,илекенӗ,ieeø,1,3,0,10,151,263,2,TRUE
eeiø,4,силлентерчӗ,ieeø,1,3,0,10,151,263,2,TRUE
eeiø,4,сиккелерӗ,ieeø,1,3,0,10,151,263,2,TRUE
eeiø,4,ҫикеленӗ,ieeø,1,3,0,10,151,263,2,TRUE
eeiø,4,илемлетрӗ,ieeø,1,3,0,10,151,263,2,TRUE
eeiø,4,илемлетӗ,ieeø,1,3,0,10,151,263,2,TRUE
eeiø,4,итлемерӗҫ,ieeø,1,3,0,10,151,263,2,TRUE
eeiø,4,ҫитейместпӗр,ieeø,1,3,0,10,151,263,2,TRUE
eeiø,4,ҫитеретпӗр,ieeø,1,3,0,10,151,263,2,TRUE
eeiø,4,илемлетнӗ,ieeø,1,3,0,10,151,263,2,TRUE
eeiø,4,ҫитейместчӗ,ieeø,1,3,0,10,151,263,2,TRUE
eeiø,4,илтересшӗн,ieeø,1,3,0,10,151,263,2,TRUE
eeiø,4,сисмесӗрех,ieøe,9,4,1,10,151,263,2,TRUE
eeiø,4,пӗррехинче,øeie,9,4,1,10,151,263,2,TRUE
eeiø,4,вӗриленсе,øiee,8,4,1,10,151,263,2,TRUE
eeiø,4,килӗсене,iøee,7,4,1,10,151,263,2,TRUE
eeiø,4,чӗпписене,øiee,7,4,1,10,151,263,2,TRUE
eeiø,4,илемӗпе,ieøe,5,4,1,10,151,263,2,TRUE
eeiø,4,хӗрринелле,øiee,4,4,1,10,151,263,2,TRUE
eeiø,4,килӗсенчен,iøee,4,4,1,10,151,263,2,TRUE
eeiø,4,пӗлтернине,øeie,4,4,1,10,151,263,2,TRUE
eeiø,4,ӗҫленине,øeie,3,4,1,10,151,263,2,TRUE
eeiø,4,сисӗнекен,iøee,3,4,1,10,151,263,2,TRUE
eeiø,4,чӗтренине,øeie,3,4,1,10,151,263,2,TRUE
eeiø,4,пӗлменнипе,øeie,3,4,1,10,151,263,2,TRUE
eeiø,4,тетелӗнчи,eeøi,3,4,1,10,151,263,2,TRUE
eeiø,4,илтӗнмелле,iøee,2,4,1,10,151,263,2,TRUE
eeiø,4,нимӗҫсене,iøee,2,4,1,10,151,263,2,TRUE
eeiø,4,килӗсенче,iøee,2,4,1,10,151,263,2,TRUE
eeiø,4,чӗриклетсе,øiee,2,4,1,10,151,263,2,TRUE
eeiø,4,ҫитмесӗрех,ieøe,2,4,1,10,151,263,2,TRUE
eeiø,4,хӗррисене,øiee,2,4,1,10,151,263,2,TRUE
eeiø,4,хӗрринерех,øiee,2,4,1,10,151,263,2,TRUE
eeiø,4,иккӗленсе,iøee,2,4,1,10,151,263,2,TRUE
eeiø,4,вилӗсене,iøee,2,4,1,10,151,263,2,TRUE
eeiø,4,вӗриленме,øiee,2,4,1,10,151,263,2,TRUE
eeiø,4,кӗписене,øiee,2,4,1,10,151,263,2,TRUE
eeiø,4,кӗлеткипе,øeie,1,4,1,10,151,263,2,TRUE
eeiø,4,ҫӗнтернисем,øeie,1,4,1,10,151,263,2,TRUE
eeiø,4,хӗррисенче,øiee,1,4,1,10,151,263,2,TRUE
eeiø,4,ӗҫлеттерни,øeei,1,4,1,10,151,263,2,TRUE
eeiø,4,нимӗҫсенчен,iøee,1,4,1,10,151,263,2,TRUE
eeiø,4,пиллӗкелле,iøee,1,4,1,10,151,263,2,TRUE
eeiø,4,килӗшмесен,iøee,1,4,1,10,151,263,2,TRUE
eeiø,4,чӗрисене,øiee,1,4,1,10,151,263,2,TRUE
eeiø,4,ӗненесси,øeei,1,4,1,10,151,263,2,TRUE
eeiø,4,теннисӗпе,eiøe,1,4,1,10,151,263,2,TRUE
eeiø,4,ҫителӗклех,ieøe,1,4,1,10,151,263,2,TRUE
eeiø,4,ӗҫлессине,øeie,1,4,1,10,151,263,2,TRUE
eeiø,4,сирпӗтекен,iøee,1,4,1,10,151,263,2,TRUE
eeiø,4,кӗтессинче,øeie,1,4,1,10,151,263,2,TRUE
eeiø,4,чӗрнисене,øiee,1,4,1,10,151,263,2,TRUE
eeiø,4,сисӗнмеллех,iøee,1,4,1,10,151,263,2,TRUE
eeiø,4,тӗмисенчен,øiee,1,4,1,10,151,263,2,TRUE
eeiø,4,киревсӗрсем,ieøe,1,4,1,10,151,263,2,TRUE
eeiø,4,ҫӗнтернипе,øeie,1,4,1,10,151,263,2,TRUE
eeiø,4,ӗҫтернипе,øeie,1,4,1,10,151,263,2,TRUE
eeiø,4,кӗнекине,øeie,1,4,1,10,151,263,2,TRUE
eeiø,4,сирӗлтерес,iøee,1,4,1,10,151,263,2,TRUE
eeiø,4,питӗрекен,iøee,1,4,1,10,151,263,2,TRUE
eeiø,4,тирпейлӗрех,ieøe,1,4,1,10,151,263,2,TRUE
eeiø,4,типтерлӗскер,ieøe,1,4,1,10,151,263,2,TRUE
eeiø,4,евӗрлисем,eøie,1,4,1,10,151,263,2,TRUE
eeiø,4,килнӗренпе,iøee,1,4,1,10,151,263,2,TRUE
eeiø,4,ҫивӗтлесе,iøee,1,4,1,10,151,263,2,TRUE
eeiø,4,йӗркесенчи,øeei,1,4,1,10,151,263,2,TRUE
eeiø,4,ҫӗнтернине,øeie,1,4,1,10,151,263,2,TRUE
eeiø,4,вилнӗскерне,iøee,1,4,1,10,151,263,2,TRUE
eeiø,4,михӗсене,iøee,1,4,1,10,151,263,2,TRUE
eeiø,4,илтӗнкелет,iøee,1,4,1,10,151,263,2,TRUE
eeiø,4,вӗрискерсем,øiee,1,4,1,10,151,263,2,TRUE
eeiø,4,хӗррисемпе,øiee,1,4,1,10,151,263,2,TRUE
eeiø,4,чирӗсенчен,iøee,1,4,1,10,151,263,2,TRUE
eeiø,4,ирӗкелле,iøee,1,4,1,10,151,263,2,TRUE
eeiø,4,ҫирӗплетсе,iøee,1,4,1,10,151,263,2,TRUE
eeiø,4,вӗллисене,øiee,1,4,1,10,151,263,2,TRUE
eeiø,4,хирӗҫлесех,iøee,1,4,1,10,151,263,2,TRUE
eeiø,4,сӗтеллисем,øeie,1,4,1,10,151,263,2,TRUE
eeiø,4,кичемлӗхе,ieøe,1,4,1,10,151,263,2,TRUE
eeiø,4,ӗнисене,øiee,1,4,1,10,151,263,2,TRUE
eeiø,4,ӗҫленинчен,øeie,1,4,1,10,151,263,2,TRUE
eeiø,4,ирӗлекен,iøee,1,4,1,10,151,263,2,TRUE
eeiø,4,ӗрчетесси,øeei,1,4,1,10,151,263,2,TRUE
eeiø,4,кӗнчелери,øeei,1,4,1,10,151,263,2,TRUE
eeiø,4,ӗҫлемелли,øeei,1,4,1,10,151,263,2,TRUE
eeiø,4,ӗҫлеменни,øeei,1,4,1,10,151,263,2,TRUE
eeiø,4,итлесшӗнех,ieøe,1,4,1,10,151,263,2,TRUE
eeiø,4,ҫихӗрешсе,iøee,1,4,1,10,151,263,2,TRUE
eeiø,4,ҫитӗнекен,iøee,1,4,1,10,151,263,2,TRUE
eeiø,4,тӗмисемпе,øiee,1,4,1,10,151,263,2,TRUE
eeiø,4,килӗшекен,iøee,1,4,1,10,151,263,2,TRUE
eeiø,4,илмесӗрех,ieøe,1,4,1,10,151,263,2,TRUE
eeiø,4,ӗҫленипе,øeie,1,4,1,10,151,263,2,TRUE
eeiø,4,илтӗнекен,iøee,1,4,1,10,151,263,2,TRUE
eeiø,4,ӗҫмеллисем,øeie,1,4,1,10,151,263,2,TRUE
eeiø,4,тинӗссене,iøee,1,4,1,10,151,263,2,TRUE
eeiø,4,илемлӗскер,ieøe,1,4,1,10,151,263,2,TRUE
eeiø,4,пӗлекенни,øeei,1,4,1,10,151,263,2,TRUE
eeiø,4,килӗрсене,iøee,1,4,1,10,151,263,2,TRUE
eeiø,4,хӗненипе,øeie,1,4,1,10,151,263,2,TRUE
eeiø,4,кӗллисемпе,øiee,1,4,1,10,151,263,2,TRUE
eeiø,4,пӗлмеллине,øeie,1,4,1,10,151,263,2,TRUE
eeiø,4,ҫирӗплетме,iøee,1,4,1,10,151,263,2,TRUE
eeiø,4,ҫирӗплетес,iøee,1,4,1,10,151,263,2,TRUE
eeiø,4,тиевҫӗре,ieøe,1,4,1,10,151,263,2,TRUE
eeiø,4,иккӗленмен,iøee,1,4,1,10,151,263,2,TRUE
eeiø,4,пичетӗнче,ieøe,1,4,1,10,151,263,2,TRUE
eʉ,2,веры,eʉ,1,1,0,2,14,250,2,TRUE
eʉ,2,ҫынсем,ʉe,182,2,1,2,14,250,2,TRUE
eʉ,2,ҫынсен,ʉe,30,2,1,2,14,250,2,TRUE
eʉ,2,хыҫне,ʉe,14,2,1,2,14,250,2,TRUE
eʉ,2,шывне,ʉe,5,2,1,2,14,250,2,TRUE
eʉ,2,йышне,ʉe,4,2,1,2,14,250,2,TRUE
eʉ,2,хырсем,ʉe,3,2,1,2,14,250,2,TRUE
eʉ,2,пырне,ʉe,3,2,1,2,14,250,2,TRUE
eʉ,2,йышсем,ʉe,2,2,1,2,14,250,2,TRUE
eʉ,2,чысне,ʉe,2,2,1,2,14,250,2,TRUE
eʉ,2,ҫынне,ʉe,1,2,1,2,14,250,2,TRUE
eʉ,2,тылне,ʉe,1,2,1,2,14,250,2,TRUE
eʉ,2,вымпел,ʉe,1,2,1,2,14,250,2,TRUE
eʉ,2,ҫырсем,ʉe,1,2,1,2,14,250,2,TRUE
eiɵ,3,примерлӑ,ieɵ,3,2,0,5,76,212,2,TRUE
eiɵ,3,лесникӑн,eiɵ,2,2,0,5,76,212,2,TRUE
eiɵ,3,техникӑн,eiɵ,1,2,0,5,76,212,2,TRUE
eiɵ,3,чӑннипех,ɵie,21,3,1,5,76,212,2,TRUE
eiɵ,3,тӑнине,ɵie,18,3,1,5,76,212,2,TRUE
eiɵ,3,чӑннипе,ɵie,13,3,1,5,76,212,2,TRUE
eiɵ,3,тӑррине,ɵie,13,3,1,5,76,212,2,TRUE
eiɵ,3,сӑмсине,ɵie,10,3,1,5,76,212,2,TRUE
eiɵ,3,пӑхнине,ɵie,7,3,1,5,76,212,2,TRUE
eiɵ,3,йӑлипе,ɵie,6,3,1,5,76,212,2,TRUE
eiɵ,3,тӑрринче,ɵie,6,3,1,5,76,212,2,TRUE
eiɵ,3,йӑлине,ɵie,6,3,1,5,76,212,2,TRUE
eiɵ,3,сӑмсипе,ɵie,5,3,1,5,76,212,2,TRUE
eiɵ,3,шӑршине,ɵie,5,3,1,5,76,212,2,TRUE
eiɵ,3,тӑнипе,ɵie,5,3,1,5,76,212,2,TRUE
eiɵ,3,вӑрҫинче,ɵie,4,3,1,5,76,212,2,TRUE
eiɵ,3,хӑмисем,ɵie,4,3,1,5,76,212,2,TRUE
eiɵ,3,сӑввине,ɵie,3,3,1,5,76,212,2,TRUE
eiɵ,3,хӑлхине,ɵie,3,3,1,5,76,212,2,TRUE
eiɵ,3,тӑрринчен,ɵie,3,3,1,5,76,212,2,TRUE
eiɵ,3,сӑввисем,ɵie,3,3,1,5,76,212,2,TRUE
eiɵ,3,хӑлхисем,ɵie,3,3,1,5,76,212,2,TRUE
eiɵ,3,ӑҫтине,ɵie,3,3,1,5,76,212,2,TRUE
eiɵ,3,пӑхнипе,ɵie,3,3,1,5,76,212,2,TRUE
eiɵ,3,тӑррисем,ɵie,3,3,1,5,76,212,2,TRUE
eiɵ,3,сӑссине,ɵie,3,3,1,5,76,212,2,TRUE
eiɵ,3,вӑйлине,ɵie,2,3,1,5,76,212,2,TRUE
eiɵ,3,тӑрисем,ɵie,2,3,1,5,76,212,2,TRUE
eiɵ,3,лӑссисем,ɵie,2,3,1,5,76,212,2,TRUE
eiɵ,3,шӑшисем,ɵie,2,3,1,5,76,212,2,TRUE
eiɵ,3,тӑвиччен,ɵie,2,3,1,5,76,212,2,TRUE
eiɵ,3,шӑммине,ɵie,2,3,1,5,76,212,2,TRUE
eiɵ,3,ӑшшипе,ɵie,1,3,1,5,76,212,2,TRUE
eiɵ,3,сӑмсинчен,ɵie,1,3,1,5,76,212,2,TRUE
eiɵ,3,шӑннипе,ɵie,1,3,1,5,76,212,2,TRUE
eiɵ,3,тӑприсем,ɵie,1,3,1,5,76,212,2,TRUE
eiɵ,3,чӑххине,ɵie,1,3,1,5,76,212,2,TRUE
eiɵ,3,пӑчкине,ɵie,1,3,1,5,76,212,2,TRUE
eiɵ,3,тӑкнине,ɵie,1,3,1,5,76,212,2,TRUE
eiɵ,3,шӑшие,ɵie,1,3,1,5,76,212,2,TRUE
eiɵ,3,тӑнинчен,ɵie,1,3,1,5,76,212,2,TRUE
eiɵ,3,тӑрринех,ɵie,1,3,1,5,76,212,2,TRUE
eiɵ,3,чӑлхипе,ɵie,1,3,1,5,76,212,2,TRUE
eiɵ,3,пӑшисем,ɵie,1,3,1,5,76,212,2,TRUE
eiɵ,3,ӑҫтисем,ɵie,1,3,1,5,76,212,2,TRUE
eiɵ,3,пӑхнипех,ɵie,1,3,1,5,76,212,2,TRUE
eiɵ,3,кӑмпине,ɵie,1,3,1,5,76,212,2,TRUE
eiɵ,3,хӑлхинче,ɵie,1,3,1,5,76,212,2,TRUE
eiɵ,3,тӑршшипех,ɵie,1,3,1,5,76,212,2,TRUE
eiɵ,3,хӑнисем,ɵie,1,3,1,5,76,212,2,TRUE
eiɵ,3,йӑвисем,ɵie,1,3,1,5,76,212,2,TRUE
eiɵ,3,шӑллипе,ɵie,1,3,1,5,76,212,2,TRUE
eiɵ,3,ӑш-чике,ɵie,1,3,1,5,76,212,2,TRUE
eiɵ,3,хӑмписем,ɵie,1,3,1,5,76,212,2,TRUE
eiɵ,3,шӑммисем,ɵie,1,3,1,5,76,212,2,TRUE
eiɵ,3,пӑнчине,ɵie,1,3,1,5,76,212,2,TRUE
eiɵ,3,ӑстисем,ɵie,1,3,1,5,76,212,2,TRUE
eiɵ,3,тӑнипех,ɵie,1,3,1,5,76,212,2,TRUE
eiɵ,3,ӑшшине,ɵie,1,3,1,5,76,212,2,TRUE
eiɵ,3,йӑвинче,ɵie,1,3,1,5,76,212,2,TRUE
eiɵ,3,хӑтине,ɵie,1,3,1,5,76,212,2,TRUE
eiɵ,3,шӑшисен,ɵie,1,3,1,5,76,212,2,TRUE
eiɵ,3,сӑннине,ɵie,1,3,1,5,76,212,2,TRUE
eiɵ,3,шӑпине,ɵie,1,3,1,5,76,212,2,TRUE
eiɵ,3,вӑррине,ɵie,1,3,1,5,76,212,2,TRUE
eiɵ,3,минӑсем,iɵe,1,3,1,5,76,212,2,TRUE
eiɵ,3,ӑстисен,ɵie,1,3,1,5,76,212,2,TRUE
eiɵ,3,йӑвине,ɵie,1,3,1,5,76,212,2,TRUE
eiɵ,3,хӑмине,ɵie,1,3,1,5,76,212,2,TRUE
eiɵ,3,ӑшчикре,ɵie,1,3,1,5,76,212,2,TRUE
eiɵ,3,ӑш-чикре,ɵie,1,3,1,5,76,212,2,TRUE
eiɵ,3,вӑрҫнине,ɵie,1,3,1,5,76,212,2,TRUE
eiɵ,3,сӑрипе,ɵie,1,3,1,5,76,212,2,TRUE
eiɵ,3,пӑттине,ɵie,1,3,1,5,76,212,2,TRUE
eiɵ,3,мишӑсем,iɵe,1,3,1,5,76,212,2,TRUE
eiɵ,3,елкӑри,eɵi,1,3,1,5,76,212,2,TRUE
eeøø,4,этемлӗхӗн,eeøø,1,2,0,6,135,207,3,TRUE
eeøø,4,чеченлӗхӗ,eeøø,1,2,0,6,135,207,3,TRUE
eeøø,4,леҫеттӗмӗр,eeøø,1,2,0,6,135,207,3,TRUE
eeøø,4,йӗркеленӗ,øeeø,7,3,0,6,135,207,3,TRUE
eeøø,4,ӗненетӗп,øeeø,4,3,0,6,135,207,3,TRUE
eeøø,4,пӗрлештернӗ,øeeø,3,3,0,6,135,207,3,TRUE
eeøø,4,йӗркелеҫҫӗ,øeeø,3,3,0,6,135,207,3,TRUE
eeøø,4,хӗрхенмесӗр,øeeø,2,3,0,6,135,207,3,TRUE
eeøø,4,мӗлтлетеҫҫӗ,øeeø,2,3,0,6,135,207,3,TRUE
eeøø,4,пӗтереҫҫӗ,øeeø,2,3,0,6,135,207,3,TRUE
eeøø,4,вӗлеретӗп,øeeø,2,3,0,6,135,207,3,TRUE
eeøø,4,ӗненмеҫҫӗ,øeeø,2,3,0,6,135,207,3,TRUE
eeøø,4,кӗлеткеллӗ,øeeø,2,3,0,6,135,207,3,TRUE
eeøø,4,вӗренеҫҫӗ,øeeø,2,3,0,6,135,207,3,TRUE
eeøø,4,ӗненмесӗр,øeeø,1,3,0,6,135,207,3,TRUE
eeøø,4,тӗтреленчӗҫ,øeeø,1,3,0,6,135,207,3,TRUE
eeøø,4,ҫӗнтереймӗ,øeeø,1,3,0,6,135,207,3,TRUE
eeøø,4,пӗлтермерӗ,øeeø,1,3,0,6,135,207,3,TRUE
eeøø,4,ӗҫкеленӗ,øeeø,1,3,0,6,135,207,3,TRUE
eeøø,4,пӗҫеретчӗ,øeeø,1,3,0,6,135,207,3,TRUE
eeøø,4,ҫӗкленесшӗн,øeeø,1,3,0,6,135,207,3,TRUE
eeøø,4,ӗненеҫҫӗ,øeeø,1,3,0,6,135,207,3,TRUE
eeøø,4,йӗркелетпӗр,øeeø,1,3,0,6,135,207,3,TRUE
eeøø,4,хӗрететӗн,øeeø,1,3,0,6,135,207,3,TRUE
eeøø,4,пӗтереймӗн,øeeø,1,3,0,6,135,207,3,TRUE
eeøø,4,ӗненмерӗ,øeeø,1,3,0,6,135,207,3,TRUE
eeøø,4,йӗнерлерӗм,øeeø,1,3,0,6,135,207,3,TRUE
eeøø,4,ӗнесемшӗн,øeeø,1,3,0,6,135,207,3,TRUE
eeøø,4,йӗркешерӗн,øeeø,1,3,0,6,135,207,3,TRUE
eeøø,4,кӗнекесӗр,øeeø,1,3,0,6,135,207,3,TRUE
eeøø,4,ӗҫлемешкӗн,øeeø,1,3,0,6,135,207,3,TRUE
eeøø,4,ӗҫтереҫҫӗ,øeeø,1,3,0,6,135,207,3,TRUE
eeøø,4,тӗрекленнӗ,øeeø,1,3,0,6,135,207,3,TRUE
eeøø,4,ӗҫлеймерӗ,øeeø,1,3,0,6,135,207,3,TRUE
eeøø,4,вӗренетӗп,øeeø,1,3,0,6,135,207,3,TRUE
eeøø,4,ӗненместӗн,øeeø,1,3,0,6,135,207,3,TRUE
eeøø,4,хӗресленнӗ,øeeø,1,3,0,6,135,207,3,TRUE
eeøø,4,ҫӗнетеҫҫӗ,øeeø,1,3,0,6,135,207,3,TRUE
eeøø,4,ҫӗклемелӗх,øeeø,1,3,0,6,135,207,3,TRUE
eeøø,4,чӗнеймерӗ,øeeø,1,3,0,6,135,207,3,TRUE
eeøø,4,ӗненесшӗн,øeeø,1,3,0,6,135,207,3,TRUE
eeøø,4,пӗлтеретӗн,øeeø,1,3,0,6,135,207,3,TRUE
eeøø,4,чӗнейместӗп,øeeø,1,3,0,6,135,207,3,TRUE
eeøø,4,ӗҫтеретчӗ,øeeø,1,3,0,6,135,207,3,TRUE
eeøø,4,ӗшентернӗ,øeeø,1,3,0,6,135,207,3,TRUE
eeøø,4,тӗтреленчӗ,øeeø,1,3,0,6,135,207,3,TRUE
eeøø,4,лекнӗскерӗ,eøeø,1,3,0,6,135,207,3,TRUE
eeøø,4,ӗҫеймерӗ,øeeø,1,3,0,6,135,207,3,TRUE
eeøø,4,пӗтереймӗр,øeeø,1,3,0,6,135,207,3,TRUE
eeøø,4,ҫӗкленмеҫҫӗ,øeeø,1,3,0,6,135,207,3,TRUE
eeøø,4,ӗҫлеттернӗ,øeeø,1,3,0,6,135,207,3,TRUE
eeøø,4,чӗнкеленӗ,øeeø,1,3,0,6,135,207,3,TRUE
eeøø,4,пӗлтерессӗн,øeeø,1,3,0,6,135,207,3,TRUE
eeøø,4,вӗлермеҫҫӗ,øeeø,1,3,0,6,135,207,3,TRUE
eeøø,4,тӗрткелешнӗ,øeeø,1,3,0,6,135,207,3,TRUE
eeøø,4,ҫӗтеретпӗр,øeeø,1,3,0,6,135,207,3,TRUE
eeøø,4,кӗрешесшӗн,øeeø,1,3,0,6,135,207,3,TRUE
eeøø,4,пӗлтереймӗп,øeeø,1,3,0,6,135,207,3,TRUE
eeøø,4,вӗрентеҫҫӗ,øeeø,1,3,0,6,135,207,3,TRUE
eeøø,4,пӗлтереттӗм,øeeø,1,3,0,6,135,207,3,TRUE
eeøø,4,вӗренеттӗм,øeeø,1,3,0,6,135,207,3,TRUE
eeøø,4,тӗлӗнмелле,øøee,16,4,1,6,135,207,3,TRUE
eeøø,4,ӗҫӗсене,øøee,6,4,1,6,135,207,3,TRUE
eeøø,4,хӗпӗртесе,øøee,5,4,1,6,135,207,3,TRUE
eeøø,4,ӗҫченӗсем,øeøe,5,4,1,6,135,207,3,TRUE
eeøø,4,хӗветӗре,øeøe,5,4,1,6,135,207,3,TRUE
eeøø,4,пӗлмесӗрех,øeøe,4,4,1,6,135,207,3,TRUE
eeøø,4,ӗнӗрлесе,øøee,3,4,1,6,135,207,3,TRUE
eeøø,4,тӗрӗслеве,øøee,3,4,1,6,135,207,3,TRUE
eeøø,4,хӗлхемӗсем,øeøe,3,4,1,6,135,207,3,TRUE
eeøø,4,пӗлӗтелле,øøee,2,4,1,6,135,207,3,TRUE
eeøø,4,хӗрӗсемпе,øøee,2,4,1,6,135,207,3,TRUE
eeøø,4,ӗмӗтленсе,øøee,2,4,1,6,135,207,3,TRUE
eeøø,4,пӗлнӗренпе,øøee,2,4,1,6,135,207,3,TRUE
eeøø,4,кӗтесӗнчен,øeøe,2,4,1,6,135,207,3,TRUE
eeøø,4,пӗлӗтсене,øøee,2,4,1,6,135,207,3,TRUE
eeøø,4,ӗҫтешӗсем,øeøe,2,4,1,6,135,207,3,TRUE
eeøø,4,ӗмӗтленет,øøee,2,4,1,6,135,207,3,TRUE
eeøø,4,тӗрӗслевпе,øøee,2,4,1,6,135,207,3,TRUE
eeøø,4,йӗркелӗхе,øeøe,2,4,1,6,135,207,3,TRUE
eeøø,4,пӗлтерӗшне,øeøe,2,4,1,6,135,207,3,TRUE
eeøø,4,кӗпе-йӗмрен,øeøe,1,4,1,6,135,207,3,TRUE
eeøø,4,мӗшӗлтетсе,øøee,1,4,1,6,135,207,3,TRUE
eeøø,4,нӗшӗклесе,øøee,1,4,1,6,135,207,3,TRUE
eeøø,4,вӗҫӗсенче,øøee,1,4,1,6,135,207,3,TRUE
eeøø,4,ӗҫченӗсен,øeøe,1,4,1,6,135,207,3,TRUE
eeøø,4,йӗмӗсенчен,øøee,1,4,1,6,135,207,3,TRUE
eeøø,4,тӗсӗсене,øøee,1,4,1,6,135,207,3,TRUE
eeøø,4,тӗрӗслекен,øøee,1,4,1,6,135,207,3,TRUE
eeøø,4,кӗтменлӗхсем,øeøe,1,4,1,6,135,207,3,TRUE
eeøø,4,йӗркеллӗрех,øeøe,1,4,1,6,135,207,3,TRUE
eeøø,4,тӗссӗрленсе,øøee,1,4,1,6,135,207,3,TRUE
eeøø,4,сӗткенӗпе,øeøe,1,4,1,6,135,207,3,TRUE
eeøø,4,вӗҫӗсене,øøee,1,4,1,6,135,207,3,TRUE
eeøø,4,хӗрӗсемех,øøee,1,4,1,6,135,207,3,TRUE
eeøø,4,пӗверӗнчен,øeøe,1,4,1,6,135,207,3,TRUE
eeøø,4,йӗрӗнтерсе,øøee,1,4,1,6,135,207,3,TRUE
eeøø,4,ӗсӗклесрен,øøee,1,4,1,6,135,207,3,TRUE
eeøø,4,тӗлӗнессе,øøee,1,4,1,6,135,207,3,TRUE
eeøø,4,кӗтмесӗрех,øeøe,1,4,1,6,135,207,3,TRUE
eeøø,4,пӗчӗкскерсем,øøee,1,4,1,6,135,207,3,TRUE
eeøø,4,тӗрӗслесе,øøee,1,4,1,6,135,207,3,TRUE
eeøø,4,пӗкӗлмерен,øøee,1,4,1,6,135,207,3,TRUE
eeøø,4,ӗхӗлтетет,øøee,1,4,1,6,135,207,3,TRUE
eeøø,4,пӗчӗкскерне,øøee,1,4,1,6,135,207,3,TRUE
eeøø,4,хӗсметӗнчен,øeøe,1,4,1,6,135,207,3,TRUE
eeøø,4,ҫӗмӗрлере,øøee,1,4,1,6,135,207,3,TRUE
eeøø,4,ӗмӗтленме,øøee,1,4,1,6,135,207,3,TRUE
eeøø,4,ӗмӗтленмен,øøee,1,4,1,6,135,207,3,TRUE
eeøø,4,ӗҫӗсенче,øøee,1,4,1,6,135,207,3,TRUE
eeøø,4,чӗнмесӗрех,øeøe,1,4,1,6,135,207,3,TRUE
eeøø,4,ҫӗнтерӗве,øeøe,1,4,1,6,135,207,3,TRUE
eeøø,4,ӗҫтешӗсен,øeøe,1,4,1,6,135,207,3,TRUE
eeøø,4,пӗтернӗскер,øeøe,1,4,1,6,135,207,3,TRUE
eeøø,4,хӗсӗрлесрен,øøee,1,4,1,6,135,207,3,TRUE
eeøø,4,ӗҫленӗҫем,øeøe,1,4,1,6,135,207,3,TRUE
eeøø,4,чӗрӗлсенех,øøee,1,4,1,6,135,207,3,TRUE
eeøø,4,вӗҫерӗнме,øeøe,1,4,1,6,135,207,3,TRUE
eeøø,4,йӗрӗсенчен,øøee,1,4,1,6,135,207,3,TRUE
eeøø,4,тӗлӗнтерет,øøee,1,4,1,6,135,207,3,TRUE
eeøø,4,хӗрӗхелле,øøee,1,4,1,6,135,207,3,TRUE
eeøø,4,вӗҫӗнченех,øøee,1,4,1,6,135,207,3,TRUE
eeøø,4,евӗрлӗрех,eøøe,1,4,1,6,135,207,3,TRUE
eeøø,4,пӗлместӗн-ҫке,øeøe,1,4,1,6,135,207,3,TRUE
eeøø,4,пӗтернӗпе,øeøe,1,4,1,6,135,207,3,TRUE
eeøø,4,кӗшӗлтетет,øøee,1,4,1,6,135,207,3,TRUE
eeøø,4,вӗчӗрхенсе,øøee,1,4,1,6,135,207,3,TRUE
eeøø,4,еркӗнӗпе,eøøe,1,4,1,6,135,207,3,TRUE
eeøø,4,вӗҫленӗпе,øeøe,1,4,1,6,135,207,3,TRUE
eeøø,4,ӗҫӗсемпе,øøee,1,4,1,6,135,207,3,TRUE
eeøø,4,тӗсӗсемпе,øøee,1,4,1,6,135,207,3,TRUE
eeøø,4,ӗлкӗреймен,øøee,1,4,1,6,135,207,3,TRUE
eeøø,4,хӗрхеннӗрен,øeøe,1,4,1,6,135,207,3,TRUE
eeøø,4,пӗтӗмлетсе,øøee,1,4,1,6,135,207,3,TRUE
eeøø,4,хӗлӗхсене,øøee,1,4,1,6,135,207,3,TRUE
aiɵ,3,машинӑ,aiɵ,6,2,0,5,84,200,2,TRUE
aiɵ,3,марийкӑн,aiɵ,5,2,0,5,84,200,2,TRUE
aiɵ,3,васильчӑ,aiɵ,4,2,0,5,84,200,2,TRUE
aiɵ,3,иванӑн,iaɵ,3,2,0,5,84,200,2,TRUE
aiɵ,3,пир-авӑр,iaɵ,2,2,0,5,84,200,2,TRUE
aiɵ,3,никамӑн,iaɵ,2,2,0,5,84,200,2,TRUE
aiɵ,3,никамшӑн,iaɵ,2,2,0,5,84,200,2,TRUE
aiɵ,3,ҫич-сакӑр,iaɵ,1,2,0,5,84,200,2,TRUE
aiɵ,3,пиншаклӑ,iaɵ,1,2,0,5,84,200,2,TRUE
aiɵ,3,чиканӑн,iaɵ,1,2,0,5,84,200,2,TRUE
aiɵ,3,ванькинӑн,aiɵ,1,2,0,5,84,200,2,TRUE
aiɵ,3,кашкинӑн,aiɵ,1,2,0,5,84,200,2,TRUE
aiɵ,3,нихӑҫан,iɵa,22,3,1,5,84,200,2,TRUE
aiɵ,3,кӑҫалхи,ɵai,19,3,1,5,84,200,2,TRUE
aiɵ,3,тӑвасси,ɵai,9,3,1,5,84,200,2,TRUE
aiɵ,3,вӑтамми,ɵai,6,3,1,5,84,200,2,TRUE
aiɵ,3,хӑтланни,ɵai,5,3,1,5,84,200,2,TRUE
aiɵ,3,ҫамрӑкки,aɵi,5,3,1,5,84,200,2,TRUE
aiɵ,3,ӑнланни,ɵai,5,3,1,5,84,200,2,TRUE
aiɵ,3,атӑлҫи,aɵi,5,3,1,5,84,200,2,TRUE
aiɵ,3,йӑлари,ɵai,5,3,1,5,84,200,2,TRUE
aiɵ,3,мишӑпа,iɵa,4,3,1,5,84,200,2,TRUE
aiɵ,3,таврӑнни,aɵi,4,3,1,5,84,200,2,TRUE
aiɵ,3,викӑпа,iɵa,3,3,1,5,84,200,2,TRUE
aiɵ,3,витьӑна,iɵa,3,3,1,5,84,200,2,TRUE
aiɵ,3,алӑри,aɵi,3,3,1,5,84,200,2,TRUE
aiɵ,3,ӑратти,ɵai,2,3,1,5,84,200,2,TRUE
aiɵ,3,витьӑпа,iɵa,2,3,1,5,84,200,2,TRUE
aiɵ,3,сӑпани,ɵai,2,3,1,5,84,200,2,TRUE
aiɵ,3,мӑйраки,ɵai,2,3,1,5,84,200,2,TRUE
aiɵ,3,пӑхмалли,ɵai,2,3,1,5,84,200,2,TRUE
aiɵ,3,талпӑнни,aɵi,2,3,1,5,84,200,2,TRUE
aiɵ,3,сӑпкари,ɵai,2,3,1,5,84,200,2,TRUE
aiɵ,3,пӑхаттир,ɵai,2,3,1,5,84,200,2,TRUE
aiɵ,3,хӑварни,ɵai,2,3,1,5,84,200,2,TRUE
aiɵ,3,вӑрманти,ɵai,2,3,1,5,84,200,2,TRUE
aiɵ,3,алшӑлли,aɵi,2,3,1,5,84,200,2,TRUE
aiɵ,3,ҫакӑнти,aɵi,2,3,1,5,84,200,2,TRUE
aiɵ,3,ватӑлни,aɵi,2,3,1,5,84,200,2,TRUE
aiɵ,3,паҫӑрхи,aɵi,2,3,1,5,84,200,2,TRUE
aiɵ,3,пӑрахни,ɵai,2,3,1,5,84,200,2,TRUE
aiɵ,3,ҫӑварни,ɵai,1,3,1,5,84,200,2,TRUE
aiɵ,3,тапӑнни,aɵi,1,3,1,5,84,200,2,TRUE
aiɵ,3,палӑртнин,aɵi,1,3,1,5,84,200,2,TRUE
aiɵ,3,авӑнми,aɵi,1,3,1,5,84,200,2,TRUE
aiɵ,3,йӑтасси,ɵai,1,3,1,5,84,200,2,TRUE
aiɵ,3,кайрӑн-им,aɵi,1,3,1,5,84,200,2,TRUE
aiɵ,3,йӑвари,ɵai,1,3,1,5,84,200,2,TRUE
aiɵ,3,лартӑн-им,aɵi,1,3,1,5,84,200,2,TRUE
aiɵ,3,мишӑран,iɵa,1,3,1,5,84,200,2,TRUE
aiɵ,3,асӑнни,aɵi,1,3,1,5,84,200,2,TRUE
aiɵ,3,пӑлаки,ɵai,1,3,1,5,84,200,2,TRUE
aiɵ,3,нинӑпа,iɵa,1,3,1,5,84,200,2,TRUE
aiɵ,3,ӑсасси,ɵai,1,3,1,5,84,200,2,TRUE
aiɵ,3,ҫаврӑнни,aɵi,1,3,1,5,84,200,2,TRUE
aiɵ,3,мантӑн-им,aɵi,1,3,1,5,84,200,2,TRUE
aiɵ,3,тарӑхни,aɵi,1,3,1,5,84,200,2,TRUE
aiɵ,3,кашӑкки,aɵi,1,3,1,5,84,200,2,TRUE
aiɵ,3,тӑхлачи,ɵai,1,3,1,5,84,200,2,TRUE
aiɵ,3,анӑҫри,aɵi,1,3,1,5,84,200,2,TRUE
aiɵ,3,хӑварми,ɵai,1,3,1,5,84,200,2,TRUE
aiɵ,3,хӑвах-и,ɵai,1,3,1,5,84,200,2,TRUE
aiɵ,3,хӑрасси,ɵai,1,3,1,5,84,200,2,TRUE
aiɵ,3,каснӑ-и,aɵi,1,3,1,5,84,200,2,TRUE
aiɵ,3,ашкӑнни,aɵi,1,3,1,5,84,200,2,TRUE
aiɵ,3,хӑватли,ɵai,1,3,1,5,84,200,2,TRUE
aiɵ,3,макӑрни,aɵi,1,3,1,5,84,200,2,TRUE
aiɵ,3,савӑнни,aɵi,1,3,1,5,84,200,2,TRUE
aiɵ,3,мӑналти,ɵai,1,3,1,5,84,200,2,TRUE
aiɵ,3,сӑмаххи,ɵai,1,3,1,5,84,200,2,TRUE
aiɵ,3,манӑнни,aɵi,1,3,1,5,84,200,2,TRUE
aiɵ,3,лайӑххи,aɵi,1,3,1,5,84,200,2,TRUE
aiɵ,3,кӑларни,ɵai,1,3,1,5,84,200,2,TRUE
aiɵ,3,пӑхасси,ɵai,1,3,1,5,84,200,2,TRUE
aiɵ,3,пӑхран-и,ɵai,1,3,1,5,84,200,2,TRUE
aiɵ,3,вӑтанни,ɵai,1,3,1,5,84,200,2,TRUE
aiɵ,3,витьӑран,iɵa,1,3,1,5,84,200,2,TRUE
aiɵ,3,каймӑр-и,aɵi,1,3,1,5,84,200,2,TRUE
aiɵ,3,лакӑмри,aɵi,1,3,1,5,84,200,2,TRUE
aiɵ,3,явӑшри,aɵi,1,3,1,5,84,200,2,TRUE
aiɵ,3,хӑравҫи,ɵai,1,3,1,5,84,200,2,TRUE
aiɵ,3,тапӑри,aɵi,1,3,1,5,84,200,2,TRUE
aiɵ,3,авӑтни,aɵi,1,3,1,5,84,200,2,TRUE
aiɵ,3,лапчӑнни,aɵi,1,3,1,5,84,200,2,TRUE
aeøɵ,4,хӗвеланӑҫ,øeaɵ,3,3,0,5,54,199,2,TRUE
aeøɵ,4,теркӑларӗҫ,eɵaø,1,3,0,5,54,199,2,TRUE
aeøɵ,4,хӗрарӑмсем,øaɵe,56,4,1,5,54,199,2,TRUE
aeøɵ,4,арӑмӗпе,aɵøe,31,4,1,5,54,199,2,TRUE
aeøɵ,4,амӑшӗпе,aɵøe,11,4,1,5,54,199,2,TRUE
aeøɵ,4,тӑванӗсем,ɵaøe,11,4,1,5,54,199,2,TRUE
aeøɵ,4,ларӑвӗнче,aɵøe,10,4,1,5,54,199,2,TRUE
aeøɵ,4,хӗрарӑмсен,øaɵe,5,4,1,5,54,199,2,TRUE
aeøɵ,4,татӑкӗпе,aɵøe,5,4,1,5,54,199,2,TRUE
aeøɵ,4,алӑкӗнчен,aɵøe,4,4,1,5,54,199,2,TRUE
aeøɵ,4,арӑмӗсем,aɵøe,4,4,1,5,54,199,2,TRUE
aeøɵ,4,лаптӑкӗсем,aɵøe,3,4,1,5,54,199,2,TRUE
aeøɵ,4,амӑшӗсем,aɵøe,3,4,1,5,54,199,2,TRUE
aeøɵ,4,сӑмахӗсем,ɵaøe,3,4,1,5,54,199,2,TRUE
aeøɵ,4,тантӑшӗсем,aɵøe,3,4,1,5,54,199,2,TRUE
aeøɵ,4,талӑкӗпех,aɵøe,2,4,1,5,54,199,2,TRUE
aeøɵ,4,амӑшӗсен,aɵøe,2,4,1,5,54,199,2,TRUE
aeøɵ,4,сӑмахӗпе,ɵaøe,2,4,1,5,54,199,2,TRUE
aeøɵ,4,тӑнлавӗнчен,ɵaøe,2,4,1,5,54,199,2,TRUE
aeøɵ,4,катӑкӗсем,aɵøe,2,4,1,5,54,199,2,TRUE
aeøɵ,4,сӑпатӗнче,ɵaøe,2,4,1,5,54,199,2,TRUE
aeøɵ,4,талккӑшӗпех,aɵøe,2,4,1,5,54,199,2,TRUE
aeøɵ,4,ӑманӗпе,ɵaøe,1,4,1,5,54,199,2,TRUE
aeøɵ,4,аппӑшӗнчен,aɵøe,1,4,1,5,54,199,2,TRUE
aeøɵ,4,касӑмӗсем,aɵøe,1,4,1,5,54,199,2,TRUE
aeøɵ,4,йӑранӗсем,ɵaøe,1,4,1,5,54,199,2,TRUE
aeøɵ,4,сӑпачӗсем,ɵaøe,1,4,1,5,54,199,2,TRUE
aeøɵ,4,амӑшӗнчен,aɵøe,1,4,1,5,54,199,2,TRUE
aeøɵ,4,авӑрӗнче,aɵøe,1,4,1,5,54,199,2,TRUE
aeøɵ,4,арӑмӗнчен,aɵøe,1,4,1,5,54,199,2,TRUE
aeøɵ,4,халӑхӗсен,aɵøe,1,4,1,5,54,199,2,TRUE
aeøɵ,4,вӑтаҫӗре,ɵaøe,1,4,1,5,54,199,2,TRUE
aeøɵ,4,алӑкӗпе,aɵøe,1,4,1,5,54,199,2,TRUE
aeøɵ,4,тапхӑрӗнче,aɵøe,1,4,1,5,54,199,2,TRUE
aeøɵ,4,татӑкӗнчен,aɵøe,1,4,1,5,54,199,2,TRUE
aeøɵ,4,кашӑкӗпе,aɵøe,1,4,1,5,54,199,2,TRUE
aeøɵ,4,пӑшалӗпе,ɵaøe,1,4,1,5,54,199,2,TRUE
aeøɵ,4,ярӑмӗпе,aɵøe,1,4,1,5,54,199,2,TRUE
aeøɵ,4,шӑм-шакӗсем,ɵaøe,1,4,1,5,54,199,2,TRUE
aeøɵ,4,алӑкӗсем,aɵøe,1,4,1,5,54,199,2,TRUE
aeøɵ,4,талӑкӗпе,aɵøe,1,4,1,5,54,199,2,TRUE
aeøɵ,4,ҫӑварӗнчен,ɵaøe,1,4,1,5,54,199,2,TRUE
aeøɵ,4,хӗрарӑмех,øaɵe,1,4,1,5,54,199,2,TRUE
aeøɵ,4,кантӑкӗсем,aɵøe,1,4,1,5,54,199,2,TRUE
aeøɵ,4,тӑнлавӗсем,ɵaøe,1,4,1,5,54,199,2,TRUE
aeøɵ,4,арӑмӗпех,aɵøe,1,4,1,5,54,199,2,TRUE
aeøɵ,4,алӑкӗнче,aɵøe,1,4,1,5,54,199,2,TRUE
aeøɵ,4,хӗрарӑмне,øaɵe,1,4,1,5,54,199,2,TRUE
aeøɵ,4,ҫӑварӗпе,ɵaøe,1,4,1,5,54,199,2,TRUE
aeøɵ,4,пӑшалӗсем,ɵaøe,1,4,1,5,54,199,2,TRUE
aeøɵ,4,йӑла-йӗрке,ɵaøe,1,4,1,5,54,199,2,TRUE
aeøɵ,4,талкӑшӗнче,aɵøe,1,4,1,5,54,199,2,TRUE
aeøɵ,4,сӑмахӗнче,ɵaøe,1,4,1,5,54,199,2,TRUE
aeøɵ,4,ҫамрӑкӗсем,aɵøe,1,4,1,5,54,199,2,TRUE
iøu,3,пуриншӗн,uiø,15,2,0,6,37,187,2,TRUE
iøu,3,тумтирӗ,uiø,11,2,0,6,37,187,2,TRUE
iøu,3,нивушлӗ,iuø,5,2,0,6,37,187,2,TRUE
iøu,3,пурришӗн,uiø,4,2,0,6,37,187,2,TRUE
iøu,3,тумтирсӗр,uiø,3,2,0,6,37,187,2,TRUE
iøu,3,пулнишӗн,uiø,2,2,0,6,37,187,2,TRUE
iøu,3,вуникӗ,uiø,2,2,0,6,37,187,2,TRUE
iøu,3,тулличчӗ,uiø,2,2,0,6,37,187,2,TRUE
iøu,3,нускиччӗ,uiø,2,2,0,6,37,187,2,TRUE
iøu,3,ҫуккишӗн,uiø,1,2,0,6,37,187,2,TRUE
iøu,3,утнишӗн,uiø,1,2,0,6,37,187,2,TRUE
iøu,3,ҫипуҫӗ,iuø,1,2,0,6,37,187,2,TRUE
iøu,3,мучишӗн,uiø,1,2,0,6,37,187,2,TRUE
iøu,3,турнирӗ,uiø,1,2,0,6,37,187,2,TRUE
iøu,3,ҫимунӗ,iuø,1,2,0,6,37,187,2,TRUE
iøu,3,июлӗн,iuø,1,2,0,6,37,187,2,TRUE
iøu,3,вунпилӗк,uiø,1,2,0,6,37,187,2,TRUE
iøu,3,июнӗн,iuø,1,2,0,6,37,187,2,TRUE
iøu,3,тунишӗн,uiø,1,2,0,6,37,187,2,TRUE
iøu,3,ҫутийӗ,uiø,1,2,0,6,37,187,2,TRUE
iøu,3,тумтирлӗ,uiø,1,2,0,6,37,187,2,TRUE
iøu,3,улт-ҫичӗ,uiø,1,2,0,6,37,187,2,TRUE
iøu,3,хӗлимун,øiu,44,3,1,6,37,187,2,TRUE
iøu,3,ҫумӗнчи,uøi,25,3,1,6,37,187,2,TRUE
iøu,3,ҫӗрулми,øui,16,3,1,6,37,187,2,TRUE
iøu,3,умӗнчи,uøi,14,3,1,6,37,187,2,TRUE
iøu,3,чӗркуҫҫи,øui,10,3,1,6,37,187,2,TRUE
iøu,3,пуҫӗнчи,uøi,5,3,1,6,37,187,2,TRUE
iøu,3,виҫӗмкун,iøu,4,3,1,6,37,187,2,TRUE
iøu,3,умӗнхи,uøi,3,3,1,6,37,187,2,TRUE
iøu,3,чунӗнчи,uøi,1,3,1,6,37,187,2,TRUE
iøu,3,виҫӗмҫул,iøu,1,3,1,6,37,187,2,TRUE
iøu,3,ҫуртӗнчи,uøi,1,3,1,6,37,187,2,TRUE
iøu,3,ҫӗпритун,øiu,1,3,1,6,37,187,2,TRUE
iøu,3,укӗнни,uøi,1,3,1,6,37,187,2,TRUE
iøu,3,юлчӗ-ши,uøi,1,3,1,6,37,187,2,TRUE
iøu,3,ҫулӗнчи,uøi,1,3,1,6,37,187,2,TRUE
aaøɵ,4,калаҫӑвӗ,aaɵø,6,2,0,7,83,185,3,TRUE
aaøɵ,4,пахалӑхӗ,aaɵø,5,2,0,7,83,185,3,TRUE
aaøɵ,4,асламӑшӗ,aaɵø,5,2,0,7,83,185,3,TRUE
aaøɵ,4,ҫанталӑкӗ,aaɵø,4,2,0,7,83,185,3,TRUE
aaøɵ,4,хаваслӑхӗ,aaɵø,2,2,0,7,83,185,3,TRUE
aaøɵ,4,малашлӑхӗ,aaɵø,2,2,0,7,83,185,3,TRUE
aaøɵ,4,арканнӑччӗ,aaɵø,2,2,0,7,83,185,3,TRUE
aaøɵ,4,тавралӑхӗ,aaɵø,1,2,0,7,83,185,3,TRUE
aaøɵ,4,патшалӑхӗ,aaɵø,1,2,0,7,83,185,3,TRUE
aaøɵ,4,ачашлӑхӗ,aaɵø,1,2,0,7,83,185,3,TRUE
aaøɵ,4,ҫанталӑкчӗ,aaɵø,1,2,0,7,83,185,3,TRUE
aaøɵ,4,асӑрхарӗ,aɵaø,10,3,0,7,83,185,3,TRUE
aaøɵ,4,тавӑраҫҫӗ,aɵaø,9,3,0,7,83,185,3,TRUE
aaøɵ,4,савӑнтарчӗ,aɵaø,7,3,0,7,83,185,3,TRUE
aaøɵ,4,палӑртаҫҫӗ,aɵaø,6,3,0,7,83,185,3,TRUE
aaøɵ,4,янӑрарӗ,aɵaø,6,3,0,7,83,185,3,TRUE
aaøɵ,4,хӑтланаҫҫӗ,ɵaaø,6,3,0,7,83,185,3,TRUE
aaøɵ,4,ӑнланаҫҫӗ,ɵaaø,4,3,0,7,83,185,3,TRUE
aaøɵ,4,пӑхкаларӗ,ɵaaø,4,3,0,7,83,185,3,TRUE
aaøɵ,4,кӑлараҫҫӗ,ɵaaø,4,3,0,7,83,185,3,TRUE
aaøɵ,4,ҫапӑнатчӗ,aɵaø,3,3,0,7,83,185,3,TRUE
aaøɵ,4,таврӑнаҫҫӗ,aɵaø,3,3,0,7,83,185,3,TRUE
aaøɵ,4,ӑнланмарӗ,ɵaaø,3,3,0,7,83,185,3,TRUE
aaøɵ,4,ӑнлантарчӗ,ɵaaø,3,3,0,7,83,185,3,TRUE
aaøɵ,4,ҫаврӑнаҫҫӗ,aɵaø,3,3,0,7,83,185,3,TRUE
aaøɵ,4,хӑвалаҫҫӗ,ɵaaø,3,3,0,7,83,185,3,TRUE
aaøɵ,4,асӑнаҫҫӗ,aɵaø,3,3,0,7,83,185,3,TRUE
aaøɵ,4,явӑнаҫҫӗ,aɵaø,2,3,0,7,83,185,3,TRUE
aaøɵ,4,ярӑнаҫҫӗ,aɵaø,2,3,0,7,83,185,3,TRUE
aaøɵ,4,хӑваларӗ,ɵaaø,2,3,0,7,83,185,3,TRUE
aaøɵ,4,шӑлкаларӗ,ɵaaø,2,3,0,7,83,185,3,TRUE
aaøɵ,4,ашкӑнаҫҫӗ,aɵaø,2,3,0,7,83,185,3,TRUE
aaøɵ,4,хӑтараҫҫӗ,ɵaaø,2,3,0,7,83,185,3,TRUE
aaøɵ,4,савӑнтарчӗҫ,aɵaø,2,3,0,7,83,185,3,TRUE
aaøɵ,4,палӑртмаҫҫӗ,aɵaø,2,3,0,7,83,185,3,TRUE
aaøɵ,4,хӑпартаҫҫӗ,ɵaaø,2,3,0,7,83,185,3,TRUE
aaøɵ,4,ӑсатаҫҫӗ,ɵaaø,2,3,0,7,83,185,3,TRUE
aaøɵ,4,янтӑлаҫҫӗ,aɵaø,2,3,0,7,83,185,3,TRUE
aaøɵ,4,ӑнланмарӗҫ,ɵaaø,1,3,0,7,83,185,3,TRUE
aaøɵ,4,шӑлаварӗ,ɵaaø,1,3,0,7,83,185,3,TRUE
aaøɵ,4,аслӑрахчӗ,aɵaø,1,3,0,7,83,185,3,TRUE
aaøɵ,4,ҫапӑнмарӗҫ,aɵaø,1,3,0,7,83,185,3,TRUE
aaøɵ,4,ӑсанаҫҫӗ,ɵaaø,1,3,0,7,83,185,3,TRUE
aaøɵ,4,шӑвараҫҫӗ,ɵaaø,1,3,0,7,83,185,3,TRUE
aaøɵ,4,хӑваратчӗ,ɵaaø,1,3,0,7,83,185,3,TRUE
aaøɵ,4,ӑшалаҫҫӗ,ɵaaø,1,3,0,7,83,185,3,TRUE
aaøɵ,4,таврӑнатчӗҫ,aɵaø,1,3,0,7,83,185,3,TRUE
aaøɵ,4,хӑрамаҫҫӗ,ɵaaø,1,3,0,7,83,185,3,TRUE
aaøɵ,4,ҫапӑҫаҫҫӗ,aɵaø,1,3,0,7,83,185,3,TRUE
aaøɵ,4,хӑвараҫҫӗ,ɵaaø,1,3,0,7,83,185,3,TRUE
aaøɵ,4,чарӑнатчӗҫ,aɵaø,1,3,0,7,83,185,3,TRUE
aaøɵ,4,пӑтраштарчӗ,ɵaaø,1,3,0,7,83,185,3,TRUE
aaøɵ,4,таврӑнатчӗ,aɵaø,1,3,0,7,83,185,3,TRUE
aaøɵ,4,хӑпарасчӗ,ɵaaø,1,3,0,7,83,185,3,TRUE
aaøɵ,4,ӑсталаҫҫӗ,ɵaaø,1,3,0,7,83,185,3,TRUE
aaøɵ,4,тарӑхатчӗ,aɵaø,1,3,0,7,83,185,3,TRUE
aaøɵ,4,пӑрахаҫҫӗ,ɵaaø,1,3,0,7,83,185,3,TRUE
aaøɵ,4,калӑплаҫҫӗ,aɵaø,1,3,0,7,83,185,3,TRUE
aaøɵ,4,пӑсланаҫҫӗ,ɵaaø,1,3,0,7,83,185,3,TRUE
aaøɵ,4,таврӑнмарӗ,aɵaø,1,3,0,7,83,185,3,TRUE
aaøɵ,4,лӑпланмарӗ,ɵaaø,1,3,0,7,83,185,3,TRUE
aaøɵ,4,ӑшалатчӗҫ,ɵaaø,1,3,0,7,83,185,3,TRUE
aaøɵ,4,тарӑхаҫҫӗ,aɵaø,1,3,0,7,83,185,3,TRUE
aaøɵ,4,хӑпараҫҫӗ,ɵaaø,1,3,0,7,83,185,3,TRUE
aaøɵ,4,савӑнтарӗ,aɵaø,1,3,0,7,83,185,3,TRUE
aaøɵ,4,асӑрхарӗҫ,aɵaø,1,3,0,7,83,185,3,TRUE
aaøɵ,4,ӑшталанчӗ,ɵaaø,1,3,0,7,83,185,3,TRUE
aaøɵ,4,лӑплантарчӗ,ɵaaø,1,3,0,7,83,185,3,TRUE
aaøɵ,4,ӑнланмаҫҫӗ,ɵaaø,1,3,0,7,83,185,3,TRUE
aaøɵ,4,хӑратаҫҫӗ,ɵaaø,1,3,0,7,83,185,3,TRUE
aaøɵ,4,янӑрарӗҫ,aɵaø,1,3,0,7,83,185,3,TRUE
aaøɵ,4,кӑтартаҫҫӗ,ɵaaø,1,3,0,7,83,185,3,TRUE
aaøɵ,4,пӑятамӗ,ɵaaø,1,3,0,7,83,185,3,TRUE
aaøɵ,4,палӑрмаҫҫӗ,aɵaø,1,3,0,7,83,185,3,TRUE
aaøɵ,4,вӑранаҫҫӗ,ɵaaø,1,3,0,7,83,185,3,TRUE
aaøɵ,4,сӑвапларӗ,ɵaaø,1,3,0,7,83,185,3,TRUE
aaøɵ,4,хӗрарӑмпа,øaɵa,6,4,1,7,83,185,3,TRUE
aaøɵ,4,хӗрарӑма,øaɵa,5,4,1,7,83,185,3,TRUE
aaøɵ,4,хӗрарӑмран,øaɵa,3,4,1,7,83,185,3,TRUE
aaøɵ,4,хӑтланӗ-ха,ɵaøa,1,4,1,7,83,185,3,TRUE
aaøɵ,4,ҫаврӑнчӗ-ха,aɵøa,1,4,1,7,83,185,3,TRUE
aaøɵ,4,хӗҫ-пӑшала,øɵaa,1,4,1,7,83,185,3,TRUE
aaøɵ,4,кӑтартӗ-ха,ɵaøa,1,4,1,7,83,185,3,TRUE
aaaø,4,шарламарӗ,aaaø,9,3,0,3,87,171,2,TRUE
aaaø,4,каламарӗ,aaaø,8,3,0,3,87,171,2,TRUE
aaaø,4,калаҫаҫҫӗ,aaaø,8,3,0,3,87,171,2,TRUE
aaaø,4,каламаҫҫӗ,aaaø,6,3,0,3,87,171,2,TRUE
aaaø,4,саламларӗҫ,aaaø,5,3,0,3,87,171,2,TRUE
aaaø,4,тасатаҫҫӗ,aaaø,5,3,0,3,87,171,2,TRUE
aaaø,4,шантараҫҫӗ,aaaø,4,3,0,3,87,171,2,TRUE
aaaø,4,паллашаҫҫӗ,aaaø,4,3,0,3,87,171,2,TRUE
aaaø,4,апатланчӗ,aaaø,4,3,0,3,87,171,2,TRUE
aaaø,4,паллаштарӗҫ,aaaø,4,3,0,3,87,171,2,TRUE
aaaø,4,асапланчӗ,aaaø,3,3,0,3,87,171,2,TRUE
aaaø,4,васкамарӗ,aaaø,3,3,0,3,87,171,2,TRUE
aaaø,4,салатаҫҫӗ,aaaø,3,3,0,3,87,171,2,TRUE
aaaø,4,шарламаҫҫӗ,aaaø,2,3,0,3,87,171,2,TRUE
aaaø,4,тавлашаҫҫӗ,aaaø,2,3,0,3,87,171,2,TRUE
aaaø,4,калаканӗ,aaaø,2,3,0,3,87,171,2,TRUE
aaaø,4,шаклаттарчӗ,aaaø,2,3,0,3,87,171,2,TRUE
aaaø,4,ачашларӗ,aaaø,2,3,0,3,87,171,2,TRUE
aaaø,4,аппаланчӗ,aaaø,2,3,0,3,87,171,2,TRUE
aaaø,4,калаҫмарӗҫ,aaaø,2,3,0,3,87,171,2,TRUE
aaaø,4,чараймарӗ,aaaø,2,3,0,3,87,171,2,TRUE
aaaø,4,паллаштарчӗ,aaaø,2,3,0,3,87,171,2,TRUE
aaaø,4,ҫакланаҫҫӗ,aaaø,2,3,0,3,87,171,2,TRUE
aaaø,4,апатланчӗҫ,aaaø,2,3,0,3,87,171,2,TRUE
aaaø,4,каяймарӗ,aaaø,2,3,0,3,87,171,2,TRUE
aaaø,4,тапратаҫҫӗ,aaaø,2,3,0,3,87,171,2,TRUE
aaaø,4,паллаштарчӗҫ,aaaø,2,3,0,3,87,171,2,TRUE
aaaø,4,тасатмаҫҫӗ,aaaø,2,3,0,3,87,171,2,TRUE
aaaø,4,аппарачӗ,aaaø,2,3,0,3,87,171,2,TRUE
aaaø,4,васкамаҫҫӗ,aaaø,2,3,0,3,87,171,2,TRUE
aaaø,4,параймарӗ,aaaø,1,3,0,3,87,171,2,TRUE
aaaø,4,ҫатлаттарчӗ,aaaø,1,3,0,3,87,171,2,TRUE
aaaø,4,авкаланчӗ,aaaø,1,3,0,3,87,171,2,TRUE
aaaø,4,чаплаттарчӗ,aaaø,1,3,0,3,87,171,2,TRUE
aaaø,4,аптрамарӗ,aaaø,1,3,0,3,87,171,2,TRUE
aaaø,4,якатаҫҫӗ,aaaø,1,3,0,3,87,171,2,TRUE
aaaø,4,калаймарӗ,aaaø,1,3,0,3,87,171,2,TRUE
aaaø,4,палламаҫҫӗ,aaaø,1,3,0,3,87,171,2,TRUE
aaaø,4,тархасларӗ,aaaø,1,3,0,3,87,171,2,TRUE
aaaø,4,анасларӗ,aaaø,1,3,0,3,87,171,2,TRUE
aaaø,4,саламларӗ,aaaø,1,3,0,3,87,171,2,TRUE
aaaø,4,сапкаларӗ,aaaø,1,3,0,3,87,171,2,TRUE
aaaø,4,ахлатаҫҫӗ,aaaø,1,3,0,3,87,171,2,TRUE
aaaø,4,саламлаҫҫӗ,aaaø,1,3,0,3,87,171,2,TRUE
aaaø,4,васкатаҫҫӗ,aaaø,1,3,0,3,87,171,2,TRUE
aaaø,4,каҫармарӗ,aaaø,1,3,0,3,87,171,2,TRUE
aaaø,4,хаярланчӗ,aaaø,1,3,0,3,87,171,2,TRUE
aaaø,4,амантмарӗҫ,aaaø,1,3,0,3,87,171,2,TRUE
aaaø,4,аркатаҫҫӗ,aaaø,1,3,0,3,87,171,2,TRUE
aaaø,4,канашларӗҫ,aaaø,1,3,0,3,87,171,2,TRUE
aaaø,4,аппаланчӗҫ,aaaø,1,3,0,3,87,171,2,TRUE
aaaø,4,параймарӗҫ,aaaø,1,3,0,3,87,171,2,TRUE
aaaø,4,лараймарӗ,aaaø,1,3,0,3,87,171,2,TRUE
aaaø,4,ҫаптараҫҫӗ,aaaø,1,3,0,3,87,171,2,TRUE
aaaø,4,калаҫатчӗ,aaaø,1,3,0,3,87,171,2,TRUE
aaaø,4,шавламастчӗҫ,aaaø,1,3,0,3,87,171,2,TRUE
aaaø,4,пайламаҫҫӗ,aaaø,1,3,0,3,87,171,2,TRUE
aaaø,4,аманмарӗ,aaaø,1,3,0,3,87,171,2,TRUE
aaaø,4,аптрамаҫҫӗ,aaaø,1,3,0,3,87,171,2,TRUE
aaaø,4,калаҫмарӗ,aaaø,1,3,0,3,87,171,2,TRUE
aaaø,4,саркаларӗ,aaaø,1,3,0,3,87,171,2,TRUE
aaaø,4,вашлаттарчӗ,aaaø,1,3,0,3,87,171,2,TRUE
aaaø,4,калаҫатчӗҫ,aaaø,1,3,0,3,87,171,2,TRUE
aaaø,4,аташтарчӗ,aaaø,1,3,0,3,87,171,2,TRUE
aaaø,4,аманаҫҫӗ,aaaø,1,3,0,3,87,171,2,TRUE
aaaø,4,чакаларӗ,aaaø,1,3,0,3,87,171,2,TRUE
aaaø,4,хавасланчӗҫ,aaaø,1,3,0,3,87,171,2,TRUE
aaaø,4,палламастчӗҫ,aaaø,1,3,0,3,87,171,2,TRUE
aaaø,4,варалаҫҫӗ,aaaø,1,3,0,3,87,171,2,TRUE
aaaø,4,чашлатаҫҫӗ,aaaø,1,3,0,3,87,171,2,TRUE
aaaø,4,краклатаҫҫӗ,aaaø,1,3,0,3,87,171,2,TRUE
aaaø,4,тапаҫланчӗ,aaaø,1,3,0,3,87,171,2,TRUE
aaaø,4,ҫаптаратчӗҫ,aaaø,1,3,0,3,87,171,2,TRUE
aaaø,4,тапратмарӗ,aaaø,1,3,0,3,87,171,2,TRUE
aaaø,4,паклаттарчӗ,aaaø,1,3,0,3,87,171,2,TRUE
aaaø,4,тараймарӗ,aaaø,1,3,0,3,87,171,2,TRUE
aaaø,4,хавхалатрӗ,aaaø,1,3,0,3,87,171,2,TRUE
aaaø,4,лартаймарӗҫ,aaaø,1,3,0,3,87,171,2,TRUE
aaaø,4,манаймарӗ,aaaø,1,3,0,3,87,171,2,TRUE
aaaø,4,хӗрачана,øaaa,11,4,1,3,87,171,2,TRUE
aaaø,4,хӗрачапа,øaaa,3,4,1,3,87,171,2,TRUE
aaaø,4,аптрамӗ-ха,aaøa,2,4,1,3,87,171,2,TRUE
aaaø,4,каларӗ-ха,aaøa,2,4,1,3,87,171,2,TRUE
aaaø,4,амакӗ-ха,aaøa,1,4,1,3,87,171,2,TRUE
aaaø,4,каймаҫҫӗ-ха,aaøa,1,4,1,3,87,171,2,TRUE
aaaø,4,касаҫҫӗ-ха,aaøa,1,4,1,3,87,171,2,TRUE
aaaø,4,памарӗ-ха,aaøa,1,4,1,3,87,171,2,TRUE
eiøø,4,ҫителӗклӗ,ieøø,7,2,0,9,84,167,3,TRUE
eiøø,4,ҫителӗксӗр,ieøø,4,2,0,9,84,167,3,TRUE
eiøø,4,ирттерӗпӗр,ieøø,3,2,0,9,84,167,3,TRUE
eiøø,4,киленӗҫӗ,ieøø,2,2,0,9,84,167,3,TRUE
eiøø,4,хитрелӗхӗ,ieøø,1,2,0,9,84,167,3,TRUE
eiøø,4,итлеттӗмӗр,ieøø,1,2,0,9,84,167,3,TRUE
eiøø,4,ҫитернӗшӗн,ieøø,1,2,0,9,84,167,3,TRUE
eiøø,4,хисеплӗпӗр,ieøø,1,2,0,9,84,167,3,TRUE
eiøø,4,хистенӗшӗн,ieøø,1,2,0,9,84,167,3,TRUE
eiøø,4,илтернӗшӗн,ieøø,1,2,0,9,84,167,3,TRUE
eiøø,4,ентимӗрӗн,eiøø,1,2,0,9,84,167,3,TRUE
eiøø,4,ҫирӗплетнӗ,iøeø,5,3,0,9,84,167,3,TRUE
eiøø,4,илӗртесшӗн,iøeø,4,3,0,9,84,167,3,TRUE
eiøø,4,килӗшетӗп,iøeø,3,3,0,9,84,167,3,TRUE
eiøø,4,сисӗнмерӗ,iøeø,3,3,0,9,84,167,3,TRUE
eiøø,4,илтӗнеҫҫӗ,iøeø,3,3,0,9,84,167,3,TRUE
eiøø,4,сисӗнмесӗр,iøeø,3,3,0,9,84,167,3,TRUE
eiøø,4,ҫирӗплетӗҫ,iøeø,3,3,0,9,84,167,3,TRUE
eiøø,4,иккӗленчӗ,iøeø,2,3,0,9,84,167,3,TRUE
eiøø,4,килӗшетӗн,iøeø,2,3,0,9,84,167,3,TRUE
eiøø,4,тивӗҫтернӗ,iøeø,2,3,0,9,84,167,3,TRUE
eiøø,4,сисӗнетчӗ,iøeø,2,3,0,9,84,167,3,TRUE
eiøø,4,илӗртетчӗ,iøeø,2,3,0,9,84,167,3,TRUE
eiøø,4,ишӗлеҫҫӗ,iøeø,1,3,0,9,84,167,3,TRUE
eiøø,4,чӗриклетрӗҫ,øieø,1,3,0,9,84,167,3,TRUE
eiøø,4,тивӗҫеҫҫӗ,iøeø,1,3,0,9,84,167,3,TRUE
eiøø,4,чӗриклетнӗ,øieø,1,3,0,9,84,167,3,TRUE
eiøø,4,хирӗҫлерӗм,iøeø,1,3,0,9,84,167,3,TRUE
eiøø,4,илтӗнмерӗ,iøeø,1,3,0,9,84,167,3,TRUE
eiøø,4,ирӗлтерчӗ,iøeø,1,3,0,9,84,167,3,TRUE
eiøø,4,йӗркисемшӗн,øieø,1,3,0,9,84,167,3,TRUE
eiøø,4,вӗриленнӗ,øieø,1,3,0,9,84,167,3,TRUE
eiøø,4,типӗтетчӗ,iøeø,1,3,0,9,84,167,3,TRUE
eiøø,4,ҫирӗпленнӗ,iøeø,1,3,0,9,84,167,3,TRUE
eiøø,4,тивӗҫтерчӗ,iøeø,1,3,0,9,84,167,3,TRUE
eiøø,4,килӗшетпӗр,iøeø,1,3,0,9,84,167,3,TRUE
eiøø,4,чӗриклетрӗ,øieø,1,3,0,9,84,167,3,TRUE
eiøø,4,ҫитӗнтернӗ,iøeø,1,3,0,9,84,167,3,TRUE
eiøø,4,ӗҫченнишӗн,øeiø,1,3,0,9,84,167,3,TRUE
eiøø,4,ҫитӗнеҫҫӗ,iøeø,1,3,0,9,84,167,3,TRUE
eiøø,4,илӗртмерӗ,iøeø,1,3,0,9,84,167,3,TRUE
eiøø,4,ҫитӗнтерӗр,iøeø,1,3,0,9,84,167,3,TRUE
eiøø,4,тивӗҫтерӗҫ,iøeø,1,3,0,9,84,167,3,TRUE
eiøø,4,тӗрӗссипе,øøie,12,4,1,9,84,167,3,TRUE
eiøø,4,пӗлетӗн-и,øeøi,9,4,1,9,84,167,3,TRUE
eiøø,4,ирӗкӗпе,iøøe,9,4,1,9,84,167,3,TRUE
eiøø,4,пӗлтерӗшли,øeøi,6,4,1,9,84,167,3,TRUE
eiøø,4,тӗлӗннипе,øøie,5,4,1,9,84,167,3,TRUE
eiøø,4,ирӗксӗрех,iøøe,5,4,1,9,84,167,3,TRUE
eiøø,4,пӗр-пӗринчен,øøie,4,4,1,9,84,167,3,TRUE
eiøø,4,иккӗшӗнче,iøøe,2,4,1,9,84,167,3,TRUE
eiøø,4,пӗлместӗн-и,øeøi,2,4,1,9,84,167,3,TRUE
eiøø,4,пӗлетӗр-и,øeøi,2,4,1,9,84,167,3,TRUE
eiøø,4,вӗҫӗнчипе,øøie,2,4,1,9,84,167,3,TRUE
eiøø,4,витӗмлӗрех,iøøe,2,4,1,9,84,167,3,TRUE
eiøø,4,килӗшӗве,iøøe,2,4,1,9,84,167,3,TRUE
eiøø,4,ирӗксӗртен,iøøe,1,4,1,9,84,167,3,TRUE
eiøø,4,ҫирӗппӗнех,iøøe,1,4,1,9,84,167,3,TRUE
eiøø,4,вилӗмӗпе,iøøe,1,4,1,9,84,167,3,TRUE
eiøø,4,хирӗҫӗве,iøøe,1,4,1,9,84,167,3,TRUE
eiøø,4,никӗсӗнчен,iøøe,1,4,1,9,84,167,3,TRUE
eiøø,4,ирӗкӗпех,iøøe,1,4,1,9,84,167,3,TRUE
eiøø,4,ӗҫлетӗр-и,øeøi,1,4,1,9,84,167,3,TRUE
eiøø,4,ӗнӗрлени,øøei,1,4,1,9,84,167,3,TRUE
eiøø,4,ӗмӗтленни,øøei,1,4,1,9,84,167,3,TRUE
eiøø,4,пӗлмерӗн-и,øeøi,1,4,1,9,84,167,3,TRUE
eiøø,4,чӗнтернӗ-ши,øeøi,1,4,1,9,84,167,3,TRUE
eiøø,4,питӗрӗнсе,iøøe,1,4,1,9,84,167,3,TRUE
eiøø,4,ӗҫӗпех-ши,øøei,1,4,1,9,84,167,3,TRUE
eiøø,4,пӗтертӗн-и,øeøi,1,4,1,9,84,167,3,TRUE
eiøø,4,ӗҫетӗн-и,øeøi,1,4,1,9,84,167,3,TRUE
eiøø,4,кисӗпӗсем,iøøe,1,4,1,9,84,167,3,TRUE
eiøø,4,ирӗклӗхе,iøøe,1,4,1,9,84,167,3,TRUE
eiøø,4,никӗсӗсем,iøøe,1,4,1,9,84,167,3,TRUE
eiøø,4,питӗркӗчне,iøøe,1,4,1,9,84,167,3,TRUE
eiøø,4,тислӗкӗпе,iøøe,1,4,1,9,84,167,3,TRUE
eiøø,4,тӗлӗненҫи,øøei,1,4,1,9,84,167,3,TRUE
eiøø,4,тирӗкӗнчен,iøøe,1,4,1,9,84,167,3,TRUE
eiøø,4,илтӗннӗрен,iøøe,1,4,1,9,84,167,3,TRUE
eiøø,4,йӗрӗннипе,øøie,1,4,1,9,84,167,3,TRUE
eiøø,4,вилӗмсӗрех,iøøe,1,4,1,9,84,167,3,TRUE
eiøø,4,тӗлӗннине,øøie,1,4,1,9,84,167,3,TRUE
eiøø,4,ҫитӗнӗвне,iøøe,1,4,1,9,84,167,3,TRUE
eiøø,4,ҫирӗплӗхне,iøøe,1,4,1,9,84,167,3,TRUE
iɵu,3,ҫимуншӑн,iuɵ,1,2,0,4,45,161,2,TRUE
iɵu,3,ҫинукӑн,iuɵ,1,2,0,4,45,161,2,TRUE
iɵu,3,ҫимунӑн,iuɵ,1,2,0,4,45,161,2,TRUE
iɵu,3,лисукӑм,iuɵ,1,2,0,4,45,161,2,TRUE
iɵu,3,упӑшки,uɵi,64,3,1,4,45,161,2,TRUE
iɵu,3,урӑххи,uɵi,12,3,1,4,45,161,2,TRUE
iɵu,3,упӑшкин,uɵi,8,3,1,4,45,161,2,TRUE
iɵu,3,пурнӑҫри,uɵi,7,3,1,4,45,161,2,TRUE
iɵu,3,улттӑри,uɵi,6,3,1,4,45,161,2,TRUE
iɵu,3,пурӑнни,uɵi,5,3,1,4,45,161,2,TRUE
iɵu,3,курӑнми,uɵi,5,3,1,4,45,161,2,TRUE
iɵu,3,уҫӑлни,uɵi,5,3,1,4,45,161,2,TRUE
iɵu,3,ҫухрӑмри,uɵi,4,3,1,4,45,161,2,TRUE
iɵu,3,куртӑн-и,uɵi,3,3,1,4,45,161,2,TRUE
iɵu,3,хутшӑнни,uɵi,3,3,1,4,45,161,2,TRUE
iɵu,3,ӑҫтиҫук,ɵiu,2,3,1,4,45,161,2,TRUE
iɵu,3,улшӑнни,uɵi,2,3,1,4,45,161,2,TRUE
iɵu,3,юрӑри,uɵi,2,3,1,4,45,161,2,TRUE
iɵu,3,кухньӑри,uɵi,2,3,1,4,45,161,2,TRUE
iɵu,3,хупӑнни,uɵi,2,3,1,4,45,161,2,TRUE
iɵu,3,юлтӑн-им,uɵi,1,3,1,4,45,161,2,TRUE
iɵu,3,тухрӑр-им,uɵi,1,3,1,4,45,161,2,TRUE
iɵu,3,хутӑн-и,uɵi,1,3,1,4,45,161,2,TRUE
iɵu,3,хуйхӑрни,uɵi,1,3,1,4,45,161,2,TRUE
iɵu,3,тухӑҫри,uɵi,1,3,1,4,45,161,2,TRUE
iɵu,3,юхӑнни,uɵi,1,3,1,4,45,161,2,TRUE
iɵu,3,пулнӑ-и,uɵi,1,3,1,4,45,161,2,TRUE
iɵu,3,сулхӑнри,uɵi,1,3,1,4,45,161,2,TRUE
iɵu,3,пулмӑп-и,uɵi,1,3,1,4,45,161,2,TRUE
iɵu,3,уйрӑлни,uɵi,1,3,1,4,45,161,2,TRUE
iɵu,3,курӑнни,uɵi,1,3,1,4,45,161,2,TRUE
iɵu,3,юрӑхли,uɵi,1,3,1,4,45,161,2,TRUE
iɵu,3,пуйӑсри,uɵi,1,3,1,4,45,161,2,TRUE
iɵu,3,юрӑҫи,uɵi,1,3,1,4,45,161,2,TRUE
iɵu,3,тулхӑрни,uɵi,1,3,1,4,45,161,2,TRUE
iɵu,3,хӑрушши,ɵui,1,3,1,4,45,161,2,TRUE
iɵu,3,пурнӑн-и,uɵi,1,3,1,4,45,161,2,TRUE
iɵu,3,утӑмри,uɵi,1,3,1,4,45,161,2,TRUE
iɵu,3,уйӑрни,uɵi,1,3,1,4,45,161,2,TRUE
iɵu,3,пулнӑ-ши,uɵi,1,3,1,4,45,161,2,TRUE
iɵu,3,хуҫӑкки,uɵi,1,3,1,4,45,161,2,TRUE
iɵu,3,тухрӑр-и,uɵi,1,3,1,4,45,161,2,TRUE
iɵu,3,тухрӑн-им,uɵi,1,3,1,4,45,161,2,TRUE
iɵu,3,пулӑшни,uɵi,1,3,1,4,45,161,2,TRUE
iɵu,3,ӑрури,ɵui,1,3,1,4,45,161,2,TRUE
eɵu,3,кенукӑн,euɵ,1,2,0,3,66,153,2,TRUE
eɵu,3,чернушкӑн,euɵ,1,2,0,3,66,153,2,TRUE
eɵu,3,евтукӑн,euɵ,1,2,0,3,66,153,2,TRUE
eɵu,3,пурнӑҫне,uɵe,13,3,1,3,66,153,2,TRUE
eɵu,3,хурӑнсем,uɵe,12,3,1,3,66,153,2,TRUE
eɵu,3,ушкӑнне,uɵe,9,3,1,3,66,153,2,TRUE
eɵu,3,ҫулҫӑсем,uɵe,7,3,1,3,66,153,2,TRUE
eɵu,3,юрӑсем,uɵe,5,3,1,3,66,153,2,TRUE
eɵu,3,тутӑрне,uɵe,5,3,1,3,66,153,2,TRUE
eɵu,3,ҫутӑсем,uɵe,5,3,1,3,66,153,2,TRUE
eɵu,3,курӑксен,uɵe,4,3,1,3,66,153,2,TRUE
eɵu,3,пӑрусем,ɵue,4,3,1,3,66,153,2,TRUE
eɵu,3,тухтӑрсем,uɵe,4,3,1,3,66,153,2,TRUE
eɵu,3,шухӑшсем,uɵe,4,3,1,3,66,153,2,TRUE
eɵu,3,пурлӑхне,uɵe,4,3,1,3,66,153,2,TRUE
eɵu,3,сурӑхсем,uɵe,3,3,1,3,66,153,2,TRUE
eɵu,3,шухӑшне,uɵe,3,3,1,3,66,153,2,TRUE
eɵu,3,туйӑмсем,uɵe,3,3,1,3,66,153,2,TRUE
eɵu,3,курӑксем,uɵe,3,3,1,3,66,153,2,TRUE
eɵu,3,тусӑмсем,uɵe,3,3,1,3,66,153,2,TRUE
eɵu,3,пулӑсем,uɵe,3,3,1,3,66,153,2,TRUE
eɵu,3,юлнӑскер,uɵe,3,3,1,3,66,153,2,TRUE
eɵu,3,сулхӑнне,uɵe,2,3,1,3,66,153,2,TRUE
eɵu,3,ҫурӑмне,uɵe,2,3,1,3,66,153,2,TRUE
eɵu,3,уйрӑмне,uɵe,2,3,1,3,66,153,2,TRUE
eɵu,3,вуннӑшне,uɵe,2,3,1,3,66,153,2,TRUE
eɵu,3,купӑсне,uɵe,2,3,1,3,66,153,2,TRUE
eɵu,3,пурнӑҫсем,uɵe,2,3,1,3,66,153,2,TRUE
eɵu,3,утӑмсем,uɵe,2,3,1,3,66,153,2,TRUE
eɵu,3,пӑрушне,ɵue,2,3,1,3,66,153,2,TRUE
eɵu,3,тупӑсен,uɵe,2,3,1,3,66,153,2,TRUE
eɵu,3,хурлӑхне,uɵe,1,3,1,3,66,153,2,TRUE
eɵu,3,чухӑнсем,uɵe,1,3,1,3,66,153,2,TRUE
eɵu,3,тутлӑхне,uɵe,1,3,1,3,66,153,2,TRUE
eɵu,3,шӑлусем,ɵue,1,3,1,3,66,153,2,TRUE
eɵu,3,тупӑсем,uɵe,1,3,1,3,66,153,2,TRUE
eɵu,3,ушкӑнсем,uɵe,1,3,1,3,66,153,2,TRUE
eɵu,3,пуртӑсем,uɵe,1,3,1,3,66,153,2,TRUE
eɵu,3,мӑнукне,ɵue,1,3,1,3,66,153,2,TRUE
eɵu,3,хӑюне,ɵue,1,3,1,3,66,153,2,TRUE
eɵu,3,ӑрусем,ɵue,1,3,1,3,66,153,2,TRUE
eɵu,3,хӑюсем,ɵue,1,3,1,3,66,153,2,TRUE
eɵu,3,хӑлхусем,ɵue,1,3,1,3,66,153,2,TRUE
eɵu,3,пуҫлӑхсен,uɵe,1,3,1,3,66,153,2,TRUE
eɵu,3,куҫлӑскер,uɵe,1,3,1,3,66,153,2,TRUE
eɵu,3,юрӑҫсем,uɵe,1,3,1,3,66,153,2,TRUE
eɵu,3,пульӑсем,uɵe,1,3,1,3,66,153,2,TRUE
eɵu,3,пуснӑскер,uɵe,1,3,1,3,66,153,2,TRUE
eɵu,3,сурӑхсен,uɵe,1,3,1,3,66,153,2,TRUE
eɵu,3,хуҫӑкне,uɵe,1,3,1,3,66,153,2,TRUE
eɵu,3,турӑсем,uɵe,1,3,1,3,66,153,2,TRUE
eɵu,3,уйӑхне,uɵe,1,3,1,3,66,153,2,TRUE
eɵu,3,утӑмне,uɵe,1,3,1,3,66,153,2,TRUE
eɵu,3,тутӑрсем,uɵe,1,3,1,3,66,153,2,TRUE
eɵu,3,ҫулҫӑсен,uɵe,1,3,1,3,66,153,2,TRUE
eɵu,3,ҫухрӑмне,uɵe,1,3,1,3,66,153,2,TRUE
eɵu,3,супӑньпе,uɵe,1,3,1,3,66,153,2,TRUE
eɵu,3,тунӑскер,uɵe,1,3,1,3,66,153,2,TRUE
eɵu,3,турӑхне,uɵe,1,3,1,3,66,153,2,TRUE
eɵu,3,тӑнпуҫне,ɵue,1,3,1,3,66,153,2,TRUE
eɵu,3,хӑнусем,ɵue,1,3,1,3,66,153,2,TRUE
eɵu,3,супӑнне,uɵe,1,3,1,3,66,153,2,TRUE
eɵu,3,куҫлӑхне,uɵe,1,3,1,3,66,153,2,TRUE
eɵu,3,ушкӑнсен,uɵe,1,3,1,3,66,153,2,TRUE
eɵu,3,юхӑмне,uɵe,1,3,1,3,66,153,2,TRUE
eɵu,3,пусӑмне,uɵe,1,3,1,3,66,153,2,TRUE
eeeø,4,ҫемҫереххӗн,eeeø,3,3,0,4,93,145,2,TRUE
eeeø,4,шерепеллӗ,eeeø,2,3,0,4,93,145,2,TRUE
eeeø,4,чечексемлӗ,eeeø,1,3,0,4,93,145,2,TRUE
eeeø,4,текелеҫҫӗ,eeeø,1,3,0,4,93,145,2,TRUE
eeeø,4,ҫемьеленнӗ,eeeø,1,3,0,4,93,145,2,TRUE
eeeø,4,ҫеремленнӗ,eeeø,1,3,0,4,93,145,2,TRUE
eeeø,4,теҫеткеллӗ,eeeø,1,3,0,4,93,145,2,TRUE
eeeø,4,лектерсессӗн,eeeø,1,3,0,4,93,145,2,TRUE
eeeø,4,ерҫеймерӗ,eeeø,1,3,0,4,93,145,2,TRUE
eeeø,4,элтеперӗ,eeeø,1,3,0,4,93,145,2,TRUE
eeeø,4,перекетлӗх,eeeø,1,3,0,4,93,145,2,TRUE
eeeø,4,ӗнесене,øeee,22,4,1,4,93,145,2,TRUE
eeeø,4,ӗҫлекенсем,øeee,5,4,1,4,93,145,2,TRUE
eeeø,4,тетелӗнче,eeøe,4,4,1,4,93,145,2,TRUE
eeeø,4,эрнелӗхе,eeøe,3,4,1,4,93,145,2,TRUE
eeeø,4,кӗнекене,øeee,3,4,1,4,93,145,2,TRUE
eeeø,4,кӗнекесем,øeee,3,4,1,4,93,145,2,TRUE
eeeø,4,ӗҫлекенсен,øeee,3,4,1,4,93,145,2,TRUE
eeeø,4,кӗрешекен,øeee,3,4,1,4,93,145,2,TRUE
eeeø,4,хӗллеренпех,øeee,2,4,1,4,93,145,2,TRUE
eeeø,4,ӗнесенчен,øeee,2,4,1,4,93,145,2,TRUE
eeeø,4,тӗпелелле,øeee,2,4,1,4,93,145,2,TRUE
eeeø,4,пӗренесем,øeee,2,4,1,4,93,145,2,TRUE
eeeø,4,кӗнекерен,øeee,2,4,1,4,93,145,2,TRUE
eeeø,4,пӗтерсенех,øeee,2,4,1,4,93,145,2,TRUE
eeeø,4,кӗреҫепе,øeee,2,4,1,4,93,145,2,TRUE
eeeø,4,телейлӗрех,eeøe,2,4,1,4,93,145,2,TRUE
eeeø,4,сехетлӗхе,eeøe,2,4,1,4,93,145,2,TRUE
eeeø,4,тӗрелесе,øeee,2,4,1,4,93,145,2,TRUE
eeeø,4,йӗркелеме,øeee,2,4,1,4,93,145,2,TRUE
eeeø,4,хӗнемелле,øeee,1,4,1,4,93,145,2,TRUE
eeeø,4,ӗҫлемелле,øeee,1,4,1,4,93,145,2,TRUE
eeeø,4,вӗҫлемелле,øeee,1,4,1,4,93,145,2,TRUE
eeeø,4,пӗлтерекен,øeee,1,4,1,4,93,145,2,TRUE
eeeø,4,сечӗсене,eøee,1,4,1,4,93,145,2,TRUE
eeeø,4,вӗллесемпе,øeee,1,4,1,4,93,145,2,TRUE
eeeø,4,пӗлекенсем,øeee,1,4,1,4,93,145,2,TRUE
eeeø,4,кӗпесене,øeee,1,4,1,4,93,145,2,TRUE
eeeø,4,ҫӗрлесенче,øeee,1,4,1,4,93,145,2,TRUE
eeeø,4,ӗнентерсе,øeee,1,4,1,4,93,145,2,TRUE
eeeø,4,вӗллесене,øeee,1,4,1,4,93,145,2,TRUE
eeeø,4,членӗсене,eøee,1,4,1,4,93,145,2,TRUE
eeeø,4,ҫӗнтереймест,øeee,1,4,1,4,93,145,2,TRUE
eeeø,4,членӗсемпе,eøee,1,4,1,4,93,145,2,TRUE
eeeø,4,этемлӗхе,eeøe,1,4,1,4,93,145,2,TRUE
eeeø,4,пӗвесене,øeee,1,4,1,4,93,145,2,TRUE
eeeø,4,речӗсене,eøee,1,4,1,4,93,145,2,TRUE
eeeø,4,тӗллесерех,øeee,1,4,1,4,93,145,2,TRUE
eeeø,4,чӗмерене,øeee,1,4,1,4,93,145,2,TRUE
eeeø,4,перӗнсенех,eøee,1,4,1,4,93,145,2,TRUE
eeeø,4,кӗленчене,øeee,1,4,1,4,93,145,2,TRUE
eeeø,4,ӗнентерме,øeee,1,4,1,4,93,145,2,TRUE
eeeø,4,сехӗрленсе,eøee,1,4,1,4,93,145,2,TRUE
eeeø,4,чечекӗсем,eeøe,1,4,1,4,93,145,2,TRUE
eeeø,4,эрехшӗнех,eeøe,1,4,1,4,93,145,2,TRUE
eeeø,4,вӗренекен,øeee,1,4,1,4,93,145,2,TRUE
eeeø,4,тӗккелесе,øeee,1,4,1,4,93,145,2,TRUE
eeeø,4,ҫӗнтерессе,øeee,1,4,1,4,93,145,2,TRUE
eeeø,4,ҫенӗкелле,eøee,1,4,1,4,93,145,2,TRUE
eeeø,4,кӗтекенсем,øeee,1,4,1,4,93,145,2,TRUE
eeeø,4,ентешӗсем,eeøe,1,4,1,4,93,145,2,TRUE
eeeø,4,хӗвелленсе,øeee,1,4,1,4,93,145,2,TRUE
eeeø,4,тӗтреленсе,øeee,1,4,1,4,93,145,2,TRUE
eeeø,4,тӗмескесем,øeee,1,4,1,4,93,145,2,TRUE
eeeø,4,черечӗпе,eeøe,1,4,1,4,93,145,2,TRUE
eeeø,4,кӗтессене,øeee,1,4,1,4,93,145,2,TRUE
eeeø,4,тӗрткелесе,øeee,1,4,1,4,93,145,2,TRUE
eeeø,4,чӗресене,øeee,1,4,1,4,93,145,2,TRUE
eeeø,4,членӗсенчен,eøee,1,4,1,4,93,145,2,TRUE
eeeø,4,вӗсенченех,øeee,1,4,1,4,93,145,2,TRUE
eeeø,4,сехечӗсем,eeøe,1,4,1,4,93,145,2,TRUE
eeeø,4,кӗрекене,øeee,1,4,1,4,93,145,2,TRUE
eeeø,4,вӗренеймен,øeee,1,4,1,4,93,145,2,TRUE
eeeø,4,черетсӗрех,eeøe,1,4,1,4,93,145,2,TRUE
eeeø,4,пӗрлештерес,øeee,1,4,1,4,93,145,2,TRUE
eeeø,4,ӗненесех,øeee,1,4,1,4,93,145,2,TRUE
eeeø,4,перӗнекен,eøee,1,4,1,4,93,145,2,TRUE
eeeø,4,тӗллевсене,øeee,1,4,1,4,93,145,2,TRUE
eeeø,4,етӗрнере,eøee,1,4,1,4,93,145,2,TRUE
eeeø,4,мерчӗкелле,eøee,1,4,1,4,93,145,2,TRUE
eeeø,4,кӗтесселле,øeee,1,4,1,4,93,145,2,TRUE
eeeø,4,тӗмесене,øeee,1,4,1,4,93,145,2,TRUE
eeeø,4,ӗшентерет,øeee,1,4,1,4,93,145,2,TRUE
eeeø,4,ӗҫкелеме,øeee,1,4,1,4,93,145,2,TRUE
eeeø,4,тетелӗсем,eeøe,1,4,1,4,93,145,2,TRUE
eeeø,4,ҫӗклентерет,øeee,1,4,1,4,93,145,2,TRUE
eeeø,4,вӗтеленсе,øeee,1,4,1,4,93,145,2,TRUE
eeeø,4,эрешӗсем,eeøe,1,4,1,4,93,145,2,TRUE
eeeø,4,ҫӗклекенсем,øeee,1,4,1,4,93,145,2,TRUE
eeeø,4,чӗреренех,øeee,1,4,1,4,93,145,2,TRUE
eeeø,4,чӗнекенсем,øeee,1,4,1,4,93,145,2,TRUE
eeeø,4,пӗрешкелех,øeee,1,4,1,4,93,145,2,TRUE
eeeø,4,вӗҫленмелле,øeee,1,4,1,4,93,145,2,TRUE
aɵɵu,4,пуҫтарӑннӑ,uaɵɵ,4,2,0,8,79,142,3,TRUE
aɵɵu,4,хуҫалӑхӑн,uaɵɵ,4,2,0,8,79,142,3,TRUE
aɵɵu,4,юратӑвӑн,uaɵɵ,3,2,0,8,79,142,3,TRUE
aɵɵu,4,чупаттӑмӑр,uaɵɵ,3,2,0,8,79,142,3,TRUE
aɵɵu,4,юсарӑмӑр,uaɵɵ,2,2,0,8,79,142,3,TRUE
aɵɵu,4,шутларӑмӑр,uaɵɵ,1,2,0,8,79,142,3,TRUE
aɵɵu,4,шутланӑшӑн,uaɵɵ,1,2,0,8,79,142,3,TRUE
aɵɵu,4,пуҫтарнӑшӑн,uaɵɵ,1,2,0,8,79,142,3,TRUE
aɵɵu,4,пулаймӑпӑр,uaɵɵ,1,2,0,8,79,142,3,TRUE
aɵɵu,4,усрарӑмӑр,uaɵɵ,1,2,0,8,79,142,3,TRUE
aɵɵu,4,туянтӑмӑр,uaɵɵ,1,2,0,8,79,142,3,TRUE
aɵɵu,4,пуҫларӑмӑр,uaɵɵ,1,2,0,8,79,142,3,TRUE
aɵɵu,4,пуҫарӑпӑр,uaɵɵ,1,2,0,8,79,142,3,TRUE
aɵɵu,4,юратнӑшӑн,uaɵɵ,1,2,0,8,79,142,3,TRUE
aɵɵu,4,юратӑпӑр,uaɵɵ,1,2,0,8,79,142,3,TRUE
aɵɵu,4,пуянлӑхӑн,uaɵɵ,1,2,0,8,79,142,3,TRUE
aɵɵu,4,усрамӑттӑм,uaɵɵ,1,2,0,8,79,142,3,TRUE
aɵɵu,4,штурмларӑмӑр,uaɵɵ,1,2,0,8,79,142,3,TRUE
aɵɵu,4,ҫутатнӑшӑн,uaɵɵ,1,2,0,8,79,142,3,TRUE
aɵɵu,4,пурӑнатӑн,uɵaɵ,7,3,0,8,79,142,3,TRUE
aɵɵu,4,пурнӑҫланӑ,uɵaɵ,6,3,0,8,79,142,3,TRUE
aɵɵu,4,пурӑнатӑп,uɵaɵ,5,3,0,8,79,142,3,TRUE
aɵɵu,4,пурӑнатӑр,uɵaɵ,4,3,0,8,79,142,3,TRUE
aɵɵu,4,пурӑнатпӑр,uɵaɵ,4,3,0,8,79,142,3,TRUE
aɵɵu,4,пулӑшасшӑн,uɵaɵ,3,3,0,8,79,142,3,TRUE
aɵɵu,4,пурӑнасшӑн,uɵaɵ,3,3,0,8,79,142,3,TRUE
aɵɵu,4,шухӑшланӑ,uɵaɵ,3,3,0,8,79,142,3,TRUE
aɵɵu,4,тунсӑхланӑ,uɵaɵ,2,3,0,8,79,142,3,TRUE
aɵɵu,4,юрӑ-ташӑ,uɵaɵ,2,3,0,8,79,142,3,TRUE
aɵɵu,4,пулӑшатӑр,uɵaɵ,2,3,0,8,79,142,3,TRUE
aɵɵu,4,пурӑнмашкӑн,uɵaɵ,2,3,0,8,79,142,3,TRUE
aɵɵu,4,тунсӑхлатпӑр,uɵaɵ,2,3,0,8,79,142,3,TRUE
aɵɵu,4,хутшӑнатӑн,uɵaɵ,1,3,0,8,79,142,3,TRUE
aɵɵu,4,пӑлхануллӑ,ɵauɵ,1,3,0,8,79,142,3,TRUE
aɵɵu,4,хутшӑнатӑп,uɵaɵ,1,3,0,8,79,142,3,TRUE
aɵɵu,4,аллӑ-утмӑл,aɵuɵ,1,3,0,8,79,142,3,TRUE
aɵɵu,4,тупӑшатпӑр,uɵaɵ,1,3,0,8,79,142,3,TRUE
aɵɵu,4,сӑмахушӑн,ɵauɵ,1,3,0,8,79,142,3,TRUE
aɵɵu,4,ушкӑншарӑн,uɵaɵ,1,3,0,8,79,142,3,TRUE
aɵɵu,4,уйрӑлмасӑр,uɵaɵ,1,3,0,8,79,142,3,TRUE
aɵɵu,4,ятсӑр-сумсӑр,aɵuɵ,1,3,0,8,79,142,3,TRUE
aɵɵu,4,хурт-кӑпшанкӑ,uɵaɵ,1,3,0,8,79,142,3,TRUE
aɵɵu,4,тавҫӑрусӑр,aɵuɵ,1,3,0,8,79,142,3,TRUE
aɵɵu,4,кутӑнланнӑ,uɵaɵ,1,3,0,8,79,142,3,TRUE
aɵɵu,4,ҫухӑратӑн,uɵaɵ,1,3,0,8,79,142,3,TRUE
aɵɵu,4,кушӑрканӑ,uɵaɵ,1,3,0,8,79,142,3,TRUE
aɵɵu,4,пурнӑҫланнӑ,uɵaɵ,1,3,0,8,79,142,3,TRUE
aɵɵu,4,хурӑнташлӑ,uɵaɵ,1,3,0,8,79,142,3,TRUE
aɵɵu,4,сакӑрвунӑ,aɵuɵ,1,3,0,8,79,142,3,TRUE
aɵɵu,4,пурӑнаттӑн,uɵaɵ,1,3,0,8,79,142,3,TRUE
aɵɵu,4,тунсӑхлатӑп,uɵaɵ,1,3,0,8,79,142,3,TRUE
aɵɵu,4,савӑшуллӑ,aɵuɵ,1,3,0,8,79,142,3,TRUE
aɵɵu,4,урӑлтаркӑч,uɵaɵ,1,3,0,8,79,142,3,TRUE
aɵɵu,4,тупӑшасшӑн,uɵaɵ,1,3,0,8,79,142,3,TRUE
aɵɵu,4,пулӑшмасӑр,uɵaɵ,1,3,0,8,79,142,3,TRUE
aɵɵu,4,тупӑшсашӑн,uɵaɵ,1,3,0,8,79,142,3,TRUE
aɵɵu,4,уйрӑммӑнах,uɵɵa,13,4,1,8,79,142,3,TRUE
aɵɵu,4,ӑмӑртура,ɵɵua,5,4,1,8,79,142,3,TRUE
aɵɵu,4,пусӑрӑнса,uɵɵa,2,4,1,8,79,142,3,TRUE
aɵɵu,4,уҫӑмлӑрах,uɵɵa,2,4,1,8,79,142,3,TRUE
aɵɵu,4,вунтӑххӑра,uɵɵa,2,4,1,8,79,142,3,TRUE
aɵɵu,4,ӑмӑртуран,ɵɵua,2,4,1,8,79,142,3,TRUE
aɵɵu,4,хӑюлӑхпа,ɵuɵa,1,4,1,8,79,142,3,TRUE
aɵɵu,4,уйрӑлӑва,uɵɵa,1,4,1,8,79,142,3,TRUE
aɵɵu,4,хурӑнлӑхра,uɵɵa,1,4,1,8,79,142,3,TRUE
aɵɵu,4,сутӑнчӑкпа,uɵɵa,1,4,1,8,79,142,3,TRUE
aɵɵu,4,пурӑннӑран,uɵɵa,1,4,1,8,79,142,3,TRUE
aɵɵu,4,хӑрушлӑхран,ɵuɵa,1,4,1,8,79,142,3,TRUE
aɵɵu,4,пусӑрӑнать,uɵɵa,1,4,1,8,79,142,3,TRUE
aɵɵu,4,ӑнӑҫупа,ɵɵua,1,4,1,8,79,142,3,TRUE
aɵɵu,4,шӑтӑкунтан,ɵɵua,1,4,1,8,79,142,3,TRUE
aɵɵu,4,хӑрушлӑхра,ɵuɵa,1,4,1,8,79,142,3,TRUE
aɵɵu,4,пусӑрӑнсан,uɵɵa,1,4,1,8,79,142,3,TRUE
aɵɵu,4,пурнӑҫӑмра,uɵɵa,1,4,1,8,79,142,3,TRUE
aɵɵu,4,хурӑнлӑха,uɵɵa,1,4,1,8,79,142,3,TRUE
aɵɵu,4,тупӑпӑр-ха,uɵɵa,1,4,1,8,79,142,3,TRUE
aɵɵu,4,шухӑшсӑрах,uɵɵa,1,4,1,8,79,142,3,TRUE
aɵɵu,4,пӑшӑрхану,ɵɵau,1,4,1,8,79,142,3,TRUE
aɵɵu,4,улшӑнӑва,uɵɵa,1,4,1,8,79,142,3,TRUE
eøøø,4,перӗнтӗмӗр,eøøø,1,1,0,4,62,142,4,TRUE
eøøø,4,пӗлтернӗччӗ,øeøø,15,2,0,4,62,142,4,TRUE
eøøø,4,пӗлтерӗшлӗ,øeøø,9,2,0,4,62,142,4,TRUE
eøøø,4,хӗветӗрӗн,øeøø,3,2,0,4,62,142,4,TRUE
eøøø,4,пӗрлешӗвӗн,øeøø,2,2,0,4,62,142,4,TRUE
eøøø,4,ҫӗнтерӗпӗр,øeøø,1,2,0,4,62,142,4,TRUE
eøøø,4,вӗҫертмӗпӗр,øeøø,1,2,0,4,62,142,4,TRUE
eøøø,4,ҫӗнтертӗмӗр,øeøø,1,2,0,4,62,142,4,TRUE
eøøø,4,ӗшенчӗклӗн,øeøø,1,2,0,4,62,142,4,TRUE
eøøø,4,пӗтернӗшӗн,øeøø,1,2,0,4,62,142,4,TRUE
eøøø,4,вӗренӗвӗ,øeøø,1,2,0,4,62,142,4,TRUE
eøøø,4,пӗлтернӗшӗн,øeøø,1,2,0,4,62,142,4,TRUE
eøøø,4,йӗркесӗрлӗх,øeøø,1,2,0,4,62,142,4,TRUE
eøøø,4,хӗветӗршӗн,øeøø,1,2,0,4,62,142,4,TRUE
eøøø,4,тӗлӗнтернӗ,øøeø,14,3,0,4,62,142,4,TRUE
eøøø,4,тӗлӗнтерчӗ,øøeø,6,3,0,4,62,142,4,TRUE
eøøø,4,ӗмӗтленнӗ,øøeø,6,3,0,4,62,142,4,TRUE
eøøø,4,тӗлӗнеҫҫӗ,øøeø,4,3,0,4,62,142,4,TRUE
eøøø,4,хӗпӗртерӗ,øøeø,3,3,0,4,62,142,4,TRUE
eøøø,4,пӗтӗмлетрӗҫ,øøeø,2,3,0,4,62,142,4,TRUE
eøøø,4,тӗтӗмленӗ,øøeø,2,3,0,4,62,142,4,TRUE
eøøø,4,ӗмӗтленчӗ,øøeø,2,3,0,4,62,142,4,TRUE
eøøø,4,тӗлӗнетӗп,øøeø,2,3,0,4,62,142,4,TRUE
eøøø,4,йӗкӗрешӗ,øøeø,2,3,0,4,62,142,4,TRUE
eøøø,4,тӗлӗнеттӗм,øøeø,1,3,0,4,62,142,4,TRUE
eøøø,4,тӗрӗслеҫҫӗ,øøeø,1,3,0,4,62,142,4,TRUE
eøøø,4,кӗрӗслетрӗ,øøeø,1,3,0,4,62,142,4,TRUE
eøøø,4,тӗссӗрленнӗ,øøeø,1,3,0,4,62,142,4,TRUE
eøøø,4,пӗрӗнтерчӗ,øøeø,1,3,0,4,62,142,4,TRUE
eøøø,4,тӗлӗнтерчӗҫ,øøeø,1,3,0,4,62,142,4,TRUE
eøøø,4,тӗлӗнетӗр,øøeø,1,3,0,4,62,142,4,TRUE
eøøø,4,тӗлӗнтермӗш,øøeø,1,3,0,4,62,142,4,TRUE
eøøø,4,тӗлӗреҫҫӗ,øøeø,1,3,0,4,62,142,4,TRUE
eøøø,4,мӗкӗреҫҫӗ,øøeø,1,3,0,4,62,142,4,TRUE
eøøø,4,чӗрӗлеҫҫӗ,øøeø,1,3,0,4,62,142,4,TRUE
eøøø,4,чӗнтӗрленӗ,øøeø,1,3,0,4,62,142,4,TRUE
eøøø,4,хӗпӗртенӗ,øøeø,1,3,0,4,62,142,4,TRUE
eøøø,4,тӗрӗслевӗ,øøeø,1,3,0,4,62,142,4,TRUE
eøøø,4,пӗтӗмлетнӗ,øøeø,1,3,0,4,62,142,4,TRUE
eøøø,4,тӗрӗслерӗ,øøeø,1,3,0,4,62,142,4,TRUE
eøøø,4,ӗмӗрӗпех,øøøe,5,4,1,4,62,142,4,TRUE
eøøø,4,ӗмӗрлӗхех,øøøe,5,4,1,4,62,142,4,TRUE
eøøø,4,ӗмӗрӗнче,øøøe,5,4,1,4,62,142,4,TRUE
eøøø,4,сӗтӗрӗнсе,øøøe,3,4,1,4,62,142,4,TRUE
eøøø,4,пӗлӗчӗсем,øøøe,3,4,1,4,62,142,4,TRUE
eøøø,4,тӗшӗрӗлсе,øøøe,3,4,1,4,62,142,4,TRUE
eøøø,4,пӗтӗмӗшле,øøøe,3,4,1,4,62,142,4,TRUE
eøøø,4,ҫӗлӗкӗпе,øøøe,2,4,1,4,62,142,4,TRUE
eøøø,4,тӗлӗшӗнчен,øøøe,2,4,1,4,62,142,4,TRUE
eøøø,4,ӗмӗчӗпе,øøøe,1,4,1,4,62,142,4,TRUE
eøøø,4,ӗмӗрлӗхе,øøøe,1,4,1,4,62,142,4,TRUE
eøøø,4,пӗкӗрӗлсе,øøøe,1,4,1,4,62,142,4,TRUE
eøøø,4,ӗмкӗчӗсем,øøøe,1,4,1,4,62,142,4,TRUE
eøøø,4,чӗлпӗрӗпе,øøøe,1,4,1,4,62,142,4,TRUE
eøøø,4,тӗтӗмӗпе,øøøe,1,4,1,4,62,142,4,TRUE
eøøø,4,сӗлӗшӗнех,øøøe,1,4,1,4,62,142,4,TRUE
eøøø,4,кӗрӗкӗсем,øøøe,1,4,1,4,62,142,4,TRUE
eøøø,4,ҫӗнӗлӗхсем,øøøe,1,4,1,4,62,142,4,TRUE
eøøø,4,сӗнӗвӗпе,øøøe,1,4,1,4,62,142,4,TRUE
eøøø,4,тӗрӗслӗхе,øøøe,1,4,1,4,62,142,4,TRUE
eøøø,4,пӗтӗрӗнсе,øøøe,1,4,1,4,62,142,4,TRUE
eøøø,4,ҫӗмӗрӗлсе,øøøe,1,4,1,4,62,142,4,TRUE
aøʉ,3,краҫҫынӗ,aʉø,1,1,0,3,50,140,3,TRUE
aøʉ,3,пыраҫҫӗ,ʉaø,17,2,0,3,50,140,3,TRUE
aøʉ,3,тыттарчӗ,ʉaø,14,2,0,3,50,140,3,TRUE
aøʉ,3,тытаҫҫӗ,ʉaø,9,2,0,3,50,140,3,TRUE
aøʉ,3,шыраҫҫӗ,ʉaø,8,2,0,3,50,140,3,TRUE
aøʉ,3,сывларӗ,ʉaø,7,2,0,3,50,140,3,TRUE
aøʉ,3,выляҫҫӗ,ʉaø,5,2,0,3,50,140,3,TRUE
aøʉ,3,ҫыраҫҫӗ,ʉaø,4,2,0,3,50,140,3,TRUE
aøʉ,3,ҫыранӗ,ʉaø,4,2,0,3,50,140,3,TRUE
aøʉ,3,пытарчӗ,ʉaø,4,2,0,3,50,140,3,TRUE
aøʉ,3,тыттарчӗҫ,ʉaø,3,2,0,3,50,140,3,TRUE
aøʉ,3,ҫывхарчӗ,ʉaø,3,2,0,3,50,140,3,TRUE
aøʉ,3,ыратрӗ,ʉaø,3,2,0,3,50,140,3,TRUE
aøʉ,3,ырларӗ,ʉaø,2,2,0,3,50,140,3,TRUE
aøʉ,3,вырнаҫрӗ,ʉaø,2,2,0,3,50,140,3,TRUE
aøʉ,3,пымарӗ,ʉaø,2,2,0,3,50,140,3,TRUE
aøʉ,3,ыйтаҫҫӗ,ʉaø,2,2,0,3,50,140,3,TRUE
aøʉ,3,вылятчӗҫ,ʉaø,2,2,0,3,50,140,3,TRUE
aøʉ,3,сыхлавӗ,ʉaø,2,2,0,3,50,140,3,TRUE
aøʉ,3,чысларӗҫ,ʉaø,2,2,0,3,50,140,3,TRUE
aøʉ,3,ырларӗҫ,ʉaø,2,2,0,3,50,140,3,TRUE
aøʉ,3,пытанчӗ,ʉaø,2,2,0,3,50,140,3,TRUE
aøʉ,3,сыптарчӗ,ʉaø,2,2,0,3,50,140,3,TRUE
aøʉ,3,пытанчӗҫ,ʉaø,2,2,0,3,50,140,3,TRUE
aøʉ,3,выртатчӗҫ,ʉaø,1,2,0,3,50,140,3,TRUE
aøʉ,3,ҫыравӗ,ʉaø,1,2,0,3,50,140,3,TRUE
aøʉ,3,выртаҫҫӗ,ʉaø,1,2,0,3,50,140,3,TRUE
aøʉ,3,тыттарӗҫ,ʉaø,1,2,0,3,50,140,3,TRUE
aøʉ,3,выртасчӗ,ʉaø,1,2,0,3,50,140,3,TRUE
aøʉ,3,ҫырлахӗ,ʉaø,1,2,0,3,50,140,3,TRUE
aøʉ,3,шырарӗ,ʉaø,1,2,0,3,50,140,3,TRUE
aøʉ,3,тытатчӗ,ʉaø,1,2,0,3,50,140,3,TRUE
aøʉ,3,тымарӗ,ʉaø,1,2,0,3,50,140,3,TRUE
aøʉ,3,сыхланчӗ,ʉaø,1,2,0,3,50,140,3,TRUE
aøʉ,3,чысларӗ,ʉaø,1,2,0,3,50,140,3,TRUE
aøʉ,3,хыртарчӗ,ʉaø,1,2,0,3,50,140,3,TRUE
aøʉ,3,тытмаҫҫӗ,ʉaø,1,2,0,3,50,140,3,TRUE
aøʉ,3,пымастчӗ,ʉaø,1,2,0,3,50,140,3,TRUE
aøʉ,3,хыратчӗ,ʉaø,1,2,0,3,50,140,3,TRUE
aøʉ,3,ҫыртаҫҫӗ,ʉaø,1,2,0,3,50,140,3,TRUE
aøʉ,3,тытмарӗ,ʉaø,1,2,0,3,50,140,3,TRUE
aøʉ,3,ҫыхатчӗ,ʉaø,1,2,0,3,50,140,3,TRUE
aøʉ,3,вылятрӗ,ʉaø,1,2,0,3,50,140,3,TRUE
aøʉ,3,ыйтмарӗ,ʉaø,1,2,0,3,50,140,3,TRUE
aøʉ,3,шывланчӗ,ʉaø,1,2,0,3,50,140,3,TRUE
aøʉ,3,тытмарӗҫ,ʉaø,1,2,0,3,50,140,3,TRUE
aøʉ,3,сывларӗҫ,ʉaø,1,2,0,3,50,140,3,TRUE
aøʉ,3,шыратчӗҫ,ʉaø,1,2,0,3,50,140,3,TRUE
aøʉ,3,ҫӗршывра,øʉa,8,3,1,3,50,140,3,TRUE
aøʉ,3,ҫӗршыва,øʉa,4,3,1,3,50,140,3,TRUE
aɵɵɵ,4,савӑнӑҫлӑ,aɵɵɵ,13,1,0,4,60,115,4,TRUE
aɵɵɵ,4,савӑнӑҫлӑн,aɵɵɵ,10,1,0,4,60,115,4,TRUE
aɵɵɵ,4,чарӑнтӑмӑр,aɵɵɵ,1,1,0,4,60,115,4,TRUE
aɵɵɵ,4,парӑнмӑпӑр,aɵɵɵ,1,1,0,4,60,115,4,TRUE
aɵɵɵ,4,калӑпӑшлӑ,aɵɵɵ,1,1,0,4,60,115,4,TRUE
aɵɵɵ,4,канӑҫсӑррӑн,aɵɵɵ,1,1,0,4,60,115,4,TRUE
aɵɵɵ,4,ашкӑннӑшӑн,aɵɵɵ,1,1,0,4,60,115,4,TRUE
aɵɵɵ,4,ҫамрӑклӑхӑн,aɵɵɵ,1,1,0,4,60,115,4,TRUE
aɵɵɵ,4,ҫамрӑклӑхӑм,aɵɵɵ,1,1,0,4,60,115,4,TRUE
aɵɵɵ,4,таврӑннӑшӑн,aɵɵɵ,1,1,0,4,60,115,4,TRUE
aɵɵɵ,4,савӑнӑҫсӑр,aɵɵɵ,1,1,0,4,60,115,4,TRUE
aɵɵɵ,4,таврӑнтӑмӑр,aɵɵɵ,1,1,0,4,60,115,4,TRUE
aɵɵɵ,4,вӑрланӑшӑн,ɵaɵɵ,4,2,0,4,60,115,4,TRUE
aɵɵɵ,4,шӑварӑпӑр,ɵaɵɵ,1,2,0,4,60,115,4,TRUE
aɵɵɵ,4,хӑвартӑмӑр,ɵaɵɵ,1,2,0,4,60,115,4,TRUE
aɵɵɵ,4,ӑсатрӑмӑр,ɵaɵɵ,1,2,0,4,60,115,4,TRUE
aɵɵɵ,4,йӑпатнӑшӑн,ɵaɵɵ,1,2,0,4,60,115,4,TRUE
aɵɵɵ,4,хӑйранӑшӑн,ɵaɵɵ,1,2,0,4,60,115,4,TRUE
aɵɵɵ,4,хӑтланнӑшӑн,ɵaɵɵ,1,2,0,4,60,115,4,TRUE
aɵɵɵ,4,кӑсӑкланнӑ,ɵɵaɵ,5,3,0,4,60,115,4,TRUE
aɵɵɵ,4,ҫӑтӑл-ҫатӑл,ɵɵaɵ,3,3,0,4,60,115,4,TRUE
aɵɵɵ,4,вӑйӑн-шайӑн,ɵɵaɵ,3,3,0,4,60,115,4,TRUE
aɵɵɵ,4,тӑрӑшатпӑр,ɵɵaɵ,3,3,0,4,60,115,4,TRUE
aɵɵɵ,4,пӑшӑрханнӑ,ɵɵaɵ,2,3,0,4,60,115,4,TRUE
aɵɵɵ,4,ҫӑвӑнатӑп,ɵɵaɵ,2,3,0,4,60,115,4,TRUE
aɵɵɵ,4,тӑпӑлтарнӑ,ɵɵaɵ,2,3,0,4,60,115,4,TRUE
aɵɵɵ,4,вӑйсӑрланнӑ,ɵɵaɵ,2,3,0,4,60,115,4,TRUE
aɵɵɵ,4,тӑрӑшаттӑм,ɵɵaɵ,2,3,0,4,60,115,4,TRUE
aɵɵɵ,4,пӑсӑлатӑп,ɵɵaɵ,2,3,0,4,60,115,4,TRUE
aɵɵɵ,4,шӑхӑратӑн,ɵɵaɵ,1,3,0,4,60,115,4,TRUE
aɵɵɵ,4,йӑнӑшмастӑн,ɵɵaɵ,1,3,0,4,60,115,4,TRUE
aɵɵɵ,4,шӑтӑк-шатӑк,ɵɵaɵ,1,3,0,4,60,115,4,TRUE
aɵɵɵ,4,чӑмӑртанӑ,ɵɵaɵ,1,3,0,4,60,115,4,TRUE
aɵɵɵ,4,чӑхӑмласшӑн,ɵɵaɵ,1,3,0,4,60,115,4,TRUE
aɵɵɵ,4,пӑрчӑканӑм,ɵɵaɵ,1,3,0,4,60,115,4,TRUE
aɵɵɵ,4,ӑшӑтатӑн,ɵɵaɵ,1,3,0,4,60,115,4,TRUE
aɵɵɵ,4,кӑмрӑкланнӑ,ɵɵaɵ,1,3,0,4,60,115,4,TRUE
aɵɵɵ,4,хӑрӑк-харӑк,ɵɵaɵ,1,3,0,4,60,115,4,TRUE
aɵɵɵ,4,ӑпӑр-тапӑр,ɵɵaɵ,1,3,0,4,60,115,4,TRUE
aɵɵɵ,4,пӑшӑрханӑр,ɵɵaɵ,1,3,0,4,60,115,4,TRUE
aɵɵɵ,4,тӑрӑшатӑп,ɵɵaɵ,1,3,0,4,60,115,4,TRUE
aɵɵɵ,4,йӑнӑшатӑн,ɵɵaɵ,1,3,0,4,60,115,4,TRUE
aɵɵɵ,4,кӑмӑлланӑ,ɵɵaɵ,1,3,0,4,60,115,4,TRUE
aɵɵɵ,4,кӑмӑллатӑп,ɵɵaɵ,1,3,0,4,60,115,4,TRUE
aɵɵɵ,4,тӑвӑрланнӑ,ɵɵaɵ,1,3,0,4,60,115,4,TRUE
aɵɵɵ,4,вӑхӑтлӑха,ɵɵɵa,8,4,1,4,60,115,4,TRUE
aɵɵɵ,4,йӑтӑннӑран,ɵɵɵa,4,4,1,4,60,115,4,TRUE
aɵɵɵ,4,ҫӑмӑллӑнах,ɵɵɵa,3,4,1,4,60,115,4,TRUE
aɵɵɵ,4,вӑйсӑрлӑха,ɵɵɵa,2,4,1,4,60,115,4,TRUE
aɵɵɵ,4,вӑрттӑнлӑхра,ɵɵɵa,2,4,1,4,60,115,4,TRUE
aɵɵɵ,4,ӑмӑртӑва,ɵɵɵa,2,4,1,4,60,115,4,TRUE
aɵɵɵ,4,чӑрӑшлӑхра,ɵɵɵa,1,4,1,4,60,115,4,TRUE
aɵɵɵ,4,кӑмӑллӑнах,ɵɵɵa,1,4,1,4,60,115,4,TRUE
aɵɵɵ,4,тӑхӑннӑран,ɵɵɵa,1,4,1,4,60,115,4,TRUE
aɵɵɵ,4,тӑкӑрлӑкран,ɵɵɵa,1,4,1,4,60,115,4,TRUE
aɵɵɵ,4,тӑмӑпӑр-ха,ɵɵɵa,1,4,1,4,60,115,4,TRUE
aɵɵɵ,4,хӑмӑт-пӑяв,ɵɵɵa,1,4,1,4,60,115,4,TRUE
aɵɵɵ,4,тӑкӑрлӑкра,ɵɵɵa,1,4,1,4,60,115,4,TRUE
aɵɵɵ,4,ҫӑмӑллӑхпа,ɵɵɵa,1,4,1,4,60,115,4,TRUE
aɵɵɵ,4,тӑрӑшӑва,ɵɵɵa,1,4,1,4,60,115,4,TRUE
eøɵ,3,сӑнсемсӗр,ɵeø,1,2,0,2,30,108,2,TRUE
eøɵ,3,хӑшместӗр,ɵeø,1,2,0,2,30,108,2,TRUE
eøɵ,3,ӑшӗнче,ɵøe,24,3,1,2,30,108,2,TRUE
eøɵ,3,хӑшӗсем,ɵøe,13,3,1,2,30,108,2,TRUE
eøɵ,3,хӑйӗнчен,ɵøe,12,3,1,2,30,108,2,TRUE
eøɵ,3,вӑйӗпе,ɵøe,8,3,1,2,30,108,2,TRUE
eøɵ,3,хӑйӗннех,ɵøe,7,3,1,2,30,108,2,TRUE
eøɵ,3,ӑшӗнчен,ɵøe,6,3,1,2,30,108,2,TRUE
eøɵ,3,хӑйӗнпе,ɵøe,5,3,1,2,30,108,2,TRUE
eøɵ,3,хӑйӗнне,ɵøe,4,3,1,2,30,108,2,TRUE
eøɵ,3,мӑйӗнчен,ɵøe,3,3,1,2,30,108,2,TRUE
eøɵ,3,ҫӑвӗпех,ɵøe,3,3,1,2,30,108,2,TRUE
eøɵ,3,шӑлӗсем,ɵøe,2,3,1,2,30,108,2,TRUE
eøɵ,3,тӑршшӗпе,ɵøe,2,3,1,2,30,108,2,TRUE
eøɵ,3,ӑсӗпе,ɵøe,2,3,1,2,30,108,2,TRUE
eøɵ,3,ӑшӗпе,ɵøe,1,3,1,2,30,108,2,TRUE
eøɵ,3,ӑшӗнчех,ɵøe,1,3,1,2,30,108,2,TRUE
eøɵ,3,йӑхӗсем,ɵøe,1,3,1,2,30,108,2,TRUE
eøɵ,3,хӑшӗнпе,ɵøe,1,3,1,2,30,108,2,TRUE
eøɵ,3,сӑнӗнче,ɵøe,1,3,1,2,30,108,2,TRUE
eøɵ,3,ӑсӗнче,ɵøe,1,3,1,2,30,108,2,TRUE
eøɵ,3,вӑйӗсен,ɵøe,1,3,1,2,30,108,2,TRUE
eøɵ,3,вӑйӗпех,ɵøe,1,3,1,2,30,108,2,TRUE
eøɵ,3,тӑршшӗпех,ɵøe,1,3,1,2,30,108,2,TRUE
eøɵ,3,тӑвӗпе,ɵøe,1,3,1,2,30,108,2,TRUE
eøɵ,3,йӑхӗнчен,ɵøe,1,3,1,2,30,108,2,TRUE
eøɵ,3,хӑшӗсен,ɵøe,1,3,1,2,30,108,2,TRUE
eøɵ,3,йӑхӗнче,ɵøe,1,3,1,2,30,108,2,TRUE
eøɵ,3,тӑршшӗнче,ɵøe,1,3,1,2,30,108,2,TRUE
eøɵ,3,тӑвӗсем,ɵøe,1,3,1,2,30,108,2,TRUE
ɵuu,3,сутуҫӑ,uuɵ,9,2,0,2,15,104,2,TRUE
ɵuu,3,вут-ҫулӑм,uuɵ,4,2,0,2,15,104,2,TRUE
ɵuu,3,вунултӑ,uuɵ,2,2,0,2,15,104,2,TRUE
ɵuu,3,хул-ҫурӑм,uuɵ,1,2,0,2,15,104,2,TRUE
ɵuu,3,ҫумкурӑк,uuɵ,1,2,0,2,15,104,2,TRUE
ɵuu,3,путушлӑ,uuɵ,1,2,0,2,15,104,2,TRUE
ɵuu,3,чуптурӑм,uuɵ,1,2,0,2,15,104,2,TRUE
ɵuu,3,чуптунӑ,uuɵ,1,2,0,2,15,104,2,TRUE
ɵuu,3,пулӑшу,uɵu,50,3,1,2,15,104,2,TRUE
ɵuu,3,улшӑну,uɵu,16,3,1,2,15,104,2,TRUE
ɵuu,3,тупӑшу,uɵu,8,3,1,2,15,104,2,TRUE
ɵuu,3,упӑшку,uɵu,4,3,1,2,15,104,2,TRUE
ɵuu,3,шурӑмпуҫ,uɵu,3,3,1,2,15,104,2,TRUE
ɵuu,3,уйрӑлу,uɵu,2,3,1,2,15,104,2,TRUE
ɵuu,3,пурнӑҫу,uɵu,1,3,1,2,15,104,2,TRUE
aøɵu,4,кукамӑшӗ,uaɵø,9,2,0,4,42,102,3,TRUE
aøɵu,4,хунямӑшӗ,uaɵø,5,2,0,4,42,102,3,TRUE
aøɵu,4,пуласлӑхӗ,uaɵø,4,2,0,4,42,102,3,TRUE
aøɵu,4,пуҫламӑшӗ,uaɵø,3,2,0,4,42,102,3,TRUE
aøɵu,4,юратӑвӗ,uaɵø,3,2,0,4,42,102,3,TRUE
aøɵu,4,хуҫалӑхӗ,uaɵø,3,2,0,4,42,102,3,TRUE
aøɵu,4,юлташлӑхӗ,uaɵø,2,2,0,4,42,102,3,TRUE
aøɵu,4,пуҫтарӑнчӗ,uaɵø,2,2,0,4,42,102,3,TRUE
aøɵu,4,пуянлӑхӗн,uaɵø,1,2,0,4,42,102,3,TRUE
aøɵu,4,пуҫарӑвӗ,uaɵø,1,2,0,4,42,102,3,TRUE
aøɵu,4,салхулӑхӗ,auɵø,1,2,0,4,42,102,3,TRUE
aøɵu,4,нумайӑшӗ,uaɵø,1,2,0,4,42,102,3,TRUE
aøɵu,4,курӑнаҫҫӗ,uɵaø,11,3,0,4,42,102,3,TRUE
aøɵu,4,тупӑнаҫҫӗ,uɵaø,6,3,0,4,42,102,3,TRUE
aøɵu,4,пулӑшаҫҫӗ,uɵaø,5,3,0,4,42,102,3,TRUE
aøɵu,4,пухӑнаҫҫӗ,uɵaø,5,3,0,4,42,102,3,TRUE
aøɵu,4,курӑнмарӗ,uɵaø,4,3,0,4,42,102,3,TRUE
aøɵu,4,пурнӑҫлаҫҫӗ,uɵaø,4,3,0,4,42,102,3,TRUE
aøɵu,4,хутшӑнаҫҫӗ,uɵaø,3,3,0,4,42,102,3,TRUE
aøɵu,4,шухӑшларӗ,uɵaø,3,3,0,4,42,102,3,TRUE
aøɵu,4,пурӑнаҫҫӗ,uɵaø,3,3,0,4,42,102,3,TRUE
aøɵu,4,уҫӑмлатӗҫ,uɵaø,2,3,0,4,42,102,3,TRUE
aøɵu,4,пурӑнатчӗ,uɵaø,2,3,0,4,42,102,3,TRUE
aøɵu,4,тупӑнмарӗ,uɵaø,1,3,0,4,42,102,3,TRUE
aøɵu,4,уйрӑлаҫҫӗ,uɵaø,1,3,0,4,42,102,3,TRUE
aøɵu,4,улшӑнмарӗ,uɵaø,1,3,0,4,42,102,3,TRUE
aøɵu,4,тупӑнатчӗ,uɵaø,1,3,0,4,42,102,3,TRUE
aøɵu,4,пулӑшатчӗ,uɵaø,1,3,0,4,42,102,3,TRUE
aøɵu,4,пухӑнатчӗ,uɵaø,1,3,0,4,42,102,3,TRUE
aøɵu,4,ҫутӑлтарчӗ,uɵaø,1,3,0,4,42,102,3,TRUE
aøɵu,4,тупӑнаймӗ,uɵaø,1,3,0,4,42,102,3,TRUE
aøɵu,4,пурӑнатчӗҫ,uɵaø,1,3,0,4,42,102,3,TRUE
aøɵu,4,тупӑшаҫҫӗ,uɵaø,1,3,0,4,42,102,3,TRUE
aøɵu,4,тутӑхаҫҫӗ,uɵaø,1,3,0,4,42,102,3,TRUE
aøɵu,4,пурӑнмаҫҫӗ,uɵaø,1,3,0,4,42,102,3,TRUE
aøɵu,4,туртӑнаҫҫӗ,uɵaø,1,3,0,4,42,102,3,TRUE
aøɵu,4,уйӑрмарӗ,uɵaø,1,3,0,4,42,102,3,TRUE
aøɵu,4,курӑнатчӗҫ,uɵaø,1,3,0,4,42,102,3,TRUE
aøɵu,4,пулӑшасчӗ,uɵaø,1,3,0,4,42,102,3,TRUE
aøɵu,4,пулӑшмастчӗҫ,uɵaø,1,3,0,4,42,102,3,TRUE
aøɵu,4,шухӑшлаҫҫӗ,uɵaø,1,3,0,4,42,102,3,TRUE
aøɵu,4,тӗлпулӑва,øuɵa,1,4,1,4,42,102,3,TRUE
aaøu,4,пултараҫҫӗ,uaaø,20,3,0,3,54,101,2,TRUE
aaøu,4,хуравларӗ,uaaø,8,3,0,3,54,101,2,TRUE
aaøu,4,астутарчӗ,auaø,4,3,0,3,54,101,2,TRUE
aaøu,4,тупаймарӗ,uaaø,4,3,0,3,54,101,2,TRUE
aaøu,4,хуҫаланӗ,uaaø,4,3,0,3,54,101,2,TRUE
aaøu,4,шутланаҫҫӗ,uaaø,3,3,0,3,54,101,2,TRUE
aaøu,4,нумайланӗҫ,uaaø,3,3,0,3,54,101,2,TRUE
aaøu,4,уткаларӗ,uaaø,2,3,0,3,54,101,2,TRUE
aaøu,4,салхуланчӗ,auaø,2,3,0,3,54,101,2,TRUE
aaøu,4,хушамачӗ,uaaø,2,3,0,3,54,101,2,TRUE
aaøu,4,юратаҫҫӗ,uaaø,2,3,0,3,54,101,2,TRUE
aaøu,4,юрататчӗ,uaaø,2,3,0,3,54,101,2,TRUE
aaøu,4,шутламарӗ,uaaø,2,3,0,3,54,101,2,TRUE
aaøu,4,суранлатрӗҫ,uaaø,2,3,0,3,54,101,2,TRUE
aaøu,4,утаймаҫҫӗ,uaaø,2,3,0,3,54,101,2,TRUE
aaøu,4,мухтанаҫҫӗ,uaaø,1,3,0,3,54,101,2,TRUE
aaøu,4,нумайланӗ,uaaø,1,3,0,3,54,101,2,TRUE
aaøu,4,турткаларӗ,uaaø,1,3,0,3,54,101,2,TRUE
aaøu,4,улталарӗ,uaaø,1,3,0,3,54,101,2,TRUE
aaøu,4,тухаймаҫҫӗ,uaaø,1,3,0,3,54,101,2,TRUE
aaøu,4,утаканӗ,uaaø,1,3,0,3,54,101,2,TRUE
aaøu,4,пулаймарӗ,uaaø,1,3,0,3,54,101,2,TRUE
aaøu,4,пухаканӗ,uaaø,1,3,0,3,54,101,2,TRUE
aaøu,4,чухлаймарӗ,uaaø,1,3,0,3,54,101,2,TRUE
aaøu,4,уҫкаларӗ,uaaø,1,3,0,3,54,101,2,TRUE
aaøu,4,юратмаҫҫӗ,uaaø,1,3,0,3,54,101,2,TRUE
aaøu,4,тутараҫҫӗ,uaaø,1,3,0,3,54,101,2,TRUE
aaøu,4,тупаймаҫҫӗ,uaaø,1,3,0,3,54,101,2,TRUE
aaøu,4,туянтарчӗ,uaaø,1,3,0,3,54,101,2,TRUE
aaøu,4,ҫухрашаҫҫӗ,uaaø,1,3,0,3,54,101,2,TRUE
aaøu,4,пулкалаҫҫӗ,uaaø,1,3,0,3,54,101,2,TRUE
aaøu,4,юлаймарӗ,uaaø,1,3,0,3,54,101,2,TRUE
aaøu,4,пуянланӗ,uaaø,1,3,0,3,54,101,2,TRUE
aaøu,4,хурлантарчӗ,uaaø,1,3,0,3,54,101,2,TRUE
aaøu,4,хураймарӗҫ,uaaø,1,3,0,3,54,101,2,TRUE
aaøu,4,упрамарӗ,uaaø,1,3,0,3,54,101,2,TRUE
aaøu,4,тухаймарӗ,uaaø,1,3,0,3,54,101,2,TRUE
aaøu,4,туянмаҫҫӗ,uaaø,1,3,0,3,54,101,2,TRUE
aaøu,4,шурататчӗ,uaaø,1,3,0,3,54,101,2,TRUE
aaøu,4,юсаймарӗ,uaaø,1,3,0,3,54,101,2,TRUE
aaøu,4,нумайланчӗ,uaaø,1,3,0,3,54,101,2,TRUE
aaøu,4,шутламаҫҫӗ,uaaø,1,3,0,3,54,101,2,TRUE
aaøu,4,упранаҫҫӗ,uaaø,1,3,0,3,54,101,2,TRUE
aaøu,4,ҫунтараҫҫӗ,uaaø,1,3,0,3,54,101,2,TRUE
aaøu,4,уттараҫҫӗ,uaaø,1,3,0,3,54,101,2,TRUE
aaøu,4,юрлаттарчӗ,uaaø,1,3,0,3,54,101,2,TRUE
aaøu,4,куҫармаҫҫӗ,uaaø,1,3,0,3,54,101,2,TRUE
aaøu,4,мухтанатчӗ,uaaø,1,3,0,3,54,101,2,TRUE
aaøu,4,ҫутатаҫҫӗ,uaaø,1,3,0,3,54,101,2,TRUE
aaøu,4,хумхантарчӗ,uaaø,1,3,0,3,54,101,2,TRUE
aaøu,4,ҫуйхашмаҫҫӗ,uaaø,1,3,0,3,54,101,2,TRUE
aaøu,4,тумлантарчӗ,uaaø,1,3,0,3,54,101,2,TRUE
aaøu,4,кураяҫҫӗ,uaaø,1,3,0,3,54,101,2,TRUE
aaøu,4,усраҫҫӗ-ха,uaøa,1,4,1,3,54,101,2,TRUE
eøɵu,4,хӗвелтухӑҫ,øeuɵ,3,3,0,4,40,101,2,TRUE
eøɵu,4,юрӑсемшӗн,uɵeø,1,3,0,4,40,101,2,TRUE
eøɵu,4,утнӑҫемӗн,uɵeø,1,3,0,4,40,101,2,TRUE
eøɵu,4,шухӑшӗпе,uɵøe,19,4,1,4,40,101,2,TRUE
eøɵu,4,уйӑхӗнче,uɵøe,12,4,1,4,40,101,2,TRUE
eøɵu,4,пурнӑҫӗнче,uɵøe,8,4,1,4,40,101,2,TRUE
eøɵu,4,ҫурӑмӗнчен,uɵøe,7,4,1,4,40,101,2,TRUE
eøɵu,4,пурнӑҫӗпе,uɵøe,6,4,1,4,40,101,2,TRUE
eøɵu,4,ҫурӑмӗпе,uɵøe,4,4,1,4,40,101,2,TRUE
eøɵu,4,тутӑрӗсем,uɵøe,2,4,1,4,40,101,2,TRUE
eøɵu,4,уйӑхӗпе,uɵøe,2,4,1,4,40,101,2,TRUE
eøɵu,4,хушӑвӗпе,uɵøe,2,4,1,4,40,101,2,TRUE
eøɵu,4,мӑнукӗсем,ɵuøe,2,4,1,4,40,101,2,TRUE
eøɵu,4,шухӑшӗсем,uɵøe,2,4,1,4,40,101,2,TRUE
eøɵu,4,шухӑшӗнчен,uɵøe,2,4,1,4,40,101,2,TRUE
eøɵu,4,уйрӑмӗнче,uɵøe,2,4,1,4,40,101,2,TRUE
eøɵu,4,уйӑхӗнчен,uɵøe,2,4,1,4,40,101,2,TRUE
eøɵu,4,мӑнукӗпе,ɵuøe,2,4,1,4,40,101,2,TRUE
eøɵu,4,улӑмӗпе,uɵøe,1,4,1,4,40,101,2,TRUE
eøɵu,4,тутӑрӗнчен,uɵøe,1,4,1,4,40,101,2,TRUE
eøɵu,4,турӑшӗсем,uɵøe,1,4,1,4,40,101,2,TRUE
eøɵu,4,ҫӑлкуҫӗнчен,ɵuøe,1,4,1,4,40,101,2,TRUE
eøɵu,4,уйрӑмӗсен,uɵøe,1,4,1,4,40,101,2,TRUE
eøɵu,4,ушкӑнӗпе,uɵøe,1,4,1,4,40,101,2,TRUE
eøɵu,4,ҫумӑрӗсем,uɵøe,1,4,1,4,40,101,2,TRUE
eøɵu,4,ушкӑнӗнчен,uɵøe,1,4,1,4,40,101,2,TRUE
eøɵu,4,пуйӑсӗсем,uɵøe,1,4,1,4,40,101,2,TRUE
eøɵu,4,пурнӑҫӗсем,uɵøe,1,4,1,4,40,101,2,TRUE
eøɵu,4,шурлӑхӗпе,uɵøe,1,4,1,4,40,101,2,TRUE
eøɵu,4,ҫурӑкӗнчен,uɵøe,1,4,1,4,40,101,2,TRUE
eøɵu,4,хушӑкӗнчен,uɵøe,1,4,1,4,40,101,2,TRUE
eøɵu,4,ҫурӑмӗсем,uɵøe,1,4,1,4,40,101,2,TRUE
eøɵu,4,ҫӑлкуҫӗсем,ɵuøe,1,4,1,4,40,101,2,TRUE
eøɵu,4,шухӑшӗпех,uɵøe,1,4,1,4,40,101,2,TRUE
eøɵu,4,пурнӑҫӗнчен,uɵøe,1,4,1,4,40,101,2,TRUE
eøɵu,4,улттӑмӗшне,uɵøe,1,4,1,4,40,101,2,TRUE
eøɵu,4,уйӑхӗччен,uɵøe,1,4,1,4,40,101,2,TRUE
eøɵu,4,юхӑмӗнче,uɵøe,1,4,1,4,40,101,2,TRUE
eøɵu,4,уйӑхӗнчех,uɵøe,1,4,1,4,40,101,2,TRUE
eøɵu,4,ушкӑнӗсем,uɵøe,1,4,1,4,40,101,2,TRUE
aeiɵ,4,васильевӑн,aieɵ,3,3,0,8,58,100,2,TRUE
aeiɵ,4,чернявкинӑн,eaiɵ,1,3,0,8,58,100,2,TRUE
aeiɵ,4,савӑннипе,aɵie,10,4,1,8,58,100,2,TRUE
aeiɵ,4,тарӑхнипе,aɵie,9,4,1,8,58,100,2,TRUE
aeiɵ,4,вӑтаннипе,ɵaie,5,4,1,8,58,100,2,TRUE
aeiɵ,4,машинӑсем,aiɵe,4,4,1,8,58,100,2,TRUE
aeiɵ,4,савӑннине,aɵie,4,4,1,8,58,100,2,TRUE
aeiɵ,4,техникӑна,eiɵa,3,4,1,8,58,100,2,TRUE
aeiɵ,4,таврӑннине,aɵie,3,4,1,8,58,100,2,TRUE
aeiɵ,4,пӑлханнине,ɵaie,2,4,1,8,58,100,2,TRUE
aeiɵ,4,хӑтланнине,ɵaie,2,4,1,8,58,100,2,TRUE
aeiɵ,4,кӑтартнине,ɵaie,2,4,1,8,58,100,2,TRUE
aeiɵ,4,лайӑххисем,aɵie,2,4,1,8,58,100,2,TRUE
aeiɵ,4,авӑтнине,aɵie,2,4,1,8,58,100,2,TRUE
aeiɵ,4,пӑлханнипе,ɵaie,2,4,1,8,58,100,2,TRUE
aeiɵ,4,лайӑххине,aɵie,2,4,1,8,58,100,2,TRUE
aeiɵ,4,хӑварнине,ɵaie,2,4,1,8,58,100,2,TRUE
aeiɵ,4,кӑшарнинче,ɵaie,2,4,1,8,58,100,2,TRUE
aeiɵ,4,тарӑхнине,aɵie,1,4,1,8,58,100,2,TRUE
aeiɵ,4,парӑмлине,aɵie,1,4,1,8,58,100,2,TRUE
aeiɵ,4,ӑнланнине,ɵaie,1,4,1,8,58,100,2,TRUE
aeiɵ,4,пӑхаттирле,ɵaie,1,4,1,8,58,100,2,TRUE
aeiɵ,4,ӑнманнине,ɵaie,1,4,1,8,58,100,2,TRUE
aeiɵ,4,сарӑскер-и,aɵei,1,4,1,8,58,100,2,TRUE
aeiɵ,4,ҫӑматтине,ɵaie,1,4,1,8,58,100,2,TRUE
aeiɵ,4,атӑлҫире,aɵie,1,4,1,8,58,100,2,TRUE
aeiɵ,4,тӑвассине,ɵaie,1,4,1,8,58,100,2,TRUE
aeiɵ,4,ӑраттине,ɵaie,1,4,1,8,58,100,2,TRUE
aeiɵ,4,ҫапӑннипе,aɵie,1,4,1,8,58,100,2,TRUE
aeiɵ,4,ӑнланнинче,ɵaie,1,4,1,8,58,100,2,TRUE
aeiɵ,4,палӑртнинчен,aɵie,1,4,1,8,58,100,2,TRUE
aeiɵ,4,мӑйракине,ɵaie,1,4,1,8,58,100,2,TRUE
aeiɵ,4,таврӑннинчен,aɵie,1,4,1,8,58,100,2,TRUE
aeiɵ,4,хӑпарнине,ɵaie,1,4,1,8,58,100,2,TRUE
aeiɵ,4,палӑрнисем,aɵie,1,4,1,8,58,100,2,TRUE
aeiɵ,4,тӑраниччен,ɵaie,1,4,1,8,58,100,2,TRUE
aeiɵ,4,тапӑннине,aɵie,1,4,1,8,58,100,2,TRUE
aeiɵ,4,техникӑпа,eiɵa,1,4,1,8,58,100,2,TRUE
aeiɵ,4,асӑннипе,aɵie,1,4,1,8,58,100,2,TRUE
aeiɵ,4,ватӑлнипе,aɵie,1,4,1,8,58,100,2,TRUE
aeiɵ,4,мӑйракипе,ɵaie,1,4,1,8,58,100,2,TRUE
aeiɵ,4,вӑтаннине,ɵaie,1,4,1,8,58,100,2,TRUE
aeiɵ,4,алшӑллине,aɵie,1,4,1,8,58,100,2,TRUE
aeiɵ,4,чӑмрашкисем,ɵaie,1,4,1,8,58,100,2,TRUE
aeiɵ,4,ҫӑмартисем,ɵaie,1,4,1,8,58,100,2,TRUE
aeiɵ,4,чӑмланипе,ɵaie,1,4,1,8,58,100,2,TRUE
aeiɵ,4,ҫамрӑккипе,aɵie,1,4,1,8,58,100,2,TRUE
aeiɵ,4,тӑвассипе,ɵaie,1,4,1,8,58,100,2,TRUE
aeiɵ,4,сӑнанине,ɵaie,1,4,1,8,58,100,2,TRUE
aeiɵ,4,таврӑннипе,aɵie,1,4,1,8,58,100,2,TRUE
aeiɵ,4,шӑм-шаккине,ɵaie,1,4,1,8,58,100,2,TRUE
aeiɵ,4,мӑйракинчен,ɵaie,1,4,1,8,58,100,2,TRUE
aeiɵ,4,сӑпанипе,ɵaie,1,4,1,8,58,100,2,TRUE
aeiɵ,4,алшӑллипе,aɵie,1,4,1,8,58,100,2,TRUE
aeiɵ,4,тӑваннине,ɵaie,1,4,1,8,58,100,2,TRUE
aeiɵ,4,айӑплине,aɵie,1,4,1,8,58,100,2,TRUE
aeiɵ,4,патӑрьелти,aɵei,1,4,1,8,58,100,2,TRUE
aeiɵ,4,прическӑна,ieɵa,1,4,1,8,58,100,2,TRUE
aeøu,4,укҫа-тенкӗ,uaeø,4,3,0,3,53,99,2,TRUE
aeøu,4,упалентӗм,uaeø,1,3,0,3,53,99,2,TRUE
aeøu,4,ухванеҫӗн,uaeø,1,3,0,3,53,99,2,TRUE
aeøu,4,юлташӗсем,uaøe,15,4,1,3,53,99,2,TRUE
aeøu,4,урамӗнче,uaøe,7,4,1,3,53,99,2,TRUE
aeøu,4,савутӗнче,auøe,5,4,1,3,53,99,2,TRUE
aeøu,4,турачӗсем,uaøe,4,4,1,3,53,99,2,TRUE
aeøu,4,уявӗпе,uaøe,3,4,1,3,53,99,2,TRUE
aeøu,4,урайӗнче,uaøe,3,4,1,3,53,99,2,TRUE
aeøu,4,уявӗсем,uaøe,3,4,1,3,53,99,2,TRUE
aeøu,4,тумламӗсем,uaøe,3,4,1,3,53,99,2,TRUE
aeøu,4,хуранӗпе,uaøe,3,4,1,3,53,99,2,TRUE
aeøu,4,урамӗсем,uaøe,2,4,1,3,53,99,2,TRUE
aeøu,4,сухалӗсем,uaøe,2,4,1,3,53,99,2,TRUE
aeøu,4,сухалӗнчен,uaøe,2,4,1,3,53,99,2,TRUE
aeøu,4,уявӗнче,uaøe,2,4,1,3,53,99,2,TRUE
aeøu,4,хурахӗсем,uaøe,2,4,1,3,53,99,2,TRUE
aeøu,4,алкумӗнчен,auøe,2,4,1,3,53,99,2,TRUE
aeøu,4,тупанӗпе,uaøe,1,4,1,3,53,99,2,TRUE
aeøu,4,юманӗпе,uaøe,1,4,1,3,53,99,2,TRUE
aeøu,4,саппунӗпе,auøe,1,4,1,3,53,99,2,TRUE
aeøu,4,хутламӗсем,uaøe,1,4,1,3,53,99,2,TRUE
aeøu,4,юлташӗсен,uaøe,1,4,1,3,53,99,2,TRUE
aeøu,4,алкумӗнче,auøe,1,4,1,3,53,99,2,TRUE
aeøu,4,куравӗсем,uaøe,1,4,1,3,53,99,2,TRUE
aeøu,4,ҫунатӗнче,uaøe,1,4,1,3,53,99,2,TRUE
aeøu,4,мухтавӗпе,uaøe,1,4,1,3,53,99,2,TRUE
aeøu,4,юлташӗпе,uaøe,1,4,1,3,53,99,2,TRUE
aeøu,4,ҫуначӗсем,uaøe,1,4,1,3,53,99,2,TRUE
aeøu,4,статусӗпе,auøe,1,4,1,3,53,99,2,TRUE
aeøu,4,уявӗсен,uaøe,1,4,1,3,53,99,2,TRUE
aeøu,4,юлташӗ-сем,uaøe,1,4,1,3,53,99,2,TRUE
aeøu,4,ҫуначӗсен,uaøe,1,4,1,3,53,99,2,TRUE
aeøu,4,улахӗнче,uaøe,1,4,1,3,53,99,2,TRUE
aeøu,4,хуньашшӗпе,uaøe,1,4,1,3,53,99,2,TRUE
aeøu,4,сукмакӗпе,uaøe,1,4,1,3,53,99,2,TRUE
aeøu,4,пушмакӗпе,uaøe,1,4,1,3,53,99,2,TRUE
aeøu,4,тупанӗсем,uaøe,1,4,1,3,53,99,2,TRUE
aeøu,4,пуянӗсем,uaøe,1,4,1,3,53,99,2,TRUE
aeøu,4,пушарӗпе,uaøe,1,4,1,3,53,99,2,TRUE
aeøu,4,пралукӗсем,auøe,1,4,1,3,53,99,2,TRUE
aeøu,4,хуранӗнчен,uaøe,1,4,1,3,53,99,2,TRUE
aeøu,4,кантурӗнче,auøe,1,4,1,3,53,99,2,TRUE
aeøu,4,тусанӗпе,uaøe,1,4,1,3,53,99,2,TRUE
aeøu,4,утарӗнче,uaøe,1,4,1,3,53,99,2,TRUE
aeøu,4,юлташӗнчен,uaøe,1,4,1,3,53,99,2,TRUE
aeøu,4,уявӗнчен,uaøe,1,4,1,3,53,99,2,TRUE
aeøu,4,кантурӗнчен,auøe,1,4,1,3,53,99,2,TRUE
aeøu,4,тулашӗнче,uaøe,1,4,1,3,53,99,2,TRUE
aeøu,4,сухалӗпе,uaøe,1,4,1,3,53,99,2,TRUE
aeøu,4,пушмакӗсем,uaøe,1,4,1,3,53,99,2,TRUE
aeøu,4,шухашӗпе,uaøe,1,4,1,3,53,99,2,TRUE
aeøu,4,савучӗсем,auøe,1,4,1,3,53,99,2,TRUE
aøɵɵ,4,савӑнӑҫӗ,aɵɵø,8,1,0,4,42,92,3,TRUE
aøɵɵ,4,калӑпӑшӗ,aɵɵø,2,1,0,4,42,92,3,TRUE
aøɵɵ,4,чарӑнӑвӗ,aɵɵø,2,1,0,4,42,92,3,TRUE
aøɵɵ,4,наркӑмӑшӗ,aɵɵø,1,1,0,4,42,92,3,TRUE
aøɵɵ,4,ҫаврӑнӑшӗ,aɵɵø,1,1,0,4,42,92,3,TRUE
aøɵɵ,4,хӗрарӑмӑн,øaɵɵ,12,2,0,4,42,92,3,TRUE
aøɵɵ,4,мӑнаккӑшӗ,ɵaɵø,5,2,0,4,42,92,3,TRUE
aøɵɵ,4,мӑнаккӑшӗн,ɵaɵø,4,2,0,4,42,92,3,TRUE
aøɵɵ,4,ӑсталӑхӗ,ɵaɵø,3,2,0,4,42,92,3,TRUE
aøɵɵ,4,ӑсталӑхӗн,ɵaɵø,2,2,0,4,42,92,3,TRUE
aøɵɵ,4,кӑларӑмӗ,ɵaɵø,2,2,0,4,42,92,3,TRUE
aøɵɵ,4,мӑнаҫлӑхӗ,ɵaɵø,1,2,0,4,42,92,3,TRUE
aøɵɵ,4,мӑнанкӑшӗ,ɵaɵø,1,2,0,4,42,92,3,TRUE
aøɵɵ,4,пӑтрашӑнчӗҫ,ɵaɵø,1,2,0,4,42,92,3,TRUE
aøɵɵ,4,кӑтартӑвӗ,ɵaɵø,1,2,0,4,42,92,3,TRUE
aøɵɵ,4,пӑшӑлтатрӗ,ɵɵaø,7,3,0,4,42,92,3,TRUE
aøɵɵ,4,тӑрӑшаҫҫӗ,ɵɵaø,7,3,0,4,42,92,3,TRUE
aøɵɵ,4,тӑхӑнаҫҫӗ,ɵɵaø,3,3,0,4,42,92,3,TRUE
aøɵɵ,4,пӑчӑртарӗ,ɵɵaø,3,3,0,4,42,92,3,TRUE
aøɵɵ,4,ӑшӑрахчӗ,ɵɵaø,3,3,0,4,42,92,3,TRUE
aøɵɵ,4,йӑлкӑшаҫҫӗ,ɵɵaø,2,3,0,4,42,92,3,TRUE
aøɵɵ,4,ҫӑвӑнмарӗ,ɵɵaø,1,3,0,4,42,92,3,TRUE
aøɵɵ,4,тӑсӑлаҫҫӗ,ɵɵaø,1,3,0,4,42,92,3,TRUE
aøɵɵ,4,кӑсӑкланчӗҫ,ɵɵaø,1,3,0,4,42,92,3,TRUE
aøɵɵ,4,пӑрӑнасчӗ,ɵɵaø,1,3,0,4,42,92,3,TRUE
aøɵɵ,4,мӑшӑрланчӗҫ,ɵɵaø,1,3,0,4,42,92,3,TRUE
aøɵɵ,4,вӑрӑмланчӗ,ɵɵaø,1,3,0,4,42,92,3,TRUE
aøɵɵ,4,пӑшӑрханчӗ,ɵɵaø,1,3,0,4,42,92,3,TRUE
aøɵɵ,4,чӑмӑртарӗҫ,ɵɵaø,1,3,0,4,42,92,3,TRUE
aøɵɵ,4,хӑтӑлаймӗ,ɵɵaø,1,3,0,4,42,92,3,TRUE
aøɵɵ,4,чӑмӑртанчӗҫ,ɵɵaø,1,3,0,4,42,92,3,TRUE
aøɵɵ,4,пӑшӑлтатрӗҫ,ɵɵaø,1,3,0,4,42,92,3,TRUE
aøɵɵ,4,шӑвӑнаҫҫӗ,ɵɵaø,1,3,0,4,42,92,3,TRUE
aøɵɵ,4,тӑхӑнтартрӗҫ,ɵɵaø,1,3,0,4,42,92,3,TRUE
aøɵɵ,4,кӑмӑлларӗ,ɵɵaø,1,3,0,4,42,92,3,TRUE
aøɵɵ,4,кӑмӑллаҫҫӗ,ɵɵaø,1,3,0,4,42,92,3,TRUE
aøɵɵ,4,ӑнтӑлаҫҫӗ,ɵɵaø,1,3,0,4,42,92,3,TRUE
aøɵɵ,4,чӑмӑртарӗ,ɵɵaø,1,3,0,4,42,92,3,TRUE
aøɵɵ,4,ҫӑмӑлланчӗ,ɵɵaø,1,3,0,4,42,92,3,TRUE
aøɵɵ,4,пӑчӑртанчӗ,ɵɵaø,1,3,0,4,42,92,3,TRUE
aøɵɵ,4,тӑхӑнтарчӗҫ,ɵɵaø,1,3,0,4,42,92,3,TRUE
aøɵɵ,4,хӑтлӑлатӗҫ,ɵɵaø,1,3,0,4,42,92,3,TRUE
aiø,3,савнийӗ,aiø,4,2,0,5,30,90,2,TRUE
aiø,3,иванӗ,iaø,4,2,0,5,30,90,2,TRUE
aiø,3,кавирӗ,aiø,3,2,0,5,30,90,2,TRUE
aiø,3,пиншакӗ,iaø,3,2,0,5,30,90,2,TRUE
aiø,3,архивӗ,aiø,3,2,0,5,30,90,2,TRUE
aiø,3,картишӗ,aiø,2,2,0,5,30,90,2,TRUE
aiø,3,артисчӗ,aiø,2,2,0,5,30,90,2,TRUE
aiø,3,савниҫӗм,aiø,1,2,0,5,30,90,2,TRUE
aiø,3,старикӗн,aiø,1,2,0,5,30,90,2,TRUE
aiø,3,тарҫийӗ,aiø,1,2,0,5,30,90,2,TRUE
aiø,3,кашкинӗ,aiø,1,2,0,5,30,90,2,TRUE
aiø,3,карнисӗ,aiø,1,2,0,5,30,90,2,TRUE
aiø,3,старикӗ,aiø,1,2,0,5,30,90,2,TRUE
aiø,3,кашнийӗ,aiø,1,2,0,5,30,90,2,TRUE
aiø,3,патӗнчи,aøi,16,3,1,5,30,90,2,TRUE
aiø,3,шайӗнчи,aøi,14,3,1,5,30,90,2,TRUE
aiø,3,ялӗнчи,aøi,9,3,1,5,30,90,2,TRUE
aiø,3,айӗнчи,aøi,7,3,1,5,30,90,2,TRUE
aiø,3,хӗрачи,øai,2,3,1,5,30,90,2,TRUE
aiø,3,ашшӗнни,aøi,2,3,1,5,30,90,2,TRUE
aiø,3,кавӗрли,aøi,2,3,1,5,30,90,2,TRUE
aiø,3,итлӗр-ха,iøa,2,3,1,5,30,90,2,TRUE
aiø,3,калӗ-ши,aøi,1,3,1,5,30,90,2,TRUE
aiø,3,класӗнчи,aøi,1,3,1,5,30,90,2,TRUE
aiø,3,памӗҫ-ши,aøi,1,3,1,5,30,90,2,TRUE
aiø,3,кайӗҫ-и,aøi,1,3,1,5,30,90,2,TRUE
aiø,3,килӗр-ха,iøa,1,3,1,5,30,90,2,TRUE
aiø,3,ҫӗркаҫхи,øai,1,3,1,5,30,90,2,TRUE
aiø,3,чимӗр-ха,iøa,1,3,1,5,30,90,2,TRUE
aiø,3,пайӗнчи,aøi,1,3,1,5,30,90,2,TRUE
eɵɵ,3,клеткӑллӑ,eɵɵ,1,1,0,2,39,87,2,TRUE
eɵɵ,3,ҫӑлтӑрсем,ɵɵe,10,3,1,2,39,87,2,TRUE
eɵɵ,3,кӑмӑлне,ɵɵe,6,3,1,2,39,87,2,TRUE
eɵɵ,3,чӑрӑшсем,ɵɵe,6,3,1,2,39,87,2,TRUE
eɵɵ,3,ӑрӑвне,ɵɵe,5,3,1,2,39,87,2,TRUE
eɵɵ,3,вӑйӑсем,ɵɵe,4,3,1,2,39,87,2,TRUE
eɵɵ,3,сӑвӑсем,ɵɵe,4,3,1,2,39,87,2,TRUE
eɵɵ,3,хӑлӑпне,ɵɵe,4,3,1,2,39,87,2,TRUE
eɵɵ,3,вӑхӑтне,ɵɵe,4,3,1,2,39,87,2,TRUE
eɵɵ,3,кӑкӑрне,ɵɵe,4,3,1,2,39,87,2,TRUE
eɵɵ,3,тӑрӑхне,ɵɵe,3,3,1,2,39,87,2,TRUE
eɵɵ,3,сӑвӑссем,ɵɵe,3,3,1,2,39,87,2,TRUE
eɵɵ,3,мӑшӑрне,ɵɵe,3,3,1,2,39,87,2,TRUE
eɵɵ,3,чӑмӑрне,ɵɵe,2,3,1,2,39,87,2,TRUE
eɵɵ,3,шӑтӑкне,ɵɵe,2,3,1,2,39,87,2,TRUE
eɵɵ,3,вӑкӑрсем,ɵɵe,2,3,1,2,39,87,2,TRUE
eɵɵ,3,мӑкӑньпе,ɵɵe,2,3,1,2,39,87,2,TRUE
eɵɵ,3,ӑстӑнне,ɵɵe,1,3,1,2,39,87,2,TRUE
eɵɵ,3,мӑшӑрсем,ɵɵe,1,3,1,2,39,87,2,TRUE
eɵɵ,3,хӑвӑлсем,ɵɵe,1,3,1,2,39,87,2,TRUE
eɵɵ,3,ҫӑлтӑрсен,ɵɵe,1,3,1,2,39,87,2,TRUE
eɵɵ,3,шӑршӑсем,ɵɵe,1,3,1,2,39,87,2,TRUE
eɵɵ,3,тӑлӑпне,ɵɵe,1,3,1,2,39,87,2,TRUE
eɵɵ,3,ӑвӑссем,ɵɵe,1,3,1,2,39,87,2,TRUE
eɵɵ,3,йӑмӑкне,ɵɵe,1,3,1,2,39,87,2,TRUE
eɵɵ,3,мӑйӑрне,ɵɵe,1,3,1,2,39,87,2,TRUE
eɵɵ,3,вӑкӑрне,ɵɵe,1,3,1,2,39,87,2,TRUE
eɵɵ,3,ҫӑлтӑрне,ɵɵe,1,3,1,2,39,87,2,TRUE
eɵɵ,3,шӑмӑсем,ɵɵe,1,3,1,2,39,87,2,TRUE
eɵɵ,3,сӑнсӑрскер,ɵɵe,1,3,1,2,39,87,2,TRUE
eɵɵ,3,шӑпчӑксен,ɵɵe,1,3,1,2,39,87,2,TRUE
eɵɵ,3,ӑйӑрсем,ɵɵe,1,3,1,2,39,87,2,TRUE
eɵɵ,3,пӑчкӑсем,ɵɵe,1,3,1,2,39,87,2,TRUE
eɵɵ,3,кӑткӑсем,ɵɵe,1,3,1,2,39,87,2,TRUE
eɵɵ,3,чӑрӑшсен,ɵɵe,1,3,1,2,39,87,2,TRUE
eɵɵ,3,мӑшӑрсен,ɵɵe,1,3,1,2,39,87,2,TRUE
eɵɵ,3,сӑвӑҫсем,ɵɵe,1,3,1,2,39,87,2,TRUE
eɵɵ,3,йӑнӑшсем,ɵɵe,1,3,1,2,39,87,2,TRUE
eɵɵ,3,ҫӑнӑхне,ɵɵe,1,3,1,2,39,87,2,TRUE
aaiɵ,4,макарихӑн,aaiɵ,4,3,0,7,46,85,2,TRUE
aaiɵ,4,капитанӑн,aiaɵ,1,3,0,7,46,85,2,TRUE
aaiɵ,4,капиталлӑ,aiaɵ,1,3,0,7,46,85,2,TRUE
aaiɵ,4,марийкӑна,aiɵa,13,4,1,7,46,85,2,TRUE
aaiɵ,4,машинӑна,aiɵa,4,4,1,7,46,85,2,TRUE
aaiɵ,4,машинӑпа,aiɵa,4,4,1,7,46,85,2,TRUE
aaiɵ,4,вӑратмалли,ɵaai,4,4,1,7,46,85,2,TRUE
aaiɵ,4,марийкӑпа,aiɵa,3,4,1,7,46,85,2,TRUE
aaiɵ,4,артисткӑна,aiɵa,3,4,1,7,46,85,2,TRUE
aaiɵ,4,маринӑпа,aiɵa,3,4,1,7,46,85,2,TRUE
aaiɵ,4,палӑртмалли,aɵai,3,4,1,7,46,85,2,TRUE
aaiɵ,4,чарӑнайми,aɵai,2,4,1,7,46,85,2,TRUE
aaiɵ,4,хӑтланасси,ɵaai,2,4,1,7,46,85,2,TRUE
aaiɵ,4,ачалӑхри,aaɵi,2,4,1,7,46,85,2,TRUE
aaiɵ,4,каятӑн-и,aaɵi,2,4,1,7,46,85,2,TRUE
aaiɵ,4,алинӑна,aiɵa,2,4,1,7,46,85,2,TRUE
aaiɵ,4,ӑстараххи,ɵaai,2,4,1,7,46,85,2,TRUE
aaiɵ,4,ларисӑна,aiɵa,2,4,1,7,46,85,2,TRUE
aaiɵ,4,тӑварлани,ɵaai,1,4,1,7,46,85,2,TRUE
aaiɵ,4,калатӑр-и,aaɵi,1,4,1,7,46,85,2,TRUE
aaiɵ,4,шанатӑн-и,aaɵi,1,4,1,7,46,85,2,TRUE
aaiɵ,4,каларӑн-и,aaɵi,1,4,1,7,46,85,2,TRUE
aaiɵ,4,самарӑри,aaɵi,1,4,1,7,46,85,2,TRUE
aaiɵ,4,тапӑнмалли,aɵai,1,4,1,7,46,85,2,TRUE
aaiɵ,4,кӑмакари,ɵaai,1,4,1,7,46,85,2,TRUE
aaiɵ,4,ӑҫтарах-ши,ɵaai,1,4,1,7,46,85,2,TRUE
aaiɵ,4,ӑсатасси,ɵaai,1,4,1,7,46,85,2,TRUE
aaiɵ,4,авланнӑ-и,aaɵi,1,4,1,7,46,85,2,TRUE
aaiɵ,4,каҫарӑн-ши,aaɵi,1,4,1,7,46,85,2,TRUE
aaiɵ,4,чӑнласах-и,ɵaai,1,4,1,7,46,85,2,TRUE
aaiɵ,4,таврӑнман-ши,aɵai,1,4,1,7,46,85,2,TRUE
aaiɵ,4,каятӑн-им,aaɵi,1,4,1,7,46,85,2,TRUE
aaiɵ,4,картинӑна,aiɵa,1,4,1,7,46,85,2,TRUE
aaiɵ,4,ашкӑнасси,aɵai,1,4,1,7,46,85,2,TRUE
aaiɵ,4,паллатӑр-и,aaɵi,1,4,1,7,46,85,2,TRUE
aaiɵ,4,паллӑраххи,aɵai,1,4,1,7,46,85,2,TRUE
aaiɵ,4,ямарӑм-ши,aaɵi,1,4,1,7,46,85,2,TRUE
aaiɵ,4,ҫакнӑ-и-ха,aɵia,1,4,1,7,46,85,2,TRUE
aaiɵ,4,малинӑна,aiɵa,1,4,1,7,46,85,2,TRUE
aaiɵ,4,каймарӑн-и,aaɵi,1,4,1,7,46,85,2,TRUE
aaiɵ,4,таврӑнасси,aɵai,1,4,1,7,46,85,2,TRUE
aaiɵ,4,йӑвантарни,ɵaai,1,4,1,7,46,85,2,TRUE
aaiɵ,4,ӑнланмалли,ɵaai,1,4,1,7,46,85,2,TRUE
aaiɵ,4,ӑсатмалли,ɵaai,1,4,1,7,46,85,2,TRUE
aaiɵ,4,тарӑхмалли,aɵai,1,4,1,7,46,85,2,TRUE
aaiɵ,4,кӑтартайми,ɵaai,1,4,1,7,46,85,2,TRUE
eøʉ,3,ҫынсемшӗн,ʉeø,4,2,0,3,11,78,2,TRUE
eøʉ,3,хыҫӗнче,ʉøe,42,3,1,3,11,78,2,TRUE
eøʉ,3,хыҫӗнчен,ʉøe,16,3,1,3,11,78,2,TRUE
eøʉ,3,йышӗнче,ʉøe,4,3,1,3,11,78,2,TRUE
eøʉ,3,шывӗпе,ʉøe,3,3,1,3,11,78,2,TRUE
eøʉ,3,хыҫӗнчех,ʉøe,2,3,1,3,11,78,2,TRUE
eøʉ,3,хыҫӗпе,ʉøe,2,3,1,3,11,78,2,TRUE
eøʉ,3,пырӗнчен,ʉøe,2,3,1,3,11,78,2,TRUE
eøʉ,3,ҫӗршывне,øʉe,1,3,1,3,11,78,2,TRUE
eøʉ,3,йышӗсем,ʉøe,1,3,1,3,11,78,2,TRUE
eøʉ,3,ҫӗршывсем,øʉe,1,3,1,3,11,78,2,TRUE
aaiø,4,начальникӗ,aaiø,8,3,0,5,18,77,2,TRUE
aaiø,4,апат-ҫимӗҫ,aaiø,3,3,0,5,18,77,2,TRUE
aaiø,4,калассишӗн,aaiø,3,3,0,5,18,77,2,TRUE
aaiø,4,аслатисӗр,aaiø,1,3,0,5,18,77,2,TRUE
aaiø,4,капитанӗ,aiaø,1,3,0,5,18,77,2,TRUE
aaiø,4,пахча-ҫимӗҫ,aaiø,1,3,0,5,18,77,2,TRUE
aaiø,4,митрахванӗн,iaaø,1,3,0,5,18,77,2,TRUE
aaiø,4,аслатиллӗ,aaiø,1,3,0,5,18,77,2,TRUE
aaiø,4,малтанхишӗн,aaiø,1,3,0,5,18,77,2,TRUE
aaiø,4,авариллӗ,aaiø,1,3,0,5,18,77,2,TRUE
aaiø,4,йӗри-тавра,øiaa,42,4,1,5,18,77,2,TRUE
aaiø,4,таврашӗнчи,aaøi,7,4,1,5,18,77,2,TRUE
aaiø,4,калавӗнчи,aaøi,2,4,1,5,18,77,2,TRUE
aaiø,4,хайлавӗнчи,aaøi,1,4,1,5,18,77,2,TRUE
aaiø,4,якатӗ-ши,aaøi,1,4,1,5,18,77,2,TRUE
aaiø,4,йӗри-таврах,øiaa,1,4,1,5,18,77,2,TRUE
aaiø,4,каларӗ-и,aaøi,1,4,1,5,18,77,2,TRUE
aaiø,4,сарайӗнчи,aaøi,1,4,1,5,18,77,2,TRUE
iiø,3,министрӗ,iiø,6,2,0,3,25,71,2,TRUE
iiø,3,микихвӗр,iiø,1,2,0,3,25,71,2,TRUE
iiø,3,линийӗ,iiø,1,2,0,3,25,71,2,TRUE
iiø,3,тивнишӗн,iiø,1,2,0,3,25,71,2,TRUE
iiø,3,вилнишӗн,iiø,1,2,0,3,25,71,2,TRUE
iiø,3,килнишӗн,iiø,1,2,0,3,25,71,2,TRUE
iiø,3,хӗрринчи,øii,36,3,1,3,25,71,2,TRUE
iiø,3,килӗнчи,iøi,4,3,1,3,25,71,2,TRUE
iiø,3,кирлӗ-и,iøi,3,3,1,3,25,71,2,TRUE
iiø,3,пирӗшти,iøi,2,3,1,3,25,71,2,TRUE
iiø,3,илтӗн-и,iøi,1,3,1,3,25,71,2,TRUE
iiø,3,ҫитмӗлри,iøi,1,3,1,3,25,71,2,TRUE
iiø,3,илтӗн-им,iøi,1,3,1,3,25,71,2,TRUE
iiø,3,илтӗр-и,iøi,1,3,1,3,25,71,2,TRUE
iiø,3,килтӗн-и,iøi,1,3,1,3,25,71,2,TRUE
iiø,3,питӗнчи,iøi,1,3,1,3,25,71,2,TRUE
iiø,3,вилчӗ-ши,iøi,1,3,1,3,25,71,2,TRUE
iiø,3,ҫирӗмри,iøi,1,3,1,3,25,71,2,TRUE
iiø,3,тимӗрҫи,iøi,1,3,1,3,25,71,2,TRUE
iiø,3,сирӗлми,iøi,1,3,1,3,25,71,2,TRUE
iiø,3,илмӗ-ши,iøi,1,3,1,3,25,71,2,TRUE
iiø,3,илтрӗр-и,iøi,1,3,1,3,25,71,2,TRUE
iiø,3,чӗппинни,øii,1,3,1,3,25,71,2,TRUE
iiø,3,иккӗшин,iøi,1,3,1,3,25,71,2,TRUE
iiø,3,иртӗхни,iøi,1,3,1,3,25,71,2,TRUE
aaeø,4,характерӗ,aaeø,2,3,0,4,38,61,2,TRUE
aaeø,4,ачасемшӗн,aaeø,2,3,0,4,38,61,2,TRUE
aaeø,4,янахсемлӗ,aaeø,1,3,0,4,38,61,2,TRUE
aaeø,4,аванссемшӗн,aaeø,1,3,0,4,38,61,2,TRUE
aaeø,4,таврашӗнче,aaøe,8,4,1,4,38,61,2,TRUE
aaeø,4,ялавӗпе,aaøe,6,4,1,4,38,61,2,TRUE
aaeø,4,таврашӗсем,aaøe,4,4,1,4,38,61,2,TRUE
aaeø,4,хӗрачасем,øaae,3,4,1,4,38,61,2,TRUE
aaeø,4,хастарӗсем,aaøe,3,4,1,4,38,61,2,TRUE
aaeø,4,лапамӗнче,aaøe,2,4,1,4,38,61,2,TRUE
aaeø,4,янахӗнчен,aaøe,2,4,1,4,38,61,2,TRUE
aaeø,4,сарайӗнче,aaøe,1,4,1,4,38,61,2,TRUE
aaeø,4,арманӗнче,aaøe,1,4,1,4,38,61,2,TRUE
aaeø,4,лапамӗсем,aaøe,1,4,1,4,38,61,2,TRUE
aaeø,4,хӗрачасен,øaae,1,4,1,4,38,61,2,TRUE
aaeø,4,ампарӗсем,aaøe,1,4,1,4,38,61,2,TRUE
aaeø,4,карташӗнче,aaøe,1,4,1,4,38,61,2,TRUE
aaeø,4,хаҫатӗнче,aaøe,1,4,1,4,38,61,2,TRUE
aaeø,4,калавӗнче,aaøe,1,4,1,4,38,61,2,TRUE
aaeø,4,таврашӗнчен,aaøe,1,4,1,4,38,61,2,TRUE
aaeø,4,аякӗсем,aaøe,1,4,1,4,38,61,2,TRUE
aaeø,4,автанӗнчен,aaøe,1,4,1,4,38,61,2,TRUE
aaeø,4,калавӗсем,aaøe,1,4,1,4,38,61,2,TRUE
aaeø,4,шаршанӗсем,aaøe,1,4,1,4,38,61,2,TRUE
aaeø,4,каяшӗнчен,aaøe,1,4,1,4,38,61,2,TRUE
aaeø,4,хайлавӗсен,aaøe,1,4,1,4,38,61,2,TRUE
aaeø,4,тепӗртакран,eøaa,1,4,1,4,38,61,2,TRUE
aaeø,4,аслашшӗсем,aaøe,1,4,1,4,38,61,2,TRUE
aaeø,4,арманӗсем,aaøe,1,4,1,4,38,61,2,TRUE
aaeø,4,карапӗсем,aaøe,1,4,1,4,38,61,2,TRUE
aaeø,4,салтакӗсем,aaøe,1,4,1,4,38,61,2,TRUE
aaeø,4,сарайӗнчен,aaøe,1,4,1,4,38,61,2,TRUE
aaeø,4,хавалӗпе,aaøe,1,4,1,4,38,61,2,TRUE
aaeø,4,таврашӗсем),aaøe,1,4,1,4,38,61,2,TRUE
aaeø,4,капанӗсем,aaøe,1,4,1,4,38,61,2,TRUE
aaeø,4,масарӗпех,aaøe,1,4,1,4,38,61,2,TRUE
aaeø,4,пасарӗнчен,aaøe,1,4,1,4,38,61,2,TRUE
aaeø,4,какайӗнче,aaøe,1,4,1,4,38,61,2,TRUE
øøy,3,ӳпӗннӗ,yøø,4,1,0,3,34,59,3,TRUE
øøy,3,пӳлӗмӗн,yøø,3,1,0,3,34,59,3,TRUE
øøy,3,пӳлӗмлӗ,yøø,3,1,0,3,34,59,3,TRUE
øøy,3,ӳпӗнчӗ,yøø,2,1,0,3,34,59,3,TRUE
øøy,3,тӳсӗмӗ,yøø,2,1,0,3,34,59,3,TRUE
øøy,3,ӳкӗнӗҫ,yøø,2,1,0,3,34,59,3,TRUE
øøy,3,ӳт-пӗвӗ,yøø,2,1,0,3,34,59,3,TRUE
øøy,3,тӳсӗпӗр,yøø,2,1,0,3,34,59,3,TRUE
øøy,3,пӳлӗмӗ,yøø,2,1,0,3,34,59,3,TRUE
øøy,3,сӳрӗккӗн,yøø,2,1,0,3,34,59,3,TRUE
øøy,3,ӳсӗмӗ,yøø,2,1,0,3,34,59,3,TRUE
øøy,3,хӳтӗлӗҫ,yøø,1,1,0,3,34,59,3,TRUE
øøy,3,пӳлнӗшӗн,yøø,1,1,0,3,34,59,3,TRUE
øøy,3,кӳлӗнтӗн,yøø,1,1,0,3,34,59,3,TRUE
øøy,3,ӳсӗрчӗ,yøø,1,1,0,3,34,59,3,TRUE
øøy,3,ӳкнӗшӗн,yøø,1,1,0,3,34,59,3,TRUE
øøy,3,ӳсрӗмӗр,yøø,1,1,0,3,34,59,3,TRUE
øøy,3,тӳсӗмлӗ,yøø,1,1,0,3,34,59,3,TRUE
øøy,3,ӳсӗрчӗҫ,yøø,1,1,0,3,34,59,3,TRUE
øøy,3,пӳлӗннӗ,yøø,1,1,0,3,34,59,3,TRUE
øøy,3,ҫӳлӗкӗ,yøø,1,1,0,3,34,59,3,TRUE
øøy,3,кӳлӗннӗ,yøø,1,1,0,3,34,59,3,TRUE
øøy,3,ӳкӗнӗн,yøø,1,1,0,3,34,59,3,TRUE
øøy,3,хӳтлӗхсӗр,yøø,1,1,0,3,34,59,3,TRUE
øøy,3,ҫӳрӗпӗр,yøø,1,1,0,3,34,59,3,TRUE
øøy,3,кӳнӗшӗн,yøø,1,1,0,3,34,59,3,TRUE
øøy,3,кӗтӳҫӗ,øyø,5,2,0,3,34,59,3,TRUE
øøy,3,хӗрӳллӗн,øyø,5,2,0,3,34,59,3,TRUE
øøy,3,хӗрӳллӗ,øyø,2,2,0,3,34,59,3,TRUE
øøy,3,кӗрӳшӗ,øyø,2,2,0,3,34,59,3,TRUE
øøy,3,хӗрӳлӗх,øyø,1,2,0,3,34,59,3,TRUE
øøy,3,кӗтӳҫӗн,øyø,1,2,0,3,34,59,3,TRUE
øøy,3,сӗнӳшӗн,øyø,1,2,0,3,34,59,3,TRUE
øøy,3,ӗмӗрӳ,øøy,1,3,1,3,34,59,3,TRUE
eøɵɵ,4,пӑхнӑҫемӗн,ɵɵeø,1,3,0,2,21,58,2,TRUE
eøɵɵ,4,вӑхӑтӗнче,ɵɵøe,19,4,1,2,21,58,2,TRUE
eøɵɵ,4,тӑрӑхӗнче,ɵɵøe,8,4,1,2,21,58,2,TRUE
eøɵɵ,4,мӑшӑрӗпе,ɵɵøe,5,4,1,2,21,58,2,TRUE
eøɵɵ,4,кӑкӑрӗнчен,ɵɵøe,3,4,1,2,21,58,2,TRUE
eøɵɵ,4,чӑмӑрӗпе,ɵɵøe,2,4,1,2,21,58,2,TRUE
eøɵɵ,4,йӑмӑкӗпе,ɵɵøe,2,4,1,2,21,58,2,TRUE
eøɵɵ,4,кӑкӑрӗпе,ɵɵøe,2,4,1,2,21,58,2,TRUE
eøɵɵ,4,вӑхӑчӗпе,ɵɵøe,2,4,1,2,21,58,2,TRUE
eøɵɵ,4,кӑкӑрӗнче,ɵɵøe,2,4,1,2,21,58,2,TRUE
eøɵɵ,4,тӑрӑхӗнчен,ɵɵøe,2,4,1,2,21,58,2,TRUE
eøɵɵ,4,чӑтлӑхӗнчен,ɵɵøe,1,4,1,2,21,58,2,TRUE
eøɵɵ,4,чӑмӑрӗсем,ɵɵøe,1,4,1,2,21,58,2,TRUE
eøɵɵ,4,тӑрӑхӗсем,ɵɵøe,1,4,1,2,21,58,2,TRUE
eøɵɵ,4,кӑкӑрӗсем,ɵɵøe,1,4,1,2,21,58,2,TRUE
eøɵɵ,4,хӑрпӑкӗсем,ɵɵøe,1,4,1,2,21,58,2,TRUE
eøɵɵ,4,чӑтлӑхӗнче,ɵɵøe,1,4,1,2,21,58,2,TRUE
eøɵɵ,4,ҫӑлтӑрӗсем,ɵɵøe,1,4,1,2,21,58,2,TRUE
eøɵɵ,4,шӑтӑкӗнчен,ɵɵøe,1,4,1,2,21,58,2,TRUE
eøɵɵ,4,чӑрӑшӗнчен,ɵɵøe,1,4,1,2,21,58,2,TRUE
eøɵɵ,4,шӑтӑкӗсем,ɵɵøe,1,4,1,2,21,58,2,TRUE
eeøy,4,тӳсеймесӗр,yeeø,3,3,0,5,44,56,2,TRUE
eeøy,4,ӳкереҫҫӗ,yeeø,2,3,0,5,44,56,2,TRUE
eeøy,4,ӳкермерӗ,yeeø,2,3,0,5,44,56,2,TRUE
eeøy,4,кӳрентернӗ,yeeø,2,3,0,5,44,56,2,TRUE
eeøy,4,ҫӳремерӗ,yeeø,1,3,0,5,44,56,2,TRUE
eeøy,4,ӳккеленӗ,yeeø,1,3,0,5,44,56,2,TRUE
eeøy,4,сӳнтеретпӗр,yeeø,1,3,0,5,44,56,2,TRUE
eeøy,4,сӳнтереймӗн,yeeø,1,3,0,5,44,56,2,TRUE
eeøy,4,ӳстермесӗр,yeeø,1,3,0,5,44,56,2,TRUE
eeøy,4,ӳстеретпӗр,yeeø,1,3,0,5,44,56,2,TRUE
eeøy,4,ҫӳретмелӗх,yeeø,1,3,0,5,44,56,2,TRUE
eeøy,4,чӳречесӗр,yeeø,1,3,0,5,44,56,2,TRUE
eeøy,4,сӳреленӗ,yeeø,1,3,0,5,44,56,2,TRUE
eeøy,4,кӳренмесӗр,yeeø,1,3,0,5,44,56,2,TRUE
eeøy,4,ҫӳретеҫҫӗ,yeeø,1,3,0,5,44,56,2,TRUE
eeøy,4,тӳртереххӗн,yeeø,1,3,0,5,44,56,2,TRUE
eeøy,4,ӳркенмерӗм,yeeø,1,3,0,5,44,56,2,TRUE
eeøy,4,хӳтӗлеме,yøee,3,4,1,5,44,56,2,TRUE
eeøy,4,пӗлтерӳсем,øeye,2,4,1,5,44,56,2,TRUE
eeøy,4,ҫӳренӗрен,yeøe,2,4,1,5,44,56,2,TRUE
eeøy,4,ӳкӗтлесе,yøee,2,4,1,5,44,56,2,TRUE
eeøy,4,хӗрӳленсе,øyee,2,4,1,5,44,56,2,TRUE
eeøy,4,кӳлӗсемпе,yøee,2,4,1,5,44,56,2,TRUE
eeøy,4,ӳкерчӗке,yeøe,1,4,1,5,44,56,2,TRUE
eeøy,4,кӗтӳсенче,øyee,1,4,1,5,44,56,2,TRUE
eeøy,4,лӳчӗркесе,yøee,1,4,1,5,44,56,2,TRUE
eeøy,4,кӗтӳҫсемпе,øyee,1,4,1,5,44,56,2,TRUE
eeøy,4,хӳтӗлесе,yøee,1,4,1,5,44,56,2,TRUE
eeøy,4,ӳкӗнмелле,yøee,1,4,1,5,44,56,2,TRUE
eeøy,4,ҫӳренӗскер,yeøe,1,4,1,5,44,56,2,TRUE
eeøy,4,пӗрлешӳсен,øeye,1,4,1,5,44,56,2,TRUE
eeøy,4,тӳрремӗнех,yeøe,1,4,1,5,44,56,2,TRUE
eeøy,4,ӳпӗнтерсе,yøee,1,4,1,5,44,56,2,TRUE
eeøy,4,ӳкӗтлесен,yøee,1,4,1,5,44,56,2,TRUE
eeøy,4,вӗренӳре,øeye,1,4,1,5,44,56,2,TRUE
eeøy,4,ӳснӗскерсем,yøee,1,4,1,5,44,56,2,TRUE
eeøy,4,кӗреҫӳне,øeye,1,4,1,5,44,56,2,TRUE
eeøy,4,сӗнӳсене,øyee,1,4,1,5,44,56,2,TRUE
eeøy,4,пӳлӗмсене,yøee,1,4,1,5,44,56,2,TRUE
eeøy,4,ҫӳретӗрех,yeøe,1,4,1,5,44,56,2,TRUE
eeøy,4,кӳлемӗше,yeøe,1,4,1,5,44,56,2,TRUE
eeøy,4,пӗрлешӳсем,øeye,1,4,1,5,44,56,2,TRUE
eeøy,4,тӳлевсӗрех,yeøe,1,4,1,5,44,56,2,TRUE
eeøy,4,ӳкерчӗкре,yeøe,1,4,1,5,44,56,2,TRUE
aaɵʉ,4,ыраттарнӑ,ʉaaɵ,2,3,0,3,38,50,2,TRUE
aaɵʉ,4,тытаймастӑн,ʉaaɵ,1,3,0,3,38,50,2,TRUE
aaɵʉ,4,пыраймастӑп,ʉaaɵ,1,3,0,3,38,50,2,TRUE
aaɵʉ,4,ҫывраймарӑм,ʉaaɵ,1,3,0,3,38,50,2,TRUE
aaɵʉ,4,сывлаймасӑр,ʉaaɵ,1,3,0,3,38,50,2,TRUE
aaɵʉ,4,хыпарланӑ,ʉaaɵ,1,3,0,3,38,50,2,TRUE
aaɵʉ,4,ыйткаланӑ,ʉaaɵ,1,3,0,3,38,50,2,TRUE
aaɵʉ,4,тыткаланӑ,ʉaaɵ,1,3,0,3,38,50,2,TRUE
aaɵʉ,4,пытарасшӑн,ʉaaɵ,1,3,0,3,38,50,2,TRUE
aaɵʉ,4,ытакланнӑ,ʉaaɵ,1,3,0,3,38,50,2,TRUE
aaɵʉ,4,пытармасӑр,ʉaaɵ,1,3,0,3,38,50,2,TRUE
aaɵʉ,4,ыталанӑ,ʉaaɵ,1,3,0,3,38,50,2,TRUE
aaɵʉ,4,хыпаланнӑ,ʉaaɵ,1,3,0,3,38,50,2,TRUE
aaɵʉ,4,сывламасӑр,ʉaaɵ,1,3,0,3,38,50,2,TRUE
aaɵʉ,4,хыртаратӑр,ʉaaɵ,1,3,0,3,38,50,2,TRUE
aaɵʉ,4,тыттармасӑр,ʉaaɵ,1,3,0,3,38,50,2,TRUE
aaɵʉ,4,хыпаланӑ,ʉaaɵ,1,3,0,3,38,50,2,TRUE
aaɵʉ,4,сыпкаланӑ,ʉaaɵ,1,3,0,3,38,50,2,TRUE
aaɵʉ,4,ҫывхараймӑн,ʉaaɵ,1,3,0,3,38,50,2,TRUE
aaɵʉ,4,тытӑнмалла,ʉɵaa,5,4,1,3,38,50,2,TRUE
aaɵʉ,4,сылтӑмалла,ʉɵaa,4,4,1,3,38,50,2,TRUE
aaɵʉ,4,йывӑртарах,ʉɵaa,2,4,1,3,38,50,2,TRUE
aaɵʉ,4,ывӑҫласа,ʉɵaa,2,4,1,3,38,50,2,TRUE
aaɵʉ,4,тытатӑпах,ʉaɵa,2,4,1,3,38,50,2,TRUE
aaɵʉ,4,ывӑтмалла,ʉɵaa,2,4,1,3,38,50,2,TRUE
aaɵʉ,4,ҫыпҫӑнакан,ʉɵaa,1,4,1,3,38,50,2,TRUE
aaɵʉ,4,ҫывӑхлансан,ʉɵaa,1,4,1,3,38,50,2,TRUE
aaɵʉ,4,ырланӑран,ʉaɵa,1,4,1,3,38,50,2,TRUE
aaɵʉ,4,тытӑнарах,ʉɵaa,1,4,1,3,38,50,2,TRUE
aaɵʉ,4,ҫыхӑнтарас,ʉɵaa,1,4,1,3,38,50,2,TRUE
aaɵʉ,4,пынӑранпах,ʉɵaa,1,4,1,3,38,50,2,TRUE
aaɵʉ,4,выставкӑна,ʉaɵa,1,4,1,3,38,50,2,TRUE
aaɵʉ,4,йышӑнмалла,ʉɵaa,1,4,1,3,38,50,2,TRUE
aaɵʉ,4,пыратӑнах,ʉaɵa,1,4,1,3,38,50,2,TRUE
aaɵʉ,4,выҫлӑхланса,ʉɵaa,1,4,1,3,38,50,2,TRUE
aaɵʉ,4,ҫывӑхланса,ʉɵaa,1,4,1,3,38,50,2,TRUE
aaɵʉ,4,ывӑнтарать,ʉɵaa,1,4,1,3,38,50,2,TRUE
aaɵʉ,4,хыркӑчласа,ʉɵaa,1,4,1,3,38,50,2,TRUE
aeeø,4,секретарӗн,eeaø,2,3,0,6,38,47,2,TRUE
aeeø,4,парнеленӗ,aeeø,2,3,0,6,38,47,2,TRUE
aeeø,4,секретарӗ,eeaø,2,3,0,6,38,47,2,TRUE
aeeø,4,арестлеҫҫӗ,aeeø,1,3,0,6,38,47,2,TRUE
aeeø,4,ветеранӗ,eeaø,1,3,0,6,38,47,2,TRUE
aeeø,4,парнелеҫҫӗ,aeeø,1,3,0,6,38,47,2,TRUE
aeeø,4,парнелерӗҫ,aeeø,1,3,0,6,38,47,2,TRUE
aeeø,4,валеҫеҫҫӗ,aeeø,1,3,0,6,38,47,2,TRUE
aeeø,4,айӗсене,aøee,3,4,1,6,38,47,2,TRUE
aeeø,4,ячӗсене,aøee,3,4,1,6,38,47,2,TRUE
aeeø,4,хатӗрлесе,aøee,2,4,1,6,38,47,2,TRUE
aeeø,4,чаҫӗсене,aøee,2,4,1,6,38,47,2,TRUE
aeeø,4,хатӗрлеме,aøee,1,4,1,6,38,47,2,TRUE
aeeø,4,патӗнчерех,aøee,1,4,1,6,38,47,2,TRUE
aeeø,4,партнерӗсем,aeøe,1,4,1,6,38,47,2,TRUE
aeeø,4,каҫӗсенче,aøee,1,4,1,6,38,47,2,TRUE
aeeø,4,танкӗсемпе,aøee,1,4,1,6,38,47,2,TRUE
aeeø,4,пайӗсене,aøee,1,4,1,6,38,47,2,TRUE
aeeø,4,хваттерӗнчен,aeøe,1,4,1,6,38,47,2,TRUE
aeeø,4,хваттерӗнче,aeøe,1,4,1,6,38,47,2,TRUE
aeeø,4,кансӗрлесе,aøee,1,4,1,6,38,47,2,TRUE
aeeø,4,ҫарӗсене,aøee,1,4,1,6,38,47,2,TRUE
aeeø,4,мастерӗсем,aeøe,1,4,1,6,38,47,2,TRUE
aeeø,4,ҫарӗсенчен,aøee,1,4,1,6,38,47,2,TRUE
aeeø,4,хваттерлӗскер,aeøe,1,4,1,6,38,47,2,TRUE
aeeø,4,патӗнченех,aøee,1,4,1,6,38,47,2,TRUE
aeeø,4,пӗлкелет-ха,øeea,1,4,1,6,38,47,2,TRUE
aeeø,4,театрӗсен,eaøe,1,4,1,6,38,47,2,TRUE
aeeø,4,мастерӗнче,aeøe,1,4,1,6,38,47,2,TRUE
aeeø,4,сачӗсенче,aøee,1,4,1,6,38,47,2,TRUE
aeeø,4,ялӗсенчен,aøee,1,4,1,6,38,47,2,TRUE
aeeø,4,кансӗрлемест,aøee,1,4,1,6,38,47,2,TRUE
aeeø,4,майӗпенех,aøee,1,4,1,6,38,47,2,TRUE
aeeø,4,хатӗрлекен,aøee,1,4,1,6,38,47,2,TRUE
aeeø,4,кансӗртерех,aøee,1,4,1,6,38,47,2,TRUE
aeeø,4,пӗлеймест-ха,øeea,1,4,1,6,38,47,2,TRUE
aeeø,4,хакӗсемпе,aøee,1,4,1,6,38,47,2,TRUE
aeeø,4,майӗпенрех,aøee,1,4,1,6,38,47,2,TRUE
auʉ,3,юханшыв,uaʉ,17,2,0,3,8,47,2,TRUE
auʉ,3,хурашыв,uaʉ,11,2,0,3,8,47,2,TRUE
auʉ,3,ҫырура,ʉua,7,3,1,3,8,47,2,TRUE
auʉ,3,ыйтупа,ʉua,5,3,1,3,8,47,2,TRUE
auʉ,3,ҫырупа,ʉua,4,3,1,3,8,47,2,TRUE
auʉ,3,хыткукар,ʉua,1,3,1,3,8,47,2,TRUE
auʉ,3,ыйхуна,ʉua,1,3,1,3,8,47,2,TRUE
auʉ,3,ырату,ʉau,1,3,1,3,8,47,2,TRUE
aɵuu,4,пултаруллӑ,uauɵ,20,3,0,5,14,42,2,TRUE
aɵuu,4,пултарулӑх,uauɵ,3,3,0,5,14,42,2,TRUE
aɵuu,4,пултарусӑр,uauɵ,2,3,0,5,14,42,2,TRUE
aɵuu,4,пуҫаруллӑ,uauɵ,1,3,0,5,14,42,2,TRUE
aɵuu,4,хумхануллӑ,uauɵ,1,3,0,5,14,42,2,TRUE
aɵuu,4,юланутҫӑ,uauɵ,1,3,0,5,14,42,2,TRUE
aɵuu,4,юратуллӑн,uauɵ,1,3,0,5,14,42,2,TRUE
aɵuu,4,юратушӑн,uauɵ,1,3,0,5,14,42,2,TRUE
aɵuu,4,юланутлӑ,uauɵ,1,3,0,5,14,42,2,TRUE
aɵuu,4,лару-тӑру,auɵu,6,4,1,5,14,42,2,TRUE
aɵuu,4,тупӑшура,uɵua,2,4,1,5,14,42,2,TRUE
aɵuu,4,хусканӑву,uaɵu,1,4,1,5,14,42,2,TRUE
aɵuu,4,культурӑна,uuɵa,1,4,1,5,14,42,2,TRUE
aɵuu,4,пурнӑҫунта,uɵua,1,4,1,5,14,42,2,TRUE
aeiø,4,шаритленӗ,aieø,1,3,0,9,26,38,2,TRUE
aeiø,4,хайхискерӗн,aieø,1,3,0,9,26,38,2,TRUE
aeiø,4,писательшӗн,iaeø,1,3,0,9,26,38,2,TRUE
aeiø,4,картишӗнче,aiøe,11,4,1,9,26,38,2,TRUE
aeiø,4,иванӗпе,iaøe,2,4,1,9,26,38,2,TRUE
aeiø,4,картишӗнчех,aiøe,2,4,1,9,26,38,2,TRUE
aeiø,4,ҫаннийӗсем,aiøe,1,4,1,9,26,38,2,TRUE
aeiø,4,харшийӗсем,aiøe,1,4,1,9,26,38,2,TRUE
aeiø,4,картишӗнчен,aiøe,1,4,1,9,26,38,2,TRUE
aeiø,4,ватникӗпе,aiøe,1,4,1,9,26,38,2,TRUE
aeiø,4,ялӗсенчи,aøei,1,4,1,9,26,38,2,TRUE
aeiø,4,патӗнчех-и,aøei,1,4,1,9,26,38,2,TRUE
aeiø,4,илетчӗ-ха,ieøa,1,4,1,9,26,38,2,TRUE
aeiø,4,илетӗн-ха,ieøa,1,4,1,9,26,38,2,TRUE
aeiø,4,алсишӗпе,aiøe,1,4,1,9,26,38,2,TRUE
aeiø,4,ӗнисем-ха,øiea,1,4,1,9,26,38,2,TRUE
aeiø,4,пиншакӗпе,iaøe,1,4,1,9,26,38,2,TRUE
aeiø,4,хатӗрлесси,aøei,1,4,1,9,26,38,2,TRUE
aeiø,4,пиншакӗсем,iaøe,1,4,1,9,26,38,2,TRUE
aeiø,4,кашниншӗнех,aiøe,1,4,1,9,26,38,2,TRUE
aeiø,4,кивелмӗ-ха,ieøa,1,4,1,9,26,38,2,TRUE
aeiø,4,илмерӗ-ха,ieøa,1,4,1,9,26,38,2,TRUE
aeiø,4,сисӗнет-ха,iøea,1,4,1,9,26,38,2,TRUE
aeiø,4,ҫӗркаҫипех,øaie,1,4,1,9,26,38,2,TRUE
aeiø,4,пайӗсенчи,aøei,1,4,1,9,26,38,2,TRUE
aeiø,4,савнийӗпе,aiøe,1,4,1,9,26,38,2,TRUE
eiiø,4,пите-питӗн,ieiø,2,3,0,7,26,32,2,TRUE
eiiø,4,критиклерӗ,iieø,2,3,0,7,26,32,2,TRUE
eiiø,4,илессишӗн,ieiø,2,3,0,7,26,32,2,TRUE
eiiø,4,ирттернишӗн,ieiø,1,3,0,7,26,32,2,TRUE
eiiø,4,килессишӗн,ieiø,1,3,0,7,26,32,2,TRUE
eiiø,4,ҫитменнишӗн,ieiø,1,3,0,7,26,32,2,TRUE
eiiø,4,кӗнекинчи,øeii,2,4,1,7,26,32,2,TRUE
eiiø,4,пирӗннисем,iøie,2,4,1,7,26,32,2,TRUE
eiiø,4,сисӗнет-и,iøei,2,4,1,7,26,32,2,TRUE
eiiø,4,сирӗннисем,iøie,1,4,1,7,26,32,2,TRUE
eiiø,4,ҫип-ҫирӗпех,iiøe,1,4,1,7,26,32,2,TRUE
eiiø,4,тивеҫҫӗ-им,ieøi,1,4,1,7,26,32,2,TRUE
eiiø,4,иккӗшинчен,iøie,1,4,1,7,26,32,2,TRUE
eiiø,4,ҫитмерӗ-ши,ieøi,1,4,1,7,26,32,2,TRUE
eiiø,4,килмерӗн-и,ieøi,1,4,1,7,26,32,2,TRUE
eiiø,4,типӗтнине,iøie,1,4,1,7,26,32,2,TRUE
eiiø,4,ҫитӗннисем,iøie,1,4,1,7,26,32,2,TRUE
eiiø,4,илӗртнине,iøie,1,4,1,7,26,32,2,TRUE
eiiø,4,килӗшменни,iøei,1,4,1,7,26,32,2,TRUE
eiiø,4,сисӗнмест-ши,iøei,1,4,1,7,26,32,2,TRUE
eiiø,4,илтетӗн-и,ieøi,1,4,1,7,26,32,2,TRUE
eiiø,4,илетӗп-и,ieøi,1,4,1,7,26,32,2,TRUE
eiiø,4,пирӗннисен,iøie,1,4,1,7,26,32,2,TRUE
eiiø,4,килӗнчисем,iøie,1,4,1,7,26,32,2,TRUE
eiiø,4,килсӗррисен,iøie,1,4,1,7,26,32,2,TRUE
eiiø,4,тивӗҫлипе,iøie,1,4,1,7,26,32,2,TRUE
aøø,3,ячӗллӗ,aøø,7,1,0,2,11,31,2,TRUE
aøø,3,хатӗрлӗҫ,aøø,6,1,0,2,11,31,2,TRUE
aøø,3,хатӗрӗ,aøø,4,1,0,2,11,31,2,TRUE
aøø,3,ашшӗсӗр,aøø,3,1,0,2,11,31,2,TRUE
aøø,3,сас-чӗвӗ,aøø,3,1,0,2,11,31,2,TRUE
aøø,3,яш-кӗрӗм,aøø,2,1,0,2,11,31,2,TRUE
aøø,3,хатӗрӗн,aøø,2,1,0,2,11,31,2,TRUE
aøø,3,кансӗррӗн,aøø,1,1,0,2,11,31,2,TRUE
aøø,3,влаҫӗшӗн,aøø,1,1,0,2,11,31,2,TRUE
aøø,3,ячӗшӗн,aøø,1,1,0,2,11,31,2,TRUE
aøø,3,ҫӗнӗкас,øøa,1,3,1,2,11,31,2,TRUE
eøøy,4,ҫӳренӗшӗн,yeøø,2,2,0,9,24,30,3,TRUE
eøøy,4,ӳкерӗннӗ,yeøø,2,2,0,9,24,30,3,TRUE
eøøy,4,ертӳлӗхӗ,eyøø,1,2,0,9,24,30,3,TRUE
eøøy,4,ӳркенчӗклӗн,yeøø,1,2,0,9,24,30,3,TRUE
eøøy,4,хӳтӗленӗ,yøeø,2,3,0,9,24,30,3,TRUE
eøøy,4,ӳпӗнтерчӗ,yøeø,2,3,0,9,24,30,3,TRUE
eøøy,4,пӗлӳсемшӗн,øyeø,1,3,0,9,24,30,3,TRUE
eøøy,4,ӗшенӳллӗн,øeyø,1,3,0,9,24,30,3,TRUE
eøøy,4,ӳкӗтлерӗ,yøeø,1,3,0,9,24,30,3,TRUE
eøøy,4,хӗрӳленчӗ,øyeø,1,3,0,9,24,30,3,TRUE
eøøy,4,ӳкӗнетӗп,yøeø,1,3,0,9,24,30,3,TRUE
eøøy,4,ӳкӗтленӗ,yøeø,1,3,0,9,24,30,3,TRUE
eøøy,4,ҫӗнтерӳшӗн,øeyø,1,3,0,9,24,30,3,TRUE
eøøy,4,ӳкӗтлеҫҫӗ,yøeø,1,3,0,9,24,30,3,TRUE
eøøy,4,хӗрӳлӗхне,øyøe,2,4,1,9,24,30,3,TRUE
eøøy,4,пӳлӗмӗнче,yøøe,2,4,1,9,24,30,3,TRUE
eøøy,4,кӗтӳҫӗсем,øyøe,1,4,1,9,24,30,3,TRUE
eøøy,4,ҫӳллӗшӗпе,yøøe,1,4,1,9,24,30,3,TRUE
eøøy,4,тӗркӗшӳре,øøye,1,4,1,9,24,30,3,TRUE
eøøy,4,хӗрӳлӗхе,øyøe,1,4,1,9,24,30,3,TRUE
eøøy,4,хӗрӳллӗнрех,øyøe,1,4,1,9,24,30,3,TRUE
eøøy,4,кӗтӳҫӗпе,øyøe,1,4,1,9,24,30,3,TRUE
eøøy,4,ӳт-пӗвӗпе,yøøe,1,4,1,9,24,30,3,TRUE
eøøy,4,пӗтӗмлетӳ,øøey,1,4,1,9,24,30,3,TRUE
aøɵʉ,4,арҫынлӑхӗ,aʉɵø,1,1,0,3,22,29,3,TRUE
aøɵʉ,4,ыранлӑхӗ,ʉaɵø,3,2,0,3,22,29,3,TRUE
aøɵʉ,4,чылайӑшӗ,ʉaɵø,1,2,0,3,22,29,3,TRUE
aøɵʉ,4,тытӑнаҫҫӗ,ʉɵaø,5,3,0,3,22,29,3,TRUE
aøɵʉ,4,тытӑнатчӗ,ʉɵaø,2,3,0,3,22,29,3,TRUE
aøɵʉ,4,йышӑнаҫҫӗ,ʉɵaø,1,3,0,3,22,29,3,TRUE
aøɵʉ,4,тытӑнатчӗҫ,ʉɵaø,1,3,0,3,22,29,3,TRUE
aøɵʉ,4,ывӑнаҫҫӗ,ʉɵaø,1,3,0,3,22,29,3,TRUE
aøɵʉ,4,ҫыпӑҫаҫҫӗ,ʉɵaø,1,3,0,3,22,29,3,TRUE
aøɵʉ,4,ҫырӑнаҫҫӗ,ʉɵaø,1,3,0,3,22,29,3,TRUE
aøɵʉ,4,ҫывӑраҫҫӗ,ʉɵaø,1,3,0,3,22,29,3,TRUE
aøɵʉ,4,йышлӑланчӗ,ʉɵaø,1,3,0,3,22,29,3,TRUE
aøɵʉ,4,ҫыхӑнмарӗ,ʉɵaø,1,3,0,3,22,29,3,TRUE
aøɵʉ,4,ыткӑнатчӗ,ʉɵaø,1,3,0,3,22,29,3,TRUE
aøɵʉ,4,сырӑнаҫҫӗ,ʉɵaø,1,3,0,3,22,29,3,TRUE
aøɵʉ,4,ывӑнатчӗ,ʉɵaø,1,3,0,3,22,29,3,TRUE
aøɵʉ,4,ҫывӑрмарӗҫ,ʉɵaø,1,3,0,3,22,29,3,TRUE
aøɵʉ,4,тыткӑнларӗҫ,ʉɵaø,1,3,0,3,22,29,3,TRUE
aøɵʉ,4,йывӑрланчӗ,ʉɵaø,1,3,0,3,22,29,3,TRUE
aøɵʉ,4,ывӑтаҫҫӗ,ʉɵaø,1,3,0,3,22,29,3,TRUE
aøɵʉ,4,йышӑнатчӗҫ,ʉɵaø,1,3,0,3,22,29,3,TRUE
aøɵʉ,4,ҫывӑхланӗ,ʉɵaø,1,3,0,3,22,29,3,TRUE
eøɵʉ,4,пынӑҫемӗн,ʉɵeø,1,3,0,2,17,29,2,TRUE
eøɵʉ,4,вырӑнӗнче,ʉɵøe,6,4,1,2,17,29,2,TRUE
eøɵʉ,4,ҫывӑхӗнче,ʉɵøe,3,4,1,2,17,29,2,TRUE
eøɵʉ,4,сывлӑхӗпе,ʉɵøe,3,4,1,2,17,29,2,TRUE
eøɵʉ,4,ҫывӑхӗнчех,ʉɵøe,2,4,1,2,17,29,2,TRUE
eøɵʉ,4,хырӑмӗнчен,ʉɵøe,2,4,1,2,17,29,2,TRUE
eøɵʉ,4,тытӑмӗнче,ʉɵøe,2,4,1,2,17,29,2,TRUE
eøɵʉ,4,хырӑмӗнче,ʉɵøe,1,4,1,2,17,29,2,TRUE
eøɵʉ,4,сывлӑшӗпе,ʉɵøe,1,4,1,2,17,29,2,TRUE
eøɵʉ,4,ҫырӑвӗнче,ʉɵøe,1,4,1,2,17,29,2,TRUE
eøɵʉ,4,ыйтӑвӗпе,ʉɵøe,1,4,1,2,17,29,2,TRUE
eøɵʉ,4,ҫырӑвӗнчех,ʉɵøe,1,4,1,2,17,29,2,TRUE
eøɵʉ,4,хырӑмӗсем,ʉɵøe,1,4,1,2,17,29,2,TRUE
eøɵʉ,4,ҫырӑвӗсем,ʉɵøe,1,4,1,2,17,29,2,TRUE
eøɵʉ,4,вырӑнӗпе,ʉɵøe,1,4,1,2,17,29,2,TRUE
eøɵʉ,4,тыткӑнӗнче,ʉɵøe,1,4,1,2,17,29,2,TRUE
eøɵʉ,4,тытӑмӗпе,ʉɵøe,1,4,1,2,17,29,2,TRUE
ɵɵɵu,4,пурӑнӑпӑр,uɵɵɵ,3,1,0,3,16,29,3,TRUE
ɵɵɵu,4,пулӑттӑмӑр,uɵɵɵ,2,1,0,3,16,29,3,TRUE
ɵɵɵu,4,пусӑрӑннӑ,uɵɵɵ,1,1,0,3,16,29,3,TRUE
ɵɵɵu,4,хурӑнлӑхшӑн,uɵɵɵ,1,1,0,3,16,29,3,TRUE
ɵɵɵu,4,пурӑнтӑмӑр,uɵɵɵ,1,1,0,3,16,29,3,TRUE
ɵɵɵu,4,хутшӑнтӑмӑр,uɵɵɵ,1,1,0,3,16,29,3,TRUE
ɵɵɵu,4,сутӑнчӑклӑх,uɵɵɵ,1,1,0,3,16,29,3,TRUE
ɵɵɵu,4,улӑпӑмӑр,uɵɵɵ,1,1,0,3,16,29,3,TRUE
ɵɵɵu,4,тупӑннӑшӑн,uɵɵɵ,1,1,0,3,16,29,3,TRUE
ɵɵɵu,4,пухӑнтӑмӑр,uɵɵɵ,1,1,0,3,16,29,3,TRUE
ɵɵɵu,4,хӑрушсӑрлӑх,ɵuɵɵ,7,2,0,3,16,29,3,TRUE
ɵɵɵu,4,хӑюсӑррӑн,ɵuɵɵ,1,2,0,3,16,29,3,TRUE
ɵɵɵu,4,хӑюлӑхӑм,ɵuɵɵ,1,2,0,3,16,29,3,TRUE
ɵɵɵu,4,хӑюлӑхшӑн,ɵuɵɵ,1,2,0,3,16,29,3,TRUE
ɵɵɵu,4,тӑрӑшуллӑ,ɵɵuɵ,5,3,0,3,16,29,3,TRUE
ɵɵɵu,4,хӑнӑхусӑр,ɵɵuɵ,1,3,0,3,16,29,3,TRUE
øɵɵu,4,пулӑшӑвӗ,uɵɵø,8,1,0,3,12,28,2,TRUE
øɵɵu,4,улшӑнӑвӗ,uɵɵø,6,1,0,3,12,28,2,TRUE
øɵɵu,4,пухӑннӑччӗ,uɵɵø,3,1,0,3,12,28,2,TRUE
øɵɵu,4,тупӑшӑвӗ,uɵɵø,2,1,0,3,12,28,2,TRUE
øɵɵu,4,пусӑрӑнчӗ,uɵɵø,1,1,0,3,12,28,2,TRUE
øɵɵu,4,тухӑҫлӑхӗ,uɵɵø,1,1,0,3,12,28,2,TRUE
øɵɵu,4,вунтӑххӑрмӗш,uɵɵø,1,1,0,3,12,28,2,TRUE
øɵɵu,4,пулӑшӑвӗн,uɵɵø,1,1,0,3,12,28,2,TRUE
øɵɵu,4,хӑрушлӑхӗн,ɵuɵø,2,2,0,3,12,28,2,TRUE
øɵɵu,4,тӗлпулӑвӑн,øuɵɵ,1,2,0,3,12,28,2,TRUE
øɵɵu,4,хӑюлӑхӗ,ɵuɵø,1,2,0,3,12,28,2,TRUE
øɵɵu,4,тӗвтурӑмӑр,øuɵɵ,1,2,0,3,12,28,2,TRUE
eeiɵ,4,интереслӑ,ieeɵ,2,3,0,2,16,27,2,TRUE
eeiɵ,4,сӑввисене,ɵiee,5,4,1,2,16,27,2,TRUE
eeiɵ,4,шӑрҫисене,ɵiee,4,4,1,2,16,27,2,TRUE
eeiɵ,4,йӑвисене,ɵiee,2,4,1,2,16,27,2,TRUE
eeiɵ,4,йӑлисене,ɵiee,2,4,1,2,16,27,2,TRUE
eeiɵ,4,хӑмисене,ɵiee,2,4,1,2,16,27,2,TRUE
eeiɵ,4,кӑтрисене,ɵiee,1,4,1,2,16,27,2,TRUE
eeiɵ,4,кӑтиклесе,ɵiee,1,4,1,2,16,27,2,TRUE
eeiɵ,4,пӑшисене,ɵiee,1,4,1,2,16,27,2,TRUE
eeiɵ,4,хӑнисене,ɵiee,1,4,1,2,16,27,2,TRUE
eeiɵ,4,шӑммисене,ɵiee,1,4,1,2,16,27,2,TRUE
eeiɵ,4,ӑстисене,ɵiee,1,4,1,2,16,27,2,TRUE
eeiɵ,4,тӑррисене,ɵiee,1,4,1,2,16,27,2,TRUE
eeiɵ,4,хӑлхисенчен,ɵiee,1,4,1,2,16,27,2,TRUE
eeiɵ,4,тӑрринелле,ɵiee,1,4,1,2,16,27,2,TRUE
eeiɵ,4,чӑлхисене,ɵiee,1,4,1,2,16,27,2,TRUE
iøøy,4,килӗшӳллӗн,iøyø,21,3,0,2,4,24,2,TRUE
iøøy,4,илӗртӳллӗ,iøyø,1,3,0,2,4,24,2,TRUE
iøøy,4,килӗшӳсӗр,iøyø,1,3,0,2,4,24,2,TRUE
iøøy,4,пӳлӗмӗнчи,yøøi,1,4,1,2,4,24,2,TRUE
aiøɵ,4,тӑвассишӗн,ɵaiø,3,3,0,5,17,23,2,TRUE
aiøɵ,4,ирлӗ-каҫлӑ,iøaɵ,2,3,0,5,17,23,2,TRUE
aiøɵ,4,чашӑк-тирӗк,aɵiø,2,3,0,5,17,23,2,TRUE
aiøɵ,4,чарӑнмиччӗ,aɵiø,2,3,0,5,17,23,2,TRUE
aiøɵ,4,анкӑ-минкӗ,aɵiø,1,3,0,5,17,23,2,TRUE
aiøɵ,4,мӑнастирӗ,ɵaiø,1,3,0,5,17,23,2,TRUE
aiøɵ,4,ӑн-маннишӗн,ɵaiø,1,3,0,5,17,23,2,TRUE
aiøɵ,4,пӑхаттирӗ,ɵaiø,1,3,0,5,17,23,2,TRUE
aiøɵ,4,хӑтланнишӗн,ɵaiø,1,3,0,5,17,23,2,TRUE
aiøɵ,4,хапрӑкӗнчи,aɵøi,2,4,1,5,17,23,2,TRUE
aiøɵ,4,ҫӑварӗнчи,ɵaøi,1,4,1,5,17,23,2,TRUE
aiøɵ,4,ярӑмӗнчи,aɵøi,1,4,1,5,17,23,2,TRUE
aiøɵ,4,таврӑнӗ-ши,aɵøi,1,4,1,5,17,23,2,TRUE
aiøɵ,4,тапхӑрӗнчи,aɵøi,1,4,1,5,17,23,2,TRUE
aiøɵ,4,лаптӑкӗнчи,aɵøi,1,4,1,5,17,23,2,TRUE
aiøɵ,4,анӑҫӗнчи,aɵøi,1,4,1,5,17,23,2,TRUE
aiøɵ,4,вӑрманӗнчи,ɵaøi,1,4,1,5,17,23,2,TRUE
aeɵɵ,4,аленӑшӑн,aeɵɵ,1,2,0,5,18,22,3,TRUE
aeɵɵ,4,теркӑланӑ,eɵaɵ,2,3,0,5,18,22,3,TRUE
aeɵɵ,4,савӑнӑҫне,aɵɵe,3,4,1,5,18,22,3,TRUE
aeɵɵ,4,ҫавӑрнӑскер,aɵɵe,2,4,1,5,18,22,3,TRUE
aeɵɵ,4,хӑлхаллӑскер,ɵaɵe,1,4,1,5,18,22,3,TRUE
aeɵɵ,4,ашкӑнлӑхне,aɵɵe,1,4,1,5,18,22,3,TRUE
aeɵɵ,4,шӑпланнӑҫем,ɵaɵe,1,4,1,5,18,22,3,TRUE
aeɵɵ,4,ӑсталӑхне,ɵaɵe,1,4,1,5,18,22,3,TRUE
aeɵɵ,4,хӑнӑхманскер,ɵɵae,1,4,1,5,18,22,3,TRUE
aeɵɵ,4,хӑтланӑвне,ɵaɵe,1,4,1,5,18,22,3,TRUE
aeɵɵ,4,шӑпланӑҫем,ɵaɵe,1,4,1,5,18,22,3,TRUE
aeɵɵ,4,хӑравҫӑсем,ɵaɵe,1,4,1,5,18,22,3,TRUE
aeɵɵ,4,тӑваттӑшне,ɵaɵe,1,4,1,5,18,22,3,TRUE
aeɵɵ,4,вӑтаннӑскер,ɵaɵe,1,4,1,5,18,22,3,TRUE
aeɵɵ,4,пӑрчӑкансем,ɵɵae,1,4,1,5,18,22,3,TRUE
aeɵɵ,4,пӑтӑрмахсем,ɵɵae,1,4,1,5,18,22,3,TRUE
aeɵɵ,4,паттӑрлӑхне,aɵɵe,1,4,1,5,18,22,3,TRUE
aeɵɵ,4,харпӑрлӑхне,aɵɵe,1,4,1,5,18,22,3,TRUE
aiɵɵ,4,марийкӑшӑн,aiɵɵ,1,2,0,4,16,22,2,TRUE
aiɵɵ,4,тӑсӑласси,ɵɵai,4,4,1,4,16,22,2,TRUE
aiɵɵ,4,ӑнлантӑн-и,ɵaɵi,2,4,1,4,16,22,2,TRUE
aiɵɵ,4,ӑшӑтмалли,ɵɵai,2,4,1,4,16,22,2,TRUE
aiɵɵ,4,хӑтӑласси,ɵɵai,2,4,1,4,16,22,2,TRUE
aiɵɵ,4,ларӑпӑр-и,aɵɵi,1,4,1,4,16,22,2,TRUE
aiɵɵ,4,тӑпӑртатни,ɵɵai,1,4,1,4,16,22,2,TRUE
aiɵɵ,4,хамӑрӑнни,aɵɵi,1,4,1,4,16,22,2,TRUE
aiɵɵ,4,ӑсатрӑр-и,ɵaɵi,1,4,1,4,16,22,2,TRUE
aiɵɵ,4,пӑвӑнасси,ɵɵai,1,4,1,4,16,22,2,TRUE
aiɵɵ,4,чӑвашӑнни,ɵaɵi,1,4,1,4,16,22,2,TRUE
aiɵɵ,4,ӑнлантӑр-и,ɵaɵi,1,4,1,4,16,22,2,TRUE
aiɵɵ,4,парӑпӑр-и,aɵɵi,1,4,1,4,16,22,2,TRUE
aiɵɵ,4,асӑнтӑм-и,aɵɵi,1,4,1,4,16,22,2,TRUE
aiɵɵ,4,хӑтӑлмаллин,ɵɵai,1,4,1,4,16,22,2,TRUE
aiɵɵ,4,кӑмӑллани,ɵɵai,1,4,1,4,16,22,2,TRUE
øøu,3,пулӗччӗ,uøø,10,1,0,2,6,21,2,TRUE
øøu,3,пурӗпӗр,uøø,5,1,0,2,6,21,2,TRUE
øøu,3,пуҫхӗрлӗ,uøø,1,1,0,2,6,21,2,TRUE
øøu,3,тумӗллӗ,uøø,1,1,0,2,6,21,2,TRUE
øøu,3,мӗнпурӗ,øuø,2,2,0,2,6,21,2,TRUE
øøu,3,ӗҫкунӗ,øuø,2,2,0,2,6,21,2,TRUE
aaøʉ,4,ыталарӗ,ʉaaø,2,3,0,2,18,20,2,TRUE
aaøʉ,4,ыраттарчӗ,ʉaaø,2,3,0,2,18,20,2,TRUE
aaøʉ,4,вырнаҫмаҫҫӗ,ʉaaø,1,3,0,2,18,20,2,TRUE
aaøʉ,4,ҫывхаратчӗ,ʉaaø,1,3,0,2,18,20,2,TRUE
aaøʉ,4,ҫывхараҫҫӗ,ʉaaø,1,3,0,2,18,20,2,TRUE
aaøʉ,4,вырнаҫаҫҫӗ,ʉaaø,1,3,0,2,18,20,2,TRUE
aaøʉ,4,ҫыраканӗ,ʉaaø,1,3,0,2,18,20,2,TRUE
aaøʉ,4,сыватаҫҫӗ,ʉaaø,1,3,0,2,18,20,2,TRUE
aaøʉ,4,ҫырлахтарчӗ,ʉaaø,1,3,0,2,18,20,2,TRUE
aaøʉ,4,тыттаратчӗ,ʉaaø,1,3,0,2,18,20,2,TRUE
aaøʉ,4,вылямарӗҫ,ʉaaø,1,3,0,2,18,20,2,TRUE
aaøʉ,4,вылянаҫҫӗ,ʉaaø,1,3,0,2,18,20,2,TRUE
aaøʉ,4,пытараҫҫӗ,ʉaaø,1,3,0,2,18,20,2,TRUE
aaøʉ,4,хывтармарӗ,ʉaaø,1,3,0,2,18,20,2,TRUE
aaøʉ,4,тыттараҫҫӗ,ʉaaø,1,3,0,2,18,20,2,TRUE
aaøʉ,4,хыпаланчӗ,ʉaaø,1,3,0,2,18,20,2,TRUE
aaøʉ,4,ҫырткаларӗ,ʉaaø,1,3,0,2,18,20,2,TRUE
aaøʉ,4,выртмарӗ-ха,ʉaøa,1,4,1,2,18,20,2,TRUE
aɵɵʉ,4,пытартӑмӑр,ʉaɵɵ,1,2,0,3,19,19,3,TRUE
aɵɵʉ,4,йышӑнмарӑм,ʉɵaɵ,1,3,0,3,19,19,3,TRUE
aɵɵʉ,4,йывӑрланнӑ,ʉɵaɵ,1,3,0,3,19,19,3,TRUE
aɵɵʉ,4,йышӑнмастӑп,ʉɵaɵ,1,3,0,3,19,19,3,TRUE
aɵɵʉ,4,йыхӑратпӑр,ʉɵaɵ,1,3,0,3,19,19,3,TRUE
aɵɵʉ,4,ывӑнатӑп,ʉɵaɵ,1,3,0,3,19,19,3,TRUE
aɵɵʉ,4,пысӑклатнӑ,ʉɵaɵ,1,3,0,3,19,19,3,TRUE
aɵɵʉ,4,ыйхӑланӑ,ʉɵaɵ,1,3,0,3,19,19,3,TRUE
aɵɵʉ,4,тытӑнатӑп,ʉɵaɵ,1,3,0,3,19,19,3,TRUE
aɵɵʉ,4,сыпӑланӑ,ʉɵaɵ,1,3,0,3,19,19,3,TRUE
aɵɵʉ,4,пысӑкланнӑ,ʉɵaɵ,1,3,0,3,19,19,3,TRUE
aɵɵʉ,4,ывӑннӑран,ʉɵɵa,1,4,1,3,19,19,3,TRUE
aɵɵʉ,4,хыр-чӑрӑша,ʉɵɵa,1,4,1,3,19,19,3,TRUE
aɵɵʉ,4,йывӑрлӑха,ʉɵɵa,1,4,1,3,19,19,3,TRUE
aɵɵʉ,4,вырӑнлӑрах,ʉɵɵa,1,4,1,3,19,19,3,TRUE
aɵɵʉ,4,ывӑлӑрпа,ʉɵɵa,1,4,1,3,19,19,3,TRUE
aɵɵʉ,4,йышӑннӑран,ʉɵɵa,1,4,1,3,19,19,3,TRUE
aɵɵʉ,4,ҫывӑртӑрах,ʉɵɵa,1,4,1,3,19,19,3,TRUE
aɵɵʉ,4,ҫыхӑнӑва,ʉɵɵa,1,4,1,3,19,19,3,TRUE
aeøø,4,хатӗрленӗ,aøeø,7,3,0,3,8,17,2,TRUE
aeøø,4,хатӗрлеҫҫӗ,aøeø,1,3,0,3,8,17,2,TRUE
aeøø,4,кансӗрлемӗ,aøeø,1,3,0,3,8,17,2,TRUE
aeøø,4,хатӗрлерӗ,aøeø,1,3,0,3,8,17,2,TRUE
aeøø,4,хатӗрӗсем,aøøe,3,4,1,3,8,17,2,TRUE
aeøø,4,хатӗрӗсен,aøøe,2,4,1,3,8,17,2,TRUE
aeøø,4,ашшӗсӗрех,aøøe,1,4,1,3,8,17,2,TRUE
aeøø,4,кӗтетӗн-ха,øeøa,1,4,1,3,8,17,2,TRUE
iøʉ,3,пынишӗн,ʉiø,1,2,0,3,4,17,2,TRUE
iøʉ,3,хыҫӗнчи,ʉøi,7,3,1,3,4,17,2,TRUE
iøʉ,3,ҫӗршыври,øʉi,7,3,1,3,4,17,2,TRUE
iøʉ,3,хырхӗрри,ʉøi,2,3,1,3,4,17,2,TRUE
øuu,3,куҫҫулӗ,uuø,6,2,0,2,6,17,2,TRUE
øuu,3,чуптурӗ,uuø,2,2,0,2,6,17,2,TRUE
øuu,3,куҫҫульсӗр,uuø,1,2,0,2,6,17,2,TRUE
øuu,3,куҫҫуллӗ,uuø,1,2,0,2,6,17,2,TRUE
øuu,3,чуптурӗҫ,uuø,1,2,0,2,6,17,2,TRUE
øuu,3,тӗлпулу,øuu,6,3,1,2,6,17,2,TRUE
eiøy,4,ҫӳренисӗр,yeiø,1,3,0,7,13,15,2,TRUE
eiøy,4,киленӳллӗ,ieyø,1,3,0,7,13,15,2,TRUE
eiøy,4,ҫӳретӗн-и,yeøi,2,4,1,7,13,15,2,TRUE
eiøy,4,ӳкӗннине,yøie,2,4,1,7,13,15,2,TRUE
eiøy,4,хӳтӗлесси,yøei,1,4,1,7,13,15,2,TRUE
eiøy,4,ҫитӗнӳсем,iøye,1,4,1,7,13,15,2,TRUE
eiøy,4,ӳкмерӗр-и,yeøi,1,4,1,7,13,15,2,TRUE
eiøy,4,ирӗкӳпе,iøye,1,4,1,7,13,15,2,TRUE
eiøy,4,хирӗҫӳсем,iøye,1,4,1,7,13,15,2,TRUE
eiøy,4,ҫӳремӗ-и,yeøi,1,4,1,7,13,15,2,TRUE
eiøy,4,хӳтӗлевҫи,yøei,1,4,1,7,13,15,2,TRUE
eiøy,4,хирӗҫлетӳ,iøey,1,4,1,7,13,15,2,TRUE
eiøy,4,ӳсӗмрисен,yøie,1,4,1,7,13,15,2,TRUE
iiɵ,3,кирилӑн,iiɵ,3,2,0,3,8,13,2,TRUE
iiɵ,3,вӑйпитти,ɵii,3,3,1,3,8,13,2,TRUE
iiɵ,3,ӑшчикки,ɵii,2,3,1,3,8,13,2,TRUE
iiɵ,3,нихӑшин,iɵi,1,3,1,3,8,13,2,TRUE
iiɵ,3,тӑрли-ик,ɵii,1,3,1,3,8,13,2,TRUE
iiɵ,3,тӑрринчи,ɵii,1,3,1,3,8,13,2,TRUE
iiɵ,3,ӑш-чикки,ɵii,1,3,1,3,8,13,2,TRUE
iiɵ,3,вилтӑпри,iɵi,1,3,1,3,8,13,2,TRUE
aiøu,4,упрассишӗн,uaiø,1,3,0,3,11,12,2,TRUE
aiøu,4,тухассишӗн,uaiø,1,3,0,3,11,12,2,TRUE
aiøu,4,тупассишӗн,uaiø,1,3,0,3,11,12,2,TRUE
aiøu,4,куҫхаршиллӗ,uaiø,1,3,0,3,11,12,2,TRUE
aiøu,4,хӗлимуна,øiua,2,4,1,3,11,12,2,TRUE
aiøu,4,пулатчӗ-ши,uaøi,1,4,1,3,11,12,2,TRUE
aiøu,4,урамӗнчи,uaøi,1,4,1,3,11,12,2,TRUE
aiøu,4,хӗлимунран,øiua,1,4,1,3,11,12,2,TRUE
aiøu,4,пулайӗ-ши,uaøi,1,4,1,3,11,12,2,TRUE
aiøu,4,уявӗнчи,uaøi,1,4,1,3,11,12,2,TRUE
aiøu,4,хӗлимунпа,øiua,1,4,1,3,11,12,2,TRUE
iøøø,4,иксӗмӗрӗн,iøøø,2,1,0,2,9,11,2,TRUE
iøøø,4,сисӗнчӗксӗр,iøøø,2,1,0,2,9,11,2,TRUE
iøøø,4,ирӗклӗхшӗн,iøøø,1,1,0,2,9,11,2,TRUE
iøøø,4,ирӗклӗхӗ,iøøø,1,1,0,2,9,11,2,TRUE
iøøø,4,килӗшӗвӗ,iøøø,1,1,0,2,9,11,2,TRUE
iøøø,4,пиллӗкӗшӗ,iøøø,1,1,0,2,9,11,2,TRUE
iøøø,4,ишӗлчӗкӗ,iøøø,1,1,0,2,9,11,2,TRUE
iøøø,4,питӗркӗчӗ,iøøø,1,1,0,2,9,11,2,TRUE
iøøø,4,ӗҫкӗ-ҫикӗ,øøiø,1,3,0,2,9,11,2,TRUE
iøɵu,4,урӑххишӗн,uɵiø,2,3,0,2,9,11,2,TRUE
iøɵu,4,туртӑм-сисӗм,uɵiø,1,3,0,2,9,11,2,TRUE
iøɵu,4,вунӑ-ҫирӗм,uɵiø,1,3,0,2,9,11,2,TRUE
iøɵu,4,пурнӑҫӗнчи,uɵøi,2,4,1,2,9,11,2,TRUE
iøɵu,4,уйӑхӗнчи,uɵøi,1,4,1,2,9,11,2,TRUE
iøɵu,4,пурӑнӗҫ-ши,uɵøi,1,4,1,2,9,11,2,TRUE
iøɵu,4,урӑлчӗ-и,uɵøi,1,4,1,2,9,11,2,TRUE
iøɵu,4,улӑхӗнчи,uɵøi,1,4,1,2,9,11,2,TRUE
iøɵu,4,курӑнчӗ-ши,uɵøi,1,4,1,2,9,11,2,TRUE
iøɵ,3,нихӑшӗ,iɵø,2,1,0,3,8,10,3,TRUE
iøɵ,3,ӑшчикӗ,ɵiø,1,2,0,3,8,10,3,TRUE
iøɵ,3,пӑшишӗн,ɵiø,1,2,0,3,8,10,3,TRUE
iøɵ,3,ӑшӗнчи,ɵøi,2,3,1,3,8,10,3,TRUE
iøɵ,3,тӑнӗнчи,ɵøi,1,3,1,3,8,10,3,TRUE
iøɵ,3,пӑхӗҫ-ши,ɵøi,1,3,1,3,8,10,3,TRUE
iøɵ,3,тӑчӗҫ-и,ɵøi,1,3,1,3,8,10,3,TRUE
iøɵ,3,хӑйӗнни,ɵøi,1,3,1,3,8,10,3,TRUE
øøøy,4,ӳсӗмӗшӗн,yøøø,4,1,0,2,4,10,2,TRUE
øøøy,4,ӳсӗрӗлнӗ,yøøø,3,1,0,2,4,10,2,TRUE
øøøy,4,тӳсӗмлӗхӗ,yøøø,1,1,0,2,4,10,2,TRUE
øøøy,4,хӗрӳлӗхӗ,øyøø,2,2,0,2,4,10,2,TRUE
eiøu,4,учителӗн,uieø,1,3,0,4,9,9,2,TRUE
eiøu,4,техникумӗ,eiuø,1,3,0,4,9,9,2,TRUE
eiøu,4,туллиехчӗ,uieø,1,3,0,4,9,9,2,TRUE
eiøu,4,учителӗ,uieø,1,3,0,4,9,9,2,TRUE
eiøu,4,ҫӗрулмипе,øuie,1,4,1,4,9,9,2,TRUE
eiøu,4,ҫӗрулминех,øuie,1,4,1,4,9,9,2,TRUE
eiøu,4,тумтирӗнчен,uiøe,1,4,1,4,9,9,2,TRUE
eiøu,4,тумтирӗсем,uiøe,1,4,1,4,9,9,2,TRUE
eiøu,4,тумтирӗпе,uiøe,1,4,1,4,9,9,2,TRUE
ɵuʉ,3,ыйтуллӑн,ʉuɵ,1,2,0,2,5,9,2,TRUE
ɵuʉ,3,ывӑлу,ʉɵu,3,3,1,2,5,9,2,TRUE
ɵuʉ,3,ҫыхӑну,ʉɵu,3,3,1,2,5,9,2,TRUE
ɵuʉ,3,йышӑну,ʉɵu,1,3,1,2,5,9,2,TRUE
ɵuʉ,3,сывлӑху,ʉɵu,1,3,1,2,5,9,2,TRUE
ɵɵuʉ,4,умлӑ-хыҫлӑн,uɵʉɵ,3,1,0,2,5,9,2,TRUE
ɵɵuʉ,4,умлӑн-хыҫлӑн,uɵʉɵ,2,1,0,2,5,9,2,TRUE
ɵɵuʉ,4,умлӑ-хыҫлӑ,uɵʉɵ,2,1,0,2,5,9,2,TRUE
ɵɵuʉ,4,ҫыпӑҫуллӑ,ʉɵuɵ,1,3,0,2,5,9,2,TRUE
ɵɵuʉ,4,ҫыпӑҫуллӑн,ʉɵuɵ,1,3,0,2,5,9,2,TRUE
aøøɵ,4,амӑшӗсӗр,aɵøø,3,1,0,3,6,8,3,TRUE
aøøɵ,4,лаптӑкӗшӗн,aɵøø,1,1,0,3,6,8,3,TRUE
aøøɵ,4,арӑмӗсӗр,aɵøø,1,1,0,3,6,8,3,TRUE
aøøɵ,4,халӑхӗшӗн,aɵøø,1,1,0,3,6,8,3,TRUE
aøøɵ,4,хӗрарӑмӗ,øaɵø,1,2,0,3,6,8,3,TRUE
aøøɵ,4,хӗрӗх-аллӑ,øøaɵ,1,3,0,3,6,8,3,TRUE
iɵɵu,4,искусствӑллӑ,iuɵɵ,2,2,0,2,5,8,2,TRUE
iɵɵu,4,сурӑхӑнни,uɵɵi,3,4,1,2,5,8,2,TRUE
iɵɵu,4,пулӑттӑм-и,uɵɵi,1,4,1,2,5,8,2,TRUE
iɵɵu,4,тухӑпӑр-и,uɵɵi,1,4,1,2,5,8,2,TRUE
iɵɵu,4,пулӑттӑн-и,uɵɵi,1,4,1,2,5,8,2,TRUE
eøuu,4,ҫуркуннесӗр,uueø,1,3,0,3,6,7,2,TRUE
eøuu,4,куҫҫулӗпе,uuøe,2,4,1,3,6,7,2,TRUE
eøuu,4,куҫҫулӗсем,uuøe,1,4,1,3,6,7,2,TRUE
eøuu,4,турӗ-турех,uøue,1,4,1,3,6,7,2,TRUE
eøuu,4,шурутӗнче,uuøe,1,4,1,3,6,7,2,TRUE
eøuu,4,куҫҫулӗнчен,uuøe,1,4,1,3,6,7,2,TRUE
eeøʉ,4,ҫынсемехчӗ,ʉeeø,1,3,0,3,4,4,2,TRUE
eeøʉ,4,хыҫӗсене,ʉøee,1,4,1,3,4,4,2,TRUE
eeøʉ,4,ҫӗршывсенче,øʉee,1,4,1,3,4,4,2,TRUE
eeøʉ,4,хыҫӗнченех,ʉøee,1,4,1,3,4,4,2,TRUE
eiøʉ,4,чыс-хисепӗ,ʉieø,1,3,0,2,4,4,2,TRUE
eiøʉ,4,ыттисемшӗн,ʉieø,1,3,0,2,4,4,2,TRUE
eiøʉ,4,ҫыннисемшӗн,ʉieø,1,3,0,2,4,4,2,TRUE
eiøʉ,4,хырхӗррисем,ʉøie,1,4,1,2,4,4,2,TRUE
iiøø,4,кирлӗ-кирлӗ,iøiø,2,3,0,3,3,4,2,TRUE
iiøø,4,пӗли-пӗлми,øiøi,1,4,1,3,3,4,2,TRUE
iiøø,4,питӗртӗн-и,iøøi,1,4,1,3,3,4,2,TRUE
ɵɵuu,4,культурӑллӑ,uuɵɵ,1,2,0,2,4,4,2,TRUE
ɵɵuu,4,хуйхӑ-суйхӑ,uɵuɵ,1,3,0,2,4,4,2,TRUE
ɵɵuu,4,куҫлӑ-куҫлӑ,uɵuɵ,1,3,0,2,4,4,2,TRUE
ɵɵuu,4,утӑ-улӑм,uɵuɵ,1,3,0,2,4,4,2,TRUE
aiiø,4,инваличӗ,iaiø,1,3,0,3,3,3,2,TRUE
aiiø,4,йӗри-таври,øiai,1,4,1,3,3,3,2,TRUE
aiiø,4,ватти-вӗтти,aiøi,1,4,1,3,3,3,2,TRUE
eøøu,4,чун-чӗреллӗ,uøeø,2,3,0,2,2,3,2,TRUE
eøøu,4,пурӗпӗрех,uøøe,1,4,1,2,2,3,2,TRUE
aøuʉ,4,юханшывӗн,uaʉø,1,2,0,2,2,2,2,TRUE
aøuʉ,4,сывпуллашрӗ,ʉuaø,1,3,0,2,2,2,2,TRUE
aøy,3,сас-чӳсӗр,ayø,1,2,0,2,2,2,2,TRUE
aøy,3,ӳкмӗ-ха,yøa,1,3,1,2,2,2,2,TRUE
aɵuʉ,4,юханшывӑн,uaʉɵ,1,2,0,2,2,2,2,TRUE
aɵuʉ,4,умлӑ-хыҫлах,uɵʉa,1,4,1,2,2,2,2,TRUE
eeeɵ,4,элементлӑ,eeeɵ,1,3,0,2,2,2,2,TRUE
eeeɵ,4,нервӑсене,eɵee,1,4,1,2,2,2,2,TRUE
au,2,унта,ua,779,2,1,2,662,12029,1,FALSE
au,2,пулсан,ua,423,2,1,2,662,12029,1,FALSE
au,2,унтан,ua,397,2,1,2,662,12029,1,FALSE
au,2,пулать,ua,372,2,1,2,662,12029,1,FALSE
au,2,нумай,ua,338,2,1,2,662,12029,1,FALSE
au,2,кунта,ua,335,2,1,2,662,12029,1,FALSE
au,2,пулса,ua,306,2,1,2,662,12029,1,FALSE
au,2,тума,ua,247,2,1,2,662,12029,1,FALSE
au,2,туса,ua,236,2,1,2,662,12029,1,FALSE
au,2,хура,ua,230,2,1,2,662,12029,1,FALSE
au,2,пулас,ua,208,2,1,2,662,12029,1,FALSE
au,2,унпа,ua,186,2,1,2,662,12029,1,FALSE
au,2,ура,ua,186,2,1,2,662,12029,1,FALSE
au,2,тухса,ua,161,2,1,2,662,12029,1,FALSE
au,2,якур,au,148,2,1,2,662,12029,1,FALSE
au,2,укҫа,ua,138,2,1,2,662,12029,1,FALSE
au,2,ҫула,ua,129,2,1,2,662,12029,1,FALSE
au,2,усал,ua,120,2,1,2,662,12029,1,FALSE
au,2,хула,ua,115,2,1,2,662,12029,1,FALSE
au,2,утса,ua,109,2,1,2,662,12029,1,FALSE
au,2,пулма,ua,106,2,1,2,662,12029,1,FALSE
au,2,пулман,ua,102,2,1,2,662,12029,1,FALSE
au,2,ҫулта,ua,101,2,1,2,662,12029,1,FALSE
au,2,тухать,ua,98,2,1,2,662,12029,1,FALSE
au,2,кулса,ua,97,2,1,2,662,12029,1,FALSE
au,2,юлташ,ua,96,2,1,2,662,12029,1,FALSE
au,2,пула,ua,95,2,1,2,662,12029,1,FALSE
au,2,курса,ua,92,2,1,2,662,12029,1,FALSE
au,2,пулмасть,ua,89,2,1,2,662,12029,1,FALSE
au,2,юрать,ua,84,2,1,2,662,12029,1,FALSE
au,2,юман,ua,82,2,1,2,662,12029,1,FALSE
au,2,уяв,ua,82,2,1,2,662,12029,1,FALSE
au,2,лару,au,80,2,1,2,662,12029,1,FALSE
au,2,унран,ua,78,2,1,2,662,12029,1,FALSE
au,2,курма,ua,75,2,1,2,662,12029,1,FALSE
au,2,тухсан,ua,74,2,1,2,662,12029,1,FALSE
au,2,курсан,ua,71,2,1,2,662,12029,1,FALSE
au,2,пушар,ua,68,2,1,2,662,12029,1,FALSE
au,2,курман,ua,67,2,1,2,662,12029,1,FALSE
au,2,кура,ua,62,2,1,2,662,12029,1,FALSE
au,2,уҫса,ua,60,2,1,2,662,12029,1,FALSE
au,2,ванюк,au,60,2,1,2,662,12029,1,FALSE
au,2,утать,ua,57,2,1,2,662,12029,1,FALSE
au,2,хута,ua,55,2,1,2,662,12029,1,FALSE
au,2,хурса,ua,53,2,1,2,662,12029,1,FALSE
au,2,кунах,ua,53,2,1,2,662,12029,1,FALSE
au,2,куна,ua,53,2,1,2,662,12029,1,FALSE
au,2,пуян,ua,53,2,1,2,662,12029,1,FALSE
au,2,шкула,ua,50,2,1,2,662,12029,1,FALSE
au,2,кунтан,ua,50,2,1,2,662,12029,1,FALSE
au,2,чуна,ua,50,2,1,2,662,12029,1,FALSE
au,2,юлать,ua,49,2,1,2,662,12029,1,FALSE
au,2,урам,ua,49,2,1,2,662,12029,1,FALSE
au,2,хумкка,ua,49,2,1,2,662,12029,1,FALSE
au,2,тусан,ua,48,2,1,2,662,12029,1,FALSE
au,2,утма,ua,45,2,1,2,662,12029,1,FALSE
au,2,юпа,ua,45,2,1,2,662,12029,1,FALSE
au,2,пукан,ua,44,2,1,2,662,12029,1,FALSE
au,2,ҫулпа,ua,44,2,1,2,662,12029,1,FALSE
au,2,тупса,ua,43,2,1,2,662,12029,1,FALSE
au,2,турат,ua,41,2,1,2,662,12029,1,FALSE
au,2,ваҫук,au,40,2,1,2,662,12029,1,FALSE
au,2,пуҫа,ua,38,2,1,2,662,12029,1,FALSE
au,2,ҫулла,ua,38,2,1,2,662,12029,1,FALSE
au,2,ҫурта,ua,38,2,1,2,662,12029,1,FALSE
au,2,ухмах,ua,37,2,1,2,662,12029,1,FALSE
au,2,куҫа,ua,37,2,1,2,662,12029,1,FALSE
au,2,улька,ua,37,2,1,2,662,12029,1,FALSE
au,2,мускав,ua,36,2,1,2,662,12029,1,FALSE
au,2,шута,ua,36,2,1,2,662,12029,1,FALSE
au,2,хуҫа,ua,35,2,1,2,662,12029,1,FALSE
au,2,ҫуса,ua,35,2,1,2,662,12029,1,FALSE
au,2,куҫран,ua,35,2,1,2,662,12029,1,FALSE
au,2,маттур,au,34,2,1,2,662,12029,1,FALSE
au,2,шутпа,ua,34,2,1,2,662,12029,1,FALSE
au,2,хушса,ua,33,2,1,2,662,12029,1,FALSE
au,2,умра,ua,33,2,1,2,662,12029,1,FALSE
au,2,ҫулах,ua,32,2,1,2,662,12029,1,FALSE
au,2,тупма,ua,32,2,1,2,662,12029,1,FALSE
au,2,шкулта,ua,32,2,1,2,662,12029,1,FALSE
au,2,юлман,ua,31,2,1,2,662,12029,1,FALSE
au,2,чупса,ua,31,2,1,2,662,12029,1,FALSE
au,2,хурать,ua,31,2,1,2,662,12029,1,FALSE
au,2,урай,ua,31,2,1,2,662,12029,1,FALSE
au,2,ҫултан,ua,31,2,1,2,662,12029,1,FALSE
au,2,ваҫҫук,au,30,2,1,2,662,12029,1,FALSE
au,2,пусса,ua,30,2,1,2,662,12029,1,FALSE
au,2,туман,ua,30,2,1,2,662,12029,1,FALSE
au,2,тухма,ua,30,2,1,2,662,12029,1,FALSE
au,2,ҫунса,ua,29,2,1,2,662,12029,1,FALSE
au,2,ҫуртра,ua,29,2,1,2,662,12029,1,FALSE
au,2,ҫурла,ua,29,2,1,2,662,12029,1,FALSE
au,2,юмах,ua,28,2,1,2,662,12029,1,FALSE
au,2,курать,ua,28,2,1,2,662,12029,1,FALSE
au,2,тухас,ua,28,2,1,2,662,12029,1,FALSE
au,2,хусан,ua,28,2,1,2,662,12029,1,FALSE
au,2,тутар,ua,26,2,1,2,662,12029,1,FALSE
au,2,куҫса,ua,26,2,1,2,662,12029,1,FALSE
au,2,шуса,ua,26,2,1,2,662,12029,1,FALSE
au,2,мустай,ua,26,2,1,2,662,12029,1,FALSE
au,2,ҫума,ua,25,2,1,2,662,12029,1,FALSE
au,2,туртса,ua,24,2,1,2,662,12029,1,FALSE
au,2,юсав,ua,24,2,1,2,662,12029,1,FALSE
au,2,юлса,ua,24,2,1,2,662,12029,1,FALSE
au,2,асту,au,23,2,1,2,662,12029,1,FALSE
au,2,сулса,ua,23,2,1,2,662,12029,1,FALSE
au,2,курас,ua,23,2,1,2,662,12029,1,FALSE
au,2,юра,ua,23,2,1,2,662,12029,1,FALSE
au,2,купрат,ua,23,2,1,2,662,12029,1,FALSE
au,2,ҫуран,ua,22,2,1,2,662,12029,1,FALSE
au,2,хупса,ua,22,2,1,2,662,12029,1,FALSE
au,2,хутра,ua,22,2,1,2,662,12029,1,FALSE
au,2,пусма,ua,22,2,1,2,662,12029,1,FALSE
au,2,чунтан,ua,21,2,1,2,662,12029,1,FALSE
au,2,хума,ua,21,2,1,2,662,12029,1,FALSE
au,2,уҫма,ua,21,2,1,2,662,12029,1,FALSE
au,2,пухса,ua,21,2,1,2,662,12029,1,FALSE
au,2,уйра,ua,20,2,1,2,662,12029,1,FALSE
au,2,юхса,ua,20,2,1,2,662,12029,1,FALSE
au,2,кунтах,ua,20,2,1,2,662,12029,1,FALSE
au,2,усса,ua,20,2,1,2,662,12029,1,FALSE
au,2,кану,au,20,2,1,2,662,12029,1,FALSE
au,2,суха,ua,20,2,1,2,662,12029,1,FALSE
au,2,турра,ua,20,2,1,2,662,12029,1,FALSE
au,2,кушак,ua,19,2,1,2,662,12029,1,FALSE
au,2,туйса,ua,19,2,1,2,662,12029,1,FALSE
au,2,суса,ua,19,2,1,2,662,12029,1,FALSE
au,2,сутма,ua,19,2,1,2,662,12029,1,FALSE
au,2,ҫуна,ua,19,2,1,2,662,12029,1,FALSE
au,2,унтах,ua,19,2,1,2,662,12029,1,FALSE
au,2,чупать,ua,18,2,1,2,662,12029,1,FALSE
au,2,юлма,ua,18,2,1,2,662,12029,1,FALSE
au,2,юхать,ua,18,2,1,2,662,12029,1,FALSE
au,2,лука,ua,18,2,1,2,662,12029,1,FALSE
au,2,шутра,ua,18,2,1,2,662,12029,1,FALSE
au,2,юлас,ua,17,2,1,2,662,12029,1,FALSE
au,2,лушка,ua,17,2,1,2,662,12029,1,FALSE
au,2,юрра,ua,17,2,1,2,662,12029,1,FALSE
au,2,шуйттан,ua,17,2,1,2,662,12029,1,FALSE
au,2,ҫуртран,ua,16,2,1,2,662,12029,1,FALSE
au,2,сутса,ua,16,2,1,2,662,12029,1,FALSE
au,2,юлсан,ua,16,2,1,2,662,12029,1,FALSE
au,2,сухан,ua,16,2,1,2,662,12029,1,FALSE
au,2,упа,ua,16,2,1,2,662,12029,1,FALSE
au,2,ума,ua,15,2,1,2,662,12029,1,FALSE
au,2,курка,ua,15,2,1,2,662,12029,1,FALSE
au,2,кукка,ua,15,2,1,2,662,12029,1,FALSE
au,2,туя,ua,15,2,1,2,662,12029,1,FALSE
au,2,юхан,ua,14,2,1,2,662,12029,1,FALSE
au,2,шалу,au,14,2,1,2,662,12029,1,FALSE
au,2,хутса,ua,14,2,1,2,662,12029,1,FALSE
au,2,сукмак,ua,14,2,1,2,662,12029,1,FALSE
au,2,лутра,ua,14,2,1,2,662,12029,1,FALSE
au,2,чутах,ua,14,2,1,2,662,12029,1,FALSE
au,2,хурах,ua,13,2,1,2,662,12029,1,FALSE
au,2,суя,ua,13,2,1,2,662,12029,1,FALSE
au,2,пушмак,ua,13,2,1,2,662,12029,1,FALSE
au,2,туртать,ua,13,2,1,2,662,12029,1,FALSE
au,2,хушма,ua,13,2,1,2,662,12029,1,FALSE
au,2,шултра,ua,13,2,1,2,662,12029,1,FALSE
au,2,ҫулран,ua,13,2,1,2,662,12029,1,FALSE
au,2,юнпа,ua,12,2,1,2,662,12029,1,FALSE
au,2,тупас,ua,12,2,1,2,662,12029,1,FALSE
au,2,ҫунать,ua,12,2,1,2,662,12029,1,FALSE
au,2,кукша,ua,12,2,1,2,662,12029,1,FALSE
au,2,тунькка,ua,12,2,1,2,662,12029,1,FALSE
au,2,уяр,ua,12,2,1,2,662,12029,1,FALSE
au,2,ула,ua,12,2,1,2,662,12029,1,FALSE
au,2,юрлать,ua,12,2,1,2,662,12029,1,FALSE
au,2,уя,ua,12,2,1,2,662,12029,1,FALSE
au,2,куҫпа,ua,12,2,1,2,662,12029,1,FALSE
au,2,пуля,ua,12,2,1,2,662,12029,1,FALSE
au,2,шкултан,ua,12,2,1,2,662,12029,1,FALSE
au,2,кулать,ua,12,2,1,2,662,12029,1,FALSE
au,2,сума,ua,12,2,1,2,662,12029,1,FALSE
au,2,санюк,au,11,2,1,2,662,12029,1,FALSE
au,2,аҫу,au,11,2,1,2,662,12029,1,FALSE
au,2,тулса,ua,11,2,1,2,662,12029,1,FALSE
au,2,якку,au,11,2,1,2,662,12029,1,FALSE
au,2,хурал,ua,11,2,1,2,662,12029,1,FALSE
au,2,атту,au,11,2,1,2,662,12029,1,FALSE
au,2,курах,ua,11,2,1,2,662,12029,1,FALSE
au,2,турта,ua,11,2,1,2,662,12029,1,FALSE
au,2,укҫан,ua,11,2,1,2,662,12029,1,FALSE
au,2,курав,ua,10,2,1,2,662,12029,1,FALSE
au,2,шурса,ua,10,2,1,2,662,12029,1,FALSE
au,2,курак,ua,10,2,1,2,662,12029,1,FALSE
au,2,тухмасть,ua,10,2,1,2,662,12029,1,FALSE
au,2,алкум,au,10,2,1,2,662,12029,1,FALSE
au,2,варук,au,10,2,1,2,662,12029,1,FALSE
au,2,ултав,ua,10,2,1,2,662,12029,1,FALSE
au,2,чулпа,ua,10,2,1,2,662,12029,1,FALSE
au,2,саккун,au,10,2,1,2,662,12029,1,FALSE
au,2,тумасть,ua,10,2,1,2,662,12029,1,FALSE
au,2,усрав,ua,10,2,1,2,662,12029,1,FALSE
au,2,суран,ua,9,2,1,2,662,12029,1,FALSE
au,2,ҫутса,ua,9,2,1,2,662,12029,1,FALSE
au,2,шутла,ua,9,2,1,2,662,12029,1,FALSE
au,2,хусах,ua,9,2,1,2,662,12029,1,FALSE
au,2,тупа,ua,9,2,1,2,662,12029,1,FALSE
au,2,пуҫпа,ua,9,2,1,2,662,12029,1,FALSE
au,2,утар,ua,9,2,1,2,662,12029,1,FALSE
au,2,ҫумра,ua,9,2,1,2,662,12029,1,FALSE
au,2,нуша,ua,9,2,1,2,662,12029,1,FALSE
au,2,мунча,ua,9,2,1,2,662,12029,1,FALSE
au,2,ҫултах,ua,9,2,1,2,662,12029,1,FALSE
au,2,пухать,ua,9,2,1,2,662,12029,1,FALSE
au,2,салху,au,9,2,1,2,662,12029,1,FALSE
au,2,хуҫса,ua,9,2,1,2,662,12029,1,FALSE
au,2,лупас,ua,9,2,1,2,662,12029,1,FALSE
au,2,тула,ua,9,2,1,2,662,12029,1,FALSE
au,2,тухман,ua,9,2,1,2,662,12029,1,FALSE
au,2,муркаш,ua,9,2,1,2,662,12029,1,FALSE
au,2,шура,ua,9,2,1,2,662,12029,1,FALSE
au,2,налук,au,8,2,1,2,662,12029,1,FALSE
au,2,утас,ua,8,2,1,2,662,12029,1,FALSE
au,2,хуйха,ua,8,2,1,2,662,12029,1,FALSE
au,2,хуман,ua,8,2,1,2,662,12029,1,FALSE
au,2,кунпа,ua,8,2,1,2,662,12029,1,FALSE
au,2,вакун,au,8,2,1,2,662,12029,1,FALSE
au,2,ҫулса,ua,8,2,1,2,662,12029,1,FALSE
au,2,пуҫран,ua,8,2,1,2,662,12029,1,FALSE
au,2,тумпа,ua,8,2,1,2,662,12029,1,FALSE
au,2,кулас,ua,8,2,1,2,662,12029,1,FALSE
au,2,кунран,ua,8,2,1,2,662,12029,1,FALSE
au,2,пуҫлать,ua,8,2,1,2,662,12029,1,FALSE
au,2,пулах,ua,8,2,1,2,662,12029,1,FALSE
au,2,пуҫна,ua,8,2,1,2,662,12029,1,FALSE
au,2,ҫурса,ua,8,2,1,2,662,12029,1,FALSE
au,2,урса,ua,8,2,1,2,662,12029,1,FALSE
au,2,утпа,ua,8,2,1,2,662,12029,1,FALSE
au,2,чару,au,8,2,1,2,662,12029,1,FALSE
au,2,урхан,ua,8,2,1,2,662,12029,1,FALSE
au,2,ҫутта,ua,7,2,1,2,662,12029,1,FALSE
au,2,ҫурма,ua,7,2,1,2,662,12029,1,FALSE
au,2,купа,ua,7,2,1,2,662,12029,1,FALSE
au,2,ну-ка,ua,7,2,1,2,662,12029,1,FALSE
au,2,нямук,au,7,2,1,2,662,12029,1,FALSE
au,2,татюк,au,7,2,1,2,662,12029,1,FALSE
au,2,урлах,ua,7,2,1,2,662,12029,1,FALSE
au,2,сунса,ua,7,2,1,2,662,12029,1,FALSE
au,2,сурать,ua,7,2,1,2,662,12029,1,FALSE
au,2,ҫунат,ua,7,2,1,2,662,12029,1,FALSE
au,2,вула,ua,7,2,1,2,662,12029,1,FALSE
au,2,тулта,ua,7,2,1,2,662,12029,1,FALSE
au,2,вутта,ua,7,2,1,2,662,12029,1,FALSE
au,2,кунра,ua,7,2,1,2,662,12029,1,FALSE
au,2,тусах,ua,7,2,1,2,662,12029,1,FALSE
au,2,ютра,ua,7,2,1,2,662,12029,1,FALSE
au,2,тунса,ua,7,2,1,2,662,12029,1,FALSE
au,2,чула,ua,7,2,1,2,662,12029,1,FALSE
au,2,пусать,ua,6,2,1,2,662,12029,1,FALSE
au,2,ҫунма,ua,6,2,1,2,662,12029,1,FALSE
au,2,пуссан,ua,6,2,1,2,662,12029,1,FALSE
au,2,тута,ua,6,2,1,2,662,12029,1,FALSE
au,2,юрпа,ua,6,2,1,2,662,12029,1,FALSE
au,2,маршрут,au,6,2,1,2,662,12029,1,FALSE
au,2,утта,ua,6,2,1,2,662,12029,1,FALSE
au,2,палюк,au,6,2,1,2,662,12029,1,FALSE
au,2,сухал,ua,6,2,1,2,662,12029,1,FALSE
au,2,тумлам,ua,6,2,1,2,662,12029,1,FALSE
au,2,хуса,ua,6,2,1,2,662,12029,1,FALSE
au,2,тумпах,ua,6,2,1,2,662,12029,1,FALSE
au,2,юля,ua,6,2,1,2,662,12029,1,FALSE
au,2,чунпа,ua,6,2,1,2,662,12029,1,FALSE
au,2,умран,ua,6,2,1,2,662,12029,1,FALSE
au,2,пуҫра,ua,6,2,1,2,662,12029,1,FALSE
au,2,улма,ua,6,2,1,2,662,12029,1,FALSE
au,2,куртка,ua,6,2,1,2,662,12029,1,FALSE
au,2,хутпа,ua,6,2,1,2,662,12029,1,FALSE
au,2,мулкач,ua,6,2,1,2,662,12029,1,FALSE
au,2,вучах,ua,6,2,1,2,662,12029,1,FALSE
au,2,пушах,ua,6,2,1,2,662,12029,1,FALSE
au,2,хурас,ua,5,2,1,2,662,12029,1,FALSE
au,2,шупка,ua,5,2,1,2,662,12029,1,FALSE
au,2,пралук,au,5,2,1,2,662,12029,1,FALSE
au,2,кантур,au,5,2,1,2,662,12029,1,FALSE
au,2,шкултах,ua,5,2,1,2,662,12029,1,FALSE
au,2,юртан,ua,5,2,1,2,662,12029,1,FALSE
au,2,унра,ua,5,2,1,2,662,12029,1,FALSE
au,2,куҫна,ua,5,2,1,2,662,12029,1,FALSE
au,2,ҫупса,ua,5,2,1,2,662,12029,1,FALSE
au,2,услам,ua,5,2,1,2,662,12029,1,FALSE
au,2,хунав,ua,5,2,1,2,662,12029,1,FALSE
au,2,урпа,ua,5,2,1,2,662,12029,1,FALSE
au,2,вуншар,ua,5,2,1,2,662,12029,1,FALSE
au,2,кур-ха,ua,5,2,1,2,662,12029,1,FALSE
au,2,хупма,ua,5,2,1,2,662,12029,1,FALSE
au,2,аппу,au,5,2,1,2,662,12029,1,FALSE
au,2,тупать,ua,5,2,1,2,662,12029,1,FALSE
au,2,хутаҫ,ua,5,2,1,2,662,12029,1,FALSE
au,2,пурах,ua,5,2,1,2,662,12029,1,FALSE
au,2,тату,au,5,2,1,2,662,12029,1,FALSE
au,2,туять,ua,5,2,1,2,662,12029,1,FALSE
au,2,хупсан,ua,5,2,1,2,662,12029,1,FALSE
au,2,шутлать,ua,5,2,1,2,662,12029,1,FALSE
au,2,саппун,au,5,2,1,2,662,12029,1,FALSE
au,2,чупма,ua,5,2,1,2,662,12029,1,FALSE
au,2,аюй,au,5,2,1,2,662,12029,1,FALSE
au,2,капрун,au,5,2,1,2,662,12029,1,FALSE
au,2,урак,ua,5,2,1,2,662,12029,1,FALSE
au,2,пулар,ua,5,2,1,2,662,12029,1,FALSE
au,2,умах,ua,5,2,1,2,662,12029,1,FALSE
au,2,мухтав,ua,4,2,1,2,662,12029,1,FALSE
au,2,хурар,ua,4,2,1,2,662,12029,1,FALSE
au,2,чунна,ua,4,2,1,2,662,12029,1,FALSE
au,2,курмасть,ua,4,2,1,2,662,12029,1,FALSE
au,2,хупман,ua,4,2,1,2,662,12029,1,FALSE
au,2,уран,ua,4,2,1,2,662,12029,1,FALSE
au,2,юрлас,ua,4,2,1,2,662,12029,1,FALSE
au,2,хушман,ua,4,2,1,2,662,12029,1,FALSE
au,2,куҫсан,ua,4,2,1,2,662,12029,1,FALSE
au,2,уҫать,ua,4,2,1,2,662,12029,1,FALSE
au,2,пункта,ua,4,2,1,2,662,12029,1,FALSE
au,2,хутар,ua,4,2,1,2,662,12029,1,FALSE
au,2,урал,ua,4,2,1,2,662,12029,1,FALSE
au,2,чунра,ua,4,2,1,2,662,12029,1,FALSE
au,2,правур,au,4,2,1,2,662,12029,1,FALSE
au,2,ҫукпа,ua,4,2,1,2,662,12029,1,FALSE
au,2,тухар,ua,4,2,1,2,662,12029,1,FALSE
au,2,чухлать,ua,4,2,1,2,662,12029,1,FALSE
au,2,картус,au,4,2,1,2,662,12029,1,FALSE
au,2,ҫумрах,ua,4,2,1,2,662,12029,1,FALSE
au,2,ҫулать,ua,4,2,1,2,662,12029,1,FALSE
au,2,чура,ua,4,2,1,2,662,12029,1,FALSE
au,2,усрас,ua,4,2,1,2,662,12029,1,FALSE
au,2,путса,ua,4,2,1,2,662,12029,1,FALSE
au,2,пута,ua,4,2,1,2,662,12029,1,FALSE
au,2,юлмасть,ua,4,2,1,2,662,12029,1,FALSE
au,2,туйман,ua,4,2,1,2,662,12029,1,FALSE
au,2,анук,au,4,2,1,2,662,12029,1,FALSE
au,2,уҫсан,ua,4,2,1,2,662,12029,1,FALSE
au,2,сурма,ua,4,2,1,2,662,12029,1,FALSE
au,2,ута,ua,4,2,1,2,662,12029,1,FALSE
au,2,тунман,ua,4,2,1,2,662,12029,1,FALSE
au,2,пулмаҫ,ua,4,2,1,2,662,12029,1,FALSE
au,2,тура,ua,4,2,1,2,662,12029,1,FALSE
au,2,утрав,ua,4,2,1,2,662,12029,1,FALSE
au,2,тупсан,ua,4,2,1,2,662,12029,1,FALSE
au,2,уйла,ua,4,2,1,2,662,12029,1,FALSE
au,2,чупсах,ua,3,2,1,2,662,12029,1,FALSE
au,2,вулать,ua,3,2,1,2,662,12029,1,FALSE
au,2,кулак,ua,3,2,1,2,662,12029,1,FALSE
au,2,хупать,ua,3,2,1,2,662,12029,1,FALSE
au,2,вулав,ua,3,2,1,2,662,12029,1,FALSE
au,2,анюк,au,3,2,1,2,662,12029,1,FALSE
au,2,сукна,ua,3,2,1,2,662,12029,1,FALSE
au,2,юнать,ua,3,2,1,2,662,12029,1,FALSE
au,2,хуран,ua,3,2,1,2,662,12029,1,FALSE
au,2,курсах,ua,3,2,1,2,662,12029,1,FALSE
au,2,тулать,ua,3,2,1,2,662,12029,1,FALSE
au,2,юхма,ua,3,2,1,2,662,12029,1,FALSE
au,2,сунас,ua,3,2,1,2,662,12029,1,FALSE
au,2,ҫупа,ua,3,2,1,2,662,12029,1,FALSE
au,2,салхун,au,3,2,1,2,662,12029,1,FALSE
au,2,туртма,ua,3,2,1,2,662,12029,1,FALSE
au,2,уксах,ua,3,2,1,2,662,12029,1,FALSE
au,2,ҫуман,ua,3,2,1,2,662,12029,1,FALSE
au,2,ҫухат,ua,3,2,1,2,662,12029,1,FALSE
au,2,уҫсах,ua,3,2,1,2,662,12029,1,FALSE
au,2,чутай,ua,3,2,1,2,662,12029,1,FALSE
au,2,пупа,ua,3,2,1,2,662,12029,1,FALSE
au,2,шкулпа,ua,3,2,1,2,662,12029,1,FALSE
au,2,кулма,ua,3,2,1,2,662,12029,1,FALSE
au,2,хуна,ua,3,2,1,2,662,12029,1,FALSE
au,2,натюк,au,3,2,1,2,662,12029,1,FALSE
au,2,хутран,ua,3,2,1,2,662,12029,1,FALSE
au,2,вулла,ua,3,2,1,2,662,12029,1,FALSE
au,2,туян,ua,3,2,1,2,662,12029,1,FALSE
au,2,вутра,ua,3,2,1,2,662,12029,1,FALSE
au,2,юна,ua,3,2,1,2,662,12029,1,FALSE
au,2,сурса,ua,3,2,1,2,662,12029,1,FALSE
au,2,пуҫтар,ua,3,2,1,2,662,12029,1,FALSE
au,2,чунран,ua,3,2,1,2,662,12029,1,FALSE
au,2,сунар,ua,3,2,1,2,662,12029,1,FALSE
au,2,ракурс,au,3,2,1,2,662,12029,1,FALSE
au,2,страус,au,3,2,1,2,662,12029,1,FALSE
au,2,кастрюль,au,3,2,1,2,662,12029,1,FALSE
au,2,юнра,ua,3,2,1,2,662,12029,1,FALSE
au,2,усман,ua,3,2,1,2,662,12029,1,FALSE
au,2,каччу,au,3,2,1,2,662,12029,1,FALSE
au,2,чупсам,ua,3,2,1,2,662,12029,1,FALSE
au,2,туртас,ua,3,2,1,2,662,12029,1,FALSE
au,2,хурлан,ua,3,2,1,2,662,12029,1,FALSE
au,2,путать,ua,3,2,1,2,662,12029,1,FALSE
au,2,турхан,ua,3,2,1,2,662,12029,1,FALSE
au,2,юхат,ua,3,2,1,2,662,12029,1,FALSE
au,2,хулла,ua,3,2,1,2,662,12029,1,FALSE
au,2,упрах,ua,3,2,1,2,662,12029,1,FALSE
au,2,юлхав,ua,2,2,1,2,662,12029,1,FALSE
au,2,хутах,ua,2,2,1,2,662,12029,1,FALSE
au,2,катюк,au,2,2,1,2,662,12029,1,FALSE
au,2,усрать,ua,2,2,1,2,662,12029,1,FALSE
au,2,карттус,au,2,2,1,2,662,12029,1,FALSE
au,2,кухня,ua,2,2,1,2,662,12029,1,FALSE
au,2,алюш,au,2,2,1,2,662,12029,1,FALSE
au,2,шума,ua,2,2,1,2,662,12029,1,FALSE
au,2,суйса,ua,2,2,1,2,662,12029,1,FALSE
au,2,тулаш,ua,2,2,1,2,662,12029,1,FALSE
au,2,пуртта,ua,2,2,1,2,662,12029,1,FALSE
au,2,юсас,ua,2,2,1,2,662,12029,1,FALSE
au,2,туйра,ua,2,2,1,2,662,12029,1,FALSE
au,2,тумаҫ,ua,2,2,1,2,662,12029,1,FALSE
au,2,ютран,ua,2,2,1,2,662,12029,1,FALSE
au,2,пуйма,ua,2,2,1,2,662,12029,1,FALSE
au,2,яту,au,2,2,1,2,662,12029,1,FALSE
au,2,хулран,ua,2,2,1,2,662,12029,1,FALSE
au,2,уртса,ua,2,2,1,2,662,12029,1,FALSE
au,2,хутать,ua,2,2,1,2,662,12029,1,FALSE
au,2,хурнай,ua,2,2,1,2,662,12029,1,FALSE
au,2,хур-ха,ua,2,2,1,2,662,12029,1,FALSE
au,2,тумлан,ua,2,2,1,2,662,12029,1,FALSE
au,2,луша,ua,2,2,1,2,662,12029,1,FALSE
au,2,юркка,ua,2,2,1,2,662,12029,1,FALSE
au,2,упрас,ua,2,2,1,2,662,12029,1,FALSE
au,2,пухма,ua,2,2,1,2,662,12029,1,FALSE
au,2,ҫулма,ua,2,2,1,2,662,12029,1,FALSE
au,2,урташ,ua,2,2,1,2,662,12029,1,FALSE
au,2,тукмак,ua,2,2,1,2,662,12029,1,FALSE
au,2,ҫумран,ua,2,2,1,2,662,12029,1,FALSE
au,2,каккуй,au,2,2,1,2,662,12029,1,FALSE
au,2,пуҫлас,ua,2,2,1,2,662,12029,1,FALSE
au,2,улай,ua,2,2,1,2,662,12029,1,FALSE
au,2,туйма,ua,2,2,1,2,662,12029,1,FALSE
au,2,ҫурать,ua,2,2,1,2,662,12029,1,FALSE
au,2,ҫукран,ua,2,2,1,2,662,12029,1,FALSE
au,2,шутран,ua,2,2,1,2,662,12029,1,FALSE
au,2,пунктра,ua,2,2,1,2,662,12029,1,FALSE
au,2,пулнах,ua,2,2,1,2,662,12029,1,FALSE
au,2,тукай,ua,2,2,1,2,662,12029,1,FALSE
au,2,хунар,ua,2,2,1,2,662,12029,1,FALSE
au,2,туйсах,ua,2,2,1,2,662,12029,1,FALSE
au,2,юпах,ua,2,2,1,2,662,12029,1,FALSE
au,2,ҫуха,ua,2,2,1,2,662,12029,1,FALSE
au,2,павлуш,au,2,2,1,2,662,12029,1,FALSE
au,2,юрла,ua,2,2,1,2,662,12029,1,FALSE
au,2,пуссах,ua,2,2,1,2,662,12029,1,FALSE
au,2,тулма,ua,2,2,1,2,662,12029,1,FALSE
au,2,усма,ua,2,2,1,2,662,12029,1,FALSE
au,2,турпас,ua,2,2,1,2,662,12029,1,FALSE
au,2,ҫурран,ua,2,2,1,2,662,12029,1,FALSE
au,2,тумран,ua,2,2,1,2,662,12029,1,FALSE
au,2,хутма,ua,2,2,1,2,662,12029,1,FALSE
au,2,купса,ua,2,2,1,2,662,12029,1,FALSE
au,2,уйран,ua,2,2,1,2,662,12029,1,FALSE
au,2,туртмасть,ua,2,2,1,2,662,12029,1,FALSE
au,2,мухтать,ua,2,2,1,2,662,12029,1,FALSE
au,2,курар,ua,2,2,1,2,662,12029,1,FALSE
au,2,пуҫла,ua,2,2,1,2,662,12029,1,FALSE
au,2,улать,ua,2,2,1,2,662,12029,1,FALSE
au,2,тулла,ua,2,2,1,2,662,12029,1,FALSE
au,2,шурча,ua,2,2,1,2,662,12029,1,FALSE
au,2,пуяс,ua,2,2,1,2,662,12029,1,FALSE
au,2,хушсан,ua,2,2,1,2,662,12029,1,FALSE
au,2,паккус,au,2,2,1,2,662,12029,1,FALSE
au,2,нухрат,ua,2,2,1,2,662,12029,1,FALSE
au,2,ручка,ua,2,2,1,2,662,12029,1,FALSE
au,2,куҫар,ua,2,2,1,2,662,12029,1,FALSE
au,2,мултан,ua,2,2,1,2,662,12029,1,FALSE
au,2,куҫма,ua,2,2,1,2,662,12029,1,FALSE
au,2,туйран,ua,2,2,1,2,662,12029,1,FALSE
au,2,туптать,ua,2,2,1,2,662,12029,1,FALSE
au,2,савут,au,2,2,1,2,662,12029,1,FALSE
au,2,хупах,ua,2,2,1,2,662,12029,1,FALSE
au,2,чулран,ua,2,2,1,2,662,12029,1,FALSE
au,2,унан,ua,2,2,1,2,662,12029,1,FALSE
au,2,сумасть,ua,2,2,1,2,662,12029,1,FALSE
au,2,кунлать,ua,2,2,1,2,662,12029,1,FALSE
au,2,култар,ua,1,2,1,2,662,12029,1,FALSE
au,2,калу,au,1,2,1,2,662,12029,1,FALSE
au,2,кулач,ua,1,2,1,2,662,12029,1,FALSE
au,2,уҫман,ua,1,2,1,2,662,12029,1,FALSE
au,2,хурсах,ua,1,2,1,2,662,12029,1,FALSE
au,2,усать,ua,1,2,1,2,662,12029,1,FALSE
au,2,тусна,ua,1,2,1,2,662,12029,1,FALSE
au,2,куран,ua,1,2,1,2,662,12029,1,FALSE
au,2,хупас,ua,1,2,1,2,662,12029,1,FALSE
au,2,кута,ua,1,2,1,2,662,12029,1,FALSE
au,2,ухман,ua,1,2,1,2,662,12029,1,FALSE
au,2,ушах,ua,1,2,1,2,662,12029,1,FALSE
au,2,чупмасть,ua,1,2,1,2,662,12029,1,FALSE
au,2,пусмасть,ua,1,2,1,2,662,12029,1,FALSE
au,2,плюспа,ua,1,2,1,2,662,12029,1,FALSE
au,2,тарук,au,1,2,1,2,662,12029,1,FALSE
au,2,тухап,ua,1,2,1,2,662,12029,1,FALSE
au,2,тупман,ua,1,2,1,2,662,12029,1,FALSE
au,2,улькка,ua,1,2,1,2,662,12029,1,FALSE
au,2,хуҫан,ua,1,2,1,2,662,12029,1,FALSE
au,2,юлан,ua,1,2,1,2,662,12029,1,FALSE
au,2,ачу,au,1,2,1,2,662,12029,1,FALSE
au,2,юсар,ua,1,2,1,2,662,12029,1,FALSE
au,2,умма,ua,1,2,1,2,662,12029,1,FALSE
au,2,акун,au,1,2,1,2,662,12029,1,FALSE
au,2,суйлав,ua,1,2,1,2,662,12029,1,FALSE
au,2,юр-вар,ua,1,2,1,2,662,12029,1,FALSE
au,2,хутлам,ua,1,2,1,2,662,12029,1,FALSE
au,2,сунать,ua,1,2,1,2,662,12029,1,FALSE
au,2,ҫумлать,ua,1,2,1,2,662,12029,1,FALSE
au,2,хурсан,ua,1,2,1,2,662,12029,1,FALSE
au,2,кулян,ua,1,2,1,2,662,12029,1,FALSE
au,2,насус,au,1,2,1,2,662,12029,1,FALSE
au,2,усра,ua,1,2,1,2,662,12029,1,FALSE
au,2,умрах,ua,1,2,1,2,662,12029,1,FALSE
au,2,пурнас,ua,1,2,1,2,662,12029,1,FALSE
au,2,мухта,ua,1,2,1,2,662,12029,1,FALSE
au,2,пакур,au,1,2,1,2,662,12029,1,FALSE
au,2,суять,ua,1,2,1,2,662,12029,1,FALSE
au,2,ҫунман,ua,1,2,1,2,662,12029,1,FALSE
au,2,юнран,ua,1,2,1,2,662,12029,1,FALSE
au,2,яппун,au,1,2,1,2,662,12029,1,FALSE
au,2,хурта,ua,1,2,1,2,662,12029,1,FALSE
au,2,куҫра,ua,1,2,1,2,662,12029,1,FALSE
au,2,вулас,ua,1,2,1,2,662,12029,1,FALSE
au,2,чупан,ua,1,2,1,2,662,12029,1,FALSE
au,2,хумккан,ua,1,2,1,2,662,12029,1,FALSE
au,2,ҫурсах,ua,1,2,1,2,662,12029,1,FALSE
au,2,пулам,ua,1,2,1,2,662,12029,1,FALSE
au,2,пусас,ua,1,2,1,2,662,12029,1,FALSE
au,2,кунпах,ua,1,2,1,2,662,12029,1,FALSE
au,2,ванюш,au,1,2,1,2,662,12029,1,FALSE
au,2,ҫулҫа,ua,1,2,1,2,662,12029,1,FALSE
au,2,ҫулпах,ua,1,2,1,2,662,12029,1,FALSE
au,2,сусах,ua,1,2,1,2,662,12029,1,FALSE
au,2,управ,ua,1,2,1,2,662,12029,1,FALSE
au,2,юнна,ua,1,2,1,2,662,12029,1,FALSE
au,2,хускал,ua,1,2,1,2,662,12029,1,FALSE
au,2,маруҫ,au,1,2,1,2,662,12029,1,FALSE
au,2,чултан,ua,1,2,1,2,662,12029,1,FALSE
au,2,хутас,ua,1,2,1,2,662,12029,1,FALSE
au,2,шутлар,ua,1,2,1,2,662,12029,1,FALSE
au,2,хуҫать,ua,1,2,1,2,662,12029,1,FALSE
au,2,услап,ua,1,2,1,2,662,12029,1,FALSE
au,2,суй-ха,ua,1,2,1,2,662,12029,1,FALSE
au,2,юрттар,ua,1,2,1,2,662,12029,1,FALSE
au,2,упра,ua,1,2,1,2,662,12029,1,FALSE
au,2,куҫам,ua,1,2,1,2,662,12029,1,FALSE
au,2,аллу,au,1,2,1,2,662,12029,1,FALSE
au,2,сутман,ua,1,2,1,2,662,12029,1,FALSE
au,2,сулать,ua,1,2,1,2,662,12029,1,FALSE
au,2,туйсан,ua,1,2,1,2,662,12029,1,FALSE
au,2,ухват,ua,1,2,1,2,662,12029,1,FALSE
au,2,хупа,ua,1,2,1,2,662,12029,1,FALSE
au,2,ҫукрах,ua,1,2,1,2,662,12029,1,FALSE
au,2,султан,ua,1,2,1,2,662,12029,1,FALSE
au,2,пуклак,ua,1,2,1,2,662,12029,1,FALSE
au,2,ту-ха,ua,1,2,1,2,662,12029,1,FALSE
au,2,пулан,ua,1,2,1,2,662,12029,1,FALSE
au,2,тултан,ua,1,2,1,2,662,12029,1,FALSE
au,2,кусса,ua,1,2,1,2,662,12029,1,FALSE
au,2,юлсах,ua,1,2,1,2,662,12029,1,FALSE
au,2,ҫурра,ua,1,2,1,2,662,12029,1,FALSE
au,2,утатъ,ua,1,2,1,2,662,12029,1,FALSE
au,2,хурла,ua,1,2,1,2,662,12029,1,FALSE
au,2,курам,ua,1,2,1,2,662,12029,1,FALSE
au,2,ҫумасть,ua,1,2,1,2,662,12029,1,FALSE
au,2,ҫупма,ua,1,2,1,2,662,12029,1,FALSE
au,2,ҫуртрах,ua,1,2,1,2,662,12029,1,FALSE
au,2,уттар,ua,1,2,1,2,662,12029,1,FALSE
au,2,хутсан,ua,1,2,1,2,662,12029,1,FALSE
au,2,улькан,ua,1,2,1,2,662,12029,1,FALSE
au,2,ҫумлан,ua,1,2,1,2,662,12029,1,FALSE
au,2,кума,ua,1,2,1,2,662,12029,1,FALSE
au,2,пура,ua,1,2,1,2,662,12029,1,FALSE
au,2,картун,au,1,2,1,2,662,12029,1,FALSE
au,2,сутать,ua,1,2,1,2,662,12029,1,FALSE
au,2,тунах,ua,1,2,1,2,662,12029,1,FALSE
au,2,юлнах,ua,1,2,1,2,662,12029,1,FALSE
au,2,курсран,ua,1,2,1,2,662,12029,1,FALSE
au,2,мушка,ua,1,2,1,2,662,12029,1,FALSE
au,2,кулсан,ua,1,2,1,2,662,12029,1,FALSE
au,2,урпан,ua,1,2,1,2,662,12029,1,FALSE
au,2,юлар,ua,1,2,1,2,662,12029,1,FALSE
au,2,шутрах,ua,1,2,1,2,662,12029,1,FALSE
au,2,машук,au,1,2,1,2,662,12029,1,FALSE
au,2,ҫурат,ua,1,2,1,2,662,12029,1,FALSE
au,2,пуса,ua,1,2,1,2,662,12029,1,FALSE
au,2,туйпа,ua,1,2,1,2,662,12029,1,FALSE
au,2,туйпах,ua,1,2,1,2,662,12029,1,FALSE
au,2,ҫунас,ua,1,2,1,2,662,12029,1,FALSE
au,2,куля,ua,1,2,1,2,662,12029,1,FALSE
au,2,пухсах,ua,1,2,1,2,662,12029,1,FALSE
au,2,ҫусан,ua,1,2,1,2,662,12029,1,FALSE
au,2,ҫумна,ua,1,2,1,2,662,12029,1,FALSE
au,2,урҫа,ua,1,2,1,2,662,12029,1,FALSE
au,2,ултта,ua,1,2,1,2,662,12029,1,FALSE
au,2,юла,ua,1,2,1,2,662,12029,1,FALSE
au,2,утсан,ua,1,2,1,2,662,12029,1,FALSE
au,2,турать,ua,1,2,1,2,662,12029,1,FALSE
au,2,мпу-ра,ua,1,2,1,2,662,12029,1,FALSE
au,2,сулман,ua,1,2,1,2,662,12029,1,FALSE
au,2,туп-ха,ua,1,2,1,2,662,12029,1,FALSE
au,2,сунтал,ua,1,2,1,2,662,12029,1,FALSE
au,2,шуртан,ua,1,2,1,2,662,12029,1,FALSE
au,2,ҫука,ua,1,2,1,2,662,12029,1,FALSE
au,2,ҫунтар,ua,1,2,1,2,662,12029,1,FALSE
au,2,турчка,ua,1,2,1,2,662,12029,1,FALSE
au,2,турттар,ua,1,2,1,2,662,12029,1,FALSE
au,2,хурлать,ua,1,2,1,2,662,12029,1,FALSE
au,2,хуплать,ua,1,2,1,2,662,12029,1,FALSE
au,2,туна,ua,1,2,1,2,662,12029,1,FALSE
au,2,ҫумма,ua,1,2,1,2,662,12029,1,FALSE
au,2,кумать,ua,1,2,1,2,662,12029,1,FALSE
au,2,тулсах,ua,1,2,1,2,662,12029,1,FALSE
au,2,сутсах,ua,1,2,1,2,662,12029,1,FALSE
au,2,сулма,ua,1,2,1,2,662,12029,1,FALSE
au,2,ульках,ua,1,2,1,2,662,12029,1,FALSE
au,2,юмарт,ua,1,2,1,2,662,12029,1,FALSE
au,2,кул-ха,ua,1,2,1,2,662,12029,1,FALSE
au,2,юта,ua,1,2,1,2,662,12029,1,FALSE
au,2,тару,au,1,2,1,2,662,12029,1,FALSE
au,2,чупа,ua,1,2,1,2,662,12029,1,FALSE
au,2,ксюша,ua,1,2,1,2,662,12029,1,FALSE
au,2,хулан,ua,1,2,1,2,662,12029,1,FALSE
au,2,туртар,ua,1,2,1,2,662,12029,1,FALSE
au,2,тухсах,ua,1,2,1,2,662,12029,1,FALSE
au,2,пуҫтах,ua,1,2,1,2,662,12029,1,FALSE
au,2,хумасть,ua,1,2,1,2,662,12029,1,FALSE
au,2,сурсан,ua,1,2,1,2,662,12029,1,FALSE
au,2,путма,ua,1,2,1,2,662,12029,1,FALSE
au,2,уҫах,ua,1,2,1,2,662,12029,1,FALSE
au,2,сувар,ua,1,2,1,2,662,12029,1,FALSE
au,2,шаркку,au,1,2,1,2,662,12029,1,FALSE
au,2,хушать,ua,1,2,1,2,662,12029,1,FALSE
au,2,сумма,ua,1,2,1,2,662,12029,1,FALSE
au,2,кумпа,ua,1,2,1,2,662,12029,1,FALSE
au,2,шуҫса,ua,1,2,1,2,662,12029,1,FALSE
au,2,унка,ua,1,2,1,2,662,12029,1,FALSE
au,2,ачху,au,1,2,1,2,662,12029,1,FALSE
au,2,вута,ua,1,2,1,2,662,12029,1,FALSE
au,2,шусан,ua,1,2,1,2,662,12029,1,FALSE
au,2,чупман,ua,1,2,1,2,662,12029,1,FALSE
au,2,хупран,ua,1,2,1,2,662,12029,1,FALSE
au,2,тупра,ua,1,2,1,2,662,12029,1,FALSE
au,2,ҫутах,ua,1,2,1,2,662,12029,1,FALSE
au,2,укань,ua,1,2,1,2,662,12029,1,FALSE
au,2,амур,au,1,2,1,2,662,12029,1,FALSE
au,2,ҫуках,ua,1,2,1,2,662,12029,1,FALSE
au,2,яшмул,au,1,2,1,2,662,12029,1,FALSE
au,2,сумран,ua,1,2,1,2,662,12029,1,FALSE
au,2,тушка,ua,1,2,1,2,662,12029,1,FALSE
au,2,ухса,ua,1,2,1,2,662,12029,1,FALSE
au,2,хутман,ua,1,2,1,2,662,12029,1,FALSE
au,2,куян,ua,1,2,1,2,662,12029,1,FALSE
au,2,кусар,ua,1,2,1,2,662,12029,1,FALSE
au,2,тумла,ua,1,2,1,2,662,12029,1,FALSE
au,2,ҫуртар,ua,1,2,1,2,662,12029,1,FALSE
au,2,штурвал,ua,1,2,1,2,662,12029,1,FALSE
au,2,чуста,ua,1,2,1,2,662,12029,1,FALSE
au,2,туймасть,ua,1,2,1,2,662,12029,1,FALSE
au,2,сутас,ua,1,2,1,2,662,12029,1,FALSE
au,2,урта,ua,1,2,1,2,662,12029,1,FALSE
au,2,пуйса,ua,1,2,1,2,662,12029,1,FALSE
au,2,пуйсах,ua,1,2,1,2,662,12029,1,FALSE
au,2,улах,ua,1,2,1,2,662,12029,1,FALSE
au,2,тумлать,ua,1,2,1,2,662,12029,1,FALSE
au,2,юсать,ua,1,2,1,2,662,12029,1,FALSE
au,2,туртсан,ua,1,2,1,2,662,12029,1,FALSE
au,2,сумка,ua,1,2,1,2,662,12029,1,FALSE
au,2,кусать,ua,1,2,1,2,662,12029,1,FALSE
au,2,ҫуртпа,ua,1,2,1,2,662,12029,1,FALSE
au,2,кусма,ua,1,2,1,2,662,12029,1,FALSE
au,2,хушмасть,ua,1,2,1,2,662,12029,1,FALSE
ei,2,ҫине,ie,692,2,1,2,296,7139,1,FALSE
ei,2,ҫинчен,ie,600,2,1,2,296,7139,1,FALSE
ei,2,илсе,ie,445,2,1,2,296,7139,1,FALSE
ei,2,эпир,ei,442,2,1,2,296,7139,1,FALSE
ei,2,ҫинче,ie,349,2,1,2,296,7139,1,FALSE
ei,2,эсир,ei,242,2,1,2,296,7139,1,FALSE
ei,2,иккен,ie,230,2,1,2,296,7139,1,FALSE
ei,2,тери,ei,196,2,1,2,296,7139,1,FALSE
ei,2,пире,ie,186,2,1,2,296,7139,1,FALSE
ei,2,килсе,ie,149,2,1,2,296,7139,1,FALSE
ei,2,ҫитсе,ie,140,2,1,2,296,7139,1,FALSE
ei,2,киле,ie,125,2,1,2,296,7139,1,FALSE
ei,2,сире,ie,120,2,1,2,296,7139,1,FALSE
ei,2,илме,ie,116,2,1,2,296,7139,1,FALSE
ei,2,килет,ie,113,2,1,2,296,7139,1,FALSE
ei,2,илет,ie,113,2,1,2,296,7139,1,FALSE
ei,2,килте,ie,112,2,1,2,296,7139,1,FALSE
ei,2,эппин,ei,106,2,1,2,296,7139,1,FALSE
ei,2,иртсе,ie,87,2,1,2,296,7139,1,FALSE
ei,2,кирек,ie,79,2,1,2,296,7139,1,FALSE
ei,2,ҫитсен,ie,71,2,1,2,296,7139,1,FALSE
ei,2,кирле,ie,70,2,1,2,296,7139,1,FALSE
ei,2,ҫитет,ie,66,2,1,2,296,7139,1,FALSE
ei,2,инкек,ie,60,2,1,2,296,7139,1,FALSE
ei,2,ҫитес,ie,55,2,1,2,296,7139,1,FALSE
ei,2,илсен,ie,54,2,1,2,296,7139,1,FALSE
ei,2,пичче,ie,54,2,1,2,296,7139,1,FALSE
ei,2,килмест,ie,53,2,1,2,296,7139,1,FALSE
ei,2,питех,ie,51,2,1,2,296,7139,1,FALSE
ei,2,иртет,ie,48,2,1,2,296,7139,1,FALSE
ei,2,миҫе,ie,45,2,1,2,296,7139,1,FALSE
ei,2,хитре,ie,44,2,1,2,296,7139,1,FALSE
ei,2,тивет,ie,44,2,1,2,296,7139,1,FALSE
ei,2,тени,ei,40,2,1,2,296,7139,1,FALSE
ei,2,питне,ie,40,2,1,2,296,7139,1,FALSE
ei,2,илес,ie,39,2,1,2,296,7139,1,FALSE
ei,2,нимле,ie,38,2,1,2,296,7139,1,FALSE
ei,2,пилеш,ie,37,2,1,2,296,7139,1,FALSE
ei,2,вите,ie,36,2,1,2,296,7139,1,FALSE
ei,2,сиксе,ie,35,2,1,2,296,7139,1,FALSE
ei,2,килне,ie,34,2,1,2,296,7139,1,FALSE
ei,2,тепри,ei,34,2,1,2,296,7139,1,FALSE
ei,2,килсен,ie,32,2,1,2,296,7139,1,FALSE
ei,2,ҫитме,ie,31,2,1,2,296,7139,1,FALSE
ei,2,иртсен,ie,30,2,1,2,296,7139,1,FALSE
ei,2,пекки,ei,29,2,1,2,296,7139,1,FALSE
ei,2,ҫитмест,ie,27,2,1,2,296,7139,1,FALSE
ei,2,чипер,ie,26,2,1,2,296,7139,1,FALSE
ei,2,ҫисе,ie,26,2,1,2,296,7139,1,FALSE
ei,2,пике,ie,26,2,1,2,296,7139,1,FALSE
ei,2,хире,ie,26,2,1,2,296,7139,1,FALSE
ei,2,хирте,ie,26,2,1,2,296,7139,1,FALSE
ei,2,ирех,ie,25,2,1,2,296,7139,1,FALSE
ei,2,тинех,ie,25,2,1,2,296,7139,1,FALSE
ei,2,илтсен,ie,25,2,1,2,296,7139,1,FALSE
ei,2,килмен,ie,24,2,1,2,296,7139,1,FALSE
ei,2,минтер,ie,24,2,1,2,296,7139,1,FALSE
ei,2,нимех,ie,22,2,1,2,296,7139,1,FALSE
ei,2,енчи,ei,21,2,1,2,296,7139,1,FALSE
ei,2,кичем,ie,20,2,1,2,296,7139,1,FALSE
ei,2,виле,ie,19,2,1,2,296,7139,1,FALSE
ei,2,кирлех,ie,19,2,1,2,296,7139,1,FALSE
ei,2,хисеп,ie,17,2,1,2,296,7139,1,FALSE
ei,2,ниме,ie,17,2,1,2,296,7139,1,FALSE
ei,2,вилсе,ie,17,2,1,2,296,7139,1,FALSE
ei,2,ҫинчех,ie,17,2,1,2,296,7139,1,FALSE
ei,2,килтен,ie,15,2,1,2,296,7139,1,FALSE
ei,2,илтсе,ie,14,2,1,2,296,7139,1,FALSE
ei,2,килме,ie,14,2,1,2,296,7139,1,FALSE
ei,2,инҫе,ie,14,2,1,2,296,7139,1,FALSE
ei,2,ҫитмен,ie,13,2,1,2,296,7139,1,FALSE
ei,2,тискер,ie,13,2,1,2,296,7139,1,FALSE
ei,2,ҫинҫе,ie,13,2,1,2,296,7139,1,FALSE
ei,2,витре,ie,13,2,1,2,296,7139,1,FALSE
ei,2,ленин,ei,13,2,1,2,296,7139,1,FALSE
ei,2,сирсе,ie,13,2,1,2,296,7139,1,FALSE
ei,2,ҫилпе,ie,12,2,1,2,296,7139,1,FALSE
ei,2,вилсен,ie,12,2,1,2,296,7139,1,FALSE
ei,2,илмен,ie,12,2,1,2,296,7139,1,FALSE
ei,2,пите,ie,12,2,1,2,296,7139,1,FALSE
ei,2,энтри,ei,12,2,1,2,296,7139,1,FALSE
ei,2,енри,ei,12,2,1,2,296,7139,1,FALSE
ei,2,чире,ie,12,2,1,2,296,7139,1,FALSE
ei,2,ҫиет,ie,11,2,1,2,296,7139,1,FALSE
ei,2,илтмен,ie,11,2,1,2,296,7139,1,FALSE
ei,2,итлет,ie,11,2,1,2,296,7139,1,FALSE
ei,2,вилме,ie,10,2,1,2,296,7139,1,FALSE
ei,2,ҫиме,ie,10,2,1,2,296,7139,1,FALSE
ei,2,вилет,ie,10,2,1,2,296,7139,1,FALSE
ei,2,вилес,ie,10,2,1,2,296,7139,1,FALSE
ei,2,инке,ie,10,2,1,2,296,7139,1,FALSE
ei,2,сикме,ie,10,2,1,2,296,7139,1,FALSE
ei,2,лесник,ei,10,2,1,2,296,7139,1,FALSE
ei,2,нимпе,ie,10,2,1,2,296,7139,1,FALSE
ei,2,чирпе,ie,10,2,1,2,296,7139,1,FALSE
ei,2,сиссе,ie,9,2,1,2,296,7139,1,FALSE
ei,2,ксени,ei,9,2,1,2,296,7139,1,FALSE
ei,2,итлес,ie,8,2,1,2,296,7139,1,FALSE
ei,2,питрен,ie,8,2,1,2,296,7139,1,FALSE
ei,2,килес,ie,8,2,1,2,296,7139,1,FALSE
ei,2,сисет,ie,8,2,1,2,296,7139,1,FALSE
ei,2,иртме,ie,8,2,1,2,296,7139,1,FALSE
ei,2,илмест,ie,8,2,1,2,296,7139,1,FALSE
ei,2,мэри,ei,8,2,1,2,296,7139,1,FALSE
ei,2,сикет,ie,8,2,1,2,296,7139,1,FALSE
ei,2,витсе,ie,7,2,1,2,296,7139,1,FALSE
ei,2,сиртен,ie,7,2,1,2,296,7139,1,FALSE
ei,2,илем,ie,7,2,1,2,296,7139,1,FALSE
ei,2,итле,ie,7,2,1,2,296,7139,1,FALSE
ei,2,ҫерҫи,ei,7,2,1,2,296,7139,1,FALSE
ei,2,шинель,ie,7,2,1,2,296,7139,1,FALSE
ei,2,ҫемйи,ei,7,2,1,2,296,7139,1,FALSE
ei,2,иртмен,ie,6,2,1,2,296,7139,1,FALSE
ei,2,теприн,ei,6,2,1,2,296,7139,1,FALSE
ei,2,вилмен,ie,6,2,1,2,296,7139,1,FALSE
ei,2,пенси,ei,6,2,1,2,296,7139,1,FALSE
ei,2,пени,ei,6,2,1,2,296,7139,1,FALSE
ei,2,илле,ie,6,2,1,2,296,7139,1,FALSE
ei,2,чике,ie,6,2,1,2,296,7139,1,FALSE
ei,2,пиртен,ie,5,2,1,2,296,7139,1,FALSE
ei,2,ишсе,ie,5,2,1,2,296,7139,1,FALSE
ei,2,шевли,ei,5,2,1,2,296,7139,1,FALSE
ei,2,стени,ei,5,2,1,2,296,7139,1,FALSE
ei,2,килтех,ie,5,2,1,2,296,7139,1,FALSE
ei,2,сиен,ie,5,2,1,2,296,7139,1,FALSE
ei,2,ҫиллен,ie,5,2,1,2,296,7139,1,FALSE
ei,2,пине,ie,5,2,1,2,296,7139,1,FALSE
ei,2,виҫсе,ie,5,2,1,2,296,7139,1,FALSE
ei,2,тирне,ie,5,2,1,2,296,7139,1,FALSE
ei,2,виҫшер,ie,5,2,1,2,296,7139,1,FALSE
ei,2,ишме,ie,5,2,1,2,296,7139,1,FALSE
ei,2,чиксе,ie,5,2,1,2,296,7139,1,FALSE
ei,2,лекни,ei,5,2,1,2,296,7139,1,FALSE
ei,2,пиншер,ie,5,2,1,2,296,7139,1,FALSE
ei,2,ире,ie,5,2,1,2,296,7139,1,FALSE
ei,2,сиплев,ie,5,2,1,2,296,7139,1,FALSE
ei,2,тивме,ie,4,2,1,2,296,7139,1,FALSE
ei,2,эрни,ei,4,2,1,2,296,7139,1,FALSE
ei,2,типсе,ie,4,2,1,2,296,7139,1,FALSE
ei,2,илер,ie,4,2,1,2,296,7139,1,FALSE
ei,2,ҫиҫсе,ie,4,2,1,2,296,7139,1,FALSE
ei,2,эрхип,ei,4,2,1,2,296,7139,1,FALSE
ei,2,икшер,ie,4,2,1,2,296,7139,1,FALSE
ei,2,кинне,ie,4,2,1,2,296,7139,1,FALSE
ei,2,иртен,ie,4,2,1,2,296,7139,1,FALSE
ei,2,иртмест,ie,4,2,1,2,296,7139,1,FALSE
ei,2,нимрен,ie,4,2,1,2,296,7139,1,FALSE
ei,2,сисмен,ie,4,2,1,2,296,7139,1,FALSE
ei,2,кирлен,ie,3,2,1,2,296,7139,1,FALSE
ei,2,ҫире,ie,3,2,1,2,296,7139,1,FALSE
ei,2,ҫиес,ie,3,2,1,2,296,7139,1,FALSE
ei,2,петти,ei,3,2,1,2,296,7139,1,FALSE
ei,2,инҫех,ie,3,2,1,2,296,7139,1,FALSE
ei,2,килех,ie,3,2,1,2,296,7139,1,FALSE
ei,2,икке,ie,3,2,1,2,296,7139,1,FALSE
ei,2,тивмен,ie,3,2,1,2,296,7139,1,FALSE
ei,2,кинпе,ie,3,2,1,2,296,7139,1,FALSE
ei,2,хирсем,ie,3,2,1,2,296,7139,1,FALSE
ei,2,ҫинех,ie,3,2,1,2,296,7139,1,FALSE
ei,2,килсех,ie,3,2,1,2,296,7139,1,FALSE
ei,2,чирне,ie,3,2,1,2,296,7139,1,FALSE
ei,2,илтме,ie,3,2,1,2,296,7139,1,FALSE
ei,2,пиҫсе,ie,3,2,1,2,296,7139,1,FALSE
ei,2,ҫиҫет,ie,3,2,1,2,296,7139,1,FALSE
ei,2,сиплет,ie,3,2,1,2,296,7139,1,FALSE
ei,2,пример,ie,3,2,1,2,296,7139,1,FALSE
ei,2,сисмест,ie,3,2,1,2,296,7139,1,FALSE
ei,2,тиек,ie,3,2,1,2,296,7139,1,FALSE
ei,2,хистет,ie,2,2,1,2,296,7139,1,FALSE
ei,2,ишев,ie,2,2,1,2,296,7139,1,FALSE
ei,2,илтем,ie,2,2,1,2,296,7139,1,FALSE
ei,2,ҫеҫки,ei,2,2,1,2,296,7139,1,FALSE
ei,2,сирме,ie,2,2,1,2,296,7139,1,FALSE
ei,2,ирпе,ie,2,2,1,2,296,7139,1,FALSE
ei,2,метис,ei,2,2,1,2,296,7139,1,FALSE
ei,2,тивмест,ie,2,2,1,2,296,7139,1,FALSE
ei,2,илтет,ie,2,2,1,2,296,7139,1,FALSE
ei,2,синкек,ie,2,2,1,2,296,7139,1,FALSE
ei,2,ҫилсем,ie,2,2,1,2,296,7139,1,FALSE
ei,2,чернил,ei,2,2,1,2,296,7139,1,FALSE
ei,2,хирне,ie,2,2,1,2,296,7139,1,FALSE
ei,2,пинер,ie,2,2,1,2,296,7139,1,FALSE
ei,2,ҫинҫен,ie,2,2,1,2,296,7139,1,FALSE
ei,2,ҫиле,ie,2,2,1,2,296,7139,1,FALSE
ei,2,писев,ie,2,2,1,2,296,7139,1,FALSE
ei,2,чие,ie,2,2,1,2,296,7139,1,FALSE
ei,2,ҫеҫ-и,ei,2,2,1,2,296,7139,1,FALSE
ei,2,ҫилтен,ie,2,2,1,2,296,7139,1,FALSE
ei,2,нимскер,ie,2,2,1,2,296,7139,1,FALSE
ei,2,сивве,ie,2,2,1,2,296,7139,1,FALSE
ei,2,пехил,ei,2,2,1,2,296,7139,1,FALSE
ei,2,ҫисен,ie,2,2,1,2,296,7139,1,FALSE
ei,2,пичет,ie,2,2,1,2,296,7139,1,FALSE
ei,2,теми,ei,2,2,1,2,296,7139,1,FALSE
ei,2,хиртен,ie,2,2,1,2,296,7139,1,FALSE
ei,2,сехри,ei,2,2,1,2,296,7139,1,FALSE
ei,2,тивес,ie,2,2,1,2,296,7139,1,FALSE
ei,2,тивсе,ie,2,2,1,2,296,7139,1,FALSE
ei,2,илсех,ie,2,2,1,2,296,7139,1,FALSE
ei,2,ҫите,ie,2,2,1,2,296,7139,1,FALSE
ei,2,вилмех,ie,2,2,1,2,296,7139,1,FALSE
ei,2,кире,ie,2,2,1,2,296,7139,1,FALSE
ei,2,шиклен,ie,2,2,1,2,296,7139,1,FALSE
ei,2,чиксен,ie,2,2,1,2,296,7139,1,FALSE
ei,2,вилмест,ie,2,2,1,2,296,7139,1,FALSE
ei,2,ирттер,ie,2,2,1,2,296,7139,1,FALSE
ei,2,килер,ie,2,2,1,2,296,7139,1,FALSE
ei,2,чиртен,ie,2,2,1,2,296,7139,1,FALSE
ei,2,термин,ei,2,2,1,2,296,7139,1,FALSE
ei,2,энлик,ei,2,2,1,2,296,7139,1,FALSE
ei,2,триллер,ie,1,2,1,2,296,7139,1,FALSE
ei,2,итлеп,ie,1,2,1,2,296,7139,1,FALSE
ei,2,пеккин,ei,1,2,1,2,296,7139,1,FALSE
ei,2,ишек,ie,1,2,1,2,296,7139,1,FALSE
ei,2,никель,ie,1,2,1,2,296,7139,1,FALSE
ei,2,илех,ie,1,2,1,2,296,7139,1,FALSE
ei,2,ирте,ie,1,2,1,2,296,7139,1,FALSE
ei,2,ҫиллес,ie,1,2,1,2,296,7139,1,FALSE
ei,2,илтех,ie,1,2,1,2,296,7139,1,FALSE
ei,2,писмен,ie,1,2,1,2,296,7139,1,FALSE
ei,2,евчи,ei,1,2,1,2,296,7139,1,FALSE
ei,2,типмен,ie,1,2,1,2,296,7139,1,FALSE
ei,2,сител,ie,1,2,1,2,296,7139,1,FALSE
ei,2,шлепки,ei,1,2,1,2,296,7139,1,FALSE
ei,2,илеп,ie,1,2,1,2,296,7139,1,FALSE
ei,2,хирсе,ie,1,2,1,2,296,7139,1,FALSE
ei,2,сипет,ie,1,2,1,2,296,7139,1,FALSE
ei,2,тенки,ei,1,2,1,2,296,7139,1,FALSE
ei,2,типме,ie,1,2,1,2,296,7139,1,FALSE
ei,2,сиссех,ie,1,2,1,2,296,7139,1,FALSE
ei,2,килем,ie,1,2,1,2,296,7139,1,FALSE
ei,2,ҫемми,ei,1,2,1,2,296,7139,1,FALSE
ei,2,хирпе,ie,1,2,1,2,296,7139,1,FALSE
ei,2,синкер,ie,1,2,1,2,296,7139,1,FALSE
ei,2,ҫитсех,ie,1,2,1,2,296,7139,1,FALSE
ei,2,пирпе,ie,1,2,1,2,296,7139,1,FALSE
ei,2,китсен,ie,1,2,1,2,296,7139,1,FALSE
ei,2,ҫитрех,ie,1,2,1,2,296,7139,1,FALSE
ei,2,сирень,ie,1,2,1,2,296,7139,1,FALSE
ei,2,сесси,ei,1,2,1,2,296,7139,1,FALSE
ei,2,ксенин,ei,1,2,1,2,296,7139,1,FALSE
ei,2,виҫев,ie,1,2,1,2,296,7139,1,FALSE
ei,2,ирҫе,ie,1,2,1,2,296,7139,1,FALSE
ei,2,сирсен,ie,1,2,1,2,296,7139,1,FALSE
ei,2,илнех,ie,1,2,1,2,296,7139,1,FALSE
ei,2,сисе,ie,1,2,1,2,296,7139,1,FALSE
ei,2,хивре,ie,1,2,1,2,296,7139,1,FALSE
ei,2,илтес,ie,1,2,1,2,296,7139,1,FALSE
ei,2,пиҫен,ie,1,2,1,2,296,7139,1,FALSE
ei,2,мистер,ie,1,2,1,2,296,7139,1,FALSE
ei,2,витер,ie,1,2,1,2,296,7139,1,FALSE
ei,2,пикен,ie,1,2,1,2,296,7139,1,FALSE
ei,2,перьмри,ei,1,2,1,2,296,7139,1,FALSE
ei,2,пепки,ei,1,2,1,2,296,7139,1,FALSE
ei,2,пинне,ie,1,2,1,2,296,7139,1,FALSE
ei,2,илеҫ,ie,1,2,1,2,296,7139,1,FALSE
ei,2,итлер,ie,1,2,1,2,296,7139,1,FALSE
ei,2,преми,ei,1,2,1,2,296,7139,1,FALSE
ei,2,чикес,ie,1,2,1,2,296,7139,1,FALSE
ei,2,типтер,ie,1,2,1,2,296,7139,1,FALSE
ei,2,сиссен,ie,1,2,1,2,296,7139,1,FALSE
ei,2,ийе,ie,1,2,1,2,296,7139,1,FALSE
ei,2,тимлет,ie,1,2,1,2,296,7139,1,FALSE
ei,2,ишет,ie,1,2,1,2,296,7139,1,FALSE
ei,2,тивсех,ie,1,2,1,2,296,7139,1,FALSE
ei,2,виҫет,ie,1,2,1,2,296,7139,1,FALSE
ei,2,килсем,ie,1,2,1,2,296,7139,1,FALSE
ei,2,летчик,ei,1,2,1,2,296,7139,1,FALSE
ei,2,кистен,ie,1,2,1,2,296,7139,1,FALSE
ei,2,эпи,ei,1,2,1,2,296,7139,1,FALSE
ei,2,эмми,ei,1,2,1,2,296,7139,1,FALSE
ei,2,миҫен,ie,1,2,1,2,296,7139,1,FALSE
ei,2,чикме,ie,1,2,1,2,296,7139,1,FALSE
ei,2,кипеҫ,ie,1,2,1,2,296,7139,1,FALSE
ei,2,кинрен,ie,1,2,1,2,296,7139,1,FALSE
ei,2,тирсе,ie,1,2,1,2,296,7139,1,FALSE
ei,2,ирек,ie,1,2,1,2,296,7139,1,FALSE
ei,2,ҫитеҫ,ie,1,2,1,2,296,7139,1,FALSE
ei,2,тиртен,ie,1,2,1,2,296,7139,1,FALSE
ei,2,сивлек,ie,1,2,1,2,296,7139,1,FALSE
ei,2,нимре,ie,1,2,1,2,296,7139,1,FALSE
ei,2,кине,ie,1,2,1,2,296,7139,1,FALSE
ei,2,ҫитер,ie,1,2,1,2,296,7139,1,FALSE
ei,2,инҫет,ie,1,2,1,2,296,7139,1,FALSE
ei,2,ннисем,ie,1,2,1,2,296,7139,1,FALSE
ei,2,элти,ei,1,2,1,2,296,7139,1,FALSE
ei,2,литрне,ie,1,2,1,2,296,7139,1,FALSE
ei,2,кресли,ei,1,2,1,2,296,7139,1,FALSE
ei,2,ҫиер,ie,1,2,1,2,296,7139,1,FALSE
ei,2,иртрех,ie,1,2,1,2,296,7139,1,FALSE
ei,2,тивсен,ie,1,2,1,2,296,7139,1,FALSE
ei,2,ҫиҫе,ie,1,2,1,2,296,7139,1,FALSE
ei,2,писер,ie,1,2,1,2,296,7139,1,FALSE
ei,2,чейник,ei,1,2,1,2,296,7139,1,FALSE
ei,2,итлев,ie,1,2,1,2,296,7139,1,FALSE
ei,2,итлсе,ie,1,2,1,2,296,7139,1,FALSE
aau,3,пулмалла,uaa,96,3,1,3,572,2931,1,FALSE
aau,3,юнашар,uaa,93,3,1,3,572,2931,1,FALSE
aau,3,урамра,uaa,70,3,1,3,572,2931,1,FALSE
aau,3,шупашкар,uaa,50,3,1,3,572,2931,1,FALSE
aau,3,урама,uaa,49,3,1,3,572,2931,1,FALSE
aau,3,юратать,uaa,47,3,1,3,572,2931,1,FALSE
aau,3,тумалла,uaa,46,3,1,3,572,2931,1,FALSE
aau,3,нумаях,uaa,45,3,1,3,572,2931,1,FALSE
aau,3,юрамасть,uaa,45,3,1,3,572,2931,1,FALSE
aau,3,хулара,uaa,44,3,1,3,572,2931,1,FALSE
aau,3,урапа,uaa,42,3,1,3,572,2931,1,FALSE
aau,3,анюта,aua,41,3,1,3,572,2931,1,FALSE
aau,3,пултарать,uaa,40,3,1,3,572,2931,1,FALSE
aau,3,калаҫу,aau,39,3,1,3,572,2931,1,FALSE
aau,3,унталла,uaa,34,3,1,3,572,2931,1,FALSE
aau,3,хулана,uaa,28,3,1,3,572,2931,1,FALSE
aau,3,унтанпа,uaa,27,3,1,3,572,2931,1,FALSE
aau,3,юратса,uaa,26,3,1,3,572,2931,1,FALSE
aau,3,каҫару,aau,26,3,1,3,572,2931,1,FALSE
aau,3,уява,uaa,25,3,1,3,572,2931,1,FALSE
aau,3,пуҫласа,uaa,24,3,1,3,572,2931,1,FALSE
aau,3,упраса,uaa,24,3,1,3,572,2931,1,FALSE
aau,3,тутарса,uaa,23,3,1,3,572,2931,1,FALSE
aau,3,астуса,aua,22,3,1,3,572,2931,1,FALSE
aau,3,сулахай,uaa,21,3,1,3,572,2931,1,FALSE
aau,3,тухакан,uaa,21,3,1,3,572,2931,1,FALSE
aau,3,хурланса,uaa,21,3,1,3,572,2931,1,FALSE
aau,3,вулама,uaa,20,3,1,3,572,2931,1,FALSE
aau,3,хуларан,uaa,20,3,1,3,572,2931,1,FALSE
aau,3,хуралса,uaa,19,3,1,3,572,2931,1,FALSE
aau,3,хупласа,uaa,19,3,1,3,572,2931,1,FALSE
aau,3,пулмасан,uaa,19,3,1,3,572,2931,1,FALSE
aau,3,тавтапуҫ,aau,18,3,1,3,572,2931,1,FALSE
aau,3,тунката,uaa,17,3,1,3,572,2931,1,FALSE
aau,3,чухласа,uaa,17,3,1,3,572,2931,1,FALSE
aau,3,нумайрах,uaa,17,3,1,3,572,2931,1,FALSE
aau,3,унашкал,uaa,16,3,1,3,572,2931,1,FALSE
aau,3,ухмаха,uaa,15,3,1,3,572,2931,1,FALSE
aau,3,шутласа,uaa,15,3,1,3,572,2931,1,FALSE
aau,3,юрлама,uaa,15,3,1,3,572,2931,1,FALSE
aau,3,кунталла,uaa,15,3,1,3,572,2931,1,FALSE
aau,3,пуласса,uaa,15,3,1,3,572,2931,1,FALSE
aau,3,ҫуталса,uaa,14,3,1,3,572,2931,1,FALSE
aau,3,урампа,uaa,14,3,1,3,572,2931,1,FALSE
aau,3,ларура,aua,14,3,1,3,572,2931,1,FALSE
aau,3,хусана,uaa,14,3,1,3,572,2931,1,FALSE
aau,3,упранса,uaa,14,3,1,3,572,2931,1,FALSE
aau,3,шутланать,uaa,13,3,1,3,572,2931,1,FALSE
aau,3,ураран,uaa,13,3,1,3,572,2931,1,FALSE
aau,3,юсама,uaa,13,3,1,3,572,2931,1,FALSE
aau,3,нушана,uaa,13,3,1,3,572,2931,1,FALSE
aau,3,мускава,uaa,12,3,1,3,572,2931,1,FALSE
aau,3,пуҫтарса,uaa,12,3,1,3,572,2931,1,FALSE
aau,3,ҫухалса,uaa,12,3,1,3,572,2931,1,FALSE
aau,3,вуласа,uaa,12,3,1,3,572,2931,1,FALSE
aau,3,кунашкал,uaa,12,3,1,3,572,2931,1,FALSE
aau,3,курсанах,uaa,12,3,1,3,572,2931,1,FALSE
aau,3,укҫана,uaa,12,3,1,3,572,2931,1,FALSE
aau,3,куракан,uaa,11,3,1,3,572,2931,1,FALSE
aau,3,ҫунакан,uaa,11,3,1,3,572,2931,1,FALSE
aau,3,тавлашу,aau,11,3,1,3,572,2931,1,FALSE
aau,3,юхакан,uaa,11,3,1,3,572,2931,1,FALSE
aau,3,ҫухалать,uaa,11,3,1,3,572,2931,1,FALSE
aau,3,ваҫука,aua,11,3,1,3,572,2931,1,FALSE
aau,3,юраман,uaa,11,3,1,3,572,2931,1,FALSE
aau,3,саккуна,aua,10,3,1,3,572,2931,1,FALSE
aau,3,тумланса,uaa,10,3,1,3,572,2931,1,FALSE
aau,3,якура,aua,10,3,1,3,572,2931,1,FALSE
aau,3,уҫланка,uaa,10,3,1,3,572,2931,1,FALSE
aau,3,ҫухатса,uaa,10,3,1,3,572,2931,1,FALSE
aau,3,курмалла,uaa,10,3,1,3,572,2931,1,FALSE
aau,3,юрласа,uaa,10,3,1,3,572,2931,1,FALSE
aau,3,утакан,uaa,10,3,1,3,572,2931,1,FALSE
aau,3,сас-хура,aua,10,3,1,3,572,2931,1,FALSE
aau,3,тутарать,uaa,10,3,1,3,572,2931,1,FALSE
aau,3,уткалать,uaa,10,3,1,3,572,2931,1,FALSE
aau,3,ҫуратса,uaa,10,3,1,3,572,2931,1,FALSE
aau,3,ҫуралсан,uaa,10,3,1,3,572,2931,1,FALSE
aau,3,мускавра,uaa,9,3,1,3,572,2931,1,FALSE
aau,3,юмана,uaa,9,3,1,3,572,2931,1,FALSE
aau,3,упрама,uaa,9,3,1,3,572,2931,1,FALSE
aau,3,ҫуралса,uaa,9,3,1,3,572,2931,1,FALSE
aau,3,паллашу,aau,9,3,1,3,572,2931,1,FALSE
aau,3,тухмалла,uaa,9,3,1,3,572,2931,1,FALSE
aau,3,усала,uaa,9,3,1,3,572,2931,1,FALSE
aau,3,ҫухалсан,uaa,9,3,1,3,572,2931,1,FALSE
aau,3,шуралса,uaa,8,3,1,3,572,2931,1,FALSE
aau,3,курасса,uaa,8,3,1,3,572,2931,1,FALSE
aau,3,ульяна,uaa,8,3,1,3,572,2931,1,FALSE
aau,3,шутлама,uaa,8,3,1,3,572,2931,1,FALSE
aau,3,тутанса,uaa,8,3,1,3,572,2931,1,FALSE
aau,3,пулакан,uaa,8,3,1,3,572,2931,1,FALSE
aau,3,юратма,uaa,8,3,1,3,572,2931,1,FALSE
aau,3,ҫултанпа,uaa,8,3,1,3,572,2931,1,FALSE
aau,3,куҫарса,uaa,7,3,1,3,572,2931,1,FALSE
aau,3,пулкалать,uaa,7,3,1,3,572,2931,1,FALSE
aau,3,хускатса,uaa,7,3,1,3,572,2931,1,FALSE
aau,3,урана,uaa,7,3,1,3,572,2931,1,FALSE
aau,3,усрама,uaa,7,3,1,3,572,2931,1,FALSE
aau,3,хутаҫа,uaa,7,3,1,3,572,2931,1,FALSE
aau,3,анукпа,aua,7,3,1,3,572,2931,1,FALSE
aau,3,хурама,uaa,6,3,1,3,572,2931,1,FALSE
aau,3,шутламан,uaa,6,3,1,3,572,2931,1,FALSE
aau,3,пуласран,uaa,6,3,1,3,572,2931,1,FALSE
aau,3,юнаса,uaa,6,3,1,3,572,2931,1,FALSE
aau,3,ҫунтарать,uaa,6,3,1,3,572,2931,1,FALSE
aau,3,хуҫана,uaa,6,3,1,3,572,2931,1,FALSE
aau,3,кукамай,uaa,6,3,1,3,572,2931,1,FALSE
aau,3,пулайман,uaa,6,3,1,3,572,2931,1,FALSE
aau,3,урамран,uaa,6,3,1,3,572,2931,1,FALSE
aau,3,ҫутатса,uaa,6,3,1,3,572,2931,1,FALSE
aau,3,кунтарах,uaa,6,3,1,3,572,2931,1,FALSE
aau,3,юратсах,uaa,6,3,1,3,572,2931,1,FALSE
aau,3,тухсанах,uaa,6,3,1,3,572,2931,1,FALSE
aau,3,унпала,uaa,6,3,1,3,572,2931,1,FALSE
aau,3,тутарла,uaa,6,3,1,3,572,2931,1,FALSE
aau,3,укҫапа,uaa,6,3,1,3,572,2931,1,FALSE
aau,3,сурана,uaa,6,3,1,3,572,2931,1,FALSE
aau,3,уттарар,uaa,6,3,1,3,572,2931,1,FALSE
aau,3,хумханать,uaa,5,3,1,3,572,2931,1,FALSE
aau,3,тупмалла,uaa,5,3,1,3,572,2931,1,FALSE
aau,3,тупата,uaa,5,3,1,3,572,2931,1,FALSE
aau,3,ҫунтарса,uaa,5,3,1,3,572,2931,1,FALSE
aau,3,тусанпа,uaa,5,3,1,3,572,2931,1,FALSE
aau,3,упана,uaa,5,3,1,3,572,2931,1,FALSE
aau,3,ухмахла,uaa,5,3,1,3,572,2931,1,FALSE
aau,3,тултарса,uaa,5,3,1,3,572,2931,1,FALSE
aau,3,пусарса,uaa,5,3,1,3,572,2931,1,FALSE
aau,3,уявра,uaa,5,3,1,3,572,2931,1,FALSE
aau,3,сукмакпа,uaa,5,3,1,3,572,2931,1,FALSE
aau,3,мухтанма,uaa,5,3,1,3,572,2931,1,FALSE
aau,3,хутланса,uaa,5,3,1,3,572,2931,1,FALSE
aau,3,юсаса,uaa,5,3,1,3,572,2931,1,FALSE
aau,3,ҫуралман,uaa,5,3,1,3,572,2931,1,FALSE
aau,3,туянма,uaa,5,3,1,3,572,2931,1,FALSE
aau,3,улькапа,uaa,5,3,1,3,572,2931,1,FALSE
aau,3,усалпа,uaa,5,3,1,3,572,2931,1,FALSE
aau,3,шуратса,uaa,5,3,1,3,572,2931,1,FALSE
aau,3,ҫутатать,uaa,5,3,1,3,572,2931,1,FALSE
aau,3,уявпа,uaa,5,3,1,3,572,2931,1,FALSE
aau,3,уласа,uaa,5,3,1,3,572,2931,1,FALSE
aau,3,урамрах,uaa,5,3,1,3,572,2931,1,FALSE
aau,3,шуйттана,uaa,5,3,1,3,572,2931,1,FALSE
aau,3,тулашать,uaa,5,3,1,3,572,2931,1,FALSE
aau,3,юратмасть,uaa,4,3,1,3,572,2931,1,FALSE
aau,3,суйласа,uaa,4,3,1,3,572,2931,1,FALSE
aau,3,нумая,uaa,4,3,1,3,572,2931,1,FALSE
aau,3,пушатса,uaa,4,3,1,3,572,2931,1,FALSE
aau,3,утарта,uaa,4,3,1,3,572,2931,1,FALSE
aau,3,пушара,uaa,4,3,1,3,572,2931,1,FALSE
aau,3,лутрарах,uaa,4,3,1,3,572,2931,1,FALSE
aau,3,ҫаруран,aua,4,3,1,3,572,2931,1,FALSE
aau,3,астумасть,aua,4,3,1,3,572,2931,1,FALSE
aau,3,аҫупа,aua,4,3,1,3,572,2931,1,FALSE
aau,3,пуҫласан,uaa,4,3,1,3,572,2931,1,FALSE
aau,3,утара,uaa,4,3,1,3,572,2931,1,FALSE
aau,3,пушанса,uaa,4,3,1,3,572,2931,1,FALSE
aau,3,ҫуратать,uaa,4,3,1,3,572,2931,1,FALSE
aau,3,шутласан,uaa,4,3,1,3,572,2931,1,FALSE
aau,3,мухтама,uaa,4,3,1,3,572,2931,1,FALSE
aau,3,хускалса,uaa,4,3,1,3,572,2931,1,FALSE
aau,3,юлташпа,uaa,4,3,1,3,572,2931,1,FALSE
aau,3,мускавран,uaa,4,3,1,3,572,2931,1,FALSE
aau,3,пуҫланать,uaa,4,3,1,3,572,2931,1,FALSE
aau,3,ҫултанпах,uaa,4,3,1,3,572,2931,1,FALSE
aau,3,тупмаллах,uaa,4,3,1,3,572,2931,1,FALSE
aau,3,варюха,aua,4,3,1,3,572,2931,1,FALSE
aau,3,ҫурмаран,uaa,4,3,1,3,572,2931,1,FALSE
aau,3,пуҫлансан,uaa,4,3,1,3,572,2931,1,FALSE
aau,3,ваҫҫука,aua,4,3,1,3,572,2931,1,FALSE
aau,3,ҫуралать,uaa,4,3,1,3,572,2931,1,FALSE
aau,3,мухтанса,uaa,4,3,1,3,572,2931,1,FALSE
aau,3,юратман,uaa,4,3,1,3,572,2931,1,FALSE
aau,3,юрама,uaa,4,3,1,3,572,2931,1,FALSE
aau,3,турттарса,uaa,4,3,1,3,572,2931,1,FALSE
aau,3,суракан,uaa,4,3,1,3,572,2931,1,FALSE
aau,3,хутара,uaa,4,3,1,3,572,2931,1,FALSE
aau,3,юххана,uaa,4,3,1,3,572,2931,1,FALSE
aau,3,юлмасан,uaa,4,3,1,3,572,2931,1,FALSE
aau,3,купала,uaa,4,3,1,3,572,2931,1,FALSE
aau,3,шкулалла,uaa,4,3,1,3,572,2931,1,FALSE
aau,3,куркана,uaa,4,3,1,3,572,2931,1,FALSE
aau,3,чуптарать,uaa,4,3,1,3,572,2931,1,FALSE
aau,3,юнланса,uaa,3,3,1,3,572,2931,1,FALSE
aau,3,варукпа,aua,3,3,1,3,572,2931,1,FALSE
aau,3,утасса,uaa,3,3,1,3,572,2931,1,FALSE
aau,3,юларах,uaa,3,3,1,3,572,2931,1,FALSE
aau,3,хурарах,uaa,3,3,1,3,572,2931,1,FALSE
aau,3,юлташла,uaa,3,3,1,3,572,2931,1,FALSE
aau,3,укҫалла,uaa,3,3,1,3,572,2931,1,FALSE
aau,3,пуҫланса,uaa,3,3,1,3,572,2931,1,FALSE
aau,3,уттарса,uaa,3,3,1,3,572,2931,1,FALSE
aau,3,путакан,uaa,3,3,1,3,572,2931,1,FALSE
aau,3,юсанса,uaa,3,3,1,3,572,2931,1,FALSE
aau,3,аллупа,aua,3,3,1,3,572,2931,1,FALSE
aau,3,тупайман,uaa,3,3,1,3,572,2931,1,FALSE
aau,3,ҫуракан,uaa,3,3,1,3,572,2931,1,FALSE
aau,3,туянса,uaa,3,3,1,3,572,2931,1,FALSE
aau,3,мустайпа,uaa,3,3,1,3,572,2931,1,FALSE
aau,3,хуплама,uaa,3,3,1,3,572,2931,1,FALSE
aau,3,сумалла,uaa,3,3,1,3,572,2931,1,FALSE
aau,3,пушарпа,uaa,3,3,1,3,572,2931,1,FALSE
aau,3,пушартан,uaa,3,3,1,3,572,2931,1,FALSE
aau,3,ваҫҫукпа,aua,3,3,1,3,572,2931,1,FALSE
aau,3,юманран,uaa,3,3,1,3,572,2931,1,FALSE
aau,3,хускатать,uaa,3,3,1,3,572,2931,1,FALSE
aau,3,сутакан,uaa,3,3,1,3,572,2931,1,FALSE
aau,3,хускалма,uaa,3,3,1,3,572,2931,1,FALSE
aau,3,хумханса,uaa,3,3,1,3,572,2931,1,FALSE
aau,3,тухасса,uaa,3,3,1,3,572,2931,1,FALSE
aau,3,турата,uaa,3,3,1,3,572,2931,1,FALSE
aau,3,ҫулалла,uaa,3,3,1,3,572,2931,1,FALSE
aau,3,курмасан,uaa,3,3,1,3,572,2931,1,FALSE
aau,3,улькана,uaa,3,3,1,3,572,2931,1,FALSE
aau,3,туслашса,uaa,3,3,1,3,572,2931,1,FALSE
aau,3,хусканса,uaa,3,3,1,3,572,2931,1,FALSE
aau,3,аҫуна,aua,3,3,1,3,572,2931,1,FALSE
aau,3,туратран,uaa,3,3,1,3,572,2931,1,FALSE
aau,3,нухрата,uaa,3,3,1,3,572,2931,1,FALSE
aau,3,хумалла,uaa,3,3,1,3,572,2931,1,FALSE
aau,3,куҫарма,uaa,3,3,1,3,572,2931,1,FALSE
aau,3,юратас,uaa,3,3,1,3,572,2931,1,FALSE
aau,3,хурлама,uaa,3,3,1,3,572,2931,1,FALSE
aau,3,тураса,uaa,3,3,1,3,572,2931,1,FALSE
aau,3,упраҫа,uaa,3,3,1,3,572,2931,1,FALSE
aau,3,аслаҫу,aau,3,3,1,3,572,2931,1,FALSE
aau,3,хурланать,uaa,3,3,1,3,572,2931,1,FALSE
aau,3,пуҫарса,uaa,3,3,1,3,572,2931,1,FALSE
aau,3,пулсанах,uaa,3,3,1,3,572,2931,1,FALSE
aau,3,сухалать,uaa,3,3,1,3,572,2931,1,FALSE
aau,3,кулянса,uaa,3,3,1,3,572,2931,1,FALSE
aau,3,пушарта,uaa,3,3,1,3,572,2931,1,FALSE
aau,3,юптарать,uaa,3,3,1,3,572,2931,1,FALSE
aau,3,вулавра,uaa,3,3,1,3,572,2931,1,FALSE
aau,3,хрантсусла,aua,3,3,1,3,572,2931,1,FALSE
aau,3,тутарстан,uaa,3,3,1,3,572,2931,1,FALSE
aau,3,ҫухатать,uaa,3,3,1,3,572,2931,1,FALSE
aau,3,хуплайман,uaa,3,3,1,3,572,2931,1,FALSE
aau,3,устармасть,uaa,3,3,1,3,572,2931,1,FALSE
aau,3,хуравлас,uaa,3,3,1,3,572,2931,1,FALSE
aau,3,туянман,uaa,3,3,1,3,572,2931,1,FALSE
aau,3,пултарман,uaa,3,3,1,3,572,2931,1,FALSE
aau,3,утмалла,uaa,3,3,1,3,572,2931,1,FALSE
aau,3,хусанпа,uaa,3,3,1,3,572,2931,1,FALSE
aau,3,купрата,uaa,3,3,1,3,572,2931,1,FALSE
aau,3,аспарух,aau,3,3,1,3,572,2931,1,FALSE
aau,3,вулакан,uaa,3,3,1,3,572,2931,1,FALSE
aau,3,хунаса,uaa,3,3,1,3,572,2931,1,FALSE
aau,3,катюша,aua,2,3,1,3,572,2931,1,FALSE
aau,3,хуравлать,uaa,2,3,1,3,572,2931,1,FALSE
aau,3,нушаран,uaa,2,3,1,3,572,2931,1,FALSE
aau,3,тустарса,uaa,2,3,1,3,572,2931,1,FALSE
aau,3,шутла-ха,uaa,2,3,1,3,572,2931,1,FALSE
aau,3,ванюкпа,aua,2,3,1,3,572,2931,1,FALSE
aau,3,утрава,uaa,2,3,1,3,572,2931,1,FALSE
aau,3,сухаран,uaa,2,3,1,3,572,2931,1,FALSE
aau,3,пуҫтарма,uaa,2,3,1,3,572,2931,1,FALSE
aau,3,ҫунмалла,uaa,2,3,1,3,572,2931,1,FALSE
aau,3,ҫуралас,uaa,2,3,1,3,572,2931,1,FALSE
aau,3,ваҫукпа,aua,2,3,1,3,572,2931,1,FALSE
aau,3,пулмаллах,uaa,2,3,1,3,572,2931,1,FALSE
aau,3,усрава,uaa,2,3,1,3,572,2931,1,FALSE
aau,3,ҫунана,uaa,2,3,1,3,572,2931,1,FALSE
aau,3,пулам-ха,uaa,2,3,1,3,572,2931,1,FALSE
aau,3,турттарма,uaa,2,3,1,3,572,2931,1,FALSE
aau,3,канашлу,aau,2,3,1,3,572,2931,1,FALSE
aau,3,пусмана,uaa,2,3,1,3,572,2931,1,FALSE
aau,3,чукмарпа,uaa,2,3,1,3,572,2931,1,FALSE
aau,3,кунтанах,uaa,2,3,1,3,572,2931,1,FALSE
aau,3,уксахлать,uaa,2,3,1,3,572,2931,1,FALSE
aau,3,уяса,uaa,2,3,1,3,572,2931,1,FALSE
aau,3,аллуна,aua,2,3,1,3,572,2931,1,FALSE
aau,3,пушатма,uaa,2,3,1,3,572,2931,1,FALSE
aau,3,ҫухалма,uaa,2,3,1,3,572,2931,1,FALSE
aau,3,турпаса,uaa,2,3,1,3,572,2931,1,FALSE
aau,3,пукана,uaa,2,3,1,3,572,2931,1,FALSE
aau,3,юласса,uaa,2,3,1,3,572,2931,1,FALSE
aau,3,хумккапа,uaa,2,3,1,3,572,2931,1,FALSE
aau,3,наука,aua,2,3,1,3,572,2931,1,FALSE
aau,3,сулланса,uaa,2,3,1,3,572,2931,1,FALSE
aau,3,улькаран,uaa,2,3,1,3,572,2931,1,FALSE
aau,3,хупмалла,uaa,2,3,1,3,572,2931,1,FALSE
aau,3,мускавпа,uaa,2,3,1,3,572,2931,1,FALSE
aau,3,шуратма,uaa,2,3,1,3,572,2931,1,FALSE
aau,3,тухмасан,uaa,2,3,1,3,572,2931,1,FALSE
aau,3,улаха,uaa,2,3,1,3,572,2931,1,FALSE
aau,3,улама,uaa,2,3,1,3,572,2931,1,FALSE
aau,3,хуҫаран,uaa,2,3,1,3,572,2931,1,FALSE
aau,3,чупкалать,uaa,2,3,1,3,572,2931,1,FALSE
aau,3,сукмакран,uaa,2,3,1,3,572,2931,1,FALSE
aau,3,юпаран,uaa,2,3,1,3,572,2931,1,FALSE
aau,3,салхурах,aua,2,3,1,3,572,2931,1,FALSE
aau,3,саккунпа,aua,2,3,1,3,572,2931,1,FALSE
aau,3,пуянрах,uaa,2,3,1,3,572,2931,1,FALSE
aau,3,хускалмасть,uaa,2,3,1,3,572,2931,1,FALSE
aau,3,мухтаса,uaa,2,3,1,3,572,2931,1,FALSE
aau,3,утланса,uaa,2,3,1,3,572,2931,1,FALSE
aau,3,чухлама,uaa,2,3,1,3,572,2931,1,FALSE
aau,3,шап-шурах,aua,2,3,1,3,572,2931,1,FALSE
aau,3,тумланма,uaa,2,3,1,3,572,2931,1,FALSE
aau,3,ҫухатма,uaa,2,3,1,3,572,2931,1,FALSE
aau,3,сухала,uaa,2,3,1,3,572,2931,1,FALSE
aau,3,юмансар,uaa,2,3,1,3,572,2931,1,FALSE
aau,3,уткала,uaa,2,3,1,3,572,2931,1,FALSE
aau,3,юлташна,uaa,2,3,1,3,572,2931,1,FALSE
aau,3,кантура,aua,2,3,1,3,572,2931,1,FALSE
aau,3,харкашу,aau,2,3,1,3,572,2931,1,FALSE
aau,3,маруся,aua,2,3,1,3,572,2931,1,FALSE
aau,3,кулакан,uaa,2,3,1,3,572,2931,1,FALSE
aau,3,ҫутатма,uaa,2,3,1,3,572,2931,1,FALSE
aau,3,кутамкка,uaa,2,3,1,3,572,2931,1,FALSE
aau,3,тусана,uaa,2,3,1,3,572,2931,1,FALSE
aau,3,тухайман,uaa,2,3,1,3,572,2931,1,FALSE
aau,3,уҫмалла,uaa,2,3,1,3,572,2931,1,FALSE
aau,3,ванюка,aua,2,3,1,3,572,2931,1,FALSE
aau,3,ҫунтарма,uaa,2,3,1,3,572,2931,1,FALSE
aau,3,сунара,uaa,2,3,1,3,572,2931,1,FALSE
aau,3,пуҫлама,uaa,2,3,1,3,572,2931,1,FALSE
aau,3,ҫунапа,uaa,2,3,1,3,572,2931,1,FALSE
aau,3,куҫранах,uaa,2,3,1,3,572,2931,1,FALSE
aau,3,упапа,uaa,2,3,1,3,572,2931,1,FALSE
aau,3,ҫумлама,uaa,2,3,1,3,572,2931,1,FALSE
aau,3,шуранка,uaa,2,3,1,3,572,2931,1,FALSE
aau,3,юлмалла,uaa,2,3,1,3,572,2931,1,FALSE
aau,3,пусарас,uaa,2,3,1,3,572,2931,1,FALSE
aau,3,хушамат,uaa,2,3,1,3,572,2931,1,FALSE
aau,3,ҫуласа,uaa,2,3,1,3,572,2931,1,FALSE
aau,3,юсавпа,uaa,2,3,1,3,572,2931,1,FALSE
aau,3,уяра,uaa,2,3,1,3,572,2931,1,FALSE
aau,3,суйлама,uaa,2,3,1,3,572,2931,1,FALSE
aau,3,тухаймасть,uaa,2,3,1,3,572,2931,1,FALSE
aau,3,панкрута,aua,2,3,1,3,572,2931,1,FALSE
aau,3,пулаять,uaa,2,3,1,3,572,2931,1,FALSE
aau,3,шуратать,uaa,2,3,1,3,572,2931,1,FALSE
aau,3,пултарсан,uaa,2,3,1,3,572,2931,1,FALSE
aau,3,хуплансан,uaa,2,3,1,3,572,2931,1,FALSE
aau,3,курава,uaa,2,3,1,3,572,2931,1,FALSE
aau,3,хускатсан,uaa,2,3,1,3,572,2931,1,FALSE
aau,3,пушмакпа,uaa,2,3,1,3,572,2931,1,FALSE
aau,3,пустарса,uaa,2,3,1,3,572,2931,1,FALSE
aau,3,мухтанать,uaa,2,3,1,3,572,2931,1,FALSE
aau,3,тухьяпа,uaa,2,3,1,3,572,2931,1,FALSE
aau,3,уттарать,uaa,2,3,1,3,572,2931,1,FALSE
aau,3,хуларах,uaa,2,3,1,3,572,2931,1,FALSE
aau,3,хусахра,uaa,2,3,1,3,572,2931,1,FALSE
aau,3,пуяна,uaa,2,3,1,3,572,2931,1,FALSE
aau,3,юмахлать,uaa,2,3,1,3,572,2931,1,FALSE
aau,3,хускатмасть,uaa,1,3,1,3,572,2931,1,FALSE
aau,3,урапан,uaa,1,3,1,3,572,2931,1,FALSE
aau,3,чулланса,uaa,1,3,1,3,572,2931,1,FALSE
aau,3,тулалла,uaa,1,3,1,3,572,2931,1,FALSE
aau,3,алюша,aua,1,3,1,3,572,2931,1,FALSE
aau,3,туллашса,uaa,1,3,1,3,572,2931,1,FALSE
aau,3,тусанран,uaa,1,3,1,3,572,2931,1,FALSE
aau,3,пуллашать,uaa,1,3,1,3,572,2931,1,FALSE
aau,3,юсанать,uaa,1,3,1,3,572,2931,1,FALSE
aau,3,картусна,aua,1,3,1,3,572,2931,1,FALSE
aau,3,пралукран,aua,1,3,1,3,572,2931,1,FALSE
aau,3,пучаха,uaa,1,3,1,3,572,2931,1,FALSE
aau,3,шутласах,uaa,1,3,1,3,572,2931,1,FALSE
aau,3,юмахран,uaa,1,3,1,3,572,2931,1,FALSE
aau,3,ҫултанах,uaa,1,3,1,3,572,2931,1,FALSE
aau,3,юрлакан,uaa,1,3,1,3,572,2931,1,FALSE
aau,3,ухтарса,uaa,1,3,1,3,572,2931,1,FALSE
aau,3,насусран,aua,1,3,1,3,572,2931,1,FALSE
aau,3,юпана,uaa,1,3,1,3,572,2931,1,FALSE
aau,3,уралта,uaa,1,3,1,3,572,2931,1,FALSE
aau,3,туптаса,uaa,1,3,1,3,572,2931,1,FALSE
aau,3,саппуна,aua,1,3,1,3,572,2931,1,FALSE
aau,3,куҫарсан,uaa,1,3,1,3,572,2931,1,FALSE
aau,3,шупкарах,uaa,1,3,1,3,572,2931,1,FALSE
aau,3,ҫумасан,uaa,1,3,1,3,572,2931,1,FALSE
aau,3,упракан,uaa,1,3,1,3,572,2931,1,FALSE
aau,3,хуралта,uaa,1,3,1,3,572,2931,1,FALSE
aau,3,астусах,aua,1,3,1,3,572,2931,1,FALSE
aau,3,ҫукранах,uaa,1,3,1,3,572,2931,1,FALSE
aau,3,юрккапа,uaa,1,3,1,3,572,2931,1,FALSE
aau,3,укҫаран,uaa,1,3,1,3,572,2931,1,FALSE
aau,3,асту-ха,aua,1,3,1,3,572,2931,1,FALSE
aau,3,кунталлах,uaa,1,3,1,3,572,2931,1,FALSE
aau,3,уттарах,uaa,1,3,1,3,572,2931,1,FALSE
aau,3,утайман,uaa,1,3,1,3,572,2931,1,FALSE
aau,3,хулапа,uaa,1,3,1,3,572,2931,1,FALSE
aau,3,хуҫалла,uaa,1,3,1,3,572,2931,1,FALSE
aau,3,уялла,uaa,1,3,1,3,572,2931,1,FALSE
aau,3,тумлапа,uaa,1,3,1,3,572,2931,1,FALSE
aau,3,ҫухатсан,uaa,1,3,1,3,572,2931,1,FALSE
aau,3,умранах,uaa,1,3,1,3,572,2931,1,FALSE
aau,3,упалла,uaa,1,3,1,3,572,2931,1,FALSE
aau,3,урхапа,uaa,1,3,1,3,572,2931,1,FALSE
aau,3,умрах-ха,uaa,1,3,1,3,572,2931,1,FALSE
aau,3,юхтарса,uaa,1,3,1,3,572,2931,1,FALSE
aau,3,тутапа,uaa,1,3,1,3,572,2931,1,FALSE
aau,3,сукмака,uaa,1,3,1,3,572,2931,1,FALSE
aau,3,пуҫланас,uaa,1,3,1,3,572,2931,1,FALSE
aau,3,шутарса,uaa,1,3,1,3,572,2931,1,FALSE
aau,3,куларах,uaa,1,3,1,3,572,2931,1,FALSE
aau,3,сутасса,uaa,1,3,1,3,572,2931,1,FALSE
aau,3,нушапа,uaa,1,3,1,3,572,2931,1,FALSE
aau,3,хуранта,uaa,1,3,1,3,572,2931,1,FALSE
aau,3,юхтарма,uaa,1,3,1,3,572,2931,1,FALSE
aau,3,мунчара,uaa,1,3,1,3,572,2931,1,FALSE
aau,3,ҫурала,uaa,1,3,1,3,572,2931,1,FALSE
aau,3,пуҫтарар,uaa,1,3,1,3,572,2931,1,FALSE
aau,3,юсасан,uaa,1,3,1,3,572,2931,1,FALSE
aau,3,кункаҫа,uaa,1,3,1,3,572,2931,1,FALSE
aau,3,хутаҫпа,uaa,1,3,1,3,572,2931,1,FALSE
aau,3,шуралсах,uaa,1,3,1,3,572,2931,1,FALSE
aau,3,сунтала,uaa,1,3,1,3,572,2931,1,FALSE
aau,3,уҫсанах,uaa,1,3,1,3,572,2931,1,FALSE
aau,3,вакунран,aua,1,3,1,3,572,2931,1,FALSE
aau,3,хушасса,uaa,1,3,1,3,572,2931,1,FALSE
aau,3,суранпа,uaa,1,3,1,3,572,2931,1,FALSE
aau,3,карттуса,aua,1,3,1,3,572,2931,1,FALSE
aau,3,тутарма,uaa,1,3,1,3,572,2931,1,FALSE
aau,3,чухламасть,uaa,1,3,1,3,572,2931,1,FALSE
aau,3,хутахай,uaa,1,3,1,3,572,2931,1,FALSE
aau,3,пуҫтарсан,uaa,1,3,1,3,572,2931,1,FALSE
aau,3,ухмахран,uaa,1,3,1,3,572,2931,1,FALSE
aau,3,урхамах,uaa,1,3,1,3,572,2931,1,FALSE
aau,3,пултарас,uaa,1,3,1,3,572,2931,1,FALSE
aau,3,пуканпа,uaa,1,3,1,3,572,2931,1,FALSE
aau,3,чухламан,uaa,1,3,1,3,572,2931,1,FALSE
aau,3,яккупа,aua,1,3,1,3,572,2931,1,FALSE
aau,3,турпаспа,uaa,1,3,1,3,572,2931,1,FALSE
aau,3,санюка,aua,1,3,1,3,572,2931,1,FALSE
aau,3,ҫарупа,aua,1,3,1,3,572,2931,1,FALSE
aau,3,суранна,uaa,1,3,1,3,572,2931,1,FALSE
aau,3,усалрах,uaa,1,3,1,3,572,2931,1,FALSE
aau,3,хунарпа,uaa,1,3,1,3,572,2931,1,FALSE
aau,3,туякан,uaa,1,3,1,3,572,2931,1,FALSE
aau,3,шашулкка,aua,1,3,1,3,572,2931,1,FALSE
aau,3,чупаймасть,uaa,1,3,1,3,572,2931,1,FALSE
aau,3,уйранпа,uaa,1,3,1,3,572,2931,1,FALSE
aau,3,хускалман,uaa,1,3,1,3,572,2931,1,FALSE
aau,3,пухасах,uaa,1,3,1,3,572,2931,1,FALSE
aau,3,хурапа,uaa,1,3,1,3,572,2931,1,FALSE
aau,3,хуратса,uaa,1,3,1,3,572,2931,1,FALSE
aau,3,пушатар,uaa,1,3,1,3,572,2931,1,FALSE
aau,3,хусканма,uaa,1,3,1,3,572,2931,1,FALSE
aau,3,мухтавпа,uaa,1,3,1,3,572,2931,1,FALSE
aau,3,пакурпа,aua,1,3,1,3,572,2931,1,FALSE
aau,3,тухас-ха,uaa,1,3,1,3,572,2931,1,FALSE
aau,3,улталан,uaa,1,3,1,3,572,2931,1,FALSE
aau,3,юсавран,uaa,1,3,1,3,572,2931,1,FALSE
aau,3,турттарать,uaa,1,3,1,3,572,2931,1,FALSE
aau,3,юптарса,uaa,1,3,1,3,572,2931,1,FALSE
aau,3,сулласа,uaa,1,3,1,3,572,2931,1,FALSE
aau,3,юсасса,uaa,1,3,1,3,572,2931,1,FALSE
aau,3,хусанта,uaa,1,3,1,3,572,2931,1,FALSE
aau,3,пуҫҫапса,uaa,1,3,1,3,572,2931,1,FALSE
aau,3,шукалать,uaa,1,3,1,3,572,2931,1,FALSE
aau,3,туратпа,uaa,1,3,1,3,572,2931,1,FALSE
aau,3,шупкалса,uaa,1,3,1,3,572,2931,1,FALSE
aau,3,куравпа,uaa,1,3,1,3,572,2931,1,FALSE
aau,3,хуҫмалла,uaa,1,3,1,3,572,2931,1,FALSE
aau,3,хурланма,uaa,1,3,1,3,572,2931,1,FALSE
aau,3,шуратас,uaa,1,3,1,3,572,2931,1,FALSE
aau,3,ҫумранах,uaa,1,3,1,3,572,2931,1,FALSE
aau,3,канура,aua,1,3,1,3,572,2931,1,FALSE
aau,3,пурнакан,uaa,1,3,1,3,572,2931,1,FALSE
aau,3,уҫакан,uaa,1,3,1,3,572,2931,1,FALSE
aau,3,хутмалла,uaa,1,3,1,3,572,2931,1,FALSE
aau,3,ухватпа,uaa,1,3,1,3,572,2931,1,FALSE
aau,3,вакула,aua,1,3,1,3,572,2931,1,FALSE
aau,3,тултарма,uaa,1,3,1,3,572,2931,1,FALSE
aau,3,турттарас,uaa,1,3,1,3,572,2931,1,FALSE
aau,3,пухтарса,uaa,1,3,1,3,572,2931,1,FALSE
aau,3,юсакан,uaa,1,3,1,3,572,2931,1,FALSE
aau,3,тухманах,uaa,1,3,1,3,572,2931,1,FALSE
aau,3,яшук-ха,aua,1,3,1,3,572,2931,1,FALSE
aau,3,ҫуранах,uaa,1,3,1,3,572,2931,1,FALSE
aau,3,чупакан,uaa,1,3,1,3,572,2931,1,FALSE
aau,3,улталас,uaa,1,3,1,3,572,2931,1,FALSE
aau,3,тукмака,uaa,1,3,1,3,572,2931,1,FALSE
aau,3,тупрана,uaa,1,3,1,3,572,2931,1,FALSE
aau,3,пушанать,uaa,1,3,1,3,572,2931,1,FALSE
aau,3,култарать,uaa,1,3,1,3,572,2931,1,FALSE
aau,3,ҫуратман,uaa,1,3,1,3,572,2931,1,FALSE
aau,3,тулашса,uaa,1,3,1,3,572,2931,1,FALSE
aau,3,сутмаллах,uaa,1,3,1,3,572,2931,1,FALSE
aau,3,ҫуман-ха,uaa,1,3,1,3,572,2931,1,FALSE
aau,3,пусарах,uaa,1,3,1,3,572,2931,1,FALSE
aau,3,юраса,uaa,1,3,1,3,572,2931,1,FALSE
aau,3,хуралҫа,uaa,1,3,1,3,572,2931,1,FALSE
aau,3,утарҫа,uaa,1,3,1,3,572,2931,1,FALSE
aau,3,унталлах,uaa,1,3,1,3,572,2931,1,FALSE
aau,3,юсаман,uaa,1,3,1,3,572,2931,1,FALSE
aau,3,кулянман,uaa,1,3,1,3,572,2931,1,FALSE
aau,3,туптама,uaa,1,3,1,3,572,2931,1,FALSE
aau,3,юлташран,uaa,1,3,1,3,572,2931,1,FALSE
aau,3,сутмалла,uaa,1,3,1,3,572,2931,1,FALSE
aau,3,юманпа,uaa,1,3,1,3,572,2931,1,FALSE
aau,3,курмаллах,uaa,1,3,1,3,572,2931,1,FALSE
aau,3,тутара,uaa,1,3,1,3,572,2931,1,FALSE
aau,3,пуканран,uaa,1,3,1,3,572,2931,1,FALSE
aau,3,хуплашкан,uaa,1,3,1,3,572,2931,1,FALSE
aau,3,штурмлама,uaa,1,3,1,3,572,2931,1,FALSE
aau,3,куккапа,uaa,1,3,1,3,572,2931,1,FALSE
aau,3,юнама,uaa,1,3,1,3,572,2931,1,FALSE
aau,3,палюкпа,aua,1,3,1,3,572,2931,1,FALSE
aau,3,уявлать,uaa,1,3,1,3,572,2931,1,FALSE
aau,3,аҫунтан,aua,1,3,1,3,572,2931,1,FALSE
aau,3,ҫураҫас,uaa,1,3,1,3,572,2931,1,FALSE
aau,3,кунтанпа,uaa,1,3,1,3,572,2931,1,FALSE
aau,3,раману,aau,1,3,1,3,572,2931,1,FALSE
aau,3,хурахпа,uaa,1,3,1,3,572,2931,1,FALSE
aau,3,юратаҫ,uaa,1,3,1,3,572,2931,1,FALSE
aau,3,устава,uaa,1,3,1,3,572,2931,1,FALSE
aau,3,путвалтан,uaa,1,3,1,3,572,2931,1,FALSE
aau,3,мухтанас,uaa,1,3,1,3,572,2931,1,FALSE
aau,3,юпалран,uaa,1,3,1,3,572,2931,1,FALSE
aau,3,пултаран,uaa,1,3,1,3,572,2931,1,FALSE
aau,3,шутламасть,uaa,1,3,1,3,572,2931,1,FALSE
aau,3,пуҫтарас,uaa,1,3,1,3,572,2931,1,FALSE
aau,3,хурласа,uaa,1,3,1,3,572,2931,1,FALSE
aau,3,пуссанах,uaa,1,3,1,3,572,2931,1,FALSE
aau,3,кушака,uaa,1,3,1,3,572,2931,1,FALSE
aau,3,насуспа,aua,1,3,1,3,572,2931,1,FALSE
aau,3,хумхатса,uaa,1,3,1,3,572,2931,1,FALSE
aau,3,ҫулакан,uaa,1,3,1,3,572,2931,1,FALSE
aau,3,анюкран,aua,1,3,1,3,572,2931,1,FALSE
aau,3,хумккана,uaa,1,3,1,3,572,2931,1,FALSE
aau,3,курайман,uaa,1,3,1,3,572,2931,1,FALSE
aau,3,кураяс,uaa,1,3,1,3,572,2931,1,FALSE
aau,3,мустая,uaa,1,3,1,3,572,2931,1,FALSE
aau,3,ачусам,aua,1,3,1,3,572,2931,1,FALSE
aau,3,вучаха,uaa,1,3,1,3,572,2931,1,FALSE
aau,3,пушанман,uaa,1,3,1,3,572,2931,1,FALSE
aau,3,кантуртан,aua,1,3,1,3,572,2931,1,FALSE
aau,3,хусаха,uaa,1,3,1,3,572,2931,1,FALSE
aau,3,пусарма,uaa,1,3,1,3,572,2931,1,FALSE
aau,3,ҫурмалла,uaa,1,3,1,3,572,2931,1,FALSE
aau,3,хуптарать,uaa,1,3,1,3,572,2931,1,FALSE
aau,3,юсанма,uaa,1,3,1,3,572,2931,1,FALSE
aau,3,хуплакан,uaa,1,3,1,3,572,2931,1,FALSE
aau,3,хупланса,uaa,1,3,1,3,572,2931,1,FALSE
aau,3,култар-ха,uaa,1,3,1,3,572,2931,1,FALSE
aau,3,пусманах,uaa,1,3,1,3,572,2931,1,FALSE
aau,3,тупасса,uaa,1,3,1,3,572,2931,1,FALSE
aau,3,пралука,aua,1,3,1,3,572,2931,1,FALSE
aau,3,чупмалла,uaa,1,3,1,3,572,2931,1,FALSE
aau,3,варьюха,aua,1,3,1,3,572,2931,1,FALSE
aau,3,хуравай,uaa,1,3,1,3,572,2931,1,FALSE
aau,3,куҫмалла,uaa,1,3,1,3,572,2931,1,FALSE
aau,3,тукмакпа,uaa,1,3,1,3,572,2931,1,FALSE
aau,3,юлакан,uaa,1,3,1,3,572,2931,1,FALSE
aau,3,вучахран,uaa,1,3,1,3,572,2931,1,FALSE
aau,3,хуракан,uaa,1,3,1,3,572,2931,1,FALSE
aau,3,хумккаран,uaa,1,3,1,3,572,2931,1,FALSE
aau,3,чутайра,uaa,1,3,1,3,572,2931,1,FALSE
aau,3,пушах-ха,uaa,1,3,1,3,572,2931,1,FALSE
aau,3,юсанмасть,uaa,1,3,1,3,572,2931,1,FALSE
aau,3,ҫуллансан,uaa,1,3,1,3,572,2931,1,FALSE
aau,3,пулаймасть,uaa,1,3,1,3,572,2931,1,FALSE
aau,3,хураха,uaa,1,3,1,3,572,2931,1,FALSE
aau,3,ҫухалман,uaa,1,3,1,3,572,2931,1,FALSE
aau,3,якурпа,aua,1,3,1,3,572,2931,1,FALSE
aau,3,пуласпа,uaa,1,3,1,3,572,2931,1,FALSE
aau,3,лашуна,aua,1,3,1,3,572,2931,1,FALSE
aau,3,хуҫасран,uaa,1,3,1,3,572,2931,1,FALSE
aau,3,утравран,uaa,1,3,1,3,572,2931,1,FALSE
aau,3,тумасан,uaa,1,3,1,3,572,2931,1,FALSE
aau,3,савутра,aua,1,3,1,3,572,2931,1,FALSE
aau,3,тухмаллах,uaa,1,3,1,3,572,2931,1,FALSE
aau,3,куҫакан,uaa,1,3,1,3,572,2931,1,FALSE
aau,3,чуптара,uaa,1,3,1,3,572,2931,1,FALSE
aau,3,суяпа,uaa,1,3,1,3,572,2931,1,FALSE
aau,3,туянас,uaa,1,3,1,3,572,2931,1,FALSE
aau,3,шуйхатса,uaa,1,3,1,3,572,2931,1,FALSE
aau,3,ҫуллана,uaa,1,3,1,3,572,2931,1,FALSE
aau,3,юсавра,uaa,1,3,1,3,572,2931,1,FALSE
ai,2,валли,ai,295,2,1,2,223,2503,1,FALSE
ai,2,кашни,ai,279,2,1,2,223,2503,1,FALSE
ai,2,никам,ia,200,2,1,2,223,2503,1,FALSE
ai,2,иван,ia,171,2,1,2,223,2503,1,FALSE
ai,2,нихҫан,ia,115,2,1,2,223,2503,1,FALSE
ai,2,сасси,ai,96,2,1,2,223,2503,1,FALSE
ai,2,ялти,ai,71,2,1,2,223,2503,1,FALSE
ai,2,хальхи,ai,69,2,1,2,223,2503,1,FALSE
ai,2,ачи,ai,62,2,1,2,223,2503,1,FALSE
ai,2,хайхи,ai,52,2,1,2,223,2503,1,FALSE
ai,2,каҫхи,ai,44,2,1,2,223,2503,1,FALSE
ai,2,алли,ai,40,2,1,2,223,2503,1,FALSE
ai,2,мар-и,ai,39,2,1,2,223,2503,1,FALSE
ai,2,стасик,ai,38,2,1,2,223,2503,1,FALSE
ai,2,малти,ai,38,2,1,2,223,2503,1,FALSE
ai,2,миша,ia,34,2,1,2,223,2503,1,FALSE
ai,2,нина,ia,25,2,1,2,223,2503,1,FALSE
ai,2,кайни,ai,22,2,1,2,223,2503,1,FALSE
ai,2,ҫамки,ai,22,2,1,2,223,2503,1,FALSE
ai,2,старик,ai,21,2,1,2,223,2503,1,FALSE
ai,2,пани,ai,21,2,1,2,223,2503,1,FALSE
ai,2,асли,ai,20,2,1,2,223,2503,1,FALSE
ai,2,ниҫта,ia,17,2,1,2,223,2503,1,FALSE
ai,2,каччи,ai,17,2,1,2,223,2503,1,FALSE
ai,2,нарспи,ai,17,2,1,2,223,2503,1,FALSE
ai,2,мар-ши,ai,16,2,1,2,223,2503,1,FALSE
ai,2,шалти,ai,16,2,1,2,223,2503,1,FALSE
ai,2,савни,ai,16,2,1,2,223,2503,1,FALSE
ai,2,тарин,ai,16,2,1,2,223,2503,1,FALSE
ai,2,илья,ia,15,2,1,2,223,2503,1,FALSE
ai,2,парти,ai,15,2,1,2,223,2503,1,FALSE
ai,2,архип,ai,15,2,1,2,223,2503,1,FALSE
ai,2,витя,ia,15,2,1,2,223,2503,1,FALSE
ai,2,сталин,ai,15,2,1,2,223,2503,1,FALSE
ai,2,лаши,ai,14,2,1,2,223,2503,1,FALSE
ai,2,яни,ai,13,2,1,2,223,2503,1,FALSE
ai,2,артист,ai,13,2,1,2,223,2503,1,FALSE
ai,2,патши,ai,12,2,1,2,223,2503,1,FALSE
ai,2,альших,ai,12,2,1,2,223,2503,1,FALSE
ai,2,карти,ai,11,2,1,2,223,2503,1,FALSE
ai,2,пиншак,ia,10,2,1,2,223,2503,1,FALSE
ai,2,картиш,ai,10,2,1,2,223,2503,1,FALSE
ai,2,чим-ха,ia,9,2,1,2,223,2503,1,FALSE
ai,2,ларни,ai,9,2,1,2,223,2503,1,FALSE
ai,2,ватти,ai,9,2,1,2,223,2503,1,FALSE
ai,2,кайри,ai,8,2,1,2,223,2503,1,FALSE
ai,2,яшки,ai,8,2,1,2,223,2503,1,FALSE
ai,2,митя,ia,8,2,1,2,223,2503,1,FALSE
ai,2,марри,ai,8,2,1,2,223,2503,1,FALSE
ai,2,миасс,ia,8,2,1,2,223,2503,1,FALSE
ai,2,ванькин,ai,7,2,1,2,223,2503,1,FALSE
ai,2,хакли,ai,7,2,1,2,223,2503,1,FALSE
ai,2,шанни,ai,7,2,1,2,223,2503,1,FALSE
ai,2,архим,ai,7,2,1,2,223,2503,1,FALSE
ai,2,хапхи,ai,6,2,1,2,223,2503,1,FALSE
ai,2,кавир,ai,6,2,1,2,223,2503,1,FALSE
ai,2,шайри,ai,6,2,1,2,223,2503,1,FALSE
ai,2,кашнин,ai,6,2,1,2,223,2503,1,FALSE
ai,2,мари,ai,6,2,1,2,223,2503,1,FALSE
ai,2,инна,ia,6,2,1,2,223,2503,1,FALSE
ai,2,аҫи,ai,5,2,1,2,223,2503,1,FALSE
ai,2,палли,ai,5,2,1,2,223,2503,1,FALSE
ai,2,кашкин,ai,5,2,1,2,223,2503,1,FALSE
ai,2,сакки,ai,5,2,1,2,223,2503,1,FALSE
ai,2,римма,ia,5,2,1,2,223,2503,1,FALSE
ai,2,китай,ia,5,2,1,2,223,2503,1,FALSE
ai,2,лиля,ia,5,2,1,2,223,2503,1,FALSE
ai,2,татки,ai,4,2,1,2,223,2503,1,FALSE
ai,2,ани,ai,4,2,1,2,223,2503,1,FALSE
ai,2,аври,ai,4,2,1,2,223,2503,1,FALSE
ai,2,ваҫҫи,ai,4,2,1,2,223,2503,1,FALSE
ai,2,ҫарти,ai,4,2,1,2,223,2503,1,FALSE
ai,2,тиха,ia,4,2,1,2,223,2503,1,FALSE
ai,2,калчи,ai,4,2,1,2,223,2503,1,FALSE
ai,2,касни,ai,4,2,1,2,223,2503,1,FALSE
ai,2,василь,ai,4,2,1,2,223,2503,1,FALSE
ai,2,камит,ai,4,2,1,2,223,2503,1,FALSE
ai,2,картти,ai,4,2,1,2,223,2503,1,FALSE
ai,2,причал,ia,4,2,1,2,223,2503,1,FALSE
ai,2,ирхан,ia,4,2,1,2,223,2503,1,FALSE
ai,2,праҫник,ai,3,2,1,2,223,2503,1,FALSE
ai,2,шатри,ai,3,2,1,2,223,2503,1,FALSE
ai,2,михха,ia,3,2,1,2,223,2503,1,FALSE
ai,2,иванч,ia,3,2,1,2,223,2503,1,FALSE
ai,2,сарри,ai,3,2,1,2,223,2503,1,FALSE
ai,2,тарҫи,ai,3,2,1,2,223,2503,1,FALSE
ai,2,ами,ai,3,2,1,2,223,2503,1,FALSE
ai,2,праски,ai,3,2,1,2,223,2503,1,FALSE
ai,2,яри,ai,3,2,1,2,223,2503,1,FALSE
ai,2,аминь,ai,3,2,1,2,223,2503,1,FALSE
ai,2,пахчи,ai,3,2,1,2,223,2503,1,FALSE
ai,2,тариҫ,ai,3,2,1,2,223,2503,1,FALSE
ai,2,якши,ai,3,2,1,2,223,2503,1,FALSE
ai,2,таки,ai,3,2,1,2,223,2503,1,FALSE
ai,2,ҫинкка,ia,3,2,1,2,223,2503,1,FALSE
ai,2,парни,ai,3,2,1,2,223,2503,1,FALSE
ai,2,кассир,ai,3,2,1,2,223,2503,1,FALSE
ai,2,им-ҫам,ia,3,2,1,2,223,2503,1,FALSE
ai,2,вилка,ia,3,2,1,2,223,2503,1,FALSE
ai,2,сарни,ai,3,2,1,2,223,2503,1,FALSE
ai,2,латин,ai,3,2,1,2,223,2503,1,FALSE
ai,2,шарши,ai,3,2,1,2,223,2503,1,FALSE
ai,2,парсил,ai,3,2,1,2,223,2503,1,FALSE
ai,2,сима,ia,3,2,1,2,223,2503,1,FALSE
ai,2,каски,ai,3,2,1,2,223,2503,1,FALSE
ai,2,привал,ia,2,2,1,2,223,2503,1,FALSE
ai,2,шарик,ai,2,2,1,2,223,2503,1,FALSE
ai,2,паркри,ai,2,2,1,2,223,2503,1,FALSE
ai,2,пластик,ai,2,2,1,2,223,2503,1,FALSE
ai,2,рикса,ia,2,2,1,2,223,2503,1,FALSE
ai,2,пахи,ai,2,2,1,2,223,2503,1,FALSE
ai,2,архив,ai,2,2,1,2,223,2503,1,FALSE
ai,2,камни,ai,2,2,1,2,223,2503,1,FALSE
ai,2,тарни,ai,2,2,1,2,223,2503,1,FALSE
ai,2,старши,ai,2,2,1,2,223,2503,1,FALSE
ai,2,явни,ai,2,2,1,2,223,2503,1,FALSE
ai,2,мина,ia,2,2,1,2,223,2503,1,FALSE
ai,2,чавси,ai,2,2,1,2,223,2503,1,FALSE
ai,2,кати,ai,2,2,1,2,223,2503,1,FALSE
ai,2,килька,ia,2,2,1,2,223,2503,1,FALSE
ai,2,максим,ai,2,2,1,2,223,2503,1,FALSE
ai,2,патри,ai,2,2,1,2,223,2503,1,FALSE
ai,2,таҫти,ai,2,2,1,2,223,2503,1,FALSE
ai,2,канни,ai,2,2,1,2,223,2503,1,FALSE
ai,2,ҫакни,ai,2,2,1,2,223,2503,1,FALSE
ai,2,шанми,ai,2,2,1,2,223,2503,1,FALSE
ai,2,лартни,ai,2,2,1,2,223,2503,1,FALSE
ai,2,лавҫи,ai,2,2,1,2,223,2503,1,FALSE
ai,2,амин,ai,2,2,1,2,223,2503,1,FALSE
ai,2,ҫапли,ai,2,2,1,2,223,2503,1,FALSE
ai,2,шалишь,ai,2,2,1,2,223,2503,1,FALSE
ai,2,вирьял,ia,2,2,1,2,223,2503,1,FALSE
ai,2,лавкки,ai,2,2,1,2,223,2503,1,FALSE
ai,2,микка,ia,2,2,1,2,223,2503,1,FALSE
ai,2,аттил,ai,2,2,1,2,223,2503,1,FALSE
ai,2,майхи,ai,2,2,1,2,223,2503,1,FALSE
ai,2,искра,ia,2,2,1,2,223,2503,1,FALSE
ai,2,патшин,ai,2,2,1,2,223,2503,1,FALSE
ai,2,скрипка,ia,1,2,1,2,223,2503,1,FALSE
ai,2,ватник,ai,1,2,1,2,223,2503,1,FALSE
ai,2,актив,ai,1,2,1,2,223,2503,1,FALSE
ai,2,варри,ai,1,2,1,2,223,2503,1,FALSE
ai,2,такки,ai,1,2,1,2,223,2503,1,FALSE
ai,2,михал,ia,1,2,1,2,223,2503,1,FALSE
ai,2,миххан,ia,1,2,1,2,223,2503,1,FALSE
ai,2,манни,ai,1,2,1,2,223,2503,1,FALSE
ai,2,мишшан,ia,1,2,1,2,223,2503,1,FALSE
ai,2,шалчи,ai,1,2,1,2,223,2503,1,FALSE
ai,2,вакки,ai,1,2,1,2,223,2503,1,FALSE
ai,2,спираль,ia,1,2,1,2,223,2503,1,FALSE
ai,2,аки,ai,1,2,1,2,223,2503,1,FALSE
ai,2,васильч,ai,1,2,1,2,223,2503,1,FALSE
ai,2,псалтирь,ai,1,2,1,2,223,2503,1,FALSE
ai,2,митал,ia,1,2,1,2,223,2503,1,FALSE
ai,2,ил-ха,ia,1,2,1,2,223,2503,1,FALSE
ai,2,аллин,ai,1,2,1,2,223,2503,1,FALSE
ai,2,ҫакки,ai,1,2,1,2,223,2503,1,FALSE
ai,2,каҫни,ai,1,2,1,2,223,2503,1,FALSE
ai,2,манми,ai,1,2,1,2,223,2503,1,FALSE
ai,2,сшари,ai,1,2,1,2,223,2503,1,FALSE
ai,2,анни,ai,1,2,1,2,223,2503,1,FALSE
ai,2,класри,ai,1,2,1,2,223,2503,1,FALSE
ai,2,айкри,ai,1,2,1,2,223,2503,1,FALSE
ai,2,статйи,ai,1,2,1,2,223,2503,1,FALSE
ai,2,чита,ia,1,2,1,2,223,2503,1,FALSE
ai,2,кристалл,ia,1,2,1,2,223,2503,1,FALSE
ai,2,шайкин,ai,1,2,1,2,223,2503,1,FALSE
ai,2,ника,ia,1,2,1,2,223,2503,1,FALSE
ai,2,касси,ai,1,2,1,2,223,2503,1,FALSE
ai,2,ачин,ai,1,2,1,2,223,2503,1,FALSE
ai,2,ктап-ри,ai,1,2,1,2,223,2503,1,FALSE
ai,2,такси,ai,1,2,1,2,223,2503,1,FALSE
ai,2,чашки,ai,1,2,1,2,223,2503,1,FALSE
ai,2,танкист,ai,1,2,1,2,223,2503,1,FALSE
ai,2,арки,ai,1,2,1,2,223,2503,1,FALSE
ai,2,трасси,ai,1,2,1,2,223,2503,1,FALSE
ai,2,татни,ai,1,2,1,2,223,2503,1,FALSE
ai,2,кашти,ai,1,2,1,2,223,2503,1,FALSE
ai,2,сарпи,ai,1,2,1,2,223,2503,1,FALSE
ai,2,машин,ai,1,2,1,2,223,2503,1,FALSE
ai,2,ҫитса,ia,1,2,1,2,223,2503,1,FALSE
ai,2,тима,ia,1,2,1,2,223,2503,1,FALSE
ai,2,ниҫтан,ia,1,2,1,2,223,2503,1,FALSE
ai,2,атти,ai,1,2,1,2,223,2503,1,FALSE
ai,2,райри,ai,1,2,1,2,223,2503,1,FALSE
ai,2,тихан,ia,1,2,1,2,223,2503,1,FALSE
ai,2,рамис,ai,1,2,1,2,223,2503,1,FALSE
ai,2,партин,ai,1,2,1,2,223,2503,1,FALSE
ai,2,пристань,ia,1,2,1,2,223,2503,1,FALSE
ai,2,равиль,ai,1,2,1,2,223,2503,1,FALSE
ai,2,мила,ia,1,2,1,2,223,2503,1,FALSE
ai,2,яши,ai,1,2,1,2,223,2503,1,FALSE
ai,2,лашин,ai,1,2,1,2,223,2503,1,FALSE
ai,2,алри,ai,1,2,1,2,223,2503,1,FALSE
ai,2,пирвай,ia,1,2,1,2,223,2503,1,FALSE
ai,2,кассин,ai,1,2,1,2,223,2503,1,FALSE
ai,2,тина,ia,1,2,1,2,223,2503,1,FALSE
ai,2,лаҫҫи,ai,1,2,1,2,223,2503,1,FALSE
ai,2,тик-так,ia,1,2,1,2,223,2503,1,FALSE
ai,2,иран,ia,1,2,1,2,223,2503,1,FALSE
ai,2,масси,ai,1,2,1,2,223,2503,1,FALSE
ai,2,платник,ai,1,2,1,2,223,2503,1,FALSE
ai,2,кира,ia,1,2,1,2,223,2503,1,FALSE
ai,2,плита,ia,1,2,1,2,223,2503,1,FALSE
ai,2,сатин,ai,1,2,1,2,223,2503,1,FALSE
ai,2,ятли,ai,1,2,1,2,223,2503,1,FALSE
ai,2,килна,ia,1,2,1,2,223,2503,1,FALSE
ai,2,ирт-ха,ia,1,2,1,2,223,2503,1,FALSE
ai,2,кайми,ai,1,2,1,2,223,2503,1,FALSE
ai,2,вильямс,ia,1,2,1,2,223,2503,1,FALSE
ai,2,чикан,ia,1,2,1,2,223,2503,1,FALSE
ai,2,чакни,ai,1,2,1,2,223,2503,1,FALSE
ai,2,савин,ai,1,2,1,2,223,2503,1,FALSE
ai,2,причак,ia,1,2,1,2,223,2503,1,FALSE
ai,2,матки,ai,1,2,1,2,223,2503,1,FALSE
ai,2,ира,ia,1,2,1,2,223,2503,1,FALSE
ai,2,пират,ia,1,2,1,2,223,2503,1,FALSE
ai,2,слива,ia,1,2,1,2,223,2503,1,FALSE
ai,2,машшин,ai,1,2,1,2,223,2503,1,FALSE
ai,2,вика,ia,1,2,1,2,223,2503,1,FALSE
ai,2,партти,ai,1,2,1,2,223,2503,1,FALSE
ai,2,шина,ia,1,2,1,2,223,2503,1,FALSE
ai,2,пахчин,ai,1,2,1,2,223,2503,1,FALSE
eu,2,чухне,ue,423,2,1,2,86,2031,1,FALSE
eu,2,пурте,ue,327,2,1,2,86,2031,1,FALSE
eu,2,пуҫне,ue,193,2,1,2,86,2031,1,FALSE
eu,2,умне,ue,129,2,1,2,86,2031,1,FALSE
eu,2,ҫумне,ue,125,2,1,2,86,2031,1,FALSE
eu,2,хуллен,ue,110,2,1,2,86,2031,1,FALSE
eu,2,пурне,ue,92,2,1,2,86,2031,1,FALSE
eu,2,хутчен,ue,76,2,1,2,86,2031,1,FALSE
eu,2,куҫне,ue,71,2,1,2,86,2031,1,FALSE
eu,2,кунне,ue,47,2,1,2,86,2031,1,FALSE
eu,2,унччен,ue,37,2,1,2,86,2031,1,FALSE
eu,2,ҫулсем,ue,28,2,1,2,86,2031,1,FALSE
eu,2,ҫуртне,ue,26,2,1,2,86,2031,1,FALSE
eu,2,пушшех,ue,23,2,1,2,86,2031,1,FALSE
eu,2,чунне,ue,20,2,1,2,86,2031,1,FALSE
eu,2,чухнех,ue,20,2,1,2,86,2031,1,FALSE
eu,2,ҫулне,ue,18,2,1,2,86,2031,1,FALSE
eu,2,кусем,ue,15,2,1,2,86,2031,1,FALSE
eu,2,ҫеруш,eu,15,2,1,2,86,2031,1,FALSE
eu,2,шутне,ue,15,2,1,2,86,2031,1,FALSE
eu,2,евтук,eu,13,2,1,2,86,2031,1,FALSE
eu,2,туссем,ue,12,2,1,2,86,2031,1,FALSE
eu,2,ҫуртсем,ue,11,2,1,2,86,2031,1,FALSE
eu,2,вуҫех,ue,10,2,1,2,86,2031,1,FALSE
eu,2,куллен,ue,10,2,1,2,86,2031,1,FALSE
eu,2,ҫумнех,ue,8,2,1,2,86,2031,1,FALSE
eu,2,хутне,ue,8,2,1,2,86,2031,1,FALSE
eu,2,тусне,ue,7,2,1,2,86,2031,1,FALSE
eu,2,утне,ue,7,2,1,2,86,2031,1,FALSE
eu,2,хутсем,ue,7,2,1,2,86,2031,1,FALSE
eu,2,кунсем,ue,6,2,1,2,86,2031,1,FALSE
eu,2,куннех,ue,6,2,1,2,86,2031,1,FALSE
eu,2,чулсем,ue,5,2,1,2,86,2031,1,FALSE
eu,2,елюк,eu,5,2,1,2,86,2031,1,FALSE
eu,2,умнех,ue,5,2,1,2,86,2031,1,FALSE
eu,2,пушех,ue,5,2,1,2,86,2031,1,FALSE
eu,2,верук,eu,4,2,1,2,86,2031,1,FALSE
eu,2,петюк,eu,4,2,1,2,86,2031,1,FALSE
eu,2,тумне,ue,4,2,1,2,86,2031,1,FALSE
eu,2,чухлех,ue,4,2,1,2,86,2031,1,FALSE
eu,2,чулне,ue,4,2,1,2,86,2031,1,FALSE
eu,2,хрестук,eu,4,2,1,2,86,2031,1,FALSE
eu,2,ҫуллен,ue,3,2,1,2,86,2031,1,FALSE
eu,2,чунсем,ue,3,2,1,2,86,2031,1,FALSE
eu,2,утсем,ue,3,2,1,2,86,2031,1,FALSE
eu,2,юнне,ue,3,2,1,2,86,2031,1,FALSE
eu,2,куҫсем,ue,3,2,1,2,86,2031,1,FALSE
eu,2,кутне,ue,3,2,1,2,86,2031,1,FALSE
eu,2,чунсен,ue,3,2,1,2,86,2031,1,FALSE
eu,2,кенук,eu,3,2,1,2,86,2031,1,FALSE
eu,2,купель,ue,3,2,1,2,86,2031,1,FALSE
eu,2,ҫеккунт,eu,2,2,1,2,86,2031,1,FALSE
eu,2,шутсем,ue,2,2,1,2,86,2031,1,FALSE
eu,2,кусен,ue,2,2,1,2,86,2031,1,FALSE
eu,2,хурсем,ue,2,2,1,2,86,2031,1,FALSE
eu,2,кунсен,ue,2,2,1,2,86,2031,1,FALSE
eu,2,шкулне,ue,2,2,1,2,86,2031,1,FALSE
eu,2,юнкер,ue,2,2,1,2,86,2031,1,FALSE
eu,2,туйсем,ue,2,2,1,2,86,2031,1,FALSE
eu,2,унне,ue,2,2,1,2,86,2031,1,FALSE
eu,2,путек,ue,2,2,1,2,86,2031,1,FALSE
eu,2,пулех,ue,1,2,1,2,86,2031,1,FALSE
eu,2,пуплеш,ue,1,2,1,2,86,2031,1,FALSE
eu,2,сумне,ue,1,2,1,2,86,2031,1,FALSE
eu,2,суеҫ,ue,1,2,1,2,86,2031,1,FALSE
eu,2,ҫекунт,eu,1,2,1,2,86,2031,1,FALSE
eu,2,пуҫнех,ue,1,2,1,2,86,2031,1,FALSE
eu,2,ҫуҫне,ue,1,2,1,2,86,2031,1,FALSE
eu,2,хумсен,ue,1,2,1,2,86,2031,1,FALSE
eu,2,кунччен,ue,1,2,1,2,86,2031,1,FALSE
eu,2,венюк,eu,1,2,1,2,86,2031,1,FALSE
eu,2,ҫулсен,ue,1,2,1,2,86,2031,1,FALSE
eu,2,ҫусем,ue,1,2,1,2,86,2031,1,FALSE
eu,2,тусем,ue,1,2,1,2,86,2031,1,FALSE
eu,2,мурсем,ue,1,2,1,2,86,2031,1,FALSE
eu,2,ҫуне,ue,1,2,1,2,86,2031,1,FALSE
eu,2,кумсем,ue,1,2,1,2,86,2031,1,FALSE
eu,2,ҫулнех,ue,1,2,1,2,86,2031,1,FALSE
eu,2,пунктсем,ue,1,2,1,2,86,2031,1,FALSE
eu,2,эльпуҫ,eu,1,2,1,2,86,2031,1,FALSE
eu,2,утсен,ue,1,2,1,2,86,2031,1,FALSE
eu,2,пусре,ue,1,2,1,2,86,2031,1,FALSE
eu,2,пулчех,ue,1,2,1,2,86,2031,1,FALSE
eu,2,уйсем,ue,1,2,1,2,86,2031,1,FALSE
eu,2,мунче,ue,1,2,1,2,86,2031,1,FALSE
eu,2,хунсен,ue,1,2,1,2,86,2031,1,FALSE
ae,2,патне,ae,461,2,1,2,130,1784,1,FALSE
ae,2,каллех,ae,283,2,1,2,130,1784,1,FALSE
ae,2,атте,ae,122,2,1,2,130,1784,1,FALSE
ae,2,анне,ae,99,2,1,2,130,1784,1,FALSE
ae,2,халех,ae,73,2,1,2,130,1784,1,FALSE
ae,2,айне,ae,67,2,1,2,130,1784,1,FALSE
ae,2,раҫҫей,ae,55,2,1,2,130,1784,1,FALSE
ae,2,ятне,ae,45,2,1,2,130,1784,1,FALSE
ae,2,марье,ae,39,2,1,2,130,1784,1,FALSE
ae,2,хваттер,ae,27,2,1,2,130,1784,1,FALSE
ae,2,ялне,ae,24,2,1,2,130,1784,1,FALSE
ae,2,лена,ea,24,2,1,2,130,1784,1,FALSE
ae,2,стена,ea,24,2,1,2,130,1784,1,FALSE
ae,2,света,ea,22,2,1,2,130,1784,1,FALSE
ae,2,парне,ae,21,2,1,2,130,1784,1,FALSE
ae,2,кеша,ea,19,2,1,2,130,1784,1,FALSE
ae,2,матвей,ae,14,2,1,2,130,1784,1,FALSE
ae,2,пайне,ae,14,2,1,2,130,1784,1,FALSE
ae,2,ялсем,ae,12,2,1,2,130,1784,1,FALSE
ae,2,мастер,ae,12,2,1,2,130,1784,1,FALSE
ae,2,патнех,ae,12,2,1,2,130,1784,1,FALSE
ae,2,петя,ea,11,2,1,2,130,1784,1,FALSE
ae,2,майсем,ae,11,2,1,2,130,1784,1,FALSE
ae,2,каҫчен,ae,10,2,1,2,130,1784,1,FALSE
ae,2,те-ха,ea,9,2,1,2,130,1784,1,FALSE
ae,2,камне,ae,9,2,1,2,130,1784,1,FALSE
ae,2,хакне,ae,9,2,1,2,130,1784,1,FALSE
ae,2,тарье,ae,8,2,1,2,130,1784,1,FALSE
ae,2,спектакль,ea,8,2,1,2,130,1784,1,FALSE
ae,2,планне,ae,8,2,1,2,130,1784,1,FALSE
ae,2,ҫаксем,ae,8,2,1,2,130,1784,1,FALSE
ae,2,вера,ea,7,2,1,2,130,1784,1,FALSE
ae,2,степан,ea,7,2,1,2,130,1784,1,FALSE
ae,2,танксем,ae,7,2,1,2,130,1784,1,FALSE
ae,2,павел,ae,7,2,1,2,130,1784,1,FALSE
ae,2,пакет,ae,6,2,1,2,130,1784,1,FALSE
ae,2,лакрей,ae,6,2,1,2,130,1784,1,FALSE
ae,2,ҫавсем,ae,5,2,1,2,130,1784,1,FALSE
ae,2,чаҫсем,ae,5,2,1,2,130,1784,1,FALSE
ae,2,алне,ae,5,2,1,2,130,1784,1,FALSE
ae,2,тарне,ae,5,2,1,2,130,1784,1,FALSE
ae,2,лавсем,ae,5,2,1,2,130,1784,1,FALSE
ae,2,варне,ae,5,2,1,2,130,1784,1,FALSE
ae,2,ҫарсем,ae,4,2,1,2,130,1784,1,FALSE
ae,2,хвекла,ea,4,2,1,2,130,1784,1,FALSE
ae,2,камсем,ae,4,2,1,2,130,1784,1,FALSE
ae,2,театр,ea,4,2,1,2,130,1784,1,FALSE
ae,2,паркне,ae,4,2,1,2,130,1784,1,FALSE
ae,2,смена,ea,4,2,1,2,130,1784,1,FALSE
ae,2,платье,ae,4,2,1,2,130,1784,1,FALSE
ae,2,ҫарне,ae,3,2,1,2,130,1784,1,FALSE
ae,2,врачсем,ae,3,2,1,2,130,1784,1,FALSE
ae,2,шавне,ae,3,2,1,2,130,1784,1,FALSE
ae,2,аттен,ae,3,2,1,2,130,1784,1,FALSE
ae,2,черня,ea,3,2,1,2,130,1784,1,FALSE
ae,2,ялсен,ae,3,2,1,2,130,1784,1,FALSE
ae,2,артек,ae,3,2,1,2,130,1784,1,FALSE
ae,2,влаҫне,ae,3,2,1,2,130,1784,1,FALSE
ae,2,ҫавсен,ae,3,2,1,2,130,1784,1,FALSE
ae,2,айнех,ae,3,2,1,2,130,1784,1,FALSE
ae,2,ачсем,ae,3,2,1,2,130,1784,1,FALSE
ae,2,снайпер,ae,3,2,1,2,130,1784,1,FALSE
ae,2,ханне,ae,3,2,1,2,130,1784,1,FALSE
ae,2,варсем,ae,2,2,1,2,130,1784,1,FALSE
ae,2,халне,ae,2,2,1,2,130,1784,1,FALSE
ae,2,хаксем,ae,2,2,1,2,130,1784,1,FALSE
ae,2,плансем,ae,2,2,1,2,130,1784,1,FALSE
ae,2,хальте,ae,2,2,1,2,130,1784,1,FALSE
ae,2,метртан,ea,2,2,1,2,130,1784,1,FALSE
ae,2,метрта,ea,2,2,1,2,130,1784,1,FALSE
ae,2,врачсен,ae,2,2,1,2,130,1784,1,FALSE
ae,2,хайне,ae,2,2,1,2,130,1784,1,FALSE
ae,2,тренькка,ea,2,2,1,2,130,1784,1,FALSE
ae,2,шайне,ae,2,2,1,2,130,1784,1,FALSE
ae,2,санне,ae,2,2,1,2,130,1784,1,FALSE
ae,2,саксем,ae,2,2,1,2,130,1784,1,FALSE
ae,2,картне,ae,2,2,1,2,130,1784,1,FALSE
ae,2,асне,ae,2,2,1,2,130,1784,1,FALSE
ae,2,метрпа,ea,2,2,1,2,130,1784,1,FALSE
ae,2,планшет,ae,2,2,1,2,130,1784,1,FALSE
ae,2,вьетнам,ea,2,2,1,2,130,1784,1,FALSE
ae,2,рейса,ea,2,2,1,2,130,1784,1,FALSE
ae,2,саркел,ae,2,2,1,2,130,1784,1,FALSE
ae,2,леман,ea,1,2,1,2,130,1784,1,FALSE
ae,2,актер,ae,1,2,1,2,130,1784,1,FALSE
ae,2,майне,ae,1,2,1,2,130,1784,1,FALSE
ae,2,тектстра,ea,1,2,1,2,130,1784,1,FALSE
ae,2,счетра,ea,1,2,1,2,130,1784,1,FALSE
ae,2,клавье,ae,1,2,1,2,130,1784,1,FALSE
ae,2,расчет,ae,1,2,1,2,130,1784,1,FALSE
ae,2,ветврач,ea,1,2,1,2,130,1784,1,FALSE
ae,2,каҫне,ae,1,2,1,2,130,1784,1,FALSE
ae,2,металл,ea,1,2,1,2,130,1784,1,FALSE
ae,2,стенан,ea,1,2,1,2,130,1784,1,FALSE
ae,2,станне,ae,1,2,1,2,130,1784,1,FALSE
ae,2,танкне,ae,1,2,1,2,130,1784,1,FALSE
ae,2,слета,ea,1,2,1,2,130,1784,1,FALSE
ae,2,арсем,ae,1,2,1,2,130,1784,1,FALSE
ae,2,лавне,ae,1,2,1,2,130,1784,1,FALSE
ae,2,метра,ea,1,2,1,2,130,1784,1,FALSE
ae,2,квейса,ea,1,2,1,2,130,1784,1,FALSE
ae,2,влаҫсем,ae,1,2,1,2,130,1784,1,FALSE
ae,2,нерва,ea,1,2,1,2,130,1784,1,FALSE
ae,2,нева,ea,1,2,1,2,130,1784,1,FALSE
ae,2,чаҫне,ae,1,2,1,2,130,1784,1,FALSE
ae,2,каҫсем,ae,1,2,1,2,130,1784,1,FALSE
ae,2,чаҫпе,ae,1,2,1,2,130,1784,1,FALSE
ae,2,ахмет,ae,1,2,1,2,130,1784,1,FALSE
ae,2,слесарь,ea,1,2,1,2,130,1784,1,FALSE
ae,2,трестра,ea,1,2,1,2,130,1784,1,FALSE
ae,2,шельма,ea,1,2,1,2,130,1784,1,FALSE
ae,2,пьеса,ea,1,2,1,2,130,1784,1,FALSE
ae,2,пленка,ea,1,2,1,2,130,1784,1,FALSE
ae,2,аскет,ae,1,2,1,2,130,1784,1,FALSE
ae,2,ялнех,ae,1,2,1,2,130,1784,1,FALSE
ae,2,классем,ae,1,2,1,2,130,1784,1,FALSE
ae,2,манне,ae,1,2,1,2,130,1784,1,FALSE
ae,2,рассвет,ae,1,2,1,2,130,1784,1,FALSE
ae,2,ҫаксен,ae,1,2,1,2,130,1784,1,FALSE
ae,2,хансен,ae,1,2,1,2,130,1784,1,FALSE
ae,2,шлемпа,ea,1,2,1,2,130,1784,1,FALSE
ae,2,яшсем,ae,1,2,1,2,130,1784,1,FALSE
ae,2,ларек,ae,1,2,1,2,130,1784,1,FALSE
ae,2,экран,ea,1,2,1,2,130,1784,1,FALSE
ae,2,калем,ae,1,2,1,2,130,1784,1,FALSE
ae,2,пашьел,ae,1,2,1,2,130,1784,1,FALSE
ae,2,верстак,ea,1,2,1,2,130,1784,1,FALSE
ae,2,ҫарсен,ae,1,2,1,2,130,1784,1,FALSE
ae,2,пасне,ae,1,2,1,2,130,1784,1,FALSE
ae,2,чапне,ae,1,2,1,2,130,1784,1,FALSE
iu,2,пулин,ui,157,2,1,2,159,1531,1,FALSE
iu,2,мучи,ui,101,2,1,2,159,1531,1,FALSE
iu,2,хушши,ui,84,2,1,2,159,1531,1,FALSE
iu,2,тулли,ui,54,2,1,2,159,1531,1,FALSE
iu,2,унти,ui,52,2,1,2,159,1531,1,FALSE
iu,2,ури,ui,49,2,1,2,159,1531,1,FALSE
iu,2,ҫулхи,ui,49,2,1,2,159,1531,1,FALSE
iu,2,ҫурхи,ui,47,2,1,2,159,1531,1,FALSE
iu,2,хуҫи,ui,46,2,1,2,159,1531,1,FALSE
iu,2,пурин,ui,43,2,1,2,159,1531,1,FALSE
iu,2,пулни,ui,42,2,1,2,159,1531,1,FALSE
iu,2,лукич,ui,37,2,1,2,159,1531,1,FALSE
iu,2,тути,ui,30,2,1,2,159,1531,1,FALSE
iu,2,минут,iu,28,2,1,2,159,1531,1,FALSE
iu,2,туни,ui,27,2,1,2,159,1531,1,FALSE
iu,2,ҫути,ui,24,2,1,2,159,1531,1,FALSE
iu,2,юрри,ui,24,2,1,2,159,1531,1,FALSE
iu,2,пурри,ui,23,2,1,2,159,1531,1,FALSE
iu,2,ҫимун,iu,22,2,1,2,159,1531,1,FALSE
iu,2,пур-и,ui,22,2,1,2,159,1531,1,FALSE
iu,2,пирус,iu,21,2,1,2,159,1531,1,FALSE
iu,2,укҫи,ui,19,2,1,2,159,1531,1,FALSE
iu,2,кунти,ui,19,2,1,2,159,1531,1,FALSE
iu,2,туслик,ui,19,2,1,2,159,1531,1,FALSE
iu,2,юри,ui,18,2,1,2,159,1531,1,FALSE
iu,2,усси,ui,18,2,1,2,159,1531,1,FALSE
iu,2,ҫурри,ui,17,2,1,2,159,1531,1,FALSE
iu,2,тумтир,ui,17,2,1,2,159,1531,1,FALSE
iu,2,юрий,ui,15,2,1,2,159,1531,1,FALSE
iu,2,туллин,ui,14,2,1,2,159,1531,1,FALSE
iu,2,курни,ui,14,2,1,2,159,1531,1,FALSE
iu,2,шкулти,ui,13,2,1,2,159,1531,1,FALSE
iu,2,кулли,ui,13,2,1,2,159,1531,1,FALSE
iu,2,ҫулти,ui,12,2,1,2,159,1531,1,FALSE
iu,2,хули,ui,12,2,1,2,159,1531,1,FALSE
iu,2,умри,ui,11,2,1,2,159,1531,1,FALSE
iu,2,улми,ui,11,2,1,2,159,1531,1,FALSE
iu,2,хуни,ui,11,2,1,2,159,1531,1,FALSE
iu,2,сули,ui,9,2,1,2,159,1531,1,FALSE
iu,2,ҫури,ui,9,2,1,2,159,1531,1,FALSE
iu,2,ҫукки,ui,9,2,1,2,159,1531,1,FALSE
iu,2,мучин,ui,8,2,1,2,159,1531,1,FALSE
iu,2,вулли,ui,8,2,1,2,159,1531,1,FALSE
iu,2,хулин,ui,8,2,1,2,159,1531,1,FALSE
iu,2,тухни,ui,8,2,1,2,159,1531,1,FALSE
iu,2,юпи,ui,7,2,1,2,159,1531,1,FALSE
iu,2,ҫук-ши,ui,7,2,1,2,159,1531,1,FALSE
iu,2,ульти,ui,7,2,1,2,159,1531,1,FALSE
iu,2,купи,ui,7,2,1,2,159,1531,1,FALSE
iu,2,суни,ui,7,2,1,2,159,1531,1,FALSE
iu,2,тукки,ui,7,2,1,2,159,1531,1,FALSE
iu,2,хуҫин,ui,6,2,1,2,159,1531,1,FALSE
iu,2,кулни,ui,6,2,1,2,159,1531,1,FALSE
iu,2,унтри,ui,6,2,1,2,159,1531,1,FALSE
iu,2,ҫуртри,ui,5,2,1,2,159,1531,1,FALSE
iu,2,ҫуни,ui,5,2,1,2,159,1531,1,FALSE
iu,2,хуйхи,ui,5,2,1,2,159,1531,1,FALSE
iu,2,ҫулҫи,ui,5,2,1,2,159,1531,1,FALSE
iu,2,пусми,ui,5,2,1,2,159,1531,1,FALSE
iu,2,нуши,ui,5,2,1,2,159,1531,1,FALSE
iu,2,турнир,ui,4,2,1,2,159,1531,1,FALSE
iu,2,турист,ui,4,2,1,2,159,1531,1,FALSE
iu,2,лисук,iu,4,2,1,2,159,1531,1,FALSE
iu,2,микул,iu,4,2,1,2,159,1531,1,FALSE
iu,2,утти,ui,3,2,1,2,159,1531,1,FALSE
iu,2,тури,ui,3,2,1,2,159,1531,1,FALSE
iu,2,курми,ui,3,2,1,2,159,1531,1,FALSE
iu,2,пуҫҫи,ui,3,2,1,2,159,1531,1,FALSE
iu,2,тухми,ui,3,2,1,2,159,1531,1,FALSE
iu,2,иммун,iu,3,2,1,2,159,1531,1,FALSE
iu,2,кунхи,ui,2,2,1,2,159,1531,1,FALSE
iu,2,сухи,ui,2,2,1,2,159,1531,1,FALSE
iu,2,тупни,ui,2,2,1,2,159,1531,1,FALSE
iu,2,юххи,ui,2,2,1,2,159,1531,1,FALSE
iu,2,кушки,ui,2,2,1,2,159,1531,1,FALSE
iu,2,унки,ui,2,2,1,2,159,1531,1,FALSE
iu,2,хлюкин,ui,2,2,1,2,159,1531,1,FALSE
iu,2,ути,ui,2,2,1,2,159,1531,1,FALSE
iu,2,уҫҫи,ui,2,2,1,2,159,1531,1,FALSE
iu,2,сури,ui,2,2,1,2,159,1531,1,FALSE
iu,2,нинук,iu,2,2,1,2,159,1531,1,FALSE
iu,2,упи,ui,2,2,1,2,159,1531,1,FALSE
iu,2,юхни,ui,2,2,1,2,159,1531,1,FALSE
iu,2,турри,ui,2,2,1,2,159,1531,1,FALSE
iu,2,пусси,ui,2,2,1,2,159,1531,1,FALSE
iu,2,шурри,ui,2,2,1,2,159,1531,1,FALSE
iu,2,хутри,ui,2,2,1,2,159,1531,1,FALSE
iu,2,пури,ui,2,2,1,2,159,1531,1,FALSE
iu,2,юрист,ui,2,2,1,2,159,1531,1,FALSE
iu,2,юнри,ui,2,2,1,2,159,1531,1,FALSE
iu,2,труппи,ui,2,2,1,2,159,1531,1,FALSE
iu,2,туйми,ui,2,2,1,2,159,1531,1,FALSE
iu,2,ютри,ui,2,2,1,2,159,1531,1,FALSE
iu,2,курки,ui,2,2,1,2,159,1531,1,FALSE
iu,2,юлни,ui,1,2,1,2,159,1531,1,FALSE
iu,2,юппи,ui,1,2,1,2,159,1531,1,FALSE
iu,2,прихут,iu,1,2,1,2,159,1531,1,FALSE
iu,2,сумки,ui,1,2,1,2,159,1531,1,FALSE
iu,2,пусни,ui,1,2,1,2,159,1531,1,FALSE
iu,2,труппин,ui,1,2,1,2,159,1531,1,FALSE
iu,2,кукши,ui,1,2,1,2,159,1531,1,FALSE
iu,2,кунчи,ui,1,2,1,2,159,1531,1,FALSE
iu,2,спутник,ui,1,2,1,2,159,1531,1,FALSE
iu,2,лутри,ui,1,2,1,2,159,1531,1,FALSE
iu,2,кукли,ui,1,2,1,2,159,1531,1,FALSE
iu,2,туйи,ui,1,2,1,2,159,1531,1,FALSE
iu,2,сумми,ui,1,2,1,2,159,1531,1,FALSE
iu,2,юррин,ui,1,2,1,2,159,1531,1,FALSE
iu,2,хуппи,ui,1,2,1,2,159,1531,1,FALSE
iu,2,ҫухи,ui,1,2,1,2,159,1531,1,FALSE
iu,2,июнь,iu,1,2,1,2,159,1531,1,FALSE
iu,2,тупи,ui,1,2,1,2,159,1531,1,FALSE
iu,2,туртни,ui,1,2,1,2,159,1531,1,FALSE
iu,2,курткин,ui,1,2,1,2,159,1531,1,FALSE
iu,2,уйри,ui,1,2,1,2,159,1531,1,FALSE
iu,2,укҫин,ui,1,2,1,2,159,1531,1,FALSE
iu,2,кукри,ui,1,2,1,2,159,1531,1,FALSE
iu,2,юлми,ui,1,2,1,2,159,1531,1,FALSE
iu,2,суйи,ui,1,2,1,2,159,1531,1,FALSE
iu,2,тимур,iu,1,2,1,2,159,1531,1,FALSE
iu,2,вутти,ui,1,2,1,2,159,1531,1,FALSE
iu,2,хупми,ui,1,2,1,2,159,1531,1,FALSE
iu,2,утни,ui,1,2,1,2,159,1531,1,FALSE
iu,2,хушни,ui,1,2,1,2,159,1531,1,FALSE
iu,2,юхнин,ui,1,2,1,2,159,1531,1,FALSE
iu,2,ҫунин,ui,1,2,1,2,159,1531,1,FALSE
iu,2,уҫни,ui,1,2,1,2,159,1531,1,FALSE
iu,2,чури,ui,1,2,1,2,159,1531,1,FALSE
iu,2,урин,ui,1,2,1,2,159,1531,1,FALSE
iu,2,кивҫурт,iu,1,2,1,2,159,1531,1,FALSE
iu,2,пуҫли,ui,1,2,1,2,159,1531,1,FALSE
iu,2,тутти,ui,1,2,1,2,159,1531,1,FALSE
iu,2,мирун,iu,1,2,1,2,159,1531,1,FALSE
iu,2,илюш,iu,1,2,1,2,159,1531,1,FALSE
iu,2,чунли,ui,1,2,1,2,159,1531,1,FALSE
iu,2,тупри,ui,1,2,1,2,159,1531,1,FALSE
iu,2,туҫи,ui,1,2,1,2,159,1531,1,FALSE
iu,2,ҫунни,ui,1,2,1,2,159,1531,1,FALSE
iu,2,ивук,iu,1,2,1,2,159,1531,1,FALSE
iu,2,ҫупни,ui,1,2,1,2,159,1531,1,FALSE
iu,2,лукин,ui,1,2,1,2,159,1531,1,FALSE
iu,2,ҫинук,iu,1,2,1,2,159,1531,1,FALSE
iu,2,чупни,ui,1,2,1,2,159,1531,1,FALSE
iu,2,куҫни,ui,1,2,1,2,159,1531,1,FALSE
iu,2,мунчи,ui,1,2,1,2,159,1531,1,FALSE
iu,2,хуппин,ui,1,2,1,2,159,1531,1,FALSE
iu,2,пушхир,ui,1,2,1,2,159,1531,1,FALSE
iu,2,кури,ui,1,2,1,2,159,1531,1,FALSE
iu,2,тулти,ui,1,2,1,2,159,1531,1,FALSE
iu,2,кусни,ui,1,2,1,2,159,1531,1,FALSE
iu,2,хуми,ui,1,2,1,2,159,1531,1,FALSE
iu,2,пуйни,ui,1,2,1,2,159,1531,1,FALSE
iu,2,ультин,ui,1,2,1,2,159,1531,1,FALSE
iu,2,турти,ui,1,2,1,2,159,1531,1,FALSE
iu,2,кухнин,ui,1,2,1,2,159,1531,1,FALSE
iu,2,ҫумри,ui,1,2,1,2,159,1531,1,FALSE
iu,2,тухйи,ui,1,2,1,2,159,1531,1,FALSE
iu,2,туйни,ui,1,2,1,2,159,1531,1,FALSE
iu,2,пулмин,ui,1,2,1,2,159,1531,1,FALSE
aei,3,аллине,aie,117,3,1,6,254,1185,1,FALSE
aei,3,халиччен,aie,70,3,1,6,254,1185,1,FALSE
aei,3,аллипе,aie,65,3,1,6,254,1185,1,FALSE
aei,3,каҫхине,aie,40,3,1,6,254,1185,1,FALSE
aei,3,раҫҫейри,aei,33,3,1,6,254,1185,1,FALSE
aei,3,варринче,aie,33,3,1,6,254,1185,1,FALSE
aei,3,хальхинче,aie,33,3,1,6,254,1185,1,FALSE
aei,3,ачисем,aie,32,3,1,6,254,1185,1,FALSE
aei,3,аллинче,aie,31,3,1,6,254,1185,1,FALSE
aei,3,сассине,aie,30,3,1,6,254,1185,1,FALSE
aei,3,кашниех,aie,23,3,1,6,254,1185,1,FALSE
aei,3,правлени,aei,21,3,1,6,254,1185,1,FALSE
aei,3,лашине,aie,19,3,1,6,254,1185,1,FALSE
aei,3,аллинчен,aie,19,3,1,6,254,1185,1,FALSE
aei,3,сассипе,aie,17,3,1,6,254,1185,1,FALSE
aei,3,панине,aie,17,3,1,6,254,1185,1,FALSE
aei,3,ачине,aie,17,3,1,6,254,1185,1,FALSE
aei,3,кайнине,aie,16,3,1,6,254,1185,1,FALSE
aei,3,техника,eia,15,3,1,6,254,1185,1,FALSE
aei,3,варрине,aie,14,3,1,6,254,1185,1,FALSE
aei,3,васильев,aie,13,3,1,6,254,1185,1,FALSE
aei,3,ларнине,aie,12,3,1,6,254,1185,1,FALSE
aei,3,аллисем,aie,11,3,1,6,254,1185,1,FALSE
aei,3,ваттисем,aie,11,3,1,6,254,1185,1,FALSE
aei,3,ҫамкине,aie,10,3,1,6,254,1185,1,FALSE
aei,3,ҫаплипех,aie,10,3,1,6,254,1185,1,FALSE
aei,3,савнине,aie,9,3,1,6,254,1185,1,FALSE
aei,3,валерий,aei,9,3,1,6,254,1185,1,FALSE
aei,3,кайнипе,aie,8,3,1,6,254,1185,1,FALSE
aei,3,итле-ха,iea,8,3,1,6,254,1185,1,FALSE
aei,3,янине,aie,7,3,1,6,254,1185,1,FALSE
aei,3,маррине,aie,7,3,1,6,254,1185,1,FALSE
aei,3,амине,aie,7,3,1,6,254,1185,1,FALSE
aei,3,ялсенчи,aei,7,3,1,6,254,1185,1,FALSE
aei,3,хайхискер,aie,7,3,1,6,254,1185,1,FALSE
aei,3,сассисем,aie,6,3,1,6,254,1185,1,FALSE
aei,3,кашнинчех,aie,6,3,1,6,254,1185,1,FALSE
aei,3,ачипе,aie,6,3,1,6,254,1185,1,FALSE
aei,3,лашисем,aie,5,3,1,6,254,1185,1,FALSE
aei,3,аттине,aie,5,3,1,6,254,1185,1,FALSE
aei,3,валентин,aei,5,3,1,6,254,1185,1,FALSE
aei,3,пиншакне,iae,5,3,1,6,254,1185,1,FALSE
aei,3,кашниннех,aie,5,3,1,6,254,1185,1,FALSE
aei,3,кашнинех,aie,5,3,1,6,254,1185,1,FALSE
aei,3,ваттисен,aie,5,3,1,6,254,1185,1,FALSE
aei,3,сассинче,aie,4,3,1,6,254,1185,1,FALSE
aei,3,аслисем,aie,4,3,1,6,254,1185,1,FALSE
aei,3,айккипе,aie,4,3,1,6,254,1185,1,FALSE
aei,3,чернявкин,eai,4,3,1,6,254,1185,1,FALSE
aei,3,айккине,aie,4,3,1,6,254,1185,1,FALSE
aei,3,эльвира,eia,4,3,1,6,254,1185,1,FALSE
aei,3,савнипе,aie,4,3,1,6,254,1185,1,FALSE
aei,3,харшисем,aie,3,3,1,6,254,1185,1,FALSE
aei,3,хаклине,aie,3,3,1,6,254,1185,1,FALSE
aei,3,айккинчен,aie,3,3,1,6,254,1185,1,FALSE
aei,3,кашнине,aie,3,3,1,6,254,1185,1,FALSE
aei,3,чавсипе,aie,3,3,1,6,254,1185,1,FALSE
aei,3,ларнипе,aie,3,3,1,6,254,1185,1,FALSE
aei,3,писатель,iae,3,3,1,6,254,1185,1,FALSE
aei,3,чавсине,aie,3,3,1,6,254,1185,1,FALSE
aei,3,каррине,aie,3,3,1,6,254,1185,1,FALSE
aei,3,ачисен,aie,3,3,1,6,254,1185,1,FALSE
aei,3,хапхине,aie,3,3,1,6,254,1185,1,FALSE
aei,3,калинкке,aie,3,3,1,6,254,1185,1,FALSE
aei,3,инесса,iea,3,3,1,6,254,1185,1,FALSE
aei,3,аҫисем,aie,3,3,1,6,254,1185,1,FALSE
aei,3,лаппипе,aie,3,3,1,6,254,1185,1,FALSE
aei,3,исаев,iae,3,3,1,6,254,1185,1,FALSE
aei,3,лариччен,aie,3,3,1,6,254,1185,1,FALSE
aei,3,хваттерти,aei,3,3,1,6,254,1185,1,FALSE
aei,3,таткисем,aie,3,3,1,6,254,1185,1,FALSE
aei,3,варринчех,aie,3,3,1,6,254,1185,1,FALSE
aei,3,лашипе,aie,3,3,1,6,254,1185,1,FALSE
aei,3,ваттине,aie,3,3,1,6,254,1185,1,FALSE
aei,3,этика,eia,3,3,1,6,254,1185,1,FALSE
aei,3,ларнинчен,aie,2,3,1,6,254,1185,1,FALSE
aei,3,ҫамкинчен,aie,2,3,1,6,254,1185,1,FALSE
aei,3,айккинче,aie,2,3,1,6,254,1185,1,FALSE
aei,3,сарпике,aie,2,3,1,6,254,1185,1,FALSE
aei,3,аннине,aie,2,3,1,6,254,1185,1,FALSE
aei,3,кассине,aie,2,3,1,6,254,1185,1,FALSE
aei,3,тарнипе,aie,2,3,1,6,254,1185,1,FALSE
aei,3,янисем,aie,2,3,1,6,254,1185,1,FALSE
aei,3,панипе,aie,2,3,1,6,254,1185,1,FALSE
aei,3,кайнисем,aie,2,3,1,6,254,1185,1,FALSE
aei,3,авринчен,aie,2,3,1,6,254,1185,1,FALSE
aei,3,паллисем,aie,2,3,1,6,254,1185,1,FALSE
aei,3,аврине,aie,2,3,1,6,254,1185,1,FALSE
aei,3,амисем,aie,2,3,1,6,254,1185,1,FALSE
aei,3,аврипе,aie,2,3,1,6,254,1185,1,FALSE
aei,3,лартнисем,aie,2,3,1,6,254,1185,1,FALSE
aei,3,аттисем,aie,2,3,1,6,254,1185,1,FALSE
aei,3,картишне,aie,2,3,1,6,254,1185,1,FALSE
aei,3,катемпи,aei,2,3,1,6,254,1185,1,FALSE
aei,3,партие,aie,2,3,1,6,254,1185,1,FALSE
aei,3,варрипе,aie,2,3,1,6,254,1185,1,FALSE
aei,3,таткине,aie,2,3,1,6,254,1185,1,FALSE
aei,3,сирена,iea,2,3,1,6,254,1185,1,FALSE
aei,3,илепар,iea,2,3,1,6,254,1185,1,FALSE
aei,3,салинче,aie,2,3,1,6,254,1185,1,FALSE
aei,3,картинчен,aie,2,3,1,6,254,1185,1,FALSE
aei,3,артистсен,aie,2,3,1,6,254,1185,1,FALSE
aei,3,ялсем-и,aei,2,3,1,6,254,1185,1,FALSE
aei,3,тарнине,aie,2,3,1,6,254,1185,1,FALSE
aei,3,партипе,aie,2,3,1,6,254,1185,1,FALSE
aei,3,ташшипе,aie,2,3,1,6,254,1185,1,FALSE
aei,3,аҫине,aie,2,3,1,6,254,1185,1,FALSE
aei,3,правленин,aei,2,3,1,6,254,1185,1,FALSE
aei,3,старике,aie,2,3,1,6,254,1185,1,FALSE
aei,3,манкине,aie,2,3,1,6,254,1185,1,FALSE
aei,3,варринчен,aie,2,3,1,6,254,1185,1,FALSE
aei,3,пахчинче,aie,2,3,1,6,254,1185,1,FALSE
aei,3,шатрисем,aie,2,3,1,6,254,1185,1,FALSE
aei,3,партире,aie,2,3,1,6,254,1185,1,FALSE
aei,3,каҫипе,aie,2,3,1,6,254,1185,1,FALSE
aei,3,ҫаннинчен,aie,2,3,1,6,254,1185,1,FALSE
aei,3,паллине,aie,2,3,1,6,254,1185,1,FALSE
aei,3,арсени,aei,2,3,1,6,254,1185,1,FALSE
aei,3,ленина,eia,2,3,1,6,254,1185,1,FALSE
aei,3,аврисем,aie,2,3,1,6,254,1185,1,FALSE
aei,3,ҫапнипе,aie,2,3,1,6,254,1185,1,FALSE
aei,3,кайнисен,aie,2,3,1,6,254,1185,1,FALSE
aei,3,техничка,eia,2,3,1,6,254,1185,1,FALSE
aei,3,тарнисем,aie,2,3,1,6,254,1185,1,FALSE
aei,3,каррисем,aie,2,3,1,6,254,1185,1,FALSE
aei,3,пикета,iea,2,3,1,6,254,1185,1,FALSE
aei,3,кашемир,aei,2,3,1,6,254,1185,1,FALSE
aei,3,саррипе,aie,2,3,1,6,254,1185,1,FALSE
aei,3,интернат,iea,2,3,1,6,254,1185,1,FALSE
aei,3,паллипе,aie,2,3,1,6,254,1185,1,FALSE
aei,3,левина,eia,2,3,1,6,254,1185,1,FALSE
aei,3,элиста,eia,2,3,1,6,254,1185,1,FALSE
aei,3,лексика,eia,2,3,1,6,254,1185,1,FALSE
aei,3,пахчине,aie,1,3,1,6,254,1185,1,FALSE
aei,3,хайхине,aie,1,3,1,6,254,1185,1,FALSE
aei,3,саккипе,aie,1,3,1,6,254,1185,1,FALSE
aei,3,тапнине,aie,1,3,1,6,254,1185,1,FALSE
aei,3,савине,aie,1,3,1,6,254,1185,1,FALSE
aei,3,илер-ха,iea,1,3,1,6,254,1185,1,FALSE
aei,3,такине,aie,1,3,1,6,254,1185,1,FALSE
aei,3,калтисем,aie,1,3,1,6,254,1185,1,FALSE
aei,3,терапи,eai,1,3,1,6,254,1185,1,FALSE
aei,3,талккишпех,aie,1,3,1,6,254,1185,1,FALSE
aei,3,валлиех,aie,1,3,1,6,254,1185,1,FALSE
aei,3,каҫхинчен,aie,1,3,1,6,254,1185,1,FALSE
aei,3,лаҫҫинче,aie,1,3,1,6,254,1185,1,FALSE
aei,3,чашкисем,aie,1,3,1,6,254,1185,1,FALSE
aei,3,массисем,aie,1,3,1,6,254,1185,1,FALSE
aei,3,каҫипех,aie,1,3,1,6,254,1185,1,FALSE
aei,3,театрти,eai,1,3,1,6,254,1185,1,FALSE
aei,3,астивме,aie,1,3,1,6,254,1185,1,FALSE
aei,3,майрисем,aie,1,3,1,6,254,1185,1,FALSE
aei,3,аҫипе,aie,1,3,1,6,254,1185,1,FALSE
aei,3,шаннине,aie,1,3,1,6,254,1185,1,FALSE
aei,3,картисем,aie,1,3,1,6,254,1185,1,FALSE
aei,3,матвипе,aie,1,3,1,6,254,1185,1,FALSE
aei,3,таткипе,aie,1,3,1,6,254,1185,1,FALSE
aei,3,ветинар,eia,1,3,1,6,254,1185,1,FALSE
aei,3,арчине,aie,1,3,1,6,254,1185,1,FALSE
aei,3,ленинла,eia,1,3,1,6,254,1185,1,FALSE
aei,3,картинче,aie,1,3,1,6,254,1185,1,FALSE
aei,3,чарнине,aie,1,3,1,6,254,1185,1,FALSE
aei,3,аркинчен,aie,1,3,1,6,254,1185,1,FALSE
aei,3,ваккисем,aie,1,3,1,6,254,1185,1,FALSE
aei,3,ларнинче,aie,1,3,1,6,254,1185,1,FALSE
aei,3,лампине,aie,1,3,1,6,254,1185,1,FALSE
aei,3,алсипе,aie,1,3,1,6,254,1185,1,FALSE
aei,3,ксения,eia,1,3,1,6,254,1185,1,FALSE
aei,3,каскисем,aie,1,3,1,6,254,1185,1,FALSE
aei,3,теннисла,eia,1,3,1,6,254,1185,1,FALSE
aei,3,ничерта,iea,1,3,1,6,254,1185,1,FALSE
aei,3,метрика,eia,1,3,1,6,254,1185,1,FALSE
aei,3,анинчен,aie,1,3,1,6,254,1185,1,FALSE
aei,3,праҫниксем,aie,1,3,1,6,254,1185,1,FALSE
aei,3,килем-ха,iea,1,3,1,6,254,1185,1,FALSE
aei,3,чернилпа,eia,1,3,1,6,254,1185,1,FALSE
aei,3,кайнинчен,aie,1,3,1,6,254,1185,1,FALSE
aei,3,саррисем,aie,1,3,1,6,254,1185,1,FALSE
aei,3,платникпе,aie,1,3,1,6,254,1185,1,FALSE
aei,3,метиса,eia,1,3,1,6,254,1185,1,FALSE
aei,3,аттен-и,aei,1,3,1,6,254,1185,1,FALSE
aei,3,шалҫипе,aie,1,3,1,6,254,1185,1,FALSE
aei,3,хайхинчен,aie,1,3,1,6,254,1185,1,FALSE
aei,3,тивмест-ха,iea,1,3,1,6,254,1185,1,FALSE
aei,3,каплипех,aie,1,3,1,6,254,1185,1,FALSE
aei,3,маррисем,aie,1,3,1,6,254,1185,1,FALSE
aei,3,лаҫҫипе,aie,1,3,1,6,254,1185,1,FALSE
aei,3,картине,aie,1,3,1,6,254,1185,1,FALSE
aei,3,ҫапнине,aie,1,3,1,6,254,1185,1,FALSE
aei,3,партине,aie,1,3,1,6,254,1185,1,FALSE
aei,3,силле-ха,iea,1,3,1,6,254,1185,1,FALSE
aei,3,сассинчен,aie,1,3,1,6,254,1185,1,FALSE
aei,3,шавлипе,aie,1,3,1,6,254,1185,1,FALSE
aei,3,каскине,aie,1,3,1,6,254,1185,1,FALSE
aei,3,кавирпе,aie,1,3,1,6,254,1185,1,FALSE
aei,3,саннинчен,aie,1,3,1,6,254,1185,1,FALSE
aei,3,парнипе,aie,1,3,1,6,254,1185,1,FALSE
aei,3,амике,aie,1,3,1,6,254,1185,1,FALSE
aei,3,лесника,eia,1,3,1,6,254,1185,1,FALSE
aei,3,кассипе,aie,1,3,1,6,254,1185,1,FALSE
aei,3,тимаев,iae,1,3,1,6,254,1185,1,FALSE
aei,3,ленинпа,eia,1,3,1,6,254,1185,1,FALSE
aei,3,ваттипе,aie,1,3,1,6,254,1185,1,FALSE
aei,3,клавишсем,aie,1,3,1,6,254,1185,1,FALSE
aei,3,такисен,aie,1,3,1,6,254,1185,1,FALSE
aei,3,статйипе,aie,1,3,1,6,254,1185,1,FALSE
aei,3,праҫникре,aie,1,3,1,6,254,1185,1,FALSE
aei,3,машинсем,aie,1,3,1,6,254,1185,1,FALSE
aei,3,ҫаннисем,aie,1,3,1,6,254,1185,1,FALSE
aei,3,лартнине,aie,1,3,1,6,254,1185,1,FALSE
aei,3,хальхине,aie,1,3,1,6,254,1185,1,FALSE
aei,3,варени,aei,1,3,1,6,254,1185,1,FALSE
aei,3,ҫамкипе,aie,1,3,1,6,254,1185,1,FALSE
aei,3,классиксем,aie,1,3,1,6,254,1185,1,FALSE
aei,3,килмест-ха,iea,1,3,1,6,254,1185,1,FALSE
aei,3,тинкер-ха,iea,1,3,1,6,254,1185,1,FALSE
aei,3,калчине,aie,1,3,1,6,254,1185,1,FALSE
aei,3,кассинчен,aie,1,3,1,6,254,1185,1,FALSE
aei,3,ламписем,aie,1,3,1,6,254,1185,1,FALSE
aei,3,милена,iea,1,3,1,6,254,1185,1,FALSE
aei,3,каҫнипе,aie,1,3,1,6,254,1185,1,FALSE
aei,3,ачинчен,aie,1,3,1,6,254,1185,1,FALSE
aei,3,арихве,aie,1,3,1,6,254,1185,1,FALSE
aei,3,маринен,aie,1,3,1,6,254,1185,1,FALSE
aei,3,аттипе,aie,1,3,1,6,254,1185,1,FALSE
aei,3,пахчисем,aie,1,3,1,6,254,1185,1,FALSE
aei,3,яриех,aie,1,3,1,6,254,1185,1,FALSE
aei,3,хальхипе,aie,1,3,1,6,254,1185,1,FALSE
aei,3,аллинчех,aie,1,3,1,6,254,1185,1,FALSE
aei,3,ҫаннипе,aie,1,3,1,6,254,1185,1,FALSE
aei,3,аллипех,aie,1,3,1,6,254,1185,1,FALSE
aei,3,ялсенни,aei,1,3,1,6,254,1185,1,FALSE
aei,3,чашкине,aie,1,3,1,6,254,1185,1,FALSE
aei,3,канихвет,aie,1,3,1,6,254,1185,1,FALSE
aei,3,илем-ха,iea,1,3,1,6,254,1185,1,FALSE
aei,3,харшине,aie,1,3,1,6,254,1185,1,FALSE
aei,3,марине,aie,1,3,1,6,254,1185,1,FALSE
aei,3,стасиксем,aie,1,3,1,6,254,1185,1,FALSE
aei,3,танкистсем,aie,1,3,1,6,254,1185,1,FALSE
aei,3,каррипе,aie,1,3,1,6,254,1185,1,FALSE
aei,3,кассинче,aie,1,3,1,6,254,1185,1,FALSE
aei,3,асилсе,aie,1,3,1,6,254,1185,1,FALSE
aei,3,малтисен,aie,1,3,1,6,254,1185,1,FALSE
aei,3,илтет-ха,iea,1,3,1,6,254,1185,1,FALSE
aei,3,карттине,aie,1,3,1,6,254,1185,1,FALSE
aei,3,пахине,aie,1,3,1,6,254,1185,1,FALSE
aei,3,килес-ха,iea,1,3,1,6,254,1185,1,FALSE
aei,3,тельняшкин,eai,1,3,1,6,254,1185,1,FALSE
aei,3,правинчен,aie,1,3,1,6,254,1185,1,FALSE
aei,3,шаймиев,aie,1,3,1,6,254,1185,1,FALSE
aei,3,савнисем,aie,1,3,1,6,254,1185,1,FALSE
aei,3,каччисем,aie,1,3,1,6,254,1185,1,FALSE
aei,3,татнине,aie,1,3,1,6,254,1185,1,FALSE
aei,3,епархи,eai,1,3,1,6,254,1185,1,FALSE
eei,3,темиҫе,eie,76,3,1,3,304,1134,1,FALSE
eei,3,иккенне,iee,55,3,1,3,304,1134,1,FALSE
eei,3,ниепле,iee,50,3,1,3,304,1134,1,FALSE
eei,3,итлесе,iee,34,3,1,3,304,1134,1,FALSE
eei,3,пеккине,eie,20,3,1,3,304,1134,1,FALSE
eei,3,тинкерсе,iee,20,3,1,3,304,1134,1,FALSE
eei,3,тенине,eie,20,3,1,3,304,1134,1,FALSE
eei,3,илтерер,iee,20,3,1,3,304,1134,1,FALSE
eei,3,ерипен,eie,18,3,1,3,304,1134,1,FALSE
eei,3,витене,iee,17,3,1,3,304,1134,1,FALSE
eei,3,ирттерме,iee,16,3,1,3,304,1134,1,FALSE
eei,3,итлеме,iee,16,3,1,3,304,1134,1,FALSE
eei,3,чиперех,iee,15,3,1,3,304,1134,1,FALSE
eei,3,ҫинелле,iee,13,3,1,3,304,1134,1,FALSE
eei,3,чирлесе,iee,13,3,1,3,304,1134,1,FALSE
eei,3,иртерех,iee,12,3,1,3,304,1134,1,FALSE
eei,3,иртекен,iee,12,3,1,3,304,1134,1,FALSE
eei,3,килекен,iee,12,3,1,3,304,1134,1,FALSE
eei,3,шикленсе,iee,11,3,1,3,304,1134,1,FALSE
eei,3,ҫитеспе,iee,11,3,1,3,304,1134,1,FALSE
eei,3,илемне,iee,11,3,1,3,304,1134,1,FALSE
eei,3,килелле,iee,11,3,1,3,304,1134,1,FALSE
eei,3,витере,iee,10,3,1,3,304,1134,1,FALSE
eei,3,минтере,iee,9,3,1,3,304,1134,1,FALSE
eei,3,ирттерет,iee,9,3,1,3,304,1134,1,FALSE
eei,3,витерен,iee,9,3,1,3,304,1134,1,FALSE
eei,3,кирлене,iee,9,3,1,3,304,1134,1,FALSE
eei,3,илмелле,iee,9,3,1,3,304,1134,1,FALSE
eei,3,ирттерсе,iee,9,3,1,3,304,1134,1,FALSE
eei,3,териех,eie,8,3,1,3,304,1134,1,FALSE
eei,3,илтерет,iee,8,3,1,3,304,1134,1,FALSE
eei,3,ҫитмелле,iee,8,3,1,3,304,1134,1,FALSE
eei,3,теприне,eie,8,3,1,3,304,1134,1,FALSE
eei,3,ҫемйине,eie,8,3,1,3,304,1134,1,FALSE
eei,3,пеккисем,eie,8,3,1,3,304,1134,1,FALSE
eei,3,илтсенех,iee,7,3,1,3,304,1134,1,FALSE
eei,3,килнелле,iee,7,3,1,3,304,1134,1,FALSE
eei,3,ҫемьери,eei,7,3,1,3,304,1134,1,FALSE
eei,3,ҫитерме,iee,7,3,1,3,304,1134,1,FALSE
eei,3,именсе,iee,7,3,1,3,304,1134,1,FALSE
eei,3,силлесе,iee,7,3,1,3,304,1134,1,FALSE
eei,3,илеймен,iee,6,3,1,3,304,1134,1,FALSE
eei,3,инҫетре,iee,6,3,1,3,304,1134,1,FALSE
eei,3,инкеке,iee,6,3,1,3,304,1134,1,FALSE
eei,3,теприсем,eie,6,3,1,3,304,1134,1,FALSE
eei,3,ҫилленсе,iee,6,3,1,3,304,1134,1,FALSE
eei,3,эрнипех,eie,6,3,1,3,304,1134,1,FALSE
eei,3,тилхепе,iee,6,3,1,3,304,1134,1,FALSE
eei,3,килсенех,iee,5,3,1,3,304,1134,1,FALSE
eei,3,инкекре,iee,5,3,1,3,304,1134,1,FALSE
eei,3,кичемрех,iee,5,3,1,3,304,1134,1,FALSE
eei,3,ирттерес,iee,5,3,1,3,304,1134,1,FALSE
eei,3,тинкерет,iee,5,3,1,3,304,1134,1,FALSE
eei,3,тивекен,iee,5,3,1,3,304,1134,1,FALSE
eei,3,систерсе,iee,5,3,1,3,304,1134,1,FALSE
eei,3,илеймест,iee,5,3,1,3,304,1134,1,FALSE
eei,3,инкекрен,iee,5,3,1,3,304,1134,1,FALSE
eei,3,килмелле,iee,5,3,1,3,304,1134,1,FALSE
eei,3,ҫитеймен,iee,5,3,1,3,304,1134,1,FALSE
eei,3,текенни,eei,5,3,1,3,304,1134,1,FALSE
eei,3,тенипе,eie,5,3,1,3,304,1134,1,FALSE
eei,3,илетех,iee,5,3,1,3,304,1134,1,FALSE
eei,3,иртенпех,iee,5,3,1,3,304,1134,1,FALSE
eei,3,кинемей,iee,4,3,1,3,304,1134,1,FALSE
eei,3,ҫинҫешке,iee,4,3,1,3,304,1134,1,FALSE
eei,3,ҫитессе,iee,4,3,1,3,304,1134,1,FALSE
eei,3,шинельпе,iee,4,3,1,3,304,1134,1,FALSE
eei,3,ҫемйипе,eie,4,3,1,3,304,1134,1,FALSE
eei,3,кисретсе,iee,4,3,1,3,304,1134,1,FALSE
eei,3,ҫитменех,iee,4,3,1,3,304,1134,1,FALSE
eei,3,сиккелет,iee,4,3,1,3,304,1134,1,FALSE
eei,3,тирекен,iee,4,3,1,3,304,1134,1,FALSE
eei,3,инҫете,iee,4,3,1,3,304,1134,1,FALSE
eei,3,илекен,iee,4,3,1,3,304,1134,1,FALSE
eei,3,тимлесе,iee,4,3,1,3,304,1134,1,FALSE
eei,3,эрнинче,eie,4,3,1,3,304,1134,1,FALSE
eei,3,килсене,iee,3,3,1,3,304,1134,1,FALSE
eei,3,пикесем,iee,3,3,1,3,304,1134,1,FALSE
eei,3,килессе,iee,3,3,1,3,304,1134,1,FALSE
eei,3,стенисем,eie,3,3,1,3,304,1134,1,FALSE
eei,3,тиесе,iee,3,3,1,3,304,1134,1,FALSE
eei,3,киленсе,iee,3,3,1,3,304,1134,1,FALSE
eei,3,инҫетрен,iee,3,3,1,3,304,1134,1,FALSE
eei,3,виҫерен,iee,3,3,1,3,304,1134,1,FALSE
eei,3,киленме,iee,3,3,1,3,304,1134,1,FALSE
eei,3,ҫемйипех,eie,3,3,1,3,304,1134,1,FALSE
eei,3,пилеше,iee,3,3,1,3,304,1134,1,FALSE
eei,3,виҫере,iee,3,3,1,3,304,1134,1,FALSE
eei,3,темиҫен,eie,3,3,1,3,304,1134,1,FALSE
eei,3,ҫитерсе,iee,3,3,1,3,304,1134,1,FALSE
eei,3,ҫитерес,iee,3,3,1,3,304,1134,1,FALSE
eei,3,ҫитерет,iee,3,3,1,3,304,1134,1,FALSE
eei,3,ҫитерсен,iee,3,3,1,3,304,1134,1,FALSE
eei,3,ҫитсенех,iee,3,3,1,3,304,1134,1,FALSE
eei,3,тинтерех,iee,3,3,1,3,304,1134,1,FALSE
eei,3,сессире,eie,3,3,1,3,304,1134,1,FALSE
eei,3,шинельне,iee,3,3,1,3,304,1134,1,FALSE
eei,3,кивелсе,iee,3,3,1,3,304,1134,1,FALSE
eei,3,вилмелле,iee,3,3,1,3,304,1134,1,FALSE
eei,3,пиччене,iee,3,3,1,3,304,1134,1,FALSE
eei,3,ҫилленет,iee,3,3,1,3,304,1134,1,FALSE
eei,3,шикленет,iee,3,3,1,3,304,1134,1,FALSE
eei,3,имшеркке,iee,3,3,1,3,304,1134,1,FALSE
eei,3,чирлессе,iee,3,3,1,3,304,1134,1,FALSE
eei,3,илтерсе,iee,2,3,1,3,304,1134,1,FALSE
eei,3,хирсенче,iee,2,3,1,3,304,1134,1,FALSE
eei,3,пенине,eie,2,3,1,3,304,1134,1,FALSE
eei,3,ҫеммипе,eie,2,3,1,3,304,1134,1,FALSE
eei,3,хисепре,iee,2,3,1,3,304,1134,1,FALSE
eei,3,ирсерен,iee,2,3,1,3,304,1134,1,FALSE
eei,3,итлекен,iee,2,3,1,3,304,1134,1,FALSE
eei,3,итлесен,iee,2,3,1,3,304,1134,1,FALSE
eei,3,илтмелле,iee,2,3,1,3,304,1134,1,FALSE
eei,3,ҫиеле,iee,2,3,1,3,304,1134,1,FALSE
eei,3,тишкерме,iee,2,3,1,3,304,1134,1,FALSE
eei,3,минтерсем,iee,2,3,1,3,304,1134,1,FALSE
eei,3,лекнисем,eie,2,3,1,3,304,1134,1,FALSE
eei,3,пикенсе,iee,2,3,1,3,304,1134,1,FALSE
eei,3,килмеллех,iee,2,3,1,3,304,1134,1,FALSE
eei,3,еккипе,eie,2,3,1,3,304,1134,1,FALSE
eei,3,килмесен,iee,2,3,1,3,304,1134,1,FALSE
eei,3,шикленме,iee,2,3,1,3,304,1134,1,FALSE
eei,3,темине,eie,2,3,1,3,304,1134,1,FALSE
eei,3,тиесен,iee,2,3,1,3,304,1134,1,FALSE
eei,3,инкексем,iee,2,3,1,3,304,1134,1,FALSE
eei,3,итлесех,iee,2,3,1,3,304,1134,1,FALSE
eei,3,лекнине,eie,2,3,1,3,304,1134,1,FALSE
eei,3,сессие,eie,2,3,1,3,304,1134,1,FALSE
eei,3,хирелле,iee,2,3,1,3,304,1134,1,FALSE
eei,3,енисей,eie,2,3,1,3,304,1134,1,FALSE
eei,3,инҫенех,iee,2,3,1,3,304,1134,1,FALSE
eei,3,иртсенех,iee,2,3,1,3,304,1134,1,FALSE
eei,3,виҫепе,iee,2,3,1,3,304,1134,1,FALSE
eei,3,кирлепе,iee,2,3,1,3,304,1134,1,FALSE
eei,3,тепринпе,eie,2,3,1,3,304,1134,1,FALSE
eei,3,ҫинҫерех,iee,2,3,1,3,304,1134,1,FALSE
eei,3,ҫиелтен,iee,2,3,1,3,304,1134,1,FALSE
eei,3,хитререх,iee,2,3,1,3,304,1134,1,FALSE
eei,3,илсенех,iee,2,3,1,3,304,1134,1,FALSE
eei,3,нервисем,eie,2,3,1,3,304,1134,1,FALSE
eei,3,сипленсе,iee,2,3,1,3,304,1134,1,FALSE
eei,3,вилесле,iee,2,3,1,3,304,1134,1,FALSE
eei,3,пикенсех,iee,2,3,1,3,304,1134,1,FALSE
eei,3,тивертсе,iee,2,3,1,3,304,1134,1,FALSE
eei,3,систерет,iee,2,3,1,3,304,1134,1,FALSE
eei,3,илессе,iee,2,3,1,3,304,1134,1,FALSE
eei,3,премине,eie,2,3,1,3,304,1134,1,FALSE
eei,3,пенсине,eie,2,3,1,3,304,1134,1,FALSE
eei,3,эсех-и,eei,1,3,1,3,304,1134,1,FALSE
eei,3,нимелле,iee,1,3,1,3,304,1134,1,FALSE
eei,3,киленсех,iee,1,3,1,3,304,1134,1,FALSE
eei,3,хирнелле,iee,1,3,1,3,304,1134,1,FALSE
eei,3,систерес,iee,1,3,1,3,304,1134,1,FALSE
eei,3,витререн,iee,1,3,1,3,304,1134,1,FALSE
eei,3,инкекне,iee,1,3,1,3,304,1134,1,FALSE
eei,3,темисем,eie,1,3,1,3,304,1134,1,FALSE
eei,3,тивкелет,iee,1,3,1,3,304,1134,1,FALSE
eei,3,сиктерет,iee,1,3,1,3,304,1134,1,FALSE
eei,3,ҫиессе,iee,1,3,1,3,304,1134,1,FALSE
eei,3,шевлинче,eie,1,3,1,3,304,1134,1,FALSE
eei,3,эрнинчех,eie,1,3,1,3,304,1134,1,FALSE
eei,3,пилешсем,iee,1,3,1,3,304,1134,1,FALSE
eei,3,вилесем,iee,1,3,1,3,304,1134,1,FALSE
eei,3,лекесси,eei,1,3,1,3,304,1134,1,FALSE
eei,3,чирлеме,iee,1,3,1,3,304,1134,1,FALSE
eei,3,сисекен,iee,1,3,1,3,304,1134,1,FALSE
eei,3,силленме,iee,1,3,1,3,304,1134,1,FALSE
eei,3,силленет,iee,1,3,1,3,304,1134,1,FALSE
eei,3,пенисем,eie,1,3,1,3,304,1134,1,FALSE
eei,3,решени,eei,1,3,1,3,304,1134,1,FALSE
eei,3,витрене,iee,1,3,1,3,304,1134,1,FALSE
eei,3,ҫитермех,iee,1,3,1,3,304,1134,1,FALSE
eei,3,килменрен,iee,1,3,1,3,304,1134,1,FALSE
eei,3,шевлипе,eie,1,3,1,3,304,1134,1,FALSE
eei,3,тиркемест,iee,1,3,1,3,304,1134,1,FALSE
eei,3,тенинчен,eie,1,3,1,3,304,1134,1,FALSE
eei,3,типтерлес,iee,1,3,1,3,304,1134,1,FALSE
eei,3,тенипех,eie,1,3,1,3,304,1134,1,FALSE
eei,3,тирексем,iee,1,3,1,3,304,1134,1,FALSE
eei,3,чинсене,iee,1,3,1,3,304,1134,1,FALSE
eei,3,пиччепе,iee,1,3,1,3,304,1134,1,FALSE
eei,3,тимлесех,iee,1,3,1,3,304,1134,1,FALSE
eei,3,ҫиленмен,iee,1,3,1,3,304,1134,1,FALSE
eei,3,килсемех,iee,1,3,1,3,304,1134,1,FALSE
eei,3,чирлемест,iee,1,3,1,3,304,1134,1,FALSE
eei,3,сеххимен,eie,1,3,1,3,304,1134,1,FALSE
eei,3,теприсен,eie,1,3,1,3,304,1134,1,FALSE
eei,3,ҫимелле,iee,1,3,1,3,304,1134,1,FALSE
eei,3,сиккеле,iee,1,3,1,3,304,1134,1,FALSE
eei,3,сисмесрен,iee,1,3,1,3,304,1134,1,FALSE
eei,3,вирелле,iee,1,3,1,3,304,1134,1,FALSE
eei,3,инкене,iee,1,3,1,3,304,1134,1,FALSE
eei,3,ирттерер,iee,1,3,1,3,304,1134,1,FALSE
eei,3,илмесен,iee,1,3,1,3,304,1134,1,FALSE
eei,3,виҫеллех,iee,1,3,1,3,304,1134,1,FALSE
eei,3,лекнипе,eie,1,3,1,3,304,1134,1,FALSE
eei,3,пикерен,iee,1,3,1,3,304,1134,1,FALSE
eei,3,мишене,iee,1,3,1,3,304,1134,1,FALSE
eei,3,ҫилленес,iee,1,3,1,3,304,1134,1,FALSE
eei,3,киленет,iee,1,3,1,3,304,1134,1,FALSE
eei,3,ксенипе,eie,1,3,1,3,304,1134,1,FALSE
eei,3,петтине,eie,1,3,1,3,304,1134,1,FALSE
eei,3,хисепне,iee,1,3,1,3,304,1134,1,FALSE
eei,3,ҫилхерен,iee,1,3,1,3,304,1134,1,FALSE
eei,3,пенсие,eie,1,3,1,3,304,1134,1,FALSE
eei,3,чирлерех,iee,1,3,1,3,304,1134,1,FALSE
eei,3,витрепе,iee,1,3,1,3,304,1134,1,FALSE
eei,3,ҫеммине,eie,1,3,1,3,304,1134,1,FALSE
eei,3,пеккинчен,eie,1,3,1,3,304,1134,1,FALSE
eei,3,илкеле,iee,1,3,1,3,304,1134,1,FALSE
eei,3,тенкине,eie,1,3,1,3,304,1134,1,FALSE
eei,3,кимсемпе,iee,1,3,1,3,304,1134,1,FALSE
eei,3,интерес,iee,1,3,1,3,304,1134,1,FALSE
eei,3,кепкине,eie,1,3,1,3,304,1134,1,FALSE
eei,3,миҫере,iee,1,3,1,3,304,1134,1,FALSE
eei,3,енейкин,eei,1,3,1,3,304,1134,1,FALSE
eei,3,ҫилленмест,iee,1,3,1,3,304,1134,1,FALSE
eei,3,итлемен,iee,1,3,1,3,304,1134,1,FALSE
eei,3,ҫиленет,iee,1,3,1,3,304,1134,1,FALSE
eei,3,премьери,eei,1,3,1,3,304,1134,1,FALSE
eei,3,вилеслех,iee,1,3,1,3,304,1134,1,FALSE
eei,3,пикепе,iee,1,3,1,3,304,1134,1,FALSE
eei,3,инкекех,iee,1,3,1,3,304,1134,1,FALSE
eei,3,пиклетме,iee,1,3,1,3,304,1134,1,FALSE
eei,3,ҫинҫерен,iee,1,3,1,3,304,1134,1,FALSE
eei,3,ҫиленсе,iee,1,3,1,3,304,1134,1,FALSE
eei,3,илтерем,iee,1,3,1,3,304,1134,1,FALSE
eei,3,кепкипе,eie,1,3,1,3,304,1134,1,FALSE
eei,3,китсенчен,iee,1,3,1,3,304,1134,1,FALSE
eei,3,енчине,eie,1,3,1,3,304,1134,1,FALSE
eei,3,мэрипе,eie,1,3,1,3,304,1134,1,FALSE
eei,3,хистемен,iee,1,3,1,3,304,1134,1,FALSE
eei,3,темипе,eie,1,3,1,3,304,1134,1,FALSE
eei,3,пеккиех,eie,1,3,1,3,304,1134,1,FALSE
eei,3,пеккинех,eie,1,3,1,3,304,1134,1,FALSE
eei,3,именме,iee,1,3,1,3,304,1134,1,FALSE
eei,3,вилепе,iee,1,3,1,3,304,1134,1,FALSE
eei,3,тимлемех,iee,1,3,1,3,304,1134,1,FALSE
eei,3,илменрен,iee,1,3,1,3,304,1134,1,FALSE
eei,3,витмелле,iee,1,3,1,3,304,1134,1,FALSE
eei,3,кирлерен,iee,1,3,1,3,304,1134,1,FALSE
eei,3,ҫинченех,iee,1,3,1,3,304,1134,1,FALSE
eei,3,ҫемйисем,eie,1,3,1,3,304,1134,1,FALSE
eei,3,ҫерҫисем,eie,1,3,1,3,304,1134,1,FALSE
eei,3,килсенче,iee,1,3,1,3,304,1134,1,FALSE
eei,3,электрик,eei,1,3,1,3,304,1134,1,FALSE
eei,3,минтерпе,iee,1,3,1,3,304,1134,1,FALSE
eei,3,эрхипе,eie,1,3,1,3,304,1134,1,FALSE
eei,3,иклетме,iee,1,3,1,3,304,1134,1,FALSE
eei,3,ҫилленме,iee,1,3,1,3,304,1134,1,FALSE
eei,3,ҫеҫкисем,eie,1,3,1,3,304,1134,1,FALSE
eei,3,стенине,eie,1,3,1,3,304,1134,1,FALSE
eei,3,ҫеҫенхир,eei,1,3,1,3,304,1134,1,FALSE
eei,3,кичеме,iee,1,3,1,3,304,1134,1,FALSE
eei,3,именмен,iee,1,3,1,3,304,1134,1,FALSE
eei,3,килменех,iee,1,3,1,3,304,1134,1,FALSE
eei,3,тиеме,iee,1,3,1,3,304,1134,1,FALSE
eei,3,типсенех,iee,1,3,1,3,304,1134,1,FALSE
eei,3,еркиней,eie,1,3,1,3,304,1134,1,FALSE
eei,3,итлемест,iee,1,3,1,3,304,1134,1,FALSE
eei,3,ирчченех,iee,1,3,1,3,304,1134,1,FALSE
eei,3,сикмелле,iee,1,3,1,3,304,1134,1,FALSE
eei,3,илепер,iee,1,3,1,3,304,1134,1,FALSE
eei,3,виҫекен,iee,1,3,1,3,304,1134,1,FALSE
eei,3,ҫикелет,iee,1,3,1,3,304,1134,1,FALSE
eei,3,сеххиме,eie,1,3,1,3,304,1134,1,FALSE
eei,3,итемпе,iee,1,3,1,3,304,1134,1,FALSE
eei,3,виҫене,iee,1,3,1,3,304,1134,1,FALSE
eei,3,витерех,iee,1,3,1,3,304,1134,1,FALSE
eei,3,пеккипе,eie,1,3,1,3,304,1134,1,FALSE
eei,3,ҫитесех,iee,1,3,1,3,304,1134,1,FALSE
eei,3,пинере,iee,1,3,1,3,304,1134,1,FALSE
eei,3,илтмесен,iee,1,3,1,3,304,1134,1,FALSE
eei,3,силленсе,iee,1,3,1,3,304,1134,1,FALSE
eei,3,ҫитермен,iee,1,3,1,3,304,1134,1,FALSE
eei,3,сивлесе,iee,1,3,1,3,304,1134,1,FALSE
eei,3,иртмелле,iee,1,3,1,3,304,1134,1,FALSE
eei,3,чейникрен,eie,1,3,1,3,304,1134,1,FALSE
eei,3,ирттермен,iee,1,3,1,3,304,1134,1,FALSE
eei,3,тинкерсен,iee,1,3,1,3,304,1134,1,FALSE
eei,3,минтертен,iee,1,3,1,3,304,1134,1,FALSE
eei,3,тинкере,iee,1,3,1,3,304,1134,1,FALSE
eei,3,пиллесе,iee,1,3,1,3,304,1134,1,FALSE
eei,3,энтрипе,eie,1,3,1,3,304,1134,1,FALSE
eei,3,пенинчен,eie,1,3,1,3,304,1134,1,FALSE
eei,3,витмеллех,iee,1,3,1,3,304,1134,1,FALSE
eei,3,ретрисем,eie,1,3,1,3,304,1134,1,FALSE
eei,3,витресем,iee,1,3,1,3,304,1134,1,FALSE
eei,3,кирленех,iee,1,3,1,3,304,1134,1,FALSE
eei,3,эрнери,eei,1,3,1,3,304,1134,1,FALSE
eei,3,витлесе,iee,1,3,1,3,304,1134,1,FALSE
eei,3,пенсипе,eie,1,3,1,3,304,1134,1,FALSE
eei,3,лекнисен,eie,1,3,1,3,304,1134,1,FALSE
eei,3,пичете,iee,1,3,1,3,304,1134,1,FALSE
eei,3,шикленмен,iee,1,3,1,3,304,1134,1,FALSE
eei,3,тимлекен,iee,1,3,1,3,304,1134,1,FALSE
eei,3,интернет,iee,1,3,1,3,304,1134,1,FALSE
eei,3,иртенпе,iee,1,3,1,3,304,1134,1,FALSE
eei,3,тивмелле,iee,1,3,1,3,304,1134,1,FALSE
eei,3,тепринче,eie,1,3,1,3,304,1134,1,FALSE
eei,3,илемпе,iee,1,3,1,3,304,1134,1,FALSE
eei,3,михетер,iee,1,3,1,3,304,1134,1,FALSE
eei,3,хевешски,eei,1,3,1,3,304,1134,1,FALSE
eei,3,килсерен,iee,1,3,1,3,304,1134,1,FALSE
eiu,3,хушшинче,uie,104,3,1,3,196,1009,1,FALSE
eiu,3,пулнине,uie,44,3,1,3,196,1009,1,FALSE
eiu,3,тунине,uie,39,3,1,3,196,1009,1,FALSE
eiu,3,тутине,uie,32,3,1,3,196,1009,1,FALSE
eiu,3,урине,uie,31,3,1,3,196,1009,1,FALSE
eiu,3,пуринчен,uie,27,3,1,3,196,1009,1,FALSE
eiu,3,пуррине,uie,26,3,1,3,196,1009,1,FALSE
eiu,3,хушшине,uie,26,3,1,3,196,1009,1,FALSE
eiu,3,юриех,uie,26,3,1,3,196,1009,1,FALSE
eiu,3,учитель,uie,22,3,1,3,196,1009,1,FALSE
eiu,3,хулинче,uie,20,3,1,3,196,1009,1,FALSE
eiu,3,хушшинчен,uie,18,3,1,3,196,1009,1,FALSE
eiu,3,урипе,uie,16,3,1,3,196,1009,1,FALSE
eiu,3,урисем,uie,15,3,1,3,196,1009,1,FALSE
eiu,3,униҫҫе,uie,14,3,1,3,196,1009,1,FALSE
eiu,3,чухнехи,uei,14,3,1,3,196,1009,1,FALSE
eiu,3,пуҫиле,uie,13,3,1,3,196,1009,1,FALSE
eiu,3,укҫине,uie,12,3,1,3,196,1009,1,FALSE
eiu,3,хуҫисем,uie,12,3,1,3,196,1009,1,FALSE
eiu,3,туллиех,uie,11,3,1,3,196,1009,1,FALSE
eiu,3,тухнине,uie,11,3,1,3,196,1009,1,FALSE
eiu,3,юлнине,uie,11,3,1,3,196,1009,1,FALSE
eiu,3,уринче,uie,11,3,1,3,196,1009,1,FALSE
eiu,3,ҫуккине,uie,10,3,1,3,196,1009,1,FALSE
eiu,3,кунхине,uie,10,3,1,3,196,1009,1,FALSE
eiu,3,мучипе,uie,10,3,1,3,196,1009,1,FALSE
eiu,3,унчченхи,uei,9,3,1,3,196,1009,1,FALSE
eiu,3,ҫутинче,uie,9,3,1,3,196,1009,1,FALSE
eiu,3,хулине,uie,9,3,1,3,196,1009,1,FALSE
eiu,3,хушшипе,uie,9,3,1,3,196,1009,1,FALSE
eiu,3,уттипе,uie,8,3,1,3,196,1009,1,FALSE
eiu,3,хушшинчех,uie,8,3,1,3,196,1009,1,FALSE
eiu,3,курнине,uie,8,3,1,3,196,1009,1,FALSE
eiu,3,пулнипе,uie,8,3,1,3,196,1009,1,FALSE
eiu,3,тумтире,uie,8,3,1,3,196,1009,1,FALSE
eiu,3,кукринче,uie,7,3,1,3,196,1009,1,FALSE
eiu,3,юррине,uie,7,3,1,3,196,1009,1,FALSE
eiu,3,юписем,uie,6,3,1,3,196,1009,1,FALSE
eiu,3,пуличчен,uie,6,3,1,3,196,1009,1,FALSE
eiu,3,тумтирпе,uie,6,3,1,3,196,1009,1,FALSE
eiu,3,ҫутисем,uie,6,3,1,3,196,1009,1,FALSE
eiu,3,ҫуррине,uie,5,3,1,3,196,1009,1,FALSE
eiu,3,ультипе,uie,5,3,1,3,196,1009,1,FALSE
eiu,3,туйине,uie,5,3,1,3,196,1009,1,FALSE
eiu,3,хуйхине,uie,5,3,1,3,196,1009,1,FALSE
eiu,3,пуринпе,uie,5,3,1,3,196,1009,1,FALSE
eiu,3,хуҫине,uie,5,3,1,3,196,1009,1,FALSE
eiu,3,кулнипе,uie,5,3,1,3,196,1009,1,FALSE
eiu,3,тумтирне,uie,5,3,1,3,196,1009,1,FALSE
eiu,3,тутисем,uie,5,3,1,3,196,1009,1,FALSE
eiu,3,тутипе,uie,5,3,1,3,196,1009,1,FALSE
eiu,3,хуҫипе,uie,5,3,1,3,196,1009,1,FALSE
eiu,3,ҫуккипе,uie,5,3,1,3,196,1009,1,FALSE
eiu,3,пуррипе,uie,4,3,1,3,196,1009,1,FALSE
eiu,3,кунсенчи,uei,4,3,1,3,196,1009,1,FALSE
eiu,3,сумкине,uie,4,3,1,3,196,1009,1,FALSE
eiu,3,уттине,uie,4,3,1,3,196,1009,1,FALSE
eiu,3,мучие,uie,4,3,1,3,196,1009,1,FALSE
eiu,3,кулленхи,uei,4,3,1,3,196,1009,1,FALSE
eiu,3,ҫуннине,uie,4,3,1,3,196,1009,1,FALSE
eiu,3,хушнипе,uie,4,3,1,3,196,1009,1,FALSE
eiu,3,туйипе,uie,4,3,1,3,196,1009,1,FALSE
eiu,3,курнипе,uie,4,3,1,3,196,1009,1,FALSE
eiu,3,нушине,uie,4,3,1,3,196,1009,1,FALSE
eiu,3,утнине,uie,3,3,1,3,196,1009,1,FALSE
eiu,3,мучисен,uie,3,3,1,3,196,1009,1,FALSE
eiu,3,пулнинчен,uie,3,3,1,3,196,1009,1,FALSE
eiu,3,юррипе,uie,3,3,1,3,196,1009,1,FALSE
eiu,3,юлнисем,uie,3,3,1,3,196,1009,1,FALSE
eiu,3,ҫулҫисем,uie,3,3,1,3,196,1009,1,FALSE
eiu,3,шуррисем,uie,3,3,1,3,196,1009,1,FALSE
eiu,3,ҫулхине,uie,3,3,1,3,196,1009,1,FALSE
eiu,3,пирусне,iue,3,3,1,3,196,1009,1,FALSE
eiu,3,хуҫинчен,uie,3,3,1,3,196,1009,1,FALSE
eiu,3,укҫипе,uie,3,3,1,3,196,1009,1,FALSE
eiu,3,хушнине,uie,3,3,1,3,196,1009,1,FALSE
eiu,3,вуллине,uie,3,3,1,3,196,1009,1,FALSE
eiu,3,тутинчен,uie,3,3,1,3,196,1009,1,FALSE
eiu,3,пурине,uie,3,3,1,3,196,1009,1,FALSE
eiu,3,ультие,uie,3,3,1,3,196,1009,1,FALSE
eiu,3,уссине,uie,3,3,1,3,196,1009,1,FALSE
eiu,3,хуппине,uie,3,3,1,3,196,1009,1,FALSE
eiu,3,турилкке,uie,3,3,1,3,196,1009,1,FALSE
eiu,3,униче,uie,3,3,1,3,196,1009,1,FALSE
eiu,3,пуххине,uie,2,3,1,3,196,1009,1,FALSE
eiu,3,улмине,uie,2,3,1,3,196,1009,1,FALSE
eiu,3,ҫулхисем,uie,2,3,1,3,196,1009,1,FALSE
eiu,3,ункинчен,uie,2,3,1,3,196,1009,1,FALSE
eiu,3,юххипе,uie,2,3,1,3,196,1009,1,FALSE
eiu,3,тухиччен,uie,2,3,1,3,196,1009,1,FALSE
eiu,3,мучине,uie,2,3,1,3,196,1009,1,FALSE
eiu,3,туррисем,uie,2,3,1,3,196,1009,1,FALSE
eiu,3,кулнине,uie,2,3,1,3,196,1009,1,FALSE
eiu,3,туйнипе,uie,2,3,1,3,196,1009,1,FALSE
eiu,3,ҫуттинче,uie,2,3,1,3,196,1009,1,FALSE
eiu,3,куписем,uie,2,3,1,3,196,1009,1,FALSE
eiu,3,ҫуннипе,uie,2,3,1,3,196,1009,1,FALSE
eiu,3,тунисем,uie,2,3,1,3,196,1009,1,FALSE
eiu,3,ҫулхипе,uie,2,3,1,3,196,1009,1,FALSE
eiu,3,хулинчен,uie,2,3,1,3,196,1009,1,FALSE
eiu,3,ункисем,uie,2,3,1,3,196,1009,1,FALSE
eiu,3,ҫулсенчи,uei,2,3,1,3,196,1009,1,FALSE
eiu,3,мучирен,uie,2,3,1,3,196,1009,1,FALSE
eiu,3,ҫурине,uie,2,3,1,3,196,1009,1,FALSE
eiu,3,туристсем,uie,2,3,1,3,196,1009,1,FALSE
eiu,3,хунине,uie,2,3,1,3,196,1009,1,FALSE
eiu,3,вуллисем,uie,2,3,1,3,196,1009,1,FALSE
eiu,3,тупнине,uie,2,3,1,3,196,1009,1,FALSE
eiu,3,курнисем,uie,2,3,1,3,196,1009,1,FALSE
eiu,3,тунипе,uie,2,3,1,3,196,1009,1,FALSE
eiu,3,пуррисем,uie,2,3,1,3,196,1009,1,FALSE
eiu,3,урисен,uie,2,3,1,3,196,1009,1,FALSE
eiu,3,ҫутипе,uie,2,3,1,3,196,1009,1,FALSE
eiu,3,юррисем,uie,2,3,1,3,196,1009,1,FALSE
eiu,3,пушшине,uie,2,3,1,3,196,1009,1,FALSE
eiu,3,пулттипе,uie,2,3,1,3,196,1009,1,FALSE
eiu,3,улмие,uie,2,3,1,3,196,1009,1,FALSE
eiu,3,пулнинче,uie,2,3,1,3,196,1009,1,FALSE
eiu,3,пуснине,uie,1,3,1,3,196,1009,1,FALSE
eiu,3,пулнисем,uie,1,3,1,3,196,1009,1,FALSE
eiu,3,хуйхипе,uie,1,3,1,3,196,1009,1,FALSE
eiu,3,уттинчен,uie,1,3,1,3,196,1009,1,FALSE
eiu,3,пулисем,uie,1,3,1,3,196,1009,1,FALSE
eiu,3,тумтирсем,uie,1,3,1,3,196,1009,1,FALSE
eiu,3,сутнипе,uie,1,3,1,3,196,1009,1,FALSE
eiu,3,туйнине,uie,1,3,1,3,196,1009,1,FALSE
eiu,3,ҫуттине,uie,1,3,1,3,196,1009,1,FALSE
eiu,3,юрпике,uie,1,3,1,3,196,1009,1,FALSE
eiu,3,июньтен,iue,1,3,1,3,196,1009,1,FALSE
eiu,3,кусенни,uei,1,3,1,3,196,1009,1,FALSE
eiu,3,суннине,uie,1,3,1,3,196,1009,1,FALSE
eiu,3,кунхипе,uie,1,3,1,3,196,1009,1,FALSE
eiu,3,укҫинчен,uie,1,3,1,3,196,1009,1,FALSE
eiu,3,чупнипе,uie,1,3,1,3,196,1009,1,FALSE
eiu,3,юрринех,uie,1,3,1,3,196,1009,1,FALSE
eiu,3,тупикрен,uie,1,3,1,3,196,1009,1,FALSE
eiu,3,юрринче,uie,1,3,1,3,196,1009,1,FALSE
eiu,3,чунлисем,uie,1,3,1,3,196,1009,1,FALSE
eiu,3,сунине,uie,1,3,1,3,196,1009,1,FALSE
eiu,3,путише,uie,1,3,1,3,196,1009,1,FALSE
eiu,3,минутсем,iue,1,3,1,3,196,1009,1,FALSE
eiu,3,хуҫисен,uie,1,3,1,3,196,1009,1,FALSE
eiu,3,ҫунисем,uie,1,3,1,3,196,1009,1,FALSE
eiu,3,ҫунине,uie,1,3,1,3,196,1009,1,FALSE
eiu,3,туприне,uie,1,3,1,3,196,1009,1,FALSE
eiu,3,сухине,uie,1,3,1,3,196,1009,1,FALSE
eiu,3,хупписем,uie,1,3,1,3,196,1009,1,FALSE
eiu,3,тунинче,uie,1,3,1,3,196,1009,1,FALSE
eiu,3,тулнине,uie,1,3,1,3,196,1009,1,FALSE
eiu,3,сулнипех,uie,1,3,1,3,196,1009,1,FALSE
eiu,3,куклипе,uie,1,3,1,3,196,1009,1,FALSE
eiu,3,ҫулленхи,uei,1,3,1,3,196,1009,1,FALSE
eiu,3,ҫухине,uie,1,3,1,3,196,1009,1,FALSE
eiu,3,пуснипе,uie,1,3,1,3,196,1009,1,FALSE
eiu,3,вуттине,uie,1,3,1,3,196,1009,1,FALSE
eiu,3,мунчине,uie,1,3,1,3,196,1009,1,FALSE
eiu,3,утнипе,uie,1,3,1,3,196,1009,1,FALSE
eiu,3,тухнипе,uie,1,3,1,3,196,1009,1,FALSE
eiu,3,хупнипех,uie,1,3,1,3,196,1009,1,FALSE
eiu,3,пуҫҫинчен,uie,1,3,1,3,196,1009,1,FALSE
eiu,3,нушипе,uie,1,3,1,3,196,1009,1,FALSE
eiu,3,уҫпени,uei,1,3,1,3,196,1009,1,FALSE
eiu,3,инструмент,iue,1,3,1,3,196,1009,1,FALSE
eiu,3,кукринчен,uie,1,3,1,3,196,1009,1,FALSE
eiu,3,ҫуттипе,uie,1,3,1,3,196,1009,1,FALSE
eiu,3,тупнипе,uie,1,3,1,3,196,1009,1,FALSE
eiu,3,туртине,uie,1,3,1,3,196,1009,1,FALSE
eiu,3,курсрине,uie,1,3,1,3,196,1009,1,FALSE
eiu,3,хунипех,uie,1,3,1,3,196,1009,1,FALSE
eiu,3,пуринче,uie,1,3,1,3,196,1009,1,FALSE
eiu,3,купине,uie,1,3,1,3,196,1009,1,FALSE
eiu,3,тутисен,uie,1,3,1,3,196,1009,1,FALSE
eiu,3,уҫҫине,uie,1,3,1,3,196,1009,1,FALSE
eiu,3,ҫултинчен,uie,1,3,1,3,196,1009,1,FALSE
eiu,3,юпписем,uie,1,3,1,3,196,1009,1,FALSE
eiu,3,юппинче,uie,1,3,1,3,196,1009,1,FALSE
eiu,3,тутрисем,uie,1,3,1,3,196,1009,1,FALSE
eiu,3,туртнипе,uie,1,3,1,3,196,1009,1,FALSE
eiu,3,ҫуммипе,uie,1,3,1,3,196,1009,1,FALSE
eiu,3,тухнинче,uie,1,3,1,3,196,1009,1,FALSE
eiu,3,тухнинчен,uie,1,3,1,3,196,1009,1,FALSE
eiu,3,ҫултисем,uie,1,3,1,3,196,1009,1,FALSE
eiu,3,кунтисем,uie,1,3,1,3,196,1009,1,FALSE
eiu,3,ункине,uie,1,3,1,3,196,1009,1,FALSE
eiu,3,кулине,uie,1,3,1,3,196,1009,1,FALSE
eiu,3,хуллинчен,uie,1,3,1,3,196,1009,1,FALSE
eiu,3,мусинсем,uie,1,3,1,3,196,1009,1,FALSE
eiu,3,вуттипе,uie,1,3,1,3,196,1009,1,FALSE
eiu,3,туртисем,uie,1,3,1,3,196,1009,1,FALSE
eiu,3,учетчик,uei,1,3,1,3,196,1009,1,FALSE
eiu,3,пурхиле,uie,1,3,1,3,196,1009,1,FALSE
eiu,3,туллирех,uie,1,3,1,3,196,1009,1,FALSE
eiu,3,унтисем,uie,1,3,1,3,196,1009,1,FALSE
eiu,3,турнирсем,uie,1,3,1,3,196,1009,1,FALSE
eiu,3,урипех,uie,1,3,1,3,196,1009,1,FALSE
eiu,3,пуллине,uie,1,3,1,3,196,1009,1,FALSE
ey,2,тӳрех,ye,165,2,1,2,104,786,1,FALSE
ey,2,ҫӳрет,ye,62,2,1,2,104,786,1,FALSE
ey,2,пӳрте,ye,52,2,1,2,104,786,1,FALSE
ey,2,пӳртре,ye,34,2,1,2,104,786,1,FALSE
ey,2,ӳссе,ye,26,2,1,2,104,786,1,FALSE
ey,2,ҫӳҫе,ye,23,2,1,2,104,786,1,FALSE
ey,2,ҫӳҫне,ye,22,2,1,2,104,786,1,FALSE
ey,2,ӳсет,ye,19,2,1,2,104,786,1,FALSE
ey,2,тӳпе,ye,18,2,1,2,104,786,1,FALSE
ey,2,тӳссе,ye,17,2,1,2,104,786,1,FALSE
ey,2,ҫӳре,ye,16,2,1,2,104,786,1,FALSE
ey,2,ҫӳхе,ye,15,2,1,2,104,786,1,FALSE
ey,2,тӳрре,ye,15,2,1,2,104,786,1,FALSE
ey,2,тӳре,ye,15,2,1,2,104,786,1,FALSE
ey,2,хӳме,ye,12,2,1,2,104,786,1,FALSE
ey,2,ҫӳлте,ye,12,2,1,2,104,786,1,FALSE
ey,2,сӳтсе,ye,11,2,1,2,104,786,1,FALSE
ey,2,ҫӳрес,ye,11,2,1,2,104,786,1,FALSE
ey,2,кӳрет,ye,11,2,1,2,104,786,1,FALSE
ey,2,кӳпер,ye,11,2,1,2,104,786,1,FALSE
ey,2,ҫӳле,ye,10,2,1,2,104,786,1,FALSE
ey,2,ӳкет,ye,10,2,1,2,104,786,1,FALSE
ey,2,ӳкес,ye,8,2,1,2,104,786,1,FALSE
ey,2,ҫӳлтен,ye,8,2,1,2,104,786,1,FALSE
ey,2,тӳлек,ye,8,2,1,2,104,786,1,FALSE
ey,2,ӳксе,ye,7,2,1,2,104,786,1,FALSE
ey,2,пӳртрен,ye,7,2,1,2,104,786,1,FALSE
ey,2,тӳрем,ye,6,2,1,2,104,786,1,FALSE
ey,2,сӳнсе,ye,5,2,1,2,104,786,1,FALSE
ey,2,пӳртне,ye,5,2,1,2,104,786,1,FALSE
ey,2,нӳхреп,ye,5,2,1,2,104,786,1,FALSE
ey,2,ӳссех,ye,4,2,1,2,104,786,1,FALSE
ey,2,йӳле,ye,4,2,1,2,104,786,1,FALSE
ey,2,ӳсен,ye,4,2,1,2,104,786,1,FALSE
ey,2,чӳлмек,ye,4,2,1,2,104,786,1,FALSE
ey,2,хӳсе,ye,4,2,1,2,104,786,1,FALSE
ey,2,кӳрсе,ye,4,2,1,2,104,786,1,FALSE
ey,2,тӳсес,ye,4,2,1,2,104,786,1,FALSE
ey,2,кӳлес,ye,4,2,1,2,104,786,1,FALSE
ey,2,ӳсес,ye,4,2,1,2,104,786,1,FALSE
ey,2,тӳсме,ye,3,2,1,2,104,786,1,FALSE
ey,2,ӳкме,ye,3,2,1,2,104,786,1,FALSE
ey,2,сӳнтер,ye,3,2,1,2,104,786,1,FALSE
ey,2,кӳлсе,ye,3,2,1,2,104,786,1,FALSE
ey,2,пӳлсе,ye,3,2,1,2,104,786,1,FALSE
ey,2,ҫӳҫрен,ye,3,2,1,2,104,786,1,FALSE
ey,2,тӳсет,ye,3,2,1,2,104,786,1,FALSE
ey,2,ӳнер,ye,3,2,1,2,104,786,1,FALSE
ey,2,ҫӳрев,ye,3,2,1,2,104,786,1,FALSE
ey,2,ӳкмен,ye,3,2,1,2,104,786,1,FALSE
ey,2,сӳсе,ye,3,2,1,2,104,786,1,FALSE
ey,2,ӳсме,ye,3,2,1,2,104,786,1,FALSE
ey,2,шӳтлет,ye,3,2,1,2,104,786,1,FALSE
ey,2,ӳксен,ye,2,2,1,2,104,786,1,FALSE
ey,2,ӳсмест,ye,2,2,1,2,104,786,1,FALSE
ey,2,ӳтне,ye,2,2,1,2,104,786,1,FALSE
ey,2,кӳрес,ye,2,2,1,2,104,786,1,FALSE
ey,2,тӳнтер,ye,2,2,1,2,104,786,1,FALSE
ey,2,кӳлме,ye,2,2,1,2,104,786,1,FALSE
ey,2,ӳссен,ye,2,2,1,2,104,786,1,FALSE
ey,2,ҫӳрер,ye,2,2,1,2,104,786,1,FALSE
ey,2,сӳнме,ye,2,2,1,2,104,786,1,FALSE
ey,2,тӳме,ye,2,2,1,2,104,786,1,FALSE
ey,2,кӳрше,ye,2,2,1,2,104,786,1,FALSE
ey,2,ҫӳрен,ye,2,2,1,2,104,786,1,FALSE
ey,2,пӳртсем,ye,2,2,1,2,104,786,1,FALSE
ey,2,ӳте,ye,2,2,1,2,104,786,1,FALSE
ey,2,кӳмест,ye,1,2,1,2,104,786,1,FALSE
ey,2,шӳсе,ye,1,2,1,2,104,786,1,FALSE
ey,2,тӳлев,ye,1,2,1,2,104,786,1,FALSE
ey,2,тӳртен,ye,1,2,1,2,104,786,1,FALSE
ey,2,шӳрпе,ye,1,2,1,2,104,786,1,FALSE
ey,2,йӳҫсе,ye,1,2,1,2,104,786,1,FALSE
ey,2,йӳҫек,ye,1,2,1,2,104,786,1,FALSE
ey,2,хӳре,ye,1,2,1,2,104,786,1,FALSE
ey,2,пӳртрех,ye,1,2,1,2,104,786,1,FALSE
ey,2,ӳтрен,ye,1,2,1,2,104,786,1,FALSE
ey,2,пӳлме,ye,1,2,1,2,104,786,1,FALSE
ey,2,пӳрне,ye,1,2,1,2,104,786,1,FALSE
ey,2,пӳтек,ye,1,2,1,2,104,786,1,FALSE
ey,2,ӳпре,ye,1,2,1,2,104,786,1,FALSE
ey,2,кӳпет,ye,1,2,1,2,104,786,1,FALSE
ey,2,тӳсен,ye,1,2,1,2,104,786,1,FALSE
ey,2,кӳмен,ye,1,2,1,2,104,786,1,FALSE
ey,2,ейӳ,ey,1,2,1,2,104,786,1,FALSE
ey,2,шӳтсем,ye,1,2,1,2,104,786,1,FALSE
ey,2,ӳлет,ye,1,2,1,2,104,786,1,FALSE
ey,2,ҫӳлех,ye,1,2,1,2,104,786,1,FALSE
ey,2,кӳлмек,ye,1,2,1,2,104,786,1,FALSE
ey,2,кӳме,ye,1,2,1,2,104,786,1,FALSE
ey,2,лӳппер,ye,1,2,1,2,104,786,1,FALSE
ey,2,ӳкре,ye,1,2,1,2,104,786,1,FALSE
ey,2,сӳнмест,ye,1,2,1,2,104,786,1,FALSE
ey,2,кӳтсе,ye,1,2,1,2,104,786,1,FALSE
ey,2,сӳнет,ye,1,2,1,2,104,786,1,FALSE
ey,2,ӳпне,ye,1,2,1,2,104,786,1,FALSE
ey,2,сӳре,ye,1,2,1,2,104,786,1,FALSE
ey,2,пӳне,ye,1,2,1,2,104,786,1,FALSE
ey,2,ерҫӳ,ey,1,2,1,2,104,786,1,FALSE
ey,2,тӳрлет,ye,1,2,1,2,104,786,1,FALSE
ey,2,тӳшек,ye,1,2,1,2,104,786,1,FALSE
ey,2,сӳнмен,ye,1,2,1,2,104,786,1,FALSE
ey,2,кӳлле,ye,1,2,1,2,104,786,1,FALSE
ey,2,тӳнет,ye,1,2,1,2,104,786,1,FALSE
aai,3,марийка,aia,94,3,1,3,164,773,1,FALSE
aai,3,никама,iaa,54,3,1,3,164,773,1,FALSE
aai,3,яланхи,aai,37,3,1,3,164,773,1,FALSE
aai,3,малтанхи,aai,36,3,1,3,164,773,1,FALSE
aai,3,машина,aia,25,3,1,3,164,773,1,FALSE
aai,3,канмалли,aai,21,3,1,3,164,773,1,FALSE
aai,3,аякри,aai,21,3,1,3,164,773,1,FALSE
aai,3,паянхи,aai,19,3,1,3,164,773,1,FALSE
aai,3,авалхи,aai,19,3,1,3,164,773,1,FALSE
aai,3,ивана,iaa,17,3,1,3,164,773,1,FALSE
aai,3,калани,aai,16,3,1,3,164,773,1,FALSE
aai,3,капитан,aia,14,3,1,3,164,773,1,FALSE
aai,3,анатри,aai,13,3,1,3,164,773,1,FALSE
aai,3,таврари,aai,12,3,1,3,164,773,1,FALSE
aai,3,памалли,aai,11,3,1,3,164,773,1,FALSE
aai,3,ларасси,aai,11,3,1,3,164,773,1,FALSE
aai,3,никампа,iaa,10,3,1,3,164,773,1,FALSE
aai,3,никамран,iaa,10,3,1,3,164,773,1,FALSE
aai,3,аялти,aai,8,3,1,3,164,773,1,FALSE
aai,3,картина,aia,8,3,1,3,164,773,1,FALSE
aai,3,самарин,aai,8,3,1,3,164,773,1,FALSE
aai,3,парасси,aai,8,3,1,3,164,773,1,FALSE
aai,3,каймалли,aai,7,3,1,3,164,773,1,FALSE
aai,3,калаҫни,aai,7,3,1,3,164,773,1,FALSE
aai,3,канашри,aai,7,3,1,3,164,773,1,FALSE
aai,3,михала,iaa,7,3,1,3,164,773,1,FALSE
aai,3,мария,aia,6,3,1,3,164,773,1,FALSE
aai,3,тахҫанхи,aai,6,3,1,3,164,773,1,FALSE
aai,3,пиншакпа,iaa,6,3,1,3,164,773,1,FALSE
aai,3,япали,aai,6,3,1,3,164,773,1,FALSE
aai,3,каласси,aai,5,3,1,3,164,773,1,FALSE
aai,3,анкарти,aai,5,3,1,3,164,773,1,FALSE
aai,3,шавлани,aai,5,3,1,3,164,773,1,FALSE
aai,3,начальник,aai,5,3,1,3,164,773,1,FALSE
aai,3,никамах,iaa,5,3,1,3,164,773,1,FALSE
aai,3,арккасси,aai,5,3,1,3,164,773,1,FALSE
aai,3,натали,aai,5,3,1,3,164,773,1,FALSE
aai,3,ялакки,aai,4,3,1,3,164,773,1,FALSE
aai,3,лармалли,aai,4,3,1,3,164,773,1,FALSE
aai,3,аслати,aai,4,3,1,3,164,773,1,FALSE
aai,3,стасикпа,aia,4,3,1,3,164,773,1,FALSE
aai,3,стасика,aia,4,3,1,3,164,773,1,FALSE
aai,3,ваканси,aai,4,3,1,3,164,773,1,FALSE
aai,3,явмалли,aai,4,3,1,3,164,773,1,FALSE
aai,3,ҫакланни,aai,4,3,1,3,164,773,1,FALSE
aai,3,салари,aai,4,3,1,3,164,773,1,FALSE
aai,3,ҫинахван,iaa,3,3,1,3,164,773,1,FALSE
aai,3,тарина,aia,3,3,1,3,164,773,1,FALSE
aai,3,парас-и,aai,3,3,1,3,164,773,1,FALSE
aai,3,янаххи,aai,3,3,1,3,164,773,1,FALSE
aai,3,лариван,aia,3,3,1,3,164,773,1,FALSE
aai,3,старшина,aia,3,3,1,3,164,773,1,FALSE
aai,3,марина,aia,3,3,1,3,164,773,1,FALSE
aai,3,ҫавраҫил,aai,3,3,1,3,164,773,1,FALSE
aai,3,самани,aai,3,3,1,3,164,773,1,FALSE
aai,3,акмалли,aai,3,3,1,3,164,773,1,FALSE
aai,3,наставник,aai,3,3,1,3,164,773,1,FALSE
aai,3,картлашки,aai,3,3,1,3,164,773,1,FALSE
aai,3,аманни,aai,3,3,1,3,164,773,1,FALSE
aai,3,иванран,iaa,3,3,1,3,164,773,1,FALSE
aai,3,ҫаранти,aai,2,3,1,3,164,773,1,FALSE
aai,3,кашкина,aia,2,3,1,3,164,773,1,FALSE
aai,3,каланчи,aai,2,3,1,3,164,773,1,FALSE
aai,3,аптрани,aai,2,3,1,3,164,773,1,FALSE
aai,3,тапранни,aai,2,3,1,3,164,773,1,FALSE
aai,3,шанманни,aai,2,3,1,3,164,773,1,FALSE
aai,3,ҫакмалли,aai,2,3,1,3,164,773,1,FALSE
aai,3,ванькина,aia,2,3,1,3,164,773,1,FALSE
aai,3,наҫилкка,aia,2,3,1,3,164,773,1,FALSE
aai,3,лартмалли,aai,2,3,1,3,164,773,1,FALSE
aai,3,паника,aia,2,3,1,3,164,773,1,FALSE
aai,3,канасси,aai,2,3,1,3,164,773,1,FALSE
aai,3,касасси,aai,2,3,1,3,164,773,1,FALSE
aai,3,кашкинпа,aia,2,3,1,3,164,773,1,FALSE
aai,3,авари,aai,2,3,1,3,164,773,1,FALSE
aai,3,шарика,aia,2,3,1,3,164,773,1,FALSE
aai,3,алина,aia,2,3,1,3,164,773,1,FALSE
aai,3,митрахван,iaa,2,3,1,3,164,773,1,FALSE
aai,3,ашмарин,aai,2,3,1,3,164,773,1,FALSE
aai,3,иванпа,iaa,2,3,1,3,164,773,1,FALSE
aai,3,танкиста,aia,2,3,1,3,164,773,1,FALSE
aai,3,ларман-ши,aai,2,3,1,3,164,773,1,FALSE
aai,3,такани,aai,2,3,1,3,164,773,1,FALSE
aai,3,паллашни,aai,2,3,1,3,164,773,1,FALSE
aai,3,парам-и,aai,2,3,1,3,164,773,1,FALSE
aai,3,аякки,aai,2,3,1,3,164,773,1,FALSE
aai,3,чакасси,aai,2,3,1,3,164,773,1,FALSE
aai,3,харкашни,aai,2,3,1,3,164,773,1,FALSE
aai,3,аттилпа,aia,2,3,1,3,164,773,1,FALSE
aai,3,пихампар,iaa,2,3,1,3,164,773,1,FALSE
aai,3,китая,iaa,2,3,1,3,164,773,1,FALSE
aai,3,ташлани,aai,2,3,1,3,164,773,1,FALSE
aai,3,саккасчик,aai,1,3,1,3,164,773,1,FALSE
aai,3,халапри,aai,1,3,1,3,164,773,1,FALSE
aai,3,салтакри,aai,1,3,1,3,164,773,1,FALSE
aai,3,васильча,aia,1,3,1,3,164,773,1,FALSE
aai,3,касмалли,aai,1,3,1,3,164,773,1,FALSE
aai,3,ҫатмари,aai,1,3,1,3,164,773,1,FALSE
aai,3,парайми,aai,1,3,1,3,164,773,1,FALSE
aai,3,савина,aia,1,3,1,3,164,773,1,FALSE
aai,3,мичманта,iaa,1,3,1,3,164,773,1,FALSE
aai,3,чавасси,aai,1,3,1,3,164,773,1,FALSE
aai,3,аммиак,aia,1,3,1,3,164,773,1,FALSE
aai,3,татасси,aai,1,3,1,3,164,773,1,FALSE
aai,3,маринка,aia,1,3,1,3,164,773,1,FALSE
aai,3,ҫаратни,aai,1,3,1,3,164,773,1,FALSE
aai,3,пракахви,aai,1,3,1,3,164,773,1,FALSE
aai,3,каткари,aai,1,3,1,3,164,773,1,FALSE
aai,3,таккани,aai,1,3,1,3,164,773,1,FALSE
aai,3,ватмалли,aai,1,3,1,3,164,773,1,FALSE
aai,3,васкани,aai,1,3,1,3,164,773,1,FALSE
aai,3,каясси,aai,1,3,1,3,164,773,1,FALSE
aai,3,ҫпаҫҫипа,aia,1,3,1,3,164,773,1,FALSE
aai,3,варвари,aai,1,3,1,3,164,773,1,FALSE
aai,3,аксинья,aia,1,3,1,3,164,773,1,FALSE
aai,3,янрал-и,aai,1,3,1,3,164,773,1,FALSE
aai,3,катанпир,aai,1,3,1,3,164,773,1,FALSE
aai,3,таранхи,aai,1,3,1,3,164,773,1,FALSE
aai,3,лариса,aia,1,3,1,3,164,773,1,FALSE
aai,3,старшинан,aia,1,3,1,3,164,773,1,FALSE
aai,3,раиса,aia,1,3,1,3,164,773,1,FALSE
aai,3,тачанки,aai,1,3,1,3,164,773,1,FALSE
aai,3,тихаран,iaa,1,3,1,3,164,773,1,FALSE
aai,3,каҫмалли,aai,1,3,1,3,164,773,1,FALSE
aai,3,шакканин,aai,1,3,1,3,164,773,1,FALSE
aai,3,артиста,aia,1,3,1,3,164,773,1,FALSE
aai,3,чарасси,aai,1,3,1,3,164,773,1,FALSE
aai,3,кассирпа,aia,1,3,1,3,164,773,1,FALSE
aai,3,папаххи,aai,1,3,1,3,164,773,1,FALSE
aai,3,айкашни,aai,1,3,1,3,164,773,1,FALSE
aai,3,марксистла,aia,1,3,1,3,164,773,1,FALSE
aai,3,самкинпа,aia,1,3,1,3,164,773,1,FALSE
aai,3,шаккани,aai,1,3,1,3,164,773,1,FALSE
aai,3,арканми,aai,1,3,1,3,164,773,1,FALSE
aai,3,картари,aai,1,3,1,3,164,773,1,FALSE
aai,3,хаклани,aai,1,3,1,3,164,773,1,FALSE
aai,3,картинка,aia,1,3,1,3,164,773,1,FALSE
aai,3,хаярри,aai,1,3,1,3,164,773,1,FALSE
aai,3,павликла,aia,1,3,1,3,164,773,1,FALSE
aai,3,ярасси,aai,1,3,1,3,164,773,1,FALSE
aai,3,практика,aia,1,3,1,3,164,773,1,FALSE
aai,3,папахи,aai,1,3,1,3,164,773,1,FALSE
aai,3,аванни,aai,1,3,1,3,164,773,1,FALSE
aai,3,ятлаҫни,aai,1,3,1,3,164,773,1,FALSE
aai,3,паллами,aai,1,3,1,3,164,773,1,FALSE
aai,3,тавлашни,aai,1,3,1,3,164,773,1,FALSE
aai,3,пахчари,aai,1,3,1,3,164,773,1,FALSE
aai,3,калакки,aai,1,3,1,3,164,773,1,FALSE
aai,3,лавккари,aai,1,3,1,3,164,773,1,FALSE
aai,3,салам-и,aai,1,3,1,3,164,773,1,FALSE
aai,3,чарайми,aai,1,3,1,3,164,773,1,FALSE
aai,3,таринран,aia,1,3,1,3,164,773,1,FALSE
aai,3,тасатни,aai,1,3,1,3,164,773,1,FALSE
aai,3,самантри,aai,1,3,1,3,164,773,1,FALSE
aai,3,числара,iaa,1,3,1,3,164,773,1,FALSE
aai,3,начарри,aai,1,3,1,3,164,773,1,FALSE
aai,3,стасикран,aia,1,3,1,3,164,773,1,FALSE
aai,3,ҫапмалли,aai,1,3,1,3,164,773,1,FALSE
aai,3,лартасси,aai,1,3,1,3,164,773,1,FALSE
aai,3,санитар,aia,1,3,1,3,164,773,1,FALSE
aai,3,ахлатни,aai,1,3,1,3,164,773,1,FALSE
aai,3,авланни,aai,1,3,1,3,164,773,1,FALSE
aai,3,патакки,aai,1,3,1,3,164,773,1,FALSE
aai,3,китайра,iaa,1,3,1,3,164,773,1,FALSE
aae,3,ачасем,aae,109,3,1,3,116,497,1,FALSE
aae,3,ачасен,aae,28,3,1,3,116,497,1,FALSE
aae,3,малашне,aae,26,3,1,3,116,497,1,FALSE
aae,3,ахальтен,aae,25,3,1,3,116,497,1,FALSE
aae,3,ахалех,aae,20,3,1,3,116,497,1,FALSE
aae,3,таранччен,aae,17,3,1,3,116,497,1,FALSE
aae,3,светлана,eaa,16,3,1,3,116,497,1,FALSE
aae,3,салтаксем,aae,16,3,1,3,116,497,1,FALSE
aae,3,лашасем,aae,13,3,1,3,116,497,1,FALSE
aae,3,апатне,aae,11,3,1,3,116,497,1,FALSE
aae,3,асатте,aae,8,3,1,3,116,497,1,FALSE
aae,3,таврашне,aae,8,3,1,3,116,497,1,FALSE
aae,3,ялавне,aae,7,3,1,3,116,497,1,FALSE
aae,3,ракета,aea,6,3,1,3,116,497,1,FALSE
aae,3,рамансем,aae,6,3,1,3,116,497,1,FALSE
aae,3,театрта,eaa,6,3,1,3,116,497,1,FALSE
aae,3,автансем,aae,5,3,1,3,116,497,1,FALSE
aae,3,янахне,aae,5,3,1,3,116,497,1,FALSE
aae,3,самантсем,aae,5,3,1,3,116,497,1,FALSE
aae,3,асанне,aae,5,3,1,3,116,497,1,FALSE
aae,3,аверьян,aea,5,3,1,3,116,497,1,FALSE
aae,3,алена,aea,4,3,1,3,116,497,1,FALSE
aae,3,какайне,aae,4,3,1,3,116,497,1,FALSE
aae,3,сарайне,aae,4,3,1,3,116,497,1,FALSE
aae,3,рамансен,aae,4,3,1,3,116,497,1,FALSE
aae,3,ялавсем,aae,4,3,1,3,116,497,1,FALSE
aae,3,чапаев,aae,3,3,1,3,116,497,1,FALSE
aae,3,алеша,aea,3,3,1,3,116,497,1,FALSE
aae,3,мастера,aea,3,3,1,3,116,497,1,FALSE
aae,3,элара,eaa,3,3,1,3,116,497,1,FALSE
aae,3,хастарсем,aae,3,3,1,3,116,497,1,FALSE
aae,3,лашасен,aae,3,3,1,3,116,497,1,FALSE
aae,3,васена,aea,3,3,1,3,116,497,1,FALSE
aae,3,вассасен,aae,3,3,1,3,116,497,1,FALSE
aae,3,ачамсем,aae,3,3,1,3,116,497,1,FALSE
aae,3,экранра,eaa,3,3,1,3,116,497,1,FALSE
aae,3,талантне,aae,2,3,1,3,116,497,1,FALSE
aae,3,салтаксен,aae,2,3,1,3,116,497,1,FALSE
aae,3,пакшасем,aae,2,3,1,3,116,497,1,FALSE
aae,3,ҫатрасем,aae,2,3,1,3,116,497,1,FALSE
aae,3,канашне,aae,2,3,1,3,116,497,1,FALSE
aae,3,пахчасем,aae,2,3,1,3,116,497,1,FALSE
aae,3,калакне,aae,2,3,1,3,116,497,1,FALSE
aae,3,светланка,eaa,2,3,1,3,116,497,1,FALSE
aae,3,стаканне,aae,2,3,1,3,116,497,1,FALSE
aae,3,калавне,aae,2,3,1,3,116,497,1,FALSE
aae,3,аласем,aae,2,3,1,3,116,497,1,FALSE
aae,3,калашле,aae,2,3,1,3,116,497,1,FALSE
aae,3,хаҫатне,aae,2,3,1,3,116,497,1,FALSE
aae,3,театртан,eaa,2,3,1,3,116,497,1,FALSE
aae,3,аякне,aae,2,3,1,3,116,497,1,FALSE
aae,3,аппасем,aae,2,3,1,3,116,497,1,FALSE
aae,3,статьясем,aae,2,3,1,3,116,497,1,FALSE
aae,3,тапакне,aae,2,3,1,3,116,497,1,FALSE
aae,3,калавсем,aae,2,3,1,3,116,497,1,FALSE
aae,3,хаҫатсем,aae,2,3,1,3,116,497,1,FALSE
aae,3,свечарах,eaa,1,3,1,3,116,497,1,FALSE
aae,3,рената,eaa,1,3,1,3,116,497,1,FALSE
aae,3,ахальрен,aae,1,3,1,3,116,497,1,FALSE
aae,3,краватьне,aae,1,3,1,3,116,497,1,FALSE
aae,3,каштасем,aae,1,3,1,3,116,497,1,FALSE
aae,3,раманех,aae,1,3,1,3,116,497,1,FALSE
aae,3,таврашех,aae,1,3,1,3,116,497,1,FALSE
aae,3,чаракне,aae,1,3,1,3,116,497,1,FALSE
aae,3,арманне,aae,1,3,1,3,116,497,1,FALSE
aae,3,автансен,aae,1,3,1,3,116,497,1,FALSE
aae,3,свечана,eaa,1,3,1,3,116,497,1,FALSE
aae,3,партнертан,aea,1,3,1,3,116,497,1,FALSE
aae,3,матрасне,aae,1,3,1,3,116,497,1,FALSE
aae,3,ҫаврасем,aae,1,3,1,3,116,497,1,FALSE
aae,3,пакета,aea,1,3,1,3,116,497,1,FALSE
aae,3,валерьян,aea,1,3,1,3,116,497,1,FALSE
aae,3,пахчасен,aae,1,3,1,3,116,497,1,FALSE
aae,3,чаратех,aae,1,3,1,3,116,497,1,FALSE
aae,3,лармаҫҫех,aae,1,3,1,3,116,497,1,FALSE
aae,3,такамсем,aae,1,3,1,3,116,497,1,FALSE
aae,3,шпанасем,aae,1,3,1,3,116,497,1,FALSE
aae,3,карапсем,aae,1,3,1,3,116,497,1,FALSE
aae,3,ҫтаппансен,aae,1,3,1,3,116,497,1,FALSE
aae,3,патшасем,aae,1,3,1,3,116,497,1,FALSE
aae,3,самантне,aae,1,3,1,3,116,497,1,FALSE
aae,3,матвейран,aea,1,3,1,3,116,497,1,FALSE
aae,3,масарне,aae,1,3,1,3,116,497,1,FALSE
aae,3,планета,aea,1,3,1,3,116,497,1,FALSE
aae,3,матрешка,aea,1,3,1,3,116,497,1,FALSE
aae,3,партера,aea,1,3,1,3,116,497,1,FALSE
aae,3,хайлавне,aae,1,3,1,3,116,497,1,FALSE
aae,3,хавалне,aae,1,3,1,3,116,497,1,FALSE
aae,3,халалне,aae,1,3,1,3,116,497,1,FALSE
aae,3,апатчен,aae,1,3,1,3,116,497,1,FALSE
aae,3,капансем,aae,1,3,1,3,116,497,1,FALSE
aae,3,тасаскер,aae,1,3,1,3,116,497,1,FALSE
aae,3,мастерпа,aea,1,3,1,3,116,497,1,FALSE
aae,3,стакансем,aae,1,3,1,3,116,497,1,FALSE
aae,3,айвансем,aae,1,3,1,3,116,497,1,FALSE
aae,3,анасен,aae,1,3,1,3,116,497,1,FALSE
aae,3,этапра,eaa,1,3,1,3,116,497,1,FALSE
aae,3,патшасен,aae,1,3,1,3,116,497,1,FALSE
aae,3,театра,eaa,1,3,1,3,116,497,1,FALSE
aae,3,шалашне,aae,1,3,1,3,116,497,1,FALSE
aae,3,стенана,eaa,1,3,1,3,116,497,1,FALSE
aae,3,яшенька,aea,1,3,1,3,116,497,1,FALSE
aae,3,стенара,eaa,1,3,1,3,116,497,1,FALSE
aae,3,камсем-ха,aea,1,3,1,3,116,497,1,FALSE
aae,3,реклама,eaa,1,3,1,3,116,497,1,FALSE
aae,3,канавсен,aae,1,3,1,3,116,497,1,FALSE
aae,3,калтасен,aae,1,3,1,3,116,497,1,FALSE
aae,3,лапамсем,aae,1,3,1,3,116,497,1,FALSE
aae,3,ҫтаппансем,aae,1,3,1,3,116,497,1,FALSE
aae,3,маяксем,aae,1,3,1,3,116,497,1,FALSE
aae,3,асапне,aae,1,3,1,3,116,497,1,FALSE
aae,3,лапамне,aae,1,3,1,3,116,497,1,FALSE
aae,3,таварне,aae,1,3,1,3,116,497,1,FALSE
aae,3,хапхасем,aae,1,3,1,3,116,497,1,FALSE
aae,3,хасарсем,aae,1,3,1,3,116,497,1,FALSE
aae,3,актера,aea,1,3,1,3,116,497,1,FALSE
aiu,3,юлашки,uai,101,3,1,5,134,464,1,FALSE
aiu,3,ҫуллахи,uai,30,3,1,5,134,464,1,FALSE
aiu,3,хулари,uai,23,3,1,5,134,464,1,FALSE
aiu,3,укахви,uai,16,3,1,5,134,464,1,FALSE
aiu,3,пуласси,uai,13,3,1,5,134,464,1,FALSE
aiu,3,минутран,iua,12,3,1,5,134,464,1,FALSE
aiu,3,микулан,iua,9,3,1,5,134,464,1,FALSE
aiu,3,турнирта,uia,8,3,1,5,134,464,1,FALSE
aiu,3,мускаври,uai,8,3,1,5,134,464,1,FALSE
aiu,3,тумалли,uai,6,3,1,5,134,464,1,FALSE
aiu,3,ҫухални,uai,6,3,1,5,134,464,1,FALSE
aiu,3,туратти,uai,6,3,1,5,134,464,1,FALSE
aiu,3,урапи,uai,6,3,1,5,134,464,1,FALSE
aiu,3,минутрах,iua,5,3,1,5,134,464,1,FALSE
aiu,3,кукаҫи,uai,5,3,1,5,134,464,1,FALSE
aiu,3,юратни,uai,5,3,1,5,134,464,1,FALSE
aiu,3,ҫурални,uai,5,3,1,5,134,464,1,FALSE
aiu,3,шуркасси,uai,5,3,1,5,134,464,1,FALSE
aiu,3,кил-ҫурта,iua,4,3,1,5,134,464,1,FALSE
aiu,3,ҫулмалли,uai,4,3,1,5,134,464,1,FALSE
aiu,3,урамри,uai,4,3,1,5,134,464,1,FALSE
aiu,3,юсасси,uai,4,3,1,5,134,464,1,FALSE
aiu,3,курайми,uai,4,3,1,5,134,464,1,FALSE
aiu,3,тухасси,uai,4,3,1,5,134,464,1,FALSE
aiu,3,хусанти,uai,4,3,1,5,134,464,1,FALSE
aiu,3,сумалли,uai,4,3,1,5,134,464,1,FALSE
aiu,3,сухалли,uai,4,3,1,5,134,464,1,FALSE
aiu,3,пулманни,uai,4,3,1,5,134,464,1,FALSE
aiu,3,урати,uai,4,3,1,5,134,464,1,FALSE
aiu,3,ҫураки,uai,3,3,1,5,134,464,1,FALSE
aiu,3,усрасси,uai,3,3,1,5,134,464,1,FALSE
aiu,3,тупасси,uai,3,3,1,5,134,464,1,FALSE
aiu,3,турнира,uia,3,3,1,5,134,464,1,FALSE
aiu,3,юлия,uia,3,3,1,5,134,464,1,FALSE
aiu,3,лукича,uia,3,3,1,5,134,464,1,FALSE
aiu,3,ҫимуна,iua,3,3,1,5,134,464,1,FALSE
aiu,3,микула,iua,3,3,1,5,134,464,1,FALSE
aiu,3,тутарни,uai,3,3,1,5,134,464,1,FALSE
aiu,3,хуралҫи,uai,3,3,1,5,134,464,1,FALSE
aiu,3,сухари,uai,3,3,1,5,134,464,1,FALSE
aiu,3,ураскильт,uai,3,3,1,5,134,464,1,FALSE
aiu,3,ухмаххи,uai,3,3,1,5,134,464,1,FALSE
aiu,3,тупмалли,uai,2,3,1,5,134,464,1,FALSE
aiu,3,улани,uai,2,3,1,5,134,464,1,FALSE
aiu,3,сухати,uai,2,3,1,5,134,464,1,FALSE
aiu,3,шутлани,uai,2,3,1,5,134,464,1,FALSE
aiu,3,ҫухрашни,uai,2,3,1,5,134,464,1,FALSE
aiu,3,маттурри,aui,2,3,1,5,134,464,1,FALSE
aiu,3,арҫури,aui,2,3,1,5,134,464,1,FALSE
aiu,3,хутаҫҫи,uai,2,3,1,5,134,464,1,FALSE
aiu,3,купарчи,uai,2,3,1,5,134,464,1,FALSE
aiu,3,ҫуратни,uai,2,3,1,5,134,464,1,FALSE
aiu,3,тункати,uai,2,3,1,5,134,464,1,FALSE
aiu,3,шушина,uia,2,3,1,5,134,464,1,FALSE
aiu,3,ултавли,uai,2,3,1,5,134,464,1,FALSE
aiu,3,утайми,uai,2,3,1,5,134,464,1,FALSE
aiu,3,курасси,uai,2,3,1,5,134,464,1,FALSE
aiu,3,уҫланки,uai,2,3,1,5,134,464,1,FALSE
aiu,3,чупасси,uai,2,3,1,5,134,464,1,FALSE
aiu,3,усалли,uai,2,3,1,5,134,464,1,FALSE
aiu,3,туслика,uia,2,3,1,5,134,464,1,FALSE
aiu,3,трусиха,uia,2,3,1,5,134,464,1,FALSE
aiu,3,усрани,uai,1,3,1,5,134,464,1,FALSE
aiu,3,юристла,uia,1,3,1,5,134,464,1,FALSE
aiu,3,тултарни,uai,1,3,1,5,134,464,1,FALSE
aiu,3,чухлайми,uai,1,3,1,5,134,464,1,FALSE
aiu,3,ҫумалли,uai,1,3,1,5,134,464,1,FALSE
aiu,3,минутра,iua,1,3,1,5,134,464,1,FALSE
aiu,3,хуман-ши,uai,1,3,1,5,134,464,1,FALSE
aiu,3,пушарти,uai,1,3,1,5,134,464,1,FALSE
aiu,3,ивану,iau,1,3,1,5,134,464,1,FALSE
aiu,3,туртас-ши,uai,1,3,1,5,134,464,1,FALSE
aiu,3,панулми,aui,1,3,1,5,134,464,1,FALSE
aiu,3,лупашки,uai,1,3,1,5,134,464,1,FALSE
aiu,3,пуясси,uai,1,3,1,5,134,464,1,FALSE
aiu,3,ҫунатти,uai,1,3,1,5,134,464,1,FALSE
aiu,3,упанни,uai,1,3,1,5,134,464,1,FALSE
aiu,3,улисса,uia,1,3,1,5,134,464,1,FALSE
aiu,3,ҫутатни,uai,1,3,1,5,134,464,1,FALSE
aiu,3,саккунри,aui,1,3,1,5,134,464,1,FALSE
aiu,3,хупанҫи,uai,1,3,1,5,134,464,1,FALSE
aiu,3,хускалми,uai,1,3,1,5,134,464,1,FALSE
aiu,3,утмалли,uai,1,3,1,5,134,464,1,FALSE
aiu,3,ҫимунпа,iua,1,3,1,5,134,464,1,FALSE
aiu,3,алтути,aui,1,3,1,5,134,464,1,FALSE
aiu,3,хурасси,uai,1,3,1,5,134,464,1,FALSE
aiu,3,чупмалли,uai,1,3,1,5,134,464,1,FALSE
aiu,3,сутмалли,uai,1,3,1,5,134,464,1,FALSE
aiu,3,юласси,uai,1,3,1,5,134,464,1,FALSE
aiu,3,туртайми,uai,1,3,1,5,134,464,1,FALSE
aiu,3,чупман-ши,uai,1,3,1,5,134,464,1,FALSE
aiu,3,ҫунашки,uai,1,3,1,5,134,464,1,FALSE
aiu,3,хумалли,uai,1,3,1,5,134,464,1,FALSE
aiu,3,хупмалли,uai,1,3,1,5,134,464,1,FALSE
aiu,3,курманни,uai,1,3,1,5,134,464,1,FALSE
aiu,3,прихутра,iua,1,3,1,5,134,464,1,FALSE
aiu,3,юрлани,uai,1,3,1,5,134,464,1,FALSE
aiu,3,ҫинахвун,iau,1,3,1,5,134,464,1,FALSE
aiu,3,муклашки,uai,1,3,1,5,134,464,1,FALSE
aiu,3,мухтанни,uai,1,3,1,5,134,464,1,FALSE
aiu,3,утасси,uai,1,3,1,5,134,464,1,FALSE
aiu,3,ҫуйхашни,uai,1,3,1,5,134,464,1,FALSE
aiu,3,хурлани,uai,1,3,1,5,134,464,1,FALSE
aiu,3,пуҫарни,uai,1,3,1,5,134,464,1,FALSE
aiu,3,иркутска,iua,1,3,1,5,134,464,1,FALSE
aiu,3,мулкачи,uai,1,3,1,5,134,464,1,FALSE
aiu,3,туталли,uai,1,3,1,5,134,464,1,FALSE
aiu,3,мунчари,uai,1,3,1,5,134,464,1,FALSE
aiu,3,уралти,uai,1,3,1,5,134,464,1,FALSE
aiu,3,пуҫҫапни,uai,1,3,1,5,134,464,1,FALSE
aiu,3,утарти,uai,1,3,1,5,134,464,1,FALSE
aiu,3,прихутран,iua,1,3,1,5,134,464,1,FALSE
aiu,3,пуҫланни,uai,1,3,1,5,134,464,1,FALSE
aiu,3,шпунтика,uia,1,3,1,5,134,464,1,FALSE
aiu,3,уҫмалли,uai,1,3,1,5,134,464,1,FALSE
aiu,3,куркари,uai,1,3,1,5,134,464,1,FALSE
aiu,3,минута,iua,1,3,1,5,134,464,1,FALSE
aiu,3,минутпа,iua,1,3,1,5,134,464,1,FALSE
aiu,3,тукмакки,uai,1,3,1,5,134,464,1,FALSE
aiu,3,тимуша,iua,1,3,1,5,134,464,1,FALSE
aiu,3,уҫасси,uai,1,3,1,5,134,464,1,FALSE
aiu,3,уяври,uai,1,3,1,5,134,464,1,FALSE
aiu,3,юмаххи,uai,1,3,1,5,134,464,1,FALSE
aiu,3,хумханни,uai,1,3,1,5,134,464,1,FALSE
aiu,3,микулай,iua,1,3,1,5,134,464,1,FALSE
aiu,3,ҫумласси,uai,1,3,1,5,134,464,1,FALSE
aiu,3,туристран,uia,1,3,1,5,134,464,1,FALSE
aiu,3,шутласси,uai,1,3,1,5,134,464,1,FALSE
aiu,3,куҫхарши,uai,1,3,1,5,134,464,1,FALSE
aiu,3,куҫасси,uai,1,3,1,5,134,464,1,FALSE
aiu,3,туслашни,uai,1,3,1,5,134,464,1,FALSE
aiu,3,пусмалли,uai,1,3,1,5,134,464,1,FALSE
aiu,3,пукани,uai,1,3,1,5,134,464,1,FALSE
aiu,3,пуҫтарсси,uai,1,3,1,5,134,464,1,FALSE
øʉ,2,ыйтрӗ,ʉø,129,,,2,31,437,1,FALSE
øʉ,2,пычӗ,ʉø,73,,,2,31,437,1,FALSE
øʉ,2,тытрӗ,ʉø,73,,,2,31,437,1,FALSE
øʉ,2,выртрӗ,ʉø,26,,,2,31,437,1,FALSE
øʉ,2,ҫӗршыв,øʉ,22,,,2,31,437,1,FALSE
øʉ,2,пычӗҫ,ʉø,13,,,2,31,437,1,FALSE
øʉ,2,пырӗ,ʉø,10,,,2,31,437,1,FALSE
øʉ,2,йышӗ,ʉø,10,,,2,31,437,1,FALSE
øʉ,2,тытрӗҫ,ʉø,10,,,2,31,437,1,FALSE
øʉ,2,пырӗҫ,ʉø,9,,,2,31,437,1,FALSE
øʉ,2,выртрӗҫ,ʉø,7,,,2,31,437,1,FALSE
øʉ,2,ҫырчӗ,ʉø,7,,,2,31,437,1,FALSE
øʉ,2,шывӗ,ʉø,6,,,2,31,437,1,FALSE
øʉ,2,хыврӗ,ʉø,5,,,2,31,437,1,FALSE
øʉ,2,тытӗҫ,ʉø,4,,,2,31,437,1,FALSE
øʉ,2,хыҫӗ,ʉø,4,,,2,31,437,1,FALSE
øʉ,2,выртӗ,ʉø,4,,,2,31,437,1,FALSE
øʉ,2,ҫыхрӗ,ʉø,4,,,2,31,437,1,FALSE
øʉ,2,ыйтрӗҫ,ʉø,4,,,2,31,437,1,FALSE
øʉ,2,тытӗ,ʉø,3,,,2,31,437,1,FALSE
øʉ,2,ҫыртрӗ,ʉø,3,,,2,31,437,1,FALSE
øʉ,2,ҫырчӗҫ,ʉø,2,,,2,31,437,1,FALSE
øʉ,2,вырчӗҫ,ʉø,1,,,2,31,437,1,FALSE
øʉ,2,чышрӗ,ʉø,1,,,2,31,437,1,FALSE
øʉ,2,сырчӗ,ʉø,1,,,2,31,437,1,FALSE
øʉ,2,хырчӗ,ʉø,1,,,2,31,437,1,FALSE
øʉ,2,чысӗ,ʉø,1,,,2,31,437,1,FALSE
øʉ,2,хыҫрӗ,ʉø,1,,,2,31,437,1,FALSE
øʉ,2,хыврӗҫ,ʉø,1,,,2,31,437,1,FALSE
øʉ,2,тытмӗҫ,ʉø,1,,,2,31,437,1,FALSE
øʉ,2,пылӗ,ʉø,1,,,2,31,437,1,FALSE
eey,3,ҫӳреме,yee,68,3,1,2,92,424,1,FALSE
eey,3,чӳрече,yee,47,3,1,2,92,424,1,FALSE
eey,3,ҫӳлелле,yee,37,3,1,2,92,424,1,FALSE
eey,3,ҫӳрекен,yee,28,3,1,2,92,424,1,FALSE
eey,3,тӳпере,yee,25,3,1,2,92,424,1,FALSE
eey,3,ҫӳлерех,yee,14,3,1,2,92,424,1,FALSE
eey,3,ӳкерсе,yee,11,3,1,2,92,424,1,FALSE
eey,3,ҫӳремен,yee,10,3,1,2,92,424,1,FALSE
eey,3,ҫӳресе,yee,10,3,1,2,92,424,1,FALSE
eey,3,ӳсекен,yee,10,3,1,2,92,424,1,FALSE
eey,3,шӳтлесе,yee,8,3,1,2,92,424,1,FALSE
eey,3,тӳпене,yee,8,3,1,2,92,424,1,FALSE
eey,3,кӳрекен,yee,7,3,1,2,92,424,1,FALSE
eey,3,тӳлесе,yee,6,3,1,2,92,424,1,FALSE
eey,3,пӳрнепе,yee,6,3,1,2,92,424,1,FALSE
eey,3,ҫӳреве,yee,6,3,1,2,92,424,1,FALSE
eey,3,тӳрлетсе,yee,5,3,1,2,92,424,1,FALSE
eey,3,ӳстерсе,yee,4,3,1,2,92,424,1,FALSE
eey,3,тӳперен,yee,4,3,1,2,92,424,1,FALSE
eey,3,ӳкерме,yee,4,3,1,2,92,424,1,FALSE
eey,3,шӳтлеме,yee,4,3,1,2,92,424,1,FALSE
eey,3,тӳрлетес,yee,4,3,1,2,92,424,1,FALSE
eey,3,тӳрленсе,yee,4,3,1,2,92,424,1,FALSE
eey,3,ӳкерет,yee,4,3,1,2,92,424,1,FALSE
eey,3,пӳртелле,yee,3,3,1,2,92,424,1,FALSE
eey,3,чӳхенсе,yee,3,3,1,2,92,424,1,FALSE
eey,3,ӳкесрен,yee,3,3,1,2,92,424,1,FALSE
eey,3,ҫӳҫенсе,yee,2,3,1,2,92,424,1,FALSE
eey,3,ӳстерме,yee,2,3,1,2,92,424,1,FALSE
eey,3,тӳнтерсе,yee,2,3,1,2,92,424,1,FALSE
eey,3,кӳренмен,yee,2,3,1,2,92,424,1,FALSE
eey,3,тӳлеме,yee,2,3,1,2,92,424,1,FALSE
eey,3,сӳнтерет,yee,2,3,1,2,92,424,1,FALSE
eey,3,сӳнтерме,yee,2,3,1,2,92,424,1,FALSE
eey,3,ҫӳресех,yee,2,3,1,2,92,424,1,FALSE
eey,3,тӳресем,yee,2,3,1,2,92,424,1,FALSE
eey,3,ҫӳремест,yee,2,3,1,2,92,424,1,FALSE
eey,3,ӳркенмен,yee,2,3,1,2,92,424,1,FALSE
eey,3,ҫӳрессе,yee,2,3,1,2,92,424,1,FALSE
eey,3,кӳренсе,yee,2,3,1,2,92,424,1,FALSE
eey,3,ӳкекен,yee,2,3,1,2,92,424,1,FALSE
eey,3,ӳстерет,yee,2,3,1,2,92,424,1,FALSE
eey,3,тӳрлетме,yee,2,3,1,2,92,424,1,FALSE
eey,3,ӳстермен,yee,1,3,1,2,92,424,1,FALSE
eey,3,кӳренет,yee,1,3,1,2,92,424,1,FALSE
eey,3,кӳресрен,yee,1,3,1,2,92,424,1,FALSE
eey,3,тӳрлетет,yee,1,3,1,2,92,424,1,FALSE
eey,3,сӳресен,yee,1,3,1,2,92,424,1,FALSE
eey,3,нӳрелсе,yee,1,3,1,2,92,424,1,FALSE
eey,3,пӳрнене,yee,1,3,1,2,92,424,1,FALSE
eey,3,ҫӳхетме,yee,1,3,1,2,92,424,1,FALSE
eey,3,ӳркенсе,yee,1,3,1,2,92,424,1,FALSE
eey,3,чӳхесе,yee,1,3,1,2,92,424,1,FALSE
eey,3,шӳтлемест,yee,1,3,1,2,92,424,1,FALSE
eey,3,тӳсеймест,yee,1,3,1,2,92,424,1,FALSE
eey,3,ӳпресем,yee,1,3,1,2,92,424,1,FALSE
eey,3,чӳречен,yee,1,3,1,2,92,424,1,FALSE
eey,3,кӳкеҫрен,yee,1,3,1,2,92,424,1,FALSE
eey,3,ӳхлетет,yee,1,3,1,2,92,424,1,FALSE
eey,3,тӳпемрех,yee,1,3,1,2,92,424,1,FALSE
eey,3,кӳкеҫре,yee,1,3,1,2,92,424,1,FALSE
eey,3,ҫӳресен,yee,1,3,1,2,92,424,1,FALSE
eey,3,кӳренмест,yee,1,3,1,2,92,424,1,FALSE
eey,3,тӳлемест,yee,1,3,1,2,92,424,1,FALSE
eey,3,пӳрнесем,yee,1,3,1,2,92,424,1,FALSE
eey,3,ӳлеме,yee,1,3,1,2,92,424,1,FALSE
eey,3,кӳлмекре,yee,1,3,1,2,92,424,1,FALSE
eey,3,ҫӳлерен,yee,1,3,1,2,92,424,1,FALSE
eey,3,кӳреймен,yee,1,3,1,2,92,424,1,FALSE
eey,3,эрехӳ,eey,1,3,1,2,92,424,1,FALSE
eey,3,тӳресен,yee,1,3,1,2,92,424,1,FALSE
eey,3,тӳрлетсен,yee,1,3,1,2,92,424,1,FALSE
eey,3,хӳмене,yee,1,3,1,2,92,424,1,FALSE
eey,3,ӳнерне,yee,1,3,1,2,92,424,1,FALSE
eey,3,ҫӳревре,yee,1,3,1,2,92,424,1,FALSE
eey,3,сӳнтерсе,yee,1,3,1,2,92,424,1,FALSE
eey,3,телейӳ,eey,1,3,1,2,92,424,1,FALSE
eey,3,ӳкмесен,yee,1,3,1,2,92,424,1,FALSE
eey,3,кӳлленсе,yee,1,3,1,2,92,424,1,FALSE
eey,3,хӳттелле,yee,1,3,1,2,92,424,1,FALSE
eey,3,ӳплесем,yee,1,3,1,2,92,424,1,FALSE
eey,3,пӳлмере,yee,1,3,1,2,92,424,1,FALSE
eey,3,ҫӳревпе,yee,1,3,1,2,92,424,1,FALSE
eey,3,чӳлмекне,yee,1,3,1,2,92,424,1,FALSE
eey,3,ҫӳретсен,yee,1,3,1,2,92,424,1,FALSE
eey,3,тӳнтерме,yee,1,3,1,2,92,424,1,FALSE
eey,3,ҫӳреймен,yee,1,3,1,2,92,424,1,FALSE
eey,3,сӳлетет,yee,1,3,1,2,92,424,1,FALSE
eey,3,ҫӳхелсе,yee,1,3,1,2,92,424,1,FALSE
eey,3,ӳнерпе,yee,1,3,1,2,92,424,1,FALSE
eey,3,чӳхеме,yee,1,3,1,2,92,424,1,FALSE
eey,3,ӳпкелес,yee,1,3,1,2,92,424,1,FALSE
aaau,4,шупашкарта,uaaa,49,4,1,4,135,397,1,FALSE
aaau,4,юратакан,uaaa,18,4,1,4,135,397,1,FALSE
aaau,4,сухаласа,uaaa,15,4,1,4,135,397,1,FALSE
aaau,4,юнашарах,uaaa,14,4,1,4,135,397,1,FALSE
aaau,4,канашлура,aaua,13,4,1,4,135,397,1,FALSE
aaau,4,шупашкартан,uaaa,13,4,1,4,135,397,1,FALSE
aaau,4,шупашкара,uaaa,11,4,1,4,135,397,1,FALSE
aaau,4,урамалла,uaaa,9,4,1,4,135,397,1,FALSE
aaau,4,аталану,aaau,7,4,1,4,135,397,1,FALSE
aaau,4,улталаса,uaaa,6,4,1,4,135,397,1,FALSE
aaau,4,пултаракан,uaaa,6,4,1,4,135,397,1,FALSE
aaau,4,сайра-хутра,aaua,6,4,1,4,135,397,1,FALSE
aaau,4,упрамалла,uaaa,6,4,1,4,135,397,1,FALSE
aaau,4,тутарстанра,uaaa,6,4,1,4,135,397,1,FALSE
aaau,4,шайлашура,aaua,6,4,1,4,135,397,1,FALSE
aaau,4,турткаланса,uaaa,6,4,1,4,135,397,1,FALSE
aaau,4,сухалама,uaaa,5,4,1,4,135,397,1,FALSE
aaau,4,кулкаласа,uaaa,5,4,1,4,135,397,1,FALSE
aaau,4,куракана,uaaa,4,4,1,4,135,397,1,FALSE
aaau,4,уксахласа,uaaa,4,4,1,4,135,397,1,FALSE
aaau,4,уткаласа,uaaa,4,4,1,4,135,397,1,FALSE
aaau,4,суранланман,uaaa,4,4,1,4,135,397,1,FALSE
aaau,4,усрамалла,uaaa,4,4,1,4,135,397,1,FALSE
aaau,4,уртаракан,uaaa,4,4,1,4,135,397,1,FALSE
aaau,4,улталакан,uaaa,4,4,1,4,135,397,1,FALSE
aaau,4,упранакан,uaaa,4,4,1,4,135,397,1,FALSE
aaau,4,турттаракан,uaaa,4,4,1,4,135,397,1,FALSE
aaau,4,хураллама,uaaa,3,4,1,4,135,397,1,FALSE
aaau,4,тусанланса,uaaa,3,4,1,4,135,397,1,FALSE
aaau,4,тункатана,uaaa,3,4,1,4,135,397,1,FALSE
aaau,4,урапапа,uaaa,3,4,1,4,135,397,1,FALSE
aaau,4,улталама,uaaa,3,4,1,4,135,397,1,FALSE
aaau,4,сулахайра,uaaa,3,4,1,4,135,397,1,FALSE
aaau,4,уҫкаласа,uaaa,3,4,1,4,135,397,1,FALSE
aaau,4,сулкаласа,uaaa,3,4,1,4,135,397,1,FALSE
aaau,4,нумайранпа,uaaa,3,4,1,4,135,397,1,FALSE
aaau,4,пултарайман,uaaa,3,4,1,4,135,397,1,FALSE
aaau,4,турткаласа,uaaa,3,4,1,4,135,397,1,FALSE
aaau,4,нушаланса,uaaa,3,4,1,4,135,397,1,FALSE
aaau,4,шуратмалла,uaaa,3,4,1,4,135,397,1,FALSE
aaau,4,ҫуралсанах,uaaa,3,4,1,4,135,397,1,FALSE
aaau,4,хурамаран,uaaa,3,4,1,4,135,397,1,FALSE
aaau,4,уявлама,uaaa,2,4,1,4,135,397,1,FALSE
aaau,4,сухалакан,uaaa,2,4,1,4,135,397,1,FALSE
aaau,4,мухтамалла,uaaa,2,4,1,4,135,397,1,FALSE
aaau,4,купаласа,uaaa,2,4,1,4,135,397,1,FALSE
aaau,4,ҫулларанпа,uaaa,2,4,1,4,135,397,1,FALSE
aaau,4,ҫутатакан,uaaa,2,4,1,4,135,397,1,FALSE
aaau,4,тункатаран,uaaa,2,4,1,4,135,397,1,FALSE
aaau,4,суранланса,uaaa,2,4,1,4,135,397,1,FALSE
aaau,4,юрамалла,uaaa,2,4,1,4,135,397,1,FALSE
aaau,4,ҫухалсанах,uaaa,2,4,1,4,135,397,1,FALSE
aaau,4,сухаламан,uaaa,2,4,1,4,135,397,1,FALSE
aaau,4,тукаласа,uaaa,2,4,1,4,135,397,1,FALSE
aaau,4,ҫунашкапа,uaaa,2,4,1,4,135,397,1,FALSE
aaau,4,хушамата,uaaa,2,4,1,4,135,397,1,FALSE
aaau,4,лутакарах,uaaa,2,4,1,4,135,397,1,FALSE
aaau,4,пускаласа,uaaa,2,4,1,4,135,397,1,FALSE
aaau,4,купаланса,uaaa,2,4,1,4,135,397,1,FALSE
aaau,4,хурламалла,uaaa,2,4,1,4,135,397,1,FALSE
aaau,4,юсамалла,uaaa,2,4,1,4,135,397,1,FALSE
aaau,4,турткалашман,uaaa,2,4,1,4,135,397,1,FALSE
aaau,4,урапана,uaaa,2,4,1,4,135,397,1,FALSE
aaau,4,ҫураласран,uaaa,2,4,1,4,135,397,1,FALSE
aaau,4,ҫуратасса,uaaa,1,4,1,4,135,397,1,FALSE
aaau,4,сулкалама,uaaa,1,4,1,4,135,397,1,FALSE
aaau,4,пултараймасть,uaaa,1,4,1,4,135,397,1,FALSE
aaau,4,ҫухрашакан,uaaa,1,4,1,4,135,397,1,FALSE
aaau,4,хуралласа,uaaa,1,4,1,4,135,397,1,FALSE
aaau,4,хуҫмалла-ха,uaaa,1,4,1,4,135,397,1,FALSE
aaau,4,ҫуркаланса,uaaa,1,4,1,4,135,397,1,FALSE
aaau,4,макарушка,aaua,1,4,1,4,135,397,1,FALSE
aaau,4,пусахласан,uaaa,1,4,1,4,135,397,1,FALSE
aaau,4,хуҫланакан,uaaa,1,4,1,4,135,397,1,FALSE
aaau,4,салхуланса,auaa,1,4,1,4,135,397,1,FALSE
aaau,4,хушаматпа,uaaa,1,4,1,4,135,397,1,FALSE
aaau,4,ҫуратсанах,uaaa,1,4,1,4,135,397,1,FALSE
aaau,4,пушанайман,uaaa,1,4,1,4,135,397,1,FALSE
aaau,4,утлантарса,uaaa,1,4,1,4,135,397,1,FALSE
aaau,4,муталанса,uaaa,1,4,1,4,135,397,1,FALSE
aaau,4,турткалама,uaaa,1,4,1,4,135,397,1,FALSE
aaau,4,шуранкарах,uaaa,1,4,1,4,135,397,1,FALSE
aaau,4,хуҫаланать,uaaa,1,4,1,4,135,397,1,FALSE
aaau,4,пуҫлансанах,uaaa,1,4,1,4,135,397,1,FALSE
aaau,4,тутарстанран,uaaa,1,4,1,4,135,397,1,FALSE
aaau,4,юсакалать,uaaa,1,4,1,4,135,397,1,FALSE
aaau,4,вуламан-ха,uaaa,1,4,1,4,135,397,1,FALSE
aaau,4,кукамайпа,uaaa,1,4,1,4,135,397,1,FALSE
aaau,4,улатакка,uaaa,1,4,1,4,135,397,1,FALSE
aaau,4,ҫуратмалла,uaaa,1,4,1,4,135,397,1,FALSE
aaau,4,уксахлакан,uaaa,1,4,1,4,135,397,1,FALSE
aaau,4,урапаран,uaaa,1,4,1,4,135,397,1,FALSE
aaau,4,ҫухатакан,uaaa,1,4,1,4,135,397,1,FALSE
aaau,4,курайман-ха,uaaa,1,4,1,4,135,397,1,FALSE
aaau,4,хумхантарса,uaaa,1,4,1,4,135,397,1,FALSE
aaau,4,сухалланса,uaaa,1,4,1,4,135,397,1,FALSE
aaau,4,апатлану,aaau,1,4,1,4,135,397,1,FALSE
aaau,4,хуравлама,uaaa,1,4,1,4,135,397,1,FALSE
aaau,4,пуҫтахланса,uaaa,1,4,1,4,135,397,1,FALSE
aaau,4,пулмасанах,uaaa,1,4,1,4,135,397,1,FALSE
aaau,4,аслаҫуна,aaua,1,4,1,4,135,397,1,FALSE
aaau,4,ҫавраҫула,aaua,1,4,1,4,135,397,1,FALSE
aaau,4,тумлантарса,uaaa,1,4,1,4,135,397,1,FALSE
aaau,4,мухтанмалла,uaaa,1,4,1,4,135,397,1,FALSE
aaau,4,тавлашура,aaua,1,4,1,4,135,397,1,FALSE
aaau,4,мускавалла,uaaa,1,4,1,4,135,397,1,FALSE
aaau,4,хускалмасан,uaaa,1,4,1,4,135,397,1,FALSE
aaau,4,усалланса,uaaa,1,4,1,4,135,397,1,FALSE
aaau,4,пулкаласа,uaaa,1,4,1,4,135,397,1,FALSE
aaau,4,шутламан-ха,uaaa,1,4,1,4,135,397,1,FALSE
aaau,4,ҫуталакан,uaaa,1,4,1,4,135,397,1,FALSE
aaau,4,ҫаруранах,auaa,1,4,1,4,135,397,1,FALSE
aaau,4,пухайман-ха,uaaa,1,4,1,4,135,397,1,FALSE
aaau,4,тумлантарать,uaaa,1,4,1,4,135,397,1,FALSE
aaau,4,уҫланкалла,uaaa,1,4,1,4,135,397,1,FALSE
aaau,4,нумайланать,uaaa,1,4,1,4,135,397,1,FALSE
aaau,4,пуянлансах,uaaa,1,4,1,4,135,397,1,FALSE
aaau,4,нушаланать,uaaa,1,4,1,4,135,397,1,FALSE
aaau,4,ухмахланма,uaaa,1,4,1,4,135,397,1,FALSE
aaau,4,кутамккаран,uaaa,1,4,1,4,135,397,1,FALSE
aaau,4,тумланасса,uaaa,1,4,1,4,135,397,1,FALSE
aaau,4,уҫкалама,uaaa,1,4,1,4,135,397,1,FALSE
aaau,4,калаҫуран,aaua,1,4,1,4,135,397,1,FALSE
aaau,4,ҫумламалла,uaaa,1,4,1,4,135,397,1,FALSE
aaau,4,сулахайран,uaaa,1,4,1,4,135,397,1,FALSE
aaau,4,ҫунтаракан,uaaa,1,4,1,4,135,397,1,FALSE
aaau,4,хускатакан,uaaa,1,4,1,4,135,397,1,FALSE
aaau,4,вуламалла,uaaa,1,4,1,4,135,397,1,FALSE
aaau,4,хуҫкаланса,uaaa,1,4,1,4,135,397,1,FALSE
aaau,4,суйлакана,uaaa,1,4,1,4,135,397,1,FALSE
aaau,4,туптакана,uaaa,1,4,1,4,135,397,1,FALSE
aaau,4,юратмалла,uaaa,1,4,1,4,135,397,1,FALSE
aaau,4,таманьтурхан,aaua,1,4,1,4,135,397,1,FALSE
aaau,4,хавхалану,aaau,1,4,1,4,135,397,1,FALSE
aaau,4,ҫуралама,uaaa,1,4,1,4,135,397,1,FALSE
aee,3,патнелле,aee,54,3,1,3,81,364,1,FALSE
aee,3,раҫҫейре,aee,31,3,1,3,81,364,1,FALSE
aee,3,арсентьев,aee,25,3,1,3,81,364,1,FALSE
aee,3,хваттере,aee,21,3,1,3,81,364,1,FALSE
aee,3,ялсенче,aee,16,3,1,3,81,364,1,FALSE
aee,3,алексей,aee,13,3,1,3,81,364,1,FALSE
aee,3,аттене,aee,12,3,1,3,81,364,1,FALSE
aee,3,хваттерне,aee,12,3,1,3,81,364,1,FALSE
aee,3,аттепе,aee,10,3,1,3,81,364,1,FALSE
aee,3,секретарь,eea,10,3,1,3,81,364,1,FALSE
aee,3,елена,eea,9,3,1,3,81,364,1,FALSE
aee,3,ялсене,aee,9,3,1,3,81,364,1,FALSE
aee,3,ҫавсене,aee,8,3,1,3,81,364,1,FALSE
aee,3,патнерех,aee,8,3,1,3,81,364,1,FALSE
aee,3,парнесем,aee,8,3,1,3,81,364,1,FALSE
aee,3,аннене,aee,6,3,1,3,81,364,1,FALSE
aee,3,каҫченех,aee,5,3,1,3,81,364,1,FALSE
aee,3,каҫсенче,aee,5,3,1,3,81,364,1,FALSE
aee,3,ялсенчен,aee,5,3,1,3,81,364,1,FALSE
aee,3,хваттерте,aee,5,3,1,3,81,364,1,FALSE
aee,3,ҫаксене,aee,4,3,1,3,81,364,1,FALSE
aee,3,хальтерех,aee,4,3,1,3,81,364,1,FALSE
aee,3,айнелле,aee,4,3,1,3,81,364,1,FALSE
aee,3,парнене,aee,3,3,1,3,81,364,1,FALSE
aee,3,аттесем,aee,3,3,1,3,81,364,1,FALSE
aee,3,танксемпе,aee,3,3,1,3,81,364,1,FALSE
aee,3,валеҫсе,aee,3,3,1,3,81,364,1,FALSE
aee,3,раҫҫее,aee,3,3,1,3,81,364,1,FALSE
aee,3,аннесем,aee,2,3,1,3,81,364,1,FALSE
aee,3,каҫсерен,aee,2,3,1,3,81,364,1,FALSE
aee,3,аннепе,aee,2,3,1,3,81,364,1,FALSE
aee,3,спектакльсем,eae,2,3,1,3,81,364,1,FALSE
aee,3,аннерен,aee,2,3,1,3,81,364,1,FALSE
aee,3,артемьев,aee,2,3,1,3,81,364,1,FALSE
aee,3,парнеле,aee,2,3,1,3,81,364,1,FALSE
aee,3,лейтенант,eea,2,3,1,3,81,364,1,FALSE
aee,3,хваттерпе,aee,2,3,1,3,81,364,1,FALSE
aee,3,парнелет,aee,2,3,1,3,81,364,1,FALSE
aee,3,танксене,aee,2,3,1,3,81,364,1,FALSE
aee,3,венера,eea,2,3,1,3,81,364,1,FALSE
aee,3,атьсене,aee,1,3,1,3,81,364,1,FALSE
aee,3,хваттерсем,aee,1,3,1,3,81,364,1,FALSE
aee,3,ҫарсене,aee,1,3,1,3,81,364,1,FALSE
aee,3,валеҫе,aee,1,3,1,3,81,364,1,FALSE
aee,3,валеҫес,aee,1,3,1,3,81,364,1,FALSE
aee,3,театрне,eae,1,3,1,3,81,364,1,FALSE
aee,3,майсене,aee,1,3,1,3,81,364,1,FALSE
aee,3,чаҫсене,aee,1,3,1,3,81,364,1,FALSE
aee,3,крансене,aee,1,3,1,3,81,364,1,FALSE
aee,3,врачсенчен,aee,1,3,1,3,81,364,1,FALSE
aee,3,лавсемпе,aee,1,3,1,3,81,364,1,FALSE
aee,3,ҫаксенчен,aee,1,3,1,3,81,364,1,FALSE
aee,3,семенпа,eea,1,3,1,3,81,364,1,FALSE
aee,3,кавлесе,aee,1,3,1,3,81,364,1,FALSE
aee,3,ҫавсемпе,aee,1,3,1,3,81,364,1,FALSE
aee,3,плансене,aee,1,3,1,3,81,364,1,FALSE
aee,3,патнеллех,aee,1,3,1,3,81,364,1,FALSE
aee,3,яшсене,aee,1,3,1,3,81,364,1,FALSE
aee,3,хваттертен,aee,1,3,1,3,81,364,1,FALSE
aee,3,тренерта,eea,1,3,1,3,81,364,1,FALSE
aee,3,ветеран,eea,1,3,1,3,81,364,1,FALSE
aee,3,спектакле,eae,1,3,1,3,81,364,1,FALSE
aee,3,хаксене,aee,1,3,1,3,81,364,1,FALSE
aee,3,планшетне,aee,1,3,1,3,81,364,1,FALSE
aee,3,парнесен,aee,1,3,1,3,81,364,1,FALSE
aee,3,ҫавсемех,aee,1,3,1,3,81,364,1,FALSE
aee,3,экрансем,eae,1,3,1,3,81,364,1,FALSE
aee,3,ялсемпе,aee,1,3,1,3,81,364,1,FALSE
aee,3,расчетсем,aee,1,3,1,3,81,364,1,FALSE
aee,3,клеверпа,eea,1,3,1,3,81,364,1,FALSE
aee,3,классенче,aee,1,3,1,3,81,364,1,FALSE
aee,3,алсенче,aee,1,3,1,3,81,364,1,FALSE
aee,3,черешня,eea,1,3,1,3,81,364,1,FALSE
aee,3,трелевка,eea,1,3,1,3,81,364,1,FALSE
aee,3,шпалерсем,aee,1,3,1,3,81,364,1,FALSE
aee,3,атлетсем,aee,1,3,1,3,81,364,1,FALSE
aee,3,тренерпа,eea,1,3,1,3,81,364,1,FALSE
aee,3,ялсемех,aee,1,3,1,3,81,364,1,FALSE
aee,3,камсенчен,aee,1,3,1,3,81,364,1,FALSE
aee,3,варсемпе,aee,1,3,1,3,81,364,1,FALSE
aee,3,сайтсене,aee,1,3,1,3,81,364,1,FALSE
eii,3,ҫитиччен,iie,23,3,1,3,109,319,1,FALSE
eii,3,ирхине,iie,21,3,1,3,109,319,1,FALSE
eii,3,килнине,iie,18,3,1,3,109,319,1,FALSE
eii,3,килнипе,iie,18,3,1,3,109,319,1,FALSE
eii,3,иртнине,iie,17,3,1,3,109,319,1,FALSE
eii,3,ҫитнине,iie,13,3,1,3,109,319,1,FALSE
eii,3,кирлине,iie,11,3,1,3,109,319,1,FALSE
eii,3,ҫитиех,iie,10,3,1,3,109,319,1,FALSE
eii,3,сиккипе,iie,9,3,1,3,109,319,1,FALSE
eii,3,ҫиллине,iie,8,3,1,3,109,319,1,FALSE
eii,3,инҫетри,iei,8,3,1,3,109,319,1,FALSE
eii,3,илмелли,iei,7,3,1,3,109,319,1,FALSE
eii,3,вилнине,iie,7,3,1,3,109,319,1,FALSE
eii,3,виллине,iie,6,3,1,3,109,319,1,FALSE
eii,3,илнине,iie,5,3,1,3,109,319,1,FALSE
eii,3,сирире,iie,5,3,1,3,109,319,1,FALSE
eii,3,витрине,iie,4,3,1,3,109,319,1,FALSE
eii,3,ҫитменни,iei,4,3,1,3,109,319,1,FALSE
eii,3,ирттерни,iei,4,3,1,3,109,319,1,FALSE
eii,3,ҫинине,iie,4,3,1,3,109,319,1,FALSE
eii,3,илесси,iei,3,3,1,3,109,319,1,FALSE
eii,3,техники,eii,3,3,1,3,109,319,1,FALSE
eii,3,химипе,iie,3,3,1,3,109,319,1,FALSE
eii,3,киввипе,iie,3,3,1,3,109,319,1,FALSE
eii,3,министрсен,iie,2,3,1,3,109,319,1,FALSE
eii,3,илнипе,iie,2,3,1,3,109,319,1,FALSE
eii,3,ҫитесси,iei,2,3,1,3,109,319,1,FALSE
eii,3,витинчен,iie,2,3,1,3,109,319,1,FALSE
eii,3,виҫине,iie,2,3,1,3,109,319,1,FALSE
eii,3,линие,iie,2,3,1,3,109,319,1,FALSE
eii,3,чирлисем,iie,2,3,1,3,109,319,1,FALSE
eii,3,вершинин,eii,2,3,1,3,109,319,1,FALSE
eii,3,ҫинчисем,iie,2,3,1,3,109,319,1,FALSE
eii,3,мимине,iie,2,3,1,3,109,319,1,FALSE
eii,3,витери,iei,2,3,1,3,109,319,1,FALSE
eii,3,витрери,iei,2,3,1,3,109,319,1,FALSE
eii,3,витине,iie,2,3,1,3,109,319,1,FALSE
eii,3,килесси,iei,2,3,1,3,109,319,1,FALSE
eii,3,килнисем,iie,2,3,1,3,109,319,1,FALSE
eii,3,кирлинчен,iie,2,3,1,3,109,319,1,FALSE
eii,3,миххине,iie,2,3,1,3,109,319,1,FALSE
eii,3,ҫиелти,iei,2,3,1,3,109,319,1,FALSE
eii,3,иртнинче,iie,2,3,1,3,109,319,1,FALSE
eii,3,критиклес,iie,2,3,1,3,109,319,1,FALSE
eii,3,пикине,iie,1,3,1,3,109,319,1,FALSE
eii,3,тиклетни,iei,1,3,1,3,109,319,1,FALSE
eii,3,ишмелли,iei,1,3,1,3,109,319,1,FALSE
eii,3,тивесси,iei,1,3,1,3,109,319,1,FALSE
eii,3,чиккисем,iie,1,3,1,3,109,319,1,FALSE
eii,3,илтнине,iie,1,3,1,3,109,319,1,FALSE
eii,3,хи-итре,iie,1,3,1,3,109,319,1,FALSE
eii,3,илнинчен,iie,1,3,1,3,109,319,1,FALSE
eii,3,илтнипех,iie,1,3,1,3,109,319,1,FALSE
eii,3,ҫиттисем,iie,1,3,1,3,109,319,1,FALSE
eii,3,киввине,iie,1,3,1,3,109,319,1,FALSE
eii,3,чиккинчен,iie,1,3,1,3,109,319,1,FALSE
eii,3,вилмен-ши,iei,1,3,1,3,109,319,1,FALSE
eii,3,илтнипе,iie,1,3,1,3,109,319,1,FALSE
eii,3,ҫинипе,iie,1,3,1,3,109,319,1,FALSE
eii,3,сикнипе,iie,1,3,1,3,109,319,1,FALSE
eii,3,чиккине,iie,1,3,1,3,109,319,1,FALSE
eii,3,вилкине,iie,1,3,1,3,109,319,1,FALSE
eii,3,шикленни,iei,1,3,1,3,109,319,1,FALSE
eii,3,министрсем,iie,1,3,1,3,109,319,1,FALSE
eii,3,ҫитнипе,iie,1,3,1,3,109,319,1,FALSE
eii,3,химиксен,iie,1,3,1,3,109,319,1,FALSE
eii,3,сирени,iei,1,3,1,3,109,319,1,FALSE
eii,3,ҫитмелли,iei,1,3,1,3,109,319,1,FALSE
eii,3,вилнипе,iie,1,3,1,3,109,319,1,FALSE
eii,3,сикнине,iie,1,3,1,3,109,319,1,FALSE
eii,3,ҫиесси,iei,1,3,1,3,109,319,1,FALSE
eii,3,тихине,iie,1,3,1,3,109,319,1,FALSE
eii,3,вилесси,iei,1,3,1,3,109,319,1,FALSE
eii,3,мимипе,iie,1,3,1,3,109,319,1,FALSE
eii,3,килтех-и,iei,1,3,1,3,109,319,1,FALSE
eii,3,иртмелли,iei,1,3,1,3,109,319,1,FALSE
eii,3,сиссех-и,iei,1,3,1,3,109,319,1,FALSE
eii,3,пессимист,eii,1,3,1,3,109,319,1,FALSE
eii,3,килтисен,iie,1,3,1,3,109,319,1,FALSE
eii,3,витисен,iie,1,3,1,3,109,319,1,FALSE
eii,3,ҫимелли,iei,1,3,1,3,109,319,1,FALSE
eii,3,итлеми,iei,1,3,1,3,109,319,1,FALSE
eii,3,вилмелли,iei,1,3,1,3,109,319,1,FALSE
eii,3,тивнине,iie,1,3,1,3,109,319,1,FALSE
eii,3,пикисем,iie,1,3,1,3,109,319,1,FALSE
eii,3,сисмест-ши,iei,1,3,1,3,109,319,1,FALSE
eii,3,илемли,iei,1,3,1,3,109,319,1,FALSE
eii,3,витмелли,iei,1,3,1,3,109,319,1,FALSE
eii,3,пичкине,iie,1,3,1,3,109,319,1,FALSE
eii,3,виҫипе,iie,1,3,1,3,109,319,1,FALSE
eii,3,ҫилленни,iei,1,3,1,3,109,319,1,FALSE
eii,3,пиркиех,iie,1,3,1,3,109,319,1,FALSE
eii,3,линире,iie,1,3,1,3,109,319,1,FALSE
eii,3,килес-и,iei,1,3,1,3,109,319,1,FALSE
eii,3,миҫине,iie,1,3,1,3,109,319,1,FALSE
eii,3,килменни,iei,1,3,1,3,109,319,1,FALSE
eii,3,илтет-ши,iei,1,3,1,3,109,319,1,FALSE
eii,3,илтмест-ши,iei,1,3,1,3,109,319,1,FALSE
eii,3,лесничи,eii,1,3,1,3,109,319,1,FALSE
eii,3,листисем,iie,1,3,1,3,109,319,1,FALSE
eii,3,ҫитнисем,iie,1,3,1,3,109,319,1,FALSE
eii,3,именни,iei,1,3,1,3,109,319,1,FALSE
eii,3,витисем,iie,1,3,1,3,109,319,1,FALSE
eii,3,витинче,iie,1,3,1,3,109,319,1,FALSE
eii,3,тилхепи,iei,1,3,1,3,109,319,1,FALSE
eii,3,ҫитерни,iei,1,3,1,3,109,319,1,FALSE
eii,3,виҫинчен,iie,1,3,1,3,109,319,1,FALSE
eii,3,сипленни,iei,1,3,1,3,109,319,1,FALSE
eii,3,кримкилте,iie,1,3,1,3,109,319,1,FALSE
aeu,3,нумайччен,uae,26,3,1,4,109,262,1,FALSE
aeu,3,урайне,uae,24,3,1,4,109,262,1,FALSE
aeu,3,юлташсем,uae,15,3,1,4,109,262,1,FALSE
aeu,3,сухалне,uae,13,3,1,4,109,262,1,FALSE
aeu,3,юлташне,uae,10,3,1,4,109,262,1,FALSE
aeu,3,пукансем,uae,5,3,1,4,109,262,1,FALSE
aeu,3,пулатех,uae,5,3,1,4,109,262,1,FALSE
aeu,3,лукерья,uea,4,3,1,4,109,262,1,FALSE
aeu,3,акушер,aue,4,3,1,4,109,262,1,FALSE
aeu,3,усачев,uae,4,3,1,4,109,262,1,FALSE
aeu,3,хуҫасем,uae,4,3,1,4,109,262,1,FALSE
aeu,3,урасем,uae,4,3,1,4,109,262,1,FALSE
aeu,3,хуласем,uae,3,3,1,4,109,262,1,FALSE
aeu,3,уявне,uae,3,3,1,4,109,262,1,FALSE
aeu,3,хунавсем,uae,3,3,1,4,109,262,1,FALSE
aeu,3,юмансем,uae,3,3,1,4,109,262,1,FALSE
aeu,3,тупанне,uae,3,3,1,4,109,262,1,FALSE
aeu,3,урамсем,uae,3,3,1,4,109,262,1,FALSE
aeu,3,сукмакне,uae,3,3,1,4,109,262,1,FALSE
aeu,3,урамне,uae,3,3,1,4,109,262,1,FALSE
aeu,3,пукане,uae,3,3,1,4,109,262,1,FALSE
aeu,3,ухатер,uae,3,3,1,4,109,262,1,FALSE
aeu,3,тупатех,uae,3,3,1,4,109,262,1,FALSE
aeu,3,верукпа,eua,3,3,1,4,109,262,1,FALSE
aeu,3,картусне,aue,2,3,1,4,109,262,1,FALSE
aeu,3,кушаксем,uae,2,3,1,4,109,262,1,FALSE
aeu,3,кураксем,uae,2,3,1,4,109,262,1,FALSE
aeu,3,куравсем,uae,2,3,1,4,109,262,1,FALSE
aeu,3,уявсем,uae,2,3,1,4,109,262,1,FALSE
aeu,3,пуянсем,uae,2,3,1,4,109,262,1,FALSE
aeu,3,хунарне,uae,2,3,1,4,109,262,1,FALSE
aeu,3,туратсем,uae,2,3,1,4,109,262,1,FALSE
aeu,3,хурахсем,uae,2,3,1,4,109,262,1,FALSE
aeu,3,тутарсем,uae,2,3,1,4,109,262,1,FALSE
aeu,3,хуравне,uae,2,3,1,4,109,262,1,FALSE
aeu,3,тухатех,uae,2,3,1,4,109,262,1,FALSE
aeu,3,саппунсем,aue,2,3,1,4,109,262,1,FALSE
aeu,3,хунарсем,uae,2,3,1,4,109,262,1,FALSE
aeu,3,ларусем,aue,2,3,1,4,109,262,1,FALSE
aeu,3,пушмакне,uae,2,3,1,4,109,262,1,FALSE
aeu,3,юпасем,uae,2,3,1,4,109,262,1,FALSE
aeu,3,саккунне,aue,2,3,1,4,109,262,1,FALSE
aeu,3,пуканне,uae,2,3,1,4,109,262,1,FALSE
aeu,3,савутне,aue,2,3,1,4,109,262,1,FALSE
aeu,3,пулмастех,uae,2,3,1,4,109,262,1,FALSE
aeu,3,курманскер,uae,2,3,1,4,109,262,1,FALSE
aeu,3,персула,eua,2,3,1,4,109,262,1,FALSE
aeu,3,нушасем,uae,1,3,1,4,109,262,1,FALSE
aeu,3,петюша,eua,1,3,1,4,109,262,1,FALSE
aeu,3,пучахсем,uae,1,3,1,4,109,262,1,FALSE
aeu,3,юсавне,uae,1,3,1,4,109,262,1,FALSE
aeu,3,пралуксем,aue,1,3,1,4,109,262,1,FALSE
aeu,3,тукайсем,uae,1,3,1,4,109,262,1,FALSE
aeu,3,вучахне,uae,1,3,1,4,109,262,1,FALSE
aeu,3,упален,uae,1,3,1,4,109,262,1,FALSE
aeu,3,хутаҫне,uae,1,3,1,4,109,262,1,FALSE
aeu,3,утарне,uae,1,3,1,4,109,262,1,FALSE
aeu,3,махмутсен,aue,1,3,1,4,109,262,1,FALSE
aeu,3,мулатсем,uae,1,3,1,4,109,262,1,FALSE
aeu,3,хусахсем,uae,1,3,1,4,109,262,1,FALSE
aeu,3,утравсем,uae,1,3,1,4,109,262,1,FALSE
aeu,3,хуранне,uae,1,3,1,4,109,262,1,FALSE
aeu,3,юмахне,uae,1,3,1,4,109,262,1,FALSE
aeu,3,ачусем,aue,1,3,1,4,109,262,1,FALSE
aeu,3,юманне,uae,1,3,1,4,109,262,1,FALSE
aeu,3,аллусем,aue,1,3,1,4,109,262,1,FALSE
aeu,3,кулачне,uae,1,3,1,4,109,262,1,FALSE
aeu,3,паймуксен,aue,1,3,1,4,109,262,1,FALSE
aeu,3,ҫунасем,uae,1,3,1,4,109,262,1,FALSE
aeu,3,шуйттансем,uae,1,3,1,4,109,262,1,FALSE
aeu,3,пакурне,aue,1,3,1,4,109,262,1,FALSE
aeu,3,аҫусем,aue,1,3,1,4,109,262,1,FALSE
aeu,3,тунасем,uae,1,3,1,4,109,262,1,FALSE
aeu,3,кукаҫей,uae,1,3,1,4,109,262,1,FALSE
aeu,3,сукмаксем,uae,1,3,1,4,109,262,1,FALSE
aeu,3,лутраскер,uae,1,3,1,4,109,262,1,FALSE
aeu,3,путевка,uea,1,3,1,4,109,262,1,FALSE
aeu,3,купасем,uae,1,3,1,4,109,262,1,FALSE
aeu,3,усалсем,uae,1,3,1,4,109,262,1,FALSE
aeu,3,чурчхелла,uea,1,3,1,4,109,262,1,FALSE
aeu,3,юлташсен,uae,1,3,1,4,109,262,1,FALSE
aeu,3,суранне,uae,1,3,1,4,109,262,1,FALSE
aeu,3,юнкера,uea,1,3,1,4,109,262,1,FALSE
aeu,3,хрустальтен,uae,1,3,1,4,109,262,1,FALSE
aeu,3,уканьпе,uae,1,3,1,4,109,262,1,FALSE
aeu,3,ухмахсем,uae,1,3,1,4,109,262,1,FALSE
aeu,3,санюкне,aue,1,3,1,4,109,262,1,FALSE
aeu,3,пушарсен,uae,1,3,1,4,109,262,1,FALSE
aeu,3,турасем,uae,1,3,1,4,109,262,1,FALSE
aeu,3,хумккасен,uae,1,3,1,4,109,262,1,FALSE
aeu,3,улахсем,uae,1,3,1,4,109,262,1,FALSE
aeu,3,пуҫтахсем,uae,1,3,1,4,109,262,1,FALSE
aeu,3,маттурсем,aue,1,3,1,4,109,262,1,FALSE
aeu,3,тумламсем,uae,1,3,1,4,109,262,1,FALSE
aeu,3,тусанне,uae,1,3,1,4,109,262,1,FALSE
aeu,3,лупассем,uae,1,3,1,4,109,262,1,FALSE
aeu,3,ҫеккунтпа,eua,1,3,1,4,109,262,1,FALSE
aeu,3,кенукпа,eua,1,3,1,4,109,262,1,FALSE
aeu,3,сурансем,uae,1,3,1,4,109,262,1,FALSE
aeu,3,ҫунатне,uae,1,3,1,4,109,262,1,FALSE
aeu,3,картунсем,aue,1,3,1,4,109,262,1,FALSE
aeu,3,упасем,uae,1,3,1,4,109,262,1,FALSE
aeu,3,спекулянт,eua,1,3,1,4,109,262,1,FALSE
aeu,3,тухатчех,uae,1,3,1,4,109,262,1,FALSE
aeu,3,кантурне,aue,1,3,1,4,109,262,1,FALSE
aeu,3,вакунсем,aue,1,3,1,4,109,262,1,FALSE
aeu,3,тунасен,uae,1,3,1,4,109,262,1,FALSE
aeu,3,тупаннех,uae,1,3,1,4,109,262,1,FALSE
aeu,3,тушенка,uea,1,3,1,4,109,262,1,FALSE
eeu,3,кунсенче,uee,43,3,1,3,48,191,1,FALSE
eeu,3,ҫулсенче,uee,25,3,1,3,48,191,1,FALSE
eeu,3,ҫулсерен,uee,15,3,1,3,48,191,1,FALSE
eeu,3,кунсерен,uee,9,3,1,3,48,191,1,FALSE
eeu,3,ҫулсемпе,uee,8,3,1,3,48,191,1,FALSE
eeu,3,кукленсе,uee,7,3,1,3,48,191,1,FALSE
eeu,3,хулленрех,uee,6,3,1,3,48,191,1,FALSE
eeu,3,ҫулсене,uee,6,3,1,3,48,191,1,FALSE
eeu,3,ҫумнерех,uee,5,3,1,3,48,191,1,FALSE
eeu,3,хутсене,uee,4,3,1,3,48,191,1,FALSE
eeu,3,кунсенчех,uee,4,3,1,3,48,191,1,FALSE
eeu,3,кулленех,uee,4,3,1,3,48,191,1,FALSE
eeu,3,пулемет,uee,4,3,1,3,48,191,1,FALSE
eeu,3,ҫумнелле,uee,4,3,1,3,48,191,1,FALSE
eeu,3,эрнекун,eeu,4,3,1,3,48,191,1,FALSE
eeu,3,умнелле,uee,3,3,1,3,48,191,1,FALSE
eeu,3,туссене,uee,3,3,1,3,48,191,1,FALSE
eeu,3,кунсене,uee,3,3,1,3,48,191,1,FALSE
eeu,3,чунсене,uee,2,3,1,3,48,191,1,FALSE
eeu,3,куҫсемпе,uee,2,3,1,3,48,191,1,FALSE
eeu,3,утсене,uee,2,3,1,3,48,191,1,FALSE
eeu,3,кусене,uee,2,3,1,3,48,191,1,FALSE
eeu,3,путене,uee,1,3,1,3,48,191,1,FALSE
eeu,3,куҫсене,uee,1,3,1,3,48,191,1,FALSE
eeu,3,уйсенче,uee,1,3,1,3,48,191,1,FALSE
eeu,3,шкулсене,uee,1,3,1,3,48,191,1,FALSE
eeu,3,пупсене,uee,1,3,1,3,48,191,1,FALSE
eeu,3,пунктсенчен,uee,1,3,1,3,48,191,1,FALSE
eeu,3,кутнелле,uee,1,3,1,3,48,191,1,FALSE
eeu,3,ҫулсенчех,uee,1,3,1,3,48,191,1,FALSE
eeu,3,уйсене,uee,1,3,1,3,48,191,1,FALSE
eeu,3,пуплешме,uee,1,3,1,3,48,191,1,FALSE
eeu,3,хутсемпе,uee,1,3,1,3,48,191,1,FALSE
eeu,3,шкулсенчен,uee,1,3,1,3,48,191,1,FALSE
eeu,3,хулленех,uee,1,3,1,3,48,191,1,FALSE
eeu,3,кусенчен,uee,1,3,1,3,48,191,1,FALSE
eeu,3,ҫуртсене,uee,1,3,1,3,48,191,1,FALSE
eeu,3,кусемпе,uee,1,3,1,3,48,191,1,FALSE
eeu,3,хурсенчен,uee,1,3,1,3,48,191,1,FALSE
eeu,3,хумсемпе,uee,1,3,1,3,48,191,1,FALSE
eeu,3,хурсемпе,uee,1,3,1,3,48,191,1,FALSE
eeu,3,чулсене,uee,1,3,1,3,48,191,1,FALSE
eeu,3,чулсемпе,uee,1,3,1,3,48,191,1,FALSE
eeu,3,ҫумнеллех,uee,1,3,1,3,48,191,1,FALSE
eeu,3,ҫеруксем,eue,1,3,1,3,48,191,1,FALSE
eeu,3,ҫуртсенчен,uee,1,3,1,3,48,191,1,FALSE
eeu,3,хунсенчен,uee,1,3,1,3,48,191,1,FALSE
eeu,3,шкулсенче,uee,1,3,1,3,48,191,1,FALSE
aeiu,4,юлашкинчен,uaie,42,4,1,6,87,188,1,FALSE
aeiu,4,тумаллине,uaie,14,4,1,6,87,188,1,FALSE
aeiu,4,хутран-ситрен,uaie,7,4,1,6,87,188,1,FALSE
aeiu,4,шутланине,uaie,6,4,1,6,87,188,1,FALSE
aeiu,4,тураттисем,uaie,5,4,1,6,87,188,1,FALSE
aeiu,4,урапине,uaie,4,4,1,6,87,188,1,FALSE
aeiu,4,хурланнипе,uaie,4,4,1,6,87,188,1,FALSE
aeiu,4,ҫунаттисем,uaie,3,4,1,6,87,188,1,FALSE
aeiu,4,ҫуралнине,uaie,3,4,1,6,87,188,1,FALSE
aeiu,4,техникумра,eiua,3,4,1,6,87,188,1,FALSE
aeiu,4,пултарнине,uaie,3,4,1,6,87,188,1,FALSE
aeiu,4,пулассине,uaie,3,4,1,6,87,188,1,FALSE
aeiu,4,юсанине,uaie,3,4,1,6,87,188,1,FALSE
aeiu,4,ураскилтре,uaie,3,4,1,6,87,188,1,FALSE
aeiu,4,пулмаллине,uaie,2,4,1,6,87,188,1,FALSE
aeiu,4,хумханнипе,uaie,2,4,1,6,87,188,1,FALSE
aeiu,4,сухарине,uaie,2,4,1,6,87,188,1,FALSE
aeiu,4,ҫулманнипе,uaie,2,4,1,6,87,188,1,FALSE
aeiu,4,ҫухатнине,uaie,2,4,1,6,87,188,1,FALSE
aeiu,4,тукмаккине,uaie,2,4,1,6,87,188,1,FALSE
aeiu,4,укахвие,uaie,2,4,1,6,87,188,1,FALSE
aeiu,4,пушарниксем,uaie,2,4,1,6,87,188,1,FALSE
aeiu,4,усаллине,uaie,2,4,1,6,87,188,1,FALSE
aeiu,4,юхтарнине,uaie,2,4,1,6,87,188,1,FALSE
aeiu,4,курманнисем,uaie,2,4,1,6,87,188,1,FALSE
aeiu,4,тулманнипе,uaie,2,4,1,6,87,188,1,FALSE
aeiu,4,хумханнине,uaie,1,4,1,6,87,188,1,FALSE
aeiu,4,пулассипе,uaie,1,4,1,6,87,188,1,FALSE
aeiu,4,курмаллине,uaie,1,4,1,6,87,188,1,FALSE
aeiu,4,пулассинчен,uaie,1,4,1,6,87,188,1,FALSE
aeiu,4,муклашкисем,uaie,1,4,1,6,87,188,1,FALSE
aeiu,4,пусарнипе,uaie,1,4,1,6,87,188,1,FALSE
aeiu,4,ураписен,uaie,1,4,1,6,87,188,1,FALSE
aeiu,4,тустарнинчен,uaie,1,4,1,6,87,188,1,FALSE
aeiu,4,арҫурисем,auie,1,4,1,6,87,188,1,FALSE
aeiu,4,тумланнине,uaie,1,4,1,6,87,188,1,FALSE
aeiu,4,уҫланкипех,uaie,1,4,1,6,87,188,1,FALSE
aeiu,4,уҫассипе,uaie,1,4,1,6,87,188,1,FALSE
aeiu,4,ҫуракине,uaie,1,4,1,6,87,188,1,FALSE
aeiu,4,тункатинчен,uaie,1,4,1,6,87,188,1,FALSE
aeiu,4,тункатине,uaie,1,4,1,6,87,188,1,FALSE
aeiu,4,вуланипе,uaie,1,4,1,6,87,188,1,FALSE
aeiu,4,курманнипе,uaie,1,4,1,6,87,188,1,FALSE
aeiu,4,юранине,uaie,1,4,1,6,87,188,1,FALSE
aeiu,4,ульканнинчен,uaie,1,4,1,6,87,188,1,FALSE
aeiu,4,кутамккисем,uaie,1,4,1,6,87,188,1,FALSE
aeiu,4,хуҫайккинчен,uaie,1,4,1,6,87,188,1,FALSE
aeiu,4,чуптарнипе,uaie,1,4,1,6,87,188,1,FALSE
aeiu,4,тухассине,uaie,1,4,1,6,87,188,1,FALSE
aeiu,4,ҫуракие,uaie,1,4,1,6,87,188,1,FALSE
aeiu,4,ҫунтарнине,uaie,1,4,1,6,87,188,1,FALSE
aeiu,4,пулманнине,uaie,1,4,1,6,87,188,1,FALSE
aeiu,4,ҫуллахинчен,uaie,1,4,1,6,87,188,1,FALSE
aeiu,4,тураттине,uaie,1,4,1,6,87,188,1,FALSE
aeiu,4,наукисен,auie,1,4,1,6,87,188,1,FALSE
aeiu,4,усранине,uaie,1,4,1,6,87,188,1,FALSE
aeiu,4,юлманнине,uaie,1,4,1,6,87,188,1,FALSE
aeiu,4,универсал,uiea,1,4,1,6,87,188,1,FALSE
aeiu,4,урапипе,uaie,1,4,1,6,87,188,1,FALSE
aeiu,4,юрланинчен,uaie,1,4,1,6,87,188,1,FALSE
aeiu,4,техникума,eiua,1,4,1,6,87,188,1,FALSE
aeiu,4,ҫутатнипе,uaie,1,4,1,6,87,188,1,FALSE
aeiu,4,сухарирен,uaie,1,4,1,6,87,188,1,FALSE
aeiu,4,ватсупнинчен,auie,1,4,1,6,87,188,1,FALSE
aeiu,4,упраннине,uaie,1,4,1,6,87,188,1,FALSE
aeiu,4,хупланипе,uaie,1,4,1,6,87,188,1,FALSE
aeiu,4,пулманнипе,uaie,1,4,1,6,87,188,1,FALSE
aeiu,4,управлени,uaei,1,4,1,6,87,188,1,FALSE
aeiu,4,пуҫарнипе,uaie,1,4,1,6,87,188,1,FALSE
aeiu,4,чупассипе,uaie,1,4,1,6,87,188,1,FALSE
aeiu,4,курассипе,uaie,1,4,1,6,87,188,1,FALSE
aeiu,4,пулманнисем,uaie,1,4,1,6,87,188,1,FALSE
aeiu,4,юрланине,uaie,1,4,1,6,87,188,1,FALSE
aeiu,4,хурланнисем,uaie,1,4,1,6,87,188,1,FALSE
aeiu,4,уҫманнипе,uaie,1,4,1,6,87,188,1,FALSE
aeiu,4,арҫурие,auie,1,4,1,6,87,188,1,FALSE
aeiu,4,ухмаххипе,uaie,1,4,1,6,87,188,1,FALSE
aeiu,4,пуҫтарнине,uaie,1,4,1,6,87,188,1,FALSE
aeiu,4,шашулккине,auie,1,4,1,6,87,188,1,FALSE
aeiu,4,тупассинчен,uaie,1,4,1,6,87,188,1,FALSE
aeiu,4,урапинчен,uaie,1,4,1,6,87,188,1,FALSE
aeiu,4,лупашкине,uaie,1,4,1,6,87,188,1,FALSE
aeiu,4,ҫухалнине,uaie,1,4,1,6,87,188,1,FALSE
aeiu,4,чуварлейри,uaei,1,4,1,6,87,188,1,FALSE
aeiu,4,туяннине,uaie,1,4,1,6,87,188,1,FALSE
aeiu,4,чиперуйран,ieua,1,4,1,6,87,188,1,FALSE
aeiu,4,сухарисем,uaie,1,4,1,6,87,188,1,FALSE
øɵʉ,3,тытӑнчӗ,ʉɵø,56,,,2,37,185,1,FALSE
øɵʉ,3,тытӑнчӗҫ,ʉɵø,21,,,2,37,185,1,FALSE
øɵʉ,3,вырӑнӗ,ʉɵø,13,,,2,37,185,1,FALSE
øɵʉ,3,хырӑмӗ,ʉɵø,11,,,2,37,185,1,FALSE
øɵʉ,3,ҫӗршывӑн,øʉɵ,10,,,2,37,185,1,FALSE
øɵʉ,3,ыткӑнчӗ,ʉɵø,7,,,2,37,185,1,FALSE
øɵʉ,3,ҫырнӑччӗ,ʉɵø,6,,,2,37,185,1,FALSE
øɵʉ,3,сывлӑхӗ,ʉɵø,5,,,2,37,185,1,FALSE
øɵʉ,3,ывӑлӗ,ʉɵø,5,,,2,37,185,1,FALSE
øɵʉ,3,сывлӑшӗ,ʉɵø,4,,,2,37,185,1,FALSE
øɵʉ,3,ҫырӑвӗ,ʉɵø,4,,,2,37,185,1,FALSE
øɵʉ,3,йышӑнчӗҫ,ʉɵø,3,,,2,37,185,1,FALSE
øɵʉ,3,йышӑнчӗ,ʉɵø,3,,,2,37,185,1,FALSE
øɵʉ,3,ылтӑнӗ,ʉɵø,3,,,2,37,185,1,FALSE
øɵʉ,3,ыйтӑвӗ,ʉɵø,3,,,2,37,185,1,FALSE
øɵʉ,3,тытӑмӗ,ʉɵø,3,,,2,37,185,1,FALSE
øɵʉ,3,тытӑнӗ,ʉɵø,3,,,2,37,185,1,FALSE
øɵʉ,3,ывӑтрӗ,ʉɵø,2,,,2,37,185,1,FALSE
øɵʉ,3,йывӑҫӗ,ʉɵø,2,,,2,37,185,1,FALSE
øɵʉ,3,ҫырӑнчӗ,ʉɵø,2,,,2,37,185,1,FALSE
øɵʉ,3,тытӑнӗҫ,ʉɵø,2,,,2,37,185,1,FALSE
øɵʉ,3,ҫӗршывшӑн,øʉɵ,2,,,2,37,185,1,FALSE
øɵʉ,3,ыйтӑвӗн,ʉɵø,1,,,2,37,185,1,FALSE
øɵʉ,3,хывӑнчӗ,ʉɵø,1,,,2,37,185,1,FALSE
øɵʉ,3,ҫывӑрӗ,ʉɵø,1,,,2,37,185,1,FALSE
øɵʉ,3,ҫылӑхӗ,ʉɵø,1,,,2,37,185,1,FALSE
øɵʉ,3,сыпӑкӗ,ʉɵø,1,,,2,37,185,1,FALSE
øɵʉ,3,ывӑтрӗҫ,ʉɵø,1,,,2,37,185,1,FALSE
øɵʉ,3,ҫыхӑнчӗ,ʉɵø,1,,,2,37,185,1,FALSE
øɵʉ,3,ырлӑхӗ,ʉɵø,1,,,2,37,185,1,FALSE
øɵʉ,3,чышӑнчӗ,ʉɵø,1,,,2,37,185,1,FALSE
øɵʉ,3,ыткӑнчӗҫ,ʉɵø,1,,,2,37,185,1,FALSE
øɵʉ,3,сывлӑхӗн,ʉɵø,1,,,2,37,185,1,FALSE
øɵʉ,3,йыснӑшӗ,ʉɵø,1,,,2,37,185,1,FALSE
øɵʉ,3,йыхӑрчӗҫ,ʉɵø,1,,,2,37,185,1,FALSE
øɵʉ,3,хырӑнчӗ,ʉɵø,1,,,2,37,185,1,FALSE
øɵʉ,3,ҫӗршывӑм,øʉɵ,1,,,2,37,185,1,FALSE
aeei,4,аллисене,aiee,35,4,1,5,56,178,1,FALSE
aeei,4,правление,aeie,15,4,1,5,56,178,1,FALSE
aeei,4,ачисене,aiee,14,4,1,5,56,178,1,FALSE
aeei,4,аллисемпе,aiee,13,4,1,5,56,178,1,FALSE
aeei,4,айккинелле,aiee,11,4,1,5,56,178,1,FALSE
aeei,4,правленире,aeie,11,4,1,5,56,178,1,FALSE
aeei,4,лашисене,aiee,6,4,1,5,56,178,1,FALSE
aeei,4,правленине,aeie,5,4,1,5,56,178,1,FALSE
aeei,4,ачисемпе,aiee,5,4,1,5,56,178,1,FALSE
aeei,4,харшисене,aiee,3,4,1,5,56,178,1,FALSE
aeei,4,айккисенче,aiee,3,4,1,5,56,178,1,FALSE
aeei,4,правленинче,aeie,3,4,1,5,56,178,1,FALSE
aeei,4,хайхискерсем,aiee,2,4,1,5,56,178,1,FALSE
aeei,4,тарҫисене,aiee,2,4,1,5,56,178,1,FALSE
aeei,4,чавсисемпе,aiee,2,4,1,5,56,178,1,FALSE
aeei,4,варринелле,aiee,2,4,1,5,56,178,1,FALSE
aeei,4,аттисене,aiee,2,4,1,5,56,178,1,FALSE
aeei,4,сассисене,aiee,2,4,1,5,56,178,1,FALSE
aeei,4,калинккерен,aiee,2,4,1,5,56,178,1,FALSE
aeei,4,ачисенчен,aiee,2,4,1,5,56,178,1,FALSE
aeei,4,хайхискере,aiee,2,4,1,5,56,178,1,FALSE
aeei,4,кайнисене,aiee,2,4,1,5,56,178,1,FALSE
aeei,4,правленирен,aeie,1,4,1,5,56,178,1,FALSE
aeei,4,калинккене,aiee,1,4,1,5,56,178,1,FALSE
aeei,4,маринене,aiee,1,4,1,5,56,178,1,FALSE
aeei,4,систермест-ха,ieea,1,4,1,5,56,178,1,FALSE
aeei,4,ялтисене,aiee,1,4,1,5,56,178,1,FALSE
aeei,4,привалсенче,iaee,1,4,1,5,56,178,1,FALSE
aeei,4,енакиев,eaie,1,4,1,5,56,178,1,FALSE
aeei,4,валерипе,aeie,1,4,1,5,56,178,1,FALSE
aeei,4,аттисемпе,aiee,1,4,1,5,56,178,1,FALSE
aeei,4,майлисене,aiee,1,4,1,5,56,178,1,FALSE
aeei,4,аллисенчен,aiee,1,4,1,5,56,178,1,FALSE
aeei,4,кашкинсене,aiee,1,4,1,5,56,178,1,FALSE
aeei,4,аслисенчен,aiee,1,4,1,5,56,178,1,FALSE
aeei,4,паллисене,aiee,1,4,1,5,56,178,1,FALSE
aeei,4,саккинченех,aiee,1,4,1,5,56,178,1,FALSE
aeei,4,картишнелле,aiee,1,4,1,5,56,178,1,FALSE
aeei,4,тельняшкипе,eaie,1,4,1,5,56,178,1,FALSE
aeei,4,ваттисенчен,aiee,1,4,1,5,56,178,1,FALSE
aeei,4,панисене,aiee,1,4,1,5,56,178,1,FALSE
aeei,4,сассинченех,aiee,1,4,1,5,56,178,1,FALSE
aeei,4,папкисене,aiee,1,4,1,5,56,178,1,FALSE
aeei,4,айккинерех,aiee,1,4,1,5,56,178,1,FALSE
aeei,4,хальхисене,aiee,1,4,1,5,56,178,1,FALSE
aeei,4,антеннисем,aeie,1,4,1,5,56,178,1,FALSE
aeei,4,кавирсене,aiee,1,4,1,5,56,178,1,FALSE
aeei,4,аврисенчен,aiee,1,4,1,5,56,178,1,FALSE
aeei,4,аслисемпе,aiee,1,4,1,5,56,178,1,FALSE
aeei,4,аҫисемпе,aiee,1,4,1,5,56,178,1,FALSE
aeei,4,аллисенче,aiee,1,4,1,5,56,178,1,FALSE
aeei,4,малтисене,aiee,1,4,1,5,56,178,1,FALSE
aeei,4,аслисене,aiee,1,4,1,5,56,178,1,FALSE
aeei,4,лапписемпе,aiee,1,4,1,5,56,178,1,FALSE
aeei,4,пахисене,aiee,1,4,1,5,56,178,1,FALSE
aeei,4,ҫаннисене,aiee,1,4,1,5,56,178,1,FALSE
aaei,4,каланине,aaie,26,4,1,6,81,154,1,FALSE
aaei,4,васильевна,aiea,12,4,1,6,81,154,1,FALSE
aaei,4,калаҫнине,aaie,8,4,1,6,81,154,1,FALSE
aaei,4,аптранипе,aaie,7,4,1,6,81,154,1,FALSE
aaei,4,анкартине,aaie,4,4,1,6,81,154,1,FALSE
aaei,4,ҫаптарнине,aaie,3,4,1,6,81,154,1,FALSE
aaei,4,парассине,aaie,3,4,1,6,81,154,1,FALSE
aaei,4,япалисем,aaie,3,4,1,6,81,154,1,FALSE
aaei,4,васильева,aiea,3,4,1,6,81,154,1,FALSE
aaei,4,сапакисем,aaie,3,4,1,6,81,154,1,FALSE
aaei,4,каймаллине,aaie,3,4,1,6,81,154,1,FALSE
aaei,4,калаҫнипе,aaie,2,4,1,6,81,154,1,FALSE
aaei,4,материал,aeia,2,4,1,6,81,154,1,FALSE
aaei,4,сахаллине,aaie,2,4,1,6,81,154,1,FALSE
aaei,4,анкартинче,aaie,2,4,1,6,81,154,1,FALSE
aaei,4,таканине,aaie,2,4,1,6,81,154,1,FALSE
aaei,4,асар-писер,aaie,2,4,1,6,81,154,1,FALSE
aaei,4,аваринче,aaie,2,4,1,6,81,154,1,FALSE
aaei,4,ларассине,aaie,2,4,1,6,81,154,1,FALSE
aaei,4,яланхиллех,aaie,2,4,1,6,81,154,1,FALSE
aaei,4,начальникне,aaie,1,4,1,6,81,154,1,FALSE
aaei,4,хаваслине,aaie,1,4,1,6,81,154,1,FALSE
aaei,4,аварие,aaie,1,4,1,6,81,154,1,FALSE
aaei,4,самаринсен,aaie,1,4,1,6,81,154,1,FALSE
aaei,4,атакине,aaie,1,4,1,6,81,154,1,FALSE
aaei,4,касассипе,aaie,1,4,1,6,81,154,1,FALSE
aaei,4,наставниксем,aaie,1,4,1,6,81,154,1,FALSE
aaei,4,аманнинчен,aaie,1,4,1,6,81,154,1,FALSE
aaei,4,аяккинче,aaie,1,4,1,6,81,154,1,FALSE
aaei,4,ипатьевна,iaea,1,4,1,6,81,154,1,FALSE
aaei,4,катанпире,aaie,1,4,1,6,81,154,1,FALSE
aaei,4,валашкине,aaie,1,4,1,6,81,154,1,FALSE
aaei,4,памаллине,aaie,1,4,1,6,81,154,1,FALSE
aaei,4,аманнисем,aaie,1,4,1,6,81,154,1,FALSE
aaei,4,каланисем,aaie,1,4,1,6,81,154,1,FALSE
aaei,4,алхаснине,aaie,1,4,1,6,81,154,1,FALSE
aaei,4,америка,aeia,1,4,1,6,81,154,1,FALSE
aaei,4,кавалери,aaei,1,4,1,6,81,154,1,FALSE
aaei,4,ямаллине,aaie,1,4,1,6,81,154,1,FALSE
aaei,4,алевтина,aeia,1,4,1,6,81,154,1,FALSE
aaei,4,валентинран,aeia,1,4,1,6,81,154,1,FALSE
aaei,4,япалине,aaie,1,4,1,6,81,154,1,FALSE
aaei,4,начаррипе,aaie,1,4,1,6,81,154,1,FALSE
aaei,4,аяккипе,aaie,1,4,1,6,81,154,1,FALSE
aaei,4,ларассинчен,aaie,1,4,1,6,81,154,1,FALSE
aaei,4,каймаллисем,aaie,1,4,1,6,81,154,1,FALSE
aaei,4,амантнине,aaie,1,4,1,6,81,154,1,FALSE
aaei,4,малашнехи,aaei,1,4,1,6,81,154,1,FALSE
aaei,4,шантарнине,aaie,1,4,1,6,81,154,1,FALSE
aaei,4,каланинче,aaie,1,4,1,6,81,154,1,FALSE
aaei,4,аташнине,aaie,1,4,1,6,81,154,1,FALSE
aaei,4,ларманнине,aaie,1,4,1,6,81,154,1,FALSE
aaei,4,шанманнисем,aaie,1,4,1,6,81,154,1,FALSE
aaei,4,талантлисем,aaie,1,4,1,6,81,154,1,FALSE
aaei,4,малтанхинчен,aaie,1,4,1,6,81,154,1,FALSE
aaei,4,паманнинчен,aaie,1,4,1,6,81,154,1,FALSE
aaei,4,касассине,aaie,1,4,1,6,81,154,1,FALSE
aaei,4,карҫинккасем,aiae,1,4,1,6,81,154,1,FALSE
aaei,4,ташланине,aaie,1,4,1,6,81,154,1,FALSE
aaei,4,лармаллине,aaie,1,4,1,6,81,154,1,FALSE
aaei,4,ҫавраҫиле,aaie,1,4,1,6,81,154,1,FALSE
aaei,4,шавланипе,aaie,1,4,1,6,81,154,1,FALSE
aaei,4,тахҫанхине,aaie,1,4,1,6,81,154,1,FALSE
aaei,4,ҫапманнине,aaie,1,4,1,6,81,154,1,FALSE
aaei,4,аманнине,aaie,1,4,1,6,81,154,1,FALSE
aaei,4,хаяррине,aaie,1,4,1,6,81,154,1,FALSE
aaei,4,ахлатнине,aaie,1,4,1,6,81,154,1,FALSE
aaei,4,аяккине,aaie,1,4,1,6,81,154,1,FALSE
aaei,4,палаткинче,aaie,1,4,1,6,81,154,1,FALSE
aaei,4,палаткине,aaie,1,4,1,6,81,154,1,FALSE
aaei,4,сапакине,aaie,1,4,1,6,81,154,1,FALSE
aaei,4,аптранине,aaie,1,4,1,6,81,154,1,FALSE
aaei,4,аяккинчен,aaie,1,4,1,6,81,154,1,FALSE
aaei,4,аялтисем,aaie,1,4,1,6,81,154,1,FALSE
aaei,4,валентина,aeia,1,4,1,6,81,154,1,FALSE
aaei,4,саспаллисем,aaie,1,4,1,6,81,154,1,FALSE
aaei,4,таптанине,aaie,1,4,1,6,81,154,1,FALSE
aaei,4,качакипе,aaie,1,4,1,6,81,154,1,FALSE
aaei,4,каланипе,aaie,1,4,1,6,81,154,1,FALSE
aaei,4,саманинчех,aaie,1,4,1,6,81,154,1,FALSE
aaei,4,манманнине,aaie,1,4,1,6,81,154,1,FALSE
eiʉ,3,ҫыннисем,ʉie,38,3,1,2,33,152,1,FALSE
eiʉ,3,ыттисем,ʉie,30,3,1,2,33,152,1,FALSE
eiʉ,3,пынине,ʉie,23,3,1,2,33,152,1,FALSE
eiʉ,3,ҫырнине,ʉie,7,3,1,2,33,152,1,FALSE
eiʉ,3,пынипе,ʉie,5,3,1,2,33,152,1,FALSE
eiʉ,3,ыттисен,ʉie,4,3,1,2,33,152,1,FALSE
eiʉ,3,ҫыннине,ʉie,4,3,1,2,33,152,1,FALSE
eiʉ,3,тытнипе,ʉie,4,3,1,2,33,152,1,FALSE
eiʉ,3,ыррине,ʉie,3,3,1,2,33,152,1,FALSE
eiʉ,3,ҫыннисен,ʉie,3,3,1,2,33,152,1,FALSE
eiʉ,3,ыйтнине,ʉie,2,3,1,2,33,152,1,FALSE
eiʉ,3,тытнине,ʉie,2,3,1,2,33,152,1,FALSE
eiʉ,3,ҫырнисем,ʉie,2,3,1,2,33,152,1,FALSE
eiʉ,3,ҫырмине,ʉie,2,3,1,2,33,152,1,FALSE
eiʉ,3,ыйтнипе,ʉie,2,3,1,2,33,152,1,FALSE
eiʉ,3,ыттине,ʉie,2,3,1,2,33,152,1,FALSE
eiʉ,3,ыйхинчен,ʉie,2,3,1,2,33,152,1,FALSE
eiʉ,3,ҫыххисем,ʉie,2,3,1,2,33,152,1,FALSE
eiʉ,3,чышкине,ʉie,1,3,1,2,33,152,1,FALSE
eiʉ,3,ҫынсенни,ʉei,1,3,1,2,33,152,1,FALSE
eiʉ,3,сыппинчен,ʉie,1,3,1,2,33,152,1,FALSE
eiʉ,3,ыйхине,ʉie,1,3,1,2,33,152,1,FALSE
eiʉ,3,чышкисем,ʉie,1,3,1,2,33,152,1,FALSE
eiʉ,3,пыршине,ʉie,1,3,1,2,33,152,1,FALSE
eiʉ,3,хыснинчен,ʉie,1,3,1,2,33,152,1,FALSE
eiʉ,3,ҫынниех,ʉie,1,3,1,2,33,152,1,FALSE
eiʉ,3,ывҫинче,ʉie,1,3,1,2,33,152,1,FALSE
eiʉ,3,ҫырнинче,ʉie,1,3,1,2,33,152,1,FALSE
eiʉ,3,ҫыннинех,ʉie,1,3,1,2,33,152,1,FALSE
eiʉ,3,йышшисем,ʉie,1,3,1,2,33,152,1,FALSE
eiʉ,3,хыснинче,ʉie,1,3,1,2,33,152,1,FALSE
eiʉ,3,шыҫҫинчен,ʉie,1,3,1,2,33,152,1,FALSE
eiʉ,3,ыррипе,ʉie,1,3,1,2,33,152,1,FALSE
auu,3,юрату,uau,25,3,1,2,38,147,1,FALSE
auu,3,пухура,uua,21,3,1,2,38,147,1,FALSE
auu,3,укаслу,uau,14,3,1,2,38,147,1,FALSE
auu,3,культура,uua,10,3,1,2,38,147,1,FALSE
auu,3,хуп-хура,uua,7,3,1,2,38,147,1,FALSE
auu,3,пуҫупа,uua,6,3,1,2,38,147,1,FALSE
auu,3,пулура,uua,6,3,1,2,38,147,1,FALSE
auu,3,сутуҫа,uua,6,3,1,2,38,147,1,FALSE
auu,3,куҫару,uau,6,3,1,2,38,147,1,FALSE
auu,3,урупа,uua,5,3,1,2,38,147,1,FALSE
auu,3,хушупа,uua,4,3,1,2,38,147,1,FALSE
auu,3,ҫухату,uau,3,3,1,2,38,147,1,FALSE
auu,3,уруна,uua,3,3,1,2,38,147,1,FALSE
auu,3,чулхула,uua,3,3,1,2,38,147,1,FALSE
auu,3,шутупа,uua,2,3,1,2,38,147,1,FALSE
auu,3,пуш-пушах,uua,2,3,1,2,38,147,1,FALSE
auu,3,кулюкка,uua,2,3,1,2,38,147,1,FALSE
auu,3,курпуна,uua,2,3,1,2,38,147,1,FALSE
auu,3,шурутах,uua,1,3,1,2,38,147,1,FALSE
auu,3,юланут,uau,1,3,1,2,38,147,1,FALSE
auu,3,хуратут,uau,1,3,1,2,38,147,1,FALSE
auu,3,куккукпа,uua,1,3,1,2,38,147,1,FALSE
auu,3,пустуях,uua,1,3,1,2,38,147,1,FALSE
auu,3,хуйхуна,uua,1,3,1,2,38,147,1,FALSE
auu,3,куҫунтан,uua,1,3,1,2,38,147,1,FALSE
auu,3,улпутла,uua,1,3,1,2,38,147,1,FALSE
auu,3,утюкка,uua,1,3,1,2,38,147,1,FALSE
auu,3,хунюна,uua,1,3,1,2,38,147,1,FALSE
auu,3,пуҫару,uau,1,3,1,2,38,147,1,FALSE
auu,3,пусуна,uua,1,3,1,2,38,147,1,FALSE
auu,3,куҫупа,uua,1,3,1,2,38,147,1,FALSE
auu,3,юнупа,uua,1,3,1,2,38,147,1,FALSE
auu,3,куснарпуҫ,uau,1,3,1,2,38,147,1,FALSE
auu,3,пуҫунта,uua,1,3,1,2,38,147,1,FALSE
auu,3,куҫунта,uua,1,3,1,2,38,147,1,FALSE
auu,3,шурупа,uua,1,3,1,2,38,147,1,FALSE
auu,3,чуптума,uua,1,3,1,2,38,147,1,FALSE
auu,3,улшуҫа,uua,1,3,1,2,38,147,1,FALSE
aii,3,михаил,iai,24,3,1,3,38,146,1,FALSE
aii,3,аллинчи,aii,21,3,1,3,38,146,1,FALSE
aii,3,акриппин,aii,11,3,1,3,38,146,1,FALSE
aii,3,нихватти,iai,10,3,1,3,38,146,1,FALSE
aii,3,варринчи,aii,10,3,1,3,38,146,1,FALSE
aii,3,пирвайхи,iai,7,3,1,3,38,146,1,FALSE
aii,3,машини,aii,6,3,1,3,38,146,1,FALSE
aii,3,ирина,iia,6,3,1,3,38,146,1,FALSE
aii,3,михали,iai,5,3,1,3,38,146,1,FALSE
aii,3,лишайкин,iai,5,3,1,3,38,146,1,FALSE
aii,3,кирила,iia,4,3,1,3,38,146,1,FALSE
aii,3,виталий,iai,3,3,1,3,38,146,1,FALSE
aii,3,марийки,aii,3,3,1,3,38,146,1,FALSE
aii,3,китайри,iai,3,3,1,3,38,146,1,FALSE
aii,3,пахчинчи,aii,2,3,1,3,38,146,1,FALSE
aii,3,клиника,iia,2,3,1,3,38,146,1,FALSE
aii,3,силанти,iai,2,3,1,3,38,146,1,FALSE
aii,3,калинин,aii,2,3,1,3,38,146,1,FALSE
aii,3,варвитти,aii,1,3,1,3,38,146,1,FALSE
aii,3,картишри,aii,1,3,1,3,38,146,1,FALSE
aii,3,василий,aii,1,3,1,3,38,146,1,FALSE
aii,3,критика,iia,1,3,1,3,38,146,1,FALSE
aii,3,иринка,iia,1,3,1,3,38,146,1,FALSE
aii,3,ирикпа,iia,1,3,1,3,38,146,1,FALSE
aii,3,такинни,aii,1,3,1,3,38,146,1,FALSE
aii,3,иливан,iia,1,3,1,3,38,146,1,FALSE
aii,3,витамин,iai,1,3,1,3,38,146,1,FALSE
aii,3,виталин,iai,1,3,1,3,38,146,1,FALSE
aii,3,канни-и,aii,1,3,1,3,38,146,1,FALSE
aii,3,партири,aii,1,3,1,3,38,146,1,FALSE
aii,3,альпинист,aii,1,3,1,3,38,146,1,FALSE
aii,3,архиври,aii,1,3,1,3,38,146,1,FALSE
aii,3,станишник,aii,1,3,1,3,38,146,1,FALSE
aii,3,салинчи,aii,1,3,1,3,38,146,1,FALSE
aii,3,ҫамкинчи,aii,1,3,1,3,38,146,1,FALSE
aii,3,айккинчи,aii,1,3,1,3,38,146,1,FALSE
aii,3,активист,aii,1,3,1,3,38,146,1,FALSE
aii,3,мальчишник,aii,1,3,1,3,38,146,1,FALSE
eeii,4,ҫитменнине,ieie,48,4,1,4,58,137,1,FALSE
eeii,4,тилхепине,ieie,7,4,1,4,58,137,1,FALSE
eeii,4,сике-сике,ieie,4,4,1,4,58,137,1,FALSE
eeii,4,витрисене,iiee,4,4,1,4,58,137,1,FALSE
eeii,4,шикленмелли,ieei,3,4,1,4,58,137,1,FALSE
eeii,4,ирттернине,ieie,3,4,1,4,58,137,1,FALSE
eeii,4,тиверие,ieie,3,4,1,4,58,137,1,FALSE
eeii,4,силле-силле,ieie,2,4,1,4,58,137,1,FALSE
eeii,4,ирттересси,ieei,2,4,1,4,58,137,1,FALSE
eeii,4,ҫитессине,ieie,2,4,1,4,58,137,1,FALSE
eeii,4,систернипе,ieie,2,4,1,4,58,137,1,FALSE
eeii,4,килтисене,iiee,2,4,1,4,58,137,1,FALSE
eeii,4,илейменни,ieei,2,4,1,4,58,137,1,FALSE
eeii,4,ҫилленнипе,ieie,2,4,1,4,58,137,1,FALSE
eeii,4,ише-ише,ieie,2,4,1,4,58,137,1,FALSE
eeii,4,ирттермелли,ieei,2,4,1,4,58,137,1,FALSE
eeii,4,хире-хире,ieie,2,4,1,4,58,137,1,FALSE
eeii,4,ҫиттисене,iiee,2,4,1,4,58,137,1,FALSE
eeii,4,итлемелли,ieei,2,4,1,4,58,137,1,FALSE
eeii,4,шикленнине,ieie,2,4,1,4,58,137,1,FALSE
eeii,4,кивелнипе,ieie,2,4,1,4,58,137,1,FALSE
eeii,4,ҫипписене,iiee,1,4,1,4,58,137,1,FALSE
eeii,4,илемлине,ieie,1,4,1,4,58,137,1,FALSE
eeii,4,ихиклетсе,iiee,1,4,1,4,58,137,1,FALSE
eeii,4,чирлисене,iiee,1,4,1,4,58,137,1,FALSE
eeii,4,иртнисене,iiee,1,4,1,4,58,137,1,FALSE
eeii,4,тинкернине,ieie,1,4,1,4,58,137,1,FALSE
eeii,4,силленнипе,ieie,1,4,1,4,58,137,1,FALSE
eeii,4,иле-иле,ieie,1,4,1,4,58,137,1,FALSE
eeii,4,килмеллине,ieie,1,4,1,4,58,137,1,FALSE
eeii,4,виллисене,iiee,1,4,1,4,58,137,1,FALSE
eeii,4,итлеменни,ieei,1,4,1,4,58,137,1,FALSE
eeii,4,ҫитменнипе,ieie,1,4,1,4,58,137,1,FALSE
eeii,4,великие,eiie,1,4,1,4,58,137,1,FALSE
eeii,4,тилхепи-ҫке,ieie,1,4,1,4,58,137,1,FALSE
eeii,4,ирте-ирте,ieie,1,4,1,4,58,137,1,FALSE
eeii,4,систернине,ieie,1,4,1,4,58,137,1,FALSE
eeii,4,листисене,iiee,1,4,1,4,58,137,1,FALSE
eeii,4,итле-итле,ieie,1,4,1,4,58,137,1,FALSE
eeii,4,ҫиленесси,ieei,1,4,1,4,58,137,1,FALSE
eeii,4,ҫитересси,ieei,1,4,1,4,58,137,1,FALSE
eeii,4,ирттернисем,ieie,1,4,1,4,58,137,1,FALSE
eeii,4,илтнисенчен,iiee,1,4,1,4,58,137,1,FALSE
eeii,4,тиенине,ieie,1,4,1,4,58,137,1,FALSE
eeii,4,систерет-им,ieei,1,4,1,4,58,137,1,FALSE
eeii,4,миххисене,iiee,1,4,1,4,58,137,1,FALSE
eeii,4,микихвере,iiee,1,4,1,4,58,137,1,FALSE
eeii,4,ҫитерменни,ieei,1,4,1,4,58,137,1,FALSE
eeii,4,килекенни,ieei,1,4,1,4,58,137,1,FALSE
eeii,4,илменнине,ieie,1,4,1,4,58,137,1,FALSE
eeii,4,вилнисене,iiee,1,4,1,4,58,137,1,FALSE
eeii,4,килтисенчен,iiee,1,4,1,4,58,137,1,FALSE
eeii,4,техникине,eiie,1,4,1,4,58,137,1,FALSE
eeii,4,итленине,ieie,1,4,1,4,58,137,1,FALSE
eeii,4,ҫилленмест-ши,ieei,1,4,1,4,58,137,1,FALSE
eeii,4,киленнипе,ieie,1,4,1,4,58,137,1,FALSE
eeii,4,ирттернипе,ieie,1,4,1,4,58,137,1,FALSE
eeii,4,кирилесем,iiee,1,4,1,4,58,137,1,FALSE
eiy,3,ҫӳрени,yei,19,3,1,5,53,133,1,FALSE
eiy,3,ертӳҫи,eyi,17,3,1,5,53,133,1,FALSE
eiy,3,пӳрнипе,yie,7,3,1,5,53,133,1,FALSE
eiy,3,пӳрнисем,yie,6,3,1,5,53,133,1,FALSE
eiy,3,хӳрипе,yie,5,3,1,5,53,133,1,FALSE
eiy,3,тӳррипе,yie,5,3,1,5,53,133,1,FALSE
eiy,3,пӳрнине,yie,4,3,1,5,53,133,1,FALSE
eiy,3,тӳпери,yei,4,3,1,5,53,133,1,FALSE
eiy,3,тӳпине,yie,4,3,1,5,53,133,1,FALSE
eiy,3,тӳррипех,yie,3,3,1,5,53,133,1,FALSE
eiy,3,ӳкмелли,yei,3,3,1,5,53,133,1,FALSE
eiy,3,ӳкнине,yie,3,3,1,5,53,133,1,FALSE
eiy,3,хӳрине,yie,3,3,1,5,53,133,1,FALSE
eiy,3,ӳкнипе,yie,3,3,1,5,53,133,1,FALSE
eiy,3,чӳречи,yei,3,3,1,5,53,133,1,FALSE
eiy,3,ҫӳресси,yei,3,3,1,5,53,133,1,FALSE
eiy,3,тӳпинче,yie,2,3,1,5,53,133,1,FALSE
eiy,3,хӳттинче,yie,2,3,1,5,53,133,1,FALSE
eiy,3,кӳршисем,yie,2,3,1,5,53,133,1,FALSE
eiy,3,чиркӳре,iye,2,3,1,5,53,133,1,FALSE
eiy,3,пӳ-сипе,yie,1,3,1,5,53,133,1,FALSE
eiy,3,ӳкмест-и,yei,1,3,1,5,53,133,1,FALSE
eiy,3,чиркӳпе,iye,1,3,1,5,53,133,1,FALSE
eiy,3,ӳт-тире,yie,1,3,1,5,53,133,1,FALSE
eiy,3,пӳлесси,yei,1,3,1,5,53,133,1,FALSE
eiy,3,кӳнине,yie,1,3,1,5,53,133,1,FALSE
eiy,3,пилӳпе,iye,1,3,1,5,53,133,1,FALSE
eiy,3,кӳршинчех,yie,1,3,1,5,53,133,1,FALSE
eiy,3,чӳречин,yei,1,3,1,5,53,133,1,FALSE
eiy,3,хӳринчен,yie,1,3,1,5,53,133,1,FALSE
eiy,3,тӳсет-ши,yei,1,3,1,5,53,133,1,FALSE
eiy,3,витрӳне,iye,1,3,1,5,53,133,1,FALSE
eiy,3,хиреҫӳ,iey,1,3,1,5,53,133,1,FALSE
eiy,3,пӳрнинче,yie,1,3,1,5,53,133,1,FALSE
eiy,3,ҫӳретни,yei,1,3,1,5,53,133,1,FALSE
eiy,3,пӳрнипех,yie,1,3,1,5,53,133,1,FALSE
eiy,3,чӳхени,yei,1,3,1,5,53,133,1,FALSE
eiy,3,тӳснине,yie,1,3,1,5,53,133,1,FALSE
eiy,3,кӳлепи,yei,1,3,1,5,53,133,1,FALSE
eiy,3,инкекӳ,iey,1,3,1,5,53,133,1,FALSE
eiy,3,хӳрешки,yei,1,3,1,5,53,133,1,FALSE
eiy,3,кӳршине,yie,1,3,1,5,53,133,1,FALSE
eiy,3,хӳшшинче,yie,1,3,1,5,53,133,1,FALSE
eiy,3,ӳснине,yie,1,3,1,5,53,133,1,FALSE
eiy,3,ҫӳпҫинче,yie,1,3,1,5,53,133,1,FALSE
eiy,3,пишпӳлек,iye,1,3,1,5,53,133,1,FALSE
eiy,3,хӳттине,yie,1,3,1,5,53,133,1,FALSE
eiy,3,илӳре,iye,1,3,1,5,53,133,1,FALSE
eiy,3,ӳснипе,yie,1,3,1,5,53,133,1,FALSE
eiy,3,хӳттипе,yie,1,3,1,5,53,133,1,FALSE
eiy,3,ҫӳлтисем,yie,1,3,1,5,53,133,1,FALSE
eiy,3,киленӳ,iey,1,3,1,5,53,133,1,FALSE
eiy,3,пиччӳпе,iye,1,3,1,5,53,133,1,FALSE
eeøu,4,куҫӗсене,uøee,35,4,1,4,31,128,1,FALSE
eeøu,4,куҫӗсемпе,uøee,24,4,1,4,31,128,1,FALSE
eeøu,4,пуҫӗсене,uøee,18,4,1,4,31,128,1,FALSE
eeøu,4,куҫӗсенче,uøee,8,4,1,4,31,128,1,FALSE
eeøu,4,ҫулӗсенче,uøee,5,4,1,4,31,128,1,FALSE
eeøu,4,ҫурчӗсене,uøee,3,4,1,4,31,128,1,FALSE
eeøu,4,куҫӗсенчен,uøee,3,4,1,4,31,128,1,FALSE
eeøu,4,ҫулӗсене,uøee,2,4,1,4,31,128,1,FALSE
eeøu,4,кунӗсенче,uøee,2,4,1,4,31,128,1,FALSE
eeøu,4,хумӗсене,uøee,2,4,1,4,31,128,1,FALSE
eeøu,4,чӗркуҫленсе,øuee,2,4,1,4,31,128,1,FALSE
eeøu,4,кучӗсене,uøee,2,4,1,4,31,128,1,FALSE
eeøu,4,чунӗсене,uøee,2,4,1,4,31,128,1,FALSE
eeøu,4,тусӗсене,uøee,2,4,1,4,31,128,1,FALSE
eeøu,4,куҫӗнченех,uøee,2,4,1,4,31,128,1,FALSE
eeøu,4,хучӗсемпе,uøee,1,4,1,4,31,128,1,FALSE
eeøu,4,ҫулӗпелен,uøee,1,4,1,4,31,128,1,FALSE
eeøu,4,пункчӗсене,uøee,1,4,1,4,31,128,1,FALSE
eeøu,4,умӗнченех,uøee,1,4,1,4,31,128,1,FALSE
eeøu,4,кунӗсенчех,uøee,1,4,1,4,31,128,1,FALSE
eeøu,4,ҫурчӗсенче,uøee,1,4,1,4,31,128,1,FALSE
eeøu,4,пуҫӗсемпе,uøee,1,4,1,4,31,128,1,FALSE
eeøu,4,чунӗсенче,uøee,1,4,1,4,31,128,1,FALSE
eeøu,4,уесӗпех,ueøe,1,4,1,4,31,128,1,FALSE
eeøu,4,хумӗсемпе,uøee,1,4,1,4,31,128,1,FALSE
eeøu,4,тусӗсемпе,uøee,1,4,1,4,31,128,1,FALSE
eeøu,4,кӗркуннепе,øuee,1,4,1,4,31,128,1,FALSE
eeøu,4,эльпуҫӗнчен,euøe,1,4,1,4,31,128,1,FALSE
eeøu,4,умӗсене,uøee,1,4,1,4,31,128,1,FALSE
eeøu,4,пункчӗсенче,uøee,1,4,1,4,31,128,1,FALSE
eeøu,4,ресурсӗсен,euøe,1,4,1,4,31,128,1,FALSE
eeei,4,сиккелесе,ieee,9,4,1,4,81,121,1,FALSE
eeei,4,лекнисене,eiee,5,4,1,4,81,121,1,FALSE
eeei,4,тилхепене,ieee,5,4,1,4,81,121,1,FALSE
eeei,4,шикленерех,ieee,3,4,1,4,81,121,1,FALSE
eeei,4,илемленсе,ieee,3,4,1,4,81,121,1,FALSE
eeei,4,хитреленсе,ieee,3,4,1,4,81,121,1,FALSE
eeei,4,витресене,ieee,3,4,1,4,81,121,1,FALSE
eeei,4,хисеплекен,ieee,3,4,1,4,81,121,1,FALSE
eeei,4,темисемпе,eiee,2,4,1,4,81,121,1,FALSE
eeei,4,ҫемйисене,eiee,2,4,1,4,81,121,1,FALSE
eeei,4,витенелле,ieee,2,4,1,4,81,121,1,FALSE
eeei,4,ирттерекен,ieee,2,4,1,4,81,121,1,FALSE
eeei,4,илекенсем,ieee,2,4,1,4,81,121,1,FALSE
eeei,4,ҫитермелле,ieee,2,4,1,4,81,121,1,FALSE
eeei,4,ирттермелле,ieee,2,4,1,4,81,121,1,FALSE
eeei,4,килкелесе,ieee,2,4,1,4,81,121,1,FALSE
eeei,4,ҫеҫкисене,eiee,2,4,1,4,81,121,1,FALSE
eeei,4,пеккисене,eiee,2,4,1,4,81,121,1,FALSE
eeei,4,ҫитереймен,ieee,2,4,1,4,81,121,1,FALSE
eeei,4,черккисене,eiee,2,4,1,4,81,121,1,FALSE
eeei,4,лекнисенчен,eiee,2,4,1,4,81,121,1,FALSE
eeei,4,электрикре,eeie,2,4,1,4,81,121,1,FALSE
eeei,4,килеймесен,ieee,1,4,1,4,81,121,1,FALSE
eeei,4,хитреленме,ieee,1,4,1,4,81,121,1,FALSE
eeei,4,ҫитерессе,ieee,1,4,1,4,81,121,1,FALSE
eeei,4,силлентерсе,ieee,1,4,1,4,81,121,1,FALSE
eeei,4,шиклентерет,ieee,1,4,1,4,81,121,1,FALSE
eeei,4,инҫетренех,ieee,1,4,1,4,81,121,1,FALSE
eeei,4,перкелешни,eeei,1,4,1,4,81,121,1,FALSE
eeei,4,текеннипе,eeie,1,4,1,4,81,121,1,FALSE
eeei,4,ҫерҫисене,eiee,1,4,1,4,81,121,1,FALSE
eeei,4,минретмелле,ieee,1,4,1,4,81,121,1,FALSE
eeei,4,тискерленсе,ieee,1,4,1,4,81,121,1,FALSE
eeei,4,систерейрес,ieee,1,4,1,4,81,121,1,FALSE
eeei,4,киремете,ieee,1,4,1,4,81,121,1,FALSE
eeei,4,ҫитеретех,ieee,1,4,1,4,81,121,1,FALSE
eeei,4,чипертерех,ieee,1,4,1,4,81,121,1,FALSE
eeei,4,ерипенех,eiee,1,4,1,4,81,121,1,FALSE
eeei,4,тепрехинче,eeie,1,4,1,4,81,121,1,FALSE
eeei,4,илкелесе,ieee,1,4,1,4,81,121,1,FALSE
eeei,4,итлекенсем,ieee,1,4,1,4,81,121,1,FALSE
eeei,4,кинемейсем,ieee,1,4,1,4,81,121,1,FALSE
eeei,4,чирлесенех,ieee,1,4,1,4,81,121,1,FALSE
eeei,4,именсерех,ieee,1,4,1,4,81,121,1,FALSE
eeei,4,типтерлесе,ieee,1,4,1,4,81,121,1,FALSE
eeei,4,тивертеймен,ieee,1,4,1,4,81,121,1,FALSE
eeei,4,килентерсе,ieee,1,4,1,4,81,121,1,FALSE
eeei,4,ҫитересрен,ieee,1,4,1,4,81,121,1,FALSE
eeei,4,леҫекенни,eeei,1,4,1,4,81,121,1,FALSE
eeei,4,тилхепепе,ieee,1,4,1,4,81,121,1,FALSE
eeei,4,ҫитерекен,ieee,1,4,1,4,81,121,1,FALSE
eeei,4,пикесемпе,ieee,1,4,1,4,81,121,1,FALSE
eeei,4,леҫмеллине,eeie,1,4,1,4,81,121,1,FALSE
eeei,4,теменнисен,eeie,1,4,1,4,81,121,1,FALSE
eeei,4,систерекен,ieee,1,4,1,4,81,121,1,FALSE
eeei,4,илемлетсе,ieee,1,4,1,4,81,121,1,FALSE
eeei,4,нервисемпе,eiee,1,4,1,4,81,121,1,FALSE
eeei,4,шикленсерех,ieee,1,4,1,4,81,121,1,FALSE
eeei,4,теприсене,eiee,1,4,1,4,81,121,1,FALSE
eeei,4,лекнисемпе,eiee,1,4,1,4,81,121,1,FALSE
eeei,4,ҫикелесе,ieee,1,4,1,4,81,121,1,FALSE
eeei,4,ҫиҫкелесе,ieee,1,4,1,4,81,121,1,FALSE
eeei,4,илтерекен,ieee,1,4,1,4,81,121,1,FALSE
eeei,4,тиркемеллех,ieee,1,4,1,4,81,121,1,FALSE
eeei,4,систермелле,ieee,1,4,1,4,81,121,1,FALSE
eeei,4,тинкеререх,ieee,1,4,1,4,81,121,1,FALSE
eeei,4,илемлетет,ieee,1,4,1,4,81,121,1,FALSE
eeei,4,сессиренех,eiee,1,4,1,4,81,121,1,FALSE
eeei,4,пеккисемпе,eiee,1,4,1,4,81,121,1,FALSE
eeei,4,типтерленсе,ieee,1,4,1,4,81,121,1,FALSE
eeei,4,витесене,ieee,1,4,1,4,81,121,1,FALSE
eeei,4,шикленмелле,ieee,1,4,1,4,81,121,1,FALSE
eeei,4,сиркелесе,ieee,1,4,1,4,81,121,1,FALSE
eeei,4,енчисене,eiee,1,4,1,4,81,121,1,FALSE
eeei,4,хисеплесе,ieee,1,4,1,4,81,121,1,FALSE
eeei,4,леререххи,eeei,1,4,1,4,81,121,1,FALSE
eeei,4,телейлисем,eeie,1,4,1,4,81,121,1,FALSE
eeei,4,тертленнине,eeie,1,4,1,4,81,121,1,FALSE
eeei,4,эрхипсене,eiee,1,4,1,4,81,121,1,FALSE
eeei,4,килекенпе,ieee,1,4,1,4,81,121,1,FALSE
eeei,4,пичетлесе,ieee,1,4,1,4,81,121,1,FALSE
aaee,4,ачасене,aaee,28,4,1,4,51,112,1,FALSE
aaee,4,ачасемпе,aaee,15,4,1,4,51,112,1,FALSE
aaee,4,ачасенчен,aaee,6,4,1,4,51,112,1,FALSE
aaee,4,лашасене,aaee,6,4,1,4,51,112,1,FALSE
aaee,4,арсентьева,aeea,4,4,1,4,51,112,1,FALSE
aaee,4,асаттесем,aaee,3,4,1,4,51,112,1,FALSE
aaee,4,калавсене,aaee,2,4,1,4,51,112,1,FALSE
aaee,4,калтасемпе,aaee,2,4,1,4,51,112,1,FALSE
aaee,4,ҫарансене,aaee,2,4,1,4,51,112,1,FALSE
aaee,4,калчасемпе,aaee,2,4,1,4,51,112,1,FALSE
aaee,4,самантсене,aaee,2,4,1,4,51,112,1,FALSE
aaee,4,хаҫатсемпе,aaee,1,4,1,4,51,112,1,FALSE
aaee,4,таварсене,aaee,1,4,1,4,51,112,1,FALSE
aaee,4,арсентьевпа,aeea,1,4,1,4,51,112,1,FALSE
aaee,4,пасарсенчен,aaee,1,4,1,4,51,112,1,FALSE
aaee,4,лашасемпе,aaee,1,4,1,4,51,112,1,FALSE
aaee,4,лейтенанта,eeaa,1,4,1,4,51,112,1,FALSE
aaee,4,патаксене,aaee,1,4,1,4,51,112,1,FALSE
aaee,4,рамансене,aaee,1,4,1,4,51,112,1,FALSE
aaee,4,хайлавсене,aaee,1,4,1,4,51,112,1,FALSE
aaee,4,пасарсенче,aaee,1,4,1,4,51,112,1,FALSE
aaee,4,лапамсене,aaee,1,4,1,4,51,112,1,FALSE
aaee,4,самантсенче,aaee,1,4,1,4,51,112,1,FALSE
aaee,4,хаҫатсерен,aaee,1,4,1,4,51,112,1,FALSE
aaee,4,лашасенчен,aaee,1,4,1,4,51,112,1,FALSE
aaee,4,рамансемпе,aaee,1,4,1,4,51,112,1,FALSE
aaee,4,халатсемпе,aaee,1,4,1,4,51,112,1,FALSE
aaee,4,ачасемех,aaee,1,4,1,4,51,112,1,FALSE
aaee,4,камсем-камсем,aeae,1,4,1,4,51,112,1,FALSE
aaee,4,ачашскерсем,aaee,1,4,1,4,51,112,1,FALSE
aaee,4,карапсене,aaee,1,4,1,4,51,112,1,FALSE
aaee,4,асаннесем,aaee,1,4,1,4,51,112,1,FALSE
aaee,4,ахальтенех,aaee,1,4,1,4,51,112,1,FALSE
aaee,4,капансенчен,aaee,1,4,1,4,51,112,1,FALSE
aaee,4,салтаксемпе,aaee,1,4,1,4,51,112,1,FALSE
aaee,4,аппасемпе,aaee,1,4,1,4,51,112,1,FALSE
aaee,4,ачамсене,aaee,1,4,1,4,51,112,1,FALSE
aaee,4,рамансенчен,aaee,1,4,1,4,51,112,1,FALSE
aaee,4,папкасене,aaee,1,4,1,4,51,112,1,FALSE
aaee,4,каналсене,aaee,1,4,1,4,51,112,1,FALSE
aaee,4,сапасене,aaee,1,4,1,4,51,112,1,FALSE
aaee,4,капансене,aaee,1,4,1,4,51,112,1,FALSE
aaee,4,хастарсене,aaee,1,4,1,4,51,112,1,FALSE
aaee,4,автансене,aaee,1,4,1,4,51,112,1,FALSE
aaee,4,ҫатрасене,aaee,1,4,1,4,51,112,1,FALSE
aaee,4,карателле,aaee,1,4,1,4,51,112,1,FALSE
aaee,4,хапхасене,aaee,1,4,1,4,51,112,1,FALSE
aaee,4,хапхасемпе,aaee,1,4,1,4,51,112,1,FALSE
aaee,4,салтаксене,aaee,1,4,1,4,51,112,1,FALSE
aaee,4,сарайсене,aaee,1,4,1,4,51,112,1,FALSE
aaee,4,хасарсене,aaee,1,4,1,4,51,112,1,FALSE
aaiu,4,шупашкарти,uaai,39,4,1,7,34,105,1,FALSE
aaiu,4,амаҫури,aaui,7,4,1,7,34,105,1,FALSE
aaiu,4,турикаса,uiaa,6,4,1,7,34,105,1,FALSE
aaiu,4,тутарстанри,uaai,5,4,1,7,34,105,1,FALSE
aaiu,4,юнашарти,uaai,3,4,1,7,34,105,1,FALSE
aaiu,4,улталани,uaai,3,4,1,7,34,105,1,FALSE
aaiu,4,минутранах,iuaa,3,4,1,7,34,105,1,FALSE
aaiu,4,нушаланни,uaai,3,4,1,7,34,105,1,FALSE
aaiu,4,юсанмалли,uaai,3,4,1,7,34,105,1,FALSE
aaiu,4,пулайманни,uaai,3,4,1,7,34,105,1,FALSE
aaiu,4,апчхулатни,auai,3,4,1,7,34,105,1,FALSE
aaiu,4,урамалли,uaai,2,4,1,7,34,105,1,FALSE
aaiu,4,пултарасси,uaai,2,4,1,7,34,105,1,FALSE
aaiu,4,упрамалли,uaai,2,4,1,7,34,105,1,FALSE
aaiu,4,ҫуратмалли,uaai,2,4,1,7,34,105,1,FALSE
aaiu,4,тупайманни,uaai,1,4,1,7,34,105,1,FALSE
aaiu,4,уҫламалли,uaai,1,4,1,7,34,105,1,FALSE
aaiu,4,юсамалли,uaai,1,4,1,7,34,105,1,FALSE
aaiu,4,акчурина,auia,1,4,1,7,34,105,1,FALSE
aaiu,4,утмалла-ши,uaai,1,4,1,7,34,105,1,FALSE
aaiu,4,минутранпа,iuaa,1,4,1,7,34,105,1,FALSE
aaiu,4,кунашкалли,uaai,1,4,1,7,34,105,1,FALSE
aaiu,4,турттарманни,uaai,1,4,1,7,34,105,1,FALSE
aaiu,4,утияла,uiaa,1,4,1,7,34,105,1,FALSE
aaiu,4,хусахматри,uaai,1,4,1,7,34,105,1,FALSE
aaiu,4,тухайманни,uaai,1,4,1,7,34,105,1,FALSE
aaiu,4,чуманкасси,uaai,1,4,1,7,34,105,1,FALSE
aaiu,4,микулана,iuaa,1,4,1,7,34,105,1,FALSE
aaiu,4,ҫухатман-и,uaai,1,4,1,7,34,105,1,FALSE
aaiu,4,хуҫкаланни,uaai,1,4,1,7,34,105,1,FALSE
aaiu,4,валюшка-и,auai,1,4,1,7,34,105,1,FALSE
aaiu,4,хуҫаланни,uaai,1,4,1,7,34,105,1,FALSE
aaiu,4,каникулпа,aiua,1,4,1,7,34,105,1,FALSE
aaiu,4,унашкалли,uaai,1,4,1,7,34,105,1,FALSE
eeiu,4,урисене,uiee,17,4,1,5,41,89,1,FALSE
eeiu,4,урисемпе,uiee,9,4,1,5,41,89,1,FALSE
eeiu,4,тутисене,uiee,6,4,1,5,41,89,1,FALSE
eeiu,4,тухичченех,uiee,3,4,1,5,41,89,1,FALSE
eeiu,4,тутисемпе,uiee,3,4,1,5,41,89,1,FALSE
eeiu,4,хупписене,uiee,3,4,1,5,41,89,1,FALSE
eeiu,4,юррисене,uiee,3,4,1,5,41,89,1,FALSE
eeiu,4,минутсенче,iuee,3,4,1,5,41,89,1,FALSE
eeiu,4,учительсем,uiee,3,4,1,5,41,89,1,FALSE
eeiu,4,хуҫисене,uiee,2,4,1,5,41,89,1,FALSE
eeiu,4,чухнехине,ueie,2,4,1,5,41,89,1,FALSE
eeiu,4,чухнехинчен,ueie,2,4,1,5,41,89,1,FALSE
eeiu,4,учительпе,uiee,2,4,1,5,41,89,1,FALSE
eeiu,4,тунисене,uiee,2,4,1,5,41,89,1,FALSE
eeiu,4,ҫимунсене,iuee,2,4,1,5,41,89,1,FALSE
eeiu,4,пурттипеле,uiee,2,4,1,5,41,89,1,FALSE
eeiu,4,тумне-ҫийне,ueie,1,4,1,5,41,89,1,FALSE
eeiu,4,ҫулҫисене,uiee,1,4,1,5,41,89,1,FALSE
eeiu,4,пуҫҫисене,uiee,1,4,1,5,41,89,1,FALSE
eeiu,4,хурисемпе,uiee,1,4,1,5,41,89,1,FALSE
eeiu,4,тупписене,uiee,1,4,1,5,41,89,1,FALSE
eeiu,4,хулисене,uiee,1,4,1,5,41,89,1,FALSE
eeiu,4,пуплемест-ши,ueei,1,4,1,5,41,89,1,FALSE
eeiu,4,ҫуттисене,uiee,1,4,1,5,41,89,1,FALSE
eeiu,4,минутченех,iuee,1,4,1,5,41,89,1,FALSE
eeiu,4,юррисенчен,uiee,1,4,1,5,41,89,1,FALSE
eeiu,4,юлнисене,uiee,1,4,1,5,41,89,1,FALSE
eeiu,4,шуррисене,uiee,1,4,1,5,41,89,1,FALSE
eeiu,4,вуллисене,uiee,1,4,1,5,41,89,1,FALSE
eeiu,4,пурисене,uiee,1,4,1,5,41,89,1,FALSE
eeiu,4,укҫисемпе,uiee,1,4,1,5,41,89,1,FALSE
eeiu,4,пусмисене,uiee,1,4,1,5,41,89,1,FALSE
eeiu,4,хунисене,uiee,1,4,1,5,41,89,1,FALSE
eeiu,4,туприсене,uiee,1,4,1,5,41,89,1,FALSE
eeiu,4,юписене,uiee,1,4,1,5,41,89,1,FALSE
eeiu,4,хушшисемпе,uiee,1,4,1,5,41,89,1,FALSE
eeiu,4,униҫҫерен,uiee,1,4,1,5,41,89,1,FALSE
eeiu,4,пуплешнипе,ueie,1,4,1,5,41,89,1,FALSE
eeiu,4,куписемпе,uiee,1,4,1,5,41,89,1,FALSE
eeiu,4,кумккисемпе,uiee,1,4,1,5,41,89,1,FALSE
eeiu,4,экскурсие,euie,1,4,1,5,41,89,1,FALSE
aiʉ,3,ытлашши,ʉai,32,3,1,3,28,76,1,FALSE
aiʉ,3,ыранхи,ʉai,6,3,1,3,28,76,1,FALSE
aiʉ,3,тытмалли,ʉai,4,3,1,3,28,76,1,FALSE
aiʉ,3,ытарли,ʉai,3,3,1,3,28,76,1,FALSE
aiʉ,3,ҫичҫырма,iʉa,2,3,1,3,28,76,1,FALSE
aiʉ,3,арҫынни,aʉi,2,3,1,3,28,76,1,FALSE
aiʉ,3,ҫыранти,ʉai,2,3,1,3,28,76,1,FALSE
aiʉ,3,ҫырмари,ʉai,2,3,1,3,28,76,1,FALSE
aiʉ,3,ытлари,ʉai,2,3,1,3,28,76,1,FALSE
aiʉ,3,выляни,ʉai,2,3,1,3,28,76,1,FALSE
aiʉ,3,шырани,ʉai,2,3,1,3,28,76,1,FALSE
aiʉ,3,ыратми,ʉai,1,3,1,3,28,76,1,FALSE
aiʉ,3,тытассин,ʉai,1,3,1,3,28,76,1,FALSE
aiʉ,3,сыхланни,ʉai,1,3,1,3,28,76,1,FALSE
aiʉ,3,сывлайми,ʉai,1,3,1,3,28,76,1,FALSE
aiʉ,3,тытманни,ʉai,1,3,1,3,28,76,1,FALSE
aiʉ,3,килйышра,iʉa,1,3,1,3,28,76,1,FALSE
aiʉ,3,ҫывхарни,ʉai,1,3,1,3,28,76,1,FALSE
aiʉ,3,ҫыравҫи,ʉai,1,3,1,3,28,76,1,FALSE
aiʉ,3,ҫыранри,ʉai,1,3,1,3,28,76,1,FALSE
aiʉ,3,пылакки,ʉai,1,3,1,3,28,76,1,FALSE
aiʉ,3,килйышран,iʉa,1,3,1,3,28,76,1,FALSE
aiʉ,3,ыратни,ʉai,1,3,1,3,28,76,1,FALSE
aiʉ,3,сывлани,ʉai,1,3,1,3,28,76,1,FALSE
aiʉ,3,пымалли,ʉai,1,3,1,3,28,76,1,FALSE
aiʉ,3,пырасси,ʉai,1,3,1,3,28,76,1,FALSE
aiʉ,3,сыпмалли,ʉai,1,3,1,3,28,76,1,FALSE
aiʉ,3,ҫыравҫин,ʉai,1,3,1,3,28,76,1,FALSE
aeeu,4,урамсенче,uaee,6,4,1,2,41,70,1,FALSE
aeeu,4,уявсенче,uaee,5,4,1,2,41,70,1,FALSE
aeeu,4,пукансене,uaee,4,4,1,2,41,70,1,FALSE
aeeu,4,туратсене,uaee,4,4,1,2,41,70,1,FALSE
aeeu,4,упаленсе,uaee,3,4,1,2,41,70,1,FALSE
aeeu,4,хуласене,uaee,3,4,1,2,41,70,1,FALSE
aeeu,4,урамсене,uaee,3,4,1,2,41,70,1,FALSE
aeeu,4,урасене,uaee,2,4,1,2,41,70,1,FALSE
aeeu,4,урамсемпе,uaee,2,4,1,2,41,70,1,FALSE
aeeu,4,ҫунатсемпе,uaee,2,4,1,2,41,70,1,FALSE
aeeu,4,аллусене,auee,2,4,1,2,41,70,1,FALSE
aeeu,4,хунавсене,uaee,2,4,1,2,41,70,1,FALSE
aeeu,4,юлташсенчен,uaee,2,4,1,2,41,70,1,FALSE
aeeu,4,юлташсемпе,uaee,2,4,1,2,41,70,1,FALSE
aeeu,4,урайнелле,uaee,2,4,1,2,41,70,1,FALSE
aeeu,4,урасемпе,uaee,1,4,1,2,41,70,1,FALSE
aeeu,4,хуҫасене,uaee,1,4,1,2,41,70,1,FALSE
aeeu,4,юлташсене,uaee,1,4,1,2,41,70,1,FALSE
aeeu,4,чарусене,auee,1,4,1,2,41,70,1,FALSE
aeeu,4,пуканелле,uaee,1,4,1,2,41,70,1,FALSE
aeeu,4,кулаксене,uaee,1,4,1,2,41,70,1,FALSE
aeeu,4,вакунсенче,auee,1,4,1,2,41,70,1,FALSE
aeeu,4,тутарсене,uaee,1,4,1,2,41,70,1,FALSE
aeeu,4,тунасемпе,uaee,1,4,1,2,41,70,1,FALSE
aeeu,4,пусмасене,uaee,1,4,1,2,41,70,1,FALSE
aeeu,4,юмансене,uaee,1,4,1,2,41,70,1,FALSE
aeeu,4,шуйттансене,uaee,1,4,1,2,41,70,1,FALSE
aeeu,4,яппунсемпе,auee,1,4,1,2,41,70,1,FALSE
aeeu,4,паккуссене,auee,1,4,1,2,41,70,1,FALSE
aeeu,4,ҫунатсене,uaee,1,4,1,2,41,70,1,FALSE
aeeu,4,вакунсене,auee,1,4,1,2,41,70,1,FALSE
aeeu,4,кукаҫейпе,uaee,1,4,1,2,41,70,1,FALSE
aeeu,4,хурахсене,uaee,1,4,1,2,41,70,1,FALSE
aeeu,4,мулкачсене,uaee,1,4,1,2,41,70,1,FALSE
aeeu,4,пуянсене,uaee,1,4,1,2,41,70,1,FALSE
aeeu,4,хуласемпе,uaee,1,4,1,2,41,70,1,FALSE
aeeu,4,сухасене,uaee,1,4,1,2,41,70,1,FALSE
aeeu,4,пуканене,uaee,1,4,1,2,41,70,1,FALSE
aeeu,4,ҫунасене,uaee,1,4,1,2,41,70,1,FALSE
aeeu,4,укҫасене,uaee,1,4,1,2,41,70,1,FALSE
aeeu,4,сухансене,uaee,1,4,1,2,41,70,1,FALSE
eeiy,4,ҫӳренине,yeie,11,4,1,6,31,64,1,FALSE
eeiy,4,пӳрнисене,yiee,5,4,1,6,31,64,1,FALSE
eeiy,4,тӳмисене,yiee,5,4,1,6,31,64,1,FALSE
eeiy,4,ҫӳренипе,yeie,4,4,1,6,31,64,1,FALSE
eeiy,4,пӳрнисемпе,yiee,4,4,1,6,31,64,1,FALSE
eeiy,4,чӳречинчен,yeie,3,4,1,6,31,64,1,FALSE
eeiy,4,чӳречине,yeie,2,4,1,6,31,64,1,FALSE
eeiy,4,хӳрисемпе,yiee,2,4,1,6,31,64,1,FALSE
eeiy,4,ҫӳренинчен,yeie,2,4,1,6,31,64,1,FALSE
eeiy,4,ҫӳремелли,yeei,2,4,1,6,31,64,1,FALSE
eeiy,4,кӳренмелли,yeei,2,4,1,6,31,64,1,FALSE
eeiy,4,ҫӳренисем,yeie,2,4,1,6,31,64,1,FALSE
eeiy,4,сӳнтересси,yeei,2,4,1,6,31,64,1,FALSE
eeiy,4,чӳхеннине,yeie,1,4,1,6,31,64,1,FALSE
eeiy,4,сӳленкине,yeie,1,4,1,6,31,64,1,FALSE
eeiy,4,кӳршисенчен,yiee,1,4,1,6,31,64,1,FALSE
eeiy,4,кӳршисене,yiee,1,4,1,6,31,64,1,FALSE
eeiy,4,ӳкернине,yeie,1,4,1,6,31,64,1,FALSE
eeiy,4,кӳршисемпе,yiee,1,4,1,6,31,64,1,FALSE
eeiy,4,ертӳҫине,eyie,1,4,1,6,31,64,1,FALSE
eeiy,4,ҫӳҫисене,yiee,1,4,1,6,31,64,1,FALSE
eeiy,4,кӳреннине,yeie,1,4,1,6,31,64,1,FALSE
eeiy,4,кӳрентерни,yeei,1,4,1,6,31,64,1,FALSE
eeiy,4,тӳленине,yeie,1,4,1,6,31,64,1,FALSE
eeiy,4,ертӳҫисем,eyie,1,4,1,6,31,64,1,FALSE
eeiy,4,ӳпкелешни,yeei,1,4,1,6,31,64,1,FALSE
eeiy,4,кӳреннисем,yeie,1,4,1,6,31,64,1,FALSE
eeiy,4,тӳнтермелли,yeei,1,4,1,6,31,64,1,FALSE
eeiy,4,киленӳрен,ieye,1,4,1,6,31,64,1,FALSE
eeiy,4,кӳреннипе,yeie,1,4,1,6,31,64,1,FALSE
eeiy,4,илӳсемпе,iyee,1,4,1,6,31,64,1,FALSE
iy,2,ҫӳлти,yi,18,2,1,2,18,57,1,FALSE
iy,2,хӳри,yi,5,2,1,2,18,57,1,FALSE
iy,2,тӳпи,yi,4,2,1,2,18,57,1,FALSE
iy,2,ӳсни,yi,4,2,1,2,18,57,1,FALSE
iy,2,ӳкни,yi,4,2,1,2,18,57,1,FALSE
iy,2,илӳ,iy,4,2,1,2,18,57,1,FALSE
iy,2,чиркӳ,iy,3,2,1,2,18,57,1,FALSE
iy,2,кӳлли,yi,2,2,1,2,18,57,1,FALSE
iy,2,сӳнми,yi,2,2,1,2,18,57,1,FALSE
iy,2,пӳртри,yi,2,2,1,2,18,57,1,FALSE
iy,2,пӳ-си,yi,2,2,1,2,18,57,1,FALSE
iy,2,питӳ,iy,1,2,1,2,18,57,1,FALSE
iy,2,кӳрши,yi,1,2,1,2,18,57,1,FALSE
iy,2,ӳснин,yi,1,2,1,2,18,57,1,FALSE
iy,2,тӳми,yi,1,2,1,2,18,57,1,FALSE
iy,2,ҫӳппи,yi,1,2,1,2,18,57,1,FALSE
iy,2,шӳрпи,yi,1,2,1,2,18,57,1,FALSE
iy,2,инкӳ,iy,1,2,1,2,18,57,1,FALSE
aaae,4,япаласем,aaae,16,4,1,4,19,55,1,FALSE
aaae,4,ларакансем,aaae,8,4,1,4,19,55,1,FALSE
aaae,4,лараканскер,aaae,8,4,1,4,19,55,1,FALSE
aaae,4,касакансем,aaae,4,4,1,4,19,55,1,FALSE
aaae,4,ананьева,aaea,2,4,1,4,19,55,1,FALSE
aaae,4,паллакансем,aaae,2,4,1,4,19,55,1,FALSE
aaae,4,касакансен,aaae,2,4,1,4,19,55,1,FALSE
aaae,4,япаласен,aaae,2,4,1,4,19,55,1,FALSE
aaae,4,чапаева,aaea,1,4,1,4,19,55,1,FALSE
aaae,4,сапакасем,aaae,1,4,1,4,19,55,1,FALSE
aaae,4,аверьяна,aeaa,1,4,1,4,19,55,1,FALSE
aaae,4,каякансем,aaae,1,4,1,4,19,55,1,FALSE
aaae,4,калакансем,aaae,1,4,1,4,19,55,1,FALSE
aaae,4,чапаевпа,aaea,1,4,1,4,19,55,1,FALSE
aaae,4,чавакансем,aaae,1,4,1,4,19,55,1,FALSE
aaae,4,ларакансен,aaae,1,4,1,4,19,55,1,FALSE
aaae,4,салаева,aaea,1,4,1,4,19,55,1,FALSE
aaae,4,терт-асапра,eaaa,1,4,1,4,19,55,1,FALSE
aaae,4,препаратпа,eaaa,1,4,1,4,19,55,1,FALSE
aeeɵ,4,хӑнасене,ɵaee,10,4,1,5,37,54,1,FALSE
aeeɵ,4,сӑмахсене,ɵaee,3,4,1,5,37,54,1,FALSE
aeeɵ,4,панӑскере,aɵee,3,4,1,5,37,54,1,FALSE
aeeɵ,4,арӑмсене,aɵee,2,4,1,5,37,54,1,FALSE
aeeɵ,4,ватӑсене,aɵee,2,4,1,5,37,54,1,FALSE
aeeɵ,4,таркӑнсемпе,aɵee,2,4,1,5,37,54,1,FALSE
aeeɵ,4,эрех-сӑра,eeɵa,2,4,1,5,37,54,1,FALSE
aeeɵ,4,халӑхсене,aɵee,1,4,1,5,37,54,1,FALSE
aeeɵ,4,ҫамрӑксене,aɵee,1,4,1,5,37,54,1,FALSE
aeeɵ,4,ваннӑсемпе,aɵee,1,4,1,5,37,54,1,FALSE
aeeɵ,4,аннӑскерне,aɵee,1,4,1,5,37,54,1,FALSE
aeeɵ,4,тайлӑмсенче,aɵee,1,4,1,5,37,54,1,FALSE
aeeɵ,4,пӑчасемпе,ɵaee,1,4,1,5,37,54,1,FALSE
aeeɵ,4,йӑмрасенчен,ɵaee,1,4,1,5,37,54,1,FALSE
aeeɵ,4,сасӑсенче,aɵee,1,4,1,5,37,54,1,FALSE
aeeɵ,4,сӑлтавсене,ɵaee,1,4,1,5,37,54,1,FALSE
aeeɵ,4,чӑвашсене,ɵaee,1,4,1,5,37,54,1,FALSE
aeeɵ,4,маннӑскере,aɵee,1,4,1,5,37,54,1,FALSE
aeeɵ,4,йӑрансене,ɵaee,1,4,1,5,37,54,1,FALSE
aeeɵ,4,айлӑмсене,aɵee,1,4,1,5,37,54,1,FALSE
aeeɵ,4,ҫамрӑкскере,aɵee,1,4,1,5,37,54,1,FALSE
aeeɵ,4,светланӑсен,eaɵe,1,4,1,5,37,54,1,FALSE
aeeɵ,4,алӑсемпе,aɵee,1,4,1,5,37,54,1,FALSE
aeeɵ,4,хӑмасене,ɵaee,1,4,1,5,37,54,1,FALSE
aeeɵ,4,сасӑсене,aɵee,1,4,1,5,37,54,1,FALSE
aeeɵ,4,парӑмсене,aɵee,1,4,1,5,37,54,1,FALSE
aeeɵ,4,хӑмасенчен,ɵaee,1,4,1,5,37,54,1,FALSE
aeeɵ,4,пӑвансемпе,ɵaee,1,4,1,5,37,54,1,FALSE
aeeɵ,4,сӑмахсенчен,ɵaee,1,4,1,5,37,54,1,FALSE
aeeɵ,4,паллӑсемпе,aɵee,1,4,1,5,37,54,1,FALSE
aeeɵ,4,аллӑсенче,aɵee,1,4,1,5,37,54,1,FALSE
aeeɵ,4,аленӑсем,aeɵe,1,4,1,5,37,54,1,FALSE
aeeɵ,4,премьерӑна,eeɵa,1,4,1,5,37,54,1,FALSE
aeeɵ,4,пӑвансене,ɵaee,1,4,1,5,37,54,1,FALSE
aeeɵ,4,йӑмрасене,ɵaee,1,4,1,5,37,54,1,FALSE
aeeɵ,4,планетӑсем,aeɵe,1,4,1,5,37,54,1,FALSE
aeeɵ,4,янӑскере,aɵee,1,4,1,5,37,54,1,FALSE
aiɵu,4,куратӑн-и,uaɵi,8,4,1,4,29,51,1,FALSE
aiɵu,4,пурӑнмалли,uɵai,7,4,1,4,29,51,1,FALSE
aiɵu,4,улатӑрти,uaɵi,4,4,1,4,29,51,1,FALSE
aiɵu,4,юманлӑхри,uaɵi,3,4,1,4,29,51,1,FALSE
aiɵu,4,пулӑшмалли,uɵai,2,4,1,4,29,51,1,FALSE
aiɵu,4,пулӑшасси,uɵai,2,4,1,4,29,51,1,FALSE
aiɵu,4,ҫутӑласси,uɵai,2,4,1,4,29,51,1,FALSE
aiɵu,4,чухлатӑн-и,uaɵi,2,4,1,4,29,51,1,FALSE
aiɵu,4,ҫуралтӑр-и,uaɵi,1,4,1,4,29,51,1,FALSE
aiɵu,4,пуҫтарӑнни,uaɵi,1,4,1,4,29,51,1,FALSE
aiɵu,4,курмарӑн-и,uaɵi,1,4,1,4,29,51,1,FALSE
aiɵu,4,шутлатӑн-им,uaɵi,1,4,1,4,29,51,1,FALSE
aiɵu,4,курмарӑр-и,uaɵi,1,4,1,4,29,51,1,FALSE
aiɵu,4,ютшӑнасси,uɵai,1,4,1,4,29,51,1,FALSE
aiɵu,4,хурт-кӑпшанки,uɵai,1,4,1,4,29,51,1,FALSE
aiɵu,4,юсанӑн-ши,uaɵi,1,4,1,4,29,51,1,FALSE
aiɵu,4,пултарӑн-ши,uaɵi,1,4,1,4,29,51,1,FALSE
aiɵu,4,хурӑнкасри,uɵai,1,4,1,4,29,51,1,FALSE
aiɵu,4,куратӑр-и,uaɵi,1,4,1,4,29,51,1,FALSE
aiɵu,4,пушантӑн-и,uaɵi,1,4,1,4,29,51,1,FALSE
aiɵu,4,тухатӑн-и,uaɵi,1,4,1,4,29,51,1,FALSE
aiɵu,4,тупаймӑн-и,uaɵi,1,4,1,4,29,51,1,FALSE
aiɵu,4,хуҫалӑхри,uaɵi,1,4,1,4,29,51,1,FALSE
aiɵu,4,ҫуллӑха-и,uɵai,1,4,1,4,29,51,1,FALSE
aiɵu,4,курмастӑн-им,uaɵi,1,4,1,4,29,51,1,FALSE
aiɵu,4,ҫапӑҫури,aɵui,1,4,1,4,29,51,1,FALSE
aiɵu,4,искусствӑлла,iuɵa,1,4,1,4,29,51,1,FALSE
aiɵu,4,минутлӑха,iuɵa,1,4,1,4,29,51,1,FALSE
aiɵu,4,пурнӑмалли,uɵai,1,4,1,4,29,51,1,FALSE
aaai,4,макариха,aaia,16,4,1,4,23,50,1,FALSE
aaai,4,тасатмалли,aaai,4,4,1,4,23,50,1,FALSE
aaai,4,каламалли,aaai,3,4,1,4,23,50,1,FALSE
aaai,4,калаҫмалли,aaai,3,4,1,4,23,50,1,FALSE
aaai,4,самарина,aaia,3,4,1,4,23,50,1,FALSE
aaai,4,авланасси,aaai,2,4,1,4,23,50,1,FALSE
aaai,4,ҫинахвана,iaaa,2,4,1,4,23,50,1,FALSE
aaai,4,аталанни,aaai,2,4,1,4,23,50,1,FALSE
aaai,4,каяраххи,aaai,1,4,1,4,23,50,1,FALSE
aaai,4,асанкасси,aaai,1,4,1,4,23,50,1,FALSE
aaai,4,аппаланни,aaai,1,4,1,4,23,50,1,FALSE
aaai,4,паллаканни,aaai,1,4,1,4,23,50,1,FALSE
aaai,4,касмалла-и,aaai,1,4,1,4,23,50,1,FALSE
aaai,4,австрийскаян,aiaa,1,4,1,4,23,50,1,FALSE
aaai,4,сапламалли,aaai,1,4,1,4,23,50,1,FALSE
aaai,4,калаҫасси,aaai,1,4,1,4,23,50,1,FALSE
aaai,4,ялтанах-и,aaai,1,4,1,4,23,50,1,FALSE
aaai,4,капитана,aiaa,1,4,1,4,23,50,1,FALSE
aaai,4,ашмарина,aaia,1,4,1,4,23,50,1,FALSE
aaai,4,тасатасси,aaai,1,4,1,4,23,50,1,FALSE
aaai,4,калаҫманни,aaai,1,4,1,4,23,50,1,FALSE
aaai,4,каламан-и,aaai,1,4,1,4,23,50,1,FALSE
aaai,4,митрахвана,iaaa,1,4,1,4,23,50,1,FALSE
aauu,4,туха-туха,uaua,5,4,1,2,24,48,1,FALSE
aauu,4,кула-кула,uaua,4,4,1,2,24,48,1,FALSE
aauu,4,юратупа,uaua,4,4,1,2,24,48,1,FALSE
aauu,4,чулхулара,uuaa,4,4,1,2,24,48,1,FALSE
aauu,4,курупкара,uuaa,4,4,1,2,24,48,1,FALSE
aauu,4,юратура,uaua,3,4,1,2,24,48,1,FALSE
aauu,4,пуратурхан,uaua,3,4,1,2,24,48,1,FALSE
aauu,4,ҫура-ҫура,uaua,2,4,1,2,24,48,1,FALSE
aauu,4,хуйха-суйха,uaua,2,4,1,2,24,48,1,FALSE
aauu,4,суйла-суйла,uaua,2,4,1,2,24,48,1,FALSE
aauu,4,юлташупа,uaua,2,4,1,2,24,48,1,FALSE
aauu,4,кула-кулах,uaua,1,4,1,2,24,48,1,FALSE
aauu,4,хуҫа-хуҫа,uaua,1,4,1,2,24,48,1,FALSE
aauu,4,куккукласа,uuaa,1,4,1,2,24,48,1,FALSE
aauu,4,уса-уса,uaua,1,4,1,2,24,48,1,FALSE
aauu,4,сула-сула,uaua,1,4,1,2,24,48,1,FALSE
aauu,4,сура-сура,uaua,1,4,1,2,24,48,1,FALSE
aauu,4,шутла-шутла,uaua,1,4,1,2,24,48,1,FALSE
aauu,4,утсан-утсан,uaua,1,4,1,2,24,48,1,FALSE
aauu,4,тумла-тумла,uaua,1,4,1,2,24,48,1,FALSE
aauu,4,пурра-ҫукка,uaua,1,4,1,2,24,48,1,FALSE
aauu,4,уха-уха,uaua,1,4,1,2,24,48,1,FALSE
aauu,4,юланутпа,uaua,1,4,1,2,24,48,1,FALSE
aauu,4,курпунтарах,uuaa,1,4,1,2,24,48,1,FALSE
eeɵ,3,хӑйсене,ɵee,27,3,1,2,11,47,1,FALSE
eeɵ,3,ӑшнелле,ɵee,5,3,1,2,11,47,1,FALSE
eeɵ,3,хӑйсемех,ɵee,4,3,1,2,11,47,1,FALSE
eeɵ,3,вӑйсене,ɵee,2,3,1,2,11,47,1,FALSE
eeɵ,3,мерӑсем,eɵe,2,3,1,2,11,47,1,FALSE
eeɵ,3,хӑйсемпе,ɵee,2,3,1,2,11,47,1,FALSE
eeɵ,3,сӑнсене,ɵee,1,3,1,2,11,47,1,FALSE
eeɵ,3,чӑхсене,ɵee,1,3,1,2,11,47,1,FALSE
eeɵ,3,мӑрьерен,ɵee,1,3,1,2,11,47,1,FALSE
eeɵ,3,темӑсем,eɵe,1,3,1,2,11,47,1,FALSE
eeɵ,3,мӑрьере,ɵee,1,3,1,2,11,47,1,FALSE
aaeu,4,шутяева,uaea,8,4,1,3,23,45,1,FALSE
aaeu,4,хушаматне,uaae,6,4,1,3,23,45,1,FALSE
aaeu,4,урапасем,uaae,6,4,1,3,23,45,1,FALSE
aaeu,4,куракансем,uaae,4,4,1,3,23,45,1,FALSE
aaeu,4,калаҫусем,aaue,2,4,1,3,23,45,1,FALSE
aaeu,4,пухакансем,uaae,2,4,1,3,23,45,1,FALSE
aaeu,4,юрлакансем,uaae,1,4,1,3,23,45,1,FALSE
aaeu,4,хуракансен,uaae,1,4,1,3,23,45,1,FALSE
aaeu,4,аслаҫусен,aaue,1,4,1,3,23,45,1,FALSE
aaeu,4,юрататех,uaae,1,4,1,3,23,45,1,FALSE
aaeu,4,ҫунакансем,uaae,1,4,1,3,23,45,1,FALSE
aaeu,4,лутрарахскер,uaae,1,4,1,3,23,45,1,FALSE
aaeu,4,хуракансем,uaae,1,4,1,3,23,45,1,FALSE
aaeu,4,уҫакансем,uaae,1,4,1,3,23,45,1,FALSE
aaeu,4,урхамахне,uaae,1,4,1,3,23,45,1,FALSE
aaeu,4,тухакансем,uaae,1,4,1,3,23,45,1,FALSE
aaeu,4,каракульрен,aaue,1,4,1,3,23,45,1,FALSE
aaeu,4,сутакансен,uaae,1,4,1,3,23,45,1,FALSE
aaeu,4,усачева,uaea,1,4,1,3,23,45,1,FALSE
aaeu,4,кукамайсем,uaae,1,4,1,3,23,45,1,FALSE
aaeu,4,юратманскер,uaae,1,4,1,3,23,45,1,FALSE
aaeu,4,вуламасен,uaae,1,4,1,3,23,45,1,FALSE
aaeu,4,шупашкарне,uaae,1,4,1,3,23,45,1,FALSE
ay,2,аннӳ,ay,19,2,1,2,7,44,1,FALSE
ay,2,ҫӳп-ҫап,ya,13,2,1,2,7,44,1,FALSE
ay,2,сас-чӳ,ay,5,2,1,2,7,44,1,FALSE
ay,2,ӳк-ха,ya,2,2,1,2,7,44,1,FALSE
ay,2,кӳнта,ya,2,2,1,2,7,44,1,FALSE
ay,2,парнӳ,ay,2,2,1,2,7,44,1,FALSE
ay,2,сасчӳ,ay,1,2,1,2,7,44,1,FALSE
aeii,4,васильевич,aiei,25,4,1,5,14,43,1,FALSE
aeii,4,италие,iaie,3,4,1,5,14,43,1,FALSE
aeii,4,пилешкасси,ieai,2,4,1,5,14,43,1,FALSE
aeii,4,машинипе,aiie,2,4,1,5,14,43,1,FALSE
aeii,4,правленири,aeii,2,4,1,5,14,43,1,FALSE
aeii,4,картинкине,aiie,1,4,1,5,14,43,1,FALSE
aeii,4,иккассине,iaie,1,4,1,5,14,43,1,FALSE
aeii,4,чикарккине,iaie,1,4,1,5,14,43,1,FALSE
aeii,4,правилине,aiie,1,4,1,5,14,43,1,FALSE
aeii,4,кайнипе-и,aiei,1,4,1,5,14,43,1,FALSE
aeii,4,пианистсем,iaie,1,4,1,5,14,43,1,FALSE
aeii,4,варринчисем,aiie,1,4,1,5,14,43,1,FALSE
aeii,4,аритмипе,aiie,1,4,1,5,14,43,1,FALSE
aeii,4,рималие,iaie,1,4,1,5,14,43,1,FALSE
iiu,3,хушшинчи,uii,13,3,1,3,12,42,1,FALSE
iiu,3,уринчи,uii,6,3,1,3,12,42,1,FALSE
iiu,3,микули,iui,5,3,1,3,12,42,1,FALSE
iiu,3,умрихин,uii,4,3,1,3,12,42,1,FALSE
iiu,3,хулинчи,uii,3,3,1,3,12,42,1,FALSE
iiu,3,институт,iiu,3,3,1,3,12,42,1,FALSE
iiu,3,килхуҫи,iui,3,3,1,3,12,42,1,FALSE
iiu,3,прихутри,iui,1,3,1,3,12,42,1,FALSE
iiu,3,кукринчи,uii,1,3,1,3,12,42,1,FALSE
iiu,3,тунинчи,uii,1,3,1,3,12,42,1,FALSE
iiu,3,микулин,iui,1,3,1,3,12,42,1,FALSE
iiu,3,усилли,uii,1,3,1,3,12,42,1,FALSE
aaeɵ,4,калаҫӑвне,aaɵe,4,4,1,5,24,40,1,FALSE
aaeɵ,4,шӑлаварне,ɵaae,3,4,1,5,24,40,1,FALSE
aaeɵ,4,светланӑна,eaɵa,3,4,1,5,24,40,1,FALSE
aaeɵ,4,карьерӑра,aeɵa,3,4,1,5,24,40,1,FALSE
aaeɵ,4,алешӑпа,aeɵa,3,4,1,5,24,40,1,FALSE
aaeɵ,4,пахалӑхне,aaɵe,2,4,1,5,24,40,1,FALSE
aaeɵ,4,тӑвакансем,ɵaae,2,4,1,5,24,40,1,FALSE
aaeɵ,4,хастарлӑхне,aaɵe,2,4,1,5,24,40,1,FALSE
aaeɵ,4,пӑхакансем,ɵaae,2,4,1,5,24,40,1,FALSE
aaeɵ,4,тӑвакансен,ɵaae,2,4,1,5,24,40,1,FALSE
aaeɵ,4,паратӑп-ҫке,aaɵe,1,4,1,5,24,40,1,FALSE
aaeɵ,4,парӑнатех,aɵae,1,4,1,5,24,40,1,FALSE
aaeɵ,4,каласшӑнне,aaɵe,1,4,1,5,24,40,1,FALSE
aaeɵ,4,ҫавӑнах-ҫке,aɵae,1,4,1,5,24,40,1,FALSE
aaeɵ,4,тасалӑхне,aaɵe,1,4,1,5,24,40,1,FALSE
aaeɵ,4,пахчаҫӑсем,aaɵe,1,4,1,5,24,40,1,FALSE
aaeɵ,4,ӑрасна-ҫке,ɵaae,1,4,1,5,24,40,1,FALSE
aaeɵ,4,каларӑшле,aaɵe,1,4,1,5,24,40,1,FALSE
aaeɵ,4,ҫтаппанӑнне,aaɵe,1,4,1,5,24,40,1,FALSE
aaeɵ,4,светланӑран,eaɵa,1,4,1,5,24,40,1,FALSE
aaeɵ,4,тӑманасем,ɵaae,1,4,1,5,24,40,1,FALSE
aaeɵ,4,тамарӑсен,aaɵe,1,4,1,5,24,40,1,FALSE
aaeɵ,4,карьерӑна,aeɵa,1,4,1,5,24,40,1,FALSE
aaeɵ,4,ачаллӑскер,aaɵe,1,4,1,5,24,40,1,FALSE
iøy,3,килӗшӳ,iøy,10,3,1,3,8,35,1,FALSE
iøy,3,хирӗҫӳ,iøy,7,3,1,3,8,35,1,FALSE
iøy,3,ӳсӗмри,yøi,5,3,1,3,8,35,1,FALSE
iøy,3,ҫитӗнӳ,iøy,5,3,1,3,8,35,1,FALSE
iøy,3,кӳршӗри,yøi,4,3,1,3,8,35,1,FALSE
iøy,3,пӳлӗмри,yøi,2,3,1,3,8,35,1,FALSE
iøy,3,ӳсӗрни,yøi,1,3,1,3,8,35,1,FALSE
iøy,3,кӗтӳри,øyi,1,3,1,3,8,35,1,FALSE
eeɵu,4,пӑрусене,ɵuee,5,4,1,4,22,34,1,FALSE
eeɵu,4,шухӑшсене,uɵee,3,4,1,4,22,34,1,FALSE
eeɵu,4,ҫулҫӑсене,uɵee,3,4,1,4,22,34,1,FALSE
eeɵu,4,хурӑнсене,uɵee,2,4,1,4,22,34,1,FALSE
eeɵu,4,юрӑсене,uɵee,2,4,1,4,22,34,1,FALSE
eeɵu,4,ученӑйсем,ueɵe,2,4,1,4,22,34,1,FALSE
eeɵu,4,утӑмсемпе,uɵee,2,4,1,4,22,34,1,FALSE
eeɵu,4,тупӑсенчен,uɵee,1,4,1,4,22,34,1,FALSE
eeɵu,4,ӑрусене,ɵuee,1,4,1,4,22,34,1,FALSE
eeɵu,4,ҫутӑсене,uɵee,1,4,1,4,22,34,1,FALSE
eeɵu,4,туйӑмсене,uɵee,1,4,1,4,22,34,1,FALSE
eeɵu,4,туйӑмсенчен,uɵee,1,4,1,4,22,34,1,FALSE
eeɵu,4,ушкӑнсене,uɵee,1,4,1,4,22,34,1,FALSE
eeɵu,4,кутӑнскерсем,uɵee,1,4,1,4,22,34,1,FALSE
eeɵu,4,хӑюсемпе,ɵuee,1,4,1,4,22,34,1,FALSE
eeɵu,4,ҫерушӑнне,euɵe,1,4,1,4,22,34,1,FALSE
eeɵu,4,уйӑхсенче,uɵee,1,4,1,4,22,34,1,FALSE
eeɵu,4,тухтӑрсемпе,uɵee,1,4,1,4,22,34,1,FALSE
eeɵu,4,тупӑсене,uɵee,1,4,1,4,22,34,1,FALSE
eeɵu,4,уйӑпсене,uɵee,1,4,1,4,22,34,1,FALSE
eeɵu,4,хурӑнсемпе,uɵee,1,4,1,4,22,34,1,FALSE
eeɵu,4,пулӑмсене,uɵee,1,4,1,4,22,34,1,FALSE
aeiʉ,4,ыратнине,ʉaie,11,4,1,2,17,32,1,FALSE
aeiʉ,4,ытлашшипех,ʉaie,4,4,1,2,17,32,1,FALSE
aeiʉ,4,вылянине,ʉaie,2,4,1,2,17,32,1,FALSE
aeiʉ,4,ыратнипе,ʉaie,2,4,1,2,17,32,1,FALSE
aeiʉ,4,тымаррисем,ʉaie,1,4,1,2,17,32,1,FALSE
aeiʉ,4,арҫыннисем,aʉie,1,4,1,2,17,32,1,FALSE
aeiʉ,4,пытарнине,ʉaie,1,4,1,2,17,32,1,FALSE
aeiʉ,4,ырланине,ʉaie,1,4,1,2,17,32,1,FALSE
aeiʉ,4,вырттарнинчен,ʉaie,1,4,1,2,17,32,1,FALSE
aeiʉ,4,ыйтмаллине,ʉaie,1,4,1,2,17,32,1,FALSE
aeiʉ,4,ытлашшиех,ʉaie,1,4,1,2,17,32,1,FALSE
aeiʉ,4,ҫывхарнине,ʉaie,1,4,1,2,17,32,1,FALSE
aeiʉ,4,ылханнине,ʉaie,1,4,1,2,17,32,1,FALSE
aeiʉ,4,сывланине,ʉaie,1,4,1,2,17,32,1,FALSE
aeiʉ,4,ытлашшине,ʉaie,1,4,1,2,17,32,1,FALSE
aeiʉ,4,тытассипе,ʉaie,1,4,1,2,17,32,1,FALSE
aeiʉ,4,ытлашширех,ʉaie,1,4,1,2,17,32,1,FALSE
aeʉ,3,арҫынсем,aʉe,11,3,1,2,7,27,1,FALSE
aeʉ,3,хыпарсем,ʉae,6,3,1,2,7,27,1,FALSE
aeʉ,3,арҫынсен,aʉe,5,3,1,2,7,27,1,FALSE
aeʉ,3,ытамне,ʉae,2,3,1,2,7,27,1,FALSE
aeʉ,3,тытманскер,ʉae,1,3,1,2,7,27,1,FALSE
aeʉ,3,ҫыравне,ʉae,1,3,1,2,7,27,1,FALSE
aeʉ,3,ҫырмасен,ʉae,1,3,1,2,7,27,1,FALSE
aeɵu,4,кӑтартусем,ɵaue,3,4,1,7,19,25,1,FALSE
aeɵu,4,урхалӑхне,uaɵe,2,4,1,7,19,25,1,FALSE
aeɵu,4,ҫапӑҫусем,aɵue,2,4,1,7,19,25,1,FALSE
aeɵu,4,уҫланкӑсем,uaɵe,2,4,1,7,19,25,1,FALSE
aeɵu,4,ҫухатнӑскер,uaɵe,2,4,1,7,19,25,1,FALSE
aeɵu,4,наукӑсен,auɵe,1,4,1,7,19,25,1,FALSE
aeɵu,4,хурӑнташне,uɵae,1,4,1,7,19,25,1,FALSE
aeɵu,4,сухаҫӑсем,uaɵe,1,4,1,7,19,25,1,FALSE
aeɵu,4,лукерьйӑна,ueɵa,1,4,1,7,19,25,1,FALSE
aeɵu,4,пуласлӑхне,uaɵe,1,4,1,7,19,25,1,FALSE
aeɵu,4,летучкӑра,euɵa,1,4,1,7,19,25,1,FALSE
aeɵu,4,юлташӑмсем,uaɵe,1,4,1,7,19,25,1,FALSE
aeɵu,4,вулавӑшсем,uaɵe,1,4,1,7,19,25,1,FALSE
aeɵu,4,пуянлӑхне,uaɵe,1,4,1,7,19,25,1,FALSE
aeɵu,4,юратӑвне,uaɵe,1,4,1,7,19,25,1,FALSE
aeɵu,4,хуҫалӑхсем,uaɵe,1,4,1,7,19,25,1,FALSE
aeɵu,4,хуралтӑсем,uaɵe,1,4,1,7,19,25,1,FALSE
aeɵu,4,ҫулталӑкне,uaɵe,1,4,1,7,19,25,1,FALSE
aeɵu,4,хусканӑвне,uaɵe,1,4,1,7,19,25,1,FALSE
aeee,4,валеҫекен,aeee,3,4,1,4,15,19,1,FALSE
aeee,4,секретаре,eeae,2,4,1,4,15,19,1,FALSE
aeee,4,арестлесе,aeee,2,4,1,4,15,19,1,FALSE
aeee,4,театрсемпе,eaee,1,4,1,4,15,19,1,FALSE
aeee,4,аттесемпе,aeee,1,4,1,4,15,19,1,FALSE
aeee,4,театрсенче,eaee,1,4,1,4,15,19,1,FALSE
aeee,4,аннесене,aeee,1,4,1,4,15,19,1,FALSE
aeee,4,перемена,eeea,1,4,1,4,15,19,1,FALSE
aeee,4,стенасене,eaee,1,4,1,4,15,19,1,FALSE
aeee,4,каҫсеренех,aeee,1,4,1,4,15,19,1,FALSE
aeee,4,шахтерсенчен,aeee,1,4,1,4,15,19,1,FALSE
aeee,4,секретарьсем,eeae,1,4,1,4,15,19,1,FALSE
aeee,4,лейтенантсем,eeae,1,4,1,4,15,19,1,FALSE
aeee,4,театрсене,eaee,1,4,1,4,15,19,1,FALSE
aeee,4,парнесене,aeee,1,4,1,4,15,19,1,FALSE
eeeu,4,хуллентерех,ueee,10,4,1,2,5,16,1,FALSE
eeeu,4,кунсеренех,ueee,3,4,1,2,5,16,1,FALSE
eeeu,4,пуплешекен,ueee,1,4,1,2,5,16,1,FALSE
eeeu,4,ҫулсеренех,ueee,1,4,1,2,5,16,1,FALSE
eeeu,4,эрнекунччен,eeue,1,4,1,2,5,16,1,FALSE
aeøʉ,4,ытамӗнче,ʉaøe,4,4,1,2,9,15,1,FALSE
aeøʉ,4,ытамӗнчен,ʉaøe,3,4,1,2,9,15,1,FALSE
aeøʉ,4,ҫыранӗнче,ʉaøe,2,4,1,2,9,15,1,FALSE
aeøʉ,4,сыхлавӗнче,ʉaøe,1,4,1,2,9,15,1,FALSE
aeøʉ,4,ытамӗпе,ʉaøe,1,4,1,2,9,15,1,FALSE
aeøʉ,4,арҫынӗсем,aʉøe,1,4,1,2,9,15,1,FALSE
aeøʉ,4,вылявӗнчен,ʉaøe,1,4,1,2,9,15,1,FALSE
aeøʉ,4,тымарӗсем,ʉaøe,1,4,1,2,9,15,1,FALSE
aeøʉ,4,шыравӗнче,ʉaøe,1,4,1,2,9,15,1,FALSE
eiuu,4,хулпуҫҫипе,uuie,4,4,1,2,8,14,1,FALSE
eiuu,4,культурипе,uuie,3,4,1,2,8,14,1,FALSE
eiuu,4,сурхурипе,uuie,2,4,1,2,8,14,1,FALSE
eiuu,4,культурине,uuie,1,4,1,2,8,14,1,FALSE
eiuu,4,сутуҫипе,uuie,1,4,1,2,8,14,1,FALSE
eiuu,4,хулпуҫҫине,uuie,1,4,1,2,8,14,1,FALSE
eiuu,4,хулпуҫҫинчен,uuie,1,4,1,2,8,14,1,FALSE
eiuu,4,ҫуркуннехи,uuei,1,4,1,2,8,14,1,FALSE
iuu,3,хулпуҫҫи,uui,7,3,1,2,7,14,1,FALSE
iuu,3,культури,uui,2,3,1,2,7,14,1,FALSE
iuu,3,пирусу,iuu,1,3,1,2,7,14,1,FALSE
iuu,3,культурин,uui,1,3,1,2,7,14,1,FALSE
iuu,3,вутпуҫҫи,uui,1,3,1,2,7,14,1,FALSE
iuu,3,улмуҫҫи,uui,1,3,1,2,7,14,1,FALSE
iuu,3,сутуҫи,uui,1,3,1,2,7,14,1,FALSE
aeuu,4,ҫухатусем,uaue,4,4,1,2,8,11,1,FALSE
aeuu,4,ҫунахвунсен,uaue,1,4,1,2,8,11,1,FALSE
aeuu,4,пуҫарусем,uaue,1,4,1,2,8,11,1,FALSE
aeuu,4,юланутсем,uaue,1,4,1,2,8,11,1,FALSE
aeuu,4,юлташусем,uaue,1,4,1,2,8,11,1,FALSE
aeuu,4,хусканусем,uaue,1,4,1,2,8,11,1,FALSE
aeuu,4,юратуне,uaue,1,4,1,2,8,11,1,FALSE
aeuu,4,тус-юлташсем,uuae,1,4,1,2,8,11,1,FALSE
eeuu,4,хуллен-хуллен,ueue,4,4,1,2,6,11,1,FALSE
eeuu,4,ҫуркуннепе,uuee,3,4,1,2,6,11,1,FALSE
eeuu,4,тутусемпе,uuee,1,4,1,2,6,11,1,FALSE
eeuu,4,пухусенче,uuee,1,4,1,2,6,11,1,FALSE
eeuu,4,тутусене,uuee,1,4,1,2,6,11,1,FALSE
eeuu,4,ҫуркуннерен,uuee,1,4,1,2,6,11,1,FALSE
aauʉ,4,хурашыва,uaʉa,4,4,1,3,7,10,1,FALSE
aauʉ,4,сывпуллашса,ʉuaa,1,4,1,3,7,10,1,FALSE
aauʉ,4,хурашывран,uaʉa,1,4,1,3,7,10,1,FALSE
aauʉ,4,юханшывран,uaʉa,1,4,1,3,7,10,1,FALSE
aauʉ,4,хурашывра,uaʉa,1,4,1,3,7,10,1,FALSE
aauʉ,4,шырланпуҫра,ʉaua,1,4,1,3,7,10,1,FALSE
aauʉ,4,юханшыва,uaʉa,1,4,1,3,7,10,1,FALSE
aey,3,аннӳне,aye,2,3,1,2,6,8,1,FALSE
aey,3,кӳперпа,yea,2,3,1,2,6,8,1,FALSE
aey,3,ҫӳрер-ха,yea,1,3,1,2,6,8,1,FALSE
aey,3,сӳнмен-ха,yea,1,3,1,2,6,8,1,FALSE
aey,3,парнӳне,aye,1,3,1,2,6,8,1,FALSE
aey,3,аннӳпе,aye,1,3,1,2,6,8,1,FALSE
eeyy,4,тӳне-тӳне,yeye,2,4,1,2,7,8,1,FALSE
eeyy,4,сӳне-сӳне,yeye,1,4,1,2,7,8,1,FALSE
eeyy,4,ӳке-ӳке,yeye,1,4,1,2,7,8,1,FALSE
eeyy,4,ӳпкелешӳ,yeey,1,4,1,2,7,8,1,FALSE
eeyy,4,пӳле-пӳле,yeye,1,4,1,2,7,8,1,FALSE
eeyy,4,пӳле-пӳлех,yeye,1,4,1,2,7,8,1,FALSE
eeyy,4,ҫӳле-ҫӳле,yeye,1,4,1,2,7,8,1,FALSE
aeeʉ,4,хыпарсене,ʉaee,2,4,1,2,5,7,1,FALSE
aeeʉ,4,арҫынсене,aʉee,2,4,1,2,5,7,1,FALSE
aeeʉ,4,арҫынсемпе,aʉee,1,4,1,2,5,7,1,FALSE
aeeʉ,4,арҫынсенчен,aʉee,1,4,1,2,5,7,1,FALSE
aeeʉ,4,ҫырмасенче,ʉaee,1,4,1,2,5,7,1,FALSE
aaii,4,лишайкина,iaia,2,4,1,2,4,6,1,FALSE
aaii,4,паллиатив,aiai,2,4,1,2,4,6,1,FALSE
aaii,4,таҫти-таҫти,aiai,1,4,1,2,4,6,1,FALSE
aaii,4,акни-лартни,aiai,1,4,1,2,4,6,1,FALSE
aay,3,ҫӳп-ҫапран,yaa,2,3,1,2,3,6,1,FALSE
aay,3,ҫӳп-ҫапа,yaa,2,3,1,2,3,6,1,FALSE
aay,3,асаннӳ,aay,2,3,1,2,3,6,1,FALSE
aiɵʉ,4,ҫывӑрасси,ʉɵai,2,4,1,3,5,6,1,FALSE
aiɵʉ,4,тытатӑн-и,ʉaɵi,1,4,1,3,5,6,1,FALSE
aiɵʉ,4,йышӑнасси,ʉɵai,1,4,1,3,5,6,1,FALSE
aiɵʉ,4,пыратӑр-и,ʉaɵi,1,4,1,3,5,6,1,FALSE
aiɵʉ,4,арҫынӑнни,aʉɵi,1,4,1,3,5,6,1,FALSE
aiiu,4,институтра,iiua,2,4,1,4,4,5,1,FALSE
aiiu,4,алюмини,auii,1,4,1,4,4,5,1,FALSE
aiiu,4,карти-хури,aiui,1,4,1,4,4,5,1,FALSE
aiiu,4,вутти-шанки,uiai,1,4,1,4,4,5,1,FALSE
aiuʉ,4,вырсарникун,ʉaiu,2,4,1,3,4,5,1,FALSE
aiuʉ,4,умывальник,uʉai,1,4,1,3,4,5,1,FALSE
aiuʉ,4,юханшыври,uaʉi,1,4,1,3,4,5,1,FALSE
aiuʉ,4,высарникун,ʉaiu,1,4,1,3,4,5,1,FALSE
aeey,4,тӳсмелле-ха,yeea,1,4,1,2,4,4,1,FALSE
aeey,4,ӳсмелле-ха,yeea,1,4,1,2,4,4,1,FALSE
aeey,4,ҫӳп-ҫапсене,yaee,1,4,1,2,4,4,1,FALSE
aeey,4,ӳскелет-ха,yeea,1,4,1,2,4,4,1,FALSE
aiiɵ,4,атӑлҫири,aɵii,3,4,1,2,2,4,1,FALSE
aiiɵ,4,лирикӑлла,iiɵa,1,4,1,2,2,4,1,FALSE
aiiʉ,4,ырми-канми,ʉiai,3,4,1,2,2,4,1,FALSE
aiiʉ,4,выляни-и,ʉaii,1,4,1,2,2,4,1,FALSE
eiii,4,министерстви,iiei,1,4,1,2,4,4,1,FALSE
eiii,4,химически,iiei,1,4,1,2,4,4,1,FALSE
eiii,4,ҫивиттие,iiie,1,4,1,2,4,4,1,FALSE
eiii,4,пиҫиххипе,iiie,1,4,1,2,4,4,1,FALSE
euy,3,юрҫӳрен,uye,2,3,1,2,3,4,1,FALSE
euy,3,ҫуткӳле,uye,1,3,1,2,3,4,1,FALSE
euy,3,пӳртумне,yue,1,3,1,2,3,4,1,FALSE
eɵuu,4,культурӑсем,uuɵe,2,4,1,2,2,4,1,FALSE
eɵuu,4,улшӑнусем,uɵue,2,4,1,2,2,4,1,FALSE
iøøɵ,4,сӗнтӗрвӑрри,øøɵi,2,4,1,2,2,4,1,FALSE
iøøɵ,4,хӑшӗ-пӗри,ɵøøi,2,4,1,2,2,4,1,FALSE
eiiu,4,институтне,iiue,2,4,1,2,2,3,1,FALSE
eiiu,4,микулине,iuie,1,4,1,2,2,3,1,FALSE
eyy,3,кӳренӳ,yey,2,3,1,2,2,3,1,FALSE
eyy,3,пӳрнӳне,yye,1,3,1,2,2,3,1,FALSE
aiuu,4,юратури,uaui,1,4,1,2,2,2,1,FALSE
aiuu,4,анюту-и,auui,1,4,1,2,2,2,1,FALSE
eɵɵu,4,ӑнӑҫусем,ɵɵue,1,4,1,2,2,2,1,FALSE
eɵɵu,4,сутӑнчӑксем,uɵɵe,1,4,1,2,2,2,1,FALSE
iiy,3,чиркӳри,iyi,1,3,1,2,2,2,1,FALSE
iiy,3,тӳпинчи,yii,1,3,1,2,2,2,1,FALSE
iøøu,4,пичӗ-куҫӗ,iøuø,1,3,0,2,2,2,1,FALSE
iøøu,4,чӗркуҫҫийӗ,øuiø,1,3,0,2,2,2,1,FALSE
øɵɵʉ,4,йышӑнӑвӗ,ʉɵɵø,1,,,2,2,2,1,FALSE
øɵɵʉ,4,ҫӗршывӑмӑр,øʉɵɵ,1,,,2,2,2,1,FALSE
