language,langcode,family,location,is_turkic,n_segments,n_vowels,vowels,jaccard_mean,jaccard_literal,n_shared_literal,shared_literal,jaccard_strict,n_shared_strict,shared_strict,has_schwa,reference,rank_literal,rank_strict
"Cheremis, Eastern (Mari)",ECHE,URALIC (Finno-Ugric),Russia,0,27,8,a e i o u y ø ə,0.7223,0.7778,7,a e i u y ø ə,0.6667,6,a e i u y ə,1,"Harms, Robert T. (1962) Estonian Grammar. Bloomington/The Hague: Mouton & Co./Indiana University.",1,5
Albanian,ALBA,INDO-EUROPEAN,Albania,0,38,7,a e i o u y ə,0.7084,0.6667,6,a e i u y ə,0.75,6,a e i u y ə,1,"Bevington, Gary Loyd (1974) Albanian Phonology. Wiesbaden: Otto Harrassowitz.",2,1
Karo Batak,KARO,AUSTRONESIAN,Indonesia,0,24,7,a e i o u ə ɯ,0.7084,0.6667,6,a e i u ə ɯ,0.75,6,a e i u ə ɯ,1,"Woollams, Geoff (1996) A Grammar of Karo Batak, Sumatra. Canberra: Pacific Linguistics.",2,1
Kombai,KOMB,TRANS-NEW GUINEA,Indonesia (Irian Jaya),0,22,7,a e i o u y ɯ,0.7084,0.6667,6,a e i u y ɯ,0.75,6,a e i u y ɯ,0,"de Vreis, Lourens (1993) Forms and Functions in Kombai, an Awyu Language of Irian Jaya. Canberra: Pacific Linguistics.",2,1
Saibai,SAIB,AUSTRALIAN(?),Australia,0,22,5,a e i u ə,0.6697,0.625,5,a e i u ə,0.7143,5,a e i u ə,1,"Holmer, Nils M. (1988) Notes on Some Queensland Languages. Canberra: Pacific Linguistics.",8,4
Arapesh,ARAP,TORRICELLI,Papua New Guinea,0,23,7,a e i o u y ø,0.6112,0.6667,6,a e i u y ø,0.5556,5,a e i u y,0,"Fortune, R. F. (1977) Arapesh. New York: J. J. Augustin Publisher.",2,42
Mada,MADA,AFRO-ASIATIC (Chadic),Cameroon,0,38,7,a e i o u ø ə,0.6112,0.6667,6,a e i u ø ə,0.5556,5,a e i u ə,1,"Rossing, Melvin Olaf (1978) Mafa-Mada. Ann Arbor: UMI.",2,42
Moloko (Melokwo),MOLO,AFRO-ASIATIC (Chadic),Cameroon,0,37,7,a e i o u ø ə,0.6112,0.6667,6,a e i u ø ə,0.5556,5,a e i u ə,1,"Rossing, Melvin Olaf (1978) Mafa-Mada. Ann Arbor: UMI.",2,42
Angami,ANGA,SINO-TIBETAN,India,0,49,6,a e i o u ə,0.5903,0.5556,5,a e i u ə,0.625,5,a e i u ə,1,"Giridhar, P. P. (1980) Angami Grammar. Mysore: Central Institute of Indian Languages.",15,6
Ao,AOXX,SINO-TIBETAN,India,0,20,6,a e i o u ɯ,0.5903,0.5556,5,a e i u ɯ,0.625,5,a e i u ɯ,0,"Gowda, K. S. Gurubasave (1991) Ao Grammar. Mysore: Central Institute of Indian Languages.",15,6
Asmat (Flamingo Bay Dialect),ASMA,TRANS-NEW GUINEA,Indonesia (Irian Jaya),0,17,6,a e i o u ə,0.5903,0.5556,5,a e i u ə,0.625,5,a e i u ə,1,"Voorhoeve, C. L. (1965) The Flamingo Bay Dialect of the Asmat Language. S-Gravenhage – Martinus Nijhoff.",15,6
Auyana,AUYA,TRANS-NEW GUINEA,Papua New Guinea,0,20,6,a e i o u ə,0.5903,0.5556,5,a e i u ə,0.625,5,a e i u ə,1,"McKaughan, Howard, and Doreen Marks (1973) Notes on Auyana Phonology and Morphology. McKaughan, Howard (ed.) (1973) The Languages of the Eastern Family of the East New Guinea Highland Stock. Seattle: University of Washington Press.",15,6
"Beaver, Halfway River",BEAV,NA-DENE,Canada,0,35,6,a e i o u ə,0.5903,0.5556,5,a e i u ə,0.625,5,a e i u ə,1,"Randoja, Tiina (1990) The Phonology and Morphology of Halfway River Beaver. Ann Arbor: UMI.",15,6
Desano,DESA,TUCANOAN,Brazil and Colombia,0,15,6,a e i o u ɯ,0.5903,0.5556,5,a e i u ɯ,0.625,5,a e i u ɯ,0,"Kaye, Jonathan Derek (1970) The Desano Verb: Problems in Semantics, Syntax, and Phonology. Ann Arbor: UMI.",15,6
Giziga,GIZI,AFRO-ASIATIC (Chadic),Cameroon,0,38,6,a e i o u ə,0.5903,0.5556,5,a e i u ə,0.625,5,a e i u ə,1,"Lukas, J. (1970) Studien zur Sprache der Gisiga. Hamburg.\nRossing, Melvin Olaf (1978) Mafa-Mada. Ann Arbor: UMI.",15,6
Hakka (Kejia),HAKK,SINO-TIBETAN,"China, Taiwan, Malaysia, Indonesia, etc.",0,23,6,a e i o u y,0.5903,0.5556,5,a e i u y,0.625,5,a e i u y,0,"Hashimoto, Mantaro J  (1973) The Hakka dialect; a linguistic study of its phonology, syntax, and lexicon. Cambridge University Press.\nChung, Raung-Fu (1989) Aspects of Kejia phonology. UIUC dissertation. UMI.",15,6
Hurza/Ndreme/Vame (Pelasla),HURZ,AFRO-ASIATIC (Chadic),Cameroon,0,41,6,a e i o u ə,0.5903,0.5556,5,a e i u ə,0.625,5,a e i u ə,1,"Rossing, Melvin Olaf (1978) Mafa-Mada. Ann Arbor: UMI.",15,6
Indonesian,BAHA,AUSTRONESIAN,Indonesia,0,25,6,a e i o u ə,0.5903,0.5556,5,a e i u ə,0.625,5,a e i u ə,1,"Lapowila, Hans (1981) A Generative Approach to the Phonology of Bahasa Indonesia. Canberra: Pacific Linguistics.",15,6
Kalispel (dialect of Kalispel-Pend d'Oreille),KALI,SALISHAN,USA,0,39,6,a e i o u ə,0.5903,0.5556,5,a e i u ə,0.625,5,a e i u ə,1,"Vogt, Hans (1940) The Kalispel Language, An Outline of the Grammar with Texts, Translations, and Dictionary. Oslo: I Kommisjon Hos Jacob Dybwad.",15,6
Kanakuru,KANK,AFRO-ASIATIC (Chadic),Nigeria,0,36,6,a e i o u ə,0.5903,0.5556,5,a e i u ə,0.625,5,a e i u ə,1,"Newman, Paul (1974) The Kanakuru Language. Ilkley: The Scolar Press Ltd.",15,6
Karanga (Central dialect),KARC,NILO-SAHARAN,Chad,0,29,6,a e i o u y,0.5903,0.5556,5,a e i u y,0.625,5,a e i u y,0,"Marconnès, Rev. Francisque (1931) A Grammar of Central Karanga. Johannesburg: Witwatersrand University Press.",15,6
Karanga (Victoria dialect),KARV,NILO-SAHARAN,Chad,0,29,6,a e i o u y,0.5903,0.5556,5,a e i u y,0.625,5,a e i u y,0,"Marconnès, Rev. Francisque (1931) A Grammar of Central Karanga. Johannesburg: Witwatersrand University Press.",15,6
Lealao Chinantec (Lealao Chinanteco),LEAL,OTO-MANGUEAN,Mexico,0,24,6,a e i o u ɯ,0.5903,0.5556,5,a e i u ɯ,0.625,5,a e i u ɯ,0,"Rupp, James E. (1989) Lealao Chinantec Syntax. Studies in Chinantec Languages Volume 2. Arlington, TX: Summer Institute of Linguistics and the University of Texas at Arlington.",15,6
Lotha,LOTH,SINO-TIBETAN,India,0,39,6,a e i o u ə,0.5903,0.5556,5,a e i u ə,0.625,5,a e i u ə,1,"Acharya, K. P. (1983) Lotha Grammar. Mysore: Central Institute of Indian Languages.",15,6
Malay,MALA,AUSTRONESIAN,"Malaysia, Indonesia, Singapore",0,33,6,a e i o u ə,0.5903,0.5556,5,a e i u ə,0.625,5,a e i u ə,1,"Teoh, Boon Seng (1988) Aspects of Malay Phonology Revisited – A Non-linear Approach. Ann Arbor: UMI.",15,6
Mandarin,MNDR,SINO-TIBETAN,"China, Taiwan, Indonesia, Malaysia, Singapore, etc.",0,29,6,a e i o u y,0.5903,0.5556,5,a e i u y,0.625,5,a e i u y,0,"Bodman, Nicholas C., and Hugh M. Stimson (1961) Mandarin Chinese: units 1-6. Washington: Center for Applied Linguistics of the Modern Language Association of America.\nChao, Yuen Ren (1968) A grammar of spoken Chinese. Berkeley: University of California Press. ",15,6
Manipuri,MANI,SINO-TIBETAN,"India, Bangladesh",0,26,6,a e i o u ə,0.5903,0.5556,5,a e i u ə,0.625,5,a e i u ə,1,"Bhat, D. N. S., and M. S. Ningomba (1997) Manipuri Grammar. Newcastle: Lincom Europa.",15,6
Marathi (Kosti),MARK,INDO-EUROPEAN (Indo-Aryan),India,0,41,6,a e i o u ə,0.5903,0.5556,5,a e i u ə,0.625,5,a e i u ə,1,"Jha, Aparna (1980) Kosti – A Dialect of Marathi. Pune: Deccan College Post-Graduate & Research Institute.",15,6
Margi (Marghi Central),MARG,AFRO-ASIATIC (Chadic),Nigeria,0,89,6,a e i o u ə,0.5903,0.5556,5,a e i u ə,0.625,5,a e i u ə,1,"Hoffmann, Carl (1963) A Grammar of the Margi Language. London: Oxford University Press.",15,6
Melayu Betawi,MELB,CREOLE,Indonesia,0,25,6,a e i o u ə,0.5903,0.5556,5,a e i u ə,0.625,5,a e i u ə,1,"Ikranagara, Kay (1975) Melayu Betawi Grammar. Ann Arbor: UMI.",15,6
Mofu,MOFU,AFRO-ASIATIC (Chadic),Cameroon,0,40,6,a e i o u ə,0.5903,0.5556,5,a e i u ə,0.625,5,a e i u ə,1,"Rossing, Melvin Olaf (1978) Mafa-Mada. Ann Arbor: UMI.",15,6
Palauan,PALU,AUSTRONESIAN,Palau,0,16,6,a e i o u ə,0.5903,0.5556,5,a e i u ə,0.625,5,a e i u ə,1,"Josephs, Lewis S. (1975) Palauan Reference Grammar. Honolulu: The University Press of Hawaii.",15,6
Sekani,SEKA,NA-DENE,Canada,0,35,6,a e i o u ə,0.5903,0.5556,5,a e i u ə,0.625,5,a e i u ə,1,"Hargus, Sharon (1988) The Lexical Phonology of Sekani. New York: Garland Publishing, Inc.",15,6
Sepečides-Romani,SEPE,INDO-EUROPEAN (Indo-Aryan),Greece and Turkey,0,30,6,a e i o u ə,0.5903,0.5556,5,a e i u ə,0.625,5,a e i u ə,1,"Cech, Petra, and Mozes F. Heinschink (1996) Sepečides-Romani. Muenchen: Lincom Europa.",15,6
Shiriana Yanam (Ninam),SHIR,YANOMAM,Brazil and Venezuala,0,18,6,a e i o ə ɯ,0.5903,0.5556,5,a e i ə ɯ,0.625,5,a e i ə ɯ,1,"Gómez, Gale Goodwin (1990) The Shiriana dialect of Yanam (northern Brazil). Ann Arbor: UMI.",15,6
Tangkhul,TANK,SINO-TIBETAN,India,0,25,6,a e i o u ə,0.5903,0.5556,5,a e i u ə,0.625,5,a e i u ə,1,"Arokianathan, S (1987) Tangkhul Naga Grammar. Mysore: Central Institute of Indian Languages.",15,6
Yir-Yoront,YIRY,AUSTRALIAN (Pama-Nyungan),Australia,0,26,6,a e i o u ə,0.5903,0.5556,5,a e i u ə,0.625,5,a e i u ə,1,"Alpher, Barry (1991) Yir-Yoront Lexicon: Sketch and Dictionary of an Australian Language. New York: Mouton de Gruyter",15,6
Zina Kotoko,ZINA,AFRO-ASIATIC (Chadic),Cameroon,0,29,6,a e i o u ə,0.5903,0.5556,5,a e i u ə,0.625,5,a e i u ə,1,"Schmidt, Bodil Kappel, David Odden, and Anders Holmberg (eds.) (2002) Some Aspects of the Grammar of Zina Kotoko. Muenchen: Lincom Europa.\nOdden, David (2002) The Verbal Tone System of Zina Kotoko. In Schmidt, Bodil Kappel, David Odden, and Anders Holmberg (eds.) Some Aspects of the Grammar of Zina Kotoko. Muenchen: Lincom Europa.",15,6
Svan,SVAN,SOUTH CAUCASIAN,Georgia,0,39,9,a e i o u y æ œ ə,0.5728,0.5455,6,a e i u y ə,0.6,6,a e i u y ə,1,"Tuite, Kevin (1997) Svan. Muenchen: Lincom Europa.",45,36
"Armenian, Marash",ARMM,INDO-EUROPEAN,Turkey,0,30,8,a e i o u y ø ɛ,0.55,0.6,6,a e i u y ø,0.5,5,a e i u y,0,"Vaux, Bert (1998) The Phonology of Armenian. Oxford: Clarendon Press.",9,63
Hungarian,HUNG,URALIC (Finno-Ugric),"Hungary, Romania, Slovakia, Yugoslavia, Ukraine, etc.",0,33,8,a e i o u y æ ø,0.55,0.6,6,a e i u y ø,0.5,5,a e i u y,0,"Abondolo, D. M. (1988) Hungarian Inflectional Morphology. Budapest: Akadémiai Kiadó.",9,63
Kirghiz,KIRG,ALTAIC (Turkic),"Kyrghyzstan, China",1,30,8,a e i o u y ø ɨ,0.55,0.6,6,a e i u y ø,0.5,5,a e i u y,0,"Hebert, Raymond J. and Nicholas Poppe (1963) Kirghiz Manual. Bloomington/The Hague: Mouton & Co./Indiana University.",9,63
Turkish,TRKI,ALTAIC (Turkic),"Turkey, Bulgaria, Uzbekistan, Macedonia, Romania, Cyprus, Greece, etc.",1,28,8,a e i o u y ø ɨ,0.55,0.6,6,a e i u y ø,0.5,5,a e i u y,0,"Lewis, G. L. (1967) Turkish Grammar. Oxford: Clarendon Press.",9,63
Zulgo (Zulgwa),ZULG,AFRO-ASIATIC (Chadic),Cameroon,0,41,8,a e i o u ø ɔ ə,0.55,0.6,6,a e i u ø ə,0.5,5,a e i u ə,1,"Rossing, Melvin Olaf (1978) Mafa-Mada. Ann Arbor: UMI.",9,63
Tibetan,TIBE,SINO-TIBETAN,"China (Tibet), India, Nepal, Bhutan",0,43,11,a e i o u y ø ɔ ə ɛ ɪ,0.5416,0.5833,7,a e i u y ø ə,0.5,6,a e i u y ə,1,"Dawson, Willa (1980) Tibetan Phonology. Ann Arbor: UMI.",14,63
Baré,BARE,ARAWAKAN,Venezuela,0,23,4,a e i u,0.5357,0.5,4,a e i u,0.5714,4,a e i u,0,"Aikhenald, Alexandra (1995) Bare. Muenchen: Lincom Europa.",49,37
Cayapa (Chachi),CAYA,BARBACOAN,Ecuador,0,28,4,a e i u,0.5357,0.5,4,a e i u,0.5714,4,a e i u,0,"Lindskoog, John N., and Ruth M. Brend (1962) Cayapa Phonemics. In Elson, Benjamin (ed.) (1962) Studies in Ecuadorian Indian Languages: I. Norman: Summer Institute of Linguistics of the University of Oklahoma.",49,37
Nangikurrunggurr/Ngankikuringkurr,NANG,AUSTRALIAN,Australia,0,24,4,a e i u,0.5357,0.5,4,a e i u,0.5714,4,a e i u,0,"Hoddinott, W. G., and F. M. Kofod (1988) The Ngankikurungkurr Language. Canberra: Pacific Linguistics.",49,37
"Sahaptin, Northern (Cowlitz-Klickitat-Walla Walla?)",NSAH,PENUTIAN,USA,0,37,4,a i u ə,0.5357,0.5,4,a i u ə,0.5714,4,a i u ə,1,"Jacobs, Melville (1931) A Sketch of Northern Sahaptin Grammar. Seattle: University of Washington Press.",49,37
"Salish, Straits (Samish dialect)",SASS,SALISHAN,Canada and USA,0,38,4,a e i ə,0.5357,0.5,4,a e i ə,0.5714,4,a e i ə,1,"Galloway, Brent D. (1990) A Phonology, Morphology, and Classified Word List for the Samish Dialect of  Straits Salish. Canadian Ethnology Service. Mercury Series Paper 116.",49,37
Amharic,AMHA,AFRO-ASIATIC (Semitic),Ethiopia,0,38,7,a e i o u ə ɨ,0.5278,0.5,5,a e i u ə,0.5556,5,a e i u ə,1,"Leslau, Wolf (2000) Introductory Grammar of Amharic. Wiesbaden: Harrassowitz Verlag.",49,42
Argobba,ARGO,AFRO-ASIATIC (Semitic),Ethiopia,0,37,7,a e i o u ə ɨ,0.5278,0.5,5,a e i u ə,0.5556,5,a e i u ə,1,"Leslau, Wolf (1997) Ethiopic Documents: Argobba Grammar and Dictionary. Wiesbaden: Harrassowitz Verlag.",49,42
Ejagham,EJAG,NIGER-CONGO (Bantu),Nigeria and Cameroon,0,26,7,a i u y ɔ ə ɛ,0.5278,0.5,5,a i u y ə,0.5556,5,a i u y ə,1,"Watters, John Robert (1981) A Phonology and Morphology of Ejagham—with Notes on Dialect Variation. Ann Arbor: UMI.",49,42
Ejagham (Eyumojok-Ndebaya sub-dialect),EJAE,NIGER-CONGO (Bantu),Cameroon,0,26,7,a i u y ɔ ə ɛ,0.5278,0.5,5,a i u y ə,0.5556,5,a i u y ə,1,"Watters, John Robert (1981) A Phonology and Morphology of Ejagham—with Notes on Dialect Variation. Ann Arbor: UMI.",49,42
Kanuri,KANU,NILO-SAHARAN,"Nigeria, Sudan, Chad, Niger, and Cameroon",0,27,7,a e i o u ə ʌ,0.5278,0.5,5,a e i u ə,0.5556,5,a e i u ə,1,"Cyffer, Norbert (1998) A Sketch of Kanuri. Köln: Rüdiger Köppe Verlag.",49,42
Kinnauri,KINN,SINO-TIBETAN,India,0,39,7,a e i o u ɔ ə,0.5278,0.5,5,a e i u ə,0.5556,5,a e i u ə,1,"Sharma, D. D. (1988) A Descriptive Grammar of Kinnauri. Delhi: Mittal Publications.",49,42
Korowai,KORW,TRANS-NEW GUINEA,Indonesia (Irian Jaya),0,26,7,a e i u y ɔ ɛ,0.5278,0.5,5,a e i u y,0.5556,5,a e i u y,0,"van Enk, Gerrit J., and Lourens de Vries (1997) The Korowai of Irian Jaya. New York: Oxford University Press.",49,42
Muyang,MUYA,AFRO-ASIATIC (Chadic),Cameroon,0,42,7,a e i o u ə ʉ,0.5278,0.5,5,a e i u ə,0.5556,5,a e i u ə,1,"Rossing, Melvin Olaf (1978) Mafa-Mada. Ann Arbor: UMI.",49,42
Pulu Annian,PULU,AUSTRONESIAN,Micronesia,0,20,7,a e i o u ə ɨ,0.5278,0.5,5,a e i u ə,0.5556,5,a e i u ə,1,"Oda, Sachiko (1977) The Syntax of Pulu Annian: A Nuclear Micronesian Language. Ann Arbor: UMI.",49,42
Rao,RAOX,SEPIK-RAMU,Papua New Guinea,0,32,7,a e i o u ə ɨ,0.5278,0.5,5,a e i u ə,0.5556,5,a e i u ə,1,"Stanhope, John M. (1980) The Language of the Rao People, Grengabu, Madang Province, Papua New Guinea. Canberra: Pacific Linguistics.",49,42
Romanian,ROMN,INDO-EUROPEAN (Italic),"Romania, Moldova, Ukraine, Israel, Yugoslavia, Hungary",0,31,7,a e i o u ə ɨ,0.5278,0.5,5,a e i u ə,0.5556,5,a e i u ə,1,"Chitoran, Ioana (2002) The Phonology of Romanian: A Constraint-Based Approach. New York: Mouton de Gruyter.",49,42
Sentani,SENT,TRANS-NEW GUINEA,Indonesia (Irian Jaya),0,17,7,a e i o u ə ɛ,0.5278,0.5,5,a e i u ə,0.5556,5,a e i u ə,1,"Cowan, H. K. J. (1965) Grammar of the Sentani Language. ‘S-Gravenhage – Martinus Nijhoff.",49,42
Sentani (central dialect),SENC,TRANS-NEW GUINEA,Indonesia (Irian Jaya),0,17,7,a e i o u ə ɛ,0.5278,0.5,5,a e i u ə,0.5556,5,a e i u ə,1,"Cowan, H. K. J. (1965) Grammar of the Sentani Language. ‘S-Gravenhage – Martinus Nijhoff.",49,42
"Talysh, Northern",NTAL,INDO-EUROPEAN (Indo-Iranian),Azerbaijan and Iran,0,29,7,a aː e i o y ə,0.5278,0.5,5,a e i y ə,0.5556,5,a e i y ə,1,"Schulze, Wolfgang (2000) Northern Talysh. Muenchen: Lincom Europa.",49,42
Tepetotutla Chinantec (Tepetotutla Chinanteco),TEPT,OTO-MANGUEAN,Mexico,0,27,7,a e i o u ɤ ɯ,0.5278,0.5,5,a e i u ɯ,0.5556,5,a e i u ɯ,0,"Rupp, James E. (1989) Lealao Chinantec Syntax. Studies in Chinantec Languages Volume 2. Arlington, TX: Summer Institute of Linguistics and the University of Texas at Arlington.",49,42
Tiriyó (Trió),TRIO,CARIB,Suriname and Brazil,0,17,7,a e i o u ə ɨ,0.5278,0.5,5,a e i u ə,0.5556,5,a e i u ə,1,"Meira, Sérgio (2000) Reduplication in Tiriyó (Cariban). Muenchen: Lincom Europa.",49,42
Zway,ZWAY,AFRO-ASIATIC (Semitic),Ethiopia,0,31,7,a e i o u ə ɨ,0.5278,0.5,5,a e i u ə,0.5556,5,a e i u ə,1,"Leslau, Wolf (1999) Zway Ethiopic Documents: Grammar and Dictionary. Wiesbaden: Harrassowitz Verlag.",49,42
Sre,SREX,AUSTRO-ASIATIC,Vietnam,0,38,10,a e i o u ɑ ɔ ə ɛ ɯ,0.5228,0.5,6,a e i u ə ɯ,0.5455,6,a e i u ə ɯ,1,"Manley, Timothy M. (1972) Outline of Sre Structure. University of Hawaii Press.",49,62
"Azari, Iranian (South Azerbaijani)",AZAR,ALTAIC (Turkic),Iran,1,31,9,a e i o u y æ ø ɨ,0.5,0.5455,6,a e i u y ø,0.4545,5,a e i u y,0,"Dehghani, Yavar (2000) A Grammar of Iranian Azari. Muenchen: Lincom Europa.",45,172
Estonian,ESTO,URALIC (Finno-Ugric),Estonia,0,27,9,a e i o u y æ ø ɤ,0.5,0.5455,6,a e i u y ø,0.4545,5,a e i u y,0,"Harms, Robert T. (1962) Estonian Grammar. Bloomington/The Hague: Mouton & Co./Indiana University.",45,172
Papiamentu,PAPI,CREOLE,Netherlands Antilles and Aruba,0,27,9,a e i o u y ø ɔ ɛ,0.5,0.5455,6,a e i u y ø,0.4545,5,a e i u y,0,"Kouwenberg, Silvia, and Eric Murray (1994) Papiamentu. Muenchen: Lincom Europa.",45,172
Bisu,BISU,SINO-TIBETAN,"China, Thailand",0,38,8,a e i i̺ o u ɤ ɯ,0.4772,0.4545,5,a e i u ɯ,0.5,5,a e i u ɯ,0,"Xu, Shixuan (2001) The Bisu Language, Cecilia Brassett (transl.). München: Lincom Europa. ",75,63
Bukiyip,BUKI,TORRICELLI,Papua New Guinea,0,25,8,a e i o u æ ə ɨ,0.4772,0.4545,5,a e i u ə,0.5,5,a e i u ə,1,"Conrad, Robert J., and Kepas Wogiga (1991) An Outline of Bukiyip Grammar. Canberra: Pacific Linguistics.",75,63
Gujarati,GUJA,INDO-EUROPEAN (Indo-Aryan),"India, Tanzania, Uganda, Kenya",0,30,8,a e i o u æ ɑ ə,0.4772,0.4545,5,a e i u ə,0.5,5,a e i u ə,1,"Cardona, George (1965) A Gujarati Reference Grammar. Philadelphia: The University of Pennsylvania Press.",75,63
Inor (dialect of West Gurage),INOR,AFRO-ASIATIC (Semitic),Ethiopia,0,26,8,a e i o u æ ə ɨ,0.4772,0.4545,5,a e i u ə,0.5,5,a e i u ə,1,"Chamora, Berhanu, and Robert Hetzron (2000) Inor. Muenchen: Lincom Europa.",75,63
Kristang (Malaccan Creole Portuguese),KRIS,CREOLE,Malaysia,0,25,8,a e i o u ɔ ə ɛ,0.4772,0.4545,5,a e i u ə,0.5,5,a e i u ə,1,"Baxter, Alan N. (1988) A Grammar of Kristang (Malacca Creole Portuguese). Pacific Linguistics Series B – No. 95. Canberra: Pacific Linguistics.",75,63
Lezgian (Lezgi),LEZG,NORTH CAUCASIAN,Russia and Azerbaijan,0,62,8,a aː e i u y æ æː,0.4772,0.4545,5,a e i u y,0.5,5,a e i u y,0,"Haspelmath, Martin (1993) A Grammar of Lezgian. New York: Mouton de Gruyter.",75,63
Slovene,SLVN,INDO-EUROPEAN (Slavic),"Slovenia, Italy",0,29,8,a e i o u ɔ ə ɛ,0.4772,0.4545,5,a e i u ə,0.5,5,a e i u ə,1,"Herrity, Peter (2000) Slovene: A Comprehensive Grammar. New York: Routledge.",75,63
Thompson,THOM,SALISHAN,Canada,0,50,8,a e i i̟ o u ə ə̟,0.4772,0.4545,5,a e i u ə,0.5,5,a e i u ə,1,"Thompson, Laurence C., and M. Terry Thompson (1992) The Thompson Language. University of Montana Occasional Papers in Linguistics No. 8.",75,63
Abun,ABUN,WEST PAPUAN,Indonesia (Irian Jaya),0,25,5,a e i o u,0.4722,0.4444,4,a e i u,0.5,4,a e i u,0,"Berry, Keith, and Christine Berry (1998) A description of Abun: a West Papuan language of Irian Jaya. Canberra: Pacific Linguistics.",83,63
Agarabi,AGAR,TRANS-NEW GUINEA,Papua New Guinea,0,14,5,e i o u ə,0.4722,0.4444,4,e i u ə,0.5,4,e i u ə,1,"Bee, Darlene, Lorna Luff, and Jean Goddard (1973) Notes on Agarabi Phonology. In McKaughan, Howard (ed.) (1973) The Languages of the Eastern Family of the East New Guinea Highland Stock. Seattle: University of Washington Press.",83,63
Agta,AGTA,AUSTRONESIAN,Philippines,0,24,5,a e i o u,0.4722,0.4444,4,a e i u,0.5,4,a e i u,0,"Healey, Phyllis M. (1960) An Agta Grammar. Manila: Bureau of Printing",83,63
Ainu,AINU,LANGUAGE ISOLATE,Japan,0,17,5,a e i o u,0.4722,0.4444,4,a e i u,0.5,4,a e i u,0,"Shibatani, Masayoshi (1990) The Languages of Japan. Cambridge University Press.\nReference,Tamura, Suzuko (2000) The Ainu language. Tokyo: Sanseido.",83,63
Amele,AMEL,TRANS-NEW GUINEA,Papua New Guinea,0,20,5,a e i o u,0.4722,0.4444,4,a e i u,0.5,4,a e i u,0,"Roberts, John R. (1987) Amele. New York: Croom Helm.",83,63
Banoni,BANO,AUSTRONESIAN,Papua New Guinea,0,20,5,a e i o u,0.4722,0.4444,4,a e i u,0.5,4,a e i u,0,"Lincoln, Peter Craig (1976) Describing Banoni, an Austronesian Language of Southwest Bougainville. Ann Arbor: UMI.",83,63
Basque,BASQ,BASQUE,Spain and France,0,29,5,a e i o u,0.4722,0.4444,4,a e i u,0.5,4,a e i u,0,"Saltarelli, Mario, Miren Azkarate, David Farwell, Jon Ortiz de Urbina, Lourdes Oñederra  (1988) Basque. New York: Croom Helm.",83,63
Binumarien,BINU,TRANS-NEW GUINEA,Papua New Guinea,0,17,5,a e i o u,0.4722,0.4444,4,a e i u,0.5,4,a e i u,0,"Oatridge, Desmond and Jennifer Oatridge (1973) Phonemes of Binumarien. McKaughan, Howard (ed.) (1973) The Languages of the Eastern Family of the East New Guinea Highland Stock. Seattle: University of Washington Press.",83,63
Boruca,BORU,CHIBCHAN,Costa Rica,0,22,5,a e i o u,0.4722,0.4444,4,a e i u,0.5,4,a e i u,0,"Constenla, Adolfo (1981) Comparative Chibchan Phonology. Ann Arbor: UMI.",83,63
Bukusu,BUKU,NIGER-CONGO (Bantu),Kenya,0,24,5,a e i o u,0.4722,0.4444,4,a e i u,0.5,4,a e i u,0,"Austen, Cheryl Lynn (1974) Aspects of Bukusu Syntax and Phonology. Ann Arbor: UMI.",83,63
Cuna (San Blas Cuna),CUNA,CHIBCHAN,Panama,0,16,5,a e i o u,0.4722,0.4444,4,a e i u,0.5,4,a e i u,0,"Sherzer, Joel (1975) A Problem in Cuna Phonology. The Journal of the Linguistic Association of the Southwest, Vol. I, No. 2.",83,63
Daga,DAGA,TRANS-NEW GUINEA,Papua New Guinea,0,18,5,a e i o u,0.4722,0.4444,4,a e i u,0.5,4,a e i u,0,"Murane, Elizabeth (1974) Daga Grammar from Morpheme to Discourse. Glendale, CA: The Church Press.",83,63
Dagur,DAGU,ALTAIC,China,0,22,5,a e i o u,0.4722,0.4444,4,a e i u,0.5,4,a e i u,0,"Martin, Samuel Elmo (1961) Dagur Mongolian grammar, texts, and lexicon; based on the speech of Peter Onon. Bloomington: Indiana University.",83,63
Dominican Creole (variety of Lesser Antillean Creole French),DOMI,CREOLE,Dominica,0,27,5,a e i o u,0.4722,0.4444,4,a e i u,0.5,4,a e i u,0,"Edward, Amastae Jon (1980) Dominican Creole Phonology. Ann Arbor: UMI.",83,63
"Fijian, Boumaa",BOUM,AUSTRONESIAN,Fiji,0,24,5,a e i o u,0.4722,0.4444,4,a e i u,0.5,4,a e i u,0,"Dixon, R.M.W. (1988) A Grammar of Boumaa Fijian. Chicago: The University of Chicago Press.",83,63
Fulfulde (a dialect of Mali),FULF,NIGER-CONGO,Mali,0,32,5,a e i o u,0.4722,0.4444,4,a e i u,0.5,4,a e i u,0,"McIntosh, Mary (1984) Fulfulde Syntax and Verbal Morphology. Boston: KPI.",83,63
Fyem (Fyam),FYEM,NIGER-CONGO,Nigeria,0,52,5,a e i o u,0.4722,0.4444,4,a e i u,0.5,4,a e i u,0,"Nettle, Daniel (1998) The Fyem Language of Northern Nigeria. Muenchen: Lincom Europa.",83,63
Ganda,GAND,NIGER-CONGO (Bantu),Uganda,0,24,5,a e i o u,0.4722,0.4444,4,a e i u,0.5,4,a e i u,0,"Cole, Desmond T. (1967) Some Features of Ganda Linguistic Structure. Johannesburg: Witwatersrand University Press.",83,63
Garo,GARO,SINO-TIBETAN,India and Bangladesh,0,21,5,a e i o u,0.4722,0.4444,4,a e i u,0.5,4,a e i u,0,"Burling, Robbins (1961) A Garo Grammar. Poona: Deccan College Postgraduate and Research Institute.",83,63
Georgian,GEOR,SOUTH CAUCASIAN,"Georgia, Turkey",0,33,5,a e i o u,0.4722,0.4444,4,a e i u,0.5,4,a e i u,0,"Cherchi, Marcello (1999) Georgian. Muenchen: Lincom Europa.",83,63
Greek,GREE,INDO-EUROPEAN,"Greece, Cyprus",0,20,5,a e i o u,0.4722,0.4444,4,a e i u,0.5,4,a e i u,0,"Joseph, Brian D., and Irene Philippaki-Warburton (1987) Modern Greek. Wolfeboro, NH: Croom Helm.",83,63
Guatuso (Maléku Jaíka),GUAT,CHIBCHAN,Costa Rica,0,20,5,a e i o u,0.4722,0.4444,4,a e i u,0.5,4,a e i u,0,"Constenla, Adolfo (1981) Comparative Chibchan Phonology. Ann Arbor: UMI.",83,63
Gwari (Gbagyi),GWAR,NIGER-CONGO,Nigeria,0,30,5,a e i o u,0.4722,0.4444,4,a e i u,0.5,4,a e i u,0,"Hyman, Larry M., and Daniel J. Magaji (1970) Essentials of Gwari Grammar. Ibadan: Ibadan University Press.",83,63
Hebrew,HEBR,AFRO-ASIATIC (Semitic),Israel,0,30,5,a e i o u,0.4722,0.4444,4,a e i u,0.5,4,a e i u,0,"Bolozky, Shmuel (1972) Categorial Limitations on Rules in the Phonology of Modern Hebrew. Ann Arbor: UMI.",83,63
Ikalanga (Kalanga),IKAL,NIGER-CONGO (Bantu),Botswana and Zimbabwe,0,58,5,a e i o u,0.4722,0.4444,4,a e i u,0.5,4,a e i u,0,"Mathingwane, Joyce T. (1999) Ikalanga Phonetics and Phonology: A Synchronic and Diachronic Study. Stanford, CA: CSLI Publications.",83,63
Jacaltec,JACA,MAYAN,Guatemala,0,32,5,a e i o u,0.4722,0.4444,4,a e i u,0.5,4,a e i u,0,"Day, Christopher (1973) The Jacaltec Language. Bloomington and The Hague: Indiana University and Mouton & Co.",83,63
Kapampangan,KAPA,AUSTRONESIAN,Philippines,0,20,5,a e i o u,0.4722,0.4444,4,a e i u,0.5,4,a e i u,0,"Forman, Michael L. (1971) Kapampangan Grammar Notes. Honolulu: University of Hawaii Press.",83,63
Kashaya,KASH,HOKAN,USA,0,43,5,a e i o u,0.4722,0.4444,4,a e i u,0.5,4,a e i u,0,"Buckley, Eugene (1994) Theoretical Aspects of Kashaya Phonology and Morphology. Stanford, CA: CSLI Publications.",83,63
Kharia,KHAR,AUSTRO-ASIATIC,India,0,36,5,a e i o u,0.4722,0.4444,4,a e i u,0.5,4,a e i u,0,"Bilgiri, H. S. (1965) Kharia: Phonology, Grammar, and Vocabulary. Poona: Deccan College Postgraduate and Research Institute.",83,63
Kinyarwanda (Rwanda),KINR,NIGER-CONGO (Bantu),"Rwanda, Uganda, Democratic Republic of Congo, and Tanzania",0,30,5,a e i o u,0.4722,0.4444,4,a e i u,0.5,4,a e i u,0,"Kimenyi, Alexandre (1979) Studies in Kinyarwanda and Bantu Phonology. Edmonton: Linguistic Research Inc.",83,63
Kiribati,KIRI,AUSTRONESIAN,"Kiribati, Fiji, Solomon Islands, and Tuvalu",0,15,5,a e i o u,0.4722,0.4444,4,a e i u,0.5,4,a e i u,0,"Groves, Terab’ata R., Gordon W. Groves, and Roderick Jacobs  (1985) Kiribatese Canberra: Pacific Linguistics.",83,63
Kiribati (northern dialect),KIRN,AUSTRONESIAN,Kiribati,0,15,5,a e i o u,0.4722,0.4444,4,a e i u,0.5,4,a e i u,0,"Groves, Terab’ata R., Gordon W. Groves, and Roderick Jacobs  (1985) Kiribatese Canberra: Pacific Linguistics.",83,63
Kiribati (southern dialect),KIRS,AUSTRONESIAN,Kiribati,0,15,5,a e i o u,0.4722,0.4444,4,a e i u,0.5,4,a e i u,0,"Groves, Terab’ata R., Gordon W. Groves, and Roderick Jacobs  (1985) Kiribatese Canberra: Pacific Linguistics.",83,63
Kisar,KISA,AUSTRONESIAN,Indonesia,0,18,5,a e i o u,0.4722,0.4444,4,a e i u,0.5,4,a e i u,0,"Christenson, John, and Sylvia Christenson (1992) Kisar Phonology. In Burquest and Laidig (1992).",83,63
Koiari,KOIA,TRANS-NEW GUINEA,Papua New Guinea,0,18,5,a e i o u,0.4722,0.4444,4,a e i u,0.5,4,a e i u,0,"Dutton, Tom E. (1996) Koiari. München: Lincom Europa.",83,63
Kriyol (Upper Guinea Crioulo),KRIY,CREOLE,Guinea-Bissau and Senegal,0,24,5,a e i o u,0.4722,0.4444,4,a e i u,0.5,4,a e i u,0,"Kihm, Alain (1994) Kriyol Syntax: The Portuguese-based Creole Language of Guinea-Bissau. Philadelphia: John Benjamins.",83,63
Kuvi,KUVI,DRAVIDIAN,India,0,27,5,a e i o u,0.4722,0.4444,4,a e i u,0.5,4,a e i u,0,"Israel, M. (1979) A Grammar of the Kuvi Language. Vanchiyoor: Dravidian Linguistics Association.",83,63
Larike,LARI,AUSTRONESIAN,Indonesia,0,23,5,a e i o u,0.4722,0.4444,4,a e i u,0.5,4,a e i u,0,"Laidig, Carol J. (1992) Segments, Syllables, and Stress in Larike. In Burquest and Laidig (1992).",83,63
Lomongo (Mongo-Nkundu),LOMO,NIGER-CONGO,Democratic Republic of Congo,0,22,5,a e i o u,0.4722,0.4444,4,a e i u,0.5,4,a e i u,0,"Ruskin, E. A., and L. Ruskin (1934) Bongandanga: C.B.M. Press.",83,63
Lumasaaba (Masaba),LUMA,NIGER-CONGO (Bantu),Uganda,0,20,5,a e i o u,0.4722,0.4444,4,a e i u,0.5,4,a e i u,0,"Brown, Gillian (1972) Phonological Rules and Dialect Variation. Cambridge: Cambridge University Press.",83,63
Lusi,LUSI,AUSTRONESIAN,Papua New Guinea,0,22,5,a e i o u,0.4722,0.4444,4,a e i u,0.5,4,a e i u,0,"Counts, David R. (1969) A Grammar of Kaliai-Kove. Honolulu: University of Hawaii Press.",83,63
Maasai,MAAS,NILO-SAHARAN,Kenya and Tanzania,0,29,5,a e i o u,0.4722,0.4444,4,a e i u,0.5,4,a e i u,0,"Hollis, Alfred C. (1971) The Masai: Their Language and Folklore. Freeport, NY: Books for Libraries Press.",83,63
Mangap-Mbula,MANG,AUSTRONESIAN,Papua New Guinea,0,23,5,a e i o u,0.4722,0.4444,4,a e i u,0.5,4,a e i u,0,"Bugenhagen, Robert D. (1995) A Grammar of Mangap-Mbula: An Austronesian Language of Papua New Guinea. Canberra: Pacific Linguistics.",83,63
Maori,MAOR,AUSTRONESIAN,New Zealand,0,15,5,a e i o u,0.4722,0.4444,4,a e i u,0.5,4,a e i u,0,"Harlow, Ray (1996) Māori. Muenchen: Lincom Europa.",83,63
Maya (Yucatan),MAYA,MAYAN,Mexico,0,27,5,a e i o u,0.4722,0.4444,4,a e i u,0.5,4,a e i u,0,"Straight, H. Stephen (1976) Acquisition of Maya Phonology. New York: Garland Publishing, Inc.",83,63
Meriam (Mer),MERI,TRANS-NEW GUINEA,Australia,0,18,5,a e i o u,0.4722,0.4444,4,a e i u,0.5,4,a e i u,0,"Holmer, Nils M. (1988) Notes on Some Queensland Languages. Canberra: Pacific Linguistics.",83,63
Mikir,MIKI,SINO-TIBETAN,India,0,29,5,a e i o u,0.4722,0.4444,4,a e i u,0.5,4,a e i u,0,"Jeyapaul, V. Y. (1987) Karbi Grammar. Mysore: Central Institute of Indian Languages.",83,63
Muktile (Matal),MUKT,AFRO-ASIATIC (Chadic),Cameroon,0,36,5,a i o u ə,0.4722,0.4444,4,a i u ə,0.5,4,a i u ə,1,"Rossing, Melvin Olaf (1978) Mafa-Mada. Ann Arbor: UMI.",83,63
Mundari,MUND,AUSTRO-ASIATIC,India,0,32,5,a e i o u,0.4722,0.4444,4,a e i u,0.5,4,a e i u,0,"Cook, S.J., Rev. Walter Anthony (1974). Structure of the Mundari Language. Ann Arbor: Xerox University Microfilms.",83,63
Mwera,MWER,NIGER-CONGO (Bantu),Tanzania,0,22,5,a e i o u,0.4722,0.4444,4,a e i u,0.5,4,a e i u,0,"Harries, Rev. Lyndon (1950) A Grammar of Mwera. Johannesburg: Witwatersrand University Press.",83,63
"Nahual, Michoacán (Michoacán Nahuatl)",MICN,UTO-AZTECAN,Mexico,0,22,5,a e i o u,0.4722,0.4444,4,a e i u,0.5,4,a e i u,0,"Sischo, William R. (1979) Michoacán Nahauatl. In Langacker (1979).",83,63
Ndyuka,NDYU,CREOLE,Suriname,0,19,5,a e i o u,0.4722,0.4444,4,a e i u,0.5,4,a e i u,0,"Huttar, George L., and Mary L. Huttar (1994) Ndyuka. New York: Routledge.",83,63
Nguna (North Efate),NGUN,AUSTRONESIAN,Vanuatu,0,18,5,a e i o u,0.4722,0.4444,4,a e i u,0.5,4,a e i u,0,"Schütz, Albert J. (1969) Nguna Grammar. Honolulu: Oceanic Linguistics Special Publication.",83,63
Nyanja,NYNJ,NIGER-CONGO (Bantu),"Malawi, Zambia, Mozambique, Zimbabwe",0,23,5,a e i o u,0.4722,0.4444,4,a e i u,0.5,4,a e i u,0,"Price, Thomas (1958) The Elements of Nyanja. Blantyre: Church of Scotland Mission. ",83,63
Orma,ORMA,AFRO-ASIATIC (Cushitic),Kenya,0,29,5,a e i o u,0.4722,0.4444,4,a e i u,0.5,4,a e i u,0,"Stroomer, Harry (1987) A Comparative Study of Three Southern Oromo Dialects in Kenya. Hamburg: Helmut Buske Verlag.",83,63
"Oromo, Boraana (Borana-Arsi-Guji Oromo)",BORA,AFRO-ASIATIC (Cushitic),Ethiopia and Kenya,0,29,5,a e i o u,0.4722,0.4444,4,a e i u,0.5,4,a e i u,0,"Stroomer, Harry (1987) A Comparative Study of Three Southern Oromo Dialects in Kenya. Hamburg: Helmut Buske Verlag.",83,63
"Oromo, Harar (Eastern Oromo)",HARO,AFRO-ASIATIC (Cushitic),Ethiopia,0,29,5,a e i o u,0.4722,0.4444,4,a e i u,0.5,4,a e i u,0,"Owens, Jonathan (1985) A Grammar of Harar Oromo (Northeastern Ethiopia). Hamburg: Helmut Buske Verlag.",83,63
"Oromo, Waata (Sanye)",WAAT,AFRO-ASIATIC (Cushitic),Ethiopia,0,29,5,a e i o u,0.4722,0.4444,4,a e i u,0.5,4,a e i u,0," Stroomer, Harry (1987) A Comparative Study of Three Southern Oromo Dialects in Kenya. Hamburg: Helmut Buske Verlag.",83,63
Oshindonga,OSHI,NIGER-CONGO (Bantu),Namibia,0,26,5,a e i o u,0.4722,0.4444,4,a e i u,0.5,4,a e i u,0,"Fivaz, Derek (1986) A Reference Grammar of Oshindonga (Wambo).  Windhoek: Star Binder & Printers.",83,63
Passamaquoddy-Maliseet (Malecite-Passamaquoddy),PASS,ALGIC,Canada and USA,0,17,5,a e i o ə,0.4722,0.4444,4,a e i ə,0.5,4,a e i ə,1,"Leavitt, Robert M. (1996) Passamaquoddy-Maliseet. Muenchen: Lincom Europa.",83,63
Pileni,PILE,AUSTRONESIAN,Solomon Islands,0,24,5,a e i o u,0.4722,0.4444,4,a e i u,0.5,4,a e i u,0,"Næss, Åshild (2000) Pileni. Muenchen: Lincom Europa.",83,63
Rapanui,RAPA,AUSTRONESIAN,Chile (Easter Island),0,15,5,a e i o u,0.4722,0.4444,4,a e i u,0.5,4,a e i u,0,"Du Feu, Veronica (1996) Rapanui. New York: Routledge.",83,63
"Romani, Burgenland-Romani",BURG,INDO-EUROPEAN (Indo-Aryan),"Austria, Hungary",0,30,5,a e i o u,0.4722,0.4444,4,a e i u,0.5,4,a e i u,0,"Halwachs, Dieter W. (2002) Burgenland-Romani. Muenchen: Lincom Europa.",83,63
Rotuman,ROTU,AUSTRONESIAN,Fiji,0,19,5,a e i o u,0.4722,0.4444,4,a e i u,0.5,4,a e i u,0,"Vamarasi, Marit (2002) Rotuman. Muenchen: Lincom Europa.",83,63
Runyoro-Rutooro (Nyoro/Tooro),RUNR,NIGER-CONGO (Bantu),Uganda,0,26,5,a e i o u,0.4722,0.4444,4,a e i u,0.5,4,a e i u,0,"Rubongoya, L. T. (1999) A Modern Runyoro-Rutooro Grammar. Köln: Rüdinger Köppe Verlag.",83,63
Serbo-Croatian (Cres Čakavian),SECR,INDO-EUROPEAN (Slavic),Croatia,0,24,5,a e i o u,0.4722,0.4444,4,a e i u,0.5,4,a e i u,0,Houtzagers (1985) The Čakavian Dialect of Orlec on the Island of Cres. Amsterdam: Rodopi.,83,63
Shambala,SHAM,NIGER-CONGO (Bantu),Tanzania,0,27,5,a e i o u,0.4722,0.4444,4,a e i u,0.5,4,a e i u,0,"Besha, Ruth Mfumbwa (1989) A Study of Tense and Aspect in Shambala. Berlin: Dietrich Reimer Verlag.",83,63
Shona (Central),SHOC,NIGER-CONGO (Bantu),Zimbabwe,0,68,5,a e i o u,0.4722,0.4444,4,a e i u,0.5,4,a e i u,0,"Doke, Clement M. (1931) A Comparative Study in Shona Phonetics. Johannesburg: The University of the Witwatersrand Press.",83,63
Shona (Eastern),SHCE,NIGER-CONGO (Bantu),Zimbabwe,0,68,5,a e i o u,0.4722,0.4444,4,a e i u,0.5,4,a e i u,0,"Doke, Clement M. (1931) A Comparative Study in Shona Phonetics. Johannesburg: The University of the Witwatersrand Press.",83,63
Shona (Zezuru),SHOZ,NIGER-CONGO (Bantu),Zimbabwe,0,68,5,a e i o u,0.4722,0.4444,4,a e i u,0.5,4,a e i u,0,"Doke, Clement M. (1931) A Comparative Study in Shona Phonetics. Johannesburg: The University of the Witwatersrand Press.",83,63
Si-Luyana,SILU,NIGER-CONGO (Bantu),Zambia and Angola,0,17,5,a e i o u,0.4722,0.4444,4,a e i u,0.5,4,a e i u,0,"Givon, Talmy (1970) The Si-Luyana Language: A Preliminary Linguistic Description. University of Zambia: Institute for Social Research.",83,63
Sie,SIEX,AUSTRONESIAN,Vanuatu,0,19,5,a e i o u,0.4722,0.4444,4,a e i u,0.5,4,a e i u,0,"Crowley, Terry (1998) An Erromangan (Sye) Grammar. Honolulu: University of Hawai’i Press.",83,63
Sinaugoro,SINA,AUSTRONESIAN,Papua New Guinea,0,21,5,a e i o u,0.4722,0.4444,4,a e i u,0.5,4,a e i u,0,"Tauberschmidt, Gerhard (1999) A Grammar of Sinaugoro. Canberra: Pacific Linguistics.",83,63
Spanish (European),SPAN,INDO-EUROPEAN (Italic),"Spain, etc.",0,26,5,a e i o u,0.4722,0.4444,4,a e i u,0.5,4,a e i u,0,"Cressey, William W. (1978) Spanish Phonology and Morphology: A Generative View. Washington, D.C.: Georgetown University Press.",83,63
Swahili,SWAH,NIGER-CONGO (Bantu),"Tanzania, etc.",0,37,5,a e i o u,0.4722,0.4444,4,a e i u,0.5,4,a e i u,0,"Ashton, E. O. (1969) Swahili Grammar. London: Longmans.",83,63
Tagalog,TAGA,AUSTRONESIAN,Philippines,0,21,5,a e i o u,0.4722,0.4444,4,a e i u,0.5,4,a e i u,0,"Ramos, Teresita V. (1971) Tagalog Structures. Honolulu: University of Hawaii Press.",83,63
Tauya,TAUY,TRANS-NEW GUINEA,Papua New Guinea,0,18,5,a e i o u,0.4722,0.4444,4,a e i u,0.5,4,a e i u,0,"MacDonald, Lorna (1990) Tauya. Berlin: Mouton de Gruyter.",83,63
Tawala,TAWA,AUSTRONESIAN,Papua New Guinea,0,24,5,a e i o u,0.4722,0.4444,4,a e i u,0.5,4,a e i u,0,"Ezard, Bryan (1997) A Grammar of Tawala: an Austronesian language of the Milne Bay area, Papua New Guinea. Canberra: Pacific Linguistics.",83,63
"Tetun, Fehan",TETU,AUSTRONESIAN,Indonesia,0,18,5,a e i o u,0.4722,0.4444,4,a e i u,0.5,4,a e i u,0,"van Klinken, Catharina Lumien (1999) A grammar of the Fehan dialect of Tetun: An Austronesian Language of West Timor. Canberra: Pacific Linguistics.",83,63
Tojolabal Maya,TOJO,MAYAN,Mexico,0,25,5,a e i o u,0.4722,0.4444,4,a e i u,0.5,4,a e i u,0,"Brody, Mary Jill (1982) Discourse Processes of Highlighting in Tojolabal Maya Morphosyntax. Ann Arbor: UMI.",83,63
Tokelauan,TOKE,AUSTRONESIAN,Tokelau,0,15,5,a e i o u,0.4722,0.4444,4,a e i u,0.5,4,a e i u,0,"Hooper, Robin (1996) Tokelauan. Muenchen: Lincom Europa.",83,63
Tuvaluan,TUVA,AUSTRONESIAN,Tuvaluan,0,16,5,a e i o u,0.4722,0.4444,4,a e i u,0.5,4,a e i u,0,"Besnier, Niko (2000) Tuvaluan. New York: Routledge.",83,63
Tzotzil,TZOT,MAYAN,Mexico,0,22,5,a e i o u,0.4722,0.4444,4,a e i u,0.5,4,a e i u,0,"Cowan, Marion M. (1968) Tzotzil Grammar. Norman: Summer Institute of Linguistics of the University of Oklahoma.",83,63
Ura,URAX,EAST PAPUAN,Papua New Guinea,0,23,5,a e i o u,0.4722,0.4444,4,a e i u,0.5,4,a e i u,0,"Crowley, Terry (1996) Ura. München: Lincom Europa.",83,63
Usarufa,USAR,TRANS-NEW GUINEA,Papua New Guinea,0,23,5,e i o u ə,0.4722,0.4444,4,e i u ə,0.5,4,e i u ə,1,"Bee, Darlene, and Kathleen Barker Glasgow (1973) Usarufa Tone and Segmental Phonemes. In McKaughan, Howard (ed.) (1973) The Languages of the Eastern Family of the East New Guinea Highland Stock. Seattle: University of Washington Press.",83,63
Venda,VEND,NIGER-CONGO (Bantu),South Africa and Zimbabwe,0,53,5,a e i o u,0.4722,0.4444,4,a e i u,0.5,4,a e i u,0,"Poulos, George (1990) A linguistic analysis of Venda. Pretoria: Via Afrika.",83,63
Waffa,WAFF,TRANS-NEW GUINEA,Papua New Guinea,0,23,5,e i o u ə,0.4722,0.4444,4,e i u ə,0.5,4,e i u ə,1,"Stringer, Mary and Joyce Hotz (1973) Waffa Phonemes. In McKaughan (1973)",83,63
Warembori,WARE,LOWER MAMBERAMO,Indonesia (Irian Jaya),0,20,5,a e i o u,0.4722,0.4444,4,a e i u,0.5,4,a e i u,0,"Donohue, Mark (1996) Warembori. München: Lincom Europa.",83,63
Wisa (Lala-Bisa),WISA,NIGER-CONGO,Zambia,0,23,5,a e i o u,0.4722,0.4444,4,a e i u,0.5,4,a e i u,0,"Madan, A.C. (1906) Wisa Handbook. Oxford: The Clarendon Press.",83,63
Wolaytta,WOLA,AFRO-ASIATIC,Ethiopia,0,32,5,a e i o u,0.4722,0.4444,4,a e i u,0.5,4,a e i u,0,"Lamberti, Marcello, and Roberto Sottile (1997) The Wolaytta language. Köln: Rüdiger Köppe Verlag.",83,63
Wolio,WOLI,AUSTRONESIAN,Indonesia and Malaysia,0,31,5,a e i o u,0.4722,0.4444,4,a e i u,0.5,4,a e i u,0,"Anceaux, Dr . J. C. (1952) The Wolio Language. ‘S-Gravenhage: Martinus Nijhoff.",83,63
Xhosa,XHOS,NIGER-CONGO (Bantu),South Africa,0,72,5,a e i o u,0.4722,0.4444,4,a e i u,0.5,4,a e i u,0,"McLaren, J. (1906) A Grammar of the Kaffir Language. New York: Longmans, Green, and Co..",83,63
"Yaqui, Sonora",YAQU,UTO-AZTECAN,Mexico and USA,0,20,5,a e i o u,0.4722,0.4444,4,a e i u,0.5,4,a e i u,0,"Dedrick, John M., and Eugene H. Casad (1999) Sonora Yaqui Language Structures. Tucson: University of Arizona Press.",83,63
Yavapai,YAVA,HOKAN,USA,0,31,5,a e i o u,0.4722,0.4444,4,a e i u,0.5,4,a e i u,0,"Shaterian, Alan William (1983) Phonology and Dictionary of Yavapai. Ann Arbor: UMI.",83,63
Zulu,ZULU,NIGER-CONGO (Bantu),"South Africa, Mozambique, Malawi, etc.",0,56,5,a e i o u,0.4722,0.4444,4,a e i u,0.5,4,a e i u,0,"Malcolm, D. McK. (1966) A new Zulu manual (Revised by D. N. Bang). Cape Town: Longmans.",83,63
"Ostyak, Eastern (Khanty)",EOST,URALIC (Finno-Ugric),Russia,0,31,13,a ă e i o ŏ u y æ ø ø̆ ə̆ ɯ,0.4643,0.5,7,a e i u y ø ɯ,0.4286,6,a e i u y ɯ,0,"Gulya, János (1966) Eastern Ostyak Chrestomathy. Bloomington/The Hague: Mouton & Co./Indiana University.",49,220
"Armenian, Karchevian",ARKA,INDO-EUROPEAN,Armenia?,0,32,10,a e i o u y ø œ ɛ ɨ,0.4584,0.5,6,a e i u y ø,0.4167,5,a e i u y,0,"Vaux, Bert (1998) The Phonology of Armenian. Oxford: Clarendon Press.",49,261
"Armenian, Agn",ARGN,INDO-EUROPEAN,Armenia,0,32,7,a i u y ø ɔ ɛ,0.45,0.5,5,a i u y ø,0.4,4,a i u y,0,"Vaux, Bert (1998) The Phonology of Armenian. Oxford: Clarendon Press.",49,263
"Arabic, North Israel Bedouin",ANIB,AFRO-ASIATIC (Semitic),NIBA,0,46,9,a aː e i iː o u uː ə,0.4356,0.4167,5,a e i u ə,0.4545,5,a e i u ə,1,"Rosenhouse, Judith (1984) Bedouin Arabic Dialects. Wiesbaden: Otto Harrassowitz.",180,172
Diola-Fogny (Jola-Fogny),DIOL,NIGER-CONGO,Senegal and Gambia,0,29,9,a e i o u ɔ ə ɛ ɪ,0.4356,0.4167,5,a e i u ə,0.4545,5,a e i u ə,1,"Sapir, J. David (1965) A Grammar of Diola-Fogny. Cambridge: Cambridge University Press.",180,172
Irula,IRUL,DRAVIDIAN,India,0,31,9,a e i o u ə ɨ ɵ ʉ,0.4356,0.4167,5,a e i u ə,0.4545,5,a e i u ə,1,"Zvelebil, Kamil V. (1973) The Irula Language. Weisbaden: Otto Harrassowitz.",180,172
Kamba,KAMB,NIGER-CONGO (Bantu),Kenya,0,30,9,a e i o u æ ə ɪ ɵ,0.4356,0.4167,5,a e i u ə,0.4545,5,a e i u ə,1,"Lindblom, Gerhard (1925) Notes on the Kamba Language. Upsala: Appelbergs Boktryckeri Aktiebolag.",180,172
Khmuʔ,KHMU,AUSTRO-ASIATIC,"Laos, Vietnam, Thailand",0,28,9,a e i o u ɔ ə ɛ ɨ,0.4356,0.4167,5,a e i u ə,0.4545,5,a e i u ə,1,"Smalley, William A. (1961) Outline of Khmuʔ Structure. New Haven: American Oriental Society.",180,172
Lango,LANG,NIGER-CONGO,Sudan,0,26,9,a e i o u ɔ ə ɛ ɪ,0.4356,0.4167,5,a e i u ə,0.4545,5,a e i u ə,1,"Noonan, Michael (1992) A Grammar of Lango. New York: Mouton de Gruyter.",180,172
Apatani,APAT,SINO-TIBETAN,India,0,23,6,a e i o u ɨ,0.4222,0.4,4,a e i u,0.4444,4,a e i u,0,"Abraham, P. T. (1985) Apatani Grammar. Mysore: Central Institute of Indian Languages.",187,181
Assyrian Neo-Aramaic (Iraqi Koine),ANAI,AFRO-ASIATIC (Semitic),Iraq,0,33,6,a e i o u ɪ,0.4222,0.4,4,a e i u,0.4444,4,a e i u,0,"Odisho, Edward Y. (1988) Sound System of Modern Assyrian (Neo-Aramaic). Wiesbaden: Harrassowitz Verlag.",187,181
Assyrian Neo-Aramaic (Jilu dialect),ANAJ,AFRO-ASIATIC (Semitic),Iraq,0,32,6,a e i o u ɛ,0.4222,0.4,4,a e i u,0.4444,4,a e i u,0,"Fox, Samuel Ethan (1997) The Neo-Aramaic Dialect of Jilu. Wiesbaden: Harrassowitz Verlag.",187,181
Balangao,BALA,AUSTRONESIAN,Philippines,0,21,6,a e i o u ɨ,0.4222,0.4,4,a e i u,0.4444,4,a e i u,0,"Shetler, Joanne (1976) Notes on Balangao Grammar. Huntington Beach, CA: Summer Institute of Linguistics",187,181
Berbice Dutch Creole,BERB,CREOLE,Guyana,0,20,6,a e i o u ɛ,0.4222,0.4,4,a e i u,0.4444,4,a e i u,0,"Kouwenberg, Silvia (1994) A Grammar of Berbice Dutch Creole. New York: Mouton de Gruyter.",187,181
Bulgarian,BULG,INDO-EUROPEAN (Slavic),Bulgaria,0,42,6,a e i o u ɨ,0.4222,0.4,4,a e i u,0.4444,4,a e i u,0,"Scatton, Ernest A. (1984) A Reference Grammar of Modern Bulgarian. Columbus, OH: Slavica Publishers, Inc.",187,181
Chamorro,CHAM,AUSTRONESIAN,Guam,0,25,6,a e i o u æ,0.4222,0.4,4,a e i u,0.4444,4,a e i u,0,"Topping, Donald M. (1973) Chamorro reference grammar. Honolulu, University Press of Hawaii.",187,181
Cherokee (Qualla dialect),CHEQ,IROQUOIAN,USA,0,17,6,a e i o u ʌ̃,0.4222,0.4,4,a e i u,0.4444,4,a e i u,0,"King, Duane Harold (1975) A Grammar and Dictionary of the Cherokee Language. Ann Arbor: UMI.",187,181
Coeur dʼAlene,COEU,SALISHAN,USA,0,48,6,a i o u ə ɛ,0.4222,0.4,4,a i u ə,0.4444,4,a i u ə,1,"Johnson, Robert Erik (1975) The Role of Phonetic Detail in Coeur d’Alene Phonology. Ann Arbor: UMI.",187,181
Comaltepec Chinantec (Comaltepec Chinanteco),COML,OTO-MANGUEAN,Mexico,0,22,6,a e i o u ɨ,0.4222,0.4,4,a e i u,0.4444,4,a e i u,0,"Anderson, Judi Lynn (1989) Comaltepec Chinantec Syntax. Studies in Chinantec Languages Volume 3. Arlington, TX: Summer Institute of Linguistics and the University of Texas at Arlington.",187,181
Comanche,COMN,UTO-AZTECAN,USA,0,18,6,a e i o u ɨ,0.4222,0.4,4,a e i u,0.4444,4,a e i u,0,"Charney, Jean Ormsbee (1993) A Grammar of Comanche. Lincoln: University of Nebraska Press.",187,181
"Dani, Lower Grand Valley",LOWE,AUSTRONESIAN,Indonesia (Irian Jaya),0,20,6,a e i o u ɪ,0.4222,0.4,4,a e i u,0.4444,4,a e i u,0,"Bromley, H. Myron (1961) The Phonology of Lower Grand Valley Dani. ‘S-Gravenhage – Martinus Nijhoff.",187,181
Efik,EFIK,NIGER-CONGO,Nigeria,0,22,6,a e i o u ɔ,0.4222,0.4,4,a e i u,0.4444,4,a e i u,0,"Ward, Ida C. (1933) The Phonetic and Tonal Structure of Efik. Cambridge: W. Heffer & Sons Ltd.",187,181
Gadsup,GADS,TRANS-NEW GUINEA,Papua New Guinea,0,15,6,e i o u æ ə,0.4222,0.4,4,e i u ə,0.4444,4,e i u ə,1,"Frantz, Chester, and Marjorie Frantz (1973) Gadsup Phoneme and Toneme Units. In McKaughan, Howard (ed.) (1973) The Languages of the Eastern Family of the East New Guinea Highland Stock. Seattle: University of Washington Press.",187,181
Gunin/Kwini,GUNI,AUSTRALIAN (Pama-Nyungan),Australia,0,23,6,a e i o u ɨ,0.4222,0.4,4,a e i u,0.4444,4,a e i u,0,"McGregor, William B. (1993) Gunin/Kwini. München: Lincom Europa.",187,181
"Halkomelem, Chilliwack",HALK,SALISHAN,Canada,0,33,6,a i o u ə ɛ,0.4222,0.4,4,a i u ə,0.4444,4,a i u ə,1,"Galloway, Brent D. (1977) A Grammar of Chilliwack Halkomelem. Ann Arbor: UMI.",187,181
Ilocano,ILOC,AUSTRONESIAN,Philippines,0,21,6,a i o u ɛ ɯ,0.4222,0.4,4,a i u ɯ,0.4444,4,a i u ɯ,0,"Rubino, Carl Ralph Galvez (2000) Ilocano Dictionary and Grammar. University of Hawai’i Press.",187,181
Kinyamwezi (Nyamwezi),KINM,NIGER-CONGO (Bantu),Tanzania,0,43,6,a e i o u ɪ,0.4222,0.4,4,a e i u,0.4444,4,a e i u,0,"Maganga, Clement, and Thilo C. Schadeberg (1992) Kinyamwezi: Grammar, Texts, Vocabulary. Köln: Rüdinger Köppe Verlag.",187,181
Kwamera,KWAM,AUSTRONESIAN,Vanuatu,0,21,6,a e i o u ɨ,0.4222,0.4,4,a e i u,0.4444,4,a e i u,0,"Lindstrom, Lamont, and John Lynch (1994) Kwamera. Muenchen: Lincom Europa.",187,181
Lakota,LAKO,SIOUAN,USA and Canada,0,34,6,a ã e i o u,0.4222,0.4,4,a e i u,0.4444,4,a e i u,0,"Patterson, Trudi Alice (1990) Theoretical aspects of Dakota morphology and phonology. Ann Arbor: UMI.",187,181
"Maya, Chontal (Tabasco Chontal)",CHON,MAYAN,Mexico,0,32,6,a e i o u ɨ̞,0.4222,0.4,4,a e i u,0.4444,4,a e i u,0,"Knowles, Susan Marie (1984) A Descriptive Grammar of Chontal Maya (San Carlos Dialect). Ann Arbor: UMI.",187,181
"Mixe, Lowland (Coatlán variety)",LMCO,MIXE-ZOQUE,Mexico,0,21,6,a e i o u ɨ,0.4222,0.4,4,a e i u,0.4444,4,a e i u,0,"Wichmann, Søren (1995) The Relationship Among the Mixe-Zoquean Languages of Mexico. Salt Lake City: University of Utah Press.",187,181
"Mixe, Lowland (San José El Paraíso variety)",LMSO,MIXE-ZOQUE,Mexico,0,21,6,a e i o u ɨ,0.4222,0.4,4,a e i u,0.4444,4,a e i u,0,"Wichmann, Søren (1995) The Relationship Among the Mixe-Zoquean Languages of Mexico. Salt Lake City: University of Utah Press.",187,181
"Mixe, Lowland (San Juan el Paraíso variety)",LMSU,MIXE-ZOQUE,Mexico,0,21,6,a e i o u ɨ,0.4222,0.4,4,a e i u,0.4444,4,a e i u,0,"Wichmann, Søren (1995) The Relationship Among the Mixe-Zoquean Languages of Mexico. Salt Lake City: University of Utah Press.",187,181
"Mixe, South Highland (Tepuxtepec variety)",SMTU,MIXE-ZOQUE,Mexico,0,17,6,a e i o u ɨ,0.4222,0.4,4,a e i u,0.4444,4,a e i u,0,"Wichmann, Søren (1995) The Relationship Among the Mixe-Zoquean Languages of Mexico. Salt Lake City: University of Utah Press.",187,181
"Mixe, South Highland (Tlahuitoltepec variety)",SMTL,MIXE-ZOQUE,Mexico,0,18,6,a e i o u ɨ,0.4222,0.4,4,a e i u,0.4444,4,a e i u,0,"Wichmann, Søren (1995) The Relationship Among the Mixe-Zoquean Languages of Mexico. Salt Lake City: University of Utah Press.",187,181
Nimboran,NIMB,TRANS-NEW GUINEA,Indonesia (Irian Jaya),0,18,6,a e i o u ɨ,0.4222,0.4,4,a e i u,0.4444,4,a e i u,0,"Anceaux, J.C. (1965) The Nimboran Language. ‘S-Gravenhage – Martinus Nijhoff.",187,181
Persian,PERS,INDO-EUROPEAN (Indo-Iranian),"Iran, Iraq, UAE, Qatar",0,28,6,a e i o u æ,0.4222,0.4,4,a e i u,0.4444,4,a e i u,0,"Dehghani, Yavar (2002) Persian. Muenchen: Lincom Europa.",187,181
Selepet,SELE,TRANS-NEW GUINEA,Papua New Guinea,0,21,6,a e i o u ɔ,0.4222,0.4,4,a e i u,0.4444,4,a e i u,0,"McElhanon, K. A. (1970) Selepet Phonology. Canberra: Pacific Linguistics.",187,181
Sema,SEMA,SINO-TIBETAN,India,0,26,6,a e i o u ɨ,0.4222,0.4,4,a e i u,0.4444,4,a e i u,0,"Sreedhar, M. V. (1980) A Sema Grammar. Mysore: Central Institute of Indian Languages.",187,181
"Slavey, North",NSXX,NA-DENE,Canada,0,39,6,a e i u ɔ ɛ,0.4222,0.4,4,a e i u,0.4444,4,a e i u,0,"Rice, Keren (1989) A Grammar of Slave. New York: Mouton de Gruyter.",187,181
"Slavey, North (Bearlake variety)",NSBX,NA-DENE,Canada,0,39,6,a e i u ɔ ɛ,0.4222,0.4,4,a e i u,0.4444,4,a e i u,0,"Rice, Keren (1989) A Grammar of Slave. New York: Mouton de Gruyter.",187,181
"Slavey, North (Hare variety)",NSHX,NA-DENE,Canada,0,33,6,a e i u ɔ ɛ,0.4222,0.4,4,a e i u,0.4444,4,a e i u,0,"Rice, Keren (1989) A Grammar of Slave. New York: Mouton de Gruyter.",187,181
"Slavey, North (innovative Bearlake variety)",NSBI,NA-DENE,Canada,0,39,6,a e i u ɔ ɛ,0.4222,0.4,4,a e i u,0.4444,4,a e i u,0,"Rice, Keren (1989) A Grammar of Slave. New York: Mouton de Gruyter.",187,181
"Slavey, North (innovative Hare variety)",NSHI,NA-DENE,Canada,0,33,6,a e i u ɔ ɛ,0.4222,0.4,4,a e i u,0.4444,4,a e i u,0,"Rice, Keren (1989) A Grammar of Slave. New York: Mouton de Gruyter.",187,181
Tigre,TGRE,AFRO-ASIATIC (Semitic),Eritrea and Sudan,0,30,6,a aː e i o u,0.4222,0.4,4,a e i u,0.4444,4,a e i u,0,"Raz, Shlomo (1983) Tigre Grammar and Texts. Malibu, CA: Undena Publications.",187,181
Tiv,TIVX,NIGER-CONGO (Bantu),Nigeria and Cameroon,0,38,6,a e i o u ɔ,0.4222,0.4,4,a e i u,0.4444,4,a e i u,0,"Abraham, R. C. (1968) The Principles of Tiv. Farnborough, England: Gregg International Publishers.",187,181
Ukrainian,UKRA,INDO-EUROPEAN (Slavic),"Ukraine, Poland, Slovakia, etc.",0,42,6,a e i o u ɨ,0.4222,0.4,4,a e i u,0.4444,4,a e i u,0,"Bidwell, Charles E. (1967-68) Outline of Ukrainian Morphology. University of Pittsburgh.",187,181
Woleaian,WOLE,AUSTRONESIAN,Micronesia,0,21,6,a e i o u ʉ,0.4222,0.4,4,a e i u,0.4444,4,a e i u,0,"Sohn, Ho-Min (1975) Woleaian Reference Grammar. Honolulu: The University Press of Hawaii.",187,181
French,FREN,INDO-EUROPEAN (Italic),"France, Canada, Belgium, Switzerland, Haiti, Algeria",0,35,15,a ã e ẽ i o u y ø œ œ̃ ɔ ɔ̃ ə ɛ,0.4062,0.4375,7,a e i u y ø ə,0.375,6,a e i u y ə,1,"Valdman, Albert (1976) Introduction to French Phonology and Morphology. Rowley, Mass.: Newbury House Publishers, Inc.\nCasagrande, Jean (1984) The Sound System of French. Washington, D.C.: Georgetown University Press.",178,332
Arabana,ARAB,AUSTRALIAN (Pama-Nyungan),Australia,0,24,3,a i u,0.4018,0.375,3,a i u,0.4286,3,a i u,0,"Hercus, Luise A. (1994) A Grammar of the Arabana-Wangkangurru Language, Lake Eyre Basin, South Australia. Canberra: Pacific Linguistics.",230,220
Bata,BATA,AFRO-ASIATIC (Chadic),Nigeria,0,31,3,a ə ɯ,0.4018,0.375,3,a ə ɯ,0.4286,3,a ə ɯ,1,"Boyd, Raymond (2002) Bata Phonology: A Reappraisal. Muenchen: Lincom Europa.",230,220
Biri,BIRI,AUSTRALIAN (Pama-Nyungan),Australia,0,18,3,a i u,0.4018,0.375,3,a i u,0.4286,3,a i u,0,"Terrill, Angela (1998) Biri. München: Lincom Europa.",230,220
Cebuano,CEBU,AUSTRONESIAN,Philippines,0,19,3,a i u,0.4018,0.375,3,a i u,0.4286,3,a i u,0,"Bunye, Maria Victoria R., and Elsa Paula Yap (1971) Cebuano Grammar Notes. Honolulu: University of Hawaii Press.",230,220
Dieri (Diyari),DIER,"Austin, Peter (1981) A Grammar of Diyari, South Australia. Cambridge: Cambridge University Press.",Australia,0,25,3,a i u,0.4018,0.375,3,a i u,0.4286,3,a i u,0,AUSTRALIAN (Pama-Nyungan),230,220
Djinang/Djinba,DJIN,AUSTRALIAN (Pama-Nyungan),Australia,0,22,3,a i u,0.4018,0.375,3,a i u,0.4286,3,a i u,0,"Waters, Bruce E. (1989) Djinang and Djinba – A Grammatical and Historical Perspective. Canberra: Pacific linguistics",230,220
Dyirbal,DYIR,AUSTRALIAN (Pama-Nyungan),Australia,0,16,3,a i u,0.4018,0.375,3,a i u,0.4286,3,a i u,0,"Dixon, R.M.W. (1972) The Dyirbal Language of North Queensland. Cambridge: Cambridge University Press.",230,220
Ganggulida,GANG,AUSTRALIAN (Pama-Nyungan),Australia,0,18,3,a i u,0.4018,0.375,3,a i u,0.4286,3,a i u,0,"Holmer, Nils M. (1988) Notes on Some Queensland Languages. Canberra: Pacific Linguistics.",230,220
Garawa (Bundjil/Wandji),GARA,AUSTRALIAN,Australia,0,18,3,a i u,0.4018,0.375,3,a i u,0.4286,3,a i u,0,"Holmer, Nils M. (1988) Notes on Some Queensland Languages. Canberra: Pacific Linguistics.",230,220
Garwa,GARW,AUSTRALIAN(?),Australia,0,18,3,a i u,0.4018,0.375,3,a i u,0.4286,3,a i u,0,"Holmer, Nils M. (1988) Notes on Some Queensland Languages. Canberra: Pacific Linguistics.",230,220
Gugu-Bujun,GUGU,AUSTRALIAN(?),Australia,0,17,3,a i u,0.4018,0.375,3,a i u,0.4286,3,a i u,0,"Holmer, Nils M. (1988) Notes on Some Queensland Languages. Canberra: Pacific Linguistics.",230,220
Hiligaynon,HILI,AUSTRONESIAN,Philippines,0,19,3,a i u,0.4018,0.375,3,a i u,0.4286,3,a i u,0,"Spitz, Walter L. (2001) Hiligaynon / Ilonggo. Muenchen: Lincom Europa",230,220
"Inuktitut, West Greenlandic",INUK,ESKIMO-ALEUT,Greenland and Denmark,0,16,3,a i u,0.4018,0.375,3,a i u,0.4286,3,a i u,0,"Fortescue, Michael (1984) West Greenlandic. Sydney: Croom Helm Descriptive Grammars.",230,220
"Inupiaq, Barrow (North Alaskan Inupiatun)",INUP,ESKIMO-ALEUT,USA (Alaska),0,24,3,a i u,0.4018,0.375,3,a i u,0.4286,3,a i u,0,"Kaplan, Lawrence D. (1981) Phonological Issues in North Alaskan Inupiaq. Alaska Native Language Center Research Papers.",230,220
Jaqaru,JAQA,AYMARAN,Peru,0,39,3,a i u,0.4018,0.375,3,a i u,0.4286,3,a i u,0,"Hardman, MJ (2000) Jaqaru. Muenchen: Lincom Europa.",230,220
Kuku-Yalanji,KUKY,AUSTRALIAN (Pama-Nyungan),Australian,0,18,3,a i u,0.4018,0.375,3,a i u,0.4286,3,a i u,0,"Holmer, Nils M. (1988) Notes on Some Queensland Languages. Canberra: Pacific Linguistics.",230,220
Marshallese,MARS,AUSTRONESIAN,Marshall Islands,0,25,3,a e i,0.4018,0.375,3,a e i,0.4286,3,a e i,0,"Bender, Byron W. (1969) Spoken Marshallese. Honolulu: University of Hawaii Press.",230,220
Ngiyambaa,NGIY,AUSTRALIAN (Pama-Nyungan),Australian,0,19,3,a i u,0.4018,0.375,3,a i u,0.4286,3,a i u,0,"Donaldson, Tamsin (1980) Ngiyambaa: The Language of the Wangaaybuwan. New York: Cambridge University Press.",230,220
Ngura,NGUR,AUSTRALIAN(?),Australia,0,20,3,a i u,0.4018,0.375,3,a i u,0.4286,3,a i u,0,"Holmer, Nils M. (1988) Notes on Some Queensland Languages. Canberra: Pacific Linguistics.",230,220
Nhanda (Yinggarda),NHAN,AUSTRALIAN (Pama-Nyungan),Australia,0,29,3,a i u,0.4018,0.375,3,a i u,0.4286,3,a i u,0,"Blevins, Juliette (2001) Nhanda, an Aboriginal Language of Western Australia. Honolulu: University of Hawai’i Press.",230,220
Nyangumata,NYNG,AUSTRALIAN (Pama-Nyungan),Australia,0,20,3,a i u,0.4018,0.375,3,a i u,0.4286,3,a i u,0,"O’Grady, Geoffrey N. (1964) Nyangumata Grammar. Sydney: University of Sydney.",230,220
Nyulnyul,NYUL,AUSTRALIAN,Australia,0,20,3,a i u,0.4018,0.375,3,a i u,0.4286,3,a i u,0,"McGregor, William (1996) Nyulnyul. München: Lincom Europa.",230,220
"Quechua, Ecuadorean Highland (as spoken in Bolivar Province)",ECHI,QUECHUAN,Ecuador,0,26,3,a i u,0.4018,0.375,3,a i u,0.4286,3,a i u,0,"Lombeida-Naranjo, Ernesto Balmodero (1976) Ecuadorean Highland Quechua Phonology. Ann Arbor: UMI.",230,220
"Quichoa, Chimborazo (Chimborazo Highland Quechua)",CHIM,QUECHUAN,Ecuador,0,33,3,a i u,0.4018,0.375,3,a i u,0.4286,3,a i u,0,"Beukema, Ronald William (1975) A Grammatical Sketch of Chimborazo Quichoa. Ann Arbor: UMI.",230,220
"Quichua, Ecuador (Puyo Pongo variety)",ECUA,QUECHUAN,Ecuador,0,27,3,a i u,0.4018,0.375,3,a i u,0.4286,3,a i u,0,"Orr, Carolyn (1962) Equador Quichua Phonology. Elson, Benjamin (ed.) (1962) Studies in Ecuadorian Indian Languages: I. Norman: Summer Institute of Linguistics of the University of Oklahoma.",230,220
"Quichua, Imbabura Highland",IMBA,QUECHUAN,Ecuador,0,29,3,a i u,0.4018,0.375,3,a i u,0.4286,3,a i u,0,"Carpenter, Lawrence Kidd (1982) Ecuadorian Quichua: Descriptive Sketch and Variation. Ann Arbor: UMI.",230,220
Tamazight (Ait Ayache dialect),TAMA,AFRO-ASIATIC (Berber),Morocco,0,66,3,a i u,0.4018,0.375,3,a i u,0.4286,3,a i u,0,"Abdel-Massih, Ernest T. (1968) Tamazight Verb Structure: A Generative Approach. Bloomington/The Hague: Mouton & Co./Indiana University.",230,220
Tamazight (Ayt Ndhir dialect),TAMN,AFRO-ASIATIC (Berber),Morocco,0,30,3,a i u,0.4018,0.375,3,a i u,0.4286,3,a i u,0,"Abdel-Massih, Ernest T. (1968) Tamazight Verb Structure: A Generative Approach. Bloomington/The Hague: Mouton & Co./Indiana University.",230,220
Tashlhiyt,TSHL,AFRO-ASIATIC (Berber),Morocco and Algeria,0,39,3,a i u,0.4018,0.375,3,a i u,0.4286,3,a i u,0,"Dell, François, and Mohamed Elmedlaoui (2002) Syllables in Tashlhiyt Berber and Moroccan Arabic. Boston: Kluwer Academic Publishers.",230,220
Tashlhiyt (Haha),TSHH,AFRO-ASIATIC (Berber),Morocco,0,39,3,a i u,0.4018,0.375,3,a i u,0.4286,3,a i u,0,"Dell, François, and Mohamed Elmedlaoui (2002) Syllables in Tashlhiyt Berber and Moroccan Arabic. Boston: Kluwer Academic Publishers.",230,220
Tashlhiyt (Imdlawn),TSHI,AFRO-ASIATIC (Berber),Morocco,0,39,3,a i u,0.4018,0.375,3,a i u,0.4286,3,a i u,0,"Dell, François, and Mohamed Elmedlaoui (2002) Syllables in Tashlhiyt Berber and Moroccan Arabic. Boston: Kluwer Academic Publishers.",230,220
Wambaya,WAMB,AUSTRALIAN,Australia,0,20,3,a i u,0.4018,0.375,3,a i u,0.4286,3,a i u,0,"Nordlinger, Rachel (1998) A Grammar of Wambaya. Canberra: Pacific Linguistics.",230,220
Wangkangurru,WANG,AUSTRALIAN (Pama-Nyungan),Australia,0,24,3,a i u,0.4018,0.375,3,a i u,0.4286,3,a i u,0,"Hercus, Luise A. (1994) A Grammar of the Arabana-Wangkangurru Language, Lake Eyre Basin, South Australia. Canberra: Pacific Linguistics.",230,220
Wangkangurru (Eastern),WANE,AUSTRALIAN (Pama-Nyungan),Australia,0,24,3,a i u,0.4018,0.375,3,a i u,0.4286,3,a i u,0,"Hercus, Luise A. (1994) A Grammar of the Arabana-Wangkangurru Language, Lake Eyre Basin, South Australia. Canberra: Pacific Linguistics.",230,220
Warlpiri,WARL,AUSTRALIAN (Pama-Nyungan),Australia,0,21,3,a i u,0.4018,0.375,3,a i u,0.4286,3,a i u,0,"Nash, David (1986) Topics in Warlpiri Grammar. New York: Garland Publishing, Inc.",230,220
Warrwa,WARR,AUSTRALIAN,Australia,0,20,3,a i u,0.4018,0.375,3,a i u,0.4286,3,a i u,0,"McGregor, William (1994) Warrwa. München: Lincom Europa.",230,220
Wirangu,WIRA,AUSTRALIAN (Pama-Nyungan),Australia,0,23,3,a i u,0.4018,0.375,3,a i u,0.4286,3,a i u,0,"Hercus, L.A. (1998) A grammar of the Wirangu language from the west coast of South Australia.",230,220
Yidiɲ,YIDI,AUSTRALIAN (Pama-Nyungan),Australia,0,16,3,a i u,0.4018,0.375,3,a i u,0.4286,3,a i u,0,"Dixon, R. M. W. (1977) A Grammar of Yidiɲ. New York: Cambridge University Press.",230,220
Yinggarda,YING,AUSTRALIAN (Pama-Nyungan),Australia,0,23,3,a i u,0.4018,0.375,3,a i u,0.4286,3,a i u,0,"Dench, Alan (1998) Yingkarta. München: Lincom Europa.",230,220
"Yupik, Central",YUPI,ESKIMO-ALEUT,USA (Alaska),0,24,3,a i u,0.4018,0.375,3,a i u,0.4286,3,a i u,0," St. Clair, Robert N. (1974) Theoretical Aspects of Eskimo Phonology. Ann Arbor: UMI.",230,220
"Kayah Li, Eastern",KAYA,SINO-TIBETAN,Burma,0,30,10,a e i o u ɔ ɛ ɤ ɯ ʌ,0.4006,0.3846,5,a e i u ɯ,0.4167,5,a e i u ɯ,0,"Solnit, David B. (1997) Eastern Kayah Li: Grammar, Texts, Glossary. University of Hawai’i Press.",229,261
"Armenian, Agulis",ARGU,INDO-EUROPEAN,Armenia,0,35,12,a aj e ej i o oj u uj y ø œ,0.3928,0.4286,6,a e i u y ø,0.3571,5,a e i u y,0,"Vaux, Bert (1998) The Phonology of Armenian. Oxford: Clarendon Press.",179,361
Auchi (Yekhee),AUCH,NIGER-CONGO (Edoid),Nigeria,0,32,7,a e i o u ɔ ɛ,0.3818,0.3636,4,a e i u,0.4,4,a e i u,0,"Elugbe, Ben Ohiomamhe (1989) Comparative Edoid: Phonology and Lexicon. Port: University of Port Harcourt Press.",271,263
Awa,AWAX,TRANS-NEW GUINEA,Papua New Guinea,0,19,7,a e i o u æ ɒ,0.3818,0.3636,4,a e i u,0.4,4,a e i u,0,"Loving, Richard (1973) Awa Phonemes, Tonemes, and Tonally Differentiated Allomorphs. In McKaughan, Howard (ed.) (1973) The Languages of the Eastern Family of the East New Guinea Highland Stock. Seattle: University of Washington Press.",271,263
Catalan,CATA,INDO-EUROPEAN (Italic),"Spain, Andorra, and France",0,29,7,a e i o u ɔ ɛ,0.3818,0.3636,4,a e i u,0.4,4,a e i u,0,"Wheeler, Max (1979) Phonology of Catalan.  Oxford: Basil Blackwell.",271,263
Chori (Cori),CHOR,NIGER-CONGO (Bantu),Nigeria,0,46,7,a e i o u ɔ ɛ,0.3818,0.3636,4,a e i u,0.4,4,a e i u,0,"Dihoff, Ivan Raymond (1976) Aspects of the Tonal Structure of Chori. Ann Arbor: UMI.",271,263
Ekigusii,EKIG,NIGER-CONGO (Bantu),Kenya,0,20,7,a e i o u ɔ ɛ,0.3818,0.3636,4,a e i u,0.4,4,a e i u,0,"Cammenga, Jelle (2002) Phonology and Morphology of Ekigusii. Köln: Rüdiger Köppe Verlag.",271,263
Emhalhe (Somorika),EMHA,NIGER-CONGO (Edoid),Nigeria,0,45,7,a e i o u ɔ ɛ,0.3818,0.3636,4,a e i u,0.4,4,a e i u,0,"Elugbe, Ben Ohiomamhe (1989) Comparative Edoid: Phonology and Lexicon. Port: University of Port Harcourt Press.",271,263
Ewe,EWEX,NIGER-CONGO (Kwa),Ghana and Togo,0,34,7,a e i o u ɔ ɛ,0.3818,0.3636,4,a e i u,0.4,4,a e i u,0,"Ansre, Gilbert (1961) The Tonal Structure of Ewe. Hartford: Hartford Studies in Linguistics.",271,263
Faranah-Maninka,FARA,NIGER-CONGO,Guinea,0,24,7,a e i o u ɔ ɛ,0.3818,0.3636,4,a e i u,0.4,4,a e i u,0,"Spears, Richard Alan (1965) The Structure of Faranah-Maninka. Ann Arbor: UMI.",271,263
Gã,GAXX,NIGER-CONGO (Kwa),Ghana and Togo,0,26,7,a e i o u ɔ ɛ,0.3818,0.3636,4,a e i u,0.4,4,a e i u,0,"Zimmermann, J. (1858) A Grammatical Sketch and Vocabulary of the Akra- or Gã-Language. Stuttgart: Gregg International Publishers Limited.",271,263
Ghotuo,GHOT,NIGER-CONGO (Edoid),Nigeria,0,34,7,a e i o u ɔ ɛ,0.3818,0.3636,4,a e i u,0.4,4,a e i u,0,"Elugbe, Ben Ohiomamhe (1989) Comparative Edoid: Phonology and Lexicon. Port: University of Port Harcourt Press.",271,263
Gikuyu,GIKU,NIGER-CONGO (Bantu,Kenya,0,21,7,a e i ĩ o u ũ,0.3818,0.3636,4,a e i u,0.4,4,a e i u,0,"Mugane, John M. (1997) Paradigmatic Grammar of Gĩkũyũ. Stanford: CSLI Publications.",271,263
Ibilo,IBIL,NIGER-CONGO (Edoid),Nigeria,0,48,7,a e i o u ɔ ɛ,0.3818,0.3636,4,a e i u,0.4,4,a e i u,0,"Elugbe, Ben Ohiomamhe (1989) Comparative Edoid: Phonology and Lexicon. Port: University of Port Harcourt Press.",271,263
Igbo,IGBO,NIGER-CONGO,Nigeria,0,33,7,a e i o u ɔ ɪ,0.3818,0.3636,4,a e i u,0.4,4,a e i u,0,"Emananjro, E. Nolue (1978) Elements of Modern Igbo Grammar: A Descriptive Approach. Ibadan: Oxford University Press.",271,263
Italian,ITAL,INDO-EUROPEAN (Italic),"Italy, France, Switzerland, Croatia",0,26,7,a e i o u ɔ ɛ,0.3818,0.3636,4,a e i u,0.4,4,a e i u,0,"Castiglione, Pierina Borrani (1957) Italian Phonetics, Diction and Intonation. New York: S. F. Vanni.",271,263
Kisi,KISI,NIGER-CONGO (Bantu),Tanzania,0,29,7,a e i o u ɔ ɛ,0.3818,0.3636,4,a e i u,0.4,4,a e i u,0,"Childs, George Tucker (1990) Phonology and Morphology of Kisi. Ann Arbor: UMI.",271,263
Kpelle,KPEL,NIGER-CONGO,Liberia,0,28,7,a e i o u ɔ ɛ,0.3818,0.3636,4,a e i u,0.4,4,a e i u,0,"Westerman, D., and H. J. Melzian (1974) The Kpelle Language in Liberia. Berlin: Dietrich Reimer/Ernst Vohsen.",271,263
Kumiái (Jamul Tiipay dialect),JAMU,HOKAN,Mexico and USA,0,28,7,a aː i iː u uː ə,0.3818,0.3636,4,a i u ə,0.4,4,a i u ə,1,"Gorbet, Larry Paul (1976) A Grammar of Diegueño Nominals. New York: Garland Publishing, Inc.",271,263
Kurmanji (Kurdish),KURM,INDO-EUROPEAN (Indo-Iranian),"Turkey, Syria, Iran",0,43,7,a e i o u æ ɪ,0.3818,0.3636,4,a e i u,0.4,4,a e i u,0,"Kahn, Margaret (1976) Borrowing and variation in a phonological description of Kurdish. Ann Arbor: UMI.",271,263
Kutep (Lissam dialect),KUTE,NIGER-CONGO,Nigeria,0,29,7,a e i o u ɛ ɨ,0.3818,0.3636,4,a e i u,0.4,4,a e i u,0,"Shimizu, Kiyoshi (1980a) Comparative Jukunoid. Vol 1. Wien: Beiträge zur Afrikanistik.",271,263
Lingala,LING,NIGER-CONGO (Bantu),Democratic Republic of Congo and Republic of Congo,0,21,7,a e i o u ɔ ɛ,0.3818,0.3636,4,a e i u,0.4,4,a e i u,0,"Odhner, John D. (1981) English-Lingala Manual. Washington, D.C.: University Press of America.",271,263
Loniu,LONI,AUSTRALIAN (Pama-Nyungan),Papua New Guinea,0,23,7,a e i o u ɔ ɛ,0.3818,0.3636,4,a e i u,0.4,4,a e i u,0,"Hamel, Patricia J. (1985) A Grammar of Loniu. Ann Arbor: UMI.\nHamel, Patricia J. (1994) A Grammar and Lexicon of Loniu, Papua New Guinea. Canberra: Pacific Linguistics.",271,263
Lorma,LORM,NIGER-CONGO,Liberia,0,29,7,a e i o u ɔ ɛ,0.3818,0.3636,4,a e i u,0.4,4,a e i u,0,"Dwyer, David James (1981) A Reference Handbook of Lorma. East Lansing: Michigan State University.",271,263
Mende,MEND,NIGER-CONGO,Sierra Leone,0,32,7,a e i o u ɔ ɛ,0.3818,0.3636,4,a e i u,0.4,4,a e i u,0,"Sengova, Matthew Joko (1984) Tense, Aspect, and Time Specification in the Verb System of Mende. Ann Arbor: UMI.",271,263
"Mixe, Midland",MMXX,MIXE-ZOQUE,Mexico,0,18,7,a e i o u æ ɨ,0.3818,0.3636,4,a e i u,0.4,4,a e i u,0,"Wichmann, Søren (1995) The Relationship Among the Mixe-Zoquean Languages of Mexico. Salt Lake City: University of Utah Press.",271,263
"Mixe, Midland (Atitlán variety)",MMAT,MIXE-ZOQUE,Mexico,0,18,7,a e i o u æ ɨ,0.3818,0.3636,4,a e i u,0.4,4,a e i u,0,"Wichmann, Søren (1995) The Relationship Among the Mixe-Zoquean Languages of Mexico. Salt Lake City: University of Utah Press.",271,263
"Mixe, Midland (Cacalotepec variety)",MMCA,MIXE-ZOQUE,Mexico,0,18,7,a e i o u æ ɨ,0.3818,0.3636,4,a e i u,0.4,4,a e i u,0,"Wichmann, Søren (1995) The Relationship Among the Mixe-Zoquean Languages of Mexico. Salt Lake City: University of Utah Press.",271,263
"Mixe, Midland (Cotzocón variety)",MMCO,MIXE-ZOQUE,Mexico,0,18,7,a e i o u æ ɨ,0.3818,0.3636,4,a e i u,0.4,4,a e i u,0,"Wichmann, Søren (1995) The Relationship Among the Mixe-Zoquean Languages of Mexico. Salt Lake City: University of Utah Press.",271,263
"Mixe, Midland (Jaltepec variety)",MMJA,MIXE-ZOQUE,Mexico,0,18,7,a e i o u æ ɨ,0.3818,0.3636,4,a e i u,0.4,4,a e i u,0,"Wichmann, Søren (1995) The Relationship Among the Mixe-Zoquean Languages of Mexico. Salt Lake City: University of Utah Press.",271,263
"Mixe, Midland (Juquila variety)",MMJU,MIXE-ZOQUE,Mexico,0,18,7,a e i o u æ ɨ,0.3818,0.3636,4,a e i u,0.4,4,a e i u,0,"Wichmann, Søren (1995) The Relationship Among the Mixe-Zoquean Languages of Mexico. Salt Lake City: University of Utah Press.",271,263
"Mixe, Midland (Matamoros variety)",MMMA,MIXE-ZOQUE,Mexico,0,18,7,a e i o u æ ɨ,0.3818,0.3636,4,a e i u,0.4,4,a e i u,0,"Wichmann, Søren (1995) The Relationship Among the Mixe-Zoquean Languages of Mexico. Salt Lake City: University of Utah Press.",271,263
"Mixe, Midland (Muxmetacán variety)",MMMU,MIXE-ZOQUE,Mexico,0,18,7,a e i o u æ ɨ,0.3818,0.3636,4,a e i u,0.4,4,a e i u,0,"Wichmann, Søren (1995) The Relationship Among the Mixe-Zoquean Languages of Mexico. Salt Lake City: University of Utah Press.",271,263
"Mixe, Midland (Puxmetacán variety)",MMPU,MIXE-ZOQUE,Mexico,0,18,7,a e i o u æ ɨ,0.3818,0.3636,4,a e i u,0.4,4,a e i u,0,"Wichmann, Søren (1995) The Relationship Among the Mixe-Zoquean Languages of Mexico. Salt Lake City: University of Utah Press.",271,263
"Mixe, South Highland (Tepantlali variety)",SMTA,MIXE-ZOQUE,Mexico,0,18,7,a e i o u æ ɨ,0.3818,0.3636,4,a e i u,0.4,4,a e i u,0,"Wichmann, Søren (1995) The Relationship Among the Mixe-Zoquean Languages of Mexico. Salt Lake City: University of Utah Press.",271,263
Mokilese,MOKI,AUSTRONESIAN,Micronesia,0,19,7,a e i o u ɔ ɛ,0.3818,0.3636,4,a e i u,0.4,4,a e i u,0,"Harrison, Sheldon P. (1976) Mokilese Reference Grammar. Honolulu: The University Press of Hawaii",271,263
Nigerian English (Nigerian Pidgin),NIGE,CREOLE,Nigeria,0,30,7,a e i o u ɔ ɛ,0.3818,0.3636,4,a e i u,0.4,4,a e i u,0,"Faraclas, Nicholas G. (1996) Nigerian Pidgin. New York: Routledge.",271,263
Oloma,OLOM,NIGER-CONGO (Edoid),Nigeria,0,43,7,a e i o u ɔ ɛ,0.3818,0.3636,4,a e i u,0.4,4,a e i u,0,"Elugbe, Ben Ohiomamhe (1989) Comparative Edoid: Phonology and Lexicon. Port: University of Port Harcourt Press.",271,263
Paʼanci,PAAN,AFRO-ASIATIC (Chadic),Nigeria,0,50,7,a au e ei i o u,0.3818,0.3636,4,a e i u,0.4,4,a e i u,0,"Skinner, Margaret Gardner (1979) Aspects of Pa’anci Grammar. Ann Arbor: UMI.",271,263
Polish,POLI,INDO-EUROPEAN (Slavic),"Poland, Germany, Israel, Czech Republic, Slovakia",0,49,7,a e ẽ i o õ u,0.3818,0.3636,4,a e i u,0.4,4,a e i u,0,"Swan, Oscar E. (1983) A Concise Grammar of Polish. Lanham, MD: University Press of America.",271,263
Pulaar,PULA,NIGER-CONGO,"Senegal, Gambia, Guinea-Bissau, Mali, Mauritania, and Guinea",0,29,7,a e i o u ɔ ɛ,0.3818,0.3636,4,a e i u,0.4,4,a e i u,0,"Paradis, Carole (1992) Lexical Phonology and Morphology: The Nominal Classes in Fula. New York: Garland Publishing, Inc.",271,263
Sawai,SAWA,AUSTRONESIAN,Indonesia,0,21,7,a e i o u ɔ ɛ,0.3818,0.3636,4,a e i u,0.4,4,a e i u,0,"Whisler, Ronald (1992) Phonology of Sawai. In Burquest and Laidig (1992).",271,263
"Tarangan, River West",RIVE,AUSTRONESIAN,Indonesia,0,20,7,a e i o u ɔ ɛ,0.3818,0.3636,4,a e i u,0.4,4,a e i u,0,"Nivens, Richard (1992) Lexical Phonology of West Tarangan. In Burquest and Laidig (1992).",271,263
"Tarangan, West",WTAR,AUSTRONESIAN,Indonesia,0,21,7,a e i o u ɔ ɛ,0.3818,0.3636,4,a e i u,0.4,4,a e i u,0,"Nivens, Richard (1992) Lexical Phonology of West Tarangan. In Burquest and Laidig (1992).",271,263
Tirmaga,TIRM,NILO-SAHARAN,Ethiopia and Sudan,0,29,7,a e i o u ɔ ɛ,0.3818,0.3636,4,a e i u,0.4,4,a e i u,0,"Bryant, Michael Grayson (1999) Aspects of Tirmaga Grammar. Ann Arbor: UMI.",271,263
Tswana,TSWA,NIGER-CONGO (Bantu),"Botswana, South Africa, Zimbabwe, and Namibia",0,42,7,a e i o u ɔ ɛ,0.3818,0.3636,4,a e i u,0.4,4,a e i u,0,"Cole, Desmond T. (1955) An Introduction to Tswana Grammar. New York: Longmans, Green and Co.",271,263
Uhami (Okpamheri),UHAM,NIGER-CONGO (Edoid),Nigeria,0,28,7,a e i o u ɔ ɛ,0.3818,0.3636,4,a e i u,0.4,4,a e i u,0,"Elugbe, Ben Ohiomamhe (1989) Comparative Edoid: Phonology and Lexicon. Port: University of Port Harcourt Press.",271,263
Uneme,UNEM,NIGER-CONGO (Edoid),Nigeria,0,36,7,a e i o u ɔ ɛ,0.3818,0.3636,4,a e i u,0.4,4,a e i u,0,"Elugbe, Ben Ohiomamhe (1989) Comparative Edoid: Phonology and Lexicon. Port: University of Port Harcourt Press.",271,263
Vei (Vai),VEIX,NIGER-CONGO,Liberia and Sierra Leone,0,28,7,a e i o u ɔ ɛ,0.3818,0.3636,4,a e i u,0.4,4,a e i u,0,"Koelle, S. W. (1968[1854]) Outlines of a grammar of the Vei language : together with a Vei-English vocabulary and an account of the discovery and nature of the Vei mode of syllabic writing. Farnborough, Eng.: Gregg International Publishers. ",271,263
Turkmen,TRKM,ALTAIC (Turkic),"Turkmenistan, Iran, Afghanistan",1,31,9,a i u y æ ø ɔ ɛ ʌ,0.375,0.4167,5,a i u y ø,0.3333,4,a i u y,0,"Frank, Allen J. (1995) Turkmen Reader. Kensington, MD: Dunwoody Press.",180,371
Batibo Moghamo (Metaʼ),BATI,NIGER-CONGO (Bantu),Cameroon,0,28,11,a ã e ẽ i ĩ o u ɔ ə ɨ,0.3708,0.3571,5,a e i u ə,0.3846,5,a e i u ə,1,"Stallcup, Kenneth Lyell (1978) A Comparative Perspective on the Phonology and Noun Classification of Three Cameroon Grassfields Bantu Languages: Moghamo, Ngie, and Oshie. Ann Arbor: UMI.",318,311
Irish (Irish Gaelic),IRIS,INDO-EUROPEAN (Celtic),"Ireland, UK",0,51,11,a aː e eː i iː o oː u uː ə,0.3708,0.3571,5,a e i u ə,0.3846,5,a e i u ə,1,"Ó Siadhail, Mícheál (1989) Modern Irish: Grammatical structure and dialectal variation. New York: Cambridge University Press.",318,311
Irish (Irish Gaelic) (Connacht (except Cois Fhairrge)),IRCE,INDO-EUROPEAN (Celtic),Ireland,0,51,11,a aː e eː i iː o oː u uː ə,0.3708,0.3571,5,a e i u ə,0.3846,5,a e i u ə,1,"Ó Siadhail, Mícheál (1989) Modern Irish: Grammatical structure and dialectal variation. New York: Cambridge University Press.",318,311
Irish (Irish Gaelic) (Connacht),IRCC,INDO-EUROPEAN (Celtic),Ireland,0,51,11,a aː e eː i iː o oː u uː ə,0.3708,0.3571,5,a e i u ə,0.3846,5,a e i u ə,1,"Ó Siadhail, Mícheál (1989) Modern Irish: Grammatical structure and dialectal variation. New York: Cambridge University Press.",318,311
Irish (Irish Gaelic) (Connemara dialect),IRCM,INDO-EUROPEAN (Celtic),Ireland,0,51,11,a aː e eː i iː o oː u uː ə,0.3708,0.3571,5,a e i u ə,0.3846,5,a e i u ə,1,"Ó Siadhail, Mícheál (1989) Modern Irish: Grammatical structure and dialectal variation. New York: Cambridge University Press.",318,311
Irish (Irish Gaelic) (Donegal),IRDO,INDO-EUROPEAN (Celtic),Ireland,0,51,11,a aː e eː i iː o oː u uː ə,0.3708,0.3571,5,a e i u ə,0.3846,5,a e i u ə,1,"Ó Siadhail, Mícheál (1989) Modern Irish: Grammatical structure and dialectal variation. New York: Cambridge University Press.",318,311
Irish (Irish Gaelic) (Munster),IRMU,INDO-EUROPEAN (Celtic),Ireland,0,51,11,a aː e eː i iː o oː u uː ə,0.3708,0.3571,5,a e i u ə,0.3846,5,a e i u ə,1,"Ó Siadhail, Mícheál (1989) Modern Irish: Grammatical structure and dialectal variation. New York: Cambridge University Press.",318,311
Irish (Irish Gaelic) (certain Donegal dialects),IRCD,INDO-EUROPEAN (Celtic),Ireland,0,51,11,a aː e eː i iː o oː u uː ə,0.3708,0.3571,5,a e i u ə,0.3846,5,a e i u ə,1,"Ó Siadhail, Mícheál (1989) Modern Irish: Grammatical structure and dialectal variation. New York: Cambridge University Press.",318,311
Irish (Irish Gaelic) (eastern area of Gweedore),IREG,INDO-EUROPEAN (Celtic),Ireland,0,51,11,a aː e eː i iː o oː u uː ə,0.3708,0.3571,5,a e i u ə,0.3846,5,a e i u ə,1,"Ó Siadhail, Mícheál (1989) Modern Irish: Grammatical structure and dialectal variation. New York: Cambridge University Press.",318,311
Irish (Irish Gaelic) (except Donegal),IRED,INDO-EUROPEAN (Celtic),"Ireland, UK",0,51,11,a aː e eː i iː o oː u uː ə,0.3708,0.3571,5,a e i u ə,0.3846,5,a e i u ə,1,"Ó Siadhail, Mícheál (1989) Modern Irish: Grammatical structure and dialectal variation. New York: Cambridge University Press.",318,311
Irish (Irish Gaelic) (in Clare),IRRC,INDO-EUROPEAN (Celtic),Ireland,0,51,11,a aː e eː i iː o oː u uː ə,0.3708,0.3571,5,a e i u ə,0.3846,5,a e i u ə,1,"Ó Siadhail, Mícheál (1989) Modern Irish: Grammatical structure and dialectal variation. New York: Cambridge University Press.",318,311
Irish (Irish Gaelic) (in Dunquin),IRDU,INDO-EUROPEAN (Celtic),Ireland,0,51,11,a aː e eː i iː o oː u uː ə,0.3708,0.3571,5,a e i u ə,0.3846,5,a e i u ə,1,"Ó Siadhail, Mícheál (1989) Modern Irish: Grammatical structure and dialectal variation. New York: Cambridge University Press.",318,311
Irish (Irish Gaelic) (in Gweedore),IRGW,INDO-EUROPEAN (Celtic),Ireland,0,51,11,a aː e eː i iː o oː u uː ə,0.3708,0.3571,5,a e i u ə,0.3846,5,a e i u ə,1,"Ó Siadhail, Mícheál (1989) Modern Irish: Grammatical structure and dialectal variation. New York: Cambridge University Press.",318,311
Irish (Irish Gaelic) (in Muskerry),IRMS,INDO-EUROPEAN (Celtic),Ireland,0,51,11,a aː e eː i iː o oː u uː ə,0.3708,0.3571,5,a e i u ə,0.3846,5,a e i u ə,1,"Ó Siadhail, Mícheál (1989) Modern Irish: Grammatical structure and dialectal variation. New York: Cambridge University Press.",318,311
Irish (Irish Gaelic) (in Ring),IRMR,INDO-EUROPEAN (Celtic),Ireland,0,51,11,a aː e eː i iː o oː u uː ə,0.3708,0.3571,5,a e i u ə,0.3846,5,a e i u ə,1,"Ó Siadhail, Mícheál (1989) Modern Irish: Grammatical structure and dialectal variation. New York: Cambridge University Press.",318,311
Irish (Irish Gaelic) (in South Connacht),IRSC,INDO-EUROPEAN (Celtic),Ireland,0,51,11,a aː e eː i iː o oː u uː ə,0.3708,0.3571,5,a e i u ə,0.3846,5,a e i u ə,1,"Ó Siadhail, Mícheál (1989) Modern Irish: Grammatical structure and dialectal variation. New York: Cambridge University Press.",318,311
Irish (Irish Gaelic) (in parts of Munster),IRCP,INDO-EUROPEAN (Celtic),Ireland,0,51,11,a aː e eː i iː o oː u uː ə,0.3708,0.3571,5,a e i u ə,0.3846,5,a e i u ə,1,"Ó Siadhail, Mícheál (1989) Modern Irish: Grammatical structure and dialectal variation. New York: Cambridge University Press.",318,311
Irish (Irish Gaelic) (some Munster dialects),IRSM,INDO-EUROPEAN (Celtic),Ireland,0,51,11,a aː e eː i iː o oː u uː ə,0.3708,0.3571,5,a e i u ə,0.3846,5,a e i u ə,1,"Ó Siadhail, Mícheál (1989) Modern Irish: Grammatical structure and dialectal variation. New York: Cambridge University Press.",318,311
Malayalam,MALY,DRAVIDIAN,India,0,49,11,a aː e eː i iː o oː u uː ə,0.3708,0.3571,5,a e i u ə,0.3846,5,a e i u ə,1,"Asher, R.E. and T.C. Kumari (1997) Malayalam. New York: Routledge",318,311
Mojave (Mohave),MOJA,HOKAN,USA,0,37,11,a aː e eː i iː o oː u uː ə,0.3708,0.3571,5,a e i u ə,0.3846,5,a e i u ə,1,"Munro, Pamela (1976) Mojave Syntax. New York: Garland Publishing, Inc.",318,311
Vietnamese,VIET,AUSTRO-ASIATIC,Vietnam,0,35,11,a ă e i o u æ ɒ ɯ ʌ ʌ̆,0.3708,0.3571,5,a e i u ɯ,0.3846,5,a e i u ɯ,0,Nguyên Dình-Hoà (1997) Vietnamese. Amsterdam: John Benjamins.,318,311
Dutch,DUTC,INDO-EUROPEAN (Germanic),"Netherlands, Belgium, Suriname",0,32,13,a e i o u y ø œ ɑ ɔ ɛ ɪ ʏ,0.3667,0.4,6,a e i u y ø,0.3333,5,a e i u y,0,"Booij, Geert (1995) The Phonology of Dutch. Oxford: Clarendon Press.",187,371
Dutch (most varieties),DUTM,INDO-EUROPEAN (Germanic),"Netherlands, Belgium, Suriname",0,32,13,a e i o u y ø œ ɑ ɔ ɛ ɪ ʏ,0.3667,0.4,6,a e i u y ø,0.3333,5,a e i u y,0,"Booij, Geert (1995) The Phonology of Dutch. Oxford: Clarendon Press.",187,371
Dutch (southern and Belgium),DUTS,INDO-EUROPEAN (Germanic),"Belgium, Netherlands",0,32,13,a e i o u y ø œ ɑ ɔ ɛ ɪ ʏ,0.3667,0.4,6,a e i u y ø,0.3333,5,a e i u y,0,"Booij, Geert (1995) The Phonology of Dutch. Oxford: Clarendon Press.",187,371
Capanahua,CAPA,PANOAN,Peru,0,19,4,a i o ɯ,0.3541,0.3333,3,a i ɯ,0.375,3,a i ɯ,0,"Loos, Eugene Emil (1967) The Phonology of Capanahua and its Grammatical Basis. Norman: Summer Institute of Linguistics of the University of Oklahoma.",340,332
Cavineña,CAVI,TACANAN,Bolivia,0,25,4,a e i o,0.3541,0.3333,3,a e i,0.375,3,a e i,0,"Key, Mary Ritchie (1968) Comparative Tacanan Phonology. The Hague: Mouton.",340,332
Esse Ejja,ESSE,TACANAN,Bolivia and Peru,0,21,4,a e i o,0.3541,0.3333,3,a e i,0.375,3,a e i,0,"Key, Mary Ritchie (1968) Comparative Tacanan Phonology. The Hague: Mouton.",340,332
Gooniyandi,GOON,AUSTRALIAN,Australia,0,23,4,a i ɑ ɯ,0.3541,0.3333,3,a i ɯ,0.375,3,a i ɯ,0,"McGregor, William (1990) A Functional Grammar of Gooniyandi. Philadelphia: John Benjamins Publishing Company.",340,332
"Nahuatl, North Puebla",NPUE,UTO-AZTECAN,Mexico,0,19,4,a e i o,0.3541,0.3333,3,a e i,0.375,3,a e i,0,"Brockway, Earl (1979) North Puebla Nahauatl. In Langacker (1979).",340,332
Tacana,TACA,TACANAN,Bolivia,0,24,4,a e i o,0.3541,0.3333,3,a e i,0.375,3,a e i,0,"Key, Mary Ritchie (1968) Comparative Tacanan Phonology. The Hague: Mouton.",340,332
Assiniboine,ASSI,SIOUAN,Canada,0,23,8,a ã e i ĩ o u ũ,0.3484,0.3333,4,a e i u,0.3636,4,a e i u,0,"Levin, Norman Balfour (1961) The Assiniboine Language. Ann Arbor: UMI.",340,339
Cahuilla,CAHU,UTO-AZTECAN,USA,0,30,8,a aː e eː i iː u uː,0.3484,0.3333,4,a e i u,0.3636,4,a e i u,0,"Seiler, Hansjakob (1977) Cahuilla Grammar. Banning, CA: Malki Museum Press.",340,339
Dholuo (Luo),DHOL,NILO-SAHARAN,Kenya,0,33,8,a e i o u ɔ ɛ ɪ,0.3484,0.3333,4,a e i u,0.3636,4,a e i u,0,"Okoth-Okombo, Duncan (1982) Dholuo Morphophonemics in a Generative Framework. Berlin: Dietrich Reimer Verlag.",340,339
Dàgáárè,DAGR,NIGER-CONGO (Gur),Ghana,0,37,8,a e i o u ɔ ɛ ɪ,0.3484,0.3333,4,a e i u,0.3636,4,a e i u,0,"Bodomo, Adams B. (2000) Dàgáárè. Muenchen: Lincom Europa.",340,339
Egene (Engenni),EGEN,NIGER-CONGO (Edoid),Nigeria,0,31,8,a e i o u ɔ ɛ ɪ,0.3484,0.3333,4,a e i u,0.3636,4,a e i u,0,"Elugbe, Ben Ohiomamhe (1989) Comparative Edoid: Phonology and Lexicon. Port: University of Port Harcourt Press.",340,339
Finnish,FINN,URALIC (Finno-Ugric),"Finland, Sweden, Russia",0,21,8,e i o u y æ œ ɑ,0.3484,0.3333,4,e i u y,0.3636,4,e i u y,0,"Sulkala, Helena, and Merja Karjalainen (1992) Finnish. New York: Routledge.",340,339
Finnish (some dialects),FINS,URALIC (Finno-Ugric),Finland,0,21,8,e i o u y æ œ ɑ,0.3484,0.3333,4,e i u y,0.3636,4,e i u y,0,"Sulkala, Helena, and Merja Karjalainen (1992) Finnish. New York: Routledge.",340,339
Gade,GADE,NIGER-CONGO,Nigeria,0,31,8,a e i o u ɔ ɛ ɪ,0.3484,0.3333,4,a e i u,0.3636,4,a e i u,0,"Pieter, Sterk Jan (1977) Elements of Gade Grammar. Ann Arbor: UMI.",340,339
"Ijo, Kolokuma dialect",IJOK,NIGER-CONGO,Nigeria,0,28,8,a e i o u ɔ ɛ ɪ,0.3484,0.3333,4,a e i u,0.3636,4,a e i u,0,"Williamson, Kay (1965) A Grammar of the Kolokuma Dialect of Ijo. Cambridge: Cambridge University Press.",340,339
Isoko (Uzere dialect),ISOK,NIGER-CONGO (Edoid),Nigeria,0,35,8,a e i o u ɔ ɛ ɪ,0.3484,0.3333,4,a e i u,0.3636,4,a e i u,0,"Elugbe, Ben Ohiomamhe (1989) Comparative Edoid: Phonology and Lexicon. Port: University of Port Harcourt Press.",340,339
Izi,IZIX,NIGER-CONGO,Nigeria,0,35,8,a e i o u ɔ ɛ ɪ,0.3484,0.3333,4,a e i u,0.3636,4,a e i u,0,"Meier, Paul, Inge Meier, and John Bendor-Samuel (1975) A Grammar of Izi: An Igbo Language. Norman: Summer Institute of Linguistics.",340,339
Jamaican Creole (Southwestern Caribbean Creole English),JAMA,CREOLE,Jamaica,0,29,8,a aː e i iː o u uː,0.3484,0.3333,4,a e i u,0.3636,4,a e i u,0,"Bailey, Beryl Loftman (1966) Jamaican Creole Syntax: A Transformational Approach. Cambridge: Cambridge University Press.",340,339
Javanese,JAVA,AUSTRONESIAN,Indonesia and Malaysia,0,29,8,a e i o u ɔ ɛ ʌ,0.3484,0.3333,4,a e i u,0.3636,4,a e i u,0,"Suharno, Ignatius (1982) A Descriptive Study of Javanese. Canberra: Pacific Linguistics.",340,339
Korean,KORE,LANGUAGE ISOLATE,"South Korea, North Korea, China, Japan",0,27,8,a e i o u ɛ ɨ ʌ,0.3484,0.3333,4,a e i u,0.3636,4,a e i u,0,"Yi, Hyon-bok (1989) Korean grammar. New York: Oxford University Press.",340,339
"Mixe, North Highland (Totontepec Mixe)",NHMI,MIXE-ZOQUE,Mexico,0,25,8,a e i o u æ ɨ ʌ,0.3484,0.3333,4,a e i u,0.3636,4,a e i u,0,"Wichmann, Søren (1995) The Relationship Among the Mixe-Zoquean Languages of Mexico. Salt Lake City: University of Utah Press.",340,339
Mongolian (Halh Mongolian),MONG,ALTAIC,Mongolia,0,24,8,a e i o u ɨ ɵ ʉ,0.3484,0.3333,4,a e i u,0.3636,4,a e i u,0,"Bosson, James E. (1964) Modern Mongolian: A Primer and Reader. Bloomington/The Hague: Mouton & Co./Indiana University.",340,339
"Nahuatl, Tetelcingo",TETE,UTO-AZTECAN,Mexico,0,24,8,a e i ie o u ɔ ɪ,0.3484,0.3333,4,a e i u,0.3636,4,a e i u,0,"Tuggy, David H. (1979) Tetelcingo Nahauatl. In Langacker, Ronald W. (ed.) (1979) Studies in Uto-Aztecan Grammar. Arlington: The Summer Institute of Linguistics and The University of Texas at Arlington.",340,339
Ngiti,NGIT,NILO-SAHARAN,Democratic Republic of Congo,0,53,8,a e i o u ɔ ɛ ɪ,0.3484,0.3333,4,a e i u,0.3636,4,a e i u,0,"Kutsch Lojenga, Constance (1994) Ngiti: A Central-Sudanic Language of Zaire. Köln: Rüdinger Köppe Verlag.",340,339
Nyanja (Chichewa dialect),CHIC,NIGER-CONGO (Bantu),"Malawi, Zambia, Mozambique, Zimbabwe",0,75,8,a e i o u ɔ ɛ ɪ,0.3484,0.3333,4,a e i u,0.3636,4,a e i u,0,"Bentley, Mayrene, and Andrew Kulemeka (2001) Muenchen: Lincom Europa.",340,339
Pawnee,PAWN,CADDOAN,USA,0,16,8,a aː e eː i iː u uː,0.3484,0.3333,4,a e i u,0.3636,4,a e i u,0,"Parks, Douglas R. (1976) A Grammar of Pawnee. New York: Garland Publishing, Inc.",340,339
So (Soo),SOXX,NILO-SAHARAN,Uganda,0,33,8,a e i o u ɔ ɛ ɪ,0.3484,0.3333,4,a e i u,0.3636,4,a e i u,0,"Carlin, Eithne (1993) The So Language. Köln: Institut für Afrikanistik – Universität zu Köln.",340,339
Umbundu,UMBU,NIGER-CONGO (Bantu),Angola,0,30,8,a ã e i ĩ o u ũ,0.3484,0.3333,4,a e i u,0.3636,4,a e i u,0,"Schadeberg, Thilo C. (1990) A sketch of Umbundu. Köln: R. Köppe Verlag. ",340,339
Degema,DEGE,NIGER-CONGO (Edoid),Nigeria,0,38,12,a e i ĩ o u ũ ɔ ə ɛ ɪ ɪ̃,0.3452,0.3333,5,a e i u ə,0.3571,5,a e i u ə,1,"Kari, Ethelbert E. (1997) Degema. München: Lincom Europa.\nElugbe, Ben Ohiomamhe (1989) Comparative Edoid: Phonology and Lexicon. Port: University of Port Harcourt Press.",340,361
Ingessana,INGE,NILO-SAHARAN,Sudan,0,31,12,a aː e eː i iː o oː u uː ə əː,0.3452,0.3333,5,a e i u ə,0.3571,5,a e i u ə,1,"Crewe, W. J. (1975) The Phonological Features of the Ingessana Language. University of Khartoum: Institute of African and Asian Studies.",340,361
Karimojong (Karamojong),KARI,NILO-SAHARAN,Uganda,0,33,12,a e i o u y œ ɑ ɔ ɛ ɪ ɵ,0.3452,0.3333,5,a e i u y,0.3571,5,a e i u y,0,"Novelli, Bruno (1985) A Grammar of the Karimojong Language. Berlin: Dietrich Reimer Verlag.",340,361
Khmer,KHME,AUSTRO-ASIATIC,"Cambodia, Thailand, and Vietnam",0,30,12,e e̝ i o u ɑ ɒ ɔ ə ə̝ ɛ ɯ,0.3452,0.3333,5,e i u ə ɯ,0.3571,5,e i u ə ɯ,1,"Gorgoniyev, Y. A. (1966) The Khmer Language. Moscow: Nauka Publishing House",340,361
Lao,LAOX,TAI-KADAI,Laos,0,40,12,a e i iə o u uə ɔ ɛ ɤ ɯ ɯə,0.3452,0.3333,5,a e i u ɯ,0.3571,5,a e i u ɯ,0,"Morev, L. N., A. A. Moskalev, and Y. Y. Plam (1979) The Lao Language. Moscow: U.S.S.R. Academy of Sciences Institute of Oriental Studies.",340,361
Tsakhur,TSAK,NORTH CAUCASIAN,Azerbaijan and Russia,0,74,12,a aˤ e eˤ i iˤ o oˤ u uˤ ə əˤ,0.3452,0.3333,5,a e i u ə,0.3571,5,a e i u ə,1,"Schulze, Wolfgang (1997) Tsakhur. Muenchen: Lincom Europa.",340,361
Welsh,WELS,INDO-EUROPEAN (Celtic),UK,0,36,12,a e i o u ɑ ɒ ə ɛ ɨ ɨ̞ ɪ,0.3452,0.3333,5,a e i u ə,0.3571,5,a e i u ə,1,"Thorne, David A. (1993) A Comprehensive Welsh Grammar. Cambridge, Mass.: Blackwell.",340,361
Welsh (north),WLSN,INDO-EUROPEAN (Celtic),UK,0,36,12,a e i o u ɑ ɒ ə ɛ ɨ ɨ̞ ɪ,0.3452,0.3333,5,a e i u ə,0.3571,5,a e i u ə,1,"Thorne, David A. (1993) A Comprehensive Welsh Grammar. Cambridge, Mass.: Blackwell.",340,361
Welsh (south),WLSS,INDO-EUROPEAN (Celtic),UK,0,36,12,a e i o u ɑ ɒ ə ɛ ɨ ɨ̞ ɪ,0.3452,0.3333,5,a e i u ə,0.3571,5,a e i u ə,1,"Thorne, David A. (1993) A Comprehensive Welsh Grammar. Cambridge, Mass.: Blackwell.",340,361
German,GERM,INDO-EUROPEAN (Germanic),"Germany, Austria, Kazakhstan, Poland, Hungary, Italy, Paraguay",0,40,18,a ai au e i o u y æ ø œ ɑ ɔ ɔi ə ɛ ɪ ʏ,0.3421,0.3684,7,a e i u y ø ə,0.3158,6,a e i u y ə,1,"Fox, Anthony (1990) The Structure of German. Oxford: Clarendon Press.",270,408
Louisiana Creole French,LOUI,CREOLE,USA,0,38,15,a ã e ẽ i o u y æ ø œ ɔ ɔ̃ ɛ ɪ,0.3235,0.3529,6,a e i u y ø,0.2941,5,a e i u y,0,"Klingler, Thomas A. (1992) A descriptive study of the Creole speech of Pointe Coupee Parish, Louisiana with focus on the lexicon. Ann Arbor: UMI.",339,463
English (American),ENGA,INDO-EUROPEAN (Germanic),USA,0,38,13,a aɪ aʊ e i o u æ ɔ ə ɛ ɪ ʌ,0.3229,0.3125,5,a e i u ə,0.3333,5,a e i u ə,1,"Jensen, John T. (1993) English Phonology. Philadelphia: John Benjamins Publishing Company.",381,371
"Mixe, Lowland (Guichicovi variety)",LMGU,MIXE-ZOQUE,Mexico,0,30,13,a aː e eː i iː o oː u uː ə ɨ ɨː,0.3229,0.3125,5,a e i u ə,0.3333,5,a e i u ə,1,"Wichmann, Søren (1995) The Relationship Among the Mixe-Zoquean Languages of Mexico. Salt Lake City: University of Utah Press.",381,371
"Saami, Central South(-Lappish)",SAAM,URALIC (Finno-Ugric),Sweden,0,35,13,e i o u y ɐ ɑ ə ɨ ɨ̞ ɵ ʉ ʌ,0.3229,0.3125,5,e i u y ə,0.3333,5,e i u y ə,1,"Hasselbrink, Gustav (1965) Alternative Analyses of the Phonemic System in Central South-Lappish. Bloomington/The Hague: Mouton & Co./Indiana University.",381,371
Bari (Kukú dialect),BARI,NILO-SAHARAN (Nilotic),Sudan and Uganda,0,33,9,a e i o u ɔ ɛ ɨ ɪ,0.3205,0.3077,4,a e i u,0.3333,4,a e i u,0,"Cohen, Kevin Bretonnel (2000) Aspects of the Grammar of Kukú. Muenchen: Lincom Europa.  ",384,371
"Kalenjin, Nandi",KALN,NILO-SAHARAN,Kenya,0,23,9,a a̞ e i o u ɔ ɛ ɪ,0.3205,0.3077,4,a e i u,0.3333,4,a e i u,0,"Creider, Chet A. and Jane Tapsubei Creider (1989) A Grammar of Nandi. Hamburg: Helmut Buske Verlag.",384,371
Mishmi,MISH,SINO-TIBETAN,India,0,27,9,a ã e ẽ i o õ u ɨ,0.3205,0.3077,4,a e i u,0.3333,4,a e i u,0,"Sastry, G. Devi Prasada (1984) Mishmi Grammar. Mysore: Central Institute of Indian Languages.",384,371
Mising,MISI,SINO-TIBETAN,India,0,25,9,a au e i u ɔ ɔi ə˞ ɨ˞,0.3205,0.3077,4,a e i u,0.3333,4,a e i u,0,"Prasad, Bal Ram (1991) Mising Grammar. Mysore: Central Institute of Indian Languages.",384,371
Portuguese (Brazilian),PORB,INDO-EUROPEAN (Italic),Brazil,0,30,9,a e i o u ɐ ɔ ɛ ɨ,0.3205,0.3077,4,a e i u,0.3333,4,a e i u,0,"Mateus, Maria Helena, and Ernesto d’Andrade (2000) The Phonology of Portuguese. New York: Oxford University Press.",384,371
Portuguese (European),PORT,INDO-EUROPEAN (Italic),Portugal,0,30,9,a e i o u ɐ ɔ ɛ ɨ,0.3205,0.3077,4,a e i u,0.3333,4,a e i u,0,"Mateus, Maria Helena, and Ernesto d’Andrade (2000) The Phonology of Portuguese. New York: Oxford University Press.",384,371
Tangale,TANG,AFRO-ASIATIC (Chadic),Nigeria,0,49,9,a e e̞ i i̞ o o̞ u u̞,0.3205,0.3077,4,a e i u,0.3333,4,a e i u,0,"Kidda, Mairo Elinor (1985) Tangale Phonology: A Descriptive Analysis. Ann Arbor: UMI",384,371
Temne,TEMN,NIGER-CONGO,Sierra Leone,0,26,9,a e i o u ɔ ɛ ɨ ʌ,0.3205,0.3077,4,a e i u,0.3333,4,a e i u,0,"Wilson, W. A. A. (1961) An Outline of the Temne Language. SOAS: London",384,371
Yuchi,YUCH,LANGUAGE ISOLATE,USA,0,35,9,a ã e ẽ i o õ u æ,0.3205,0.3077,4,a e i u,0.3333,4,a e i u,0,"Ballard, W. L. (1975) Aspects of Yuchi morphophonology. In Crawford, James M. (1975) (ed.), Studies in Southeastern Indian Languages. Athens: The University of Georgia Press.",384,371
Yurok,YURO,ALGIC,USA,0,33,9,a aː e i iː o oː u uː,0.3205,0.3077,4,a e i u,0.3333,4,a e i u,0,"Robins, R. H. (1958) The Yurok Language: Grammar, Texts, Lexicon. Berkeley: University of California Press.",384,371
Arbore,ARBO,AFRO-ASIATIC (Cushitic),Ethiopia,0,32,5,a i u ɔ ɛ,0.3166,0.3,3,a i u,0.3333,3,a i u,0,"Hayward, Dick (1984) The Arbore Language: A First Investigation, Including a Vocabulary. Hamburg: Helmut Buske Verlag.",394,371
"Armenian, Homshetsma",ARMH,INDO-EUROPEAN,Turkey and Georgia,0,28,5,a i u ɔ ɛ,0.3166,0.3,3,a i u,0.3333,3,a i u,0,"Vaux, Bert (1998) The Phonology of Armenian. Oxford: Clarendon Press.",394,371
"Armenian, Kirzan",ARKI,INDO-EUROPEAN,Azerbaijan,0,27,5,a i u ɔ ɛ,0.3166,0.3,3,a i u,0.3333,3,a i u,0,"Vaux, Bert (1998) The Phonology of Armenian. Oxford: Clarendon Press.",394,371
"Armenian, Standard Eastern",ARMS,INDO-EUROPEAN,Armenia,0,27,5,a i u ɔ ɛ,0.3166,0.3,3,a i u,0.3333,3,a i u,0,"Vaux, Bert (1998) The Phonology of Armenian. Oxford: Clarendon Press.",394,371
Bemba,BEMB,NIGER-CONGO (Bantu),Zambia,0,20,5,a i u ɔ ɛ,0.3166,0.3,3,a i u,0.3333,3,a i u,0,"van Sambeek, W.F. (1966) A Bemba Grammar. Cape Town: Galvin & Sales (Pty.) Ltd.",394,371
Chemehuevi (dialect of Ute-Southern Paiute),CHEM,UTO-AZTECAN,USA,0,27,5,a i o u ɨ,0.3166,0.3,3,a i u,0.3333,3,a i u,0,"Press, Margaret Lauritsen (1975) A Grammar of Chemehuevi. Ann Arbor: UMI.",394,371
Hatam,HATA,WEST PAPUAN,Indonesia (Irian Jaya),0,27,5,a i u ɔ ɛ,0.3166,0.3,3,a i u,0.3333,3,a i u,0,"Reesink, Ger P. (1999) A grammar of Hatam, Bird’s Head Peninsula, Irian Jaya. Canberra: Pacific Linguistics.",394,371
Higi (Kamwe),HIGI,AFRO-ASIATIC (Chadic),Nigeria,0,32,5,a e i ɛ ɨ,0.3166,0.3,3,a e i,0.3333,3,a e i,0,"Mohrlang, Roger (1972) Studies in Nigerian Languages No. 2. Higi Phonology. Zaria: Institute for Linguistics.",394,371
Hixkaryana,HIXK,CARIB,Brazil,0,23,5,e u æ ɔ ɯ,0.3166,0.3,3,e u ɯ,0.3333,3,e u ɯ,0,"Derbyshire, Desmond C. (1985) Hixkaryana and Linguistic Typology. Arlington: The Summer Institute of Linguistics and the University of Texas at Arlington.",394,371
Kihungan,KIHU,NIGER-CONGO (Bantu),Democratic Republic of Congo,0,25,5,a i u ɔ ɛ,0.3166,0.3,3,a i u,0.3333,3,a i u,0,"Takizala, Alexis (1974) Studies in the Grammar of Kihungan. Ann Arbor: UMI.",394,371
Lele,LELE,AFRO-ASIATIC (Chadic),Chad,0,30,5,a i u ɔ ɛ,0.3166,0.3,3,a i u,0.3333,3,a i u,0,"Frajzyngier, Zygmunt (2001) A Grammar of Lele. Stanford: CSLI Publications.",394,371
Muna,MUNA,AUSTRONESIAN,Indonesia,0,30,5,a i u ɔ ɛ,0.3166,0.3,3,a i u,0.3333,3,a i u,0,"Berg, René van den (1989) A grammar of the Muna language. Dordrecht: Foris.",394,371
Oʼodham (Papago),OODH,UTO-AZTECAN,USA,0,23,5,a i o u ɨ,0.3166,0.3,3,a i u,0.3333,3,a i u,0,"Saxton, Dean (1979) Papago. In Langacker (1979).",394,371
"Paiute, Northern",NPAI,UTO-AZTECAN,USA,0,28,5,a i o u ɨ,0.3166,0.3,3,a i u,0.3333,3,a i u,0,"Snapp, Allen, John Anderson, and Joy Anderson (1979) Northern Paiute. In Langacker (1979).",394,371
"Slavey, North (Mountain variety)",NSMX,NA-DENE,Canada,0,40,5,a i u ɔ ɛ,0.3166,0.3,3,a i u,0.3333,3,a i u,0,"Rice, Keren (1989) A Grammar of Slave. New York: Mouton de Gruyter.",394,371
"Slavey, South (Slavey)",SSLA,NA-DENE,Canada,0,41,5,a i u ɔ ɛ,0.3166,0.3,3,a i u,0.3333,3,a i u,0,"Rice, Keren (1989) A Grammar of Slave. New York: Mouton de Gruyter.",394,371
Swazi (Swati),SWAZ,NIGER-CONGO (Bantu),"Swaziland, South Africa, and Mozambique",0,70,5,a i u ɔ ɛ,0.3166,0.3,3,a i u,0.3333,3,a i u,0,"Ziervogel, D. (1952) A Grammar of Swazi. Johannesburg: Witwatersrand University Press.",394,371
Tepecano,TEPC,UTO-AZTECAN,Mexico (now extinct),0,19,5,a i o ɨ ɯ,0.3166,0.3,3,a i ɯ,0.3333,3,a i ɯ,0,"Mason, J. Alden (1917) Tepecano, a Piman Language of Western Mexico. New York: New York Academy of Sciences.",394,371
"Tepehuan, Northern",TEPN,UTO-AZTECAN,Mexico,0,23,5,a i o u ɨ,0.3166,0.3,3,a i u,0.3333,3,a i u,0,"Bascom, Burton (1979) Northern Tepehuan. In Langacker (1979).",394,371
Tukang Besi,TUKA,AUSTRONESIAN,Indonesia,0,28,5,a i o ɛ ɯ,0.3166,0.3,3,a i ɯ,0.3333,3,a i ɯ,0,"Donohue, Mark (1999) A Grammar of Tukang Besi. New York: Mounton de Gruyter.",394,371
Tyvan (Tuvin),TYVA,ALTAIC (Turkic),"Russia, Mongolia, China",1,36,16,a aː e eː i iː o oː u uː y yː ø øː ɨ ɨː,0.3056,0.3333,6,a e i u y ø,0.2778,5,a e i u y,0,"Anderson, Gregory David, and K. David Harrison (1999) Tyvan. Muenchen: Lincom Europa.",340,483
Tiri/Tinrin,TIRT,AUSTRONESIAN,New Caledonia,0,44,14,a ã e i ĩ o u ũ ɔ ɔ̃ ɛ ɛ̃ ɯ ɯ̃,0.3033,0.2941,5,a e i u ɯ,0.3125,5,a e i u ɯ,0,"Osumi, Midori (1995) Tinrin Grammar. Honolulu: University of Hawai’i Press.",414,409
Danish,DANI,INDO-EUROPEAN (Germanic),Denmark,0,31,12,a i o u y æ ø œ ɔ ɛ ɪ ʌ,0.3,0.3333,5,a i u y ø,0.2667,4,a i u y,0,"Jones, W. Glyn, and Kirsten Gade (1981) Danish: A Grammar. København: Gyldendal",340,494
Abujhmaria,ABUJ,DRAVIDIAN,India,0,30,10,a aː e eː i iː o oː u uː,0.2967,0.2857,4,a e i u,0.3077,4,a e i u,0,"Natarajan, G. V. (1985) Abujhmaria Grammar. Mysore: Central Institute of Indian Languages.",415,410
Afar,AFAR,AFRO-ASIATIC (Cushitic),"Ethiopia, Djibouti, and Eritrea",0,27,10,a aː e eː i iː o oː u uː,0.2967,0.2857,4,a e i u,0.3077,4,a e i u,0,"Bliese, Loren F. (1981) A Generative Grammar of Afar. Arlington: Summer Institute of Linguistics and the University of Texas at Arlington.",415,410
Brahui,BRAH,DRAVIDIAN,Pakistan and Afghanistan,0,39,10,a aː e eː i iː o oː u uː,0.2967,0.2857,4,a e i u,0.3077,4,a e i u,0,"Andronov, M. S. (1980) The Brahui Language. Moscow: Nauka Publishing House.",415,410
Ciyao (Yao),CIYA,NIGER-CONGO (Bantu),"Malawi, Tanzania, and Mozambique",0,27,10,a aː e eː i iː o oː u uː,0.2967,0.2857,4,a e i u,0.3077,4,a e i u,0,"Ngunga, Armindo (2000) Phonology and morphology of the Ciyao verb. Stanford, CA: CSLI Publications. ",415,410
Czech,CZEC,INDO-EUROPEAN (Slavic),Czech Republic,0,35,10,a aː e eː i iː o oː u uː,0.2967,0.2857,4,a e i u,0.3077,4,a e i u,0,"Harkins, William E. (1953) A Modern Czech Grammar. New York: King’s Crown Press.",415,410
Dahalo,DAHA,AFRO-ASIATIC (Cushitic),Kenya,0,60,10,a aː e eː i iː o oː u uː,0.2967,0.2857,4,a e i u,0.3077,4,a e i u,0,"Tosco, Mauro (1991) A grammatical sketch of Dahalo: including texts and a glossary. Hamburg: Helmut Buske Verlag.",415,410
Dhivehi (Maldivian),DHIV,INDO-EUROPEAN (Indo-Aryan),Maldives,0,36,10,a aː e eː i iː o oː u uː,0.2967,0.2857,4,a e i u,0.3077,4,a e i u,0,"Cain, Bruce D., and James W. Gair (2000) Dhiveni (Maldivian). Muenchen: Lincom Europa.",415,410
"Gondi, Adilabad",ADIL,DRAVIDIAN,India,0,40,10,a aː e eː i iː o oː u uː,0.2967,0.2857,4,a e i u,0.3077,4,a e i u,0,"Subrahmanyam, P. S. (1968) A Descriptive Grammar of Gondi. Annamalainagar: Annamalai University.",415,410
"Gondi, Koya",KOYA,DRAVIDIAN,India,0,31,10,a aː e eː i iː o oː u uː,0.2967,0.2857,4,a e i u,0.3077,4,a e i u,0,"Subrahmanyam, P. S. (1968) A Descriptive Grammar of Gondi. Annamalainagar: Annamalai University.",415,410
Iraqw,IRAQ,AFRO-ASIATIC (Cushitic),Tanzania,0,39,10,a aː e eː i iː o oː u uː,0.2967,0.2857,4,a e i u,0.3077,4,a e i u,0,"Nordbustad, Frøydis (1988) Iraqw grammar: an analytical study of the Iraqw. Berlin: D. Reimer.",415,410
Japanese,JAPA,JAPANESE,"Japan, etc.",0,25,10,a aː e eː i iː o oː ɯ ɯː,0.2967,0.2857,4,a e i ɯ,0.3077,4,a e i ɯ,0,"Vance, Timothy J. (1987) An introduction to Japanese phonology. Albany, N.Y.: State University of New York Press.",415,410
Jukun (Jukun Takum),JUKU,NIGER-CONGO,Nigeria and Cameroon,0,31,10,a ã e ẽ i ĩ o õ u ũ,0.2967,0.2857,4,a e i u,0.3077,4,a e i u,0,"Shimizu, Kiyoshi (1980a) Comparative Jukunoid. Vol 1. Wien: Beiträge zur Afrikanistik.",415,410
Jukun (Jukun Takum) (Wukari dialect),JUKW,NIGER-CONGO,Nigeria,0,31,10,a ã e ẽ i ĩ o õ u ũ,0.2967,0.2857,4,a e i u,0.3077,4,a e i u,0,"Shimizu, Kiyoshi (1980a) Comparative Jukunoid. Vol 1. Wien: Beiträge zur Afrikanistik.",415,410
Kolami,KOLA,DRAVIDIAN,India,0,29,10,a aː e eː i iː o oː u uː,0.2967,0.2857,4,a e i u,0.3077,4,a e i u,0,"Emeneau, M. B. (1961) Kolami: A Dravidian Language. Annamalainagar: Annamalai University.",415,410
Lama,LAMA,NIGER-CONGO,Togo and Benin,0,26,10,a e i o u ɔ ɛ ɨ ɪ ʌ̝,0.2967,0.2857,4,a e i u,0.3077,4,a e i u,0,"Ourso, Meterwa (1989) Lama Phonology and Morphology. Ann Arbor: UMI.",415,410
Maale,MAAL,AFRO-ASIATIC,Ethiopia,0,36,10,a aː e eː i iː o oː u uː,0.2967,0.2857,4,a e i u,0.3077,4,a e i u,0,"Amha, Azeb (2001) The Maale language. Leiden: Research School of Asian, African, and Amerindian Studies, Universiteit Leiden.",415,410
Mandikakan (Mandinka) (Pakawu dialect),PAKA,NIGER-CONGO,Senegal,0,28,10,a aː e eː i iː u uː ɔ ɔː,0.2967,0.2857,4,a e i u,0.3077,4,a e i u,0,"Ngom, Fallou (2000) Phonetic and Phonological Description of Mandinkakan Phonemes as spoken in Kajor (Ziguinchor). Muenchen: Lincom Europa.",415,410
Masalit,MASA,NILO-SAHARAN,Sudan and Chad,0,29,10,a e i o u ɔ ɛ ɜ ɨ ʌ,0.2967,0.2857,4,a e i u,0.3077,4,a e i u,0,"Edgar, John (1989) A Masalit Grammar. Berlin: Dietrich Reimer Verlag.",415,410
Melanesian Pidgin English (Tok Pisin),MEPE,CREOLE,Papua New Guinea,0,29,10,e i o u æ ɑ ɔ ə ɛ ɪ,0.2967,0.2857,4,e i u ə,0.3077,4,e i u ə,1,"Hall, Rober A. Jr. (1943) Melanesian Pidgin English: Grammar, Texts, Vocabulary. Baltimore: Waverly Press, Inc.",415,410
Mupun,MUPU,AFRO-ASIATIC (Chadic),Nigeria,0,32,10,a aː e eː i iː o oː u uː,0.2967,0.2857,4,a e i u,0.3077,4,a e i u,0,"Frajzyngier, Zygmunt (1993) A Grammar of Mupun. Berlin: Dietrich Reimer Verlag.",415,410
Mupun (Jipari dialect),MUPJ,AFRO-ASIATIC (Chadic),Nigeria,0,32,10,a aː e eː i iː o oː u uː,0.2967,0.2857,4,a e i u,0.3077,4,a e i u,0,"Frajzyngier, Zygmunt (1993) A Grammar of Mupun. Berlin: Dietrich Reimer Verlag.",415,410
Nisgha (Nisgaʼa),NISG,PENUTIAN,Canada,0,40,10,a aː e eː i iː o oː u uː,0.2967,0.2857,4,a e i u,0.3077,4,a e i u,0,"Tarpent, Marie-Lucie (1987) A Grammar of The Nisgha Language. Ann Arbor: UMI.",415,410
Nuer,NUER,NILO-SAHARAN,Sudan and Ethiopia,0,40,10,e i o u ɑ ɔ ə ɛ ɪ ʌ,0.2967,0.2857,4,e i u ə,0.3077,4,e i u ə,1,"Crazzolara, Father J. P. (1933) Outlines of a Nuer Grammar. Wien: Verlag der Internationalen Zeitschrift.",415,410
Pech (Paya),PECH,CHIBCHAN,Honduras,0,26,10,a ã e ẽ i ĩ o õ u ũ,0.2967,0.2857,4,a e i u,0.3077,4,a e i u,0,"Holt, Dennis (1999) Pech (Paya). Muenchen: Lincom Europa.",415,410
Pengo,PENG,DRAVIDIAN,India,0,32,10,a aː e eː i iː o oː u uː,0.2967,0.2857,4,a e i u,0.3077,4,a e i u,0,"Burrow, T. and S. Bhattacharya (1970) The Pengo Language. Oxford: Clarendon Press.",415,410
Pero,PERO,AFRO-ASIATIC (Chadic),Nigeria,0,27,10,a aː e eː i iː o oː u uː,0.2967,0.2857,4,a e i u,0.3077,4,a e i u,0,"Frajzyngier, Zygmunt (1989) A Grammar of Pero. Berlin: Dietrich Reimer Verlag.",415,410
Pero (Gwandum dialect),PERG,AFRO-ASIATIC (Chadic),Nigeria,0,27,10,a aː e eː i iː o oː u uː,0.2967,0.2857,4,a e i u,0.3077,4,a e i u,0,"Frajzyngier, Zygmunt (1989) A Grammar of Pero. Berlin: Dietrich Reimer Verlag.",415,410
Purik,PURI,SINO-TIBETAN,India,0,43,10,a aː e eː i iː o oː u uː,0.2967,0.2857,4,a e i u,0.3077,4,a e i u,0,"Rangan, K. (1979) Purki Grammar. Mysore: Central Institute of Indian Languages.",415,410
"Quechua, Huallaga (Huanaco)",HUAL,QUECHUAN,Peru,0,27,10,a aː e eː i iː o oː u uː,0.2967,0.2857,4,a e i u,0.3077,4,a e i u,0,"Weber, David John (1983) A Grammar of Huallaga (Huanaco) Quechua. Ann Arbor: UMI.",415,410
"Quechua, Junín (San Pedro de Cajas variety)",SANP,QUECHUAN,Peru,0,33,10,a aː e eː i iː o oː u uː,0.2967,0.2857,4,a e i u,0.3077,4,a e i u,0,"Adelaar, W. F. H. (1977) Tarma Quechua grammar, texts, dictionary. Lisse: The Peter de Ridder Press.",415,410
"Quechua, Tarma (variety of North Junín Quechua)",TARM,QUECHUAN,Peru,0,32,10,a aː e eː i iː o oː u uː,0.2967,0.2857,4,a e i u,0.3077,4,a e i u,0,"Adelaar, W. F. H. (1977) Tarma Quechua grammar, texts, dictionary. Lisse: The Peter de Ridder Press.",415,410
Runyankore (Nyankore),RUNK,NIGER-CONGO (Bantu),Uganda,0,27,10,a aː e eː i iː o oː u uː,0.2967,0.2857,4,a e i u,0.3077,4,a e i u,0,"Morris, H. F., and B. E. R. Kirwan (1957) A Runyankore Grammar. Nairobi: The Eagle Press.",415,410
Sacapultec (Sacapulteco),SACA,MAYAN,Guatemala,0,35,10,a aː e eː i iː o oː u uː,0.2967,0.2857,4,a e i u,0.3077,4,a e i u,0,"Dubois, John William (1981) The Sacapultec Language. Ann Arbor: UMI.",415,410
Tamil,TAMI,DRAVIDIAN,"India, Sri Lanka, Malaysia, Réunion, Singapore, Mauritius",0,25,10,a aː e eː i iː o oː u uː,0.2967,0.2857,4,a e i u,0.3077,4,a e i u,0,"Schiffman, Harold F. (1999) A Reference Grammar of Spoken Tamil. New York: Cambridge University Press.",415,410
Telugu,TELU,DRAVIDIAN,India,0,30,10,a aː e eː i iː o oː u uː,0.2967,0.2857,4,a e i u,0.3077,4,a e i u,0,"Lakshmi, V. Swarajya (1982) A Descriptive Grammar of Cuddapah Dialect. Hyderabad: Tekugu Akademi.",415,410
Wiyot,WIYO,ALGIC,USA (extinct),0,36,10,a e i o u æ ɔ ɛ ɪ ʌ,0.2967,0.2857,4,a e i u,0.3077,4,a e i u,0,"Reichard, Gladys A. (1925) Wiyot Grammar and Texts. Berkeley: University of California Press.",415,410
"Yavapai, Western (Tolkapaya dialect)",YAVW,HOKAN,USA,0,32,10,a aː e eː i iː o oː u uː,0.2967,0.2857,4,a e i u,0.3077,4,a e i u,0,"Hardy, Heather Kay (1979) Tolkapaya Syntax: Aspect, Modality, and Adverbial Modification in a Yavapai Dialect. Ann Arbor: UMI.",415,410
Breton,BRET,INDO-EUROPEAN (Celtic),France,0,39,17,a ã e ẽ i ĩ o õ u ũ y ỹ ø œ̃ ɔ ɛ ɛ̃,0.2895,0.3158,6,a e i u y ø,0.2632,5,a e i u y,0,"Press, Ian (1986) A Grammar of Modern Breton. New York: Mouton de Gruyter.",379,517
Xakas (Khakas),XAKA,ALTAIC (Turkic),Russia,1,31,17,a aː e eː i iː o oː u uː y yː ø øː ɨ ɨː ɪ,0.2895,0.3158,6,a e i u y ø,0.2632,5,a e i u y,0,"Anderson, Gregory D.S. (1998) Xakas. Muenchen: Lincom Europa.",379,517
Alyawarra,ALYA,AUSTRALIAN (Pama-Nyungan),Australia,0,32,6,a aj i ij u uw,0.2864,0.2727,3,a i u,0.3,3,a i u,0,"Yallop, Colin (1977) Alyawarra. Canberra: Advocate Press Pty Ltd.",456,447
Aymara,AYMA,AYMARAN,Bolivia and Peru,0,32,6,a aː i iː u uː,0.2864,0.2727,3,a i u,0.3,3,a i u,0,"Davidson, Joseph O. Jr. (1977) A Contrastive Study of the Grammatical Structures of Aymara and Cuzco Kechua. Ann Arbor: UMI.",456,447
"Chomo (Dhu, Como Karim)",CHOM,NIGER-CONGO,Nigeria,0,29,6,a i u ɔ ɛ ɨ,0.2864,0.2727,3,a i u,0.3,3,a i u,0,"Shimizu, Kiyoshi (1980a) Comparative Jukunoid. Vol 1. Wien: Beiträge zur Afrikanistik.",456,447
Jiru (Wuyar),JIRU,NIGER-CONGO,Nigeria,0,33,6,a i u ɔ ɛ ɨ,0.2864,0.2727,3,a i u,0.3,3,a i u,0,"Shimizu, Kiyoshi (1980a) Comparative Jukunoid. Vol 1. Wien: Beiträge zur Afrikanistik.",456,447
Kumiái (Diegueño),KUMI,HOKAN,"Mexico, USA",0,29,6,a aː i iː u uː,0.2864,0.2727,3,a i u,0.3,3,a i u,0,"Gorbet, Larry Paul (1976) A Grammar of Diegueño Nominals. New York: Garland Publishing, Inc.",456,447
Martuthunira,MART,AUSTRALIAN (Pama-Nyungan),Australia,0,26,6,a aː i iː u uː,0.2864,0.2727,3,a i u,0.3,3,a i u,0,"Dench, Alan Charles (1995) Martuthunira: A Language of the Pilbara Region of Western Australia. Canberra: Pacific Linguistics.",456,447
Mohawk,MOHA,IROQUOIAN,Canada and USA,0,15,6,a e i o ũ ʌ̃,0.2864,0.2727,3,a e i,0.3,3,a e i,0,"Michelson, Karin Eva (1983) A Comparative Study of Accent in the Five nations Iroquoian Languages. Ann Arbor: UMI.",456,447
Muruwari,MURU,AUSTRALIAN (Pama-Nyungan),Australia,0,25,6,a aː i iː u uː,0.2864,0.2727,3,a i u,0.3,3,a i u,0,"Oates, Lynette F. (1988) The Muruwari Language. Canberra: Pacific Linguistics.",456,447
Nagamese (Naga Pidgin),NAGA,CREOLE,India,0,29,6,aː e i o u ɔ,0.2864,0.2727,3,e i u,0.3,3,e i u,0,"Boruah, B. K. (1993) Nagamese: The Language of Nagaland. New Delhi: Mittal Publications.",456,447
Nuuchahnulth (Tsishaath Nootka),TSIS,WAKASHAN,Canada,0,45,6,a aː i iː u uː,0.2864,0.2727,3,a i u,0.3,3,a i u,0,"Stonham, John (1999) Aspects of Tsishaath Nootka Phonetics & Phonology. Muenchen: Lincom Europa.",456,447
Oneida,ONEI,IROQUOIAN,Canada and USA,0,15,6,a e i o ũ ʌ̃,0.2864,0.2727,3,a e i,0.3,3,a e i,0,"Michelson, Karin Eva (1983) A Comparative Study of Accent in the Five nations Iroquoian Languages. Ann Arbor: UMI.",456,447
Pitjantjatjara/Western Desert Language,PITJ,AUSTRALIAN (Pama-Nyungan),Australia,0,23,6,a aː i iː u uː,0.2864,0.2727,3,a i u,0.3,3,a i u,0,"Douglas, W. H. (1964) An Introduction to the Western Desert Language. Sydney: The University of Sydney.",456,447
Russian,RUSS,INDO-EUROPEAN (Slavic),"Russia, Israel, USA",0,39,6,a i u ɔ ɛ ɨ,0.2864,0.2727,3,a i u,0.3,3,a i u,0,"Unbegaun, B. O. (1957) Russian Grammar. Oxford: Clarendon Press",456,447
Secoya,SECO,TUCANOAN,Ecuador and Peru,0,19,6,a i o u ɛ ɨ,0.2864,0.2727,3,a i u,0.3,3,a i u,0,"Johnson, Orville E., and Catherine Peeke (1962) Phonemic Units in the Secoya Word. Elson, Benjamin (ed.) (1962) Studies in Ecuadorian Indian Languages: I. Norman: Summer Institute of Linguistics of the University of Oklahoma.",456,447
Wichita,WICH,CADDOAN,USA,0,19,6,a aː e eː i iː,0.2864,0.2727,3,a e i,0.3,3,a e i,0,"Rood, David S. (1976) Wichita Grammar. New York: Garland Publishing, Inc.",456,447
Yukuben,YUKU,NIGER-CONGO,Nigeria and Cameroon,0,30,6,a i u ɔ ɛ ɨ,0.2864,0.2727,3,a i u,0.3,3,a i u,0,"Shimizu, Kiyoshi (1980a) Comparative Jukunoid. Vol 1. Wien: Beiträge zur Afrikanistik.",456,447
FeʼFeʼ-Bamileke,FEFE,NIGER-CONGO (Bantu),Cameroon,0,31,15,a aː e eː i iː o u uː ɑ ɑː ɔː ɤː ɯ ɯː,0.286,0.2778,5,a e i u ɯ,0.2941,5,a e i u ɯ,0,"Hyman, Larry Michael (1972) A Phonological Study of Fe’Fe’-Bamileke. Ann Arbor: UMI.",452,463
Mbili,MBIL,NIGER-CONGO (Bantu),Cameroon,0,53,15,a aː e eː i iː u uː ɔ ɔː ə əː ɛ ɛː ɨ,0.286,0.2778,5,a e i u ə,0.2941,5,a e i u ə,1,"Ayuninjam, Funwi F. (1998) A Reference Grammar of Mbili. Lanham: University Press of America, Inc.",452,463
Wolof,WOLO,NIGER-CONGO,Senegal,0,35,15,a aː e eː i iː o oː u uː ɔ ɔː ə ɛ ɛː,0.286,0.2778,5,a e i u ə,0.2941,5,a e i u ə,1,"Ka, Omar (1994) Wolof phonology and morphology. Lanham, Md: University Press of America.",452,463
Yom (Pila),YOMP,NIGER-CONGO,Benin,0,41,15,a aː e eː i iː o oː u uː ɔ ɔː ə ɛ ɛː,0.286,0.2778,5,a e i u ə,0.2941,5,a e i u ə,1,"Beacham, Charles Gordon Jr. (1968) The Phonology and Morphology of Yom. Ann Arbor: UMI.",452,463
Bribri,BRIB,CHIBCHAN,Costa Rica,0,26,11,a ã e ẽ i ĩ o õ u ũ ɪ,0.2762,0.2667,4,a e i u,0.2857,4,a e i u,0,"Constenla, Adolfo (1981) Comparative Chibchan Phonology. Ann Arbor: UMI.",472,468
Cabécar,CABE,CHIBCHAN,Costa Rica,0,25,11,a ã e ẽ i ĩ o õ u ũ ɪ,0.2762,0.2667,4,a e i u,0.2857,4,a e i u,0,"Constenla, Adolfo (1981) Comparative Chibchan Phonology. Ann Arbor: UMI.",472,468
Coatzospan Mixtec (Coatzospan Mixteco),COAT,OTO-MANGUEAN,Mexico,0,35,11,a ã e ẽ i ĩ o u ũ ɨ ɨ̃,0.2762,0.2667,4,a e i u,0.2857,4,a e i u,0,"Gerfen, Chip (1999) Phonology and Phonetics in Coatzospan Mixtec. Dordrecht: Kluwer Academic Publishers.",472,468
Kannada,KANN,DRAVIDIAN,India,0,43,11,a aː e eː i iː o oː u uː æ,0.2762,0.2667,4,a e i u,0.2857,4,a e i u,0,"Sridhar, S. N. (1990) Kannada. New York: Routledge.",472,468
Kilivila/Kiriwina,KILI,AUSTRONESIAN,Papua New Guinea,0,31,11,a ai au e ei eu i o oi ou u,0.2762,0.2667,4,a e i u,0.2857,4,a e i u,0,"Lawton, Ralph (1993) Topics in the Description of Kiriwina. Canberra: Pacific Linguistics.",472,468
"Koraga, Mudu",MUDU,DRAVIDIAN,India,0,31,11,a aː e eː i iː o oː u uː ɨ,0.2762,0.2667,4,a e i u,0.2857,4,a e i u,0,"Bhat, D. N. S. (1971) The Koraga Language. Poona: Deccan College Postgraduate and Research Institute.",472,468
"Koraga, Onti",ONTI,DRAVIDIAN,India,0,29,11,a aː e eː i iː o oː u uː ɨ,0.2762,0.2667,4,a e i u,0.2857,4,a e i u,0,"Bhat, D. N. S. (1971) The Koraga Language. Poona: Deccan College Postgraduate and Research Institute.",472,468
"Koraga, Tappu",TAPP,DRAVIDIAN,India,0,31,11,a aː e eː i iː o oː u uː ɨ,0.2762,0.2667,4,a e i u,0.2857,4,a e i u,0,"Bhat, D. N. S. (1971) The Koraga Language. Poona: Deccan College Postgraduate and Research Institute.",472,468
"Maya, Itzaj (Itzá)",ITZA,MAYAN,Guatemala,0,31,11,a aː e eː i iː o oː u uː ɨ̞,0.2762,0.2667,4,a e i u,0.2857,4,a e i u,0,"Hofling, Charles Andrew (2000) Itzaj Maya Grammar. Salt Lake City: University of Utah Press.",472,468
Nalik,NALI,AUSTRONESIAN,Papua New Guinea,0,28,11,a ai au e ei i o oi ou u ɒ,0.2762,0.2667,4,a e i u,0.2857,4,a e i u,0,"Volker, Craig (1998) The Nalik Language of New Ireland, Papua New Guinea. New York: Peter Lang Publishing.",472,468
Sango,SANG,CREOLE,"Central African Republic, Chad, Democratic Republic of Congo, Republic of Congo",0,36,11,a ã e i o u ũ ɔ ɔ̃ ɛ ɛ̃,0.2762,0.2667,4,a e i u,0.2857,4,a e i u,0,"Samarin, William J. (1967) A Grammar of Sango. The Hague: Mouton & Co.",472,468
"Senoufo, Supyire",SUPY,NIGER-CONGO,Mali,0,34,11,a ã e i ĩ o u ũ ɔ ɔ̃ ɛ,0.2762,0.2667,4,a e i u,0.2857,4,a e i u,0,"Carlson, Robert (1994) A grammar of Supyire. Berlin: Mouton de Gruyter.",472,468
St. Lucian Creole,STLU,CREOLE,St. Lucia,0,33,11,a ã e ẽ i o õ u ɑ ɔ ɛ,0.2762,0.2667,4,a e i u,0.2857,4,a e i u,0,"Carrington, Lawrence D. (1984) St. Lucian Creole: A Descriptive Analysis of its Phonology and Morph-Syntax. Hamburg: Helmut Buske Verlag.",472,468
Bikele,BIKE,NIGER-CONGO (Bantu),Cameroon,0,44,16,a aː e eː i iː o oː u uː ɒ ɒː ə ɛ ɛː ɨ,0.2705,0.2632,5,a e i u ə,0.2778,5,a e i u ə,1,"Begne, Leopold Prosper (1980) The Phonology of Bikele, A Cameroonian Language. Ann Arbor: UMI.",485,483
Maithili,MAIT,INDO-EUROPEAN (Indo-Aryan),India and Nepal,0,43,16,a ã e ẽ i ĩ o õ u ũ æ æ̃ ɑ ɑ̃ ə ə̃,0.2705,0.2632,5,a e i u ə,0.2778,5,a e i u ə,1,"Yadav, Ramawatar (1996) A Reference Grammar of Maithili. New York: Mouton de Gruyter.",485,483
Marathi (Cochin),MARC,INDO-EUROPEAN (Indo-Aryan),India,0,52,16,a aː e eː i iː o oː u uː ɔ ɔː ə əː ɛ ɛː,0.2705,0.2632,5,a e i u ə,0.2778,5,a e i u ə,1,"Ghatage, A. M. (1971) Marathi Dialect Texts I: Dialect of Cochin. Poona: Deccan College.",485,483
Punjabi,PUNJ,INDO-EUROPEAN (Indo-Aryan),India,0,44,16,a ã e ẽ i ĩ o õ u ũ æ æ̃ ɔ ɔ̃ ə ɪ,0.2705,0.2632,5,a e i u ə,0.2778,5,a e i u ə,1,"Bhatia, Tej K. (1993) Punjabi. New York: Routledge.",485,483
Santali,SANT,AUSTRO-ASIATIC,"India, Bangladesh, Nepal",0,51,16,a ã e ẽ i ĩ o õ u ũ ɔ ɔ̃ ə ə̃ ɛ ɛ̃,0.2705,0.2632,5,a e i u ə,0.2778,5,a e i u ə,1,"Neukom, Lukas (2001) Santali. Meunchen: Lincom Europa.",485,483
Adyghe (Bzhedukh dialect),ADYG,NORTH CAUCASIAN,"Russia, Turkey, Jordan, Syria",0,68,2,a ə,0.2679,0.25,2,a ə,0.2857,2,a ə,1,"Colarusso, John (1988) The Northwest Caucasian Languages: A Phonological Survey. New York: Garland Publishing.",491,468
Ubykh,UBYK,NORTH CAUCASIAN,Turkey (extinct),0,83,2,a ə,0.2679,0.25,2,a ə,0.2857,2,a ə,1,"Colarusso, John (1988) The Northwest Caucasian Languages: A Phonological Survey. New York: Garland Publishing.",491,468
Kimatuumbi,KIMA,NIGER-CONGO (Bantu),Tanzania,0,23,7,a i i̝ u u̝ ɔ ɛ,0.2613,0.25,3,a i u,0.2727,3,a i u,0,"Odden, David (1996) The Phonology and Morphology of Kimatuumbi. Oxford: Clarendon Press.",491,489
"Mixe, South Highland (Mixistlán variety)",SMMX,MIXE-ZOQUE,Mexico,0,18,7,e i o u æ ɑ ɨ,0.2613,0.25,3,e i u,0.2727,3,e i u,0,"Wichmann, Søren (1995) The Relationship Among the Mixe-Zoquean Languages of Mexico. Salt Lake City: University of Utah Press.",491,489
Montagnais,MONT,ALGIC,Canada,0,15,7,a aː eː i iː u uː,0.2613,0.25,3,a i u,0.2727,3,a i u,0,"Cyr, Danielle (1996) Montagnais: an Ethnogrammatical Description. In Maurais (1996)",491,489
Montagnais (some areas),MONS,ALGIC,Canada,0,15,7,a aː eː i iː u uː,0.2613,0.25,3,a i u,0.2727,3,a i u,0,"Cyr, Danielle (1996) Montagnais: an Ethnogrammatical Description. In Maurais (1996)",491,489
Onondaga,ONON,IROQUOIAN,Canada and USA,0,15,7,a e i o ũ æ ɛ̃,0.2613,0.25,3,a e i,0.2727,3,a e i,0,"Michelson, Karin Eva (1983) A Comparative Study of Accent in the Five nations Iroquoian Languages. Ann Arbor: UMI.",491,489
Akan,AKAN,NIGER-CONGO (Kwa),Ghana,0,46,12,a ã e e̝ i ĩ o o̝ u ũ ɔ ɛ,0.2583,0.25,4,a e i u,0.2667,4,a e i u,0,"Dolphyne, Florence Abena (1988) The Akan (Twi-Fante) Language: Its Sound Systems and Tonal Structure. Accra: Ghana Universities Press.",491,494
Akan (Fante),AKAF,NIGER-CONGO (Kwa),Ghana,0,45,12,a ã e e̝ i ĩ o o̝ u ũ ɔ ɛ,0.2583,0.25,4,a e i u,0.2667,4,a e i u,0,"Dolphyne, Florence Abena (1988) The Akan (Twi-Fante) Language: Its Sound Systems and Tonal Structure. Accra: Ghana Universities Press.",491,494
Aoma,AOMA,NIGER-CONGO (Edoid),Nigeria,0,33,12,a ã e i ĩ o u ũ ɔ ɔ̃ ɛ ɛ̃,0.2583,0.25,4,a e i u,0.2667,4,a e i u,0,"Elugbe, Ben Ohiomamhe (1989) Comparative Edoid: Phonology and Lexicon. Port: University of Port Harcourt Press.",491,494
Boko/Busa,BOKO,NIGER-CONGO (Mande),Democratic Republic of Congo,0,42,12,a ã e i ĩ o u ũ ɔ ɔ̃ ɛ ɛ̃,0.2583,0.25,4,a e i u,0.2667,4,a e i u,0,"Jones, Ross McCallum (1998) The Boko/Busa Language Cluster. München: Lincom Europa.",491,494
Boko/Busa (Kaiama dialect),BOKK,NIGER-CONGO (Mande),Democratic Republic of Congo,0,42,12,a ã e i ĩ o u ũ ɔ ɔ̃ ɛ ɛ̃,0.2583,0.25,4,a e i u,0.2667,4,a e i u,0,"Jones, Ross McCallum (1998) The Boko/Busa Language Cluster. München: Lincom Europa.",491,494
Chakosi,CHAK,NIGER-CONGO (Kwa),Ghana,0,53,12,a ã e i ĩ o u ũ ɔ ɔ̃ ɛ ɛ̃,0.2583,0.25,4,a e i u,0.2667,4,a e i u,0,"Stanford, Ronald and Lyn (1970) Collected Field Reports on the Phonology and Grammar of Chakosi. Collected Language Notes No. 11. University of Ghana: Institute of African Studies.",491,494
Creole of São Tomé (Sãotomense),SAOT,CREOLE,São Tomé e Principe,0,33,12,a ã e ẽ i ĩ o õ u ũ ɔ ɛ,0.2583,0.25,4,a e i u,0.2667,4,a e i u,0,"Ferraz, Luiz Evans (1979) The Creole of São Tomé. Johannesburg: Witwatersrand University Press.",491,494
Edo,EDOX,NIGER-CONGO (Edoid),Nigeria,0,35,12,a ã e i ĩ o u ũ ɔ ɔ̃ ɛ ɛ̃,0.2583,0.25,4,a e i u,0.2667,4,a e i u,0,"Elugbe, Ben Ohiomamhe (1989) Comparative Edoid: Phonology and Lexicon. Port: University of Port Harcourt Press.",491,494
Ehueun,EHUE,NIGER-CONGO (Edoid),Nigeria,0,31,12,a ã e i ĩ o u ũ ɔ ɔ̃ ɛ ɛ̃,0.2583,0.25,4,a e i u,0.2667,4,a e i u,0,"Elugbe, Ben Ohiomamhe (1989) Comparative Edoid: Phonology and Lexicon. Port: University of Port Harcourt Press.",491,494
Hausa,HAUS,AFRO-ASIATIC (Chadic),"Nigeria, Niger, Sudan",0,44,12,a ai au aː e eː i iː o oː u uː,0.2583,0.25,4,a e i u,0.2667,4,a e i u,0,"Jaggar, Philip J. (2001) Philadelphia: John Benjamins Publishing Company.",491,494
Kana (Khana),KANA,NIGER-CONGO,Nigeria,0,35,12,a ã e i ĩ o u ũ ɔ ɔ̃ ɛ ɛ̃,0.2583,0.25,4,a e i u,0.2667,4,a e i u,0,"Ikoro, Suano M. (1996) The Kana Language. Leiden: Research School CNWS.",491,494
Kiowa,KIOW,KIOWA TANOAN,USA,0,34,12,a ã e ẽ i ĩ o õ u ũ ɔ ɔ̃,0.2583,0.25,4,a e i u,0.2667,4,a e i u,0,"Watkins, Laurel J. (1984) A Grammar of Kiowa. Lincoln: University of Nebraska Press.",491,494
Limbu,LIMB,SINO-TIBETAN,Nepal and India,0,31,12,a aː e i iː o u uː ɔ ɔː ɛ ɛː,0.2583,0.25,4,a e i u,0.2667,4,a e i u,0,"Weidert, A., and B. Subba (1985) Concise Limbu Grammar and Dictionary. Amsterdam: Lobster Publications.",491,494
Macuxi (Macushi),MACU,CARIB,Guyana and Brazil,0,23,12,a aː e eː i iː o oː u uː ɨ ɨː,0.2583,0.25,4,a e i u,0.2667,4,a e i u,0,"Carson, Neusa Martins (1982) Phonology and Morphosyntax of Macuxi (Carib). Ann Arbor: UMI.",491,494
Menomini,MENO,ALGIC,USA,0,23,12,a aː e eː i iː o oː u uː æ æː,0.2583,0.25,4,a e i u,0.2667,4,a e i u,0,"Miner, Kenneth Lee (1975) Interference Relations in Menomini Phenology. Ann Arbor: UMI.",491,494
"Popoluca, Oluta",OLUT,MIXE-ZOQUE,Mexico,0,25,12,a aː e eː i iː o oː u uː ɨ ɨː,0.2583,0.25,4,a e i u,0.2667,4,a e i u,0,"Wichmann, Søren (1995) The Relationship Among the Mixe-Zoquean Languages of Mexico. Salt Lake City: University of Utah Press.",491,494
"Popoluca, Sayula",SAYU,MIXE-ZOQUE,Mexico,0,29,12,a aː e eː i iː o oː u uː ɨ ɨː,0.2583,0.25,4,a e i u,0.2667,4,a e i u,0,"Wichmann, Søren (1995) The Relationship Among the Mixe-Zoquean Languages of Mexico. Salt Lake City: University of Utah Press.",491,494
"Shoshoni, Western",SHOS,UTO-AZTECAN,,0,24,12,a aː e eː i iː o oː u uː ɨ ɨː,0.2583,0.25,4,a e i u,0.2667,4,a e i u,0,"Crum, Beverly, and John P. Dayley (1993) Western Shoshoni Grammar. Boise: Dept. of Anthropology, Boise State University.",491,494
"Tepehuan, Southeastern",STEP,UTO-AZTECAN,Mexico,0,26,12,a aː i iː o oː u uː ɯ ɯː ʌ ʌː,0.2583,0.25,4,a i u ɯ,0.2667,4,a i u ɯ,0,"Willett, Thomas Leslie (1988) A reference grammar of Southeastern Tepehuan. Ann Arbor: UMI.",491,494
Teribe,TERI,CHIBCHAN,Panama and Costa Rica,0,36,12,a ã e ẽ i ĩ o õ u ũ ɑ ɪ,0.2583,0.25,4,a e i u,0.2667,4,a e i u,0,"Quesada, J. Diego (2000) A Grammar of Teribe. Muenchen: Lincom Europa.",491,494
Ukue,UKUE,NIGER-CONGO (Edoid),Nigeria,0,31,12,a ã e i ĩ o u ũ ɔ ɔ̃ ɛ ɛ̃,0.2583,0.25,4,a e i u,0.2667,4,a e i u,0,"Elugbe, Ben Ohiomamhe (1989) Comparative Edoid: Phonology and Lexicon. Port: University of Port Harcourt Press.",491,494
Yoruba,YORU,NIGER-CONGO,Nigeria and Benin,0,29,12,a ã e i ĩ o u ũ ɔ ɔ̃ ɛ ɛ̃,0.2583,0.25,4,a e i u,0.2667,4,a e i u,0,"Awobuluyi, Oladele (1978) Essentials of Yoruba. Ibadan: Oxford University Press Nigeria. ",491,494
Acehnese,ACEH,AUSTRONESIAN,Indonesia,0,37,17,a ã e i ĩ o u ũ ɔ ɔ̃ ɛ ɛ̃ ɤ ɯ ɯ̃ ʌ ʌ̃,0.2566,0.25,5,a e i u ɯ,0.2632,5,a e i u ɯ,0,"Durie, Mark (1985) A Grammar of Acehnese on the Basis of a Dialect of North Aceh. Cinnaminson, N.J.: Foris.",491,517
"Urdu, Dakkhini",URDU,INDO-EUROPEAN (Indo-Aryan),India,0,62,17,a ã e ẽ i ĩ o u ũ ə əe əi əo əu ə̃ ɪ ɪ̃,0.2566,0.25,5,a e i u ə,0.2632,5,a e i u ə,1,"Mustafa, Khateeb S. (2000) A Descriptive Grammar of Dakkhini. New Delhi: Munshiram Manoharlal Publishers Pvt. Ltd.",491,517
Buriat,BURI,ALTAIC,Russia,0,40,18,a ai aː e ei eː i iː o oi oː u ui uː y yi yː øː,0.244,0.2381,5,a e i u y,0.25,5,a e i u y,0,"Poppe, Nikolai Nikolaevich (1960) Buriat grammar. Bloomington: Indiana University.",523,521
Noon,NOON,NIGER-CONGO,Senegal,0,47,18,a aː e eː i iː o oː u uː ɔ ɔː ə əː ɛ ɛː ɪ ɪː,0.244,0.2381,5,a e i u ə,0.25,5,a e i u ə,1,"Soukka, Maria (2000) A Descriptive Grammar of Noon. Muenchen: Lincom Europa.",523,521
Thai (Central),THAC,TAI-KADAI,Thailand,0,39,18,a aː e eː i iː o oː u uː ɔ ɔː ɛ ɛː ɤ ɤː ɯ ɯː,0.244,0.2381,5,a e i u ɯ,0.25,5,a e i u ɯ,0,"Palikupt, Deeyoo (1983) Central Thai and Northeastern Thai: A Linguistic and Attitudinal Study. UMI.",523,521
Thai (Northeastern),THAN,TAI-KADAI,Thailand,0,39,18,a aː e eː i iː o oː u uː ɔ ɔː ɛ ɛː ɤ ɤː ɯ ɯː,0.244,0.2381,5,a e i u ɯ,0.25,5,a e i u ɯ,0,"Palikupt, Deeyoo (1983) Central Thai and Northeastern Thai: A Linguistic and Attitudinal Study. UMI.",523,521
Akan (Akuapem),AKAK,NIGER-CONGO (Kwa),Ghana,0,46,13,a ã a̝ e e̝ i ĩ o o̝ u ũ ɔ ɛ,0.2426,0.2353,4,a e i u,0.25,4,a e i u,0,"Dolphyne, Florence Abena (1988) The Akan (Twi-Fante) Language: Its Sound Systems and Tonal Structure. Accra: Ghana Universities Press.",527,521
"Akan (Akuapem, Asante)",AKAA,NIGER-CONGO (Kwa),Ghana,0,46,13,a ã a̝ e e̝ i ĩ o o̝ u ũ ɔ ɛ,0.2426,0.2353,4,a e i u,0.25,4,a e i u,0,"Dolphyne, Florence Abena (1988) The Akan (Twi-Fante) Language: Its Sound Systems and Tonal Structure. Accra: Ghana Universities Press.",527,521
Akan (Asante),AKAS,NIGER-CONGO (Kwa),Ghana,0,47,13,a ã a̝ e e̝ i ĩ o o̝ u ũ ɔ ɛ,0.2426,0.2353,4,a e i u,0.25,4,a e i u,0,"Dolphyne, Florence Abena (1988) The Akan (Twi-Fante) Language: Its Sound Systems and Tonal Structure. Accra: Ghana Universities Press.",527,521
Godoberi,GODO,NORTH CAUCASIAN,Russia,0,67,13,a aː ã e eː i iː ĩ o oː u uː ũ,0.2426,0.2353,4,a e i u,0.25,4,a e i u,0,"Kibrik, Alexander E. (1996) Godoberi. Muenchen: Lincom Europa.",527,521
"Arabic, Abha",ABHA,AFRO-ASIATIC (Semitic),Saudi Arabia,0,37,8,a aː eː i iː oː u uː,0.2404,0.2308,3,a i u,0.25,3,a i u,0,"Nakshabandi, Anwar Mohammed H. (1988) A descriptive study of the phonology and morphology of the Abha dialect. Ann Arbor: UMI.",531,521
"Arabic, Egyptian",EGYP,AFRO-ASIATIC (Semitic),Egypt,0,35,8,a aː eː i iː oː u uː,0.2404,0.2308,3,a i u,0.25,3,a i u,0,"Broselow, Ellen I. (1976) Phonology of Egyptian Arabic. UMass PhD dissertation.",531,521
"Arabic, Muscat",MUSC,AFRO-ASIATIC (Semitic),Oman,0,35,8,a aː eː i iː oː u uː,0.2404,0.2308,3,a i u,0.25,3,a i u,0,"Glover, Bonnie Carol (1989) The Morphophonology of Muscat Arabic. Ann Arbor: UMI.",531,521
Klamath,KLAM,PENUTIAN,USA,0,44,8,a aː e eː i iː o oː,0.2404,0.2308,3,a e i,0.25,3,a e i,0,"White, Robin Barbara Davis (1973) Klamath Phonology. University of Washington Studies in Linguistics and Language Learning volume XII.",531,521
Madurese,MADU,AUSTRONESIAN,Indonesia,0,33,8,i u ɑ ɔ ə ɛ ɤ ɨ,0.2404,0.2308,3,i u ə,0.25,3,i u ə,1,"Davies, William (1999) Madurese. Newcastle: Lincom Europa.",531,521
"Nahuatl, Huasteca",HUAS,UTO-AZTECAN,Mexico,0,26,8,a aː e eː i iː o oː,0.2404,0.2308,3,a e i,0.25,3,a e i,0,"Beller, Richard, and Patricia Beller (1979) Huastaca Nahauatl. In Langacker, Ronald W. (ed.) (1979) Studies in Uto-Aztecan Grammar. Arlington: The Summer Institute of Linguistics and The University of Texas at Arlington.",531,521
"Ndebele, Northern Transvaal",NTND,NIGER-CONGO (Bantu),South Africa,0,72,8,e i o u ɑ ɔ ɛ ɪ,0.2404,0.2308,3,e i u,0.25,3,e i u,0,"Ziervogel, D. (1959) A Grammar of Northern Transvaal Ndebele. Pretoria: J. L. van Schaik, Ltd.",531,521
Sotho (Southern dialect),SOTH,NIGER-CONGO (Bantu),Lesotho and South Africa,0,42,8,e i o u ɑ ɔ ɛ ɪ,0.2404,0.2308,3,e i u,0.25,3,e i u,0,"Doke, C. M., and S. M. Mofokeng (1957) Textbook of Southern Sotho Grammar. New York: Longmans, Green and Co.",531,521
Toba,TOBA,MATACO-GUAICURU,"Argentina, Paraguay, and Bolivia",0,28,8,a aː e eː i iː o oː,0.2404,0.2308,3,a e i,0.25,3,a e i,0,"Klein, Harriet E. Manelis (2001) Toba. Muenchen: Lincom Europa.",531,521
Yiddish,YIDD,INDO-EUROPEAN (Germanic),"Germany, Israel, etc.",0,27,8,a aj ej i u ɔ ɔj ɛ,0.2404,0.2308,3,a i u,0.25,3,a i u,0,"Katz, Dovid (1987) Grammar of the Yiddish Language. London: Duckworth.",531,521
Yapese,YAPE,AUSTRONESIAN,Micronesia,0,47,16,a aː e eː i iː u uː ø øː ɑ ɑː ɔ ɔː ɛ ɛː,0.2368,0.2632,5,a e i u ø,0.2105,4,a e i u,0,"Jensen, John Thayer (1977). Yapese Reference Grammar. Honolulu: The University Press of Hawaii.",485,565
Axininca Campa (Asháninca),AXIN,ARAWAKAN,Peru,0,23,3,a i o,0.2361,0.2222,2,a i,0.25,2,a i,0,"Payne, David L. (1981) The Phonology and Morphology of Axininca Campa. Arlington: The Summer Institute of Linguistics and The University of Texas at Arlington.",541,521
Blackfoot,BLAC,ALGIC,Canada and USA,0,13,3,a i o,0.2361,0.2222,2,a i,0.25,2,a i,0,"Frantz, Donald G. (1991) Blackfoot Grammar. Toronto: University of Toronto Press.",541,521
Kabardian,KABA,NORTH CAUCASIAN,Russia and Turkey,0,50,3,a ə ɨ,0.2361,0.2222,2,a ə,0.25,2,a ə,1,"Colarusso, John (1988) The Northwest Caucasian Languages: A Phonological Survey. New York: Garland Publishing.",541,521
Grebo,GREB,NIGER-CONGO,Liberia,0,42,14,a ã e ẽ i ĩ o õ u ũ ɔ ɔ̃ ɛ ɛ̃,0.2288,0.2222,4,a e i u,0.2353,4,a e i u,0,"Innes, Gordon (1966) An Introduction to Grebo. London: Luzac & Company, Ltd.",541,542
Kporo,KPOR,NIGER-CONGO,"Cameroon, Nigeria",0,39,14,a ã e ẽ i ĩ o õ u ũ ɛ ɛ̃ ɨ ɨ̃,0.2288,0.2222,4,a e i u,0.2353,4,a e i u,0,"Shimizu, Kiyoshi (1980a) Comparative Jukunoid. Vol 1. Wien: Beiträge zur Afrikanistik.",541,542
Noni (Noone),NONI,NIGER-CONGO (Bantu),Cameroon,0,33,14,a aː e eː i iː o oː u uː ɔ ɔː ɛ ɛː,0.2288,0.2222,4,a e i u,0.2353,4,a e i u,0,"Hyman, Larry M. (1981) Noni Grammatical Structure. Southern California Occasional Papers in Linguistics 9.",541,542
Sri Lanka Creole Portuguese (Indo-Portuguese),SRIL,CREOLE,Sri Lanka,0,32,14,aː e eː i iː o oː u uː æ æː ɔ ɔː ə,0.2288,0.2222,4,e i u ə,0.2353,4,e i u ə,1,"Smith, Ian Russell (1981) Sri Lanka Portuguese Creole Phonology. Ann Arbor: UMI.",541,542
Swedish,SWED,INDO-EUROPEAN (Germanic),Sweden and Finland,0,34,14,a eː i iː oː y yː øː œ ɑː ɔ ə ɛ ɵ,0.2288,0.2222,4,a i y ə,0.2353,4,a i y ə,1,"McClean, R. J. (1987) Swedish. Kent: Hodder and Stoughton.",541,542
Urhobo,URHO,NIGER-CONGO (Edoid),Nigeria,0,42,14,a ã e ẽ i ĩ o õ u ũ ɔ ɔ̃ ɛ ɛ̃,0.2288,0.2222,4,a e i u,0.2353,4,a e i u,0,"Elugbe, Ben Ohiomamhe (1989) Comparative Edoid: Phonology and Lexicon. Port: University of Port Harcourt Press.",541,542
Uvbie,UVBI,NIGER-CONGO (Edoid),Nigeria,0,39,14,a ã e ẽ i ĩ o õ u ũ ɔ ɔ̃ ɛ ɛ̃,0.2288,0.2222,4,a e i u,0.2353,4,a e i u,0,"Elugbe, Ben Ohiomamhe (1989) Comparative Edoid: Phonology and Lexicon. Port: University of Port Harcourt Press.",541,542
Miogliola Ligurian,MIOG,INDO-EUROPEAN (Italic),"Italy, Monaco",0,40,17,e eː i iː o oː u uː y yː æ æː ø øː ɑ ɑː ɔː,0.225,0.25,5,e i u y ø,0.2,4,e i u y,0,"Ghini, Mirco (2001) Asymmetries in the Phonology of Miogliola. New York: Mouton de Gruyter.",491,573
"Totonac, Misantla",MISA,TOTONACAN,Mexico,0,28,9,a aː a̰ i iː ḭ u uː ṵ,0.2226,0.2143,3,a i u,0.2308,3,a i u,0,"MacKay, Carolyn J. (1999) A Grammar of Misantla Totonac. Salt Lake City: The University of Utah Press.",551,549
"Totonac, Misantla (San Marcos variety)",MISS,TOTONACAN,Mexico,0,28,9,a aː a̰ i iː ḭ u uː ṵ,0.2226,0.2143,3,a i u,0.2308,3,a i u,0,"MacKay, Carolyn J. (1999) A Grammar of Misantla Totonac. Salt Lake City: The University of Utah Press.",551,549
"Totonac, Misantla (Yecuatla variety)",MISY,TOTONACAN,Mexico,0,28,9,a aː a̰ i iː ḭ u uː ṵ,0.2226,0.2143,3,a i u,0.2308,3,a i u,0,"MacKay, Carolyn J. (1999) A Grammar of Misantla Totonac. Salt Lake City: The University of Utah Press.",551,549
Kurux,KURU,DRAVIDIAN,India,0,54,15,a aː ã e eː ẽ i iː ĩ o oː õ u uː ũ,0.2164,0.2105,4,a e i u,0.2222,4,a e i u,0,"Gordon, Kent H. (1976) A Phonology of Dhangar-Kurux. Kathmandu: Tribhuvan University Press.",554,552
Mandan,MNDA,SIOUAN,USA,0,25,15,a aː ã e eː i iː ĩ o oː u uː ũ æ æː,0.2164,0.2105,4,a e i u,0.2222,4,a e i u,0,"Mixco, Maurice (1997) Mandan. Muenchen: Lincom Europa.",554,552
Mandinkakan (Mandinka) (Guinea Bissau dialect),GUIN,NIGER-CONGO,Guinea Bissau,0,32,15,a aː ã e eː ẽ i iː ĩ u uː ũ ɔ ɔː ɔ̃,0.2164,0.2105,4,a e i u,0.2222,4,a e i u,0,"Ngom, Fallou (2000) Phonetic and Phonological Description of Mandinkakan Phonemes as spoken in Kajor (Ziguinchor). Muenchen: Lincom Europa.",554,552
"Oriya, Kotia (Adivasi Oriya)",KOTI,INDO-EUROPEAN (Indo-Aryan),India,0,39,15,a aː ã e eː ẽ i iː ĩ o oː õ u uː ũ,0.2164,0.2105,4,a e i u,0.2222,4,a e i u,0,"Gustafsson, Uwe (1974) Kotia Oriya Phonemic Summary. Nagpur, India: Summer Institute of Linguistics.",554,552
Shilluk,SHIL,NILO-SAHARAN,Sudan,0,53,15,a aː a̝ e eː e̝ i iː i̝ u uː u̝ ɔ ɔː ɔ̝,0.2164,0.2105,4,a e i u,0.2222,4,a e i u,0,"Gilley, Leoma G. (1992) An Autosegmental Approach to Shilluk Phonology. Arlington: Summer Institute of Linguistics.",554,552
Karao,KARA,AUSTRONESIAN,Philippines,0,17,4,a i o ɨ,0.2111,0.2,2,a i,0.2222,2,a i,0,"Brainard, Sherri (1994) The Phonology of Karao, The Philippines. Canberra: Pacific Linguistics.",559,552
Kickapoo,KICK,ALGIC,"USA, Mexico",0,15,4,a i o ɛ,0.2111,0.2,2,a i,0.2222,2,a i,0,"Voorhis, Paul H. (1974) Introduction to the Kickapoo Language. Bloomington: Indiana University.",559,552
"Arabic, Libyan",LIBY,AFRO-ASIATIC (Semitic),Libya,0,34,10,a aː eː i iː oː u uː æ æː,0.2072,0.2,3,a i u,0.2143,3,a i u,0,"Abumdas, Abdul Hamid Ali (1985) Libyan Arabic Phonology. Ann Arbor: UMI.",559,559
Belizian Creole (Northern Central America Creole English),BELI,CREOLE,Belize,0,35,10,e eː i iː o oː u uː ɑ ɑː,0.2072,0.2,3,e i u,0.2143,3,e i u,0,"Greene, Laurie A. (1999) A Grammar of Belizean Creole: Compilations from Two Existing United States Dialects. New York: Peter Lang.",559,559
Kpan (Kente dialect),KPAN,NIGER-CONGO,Nigeria,0,30,10,a ã i ĩ u ũ ɔ ɔ̃ ɛ ɛ̃,0.2072,0.2,3,a i u,0.2143,3,a i u,0,"Shimizu, Kiyoshi (1980a) Comparative Jukunoid. Vol 1. Wien: Beiträge zur Afrikanistik.",559,559
Kui,KUIX,DRAVIDIAN,India,0,29,10,a aː i iː u uː ɔ ɔː ɛ ɛː,0.2072,0.2,3,a i u,0.2143,3,a i u,0,"Winfield, Rev. W. W. (1928) A Grammar of the Kui Language. Calcutta: Baptist Mission Press.",559,559
Pima Bajo,PIMA,UTO-AZTECAN,Mexico,0,25,10,a aː i iː o oː u uː ɨ ɨː,0.2072,0.2,3,a i u,0.2143,3,a i u,0,"Fernández, Zarina Estrada (1996) Pima Bajo. Muenchen: Lincom Europa.",559,559
Waorani,WAOR,UNCLASSIFIED,Ecuador,0,23,10,a ã e ẽ i ĩ o õ æ æ̃,0.2072,0.2,3,a e i,0.2143,3,a e i,0,"Saint, Rachel, and Kenneth L. Pike (1962) Auca Phonemics. In Elson, Benjamin (ed.) (1962) Studies in Ecuadorian Indian Languages: I. Norman: Summer Institute of Linguistics of the University of Oklahoma.",559,559
Ashuku,ASHU,NIGER-CONGO,Cameroon and Nigeria,0,37,16,a ã i ĩ u ũ ɔ ɔ̃ ɛ ɛ̃ ɨ ɨ̃ ɯ ɯ̃ ʌ ʌ̃,0.2052,0.2,4,a i u ɯ,0.2105,4,a i u ɯ,0,"Shimizu, Kiyoshi (1980a) Comparative Jukunoid. Vol 1. Wien: Beiträge zur Afrikanistik.",559,565
Bengali,BENG,INDO-EUROPEAN (Indo-Aryan),Bangladesh and India,0,48,16,a ã e ẽ e̯ i ĩ o õ o̯ u ũ æ æ̃ ɑ ɑ̃,0.2052,0.2,4,a e i u,0.2105,4,a e i u,0,"Ray, Punya Sloka (1966) Bengali Language Handbook. Washington, D.C.: Center for Applied Linguistics.",559,565
Epie,EPIE,NIGER-CONGO (Edoid),Nigeria,0,38,16,a ã e ẽ i ĩ o õ u ũ ɔ ɔ̃ ɛ ɛ̃ ɪ ɪ̃,0.2052,0.2,4,a e i u,0.2105,4,a e i u,0,"Elugbe, Ben Ohiomamhe (1989) Comparative Edoid: Phonology and Lexicon. Port: University of Port Harcourt Press.",559,565
Eruwa,ERUW,NIGER-CONGO (Edoid),Nigeria,0,38,16,a ã e ẽ i ĩ o õ u ũ ɔ ɔ̃ ɛ ɛ̃ ɪ ɪ̃,0.2052,0.2,4,a e i u,0.2105,4,a e i u,0,"Elugbe, Ben Ohiomamhe (1989) Comparative Edoid: Phonology and Lexicon. Port: University of Port Harcourt Press.",559,565
Okpe,OKPE,NIGER-CONGO (Edoid),Nigeria,0,45,16,a ã e ẽ i ĩ o õ u ũ ɔ ɔ̃ ɛ ɛ̃ ɪ ɪ̃,0.2052,0.2,4,a e i u,0.2105,4,a e i u,0,"also Hoffmann, C. (1973) Okpe – A nine-vowel language with only seven vowels. Research notes (Idadan) 6(1-3). 97-111.\nElugbe, Ben Ohiomamhe (1989) Comparative Edoid: Phonology and Lexicon. Port: University of Port Harcourt Press.",559,565
Turkana,TRKA,NILO-SAHARAN,Kenya,0,35,16,a ḁ e e̥ i i̥ o o̥ u u̥ ɔ ɔ̥ ɛ ɛ̥ ɪ ɪ̥,0.2052,0.2,4,a e i u,0.2105,4,a e i u,0,"Dimmendaal, Gerritt Jan (1983) The Turkana Language. Cinnaminson: Foris Publications.",559,565
Kashmiri,KASM,Indo-Aryan,India and Pakistan,0,78,22,a aː ã e eː ẽ i iː o oː õ u uː ũ ɔ ɔː ɔ̃ ə əː ə̃ ɨ ɨː,0.2042,0.2,5,a e i u ə,0.2083,5,a e i u ə,1,"Wali, Kashi, and Omkar N. Koul (1997) Kashmiri. New York: Routledge.",559,572
Latvian,LATV,INDO-EUROPEAN (Baltic),Latvia,0,37,11,a aː i iː oː u uː æ æː ɛ ɛː,0.1938,0.1875,3,a i u,0.2,3,a i u,0,"Mathiassen, Terje (1974) A Short Grammar of Latvian. Columbus, OH: Slavica Publishers, Inc.",574,573
Mumuye (Zing dialect),MUMU,NIGER-CONGO,Nigeria,0,34,11,a ã i ĩ o õ u ũ ɔ ɛ ɛ̃,0.1938,0.1875,3,a i u,0.2,3,a i u,0,"Shimizu, Kiyoshi (1983) Zing Dialect of Mumuye: A Descriptive Grammar. Hamburg: Helmut Buske Verlag. ",574,573
"Arabic, Moroccan",MORO,AFRO-ASIATIC (Semitic),Morocco,0,31,5,e iː u uː æː,0.1909,0.1818,2,e u,0.2,2,e u,0,"Keegan, John M. (1986) The Phonology and Morphology of Moroccan Arabic. Ann Arbor: UMI.",576,573
"Arabic, Moroccan (Northern)",MORN,AFRO-ASIATIC (Semitic),Morocco,0,31,5,e iː u uː æː,0.1909,0.1818,2,e u,0.2,2,e u,0,"Keegan, John M. (1986) The Phonology and Morphology of Moroccan Arabic. Ann Arbor: UMI.",576,573
Casiguran Dumagat (Agta),AGTC,AUSTRONESIAN,Philippines,0,21,5,a ɔ ə ɛ ɪ,0.1909,0.1818,2,a ə,0.2,2,a ə,1,"Vanoverbergh, Morice (1937) Some undescribed Languages of Luzon. Nijmegen: Dekker & van de Vegt N.V.",576,573
Resígaro,RESI,ARAWAKAN,Peru,0,35,5,a ɔ ɛ ɪ ɯ,0.1909,0.1818,2,a ɯ,0.2,2,a ɯ,0,"Allin, Trevor R. (1976) A Grammar of Resígaro. Summer Institute of Linguistics. High Wycombe, England: Summer Institute of Linguistics.",576,573
Kalenjin,KALE,NILO-SAHARAN,Kenya,0,33,18,a aː e eː i iː o oː u uː ɑ ɑː ɔ ɔː ɛ ɛː ɪ ɪː,0.1861,0.1818,4,a e i u,0.1905,4,a e i u,0,"Toweett, Taaitta (1979) A Study of Kalenjin Linguistics. Nairobi: Kenya Literature Bureau.",576,580
Icen,ICEN,NIGER-CONGO,Nigeria,0,30,12,a ã i ĩ u ũ ɔ ɔ̃ ɛ ɛ̃ ɨ ɨ̃,0.182,0.1765,3,a i u,0.1875,3,a i u,0,"Shimizu, Kiyoshi (1980a) Comparative Jukunoid. Vol 1. Wien: Beiträge zur Afrikanistik.",581,581
Kedang,KEDA,AUSTRONESIAN,Indonesia,0,28,12,a a̞ i i̞ o o̞ u u̞ æ æ̞ ɛ ɛ̞,0.182,0.1765,3,a i u,0.1875,3,a i u,0,"Samely, Ursula (1991) Kedang (Eastern Indonesia) Some Aspects of its Grammar. Forum Phoneticum 46. Hamburg: Helmut Buske Verlag.",581,581
Navajo (Navaho),NAVA,NA-DENE,USA,0,50,12,a aː ã e eː ẽ i iː ĩ o oː õ,0.182,0.1765,3,a e i,0.1875,3,a e i,0,"Reichard, Gladys A. (1974) Navaho Grammar. New York: J.J. Augustin Publisher.",581,581
Siona,SION,TUCANOAN,Colombia and Ecuador,0,31,12,a ã i ĩ o õ u ũ æ̃ ɛ ɨ ɨ̃,0.182,0.1765,3,a i u,0.1875,3,a i u,0,"Wheeler, Alva, and Margaret Wheeler (1962) Siona Phonemics (Western Tucanoan). In Elson, Benjamin (ed.) (1962) Studies in Ecuadorian Indian Languages: I. Norman: Summer Institute of Linguistics of the University of Oklahoma.",581,581
Cubeo,CUBE,KHOISAN,Colombia,0,22,12,e ẽ i ĩ o õ u ũ ɑ ɑ̃ ɨ ɨ̃,0.182,0.1765,3,e i u,0.1875,3,e i u,0,"Maxwell, Michael B. and Nancy L. Morse (1999) Cubeo Grammar: Studies in the Languages of Colombia 5.  Dallas: Summer Institute of Linguistics and the University of Texas at Arlington.",581,581
Afrikaans,AFRI,INDO-EUROPEAN (Germanic),South Africa,0,35,19,a ai aː eə i oə u y øə œ œi œu œː ɔ ɔː əi ɛ ɛː ɪ,0.1778,0.1739,4,a i u y,0.1818,4,a i u y,0,"Donaldson, Bruce C. (1993) A Grammar of Afrikaans. New York: Mouton de Gruyter.",586,586
Afrikaans (in the Transvaal and the Free State),AFRT,INDO-EUROPEAN (Germanic),South Africa,0,35,19,a ai aː eə i oə u y øə œ œi œu œː ɔ ɔː əi ɛ ɛː ɪ,0.1778,0.1739,4,a i u y,0.1818,4,a i u y,0,"Donaldson, Bruce C. (1993) A Grammar of Afrikaans. New York: Mouton de Gruyter.",586,586
Doyayo,DOYA,NIGER-CONGO,Cameroon,0,46,19,a aː ã e eː i iː ĩ o oː u uː ũ ɔ ɔː ɔ̃ ɛ ɛː ɛ̃,0.1778,0.1739,4,a e i u,0.1818,4,a e i u,0,"Wiering, Elisabeth, and Marinus Wiering (1994) Phonological Description of Doyayo (Poli dialect). In Wiering, E. and M. Wiering (eds.) The Doyayo Language: Selected Studies. Arlington: The Summer Institute of Linguistics.\nWiering, Elisabeth (1994) Tone Patterns of Nominals in Doyayo. In Wiering, E. and M. Wiering (eds.) The Doyayo Language: Selected Studies. Arlington: The Summer Institute of Linguistics.",586,586
Hindi,HIND,INDO-EUROPEAN (Indo-Aryan),"India, South Africa, Nepal, and Uganda",0,63,19,a aː ã e eː ẽ i iː ĩ o oː õ u uː ũ ɔ ɔ̃ ɛ ɛ̃,0.1778,0.1739,4,a e i u,0.1818,4,a e i u,0,"Shukla, Shaligram (2000) Hindi Phonology. Muenchen: Lincom Europa.",586,586
Alabama,ALAB,MUSKOGEAN,USA,0,20,6,a aː i iː o oː,0.1742,0.1667,2,a i,0.1818,2,a i,0,"Lupardus, Karen Jacque (1982) The Language of the Alabama Indians. Ann Arbor: UMI.",590,586
"Arabic, Jordanian",JORD,AFRO-ASIATIC (Semitic),Jordan,0,34,6,i iː u uː æ æː,0.1742,0.1667,2,i u,0.1818,2,i u,0,"Al-Sughayer, Khalil Ibrahim (1990) Aspects of Comparative Jordanian and Modern Standard Arabic Phonology. Ann Arbor: UMI.",590,586
Cherokee (Oklahoma dialect),CHEO,IROQUOIAN,USA,0,18,6,a aː i iː o oː,0.1742,0.1667,2,a i,0.1818,2,a i,0,"Walker (1975) Cherokee. In Crawford, James M. (1975) (ed.), Studies in Southeastern Indian Languages. Athens: The University of Georgia Press.",590,586
Delaware (Unami),DELA,ALGIC,USA,0,19,6,a aː eː iː oː ə,0.1742,0.1667,2,a ə,0.1818,2,a ə,1,"Goddard, Ives (1979) Delaware Verbal Morphology: A Descriptive and Comparative Study. New York: Garland Publishing, Inc.",590,586
"Tsimshian, Coast",TSIM,PENUTIAN,Canada and USA,0,36,6,u æ ɔ ɛ ɪ ɯ,0.1742,0.1667,2,u ɯ,0.1818,2,u ɯ,0,"Dunn, John Asher (1979[1995]) Sm’algyax: A Reference Dictionary and Grammar for the Coast Tsimshian Language. Seattle: University of Washington Press.",590,586
Slovak,SLVK,INDO-EUROPEAN (Slavic),Slovakia,0,43,14,a aː i ia ie iː u uo uː æ ɔ ɔː ɛ ɛː,0.1623,0.1579,3,a i u,0.1667,3,a i u,0,"Rubach, Jerzy (1993) The Lexical Phonology of Slovak. Oxford: Clarendon Press.",596,595
Tigrinya,TGRI,AFRO-ASIATIC (Semitic),"Ethiopia, Eritrea, and Israel",0,39,14,a aː eː i iː o oː u uː ɔ ɔː ɛ ɨ ʌ,0.1623,0.1579,3,a i u,0.1667,3,a i u,0,"Pam, Martin David (1973) Tigrinya Phonology. Ann Arbor: UMI.",596,595
"Ojibwa, Central",COJI,ALGIC,Canada,0,28,7,a aː eː i iː o oː,0.1602,0.1538,2,a i,0.1667,2,a i,0,"Rhodes, Richard Alan (1976) Morphosyntax of the Central Ojibwa Verb. Ann Arbor: UMI.",598,595
"Ojibwa, Eastern",EOJI,ALGIC,Canada,0,22,7,a aː eː i iː o oː,0.1602,0.1538,2,a i,0.1667,2,a i,0,"Bloomfield, Leonard (1956) Eastern Ojibwa: Grammatical Sketch, Texts, and Word List. Ann Arbor: The University of Michigan Press",598,595
!Xóõ,!XOO,KHOISAN,Botswana,0,158,22,a aʔ aˤ ã a̤ e eʔ ẽ e̤ i iʔ i̤ o oʔ oˤ õ o̤ u uʔ uˤ ũ ṳ,0.1569,0.1538,4,a e i u,0.16,4,a e i u,0,"Traill, Anthony (1985) Phonetic and Phonological Studies of !XÓÕ Bushman. Hamburg: Helmut Buske Verlag.",598,599
"Senoufo, Cebaara Senoufo",CEBA,NIGER-CONGO,Côte d’Ivoire,0,46,22,a aʔ aː ã e eʔ eː i iː ĩ o oʔ oː u uː ũ ɔ ɔʔ ɔː ɔ̃ ɛʔ ɛː,0.1569,0.1538,4,a e i u,0.16,4,a e i u,0,"Mills, Elizabeth (1984) Senoufo Phonology, Discourse to Syllable (A Prosodic Approach). Arlington: Summer Institute of Linguistics.",598,599
Somali,SOMA,AFRO-ASIATIC (Cushitic),"Somalia, Ethiopia, Kenya, Djibouti",0,28,8,aː e iː o uː ɔː ə ɛː,0.1483,0.1429,2,e ə,0.1538,2,e ə,1,"Pia, J. Joseph (1963) An Outline of the Structure of Somali. Michigan State University ms.\nSaeed, John Ibrahim (1987) Somali Reference Grammar. Wheaton, MD: Dunwoody Press.",602,601
Burmese,BURM,SINO-TIBETAN,Burma,0,50,16,a ai au ã ei i ĩ ou u ũ ɔ ɔ̃ ɛ ɛ̃ ʌ ʌ̃,0.1464,0.1429,3,a i u,0.15,3,a i u,0,"Okell, John (1969) A reference grammar of colloquial Burmese. London: Oxford U.P.",602,602
Cantonese,CANT,SINO-TIBETAN,China,0,32,13,e iː o oː u uː yː ø œː ɐ ɑː ɛː ɪ,0.1389,0.1667,3,e u ø,0.1111,2,e u,0,"Hashimoto, Oi-kan Yue (1972) Phonology of Cantonese. Cambridge University Press.",590,609
Af Tunni Somali (Tunni),AFTU,AFRO-ASIATIC (Cushitic),Somalia,0,33,9,a a̠ ɔ ɔ̘ ə ɛ ɛ̘ ɪ ɪ̘,0.1381,0.1333,2,a ə,0.1429,2,a ə,1,"Tosco, Mauro (1997) Af Tunni: Grammar, Texts, And Glossary Of A Southern Somali Dialect. Köln: Rüdiger Köppe Verlag",604,603
Evenki,EVEN,ALTAIC,"China, Mongolia, and Russia",0,31,9,a aː o oː ɛ ɛː ɪ ɪː ɯ,0.1381,0.1333,2,a ɯ,0.1429,2,a ɯ,0,"Nedjalkov, Igor (1997) Evenki. New York: Routledge.",604,603
Mikasuki,MIKA,MUSKOGEAN,USA,0,26,9,a aː ã i iː ĩ o oː õ,0.1381,0.1333,2,a i,0.1429,2,a i,0,"Boynton, Sylvia S. (1982) Mikasuki Grammar in Outline. Ann Arbor: UMI.",604,603
Koromfé,KORM,NIGER-CONGO,Burkina Faso,0,56,27,a aː ã e eː ẽ i iː ĩ o oː õ u uː ũ ɔ ɔː ɔ̃ ɛ ɛː ɛ̃ ɪ ɪː ɪ̃ ʌ ʌː ʌ̃,0.1312,0.129,4,a e i u,0.1333,4,a e i u,0,"Rennison, John R. (1997) Koromfe. New York: Routledge.",607,606
Cofán (Cofan),COFA,CHIBCHAN,Ecuador,0,37,10,a ã i ĩ o õ ɛ ɛ̃ ɨ ɨ̃,0.1291,0.125,2,a i,0.1333,2,a i,0,"Lindskoog, John N., and Ruth M. Brend (1962) Cayapa Phonemics. In Elson, Benjamin (ed.) (1962) Studies in Ecuadorian Indian Languages: I. Norman: Summer Institute of Linguistics of the University of Oklahoma.",608,606
Haitian Creole,HAIT,CREOLE,Haiti and Dominican Republic,0,31,12,a e ẽ ĩ i̞ o õ ũ u̞ ɔ ə̃ ɛ,0.1144,0.1111,2,a e,0.1176,2,a e,0,"Hall, Robert A. Jr. (1953) Haitian Creole: Grammar – Texts – Vocabulary. Memoirs of the American Folklore Society, Vol. 43. Philadelphia: American Folklore Society.",609,608
"German, Michigan",MIGE,INDO-EUROPEAN (Germanic),USA,0,36,15,a ai au aː eː e̞ iː oː o̞ uː æː ɑ ɑː ə ɪ,0.0976,0.0952,2,a ə,0.1,2,a ə,1,"Born, Renate (1994) Michigan German In Frankenmuth: Variation And Change In An East Franconian Dialect. Columbia, SC: Camden House.",610,610
Dhaasanac (Daasanach),DHAA,AFRO-ASIATIC (Cushitic),Ethiopia,0,29,4,a ɔ ɛ ɪ,0.0955,0.0909,1,a,0.1,1,a,0,"Tosco, Mauro (2001) The Dhaasanac language: grammar, text, vocabulary of a Cushitic language of Ethiopia. Köln: Rüdiger Köppe Verlag.",611,610
"Koyukon, Central Outer",KOYU,NA-DENE,USA (Alaska),0,32,7,aː iː uː ɔ ɔː ə ʌ,0.0741,0.0714,1,ə,0.0769,1,ə,1,"Kroul, Mary Valentine (1980) The Phonology and Morphology of the Central Outer Koyukon Athapaskan Language. Ann Arbor: UMI.",612,612
Tamasheq,TAMS,AFRO-ASIATIC (Berber),Burkina-Faso,0,31,7,aː eː iː oː uː æ ə,0.0741,0.0714,1,ə,0.0769,1,ə,1,"Sudlow, David (2001) The Tamasheq of North-East Burkina Faso. Köln: Rüdiger Köppe Verlag.",612,612
Tamasheq (Tadraq variety),TAMT,AFRO-ASIATIC (Berber),Burkina-Faso,0,31,7,aː eː iː oː uː æ ə,0.0741,0.0714,1,ə,0.0769,1,ə,1,"Sudlow, David (2001) The Tamasheq of North-East Burkina Faso. Köln: Rüdiger Köppe Verlag.",612,612
Mam (Northern Mam),MAMN,MAYAN,Guatemala,0,37,8,a eː iː oː uː ɔ ɛ ɪ,0.069,0.0667,1,a,0.0714,1,a,0,"England, Nora C. (1983) A Grammar of Mam, a Mayan Language. Austin: University of Texas Press.",615,615
Chrau,CHRA,AUSTRO-ASIATIC,Vietnam,0,33,9,aː a̝ e iː o uː ɔː ɛː ɪ,0.0646,0.0625,1,e,0.0667,1,e,0,"Thomas, David D. (1971) Chrau Grammar. University of Hawaii Press.",616,616
Bagri,BAGR,INDO-EUROPEAN (Indo-Aryan),India and Pakistan,0,51,11,aː eː iː oː uː ɔː ə ə̃ ɛː ɪ ɪ̃,0.0572,0.0556,1,ə,0.0588,1,ə,1,"Gusain, Lakhan (2000) Bagri. Muenchen: Lincom Europa.",617,617
Lithuanian,LITH,INDO-EUROPEAN (Baltic),Lithuania,0,51,11,a eː iɛ iː oː uɔ uː æː ɑː ɛ ɪ,0.0572,0.0556,1,a,0.0588,1,a,0,"Ambrazas, Vytautas, Emma Geniušienė, Aleksas Girdenis, Nijolė Sližienė, Dalija Tekorienė, Adelė Valeckienė, and Elena Valiulytė (1997) Lithuanian Grammar. Lithuania: Baltos Lankos. ",617,617
Marwari (Shekhawati dialect),SHEK,INDO-EUROPEAN (Indo-Aryan),India,0,51,11,aː eː iː oː uː ɔː ə ə̃ ɛː ɪ ɪ̃,0.0572,0.0556,1,ə,0.0588,1,ə,1,"Gusain, Lakhan (2001) Shekhawati. Muenchen: Lincom Europa.",617,617
Anywa (aka Anuak),ANYW,NILO-SAHARAN (Nilotic)  ,Sudan and Ethiopia,0,42,14,a aː e̤ i̤ o̤ ṳ ɔ ɔː ɛ ɛː ɪ ɪɛ ɪː ʌ̤,0.0488,0.0476,1,a,0.05,1,a,0,"Reh, Mchthild (1996) Anywa Language. Köln: Rüdiger Köppe Verlag.",620,620
English,ENGL,INDO-EUROPEAN (Germanic),"India, USA, UK, Canada, Australia, South Africa, New Zealand, Ireland, Tanzania, Ghana, Nigeria, Uganda, Zimbabwe, Singapore, etc.",0,39,14,aɪ aʊ eɪ iː oʊ uː æ ɑː ɔː ə ɛ ɜː ɪ ʌ,0.0488,0.0476,1,ə,0.05,1,ə,1,"Jensen, John T. (1993) English Phonology. Philadelphia: John Benjamins Publishing Company.\nMcMahon, April (2002) An Introduction to English Phonology. Oxford: Oxford University Press.",620,620
Faroese,FARO,INDO-EUROPEAN (Germanic),Denmark (Faroe Islands),0,36,14,a aː eː iː o oː uː øː œ ɔ ɛ ɪ ʉ ʏ,0.0488,0.0476,1,a,0.05,1,a,0,"Lockwood, W. B. (1955) An Introduction to Modern Faroese. København: Ejnar Munskgaard.",620,620
Faroese (in some districts),FARS,INDO-EUROPEAN (Germanic),Denmark (Faroe Islands),0,36,14,a aː eː iː o oː uː øː œ ɔ ɛ ɪ ʉ ʏ,0.0488,0.0476,1,a,0.05,1,a,0,"Lockwood, W. B. (1955) An Introduction to Modern Faroese. København: Ejnar Munskgaard.",620,620
Maltese,MALT,AFRO-ASIATIC (Semitic),Malta,0,33,9,uː ɐ ɐː ɔ ɔː ɛ ɛː ɪ ɪː,0.0,0.0,0,,0.0,0,,0,"Borg, Albert, and Marie Azzopardi-Alexander (1997) Maltese. New York: Routledge.",624,624
Nkore-Kiga,NKOR,NIGER-CONGO (Bantu),Uganda,0,25,4,o ɑ ɛ ɪ,0.0,0.0,0,,0.0,0,,0,"Taylor, Charles (1985) Nkore-Kiga. Dover, NH: Croom Helm.",624,624
"Quechua, Cuzco (Cuzco Kechua)",CUZC,QUECHUAN,Peru,0,29,2,a+ ɪ,0.0,0.0,0,,0.0,0,,0,"Davidson, Joseph O. Jr. (1977) A Contrastive Study of the Grammatical Structures of Aymara and Cuzco Kechua. Ann Arbor: UMI.",624,624
Tzutujil (Western Tzutujil),TZUT,MAYAN,Guatemala,0,32,9,aː a̝ eː iː oː uː ɔ ɛ ɪ,0.0,0.0,0,,0.0,0,,0,"Dayley, Jon Philip (1981) Tzutujil Grammar. Ann Arbor: UMI.",624,624
Tzutujil (Western Tzutujil) (San Juan variety),TZSA,MAYAN,Guatemala,0,32,9,aː a̝ eː iː oː uː ɔ ɛ ɪ,0.0,0.0,0,,0.0,0,,0,"Dayley, Jon Philip (1981) Tzutujil Grammar. Ann Arbor: UMI.",624,624
Tzutujil (Western Tzutujil) (Santiago Atitlán variety),TZSJ,MAYAN,Guatemala,0,34,11,aː a̝ eː ie iː oː uo uː ɔ ɛ ɪ,0.0,0.0,0,,0.0,0,,0,"Dayley, Jon Philip (1981) Tzutujil Grammar. Ann Arbor: UMI.",624,624
