F1,F2,F3,F1_s,F2_s,F3_s,B1,B2,B3,error,time,rel_time,prop_time,max_formant,n_formant,smooth_method,file_name,id,group,label,speaker_num,optimized,word,stress,dur,pre_word,fol_word,pre_seg,fol_seg,abs_pre_seg,abs_fol_seg,context
352.3792256323327,1808.364153489799,2698.961743406899,387.6142592846164,1839.5246034285608,2733.4010792048307,252.5746639566718,149.12258567920986,365.8383362471321,0.0006880767582626638,0.38637499999999997,0.006374999999999964,0.07968749999999954,6948.717948717948,3,dct_smooth_regression,utterance_000001,0-0-0-1,group_0,EH,1,6,мӗн,"",0.08000000000000002,#,калӑн,M,N,M,N,internal
386.87106848332803,1842.4600403142667,2735.476302395763,392.5430380393476,1851.205304006154,2741.350752739704,246.0078682506995,147.44744311428926,358.0941987342776,0.0006880767582626638,0.38837499999999997,0.008374999999999966,0.10468749999999956,6948.717948717948,3,dct_smooth_regression,utterance_000001,0-0-0-1,group_0,EH,1,6,мӗн,"",0.08000000000000002,#,калӑн,M,N,M,N,internal
414.2489538809422,1878.036651618039,2765.8628269949686,401.76668508517866,1873.4004616176533,2756.3693250800443,233.92612223965884,144.27249334510577,344.5449483861449,0.0006880767582626638,0.39037499999999997,0.010374999999999968,0.12968749999999957,6948.717948717948,3,dct_smooth_regression,utterance_000001,0-0-0-1,group_0,EH,1,6,мӗн,"",0.08000000000000002,#,калӑн,M,N,M,N,internal
433.55321558419917,1916.7134934217581,2790.5458786493414,414.1194705864531,1903.9424086730035,2776.825484937622,218.112394679907,139.90765641205644,328.3363353645997,0.0006880767582626638,0.392375,0.01237499999999997,0.1546874999999996,6948.717948717948,3,dct_smooth_regression,utterance_000001,0-0-0-1,group_0,EH,1,6,мӗн,"",0.08000000000000002,#,калӑн,M,N,M,N,internal
445.81634419814856,1956.9970044678862,2815.1288814276813,428.0898216727749,1939.9649342763134,2800.576577704068,200.5948429270626,134.7310598291068,312.8004259165031,0.0006880767582626638,0.394375,0.014374999999999971,0.1796874999999996,6948.717948717948,3,dct_smooth_regression,utterance_000001,0-0-0-1,group_0,EH,1,6,мӗн,"",0.08000000000000002,#,калӑн,M,N,M,N,internal
453.2136032484817,1997.4939786605541,2841.249646433833,442.05718149937627,1978.2954059933224,2825.2779034996474,183.2012478823025,129.11947855897955,300.64925546845717,0.0006880767582626638,0.396375,0.016374999999999973,0.20468749999999963,6948.717948717948,3,dct_smooth_regression,utterance_000001,0-0-0-1,group_0,EH,1,6,мӗн,"",0.08000000000000002,#,калӑн,M,N,M,N,internal
457.0362272451815,2030.760078176557,2861.3175693139724,454.53811556839764,2015.8737780150789,2848.7124544222734,167.2906123803392,123.39515046835598,293.59247978710914,0.0006880767582626638,0.398375,0.018374999999999975,0.22968749999999966,6948.717948717948,3,dct_smooth_regression,utterance_000001,0-0-0-1,group_0,EH,1,6,мӗн,"",0.08000000000000002,#,калӑн,M,N,M,N,internal
459.7241070164245,2055.138542221368,2871.8197729366575,464.3991334209023,2050.1333895534467,2869.0891659465938,153.68357968317562,117.79909402463572,292.27351293367303,0.0006880767582626638,0.400375,0.020374999999999976,0.2546874999999997,6948.717948717948,3,dct_smooth_regression,utterance_000001,0-0-0-1,group_0,EH,1,6,мӗн,"",0.08000000000000002,#,калӑн,M,N,M,N,internal
462.6644139207805,2073.4624525903596,2877.6164817438043,471.0006275140146,2079.2868037632393,2885.264306724433,142.7310625533295,112.49096643670072,296.3065155809666,0.0006880767582626638,0.402375,0.022374999999999978,0.2796874999999997,6948.717948717948,3,dct_smooth_regression,utterance_000001,0-0-0-1,group_0,EH,1,6,мӗн,"",0.08000000000000002,#,калӑн,M,N,M,N,internal
465.4169676965769,2088.2814150664512,2884.4484837042737,474.2496992440116,2102.4776643219952,2896.854662282853,134.4391875087019,107.56872849729085,304.2832823306334,0.0006880767582626638,0.404375,0.02437499999999998,0.3046874999999997,6948.717948717948,3,dct_smooth_regression,utterance_000001,0-0-0-1,group_0,EH,1,6,мӗн,"",0.08000000000000002,#,калӑн,M,N,M,N,internal
467.2039656562376,2102.5339890185264,2892.716667600239,474.55683782814504,2119.7832865717464,2904.2300408873734,128.5898797706107,103.09869807484789,313.79438280594485,0.0006880767582626638,0.406375,0.026374999999999982,0.32968749999999974,6948.717948717948,3,dct_smooth_regression,utterance_000001,0-0-0-1,group_0,EH,1,6,мӗн,"",0.08000000000000002,#,калӑн,M,N,M,N,internal
467.53596104783503,2116.8817972018255,2899.098304930559,472.70913437416095,2132.078075512756,2908.392897422286,124.8295887585982,99.14685983730406,321.65764217788643,0.0006880767582626638,0.408375,0.028374999999999984,0.35468749999999977,6948.717948717948,3,dct_smooth_regression,utterance_000001,0-0-0-1,group_0,EH,1,6,мӗн,"",0.08000000000000002,#,калӑн,M,N,M,N,internal
467.15654122705126,2131.991248645318,2903.7687673466635,469.6875879523172,2140.7903169285355,2910.7709304435434,122.72460851207816,95.80431943627326,324.54818495042775,0.0006880767582626638,0.410375,0.030374999999999985,0.3796874999999998,6948.717948717948,3,dct_smooth_regression,utterance_000001,0-0-0-1,group_0,EH,1,6,мӗн,"",0.08000000000000002,#,калӑн,M,N,M,N,internal
467.3298794573479,2147.6176970366555,2910.018888590487,466.4653234469237,2147.60053399552,2912.961266565616,121.7950810228996,93.20286613258158,319.9899234556573,0.0006880767582626638,0.412375,0.03237499999999999,0.40468749999999976,6948.717948717948,3,dct_smooth_regression,utterance_000001,0-0-0-1,group_0,EH,1,6,мӗн,"",0.08000000000000002,#,калӑн,M,N,M,N,internal
468.6272487382926,2162.0951788510547,2919.5684680498007,463.82554577030857,2154.1359314872907,2916.470282099951,121.54307116135787,91.52017323863363,307.2989776474822,0.0006880767582626638,0.414375,0.03437499999999999,0.4296874999999998,6948.717948717948,3,dct_smooth_regression,utterance_000001,0-0-0-1,group_0,EH,1,6,мӗн,"",0.08000000000000002,#,калӑн,M,N,M,N,internal
470.29991455056364,2175.0314811311196,2931.612684773155,462.2325836047068,2161.71176469488,2922.490614588313,121.4862568954331,90.97719222471206,287.9093161591288,0.0006880767582626638,0.416375,0.03637499999999999,0.4546874999999998,6948.717948717948,3,dct_smooth_regression,utterance_000001,0-0-0-1,group_0,EH,1,6,мӗн,"",0.08000000000000002,#,калӑн,M,N,M,N,internal
470.4293720120718,2185.0615073474255,2942.757852204289,461.7776628216212,2171.157959779054,2931.747358377442,121.20055942673146,91.83142483619692,264.829030012465,0.0006880767582626638,0.418375,0.03837499999999999,0.4796874999999998,6948.717948717948,3,dct_smooth_regression,utterance_000001,0-0-0-1,group_0,EH,1,6,мӗн,"",0.08000000000000002,#,калӑн,M,N,M,N,internal
467.93620644171824,2192.989110230905,2953.6397135098323,462.20552218639364,2182.7507685306045,2944.43095711131,120.36567367069773,94.36807087010594,241.55457977506381,0.0006880767582626638,0.420375,0.040374999999999994,0.5046874999999998,6948.717948717948,3,dct_smooth_regression,utterance_000001,0-0-0-1,group_0,EH,1,6,мӗн,"",0.08000000000000002,#,калӑн,M,N,M,N,internal
463.61456037513125,2200.944889530838,2967.4706423692387,463.0117700413027,2196.248472390878,2960.2178560634343,118.80106823645522,98.88670352335251,221.0695537680605,0.0006880767582626638,0.422375,0.042374999999999996,0.5296874999999999,6948.717948717948,3,dct_smooth_regression,utterance_000001,0-0-0-1,group_0,EH,1,6,мӗн,"",0.08000000000000002,#,калӑн,M,N,M,N,internal
459.4183354566378,2210.3417604576525,2983.2014309753185,463.5871855648354,2211.011216728594,2978.364733675369,116.48006061934518,105.67536371738339,205.3454573114304,0.0006880767582626638,0.424375,0.044375,0.5546874999999999,6948.717948717948,3,dct_smooth_regression,utterance_000001,0-0-0-1,group_0,EH,1,6,мӗн,"",0.08000000000000002,#,калӑн,M,N,M,N,internal
456.4028570812551,2221.649209128947,2998.6920653776538,463.3766414685061,2226.171469941866,2997.8508711296176,113.51633300030345,114.95897693456361,195.33897227222866,0.0006880767582626638,0.426375,0.046375,0.5796874999999999,6948.717948717948,3,dct_smooth_regression,utterance_000001,0-0-0-1,group_0,EH,1,6,мӗн,"",0.08000000000000002,#,калӑн,M,N,M,N,internal
455.10192945382755,2232.6484274297,3011.5841310005635,462.01854416987055,2240.8156638083615,3017.5377968001385,110.1270732121597,126.80836216921391,191.2242315577334,0.0006880767582626638,0.428375,0.048375,0.6046874999999999,6948.717948717948,3,dct_smooth_regression,utterance_000001,0-0-0-1,group_0,EH,1,6,мӗн,"",0.08000000000000002,#,калӑн,M,N,M,N,internal
454.8876660280229,2242.1996074845533,3022.655428302533,459.4358594066766,2254.1399604318112,3036.316368081759,106.58443671686412,141.00547108728088,192.6017485474224,0.0006880767582626638,0.430375,0.050375,0.6296875,6948.717948717948,3,dct_smooth_regression,utterance_000001,0-0-0-1,group_0,EH,1,6,мӗн,"",0.08000000000000002,#,калӑн,M,N,M,N,internal
454.6410895069423,2251.476510988348,3034.265003571756,455.860728486563,2265.55278706334,3053.2182206642365,103.1687589922776,156.88600773188688,198.56226110258194,0.0006880767582626638,0.432375,0.052375000000000005,0.6546875,6948.717948717948,3,dct_smooth_regression,utterance_000001,0-0-0-1,group_0,EH,1,6,мӗн,"",0.08000000000000002,#,калӑн,M,N,M,N,internal
453.52734337165487,2262.4067248932943,3048.7768358807593,451.78905544091833,2274.7113289008685,3067.479200489753,100.13321039118941,173.22160446475206,207.63407041196712,0.0006880767582626638,0.434375,0.05437500000000001,0.6796875,6948.717948717948,3,dct_smooth_regression,utterance_000001,0-0-0-1,group_0,EH,1,6,мӗн,"",0.08000000000000002,#,калӑн,M,N,M,N,internal
451.14422880464707,2277.040578211942,3068.7110318850487,447.8762703582071,2281.495230390455,3078.554469257753,97.68340152210635,188.2408595146803,217.76074206064473,0.0006880767582626638,0.436375,0.05637500000000001,0.7046875,6948.717948717948,3,dct_smooth_regression,utterance_000001,0-0-0-1,group_0,EH,1,6,мӗн,"",0.08000000000000002,#,калӑн,M,N,M,N,internal
447.8558389239002,2294.3814085125123,3093.838735865255,444.7977085025457,2285.9348128059087,3086.0957570993487,95.97005458685315,199.88012013731552,226.50467154320836,0.0006880767582626638,0.438375,0.05837500000000001,0.7296875,6948.717948717948,3,dct_smooth_regression,utterance_000001,0-0-0-1,group_0,EH,1,6,мӗн,"",0.08000000000000002,#,калӑн,M,N,M,N,internal
444.65913725383587,2313.3156126058984,3125.955544742057,443.1042089542949,2288.120215122321,3089.9084506830964,95.08995175180678,206.26390763849378,231.58113079572774,0.0006880767582626638,0.44037499999999996,0.060374999999999956,0.7546874999999994,6948.717948717948,3,dct_smooth_regression,utterance_000001,0-0-0-1,group_0,EH,1,6,мӗн,"",0.08000000000000002,#,калӑн,M,N,M,N,internal
439.54551181847273,2382.3390054302854,3156.989169466422,448.20363127048506,2379.7108176023603,3182.0504904327745,81.29075336776681,226.1102168678908,218.44183372154612,0.00013185762313752648,4.266374999999999,0.006374999999999353,0.07968749999999185,6589.74358974359,3,dct_smooth_regression,utterance_000001,0-0-9-10,group_0,EH,1,6,савӑнтараҫҫӗ,"",0.08000000000000007,хурса,<eps>,ɕː,#,ɕː,SIL,final
443.3712828636242,2354.886644131595,3171.5548972924025,448.94388195406685,2379.0295845167834,3177.2604565867255,80.5362694884627,222.63162521942874,210.96930511129375,0.00013185762313752648,4.268375,0.008375000000000021,0.10468750000000018,6589.74358974359,3,dct_smooth_regression,utterance_000001,0-0-9-10,group_0,EH,1,6,савӑнтараҫҫӗ,"",0.08000000000000007,хурса,<eps>,ɕː,#,ɕː,SIL,final
450.3540835967761,2375.9277620465195,3190.8286573273017,450.33482592792035,2377.4882058433495,3168.34191548471,79.18413352602778,216.32111727363358,198.33858976727404,0.00013185762313752648,4.270375,0.010374999999999801,0.1296874999999974,6589.74358974359,3,dct_smooth_regression,utterance_000001,0-0-9-10,group_0,EH,1,6,савӑнтараҫҫӗ,"",0.08000000000000007,хурса,<eps>,ɕː,#,ɕː,SIL,final
456.85987088643174,2386.0009984610283,3166.4658671881907,452.21094389260185,2374.788569900068,3156.519209302295,77.50982954796986,208.29506783698764,184.10807311171496,0.00013185762313752648,4.272374999999999,0.01237499999999958,0.15468749999999462,6589.74358974359,3,dct_smooth_regression,utterance_000001,0-0-9-10,group_0,EH,1,6,савӑнтараҫҫӗ,"",0.08000000000000007,хурса,<eps>,ɕː,#,ɕː,SIL,final
462.04367349858177,2379.576796062079,3139.6471516690526,454.35594318368373,2370.6186026457653,3143.3977625505563,75.84707905021239,199.86759934728337,171.76393140490362,0.00013185762313752648,4.274374999999999,0.01437499999999936,0.17968749999999184,6589.74358974359,3,dct_smooth_regression,utterance_000001,0-0-9-10,group_0,EH,1,6,савӑнтараҫҫӗ,"",0.08000000000000007,хурса,<eps>,ɕː,#,ɕː,SIL,final
464.41886567095247,2371.3388167874373,3129.2169081861202,456.53583806707746,2364.777708216212,3130.7280449405553,74.52711881759552,192.29320053948507,163.9551430507472,0.00013185762313752648,4.276375,0.01637500000000003,0.2046875000000002,6589.74358974359,3,dct_smooth_regression,utterance_000001,0-0-9-10,group_0,EH,1,6,савӑнтараҫҫӗ,"",0.08000000000000007,хурса,<eps>,ɕː,#,ɕː,SIL,final
463.82401721757213,2363.8958475106,3129.28994926041,458.5350799064062,2357.291449897005,3120.152135607189,73.8336377373916,186.5983034204871,162.43544873508688,0.00013185762313752648,4.278375,0.018374999999999808,0.2296874999999974,6589.74358974359,3,dct_smooth_regression,utterance_000001,0-0-9-10,group_0,EH,1,6,савӑнтараҫҫӗ,"",0.08000000000000007,хурса,<eps>,ɕː,#,ɕː,SIL,final
461.142409703451,2354.2391279923927,3128.8776310743265,460.190478409095,2348.4856397139442,3112.9718173262527,73.97755066817051,183.51430560804644,168.36648572925216,0.00013185762313752648,4.280374999999999,0.020374999999999588,0.2546874999999946,6589.74358974359,3,dct_smooth_regression,utterance_000001,0-0-9-10,group_0,EH,1,6,савӑнтараҫҫӗ,"",0.08000000000000007,хурса,<eps>,ɕː,#,ɕː,SIL,final
458.34047984606656,2340.487926964608,3117.8662807320493,461.4180127178331,2338.997787919321,3109.9727584327,75.08605879736699,183.47723136655023,182.5526594793998,0.00013185762313752648,4.282374999999999,0.022374999999999368,0.2796874999999919,6589.74358974359,3,dct_smooth_regression,utterance_000001,0-0-9-10,group_0,EH,1,6,савӑнтараҫҫӗ,"",0.08000000000000007,хурса,<eps>,ɕː,#,ɕː,SIL,final
456.9780504834914,2324.3694706488836,3098.7715820845533,462.2286934527108,2329.7167769159787,3111.3294601451976,77.19693031713528,186.64378648529757,205.30990205535485,0.00013185762313752648,4.284375,0.024375000000000036,0.30468750000000017,6589.74358974359,3,dct_smooth_regression,utterance_000001,0-0-9-10,group_0,EH,1,6,савӑнтараҫҫӗ,"",0.08000000000000007,хурса,<eps>,ɕː,#,ɕː,SIL,final
457.3395402359251,2312.0627770155666,3088.0830264522006,462.73122785889706,2321.6570474690047,3116.6020812824704,80.25138379083492,192.88426711557193,235.84517210760004,0.00013185762313752648,4.286375,0.026374999999999815,0.3296874999999974,6589.74358974359,3,dct_smooth_regression,utterance_000001,0-0-9-10,group_0,EH,1,6,савӑнтараҫҫӗ,"",0.08000000000000007,хурса,<eps>,ɕː,#,ɕː,SIL,final
458.78261827274986,2306.783071303978,3102.2290569675915,463.1211088188795,2315.788325856689,3124.8214159954377,84.08497388763924,201.73759071308967,271.30659784533736,0.00013185762313752648,4.288374999999999,0.028374999999999595,0.35468749999999466,6589.74358974359,3,dct_smooth_regression,utterance_000001,0-0-9-10,group_0,EH,1,6,савӑнтараҫҫӗ,"",0.08000000000000007,хурса,<eps>,ɕː,#,ɕː,SIL,final
461.0730790895169,2306.657305322177,3139.88148860165,463.6576110496668,2312.852861806247,3134.6447520132215,88.42268553508518,212.34493819623177,306.1447245307855,0.00013185762313752648,4.290374999999999,0.030374999999999375,0.37968749999999185,6589.74358974359,3,dct_smooth_regression,utterance_000001,0-0-9-10,group_0,EH,1,6,савӑнтараҫҫӗ,"",0.08000000000000007,хурса,<eps>,ɕː,#,ɕː,SIL,final
464.1652620929364,2310.1263917923943,3167.4379455341386,464.6317646390638,2313.206886462156,3144.555315580002,92.88907102002614,223.41067205672795,332.7986099662965,0.00013185762313752648,4.292375,0.03237500000000004,0.4046875000000002,6589.74358974359,3,dct_smooth_regression,utterance_000001,0-0-9-10,group_0,EH,1,6,савӑнтараҫҫӗ,"",0.08000000000000007,хурса,<eps>,ɕː,#,ɕː,SIL,final
467.66408030101496,2316.214520775902,3168.720206261514,466.32947339400994,2316.720351908747,3153.0730398185237,97.0435449551685,233.26044880388605,344.2191255721651,0.00013185762313752648,4.294375,0.03437499999999982,0.4296874999999974,6589.74358974359,3,dct_smooth_regression,utterance_000001,0-0-9-10,group_0,EH,1,6,савӑнтараҫҫӗ,"",0.08000000000000007,хурса,<eps>,ɕː,#,ɕː,SIL,final
472.07101701844266,2326.6656413417713,3163.087350789219,468.9944259869909,2322.7592724774636,3158.9450372452957,100.44295774005946,240.0553948159751,337.13537225499374,0.00013185762313752648,4.296374999999999,0.0363749999999996,0.45468749999999464,6589.74358974359,3,dct_smooth_regression,utterance_000001,0-0-9-10,group_0,EH,1,6,савӑнтараҫҫӗ,"",0.08000000000000007,хурса,<eps>,ɕː,#,ɕː,SIL,final
477.3052207235649,2339.3836257573607,3159.6018729151515,472.7952852910547,2330.259892910304,3161.28994939323,102.72027538163651,242.16057710336352,313.7273739759651,0.00013185762313752648,4.298374999999999,0.03837499999999938,0.4796874999999919,6589.74358974359,3,dct_smooth_regression,utterance_000001,0-0-9-10,group_0,EH,1,6,савӑнтараҫҫӗ,"",0.08000000000000007,хурса,<eps>,ɕː,#,ɕː,SIL,final
482.88495111294236,2349.243253505983,3156.5838487333517,477.800907025041,2337.8863213380705,3159.679925745853,103.65649028899408,238.569944536614,280.3421396679356,0.00013185762313752648,4.300375,0.04037500000000005,0.5046875000000002,6589.74358974359,3,dct_smooth_regression,utterance_000001,0-0-9-10,group_0,EH,1,6,савӑнтараҫҫӗ,"",0.08000000000000007,хурса,<eps>,ɕː,#,ɕː,SIL,final
488.16256007268237,2352.933085494462,3149.5084433796333,483.966182697234,2344.24661689559,3154.155387570551,103.22103750795176,229.21695918270552,244.3569071585384,0.00013185762313752648,4.302375,0.04237499999999983,0.5296874999999974,6589.74358974359,3,dct_smooth_regression,utterance_000001,0-0-9-10,group_0,EH,1,6,савӑнтараҫҫӗ,"",0.08000000000000007,хурса,<eps>,ɕː,#,ɕː,SIL,final
492.7346968291198,2351.943054629968,3139.677691323039,491.12972100483444,2348.1299381761037,3145.17879213744,101.5670175494448,215.01858430072113,211.4892376352101,0.00013185762313752648,4.304374999999999,0.04437499999999961,0.5546874999999947,6589.74358974359,3,dct_smooth_regression,utterance_000001,0-0-9-10,group_0,EH,1,6,савӑнтараҫҫӗ,"",0.08000000000000007,хурса,<eps>,ɕː,#,ɕː,SIL,final
497.1607627106275,2347.5179474484366,3129.7784633091605,499.0231845125488,2348.721797194135,3133.5423767715483,98.98567991863945,197.62072863272945,184.81859950786648,0.00013185762313752648,4.306374999999999,0.04637499999999939,0.5796874999999919,6589.74358974359,3,dct_smooth_regression,utterance_000001,0-0-9-10,group_0,EH,1,6,савӑнтараҫҫӗ,"",0.08000000000000007,хурса,<eps>,ɕː,#,ɕː,SIL,final
502.310939539514,2337.752854839033,3119.0695880002827,507.2908691042447,2345.7569946399653,3120.249953651851,95.83930142376252,178.96066585726834,165.1989531853662,0.00013185762313752648,4.308375,0.04837500000000006,0.6046875000000002,6589.74358974359,3,dct_smooth_regression,utterance_000001,0-0-9-10,group_0,EH,1,6,савӑнтараҫҫӗ,"",0.08000000000000007,хурса,<eps>,ɕː,#,ɕː,SIL,final
508.7725818660898,2325.605703666247,3107.4492443623717,515.5171862876061,2339.5801482534516,3106.393677571844,92.4954359922974,160.83473305623758,152.1376379571158,0.00013185762313752648,4.310375,0.05037499999999984,0.6296874999999974,6589.74358974359,3,dct_smooth_regression,utterance_000001,0-0-9-10,group_0,EH,1,6,савӑнтараҫҫӗ,"",0.08000000000000007,хурса,<eps>,ɕː,#,ɕː,SIL,final
517.0744221720107,2316.5934041817864,3095.436373461263,523.2591514219962,2331.1000536016645,3093.043624753292,89.27898659480142,144.619608264053,144.51050075015246,0.00013185762313752648,4.312374999999999,0.052374999999999616,0.6546874999999946,6589.74358974359,3,dct_smooth_regression,utterance_000001,0-0-9-10,group_0,EH,1,6,савӑнтараҫҫӗ,"",0.08000000000000007,хурса,<eps>,ɕː,#,ɕː,SIL,final
526.861897485006,2313.0408688218704,3084.2678227585243,530.0807963180137,2321.643428650076,3081.1620653399505,86.44771938924096,131.19147901912274,140.9532863080269,0.00013185762313752648,4.314374999999999,0.054374999999999396,0.6796874999999919,6589.74358974359,3,dct_smooth_regression,utterance_000001,0-0-9-10,group_0,EH,1,6,савӑнтараҫҫӗ,"",0.08000000000000007,хурса,<eps>,ɕː,#,ɕː,SIL,final
535.8739302487531,2313.507817803657,3074.834917158168,535.5865593956279,2312.732260045098,3071.547047448163,84.18788575859121,120.99718002731917,140.0364012287905,0.00013185762313752648,4.316375,0.056375000000000064,0.7046875000000002,6589.74358974359,3,dct_smooth_regression,utterance_000001,0-0-9-10,group_0,EH,1,6,савӑнтараҫҫӗ,"",0.08000000000000007,хурса,<eps>,ɕː,#,ɕː,SIL,final
543.3648944157374,2315.5550596624976,3065.5149681820117,539.4510731210315,2305.8234333488567,3064.803044413356,82.62231446555045,114.19632093218969,140.390687886366,0.00013185762313752648,4.318375,0.058374999999999844,0.7296874999999974,6589.74358974359,3,dct_smooth_regression,utterance_000001,0-0-9-10,group_0,EH,1,6,савӑнтараҫҫӗ,"",0.08000000000000007,хурса,<eps>,ɕː,#,ɕː,SIL,final
549.2864258898202,2317.1787921020127,3057.07256922387,541.4432689532537,2302.056797296126,3061.3314341529967,81.82312439037288,110.80551893939901,140.89159489954307,0.00013185762313752648,4.320374999999999,0.06037499999999962,0.7546874999999946,6589.74358974359,3,dct_smooth_regression,utterance_000001,0-0-9-10,group_0,EH,1,6,савӑнтараҫҫӗ,"",0.08000000000000007,хурса,<eps>,ɕː,#,ɕː,SIL,final
367.26001701206366,2638.116017881692,3336.408658946136,395.73101807029985,2608.7734237095697,3264.6964935324777,49.0797492283221,72.72298046221132,217.14608524113714,0.0009956543387771072,5.6263749999999995,0.006374999999999353,0.03187499999999674,5871.794871794871,3,dct_smooth_regression,utterance_000001,0-0-13-3,group_0,EH,1,6,ӗнтӗ,"",0.20000000000000018,йӗртеҫҫӗ,<eps>,t,#,t,SIL,final
372.71306010328914,2631.4786745963092,3319.988300960317,396.3064064101324,2607.5276203622684,3263.3212546864333,49.05516420181937,72.69240274885193,216.0803331036467,0.0009956543387771072,5.628375,0.008375000000000021,0.04187500000000007,5871.794871794871,3,dct_smooth_regression,utterance_000001,0-0-13-3,group_0,EH,1,6,ӗнтӗ,"",0.20000000000000018,йӗртеҫҫӗ,<eps>,t,#,t,SIL,final
379.7456571871446,2624.7112626748676,3300.8252311971655,397.4508880598909,2605.0488735229665,3260.584919589099,49.00745343465363,72.63412145011347,213.98396158102165,0.0009956543387771072,5.630375,0.010374999999999801,0.05187499999999896,5871.794871794871,3,dct_smooth_regression,utterance_000001,0-0-13-3,group_0,EH,1,6,ӗнтӗ,"",0.20000000000000018,йӗртеҫҫӗ,<eps>,t,#,t,SIL,final
388.5591572509912,2617.731036855436,3278.854875685709,399.1519853918803,2601.362668794249,3256.5155544342188,48.93950173842822,72.55379767938962,210.92503768722906,0.0009956543387771072,5.632375,0.01237499999999958,0.06187499999999785,5871.794871794871,3,dct_smooth_regression,utterance_000001,0-0-13-3,group_0,EH,1,6,ӗнтӗ,"",0.20000000000000018,йӗртеҫҫӗ,<eps>,t,#,t,SIL,final
397.3142451926288,2610.913298354466,3259.8572853360843,401.39126095024625,2596.5066541260426,3251.1547151074865,48.85555407250751,72.45971139068381,207.00039513283576,0.0009956543387771072,5.6343749999999995,0.01437499999999936,0.07187499999999673,5871.794871794871,3,dct_smooth_regression,utterance_000001,0-0-13-3,group_0,EH,1,6,ӗнтӗ,"",0.20000000000000018,йӗртеҫҫӗ,<eps>,t,#,t,SIL,final
406.415794007235,2601.634590717826,3240.0851865503737,404.14464640892413,2590.529956655698,3244.556806456278,48.76112264854611,72.3625238328297,202.32992168311762,0.0009956543387771072,5.636375,0.01637500000000003,0.08187500000000007,5871.794871794871,3,dct_smooth_regression,utterance_000001,0-0-13-3,group_0,EH,1,6,ӗнтӗ,"",0.20000000000000018,йӗртеҫҫӗ,<eps>,t,#,t,SIL,final
414.84294778818446,2588.8117050394667,3218.393600674739,407.3828715934005,2583.4922938375976,3236.7882466675246,48.66287222971507,72.27498640171748,197.0498574537719,0.0009956543387771072,5.638375,0.018374999999999808,0.09187499999999896,5871.794871794871,3,dct_smooth_regression,utterance_000001,0-0-13-3,group_0,EH,1,6,ӗнтӗ,"",0.20000000000000018,йӗртеҫҫӗ,<eps>,t,#,t,SIL,final
422.40934831880793,2572.2574580388277,3196.276714878589,411.07198558342054,2575.4628971369266,3227.9264522921203,48.568490478038434,72.2116142134253,191.30571424247262,0.0009956543387771072,5.640375,0.020374999999999588,0.10187499999999784,5871.794871794871,3,dct_smooth_regression,utterance_000001,0-0-13-3,group_0,EH,1,6,ӗнтӗ,"",0.20000000000000018,йӗртеҫҫӗ,<eps>,t,#,t,SIL,final
428.7515586831617,2555.3128968553447,3179.4293761409713,415.1739602077766,2566.519270407032,3218.058662753658,48.48655080109703,72.18834338018804,185.24540127111783,0.0009956543387771072,5.6423749999999995,0.022374999999999368,0.11187499999999674,5871.794871794871,3,dct_smooth_regression,utterance_000001,0-0-13-3,group_0,EH,1,6,ӗнтӗ,"",0.20000000000000018,йӗртеҫҫӗ,<eps>,t,#,t,SIL,final
435.31798349546585,2536.736716279862,3165.753067646236,419.64736472112213,2556.745808454107,3207.280626106024,48.42637518635973,72.22218980191754,179.01305153391985,0.0009956543387771072,5.644375,0.024375000000000036,0.12187500000000007,5871.794871794871,3,dct_smooth_regression,utterance_000001,0-0-13-3,group_0,EH,1,6,ӗнтӗ,"",0.20000000000000018,йӗртеҫҫӗ,<eps>,t,#,t,SIL,final
441.1178816899528,2519.14912350515,3156.3874086161627,424.4480991451707,2546.2323041461696,3195.6951703007803,48.39790402267436,72.33092452522484,172.7439068873555,0.0009956543387771072,5.646375,0.026374999999999815,0.13187499999999897,5871.794871794871,3,dct_smooth_regression,utterance_000001,0-0-13-3,group_0,EH,1,6,ӗнтӗ,"",0.20000000000000018,йӗртеҫҫӗ,<eps>,t,#,t,SIL,final
446.26193399962057,2504.075337904828,3150.297566932946,429.53017268733834,2535.0723746858644,3183.4106862424956,48.41157897214446,72.53277675153791,166.56046449312322,0.0009956543387771072,5.648375,0.028374999999999595,0.14187499999999784,5871.794871794871,3,dct_smooth_regression,utterance_000001,0-0-13-3,group_0,EH,1,6,ӗнтӗ,"",0.20000000000000018,йӗртеҫҫӗ,<eps>,t,#,t,SIL,final
450.90621446528576,2493.7747150967157,3144.528890280325,434.8465128388758,2523.361839291175,3170.5395504089774,48.4782436789186,72.84617085480271,160.56993620569654,0.0009956543387771072,5.6503749999999995,0.030374999999999375,0.15187499999999673,5871.794871794871,3,dct_smooth_regression,utterance_000001,0-0-13-3,group_0,EH,1,6,ӗнтӗ,"",0.20000000000000018,йӗртеҫҫӗ,<eps>,t,#,t,SIL,final
455.4672305109754,2486.612775943261,3136.1282481841604,440.3497902167803,2511.1970814804918,3157.1965157648347,48.609065604527544,73.28949876535637,154.86294454151133,0.0009956543387771072,5.652375,0.03237500000000004,0.16187500000000007,5871.794871794871,3,dct_smooth_regression,utterance_000001,0-0-13-3,group_0,EH,1,6,ӗнтӗ,"",0.20000000000000018,йӗртеҫҫӗ,<eps>,t,#,t,SIL,final
459.25702970651355,2481.8490093422884,3127.8721777870214,445.99324395896645,2498.673429418419,3143.497100083316,48.81548068004419,73.8809242119197,149.51328508818858,0.0009956543387771072,5.654375,0.03437499999999982,0.17187499999999897,5871.794871794871,3,dct_smooth_regression,utterance_000001,0-0-13-3,group_0,EH,1,6,ӗнтӗ,"",0.20000000000000018,йӗртеҫҫӗ,<eps>,t,#,t,SIL,final
462.8733187581236,2477.192246710294,3120.499476622598,451.73149251446057,2485.883587340444,3129.5560006063215,49.10916086583807,74.63821092967504,144.57852916484964,0.0009956543387771072,5.656375,0.0363749999999996,0.18187499999999784,5871.794871794871,3,dct_smooth_regression,utterance_000001,0-0-13-3,group_0,EH,1,6,ӗнтӗ,"",0.20000000000000018,йӗртеҫҫӗ,<eps>,t,#,t,SIL,final
465.9835600444153,2472.0156814796023,3113.0038883576653,457.52131498836945,2472.916149946622,3115.4855632211274,49.50200318806,75.57856328804539,140.1012195856661,0.0009956543387771072,5.6583749999999995,0.03837499999999938,0.19187499999999674,5871.794871794871,3,dct_smooth_regression,utterance_000001,0-0-13-3,group_0,EH,1,6,ӗнтӗ,"",0.20000000000000018,йӗртеҫҫӗ,<eps>,t,#,t,SIL,final
468.6290178778818,2465.096298114929,3102.374764947295,463.3223887981479,2459.854229859803,3101.394333031057,50.006137426535055,76.71846503241815,136.1104198048798,0.0009956543387771072,5.660375,0.04037500000000005,0.20187500000000008,5871.794871794871,3,dct_smooth_regression,utterance_000001,0-0-13-3,group_0,EH,1,6,ӗнтӗ,"",0.20000000000000018,йӗртеҫҫӗ,<eps>,t,#,t,SIL,final
470.9534929732371,2455.3736471398033,3087.954479167407,469.0979702609232,2446.774225819433,3087.3857113735617,50.63394838216433,78.07350007531132,132.62340402441163,0.0009956543387771072,5.662375,0.04237499999999983,0.21187499999999895,5871.794871794871,3,dct_smooth_regression,utterance_000001,0-0-13-3,group_0,EH,1,6,ӗнтӗ,"",0.20000000000000018,йӗртеҫҫӗ,<eps>,t,#,t,SIL,final
473.4972166861868,2441.2563169764985,3070.962863950685,474.8155058439109,2433.744756277466,3073.5567420310144,51.39810754915001,79.65813859188795,129.6473146024626,0.0009956543387771072,5.664375,0.04437499999999961,0.22187499999999785,5871.794871794871,3,dct_smooth_regression,utterance_000001,0-0-13-3,group_0,EH,1,6,ӗнтӗ,"",0.20000000000000018,йӗртеҫҫӗ,<eps>,t,#,t,SIL,final
475.8852047207286,2426.238951814327,3058.1305251524445,480.44716314905884,2420.8257795404797,3059.9970466345358,52.311608036177965,81.48547215286105,127.18065625517261,0.0009956543387771072,5.6663749999999995,0.04637499999999939,0.23187499999999675,5871.794871794871,3,dct_smooth_regression,utterance_000001,0-0-13-3,group_0,EH,1,6,ӗнтӗ,"",0.20000000000000018,йӗртеҫҫӗ,<eps>,t,#,t,SIL,final
478.23464061293873,2410.9939546930054,3049.542729498219,485.9702722424486,2408.067917634558,3046.787926135825,53.38779568927962,83.56688337179493,125.2145390296105,0.0009956543387771072,5.668375,0.04837500000000006,0.24187500000000006,5871.794871794871,3,dct_smooth_regression,utterance_000001,0-0-13-3,group_0,EH,1,6,ӗнтӗ,"",0.20000000000000018,йӗртеҫҫӗ,<eps>,t,#,t,SIL,final
480.4696290217028,2396.217711687883,3042.773711223123,491.36766964835533,2395.5119967389587,3034.001641780228,54.64038853538014,85.91163869645708,123.73362086120564,0.0009956543387771072,5.670375,0.05037499999999984,0.25187499999999896,5871.794871794871,3,dct_smooth_regression,utterance_000001,0-0-13-3,group_0,EH,1,6,ӗнтӗ,"",0.20000000000000018,йӗртеҫҫӗ,<eps>,t,#,t,SIL,final
482.9052216957969,2380.7479953062475,3033.721677501032,496.6279391736902,2383.1888124309685,3021.7008853263337,56.08347586673803,88.52639770395307,122.71673451685632,0.0009956543387771072,5.672375,0.052374999999999616,0.26187499999999786,5871.794871794871,3,dct_smooth_regression,utterance_000001,0-0-13-3,group_0,EH,1,6,ӗнтӗ,"",0.20000000000000018,йӗртеҫҫӗ,<eps>,t,#,t,SIL,final
485.5213581707413,2366.5854227001555,3022.0656944227203,501.74554567481186,2371.1191232031415,3009.9384443984204,57.731487518408656,91.41463872908763,122.13721295898398,0.0009956543387771072,5.6743749999999995,0.054374999999999396,0.27187499999999676,5871.794871794871,3,dct_smooth_regression,utterance_000001,0-0-13-3,group_0,EH,1,6,ӗнтӗ,"",0.20000000000000018,йӗртеҫҫӗ,<eps>,t,#,t,SIL,final
488.53310872604123,2353.3945964139125,3009.835481608733,506.72085988755015,2359.3138708548645,2998.7570649063646,59.599123176446746,94.57600896456351,121.96295245110781,0.0009956543387771072,5.676375,0.056375000000000064,0.28187500000000004,5871.794871794871,3,dct_smooth_regression,utterance_000001,0-0-13-3,group_0,EH,1,6,ӗнтӗ,"",0.20000000000000018,йӗртеҫҫӗ,<eps>,t,#,t,SIL,final
492.21760936784716,2341.336691092543,3000.3331202094555,511.56007447387395,2347.7746215240945,2988.189508503439,61.701230951397754,98.00561728079232,122.15627502042065,0.0009956543387771072,5.678375,0.058374999999999844,0.29187499999999894,5871.794871794871,3,dct_smooth_regression,utterance_000001,0-0-13-3,group_0,EH,1,6,ӗнтӗ,"",0.20000000000000018,йӗртеҫҫӗ,<eps>,t,#,t,SIL,final
496.9777136398721,2331.2618251979284,2994.237441069839,516.275013455767,2336.4942164130603,2978.2587991557875,64.05262405787705,101.69329965253043,122.6736718201246,0.0009956543387771072,5.680375,0.06037499999999962,0.30187499999999784,5871.794871794871,3,dct_smooth_regression,utterance_000001,0-0-13-3,group_0,EH,1,6,ӗнтӗ,"",0.20000000000000018,йӗртеҫҫӗ,<eps>,t,#,t,SIL,final
504.2430137498625,2321.240537693716,2987.290568600008,520.8828391698914,2325.4576167723417,2968.97864914721,66.66782439909578,105.62289965774586,123.46552640027815,0.0009956543387771072,5.6823749999999995,0.0623749999999994,0.31187499999999674,5871.794871794871,3,dct_smooth_regression,utterance_000001,0-0-13-3,group_0,EH,1,6,ӗнтӗ,"",0.20000000000000018,йӗртеҫҫӗ,<eps>,t,#,t,SIL,final
513.1777117256207,2312.6731592152564,2978.4418603025138,525.40566274809,2314.6429235350747,2960.3540513144926,69.56072235172573,109.77161904536631,124.47593085257317,0.0009956543387771072,5.684375,0.06437500000000007,0.3218750000000001,5871.794871794871,3,dct_smooth_regression,utterance_000001,0-0-13-3,group_0,EH,1,6,ӗнтӗ,"",0.20000000000000018,йӗртеҫҫӗ,<eps>,t,#,t,SIL,final
523.2952810753452,2306.358548907561,2968.5324475479565,529.8700658732344,2304.0225482248998,2952.3820210730364,72.74414330753955,114.10950444602636,125.64271618714913,0.0009956543387771072,5.686375,0.06637499999999985,0.331874999999999,5871.794871794871,3,dct_smooth_regression,utterance_000001,0-0-13-3,group_0,EH,1,6,ӗнтӗ,"",0.20000000000000018,йӗртеҫҫӗ,<eps>,t,#,t,SIL,final
533.0924263662005,2302.016205088511,2959.071406085691,534.3065431446254,2293.5645084772027,2945.052468914572,76.22931380719277,118.59914414286877,126.89781825019922,0.0009956543387771072,5.688375,0.06837499999999963,0.3418749999999979,5871.794871794871,3,dct_smooth_regression,utterance_000001,0-0-13-3,group_0,EH,1,6,ӗнтӗ,"",0.20000000000000018,йӗртеҫҫӗ,<eps>,t,#,t,SIL,final
542.841219861423,2296.5680132232974,2949.160777304668,538.7488757825821,2283.2338187829123,2938.3491815958214,80.02522365818062,123.19565141945674,128.1680887573758,0.0009956543387771072,5.6903749999999995,0.07037499999999941,0.3518749999999967,5871.794871794871,3,dct_smooth_regression,utterance_000001,0-0-13-3,group_0,EH,1,6,ӗнтӗ,"",0.20000000000000018,йӗртеҫҫӗ,<eps>,t,#,t,SIL,final
551.0606968058659,2288.960404801977,2940.872175415419,543.2334485824517,2272.993944946067,2932.2508882378597,84.137885498111,127.84700638112939,129.37663473162672,0.0009956543387771072,5.692375,0.07237500000000008,0.36187500000000006,5871.794871794871,3,dct_smooth_regression,utterance_000001,0-0-13-3,group_0,EH,1,6,ӗнтӗ,"",0.20000000000000018,йӗртеҫҫӗ,<eps>,t,#,t,SIL,final
559.1010548504313,2278.557294180426,2932.347335696357,547.7985229727755,2262.808289286398,2926.7323860599263,88.56950001261252,132.49481471719804,130.4447272534482,0.0009956543387771072,5.694375,0.07437499999999986,0.37187499999999896,5871.794871794871,3,dct_smooth_regression,utterance_000001,0-0-13-3,group_0,EH,1,6,ӗнтӗ,"",0.20000000000000018,йӗртеҫҫӗ,<eps>,t,#,t,SIL,final
566.5167506430857,2267.2306509692316,2921.207345604749,552.4834797242811,2252.6416728487047,2921.7656995075204,93.3175434896854,137.0755188573482,131.2942627476979,0.0009956543387771072,5.696375,0.07637499999999964,0.38187499999999786,5871.794871794871,3,dct_smooth_regression,utterance_000001,0-0-13-3,group_0,EH,1,6,ӗнтӗ,"",0.20000000000000018,йӗртеҫҫӗ,<eps>,t,#,t,SIL,final
572.5835467109072,2255.9201161561577,2907.5469476520616,557.3280452843331,2242.4617808200837,2917.321246120783,98.37380445279125,141.52206481652343,131.85069097343973,0.0009956543387771072,5.6983749999999995,0.07837499999999942,0.39187499999999675,5871.794871794871,3,dct_smooth_regression,utterance_000001,0-0-13-3,group_0,EH,1,6,ӗнтӗ,"",0.20000000000000018,йӗртеҫҫӗ,<eps>,t,#,t,SIL,final
576.4428409127498,2246.3227266316608,2897.3295004709257,562.3715158692809,2232.2405380076107,2913.3689826322106,103.723407385463,145.76598866735867,132.04625081607537,0.0009956543387771072,5.700375,0.08037500000000009,0.4018750000000001,5871.794871794871,3,dct_smooth_regression,utterance_000001,0-0-13-3,group_0,EH,1,6,ӗнтӗ,"",0.20000000000000018,йӗртеҫҫӗ,<eps>,t,#,t,SIL,final
579.5635189494545,2236.5387234225723,2892.9853361825903,567.6519933340379,2221.9553825819175,2909.8795054780417,109.34387337121397,149.7398435565213,131.82328821202012,0.0009956543387771072,5.702375,0.08237499999999986,0.41187499999999894,5871.794871794871,3,dct_smooth_regression,utterance_000001,0-0-13-3,group_0,EH,1,6,ӗнтӗ,"",0.20000000000000018,йӗртеҫҫӗ,<eps>,t,#,t,SIL,final
582.5884257958867,2226.3641460805393,2893.9276328592487,573.2056464587059,2211.59040832057,2906.8250811392345,115.20427883725097,153.3798463638985,131.13738190230634,0.0009956543387771072,5.704375,0.08437499999999964,0.42187499999999784,5871.794871794871,3,dct_smooth_regression,utterance_000001,0-0-13-3,group_0,EH,1,6,ӗнтӗ,"",0.20000000000000018,йӗртеҫҫӗ,<eps>,t,#,t,SIL,final
586.8366992138098,2213.308598020491,2895.957307356666,579.0660106559345,2201.1373482496397,2904.1805834690313,121.26458321838479,156.62858813726118,129.95998335564053,0.0009956543387771072,5.7063749999999995,0.08637499999999942,0.43187499999999673,5871.794871794871,3,dct_smooth_regression,utterance_000001,0-0-13-3,group_0,EH,1,6,ӗнтӗ,"",0.20000000000000018,йӗртеҫҫӗ,<eps>,t,#,t,SIL,final
592.924928197156,2195.8315885513744,2895.610254188081,585.2633382247132,2190.596375829586,2901.9243173773166,127.4752027215768,159.43762988173975,128.28029495224217,0.0009956543387771072,5.708375,0.08837500000000009,0.4418750000000001,5871.794871794871,3,dct_smooth_regression,utterance_000001,0-0-13-3,group_0,EH,1,6,ӗнтӗ,"",0.20000000000000018,йӗртеҫҫӗ,<eps>,t,#,t,SIL,final
599.9499286221743,2172.6922757709617,2893.181113488521,591.8240101758931,2179.976703597486,2900.038710880513,133.77690883957536,161.76979961666814,126.10616752874934,0.0009956543387771072,5.710375,0.09037499999999987,0.45187499999999897,5871.794871794871,3,dct_smooth_regression,utterance_000001,0-0-13-3,group_0,EH,1,6,ӗнтӗ,"",0.20000000000000018,йӗртеҫҫӗ,<eps>,t,#,t,SIL,final
604.9169278984393,2151.4886211587186,2892.07984625462,598.7700193556135,2169.296963385817,2898.5108605340024,140.10112529275895,163.60102026980007,123.46388975012499,0.0009956543387771072,5.712375,0.09237499999999965,0.46187499999999787,5871.794871794871,3,dct_smooth_regression,utterance_000001,0-0-13-3,group_0,EH,1,6,ӗнтӗ,"",0.20000000000000018,йӗртеҫҫӗ,<eps>,t,#,t,SIL,final
609.1949751736925,2135.6813437425626,2893.556459385423,606.1185331224314,2158.585356803326,2897.3329185790412,146.37068447032226,164.9215306999461,120.39685571716988,0.0009956543387771072,5.7143749999999995,0.09437499999999943,0.4718749999999967,5871.794871794871,3,dct_smooth_regression,utterance_000001,0-0-13-3,group_0,EH,1,6,ӗнтӗ,"",0.20000000000000018,йӗртеҫҫӗ,<eps>,t,#,t,SIL,final
614.8084172685564,2128.281787971745,2894.637686003338,613.8815422229734,2147.879569492948,2896.502313688447,152.50108360846505,165.7364107737286,116.96321697234467,0.0009956543387771072,5.716375,0.0963750000000001,0.48187500000000005,5871.794871794871,3,dct_smooth_regression,utterance_000001,0-0-13-3,group_0,EH,1,6,ӗнтӗ,"",0.20000000000000018,йӗртеҫҫӗ,<eps>,t,#,t,SIL,final
622.7095026397967,2127.5451392962827,2891.3103149965164,622.0656007925163,2137.2264476768873,2896.021800911026,158.40225216917443,166.06538030094055,113.23273214248698,0.0009956543387771072,5.718375,0.09837499999999988,0.49187499999999895,5871.794871794871,3,dct_smooth_regression,utterance_000001,0-0-13-3,group_0,EH,1,6,ӗнтӗ,"",0.20000000000000018,йӗртеҫҫӗ,<eps>,t,#,t,SIL,final
631.5019615699027,2127.919438619606,2882.97713636864,630.6716606161609,2126.681440557302,2895.8993402163032,163.98080651175556,165.94190345164637,109.2831054717935,0.0009956543387771072,5.720375,0.10037499999999966,0.5018749999999979,5871.794871794871,3,dct_smooth_regression,utterance_000001,0-0-13-3,group_0,EH,1,6,ӗнтӗ,"",0.20000000000000018,йӗртеҫҫӗ,<eps>,t,#,t,SIL,final
641.3183745955445,2123.0758379276244,2873.737258752163,639.6950009593812,2116.3078171587144,2896.147806849637,169.14272844296914,165.41168732137652,105.19614355946953,0.0009956543387771072,5.7223749999999995,0.10237499999999944,0.5118749999999967,5871.794871794871,3,dct_smooth_regression,utterance_000001,0-0-13-3,group_0,EH,1,6,ӗнтӗ,"",0.20000000000000018,йӗртеҫҫӗ,<eps>,t,#,t,SIL,final
650.236512273441,2111.325544305106,2870.941377848706,649.1252534503432,2106.1756710716736,2896.784540444042,173.7963640626832,164.53070874992298,101.05405435858002,0.0009956543387771072,5.724375,0.1043750000000001,0.5218750000000001,5871.794871794871,3,dct_smooth_regression,utterance_000001,0-0-13-3,group_0,EH,1,6,ӗнтӗ,"",0.20000000000000018,йӗртеҫҫӗ,<eps>,t,#,t,SIL,final
657.753440974136,2093.5579805571188,2875.8016469253166,658.9465197068151,2096.3607311854284,2897.830743421453,177.85560267181336,163.3629324831439,96.936168281432,0.0009956543387771072,5.726375,0.10637499999999989,0.531874999999999,5871.794871794871,3,dct_smooth_regression,utterance_000001,0-0-13-3,group_0,EH,1,6,ӗнтӗ,"",0.20000000000000018,йӗртеҫҫӗ,<eps>,t,#,t,SIL,final
663.0890597659709,2072.8882701988464,2885.4383142007673,669.1375776829517,2086.943000784122,2899.310742578269,181.24306679145664,161.97789408258728,92.91628862602836,0.0009956543387771072,5.728375,0.10837499999999967,0.5418749999999979,5871.794871794871,3,dct_smooth_regression,utterance_000001,0-0-13-3,group_0,EH,1,6,ӗнтӗ,"",0.20000000000000018,йӗртеҫҫӗ,<eps>,t,#,t,SIL,final
667.2403814393125,2047.8773860148483,2901.2076421293077,679.6721710992381,2078.0052512366274,2901.2511308179055,183.89312760239517,160.4483131815345,89.0607914237315,0.0009956543387771072,5.7303749999999996,0.11037499999999945,0.5518749999999968,5871.794871794871,3,dct_smooth_regression,utterance_000001,0-0-13-3,group_0,EH,1,6,ӗнтӗ,"",0.20000000000000018,йӗртеҫҫӗ,<eps>,t,#,t,SIL,final
672.0175823395775,2026.014559889374,2921.6348629039326,690.5193748434409,2069.6313998534065,2903.6798087031857,185.75455839893934,158.84787967493776,85.42750741295863,0.0009956543387771072,5.732375,0.11237500000000011,0.5618750000000001,5871.794871794871,3,dct_smooth_regression,utterance_000001,0-0-13-3,group_0,EH,1,6,ӗнтӗ,"",0.20000000000000018,йӗртеҫҫӗ,<eps>,t,#,t,SIL,final
681.9338714237648,2018.3255100045724,2940.7696552117695,701.6440279195624,2061.904804243659,2906.6249477971432,186.7926534549417,157.24932173833577,82.06534294554301,0.0009956543387771072,5.734375,0.1143749999999999,0.5718749999999989,5871.794871794871,3,dct_smooth_regression,utterance_000001,0-0-13-3,group_0,EH,1,6,ӗнтӗ,"",0.20000000000000018,йӗртеҫҫӗ,<eps>,t,#,t,SIL,final
697.5729027517416,2029.938263138575,2949.086800634919,713.0072243999126,2054.9065076230795,2910.113899594524,186.99067060397678,155.72282539670144,79.01453989441117,0.0009956543387771072,5.736375,0.11637499999999967,0.5818749999999978,5871.794871794871,3,dct_smooth_regression,utterance_000001,0-0-13-3,group_0,EH,1,6,ӗнтӗ,"",0.20000000000000018,йӗртеҫҫӗ,<eps>,t,#,t,SIL,final
717.1427904666998,2049.297919237022,2949.402227446599,724.5668519228533,2048.71347095021,2914.1720751795324,186.35050042326338,154.33483569404166,76.3074400975704,0.0009956543387771072,5.738375,0.11837499999999945,0.5918749999999967,5871.794871794871,3,dct_smooth_regression,utterance_000001,0-0-13-3,group_0,EH,1,6,ӗнтӗ,"",0.20000000000000018,йӗртеҫҫӗ,<eps>,t,#,t,SIL,final
736.5454168380733,2064.5663608364966,2948.8236198477075,736.2781665914024,2043.3968284749672,2918.821821550161,184.89251899627914,153.14723343504735,73.96960649471626,0.0009956543387771072,5.740375,0.12037500000000012,0.601875,5871.794871794871,3,dct_smooth_regression,utterance_000001,0-0-13-3,group_0,EH,1,6,ӗнтӗ,"",0.20000000000000018,йӗртеҫҫӗ,<eps>,t,#,t,SIL,final
756.8711317690135,2073.967478340247,2949.558982180898,748.0943926768446,2039.0202032481768,2924.0813208086292,182.65463937898173,152.21685177564896,72.02115692830792,0.0009956543387771072,5.742375,0.1223749999999999,0.611874999999999,5871.794871794871,3,dct_smooth_regression,utterance_000001,0-0-13-3,group_0,EH,1,6,ӗнтӗ,"",0.20000000000000018,йӗртеҫҫӗ,<eps>,t,#,t,SIL,final
774.7142333989123,2076.4142378056536,2949.8242243325676,759.9673353229648,2035.6381183627418,2929.9635381249896,179.69063315895517,151.59527504041986,70.47818212665626,0.0009956543387771072,5.744375,0.12437499999999968,0.6218749999999978,5871.794871794871,3,dct_smooth_regression,utterance_000001,0-0-13-3,group_0,EH,1,6,ӗнтӗ,"",0.20000000000000018,йӗртеҫҫӗ,<eps>,t,#,t,SIL,final
790.7480329805792,2074.287569085786,2948.3918515934256,771.8479944816477,2033.2945381871518,2936.475243542335,176.06784222366682,151.3288482237887,69.35414097251666,0.0009956543387771072,5.746375,0.12637499999999946,0.6318749999999967,5871.794871794871,3,dct_smooth_regression,utterance_000001,0-0-13-3,group_0,EH,1,6,ӗнтӗ,"",0.20000000000000018,йӗртеҫҫӗ,<eps>,t,#,t,SIL,final
804.1247269838482,2067.6586161495675,2944.772470647575,783.6871685854783,2032.0215716371524,2943.6161313237403,171.86443744636207,151.45881895946889,68.66114880388093,0.0009956543387771072,5.748375,0.12837500000000013,0.6418750000000001,5871.794871794871,3,dct_smooth_regression,utterance_000001,0-0-13-3,group_0,EH,1,6,ӗнтӗ,"",0.20000000000000018,йӗртеҫҫӗ,<eps>,t,#,t,SIL,final
811.788821269598,2052.1885176247897,2939.5842891999414,795.4360369688517,2031.838366652512,2951.3780586706253,167.1664024840367,152.02153305895493,68.41109444347559,0.0009956543387771072,5.750375,0.1303749999999999,0.651874999999999,5871.794871794871,3,dct_smooth_regression,utterance_000001,0-0-13-3,group_0,EH,1,6,ӗнтӗ,"",0.20000000000000018,йӗртеҫҫӗ,<eps>,t,#,t,SIL,final
804.2421216337931,2030.4489360732912,2937.0842532612455,807.0467107724332,2032.7502215576706,2959.7444233075335,162.06442620949736,153.04860860427246,68.61653656192448,0.0009956543387771072,5.752375,0.1323749999999997,0.6618749999999979,5871.794871794871,3,dct_smooth_regression,utterance_000001,0-0-13-3,group_0,EH,1,6,ӗнтӗ,"",0.20000000000000018,йӗртеҫҫӗ,<eps>,t,#,t,SIL,final
779.6777031861577,2011.8378249903824,2940.4102426246923,818.47274298874,2034.747934954587,2968.689696676525,156.65087732540758,154.5670207500113,69.29133883133962,0.0009956543387771072,5.754375,0.13437499999999947,0.6718749999999968,5871.794871794871,3,dct_smooth_regression,utterance_000001,0-0-13-3,group_0,EH,1,6,ӗнтӗ,"",0.20000000000000018,йӗртеҫҫӗ,<eps>,t,#,t,SIL,final
756.0343986517572,2007.7399774901785,2950.1992497333295,829.6695894072343,2037.807411301676,2978.179126371716,151.01701190758777,156.59903890580628,70.45100625545663,0.0009956543387771072,5.756375,0.13637500000000014,0.6818750000000001,5871.794871794871,3,dct_smooth_regression,utterance_000001,0-0-13-3,group_0,EH,1,6,ӗнтӗ,"",0.20000000000000018,йӗртеҫҫӗ,<eps>,t,#,t,SIL,final
768.649101418189,2018.2518529531164,2962.86864306106,840.5950134702541,2041.8895344622283,2988.168618034095,145.25053259882432,159.1619693395694,72.11268316113768,0.0009956543387771072,5.758375,0.13837499999999991,0.6918749999999989,5871.794871794871,3,dct_smooth_regression,utterance_000001,0-0-13-3,group_0,EH,1,6,ӗнтӗ,"",0.20000000000000018,йӗртеҫҫӗ,<eps>,t,#,t,SIL,final
819.3617556352706,2033.2258744070284,2976.030014140996,851.2094294280038,2046.9403163548013,2998.604803288339,139.43358105876322,162.26766942310277,74.29476851652247,0.0009956543387771072,5.760375,0.1403749999999997,0.7018749999999978,5871.794871794871,3,dct_smooth_regression,utterance_000001,0-0-13-3,group_0,EH,1,6,ӗнтӗ,"",0.20000000000000018,йӗртеҫҫӗ,<eps>,t,#,t,SIL,final
868.329170508655,2046.7276604433498,2988.0920405647307,861.4761796509662,2052.891322508549,3009.4252965110945,133.64120715716655,165.92181506963325,77.01609916983148,0.0009956543387771072,5.762375,0.14237499999999947,0.7118749999999967,5871.794871794871,3,dct_smooth_regression,utterance_000001,0-0-13-3,group_0,EH,1,6,ӗнтӗ,"",0.20000000000000018,йӗртеҫҫӗ,<eps>,t,#,t,SIL,final
902.3770712320776,2063.998058927672,3002.6425433895306,871.3617434891171,2059.6603709238634,3020.5591393516374,127.9403228298026,170.1229209465219,80.29464967413632,0.0009956543387771072,5.764375,0.14437500000000014,0.721875,5871.794871794871,3,dct_smooth_regression,utterance_000001,0-0-13-3,group_0,EH,1,6,ӗнтӗ,"",0.20000000000000018,йӗртеҫҫӗ,<eps>,t,#,t,SIL,final
922.2356613089047,2084.4487376518937,3021.557437459951,880.8358766257505,2067.1524952704967,3031.9274280600616,122.38911818704342,174.86113435735186,84.14570264081253,0.0009956543387771072,5.766375,0.14637499999999992,0.7318749999999989,5871.794871794871,3,dct_smooth_regression,utterance_000001,0-0-13-3,group_0,EH,1,6,ӗнтӗ,"",0.20000000000000018,йӗртеҫҫӗ,<eps>,t,#,t,SIL,final
936.0621564283476,2102.0633887426534,3046.517240755168,889.8716814259386,2075.261158228533,3043.4441148943333,117.03689404490814,180.1168485955968,88.57946058380176,0.0009956543387771072,5.768375,0.1483749999999997,0.7418749999999978,5871.794871794871,3,dct_smooth_regression,utterance_000001,0-0-13-3,group_0,EH,1,6,ӗнтӗ,"",0.20000000000000018,йӗртеҫҫӗ,<eps>,t,#,t,SIL,final
946.0788175185929,2111.1300503296,3070.645275732141,898.445610292255,2083.8696957967686,3055.0169712531742,111.92424919781122,185.85920984874267,93.59810352842129,0.0009956543387771072,5.770375,0.15037499999999948,0.7518749999999967,5871.794871794871,3,dct_smooth_regression,utterance_000001,0-0-13-3,group_0,EH,1,6,ӗнтӗ,"",0.20000000000000018,йӗртеҫҫӗ,<eps>,t,#,t,SIL,final
952.2699526813265,2115.2972886397415,3090.7446167987596,906.5374054812592,2092.8529687581204,3066.548696791236,107.0835522604727,192.04462230287794,99.1923499954802,0.0009956543387771072,5.772375,0.15237500000000015,0.7618750000000001,5871.794871794871,3,dct_smooth_regression,utterance_000001,0-0-13-3,group_0,EH,1,6,ӗнтӗ,"",0.20000000000000018,йӗртеҫҫӗ,<eps>,t,#,t,SIL,final
949.697521511549,2117.174842941874,3103.7302480660956,914.1299801729103,2102.07919329594,3077.9381556859817,102.5396259054584,198.6153867951594,105.33765399432686,0.0009956543387771072,5.774375,0.15437499999999993,0.771874999999999,5871.794871794871,3,dct_smooth_regression,utterance_000001,0-0-13-3,group_0,EH,1,6,ӗнтӗ,"",0.20000000000000018,йӗртеҫҫӗ,<eps>,t,#,t,SIL,final
936.6791304748047,2118.263497999344,3111.6973819537834,921.2092467935535,2111.4119190833335,3089.0817185056367,98.31057453376935,205.49863579540934,111.99026534755491,0.0009956543387771072,5.776375,0.1563749999999997,0.7818749999999979,5871.794871794871,3,dct_smooth_regression,utterance_000001,0-0-13-3,group_0,EH,1,6,ӗнтӗ,"",0.20000000000000018,йӗртеҫҫӗ,<eps>,t,#,t,SIL,final
927.1349658115791,2119.651016077011,3116.555861690607,927.7638996463718,2120.7121200942724,3099.8746858307054,94.40869338321251,212.605747133914,119.08348763443675,0.0009956543387771072,5.778375,0.1583749999999995,0.7918749999999968,5871.794871794871,3,dct_smooth_regression,utterance_000001,0-0-13-3,group_0,EH,1,6,ӗнтӗ,"",0.20000000000000018,йӗртеҫҫӗ,<eps>,t,#,t,SIL,final
930.3713212068875,2121.1339908803993,3122.960599173956,933.7851597797086,2129.8403609732723,3110.2127679552727,90.84140636536264,219.8324254136352,126.52457324496609,0.0009956543387771072,5.780375,0.16037500000000016,0.8018750000000001,5871.794871794871,3,dct_smooth_regression,utterance_000001,0-0-13-3,group_0,EH,1,6,ӗнтӗ,"",0.20000000000000018,йӗртеҫҫӗ,<eps>,t,#,t,SIL,final
938.4616311453663,2119.092320599312,3129.7070959341568,939.2664907058518,2138.6590000994634,3119.993593676748,87.61219024749091,227.05962805045837,134.1927776594344,0.0009956543387771072,5.782375,0.16237499999999994,0.811874999999999,5871.794871794871,3,dct_smooth_regression,utterance_000001,0-0-13-3,group_0,EH,1,6,ӗнтӗ,"",0.20000000000000018,йӗртеҫҫӗ,<eps>,t,#,t,SIL,final
945.3208869549172,2113.4817637822816,3131.12011848456,944.2032940574751,2147.0343895266337,3129.1182204015045,84.72145312324429,234.15547790782568,141.93912925340638,0.0009956543387771072,5.784375,0.16437499999999972,0.8218749999999978,5871.794871794871,3,dct_smooth_regression,utterance_000001,0-0-13-3,group_0,EH,1,6,ӗнтӗ,"",0.20000000000000018,йӗртеҫҫӗ,<eps>,t,#,t,SIL,final
948.0385889784166,2111.8442586038323,3127.5689566584856,948.5925945272327,2154.839031794373,3137.4926175657556,82.16734468163187,240.97824422916324,149.58842997836567,0.0009956543387771072,5.786375,0.1663749999999995,0.8318749999999967,5871.794871794871,3,dct_smooth_regression,utterance_000001,0-0-13-3,group_0,EH,1,6,ӗнтӗ,"",0.20000000000000018,йӗртеҫҫӗ,<eps>,t,#,t,SIL,final
946.7772401080148,2118.7635281704493,3127.063241341215,952.4327234740299,2161.9536541923635,3145.0290957017187,79.94648409187576,247.38038910727803,156.9438652226634,0.0009956543387771072,5.788375,0.16837500000000016,0.841875,5871.794871794871,3,dct_smooth_regression,utterance_000001,0-0-13-3,group_0,EH,1,6,ӗнтӗ,"",0.20000000000000018,йӗртеҫҫӗ,<eps>,t,#,t,SIL,final
943.0751413950289,2134.2377719817014,3136.8315426839836,955.7230103980704,2168.26916241064,3151.6476543626572,78.05459810994456,253.21357344434452,163.7943607419022,0.0009956543387771072,5.790375,0.17037499999999994,0.8518749999999989,5871.794871794871,3,dct_smooth_regression,utterance_000001,0-0-13-3,group_0,EH,1,6,ӗнтӗ,"",0.20000000000000018,йӗртеҫҫӗ,<eps>,t,#,t,SIL,final
939.1478105244115,2159.1250669663814,3154.138235025686,958.463491091514,2173.6884375984223,3157.277223539946,76.4870672062762,258.33440417703656,169.9244944540147,0.0009956543387771072,5.792375,0.17237499999999972,0.8618749999999978,5871.794871794871,3,dct_smooth_regression,utterance_000001,0-0-13-3,group_0,EH,1,6,ӗнтӗ,"",0.20000000000000018,йӗртеҫҫӗ,<eps>,t,#,t,SIL,final
938.5490015816598,2190.6306714852485,3166.161156769217,960.6546406726804,2178.127943643433,3161.85677513286,75.239381174707,262.6105972616559,175.12638961129673,0.0009956543387771072,5.794375,0.1743749999999995,0.8718749999999967,5871.794871794871,3,dct_smooth_regression,utterance_000001,0-0-13-3,group_0,EH,1,6,ӗнтӗ,"",0.20000000000000018,йӗртеҫҫӗ,<eps>,t,#,t,SIL,final
943.5931267732595,2221.1516518225612,3167.058160522526,962.2971389238556,2181.5191149190296,3165.336283429098,74.307507960199,265.9271444675105,179.2126444140563,0.0009956543387771072,5.796375,0.17637500000000017,0.8818750000000001,5871.794871794871,3,dct_smooth_regression,utterance_000001,0-0-13-3,group_0,EH,1,6,ӗнтӗ,"",0.20000000000000018,йӗртеҫҫӗ,<eps>,t,#,t,SIL,final
951.3830717668596,2225.0048448619946,3162.3094989296164,963.3916743946064,2183.8094987617574,3167.6775163734756,73.68818053698273,268.19202187820724,182.0290653646945,0.0009956543387771072,5.798375,0.17837499999999995,0.891874999999999,5871.794871794871,3,dct_smooth_regression,utterance_000001,0-0-13-3,group_0,EH,1,6,ӗнтӗ,"",0.20000000000000018,йӗртеҫҫӗ,<eps>,t,#,t,SIL,final
960.7543799308486,2205.374384595237,3164.639729177394,963.9387926264612,2184.963631459163,3168.8546425872173,73.3791067978793,269.3409760965369,183.46583807579245,0.0009956543387771072,5.800375,0.18037499999999973,0.9018749999999979,5871.794871794871,3,dct_smooth_regression,utterance_000001,0-0-13-3,group_0,EH,1,6,ӗнтӗ,"",0.20000000000000018,йӗртеҫҫӗ,<eps>,t,#,t,SIL,final
550.9039897852784,1510.3277804348595,2897.809669953536,573.7307686720055,1504.0115639892952,2885.750703408333,131.77597540057232,116.43520102977631,361.82997429552876,0.00028643973485113826,0.616375,0.0063750000000000195,0.06375000000000021,6948.717948717948,3,dct_smooth_regression,utterance_000001,0-0-1-1,group_0,AA,1,6,калӑн,"",0.09999999999999998,мӗн,<eps>,K,l,K,l,internal
563.0859200192182,1503.481440914004,2892.531610265993,576.704553885934,1504.3686688520163,2883.708872806756,130.35348331310672,116.99863962024848,359.0307137482524,0.00028643973485113826,0.618375,0.008375000000000021,0.08375000000000023,6948.717948717948,3,dct_smooth_regression,utterance_000001,0-0-1-1,group_0,AA,1,6,калӑн,"",0.09999999999999998,мӗн,<eps>,K,l,K,l,internal
578.0012199594208,1503.5920024563065,2877.0392936908543,582.4912552232387,1505.0172340402546,2879.8562579239633,127.7322780725819,118.1166979037452,353.6546078731375,0.00028643973485113826,0.620375,0.010375000000000023,0.10375000000000024,6948.717948717948,3,dct_smooth_regression,utterance_000001,0-0-1-1,group_0,AA,1,6,калӑн,"",0.09999999999999998,мӗн,<eps>,K,l,K,l,internal
594.8189523331512,1506.213364479829,2859.5727475385456,590.7827995287813,1505.832857272452,2874.6296013722854,124.3143946759381,119.77134148370354,346.1160559660822,0.00028643973485113826,0.622375,0.012375000000000025,0.12375000000000028,6948.717948717948,3,dct_smooth_regression,utterance_000001,0-0-1-1,group_0,AA,1,6,калӑн,"",0.09999999999999998,мӗн,<eps>,K,l,K,l,internal
611.2921075366688,1507.9410826898736,2847.367819132374,601.1499133717072,1506.6454097566984,2868.623421854699,120.60609529192274,121.93462413510285,336.96748604489164,0.00028643973485113826,0.624375,0.014375000000000027,0.1437500000000003,6948.717948717948,3,dct_smooth_regression,utterance_000001,0-0-1-1,group_0,AA,1,6,калӑн,"",0.09999999999999998,мӗн,<eps>,K,l,K,l,internal
627.3024486132836,1507.7851431124786,2843.0679035271755,613.0779487883101,1507.2568080553876,2862.524779735361,117.14040976910687,124.56788316293452,326.8333678709756,0.00028643973485113826,0.626375,0.01637500000000003,0.1637500000000003,6948.717948717948,3,dct_smooth_regression,utterance_000001,0-0-1-1,group_0,AA,1,6,калӑн,"",0.09999999999999998,мӗн,<eps>,K,l,K,l,internal
641.3442693678807,1506.4137051469838,2849.3682655280604,626.0090808058764,1507.4616142819589,2857.0378859713755,114.41758252354053,127.62110423318165,316.3446660535176,0.00028643973485113826,0.628375,0.01837500000000003,0.18375000000000033,6948.717948717948,3,dct_smooth_regression,utterance_000001,0-0-1-1,group_0,AA,1,6,калӑн,"",0.09999999999999998,мӗн,<eps>,K,l,K,l,internal
652.8761677431139,1504.6123036113288,2862.409188970038,639.3868448689432,1507.0682522205263,2852.8068310950603,112.87340510850923,131.03279981996127,306.0837798795319,0.00028643973485113826,0.630375,0.020375000000000032,0.20375000000000035,6948.717948717948,3,dct_smooth_regression,utterance_000001,0-0-1-1,group_0,AA,1,6,калӑн,"",0.09999999999999998,мӗн,<eps>,K,l,K,l,internal
662.4679340970987,1502.7139581042452,2874.126201639572,652.6988098688499,1505.9185679188156,2850.3449246586697,112.87340886159994,134.7307735704337,296.5455620537974,0.00028643973485113826,0.632375,0.022375000000000034,0.22375000000000037,6948.717948717948,3,dct_smooth_regression,utterance_000001,0-0-1-1,group_0,AA,1,6,калӑн,"",0.09999999999999998,мӗн,<eps>,K,l,K,l,internal
670.7406365720072,1500.7136286690247,2876.8948145241347,665.5134341744242,1503.9036517424859,2849.9784197531003,114.72313102656567,138.63411116677938,288.115284789382,0.00028643973485113826,0.634375,0.024375000000000036,0.2437500000000004,6948.717948717948,3,dct_smooth_regression,utterance_000001,0-0-1-1,group_0,AA,1,6,калӑн,"",0.09999999999999998,мӗн,<eps>,K,l,K,l,internal
678.0803849944914,1497.828581023622,2869.683175044416,677.5077985167055,1500.9742542064184,2851.810829117084,118.68213694484197,142.6566280952133,281.06081541378165,0.00028643973485113826,0.636375,0.026375000000000037,0.26375000000000043,6948.717948717948,3,dct_smooth_regression,utterance_000001,0-0-1-1,group_0,AA,1,6,калӑн,"",0.09999999999999998,мӗн,<eps>,K,l,K,l,internal
683.6535347879872,1494.2741747816938,2860.7520342054486,688.483880529206,1497.14472476017,2855.711789228104,124.97056896082368,146.71181014477352,275.53441165690055,0.00028643973485113826,0.6383749999999999,0.028374999999999928,0.28374999999999934,6948.717948717948,3,dct_smooth_regression,utterance_000001,0-0-1-1,group_0,AA,1,6,калӑн,"",0.09999999999999998,мӗн,<eps>,K,l,K,l,internal
688.1100150494607,1490.6686150889768,2858.1589614650698,698.3722276273978,1492.490115903453,2861.3317414462763,133.75977973409556,150.71901956989166,271.57938642793084,0.00028643973485113826,0.6403749999999999,0.03037499999999993,0.30374999999999935,6948.717948717948,3,dct_smooth_regression,utterance_000001,0-0-1-1,group_0,AA,1,6,калӑн,"",0.09999999999999998,мӗн,<eps>,K,l,K,l,internal
693.4236622091587,1487.5592526007795,2863.512867868683,707.2231719801903,1487.136846595177,2868.140867586742,145.1423280340208,154.6104516936296,269.13795449055675,0.00028643973485113826,0.6423749999999999,0.03237499999999993,0.32374999999999937,6948.717948717948,3,dct_smooth_regression,utterance_000001,0-0-1-1,group_0,AA,1,6,калӑн,"",0.09999999999999998,мӗн,<eps>,K,l,K,l,internal
701.1065669298649,1485.2021218644522,2873.169669850797,715.1869790597269,1481.248026681503,2875.4880501992807,159.08178235188555,158.33807861356266,268.05829131224743,0.00028643973485113826,0.6443749999999999,0.03437499999999993,0.3437499999999994,6948.717948717948,3,dct_smooth_regression,utterance_000001,0-0-1-1,group_0,AA,1,6,калӑн,"",0.09999999999999998,мӗн,<eps>,K,l,K,l,internal
711.6395649711479,1482.1128994328571,2880.220714885585,722.4854006294198,1475.0051304801314,2882.673416854501,175.350231416473,161.87968001064033,268.10072142586176,0.00028643973485113826,0.6463749999999999,0.036374999999999935,0.3637499999999994,6948.717948717948,3,dct_smooth_regression,utterance_000001,0-0-1-1,group_0,AA,1,6,калӑн,"",0.09999999999999998,мӗн,<eps>,K,l,K,l,internal
723.291641758031,1476.3288674193373,2876.6210949272945,729.3779041249838,1468.5881083414786,2889.0265151901353,193.47073383218026,165.24308898591207,268.9446393327504,0.00028643973485113826,0.6483749999999999,0.03837499999999994,0.3837499999999994,6948.717948717948,3,dct_smooth_regression,utterance_000001,0-0-1-1,group_0,AA,1,6,калӑн,"",0.09999999999999998,мӗн,<eps>,K,l,K,l,internal
734.9859526407323,1467.0696721214758,2867.9967697346738,736.1262938767383,1462.1561957657375,2893.9815180420783,212.6900591783241,168.46798469752216,270.19894247960883,0.00028643973485113826,0.6503749999999999,0.04037499999999994,0.40374999999999944,6948.717948717948,3,dct_smooth_regression,utterance_000001,0-0-1-1,group_0,AA,1,6,калӑн,"",0.09999999999999998,мӗн,<eps>,K,l,K,l,internal
746.6449603712689,1456.0241161502663,2867.2250641626542,742.9614849401266,1455.8316013209862,2897.1411484829705,232.0082324408116,171.62490162932028,271.41912581362334,0.00028643973485113826,0.6523749999999999,0.04237499999999994,0.42374999999999946,6948.717948717948,3,dct_smooth_regression,utterance_000001,0-0-1-1,group_0,AA,1,6,калӑн,"",0.09999999999999998,мӗн,<eps>,K,l,K,l,internal
757.7245036201994,1446.4852551054546,2876.776193900398,750.0558395799947,1449.6879351758964,2898.3222138915626,250.28001626664036,174.8115115407256,272.13348485215175,0.00028643973485113826,0.6543749999999999,0.04437499999999994,0.4437499999999995,6948.717948717948,3,dct_smooth_regression,utterance_000001,0-0-1-1,group_0,AA,1,6,калӑн,"",0.09999999999999998,мӗн,<eps>,K,l,K,l,internal
768.5550063426447,1439.9093352681466,2893.637153993688,757.5037738975988,1443.744713868268,2897.5776182191858,266.3792628195808,178.14656559194387,271.8789860680662,0.00028643973485113826,0.6563749999999999,0.046374999999999944,0.4637499999999995,6948.717948717948,3,dct_smooth_regression,utterance_000001,0-0-1-1,group_0,AA,1,6,калӑн,"",0.09999999999999998,мӗн,<eps>,K,l,K,l,internal
778.2833197347247,1436.2624640798888,2911.5314681660775,765.312368831387,1437.968600972358,2895.1922691588184,279.38873171401605,181.7620765981921,270.24451052543316,0.00028643973485113826,0.6583749999999999,0.048374999999999946,0.48374999999999957,6948.717948717948,3,dct_smooth_regression,utterance_000001,0-0-1-1,group_0,AA,1,6,калӑн,"",0.09999999999999998,мӗн,<eps>,K,l,K,l,internal
785.8474131638826,1432.172403527341,2921.8023209458447,773.4025847986205,1432.281291102829,2891.653136537284,288.7605717164605,185.79433831283535,266.9160392450817,0.00028643973485113826,0.6603749999999999,0.05037499999999995,0.5037499999999996,6948.717948717948,3,dct_smooth_regression,utterance_000001,0-0-1-1,group_0,AA,1,6,калӑн,"",0.09999999999999998,мӗн,<eps>,K,l,K,l,internal
789.972137737301,1424.5461489372046,2917.795329623846,781.6205074376409,1426.5731982463947,2887.5965421395626,294.3981660666949,190.37424242950414,261.7159922982402,0.00028643973485113826,0.6623749999999999,0.05237499999999995,0.5237499999999996,6948.717948717948,3,dct_smooth_regression,utterance_000001,0-0-1-1,group_0,AA,1,6,калӑн,"",0.09999999999999998,мӗн,<eps>,K,l,K,l,internal
791.7845590535997,1415.0840065968152,2904.5689401222576,789.7569703786301,1420.7214504347105,2883.738262496349,296.63771206454095,195.61713721101071,254.6284609555345,0.00028643973485113826,0.6643749999999999,0.05437499999999995,0.5437499999999996,6948.717948717948,3,dct_smooth_regression,utterance_000001,0-0-1-1,group_0,AA,1,6,калӑн,"",0.09999999999999998,мӗн,<eps>,K,l,K,l,internal
793.3162288563182,1406.9893055017073,2894.494398223053,797.573025339225,1414.6101937212934,2880.7939323309065,296.1435422970748,201.6122750051936,245.80409668244215,0.00028643973485113826,0.6663749999999999,0.05637499999999995,0.5637499999999996,6948.717948717948,3,dct_smooth_regression,utterance_000001,0-0-1-1,group_0,AA,1,6,калӑн,"",0.09999999999999998,мӗн,<eps>,K,l,K,l,internal
795.4264866186877,1402.6810961807478,2892.098589639245,804.8281518418693,1408.1509246311198,2879.3983386450045,293.75676651655505,208.41182220644384,235.54263458104248,0.00028643973485113826,0.6683749999999999,0.058374999999999955,0.5837499999999997,6948.717948717948,3,dct_smooth_regression,utterance_000001,0-0-1-1,group_0,AA,1,6,калӑн,"",0.09999999999999998,мӗн,<eps>,K,l,K,l,internal
798.6246247074876,1400.6486762822049,2889.8090553731026,811.307876604534,1401.3005338647456,2880.032371705959,290.34233711472353,216.01953586952143,224.25617252018267,0.00028643973485113826,0.6703749999999999,0.060374999999999956,0.6037499999999997,6948.717948717948,3,dct_smooth_regression,utterance_000001,0-0-1-1,group_0,AA,1,6,калӑн,"",0.09999999999999998,мӗн,<eps>,K,l,K,l,internal
803.6260386001675,1398.1456668106262,2882.2843658200045,816.8476246850194,1394.0749604797863,2882.9656273450687,286.6676741267361,224.37958565193009,212.42066785562386,0.00028643973485113826,0.672375,0.06237499999999996,0.6237499999999997,6948.717948717948,3,dct_smooth_regression,utterance_000001,0-0-1-1,group_0,AA,1,6,калӑн,"",0.09999999999999998,мӗн,<eps>,K,l,K,l,internal
810.8555805496912,1394.2409476012017,2871.8028175317672,821.3501280377235,1386.556803070241,2888.221015419691,283.32689265801565,233.3665949059009,200.5252145364498,0.00028643973485113826,0.674375,0.06437499999999996,0.6437499999999997,6948.717948717948,3,dct_smooth_regression,utterance_000001,0-0-1-1,group_0,AA,1,6,калӑн,"",0.09999999999999998,мӗн,<eps>,K,l,K,l,internal
820.6179164648473,1388.662870307321,2863.3372637186535,824.7945111700049,1378.895865559374,2895.5653964866733,280.70856185783344,242.77868326247645,189.0280134308603,0.00028643973485113826,0.676375,0.06637499999999996,0.6637499999999997,6948.717948717948,3,dct_smooth_regression,utterance_000001,0-0-1-1,group_0,AA,1,6,калӑн,"",0.09999999999999998,мӗн,<eps>,K,l,K,l,internal
830.7258625360427,1380.5796577257486,2863.0437264767015,827.2361656234933,1371.3023629909333,2904.5274924594014,278.99665343315536,252.33590945382485,178.32510233625308,0.00028643973485113826,0.678375,0.06837499999999996,0.6837499999999997,6948.717948717948,3,dct_smooth_regression,utterance_000001,0-0-1-1,group_0,AA,1,6,калӑн,"",0.09999999999999998,мӗн,<eps>,K,l,K,l,internal
839.0439541417021,1369.2600346654074,2875.4183466600825,828.7976016958576,1364.0332971614341,2914.44139547887,278.19340056756556,261.68674669593963,168.73410736367993,0.00028643973485113826,0.680375,0.07037499999999997,0.7037499999999998,6948.717948717948,3,dct_smooth_regression,utterance_000001,0-0-1-1,group_0,AA,1,6,калӑн,"",0.09999999999999998,мӗн,<eps>,K,l,K,l,internal
843.3231245784962,1355.9098034426831,2901.4359360835315,829.6515055329991,1357.3732488434207,2924.511246898699,278.1558717657428,270.4247615081272,160.4918095184487,0.00028643973485113826,0.682375,0.07237499999999997,0.7237499999999998,6948.717948717948,3,dct_smooth_regression,utterance_000001,0-0-1-1,group_0,AA,1,6,калӑн,"",0.09999999999999998,мӗн,<eps>,K,l,K,l,internal
841.2734680275306,1344.3412223548146,2933.486250468807,829.9981160475398,1351.6114432926709,2933.890371967583,278.64164485721733,278.1163008929509,153.76203476749745,0.00028643973485113826,0.684375,0.07437499999999997,0.7437499999999998,6948.717948717948,3,dct_smooth_regression,utterance_000001,0-0-1-1,group_0,AA,1,6,калӑн,"",0.09999999999999998,мӗн,<eps>,K,l,K,l,internal
833.691979891505,1338.2637959140884,2962.5503761906216,830.0396706983914,1347.0173626983387,2941.7665825460126,279.36075282545784,284.33777273928,148.6494912125535,0.00028643973485113826,0.686375,0.07637499999999997,0.7637499999999998,6948.717948717948,3,dct_smooth_regression,utterance_000001,0-0-1-1,group_0,AA,1,6,калӑн,"",0.09999999999999998,мӗн,<eps>,K,l,K,l,internal
824.9550407622484,1339.7175139905087,2979.408273777089,829.9549824843155,1343.8173577518544,2947.444670602585,280.030428379557,288.71845535606184,145.2154172835772,0.00028643973485113826,0.688375,0.07837499999999997,0.7837499999999998,6948.717948717948,3,dct_smooth_regression,utterance_000001,0-0-1-1,group_0,AA,1,6,калӑн,"",0.09999999999999998,мӗн,<eps>,K,l,K,l,internal
817.7619494872034,1345.1928922364614,2985.814770355559,829.8771694561301,1342.1746305801507,2950.4173849292474,280.4269573728959,290.98246780978303,143.4917764322866,0.00028643973485113826,0.690375,0.08037499999999997,0.8037499999999999,6948.717948717948,3,dct_smooth_regression,utterance_000001,0-0-1-1,group_0,AA,1,6,калӑн,"",0.09999999999999998,мӗн,<eps>,K,l,K,l,internal
626.4451114293861,1367.6640886110306,2004.024458920347,643.9592816981282,1365.5073908262884,2027.1369642373247,106.75463922861913,273.76956616607157,691.4644012872544,0.00015116475636975791,1.316375,0.0063750000000000195,0.07083333333333366,6589.74358974359,3,dct_smooth_regression,utterance_000001,0-0-3-3,group_0,AA,1,6,куракана,"",0.08999999999999986,<eps>,артистсемпе,R,K,R,K,internal
639.5593472980154,1365.3017371400767,2053.808136493308,647.4133311490012,1364.8980750199855,2040.5333385550712,107.28837973639557,268.881737217989,689.7431186411696,0.00015116475636975791,1.318375,0.008375000000000021,0.09305555555555593,6589.74358974359,3,dct_smooth_regression,utterance_000001,0-0-3-3,group_0,AA,1,6,куракана,"",0.08999999999999986,<eps>,артистсемпе,R,K,R,K,internal
653.704480025219,1362.609459847654,2083.7434167682427,654.0240092420523,1363.7760006677404,2066.1416531152486,108.34263454744006,259.426024031786,686.3110576058898,0.00015116475636975791,1.320375,0.010375000000000023,0.11527777777777821,6589.74358974359,3,dct_smooth_regression,utterance_000001,0-0-3-3,group_0,AA,1,6,куракана,"",0.08999999999999986,<eps>,артистсемпе,R,K,R,K,internal
668.620811283618,1360.469473124124,2104.9957154397175,663.2322291368268,1362.3212335893409,2101.7273109572307,109.88990390166887,246.02712906803322,681.1451539085176,0.00015116475636975791,1.322375,0.012375000000000025,0.13750000000000048,6589.74358974359,3,dct_smooth_regression,utterance_000001,0-0-3-3,group_0,AA,1,6,куракана,"",0.08999999999999986,<eps>,артистсемпе,R,K,R,K,internal
683.7959288320194,1359.275402801251,2132.20688435654,674.2837007629881,1360.773058504099,2144.2573485249186,111.88656411799037,229.57513555154526,674.1146651059978,0.00015116475636975791,1.324375,0.014375000000000027,0.15972222222222276,6589.74358974359,3,dct_smooth_regression,utterance_000001,0-0-3-3,group_0,AA,1,6,куракана,"",0.08999999999999986,<eps>,артистсемпе,R,K,R,K,internal
697.2657784778584,1358.9300834684834,2171.803342530527,686.3167437265921,1359.3978093196995,2190.238471491405,114.2707093174122,211.15207714444082,664.902180805715,0.00015116475636975791,1.326375,0.01637500000000003,0.18194444444444505,6589.74358974359,3,dct_smooth_regression,utterance_000001,0-0-3-3,group_0,AA,1,6,куракана,"",0.08999999999999986,<eps>,артистсемпе,R,K,R,K,internal
708.8416131317923,1359.189997285607,2224.603528184585,698.459145310102,1358.4532604312683,2236.099617481998,116.96042659445577,191.9246569057057,652.9513219983066,0.00015116475636975791,1.328375,0.01837500000000003,0.20416666666666733,6589.74358974359,3,dct_smooth_regression,utterance_000001,0-0-3-3,group_0,AA,1,6,куракана,"",0.08999999999999986,<eps>,артистсемпе,R,K,R,K,internal
717.629849843849,1359.5148453493887,2284.265773360043,709.9206053668988,1358.1544759272797,2278.5723643930523,119.85344542194946,173.01934992773124,637.473438964196,0.00015116475636975791,1.330375,0.020375000000000032,0.2263888888888896,6589.74358974359,3,dct_smooth_regression,utterance_000001,0-0-3-3,group_0,AA,1,6,куракана,"",0.08999999999999986,<eps>,артистсемпе,R,K,R,K,internal
722.7514787326097,1359.9087215135537,2333.8154922158405,720.068118966657,1358.6457823589324,2315.0235978377964,122.82917638930809,155.40811222209328,617.5390166980584,0.00015116475636975791,1.332375,0.022375000000000034,0.24861111111111187,6589.74358974359,3,dct_smooth_regression,utterance_000001,0-0-3-3,group_0,AA,1,6,куракана,"",0.08999999999999986,<eps>,артистсемпе,R,K,R,K,internal
726.0445042912622,1361.1808247783872,2369.463249402484,728.4743008961909,1359.9826470129794,2343.7017954962876,125.75400311581639,139.83260754407624,592.2624074258538,0.00015116475636975791,1.334375,0.024375000000000036,0.27083333333333415,6589.74358974359,3,dct_smooth_regression,utterance_000001,0-0-3-3,group_0,AA,1,6,куракана,"",0.08999999999999986,<eps>,артистсемпе,R,K,R,K,internal
728.6279735764193,1362.934174149173,2386.0315841311576,734.9327657502977,1362.125834328531,2363.8700816460523,128.49023078272015,126.78177780397125,561.0586717238247,0.00015116475636975791,1.336375,0.026375000000000037,0.2930555555555564,6589.74358974359,3,dct_smooth_regression,utterance_000001,0-0-3-3,group_0,AA,1,6,куракана,"",0.08999999999999986,<eps>,артистсемпе,R,K,R,K,internal
730.8352207604996,1364.6725892513691,2384.7920436276527,739.4396416271362,1364.9484792154528,2375.814212788805,130.9083185436878,116.51914222725757,523.9130927588827,0.00015116475636975791,1.338375,0.02837500000000004,0.3152777777777787,6589.74358974359,3,dct_smooth_regression,utterance_000001,0-0-3-3,group_0,AA,1,6,куракана,"",0.08999999999999986,<eps>,артистсемпе,R,K,R,K,internal
733.2550398314354,1366.657650466727,2371.4042477568505,742.1453857539461,1368.2549039551825,2380.7298256080803,132.90105791576877,109.14189269760925,481.5732267253643,0.00015116475636975791,1.340375,0.03037500000000004,0.33750000000000097,6589.74358974359,3,dct_smooth_regression,utterance_000001,0-0-3-3,group_0,AA,1,6,куракана,"",0.08999999999999986,<eps>,артистсемпе,R,K,R,K,internal
736.0037457420392,1369.1010889770887,2353.5476397473185,743.2855369051824,1371.8083717408872,2380.508437103337,134.39747662266316,104.64873713588726,435.5739246160517,0.00015116475636975791,1.342375,0.03237500000000004,0.3597222222222233,6589.74358974359,3,dct_smooth_regression,utterance_000001,0-0-3-3,group_0,AA,1,6,куракана,"",0.08999999999999986,<eps>,артистсемпе,R,K,R,K,internal
739.1936046488206,1372.722412114438,2343.152924880547,743.1022203638558,1375.3637451161665,2377.4538343209174,135.3737926707499,102.99629493518027,388.0530394062709,0.00015116475636975791,1.344375,0.034375000000000044,0.38194444444444553,6589.74358974359,3,dct_smooth_regression,utterance_000001,0-0-3-3,group_0,AA,1,6,куракана,"",0.08999999999999986,<eps>,артистсемпе,R,K,R,K,internal
742.2792476744935,1378.0055467259574,2348.878992232035,741.7696392484387,1378.7003729847747,2373.9680759025728,135.85898748900382,104.13001027067283,341.3972492208088,0.00015116475636975791,1.346375,0.036375000000000046,0.4041666666666678,6589.74358974359,3,dct_smooth_regression,utterance_000001,0-0-3-3,group_0,AA,1,6,куракана,"",0.08999999999999986,<eps>,артистсемпе,R,K,R,K,internal
743.4961422140764,1383.3699425298844,2364.21480712633,739.336219206716,1381.6505536499365,2372.248452689096,135.93354571925252,107.98117330539151,297.83168987856203,0.00015116475636975791,1.348375,0.03837500000000005,0.4263888888888901,6589.74358974359,3,dct_smooth_regression,utterance_000001,0-0-3-3,group_0,AA,1,6,куракана,"",0.08999999999999986,<eps>,артистсемпе,R,K,R,K,internal
741.5852869165857,1387.3388617530713,2381.789883587143,735.6935885360759,1384.119606131314,2374.0332908746573,135.72135404210755,114.42621902173934,259.08869579010656,0.00015116475636975791,1.350375,0.04037500000000005,0.44861111111111235,6589.74358974359,3,dct_smooth_regression,utterance_000001,0-0-3-3,group_0,AA,1,6,куракана,"",0.08999999999999986,<eps>,артистсемпе,R,K,R,K,internal
736.2220447765603,1389.3663428844438,2400.1140284574053,730.5785204535821,1386.0948262560667,2380.426072226375,135.37617761062623,123.21090454801173,226.2471054444062,0.00015116475636975791,1.352375,0.04237500000000005,0.47083333333333466,6589.74358974359,3,dct_smooth_regression,utterance_000001,0-0-3-3,group_0,AA,1,6,куракана,"",0.08999999999999986,<eps>,артистсемпе,R,K,R,K,internal
728.6884331826216,1389.8028418761937,2417.0308298769837,723.6089186300578,1387.6422268105798,2391.8153037849943,135.0650569496208,133.85440921805073,199.7545041839578,0.00015116475636975791,1.354375,0.04437500000000005,0.4930555555555569,6589.74358974359,3,dct_smooth_regression,utterance_000001,0-0-3-3,group_0,AA,1,6,куракана,"",0.08999999999999986,<eps>,артистсемпе,R,K,R,K,internal
718.8778218020926,1389.3103238498543,2431.9623408481457,714.3496213415792,1388.8917281904066,2407.8936785460883,134.95113354991759,145.56788779065295,179.5779269881331,0.00015116475636975791,1.356375,0.046375000000000055,0.5152777777777792,6589.74358974359,3,dct_smooth_regression,utterance_000001,0-0-3-3,group_0,AA,1,6,куракана,"",0.08999999999999986,<eps>,артистсемпе,R,K,R,K,internal
705.0805276373343,1387.9082150449606,2444.147750913382,702.3990092945522,1390.0131237122189,2427.7663252260336,135.1778905968864,157.24072177058486,165.40285738989542,0.00015116475636975791,1.358375,0.04837500000000006,0.5375000000000014,6589.74358974359,3,dct_smooth_regression,utterance_000001,0-0-3-3,group_0,AA,1,6,куракана,"",0.08999999999999986,<eps>,артистсемпе,R,K,R,K,internal
688.0352347860286,1386.9348547424097,2454.499427603133,687.4838367785513,1391.186455044114,2450.12627149102,135.855920261028,167.54712039816525,156.81269052257747,0.00015116475636975791,1.3603750000000001,0.05037500000000006,0.5597222222222238,6589.74358974359,3,dct_smooth_regression,utterance_000001,0-0-3-3,group_0,AA,1,6,куракана,"",0.08999999999999986,<eps>,артистсемпе,R,K,R,K,internal
667.3720546601155,1388.590920367859,2467.1769150992563,669.5479057124663,1392.5712117252249,2473.4672176203894,137.05252061424412,175.1870491000384,153.4092225207383,0.00015116475636975791,1.3623750000000001,0.05237500000000006,0.581944444444446,6589.74358974359,3,dct_smooth_regression,utterance_000001,0-0-3-3,group_0,AA,1,6,куракана,"",0.08999999999999986,<eps>,артистсемпе,R,K,R,K,internal
645.2348090841208,1392.684076856477,2481.5155489092413,648.8204596009416,1394.2789053513177,2496.3003497851073,138.78401027952424,179.20289787819712,154.85900641416043,0.00015116475636975791,1.3643750000000001,0.05437500000000006,0.6041666666666683,6589.74358974359,3,dct_smooth_regression,utterance_000001,0-0-3-3,group_0,AA,1,6,куракана,"",0.08999999999999986,<eps>,артистсемпе,R,K,R,K,internal
621.3168457399213,1397.2102005471277,2497.44761768042,625.852489380891,1396.3530471992435,2517.34353004227,141.01075443913726,179.24863610854973,160.8630348373468,0.00015116475636975791,1.3663750000000001,0.056375000000000064,0.6263888888888905,6589.74358974359,3,dct_smooth_regression,utterance_000001,0-0-3-3,group_0,AA,1,6,куракана,"",0.08999999999999986,<eps>,артистсемпе,R,K,R,K,internal
595.3600457529583,1400.869583910801,2516.276878728016,601.513220847771,1398.7594560751606,2535.6573710719344,143.6354255074684,175.68745078473924,171.05274198792483,0.00015116475636975791,1.3683750000000001,0.058375000000000066,0.6486111111111128,6589.74358974359,3,dct_smooth_regression,utterance_000001,0-0-3-3,group_0,AA,1,6,куракана,"",0.08999999999999986,<eps>,артистсемпе,R,K,R,K,internal
571.2687534232035,1403.7266632311973,2536.4949321195545,576.944343950617,1401.3883024475856,2550.7123701760584,146.50568722999876,169.47314688455108,184.82491025414282,0.00015116475636975791,1.3703750000000001,0.06037500000000007,0.6708333333333352,6589.74358974359,3,dct_smooth_regression,utterance_000001,0-0-3-3,group_0,AA,1,6,куракана,"",0.08999999999999986,<eps>,артистсемпе,R,K,R,K,internal
550.1310060670914,1406.9955459957334,2556.820508562961,553.4753190624753,1404.0675767078244,2562.3828848570365,149.42287940937936,161.879094051623,201.1524056108719,0.00015116475636975791,1.3723750000000001,0.06237500000000007,0.6930555555555574,6589.74358974359,3,dct_smooth_regression,utterance_000001,0-0-3-3,group_0,AA,1,6,куракана,"",0.08999999999999986,<eps>,артистсемпе,R,K,R,K,internal
531.6363789701844,1410.5730185512364,2575.358788181272,532.5085490657964,1406.586002746345,2570.8754767732735,152.1579708798337,154.199975663482,218.4470529145177,0.00015116475636975791,1.3743750000000001,0.06437500000000007,0.7152777777777797,6589.74358974359,3,dct_smooth_regression,utterance_000001,0-0-3-3,group_0,AA,1,6,куракана,"",0.08999999999999986,<eps>,артистсемпе,R,K,R,K,internal
517.5468209793413,1411.4486987046366,2588.0677905208913,515.3875704229598,1408.7220439049847,2576.6092470866342,154.47479221422023,147.5331657181726,234.58379812612102,0.00015116475636975791,1.3763750000000001,0.06637500000000007,0.7375000000000019,6589.74358974359,3,dct_smooth_regression,utterance_000001,0-0-3-3,group_0,AA,1,6,куракана,"",0.08999999999999986,<eps>,артистсемпе,R,K,R,K,internal
508.8512321967821,1408.582165858028,2592.9780408680303,503.2640689146669,1410.2747649306632,2580.0727328872017,156.15848870493784,142.6789049891713,247.17812482975387,0.00015116475636975791,1.3783750000000001,0.06837500000000007,0.7597222222222242,6589.74358974359,3,dct_smooth_regression,utterance_000001,0-0-3-3,group_0,AA,1,6,куракана,"",0.08999999999999986,<eps>,артистсемпе,R,K,R,K,internal
503.01320195482543,1403.9529672812082,2588.758718792805,496.98007861918535,1411.092047707838,2581.684733323883,157.04487209145006,140.13522240808155,254.10707830133003,0.00015116475636975791,1.3803750000000001,0.07037500000000008,0.7819444444444466,6589.74358974359,3,dct_smooth_regression,utterance_000001,0-0-3-3,group_0,AA,1,6,куракана,"",0.08999999999999986,<eps>,артистсемпе,R,K,R,K,internal
634.8049958433428,1719.164931550596,2973.408368421407,638.8862210632918,1723.2456479605046,2976.33016504585,122.42915059193358,183.64099498888905,232.63163539994846,0.000014305888200529845,1.466375,0.0063750000000000195,0.10625000000000025,6769.2307692307695,3,dct_smooth_regression,utterance_000001,0-0-3-5,group_0,AA,1,6,куракана,"",0.06000000000000005,<eps>,артистсемпе,K,N,K,N,internal
645.0510253790486,1723.4101490760497,2983.0273212925676,643.467077010241,1723.9714911672047,2979.071511003216,125.13687611035645,184.33374614679107,238.52521989747444,0.000014305888200529845,1.468375,0.008375000000000021,0.1395833333333336,6769.2307692307695,3,dct_smooth_regression,utterance_000001,0-0-3-5,group_0,AA,1,6,куракана,"",0.06000000000000005,<eps>,артистсемпе,K,N,K,N,internal
654.7729872065985,1727.9954134905186,2986.122647197894,651.9112415662964,1725.7035627641458,2984.2358372864023,130.28032215270267,184.73898838926976,246.7135112326228,0.000014305888200529845,1.470375,0.010375000000000023,0.1729166666666669,6769.2307692307695,3,dct_smooth_regression,utterance_000001,0-0-3-5,group_0,AA,1,6,куракана,"",0.06000000000000005,<eps>,артистсемпе,K,N,K,N,internal
664.9419363964015,1732.6563689047523,2988.8086170715173,662.9630707267145,1728.8809784010853,2991.1271814196575,137.32372981741665,183.42925597695498,251.0429741075751,0.000014305888200529845,1.472375,0.012375000000000025,0.20625000000000027,6769.2307692307695,3,dct_smooth_regression,utterance_000001,0-0-3-5,group_0,AA,1,6,куракана,"",0.06000000000000005,<eps>,артистсемпе,K,N,K,N,internal
675.0560199995919,1736.7194534884975,2995.5446095267707,675.1226691634512,1733.895009677078,2998.6303660629087,145.51157298037032,179.41044343696646,245.77182138900653,0.000014305888200529845,1.474375,0.014375000000000027,0.2395833333333336,6769.2307692307695,3,dct_smooth_regression,utterance_000001,0-0-3-5,group_0,AA,1,6,куракана,"",0.06000000000000005,<eps>,артистсемпе,K,N,K,N,internal
685.2449958396431,1740.9309130565707,3005.027504791285,686.9520323788969,1740.861299172388,3005.2923836901673,153.9721374364656,172.86399756903623,229.46973928278425,0.000014305888200529845,1.476375,0.01637500000000003,0.2729166666666669,6769.2307692307695,3,dct_smooth_regression,utterance_000001,0-0-3-5,group_0,AA,1,6,куракана,"",0.06000000000000005,<eps>,артистсемпе,K,N,K,N,internal
695.1999902914395,1746.655991922501,3012.3769991570744,697.2976016137535,1749.4443643018265,3009.5899274192197,161.86422936669638,165.21243376688653,206.30432897419732,0.000014305888200529845,1.478375,0.01837500000000003,0.30625000000000024,6769.2307692307695,3,dct_smooth_regression,utterance_000001,0-0-3-5,group_0,AA,1,6,куракана,"",0.06000000000000005,<eps>,артистсемпе,K,N,K,N,internal
704.4354226440612,1754.763789651337,3013.3235863885343,705.378437633786,1758.7972768877532,3010.3493742412747,168.50737412647052,158.46625869685786,183.15431907060582,0.000014305888200529845,1.480375,0.020375000000000032,0.3395833333333336,6769.2307692307695,3,dct_smooth_regression,utterance_000001,0-0-3-5,group_0,AA,1,6,куракана,"",0.06000000000000005,<eps>,артистсемпе,K,N,K,N,internal
711.9913269456545,1764.9428257990044,3006.9984284734787,710.7514237528203,1767.6503624728246,3007.1823011508827,173.43761774484346,154.36779986650762,165.6819324653826,0.000014305888200529845,1.482375,0.022375000000000034,0.37291666666666695,6769.2307692307695,3,dct_smooth_regression,utterance_000001,0-0-3-5,group_0,AA,1,6,куракана,"",0.06000000000000005,<eps>,артистсемпе,K,N,K,N,internal
715.8183258236877,1775.4444892734232,2997.2948179961772,713.215332283318,1774.5422470236347,3000.7468418041985,176.38534437971532,153.82254833119694,156.70503170645927,0.000014305888200529845,1.484375,0.024375000000000036,0.4062500000000003,6769.2307692307695,3,dct_smooth_regression,utterance_000001,0-0-3-5,group_0,AA,1,6,куракана,"",0.06000000000000005,<eps>,артистсемпе,K,N,K,N,internal
714.0380407470071,1782.5735711439106,2989.784281011728,712.7316678578125,1778.1450521652635,2992.6794664327217,177.23020607237115,156.69410097124913,156.69210283572912,0.000014305888200529845,1.486375,0.026375000000000037,0.4395833333333336,6769.2307692307695,3,dct_smooth_regression,utterance_000001,0-0-3-5,group_0,AA,1,6,куракана,"",0.06000000000000005,<eps>,артистсемпе,K,N,K,N,internal
707.9003729279673,1782.273201931581,2986.1486893905235,709.4160919809573,1777.6044357496019,2985.159161942718,175.99690834774773,161.83905224042022,164.56715411473277,0.000014305888200529845,1.488375,0.02837500000000004,0.47291666666666693,6769.2307692307695,3,dct_smooth_regression,utterance_000001,0-0-3-5,group_0,AA,1,6,куракана,"",0.06000000000000005,<eps>,артистсемпе,K,N,K,N,internal
700.9709346073676,1773.8814699800976,2984.063708466832,703.603300567249,1772.803843123792,2980.220708634467,172.90690025620972,167.39605428702478,177.96839297020625,0.000014305888200529845,1.490375,0.03037500000000004,0.5062500000000003,6769.2307692307695,3,dct_smooth_regression,utterance_000001,0-0-3-5,group_0,AA,1,6,куракана,"",0.06000000000000005,<eps>,артистсемпе,K,N,K,N,internal
694.8941526689281,1760.9753508268004,2981.62416084355,695.9365066905231,1764.4752739524736,2979.0572032300083,168.4374242776787,171.44139208499354,193.41099857875415,0.000014305888200529845,1.492375,0.03237500000000004,0.5395833333333336,6769.2307692307695,3,dct_smooth_regression,utterance_000001,0-0-3-5,group_0,AA,1,6,куракана,"",0.06000000000000005,<eps>,артистсемпе,K,N,K,N,internal
688.9322023512119,1748.8224716820064,2979.878686843388,687.4064223006478,1754.1140749497506,2981.583951044298,163.31592535264045,172.8570968844682,207.16379970309225,0.000014305888200529845,1.494375,0.034375000000000044,0.572916666666667,6769.2307692307695,3,dct_smooth_regression,utterance_000001,0-0-3-5,group_0,AA,1,6,куракана,"",0.06000000000000005,<eps>,артистсемпе,K,N,K,N,internal
681.9224642839507,1740.6904111415902,2981.806558575457,679.2777775648847,1743.7043247657075,2986.453437650181,158.4162952038287,171.86619379947658,216.76145629278906,0.000014305888200529845,1.496375,0.036375000000000046,0.6062500000000003,6769.2307692307695,3,dct_smooth_regression,utterance_000001,0-0-3-5,group_0,AA,1,6,куракана,"",0.06000000000000005,<eps>,артистсемпе,K,N,K,N,internal
674.2787830648199,1736.9560042069602,2988.950587568024,672.8889098388678,1735.3114465273754,2991.5416293854905,154.5896842883444,169.794590907434,221.91322927347312,0.000014305888200529845,1.498375,0.03837500000000005,0.6395833333333336,6769.2307692307695,3,dct_smooth_regression,utterance_000001,0-0-3-5,group_0,AA,1,6,куракана,"",0.06000000000000005,<eps>,артистсемпе,K,N,K,N,internal
666.3218275633232,1734.9298440052487,2999.7990780506566,669.3700205905333,1730.6359600690346,2994.7372036231977,152.4977292468357,168.24264763999108,223.875439790506,0.000014305888200529845,1.500375,0.04037500000000005,0.6729166666666669,6769.2307692307695,3,dct_smooth_regression,utterance_000001,0-0-3-5,group_0,AA,1,6,куракана,"",0.06000000000000005,<eps>,артистсемпе,K,N,K,N,internal
752.5744164183078,1769.918075514769,3090.623714530409,817.6821536002132,1801.3673109042181,3119.3507467551644,200.61254793412064,78.5101696376064,95.01966487829445,0.001088231893101515,1.606375,0.0063750000000000195,0.03984375000000014,6769.2307692307695,3,dct_smooth_regression,utterance_000001,0-0-3-7,group_0,AA,1,6,куракана,"",0.15999999999999992,<eps>,артистсемпе,N,#,N,AA,final
764.928049814371,1775.5154373057374,3090.554258851713,818.0171747889098,1800.5024682615851,3118.862665682359,200.07280208039313,78.77429708665238,97.36548366665102,0.001088231893101515,1.608375,0.008375000000000021,0.05234375000000016,6769.2307692307695,3,dct_smooth_regression,utterance_000001,0-0-3-7,group_0,AA,1,6,куракана,"",0.15999999999999992,<eps>,артистсемпе,N,#,N,AA,final
782.7303051767753,1784.0015347031633,3087.317522634329,818.6846887922402,1798.7935256649012,3117.885722628585,199.00866080091018,79.30544486183035,102.16512985209381,0.001088231893101515,1.6103750000000001,0.010375000000000023,0.06484375000000019,6769.2307692307695,3,dct_smooth_regression,utterance_000001,0-0-3-7,group_0,AA,1,6,куракана,"",0.15999999999999992,<eps>,артистсемпе,N,#,N,AA,final
803.1254364864634,1792.311989254407,3083.264873571078,819.679705230929,1796.2813626120183,3116.4183919058155,197.45001033769123,80.10932684788497,109.63370308085109,0.001088231893101515,1.6123750000000001,0.012375000000000025,0.0773437500000002,6769.2307692307695,3,dct_smooth_regression,utterance_000001,0-0-3-7,group_0,AA,1,6,куракана,"",0.15999999999999992,<eps>,артистсемпе,N,#,N,AA,final
822.3364109574596,1798.6336147643435,3083.034442062803,820.9949019903414,1793.0258026239267,3114.458475438354,195.43971502436722,81.19432999752624,120.08984655038172,0.001088231893101515,1.6143750000000001,0.014375000000000027,0.08984375000000022,6769.2307692307695,3,dct_smooth_regression,utterance_000001,0-0-3-7,group_0,AA,1,6,куракана,"",0.15999999999999992,<eps>,артистсемпе,N,#,N,AA,final
835.8812661743606,1802.1545495262299,3090.044345958386,822.6208145471851,1789.103870880894,3112.0032116486927,193.03145000874977,82.57128173055108,133.94608036733482,0.001088231893101515,1.6163750000000001,0.01637500000000003,0.10234375000000023,6769.2307692307695,3,dct_smooth_regression,utterance_000001,0-0-3-7,group_0,AA,1,6,куракана,"",0.15999999999999992,<eps>,артистсемпе,N,#,N,AA,final
844.2722467145868,1802.8417956012372,3101.3647397575683,824.5460773123705,1784.6075567552082,3109.0494210803035,190.28710282431425,84.25311939319229,151.6877539941037,0.001088231893101515,1.6183750000000001,0.01837500000000003,0.11484375000000026,6769.2307692307695,3,dct_smooth_regression,utterance_000001,0-0-3-7,group_0,AA,1,6,куракана,"",0.15999999999999992,<eps>,артистсемпе,N,#,N,AA,final
850.8977388913162,1800.7510628955056,3111.5824607683257,826.7577080143781,1779.64115109337,3105.593688898578,187.273945157748,86.25444356537766,173.83392666030156,0.001088231893101515,1.6203750000000001,0.020375000000000032,0.12734375000000028,6769.2307692307695,3,dct_smooth_regression,utterance_000001,0-0-3-7,group_0,AA,1,6,куракана,"",0.15999999999999992,<eps>,артистсемпе,N,#,N,AA,final
857.0434223184794,1796.246494939208,3118.7554057138586,829.2414245464653,1774.3182412155302,3101.6325841648113,184.06177614363088,88.59093211005907,200.87311839571782,0.001088231893101515,1.6223750000000001,0.022375000000000034,0.1398437500000003,6769.2307692307695,3,dct_smooth_regression,utterance_000001,0-0-3-7,group_0,AA,1,6,куракана,"",0.15999999999999992,<eps>,артистсемпе,N,#,N,AA,final
860.9818361081723,1790.2601708580548,3124.271068069983,831.9819824943359,1768.7584570294428,3097.162915366828,180.720217994207,91.27858759424899,233.1686763461179,0.001088231893101515,1.6243750000000001,0.024375000000000036,0.1523437500000003,6769.2307692307695,3,dct_smooth_regression,utterance_000001,0-0-3-7,group_0,AA,1,6,куракана,"",0.15999999999999992,<eps>,артистсемпе,N,#,N,AA,final
862.2787796785394,1783.9177522490777,3129.5885561512027,834.9635207946582,1763.0840690670927,3092.18202110206,177.31630887998617,94.33278802159896,270.8337214501112,0.001088231893101515,1.6263750000000001,0.026375000000000037,0.16484375000000032,6769.2307692307695,3,dct_smooth_regression,utterance_000001,0-0-3-7,group_0,AA,1,6,куракана,"",0.15999999999999992,<eps>,артистсемпе,N,#,N,AA,final
863.6154022513689,1777.4525917123249,3134.1404319504145,838.169902679273,1757.4165434111342,3086.688094043354,173.91249331733482,97.76711103310693,313.5850610321528,0.001088231893101515,1.6283750000000001,0.02837500000000004,0.17734375000000036,6769.2307692307695,3,dct_smooth_regression,utterance_000001,0-0-3-7,group_0,AA,1,6,куракана,"",0.15999999999999992,<eps>,артистсемпе,N,#,N,AA,final
866.9430524623126,1769.7708518999202,3135.897105329366,841.5850392483127,1751.8731592593717,3080.6805353839545,170.56506365432574,101.59190655618544,360.59841808334704,0.001088231893101515,1.6303750000000001,0.03037500000000004,0.18984375000000037,6769.2307692307695,3,dct_smooth_regression,utterance_000001,0-0-3-7,group_0,AA,1,6,куракана,"",0.15999999999999992,<eps>,артистсемпе,N,#,N,AA,final
870.9534108253763,1758.9817046580042,3132.101660533662,845.1931836833951,1746.5637922640858,3074.1603358762964,167.32306339847415,105.81260428501018,410.400774638027,0.001088231893101515,1.6323750000000001,0.03237500000000004,0.20234375000000038,6769.2307692307695,3,dct_smooth_regression,utterance_000001,0-0-3-7,group_0,AA,1,6,куракана,"",0.15999999999999992,<eps>,артистсемпе,N,#,N,AA,final
871.9836836265017,1743.5502951090853,3121.88574627468,848.9791852377158,1741.5879608760438,3067.130478380026,164.2276282678471,110.42776238289439,460.84386433989346,0.001088231893101515,1.6343750000000001,0.034375000000000044,0.2148437500000004,6769.2307692307695,3,dct_smooth_regression,utterance_000001,0-0-3-7,group_0,AA,1,6,куракана,"",0.15999999999999992,<eps>,артистсемпе,N,#,N,AA,final
868.7548595789448,1723.9114802942156,3102.835991706103,852.9286936846587,1737.0322239257573,3059.59635555836,161.3117162101221,115.42689410760141,509.19897054691785,0.001088231893101515,1.6363750000000001,0.036375000000000046,0.22734375000000043,6769.2307692307695,3,dct_smooth_regression,utterance_000001,0-0-3-7,group_0,AA,1,6,куракана,"",0.15999999999999992,<eps>,артистсемпе,N,#,N,AA,final
865.3352430652787,1706.4291585380793,3070.5511107234515,857.0283068163839,1732.9680058931817,3051.5661950567423,158.60016364495274,120.78815046537407,552.3923837432386,0.001088231893101515,1.6383750000000001,0.03837500000000005,0.23984375000000044,6769.2307692307695,3,dct_smooth_regression,utterance_000001,0-0-3-7,group_0,AA,1,6,куракана,"",0.15999999999999992,<eps>,артистсемпе,N,#,N,AA,final
864.2424467218394,1695.031695805748,3038.4876524771535,861.2656557910908,1729.449912148684,3043.051483218825,156.11000082338674,126.4759886305169,587.3645369268668,0.001088231893101515,1.6403750000000001,0.04037500000000005,0.2523437500000005,6769.2307692307695,3,dct_smooth_regression,utterance_000001,0-0-3-7,group_0,AA,1,6,куракана,"",0.15999999999999992,<eps>,артистсемпе,N,#,N,AA,final
865.3863221354542,1690.557317952175,3020.1137874773735,865.6294255533184,1726.5145803669263,3034.067377201345,153.850962497169,132.43901434766676,611.4938555450079,0.001088231893101515,1.6423750000000001,0.04237500000000005,0.2648437500000005,6769.2307692307695,3,dct_smooth_regression,utterance_000001,0-0-3-7,group_0,AA,1,6,куракана,"",0.15999999999999992,<eps>,артистсемпе,N,#,N,AA,final
867.400301592925,1690.6569282617259,3012.656525592681,870.1093101083163,1724.1800968569023,3024.6330943031576,151.8261386317853,138.6082452322079,622.9949395972451,0.001088231893101515,1.6443750000000001,0.04437500000000005,0.2773437500000005,6769.2307692307695,3,dct_smooth_regression,utterance_000001,0-0-3-7,group_0,AA,1,6,куракана,"",0.15999999999999992,<eps>,артистсемпе,N,#,N,AA,final
868.9310826311429,1692.3992955019821,3006.816540039114,874.6959050262635,1722.4459882945368,3014.772266485768,150.03272122152822,144.89609057901927,621.1953406404974,0.001088231893101515,1.6463750000000001,0.046375000000000055,0.2898437500000005,6769.2307692307695,3,dct_smooth_regression,utterance_000001,0-0-3-7,group_0,AA,1,6,куракана,"",0.15999999999999992,<eps>,артистсемпе,N,#,N,AA,final
869.6493347892463,1695.0105419435959,2992.132713778088,879.3805420898786,1721.293780891687,3004.5132474915295,148.46281516836493,151.196368630493,606.6220572514351,0.001088231893101515,1.6483750000000001,0.04837500000000006,0.3023437500000005,6769.2307692307695,3,dct_smooth_regression,utterance_000001,0-0-3-7,group_0,AA,1,6,куракана,"",0.15999999999999992,<eps>,артистсемпе,N,#,N,AA,final
870.5135324447158,1700.1721677604885,2961.992081360133,884.1550733858418,1720.6881009934764,2993.889359714339,147.1042918952241,157.38566938917046,580.8799831357805,0.001088231893101515,1.6503750000000001,0.05037500000000006,0.31484375000000053,6769.2307692307695,3,dct_smooth_regression,utterance_000001,0-0-3-7,group_0,AA,1,6,куракана,"",0.15999999999999992,<eps>,артистсемпе,N,#,N,AA,final
872.504625380856,1708.8724285965454,2925.034469345429,889.0116142870859,1720.5782740545117,2982.939068091197,145.94167261778966,163.32630660445648,546.3607179972489,0.001088231893101515,1.6523750000000001,0.05237500000000006,0.32734375000000054,6769.2307692307695,3,dct_smooth_regression,utterance_000001,0-0-3-7,group_0,AA,1,6,куракана,"",0.15999999999999992,<eps>,артистсемпе,N,#,N,AA,final
875.4496742686208,1719.8693430261712,2899.2804490972962,893.942256597763,1720.900363457422,2971.7060687964236,144.95703326832108,168.87097869918915,505.8603714553095,0.001088231893101515,1.6543750000000002,0.05437500000000006,0.33984375000000056,6769.2307692307695,3,dct_smooth_regression,utterance_000001,0-0-3-7,group_0,AA,1,6,куракана,"",0.15999999999999992,<eps>,артистсемпе,N,#,N,AA,final
879.1690709630467,1732.400294707909,2889.8279194206693,898.9387645646193,1721.579577203578,2960.2392814566433,144.13092473528644,173.86907733296607,462.1965652695032,0.001088231893101515,1.6563750000000002,0.056375000000000064,0.3523437500000006,6769.2307692307695,3,dct_smooth_regression,utterance_000001,0-0-3-7,group_0,AA,1,6,куракана,"",0.15999999999999992,<eps>,артистсемпе,N,#,N,AA,final
884.243089837754,1747.4900631884987,2892.500485628634,903.9922674399056,1722.5329595540763,2948.5927349729736,143.44330061134983,178.17435972788007,417.89830255489846,0.001088231893101515,1.6583750000000002,0.058375000000000066,0.36484375000000063,6769.2307692307695,3,dct_smooth_regression,utterance_000001,0-0-3-7,group_0,AA,1,6,куракана,"",0.15999999999999992,<eps>,артистсемпе,N,#,N,AA,final
890.9700724615916,1765.545192366963,2906.6851453364534,909.0929627695683,1723.6722765724262,2936.8253388318653,142.87444069980455,181.65346689353856,375.0089728607125,0.001088231893101515,1.6603750000000002,0.06037500000000007,0.37734375000000064,6769.2307692307695,3,dct_smooth_regression,utterance_000001,0-0-3-7,group_0,AA,1,6,куракана,"",0.15999999999999992,<eps>,артистсемпе,N,#,N,AA,final
898.8014923161575,1781.6876337600784,2931.894370990103,914.2298445510529,1724.906999466102,2925.0005339866,142.4058531138621,184.1945658601738,335.0072847293981,0.001088231893101515,1.6623750000000002,0.06237500000000007,0.38984375000000066,6769.2307692307695,3,dct_smooth_regression,utterance_000001,0-0-3-7,group_0,AA,1,6,куракана,"",0.15999999999999992,<eps>,артистсемпе,N,#,N,AA,final
908.3780715130453,1791.2638729085197,2956.456589420981,919.390469850481,1726.1472877853737,2913.1858199612066,142.02113212230233,185.7152651576898,298.8247067917832,0.001088231893101515,1.6643750000000002,0.06437500000000007,0.40234375000000067,6769.2307692307695,3,dct_smooth_regression,utterance_000001,0-0-3-7,group_0,AA,1,6,куракана,"",0.15999999999999992,<eps>,артистсемпе,N,#,N,AA,final
918.3166075097113,1789.4732641404612,2961.0073657043376,924.560776400537,1727.306875949616,2901.4521577158634,141.70674421428592,186.16893732201694,266.9256136183364,0.001088231893101515,1.6663750000000002,0.06637500000000007,0.4148437500000007,6769.2307692307695,3,dct_smooth_regression,utterance_000001,0-0-3-7,group_0,AA,1,6,куракана,"",0.15999999999999992,<eps>,артистсемпе,N,#,N,AA,final
925.7003776334246,1773.5031305944406,2940.84687486857,929.7249621477583,1728.305771159555,2889.8732509520905,141.45271231929027,185.54870014959613,239.41623322089626,0.001088231893101515,1.668375,0.06837499999999985,0.4273437499999993,6769.2307692307695,3,dct_smooth_regression,utterance_000001,0-0-3-7,group_0,AA,1,6,куракана,"",0.15999999999999992,<eps>,артистсемпе,N,#,N,AA,final
929.0764137307726,1745.0684578812532,2904.7595614778566,934.8654357280551,1729.0726783386156,2878.524711849035,141.25316856344034,183.88855319857885,216.15594065815034,0.001088231893101515,1.6703750000000002,0.07037500000000008,0.43984375000000075,6769.2307692307695,3,dct_smooth_regression,utterance_000001,0-0-3-7,group_0,AA,1,6,куракана,"",0.15999999999999992,<eps>,артистсемпе,N,#,N,AA,final
930.0337243557691,1713.5871106541751,2868.5581559583397,939.962844485153,1729.5470780483909,2867.4831206202516,141.10674974820313,181.2615026927938,196.85444186014703,0.001088231893101515,1.672375,0.07237499999999986,0.4523437499999994,6769.2307692307695,3,dct_smooth_regression,utterance_000001,0-0-3-7,group_0,AA,1,6,куракана,"",0.15999999999999992,<eps>,артистсемпе,N,#,N,AA,final
932.0120260412872,1689.8872678154264,2845.3168070909865,944.9961839851369,1729.6808959733005,2856.824991666893,141.01681672565402,177.77487926286744,181.14742797386262,0.001088231893101515,1.6743750000000002,0.07437500000000008,0.4648437500000008,6769.2307692307695,3,dct_smooth_regression,utterance_000001,0-0-3-7,group_0,AA,1,6,куракана,"",0.15999999999999992,<eps>,артистсемпе,N,#,N,AA,final
937.5342589611307,1677.4716353858612,2836.164614121552,949.9429901096081,1729.4397171224266,2846.625662376421,140.99148828701718,173.5633922323168,168.64971748061828,0.001088231893101515,1.676375,0.07637499999999986,0.4773437499999994,6769.2307692307695,3,dct_smooth_regression,utterance_000001,0-0-3-7,group_0,AA,1,6,куракана,"",0.15999999999999992,<eps>,артистсемпе,N,#,N,AA,final
947.2706785224026,1674.1029751951119,2833.7981801516557,954.7796118268789,1728.8035138456414,2836.958123671854,141.04349089683518,168.7807115154826,158.98855616829476,0.001088231893101515,1.6783750000000002,0.07837500000000008,0.4898437500000008,6769.2307692307695,3,dct_smooth_regression,utterance_000001,0-0-3-7,group_0,AA,1,6,куракана,"",0.15999999999999992,<eps>,артистсемпе,N,#,N,AA,final
960.7246546792901,1676.587224753486,2831.070100954643,959.4815597470204,1727.7668735562588,2827.8918141527743,141.1898361521115,163.59048471319107,151.8212042242191,0.001088231893101515,1.680375,0.08037499999999986,0.5023437499999994,6769.2307692307695,3,dct_smooth_regression,utterance_000001,0-0-3-7,group_0,AA,1,6,куракана,"",0.15999999999999992,<eps>,артистсемпе,N,#,N,AA,final
976.8471605050369,1683.3771300666472,2826.2270626779864,964.0239226661168,1726.3387291184506,2819.4914019878756,141.45134676621203,158.15767281903996,146.84101497411245,0.001088231893101515,1.6823750000000002,0.08237500000000009,0.5148437500000008,6769.2307692307695,3,dct_smooth_regression,utterance_000001,0-0-3-7,group_0,AA,1,6,куракана,"",0.15999999999999992,<eps>,артистсемпе,N,#,N,AA,final
994.5110895422612,1694.4920062655963,2821.0979609578253,968.3818415996456,1724.5416116142535,2811.8155805298375,141.85205794651975,152.64094210819647,143.77561167962494,0.001088231893101515,1.684375,0.08437499999999987,0.5273437499999994,6769.2307692307695,3,dct_smooth_regression,utterance_000001,0-0-3-7,group_0,AA,1,6,куракана,"",0.15999999999999992,<eps>,артистсемпе,N,#,N,AA,final
1012.1160543487397,1709.6880764301638,2816.8349557714982,972.5310283910761,1722.410461086447,2804.9159048481597,142.41852346438642,147.1866224891664,142.37999346727625,0.001088231893101515,1.6863750000000002,0.08637500000000009,0.5398437500000008,6769.2307692307695,3,dct_smooth_regression,utterance_000001,0-0-3-7,group_0,AA,1,6,куракана,"",0.15999999999999992,<eps>,артистсемпе,N,#,N,AA,final
1024.3261445141293,1724.0277902769124,2812.7371673762223,976.4483139475465,1719.9910453277769,2798.8356969496745,143.17905427229311,141.92448325135103,142.42673404555896,0.001088231893101515,1.688375,0.08837499999999987,0.5523437499999995,6769.2307692307695,3,dct_smooth_regression,utterance_000001,0-0-3-7,group_0,AA,1,6,куракана,"",0.15999999999999992,<eps>,артистсемпе,N,#,N,AA,final
1028.9714769272975,1734.2050274729331,2806.2861986073417,980.1122095760186,1717.3380493736063,2793.609047331847,144.16291254647757,136.96533202981232,143.69499957016538,0.001088231893101515,1.6903750000000002,0.0903750000000001,0.5648437500000009,6769.2307692307695,3,dct_smooth_regression,utterance_000001,0-0-3-7,group_0,AA,1,6,куракана,"",0.15999999999999992,<eps>,артистсемпе,N,#,N,AA,final
1026.251523353911,1739.1452423739174,2797.1726740420513,983.5034638325086,1714.5129086413217,2789.259939661654,145.39947636435448,132.40024601648216,145.95991324124782,0.001088231893101515,1.692375,0.09237499999999987,0.5773437499999995,6769.2307692307695,3,dct_smooth_regression,utterance_000001,0-0-3-7,group_0,AA,1,6,куракана,"",0.15999999999999992,<eps>,артистсемпе,N,#,N,AA,final
1018.2384053489742,1738.2468084658954,2788.8267591682306,986.6055967989298,1711.581466314581,2785.801523783892,146.9173810699735,128.30111367085073,148.9837634159164,0.001088231893101515,1.694375,0.09437499999999988,0.5898437499999996,6769.2307692307695,3,dct_smooth_regression,utterance_000001,0-0-3-7,group_0,AA,1,6,куракана,"",0.15999999999999992,<eps>,артистсемпе,N,#,N,AA,final
1007.2578464662406,1731.2923373838148,2785.2491563778176,989.4053937936293,1708.6115403549197,2783.2355599497346,148.7436341447818,124.72210238317518,152.51056335567108,0.001088231893101515,1.696375,0.09637499999999988,0.6023437499999996,6769.2307692307695,3,dct_smooth_regression,utterance_000001,0-0-3-7,group_0,AA,1,6,куракана,"",0.15999999999999992,<eps>,артистсемпе,N,#,N,AA,final
995.5385444744901,1721.5432877819212,2787.1237763352156,991.8933412101951,1705.6704872985872,2781.5520541533137,150.9026925412164,121.7016629640101,156.2653675002022,0.001088231893101515,1.698375,0.09837499999999988,0.6148437499999996,6769.2307692307695,3,dct_smooth_regression,utterance_000001,0-0-3-7,group_0,AA,1,6,куракана,"",0.15999999999999992,<eps>,артистсемпе,N,#,N,AA,final
984.9161780081006,1713.6084805247954,2790.912303855684,994.0639884520899,1702.822848728422,2780.7291008262323,153.41548633587757,119.26471942988141,159.95938091293414,0.001088231893101515,1.700375,0.10037499999999988,0.6273437499999996,6769.2307692307695,3,dct_smooth_regression,utterance_000001,0-0-3-7,group_0,AA,1,6,куракана,"",0.15999999999999992,<eps>,артистсемпе,N,#,N,AA,final
976.3556914815825,1708.2371635096817,2791.2714221763827,995.916221756032,1700.1281620696354,2780.732944942753,156.29837144023423,117.42475509044937,163.30117420633397,0.001088231893101515,1.702375,0.10237499999999988,0.6398437499999996,6769.2307692307695,3,dct_smooth_regression,utterance_000001,0-0-3-7,group_0,AA,1,6,куракана,"",0.15999999999999992,<eps>,артистсемпе,N,#,N,AA,final
970.0852465902742,1703.4325794719875,2786.1025279164683,997.4534380239357,1697.6390103172882,2781.518270925795,159.56199796993238,116.18557869397041,166.01326154807074,0.001088231893101515,1.704375,0.10437499999999988,0.6523437499999997,6769.2307692307695,3,dct_smooth_regression,utterance_000001,0-0-3-7,group_0,AA,1,6,куракана,"",0.15999999999999992,<eps>,артистсемпе,N,#,N,AA,final
965.2437305387328,1698.3458093083154,2778.6322392881534,998.6836095436357,1695.399375730249,2783.0287207259485,163.2100904312732,115.54262709665504,167.85209169307691,0.001088231893101515,1.7063750000000002,0.10637500000000011,0.6648437500000011,6769.2307692307695,3,dct_smooth_regression,utterance_000001,0-0-3-7,group_0,AA,1,6,куракана,"",0.15999999999999992,<eps>,артистсемпе,N,#,N,AA,final
960.6556605939592,1693.733575977835,2773.1060872521507,999.6192335893776,1693.4433507758213,2785.197638195856,167.23815146659854,115.48372817776904,168.6284518196496,0.001088231893101515,1.708375,0.10837499999999989,0.6773437499999997,6769.2307692307695,3,dct_smooth_regression,utterance_000001,0-0-3-7,group_0,AA,1,6,куракана,"",0.15999999999999992,<eps>,артистсемпе,N,#,N,AA,final
957.4353891476266,1689.5937859640428,2770.7957485122715,1000.2771642586391,1691.7942461085197,2787.9490315339413,171.63212231615086,115.989308224368,168.22474728039498,0.001088231893101515,1.7103750000000002,0.11037500000000011,0.6898437500000011,6769.2307692307695,3,dct_smooth_regression,utterance_000001,0-0-3-7,group_0,AA,1,6,куракана,"",0.15999999999999992,<eps>,артистсемпе,N,#,N,AA,final
962.1785391167641,1684.4697676555584,2770.590010324284,1000.6783274172195,1690.4641206015453,2791.198740264216,176.3670594899508,117.0320831748573,166.60586218716386,0.001088231893101515,1.712375,0.11237499999999989,0.7023437499999997,6769.2307692307695,3,dct_smooth_regression,utterance_000001,0-0-3-7,group_0,AA,1,6,куракана,"",0.15999999999999992,<eps>,артистсемпе,N,#,N,AA,final
979.7713597337323,1679.507489724703,2771.7290915686126,1000.8473231787827,1689.4537429473025,2794.8557880948715,181.40591654487866,118.57632541863893,163.821370336392,0.001088231893101515,1.714375,0.1143749999999999,0.7148437499999998,6769.2307692307695,3,dct_smooth_regression,utterance_000001,0-0-3-7,group_0,AA,1,6,куракана,"",0.15999999999999992,<eps>,артистсемпе,N,#,N,AA,final
997.1893248252952,1677.5690480034207,2774.574956992473,1000.8119238248015,1688.7529786536502,2798.823898197649,186.6985493417546,120.57684917686963,159.99852273586134,0.001088231893101515,1.716375,0.1163749999999999,0.7273437499999997,6769.2307692307695,3,dct_smooth_regression,utterance_000001,0-0-3-7,group_0,AA,1,6,куракана,"",0.15999999999999992,<eps>,артистсемпе,N,#,N,AA,final
1000.5258336782952,1676.7724716889177,2777.673180315585,1000.6024783641162,1688.341580938894,2803.0031431071,192.18108852357054,122.97790762967954,155.32724281718572,0.001088231893101515,1.718375,0.1183749999999999,0.7398437499999998,6769.2307692307695,3,dct_smooth_regression,utterance_000001,0-0-3-7,group_0,AA,1,6,куракана,"",0.15999999999999992,<eps>,артистсемпе,N,#,N,AA,final
989.9661637837561,1674.6700692861434,2780.6670371448176,1000.2512379311323,1688.1903496086431,2807.2916976779993,197.77583897464763,125.712240515245,150.03981467506145,0.001088231893101515,1.720375,0.1203749999999999,0.7523437499999998,6769.2307692307695,3,dct_smooth_regression,utterance_000001,0-0-3-7,group_0,AA,1,6,куракана,"",0.15999999999999992,<eps>,артистсемпе,N,#,N,AA,final
973.8028107721282,1675.1793078016094,2788.0999102623314,999.7916188296015,1688.2626089852886,2811.5876604712603,203.39186690740584,128.7005448632996,144.38868443187823,0.001088231893101515,1.722375,0.1223749999999999,0.7648437499999998,6769.2307692307695,3,dct_smooth_regression,utterance_000001,0-0-3-7,group_0,AA,1,6,куракана,"",0.15999999999999992,<eps>,артистсемпе,N,#,N,AA,final
975.2320595257969,1693.8396808894713,2810.9762406812592,999.2574221584083,1688.5159448079899,2815.790906657213,208.92641552743743,131.85165363470426,138.62569397299958,0.001088231893101515,1.724375,0.1243749999999999,0.7773437499999998,6769.2307692307695,3,dct_smooth_regression,utterance_000001,0-0-3-7,group_0,AA,1,6,куракана,"",0.15999999999999992,<eps>,артистсемпе,N,#,N,AA,final
1008.92177641033,1718.9836629102851,2831.745770881109,998.6820305349838,1688.9041311127107,2819.8049341036367,214.26724606252228,135.06368566374678,132.98527732813304,0.001088231893101515,1.726375,0.1263749999999999,0.7898437499999998,6769.2307692307695,3,dct_smooth_regression,utterance_000001,0-0-3-7,group_0,AA,1,6,куракана,"",0.15999999999999992,<eps>,артистсемпе,N,#,N,AA,final
1037.8410197576954,1723.871987672924,2837.0649007255006,998.0976034062019,1689.379171742499,2823.5386638055516,219.29593139583102,138.22636533229934,127.67299181777891,0.001088231893101515,1.728375,0.1283749999999999,0.8023437499999999,6769.2307692307695,3,dct_smooth_regression,utterance_000001,0-0-3-7,group_0,AA,1,6,куракана,"",0.15999999999999992,<eps>,артистсемпе,N,#,N,AA,final
1041.5234777589887,1717.7394538099202,2836.0173716617687,997.5342927702791,1689.8933775417352,2826.9081562413703,223.89203795410046,141.22459720615169,122.85958085351334,0.001088231893101515,1.730375,0.1303749999999999,0.8148437499999999,6769.2307692307695,3,dct_smooth_regression,utterance_000001,0-0-3-7,group_0,AA,1,6,куракана,"",0.15999999999999992,<eps>,артистсемпе,N,#,N,AA,final
1031.2902125322933,1706.722842992778,2834.6658678691206,997.0195008108957,1690.4013995703617,2829.8382066071454,227.93802617253866,143.94322420164787,118.67984036856735,0.001088231893101515,1.732375,0.1323749999999999,0.8273437499999999,6769.2307692307695,3,dct_smooth_regression,utterance_000001,0-0-3-7,group_0,AA,1,6,куракана,"",0.15999999999999992,<eps>,артистсемпе,N,#,N,AA,final
1015.7455896788204,1690.8758386144182,2836.8679402696516,996.5771999720054,1690.8621408491686,2832.2637841634073,231.32459381700025,146.27271446097313,115.23501237675913,0.001088231893101515,1.734375,0.1343749999999999,0.8398437499999999,6769.2307692307695,3,dct_smooth_regression,utterance_000001,0-0-3-7,group_0,AA,1,6,куракана,"",0.15999999999999992,<eps>,артистсемпе,N,#,N,AA,final
1001.231397884859,1672.904061578791,2845.382232716213,996.227334404862,1691.2404741271844,2834.131284078346,233.9560959650512,148.11534038862902,112.59724989566193,0.001088231893101515,1.736375,0.1363749999999999,0.85234375,6769.2307692307695,3,dct_smooth_regression,utterance_000001,0-0-3-7,group_0,AA,1,6,куракана,"",0.15999999999999992,<eps>,артистсемпе,N,#,N,AA,final
991.6236348306173,1663.4034770479311,2856.9125847448113,995.9853195438981,1691.50870076029,2835.399564093772,235.75561738060347,149.39126911722641,110.81479516055711,0.001088231893101515,1.738375,0.13837499999999991,0.8648437499999999,6769.2307692307695,3,dct_smooth_regression,utterance_000001,0-0-3-7,group_0,AA,1,6,куракана,"",0.15999999999999992,<eps>,артистсемпе,N,#,N,AA,final
981.8101932041641,1663.0161512366817,2863.0639720265162,995.8616538800319,1691.6476957275634,2836.0407429813476,236.66926133998837,150.043912557527,109.91676778801532,0.001088231893101515,1.740375,0.14037499999999992,0.87734375,6769.2307692307695,3,dct_smooth_regression,utterance_000001,0-0-3-7,group_0,AA,1,6,куракана,"",0.15999999999999992,<eps>,артистсемпе,N,#,N,AA,final
1002.7734603651446,1701.9143465166853,2918.7204909750985,1102.6719024990973,1674.245558114187,2984.742009427567,467.37232668249845,334.6441943379113,324.8557717862162,0.0017455972927819885,1.766375,0.0063750000000000195,0.06375000000000014,7307.692307692308,3,dct_smooth_regression,utterance_000001,0-0-4-0,group_0,AA,1,6,артистсемпе,"",0.10000000000000009,куракана,танах,#,R,AA,R,initial
1041.6819849017354,1680.1893445434284,2937.78963800597,1103.6911750937024,1676.3278806639307,2988.688379424744,445.52832414578523,345.4137517477344,336.8338180242806,0.0017455972927819885,1.768375,0.008375000000000021,0.08375000000000014,7307.692307692308,3,dct_smooth_regression,utterance_000001,0-0-4-0,group_0,AA,1,6,артистсемпе,"",0.10000000000000009,куракана,танах,#,R,AA,R,initial
1125.3041215774433,1645.3095412550017,2962.5123575441207,1105.7069663661234,1680.428392979799,2995.811403719841,406.5695297596921,366.82535845945534,360.7443574208854,0.0017455972927819885,1.770375,0.010375000000000023,0.10375000000000013,7307.692307692308,3,dct_smooth_regression,utterance_000001,0-0-4-0,group_0,AA,1,6,артистсемпе,"",0.10000000000000009,куракана,танах,#,R,AA,R,initial
1192.1034069402115,1634.9944019437487,2996.0681564113283,1108.669477374467,1686.4159981311082,3004.662446335781,358.03039210810647,398.3666797063888,396.16083007833186,0.0017455972927819885,1.772375,0.012375000000000025,0.12375000000000014,7307.692307692308,3,dct_smooth_regression,utterance_000001,0-0-4-0,group_0,AA,1,6,артистсемпе,"",0.10000000000000009,куракана,танах,#,R,AA,R,initial
1174.5018168745817,1673.7662589474833,3036.5663309878873,1112.4941197052146,1694.0878555390332,3013.2854593496513,307.6028352778345,438.6573435818595,441.6361434078182,0.0017455972927819885,1.774375,0.014375000000000027,0.14375000000000013,7307.692307692308,3,dct_smooth_regression,utterance_000001,0-0-4-0,group_0,AA,1,6,артистсемпе,"",0.10000000000000009,куракана,танах,#,R,AA,R,initial
1145.5128959917631,1704.3732245211252,3069.1295517913395,1117.0518812794294,1703.1642895404698,3019.4501420191805,261.152122322483,484.8508395714623,493.8991195747066,0.0017455972927819885,1.776375,0.01637500000000003,0.16375000000000015,7307.692307692308,3,dct_smooth_regression,utterance_000001,0-0-4-0,group_0,AA,1,6,артистсемпе,"",0.10000000000000009,куракана,танах,#,R,AA,R,initial
1131.4259031307051,1732.648634688018,3081.459865295498,1122.1598813030341,1713.285530905298,3020.920794763779,222.0199978715921,532.1726735324982,547.2354876125663,0.0017455972927819885,1.778375,0.01837500000000003,0.18375000000000014,7307.692307692308,3,dct_smooth_regression,utterance_000001,0-0-4-0,group_0,AA,1,6,артистсемпе,"",0.10000000000000009,куракана,танах,#,R,AA,R,initial
1130.4508442930407,1761.2445871767768,3066.233262355631,1127.5744246924621,1724.0126170791705,3015.7308598679892,191.3700450199686,573.9794204930955,593.6031090669476,0.0017455972927819885,1.780375,0.020375000000000032,0.20375000000000013,7307.692307692308,3,dct_smooth_regression,utterance_000001,0-0-4-0,group_0,AA,1,6,артистсемпе,"",0.10000000000000009,куракана,танах,#,R,AA,R,initial
1135.5608434430885,1779.2406561407215,3037.061779704651,1132.9887747519365,1734.8345877923775,3002.4323767016367,168.96983254752638,602.6916620592918,623.9663857550344,0.0017455972927819885,1.782375,0.022375000000000034,0.22375000000000014,7307.692307692308,3,dct_smooth_regression,utterance_000001,0-0-4-0,group_0,AA,1,6,артистсемпе,"",0.10000000000000009,куракана,танах,#,R,AA,R,initial
1141.0247099583942,1778.7410687258366,3014.0010401434192,1138.0374484591928,1745.1835585544236,2980.292191684172,153.92547310926807,611.6082467834473,630.7779223084148,0.0017455972927819885,1.784375,0.024375000000000036,0.24375000000000013,7307.692307692308,3,dct_smooth_regression,utterance_000001,0-0-4-0,group_0,AA,1,6,артистсемпе,"",0.10000000000000009,куракана,танах,#,R,AA,R,initial
1145.7084592327483,1775.733903039124,2995.2745884155443,1142.3081413782131,1754.4583880950509,2949.4124726164946,145.15938687052054,597.0228319038065,610.6606419052881,0.0017455972927819885,1.786375,0.026375000000000037,0.26375000000000015,7307.692307692308,3,dct_smooth_regression,utterance_000001,0-0-4-0,group_0,AA,1,6,артистсемпе,"",0.10000000000000009,куракана,танах,#,R,AA,R,initial
1142.9339219191468,1792.2189308358377,2969.8301003424285,1145.361484666135,1762.0565720267014,2910.7612660347727,141.62098034726094,559.6367894264163,565.8451284610522,0.0017455972927819885,1.788375,0.02837500000000004,0.2837500000000001,7307.692307692308,3,dct_smooth_regression,utterance_000001,0-0-4-0,group_0,AA,1,6,артистсемпе,"",0.10000000000000009,куракана,танах,#,R,AA,R,initial
1123.4646530471682,1771.9644556856417,2917.4695343789313,1146.757828107712,1767.4128208873863,2866.108616666791,142.2998474701462,504.4519739851313,503.43637358420835,0.0017455972927819885,1.790375,0.03037500000000004,0.30375000000000013,7307.692307692308,3,dct_smooth_regression,utterance_000001,0-0-4-0,group_0,AA,1,6,артистсемпе,"",0.10000000000000009,куракана,танах,#,R,AA,R,initial
1097.25042022894,1693.4485697635077,2718.5180158256217,1146.0892498296512,1770.0416609054269,2817.874077083363,146.12354665376728,439.1368693042786,432.88497403751035,0.0017455972927819885,1.792375,0.03237500000000004,0.32375000000000015,7307.692307692308,3,dct_smooth_regression,utterance_000001,0-0-4-0,group_0,AA,1,6,артистсемпе,"",0.10000000000000009,куракана,танах,#,R,AA,R,initial
1084.8063868723807,1652.7764700360885,2519.937793806444,1143.0141370215167,1769.5804758288818,2768.9011512315724,151.8220856728435,371.7058692033588,363.06233823896736,0.0017455972927819885,1.794375,0.034375000000000044,0.3437500000000001,7307.692307692308,3,dct_smooth_regression,utterance_000001,0-0-4-0,group_0,AA,1,6,артистсемпе,"",0.10000000000000009,куракана,танах,#,R,AA,R,initial
1133.274888628052,1749.3232699914674,2656.8211739653957,1137.291072741478,1765.82881714614,2722.182278400161,157.85072268536013,308.5921491772465,300.2941494542,0.0017455972927819885,1.796375,0.036375000000000046,0.36375000000000013,7307.692307692308,3,dct_smooth_regression,utterance_000001,0-0-4-0,group_0,AA,1,6,артистсемпе,"",0.10000000000000009,куракана,танах,#,R,AA,R,initial
1148.7868680734225,1768.436250106377,2656.9379507580766,1128.8084872703907,1758.779645000244,2680.5634928501527,162.4651742604105,253.74948737328745,247.8378874833353,0.0017455972927819885,1.798375,0.03837500000000005,0.38375000000000015,7307.692307692308,3,dct_smooth_regression,utterance_000001,0-0-4-0,group_0,AA,1,6,артистсемпе,"",0.10000000000000009,куракана,танах,#,R,AA,R,initial
1143.0297585207893,1764.609493431357,2655.283646724646,1117.6066390374478,1748.6384754018989,2646.4602812135,163.99941171225984,208.7532673879163,206.43996605069677,0.0017455972927819885,1.800375,0.04037500000000005,0.40375000000000016,7307.692307692308,3,dct_smooth_regression,utterance_000001,0-0-4-0,group_0,AA,1,6,артистсемпе,"",0.10000000000000009,куракана,танах,#,R,AA,R,initial
1131.3959816126294,1756.5828160324327,2656.5992512203097,1103.8889886894526,1735.8272008631934,2621.615137318256,161.28598500194965,173.46617266859923,175.30273958242842,0.0017455972927819885,1.802375,0.04237500000000005,0.4237500000000001,7307.692307692308,3,dct_smooth_regression,utterance_000001,0-0-4-0,group_0,AA,1,6,артистсемпе,"",0.10000000000000009,куракана,танах,#,R,AA,R,initial
1115.6197290407852,1745.570083548642,2659.111423191473,1088.0208853315994,1720.9705667033218,2606.9229844304123,154.03251190170144,146.80997037011448,152.9556606874251,0.0017455972927819885,1.804375,0.04437500000000005,0.44375000000000014,7307.692307692308,3,dct_smooth_regression,utterance_000001,0-0-4-0,group_0,AA,1,6,артистсемпе,"",0.10000000000000009,куракана,танах,#,R,AA,R,initial
1096.079404450374,1731.7519562746563,2661.9884759917695,1070.5146200316715,1704.8648189505645,2602.343459076873,142.93644823286112,127.37232608626259,137.82605105569925,0.0017455972927819885,1.806375,0.046375000000000055,0.46375000000000016,7307.692307692308,3,dct_smooth_regression,utterance_000001,0-0-4-0,group_0,AA,1,6,артистсемпе,"",0.10000000000000009,куракана,танах,#,R,AA,R,initial
1071.3232378843804,1714.3101182305052,2665.08622356279,1052.0012081425084,1688.4297462227248,2606.909799111479,129.44855536177323,113.77454207510782,128.51726497052044,0.0017455972927819885,1.808375,0.04837500000000006,0.4837500000000001,7307.692307692308,3,dct_smooth_regression,utterance_000001,0-0-4-0,group_0,AA,1,6,артистсемпе,"",0.10000000000000009,куракана,танах,#,R,AA,R,initial
1037.15595417188,1690.7454187819137,2669.1499836292833,1033.1906059394048,1672.647045325842,2618.83374823881,115.30357902933162,104.83898070358971,123.8832193262301,0.0017455972927819885,1.810375,0.05037500000000006,0.5037500000000001,7307.692307692308,3,dct_smooth_regression,utterance_000001,0-0-4-0,group_0,AA,1,6,артистсемпе,"",0.10000000000000009,куракана,танах,#,R,AA,R,initial
996.0011209705385,1657.94084362463,2663.710521631635,1014.8233067816687,1658.489468406122,2635.6955950348643,102.05711844792991,99.62740656191262,122.9886205359086,0.0017455972927819885,1.812375,0.05237500000000006,0.5237500000000002,7307.692307692308,3,dct_smooth_regression,utterance_000001,0-0-4-0,group_0,AA,1,6,артистсемпе,"",0.10000000000000009,куракана,танах,#,R,AA,R,initial
966.3338581378641,1636.497396293002,2659.2121676095085,997.6172621605892,1646.8463891309484,2654.699319594226,90.81715904835367,97.41154614663853,125.01925920520081,0.0017455972927819885,1.814375,0.05437500000000006,0.5437500000000002,7307.692307692308,3,dct_smooth_regression,utterance_000001,0-0-4-0,group_0,AA,1,6,артистсемпе,"",0.10000000000000009,куракана,танах,#,R,AA,R,initial
951.0004860701611,1627.3335429964316,2664.917618445932,982.2147194124625,1638.4521169165264,2672.965815492482,82.21050132353459,97.61622193437579,129.18615838114783,0.0017455972927819885,1.816375,0.056375000000000064,0.5637500000000001,7307.692307692308,3,dct_smooth_regression,utterance_000001,0-0-4-0,group_0,AA,1,6,артистсемпе,"",0.10000000000000009,куракана,танах,#,R,AA,R,initial
949.6565094126197,1626.12939136136,2670.11975844781,969.1337803070944,1633.8233974400837,2687.8330488233382,76.50633993875441,99.75843401170887,134.65751774661146,0.0017455972927819885,1.818375,0.058375000000000066,0.5837500000000001,7307.692307692308,3,dct_smooth_regression,utterance_000001,0-0-4-0,group_0,AA,1,6,артистсемпе,"",0.10000000000000009,куракана,танах,#,R,AA,R,initial
951.6272608246417,1626.0378208263555,2671.347942982822,958.729226216282,1633.212027184598,2697.1312570120745,73.78947206019134,103.39592718896746,140.54633541103053,0.0017455972927819885,1.820375,0.06037500000000007,0.6037500000000001,7307.692307692308,3,dct_smooth_regression,utterance_000001,0-0-4-0,group_0,AA,1,6,артистсемпе,"",0.10000000000000009,куракана,танах,#,R,AA,R,initial
953.6866341660856,1625.8403730195748,2668.8596677639575,951.1664373637411,1636.577404641101,2699.4039638733498,74.10683769108593,108.0938393469566,145.96834557562642,0.0017455972927819885,1.822375,0.06237500000000007,0.6237500000000001,7307.692307692308,3,dct_smooth_regression,utterance_000001,0-0-4-0,group_0,AA,1,6,артистсемпе,"",0.10000000000000009,куракана,танах,#,R,AA,R,initial
955.1431185392995,1627.2318025828795,2663.6763425839795,946.4111150367089,1643.58222773044,2694.0514088914706,77.55184994948118,113.41438288820407,150.15913106436028,0.0017455972927819885,1.824375,0.06437500000000007,0.6437500000000002,7307.692307692308,3,dct_smooth_regression,utterance_000001,0-0-4-0,group_0,AA,1,6,артистсемпе,"",0.10000000000000009,куракана,танах,#,R,AA,R,initial
956.2706054573051,1634.0728517724478,2654.3121434425034,944.2360986589167,1653.6125669529852,2681.3813323764934,84.2725664777408,118.92958593139244,152.60891209452765,0.0017455972927819885,1.826375,0.06637500000000007,0.6637500000000002,7307.692307692308,3,dct_smooth_regression,utterance_000001,0-0-4-0,group_0,AA,1,6,артистсемпе,"",0.10000000000000009,куракана,танах,#,R,AA,R,initial
958.1081267202029,1652.0909936247797,2636.9533234381825,944.2449892599155,1665.8213787461686,2662.562025325539,94.39225883055366,124.25070420567839,153.15767104352082,0.0017455972927819885,1.828375,0.06837500000000007,0.6837500000000002,7307.692307692308,3,dct_smooth_regression,utterance_000001,0-0-4-0,group_0,AA,1,6,артистсемпе,"",0.10000000000000009,куракана,танах,#,R,AA,R,initial
961.810406117151,1685.3156341118338,2611.7934952542005,945.910701543844,1679.192378880669,2639.4830687539684,107.83167143672996,129.06226581307675,152.00696818306537,0.0017455972927819885,1.830375,0.07037500000000008,0.7037500000000001,7307.692307692308,3,dct_smooth_regression,utterance_000001,0-0-4-0,group_0,AA,1,6,артистсемпе,"",0.10000000000000009,куракана,танах,#,R,AA,R,initial
967.0620042679931,1720.4101946760861,2594.3233366788604,948.6256266252227,1692.619279691813,2614.539117253109,124.04572504293506,133.14696870935845,149.64292130946427,0.0017455972927819885,1.832375,0.07237500000000008,0.7237500000000001,7307.692307692308,3,dct_smooth_regression,utterance_000001,0-0-4-0,group_0,AA,1,6,артистсемпе,"",0.10000000000000009,куракана,танах,#,R,AA,R,initial
969.2852541117809,1737.4168879620283,2589.496851989616,951.7589421907225,1704.993897552633,2590.3603535802285,141.75201641560702,136.39135304075972,146.70339595360778,0.0017455972927819885,1.834375,0.07437500000000008,0.7437500000000001,7307.692307692308,3,dct_smooth_regression,utterance_000001,0-0-4-0,group_0,AA,1,6,артистсемпе,"",0.10000000000000009,куракана,танах,#,R,AA,R,initial
959.7124783662794,1735.0310848187623,2590.1661889599523,954.7158743093789,1715.2957105530113,2569.518961830784,158.81813098449638,138.769811756366,143.838320792186,0.0017455972927819885,1.836375,0.07637500000000008,0.7637500000000002,7307.692307692308,3,dct_smooth_regression,utterance_000001,0-0-4-0,group_0,AA,1,6,артистсемпе,"",0.10000000000000009,куракана,танах,#,R,AA,R,initial
941.0855973193244,1719.6278057912605,2592.0143254024965,956.9934731884438,1722.6751895325149,2554.243518118402,172.510720548386,140.31244225908978,141.60080002209756,0.0017455972927819885,1.838375,0.07837500000000008,0.7837500000000002,7307.692307692308,3,dct_smooth_regression,utterance_000001,0-0-4-0,group_0,AA,1,6,артистсемпе,"",0.10000000000000009,куракана,танах,#,R,AA,R,initial
922.7555843520082,1692.3691852129305,2592.4915977108803,958.2277432252231,1726.5236728739462,2546.1723038426812,180.1829777833857,141.06715235589863,140.38200572286766,0.0017455972927819885,1.840375,0.08037500000000009,0.8037500000000002,7307.692307692308,3,dct_smooth_regression,utterance_000001,0-0-4-0,group_0,AA,1,6,артистсемпе,"",0.10000000000000009,куракана,танах,#,R,AA,R,initial
653.460601076917,1730.1583805092037,2865.630104611471,661.8178935668915,1736.210431441043,2875.2047230193016,83.58208341564658,163.81019985574625,105.13177393022514,0.000027915960421421686,2.5263750000000003,0.006375000000000242,0.07968750000000295,6769.2307692307695,3,dct_smooth_regression,utterance_000001,0-0-5-1,group_0,AA,1,6,танах,"",0.08000000000000007,артистсемпе,<eps>,t,N,t,N,internal
668.2273120254882,1733.0442498394993,2865.820383617862,667.967120296805,1736.0775078545582,2874.4415318503316,85.9970526924182,164.2268419040494,100.71300848101299,0.000027915960421421686,2.528375,0.008375000000000021,0.10468750000000018,6769.2307692307695,3,dct_smooth_regression,utterance_000001,0-0-5-1,group_0,AA,1,6,танах,"",0.08000000000000007,артистсемпе,<eps>,t,N,t,N,internal
683.1387626028026,1737.3822740242094,2868.447673597789,679.5304471790212,1735.9132884406893,2873.083806502466,90.54583600596594,165.27656856774797,93.08629700169082,0.000027915960421421686,2.5303750000000003,0.010375000000000245,0.12968750000000295,6769.2307692307695,3,dct_smooth_regression,utterance_000001,0-0-5-1,group_0,AA,1,6,танах,"",0.08000000000000007,артистсемпе,<eps>,t,N,t,N,internal
699.4409883118861,1740.5400173507005,2873.9200395907033,695.1522535999358,1735.8904245674414,2871.430600069951,96.60688671658812,167.3376830033339,84.0960776406602,0.000027915960421421686,2.532375,0.012375000000000025,0.15468750000000017,6769.2307692307695,3,dct_smooth_regression,utterance_000001,0-0-5-1,group_0,AA,1,6,танах,"",0.08000000000000007,артистсемпе,<eps>,t,N,t,N,internal
716.4086862481894,1739.9911559203506,2880.4262729364264,713.0658410610165,1736.198230893859,2869.8435964056052,103.17054369053947,170.85678293028158,75.49841036267277,0.000027915960421421686,2.5343750000000003,0.014375000000000249,0.17968750000000294,6769.2307692307695,3,dct_smooth_regression,utterance_000001,0-0-5-1,group_0,AA,1,6,танах,"",0.08000000000000007,артистсемпе,<eps>,t,N,t,N,internal
732.7880116798218,1738.211366750333,2883.5710648329177,731.3615701820555,1736.9768459461588,2868.665448696253,108.91918226052546,176.23567443002534,68.5216511275896,0.000027915960421421686,2.536375,0.01637500000000003,0.2046875000000002,6769.2307692307695,3,dct_smooth_regression,utterance_000001,0-0-5-1,group_0,AA,1,6,танах,"",0.08000000000000007,артистсемпе,<eps>,t,N,t,N,internal
747.8208058101308,1738.830979560327,2881.162967177071,748.2680243259058,1738.255068610475,2868.143271629825,112.51919744112975,183.71015190079837,63.80824905385803,0.000027915960421421686,2.5383750000000003,0.018375000000000252,0.22968750000000296,6769.2307692307695,3,dct_smooth_regression,utterance_000001,0-0-5-1,group_0,AA,1,6,танах,"",0.08000000000000007,артистсемпе,<eps>,t,N,t,N,internal
760.7137683526255,1741.3216498236904,2874.714416048248,762.3991607026348,1739.9067362222295,2868.375576464714,113.06557115889953,193.2237552610238,61.57420790201797,0.000027915960421421686,2.540375,0.020375000000000032,0.2546875000000002,6769.2307692307695,3,dct_smooth_regression,utterance_000001,0-0-5-1,group_0,AA,1,6,танах,"",0.08000000000000007,артистсемпе,<eps>,t,N,t,N,internal
770.6947556331246,1742.8463032197667,2866.956918643989,772.927496962478,1741.6370791940378,2869.2960711489227,110.45075626175559,204.30550112142834,61.78749381393368,0.000027915960421421686,2.5423750000000003,0.022375000000000256,0.279687500000003,6769.2307692307695,3,dct_smooth_regression,utterance_000001,0-0-5-1,group_0,AA,1,6,танах,"",0.08000000000000007,артистсемпе,<eps>,t,N,t,N,internal
777.6206932325122,1742.461591134381,2860.77222485576,779.6574712297635,1743.0045804183046,2870.699743223243,105.41655906460512,215.98632562468632,64.255690661708,0.000027915960421421686,2.544375,0.024375000000000036,0.30468750000000017,6769.2307692307695,3,dct_smooth_regression,utterance_000001,0-0-5-1,group_0,AA,1,6,танах,"",0.08000000000000007,артистсемпе,<eps>,t,N,t,N,internal
781.8405609088576,1741.4761452417058,2858.9377314902144,782.9914875604442,1743.476659015633,2872.30715423218,99.25450786587143,226.82217125591563,68.60468583527259,0.000027915960421421686,2.5463750000000003,0.02637500000000026,0.32968750000000296,6769.2307692307695,3,dct_smooth_regression,utterance_000001,0-0-5-1,group_0,AA,1,6,танах,"",0.08000000000000007,артистсемпе,<eps>,t,N,t,N,internal
783.8459067705552,1740.1731803604498,2862.8006717652693,783.8003387922319,1742.5104365351283,2873.8539022783852,93.36128821631733,235.09829749101476,74.19397656889606,0.000027915960421421686,2.548375,0.02837500000000004,0.3546875000000002,6769.2307692307695,3,dct_smooth_regression,utterance_000001,0-0-5-1,group_0,AA,1,6,танах,"",0.08000000000000007,артистсемпе,<eps>,t,N,t,N,internal
784.2414754752772,1736.3840628863277,2870.5913038248877,783.226117802285,1739.644364195326,2875.1856946530484,88.90369680076041,239.23044360641566,80.06385112001746,0.000027915960421421686,2.5503750000000003,0.030375000000000263,0.37968750000000295,6769.2307692307695,3,dct_smooth_regression,utterance_000001,0-0-5-1,group_0,AA,1,6,танах,"",0.08000000000000007,артистсемпе,<eps>,t,N,t,N,internal
783.8303802655103,1729.8832610126008,2877.4413907984003,782.4564111737243,1734.583724469854,2876.3368916437416,86.70190810116125,238.25516479265383,85.02970809847766,0.000027915960421421686,2.552375,0.03237500000000004,0.4046875000000002,6769.2307692307695,3,dct_smooth_regression,utterance_000001,0-0-5-1,group_0,AA,1,6,танах,"",0.08000000000000007,артистсемпе,<eps>,t,N,t,N,internal
783.913304576191,1724.639130835607,2879.531197079284,782.5116913905481,1727.2635700323074,2877.5724341633863,87.27567158991062,232.192893524992,87.97563141243093,0.000027915960421421686,2.5543750000000003,0.034375000000000266,0.42968750000000294,6769.2307692307695,3,dct_smooth_regression,utterance_000001,0-0-5-1,group_0,AA,1,6,танах,"",0.08000000000000007,артистсемпе,<eps>,t,N,t,N,internal
785.5505703404529,1720.9030156412998,2880.658611777958,784.0830397650288,1717.876472833414,2879.379511816231,90.93432356966764,222.08571297764036,88.24391137402101,0.000027915960421421686,2.556375,0.036375000000000046,0.4546875000000002,6769.2307692307695,3,dct_smooth_regression,utterance_000001,0-0-5-1,group_0,AA,1,6,танах,"",0.08000000000000007,артистсемпе,<eps>,t,N,t,N,internal
788.2389744950863,1713.4880646969207,2888.130829724061,787.4458153033121,1706.858821065224,2882.4050134457866,97.81509641561216,209.68137664710554,85.88899976826805,0.000027915960421421686,2.5583750000000003,0.03837500000000027,0.479687500000003,6769.2307692307695,3,dct_smooth_regression,utterance_000001,0-0-5-1,group_0,AA,1,6,танах,"",0.08000000000000007,артистсемпе,<eps>,t,N,t,N,internal
791.6469976325218,1701.0927097672934,2899.8132286121236,792.4590690131071,1694.837102477484,2887.3458792751394,107.82809301016586,196.93262259604126,81.62147476279277,0.000027915960421421686,2.560375,0.04037500000000005,0.5046875000000002,6769.2307692307695,3,dct_smooth_regression,utterance_000001,0-0-5-1,group_0,AA,1,6,танах,"",0.08000000000000007,артистсемпе,<eps>,t,N,t,N,internal
796.4209352159851,1685.8229050134107,2908.855862952566,798.6435862377392,1682.5431530289807,2894.809750569377,120.52504413699644,185.54938817237408,76.48751833628573,0.000027915960421421686,2.5623750000000003,0.042375000000000274,0.529687500000003,6769.2307692307695,3,dct_smooth_regression,utterance_000001,0-0-5-1,group_0,AA,1,6,танах,"",0.08000000000000007,артистсемпе,<eps>,t,N,t,N,internal
803.0545939135902,1670.478669863384,2913.4907536032415,805.3167425599127,1670.7132522230315,2905.1706872701448,134.97258198171292,176.75045995419453,71.49699798792281,0.000027915960421421686,2.564375,0.04437500000000005,0.5546875000000002,6769.2307692307695,3,dct_smooth_regression,utterance_000001,0-0-5-1,group_0,AA,1,6,танах,"",0.08000000000000007,артистсемпе,<eps>,t,N,t,N,internal
811.0713962966147,1657.3683819278615,2916.3987127142886,811.7526729945794,1659.9890430711343,2918.4476058611663,149.75927155222803,171.21426108380115,67.38503098660301,0.000027915960421421686,2.5663750000000003,0.04637500000000028,0.579687500000003,6769.2307692307695,3,dct_smooth_regression,utterance_000001,0-0-5-1,group_0,AA,1,6,танах,"",0.08000000000000007,артистсемпе,<eps>,t,N,t,N,internal
818.4211064362391,1647.0942587323457,2920.9870077879978,817.333302777934,1650.8379205898814,2934.230727718321,163.24108589892194,169.13755223037026,64.54709705171837,0.000027915960421421686,2.568375,0.04837500000000006,0.6046875000000002,6769.2307692307695,3,dct_smooth_regression,utterance_000001,0-0-5-1,group_0,AA,1,6,танах,"",0.08000000000000007,артистсемпе,<eps>,t,N,t,N,internal
823.2239992606875,1639.2380400436252,2931.077104532572,821.6599076646102,1643.5068121956742,2951.6739778895612,173.99396568275637,170.30614031174716,63.08052445309092,0.000027915960421421686,2.5703750000000003,0.05037500000000028,0.629687500000003,6769.2307692307695,3,dct_smooth_regression,utterance_000001,0-0-5-1,group_0,AA,1,6,танах,"",0.08000000000000007,артистсемпе,<eps>,t,N,t,N,internal
825.6935403628165,1634.1289440181624,2951.6650166810828,824.604974239912,1638.0168741576213,2969.5601695687783,181.26785314325144,174.13066356870297,62.85171987661507,0.000027915960421421686,2.572375,0.05237500000000006,0.6546875000000002,6769.2307692307695,3,dct_smooth_regression,utterance_000001,0-0-5-1,group_0,AA,1,6,танах,"",0.08000000000000007,артистсемпе,<eps>,t,N,t,N,internal
826.9166190647484,1631.6355292393964,2982.0651822484538,826.2979503155401,1634.1987857434563,2986.4329422713477,185.1875537290693,179.66226083976818,63.5503464142564,0.000027915960421421686,2.5743750000000003,0.054375000000000284,0.679687500000003,6769.2307692307695,3,dct_smooth_regression,utterance_000001,0-0-5-1,group_0,AA,1,6,танах,"",0.08000000000000007,артистсемпе,<eps>,t,N,t,N,internal
827.1267773303821,1630.6554752938962,3008.670917167805,827.0530469350579,1631.7605590682222,3000.7771697035955,186.5951026760196,185.64944955882456,64.73731328569167,0.000027915960421421686,2.576375,0.056375000000000064,0.7046875000000002,6769.2307692307695,3,dct_smooth_regression,utterance_000001,0-0-5-1,group_0,AA,1,6,танах,"",0.08000000000000007,артистсемпе,<eps>,t,N,t,N,internal
826.8447967661102,1632.2046205961628,3022.6040760590763,827.259525744879,1630.3736091658286,3011.220228372744,186.64658841172383,190.70479245584386,65.91518305887139,0.000027915960421421686,2.5783750000000003,0.05837500000000029,0.7296875000000029,6769.2307692307695,3,dct_smooth_regression,utterance_000001,0-0-5-1,group_0,AA,1,6,танах,"",0.08000000000000007,артистсемпе,<eps>,t,N,t,N,internal
826.1090033380628,1637.366439325186,3027.4743662088076,827.2623640458363,1629.7594491711047,3016.721921196781,186.3755099436581,193.59838062489945,66.63783484159062,0.000027915960421421686,2.580375,0.06037500000000007,0.7546875000000002,6769.2307692307695,3,dct_smooth_regression,utterance_000001,0-0-5-1,group_0,AA,1,6,танах,"",0.08000000000000007,артистсемпе,<eps>,t,N,t,N,internal
796.7139290792547,1701.1067995025835,2975.5535795820215,826.5559752467723,1721.4834576096432,2971.344477945242,171.7759890479175,204.08354308701666,169.18535144031327,0.00016287478336480166,2.6863750000000004,0.006375000000000242,0.07083333333333613,7128.205128205128,3,dct_smooth_regression,utterance_000001,0-0-5-3,group_0,AA,1,6,танах,"",0.08999999999999986,артистсемпе,<eps>,N,χ,N,χ,internal
823.5005222708056,1712.6274343727735,2979.3403466022714,827.9385830275052,1720.125094456015,2971.447019607925,169.0220539872195,201.18142168959912,168.7290406339941,0.00016287478336480166,2.688375,0.008375000000000021,0.09305555555555593,7128.205128205128,3,dct_smooth_regression,utterance_000001,0-0-5-3,group_0,AA,1,6,танах,"",0.08999999999999986,артистсемпе,<eps>,N,χ,N,χ,internal
841.559872738201,1721.9111225264419,2982.0549019423256,830.5212723379426,1717.5064339824444,2971.3978908695635,163.9188150158069,195.85049664067228,168.1007086004513,0.00016287478336480166,2.6903750000000004,0.010375000000000245,0.11527777777778069,7128.205128205128,3,dct_smooth_regression,utterance_000001,0-0-5-3,group_0,AA,1,6,танах,"",0.08999999999999986,артистсемпе,<eps>,N,χ,N,χ,internal
850.3498411834161,1725.6907307554513,2977.1913700865384,833.966063220583,1713.8130110589232,2970.709444725983,157.172752118467,188.9207671071294,167.82252947055022,0.00016287478336480166,2.692375,0.012375000000000025,0.13750000000000048,7128.205128205128,3,dct_smooth_regression,utterance_000001,0-0-5-3,group_0,AA,1,6,танах,"",0.08999999999999986,артистсемпе,<eps>,N,χ,N,χ,internal
851.9790735992196,1721.882895421194,2964.7385992703566,837.8295920903862,1709.2977384266112,2968.7009383635013,149.62923866267172,181.39469890299804,168.58196252902067,0.00016287478336480166,2.6943750000000004,0.014375000000000249,0.15972222222222524,7128.205128205128,3,dct_smooth_regression,utterance_000001,0-0-5-3,group_0,AA,1,6,танах,"",0.08999999999999986,артистсемпе,<eps>,N,χ,N,χ,internal
850.2270763592221,1713.0521490267515,2949.735905548605,841.6286338349387,1704.253409341306,2964.556024574205,142.10929605923667,174.2640930383787,171.16119015305094,0.00016287478336480166,2.696375,0.01637500000000003,0.18194444444444505,7128.205128205128,3,dct_smooth_regression,utterance_000001,0-0-5-3,group_0,AA,1,6,танах,"",0.08999999999999986,артистсемпе,<eps>,N,χ,N,χ,internal
847.3454612351411,1703.6728612453646,2939.245513591173,844.9111804760736,1698.9806476591195,2957.393841973596,135.2921086720792,168.38022783215322,176.38930062037036,0.00016287478336480166,2.6983750000000004,0.018375000000000252,0.2041666666666698,7128.205128205128,3,dct_smooth_regression,utterance_000001,0-0-5-3,group_0,AA,1,6,танах,"",0.08999999999999986,артистсемпе,<eps>,N,χ,N,χ,internal
844.3512923288102,1695.3215450652574,2933.989176511209,847.322303505418,1693.7546251439283,2946.349105181483,129.65913843491217,164.39408780347816,185.12086994512697,0.00016287478336480166,2.700375,0.020375000000000032,0.2263888888888896,7128.205128205128,3,dct_smooth_regression,utterance_000001,0-0-5-3,group_0,AA,1,6,танах,"",0.08999999999999986,артистсемпе,<eps>,N,χ,N,χ,internal
842.3424071209614,1688.7696970935597,2929.350557306048,848.654758152774,1688.7939867474447,2930.6557168412214,125.48908858760997,162.7522979005113,198.2267335889705,0.00016287478336480166,2.7023750000000004,0.022375000000000256,0.24861111111111434,7128.205128205128,3,dct_smooth_regression,utterance_000001,0-0-5-3,group_0,AA,1,6,танах,"",0.08999999999999986,артистсемпе,<eps>,N,χ,N,χ,internal
841.345117510507,1681.4080457141617,2914.2414060312876,848.8765272453278,1684.2351923458327,2909.727795144498,122.8809585203941,163.71985699835346,216.56940885047914,0.00016287478336480166,2.704375,0.024375000000000036,0.27083333333333415,7128.205128205128,3,dct_smooth_regression,utterance_000001,0-0-5-3,group_0,AA,1,6,танах,"",0.08999999999999986,артистсемпе,<eps>,N,χ,N,χ,internal
840.7881535843009,1671.8359599767452,2883.6892664392994,848.1309271671772,1680.1149278588116,2883.2317271043935,121.7842949300495,167.4021006317306,240.92849907962446,0.00016287478336480166,2.7063750000000004,0.02637500000000026,0.2930555555555589,7128.205128205128,3,dct_smooth_regression,utterance_000001,0-0-5-3,group_0,AA,1,6,танах,"",0.08999999999999986,артистсемпе,<eps>,N,χ,N,χ,internal
840.7004170196877,1662.737962240367,2845.691680411256,846.7090097710706,1676.362423618301,2851.1430080313758,122.02494288703606,173.74856722509753,271.8426737791713,0.00016287478336480166,2.708375,0.02837500000000004,0.3152777777777787,7128.205128205128,3,dct_smooth_regression,utterance_000001,0-0-5-3,group_0,AA,1,6,танах,"",0.08999999999999986,артистсемпе,<eps>,N,χ,N,χ,internal
841.9548113970319,1659.6349404874663,2814.167082979659,844.9981889033312,1672.8025329744285,2813.7822789958004,123.32486250364398,182.53464238919696,309.351081198296,0.00016287478336480166,2.7103750000000004,0.030375000000000263,0.33750000000000346,7128.205128205128,3,dct_smooth_regression,utterance_000001,0-0-5-3,group_0,AA,1,6,танах,"",0.08999999999999986,артистсемпе,<eps>,N,χ,N,χ,internal
844.9270791168716,1663.3885171658972,2786.2231041440955,843.4146788944944,1669.1693743070252,2771.826155796945,125.32210708502771,193.33014834219884,352.6578650559043,0.00016287478336480166,2.712375,0.03237500000000004,0.3597222222222233,7128.205128205128,3,dct_smooth_regression,utterance_000001,0-0-5-3,group_0,AA,1,6,танах,"",0.08999999999999986,артистсемпе,<eps>,N,χ,N,χ,internal
848.3798866461614,1670.9816786285687,2755.16263724768,842.329909079905,1665.1293328585034,2726.290132074175,127.59990468568908,205.4756373133604,399.81095529724354,0.00016287478336480166,2.7143750000000004,0.034375000000000266,0.38194444444444803,7128.205128205128,3,dct_smooth_regression,utterance_000001,0-0-5-3,group_0,AA,1,6,танах,"",0.08999999999999986,артистсемпе,<eps>,N,χ,N,χ,internal
850.8206287850968,1677.063085950225,2704.656189128875,842.0021810095229,1660.3113542935537,2678.4829517322582,129.73102949538676,218.093570594599,447.5582600021639,0.00016287478336480166,2.716375,0.036375000000000046,0.4041666666666678,7128.205128205128,3,dct_smooth_regression,utterance_000001,0-0-5-3,group_0,AA,1,6,танах,"",0.08999999999999986,артистсемпе,<eps>,N,χ,N,χ,internal
850.703761954601,1673.4203375631903,2629.541544993438,842.5242831891838,1654.3418195374093,2629.934236030254,131.33587166868136,230.15741107631064,491.56607591972437,0.00016287478336480166,2.7183750000000004,0.03837500000000027,0.42638888888889254,7128.205128205128,3,dct_smooth_regression,utterance_000001,0-0-5-3,group_0,AA,1,6,танах,"",0.08999999999999986,артистсемпе,<eps>,N,χ,N,χ,internal
848.2005259192354,1658.0297865715097,2558.2080362182155,843.7956312560541,1646.8809231955986,2582.2996189067676,132.142950392341,240.62334244014463,527.0942146180149,0.00016287478336480166,2.720375,0.04037500000000005,0.44861111111111235,7128.205128205128,3,dct_smooth_regression,utterance_000001,0-0-5-3,group_0,AA,1,6,танах,"",0.08999999999999986,артистсемпе,<eps>,N,χ,N,χ,internal
844.9770858507201,1637.1213944204458,2510.6407776373703,845.5240515402096,1637.6574075015233,2537.2499537806953,132.03440440418672,248.60089270616243,550.0146564644389,0.00016287478336480166,2.7223750000000004,0.042375000000000274,0.4708333333333371,7128.205128205128,3,dct_smooth_regression,utterance_000001,0-0-5-3,group_0,AA,1,6,танах,"",0.08999999999999986,артистсемпе,<eps>,N,χ,N,χ,internal
842.5543844212707,1618.1406326860395,2482.1702157581117,847.2580574895566,1626.4987205370473,2496.3530567278826,131.06085162924919,253.51382256701794,557.8363749398682,0.00016287478336480166,2.724375,0.04437500000000005,0.4930555555555569,7128.205128205128,3,dct_smooth_regression,utterance_000001,0-0-5-3,group_0,AA,1,6,танах,"",0.08999999999999986,артистсемпе,<eps>,N,χ,N,χ,internal
841.0064511782904,1600.2739236819389,2456.9044126707704,848.4459898478868,1613.3541334521076,2460.9577111530602,129.42006187898605,255.1975903381096,550.322184595279,0.00016287478336480166,2.7263750000000004,0.04637500000000028,0.5152777777777816,7128.205128205128,3,dct_smooth_regression,utterance_000001,0-0-5-3,group_0,AA,1,6,танах,"",0.08999999999999986,артистсемпе,<eps>,N,χ,N,χ,internal
840.7838764329829,1585.5505321429534,2434.8197946259197,848.5143483742819,1598.3090066648692,2432.090090407347,127.40685609996176,253.90096025325144,529.4436510220075,0.00016287478336480166,2.728375,0.04837500000000006,0.5375000000000014,7128.205128205128,3,dct_smooth_regression,utterance_000001,0-0-5-3,group_0,AA,1,6,танах,"",0.08999999999999986,артистсемпе,<eps>,N,χ,N,χ,internal
841.6006421219902,1573.6258777629967,2414.3450782441164,846.95462542748,1581.5891660480777,2410.3722428944925,125.35039004127562,250.1963761711604,498.7304037501911,0.00016287478336480166,2.7303750000000004,0.05037500000000028,0.5597222222222262,7128.205128205128,3,dct_smooth_regression,utterance_000001,0-0-5-3,group_0,AA,1,6,танах,"",0.08999999999999986,артистсемпе,<eps>,N,χ,N,χ,internal
842.4708753133478,1563.8682935308684,2396.872938548292,843.4064093578215,1563.5551589768543,2395.970808143295,123.5556024389018,244.83589283158332,462.32715264958915,0.00016287478336480166,2.732375,0.05237500000000006,0.581944444444446,7128.205128205128,3,dct_smooth_regression,utterance_000001,0-0-5-3,group_0,AA,1,6,танах,"",0.08999999999999986,артистсемпе,<eps>,N,χ,N,χ,internal
841.7016491458269,1550.8851489429956,2384.8752706930263,837.7247014805381,1544.686933299522,2388.581774950005,122.25961507974392,238.60101229611112,424.12767139423045,0.00016287478336480166,2.7343750000000004,0.054375000000000284,0.6041666666666707,7128.205128205128,3,dct_smooth_regression,utterance_000001,0-0-5-3,group_0,AA,1,6,танах,"",0.08999999999999986,артистсемпе,<eps>,N,χ,N,χ,internal
837.0523044802408,1532.2778412536134,2386.8645586426373,830.0212847806918,1525.5601580210148,2387.45403891892,121.6060461729892,232.1846805620471,387.22403490899495,0.00016287478336480166,2.7363750000000002,0.056375000000000064,0.6263888888888905,7128.205128205128,3,dct_smooth_regression,utterance_000001,0-0-5-3,group_0,AA,1,6,танах,"",0.08999999999999986,артистсемпе,<eps>,N,χ,N,χ,internal
826.8143397347477,1510.2380279287584,2401.607794970342,820.6733509732873,1506.8159378368994,2391.4510391709855,121.63482945865283,226.12277774005082,353.7173642685493,0.00016287478336480166,2.7383750000000004,0.05837500000000029,0.6486111111111154,7128.205128205128,3,dct_smooth_regression,utterance_000001,0-0-5-3,group_0,AA,1,6,танах,"",0.08999999999999986,артистсемпе,<eps>,N,χ,N,χ,internal
813.122184893276,1492.0256598419455,2416.7009868475693,810.2969788217878,1489.1260389645245,2399.146187093215,122.28378941810969,220.77328804640143,324.7996823316307,0.00016287478336480166,2.7403750000000002,0.06037500000000007,0.6708333333333352,7128.205128205128,3,dct_smooth_regression,utterance_000001,0-0-5-3,group_0,AA,1,6,танах,"",0.08999999999999986,артистсемпе,<eps>,N,χ,N,χ,internal
798.7620571940901,1477.9080000197673,2427.8439991196155,799.6878558864963,1473.1559342746973,2408.944505248239,123.39987755163342,216.33071523533008,300.9733513388837,0.00016287478336480166,2.7423750000000005,0.06237500000000029,0.6930555555555599,7128.205128205128,3,dct_smooth_regression,utterance_000001,0-0-5-3,group_0,AA,1,6,танах,"",0.08999999999999986,артистсемпе,<eps>,N,χ,N,χ,internal
787.7772256846785,1466.4099307356892,2431.792393239835,789.7361795650131,1459.5280011025866,2419.2202207140913,124.76031330171897,212.86111018536317,282.298577906803,0.00016287478336480166,2.7443750000000002,0.06437500000000007,0.7152777777777797,7128.205128205128,3,dct_smooth_regression,utterance_000001,0-0-5-3,group_0,AA,1,6,танах,"",0.08999999999999986,артистсемпе,<eps>,N,χ,N,χ,internal
780.071681108263,1453.6769733312708,2427.7632255371536,781.3263233365147,1448.7870868129958,2428.4583002097297,126.10462239105591,210.34562506648334,268.6066826480596,0.00016287478336480166,2.7463750000000005,0.0663750000000003,0.7375000000000044,7128.205128205128,3,dct_smooth_regression,utterance_000001,0-0-5-3,group_0,AA,1,6,танах,"",0.08999999999999986,артистсемпе,<eps>,N,χ,N,χ,internal
774.776025738729,1439.1789057237745,2419.642404820131,775.234093309948,1441.3704234812415,2435.3872823507686,127.17648688578603,208.72410913399844,259.65732980787004,0.00016287478336480166,2.7483750000000002,0.06837500000000007,0.7597222222222242,7128.205128205128,3,dct_smooth_regression,utterance_000001,0-0-5-3,group_0,AA,1,6,танах,"",0.08999999999999986,артистсемпе,<eps>,N,χ,N,χ,internal
769.2882131580305,1421.2172549650747,2414.3761752851656,772.0349057050385,1437.5835538867757,2439.091349012497,127.76992185454885,207.9329525719798,255.2415884480832,0.00016287478336480166,2.7503750000000005,0.0703750000000003,0.781944444444449,7128.205128205128,3,dct_smooth_regression,utterance_000001,0-0-5-3,group_0,AA,1,6,танах,"",0.08999999999999986,артистсемпе,<eps>,N,χ,N,χ,internal
546.353247499238,1573.6695323447502,3053.344474336708,569.3279068571185,1554.25810746111,3061.6522043784844,164.53868644679616,109.50952508045509,95.7802269446869,0.00013647596293361742,3.406375,0.006375000000000242,0.057954545454547715,6589.74358974359,3,dct_smooth_regression,utterance_000001,0-0-8-4,group_0,AA,1,6,хурса,"",0.10999999999999988,вӑй,савӑнтараҫҫӗ,s,#,s,s,final
570.1815808047959,1567.740514319921,3052.6089399564103,573.4830418337018,1555.646590866903,3061.9175295365135,163.6505262589923,111.46171688172885,94.82704809049758,0.00013647596293361742,3.408375,0.008375000000000021,0.0761363636363639,6589.74358974359,3,dct_smooth_regression,utterance_000001,0-0-8-4,group_0,AA,1,6,хурса,"",0.10999999999999988,вӑй,савӑнтараҫҫӗ,s,#,s,s,final
586.4609229714353,1558.3612947359345,3057.85755404839,581.5857747688406,1558.348580964528,3062.4248648449648,161.92630898251738,115.36451670496871,93.07653212474254,0.00013647596293361742,3.410375,0.010375000000000245,0.09431818181818415,6589.74358974359,3,dct_smooth_regression,utterance_000001,0-0-8-4,group_0,AA,1,6,хурса,"",0.10999999999999988,вӑй,савӑнтараҫҫӗ,s,#,s,s,final
600.1305900048936,1552.7597766883507,3062.2893472383867,593.2350367203734,1562.218578347119,3063.130091140795,159.46444555210485,121.20280641362505,90.81037295626308,0.00013647596293361742,3.412375,0.012375000000000025,0.11250000000000035,6589.74358974359,3,dct_smooth_regression,utterance_000001,0-0-8-4,group_0,AA,1,6,хурса,"",0.10999999999999988,вӑй,савӑнтараҫҫӗ,s,#,s,s,final
615.0370578186009,1554.0875247848264,3064.504102265994,607.8631661251857,1567.049177374364,3063.9730711202924,156.39911231710337,128.92467930701363,88.38722905053335,0.00013647596293361742,3.414375,0.014375000000000249,0.1306818181818206,6589.74358974359,3,dct_smooth_regression,utterance_000001,0-0-8-4,group_0,AA,1,6,хурса,"",0.10999999999999988,вӑй,савӑнтараҫҫӗ,s,#,s,s,final
632.0249845663443,1562.1913138874706,3066.426844043862,624.7737268592805,1572.5832826272615,3064.884260083091,152.88677593432578,138.40885438531055,86.19143008813177,0.00013647596293361742,3.416375,0.01637500000000003,0.14886363636363678,6589.74358974359,3,dct_smooth_regression,utterance_000001,0-0-8-4,group_0,AA,1,6,хурса,"",0.10999999999999988,вӑй,савӑнтараҫҫӗ,s,#,s,s,final
647.880463069054,1572.0742136661681,3069.8953239557463,643.187330540759,1578.5291319307896,3065.7925163009604,149.09190624177992,149.4271607313547,84.59357602927473,0.00013647596293361742,3.418375,0.018375000000000252,0.16704545454545702,6589.74358974359,3,dct_smooth_regression,utterance_000001,0-0-8-4,group_0,AA,1,6,хурса,"",0.10999999999999988,вӑй,савӑнтараҫҫӗ,s,#,s,s,final
663.6078768849784,1581.1887572596818,3073.883150620853,662.2920005366176,1584.5771575506278,3066.633366953624,145.17382360645652,161.609890449835,83.93004367320722,0.00013647596293361742,3.420375,0.020375000000000032,0.1852272727272732,6589.74358974359,3,dct_smooth_regression,utterance_000001,0-0-8-4,group_0,AA,1,6,хурса,"",0.10999999999999988,вӑй,савӑнтараҫҫӗ,s,#,s,s,final
681.8515652165563,1590.083916328272,3076.1814198859774,681.2943046262623,1590.417610144305,3067.3569331383064,141.27609668240342,174.4251804228044,84.50041103800012,0.00013647596293361742,3.422375,0.022375000000000256,0.20340909090909345,6589.74358974359,3,dct_smooth_regression,utterance_000001,0-0-8-4,group_0,AA,1,6,хурса,"",0.10999999999999988,вӑй,савӑнтараҫҫӗ,s,#,s,s,final
700.8338473702877,1598.5851919894694,3076.810309682485,699.4674739151787,1595.7578377924551,3067.9347365493786,137.51922075181517,187.1850104301692,86.57624611833666,0.00013647596293361742,3.424375,0.024375000000000036,0.22159090909090964,6589.74358974359,3,dct_smooth_regression,utterance_000001,0-0-8-4,group_0,AA,1,6,хурса,"",0.10999999999999988,вӑй,савӑнтараҫҫӗ,s,#,s,s,final
719.4194405246798,1606.1601224099331,3077.481409863073,716.1930162705913,1600.3381562163383,3068.3646998052004,133.99666262959548,199.08768542578173,90.4122841639367,0.00013647596293361742,3.426375,0.02637500000000026,0.23977272727272989,6589.74358974359,3,dct_smooth_regression,utterance_000001,0-0-8-4,group_0,AA,1,6,хурса,"",0.10999999999999988,вӑй,савӑнтараҫҫӗ,s,#,s,s,final
733.4023870920319,1609.1685409219367,3078.235385434236,730.992897583796,1603.9453617625215,3068.673804684157,130.77388805633245,209.2985814773574,96.25071987509192,0.00013647596293361742,3.428375,0.02837500000000004,0.2579545454545461,6589.74358974359,3,dct_smooth_regression,utterance_000001,0-0-8-4,group_0,AA,1,6,хурса,"",0.10999999999999988,вӑй,савӑнтараҫҫӗ,s,#,s,s,final
742.5961652095108,1606.2245396071796,3077.308791973427,743.5501555090377,1606.423116355677,3068.9180747996415,127.8897388808702,217.05873943505773,104.30996035162364,0.00013647596293361742,3.430375,0.030375000000000263,0.27613636363636634,6589.74358974359,3,dct_smooth_regression,utterance_000001,0-0-8-4,group_0,AA,1,6,хурса,"",0.10999999999999988,вӑй,савӑнтараҫҫӗ,s,#,s,s,final
748.8528881117223,1600.983533471896,3072.8346031087754,753.7167616550397,1607.678659425424,3069.1797841367465,125.35947535300097,221.79884939079332,114.75050747054175,0.00013647596293361742,3.432375,0.03237500000000004,0.29431818181818253,6589.74358974359,3,dct_smooth_regression,utterance_000001,0-0-8-4,group_0,AA,1,6,хурса,"",0.10999999999999988,вӑй,савӑнтараҫҫӗ,s,#,s,s,final
753.9928823553189,1600.0982860034621,3065.415339673828,761.5085804724469,1607.6855585618973,3069.56204008006,123.17887757013197,223.2300659654025,127.61385656783618,0.00013647596293361742,3.434375,0.034375000000000266,0.3125000000000028,6589.74358974359,3,dct_smooth_regression,utterance_000001,0-0-8-4,group_0,AA,1,6,хурса,"",0.10999999999999988,вӑй,савӑнтараҫҫӗ,s,#,s,s,final
759.6052596881829,1604.1436045782298,3056.829920324225,767.0883011597022,1606.4824791952926,3070.181127558428,121.32893441322976,221.38704627553324,142.737530944234,0.00013647596293361742,3.436375,0.036375000000000046,0.33068181818181897,6589.74358974359,3,dct_smooth_regression,utterance_000001,0-0-8-4,group_0,AA,1,6,хурса,"",0.10999999999999988,вӑй,савӑнтараҫҫӗ,s,#,s,s,final
765.6871539525112,1608.4843947608356,3049.179764617075,770.7381586865562,1604.1682143632545,3071.1572088349617,119.780776811245,216.6121210442168,159.6620755161123,0.00013647596293361742,3.438375,0.03837500000000027,0.3488636363636392,6589.74358974359,3,dct_smooth_regression,utterance_000001,0-0-8-4,group_0,AA,1,6,хурса,"",0.10999999999999988,вӑй,савӑнтараҫҫӗ,s,#,s,s,final
770.2424772555045,1608.5074584988272,3046.8083476399743,772.8250353964694,1600.8934501564622,3072.604132838967,118.50059875310579,209.487160226132,177.56211049193888,0.00013647596293361742,3.440375,0.04037500000000005,0.3670454545454554,6589.74358974359,3,dct_smooth_regression,utterance_000001,0-0-8-4,group_0,AA,1,6,хурса,"",0.10999999999999988,вӑй,савӑнтараҫҫӗ,s,#,s,s,final
773.1272398144629,1604.740714410191,3055.033366435855,773.761083775786,1596.8499347335369,3074.619204376474,117.45434500301042,200.73397627349553,195.24567939830018,0.00013647596293361742,3.442375,0.042375000000000274,0.38522727272727564,6589.74358974359,3,dct_smooth_regression,utterance_000001,0-0-8-4,group_0,AA,1,6,хурса,"",0.10999999999999988,вӑй,савӑнтараҫҫӗ,s,#,s,s,final
775.6252930367922,1599.2416096492018,3074.1414633689637,773.9632914022925,1592.2578565436297,3077.273787979998,116.61194206641018,191.10964072879918,211.26160185439096,0.00013647596293361742,3.444375,0.04437500000000005,0.4034090909090918,6589.74358974359,3,dct_smooth_regression,utterance_000001,0-0-8-4,group_0,AA,1,6,хурса,"",0.10999999999999988,вӑй,савӑнтараҫҫӗ,s,#,s,s,final
778.2322663843943,1592.3923449749484,3090.9914636586445,773.8154011133149,1587.3523127735061,3080.6055705978556,115.95083501227154,181.31919370179784,224.12367670336994,0.00013647596293361742,3.446375,0.04637500000000028,0.42159090909091207,6589.74358974359,3,dct_smooth_regression,utterance_000001,0-0-8-4,group_0,AA,1,6,хурса,"",0.10999999999999988,вӑй,савӑнтараҫҫӗ,s,#,s,s,final
780.5419767656092,1583.426857977366,3100.2137913314764,773.6353076288741,1582.3697592219007,3084.6131852221524,115.45859600882494,171.95840906835406,232.60844398532288,0.00013647596293361742,3.448375,0.04837500000000006,0.43977272727272826,6589.74358974359,3,dct_smooth_regression,utterance_000001,0-0-8-4,group_0,AA,1,6,хурса,"",0.10999999999999988,вӑй,савӑнтараҫҫӗ,s,#,s,s,final
781.6380166537434,1573.8846675729083,3104.1530216891033,773.6505044976141,1577.5352800362157,3089.253713513546,115.13441115437833,163.48855267821511,236.03514949720812,0.00013647596293361742,3.450375,0.05037500000000028,0.4579545454545485,6589.74358974359,3,dct_smooth_regression,utterance_000001,0-0-8-4,group_0,AA,1,6,хурса,"",0.10999999999999988,вӑй,савӑнтараҫҫӗ,s,#,s,s,final
781.1947815128882,1566.6624197900167,3106.04698216255,773.9834017284361,1573.051406990222,3094.4433544778176,114.98933462266284,156.23724221375554,234.42594206695642,0.00013647596293361742,3.452375,0.05237500000000006,0.4761363636363647,6589.74358974359,3,dct_smooth_regression,utterance_000001,0-0-8-4,group_0,AA,1,6,хурса,"",0.10999999999999988,вӑй,савӑнтараҫҫӗ,s,#,s,s,final
779.8023527931589,1561.8715848481845,3108.549519592635,774.6474410975201,1569.0890642200648,3100.061287395655,115.04530980095059,150.41597348154244,228.48640345293248,0.00013647596293361742,3.454375,0.054375000000000284,0.49431818181818493,6589.74358974359,3,dct_smooth_regression,utterance_000001,0-0-8-4,group_0,AA,1,6,хурса,"",0.10999999999999988,вӑй,савӑнтараҫҫӗ,s,#,s,s,final
777.7830618920611,1559.7084133570484,3112.0695374652205,775.5539802783927,1565.781029558912,3105.956492147066,115.3330699457031,146.14496668291292,219.4211536887781,0.00013647596293361742,3.456375,0.056375000000000064,0.5125000000000012,6589.74358974359,3,dct_smooth_regression,utterance_000001,0-0-8-4,group_0,AA,1,6,хурса,"",0.10999999999999988,вӑй,савӑнтараҫҫӗ,s,#,s,s,final
774.7362310234319,1559.3891870785453,3116.732196113899,776.5289805432175,1563.2181035835958,3111.9570411584978,115.8891176392743,143.47813781185545,208.6630104566941,0.00013647596293361742,3.458375,0.05837500000000029,0.5306818181818214,6589.74358974359,3,dct_smooth_regression,utterance_000001,0-0-8-4,group_0,AA,1,6,хурса,"",0.10999999999999988,вӑй,савӑнтараҫҫӗ,s,#,s,s,final
770.2945385937437,1559.8295470846738,3123.293081916072,777.3376952852117,1561.4479784126772,3117.8811656028215,116.752023762279,142.42372460129755,197.6130009082364,0.00013647596293361742,3.460375,0.06037500000000007,0.5488636363636376,6589.74358974359,3,dct_smooth_regression,utterance_000001,0-0-8-4,group_0,AA,1,6,хурса,"",0.10999999999999988,вӑй,савӑнтараҫҫӗ,s,#,s,s,final
766.4439231567831,1560.2205354619193,3129.1687235900467,777.7148883030846,1560.4766154796419,3123.5492423833366,117.95828027901953,142.95846619782517,187.46101389462174,0.00013647596293361742,3.462375,0.06237500000000029,0.5670454545454578,6589.74358974359,3,dct_smooth_regression,utterance_000001,0-0-8-4,group_0,AA,1,6,хурса,"",0.10999999999999988,вӑй,савӑнтараҫҫӗ,s,#,s,s,final
765.836227740597,1560.936564184526,3130.537717864858,777.3976668824438,1560.2717881349527,3128.7957614743223,119.53790233639906,145.03491294738504,179.10854874667692,0.00013647596293361742,3.464375,0.06437500000000007,0.585227272727274,6589.74358974359,3,dct_smooth_regression,utterance_000001,0-0-8-4,group_0,AA,1,6,хурса,"",0.10999999999999988,вӑй,савӑнтараҫҫӗ,s,#,s,s,final
768.8359435896838,1561.8297380302138,3124.4155358376,776.1578307541308,1560.768331070883,3133.4803232928753,121.50993235445436,148.58248005987568,173.1746107459307,0.00013647596293361742,3.466375,0.0663750000000003,0.6034090909090942,6589.74358974359,3,dct_smooth_regression,utterance_000001,0-0-8-4,group_0,AA,1,6,хурса,"",0.10999999999999988,вӑй,савӑнтараҫҫӗ,s,#,s,s,final
772.4533598408179,1562.106564069764,3115.7091860505125,773.8307269922651,1561.8745704443797,3137.4967844387843,123.87798401374242,153.5034735829725,170.04721564334346,0.00013647596293361742,3.468375,0.06837500000000007,0.6215909090909104,6589.74358974359,3,dct_smooth_regression,utterance_000001,0-0-8-4,group_0,AA,1,6,хурса,"",0.10999999999999988,вӑй,савӑнтараҫҫӗ,s,#,s,s,final
774.2059641148006,1562.9168347151667,3112.414177519423,770.3379523018183,1563.479388230446,3140.7798122772897,126.62600282474698,159.66572797129345,169.94376601780223,0.00013647596293361742,3.470375,0.0703750000000003,0.6397727272727307,6589.74358974359,3,dct_smooth_regression,utterance_000001,0-0-8-4,group_0,AA,1,6,хурса,"",0.10999999999999988,вӑй,савӑнтараҫҫӗ,s,#,s,s,final
772.5890874242921,1566.6511785987298,3119.5237535535084,765.701824933767,1565.459399618327,3143.3083131812555,129.71452196127282,166.89383648604908,172.9540393231068,0.00013647596293361742,3.472375,0.07237500000000008,0.6579545454545469,6589.74358974359,3,dct_smooth_regression,utterance_000001,0-0-8-4,group_0,AA,1,6,хурса,"",0.10999999999999988,вӑй,савӑнтараҫҫӗ,s,#,s,s,final
767.525619496307,1573.5927238298812,3136.575389561661,760.0503061465309,1567.685787193337,3145.10544924987,133.07784397877816,174.9612515685089,179.05150775644458,0.00013647596293361742,3.474375,0.0743750000000003,0.6761363636363671,6589.74358974359,3,dct_smooth_regression,utterance_000001,0-0-8-4,group_0,AA,1,6,хурса,"",0.10999999999999988,вӑй,савӑнтараҫҫӗ,s,#,s,s,final
759.6277207234051,1581.1170592049598,3158.7645281888304,753.6119183087684,1570.0304311285227,3146.2352335283153,136.6227408818826,183.5857037189283,188.06907012164496,0.00013647596293361742,3.476375,0.07637500000000008,0.6943181818181833,6589.74358974359,3,dct_smooth_regression,utterance_000001,0-0-8-4,group_0,AA,1,6,хурса,"",0.10999999999999988,вӑй,савӑнтараҫҫӗ,s,#,s,s,final
750.7111020365456,1583.3678050031103,3174.431749921413,746.7011069974438,1572.3710893590548,3146.7959715044844,140.22937167549662,192.43029361689113,199.6449792159962,0.00013647596293361742,3.478375,0.0783750000000003,0.7125000000000036,6589.74358974359,3,dct_smooth_regression,utterance_000001,0-0-8-4,group_0,AA,1,6,хурса,"",0.10999999999999988,вӑй,савӑнтараҫҫӗ,s,#,s,s,final
742.0201556102188,1578.2073625576786,3176.886002768923,739.6953489766756,1574.5955033703792,3146.9110739719285,143.75508872793299,201.11211154688687,213.1559057669999,0.00013647596293361742,3.480375,0.08037500000000009,0.7306818181818198,6589.74358974359,3,dct_smooth_regression,utterance_000001,0-0-8-4,group_0,AA,1,6,хурса,"",0.10999999999999988,вӑй,савӑнтараҫҫӗ,s,#,s,s,final
734.4478163422208,1569.2963666126307,3166.6027498074045,733.0060423414798,1576.6044215405193,3146.7179818407635,147.04157118746883,209.21925949850177,227.66665242615025,0.00013647596293361742,3.482375,0.08237500000000031,0.74886363636364,6589.74358974359,3,dct_smooth_regression,utterance_000001,0-0-8-4,group_0,AA,1,6,хурса,"",0.10999999999999988,вӑй,савӑнтараҫҫӗ,s,#,s,s,final
728.5494503897484,1565.0911368156032,3152.571495686573,727.0457657727135,1578.3136319103346,3146.3560991623986,149.92525590486986,216.33575500772568,241.93531243168405,0.00013647596293361742,3.484375,0.08437500000000009,0.7670454545454561,6589.74358974359,3,dct_smooth_regression,utterance_000001,0-0-8-4,group_0,AA,1,6,хурса,"",0.10999999999999988,вӑй,савӑнтараҫҫӗ,s,#,s,s,final
722.9420265775854,1569.3187371511488,3141.595450815932,722.1948134240549,1579.6551710072558,3145.9547134286177,152.25037891245722,222.0721984189551,254.509483109128,0.00013647596293361742,3.4863750000000002,0.08637500000000031,0.7852272727272764,6589.74358974359,3,dct_smooth_regression,utterance_000001,0-0-8-4,group_0,AA,1,6,хурса,"",0.10999999999999988,вӑй,савӑнтараҫҫӗ,s,#,s,s,final
715.8253857622883,1579.9754193944889,3133.1380761531686,718.769973386043,1580.5779190948315,3145.621885041573,153.88322871300707,226.09862851016578,263.92502818655265,0.00013647596293361742,3.488375,0.08837500000000009,0.8034090909090926,6589.74358974359,3,dct_smooth_regression,utterance_000001,0-0-8-4,group_0,AA,1,6,хурса,"",0.10999999999999988,вӑй,савӑнтараҫҫӗ,s,#,s,s,final
706.0639071696258,1588.8777387128284,3122.095114583982,716.9983164520199,1581.047802589426,3145.4352102753746,154.72565156430025,228.17505626371496,268.97545564562813,0.00013647596293361742,3.4903750000000002,0.09037500000000032,0.8215909090909128,6589.74358974359,3,dct_smooth_regression,utterance_000001,0-0-8-4,group_0,AA,1,6,хурса,"",0.10999999999999988,вӑй,савӑнтараҫҫӗ,s,#,s,s,final
839.3681289788827,1643.0540600747465,3112.3754424967365,847.9333804735402,1610.5975247886852,3238.0245504980103,239.98786914355023,207.32816868732533,370.7832945118922,0.0004875438779899531,3.616375,0.006375000000000242,0.07083333333333577,6589.74358974359,3,dct_smooth_regression,utterance_000001,0-0-9-1,group_0,AA,1,6,савӑнтараҫҫӗ,"",0.0900000000000003,хурса,<eps>,s,V,s,V,internal
846.6502625022305,1607.780299221704,3152.5901765756066,852.5431087233795,1610.2581539753983,3216.15624641613,240.2532498621118,214.61647187827114,395.2489913607975,0.0004875438779899531,3.618375,0.008375000000000021,0.09305555555555547,6589.74358974359,3,dct_smooth_regression,utterance_000001,0-0-9-1,group_0,AA,1,6,савӑнтараҫҫӗ,"",0.0900000000000003,хурса,<eps>,s,V,s,V,internal
859.1815389802646,1591.4917877491412,3171.4918593372563,861.2852161660942,1609.657912402476,3174.027593432478,240.59348762480542,229.14633257271564,446.2012988410528,0.0004875438779899531,3.620375,0.010375000000000245,0.11527777777778012,6589.74358974359,3,dct_smooth_regression,utterance_000001,0-0-9-1,group_0,AA,1,6,савӑнтараҫҫӗ,"",0.0900000000000003,хурса,<eps>,s,V,s,V,internal
876.6342807120233,1591.0403781631624,3152.581093694454,873.2637506856955,1608.936548943763,3114.6994867253884,240.65601367211806,250.65727602640155,526.9166214833473,0.0004875438779899531,3.622375,0.012375000000000025,0.13749999999999982,6589.74358974359,3,dct_smooth_regression,utterance_000001,0-0-9-1,group_0,AA,1,6,савӑнтараҫҫӗ,"",0.0900000000000003,хурса,<eps>,s,V,s,V,internal
895.2685453006909,1602.158366176158,3108.9389617624706,887.2737528792936,1608.263263723028,3042.3931680464584,239.9836039717836,278.37328960307303,640.0820866771026,0.0004875438779899531,3.624375,0.014375000000000249,0.15972222222222443,6589.74358974359,3,dct_smooth_regression,utterance_000001,0-0-9-1,group_0,AA,1,6,савӑнтараҫҫӗ,"",0.0900000000000003,хурса,<eps>,s,V,s,V,internal
910.6637924086742,1613.664714123468,3049.496963794651,901.9470083788154,1607.795380187587,2962.0927719006163,238.09808596083454,310.658557548151,784.6022293039921,0.0004875438779899531,3.626375,0.01637500000000003,0.18194444444444413,6589.74358974359,3,dct_smooth_regression,utterance_000001,0-0-9-1,group_0,AA,1,6,савӑнтараҫҫӗ,"",0.0900000000000003,хурса,<eps>,s,V,s,V,internal
923.1059120604535,1617.5565527929632,2973.6812255843606,915.9145096866395,1607.6340827075726,2879.0869807736767,234.60013572958331,344.80607131172616,951.5896889542109,0.0004875438779899531,3.628375,0.018375000000000252,0.20416666666666877,6589.74358974359,3,dct_smooth_regression,utterance_000001,0-0-9-1,group_0,AA,1,6,савӑнтараҫҫӗ,"",0.0900000000000003,хурса,<eps>,s,V,s,V,internal
932.7891700384974,1613.3450399915025,2870.0556279028883,927.9641253988082,1607.784431744696,2798.4996348855757,229.26538104916796,377.17816819925315,1121.6300456222118,0.0004875438779899531,3.630375,0.020375000000000032,0.22638888888888847,6589.74358974359,3,dct_smooth_regression,utterance_000001,0-0-9-1,group_0,AA,1,6,савӑнтараҫҫӗ,"",0.0900000000000003,хурса,<eps>,s,V,s,V,internal
938.1174935364801,1606.9858543625012,2744.654784628021,937.1728932359747,1608.1264267018641,2724.8589959716746,222.1114666858467,403.8283107202229,1266.5240009890138,0.0004875438779899531,3.632375,0.022375000000000256,0.24861111111111311,6589.74358974359,3,dct_smooth_regression,utterance_000001,0-0-9-1,group_0,AA,1,6,савӑнтараҫҫӗ,"",0.0900000000000003,хурса,<eps>,s,V,s,V,internal
939.0104237519517,1602.2116481986113,2620.9782506448796,942.9971016902862,1608.4024440102353,2661.749327974713,213.414909653623,421.4825679903846,1357.225119081204,0.0004875438779899531,3.634375,0.024375000000000036,0.2708333333333328,6589.74358974359,3,dct_smooth_regression,utterance_000001,0-0-9-1,group_0,AA,1,6,савӑнтараҫҫӗ,"",0.0900000000000003,хурса,<eps>,s,V,s,V,internal
936.4199997682116,1598.6402970374197,2533.264704308218,945.3093621636656,1608.2241360549926,2611.5774127241502,203.67131125554104,428.48346180362853,1375.1367452250217,0.0004875438779899531,3.636375,0.02637500000000026,0.29305555555555746,6589.74358974359,3,dct_smooth_regression,utterance_000001,0-0-9-1,group_0,AA,1,6,савӑнтараҫҫӗ,"",0.0900000000000003,хурса,<eps>,s,V,s,V,internal
933.2058998090997,1597.6061118174891,2493.740104663378,944.3793383701866,1607.0991515287792,2575.472072177859,193.51168577845092,425.2353381526082,1319.984669368295,0.0004875438779899531,3.638375,0.02837500000000004,0.31527777777777716,6589.74358974359,3,dct_smooth_regression,utterance_000001,0-0-9-1,group_0,AA,1,6,савӑнтараҫҫӗ,"",0.0900000000000003,хурса,<eps>,s,V,s,V,internal
931.6217085797746,1600.090220925617,2482.815970625541,940.8026348464464,1604.4752161149024,2553.318641966117,183.60155877439337,413.94224170954453,1208.9798631907272,0.0004875438779899531,3.640375,0.030375000000000263,0.3375000000000018,6589.74358974359,3,dct_smooth_regression,utterance_000001,0-0-9-1,group_0,AA,1,6,савӑнтараҫҫӗ,"",0.0900000000000003,хурса,<eps>,s,V,s,V,internal
932.226963505602,1603.2019531255567,2497.9527985855907,935.3894477129236,1599.796595369716,2543.914708189328,174.55132107105854,397.81840449635564,1068.3361142013691,0.0004875438779899531,3.642375,0.03237500000000004,0.3597222222222215,6589.74358974359,3,dct_smooth_regression,utterance_000001,0-0-9-1,group_0,AA,1,6,савӑнтараҫҫӗ,"",0.0900000000000003,хурса,<eps>,s,V,s,V,internal
933.2595978669067,1603.0636048525625,2535.623506441651,929.0299547933296,1592.5661083412517,2545.220229945696,166.85671235511646,380.1800874431948,923.169459358485,0.0004875438779899531,3.644375,0.034375000000000266,0.3819444444444461,6589.74358974359,3,dct_smooth_regression,utterance_000001,0-0-9-1,group_0,AA,1,6,савӑнтараҫҫӗ,"",0.0900000000000003,хурса,<eps>,s,V,s,V,internal
932.2873937367099,1597.1153073741414,2584.7237539924554,922.5563261516293,1582.404936404908,2554.665991955912,160.8738584442655,363.76896777633493,791.1673495501683,0.0004875438779899531,3.646375,0.036375000000000046,0.4041666666666658,6589.74358974359,3,dct_smooth_regression,utterance_000001,0-0-9-1,group_0,AA,1,6,савӑнтараҫҫӗ,"",0.0900000000000003,хурса,<eps>,s,V,s,V,internal
927.7097710909667,1584.5958045497314,2627.8395670625487,916.6212826086569,1569.1026112829109,2569.480152504213,156.82140141939576,350.4322166055549,681.3254732533312,0.0004875438779899531,3.648375,0.03837500000000027,0.4263888888888904,6589.74358974359,3,dct_smooth_regression,utterance_000001,0-0-9-1,group_0,AA,1,6,савӑнтараҫҫӗ,"",0.0900000000000003,хурса,<eps>,s,V,s,V,internal
919.7913560587126,1563.4201835679955,2655.1599746858533,911.6103400581744,1552.6507531058703,2586.993762990234,154.79685708102946,341.08785162022485,595.902280736337,0.0004875438779899531,3.650375,0.04037500000000005,0.44861111111111013,6589.74358974359,3,dct_smooth_regression,utterance_000001,0-0-9-1,group_0,AA,1,6,савӑнтараҫҫӗ,"",0.0900000000000003,хурса,<eps>,s,V,s,V,internal
910.4618648929182,1532.283914072024,2657.4045738764194,907.5996762434239,1533.256199498713,2604.8921136604868,154.79514228514597,335.83227832065296,533.2031337770612,0.0004875438779899531,3.652375,0.042375000000000274,0.47083333333333477,6589.74358974359,3,dct_smooth_regression,utterance_000001,0-0-9-1,group_0,AA,1,6,савӑнтараҫҫӗ,"",0.0900000000000003,хурса,<eps>,s,V,s,V,internal
903.2778463138642,1499.1141004180024,2641.0919356930212,904.3647099440141,1511.3318312879553,2621.3885489160352,156.72172351634865,334.07950347439896,489.7872378959413,0.0004875438779899531,3.654375,0.04437500000000005,0.49305555555555447,6589.74358974359,3,dct_smooth_regression,utterance_000001,0-0-9-1,group_0,AA,1,6,савӑнтараҫҫӗ,"",0.0900000000000003,хурса,<eps>,s,V,s,V,internal
897.7046085134696,1469.2637430200778,2625.7555349280865,901.4369861088887,1487.466287420649,2635.3094708462922,160.39845196978627,334.69427415092434,461.74455126890786,0.0004875438779899531,3.656375,0.04637500000000028,0.5152777777777791,6589.74358974359,3,dct_smooth_regression,utterance_000001,0-0-9-1,group_0,AA,1,6,савӑнтараҫҫӗ,"",0.0900000000000003,хурса,<eps>,s,V,s,V,internal
891.0984270647284,1442.9739512488304,2622.329162129778,898.1998966755954,1462.3764685968695,2646.0918463838902,165.5651342468778,336.14341069072424,445.2441846781408,0.0004875438779899531,3.658375,0.04837500000000006,0.5374999999999988,6589.74358974359,3,dct_smooth_regression,utterance_000001,0-0-9-1,group_0,AA,1,6,савӑнтараҫҫӗ,"",0.0900000000000003,хурса,<eps>,s,V,s,V,internal
884.2024534803265,1422.5414066271826,2628.917444217861,894.0081490726542,1436.8488803937068,2653.7059000879353,171.883186241837,336.7130913528091,436.69300854877497,0.0004875438779899531,3.660375,0.05037500000000028,0.5597222222222235,6589.74358974359,3,dct_smooth_regression,utterance_000001,0-0-9-1,group_0,AA,1,6,савӑнтараҫҫӗ,"",0.0900000000000003,хурса,<eps>,s,V,s,V,internal
878.8252357821746,1406.1102807721852,2637.4932023037927,888.3125223183605,1411.6771669537438,2658.524317833777,178.94850083276205,334.8138946108546,432.78760376426544,0.0004875438779899531,3.662375,0.05237500000000006,0.5819444444444432,6589.74358974359,3,dct_smooth_regression,utterance_000001,0-0-9-1,group_0,AA,1,6,савӑнтараҫҫӗ,"",0.0900000000000003,хурса,<eps>,s,V,s,V,internal
875.8943006534782,1392.4442142018206,2642.759092475293,880.7707962027685,1387.6034622201537,2661.1641733325796,186.3183266272257,329.3299832088594,430.62779550673497,0.0004875438779899531,3.664375,0.054375000000000284,0.6041666666666677,6589.74358974359,3,dct_smooth_regression,utterance_000001,0-0-9-1,group_0,AA,1,6,савӑнтараҫҫӗ,"",0.0900000000000003,хурса,<eps>,s,V,s,V,internal
873.2850308323723,1378.7559263716125,2646.4559000226586,871.3278802499563,1365.2704099770365,2662.3284761658224,193.55172715961,319.90327381228656,427.93167460843125,0.0004875438779899531,3.666375,0.056375000000000064,0.6263888888888874,6589.74358974359,3,dct_smooth_regression,utterance_000001,0-0-9-1,group_0,AA,1,6,савӑнтараҫҫӗ,"",0.0900000000000003,хурса,<eps>,s,V,s,V,internal
868.1121236048724,1363.696623642393,2651.989549112219,860.2527803448875,1345.188998774751,2662.670915224045,200.256733286011,307.03227801451993,423.27761265019603,0.0004875438779899531,3.668375,0.05837500000000029,0.6486111111111121,6589.74358974359,3,dct_smooth_regression,utterance_000001,0-0-9-1,group_0,AA,1,6,савӑнтараҫҫӗ,"",0.0900000000000003,хурса,<eps>,s,V,s,V,internal
859.2807412887644,1347.2769344420865,2659.5992175026017,848.1264411764286,1327.7249766743575,2662.7008038702947,206.13250299748552,291.9338466115818,416.241318092721,0.0004875438779899531,3.670375,0.06037500000000007,0.6708333333333318,6589.74358974359,3,dct_smooth_regression,utterance_000001,0-0-9-1,group_0,AA,1,6,савӑнтараҫҫӗ,"",0.0900000000000003,хурса,<eps>,s,V,s,V,internal
847.2694142572735,1327.9972504956029,2667.7719633352635,835.7817552071772,1313.103901573581,2662.7366375599217,210.99436101885607,276.2264065066591,407.3283156111308,0.0004875438779899531,3.672375,0.06237500000000029,0.6930555555555564,6589.74358974359,3,dct_smooth_regression,utterance_000001,0-0-9-1,group_0,AA,1,6,савӑнтараҫҫӗ,"",0.0900000000000003,хурса,<eps>,s,V,s,V,internal
833.1655921318783,1306.780057568934,2673.933163207636,824.2040769565878,1301.4322377842502,2662.9075151672782,214.77422568374618,261.5689833286767,397.7027710223549,0.0004875438779899531,3.674375,0.06437500000000007,0.7152777777777761,6589.74358974359,3,dct_smooth_regression,utterance_000001,0-0-9-1,group_0,AA,1,6,савӑнтараҫҫӗ,"",0.0900000000000003,хурса,<eps>,s,V,s,V,internal
818.241409927038,1288.351289474708,2674.7937540765156,814.4064010660261,1292.729708307545,2663.193436708152,217.49669464651313,249.38363204971915,388.80963420692433,0.0004875438779899531,3.676375,0.0663750000000003,0.7375000000000008,6589.74358974359,3,dct_smooth_regression,utterance_000001,0-0-9-1,group_0,AA,1,6,савӑнтараҫҫӗ,"",0.0900000000000003,хурса,<eps>,s,V,s,V,internal
801.5410232907292,1273.741996225022,2670.9083266056628,807.2971106404401,1286.9666678147807,2663.489451513218,219.23848594179532,240.71847449237157,382.01497383032864,0.0004875438779899531,3.678375,0.06837500000000007,0.7597222222222205,6589.74358974359,3,dct_smooth_regression,utterance_000001,0-0-9-1,group_0,AA,1,6,савӑнтараҫҫӗ,"",0.0900000000000003,хурса,<eps>,s,V,s,V,internal
783.9697430828875,1262.4987769084582,2667.8434247529995,803.5593375721594,1284.099774926677,2663.675674678402,220.08315151642577,236.23120498926477,378.3461133120976,0.0004875438779899531,3.680375,0.0703750000000003,0.7819444444444451,6589.74358974359,3,dct_smooth_regression,utterance_000001,0-0-9-1,group_0,AA,1,6,савӑнтараҫҫӗ,"",0.0900000000000003,хурса,<eps>,s,V,s,V,internal
698.4606059238922,1827.8541804245351,2974.0983467131587,699.818245602476,1825.4863503625706,2973.3530070839615,105.75733426073617,136.32656722126646,77.8807853800906,3.237077847677771e-6,3.906375,0.006375000000000242,0.12750000000000417,6769.2307692307695,3,dct_smooth_regression,utterance_000001,0-0-9-6,group_0,AA,1,6,савӑнтараҫҫӗ,"",0.050000000000000266,хурса,<eps>,t,R,t,R,internal
706.7573891881877,1819.779211034941,2962.370498915585,705.4850418631062,1821.8003779455953,2963.150832296705,109.78048547011736,134.76756458050136,86.09561738788993,3.237077847677771e-6,3.908375,0.008375000000000021,0.16749999999999954,6769.2307692307695,3,dct_smooth_regression,utterance_000001,0-0-9-6,group_0,AA,1,6,савӑнтараҫҫӗ,"",0.050000000000000266,хурса,<eps>,t,R,t,R,internal
718.2298207860956,1816.2955746667803,2945.84892051349,717.2388435335326,1817.7042384615734,2945.8936003501935,117.43840123980979,133.40239574041036,99.82185096271661,3.237077847677771e-6,3.910375,0.010375000000000245,0.2075000000000038,6769.2307692307695,3,dct_smooth_regression,utterance_000001,0-0-9-6,group_0,AA,1,6,савӑнтараҫҫӗ,"",0.050000000000000266,хурса,<eps>,t,R,t,R,internal
734.4012112969709,1817.4673848109708,2926.851749749585,734.7660501620405,1817.1737293226927,2926.888083747879,127.85316371573744,134.43635191956776,113.37717994430459,3.237077847677771e-6,3.912375,0.012375000000000025,0.24749999999999917,6769.2307692307695,3,dct_smooth_regression,utterance_000001,0-0-9-6,group_0,AA,1,6,савӑнтараҫҫӗ,"",0.050000000000000266,хурса,<eps>,t,R,t,R,internal
754.6737724803567,1822.2815728583657,2911.456821073676,755.8862957547784,1821.70530854177,2911.7824694318624,139.5863791187016,139.08191400877283,121.42099053465022,3.237077847677771e-6,3.914375,0.014375000000000249,0.2875000000000034,6769.2307692307695,3,dct_smooth_regression,utterance_000001,0-0-9-6,group_0,AA,1,6,савӑнтараҫҫӗ,"",0.050000000000000266,хурса,<eps>,t,R,t,R,internal
776.5340764892044,1829.33391688048,2904.683043523998,776.7240255331868,1828.9331478998238,2904.4104070462886,150.78568436605335,146.70863936687098,124.1163024507833,3.237077847677771e-6,3.916375,0.01637500000000003,0.32749999999999885,6769.2307692307695,3,dct_smooth_regression,utterance_000001,0-0-9-6,group_0,AA,1,6,савӑнтараҫҫӗ,"",0.050000000000000266,хурса,<eps>,t,R,t,R,internal
794.8886441011789,1834.969594612349,2906.118942425794,793.3825042826151,1834.0275772481136,2905.180274793294,159.631817403053,154.73262198675042,126.63884021960061,3.237077847677771e-6,3.918375,0.018375000000000252,0.3675000000000031,6769.2307692307695,3,dct_smooth_regression,utterance_000001,0-0-9-6,group_0,AA,1,6,савӑнтараҫҫӗ,"",0.050000000000000266,хурса,<eps>,t,R,t,R,internal
804.0906543587322,1832.7164207064682,2910.9491889720657,803.9714359200422,1832.7670769890374,2910.9361849571856,164.92705046561082,159.591547207988,134.02847239232943,3.237077847677771e-6,3.920375,0.020375000000000032,0.4074999999999985,6769.2307692307695,3,dct_smooth_regression,utterance_000001,0-0-9-6,group_0,AA,1,6,савӑнтараҫҫӗ,"",0.050000000000000266,хурса,<eps>,t,R,t,R,internal
808.2070929535106,1821.6498362287941,2915.185859419665,809.418038371792,1824.0523994326943,2916.621176811742,166.4931969259769,158.80616248704035,147.70233476104252,3.237077847677771e-6,3.922375,0.022375000000000256,0.44750000000000273,6769.2307692307695,3,dct_smooth_regression,utterance_000001,0-0-9-6,group_0,AA,1,6,савӑнтараҫҫӗ,"",0.050000000000000266,хурса,<eps>,t,R,t,R,internal
812.2161544775627,1808.8916305851772,2917.087179510268,812.3998701606547,1810.265831999617,2918.031453975086,165.14424693447634,152.67485585331153,164.73403464659037,3.237077847677771e-6,3.924375,0.024375000000000036,0.4874999999999981,6769.2307692307695,3,dct_smooth_regression,utterance_000001,0-0-9-6,group_0,AA,1,6,савӑнтараҫҫӗ,"",0.050000000000000266,хурса,<eps>,t,R,t,R,internal
816.1155993404819,1798.7423301837287,2915.8140912145122,815.2329598865433,1795.6158808179025,2914.134283786219,162.28670668777806,143.96036405145168,179.64156692619846,3.237077847677771e-6,3.926375,0.02637500000000026,0.5275000000000024,6769.2307692307695,3,dct_smooth_regression,utterance_000001,0-0-9-6,group_0,AA,1,6,савӑнтараҫҫӗ,"",0.050000000000000266,хурса,<eps>,t,R,t,R,internal
818.6086997082258,1787.906120079605,2910.0516878786643,818.3683053845949,1783.9754444754158,2907.5074835694754,159.40383936222904,136.06279107903995,188.61680254775624,3.237077847677771e-6,3.928375,0.02837500000000004,0.5674999999999978,6769.2307692307695,3,dct_smooth_regression,utterance_000001,0-0-9-6,group_0,AA,1,6,савӑнтараҫҫӗ,"",0.050000000000000266,хурса,<eps>,t,R,t,R,internal
820.1033743467573,1773.3153771616892,2899.922206430749,820.5954789957941,1777.6957867370766,2902.5492784913185,157.65368454026645,131.50725910290967,192.05671062540185,3.237077847677771e-6,3.930375,0.030375000000000263,0.607500000000002,6769.2307692307695,3,dct_smooth_regression,utterance_000001,0-0-9-6,group_0,AA,1,6,савӑнтараҫҫӗ,"",0.050000000000000266,хурса,<eps>,t,R,t,R,internal
804.0101407973714,1751.975491710686,2747.88237483743,799.5760827728924,1761.2313801350963,2741.992436167082,184.51919221308194,112.52492138580186,369.98174475549376,0.00010611843890666464,4.006374999999999,0.006374999999999353,0.05795454545453941,7128.205128205128,3,dct_smooth_regression,utterance_000001,0-0-9-8,group_0,AA,1,6,савӑнтараҫҫӗ,"",0.11000000000000032,хурса,<eps>,R,ɕː,R,ɕː,internal
802.0393980197415,1755.5876675539785,2749.1393311194897,801.371055806733,1761.5236604019663,2739.5992592485636,184.40609015653686,111.58612661876296,368.1233261193768,0.00010611843890666464,4.008375,0.008375000000000021,0.07613636363636361,7128.205128205128,3,dct_smooth_regression,utterance_000001,0-0-9-8,group_0,AA,1,6,савӑнтараҫҫӗ,"",0.11000000000000032,хурса,<eps>,R,ɕː,R,ɕː,internal
802.4249473866299,1759.4814150295608,2745.3067634521885,804.8328151269019,1762.1406507859094,2735.1476674266896,184.1400000309744,109.8106322095489,364.54416124461983,0.00010611843890666464,4.010375,0.010374999999999801,0.09431818181817975,7128.205128205128,3,dct_smooth_regression,utterance_000001,0-0-9-8,group_0,AA,1,6,савӑнтараҫҫӗ,"",0.11000000000000032,хурса,<eps>,R,ɕː,R,ɕː,internal
806.3354615441889,1765.0839882946016,2736.5668941246536,809.7150381504673,1763.1432503224246,2729.2732552022308,183.6460203054588,107.38701171275616,359.5046574392575,0.00010611843890666464,4.012375,0.01237499999999958,0.11249999999999587,7128.205128205128,3,dct_smooth_regression,utterance_000001,0-0-9-8,group_0,AA,1,6,савӑнтараҫҫӗ,"",0.11000000000000032,хурса,<eps>,R,ɕː,R,ɕː,internal
813.351656511348,1772.2651983906278,2725.1289063750573,815.6725289436489,1764.6132990388876,2722.847730832909,182.82372088616043,104.56339754322518,353.3609117398617,0.00010611843890666464,4.014374999999999,0.01437499999999936,0.130681818181812,7128.205128205128,3,dct_smooth_regression,utterance_000001,0-0-9-8,group_0,AA,1,6,савӑнтараҫҫӗ,"",0.11000000000000032,хурса,<eps>,R,ɕː,R,ɕː,internal
821.6755914899347,1778.52000362834,2717.423903399481,822.2880848156742,1766.6432322710225,2716.8894101463443,181.5606107661692,101.6161811326639,346.53041932943086,0.00010611843890666464,4.016375,0.01637500000000003,0.1488636363636362,7128.205128205128,3,dct_smooth_regression,utterance_000001,0-0-9-8,group_0,AA,1,6,савӑнтараҫҫӗ,"",0.11000000000000032,хурса,<eps>,R,ɕː,R,ɕː,internal
830.8422542078612,1782.6466563730319,2715.7199473803357,829.1047278115882,1769.323955176396,2712.4572524622677,179.7483908191711,98.82134132015092,339.4561326694192,0.00010611843890666464,4.018375,0.018374999999999808,0.16704545454545233,7128.205128205128,3,dct_smooth_regression,utterance_000001,0-0-9-8,group_0,AA,1,6,савӑнтараҫҫӗ,"",0.11000000000000032,хурса,<eps>,R,ɕː,R,ɕː,internal
838.6618738636245,1782.4926061238289,2714.858524909355,835.6606200867179,1772.7321666599637,2710.53835420101,177.30013694943315,96.4333464917557,332.573868405614,0.00010611843890666464,4.020375,0.020374999999999588,0.18522727272726847,7128.205128205128,3,dct_smooth_regression,utterance_000001,0-0-9-8,group_0,AA,1,6,савӑнтараҫҫӗ,"",0.11000000000000032,хурса,<eps>,R,ɕː,R,ɕː,internal
843.7722956597422,1776.9292887558236,2708.089374005471,841.5237676902781,1776.9184390183334,2711.9395163185154,174.16600780323256,94.67353197955487,326.2864926647843,0.00010611843890666464,4.022374999999999,0.022374999999999368,0.20340909090908457,7128.205128205128,3,dct_smooth_regression,utterance_000001,0-0-9-8,group_0,AA,1,6,савӑнтараҫҫӗ,"",0.11000000000000032,хурса,<eps>,R,ɕː,R,ɕː,internal
845.6749082471588,1769.620804815731,2697.428850759266,846.3236482589133,1781.8973141574943,2717.19325042084,170.34489828462412,93.72706522883725,320.94636180060854,0.00010611843890666464,4.024375,0.024375000000000036,0.22159090909090878,7128.205128205128,3,dct_smooth_regression,utterance_000001,0-0-9-8,group_0,AA,1,6,савӑнтараҫҫӗ,"",0.11000000000000032,хурса,<eps>,R,ɕː,R,ɕː,internal
846.3803590481299,1767.3853573334789,2691.597787234474,849.7771717253896,1787.6405121100133,2726.4874020591424,165.88987533365568,93.74582682178742,316.84570848293095,0.00010611843890666464,4.026375,0.026374999999999815,0.23977272727272492,7128.205128205128,3,dct_smooth_regression,utterance_000001,0-0-9-8,group_0,AA,1,6,савӑнтараҫҫӗ,"",0.11000000000000032,хурса,<eps>,R,ɕː,R,ɕː,internal
847.999413102879,1775.8302306004248,2700.8994362893714,851.7068759469673,1794.0740764200818,2739.625547059729,160.90625986514664,94.85388410146345,314.21340541846575,0.00010611843890666464,4.028375,0.028374999999999595,0.25795454545454105,7128.205128205128,3,dct_smooth_regression,utterance_000001,0-0-9-8,group_0,AA,1,6,савӑнтараҫҫӗ,"",0.11000000000000032,хурса,<eps>,R,ɕː,R,ɕː,internal
851.3891916669905,1795.3309549945595,2729.0743327507867,852.0499290671493,1801.0799270692212,2756.0226302697533,155.54263731810184,97.15242810098943,313.21593523098625,0.00010611843890666464,4.030374999999999,0.030374999999999375,0.2761363636363572,7128.205128205128,3,dct_smooth_regression,utterance_000001,0-0-9-8,group_0,AA,1,6,савӑнтараҫҫӗ,"",0.11000000000000032,хурса,<eps>,R,ɕː,R,ɕː,internal
853.9593040828391,1816.740332377406,2765.8778075233695,850.857300286052,1808.501885928723,2774.7371972916153,149.97648115924773,100.72168928078389,313.96037822617984,0.00010611843890666464,4.032375,0.03237500000000004,0.29431818181818137,7128.205128205128,3,dct_smooth_regression,utterance_000001,0-0-9-8,group_0,AA,1,6,савӑнтараҫҫӗ,"",0.11000000000000032,хурса,<eps>,R,ɕː,R,ɕː,internal
852.3657150050562,1830.5160077951064,2800.7625647650116,848.2833031576132,1816.1558181815158,2794.538289352246,144.39702681485028,105.61816795604959,316.4976324613602,0.00010611843890666464,4.034375,0.03437499999999982,0.3124999999999975,7128.205128205128,3,dct_smooth_regression,utterance_000001,0-0-9-8,group_0,AA,1,6,савӑнтараҫҫӗ,"",0.11000000000000032,хурса,<eps>,R,ɕː,R,ɕː,internal
846.8055103190768,1834.3049596959963,2828.0185066503673,844.5665387009099,1823.8431335585774,2814.0019160874776,138.98826668740432,111.86643229794916,320.8247177897902,0.00010611843890666464,4.036375,0.0363749999999996,0.33068181818181364,7128.205128205128,3,dct_smooth_regression,utterance_000001,0-0-9-8,group_0,AA,1,6,савӑнтараҫҫӗ,"",0.11000000000000032,хурса,<eps>,R,ɕː,R,ɕː,internal
839.791327806905,1835.652331831893,2855.9562531175748,840.0039992812139,1831.3665499495958,2831.6292686450133,133.9144478929225,119.44581891714051,326.8857334569721,0.00010611843890666464,4.038374999999999,0.03837499999999938,0.34886363636362977,7128.205128205128,3,dct_smooth_regression,utterance_000001,0-0-9-8,group_0,AA,1,6,савӑнтараҫҫӗ,"",0.11000000000000032,хурса,<eps>,R,ɕː,R,ɕː,internal
833.7614395054468,1839.9603417407675,2886.039477806131,834.9206757627827,1838.546770701219,2845.976731235631,129.3094871028825,128.27370865705439,334.57172625230044,0.00010611843890666464,4.040375,0.04037500000000005,0.36704545454545395,7128.205128205128,3,dct_smooth_regression,utterance_000001,0-0-9-8,group_0,AA,1,6,савӑнтараҫҫӗ,"",0.11000000000000032,хурса,<eps>,R,ɕː,R,ɕː,internal
828.6008661659732,1848.1019642882243,2909.655704741427,829.6373901777313,1845.238589971487,2855.786484042954,125.27063366715169,138.18860034693597,343.72030277983947,0.00010611843890666464,4.042375,0.04237499999999983,0.3852272727272701,7128.205128205128,3,dct_smooth_regression,utterance_000001,0-0-9-8,group_0,AA,1,6,савӑнтараҫҫӗ,"",0.11000000000000032,хурса,<eps>,R,ɕː,R,ɕː,internal
823.7509761582079,1855.7392057000895,2909.5754743950074,824.4397215871949,1851.3449324630722,2860.106184236028,121.85584005960945,148.93766199843105,354.11621745160437,0.00010611843890666464,4.044375,0.04437499999999961,0.4034090909090862,7128.205128205128,3,dct_smooth_regression,utterance_000001,0-0-9-8,group_0,AA,1,6,савӑнтараҫҫӗ,"",0.11000000000000032,хурса,<eps>,R,ɕː,R,ɕː,internal
817.9564220930318,1858.084927066026,2880.165545715518,819.550791380539,1856.8274582595354,2858.3869029768985,119.08382674283072,160.17420898025472,365.49432309440556,0.00010611843890666464,4.046374999999999,0.04637499999999939,0.42159090909090235,7128.205128205128,3,dct_smooth_regression,utterance_000001,0-0-9-8,group_0,AA,1,6,савӑнтараҫҫӗ,"",0.11000000000000032,хурса,<eps>,R,ɕː,R,ɕː,internal
812.6173274302092,1855.30580853534,2834.244118724809,815.110334452732,1861.7126123971032,2850.5501374665073,116.93578632276325,171.46992554488182,377.54612996442154,0.00010611843890666464,4.048375,0.04837500000000006,0.43977272727272654,7128.205128205128,3,dct_smooth_regression,utterance_000001,0-0-9-8,group_0,AA,1,6,савӑнтараҫҫӗ,"",0.11000000000000032,хурса,<eps>,R,ɕː,R,ɕː,internal
809.0657405757809,1854.1913524767756,2796.3001567295846,811.1619333422949,1866.0923533341174,2837.017178814619,115.35796904263053,182.34413843963958,389.93076098536676,0.00010611843890666464,4.050375,0.05037499999999984,0.45795454545454267,7128.205128205128,3,dct_smooth_regression,utterance_000001,0-0-9-8,group_0,AA,1,6,савӑнтараҫҫӗ,"",0.11000000000000032,хурса,<eps>,R,ɕː,R,ɕː,internal
807.4783356126219,1859.6685771374557,2782.4075530515966,807.6495802293724,1870.1192262927418,2818.697197845818,114.26487730566541,192.3082801001215,402.29035667337916,0.00010611843890666464,4.052375,0.052374999999999616,0.4761363636363588,7128.205128205128,3,dct_smooth_regression,utterance_000001,0-0-9-8,group_0,AA,1,6,савӑнтараҫҫӗ,"",0.11000000000000032,хурса,<eps>,R,ɕː,R,ɕː,internal
806.1512791505572,1868.5407869518062,2776.741851438556,804.4239173605235,1873.9959210671943,2796.933855935146,113.54330505457251,200.91895691097756,414.26909112759114,0.00010611843890666464,4.054374999999999,0.054374999999999396,0.49431818181817494,7128.205128205128,3,dct_smooth_regression,utterance_000001,0-0-9-8,group_0,AA,1,6,савӑнтараҫҫӗ,"",0.11000000000000032,хурса,<eps>,R,ɕː,R,ɕː,internal
803.6672162351992,1877.102670343817,2757.9843663035554,801.2576594625415,1877.959929656593,2773.413767197481,113.05783070264913,207.82950939546336,425.5340983281239,0.00010611843890666464,4.056375,0.056375000000000064,0.5124999999999992,7128.205128205128,3,dct_smooth_regression,utterance_000001,0-0-9-8,group_0,AA,1,6,савӑнтараҫҫӗ,"",0.11000000000000032,хурса,<eps>,R,ɕː,R,ɕː,internal
800.2254541335776,1884.6518861942386,2727.077048588421,797.8688944171998,1882.264356472571,2750.043433361001,112.6584736869193,212.8292241207756,435.7959910000597,0.00010611843890666464,4.058375,0.058374999999999844,0.5306818181818153,7128.205128205128,3,dct_smooth_regression,utterance_000001,0-0-9-8,group_0,AA,1,6,савӑнтараҫҫӗ,"",0.11000000000000032,хурса,<eps>,R,ɕː,R,ɕː,internal
795.6548586309736,1893.13619418926,2700.8822315649236,793.9502600336916,1887.156294963016,2728.8040612070695,112.19096276517081,215.86202224879486,444.8264607929254,0.00010611843890666464,4.060375,0.06037499999999962,0.5488636363636313,7128.205128205128,3,dct_smooth_regression,utterance_000001,0-0-9-8,group_0,AA,1,6,савӑнтараҫҫӗ,"",0.11000000000000032,хурса,<eps>,R,ɕː,R,ɕː,internal
789.559684653623,1901.1193835036386,2691.4862312394403,789.201465192322,1892.854437193062,2711.5957126371845,111.50943254279183,217.02165621461862,452.47075658290083,0.00010611843890666464,4.062374999999999,0.0623749999999994,0.5670454545454475,7128.205128205128,3,dct_smooth_regression,utterance_000001,0-0-9-8,group_0,AA,1,6,савӑнтараҫҫӗ,"",0.11000000000000032,хурса,<eps>,R,ɕː,R,ɕː,internal
781.2976096252396,1906.9170886949103,2693.480897101206,783.3623087204841,1899.5277037683109,2700.0833483967663,110.49048730377937,216.52626672175208,458.6535911103112,0.00010611843890666464,4.064375,0.06437500000000007,0.5852272727272717,7128.205128205128,3,dct_smooth_regression,utterance_000001,0-0-9-8,group_0,AA,1,6,савӑнтараҫҫӗ,"",0.11000000000000032,хурса,<eps>,R,ɕː,R,ɕː,internal
773.2495330274247,1910.4993230834148,2702.2281106227947,776.2432767307929,1907.2766577176537,2695.557404202826,109.04671372802845,214.67953711294123,463.37804720960384,0.00010611843890666464,4.066375,0.06637499999999985,0.6034090909090878,7128.205128205128,3,dct_smooth_regression,utterance_000001,0-0-9-8,group_0,AA,1,6,савӑнтараҫҫӗ,"",0.11000000000000032,хурса,<eps>,R,ɕː,R,ɕː,internal
766.901140780562,1916.6556923073254,2720.737964671224,767.7509759089914,1916.1192967255483,2698.8205645299304,107.13723357565004,211.82740393240272,466.7181008441699,0.00010611843890666464,4.068375,0.06837499999999963,0.621590909090904,7128.205128205128,3,dct_smooth_regression,utterance_000001,0-0-9-8,group_0,AA,1,6,савӑнтараҫҫӗ,"",0.11000000000000032,хурса,<eps>,R,ɕː,R,ɕː,internal
761.249238845819,1927.5704898205718,2747.9216574872294,757.9060723331783,1925.9825146804437,2710.110444799062,104.77305529016898,208.31833355255912,468.80621816522745,0.00010611843890666464,4.070374999999999,0.07037499999999941,0.63977272727272,7128.205128205128,3,dct_smooth_regression,utterance_000001,0-0-9-8,group_0,AA,1,6,савӑнтараҫҫӗ,"",0.11000000000000032,хурса,<eps>,R,ɕː,R,ɕː,internal
751.5371968337465,1939.326390392628,2774.310399598101,746.8520187793837,1936.7001084538333,2729.0651101685307,102.01588575709008,204.47249875772272,469.8179650247755,0.00010611843890666464,4.072375,0.07237500000000008,0.6579545454545443,7128.205128205128,3,dct_smooth_regression,utterance_000001,0-0-9-8,group_0,AA,1,6,савӑнтараҫҫӗ,"",0.11000000000000032,хурса,<eps>,R,ɕː,R,ɕː,internal
736.719709905033,1946.3985475741954,2786.16790543466,734.8536169140724,1948.017711247746,2754.7349719529275,98.97047478118658,200.56204739885408,469.9556468237597,0.00010611843890666464,4.074375,0.07437499999999986,0.6761363636363604,7128.205128205128,3,dct_smooth_regression,utterance_000001,0-0-9-8,group_0,AA,1,6,савӑнтараҫҫӗ,"",0.11000000000000032,хурса,<eps>,R,ɕː,R,ɕː,internal
719.1468649816619,1951.9584376811194,2790.4446390713138,722.285310242931,1959.6044988136578,2785.6408863845386,95.77202127062132,196.80204885378285,469.4327328356513,0.00010611843890666464,4.076375,0.07637499999999964,0.6943181818181765,7128.205128205128,3,dct_smooth_regression,utterance_000001,0-0-9-8,group_0,AA,1,6,савӑнтараҫҫӗ,"",0.11000000000000032,хурса,<eps>,R,ɕː,R,ɕː,internal
704.211166410749,1960.5023834238673,2804.587022223307,709.609967689023,1971.0709822046767,2819.874539752814,92.57116892971575,193.35010579256877,468.4603348793835,0.00010611843890666464,4.078374999999999,0.07837499999999942,0.7124999999999927,7128.205128205128,3,dct_smooth_regression,utterance_000001,0-0-9-8,group_0,AA,1,6,савӑнтараҫҫӗ,"",0.11000000000000032,хурса,<eps>,R,ɕː,R,ɕː,internal
692.3125852095336,1973.7121687871645,2841.7210621174004,697.349723321802,1981.9917135992255,2855.233747616134,89.51934854768268,190.31201636306494,467.2364453410943,0.00010611843890666464,4.080375,0.08037500000000009,0.7306818181818169,7128.205128205128,3,dct_smooth_regression,utterance_000001,0-0-9-8,group_0,AA,1,6,савӑнтараҫҫӗ,"",0.11000000000000032,хурса,<eps>,R,ɕː,R,ɕː,internal
683.7125289653196,1988.3718679205717,2891.211676285666,686.0511169216899,1991.9313299653052,2889.3824106436564,86.75668910143891,187.75097550873954,465.93811276886834,0.00010611843890666464,4.082375,0.08237499999999986,0.748863636363633,7128.205128205128,3,dct_smooth_regression,utterance_000001,0-0-9-8,group_0,AA,1,6,савӑнтараҫҫӗ,"",0.11000000000000032,хурса,<eps>,R,ɕː,R,ɕː,internal
677.1338099662072,2002.1615070025787,2931.844575380182,676.2472751389546,2000.4720761634317,2920.0227967158025,84.40370289132606,185.69826155725946,464.7163214177984,0.00010611843890666464,4.084375,0.08437499999999964,0.7670454545454491,7128.205128205128,3,dct_smooth_regression,utterance_000001,0-0-9-8,group_0,AA,1,6,савӑнтараҫҫӗ,"",0.11000000000000032,хурса,<eps>,R,ɕː,R,ɕː,internal
672.2753654923523,2011.5504152845137,2948.370483667543,668.420141792656,2007.2408083857893,2945.0667330657307,82.55684586941251,184.16388857311406,463.69307645261625,0.00010611843890666464,4.086374999999999,0.08637499999999942,0.7852272727272652,7128.205128205128,3,dct_smooth_regression,utterance_000001,0-0-9-8,group_0,AA,1,6,савӑнтараҫҫӗ,"",0.11000000000000032,хурса,<eps>,R,ɕː,R,ɕː,internal
667.0178142198465,2016.5914155382563,2946.089681107183,662.9657851456791,2011.9334930848647,2962.7922874451942,81.28719341549737,183.14616237772958,462.9600761610421,0.00010611843890666464,4.088375,0.08837500000000009,0.8034090909090895,7128.205128205128,3,dct_smooth_regression,utterance_000001,0-0-9-8,group_0,AA,1,6,савӑнтараҫҫӗ,"",0.11000000000000032,хурса,<eps>,R,ɕː,R,ɕː,internal
659.815764842197,2020.964293597553,2939.1834806027086,660.1655775426926,2014.335385773761,2971.9735985414736,80.64101899439619,182.63941333363152,462.57835276183545,0.00010611843890666464,4.090375,0.09037499999999987,0.8215909090909056,7128.205128205128,3,dct_smooth_regression,utterance_000001,0-0-9-8,group_0,AA,1,6,савӑнтараҫҫӗ,"",0.11000000000000032,хурса,<eps>,R,ɕː,R,ɕː,internal
533.9536230566729,1330.0876410755368,3193.1108259930315,550.1082234030306,1337.572079183313,3191.187010163707,91.53720009798785,120.46218586803936,154.4221057546338,0.00008248213710699343,0.796375,0.0063750000000000195,0.07968750000000029,6589.74358974359,3,dct_smooth_regression,utterance_000001,0-0-1-3,group_0,AH,1,6,калӑн,"",0.07999999999999996,мӗн,<eps>,l,N,l,N,internal
552.9219778447833,1338.2539705449651,3189.8621200251687,555.2112808359643,1342.0413672464283,3191.0657396670317,92.90388669923722,121.10310254761305,151.7200987897449,0.00008248213710699343,0.7983750000000001,0.008375000000000021,0.10468750000000032,6589.74358974359,3,dct_smooth_regression,utterance_000001,0-0-1-3,group_0,AH,1,6,калӑн,"",0.07999999999999996,мӗн,<eps>,l,N,l,N,internal
569.4567979218208,1350.9740844689488,3186.3798669658377,564.7890986848429,1350.4017638687803,3190.5585601399525,95.48935196035339,122.06612561676391,147.00180683161605,0.00008248213710699343,0.8003750000000001,0.010375000000000023,0.12968750000000037,6589.74358974359,3,dct_smooth_regression,utterance_000001,0-0-1-3,group_0,AH,1,6,калӑн,"",0.07999999999999996,мӗн,<eps>,l,N,l,N,internal
586.1216191453715,1365.5933535779593,3183.812597717398,577.6846801226142,1361.5887435095108,3189.196630496646,98.99522011109187,122.77643581035097,141.40599090692086,0.00008248213710699343,0.8023750000000001,0.012375000000000025,0.1546875000000004,6589.74358974359,3,dct_smooth_regression,utterance_000001,0-0-1-3,group_0,AH,1,6,калӑн,"",0.07999999999999996,мӗн,<eps>,l,N,l,N,internal
601.6765955269418,1380.1103153317283,3182.680633381897,592.3939074720184,1374.2195293228974,3186.415795566743,102.98059824919338,122.54030859992669,136.1928507691469,0.00008248213710699343,0.8043750000000001,0.014375000000000027,0.17968750000000044,6589.74358974359,3,dct_smooth_regression,utterance_000001,0-0-1-3,group_0,AH,1,6,калӑн,"",0.07999999999999996,мӗн,<eps>,l,N,l,N,internal
613.414684778121,1392.5513818621412,3182.92563952702,607.297155131521,1386.8090834847528,3181.692294790462,106.89993267605222,120.75109760572661,132.47130687672168,0.00008248213710699343,0.8063750000000001,0.01637500000000003,0.20468750000000047,6589.74358974359,3,dct_smooth_regression,utterance_000001,0-0-1-3,group_0,AH,1,6,калӑн,"",0.07999999999999996,мӗн,<eps>,l,N,l,N,internal
622.6223393326552,1401.7669863158185,3182.6199229261483,620.9005939064153,1397.9978760665874,3174.678223477715,110.18340841539485,117.1107652625052,131.06077424413516,0.00008248213710699343,0.8083750000000001,0.01837500000000003,0.22968750000000052,6589.74358974359,3,dct_smooth_regression,utterance_000001,0-0-1-3,group_0,AH,1,6,калӑн,"",0.07999999999999996,мӗн,<eps>,l,N,l,N,internal
629.9342808412699,1406.9797563083293,3177.926779966507,632.0459062121357,1406.7539368597759,3165.3095128579193,112.35137964865633,111.7720548164793,132.4632176409439,0.00008248213710699343,0.8103750000000001,0.020375000000000032,0.25468750000000057,6589.74358974359,3,dct_smooth_regression,utterance_000001,0-0-1-3,group_0,AH,1,6,калӑн,"",0.07999999999999996,мӗн,<eps>,l,N,l,N,internal
635.0283393245408,1409.6514228476165,3165.387462120647,640.0537483912443,1412.5168469047255,3153.864326433524,113.12856238602252,105.32346550224032,136.87353714116924,0.00008248213710699343,0.8123750000000001,0.022375000000000034,0.2796875000000006,6589.74358974359,3,dct_smooth_regression,utterance_000001,0-0-1-3,group_0,AH,1,6,калӑн,"",0.07999999999999996,мӗн,<eps>,l,N,l,N,internal
638.9669393393809,1411.536204706393,3143.802256529194,644.7791339247607,1415.2619772483324,3140.9591954702046,112.51215070010458,98.6221970614941,144.167848532156,0.00008248213710699343,0.8143750000000001,0.024375000000000036,0.3046875000000006,6589.74358974359,3,dct_smooth_regression,utterance_000001,0-0-1-3,group_0,AH,1,6,калӑн,"",0.07999999999999996,мӗн,<eps>,l,N,l,N,internal
642.0812809865865,1412.0073758554306,3117.902834369228,646.5734697382843,1415.4774147871985,3127.4820993182257,110.76368953658157,92.56657910952053,153.85482070175962,0.00008248213710699343,0.8163750000000001,0.026375000000000037,0.32968750000000063,6589.74358974359,3,dct_smooth_regression,utterance_000001,0-0-1-3,group_0,AH,1,6,калӑн,"",0.07999999999999996,мӗн,<eps>,l,N,l,N,internal
643.9382552026609,1411.0139271519047,3099.310236505139,646.1650811401337,1414.0610170203834,3114.4737280408285,108.32992553573669,87.91715641035353,165.03049503424532,0.00008248213710699343,0.8183750000000001,0.02837500000000004,0.3546875000000007,6589.74358974359,3,dct_smooth_regression,utterance_000001,0-0-1-3,group_0,AH,1,6,калӑн,"",0.07999999999999996,мӗн,<eps>,l,N,l,N,internal
644.8818887528892,1410.2071736213827,3089.8990329293333,644.4844743674607,1412.1581984940765,3102.9780172165024,105.72876192187852,85.21984676536482,176.41802235534638,0.00008248213710699343,0.8203750000000001,0.03037500000000004,0.37968750000000073,6589.74358974359,3,dct_smooth_regression,utterance_000001,0-0-1-3,group_0,AH,1,6,калӑн,"",0.07999999999999996,мӗн,<eps>,l,N,l,N,internal
645.2437650596917,1410.677968840429,3086.694806724077,642.4696393082861,1410.9700698373545,3093.888824584352,103.44339757318927,84.81224725227338,186.56679809379446,0.00008248213710699343,0.8223750000000001,0.03237500000000004,0.40468750000000075,6589.74358974359,3,dct_smooth_regression,utterance_000001,0-0-1-3,group_0,AH,1,6,калӑн,"",0.07999999999999996,мӗн,<eps>,l,N,l,N,internal
644.9617952801489,1412.6587855027667,3087.3578878331728,640.8887921994956,1411.5649539618962,3087.8202351324107,101.85168235415618,86.85586672914278,194.2060916190147,0.00008248213710699343,0.824375,0.03437499999999993,0.4296874999999994,6589.74358974359,3,dct_smooth_regression,utterance_000001,0-0-1-3,group_0,AH,1,6,калӑн,"",0.07999999999999996,мӗн,<eps>,l,N,l,N,internal
643.7797780961782,1417.068632088875,3091.3469815794633,640.2128708354296,1414.723707616298,3085.0233567154733,101.19472270855917,91.34025977694564,198.62850736073796,0.00008248213710699343,0.826375,0.036374999999999935,0.45468749999999947,6589.74358974359,3,dct_smooth_regression,utterance_000001,0-0-1-3,group_0,AH,1,6,калӑн,"",0.07999999999999996,мӗн,<eps>,l,N,l,N,internal
642.2405349625647,1424.137390282855,3097.1603434176313,640.5589885371744,1420.8414238798462,3085.363544758318,101.57373083928304,98.03315741707314,199.91531067129904,0.00008248213710699343,0.828375,0.03837499999999994,0.4796874999999995,6589.74358974359,3,dct_smooth_regression,utterance_000001,0-0-1-3,group_0,AH,1,6,калӑн,"",0.07999999999999996,мӗн,<eps>,l,N,l,N,internal
641.503069576127,1433.330365446995,3101.855090325083,641.7112396502553,1429.896681900586,3088.360544191035,102.96141173333771,106.39175958317595,198.88495810891266,0.00008248213710699343,0.830375,0.04037499999999994,0.5046874999999995,6589.74358974359,3,dct_smooth_regression,utterance_000001,0-0-1-3,group_0,AH,1,6,калӑн,"",0.07999999999999996,мӗн,<eps>,l,N,l,N,internal
642.1373790764703,1444.4756015529983,3103.235027880599,643.2097177906161,1441.486845985087,3093.2823079561667,105.21965805111613,115.49799012392246,196.80457789914024,0.00008248213710699343,0.832375,0.04237499999999994,0.5296874999999995,6589.74358974359,3,dct_smooth_regression,utterance_000001,0-0-1-3,group_0,AH,1,6,калӑн,"",0.07999999999999996,мӗн,<eps>,l,N,l,N,internal
643.246848772368,1456.203445809428,3102.226062371233,644.4854281762786,1454.9164396540853,3099.27352393783,108.12241483216567,124.11297934352885,195.01984988017838,0.00008248213710699343,0.834375,0.04437499999999994,0.5546874999999996,6589.74358974359,3,dct_smooth_regression,utterance_000001,0-0-1-3,group_0,AH,1,6,калӑн,"",0.07999999999999996,мӗн,<eps>,l,N,l,N,internal
643.6722412506476,1467.6241502874207,3101.5868996793056,645.0104917348614,1469.317437822781,3105.4940183287895,111.38636792570388,130.91896203756278,194.65119732107507,0.00008248213710699343,0.836375,0.046374999999999944,0.5796874999999996,6589.74358974359,3,dct_smooth_regression,utterance_000001,0-0-1-3,group_0,AH,1,6,калӑн,"",0.07999999999999996,мӗн,<eps>,l,N,l,N,internal
642.904912506913,1479.6775244370353,3102.4984733308665,644.4311755204691,1483.7768027277195,3111.24128473909,114.71062492602793,134.9055165981731,196.41331426024763,0.00008248213710699343,0.838375,0.048374999999999946,0.6046874999999997,6589.74358974359,3,dct_smooth_regression,utterance_000001,0-0-1-3,group_0,AH,1,6,калӑн,"",0.07999999999999996,мӗн,<eps>,l,N,l,N,internal
641.0840609998978,1492.8864309374787,3104.3884605277167,642.6560577074475,1497.4481279262202,3116.03550846407,117.82099061145034,135.72321443633942,200.53299800869542,0.00008248213710699343,0.840375,0.05037499999999995,0.6296874999999997,6589.74358974359,3,dct_smooth_regression,utterance_000001,0-0-1-3,group_0,AH,1,6,калӑн,"",0.07999999999999996,мӗн,<eps>,l,N,l,N,internal
638.8022358339924,1505.948560850939,3107.0101939520055,639.8819299461192,1509.6302176604177,3119.653710166898,120.5086611963857,133.80146020445198,206.71956443914706,0.00008248213710699343,0.842375,0.05237499999999995,0.6546874999999998,6589.74358974359,3,dct_smooth_regression,utterance_000001,0-0-1-3,group_0,AH,1,6,калӑн,"",0.07999999999999996,мӗн,<eps>,l,N,l,N,internal
636.7253970218756,1517.5872408706268,3111.8730726209187,636.5536475741532,1519.8043223454795,3122.11030878067,122.6516737350265,130.16475448699526,214.17526151098247,0.00008248213710699343,0.844375,0.05437499999999995,0.6796874999999998,6589.74358974359,3,dct_smooth_regression,utterance_000001,0-0-1-3,group_0,AH,1,6,калӑн,"",0.07999999999999996,мӗн,<eps>,l,N,l,N,internal
634.7797882107161,1527.7335565063174,3120.1748151287484,633.2682166749485,1527.631550099805,3123.592323474042,124.2122515862698,126.06965253018079,221.68070145775468,0.00008248213710699343,0.846375,0.05637499999999995,0.7046874999999998,6589.74358974359,3,dct_smooth_regression,utterance_000001,0-0-1-3,group_0,AH,1,6,калӑн,"",0.07999999999999996,мӗн,<eps>,l,N,l,N,internal
632.3283123566574,1535.9168854653528,3131.466456820705,630.6450587252677,1532.9205537589628,3124.3663983482597,125.21207500613139,122.65787486423194,227.8068101641741,0.00008248213710699343,0.848375,0.058374999999999955,0.7296874999999998,6589.74358974359,3,dct_smooth_regression,utterance_000001,0-0-1-3,group_0,AH,1,6,калӑн,"",0.07999999999999996,мӗн,<eps>,l,N,l,N,internal
629.2525185392016,1540.7100052517455,3145.552298357941,629.19125188592,1535.581168626122,3124.6800562891694,125.69566656770417,120.7453672595794,231.25845210692788,0.00008248213710699343,0.850375,0.060374999999999956,0.7546874999999998,6589.74358974359,3,dct_smooth_regression,utterance_000001,0-0-1-3,group_0,AH,1,6,калӑн,"",0.07999999999999996,мӗн,<eps>,l,N,l,N,internal
512.4436065580787,1177.5207490050261,2776.982065828774,512.7273440222649,1186.1881660734107,2773.183773885924,143.39738585629985,93.00062448088634,182.4560547011664,0.00002492608224906949,3.0463750000000003,0.006375000000000242,0.10625000000000394,5871.794871794871,3,dct_smooth_regression,utterance_000001,0-0-7-1,group_0,AH,1,6,вӑй,"",0.06000000000000005,<eps>,хурса,V,Y,V,Y,internal
515.2427074299449,1190.921844248459,2773.0564099122207,515.0417249429183,1190.8304386164375,2774.0989435829892,145.6753887472803,92.81957429992376,170.3239506457351,0.00002492608224906949,3.048375,0.008375000000000021,0.1395833333333336,5871.794871794871,3,dct_smooth_regression,utterance_000001,0-0-7-1,group_0,AH,1,6,вӑй,"",0.06000000000000005,<eps>,хурса,V,Y,V,Y,internal
518.7011600500704,1206.6261470372872,2773.5345369780707,518.9355712385843,1201.6665271723984,2775.723431736178,149.6902130269593,93.8598121125083,152.33759842783786,0.00002492608224906949,3.0503750000000003,0.010375000000000245,0.1729166666666706,5871.794871794871,3,dct_smooth_regression,utterance_000001,0-0-7-1,group_0,AH,1,6,вӑй,"",0.06000000000000005,<eps>,хурса,V,Y,V,Y,internal
523.2540817077938,1227.6057030888855,2775.7368108218116,523.1695666257664,1220.7750972263345,2777.667072099974,154.45717084419496,98.13147289861959,136.02621100275857,0.00002492608224906949,3.052375,0.012375000000000025,0.20625000000000027,5871.794871794871,3,dct_smooth_regression,utterance_000001,0-0-7-1,group_0,AH,1,6,вӑй,"",0.06000000000000005,<eps>,хурса,V,Y,V,Y,internal
526.8423825170623,1253.245828814669,2778.3276123219543,526.3755588614655,1249.2411193219152,2779.410581010748,158.77342373546387,107.26521561319177,126.11805723525335,0.00002492608224906949,3.0543750000000003,0.014375000000000249,0.23958333333333728,5871.794871794871,3,dct_smooth_regression,utterance_000001,0-0-7-1,group_0,AH,1,6,вӑй,"",0.06000000000000005,<eps>,хурса,V,Y,V,Y,internal
527.8890516891882,1286.2195465097357,2780.7921406241076,527.4415124410808,1285.9367535176714,2780.4067729879803,161.55031702846844,121.48241130125523,124.06506632713752,0.00002492608224906949,3.056375,0.01637500000000003,0.2729166666666669,5871.794871794871,3,dct_smooth_regression,utterance_000001,0-0-7-1,group_0,AH,1,6,вӑй,"",0.06000000000000005,<eps>,хурса,V,Y,V,Y,internal
525.6121247362537,1322.1140791769335,2781.9767489128058,525.7751246084847,1327.2795984521304,2780.2238602340863,162.12315544912715,138.2962183056498,128.9776780369145,0.00002492608224906949,3.0583750000000003,0.018375000000000252,0.30625000000000396,5871.794871794871,3,dct_smooth_regression,utterance_000001,0-0-7-1,group_0,AH,1,6,вӑй,"",0.06000000000000005,<eps>,хурса,V,Y,V,Y,internal
520.4900195079074,1361.6630658075933,2780.854382753131,521.3714490327707,1368.1828471659983,2778.7001309320276,160.36978022215504,151.88146702680595,138.00608583671524,0.00002492608224906949,3.060375,0.020375000000000032,0.3395833333333336,5871.794871794871,3,dct_smooth_regression,utterance_000001,0-0-7-1,group_0,AH,1,6,вӑй,"",0.06000000000000005,<eps>,хурса,V,Y,V,Y,internal
514.2912916412552,1399.369889664308,2777.004841623649,514.6914192922018,1403.8298737736036,2776.056380904316,156.5820908492617,155.55280882379165,146.53310238504804,0.00002492608224906949,3.0623750000000003,0.022375000000000256,0.3729166666666706,5871.794871794871,3,dct_smooth_regression,utterance_000001,0-0-7-1,group_0,AH,1,6,вӑй,"",0.06000000000000005,<eps>,хурса,V,Y,V,Y,internal
506.62950878262575,1433.4953727460518,2771.6218856769747,506.4296803842754,1431.482092447991,2772.9088454427547,151.20665720548587,147.1604620312264,149.70714970058256,0.00002492608224906949,3.064375,0.024375000000000036,0.4062500000000003,5871.794871794871,3,dct_smooth_regression,utterance_000001,0-0-7-1,group_0,AH,1,6,вӑй,"",0.06000000000000005,<eps>,хурса,V,Y,V,Y,internal
498.015561407682,1457.1205455911008,2767.7423091862806,497.2821614006113,1451.471741089043,2770.149106448358,144.63910072338464,131.54174747795062,145.29530061919075,0.00002492608224906949,3.0663750000000003,0.02637500000000026,0.4395833333333373,5871.794871794871,3,dct_smooth_regression,utterance_000001,0-0-7-1,group_0,AH,1,6,вӑй,"",0.06000000000000005,<eps>,хурса,V,Y,V,Y,internal
488.20887089701574,1473.7241296896102,2767.075701300229,487.80571938803917,1466.8776330104738,2768.703729178011,137.1811156076016,116.61068451201682,135.14447612875935,0.00002492608224906949,3.068375,0.02837500000000004,0.47291666666666693,5871.794871794871,3,dct_smooth_regression,utterance_000001,0-0-7-1,group_0,AH,1,6,вӑй,"",0.06000000000000005,<eps>,хурса,V,Y,V,Y,internal
478.5590265591252,1485.9826166459693,2769.6110717880642,478.40606145308163,1481.9779059251566,2769.2380782387077,129.13761443673332,108.38641192909071,123.45996777701679,0.00002492608224906949,3.0703750000000003,0.030375000000000263,0.506250000000004,5871.794871794871,3,dct_smooth_regression,utterance_000001,0-0-7-1,group_0,AH,1,6,вӑй,"",0.06000000000000005,<eps>,хурса,V,Y,V,Y,internal
468.79351318589283,1498.48255728184,2773.8160802496095,469.4243701276031,1500.1443712181347,2771.903187233141,120.94240615562722,109.8683205393673,113.91741895547013,0.00002492608224906949,3.072375,0.03237500000000004,0.5395833333333336,5871.794871794871,3,dct_smooth_regression,utterance_000001,0-0-7-1,group_0,AH,1,6,вӑй,"",0.06000000000000005,<eps>,хурса,V,Y,V,Y,internal
460.6280369493728,1512.9808504760313,2777.9589617014435,461.2485635180382,1522.1200365478724,2776.2236515528334,113.19977103871007,122.09111400887335,108.21248354532386,0.00002492608224906949,3.0743750000000003,0.034375000000000266,0.5729166666666706,5871.794871794871,3,dct_smooth_regression,utterance_000001,0-0-7-1,group_0,AH,1,6,вӑй,"",0.06000000000000005,<eps>,хурса,V,Y,V,Y,internal
454.2503340243001,1533.8363044786847,2781.7910314825667,454.37109243842355,1545.4693769974726,2781.1837876511663,106.60659256503745,143.88712567556306,106.17885601631684,0.00002492608224906949,3.076375,0.036375000000000046,0.6062500000000003,5871.794871794871,3,dct_smooth_regression,utterance_000001,0-0-7-1,group_0,AH,1,6,вӑй,"",0.06000000000000005,<eps>,хурса,V,Y,V,Y,internal
450.0623477952097,1560.8808193082273,2784.638147023236,449.350629131921,1565.4724867541438,2785.5012201799595,101.81065839387529,169.4820206245753,106.4462733589769,0.00002492608224906949,3.0783750000000003,0.03837500000000027,0.6395833333333373,5871.794871794871,3,dct_smooth_regression,utterance_000001,0-0-7-1,group_0,AH,1,6,вӑй,"",0.06000000000000005,<eps>,хурса,V,Y,V,Y,internal
446.6240550530897,1594.23896292661,2786.768769976741,446.69013158433853,1577.0829471868296,2788.0069548625133,99.28940465833439,187.56000457351658,107.22019534578662,0.00002492608224906949,3.080375,0.04037500000000005,0.6729166666666669,5871.794871794871,3,dct_smooth_regression,utterance_000001,0-0-7-1,group_0,AH,1,6,вӑй,"",0.06000000000000005,<eps>,хурса,V,Y,V,Y,internal
286.33383701178593,824.6734777324185,1569.6293924092856,262.0581836605285,793.4806128604166,1506.0233895304216,52.113597297061204,1200.126135026268,167.4929288254128,0.008993912090184849,0.9263750000000001,0.0063750000000000195,0.03035714285714297,3538.4615384615386,3,dct_smooth_regression,utterance_000001,0-0-2-0,group_0,SIL,1,6,<eps>,"",0.20999999999999985,калӑн,куракана,#,#,N,K,coextensive
280.43432881854807,815.996150103195,1564.550641726848,262.3202079408128,795.5528158290948,1507.5994721900008,52.099137996948386,1186.1127451636694,168.15352484124946,0.008993912090184849,0.9283750000000001,0.008375000000000021,0.03988095238095251,3538.4615384615386,3,dct_smooth_regression,utterance_000001,0-0-2-0,group_0,SIL,1,6,<eps>,"",0.20999999999999985,калӑн,куракана,#,#,N,K,coextensive
272.5317930594174,820.7825766431997,1555.337113144765,262.83941621600366,799.6740657972364,1510.7254922630832,52.068890496410326,1158.7564896599226,169.47678757176703,0.008993912090184849,0.9303750000000001,0.010375000000000023,0.04940476190476205,3538.4615384615386,3,dct_smooth_regression,utterance_000001,0-0-2-0,group_0,SIL,1,6,<eps>,"",0.20999999999999985,калӑн,куракана,#,#,N,K,coextensive
266.3060307415778,812.4409601807188,1544.826409285444,263.606220968656,805.7983621535041,1515.3496051535733,52.0202454797015,1119.3360760127828,171.4667356437571,0.008993912090184849,0.9323750000000001,0.012375000000000025,0.05892857142857159,3538.4615384615386,3,dct_smooth_regression,utterance_000001,0-0-2-0,group_0,SIL,1,6,<eps>,"",0.20999999999999985,калӑн,куракана,#,#,N,K,coextensive
265.3675831579461,801.8299914255381,1541.1478909024763,264.60647179362684,813.8574775935901,1521.3951509209903,51.94941001686,1069.6228268043885,174.12908861785152,0.008993912090184849,0.9343750000000001,0.014375000000000027,0.06845238095238113,3538.4615384615386,3,dct_smooth_regression,utterance_000001,0-0-2-0,group_0,SIL,1,6,<eps>,"",0.20999999999999985,калӑн,куракана,#,#,N,K,coextensive
265.9130839918251,798.7784306217575,1540.6114953947745,265.821727541875,823.7618733579169,1528.7619609610226,51.85155214168824,1011.7282390524346,177.47089315843468,0.008993912090184849,0.9363750000000001,0.01637500000000003,0.07797619047619067,3538.4615384615386,3,dct_smooth_regression,utterance_000001,0-0-2-0,group_0,SIL,1,6,<eps>,"",0.20999999999999985,калӑн,куракана,#,#,N,K,coextensive
265.25970439855735,803.1832590542372,1540.4267522723692,267.229611107828,835.4018979477191,1537.3280645523,51.720991917457845,947.9350269832057,181.500019176432,0.008993912090184849,0.938375,0.01837499999999992,0.08749999999999968,3538.4615384615386,3,dct_smooth_regression,utterance_000001,0-0-2-0,group_0,SIL,1,6,<eps>,"",0.20999999999999985,калӑн,куракана,#,#,N,K,coextensive
263.54834268500434,816.6672709298899,1540.3761038487328,268.80424013642136,848.649251257173,1546.9517654916565,51.55143644962806,880.5322373541356,186.2245230420996,0.008993912090184849,0.940375,0.02037499999999992,0.09702380952380922,3538.4615384615386,3,dct_smooth_regression,utterance_000001,0-0-2-0,group_0,SIL,1,6,<eps>,"",0.20999999999999985,калӑн,куракана,#,#,N,K,coextensive
262.1374661888836,841.5011561305549,1541.9842316428776,270.5167254833786,863.3586921003969,1557.474052599799,51.336254502682074,811.6718662412395,191.65187638986896,0.008993912090184849,0.942375,0.022374999999999923,0.10654761904761875,3538.4615384615386,3,dct_smooth_regression,utterance_000001,0-0-2-0,group_0,SIL,1,6,<eps>,"",0.20999999999999985,калӑн,куракана,#,#,N,K,coextensive
261.8760618153185,886.3558083663246,1548.894625816302,272.3357279722187,879.369963510503,1568.7213020817192,51.06878407109767,743.2589254309162,197.78806183926005,0.008993912090184849,0.944375,0.024374999999999925,0.1160714285714283,3538.4615384615386,3,dct_smooth_regression,utterance_000001,0-0-2-0,group_0,SIL,1,6,<eps>,"",0.20999999999999985,калӑн,куракана,#,#,N,K,coextensive
263.3977682249878,952.6066674280771,1569.0298136033205,274.22806287800637,896.509907001203,1580.5082246740253,50.74266359230486,676.8805053917409,204.6365413225699,0.008993912090184849,0.946375,0.026374999999999926,0.12559523809523784,3538.4615384615386,3,dct_smooth_regression,utterance_000001,0-0-2-0,group_0,SIL,1,6,<eps>,"",0.20999999999999985,калӑн,куракана,#,#,N,K,coextensive
267.28331071025553,1013.8809387111843,1620.225567901624,276.15934065188037,914.5947342604942,1592.6410062938232,50.352174724485955,613.773390668222,212.19710874631156,0.008993912090184849,0.948375,0.028374999999999928,0.1351190476190474,3538.4615384615386,3,dct_smooth_regression,utterance_000001,0-0-2-0,group_0,SIL,1,6,<eps>,"",0.20999999999999985,калӑн,куракана,#,#,N,K,coextensive
273.7096671379977,1037.330533054982,1685.8299978451041,278.09463169914454,933.4324225335058,1604.9205875951195,49.89258208161714,554.8251647647267,220.4646464047379,0.008993912090184849,0.950375,0.03037499999999993,0.1446428571428569,3538.4615384615386,3,dct_smooth_regression,utterance_000001,0-0-2-0,group_0,SIL,1,6,<eps>,"",0.20999999999999985,калӑн,куракана,#,#,N,K,coextensive
281.4662850302505,1029.0014116907018,1680.9672576895523,279.99914255043524,952.8251982818892,1617.14602549692,49.36045341018962,500.6009553200434,229.42781373743927,0.008993912090184849,0.952375,0.03237499999999993,0.15416666666666645,3538.4615384615386,3,dct_smooth_regression,utterance_000001,0-0-2-0,group_0,SIL,1,6,<eps>,"",0.20999999999999985,калӑн,куракана,#,#,N,K,coextensive
288.15456564613936,993.9918286714324,1624.6577798566782,281.8388905292463,972.5720726052052,1629.117878412853,48.75394279459679,451.3870019471864,239.06770731129143,0.008993912090184849,0.954375,0.03437499999999993,0.163690476190476,3538.4615384615386,3,dct_smooth_regression,utterance_000001,0-0-2-0,group_0,SIL,1,6,<eps>,"",0.20999999999999985,калӑн,куракана,#,#,N,K,coextensive
287.8503682817468,964.1776554466884,1600.9508375114006,283.581364024538,992.4713913910642,1640.6415566078958,48.073019917937145,407.2427257847998,249.35654172086612,0.008993912090184849,0.956375,0.036374999999999935,0.17321428571428554,3538.4615384615386,3,dct_smooth_regression,utterance_000001,0-0-2-0,group_0,SIL,1,6,<eps>,"",0.20999999999999985,калӑн,куракана,#,#,N,K,coextensive
280.7120886089086,964.6468363981436,1598.5912353635515,285.1961557244647,1012.3233632309291,1651.5305798377037,47.31963038411082,368.05442716906447,260.2564116216658,0.008993912090184849,0.958375,0.03837499999999994,0.18273809523809506,3538.4615384615386,3,dct_smooth_regression,utterance_000001,0-0-2-0,group_0,SIL,1,6,<eps>,"",0.20999999999999985,калӑн,куракана,#,#,N,K,coextensive
274.4574455082113,984.6786045779345,1599.6740359336416,286.65555665212474,1031.9325287932406,1661.6096861758444,46.49777564999074,333.58561690045593,271.7182043066994,0.008993912090184849,0.960375,0.04037499999999994,0.1922619047619046,3538.4615384615386,3,dct_smooth_regression,utterance_000001,0-0-2-0,group_0,SIL,1,6,<eps>,"",0.20999999999999985,калӑн,куракана,#,#,N,K,coextensive
271.7589263997781,1005.7000237320893,1599.8660446102278,287.9350995579437,1051.110136570835,1670.7177386712492,45.613506038907225,303.5208781765374,283.6807389200797,0.008993912090184849,0.962375,0.04237499999999994,0.20178571428571415,3538.4615384615386,3,dct_smooth_regression,utterance_000001,0-0-2-0,group_0,SIL,1,6,<eps>,"",0.20999999999999985,калӑн,куракана,#,#,N,K,coextensive
271.6657428949762,1017.8189470803874,1598.9628759713182,289.0140411528996,1069.6763916919501,1678.710380152294,44.67482621724671,277.5017860322939,296.07021131574504,0.008993912090184849,0.964375,0.04437499999999994,0.2113095238095237,3538.4615384615386,3,dct_smooth_regression,utterance_000001,0-0-2-0,group_0,SIL,1,6,<eps>,"",0.20999999999999985,калӑн,куракана,#,#,N,K,coextensive
272.9612090613637,1017.3632247415136,1599.178049293932,289.8757737952965,1087.4625467708524,1685.4623910380908,43.69151885404146,255.15464688450547,308.8000215217008,0.008993912090184849,0.966375,0.046374999999999944,0.22083333333333324,3538.4615384615386,3,dct_smooth_regression,utterance_000001,0-0-2-0,group_0,SIL,1,6,<eps>,"",0.20999999999999985,калӑн,куракана,#,#,N,K,coextensive
275.33265172457624,1011.4018251004366,1605.5261394665192,290.50815855052764,1104.312806534185,1690.8697103494624,42.67489829090444,236.11064166711893,321.77105278743994,0.008993912090184849,0.968375,0.048374999999999946,0.23035714285714276,3538.4615384615386,3,dct_smooth_regression,utterance_000001,0-0-2-0,group_0,SIL,1,6,<eps>,"",0.20999999999999985,калӑн,куракана,#,#,N,K,coextensive
281.1249983357351,1011.2823705662529,1617.8686650242012,290.9037730042187,1120.0860211437355,1694.8510861352452,41.637511265161905,220.01941204566256,334.87245669360624,0.008993912090184849,0.970375,0.05037499999999995,0.2398809523809523,3538.4615384615386,3,dct_smooth_regression,utterance_000001,0-0-2-0,group_0,SIL,1,6,<eps>,"",0.20999999999999985,калӑн,куракана,#,#,N,K,coextensive
291.77748613394556,1017.4700704309495,1633.3315045103327,291.06006879742245,1134.6571466897844,1697.3493281353897,40.59280548778199,206.55730384795837,347.9829777609774,0.008993912090184849,0.972375,0.05237499999999995,0.24940476190476185,3538.4615384615386,3,dct_smooth_regression,utterance_000001,0-0-2-0,group_0,SIL,1,6,<eps>,"",0.20999999999999985,калӑн,куракана,#,#,N,K,coextensive
299.3551291092781,1026.4039718669974,1652.4275492503427,290.9794355388615,1147.9184551900048,1698.3321425718789,39.55478879774572,195.43146469325896,360.97282405967854,0.008993912090184849,0.974375,0.05437499999999995,0.2589285714285714,3538.4615384615386,3,dct_smooth_regression,utterance_000001,0-0-2-0,group_0,SIL,1,6,<eps>,"",0.20999999999999985,калӑн,куракана,#,#,N,K,coextensive
296.9720297584493,1042.2055608457797,1667.6006860601365,290.66916950243433,1159.780480530725,1697.7925363647234,38.53770155230632,186.38086286289004,373.70605887184445,0.008993912090184849,0.976375,0.05637499999999995,0.26845238095238094,3538.4615384615386,3,dct_smooth_regression,utterance_000001,0-0-2-0,group_0,SIL,1,6,<eps>,"",0.20999999999999985,калӑн,куракана,#,#,N,K,coextensive
298.18490542547033,1092.723884371877,1634.054012985474,290.14134730588927,1170.1726910603186,1695.7487856803791,37.55572297723635,179.17511295734042,386.0434545848165,0.008993912090184849,0.978375,0.058374999999999955,0.2779761904761905,3538.4615384615386,3,dct_smooth_regression,utterance_000001,0-0-2-0,group_0,SIL,1,6,<eps>,"",0.20999999999999985,калӑн,куракана,#,#,N,K,coextensive
310.09558475460483,1243.5010052814669,1521.3519040502224,289.412606555612,1179.0438839162773,1692.243971397544,36.622728725844325,173.61180333745614,397.84571633494625,0.008993912090184849,0.980375,0.060374999999999956,0.2875,3538.4615384615386,3,dct_smooth_regression,utterance_000001,0-0-2-0,group_0,SIL,1,6,<eps>,"",0.20999999999999985,калӑн,куракана,#,#,N,K,coextensive
317.4471013761517,1309.8861500545383,1569.7611352251029,288.5038371996595,1186.3623005646537,1687.3450916832385,35.752112373436105,169.5128471264554,408.97695246085794,0.008993912090184849,0.982375,0.06237499999999996,0.2970238095238095,3538.4615384615386,3,dct_smooth_regression,utterance_000001,0-0-2-0,group_0,SIL,1,6,<eps>,"",0.20999999999999985,калӑн,куракана,#,#,N,K,coextensive
316.6765260114579,1317.6574360989655,1640.7859760595306,287.4397890238546,1192.1154673798167,1681.1417692745615,34.95667857312495,166.72023678993702,419.30824455085786,0.008993912090184849,0.984375,0.06437499999999996,0.30654761904761907,3538.4615384615386,3,dct_smooth_regression,utterance_000001,0-0-2-0,group_0,SIL,1,6,<eps>,"",0.20999999999999985,калӑн,куракана,#,#,N,K,coextensive
310.43376263234467,1318.0377424715866,1699.48576543029,286.2486023223793,1196.309769321919,1673.7445781268393,34.24861067365599,165.09147772255395,428.72115443280006,0.008993912090184849,0.986375,0.06637499999999996,0.3160714285714286,3538.4615384615386,3,dct_smooth_regression,utterance_000001,0-0-2-0,group_0,SIL,1,6,<eps>,"",0.20999999999999985,калӑн,куракана,#,#,N,K,coextensive
300.7572109708049,1315.2096739022495,1757.930892072726,284.96127024506427,1198.9697688099307,1665.2830206914978,33.6395112140736,164.49490915687915,437.11100081989184,0.008993912090184849,0.988375,0.06837499999999996,0.32559523809523816,3538.4615384615386,3,dct_smooth_regression,utterance_000001,0-0-2-0,group_0,SIL,1,6,<eps>,"",0.20999999999999985,калӑн,куракана,#,#,N,K,coextensive
289.5043838029742,1309.1184161694653,1814.9539228416252,283.6110426409163,1200.1372856741293,1655.9031931101154,33.140510184528566,164.8050879606654,444.3897454864578,0.008993912090184849,0.990375,0.07037499999999997,0.3351190476190477,3538.4615384615386,3,dct_smooth_regression,utterance_000001,0-0-2-0,group_0,SIL,1,6,<eps>,"",0.20999999999999985,калӑн,куракана,#,#,N,K,coextensive
278.41008449950914,1297.440746869112,1876.726989912258,282.2327823565657,1199.8702575431303,1645.7651809484726,32.76243343141692,165.89840700055473,450.48834765509895,0.008993912090184849,0.992375,0.07237499999999997,0.34464285714285725,3538.4615384615386,3,dct_smooth_regression,utterance_000001,0-0-2-0,group_0,SIL,1,6,<eps>,"",0.20999999999999985,калӑн,куракана,#,#,N,K,coextensive
271.03356028414674,1282.3474259915267,1917.477314588633,280.8622858877249,1198.2414031223298,1635.0402326524188,32.516022079117334,167.64913713349017,455.35847441197694,0.008993912090184849,0.994375,0.07437499999999997,0.3541666666666668,3538.4615384615386,3,dct_smooth_regression,utterance_000001,0-0-2-0,group_0,SIL,1,6,<eps>,"",0.20999999999999985,калӑн,куракана,#,#,N,K,coextensive
266.6729778284602,1269.342156155532,1932.8097323248385,279.53558100351506,1195.3367135054325,1623.9077616065936,32.41219319157908,169.9261107968493,458.97349206584687,0.008993912090184849,0.996375,0.07637499999999997,0.36369047619047634,3538.4615384615386,3,dct_smooth_regression,utterance_000001,0-0-2-0,group_0,SIL,1,6,<eps>,"",0.20999999999999985,калӑн,куракана,#,#,N,K,coextensive
264.0333813610411,1263.7831124360687,1954.072946872091,278.28821445371216,1191.2537988884721,1612.5522304537878,32.462331854067884,172.59029367609256,461.3287052829053,0.008993912090184849,0.998375,0.07837499999999997,0.37321428571428583,3538.4615384615386,3,dct_smooth_regression,utterance_000001,0-0-2-0,group_0,SIL,1,6,<eps>,"",0.20999999999999985,калӑн,куракана,#,#,N,K,coextensive
262.2519131989557,1265.064392678483,2062.034527820578,277.1545431178782,1186.1001197947292,1601.1599731399538,32.67860510488328,175.49350535421843,462.44085399964973,0.008993912090184849,1.000375,0.08037499999999997,0.3827380952380954,3538.4615384615386,3,dct_smooth_regression,utterance_000001,0-0-2-0,group_0,SIL,1,6,<eps>,"",0.20999999999999985,калӑн,куракана,#,#,N,K,coextensive
261.16331667394763,1010.3898440266545,1270.3635918608338,276.16704195770865,1179.9911331461915,1589.916010958282,33.07428834879868,178.47853600736755,462.3469189671288,0.008993912090184849,1.002375,0.08237499999999998,0.3922619047619049,3538.4615384615386,3,dct_smooth_regression,utterance_000001,0-0-2-0,group_0,SIL,1,6,<eps>,"",0.20999999999999985,калӑн,куракана,#,#,N,K,coextensive
260.57404557247855,1106.25024721477,1276.1566178922353,275.3556418889715,1173.0483842188492,1579.000918663994,33.66409470111817,181.38085165673212,461.10232212575806,0.008993912090184849,1.004375,0.08437499999999998,0.40178571428571447,3538.4615384615386,3,dct_smooth_regression,utterance_000001,0-0-2-0,group_0,SIL,1,6,<eps>,"",0.20999999999999985,калӑн,куракана,#,#,N,K,coextensive
260.6263737549651,1149.2000682516725,1291.5601499095567,274.7471102009247,1165.3975756905397,1568.5877955265744,34.46449683085547,184.03197758484995,458.77863537497774,0.008993912090184849,1.006375,0.08637499999999998,0.411309523809524,3538.4615384615386,3,dct_smooth_regression,utterance_000001,0-0-2-0,group_0,SIL,1,6,<eps>,"",0.20999999999999985,калӑн,куракана,#,#,N,K,coextensive
262.0541123851829,1111.4898099549557,1380.15389388416,274.36448542734865,1157.166644635943,1558.8393940031308,35.494029022085336,186.26449881859045,455.4609291364618,0.008993912090184849,1.008375,0.08837499999999998,0.42083333333333356,3538.4615384615386,3,dct_smooth_regression,utterance_000001,0-0-2-0,group_0,SIL,1,6,<eps>,"",0.20999999999999985,калӑн,куракана,#,#,N,K,coextensive
265.15423399275215,1113.3620547635621,1430.7415111167359,274.22657762690824,1148.4838774574184,1549.9054555981063,36.77355414017017,187.9184294737689,451.2448998722092,0.008993912090184849,1.010375,0.09037499999999998,0.4303571428571431,3538.4615384615386,3,dct_smooth_regression,utterance_000001,0-0-2-0,group_0,SIL,1,6,<eps>,"",0.20999999999999985,калӑн,куракана,#,#,N,K,coextensive
269.3296009168967,1123.1034450904301,1483.3464147707516,274.347543878197,1139.476091385241,1541.9202994801662,38.32647584034511,188.84850232444182,446.2339138313563,0.008993912090184849,1.012375,0.09237499999999998,0.43988095238095265,3538.4615384615386,3,dct_smooth_regression,utterance_000001,0-0-2-0,group_0,SIL,1,6,<eps>,"",0.20999999999999985,калӑн,куракана,#,#,N,K,coextensive
274.1834921478575,1126.4850016264659,1546.2093892786554,274.73654745704164,1130.2669093672791,1535.0007046318924,40.178870669807296,188.93174888615846,440.5360939918652,0.008993912090184849,1.014375,0.09437499999999999,0.4494047619047622,3538.4615384615386,3,dct_smooth_regression,utterance_000001,0-0-2-0,group_0,SIL,1,6,<eps>,"",0.20999999999999985,калӑн,куракана,#,#,N,K,coextensive
280.02732910566266,1114.4467214515983,1597.5463835468859,275.39750766443274,1120.9751529347946,1529.2441208014336,42.35950783479453,188.07461552992913,434.261560245331,0.008993912090184849,1.016375,0.09637499999999999,0.4589285714285717,3538.4615384615386,3,dct_smooth_regression,utterance_000001,0-0-2-0,group_0,SIL,1,6,<eps>,"",0.20999999999999985,калӑн,куракана,#,#,N,K,coextensive
287.53203924940385,1083.7116292823357,1586.4989409803027,276.3289456398037,1111.7133750233158,1524.7272374095628,44.899716707921876,186.2188258954134,427.5199114724173,0.008993912090184849,1.018375,0.09837499999999999,0.46845238095238123,3538.4615384615386,3,dct_smooth_regression,utterance_000001,0-0-2-0,group_0,SIL,1,6,<eps>,"",0.20999999999999985,калӑн,куракана,#,#,N,K,coextensive
295.475897145479,1054.5164456829693,1555.2027162644395,277.52392975580983,1102.5865517969319,1521.5049329535466,47.83305433260199,183.3452748042374,420.4180144607192,0.008993912090184849,1.020375,0.10037499999999999,0.4779761904761908,3538.4615384615386,3,dct_smooth_regression,utterance_000001,0-0-2-0,group_0,SIL,1,6,<eps>,"",0.20999999999999985,калӑн,куракана,#,#,N,K,coextensive
302.42201343981515,1034.928329997132,1535.9187002217402,278.9701223787806,1093.6909493274804,1519.6096204624391,51.19471834266783,179.47542490416376,413.0581406533442,0.008993912090184849,1.022375,0.102375,0.4875000000000003,3538.4615384615386,3,dct_smooth_regression,utterance_000001,0-0-2-0,group_0,SIL,1,6,<eps>,"",0.20999999999999985,калӑн,куракана,#,#,N,K,coextensive
304.0779587565713,1026.390791488048,1525.4055682096796,280.6499279265576,1085.1131775775684,1519.05099732482,55.02064644094204,174.66995260359826,405.53646918820317,0.008993912090184849,1.024375,0.104375,0.49702380952380987,3538.4615384615386,3,dct_smooth_regression,utterance_000001,0-0-2-0,group_0,SIL,1,6,<eps>,"",0.20999999999999985,калӑн,куракана,#,#,N,K,coextensive
299.0164698178985,1028.2808313385456,1516.3852396702662,282.54074029622745,1076.92944059165,1519.81620046183,59.346243964895365,169.02471273213484,397.9419548756386,0.008993912090184849,1.026375,0.106375,0.5065476190476194,3538.4615384615386,3,dct_smooth_regression,utterance_000001,0-0-2-0,group_0,SIL,1,6,<eps>,"",0.20999999999999985,калӑн,куракана,#,#,N,K,coextensive
291.6255241510697,1035.92578385245,1508.6202840886308,284.61528590227374,1069.2049881777073,1521.8703604893965,64.204688649446,162.66440839805554,390.35554349010425,0.008993912090184849,1.028375,0.108375,0.516071428571429,3538.4615384615386,3,dct_smooth_regression,utterance_000001,0-0-2-0,group_0,SIL,1,6,<eps>,"",0.20999999999999985,калӑн,куракана,#,#,N,K,coextensive
286.5177151362603,1042.3862472767578,1512.261499932076,286.8420567944333,1061.9937707292092,1525.1575413369462,69.62477924839581,155.73461050120346,382.8497044085598,0.008993912090184849,1.030375,0.110375,0.5255952380952384,3538.4615384615386,3,dct_smooth_regression,utterance_000001,0-0-2-0,group_0,SIL,1,6,<eps>,"",0.20999999999999985,калӑн,куракана,#,#,N,K,coextensive
284.4599291655319,1045.3282142356557,1533.9383025930608,289.1858266465629,1055.3382952579877,1529.6020448956488,75.62832479626348,148.39292927639798,375.4882422260177,0.008993912090184849,1.032375,0.112375,0.535119047619048,3538.4615384615386,3,dct_smooth_regression,utterance_000001,0-0-2-0,group_0,SIL,1,6,<eps>,"",0.20999999999999985,калӑн,куракана,#,#,N,K,coextensive
283.9333874968901,1046.6371557005202,1561.3245681231242,291.6082408539912,1049.2696772467664,1535.1100537817304,82.22711577948853,140.80017798594767,368.3263442357148,0.008993912090184849,1.034375,0.114375,0.5446428571428575,3538.4615384615386,3,dct_smooth_regression,utterance_000001,0-0-2-0,group_0,SIL,1,6,<eps>,"",0.20999999999999985,калӑн,куракана,#,#,N,K,coextensive
284.1830871687434,1050.5199840572402,1572.1467703671194,294.06847057583883,1043.8078796455536,1541.571579336381,89.4195775075253,133.11229037971728,361.4108190943891,0.008993912090184849,1.036375,0.116375,0.5541666666666671,3538.4615384615386,3,dct_smooth_regression,utterance_000001,0-0-2-0,group_0,SIL,1,6,<eps>,"",0.20999999999999985,калӑн,куракана,#,#,N,K,coextensive
285.63546706296563,1057.7018062039194,1556.9877257491237,296.5239193366375,1038.962127285227,1548.8626766500188,97.1872771340976,125.47358375369443,354.78048300507334,0.008993912090184849,1.038375,0.11837500000000001,0.5636904761904766,3538.4615384615386,3,dct_smooth_regression,utterance_000001,0-0-2-0,group_0,SIL,1,6,<eps>,"",0.20999999999999985,калӑн,куракана,#,#,N,K,coextensive
287.3567015707305,1062.978342751067,1532.1164556105823,298.9309697810472,1034.7314822156216,1556.8478837901603,105.49153327743737,118.011736632113,348.4666527060733,0.008993912090184849,1.040375,0.12037500000000001,0.5732142857142862,3538.4615384615386,3,dct_smooth_regression,utterance_000001,0-0-2-0,group_0,SIL,1,6,<eps>,"",0.20999999999999985,калӑн,куракана,#,#,N,K,coextensive
287.0282041696843,1062.2628512897709,1508.286867657634,301.2457573757411,1031.1055630396377,1565.3828386103748,114.27045136708462,110.83461608342172,342.4937088427699,0.008993912090184849,1.042375,0.12237500000000001,0.5827380952380957,3538.4615384615386,3,dct_smooth_regression,utterance_000001,0-0-2-0,group_0,SIL,1,6,<eps>,"",0.20999999999999985,калӑн,куракана,#,#,N,K,coextensive
291.2971276211505,1057.9589724178343,1487.9139685106902,303.42495728882596,1028.0653892479327,1574.3170235892333,123.43676545906611,104.02888083351681,336.8796983695878,0.008993912090184849,1.044375,0.12437500000000001,0.5922619047619052,3538.4615384615386,3,dct_smooth_regression,utterance_000001,0-0-2-0,group_0,SIL,1,6,<eps>,"",0.20999999999999985,калӑн,куракана,#,#,N,K,coextensive
309.5941070157854,1056.814661946066,1478.9090784035586,305.42657036043346,1025.5843298920313,1583.4965871431482,132.8768927902971,97.66012755646608,331.6369500219138,0.008993912090184849,1.046375,0.12637500000000002,0.6017857142857148,3538.4615384615386,3,dct_smooth_regression,utterance_000001,0-0-2-0,group_0,SIL,1,6,<eps>,"",0.20999999999999985,калӑн,куракана,#,#,N,K,coextensive
317.9459603026579,1057.810865454679,1484.53888060811,307.2106940148738,1023.6291346906886,1592.7671888088244,142.4515854769158,91.774250176018,326.7726822490949,0.008993912090184849,1.048375,0.12837500000000002,0.6113095238095243,3538.4615384615386,3,dct_smooth_regression,utterance_000001,0-0-2-0,group_0,SIL,1,6,<eps>,"",0.20999999999999985,калӑн,куракана,#,#,N,K,coextensive
312.6321671925036,1058.68277813608,1516.044255129047,308.74026415689997,1022.1610248604163,1601.9768156153282,151.9984828929917,86.39964436042314,322.2895880441105,0.008993912090184849,1.050375,0.13037500000000002,0.6208333333333339,3538.4615384615386,3,dct_smooth_regression,utterance_000001,0-0-2-0,group_0,SIL,1,6,<eps>,"",0.20999999999999985,калӑн,куракана,#,#,N,K,coextensive
305.2171484874893,1056.1901731011853,1582.877838512966,309.98175453947874,1021.136820603215,1610.9785178603586,161.33672441174815,81.54990127590511,318.18638566562277,0.008993912090184849,1.052375,0.13237500000000002,0.6303571428571434,3538.4615384615386,3,dct_smooth_regression,utterance_000001,0-0-2-0,group_0,SIL,1,6,<eps>,"",0.20999999999999985,калӑн,куракана,#,#,N,K,coextensive
302.51964728198465,1051.644547998902,1659.1782187472766,310.90582078071924,1020.5100822712952,1619.6330143501245,170.27358237370137,77.22668103078607,314.4583282215402,0.008993912090184849,1.054375,0.13437500000000002,0.639880952380953,3538.4615384615386,3,dct_smooth_regression,utterance_000001,0-0-2-0,group_0,SIL,1,6,<eps>,"",0.20999999999999985,калӑн,куракана,#,#,N,K,coextensive
304.8272386537393,1045.5605596674602,1686.6933006157763,311.48787713150534,1020.2322427501301,1627.811119919903,178.61283907042832,73.42252132059336,311.09766842758796,0.008993912090184849,1.056375,0.13637500000000002,0.6494047619047625,3538.4615384615386,3,dct_smooth_regression,utterance_000001,0-0-2-0,group_0,SIL,1,6,<eps>,"",0.20999999999999985,калӑн,куракана,#,#,N,K,coextensive
309.46808908276756,1036.6316684380304,1668.4816217921784,311.7085952369268,1020.2537095397886,1635.3959516687828,186.1643905223985,70.12340693493397,308.0940775723308,0.008993912090184849,1.058375,0.13837500000000003,0.6589285714285721,3538.4615384615386,3,dct_smooth_regression,utterance_000001,0-0-2-0,group_0,SIL,1,6,<eps>,"",0.20999999999999985,калӑн,куракана,#,#,N,K,coextensive
313.0735453885286,1028.5991317688113,1652.5362915386322,311.55431547380033,1020.5249163446558,1642.2848747475757,192.75435253842662,67.31099102236082,305.43501984536545,0.008993912090184849,1.060375,0.14037500000000003,0.6684523809523816,3538.4615384615386,3,dct_smooth_regression,utterance_000001,0-0-2-0,group_0,SIL,1,6,<eps>,"",0.20999999999999985,калӑн,куракана,#,#,N,K,coextensive
313.7643434455429,1022.6166395117436,1650.3081399726075,311.0173629598538,1020.997305670855,1648.3911536493026,198.2348098627985,64.96441334006148,303.1060847713965,0.008993912090184849,1.062375,0.14237500000000003,0.6779761904761911,3538.4615384615386,3,dct_smooth_regression,utterance_000001,0-0-2-0,group_0,SIL,1,6,<eps>,"",0.20999999999999985,калӑн,куракана,#,#,N,K,coextensive
311.0879777498454,1017.6583050934938,1641.505624255707,310.09626199069885,1021.6242259399851,1653.6452806702307,202.49231777492514,63.06170168280981,301.09128160321376,0.008993912090184849,1.064375,0.14437500000000003,0.6875000000000007,3538.4615384615386,3,dct_smooth_regression,utterance_000001,0-0-2-0,group_0,SIL,1,6,<eps>,"",0.20999999999999985,калӑн,куракана,#,#,N,K,coextensive
307.3930912177203,1012.509315045485,1626.4871266848345,308.795844439058,1022.3617289126149,1657.9959594283132,205.45435191573122,61.58077048695324,299.3733002282423,0.008993912090184849,1.066375,0.14637500000000003,0.6970238095238102,3538.4615384615386,3,dct_smooth_regression,utterance_000001,0-0-2-0,group_0,SIL,1,6,<eps>,"",0.20999999999999985,калӑн,куракана,#,#,N,K,coextensive
304.14979481664733,1007.8912406741979,1636.0201518424376,307.12724951515446,1023.1692557260878,1661.4107279283203,207.0931001990292,60.500047129791206,297.93374350183484,0.008993912090184849,1.068375,0.14837500000000003,0.7065476190476198,3538.4615384615386,3,dct_smooth_regression,utterance_000001,0-0-2-0,group_0,SIL,1,6,<eps>,"",0.20999999999999985,калӑн,куракана,#,#,N,K,coextensive
301.0503341239358,1004.4254161658598,1685.4653084370477,305.1078142044122,1024.0102025355397,1663.8762125253813,207.42627332787697,59.798764435235036,296.75333599706585,0.008993912090184849,1.070375,0.15037500000000004,0.7160714285714292,3538.4615384615386,3,dct_smooth_regression,utterance_000001,0-0-2-0,group_0,SIL,1,6,<eps>,"",0.20999999999999985,калӑн,куракана,#,#,N,K,coextensive
299.1669708191964,1002.5783189736247,1736.9912604182734,302.76085563435436,1024.852359548936,1665.398011132971,206.51493453599386,59.45696032358622,295.81211401058624,0.008993912090184849,1.072375,0.15237500000000004,0.7255952380952388,3538.4615384615386,3,dct_smooth_regression,utterance_000001,0-0-2-0,group_0,SIL,1,6,<eps>,"",0.20999999999999985,калӑн,куракана,#,#,N,K,coextensive
300.4879794668007,1002.4566255711494,1762.5918920660533,300.1153485421158,1025.6682201090543,1666.0002110173832,204.45866432531236,59.45522519879452,295.08960133592717,0.008993912090184849,1.074375,0.15437500000000004,0.7351190476190483,3538.4615384615386,3,dct_smooth_regression,utterance_000001,0-0-2-0,group_0,SIL,1,6,<eps>,"",0.20999999999999985,калӑн,куракана,#,#,N,K,coextensive
304.8764003983369,1004.019383248793,1760.4637920348466,297.2055028828316,1026.4351593398567,1665.724553388409,201.3886349674119,59.77423693212742,294.5649748518996,0.008993912090184849,1.076375,0.15637500000000004,0.7446428571428579,3538.4615384615386,3,dct_smooth_regression,utterance_000001,0-0-2-0,group_0,SIL,1,6,<eps>,"",0.20999999999999985,калӑн,куракана,#,#,N,K,coextensive
307.7669324425418,1007.1542280800638,1744.126001331812,294.07024840372003,1027.135484684362,1664.6292636079959,197.459337682479,60.39412402333708,294.21722341127594,0.008993912090184849,1.078375,0.15837500000000004,0.7541666666666674,3538.4615384615386,3,dct_smooth_regression,utterance_000001,0-0-2-0,group_0,SIL,1,6,<eps>,"",0.20999999999999985,калӑн,куракана,#,#,N,K,coextensive
304.6192541953956,1011.6958601792418,1726.4921012852722,290.7526346767792,1027.7563633604836,1662.7875720727093,192.8397664239613,61.29370093307745,294.02530288573985,0.008993912090184849,1.080375,0.16037500000000005,0.7636904761904769,3538.4615384615386,3,dct_smooth_regression,utterance_000001,0-0-2-0,group_0,SIL,1,6,<eps>,"",0.20999999999999985,калӑн,куракана,#,#,N,K,coextensive
295.6274558117705,1016.779868348309,1711.9450197947892,287.29915660456834,1028.2896342975048,1660.2859565668016,187.70481950678348,62.44962622987145,293.96828955517435,0.008993912090184849,1.082375,0.16237500000000005,0.7732142857142865,3538.4615384615386,3,dct_smooth_regression,utterance_000001,0-0-2-0,group_0,SIL,1,6,<eps>,"",0.20999999999999985,калӑн,куракана,#,#,N,K,coextensive
285.15507976779054,1021.1249549216108,1697.2815099326529,283.75901676102836,1028.7315144399818,1657.22214202483,182.2275539205411,63.83554385153883,294.02553334744726,0.008993912090184849,1.084375,0.16437500000000005,0.782738095238096,3538.4615384615386,3,dct_smooth_regression,utterance_000001,0-0-2-0,group_0,SIL,1,6,<eps>,"",0.20999999999999985,калӑн,куракана,#,#,N,K,coextensive
280.07791364788915,1023.1286765319055,1683.9572410273,280.18333707828333,1029.082211373523,1653.7028980915968,176.572747433779,65.42127935016434,294.17681176113007,0.008993912090184849,1.086375,0.16637500000000005,0.7922619047619056,3538.4615384615386,3,dct_smooth_regression,utterance_000001,0-0-2-0,group_0,SIL,1,6,<eps>,"",0.20999999999999985,калӑн,куракана,#,#,N,K,coextensive
281.26333517830994,1023.7965026203128,1674.810724992112,276.6243333199718,1029.3454559992792,1649.8416785413103,170.89202393921272,67.17217446853851,294.4024846578471,0.008993912090184849,1.088375,0.16837500000000005,0.8017857142857151,3538.4615384615386,3,dct_smooth_regression,utterance_000001,0-0-2-0,group_0,SIL,1,6,<eps>,"",0.20999999999999985,калӑн,куракана,#,#,N,K,coextensive
285.85300463821085,1024.661612875101,1675.6859174926346,273.1344664749045,1029.527970428482,1645.7561494503102,165.32060783884984,69.04865194111534,294.68364951098516,0.008993912090184849,1.090375,0.17037500000000005,0.8113095238095247,3538.4615384615386,3,dct_smooth_regression,utterance_000001,0-0-2-0,group_0,SIL,1,6,<eps>,"",0.20999999999999985,калӑн,куракана,#,#,N,K,coextensive
287.27618489946843,1026.5899997358956,1680.819538317464,269.7655856489831,1029.638887359203,1641.5656549573125,159.97561559697672,71.00610459290267,295.00229615905323,0.008993912090184849,1.092375,0.17237500000000006,0.8208333333333342,3538.4615384615386,3,dct_smooth_regression,utterance_000001,0-0-2-0,group_0,SIL,1,6,<eps>,"",0.20999999999999985,калӑн,куракана,#,#,N,K,coextensive
278.89688557205125,1030.1304433854343,1671.6625236727841,266.5680772200523,1029.6891379161439,1637.3886704573347,154.95567904060354,72.99519509816865,295.34145964851797,0.008993912090184849,1.094375,0.17437500000000006,0.8303571428571438,3538.4615384615386,3,dct_smooth_regression,utterance_000001,0-0-2-0,group_0,SIL,1,6,<eps>,"",0.20999999999999985,калӑн,куракана,#,#,N,K,coextensive
257.3235222611137,1036.838925148561,1647.0761620764754,263.5900349459993,1029.6908252698279,1633.3402931430453,150.34162832602863,74.96263226425148,295.68536937370146,0.008993912090184849,1.096375,0.17637500000000006,0.8398809523809533,3538.4615384615386,3,dct_smooth_regression,utterance_000001,0-0-2-0,group_0,SIL,1,6,<eps>,"",0.20999999999999985,калӑн,куракана,#,#,N,K,coextensive
240.54303050105977,1045.357587121513,1621.5384235973827,260.87646538198163,1029.6566013008658,1629.529818930519,146.1979381663203,76.85245505051874,296.0195924386831,0.008993912090184849,1.098375,0.17837500000000006,0.8494047619047628,3538.4615384615386,3,dct_smooth_regression,utterance_000001,0-0-2-0,group_0,SIL,1,6,<eps>,"",0.20999999999999985,калӑн,куракана,#,#,N,K,coextensive
244.40920321856936,1050.1597898833857,1598.461211756111,258.4685423737826,1029.5990631427308,1626.0584530032068,142.57464985226127,78.60780772474334,296.33116898377847,0.008993912090184849,1.100375,0.18037500000000006,0.8589285714285724,3538.4615384615386,3,dct_smooth_regression,utterance_000001,0-0-2-0,group_0,SIL,1,6,<eps>,"",0.20999999999999985,калӑн,куракана,#,#,N,K,coextensive
252.30212605612004,1044.210411188949,1575.9868364894587,256.4029235612368,1029.5301856349763,1623.0171985134286,139.50951294379996,80.1731325601998,296.6087371395171,0.008993912090184849,1.102375,0.18237500000000006,0.8684523809523819,3538.4615384615386,3,dct_smooth_regression,utterance_000001,0-0-2-0,group_0,SIL,1,6,<eps>,"",0.20999999999999985,калӑн,куракана,#,#,N,K,coextensive
254.33694852673239,1032.3210434914452,1554.4862587677392,254.71114076300262,1029.460804567849,1620.4849644465205,137.0301338174177,81.49664721731445,296.84264529336866,0.008993912090184849,1.1043749999999999,0.18437499999999984,0.8779761904761904,3538.4615384615386,3,dct_smooth_regression,utterance_000001,0-0-2-0,group_0,SIL,1,6,<eps>,"",0.20999999999999985,калӑн,куракана,#,#,N,K,coextensive
252.71121311245628,1024.6855329776633,1537.8309483377977,253.41907484046794,1029.4001641254797,1618.526929346183,135.15596491408667,82.53292158745461,297.025049474838,0.008993912090184849,1.106375,0.18637500000000007,0.887500000000001,3538.4615384615386,3,dct_smooth_regression,utterance_000001,0-0-2-0,group_0,SIL,1,6,<eps>,"",0.20999999999999985,калӑн,куракана,#,#,N,K,coextensive
249.60964203829286,1026.15058508717,1527.5617802708762,252.54652417674595,1029.3555401714405,1617.1931926021505,133.90001242314435,83.24533325625791,297.14999387577615,0.008993912090184849,1.1083749999999999,0.18837499999999985,0.8970238095238094,3538.4615384615386,3,dct_smooth_regression,utterance_000001,0-0-2-0,group_0,SIL,1,6,<eps>,"",0.20999999999999985,калӑн,куракана,#,#,N,K,coextensive
238.66142418016588,1038.763098682007,1521.0289918357305,252.1068742824961,1029.331949006356,1616.5177394074233,133.27017770497724,83.60817035227328,297.2134728147994,0.008993912090184849,1.1103750000000001,0.19037500000000007,0.90654761904762,3538.4615384615386,3,dct_smooth_regression,utterance_000001,0-0-2-0,group_0,SIL,1,6,<eps>,"",0.20999999999999985,калӑн,куракана,#,#,N,K,coextensive
1100.3142829549308,3123.5486054454545,4325.076328739349,1073.9443058765091,3009.467181357823,4481.129306909127,83.17473785286906,653.4210457954205,1270.5730215924755,0.003945794843930526,2.866375,0.006375000000000242,0.05312500000000197,10000.0,3,dct_smooth_regression,utterance_000001,0-0-6-0,group_0,SIL,1,6,<eps>,"",0.1200000000000001,танах,вӑй,#,#,χ,V,coextensive
1108.1859009412524,3080.88542626258,4417.878137839011,1070.3762427969218,3009.6939674136797,4489.5356883200675,84.69517023906121,641.9756437365595,1240.1395260865363,0.003945794843930526,2.868375,0.008375000000000021,0.0697916666666668,10000.0,3,dct_smooth_regression,utterance_000001,0-0-6-0,group_0,SIL,1,6,<eps>,"",0.1200000000000001,танах,вӑй,#,#,χ,V,coextensive
1114.2368162089879,3049.6071707301376,4585.13291083675,1063.3932568632165,3010.110767019949,4506.034207012542,87.75158412702874,620.209840534193,1182.4866401234424,0.003945794843930526,2.870375,0.010375000000000245,0.0864583333333353,10000.0,3,dct_smooth_regression,utterance_000001,0-0-6-0,group_0,SIL,1,6,<eps>,"",0.1200000000000001,танах,вӑй,#,#,χ,V,coextensive
1107.8621272784962,3032.8893642549956,4697.021480795119,1053.2914744236975,3010.6461565151894,4530.014575942698,92.3675405865364,590.1621987428653,1103.3897522648329,0.003945794843930526,2.872375,0.012375000000000025,0.10312500000000013,10000.0,3,dct_smooth_regression,utterance_000001,0-0-6-0,group_0,SIL,1,6,<eps>,"",0.1200000000000001,танах,вӑй,#,#,χ,V,coextensive
1066.5405495261361,3013.580506692769,4682.798959004055,1040.4904271668747,3011.198164394484,4560.605593441456,98.55928696242432,554.4261635819822,1010.0876060147511,0.003945794843930526,2.874375,0.014375000000000249,0.11979166666666864,10000.0,3,dct_smooth_regression,utterance_000001,0-0-6-0,group_0,SIL,1,6,<eps>,"",0.1200000000000001,танах,вӑй,#,#,χ,V,coextensive
993.624489581232,2986.170333933396,4642.027585539662,1025.5054478123623,3011.640087405748,4596.724741296191,106.31255045334817,515.7450433718625,910.0628954514137,0.003945794843930526,2.876375,0.01637500000000003,0.13645833333333346,10000.0,3,dct_smooth_regression,utterance_000001,0-0-6-0,group_0,SIL,1,6,<eps>,"",0.1200000000000001,танах,вӑй,#,#,χ,V,coextensive
939.495263782588,2959.0734541215943,4613.254869793069,1008.9140213931854,3011.827638981641,4637.138787789305,115.55230395189878,476.6586662697689,810.0098641221856,0.003945794843930526,2.878375,0.018375000000000252,0.15312500000000198,10000.0,3,dct_smooth_regression,utterance_000001,0-0-6-0,group_0,SIL,1,6,<eps>,"",0.1200000000000001,танах,вӑй,#,#,χ,V,coextensive
914.3066337353807,2933.8586604605375,4598.82917438429,991.3185063539621,3011.6069644640847,4680.531171102613,126.10832557986645,439.26526525937027,715.1798722541932,0.003945794843930526,2.880375,0.020375000000000032,0.1697916666666668,10000.0,3,dct_smooth_regression,utterance_000001,0-0-6-0,group_0,SIL,1,6,<eps>,"",0.1200000000000001,танах,вӑй,#,#,χ,V,coextensive
901.0944784910458,2914.1869109291774,4612.424861448555,973.3079027137741,3010.8230044982897,4725.571481267481,137.6822606200059,405.1163203679475,629.1451749169,0.003945794843930526,2.882375,0.022375000000000256,0.1864583333333353,10000.0,3,dct_smooth_regression,utterance_000001,0-0-6-0,group_0,SIL,1,6,<eps>,"",0.1200000000000001,танах,вӑй,#,#,χ,V,coextensive
890.2887316611321,2904.8177890011602,4670.508742331475,955.4214163267876,3009.327670534221,4770.982237497213,149.82500825205625,375.22444563487994,553.9023494712089,0.003945794843930526,2.884375,0.024375000000000036,0.20312500000000014,10000.0,3,dct_smooth_regression,utterance_000001,0-0-6-0,group_0,SIL,1,6,<eps>,"",0.1200000000000001,танах,вӑй,#,#,χ,V,coextensive
880.8601782499162,2910.788188407797,4765.901742494569,938.1164430901686,3006.9873157356037,4815.5983818692075,161.93520321836948,350.14495815219675,490.1812565113318,0.003945794843930526,2.886375,0.02637500000000026,0.21979166666666866,10000.0,3,dct_smooth_regression,utterance_000001,0-0-6-0,group_0,SIL,1,6,<eps>,"",0.1200000000000001,танах,вӑй,#,#,χ,V,coextensive
880.9250624540576,2935.0007224166848,4863.639531439691,921.7432829323038,3003.689039371668,4858.415465008184,173.28853388565025,330.0899660373727,437.8283094425273,0.003945794843930526,2.888375,0.02837500000000004,0.23645833333333346,10000.0,3,dct_smooth_regression,utterance_000001,0-0-6-0,group_0,SIL,1,6,<eps>,"",0.1200000000000001,танах,вӑй,#,#,χ,V,coextensive
904.2131955308428,2978.5487277719667,4942.301184286429,906.528412031158,2999.3454491116363,4898.623346195627,183.1022408877196,315.04300043478736,396.1695142459426,0.003945794843930526,2.890375,0.030375000000000263,0.253125000000002,10000.0,3,dct_smooth_regression,utterance_000001,0-0-6-0,group_0,SIL,1,6,<eps>,"",0.1200000000000001,танах,вӑй,#,#,χ,V,coextensive
944.9309955992189,3035.78308405824,4999.569218761819,892.5675263025721,2993.8976175216426,4935.623309810074,190.62957789842466,304.85492729113827,364.30335982326324,0.003945794843930526,2.892375,0.03237500000000004,0.2697916666666668,10000.0,3,dct_smooth_regression,utterance_000001,0-0-6-0,group_0,SIL,1,6,<eps>,"",0.1200000000000001,танах,вӑй,#,#,χ,V,coextensive
976.8768916675886,3077.750303538899,5034.4959810932,879.8288626876626,2987.3160986664498,4969.027735971204,195.26789233762878,299.31303399263186,341.3096905712868,0.003945794843930526,2.894375,0.034375000000000266,0.2864583333333353,10000.0,3,dct_smooth_regression,utterance_000001,0-0-6-0,group_0,SIL,1,6,<eps>,"",0.1200000000000001,танах,вӑй,#,#,χ,V,coextensive
983.2201633619839,3080.6204438319032,5053.087401840246,868.1665567108595,2979.6000089928266,4998.642767948649,196.65584551790047,298.18275940295234,326.38246551920844,0.003945794843930526,2.896375,0.036375000000000046,0.30312500000000014,10000.0,3,dct_smooth_regression,utterance_000001,0-0-6-0,group_0,SIL,1,6,<eps>,"",0.1200000000000001,танах,вӑй,#,#,χ,V,coextensive
958.5738919137866,3060.8731121291244,5068.545075437343,857.343057927936,2970.774313951838,5024.435699090323,194.73460017747922,301.22566875149425,318.90326109209354,0.003945794843930526,2.898375,0.03837500000000027,0.31979166666666864,10000.0,3,dct_smooth_regression,utterance_000001,0-0-6-0,group_0,SIL,1,6,<eps>,"",0.1200000000000001,танах,вӑй,#,#,χ,V,coextensive
912.7195319950633,3035.0276247510274,5089.203279096028,847.0589515257162,2960.8855884902428,5046.489965580881,189.75624742669237,308.199092974838,318.4727768567041,0.003945794843930526,2.900375,0.04037500000000005,0.33645833333333347,10000.0,3,dct_smooth_regression,utterance_000001,0-0-6-0,group_0,SIL,1,6,<eps>,"",0.1200000000000001,танах,вӑй,#,#,χ,V,coextensive
848.0684417283061,3002.471567311679,5108.246759804877,836.9879726536486,2949.9966267120867,5064.951593656257,182.23770382856918,318.8435582131654,324.9136425485588,0.003945794843930526,2.902375,0.042375000000000274,0.353125000000002,10000.0,3,dct_smooth_regression,utterance_000001,0-0-6-0,group_0,SIL,1,6,<eps>,"",0.1200000000000001,танах,вӑй,#,#,χ,V,coextensive
782.1321068288772,2961.598482497144,5109.938389062129,826.8145907623987,2938.1803561214197,5079.971639892933,172.87382644153988,332.8645267308215,338.2524558457086,0.003945794843930526,2.904375,0.04437500000000005,0.3697916666666668,10000.0,3,dct_smooth_regression,utterance_000001,0-0-6-0,group_0,SIL,1,6,<eps>,"",0.1200000000000001,танах,вӑй,#,#,χ,V,coextensive
747.5229873540688,2913.492102781284,5089.010805444766,816.2713146440062,2925.5135592097968,5091.649528371444,162.433386423901,349.9153001130922,358.6839205136085,0.003945794843930526,2.906375,0.04637500000000028,0.38645833333333535,10000.0,3,dct_smooth_regression,utterance_000001,0-0-6-0,group_0,SIL,1,6,<eps>,"",0.1200000000000001,танах,вӑй,#,#,χ,V,coextensive
732.9746633315228,2867.810221021307,5055.801908074491,805.1728428395814,2912.0709163144884,5099.982198795262,151.66262244258542,369.5879391887568,386.516137911906,0.003945794843930526,2.908375,0.04837500000000006,0.4031250000000002,10000.0,3,dct_smooth_regression,utterance_000001,0-0-6-0,group_0,SIL,1,6,<eps>,"",0.1200000000000001,танах,вӑй,#,#,χ,V,coextensive
727.8220915133893,2835.293072084078,5018.514398433603,793.4443625974538,2897.9198577196403,5104.8236296218665,141.21441935480283,391.41817949320426,422.0941570187878,0.003945794843930526,2.910375,0.05037500000000028,0.4197916666666687,10000.0,3,dct_smooth_regression,utterance_000001,0-0-6-0,group_0,SIL,1,6,<eps>,"",0.1200000000000001,танах,вӑй,#,#,χ,V,coextensive
727.8209465105778,2816.493252081125,4975.7691598854035,781.1416734206625,2883.11665155877,5105.858609788498,131.6107674466547,414.9080645029145,465.6993961809984,0.003945794843930526,2.912375,0.05237500000000006,0.4364583333333335,10000.0,3,dct_smooth_regression,utterance_000001,0-0-6-0,group_0,SIL,1,6,<eps>,"",0.1200000000000001,танах,вӑй,#,#,χ,V,coextensive
732.1244067188445,2810.916009337221,4953.1644468195245,768.4613546419071,2867.7040613358295,5102.593645648405,123.23653410678541,439.5663250150713,517.4260376555332,0.003945794843930526,2.914375,0.054375000000000284,0.453125000000002,10000.0,3,dct_smooth_regression,utterance_000001,0-0-6-0,group_0,SIL,1,6,<eps>,"",0.1200000000000001,танах,вӑй,#,#,χ,V,coextensive
741.3479728234656,2823.6355829270015,4985.922929513009,755.7398745704936,2851.7107891488004,5094.366671498447,116.35656541016952,464.9620526145981,577.0420962591467,0.003945794843930526,2.916375,0.056375000000000064,0.46979166666666683,10000.0,3,dct_smooth_regression,utterance_000001,0-0-6-0,group_0,SIL,1,6,<eps>,"",0.1200000000000001,танах,вӑй,#,#,χ,V,coextensive
756.1577384608559,2861.0150036003433,5056.340097955526,743.4413060778219,2835.152786084912,5080.3758647447285,111.1462982951023,490.7832286160146,643.8517865966743,0.003945794843930526,2.918375,0.05837500000000029,0.4864583333333353,10000.0,3,dct_smooth_regression,utterance_000001,0-0-6-0,group_0,SIL,1,6,<eps>,"",0.1200000000000001,танах,вӑй,#,#,χ,V,coextensive
770.8117063459988,2909.5790085227914,5114.710771086974,732.1341179388396,2818.0363690951735,5059.7264439146975,107.72732272841914,516.8896017236536,716.5848813690028,0.003945794843930526,2.920375,0.06037500000000007,0.5031250000000002,10000.0,3,dct_smooth_regression,utterance_000001,0-0-6-0,group_0,SIL,1,6,<eps>,"",0.1200000000000001,танах,вӑй,#,#,χ,V,coextensive
762.0835665106357,2921.7939979130892,5133.997507527627,722.4582976740194,2800.362943871148,5031.492948057495,106.20203071912672,543.3501264235442,793.3444163832904,0.003945794843930526,2.922375,0.06237500000000029,0.5197916666666687,10000.0,3,dct_smooth_regression,utterance_000001,0-0-6-0,group_0,SIL,1,6,<eps>,"",0.1200000000000001,танах,вӑй,#,#,χ,V,coextensive
742.889084491187,2839.1203312529447,5103.433846906149,715.0847755797232,2782.135005670371,4994.793256595847,106.68422469202011,570.4584755868893,871.6423239006991,0.003945794843930526,2.924375,0.06437500000000007,0.5364583333333335,10000.0,3,dct_smooth_regression,utterance_000001,0-0-6-0,group_0,SIL,1,6,<eps>,"",0.1200000000000001,танах,вӑй,#,#,χ,V,coextensive
732.5286204344877,2689.0805598579045,5029.625328774817,710.6697110587712,2763.3629837325757,4948.869598083275,109.32451954417618,598.7247597581529,948.5406309188056,0.003945794843930526,2.926375,0.0663750000000003,0.553125000000002,10000.0,3,dct_smooth_regression,utterance_000001,0-0-6-0,group_0,SIL,1,6,<eps>,"",0.1200000000000001,танах,вӑй,#,#,χ,V,coextensive
728.9202529480632,2590.1822994081913,4949.479517118321,709.8066291069327,2744.072417567332,4893.171088768613,114.33028031678418,628.8457636430587,1020.8943352347303,0.003945794843930526,2.928375,0.06837500000000007,0.5697916666666668,10000.0,3,dct_smooth_regression,utterance_000001,0-0-6-0,group_0,SIL,1,6,<eps>,"",0.1200000000000001,танах,вӑй,#,#,χ,V,coextensive
730.3219076442346,2584.886243119045,4886.167847509512,712.9796255214832,2724.3109107175287,4827.431991860515,121.9797278924813,661.658292838681,1085.6659530905645,0.003945794843930526,2.930375,0.0703750000000003,0.5864583333333354,10000.0,3,dct_smooth_regression,utterance_000001,0-0-6-0,group_0,SIL,1,6,<eps>,"",0.1200000000000001,танах,вӑй,#,#,χ,V,coextensive
736.1581651674471,2635.368693156329,4827.4949264385,720.5208757412663,2704.1543030236917,4751.739926788785,132.62888364482617,698.0800443766257,1140.259380111676,0.003945794843930526,2.932375,0.07237500000000008,0.6031250000000001,10000.0,3,dct_smooth_regression,utterance_000001,0-0-6-0,group_0,SIL,1,6,<eps>,"",0.1200000000000001,танах,вӑй,#,#,χ,V,coextensive
745.3467599920681,2677.98658715465,4738.171358220183,732.5754802290921,2683.7115367634738,4666.588689503437,146.70842393805373,739.0402144531473,1182.810680243726,0.003945794843930526,2.934375,0.0743750000000003,0.6197916666666687,10000.0,3,dct_smooth_regression,utterance_000001,0-0-6-0,group_0,SIL,1,6,<eps>,"",0.1200000000000001,танах,вӑй,#,#,χ,V,coextensive
753.5724955123095,2687.491480966568,4603.110969594488,749.0762697220437,2663.127763500105,4572.911148329449,164.70557962806848,785.3990053704853,1212.3804849792389,0.003945794843930526,2.936375,0.07637500000000008,0.6364583333333336,10000.0,3,dct_smooth_regression,utterance_000001,0-0-6-0,group_0,SIL,1,6,<eps>,"",0.1200000000000001,танах,вӑй,#,#,χ,V,coextensive
760.5400069572908,2685.7883435422245,4445.230017849008,769.7306013630075,2642.5853426804747,4472.088808170673,187.12446905564246,837.8527693905137,1229.01525357435,0.003945794843930526,2.938375,0.0783750000000003,0.6531250000000021,10000.0,3,dct_smooth_regression,utterance_000001,0-0-6-0,group_0,SIL,1,6,<eps>,"",0.1200000000000001,танах,вӑй,#,#,χ,V,coextensive
774.5065495256041,2688.0126349168468,4296.338645223086,794.0204390675074,2622.3025133527576,4365.936019593844,214.41760072718304,896.8211792389227,1233.6752129341785,0.003945794843930526,2.940375,0.08037500000000009,0.6697916666666669,10000.0,3,dct_smooth_regression,utterance_000001,0-0-6-0,group_0,SIL,1,6,<eps>,"",0.1200000000000001,танах,вӑй,#,#,χ,V,coextensive
798.976497512809,2689.858443525522,4174.533068778546,821.2161759357876,2602.5296683727706,4256.658361241159,246.88307357726458,962.3157445856009,1228.055287113467,0.003945794843930526,2.942375,0.08237500000000031,0.6864583333333354,10000.0,3,dct_smooth_regression,utterance_000001,0-0-6-0,group_0,SIL,1,6,<eps>,"",0.1200000000000001,танах,вӑй,#,#,χ,V,coextensive
827.9262019490034,2682.665905189911,4064.6316061764787,850.4037775045286,2583.5433164196534,4146.786344585451,284.527814733824,1033.7959127125428,1214.3434266393242,0.003945794843930526,2.944375,0.08437500000000009,0.7031250000000002,10000.0,3,dct_smooth_regression,utterance_000001,0-0-6-0,group_0,SIL,1,6,<eps>,"",0.1200000000000001,танах,вӑй,#,#,χ,V,coextensive
855.8150225717947,2663.4528067994615,3921.0938657718125,880.5239598967797,2565.6379707102496,4039.0871740257535,326.9081305193564,1110.0296814464239,1194.9649322257371,0.003945794843930526,2.946375,0.08637500000000031,0.7197916666666687,10000.0,3,dct_smooth_regression,utterance_000001,0-0-6-0,group_0,SIL,1,6,<eps>,"",0.1200000000000001,танах,вӑй,#,#,χ,V,coextensive
884.1731049767442,2608.8566965887576,3772.153126211169,910.421323707906,2549.116344229804,3936.458738770209,372.97431263664424,1188.988304970305,1172.3533348755916,0.003945794843930526,2.948375,0.08837500000000009,0.7364583333333335,10000.0,3,dct_smooth_regression,utterance_000001,0-0-6-0,group_0,SIL,1,6,<eps>,"",0.1200000000000001,танах,вӑй,#,#,χ,V,coextensive
914.7409009751489,2516.0404014275687,3714.546574155649,938.9006956441729,2534.2783500933683,3841.8112201189697,420.9623847178313,1267.8153195948894,1148.7732399427084,0.003945794843930526,2.950375,0.09037500000000032,0.753125000000002,10000.0,3,dct_smooth_regression,utterance_000001,0-0-6-0,group_0,SIL,1,6,<eps>,"",0.1200000000000001,танах,вӑй,#,#,χ,V,coextensive
946.82229477542,2470.590005287142,3704.8781008378687,964.7874304865824,2521.409494235281,3757.9425875117463,468.38606779802507,1342.9128136987258,1126.204065949984,0.003945794843930526,2.952375,0.0923750000000001,0.7697916666666669,10000.0,3,dct_smooth_regression,utterance_000001,0-0-6-0,group_0,SIL,1,6,<eps>,"",0.1200000000000001,танах,вӑй,#,#,χ,V,coextensive
981.9772616267836,2470.5939887654113,3698.4358638015883,986.9881299182971,2510.7692998673792,3687.4147679999987,512.1765352521427,1410.1763830677241,1106.2801765806248,0.003945794843930526,2.954375,0.09437500000000032,0.7864583333333354,10000.0,3,dct_smooth_regression,utterance_000001,0-0-6-0,group_0,SIL,1,6,<eps>,"",0.1200000000000001,танах,вӑй,#,#,χ,V,coextensive
1019.1807812746247,2477.7548889205987,3707.3173723099935,1004.548162903362,2502.580415299355,3632.4373698400423,548.9898966431247,1465.381378406929,1090.2745660177698,0.003945794843930526,2.956375,0.0963750000000001,0.8031250000000002,10000.0,3,dct_smooth_regression,utterance_000001,0-0-6-0,group_0,SIL,1,6,<eps>,"",0.1200000000000001,танах,вӑй,#,#,χ,V,coextensive
1050.6159949382802,2462.855600327979,3735.195825355392,1016.7025307212764,2497.0190276602393,3594.76551167399,575.6544104773683,1504.6805818177456,1079.1100042805804,0.003945794843930526,2.958375,0.09837500000000032,0.8197916666666687,10000.0,3,dct_smooth_regression,utterance_000001,0-0-6-0,group_0,SIL,1,6,<eps>,"",0.1200000000000001,танах,вӑй,#,#,χ,V,coextensive
1069.109679919438,2421.761112873472,3768.475911544455,1022.916999387894,2494.2071363995306,3575.6175718409722,589.675036367096,1525.1296710765353,1073.3821612219751,0.003945794843930526,2.960375,0.1003750000000001,0.8364583333333335,10000.0,3,dct_smooth_regression,utterance_000001,0-0-6-0,group_0,SIL,1,6,<eps>,"",0.1200000000000001,танах,вӑй,#,#,χ,V,coextensive
563.7328268593435,2257.4036681421785,3051.6988763071963,621.6183787948025,2269.6398132564664,3141.3237184961054,84.59367301395291,207.21320462993623,183.26146485538084,0.03639407984950747,4.346374999999999,0.006374999999999353,0.030357142857139783,7307.692307692308,3,dct_smooth_regression,utterance_000001,0-0-10-0,group_0,SIL,1,6,<eps>,"",0.20999999999999996,савӑнтараҫҫӗ,е,#,#,EH,Y,coextensive
562.3041337741421,2253.4130185048766,3059.3246736316773,620.7338760319492,2269.7931176372267,3140.815849993371,84.2359359469586,205.4244416796809,182.5359724187094,0.03639407984950747,4.348375,0.008375000000000021,0.03988095238095249,7307.692307692308,3,dct_smooth_regression,utterance_000001,0-0-10-0,group_0,SIL,1,6,<eps>,"",0.20999999999999996,савӑнтараҫҫӗ,е,#,#,EH,Y,coextensive
562.2711769096086,2256.1642017861204,3064.930762605115,618.9797287444676,2270.0979152346576,3139.8104610624664,83.53399365812709,201.92896151589312,181.1148872937476,0.03639407984950747,4.350375,0.010374999999999801,0.049404761904760966,7307.692307692308,3,dct_smooth_regression,utterance_000001,0-0-10-0,group_0,SIL,1,6,<eps>,"",0.20999999999999996,савӑнтараҫҫӗ,е,#,#,EH,Y,coextensive
564.9267890871855,2266.7879399903886,3065.9837615700603,616.3854635061408,2270.550628360301,3138.3281353477755,82.51409353209507,196.88372780000384,179.05620570407308,0.03639407984950747,4.352374999999999,0.01237499999999958,0.05892857142856944,7307.692307692308,3,dct_smooth_regression,utterance_000001,0-0-10-0,group_0,SIL,1,6,<eps>,"",0.20999999999999996,савӑнтараҫҫӗ,е,#,#,EH,Y,coextensive
569.4432873005311,2280.864579451995,3064.591102877282,612.9948977224492,2271.1460012239563,3136.3994680715605,81.21365465853171,190.50737758177814,176.4426182928504,0.03639407984950747,4.354374999999999,0.01437499999999936,0.06845238095237792,7307.692307692308,3,dct_smooth_regression,utterance_000001,0-0-10-0,group_0,SIL,1,6,<eps>,"",0.20999999999999996,савӑнтараҫҫӗ,е,#,#,EH,Y,coextensive
574.3229375242603,2290.761796400622,3067.020099649344,608.8655790999244,2271.877230441114,3134.064732582925,79.67916039031495,183.0626791396662,173.3768860236746,0.03639407984950747,4.356375,0.01637500000000003,0.07797619047619063,7307.692307692308,3,dct_smooth_regression,utterance_000001,0-0-10-0,group_0,SIL,1,6,<eps>,"",0.20999999999999996,савӑнтараҫҫӗ,е,#,#,EH,Y,coextensive
580.6462032456308,2290.9841641483767,3077.8028688942404,604.0680488794222,2272.7361351165437,3131.37344047247,77.96370192513538,174.83696726787485,169.97648545051646,0.03639407984950747,4.358375,0.018374999999999808,0.0874999999999991,7307.692307692308,3,dct_smooth_regression,utterance_000001,0-0-10-0,group_0,SIL,1,6,<eps>,"",0.20999999999999996,савӑнтараҫҫӗ,е,#,#,EH,Y,coextensive
590.0603684812781,2285.0064712180038,3091.621544496548,598.6849377562145,2273.7133632302443,3128.383799253203,76.12440792195045,166.1228760582269,166.3680584670222,0.03639407984950747,4.3603749999999994,0.020374999999999588,0.09702380952380758,7307.692307692308,3,dct_smooth_regression,utterance_000001,0-0-10-0,group_0,SIL,1,6,<eps>,"",0.20999999999999996,савӑнтараҫҫӗ,е,#,#,EH,Y,coextensive
596.3367015799522,2281.0893951541807,3097.681616361014,592.8099054316525,2274.7986303461917,3125.1620725562334,74.21998505359134,157.20136128676515,162.68217476777934,0.03639407984950747,4.362374999999999,0.022374999999999368,0.10654761904761606,7307.692307692308,3,dct_smooth_regression,utterance_000001,0-0-10-0,group_0,SIL,1,6,<eps>,"",0.20999999999999996,савӑнтараҫҫӗ,е,#,#,EH,Y,coextensive
595.197418747766,2280.511840326224,3097.8364488926604,586.5464366277768,2275.9809860305163,3121.7818487030886,72.30855882109691,148.32841736384998,159.04883049406047,0.03639407984950747,4.364375,0.024375000000000036,0.11607142857142876,7307.692307692308,3,dct_smooth_regression,utterance_000001,0-0-10-0,group_0,SIL,1,6,<eps>,"",0.20999999999999996,савӑнтараҫҫӗ,е,#,#,EH,Y,coextensive
590.0111701975967,2281.9109693420723,3096.0027340385827,580.0065081245831,2277.2491028156605,3118.3232243881557,70.4459514984461,139.72619744082618,155.59398475192572,0.03639407984950747,4.366375,0.026374999999999815,0.12559523809523723,7307.692307692308,3,dct_smooth_regression,utterance_000001,0-0-10-0,group_0,SIL,1,6,<eps>,"",0.20999999999999996,савӑнтараҫҫӗ,е,#,#,EH,Y,coextensive
584.3621706009544,2284.467846570458,3094.0371283055706,573.3091429286778,2278.5915820904934,3114.8719110280945,68.6844747178224,131.57858370487597,152.43730056984208,0.03639407984950747,4.3683749999999995,0.028374999999999595,0.13511904761904572,7307.692307692308,3,dct_smooth_regression,utterance_000001,0-0-10-0,group_0,SIL,1,6,<eps>,"",0.20999999999999996,савӑнтараҫҫӗ,е,#,#,EH,Y,coextensive
579.5647606395461,2287.923574863932,3093.011762535826,566.5788690331079,2279.99727094172,3111.5182721032784,67.07225722548314,124.03073414022211,149.6911298984086,0.03639407984950747,4.370374999999999,0.030374999999999375,0.1446428571428542,7307.692307692308,3,dct_smooth_regression,utterance_000001,0-0-10-0,group_0,SIL,1,6,<eps>,"",0.20999999999999996,савӑнтараҫҫӗ,е,#,#,EH,Y,coextensive
576.6037483380405,2291.437140990811,3094.955102800567,559.9441013651236,2281.4555837257026,3108.3563005229103,65.6530807688331,117.19180526111002,147.46067916751602,0.03639407984950747,4.372375,0.03237500000000004,0.1541666666666669,7307.692307692308,3,dct_smooth_regression,utterance_000001,0-0-10-0,group_0,SIL,1,6,<eps>,"",0.20999999999999996,савӑнтараҫҫӗ,е,#,#,EH,Y,coextensive
575.8427753515363,2293.557236807866,3105.3566700854462,553.5354664282058,2282.956822016491,3105.4825456838557,64.4666629343984,111.13992007751867,145.8452210460433,0.03639407984950747,4.374375,0.03437499999999982,0.1636904761904754,7307.692307692308,3,dct_smooth_regression,utterance_000001,0-0-10-0,group_0,SIL,1,6,<eps>,"",0.20999999999999996,савӑнтараҫҫӗ,е,#,#,EH,Y,coextensive
576.815676750367,2292.0752333844116,3138.758965279894,547.484089816477,2284.4924865579924,3102.9950004574303,63.54930604800426,105.92848261057469,144.94018058706013,0.03639407984950747,4.3763749999999995,0.0363749999999996,0.17321428571428385,7307.692307692308,3,dct_smooth_regression,utterance_000001,0-0-10-0,group_0,SIL,1,6,<eps>,"",0.20999999999999996,савӑнтараҫҫӗ,е,#,#,EH,Y,coextensive
576.4725537010632,2287.6369830367144,3209.739410683788,541.9198672062819,2286.0555749462487,3100.9919588221896,62.93482452907801,101.59308188027771,144.8399154505641,0.03639407984950747,4.378374999999999,0.03837499999999938,0.18273809523809234,7307.692307692308,3,dct_smooth_regression,utterance_000001,0-0-10-0,group_0,SIL,1,6,<eps>,"",0.20999999999999996,савӑнтараҫҫӗ,е,#,#,EH,Y,coextensive
572.923317896267,2286.1730228321876,3265.6366965277025,536.96973960707,2287.640858980009,3099.5708552587853,62.655666322131175,98.15842465190842,145.64102240235016,0.03639407984950747,4.380375,0.04037500000000005,0.19226190476190502,7307.692307692308,3,dct_smooth_regression,utterance_000001,0-0-10-0,group_0,SIL,1,6,<eps>,"",0.20999999999999996,савӑнтараҫҫӗ,е,#,#,EH,Y,coextensive
568.8561322038773,2290.475991140675,3276.957092702397,532.755993580707,2289.245135940606,3098.827097329786,62.74415345157075,95.64494168808619,147.44602630665392,0.03639407984950747,4.382375,0.04237499999999983,0.2017857142857135,7307.692307692308,3,dct_smooth_regression,utterance_000001,0-0-10-0,group_0,SIL,1,6,<eps>,"",0.20999999999999996,савӑнтараҫҫӗ,е,#,#,EH,Y,coextensive
567.5506339841983,2299.3494026338244,3267.6865535662473,529.3946068171309,2290.86744848978,3098.852903078345,63.23377859504251,94.07489533517999,150.36733390939602,0.03639407984950747,4.3843749999999995,0.04437499999999961,0.21130952380952198,7307.692307692308,3,dct_smooth_regression,utterance_000001,0-0-10-0,group_0,SIL,1,6,<eps>,"",0.20999999999999996,савӑнтараҫҫӗ,е,#,#,EH,Y,coextensive
570.6480425776257,2307.6143189963586,3258.873987523937,526.9936588900679,2292.509268399053,3099.7361549904645,64.1605055374869,93.47795973679378,154.53135433377932,0.03639407984950747,4.386374999999999,0.04637499999999939,0.22083333333333047,7307.692307692308,3,dct_smooth_regression,utterance_000001,0-0-10-0,group_0,SIL,1,6,<eps>,"",0.20999999999999996,савӑнтараҫҫӗ,е,#,#,EH,Y,coextensive
578.4483148995662,2305.679387576168,3262.806155483404,525.6518262176245,2294.174639937233,3101.559282272739,65.56402882329225,93.8963427905477,160.08269412604562,0.03639407984950747,4.388375,0.04837500000000006,0.23035714285714318,7307.692307692308,3,dct_smooth_regression,utterance_000001,0-0-10-0,group_0,SIL,1,6,<eps>,"",0.20999999999999996,савӑнтараҫҫӗ,е,#,#,EH,Y,coextensive
591.5399715809904,2297.278089249214,3267.8124408121716,525.4569792300874,2295.8702794327055,3104.398183098045,67.4889499519576,95.38957212571408,167.18832083466145,0.03639407984950747,4.390375,0.05037499999999984,0.23988095238095164,7307.692307692308,3,dct_smooth_regression,utterance_000001,0-0-10-0,group_0,SIL,1,6,<eps>,"",0.20999999999999996,савӑнтараҫҫӗ,е,#,#,EH,Y,coextensive
606.6261804793774,2287.546224184618,3260.435827065036,526.4848985150797,2297.6056282821482,3108.3211982633848,69.98582280094281,98.03907980325063,176.0415504150852,0.03639407984950747,4.3923749999999995,0.052374999999999616,0.24940476190476013,7307.692307692308,3,dct_smooth_regression,utterance_000001,0-0-10-0,group_0,SIL,1,6,<eps>,"",0.20999999999999996,савӑнтараҫҫӗ,е,#,#,EH,Y,coextensive
612.7015648989103,2278.7008719738837,3238.299254416421,528.7981252846823,2299.392857483725,3113.3881473859187,73.11200892856017,101.95269584249827,186.86564609875083,0.03639407984950747,4.394374999999999,0.054374999999999396,0.2589285714285686,7307.692307692308,3,dct_smooth_regression,utterance_000001,0-0-10-0,group_0,SIL,1,6,<eps>,"",0.20999999999999996,савӑнтараҫҫӗ,е,#,#,EH,Y,coextensive
604.9243282390827,2270.768323755328,3202.1640522619523,532.4449599088895,2301.246822616376,3119.649438334657,76.93226391209356,107.2691005751752,199.91671690562092,0.03639407984950747,4.396375,0.056375000000000064,0.26845238095238133,7307.692307692308,3,dct_smooth_regression,utterance_000001,0-0-10-0,group_0,SIL,1,6,<eps>,"",0.20999999999999996,савӑнтараҫҫӗ,е,#,#,EH,Y,coextensive
593.3531426347719,2262.9653013734196,3158.8447783291954,537.4586205054533,2303.1849690525173,3127.145260057016,81.51894951679068,114.16218871345404,215.4854721164904,0.03639407984950747,4.398375,0.058374999999999844,0.27797619047618977,7307.692307692308,3,dct_smooth_regression,utterance_000001,0-0-10-0,group_0,SIL,1,6,<eps>,"",0.20999999999999996,савӑнтараҫҫӗ,е,#,#,EH,Y,coextensive
585.9840642931044,2255.085555647835,3118.782413579097,543.8565716901526,2305.227188063933,3135.904868313276,86.95173485040807,122.8451596975325,233.89722714767052,0.03639407984950747,4.4003749999999995,0.06037499999999962,0.28749999999999826,7307.692307692308,3,dct_smooth_regression,utterance_000001,0-0-10-0,group_0,SIL,1,6,<eps>,"",0.20999999999999996,савӑнтараҫҫӗ,е,#,#,EH,Y,coextensive
585.1255978556865,2249.9355061164406,3099.74857316991,551.6400315975552,2307.395625344373,3145.9459730806207,93.31661571061913,133.57396399577476,255.50937635070252,0.03639407984950747,4.402374999999999,0.0623749999999994,0.29702380952380675,7307.692307692308,3,dct_smooth_regression,utterance_000001,0-0-10-0,group_0,SIL,1,6,<eps>,"",0.20999999999999996,савӑнтараҫҫӗ,е,#,#,EH,Y,coextensive
588.9680983290707,2250.5274356063255,3106.7790891851137,560.7936632052683,2309.714444312049,3157.2742355359846,100.70404996227659,146.64949995890558,280.705369075843,0.03639407984950747,4.404375,0.06437500000000007,0.30654761904761946,7307.692307692308,3,dct_smooth_regression,utterance_000001,0-0-10-0,group_0,SIL,1,6,<eps>,"",0.20999999999999996,савӑнтараҫҫӗ,е,#,#,EH,Y,coextensive
592.3039819343282,2259.193832548239,3123.79404449404,571.2854538601051,2312.2095473559807,3169.882881578489,109.2059852731067,162.41767329713983,309.88407989397706,0.03639407984950747,4.406375,0.06637499999999985,0.3160714285714279,7307.692307692308,3,dct_smooth_regression,utterance_000001,0-0-10-0,group_0,SIL,1,6,<eps>,"",0.20999999999999996,савӑнтараҫҫӗ,е,#,#,EH,Y,coextensive
590.9965088001709,2277.728167959748,3137.083553165631,583.0667847384998,2314.9082589377385,3183.752437814164,118.91155385097296,181.26611664640882,343.4434009291301,0.03639407984950747,4.4083749999999995,0.06837499999999963,0.3255952380952364,7307.692307692308,3,dct_smooth_regression,utterance_000001,0-0-10-0,group_0,SIL,1,6,<eps>,"",0.20999999999999996,савӑнтараҫҫӗ,е,#,#,EH,Y,coextensive
583.9181374564998,2304.395446471883,3145.6216841957716,596.0726898019946,2317.8389751414525,3198.850594805554,129.90123937260753,203.6160558546283,381.7569683754952,0.03639407984950747,4.410374999999999,0.07037499999999941,0.3351190476190449,7307.692307692308,3,dct_smooth_regression,utterance_000001,0-0-10-0,group_0,SIL,1,6,<eps>,"",0.20999999999999996,савӑнтараҫҫӗ,е,#,#,EH,Y,coextensive
573.3777679156645,2332.7292974443,3154.9027923868407,610.2223016574619,2321.0307848678426,3215.132201195271,142.2393978505218,229.9075667555663,425.1432422081481,0.03639407984950747,4.412375,0.07237500000000008,0.3446428571428576,7307.692307692308,3,dct_smooth_regression,utterance_000001,0-0-10-0,group_0,SIL,1,6,<eps>,"",0.20999999999999996,савӑнтараҫҫӗ,е,#,#,EH,Y,coextensive
564.8240822497393,2353.1910133299725,3166.3966971744467,625.4194796261427,2324.513068382006,3232.539391055586,155.9651496269757,260.5763892404083,473.8267632036904,0.03639407984950747,4.414375,0.07437499999999986,0.3541666666666661,7307.692307692308,3,dct_smooth_regression,utterance_000001,0-0-10-0,group_0,SIL,1,6,<eps>,"",0.20999999999999996,савӑнтараҫҫӗ,е,#,#,EH,Y,coextensive
560.1267351356394,2365.0677850449065,3174.9521309120078,641.5536132898847,2328.3150793406276,3251.0018455065233,171.0818623282979,296.02068447232375,527.8923694945718,0.03639407984950747,4.4163749999999995,0.07637499999999964,0.3636904761904745,7307.692307692308,3,dct_smooth_regression,utterance_000001,0-0-10-0,group_0,SIL,1,6,<eps>,"",0.20999999999999996,савӑнтараҫҫӗ,е,#,#,EH,Y,coextensive
558.7954288879816,2367.5745109461254,3172.6847818210604,658.5005928402255,2332.4655167350024,3270.437188294721,187.54571332867278,336.55678415420465,587.234472013153,0.03639407984950747,4.418374999999999,0.07837499999999942,0.373214285714283,7307.692307692308,3,dct_smooth_regression,utterance_000001,0-0-10-0,group_0,SIL,1,6,<eps>,"",0.20999999999999996,савӑнтараҫҫӗ,е,#,#,EH,Y,coextensive
561.2534553188433,2355.5979644674617,3163.960752294734,676.123935727845,2336.9920933863505,3290.7515136471848,205.25413907265332,382.3642215386537,651.5050891256959,0.03639407984950747,4.420375,0.08037500000000009,0.3827380952380957,7307.692307692308,3,dct_smooth_regression,utterance_000001,0-0-10-0,group_0,SIL,1,6,<eps>,"",0.20999999999999996,савӑнтараҫҫӗ,е,#,#,EH,Y,coextensive
571.5676011447414,2331.072593169396,3163.9474936083225,694.2760574162745,2341.9211077159625,3311.8400433218417,224.0353121378255,433.42221900333004,720.0660411067786,0.03639407984950747,4.422375,0.08237499999999986,0.3922619047619042,7307.692307692308,3,dct_smooth_regression,utterance_000001,0-0-10-0,group_0,SIL,1,6,<eps>,"",0.20999999999999996,савӑнтараҫҫӗ,е,#,#,EH,Y,coextensive
593.7217133374705,2314.7486222894113,3175.668322144083,712.7996725025796,2347.277025483441,3333.5879083846417,243.6400789211269,489.4422680720681,791.9522008039154,0.03639407984950747,4.4243749999999995,0.08437499999999964,0.4017857142857127,7307.692307692308,3,dct_smooth_regression,utterance_000001,0-0-10-0,group_0,SIL,1,6,<eps>,"",0.20999999999999996,савӑнтараҫҫӗ,е,#,#,EH,Y,coextensive
629.4405609485719,2322.365764891245,3196.2821784421053,731.5293110948304,2353.08207804231,3355.8710498657206,263.7379678557471,549.8042041863954,865.8535859413848,0.03639407984950747,4.426374999999999,0.08637499999999942,0.4113095238095211,7307.692307692308,3,dct_smooth_regression,utterance_000001,0-0-10-0,group_0,SIL,1,6,<eps>,"",0.20999999999999996,савӑнтараҫҫӗ,е,#,#,EH,Y,coextensive
671.3373709748469,2361.7942476887606,3226.193272704489,750.2929341450815,2359.3558834063924,3378.557231100151,283.91886021359204,613.5057401847453,940.1239260962896,0.03639407984950747,4.428375,0.08837500000000009,0.42083333333333384,7307.692307692308,3,dct_smooth_regression,utterance_000001,0-0-10-0,group_0,SIL,1,6,<eps>,"",0.20999999999999996,савӑнтараҫҫӗ,е,#,#,EH,Y,coextensive
708.3353944392672,2435.2671983108294,3272.3501471087884,768.913630438398,2366.115096057222,3401.507153257239,303.70163434570253,679.1370575278327,1012.8217834797539,0.03639407984950747,4.430375,0.09037499999999987,0.4303571428571423,7307.692307692308,3,dct_smooth_regression,utterance_000001,0-0-10-0,group_0,SIL,1,6,<eps>,"",0.20999999999999996,савӑнтараҫҫӗ,е,#,#,EH,Y,coextensive
736.3657268057248,2523.6036391686835,3346.1303863774924,787.211377141822,2373.3730909590813,3424.5756643218224,322.55051510835204,744.8919522917628,1081.7871993862277,0.03639407984950747,4.4323749999999995,0.09237499999999965,0.4398809523809508,7307.692307692308,3,dct_smooth_regression,utterance_000001,0-0-10-0,group_0,SIL,1,6,<eps>,"",0.20999999999999996,савӑнтараҫҫӗ,е,#,#,EH,Y,coextensive
764.7291305019223,2599.710566568794,3427.985051593316,805.0048452281004,2381.1396866923756,3447.6130506266218,339.8990042675767,808.6245164334487,1144.7523552618256,0.03639407984950747,4.434374999999999,0.09437499999999943,0.44940476190475925,7307.692307692308,3,dct_smooth_regression,utterance_000001,0-0-10-0,group_0,SIL,1,6,<eps>,"",0.20999999999999996,савӑнтараҫҫӗ,е,#,#,EH,Y,coextensive
802.1747246759312,2653.6012718141096,3362.5895504435534,822.1132307109884,2389.420911978012,3470.466398961402,355.1802247981691,867.9551402695895,1199.479447330022,0.03639407984950747,4.436375,0.0963750000000001,0.45892857142857196,7307.692307692308,3,dct_smooth_regression,utterance_000001,0-0-10-0,group_0,SIL,1,6,<eps>,"",0.20999999999999996,савӑнтараҫҫӗ,е,#,#,EH,Y,coextensive
850.8961284418297,2617.2721424428746,3266.0348858336083,838.3580924629375,2398.21881915669,3492.981016316637,367.8614383637109,920.4221509196825,1243.9137927025206,0.03639407984950747,4.438375,0.09837499999999988,0.46845238095238045,7307.692307692308,3,dct_smooth_regression,utterance_000001,0-0-10-0,group_0,SIL,1,6,<eps>,"",0.20999999999999996,савӑнтараҫҫӗ,е,#,#,EH,Y,coextensive
893.1229369564146,2443.2971228053852,3429.820178711185,853.5651774303635,2407.531347420207,3515.00189347016,377.47959043598763,963.6668248092657,1276.3362106897796,0.03639407984950747,4.4403749999999995,0.10037499999999966,0.47797619047618894,7307.692307692308,3,dct_smooth_regression,utterance_000001,0-0-10-0,group_0,SIL,1,6,<eps>,"",0.20999999999999996,савӑнтараҫҫӗ,е,#,#,EH,Y,coextensive
914.3451844195457,2367.528111823498,3575.7802656313993,867.5662143125052,2417.3522377807353,3536.3751979073686,383.67420311187954,995.6316309017996,1295.4969713106877,0.03639407984950747,4.442374999999999,0.10237499999999944,0.48749999999999744,7307.692307692308,3,dct_smooth_regression,utterance_000001,0-0-10-0,group_0,SIL,1,6,<eps>,"",0.20999999999999996,савӑнтараҫҫӗ,е,#,#,EH,Y,coextensive
909.1163052434215,2334.012992931169,3691.9563227293456,880.2006572207887,2427.671000922908,3556.9497809902464,386.2139246119016,1014.7463963651966,1300.7147152125476,0.03639407984950747,4.444375,0.1043750000000001,0.49702380952381015,7307.692307692308,3,dct_smooth_regression,utterance_000001,0-0-10-0,group_0,SIL,1,6,<eps>,"",0.20999999999999996,савӑнтараҫҫӗ,е,#,#,EH,Y,coextensive
894.6365447452271,2319.4415860646914,3776.420759350304,891.3173614781477,2438.4729382273927,3576.5786838678496,385.0136150312355,1020.076291072121,1291.9277675921746,0.03639407984950747,4.446375,0.10637499999999989,0.5065476190476186,7307.692307692308,3,dct_smooth_regression,utterance_000001,0-0-10-0,group_0,SIL,1,6,<eps>,"",0.20999999999999996,савӑнтараҫҫӗ,е,#,#,EH,Y,coextensive
891.5867791582492,2319.9196320463216,3757.8472133361247,900.7761745414131,2449.739215398568,3595.120626359287,380.1399384707317,1011.4098104142328,1269.6915652859784,0.03639407984950747,4.4483749999999995,0.10837499999999967,0.5160714285714271,7307.692307692308,3,dct_smooth_regression,utterance_000001,0-0-10-0,group_0,SIL,1,6,<eps>,"",0.20999999999999996,савӑнтараҫҫӗ,е,#,#,EH,Y,coextensive
901.2375138153668,2318.8216215516914,3671.472975488343,908.4494260223893,2461.4469872879454,3612.4414629464986,371.8048659215978,989.2737244075482,1235.1233157762586,0.03639407984950747,4.450374999999999,0.11037499999999945,0.5255952380952356,7307.692307692308,3,dct_smooth_regression,utterance_000001,0-0-10-0,group_0,SIL,1,6,<eps>,"",0.20999999999999996,савӑнтараҫҫӗ,е,#,#,EH,Y,coextensive
916.1341503567836,2309.713809406062,3642.718069471983,914.223301930648,2473.569571693882,3628.4155900931573,360.3480176244345,954.8734636256415,1189.8020760677132,0.03639407984950747,4.452375,0.11237500000000011,0.5351190476190483,7307.692307692308,3,dct_smooth_regression,utterance_000001,0-0-10-0,group_0,SIL,1,6,<eps>,"",0.20999999999999996,савӑнтараҫҫӗ,е,#,#,EH,Y,coextensive
931.7658083366833,2307.277085802586,3665.772306921398,917.9990895480751,2486.0766691510116,3642.927289360759,346.2101164712114,909.9690949235674,1135.6378523471435,0.03639407984950747,4.454375,0.1143749999999999,0.5446428571428568,7307.692307692308,3,dct_smooth_regression,utterance_000001,0-0-10-0,group_0,SIL,1,6,<eps>,"",0.20999999999999996,савӑнтараҫҫӗ,е,#,#,EH,Y,coextensive
946.1580945886234,2319.932520206667,3699.3752457466926,919.6942807553166,2498.9346250129393,3655.8719912244624,329.90075957334506,856.7063558085218,1074.7261847368095,0.03639407984950747,4.4563749999999995,0.11637499999999967,0.5541666666666653,7307.692307692308,3,dct_smooth_regression,utterance_000001,0-0-10-0,group_0,SIL,1,6,<eps>,"",0.20999999999999996,савӑнтараҫҫӗ,е,#,#,EH,Y,coextensive
959.7773775177278,2354.4161000007734,3728.656868417941,919.2435231460657,2512.1067294913396,3667.1574450982203,311.9641128621449,797.4273294224423,1009.2047195708421,0.03639407984950747,4.458374999999999,0.11837499999999945,0.5636904761904736,7307.692307692308,3,dct_smooth_regression,utterance_000001,0-0-10-0,group_0,SIL,1,6,<eps>,"",0.20999999999999996,савӑнтараҫҫӗ,е,#,#,EH,Y,coextensive
974.8040637709902,2409.6606294299518,3758.503736454875,916.599409868488,2525.5535507545264,3676.7047818579363,292.94597994659466,734.4855855706378,941.1258264259519,0.03639407984950747,4.460375,0.12037500000000012,0.5732142857142863,7307.692307692308,3,dct_smooth_regression,utterance_000001,0-0-10-0,group_0,SIL,1,6,<eps>,"",0.20999999999999996,савӑнтараҫҫӗ,е,#,#,EH,Y,coextensive
990.5684959632445,2486.2964526459677,3810.6952016008904,911.7331008054307,2539.233295718165,3684.4494560972944,273.36508500496734,670.0865476160088,872.3551847198121,0.03639407984950747,4.462375,0.1223749999999999,0.5827380952380948,7307.692307692308,3,dct_smooth_regression,utterance_000001,0-0-10-0,group_0,SIL,1,6,<eps>,"",0.20999999999999996,савӑнтараҫҫӗ,е,#,#,EH,Y,coextensive
1005.3857845636406,2599.7753553793423,3926.9953667066784,904.6347694276121,2553.102192787946,3690.3420564558705,253.6905061483673,606.1669413193814,804.5014397959995,0.03639407984950747,4.4643749999999995,0.12437499999999968,0.5922619047619033,7307.692307692308,3,dct_smooth_regression,utterance_000001,0-0-10-0,group_0,SIL,1,6,<eps>,"",0.20999999999999996,савӑнтараҫҫӗ,е,#,#,EH,Y,coextensive
1015.3919385599957,2690.924984540912,4023.108355361393,895.3138714079427,2567.114890544472,3694.3489736134015,234.32619200793772,544.3192889754438,738.8774458745355,0.03639407984950747,4.466374999999999,0.12637499999999946,0.6017857142857118,7307.692307692308,3,dct_smooth_regression,utterance_000001,0-0-10-0,group_0,SIL,1,6,<eps>,"",0.20999999999999996,савӑнтараҫҫӗ,е,#,#,EH,Y,coextensive
1018.3264659223279,2717.9431176002904,4079.060930883559,883.799232851956,2581.2248661985086,3696.452916935828,215.60256323000678,485.7602194780452,676.4899586540821,0.03639407984950747,4.468375,0.12837500000000013,0.6113095238095245,7307.692307692308,3,dct_smooth_regression,utterance_000001,0-0-10-0,group_0,SIL,1,6,<eps>,"",0.20999999999999996,савӑнтараҫҫӗ,е,#,#,EH,Y,coextensive
1014.6081656072379,2703.986064301228,3969.302015210114,870.138957760868,2595.384837592112,3696.653272274274,197.77446569839378,431.3360254223553,618.0522650870454,0.03639407984950747,4.470375,0.1303749999999999,0.620833333333333,7307.692307692308,3,dct_smooth_regression,utterance_000001,0-0-10-0,group_0,SIL,1,6,<eps>,"",0.20999999999999996,савӑнтараҫҫӗ,е,#,#,EH,Y,coextensive
1006.9380203470739,2657.2736293276703,3826.6447316638278,854.4001560825677,2609.5471725780512,3694.966295041853,181.02426512831926,381.5558905563881,564.0131740848458,0.03639407984950747,4.4723749999999995,0.1323749999999997,0.6303571428571415,7307.692307692308,3,dct_smooth_regression,utterance_000001,0-0-10-0,group_0,SIL,1,6,<eps>,"",0.20999999999999996,савӑнтараҫҫӗ,е,#,#,EH,Y,coextensive
1000.3819457643384,2617.1211747942325,3853.387901462141,836.6684954051574,2623.664289774474,3691.4251344080462,165.4686565565721,336.64241400553595,514.5958358337905,0.03639407984950747,4.474374999999999,0.13437499999999947,0.63988095238095,7307.692307692308,3,dct_smooth_regression,utterance_000001,0-0-10-0,group_0,SIL,1,6,<eps>,"",0.20999999999999996,савӑнтараҫҫӗ,е,#,#,EH,Y,coextensive
1000.9933177167793,2636.0677362918964,3860.4377179676535,817.0475809917457,2637.689044960041,3686.07968623767,151.16776760781343,296.5899565050238,469.8406794272448,0.03639407984950747,4.476375,0.13637500000000014,0.6494047619047627,7307.692307692308,3,dct_smooth_regression,utterance_000001,0-0-10-0,group_0,SIL,1,6,<eps>,"",0.20999999999999996,савӑнтараҫҫӗ,е,#,#,EH,Y,coextensive
1004.1898816293826,2721.128274059609,3793.8261094374348,795.6581704294186,2651.5750977410903,3678.996274241357,138.1352983095633,261.22325562614276,429.64800519675345,0.03639407984950747,4.478375,0.13837499999999991,0.6589285714285711,7307.692307692308,3,dct_smooth_regression,utterance_000001,0-0-10-0,group_0,SIL,1,6,<eps>,"",0.20999999999999996,савӑнтараҫҫӗ,е,#,#,EH,Y,coextensive
974.3321203687918,2832.3570039315405,3611.195917400084,772.6372306561822,2665.2772535791846,3670.257160676121,126.34869456570323,230.25106565094416,393.8171346369485,0.03639407984950747,4.4803749999999996,0.1403749999999997,0.6684523809523796,7307.692307692308,3,dct_smooth_regression,utterance_000001,0-0-10-0,group_0,SIL,1,6,<eps>,"",0.20999999999999996,савӑнтараҫҫӗ,е,#,#,EH,Y,coextensive
759.1825014217036,2802.7344259316696,3406.109627068373,748.1368465250538,2678.751776805684,3659.9598898164145,115.7586372069281,203.31179049319513,362.0802880508164,0.03639407984950747,4.482374999999999,0.14237499999999947,0.6779761904761881,7307.692307692308,3,dct_smooth_regression,utterance_000001,0-0-10-0,group_0,SIL,1,6,<eps>,"",0.20999999999999996,савӑнтараҫҫӗ,е,#,#,EH,Y,coextensive
504.9800406880552,2728.8559528284227,3349.0202364125234,722.3229913535438,2691.956670859051,3648.216469285947,106.29739917643609,180.0099037830258,334.13040122233974,0.03639407984950747,4.484375,0.14437500000000014,0.6875000000000008,7307.692307692308,3,dct_smooth_regression,utterance_000001,0-0-10-0,group_0,SIL,1,6,<eps>,"",0.20999999999999996,савӑнтараҫҫӗ,е,#,#,EH,Y,coextensive
430.582210240532,2730.6730960476475,3343.9362958928905,695.3741710801653,2704.8519226488143,3635.152396176232,97.88585241208703,159.94327151712943,309.6428597029612,0.03639407984950747,4.486375,0.14637499999999992,0.6970238095238093,7307.692307692308,3,dct_smooth_regression,utterance_000001,0-0-10-0,group_0,SIL,1,6,<eps>,"",0.20999999999999996,савӑнтараҫҫӗ,е,#,#,EH,Y,coextensive
411.44678381722247,2731.8645736875574,3345.1379300591443,667.4799546993596,2717.399708664526,3620.90553665708,90.43908115831347,142.72231855557723,288.2916310820891,0.03639407984950747,4.488375,0.1483749999999997,0.7065476190476178,7307.692307692308,3,dct_smooth_regression,utterance_000001,0-0-10-0,group_0,SIL,1,6,<eps>,"",0.20999999999999996,савӑнтараҫҫӗ,е,#,#,EH,Y,coextensive
403.2042568132525,2730.9354035602805,3347.2906691054914,638.8394045658657,2729.5645611951672,3605.6248694852266,83.87067904307341,127.98239293235098,269.7605530315067,0.03639407984950747,4.490374999999999,0.15037499999999948,0.7160714285714262,7307.692307692308,3,dct_smooth_regression,utterance_000001,0-0-10-0,group_0,SIL,1,6,<eps>,"",0.20999999999999996,савӑнтараҫҫӗ,е,#,#,EH,Y,coextensive
397.847873763027,2729.242161115744,3350.06415590192,609.6594209440192,2741.3134937900677,3589.4691054188725,78.09587975096827,115.39079198597456,253.75064239137325,0.03639407984950747,4.492375,0.15237500000000015,0.725595238095239,7307.692307692308,3,dct_smooth_regression,utterance_000001,0-0-10-0,group_0,SIL,1,6,<eps>,"",0.20999999999999996,савӑнтараҫҫӗ,е,#,#,EH,Y,coextensive
393.4050324232122,2727.233682170276,3354.0746842576373,580.1530158231054,2752.6160858622234,3572.6051960278155,73.03370545471516,104.64983001383513,239.98428237296847,0.03639407984950747,4.494375,0.15437499999999993,0.7351190476190474,7307.692307692308,3,dct_smooth_regression,utterance_000001,0-0-10-0,group_0,SIL,1,6,<eps>,"",0.20999999999999996,савӑнтараҫҫӗ,е,#,#,EH,Y,coextensive
389.08788913667604,2725.58486058394,3361.4863741024124,550.5375315244606,2763.4445270944266,3555.20674673207,68.60832399802513,95.49713808895673,228.20706757171862,0.03639407984950747,4.496375,0.1563749999999997,0.7446428571428559,7307.692307692308,3,dct_smooth_regression,utterance_000001,0-0-10-0,group_0,SIL,1,6,<eps>,"",0.20999999999999996,савӑнтараҫҫӗ,е,#,#,EH,Y,coextensive
382.85175196436643,2727.974208904136,3380.6736873299346,521.0328199885157,2773.7736230438104,3537.4523500889977,64.74979482051889,87.70415805648273,218.18797550839628,0.03639407984950747,4.498374999999999,0.1583749999999995,0.7541666666666643,7307.692307692308,3,dct_smooth_regression,utterance_000001,0-0-10-0,group_0,SIL,1,6,<eps>,"",0.20999999999999996,савӑнтараҫҫӗ,е,#,#,EH,Y,coextensive
369.01850026793903,2748.4200087028457,3403.2919122827025,491.85939885074976,2783.5807640376815,3519.523856364053,61.39436260178965,81.07356652607217,209.71841345611483,0.03639407984950747,4.500375,0.16037500000000016,0.763690476190477,7307.692307692308,3,dct_smooth_regression,utterance_000001,0-0-10-0,group_0,SIL,1,6,<eps>,"",0.20999999999999996,савӑнтараҫҫӗ,е,#,#,EH,Y,coextensive
350.7811179022088,2775.9537619000175,3398.9785348292635,463.23660049597277,2792.84586009996,3501.6045992496342,58.484432334204705,75.43616410502389,202.61057551608198,0.03639407984950747,4.502375,0.16237499999999994,0.7732142857142855,7307.692307692308,3,dct_smooth_regression,utterance_000001,0-0-10-0,group_0,SIL,1,6,<eps>,"",0.20999999999999996,савӑнтараҫҫӗ,е,#,#,EH,Y,coextensive
344.48890998067316,2784.914244772942,3395.641188490218,435.3807302230683,2801.551245231481,3483.8775952284846,55.968333866463325,70.64759997049484,196.6954451180485,0.03639407984950747,4.504375,0.16437499999999972,0.782738095238094,7307.692307692308,3,dct_smooth_regression,utterance_000001,0-0-10-0,group_0,SIL,1,6,<eps>,"",0.20999999999999996,савӑнтараҫҫӗ,е,#,#,EH,Y,coextensive
348.5473126009317,2786.7895549028317,3394.915567875037,408.503249460797,2809.681554878191,3466.523735503291,53.799960190930285,66.58517341014618,191.82069503303703,0.03639407984950747,4.506374999999999,0.1663749999999995,0.7922619047619025,7307.692307692308,3,dct_smooth_regression,utterance_000001,0-0-10-0,group_0,SIL,1,6,<eps>,"",0.20999999999999996,савӑнтараҫҫӗ,е,#,#,EH,Y,coextensive
355.0873773240895,2787.4624045739497,3395.401606601012,382.80899965395486,2817.223580849774,3449.719989625837,51.938343019587236,63.14485868346621,187.84866999337515,0.03639407984950747,4.508375,0.16837500000000016,0.8017857142857152,7307.692307692308,3,dct_smooth_regression,utterance_000001,0-0-10-0,group_0,SIL,1,6,<eps>,"",0.20999999999999996,савӑнтараҫҫӗ,е,#,#,EH,Y,coextensive
360.22017190188075,2787.972245753744,3396.7123898145633,358.4944819933171,2824.1661082898886,3433.6376399529545,50.347211862941094,60.2386318983851,184.6545836804832,0.03639407984950747,4.510375,0.17037499999999994,0.8113095238095237,7307.692307692308,3,dct_smooth_regression,utterance_000001,0-0-10-0,group_0,SIL,1,6,<eps>,"",0.20999999999999996,савӑнтараҫҫӗ,е,#,#,EH,Y,coextensive
363.0260554800715,2788.849864636933,3398.838210566981,335.746207598348,2830.4997395422,3418.440565831112,48.99456877071605,57.79213255996233,182.1250189730239,0.03639407984950747,4.512375,0.17237499999999972,0.8208333333333322,7307.692307692308,3,dct_smooth_regression,utterance_000001,0-0-10-0,group_0,SIL,1,6,<eps>,"",0.20999999999999996,савӑнтараҫҫӗ,е,#,#,EH,Y,coextensive
363.42836408436455,2790.938528827659,3401.568381151936,314.7391320851955,2836.2167098996956,3404.2835959679287,47.8522997414402,55.74266252029125,180.15678477357434,0.03639407984950747,4.514374999999999,0.1743749999999995,0.8303571428571407,7307.692307692308,3,dct_smooth_regression,utterance_000001,0-0-10-0,group_0,SIL,1,6,<eps>,"",0.20999999999999996,савӑнтараҫҫӗ,е,#,#,EH,Y,coextensive
362.1735335090786,2796.2805068542593,3407.043225977789,295.63518767114033,2841.3107002663114,3391.310946791104,46.89583510142999,54.037506637675506,178.65615182622625,0.03639407984950747,4.516375,0.17637500000000017,0.8398809523809534,7307.692307692308,3,dct_smooth_regression,utterance_000001,0-0-10-0,group_0,SIL,1,6,<eps>,"",0.20999999999999996,савӑнтараҫҫӗ,е,#,#,EH,Y,coextensive
360.33994948692543,2807.735326927842,3423.300238063366,278.581925088008,2845.776651699488,3379.654763729789,46.10386444848192,52.63254894946792,177.53846196293932,0.03639407984950747,4.518375,0.17837499999999995,0.8494047619047618,7307.692307692308,3,dct_smooth_regression,utterance_000001,0-0-10-0,group_0,SIL,1,6,<eps>,"",0.20999999999999996,савӑнтараҫҫӗ,е,#,#,EH,Y,coextensive
357.91062964113496,2827.8400963762674,3447.550091541177,263.7112766090407,2849.6105866417115,3369.4337812895947,45.4581066794351,51.491152941205065,176.72807948962685,0.03639407984950747,4.520375,0.18037499999999973,0.8589285714285703,7307.692307692308,3,dct_smooth_regression,utterance_000001,0-0-10-0,group_0,SIL,1,6,<eps>,"",0.20999999999999996,савӑнтараҫҫӗ,е,#,#,EH,Y,coextensive
353.88376009635874,2854.7224731780925,3467.699714659912,251.1384504446345,2852.8094413920126,3360.752116541845,44.943131894304535,50.583272731143836,176.15863031086593,0.03639407984950747,4.522374999999999,0.1823749999999995,0.8684523809523788,7307.692307692308,3,dct_smooth_regression,utterance_000001,0-0-10-0,group_0,SIL,1,6,<eps>,"",0.20999999999999996,савӑнтараҫҫӗ,е,#,#,EH,Y,coextensive
347.03032711127815,2881.206160485074,3484.4339878611113,240.96096564071524,2855.3709140202836,3353.6982092246367,44.54622940304138,49.88476250160813,175.7734551342851,0.03639407984950747,4.524374999999999,0.1843749999999993,0.8779761904761872,7307.692307692308,3,dct_smooth_regression,utterance_000001,0-0-10-0,group_0,SIL,1,6,<eps>,"",0.20999999999999996,савӑнтараҫҫӗ,е,#,#,EH,Y,coextensive
336.53741618882964,2901.6077884905517,3507.648734585881,233.25783542807417,2857.2933314954366,3348.3439200739645,44.25731453349207,49.37685358455626,175.52618946247884,0.03639407984950747,4.526375,0.18637499999999996,0.8875,7307.692307692308,3,dct_smooth_regression,utterance_000001,0-0-10-0,group_0,SIL,1,6,<eps>,"",0.20999999999999996,савӑнтараҫҫӗ,е,#,#,EH,Y,coextensive
324.79455312151543,2918.9469475270075,3560.9222361515244,228.0889057306054,2858.575539291478,3344.7437972860757,44.06886636954097,49.045771850027414,175.38137690840023,0.03639407984950747,4.528375,0.18837499999999974,0.8970238095238084,7307.692307692308,3,dct_smooth_regression,utterance_000001,0-0-10-0,group_0,SIL,1,6,<eps>,"",0.20999999999999996,савӑнтараҫҫӗ,е,#,#,EH,Y,coextensive
314.3632627873976,2934.411322879887,3674.0200284078364,225.49435425409638,2859.216816163924,3342.934519177379,43.97588886263636,48.88247223412469,175.3150250493857,0.03639407984950747,4.530374999999999,0.19037499999999952,0.9065476190476169,7307.692307692308,3,dct_smooth_regression,utterance_000001,0-0-10-0,group_0,SIL,1,6,<eps>,"",0.20999999999999996,савӑнтараҫҫӗ,е,#,#,EH,Y,coextensive
991.3218884291056,2136.7476078673976,2936.909572894438,990.5796879004406,2072.864142216864,2936.329695647411,110.27496700960812,300.8055610123022,525.365772979201,0.011216743514010518,5.826375,0.006374999999999353,0.03541666666666313,5333.333333333333,3,dct_smooth_regression,utterance_000001,0-0-14-0,group_0,SIL,1,6,<eps>,"",0.17999999999999972,ӗнтӗ,#,#,#,EH,,coextensive
996.0112869568253,2127.9272662950516,2920.861599951715,991.311570680916,2073.3210072453926,2938.5725780691855,110.92981212248218,303.2577009893076,526.3962911897693,0.011216743514010518,5.828375,0.008375000000000021,0.046527777777777966,5333.333333333333,3,dct_smooth_regression,utterance_000001,0-0-14-0,group_0,SIL,1,6,<eps>,"",0.17999999999999972,ӗнтӗ,#,#,#,EH,,coextensive
1002.623908963661,2144.3899198248614,2935.8802012750057,992.7584501640284,2074.227552757203,2943.023374122396,112.23139373762139,308.1550681900917,528.4414065666589,0.011216743514010518,5.830375,0.010374999999999801,0.05763888888888787,5333.333333333333,3,dct_smooth_regression,utterance_000001,0-0-14-0,group_0,SIL,1,6,<eps>,"",0.17999999999999972,ӗнтӗ,#,#,#,EH,,coextensive
1005.668226417352,2148.074192739486,2970.1446461698342,994.8869415182094,2075.569486208439,2949.6127477639293,114.16269769109678,315.4800265576829,531.4692895233351,0.011216743514010518,5.832375,0.01237499999999958,0.06874999999999779,5333.333333333333,3,dct_smooth_regression,utterance_000001,0-0-14-0,group_0,SIL,1,6,<eps>,"",0.17999999999999972,ӗнтӗ,#,#,#,EH,,coextensive
1004.3420867601643,2119.0071122183367,2989.630549545757,997.6479266074151,2077.3255600077364,2958.238187542048,116.69628454035434,325.1967038035873,535.4322573549273,0.011216743514010518,5.834375,0.01437499999999936,0.07986111111110768,5333.333333333333,3,dct_smooth_regression,utterance_000001,0-0-14-0,group_0,SIL,1,6,<eps>,"",0.17999999999999972,ӗнтӗ,#,#,#,EH,,coextensive
1002.881090997778,2087.681743213521,3007.459535954742,1000.977679393071,2079.467800562719,2968.7657665129814,119.7922016097135,337.240048100482,540.2669309788073,0.011216743514010518,5.836375,0.01637500000000003,0.09097222222222252,5333.333333333333,3,dct_smooth_regression,utterance_000001,0-0-14-0,group_0,SIL,1,6,<eps>,"",0.17999999999999972,ӗнтӗ,#,#,#,EH,,coextensive
1003.5746033707351,2065.719295541823,3044.7678269465478,1004.7993245880793,2081.9618128976726,2981.0324374432876,123.39557123525825,351.5019927268218,545.8945744355971,0.011216743514010518,5.838375,0.018374999999999808,0.10208333333333243,5333.333333333333,3,dct_smooth_regression,utterance_000001,0-0-14-0,group_0,SIL,1,6,<eps>,"",0.17999999999999972,ӗнтӗ,#,#,#,EH,,coextensive
1006.5884579701523,2056.1696025596066,3092.558666679736,1009.0245949880788,2084.767160033138,2994.848820622483,127.43419648026847,367.8156631176817,552.2217142228077,0.011216743514010518,5.840375,0.020374999999999588,0.11319444444444234,5333.333333333333,3,dct_smooth_regression,utterance_000001,0-0-14-0,group_0,SIL,1,6,<eps>,"",0.17999999999999972,ӗнтӗ,#,#,#,EH,,coextensive
1011.7387245992486,2062.5230738401033,3132.088646529816,1013.5558458772342,2087.8378159448425,3010.002432583675,131.8166189718923,385.9390809235843,559.1411413473862,0.011216743514010518,5.842375,0.022374999999999368,0.12430555555555224,5333.333333333333,3,dct_smooth_regression,utterance_000001,0-0-14-0,group_0,SIL,1,6,<eps>,"",0.17999999999999972,ӗнтӗ,#,#,#,EH,,coextensive
1018.6507396595837,2083.157898718205,3158.165541598159,1018.2882788953291,2091.122690443175,3026.2612960450597,136.43113430281304,405.54041071336525,566.5333929265047,0.011216743514010518,5.844375,0.024375000000000036,0.13541666666666707,5333.333333333333,3,dct_smooth_regression,utterance_000001,0-0-14-0,group_0,SIL,1,6,<eps>,"",0.17999999999999972,ӗнтӗ,#,#,#,EH,,coextensive
1027.0486082279538,2107.3616122960616,3177.038282625127,1023.1123229054753,2094.5662237254423,3043.3778645991715,141.14629241887664,426.1873462667345,574.2687908646806,0.011216743514010518,5.846375,0.026374999999999815,0.14652777777777698,5333.333333333333,3,dct_smooth_regression,utterance_000001,0-0-14-0,group_0,SIL,1,6,<eps>,"",0.17999999999999972,ӗнтӗ,#,#,#,EH,,coextensive
1032.8069179996762,2119.950688532763,3174.757879067998,1027.9161158339286,2098.1090476467302,3061.0931902206903,145.8133550616619,447.343579040245,582.210082309675,0.011216743514010518,5.848375,0.028374999999999595,0.15763888888888689,5333.333333333333,3,dct_smooth_regression,utterance_000001,0-0-14-0,group_0,SIL,1,6,<eps>,"",0.17999999999999972,ӗнтӗ,#,#,#,EH,,coextensive
1034.8207088947813,2119.7050612496887,3112.3696040948935,1032.5880292499219,2101.6887099324163,3079.1412576398225,150.27102705881256,468.3752331291151,590.2156814465288,0.011216743514010518,5.850375,0.030374999999999375,0.1687499999999968,5333.333333333333,3,dct_smooth_regression,utterance_000001,0-0-14-0,group_0,SIL,1,6,<eps>,"",0.17999999999999972,ӗнтӗ,#,#,#,EH,,coextensive
1035.3521629452787,2090.236581412415,2986.763756415264,1037.0191766646888,2105.2404566230766,3097.253407108147,154.35251672677003,488.5695072196311,598.1434576916046,0.011216743514010518,5.852375,0.03237500000000004,0.17986111111111164,5333.333333333333,3,dct_smooth_regression,utterance_000001,0-0-14-0,group_0,SIL,1,6,<eps>,"",0.17999999999999972,ӗнтӗ,#,#,#,EH,,coextensive
1036.535264813154,2036.6442559545428,2924.6820996357696,1041.105847170261,2108.6980670136604,3115.162766106705,157.89463236203923,507.1664395537557,605.8549562474927,0.011216743514010518,5.854375,0.03437499999999982,0.19097222222222154,5333.333333333333,3,dct_smooth_regression,utterance_000001,0-0-14-0,group_0,SIL,1,6,<eps>,"",0.17999999999999972,ӗнтӗ,#,#,#,EH,,coextensive
1037.8199091194208,2001.1058675693987,2926.1998444690425,1044.7518080899806,2111.9947342418955,3132.6086111183467,160.74823660239653,523.4027713614436,613.2198795204479,0.011216743514010518,5.856375,0.0363749999999996,0.20208333333333145,5333.333333333333,3,dct_smooth_regression,utterance_000001,0-0-14-0,group_0,SIL,1,6,<eps>,"",0.17999999999999972,ӗнтӗ,#,#,#,EH,,coextensive
1037.1452299647356,1992.238117825599,2952.1308534225554,1047.8704237187037,2115.0639835201,3149.340582681756,162.78903404247828,536.5645974812962,620.1206091725877,0.011216743514010518,5.858375,0.03837499999999938,0.21319444444444136,5333.333333333333,3,dct_smooth_regression,utterance_000001,0-0-14-0,group_0,SIL,1,6,<eps>,"",0.17999999999999972,ӗнтӗ,#,#,#,EH,,coextensive
1035.6180913943376,2000.8896775086882,2986.484011143577,1050.3865419026695,2117.840618818767,3165.122680504764,163.9274461261667,546.0433209716995,626.4565155523333,0.011216743514010518,5.860375,0.04037500000000005,0.22430555555555617,5333.333333333333,3,dct_smooth_regression,utterance_000001,0-0-14-0,group_0,SIL,1,6,<eps>,"",0.17999999999999972,ӗнтӗ,#,#,#,EH,,coextensive
1037.282245192647,2022.8797853311285,3026.3406292896425,1052.238106026986,2120.2616876325446,3179.736970351232,164.11630408915522,551.3879305978951,632.1477896434623,0.011216743514010518,5.862375,0.04237499999999983,0.23541666666666608,5333.333333333333,3,dct_smooth_regression,utterance_000001,0-0-14-0,group_0,SIL,1,6,<eps>,"",0.17999999999999972,ӗнтӗ,#,#,#,EH,,coextensive
1046.0550393348094,2059.9291348083225,3067.180601394684,1053.3774567945254,2122.267452325907,3192.986940612122,163.35530040285573,552.3462943062443,637.1385458874672,0.011216743514010518,5.864375,0.04437499999999961,0.24652777777777599,5333.333333333333,3,dct_smooth_regression,utterance_000001,0-0-14-0,group_0,SIL,1,6,<eps>,"",0.17999999999999972,ӗнтӗ,#,#,#,EH,,coextensive
1061.499565169313,2115.5650375082523,3132.170055266839,1053.7722958213628,2123.8023555054074,3204.700453785699,161.6915613139583,548.8892677626618,641.3989825198896,0.011216743514010518,5.866375,0.04637499999999939,0.2576388888888859,5333.333333333333,3,dct_smooth_regression,utterance_000001,0-0-14-0,group_0,SIL,1,6,<eps>,"",0.17999999999999972,ӗнтӗ,#,#,#,EH,,coextensive
1067.5179594983874,2158.5719669532587,3238.892086506646,1053.4062913483324,2124.815965937628,3214.7322463603505,159.2162611206831,541.213850348441,644.9264462215147,0.011216743514010518,5.868375,0.04837500000000006,0.2687500000000007,5333.333333333333,3,dct_smooth_regression,utterance_000001,0-0-14-0,group_0,SIL,1,6,<eps>,"",0.17999999999999972,ӗнтӗ,#,#,#,EH,,coextensive
1054.973490746162,2152.7787489350835,3259.913354487742,1052.2793150685247,2125.2638907663354,3222.9659396346856,156.0577779990922,529.7249016706,647.7453235662521,0.011216743514010518,5.870375,0.05037499999999984,0.2798611111111106,5333.333333333333,3,dct_smooth_regression,utterance_000001,0-0-14-0,group_0,SIL,1,6,<eps>,"",0.17999999999999972,ӗнтӗ,#,#,#,EH,,coextensive
1036.9290024383818,2103.591035744087,3125.8867317068716,1050.4073079794616,2125.1086392171264,3229.315533627998,152.37237003667735,514.9983262220438,649.905764326711,0.011216743514010518,5.872375,0.052374999999999616,0.2909722222222205,5333.333333333333,3,dct_smooth_regression,utterance_000001,0-0-14-0,group_0,SIL,1,6,<eps>,"",0.17999999999999972,ӗнтӗ,#,#,#,EH,,coextensive
1027.0674232761799,2068.418867108008,3077.1866823068776,1047.8217820649595,2124.3204226485786,3233.7263662252244,148.3336346913759,497.73137365280667,651.4813216102283,0.011216743514010518,5.874375,0.054374999999999396,0.30208333333333043,5333.333333333333,3,dct_smooth_regression,utterance_000001,0-0-14-0,group_0,SIL,1,6,<eps>,"",0.17999999999999972,ӗнтӗ,#,#,#,EH,,coextensive
1023.7744018756865,2077.6427102787716,3090.7463166363173,1044.5689732753067,2122.8778757474324,3236.175529854999,144.1220632479663,478.6872153226834,652.5656620356957,0.011216743514010518,5.876375,0.056375000000000064,0.3131944444444453,5333.333333333333,3,dct_smooth_regression,utterance_000001,0-0-14-0,group_0,SIL,1,6,<eps>,"",0.17999999999999972,ӗнтӗ,#,#,#,EH,,coextensive
1023.3376502481409,2122.7971076386125,3163.7163843429466,1040.70866949227,2120.7686838983013,3236.6717481081964,139.9158308554878,458.64102638683875,653.2685486543099,0.011216743514010518,5.878375,0.058374999999999844,0.3243055555555552,5333.333333333333,3,dct_smooth_regression,utterance_000001,0-0-14-0,group_0,SIL,1,6,<eps>,"",0.17999999999999972,ӗнтӗ,#,#,#,EH,,coextensive
1023.0019470807068,2181.8681405582442,3354.514101106561,1036.3127447367474,2117.9901023066295,3235.254724563102,135.8836363424619,438.33359060365586,653.711325917171,0.011216743514010518,5.880375,0.06037499999999962,0.3354166666666651,5333.333333333333,3,dct_smooth_regression,utterance_000001,0-0-14-0,group_0,SIL,1,6,<eps>,"",0.17999999999999972,ӗнтӗ,#,#,#,EH,,coextensive
1022.546353752929,2217.5330295899234,3405.2434982299837,1031.463437618057,2114.549353330716,3231.9939854968093,132.18001136731385,418.4364007548867,654.0221389025056,0.011216743514010518,5.882375,0.0623749999999994,0.346527777777775,5333.333333333333,3,dct_smooth_regression,utterance_000001,0-0-14-0,group_0,SIL,1,6,<eps>,"",0.17999999999999972,ӗнтӗ,#,#,#,EH,,coextensive
1022.8019501013733,2215.398053734727,3420.0079015987117,1026.2514177731525,2110.4638896906476,3226.987246948927,128.9431396430433,399.5299131836037,654.3311006281207,0.011216743514010518,5.884375,0.06437500000000007,0.35763888888888984,5333.333333333333,3,dct_smooth_regression,utterance_000001,0-0-14-0,group_0,SIL,1,6,<eps>,"",0.17999999999999972,ӗнтӗ,#,#,#,EH,,coextensive
1023.0524602348254,2193.6098918197235,3434.611643426915,1020.7736886656478,2105.7615127665226,3220.358344598414,126.29492505060087,382.09453444361776,654.765586517972,0.011216743514010518,5.886375,0.06637499999999985,0.36874999999999974,5333.333333333333,3,dct_smooth_regression,utterance_000001,0-0-14-0,group_0,SIL,1,6,<eps>,"",0.17999999999999972,ӗнтӗ,#,#,#,EH,,coextensive
1021.0343285527347,2160.579094389763,3461.7320050009075,1015.1313785016708,2100.4803370642726,3212.2547719732747,124.34285149695663,366.5124014050566,655.4457904628839,0.011216743514010518,5.888375,0.06837499999999963,0.37986111111110965,5333.333333333333,3,dct_smooth_regression,utterance_000001,0-0-14-0,group_0,SIL,1,6,<eps>,"",0.17999999999999972,ӗнтӗ,#,#,#,EH,,coextensive
1017.6545705181828,2125.2023044094317,3352.996669854501,1009.4274730973648,2094.6685940949683,3202.844878515209,123.18308614006554,353.0771829346166,656.4806294259072,0.011216743514010518,5.890375,0.07037499999999941,0.39097222222221956,5333.333333333333,3,dct_smooth_regression,utterance_000001,0-0-14-0,group_0,SIL,1,6,<eps>,"",0.17999999999999972,ӗнтӗ,#,#,#,EH,,coextensive
1016.5851858677024,2095.3398001086202,3220.146001025202,1003.7645452597806,2088.3842713538734,3192.314783871809,122.90426830326952,342.008922406688,657.9640397664813,0.011216743514010518,5.892375,0.07237500000000008,0.4020833333333344,5333.333333333333,3,dct_smooth_regression,utterance_000001,0-0-14-0,group_0,SIL,1,6,<eps>,"",0.17999999999999972,ӗнтӗ,#,#,#,EH,,coextensive
1018.0209970406726,2073.6304253857197,3186.220558911228,998.2425346119546,2081.694584761793,3180.8650684195045,123.59146590487968,333.4711874102957,659.9716738117656,0.011216743514010518,5.894375,0.07437499999999986,0.4131944444444443,5333.333333333333,3,dct_smooth_regression,utterance_000001,0-0-14-0,group_0,SIL,1,6,<eps>,"",0.17999999999999972,ӗнтӗ,#,#,#,EH,,coextensive
1017.8664655208538,2063.801228625354,3194.2595042230478,992.9566298314477,2074.6752857984893,3168.7073023911885,125.32983601029642,327.5882923823109,662.5579835151398,0.011216743514010518,5.896375,0.07637499999999964,0.4243055555555542,5333.333333333333,3,dct_smooth_regression,utterance_000001,0-0-14-0,group_0,SIL,1,6,<eps>,"",0.17999999999999972,ӗнтӗ,#,#,#,EH,,coextensive
1014.9559618982985,2072.207712036288,3217.296687322979,987.9953020403658,2067.409807564174,3156.0604770815976,128.20756909665238,324.46092887279616,665.7536713731718,0.011216743514010518,5.898375,0.07837499999999942,0.4354166666666641,5333.333333333333,3,dct_smooth_regression,utterance_000001,0-0-14-0,group_0,SIL,1,6,<eps>,"",0.17999999999999972,ӗнтӗ,#,#,#,EH,,coextensive
1010.2884100780989,2103.33768761106,3244.652199319924,983.4385336766036,2059.988257092417,3143.147401447344,132.31771083940004,324.17904570248027,669.5634974359006,0.011216743514010518,5.900375,0.08037500000000009,0.44652777777777897,5333.333333333333,3,dct_smooth_regression,utterance_000001,0-0-14-0,group_0,SIL,1,6,<eps>,"",0.17999999999999972,ӗнтӗ,#,#,#,EH,,coextensive
1004.2684644378033,2133.969891386583,3261.3384320290793,979.3562817126082,2052.506264343437,3130.191126050022,137.75843537173301,326.8311956702474,673.9644539170858,0.011216743514010518,5.902375,0.08237499999999986,0.4576388888888889,5333.333333333333,3,dct_smooth_regression,utterance_000001,0-0-14-0,group_0,SIL,1,6,<eps>,"",0.17999999999999972,ӗнтӗ,#,#,#,EH,,coextensive
997.2340560240048,2136.241938177865,3250.370903721492,975.8072077173105,2045.0637013643932,3117.4114537783244,144.63129711981173,332.50978756404675,678.9043527665459,0.011216743514010518,5.904375,0.08437499999999964,0.4687499999999988,5333.333333333333,3,dct_smooth_regression,utterance_000001,0-0-14-0,group_0,SIL,1,6,<eps>,"",0.17999999999999972,ӗнтӗ,#,#,#,EH,,coextensive
991.142580669099,2109.120354724311,3188.6607240667663,972.8377001489728,2037.7632880448477,3105.0215932195947,153.03693491557306,341.3117732411945,684.300912397562,0.011216743514010518,5.906375,0.08637499999999942,0.4798611111111087,5333.333333333333,3,dct_smooth_regression,utterance_000001,0-0-14-0,group_0,SIL,1,6,<eps>,"",0.17999999999999972,ӗнтӗ,#,#,#,EH,,coextensive
989.8528403399603,2079.724400918632,3120.24544510045,970.4812066091112,2030.7091036524016,3093.2250060441725,163.0676771776155,353.3343095454255,690.0414720845498,0.011216743514010518,5.908375,0.08837500000000009,0.4909722222222235,5333.333333333333,3,dct_smooth_regression,utterance_000001,0-0-14-0,group_0,SIL,1,6,<eps>,"",0.17999999999999972,ӗнтӗ,#,#,#,EH,,coextensive
995.0366415339598,2063.664127952876,3090.321591568175,968.7578857806212,2024.0050258383762,3082.2124944454076,174.79655073084905,368.6649345210587,695.9834997535733,0.011216743514010518,5.910375,0.09037499999999987,0.5020833333333334,5333.333333333333,3,dct_smooth_regression,utterance_000001,0-0-14-0,group_0,SIL,1,6,<eps>,"",0.17999999999999972,ӗнтӗ,#,#,#,EH,,coextensive
1005.4189500900452,2068.2950841375455,3081.674524223663,967.6745806244373,2017.7531209920444,3072.159568686242,188.26239122774922,387.36587240248923,701.9560835465323,0.011216743514010518,5.912375,0.09237499999999965,0.5131944444444433,5333.333333333333,3,dct_smooth_regression,utterance_000001,0-0-14-0,group_0,SIL,1,6,<eps>,"",0.17999999999999972,ӗнтӗ,#,#,#,EH,,coextensive
1014.9311948565075,2094.2362074638277,3071.5194982673574,967.2251063282472,2012.0520116345485,3063.2241282913615,203.45115704387612,409.45232632057025,707.762601923616,0.011216743514010518,5.914375,0.09437499999999943,0.5243055555555532,5333.333333333333,3,dct_smooth_regression,utterance_000001,0-0-14-0,group_0,SIL,1,6,<eps>,"",0.17999999999999972,ӗнтӗ,#,#,#,EH,,coextensive
1023.1120280931426,2123.220326044974,3032.7703949820843,967.3908386943847,2006.9952479268868,3055.544483549677,220.27421340187658,434.8651223965267,713.1847440222477,0.011216743514010518,5.916375,0.0963750000000001,0.5354166666666681,5333.333333333333,3,dct_smooth_regression,utterance_000001,0-0-14-0,group_0,SIL,1,6,<eps>,"",0.17999999999999972,ӗнтӗ,#,#,#,EH,,coextensive
1026.9868531020272,2120.138244339749,2916.852499066447,968.1415813197592,2002.6697112742631,3049.237736914786,238.54528760956427,463.4388999052395,717.98799612506,0.011216743514010518,5.918375,0.09837499999999988,0.546527777777778,5333.333333333333,3,dct_smooth_regression,utterance_000001,0-0-14-0,group_0,SIL,1,6,<eps>,"",0.17999999999999972,ӗнтӗ,#,#,#,EH,,coextensive
983.3374962623309,1935.987410956978,2729.293675262103,969.4366832425936,1999.1540784048927,3044.3985367688547,257.9589259542254,494.8682076371647,721.9286192203235,0.011216743514010518,5.920375,0.10037499999999966,0.5576388888888879,5333.333333333333,3,dct_smooth_regression,utterance_000001,0-0-14-0,group_0,SIL,1,6,<eps>,"",0.17999999999999972,ӗнтӗ,#,#,#,EH,,coextensive
813.0896509972476,1578.223574577904,2667.774201643249,971.2263728744588,1996.5173741583242,3041.0982090000794,278.0744173613472,528.6752758454519,724.7620192405439,0.011216743514010518,5.922375,0.10237499999999944,0.5687499999999978,5333.333333333333,3,dct_smooth_regression,utterance_000001,0-0-14-0,group_0,SIL,1,6,<eps>,"",0.17999999999999972,ӗнтӗ,#,#,#,EH,,coextensive
738.0686417144692,1565.527105196242,2653.9926840649273,973.4532691446344,1994.8176405207373,3039.3842650787087,298.3099689282122,564.1846601087622,726.252263889746,0.011216743514010518,5.924375,0.1043750000000001,0.5798611111111126,5333.333333333333,3,dct_smooth_regression,utterance_000001,0-0-14-0,group_0,SIL,1,6,<eps>,"",0.17999999999999972,ӗнтӗ,#,#,#,EH,,coextensive
721.4979187882301,1560.8781910752564,2649.413341532655,976.0540269740803,1994.1007481886447,3039.280278932364,317.95201146074356,600.5110249812012,726.1823424020774,0.011216743514010518,5.926375,0.10637499999999989,0.5909722222222226,5333.333333333333,3,dct_smooth_regression,utterance_000001,0-0-14-0,group_0,SIL,1,6,<eps>,"",0.17999999999999972,ӗнтӗ,#,#,#,EH,,coextensive
765.0417764080692,1562.6265123802873,2674.0007697266124,978.9610715560501,1994.3993751360938,3040.7861190341278,336.18347619652843,636.5665707945723,724.3646168369836,0.011216743514010518,5.928375,0.10837499999999967,0.6020833333333324,5333.333333333333,3,dct_smooth_regression,utterance_000001,0-0-14-0,group_0,SIL,1,6,<eps>,"",0.17999999999999972,ӗнтӗ,#,#,#,EH,,coextensive
996.5418615871945,1943.405761598088,3156.4019909297454,982.1043745062752,1995.732174324346,3043.878516825387,352.1324873890734,671.0935274418533,720.6507985002788,0.011216743514010518,5.930375,0.11037499999999945,0.6131944444444424,5333.333333333333,3,dct_smooth_regression,utterance_000001,0-0-14-0,group_0,SIL,1,6,<eps>,"",0.17999999999999972,ӗнтӗ,#,#,#,EH,,coextensive
1056.665830760272,2022.9292860911476,3054.7070981955726,985.4132247818305,1998.1031498596924,3048.511947979512,364.93928506619596,702.7244417374524,714.9407233825386,0.011216743514010518,5.932375,0.11237500000000011,0.6243055555555571,5333.333333333333,3,dct_smooth_regression,utterance_000001,0-0-14-0,group_0,SIL,1,6,<eps>,"",0.17999999999999972,ӗнтӗ,#,#,#,EH,,coextensive
1095.1911663867115,2114.5387532573445,2979.5799077849774,988.8179483454908,2001.501257618822,3054.619799131725,373.83492713602277,730.0687416309715,707.189214147461,0.011216743514010518,5.934375,0.1143749999999999,0.6354166666666671,5333.333333333333,3,dct_smooth_regression,utterance_000001,0-0-14-0,group_0,SIL,1,6,<eps>,"",0.17999999999999972,ӗнтӗ,#,#,#,EH,,coextensive
1110.1614720183588,2205.3761370277375,3044.1171631142233,992.251532830347,2005.900242677208,3062.1157895937927,378.22145387427014,751.8188580661015,697.4104123693738,0.011216743514010518,5.936375,0.11637499999999967,0.6465277777777769,5333.333333333333,3,dct_smooth_regression,utterance_000001,0-0-14-0,group_0,SIL,1,6,<eps>,"",0.17999999999999972,ӗнтӗ,#,#,#,EH,,coextensive
1089.4868414697453,2190.45444544963,3177.3031924186107,995.6511168651181,2011.2587218595331,3070.8956152571236,377.74095176463953,766.8641158015616,685.6791405703826,0.011216743514010518,5.938375,0.11837499999999945,0.6576388888888869,5333.333333333333,3,dct_smooth_regression,utterance_000001,0-0-14-0,group_0,SIL,1,6,<eps>,"",0.17999999999999972,ӗнтӗ,#,#,#,EH,,coextensive
1058.712325031094,2135.1653925934147,3233.051939328404,998.9593081523003,2017.5205154560465,3080.8387803617998,372.32132116471064,774.3970437534736,672.1290931373554,0.011216743514010518,5.940375,0.12037500000000012,0.6687500000000017,5333.333333333333,3,dct_smooth_regression,utterance_000001,0-0-14-0,group_0,SIL,1,6,<eps>,"",0.17999999999999972,ӗнтӗ,#,#,#,EH,,coextensive
1036.736921040812,2086.665893859802,3253.938082345073,1002.1252997209824,2024.6152276960945,3091.810582049679,362.1898655355289,773.9959528189696,656.9479307482458,0.011216743514010518,5.942375,0.1223749999999999,0.6798611111111116,5333.333333333333,3,dct_smooth_regression,utterance_000001,0-0-14-0,group_0,SIL,1,6,<eps>,"",0.17999999999999972,ӗнтӗ,#,#,#,EH,,coextensive
1026.8639726288584,2069.620895136304,3273.509966667276,1005.1057598529493,2032.4590710264656,3103.664212586658,347.85150211211516,765.6702381739454,640.3696293327384,0.011216743514010518,5.944375,0.12437499999999968,0.6909722222222215,5333.333333333333,3,dct_smooth_regression,utterance_000001,0-0-14-0,group_0,SIL,1,6,<eps>,"",0.17999999999999972,ӗнтӗ,#,#,#,EH,,coextensive
1024.176779436344,2081.3484135455465,3297.44561911937,1007.8654778349924,2040.9559246980568,3116.2429447760237,330.0350525347909,749.8606074799833,622.6646751658493,0.011216743514010518,5.946375,0.12637499999999946,0.7020833333333314,5333.333333333333,3,dct_smooth_regression,utterance_000001,0-0-14-0,group_0,SIL,1,6,<eps>,"",0.17999999999999972,ӗнтӗ,#,#,#,EH,,coextensive
1026.0555793339188,2115.1553851622857,3326.752716271788,1010.3777547383216,2049.9986137117785,3129.3823673211564,309.616939790185,727.394086454935,604.1288708772211,0.011216743514010518,5.948375,0.12837500000000013,0.7131944444444462,5333.333333333333,3,dct_smooth_regression,utterance_000001,0-0-14-0,group_0,SIL,1,6,<eps>,"",0.17999999999999972,ӗнтӗ,#,#,#,EH,,coextensive
1032.0128220134934,2174.28320986488,3368.3500510661015,1012.6245356746248,2059.470389905482,3142.912638650273,287.5351690069306,699.4013644662339,585.0716021324444,0.011216743514010518,5.950375,0.1303749999999999,0.7243055555555562,5333.333333333333,3,dct_smooth_regression,utterance_000001,0-0-14-0,group_0,SIL,1,6,<eps>,"",0.17999999999999972,ӗнтӗ,#,#,#,EH,,coextensive
1042.8234295825002,2237.6094894236066,3406.2524598740715,1014.5962872304899,2069.2465929676523,3156.660729898338,264.70694305352816,667.2099446362888,565.8044048194325,0.011216743514010518,5.952375,0.1323749999999997,0.735416666666666,5333.333333333333,3,dct_smooth_regression,utterance_000001,0-0-14-0,group_0,SIL,1,6,<eps>,"",0.17999999999999972,ӗнтӗ,#,#,#,EH,,coextensive
1055.475156554501,2266.0227820791724,3420.908486534853,1016.2916308416281,2079.1964655258976,3170.452630256473,241.96086755159916,632.2293600044286,546.6305756206783,0.011216743514010518,5.954375,0.13437499999999947,0.746527777777776,5333.333333333333,3,dct_smooth_regression,utterance_000001,0-0-14-0,group_0,SIL,1,6,<eps>,"",0.17999999999999972,ӗнтӗ,#,#,#,EH,,coextensive
1050.4901019065223,2248.052305423434,3403.9254214837006,1017.7167495459578,2089.1850932580596,3184.1154906494003,219.99043332292771,595.8440597676474,527.8364048127438,0.011216743514010518,5.956375,0.13637500000000014,0.7576388888888909,5333.333333333333,3,dct_smooth_regression,utterance_000001,0-0-14-0,group_0,SIL,1,6,<eps>,"",0.17999999999999972,ӗнтӗ,#,#,#,EH,,coextensive
1027.267983383192,2190.2029872656512,3357.015270912512,1018.8845916718595,2099.075438281972,3197.479684589518,199.33067666199918,559.3260619171427,509.6844064289215,0.011216743514010518,5.958375,0.13837499999999991,0.7687500000000007,5333.333333333333,3,dct_smooth_regression,utterance_000001,0-0-14-0,group_0,SIL,1,6,<eps>,"",0.17999999999999972,ӗнтӗ,#,#,#,EH,,coextensive
1006.2588299747943,2140.2951189703313,3283.843912119031,1019.8139004125577,2108.730431957884,3210.3807679886277,180.35582195435882,523.7743528624873,492.4087069708543,0.011216743514010518,5.960375,0.1403749999999997,0.7798611111111107,5333.333333333333,3,dct_smooth_regression,utterance_000001,0-0-14-0,group_0,SIL,1,6,<eps>,"",0.17999999999999972,ӗнтӗ,#,#,#,EH,,coextensive
989.511078486456,2131.948968477599,3214.061684503214,1020.5281027676922,2118.0150917353594,3222.6613225976216,163.2930499975308,490.08269715439354,476.2125560004941,0.011216743514010518,5.962375,0.14237499999999947,0.7909722222222205,5333.333333333333,3,dct_smooth_regression,utterance_000001,0-0-14-0,group_0,SIL,1,6,<eps>,"",0.17999999999999972,ӗнтӗ,#,#,#,EH,,coextensive
980.8870063323058,2146.394567942407,3170.1166205629465,1021.0540948808275,2126.7986258317756,3234.172670511981,148.24648935745466,458.93314236480984,461.26775976357226,0.011216743514010518,5.964375,0.14437500000000014,0.8020833333333354,5333.333333333333,3,dct_smooth_regression,utterance_000001,0-0-14-0,group_0,SIL,1,6,<eps>,"",0.17999999999999972,ӗнтӗ,#,#,#,EH,,coextensive
982.0388364675302,2162.827899255408,3149.763763959036,1021.4209632760738,2134.95648936671,3244.776449758646,135.22582972191185,430.80969732141347,447.7157235253305,0.011216743514010518,5.966375,0.14637499999999992,0.8131944444444453,5333.333333333333,3,dct_smooth_regression,utterance_000001,0-0-14-0,group_0,SIL,1,6,<eps>,"",0.17999999999999972,ӗнтӗ,#,#,#,EH,,coextensive
992.3762553993307,2154.2755416019213,3144.7587043109143,1021.6586828367788,2142.3723561057504,3254.3460433122154,124.17510721089184,406.02552330482956,435.66972212499365,0.011216743514010518,5.968375,0.1483749999999997,0.8243055555555552,5333.333333333333,3,dct_smooth_regression,utterance_000001,0-0-14-0,group_0,SIL,1,6,<eps>,"",0.17999999999999972,ӗнтӗ,#,#,#,EH,,coextensive
1006.5647654606471,2111.225876865679,3152.3710833508776,1021.7968325439515,2148.9399711845713,3262.767855933647,114.99869393485979,384.75720732228007,425.21799705096817,0.011216743514010518,5.970375,0.15037499999999948,0.8354166666666651,5333.333333333333,3,dct_smooth_regression,utterance_000001,0-0-14-0,group_0,SIL,1,6,<eps>,"",0.17999999999999972,ӗнтӗ,#,#,#,EH,,coextensive
1016.8299511032229,2063.090788494797,3155.1419538047458,1021.8633690030083,2154.5648520709674,3269.9424349553974,107.58293811786271,367.0807903965238,416.42729320493385,0.011216743514010518,5.972375,0.15237500000000015,0.8465277777777799,5333.333333333333,3,dct_smooth_regression,utterance_000001,0-0-14-0,group_0,SIL,1,6,<eps>,"",0.17999999999999972,ӗнтӗ,#,#,#,EH,,coextensive
1021.0024566829351,2040.769295934818,3144.292242127778,1021.883495667423,2159.165807546326,3275.785432540776,101.81301597578707,353.00569878410704,409.3464884940198,0.011216743514010518,5.974375,0.15437499999999993,0.8576388888888898,5333.333333333333,3,dct_smooth_regression,utterance_000001,0-0-14-0,group_0,SIL,1,6,<eps>,"",0.17999999999999972,ӗнтӗ,#,#,#,EH,,coextensive
1022.0469495226125,2035.1830998973883,3138.15208724273,1021.8786624804433,2162.676247602676,3280.228408024552,97.58529406723066,342.5041771916715,404.01002361051764,0.011216743514010518,5.976375,0.1563749999999997,0.8687499999999997,5333.333333333333,3,dct_smooth_regression,utterance_000001,0-0-14-0,group_0,SIL,1,6,<eps>,"",0.17999999999999972,ӗнтӗ,#,#,#,EH,,coextensive
1021.6087560161827,2034.5307718458935,3148.16465646121,1021.8657264935812,2165.045260798341,3283.2194697127998,94.8158866255354,335.5350077152659,400.44089864928685,0.011216743514010518,5.978375,0.1583749999999995,0.8798611111111097,5333.333333333333,3,dct_smooth_regression,utterance_000001,0-0-14-0,group_0,SIL,1,6,<eps>,"",0.17999999999999972,ӗнтӗ,#,#,#,EH,,coextensive
1020.528446711035,2030.011209475374,3176.5882611461357,1021.8562990017728,2166.238439724242,3284.723756012069,93.44620301320643,332.0611155386734,398.65306095187634,0.011216743514010518,5.980375,0.16037500000000016,0.8909722222222245,5333.333333333333,3,dct_smooth_regression,utterance_000001,0-0-14-0,group_0,SIL,1,6,<eps>,"",0.17999999999999972,ӗнтӗ,#,#,#,EH,,coextensive
363.5098730829298,758.6049953729954,1350.3909798201048,355.24877245929946,758.0368077475937,1349.7250257928597,311.6161744339533,413.96750447681654,479.4563272361041,0.0001442578955752437,1.206375,0.0063750000000000195,0.12750000000000028,4256.410256410256,3,dct_smooth_regression,utterance_000001,0-0-3-1,group_0,UW,1,6,куракана,"",0.050000000000000044,<eps>,артистсемпе,K,R,K,R,internal
360.7993684981664,774.0808964815961,1405.9159602643965,369.7379009081093,775.225137970702,1412.715923631797,272.36525100622043,322.2040868748011,493.80317582456627,0.0001442578955752437,1.208375,0.008375000000000021,0.1675000000000003,4256.410256410256,3,dct_smooth_regression,utterance_000001,0-0-3-1,group_0,UW,1,6,куракана,"",0.050000000000000044,<eps>,артистсемпе,K,R,K,R,internal
388.00899057010224,800.9307341002899,1507.412638249757,391.6817210263777,800.881023612262,1495.2944448317012,220.0287634303877,221.64449194530465,518.5810065981066,0.0001442578955752437,1.210375,0.010375000000000023,0.20750000000000027,4256.410256410256,3,dct_smooth_regression,utterance_000001,0-0-3-1,group_0,UW,1,6,куракана,"",0.050000000000000044,<eps>,артистсемпе,K,R,K,R,internal
414.7996529796898,825.3461356383443,1540.455273189035,411.5420992317835,824.1360387659632,1542.411839900895,178.19491988567273,160.59896605291,549.1908720972302,0.0001442578955752437,1.212375,0.012375000000000025,0.24750000000000028,4256.410256410256,3,dct_smooth_regression,utterance_000001,0-0-3-1,group_0,UW,1,6,куракана,"",0.050000000000000044,<eps>,артистсемпе,K,R,K,R,internal
425.6270422324031,839.4673754356888,1516.615109539672,423.02917976073644,839.7583643704132,1526.4589450714113,154.32022772134474,138.27177261211241,585.0695112433482,0.0001442578955752437,1.214375,0.014375000000000027,0.28750000000000026,4256.410256410256,3,dct_smooth_regression,utterance_000001,0-0-3-1,group_0,UW,1,6,куракана,"",0.050000000000000044,<eps>,артистсемпе,K,R,K,R,internal
426.2634604806651,850.6593162487754,1464.4198266414514,426.0441459535739,850.9168053451916,1464.3798592826624,145.64073827016256,142.30357193836346,631.7702831360848,0.0001442578955752437,1.216375,0.01637500000000003,0.3275000000000003,4256.410256410256,3,dct_smooth_regression,utterance_000001,0-0-3-1,group_0,UW,1,6,куракана,"",0.050000000000000044,<eps>,артистсемпе,K,R,K,R,internal
423.86102599404967,864.2008108820608,1413.188956167603,425.13098819727304,864.9947083426638,1401.656169915931,145.73136754911675,159.7783948013173,697.6465227291014,0.0001442578955752437,1.218375,0.01837500000000003,0.36750000000000027,4256.410256410256,3,dct_smooth_regression,utterance_000001,0-0-3-1,group_0,UW,1,6,куракана,"",0.050000000000000044,<eps>,артистсемпе,K,R,K,R,internal
423.67584377267957,885.7973334785815,1380.1041543618974,425.19736091399363,886.308254855382,1377.8934429355613,147.05560704295522,174.22001857607367,786.74235441782,0.0001442578955752437,1.220375,0.020375000000000032,0.40750000000000025,4256.410256410256,3,dct_smooth_regression,utterance_000001,0-0-3-1,group_0,UW,1,6,куракана,"",0.050000000000000044,<eps>,артистсемпе,K,R,K,R,internal
427.8614182581471,914.1824480855887,1388.7200824170309,428.04399511755946,911.9668766501717,1401.3933216638168,143.53644147675627,172.09672784137786,891.7933641360631,0.0001442578955752437,1.222375,0.022375000000000034,0.4475000000000003,4256.410256410256,3,dct_smooth_regression,utterance_000001,0-0-3-1,group_0,UW,1,6,куракана,"",0.050000000000000044,<eps>,артистсемпе,K,R,K,R,internal
433.1062199656001,934.797451723278,1445.4877477868586,432.0959978234829,934.1783985948324,1450.2290475547927,133.75205508735263,154.60143288134236,993.1189925517285,0.0001442578955752437,1.224375,0.024375000000000036,0.48750000000000027,4256.410256410256,3,dct_smooth_regression,utterance_000001,0-0-3-1,group_0,UW,1,6,куракана,"",0.050000000000000044,<eps>,артистсемпе,K,R,K,R,internal
435.98196585915696,944.2950291893908,1504.7206084124819,434.8447076465142,946.683927154771,1494.5701961536852,121.01171757642767,133.2516200256186,1068.9070897153695,0.0001442578955752437,1.226375,0.026375000000000037,0.5275000000000003,4256.410256410256,3,dct_smooth_regression,utterance_000001,0-0-3-1,group_0,UW,1,6,куракана,"",0.050000000000000044,<eps>,артистсемпе,K,R,K,R,internal
435.8364003467867,948.3535718901048,1531.7512341802903,435.40474207948637,949.571833625992,1518.9676951665297,109.96034872467531,117.01573230148833,1110.6112983512,0.0001442578955752437,1.228375,0.02837500000000004,0.5675000000000002,4256.410256410256,3,dct_smooth_regression,utterance_000001,0-0-3-1,group_0,UW,1,6,куракана,"",0.050000000000000044,<eps>,артистсемпе,K,R,K,R,internal
433.60668202559606,950.2964511060543,1513.2397931457342,434.93633294778255,948.354372596812,1526.7264522746684,103.77571984617981,108.82674254782536,1126.0387614982544,0.0001442578955752437,1.230375,0.03037500000000004,0.6075000000000003,4256.410256410256,3,dct_smooth_regression,utterance_000001,0-0-3-1,group_0,UW,1,6,куракана,"",0.050000000000000044,<eps>,артистсемпе,K,R,K,R,internal
412.73112093138013,911.8558344931625,2962.3244147318856,410.96109325163343,913.7236840109414,3010.2111957973593,122.69219290365027,83.14700441010073,743.5673725482403,0.00005111748874222359,3.2363750000000002,0.006375000000000242,0.10625000000000394,6589.74358974359,3,dct_smooth_regression,utterance_000001,0-0-8-1,group_0,UW,1,6,хурса,"",0.06000000000000005,вӑй,савӑнтараҫҫӗ,χ,R,χ,R,internal
409.7186399878675,912.8899593926491,3022.920104529603,410.3053327535493,912.9552640161328,3011.26976620057,115.08270974530802,79.08770996710429,714.2618603939027,0.00005111748874222359,3.238375,0.008375000000000021,0.1395833333333336,6589.74358974359,3,dct_smooth_regression,utterance_000001,0-0-8-1,group_0,UW,1,6,хурса,"",0.06000000000000005,вӑй,савӑнтараҫҫӗ,χ,R,χ,R,internal
408.0413468583685,912.1777664669047,3048.079977698328,409.5083294806983,911.2254557001011,3012.1050915667793,103.50401294371649,74.0625015215226,657.4818480226171,0.00005111748874222359,3.2403750000000002,0.010375000000000245,0.1729166666666706,6589.74358974359,3,dct_smooth_regression,utterance_000001,0-0-8-1,group_0,UW,1,6,хурса,"",0.06000000000000005,вӑй,савӑнтараҫҫӗ,χ,R,χ,R,internal
408.3895151966656,909.7448726886741,3038.0706479056885,409.33453861105687,908.2715752684452,3010.8766132307514,92.40768608544248,71.85423724573819,578.535752562845,0.00005111748874222359,3.242375,0.012375000000000025,0.20625000000000027,6589.74358974359,3,dct_smooth_regression,utterance_000001,0-0-8-1,group_0,UW,1,6,хурса,"",0.06000000000000005,вӑй,савӑнтараҫҫӗ,χ,R,χ,R,internal
410.6639858056971,905.1421032810747,3009.3275346860864,410.40044824893397,903.9582849319561,3006.2755947999117,84.62519591576545,75.19887500167818,487.22892538612837,0.00005111748874222359,3.2443750000000002,0.014375000000000249,0.23958333333333728,6589.74358974359,3,dct_smooth_regression,utterance_000001,0-0-8-1,group_0,UW,1,6,хурса,"",0.06000000000000005,вӑй,савӑнтараҫҫӗ,χ,R,χ,R,internal
413.96284133960864,898.5453628555993,2978.737913240898,412.84217048046827,898.4683514433796,2998.4409592174934,80.92029636445278,85.48119186097438,396.0666582444069,0.00005111748874222359,3.246375,0.01637500000000003,0.2729166666666669,6589.74358974359,3,dct_smooth_regression,utterance_000001,0-0-8-1,group_0,UW,1,6,хурса,"",0.06000000000000005,вӑй,савӑнтараҫҫӗ,χ,R,χ,R,internal
416.93478642420223,891.5752550303458,2967.18978763219,416.2179775656503,892.4065214034558,2989.2299267891517,80.54203633410751,102.03793529701746,316.22788498587187,0.00005111748874222359,3.2483750000000002,0.018375000000000252,0.30625000000000396,6589.74358974359,3,dct_smooth_regression,utterance_000001,0-0-8-1,group_0,UW,1,6,хурса,"",0.06000000000000005,вӑй,савӑнтараҫҫӗ,χ,R,χ,R,internal
419.51834251690747,885.2310077976017,2972.945539020542,419.70216055343997,886.7654003887394,2981.6709031737905,81.76382901704444,120.24017538958229,254.33707249784328,0.00005111748874222359,3.250375,0.020375000000000032,0.3395833333333336,6589.74358974359,3,dct_smooth_regression,utterance_000001,0-0-8-1,group_0,UW,1,6,хурса,"",0.06000000000000005,вӑй,савӑнтараҫҫӗ,χ,R,χ,R,internal
421.92827935201365,881.3968312950335,2984.9049036419824,422.48348941079365,882.7501029728361,2978.811128596883,82.46668176568782,131.3721781952821,212.17134162770506,0.00005111748874222359,3.2523750000000002,0.022375000000000256,0.3729166666666706,6589.74358974359,3,dct_smooth_regression,utterance_000001,0-0-8-1,group_0,UW,1,6,хурса,"",0.06000000000000005,вӑй,савӑнтараҫҫӗ,χ,R,χ,R,internal
423.60904182276147,881.3914519428757,2994.451140875687,424.17724059814515,881.5068249426323,2982.4630170755077,81.10664994974368,128.5635536821037,188.66657148522265,0.00005111748874222359,3.254375,0.024375000000000036,0.4062500000000003,6589.74358974359,3,dct_smooth_regression,utterance_000001,0-0-8-1,group_0,UW,1,6,хурса,"",0.06000000000000005,вӑй,савӑнтараҫҫӗ,χ,R,χ,R,internal
424.74212435669784,884.9964968170424,3003.0044053266406,425.0454805866424,883.8322583464883,2992.413093697783,77.63422153922507,113.9228793140056,182.30423329320084,0.00005111748874222359,3.2563750000000002,0.02637500000000026,0.4395833333333373,6589.74358974359,3,dct_smooth_regression,utterance_000001,0-0-8-1,group_0,UW,1,6,хурса,"",0.06000000000000005,вӑй,савӑнтараҫҫӗ,χ,R,χ,R,internal
426.1562204607102,891.877500587971,3012.0138915856137,425.9050929253787,889.9460335673766,3006.4559495279595,73.45359012748915,96.40346267051865,192.65203999020633,0.00005111748874222359,3.258375,0.02837500000000004,0.47291666666666693,6589.74358974359,3,dct_smooth_regression,utterance_000001,0-0-8-1,group_0,UW,1,6,хурса,"",0.06000000000000005,вӑй,савӑнтараҫҫӗ,χ,R,χ,R,internal
428.5098616832769,901.1387500159184,3019.5920857242395,427.74885386836394,899.3875903473531,3021.244822251291,70.43705956536652,83.80386588358184,220.74668502230517,0.00005111748874222359,3.2603750000000002,0.030375000000000263,0.506250000000004,6589.74358974359,3,dct_smooth_regression,utterance_000001,0-0-8-1,group_0,UW,1,6,хурса,"",0.06000000000000005,вӑй,савӑнтараҫҫӗ,χ,R,χ,R,internal
432.0268147766042,911.6652323433754,3024.826011239665,431.24387843333096,911.0616318230907,3033.5818263540336,69.96274609192255,79.5192331459945,268.13395096116847,0.00005111748874222359,3.262375,0.03237500000000004,0.5395833333333336,6589.74358974359,3,dct_smooth_regression,utterance_000001,0-0-8-1,group_0,UW,1,6,хурса,"",0.06000000000000005,вӑй,савӑнтараҫҫӗ,χ,R,χ,R,internal
436.0879773689076,921.0649238315071,3030.6538958876645,436.33797906912054,923.4165947274279,3041.575453469754,72.4953128185143,84.13060059811204,334.1461609312618,0.00005111748874222359,3.2643750000000002,0.034375000000000266,0.5729166666666706,6589.74358974359,3,dct_smooth_regression,utterance_000001,0-0-8-1,group_0,UW,1,6,хурса,"",0.06000000000000005,вӑй,савӑнтараҫҫӗ,χ,R,χ,R,internal
440.6716720867543,929.5643151649605,3037.897142631044,442.1648245824066,934.7108896489617,3045.1612576359594,77.43456719019773,96.53663037990623,411.65563399721935,0.00005111748874222359,3.266375,0.036375000000000046,0.6062500000000003,6589.74358974359,3,dct_smooth_regression,utterance_000001,0-0-8-1,group_0,UW,1,6,хурса,"",0.06000000000000005,вӑй,савӑнтараҫҫӗ,χ,R,χ,R,internal
446.1471062369105,940.0087223005925,3046.1838531422695,447.30910117632465,943.3086037539967,3045.781377349546,83.03363160179465,112.68473123744711,484.0803303478469,0.00005111748874222359,3.2683750000000003,0.03837500000000027,0.6395833333333373,6589.74358974359,3,dct_smooth_regression,utterance_000001,0-0-8-1,group_0,UW,1,6,хурса,"",0.06000000000000005,вӑй,савӑнтараҫҫӗ,χ,R,χ,R,internal
452.17952805132865,955.3779434759238,3059.8544352268773,450.33121366072646,947.9492624878977,3045.4097079923795,86.80281841435355,124.58984037725259,528.8221219419017,0.00005111748874222359,3.270375,0.04037500000000005,0.6729166666666669,6589.74358974359,3,dct_smooth_regression,utterance_000001,0-0-8-1,group_0,UW,1,6,хурса,"",0.06000000000000005,вӑй,савӑнтараҫҫӗ,χ,R,χ,R,internal
423.05375368488046,2275.608069362341,2935.179277031544,418.7431959448982,2271.667504166954,2937.753436043727,35.73465830661068,155.1544091784068,88.32619375517211,0.00010724214018115934,2.3763750000000003,0.006375000000000242,0.07968750000000295,6410.25641025641,3,dct_smooth_regression,utterance_000001,0-0-4-10,group_0,EY,1,6,артистсемпе,"",0.08000000000000007,куракана,танах,P,#,P,t,final
423.301111597418,2284.657191745491,2943.998344972255,420.30207736645735,2275.3537214405733,2940.798134831253,36.13601138559407,148.30027552704902,91.01337845229008,0.00010724214018115934,2.378375,0.008375000000000021,0.10468750000000018,6410.25641025641,3,dct_smooth_regression,utterance_000001,0-0-4-10,group_0,EY,1,6,артистсемпе,"",0.08000000000000007,куракана,танах,P,#,P,t,final
423.9210956153382,2289.5979533766426,2951.5572508881983,423.23468781309913,2281.8578247834844,2946.4625245795164,36.964561983291716,136.6447936495615,95.91651853513534,0.00010724214018115934,2.3803750000000004,0.010375000000000245,0.12968750000000295,6410.25641025641,3,dct_smooth_regression,utterance_000001,0-0-4-10,group_0,EY,1,6,артистсемпе,"",0.08000000000000007,куракана,танах,P,#,P,t,final
425.3214797943786,2290.8210008040833,2958.2736241382577,427.20919446923807,2289.616813190687,2953.9813426507626,38.27090960754825,123.24984491556907,102.002844730809,0.00010724214018115934,2.382375,0.012375000000000025,0.15468750000000017,6410.25641025641,3,dct_smooth_regression,utterance_000001,0-0-4-10,group_0,EY,1,6,артистсемпе,"",0.08000000000000007,куракана,танах,P,#,P,t,final
427.93464651074885,2289.8499655349196,2963.362999282704,431.8160283081053,2296.685612620044,2962.4010481643973,40.128195511959944,110.93367080957445,107.64325084149799,0.00010724214018115934,2.3843750000000004,0.014375000000000249,0.17968750000000294,6410.25641025641,3,dct_smooth_regression,utterance_000001,0-0-4-10,group_0,EY,1,6,артистсемпе,"",0.08000000000000007,куракана,танах,P,#,P,t,final
432.40672119928735,2287.9052421000715,2965.6328675943028,436.6529293935953,2301.126088644173,2970.767548111252,42.628533462418766,101.58209665863617,110.85859245211842,0.00010724214018115934,2.386375,0.01637500000000003,0.2046875000000002,6410.25641025641,3,dct_smooth_regression,utterance_000001,0-0-4-10,group_0,EY,1,6,артистсемпе,"",0.08000000000000007,куракана,танах,P,#,P,t,final
438.2922954826584,2286.299969099545,2968.2613350208785,441.40828005180254,2301.3946470788946,2978.310700159131,45.877437978794305,96.13299413191666,109.95489731026888,0.00010724214018115934,2.3883750000000004,0.018375000000000252,0.22968750000000296,6410.25641025641,3,dct_smooth_regression,utterance_000001,0-0-4-10,group_0,EY,1,6,артистсемпе,"",0.08000000000000007,куракана,танах,P,#,P,t,final
444.3627313563954,2285.3025540618282,2975.6983848268724,445.92511141897756,2296.650837335633,2984.58712369846,49.985088206525965,94.8829542414845,104.29995268943631,0.00010724214018115934,2.390375,0.020375000000000032,0.2546875000000002,6410.25641025641,3,dct_smooth_regression,utterance_000001,0-0-4-10,group_0,EY,1,6,артистсемпе,"",0.08000000000000007,куракана,танах,P,#,P,t,final
450.38243324639427,2283.1419993460713,2987.024432044737,450.23198626803116,2286.9251348887124,2989.5512948471683,55.05294505586302,97.75503529623411,94.69994213217088,0.00010724214018115934,2.3923750000000004,0.022375000000000256,0.279687500000003,6410.25641025641,3,dct_smooth_regression,utterance_000001,0-0-4-10,group_0,EY,1,6,артистсемпе,"",0.08000000000000007,куракана,танах,P,#,P,t,final
456.10930919705464,2278.218133778673,2997.6191577970285,454.53364372385187,2273.112233391581,2993.5396080078035,61.15454632342837,104.35606040661048,83.03468812162103,0.00010724214018115934,2.394375,0.024375000000000036,0.30468750000000017,6410.25641025641,3,dct_smooth_regression,utterance_000001,0-0-4-10,group_0,EY,1,6,артистсемпе,"",0.08000000000000007,куракана,танах,P,#,P,t,final
461.8502454714832,2270.087381611296,3005.00737197541,459.16250385978515,2256.7911220007854,2997.1700974134683,68.31069142070665,113.82899838248225,71.40933678532296,0.00010724214018115934,2.3963750000000004,0.02637500000000026,0.32968750000000296,6410.25641025641,3,dct_smooth_regression,utterance_000001,0-0-4-10,group_0,EY,1,6,артистсемпе,"",0.08000000000000007,куракана,танах,P,#,P,t,final
468.26629857224157,2257.3215050956182,3009.809802980477,464.5002201845933,2239.9079946199518,3001.1781771849282,76.46190080060718,124.65248971976489,61.42551593549845,0.00010724214018115934,2.398375,0.02837500000000004,0.3546875000000002,6410.25641025641,3,dct_smooth_regression,utterance_000001,0-0-4-10,group_0,EY,1,6,артистсемпе,"",0.08000000000000007,куракана,танах,P,#,P,t,final
474.7557756661513,2239.2290279621175,3012.6032838845863,470.88479729085276,2224.385691415545,3006.2224689825916,85.44453959613452,134.66226421719352,53.935862758495276,0.00010724214018115934,2.4003750000000004,0.030375000000000263,0.37968750000000295,6410.25641025641,3,dct_smooth_regression,utterance_000001,0-0-4-10,group_0,EY,1,6,артистсемпе,"",0.08000000000000007,куракана,танах,P,#,P,t,final
480.83579637345053,2217.953408991895,3014.8275999594616,478.52206322266943,2211.7383683462444,3012.7017018190295,94.97987299747749,141.54305549594608,49.20407624474006,0.00010724214018115934,2.402375,0.03237500000000004,0.4046875000000002,6410.25641025641,3,dct_smooth_regression,utterance_000001,0-0-4-10,group_0,EY,1,6,артистсемпе,"",0.08000000000000007,куракана,танах,P,#,P,t,final
487.567405827282,2198.1281777239105,3018.3786624799486,487.4198088609551,2202.769394685862,3020.6222937514026,104.68534692485228,143.7148066340736,47.19837335662973,0.00010724214018115934,2.4043750000000004,0.034375000000000266,0.42968750000000294,6410.25641025641,3,dct_smooth_regression,utterance_000001,0-0-4-10,group_0,EY,1,6,артистсемпе,"",0.08000000000000007,куракана,танах,P,#,P,t,final
495.1524345821655,2187.3678103206994,3024.021146222365,497.3587330055564,2197.4141748862903,3029.546721045508,114.11276761430638,141.0897602638711,47.81842290218351,0.00010724214018115934,2.406375,0.036375000000000046,0.4546875000000002,6410.25641025641,3,dct_smooth_regression,utterance_000001,0-0-4-10,group_0,EY,1,6,артистсемпе,"",0.08000000000000007,куракана,танах,P,#,P,t,final
504.1182574549874,2183.7806673539712,3032.1620505847936,507.9072548485946,2194.760869481769,3038.6369459219377,122.80919034982962,135.13218265538205,50.987160689272315,0.00010724214018115934,2.4083750000000004,0.03837500000000027,0.479687500000003,6410.25641025641,3,dct_smooth_regression,utterance_000001,0-0-4-10,group_0,EY,1,6,артистсемпе,"",0.08000000000000007,куракана,танах,P,#,P,t,final
513.7516739062568,2182.7727733220054,3041.307058075861,518.4786546317966,2193.246520050934,3046.7881002350077,130.38670519569797,128.19665301035226,56.611102602459255,0.00010724214018115934,2.410375,0.04037500000000005,0.5046875000000002,6410.25641025641,3,dct_smooth_regression,utterance_000001,0-0-4-10,group_0,EY,1,6,артистсемпе,"",0.08000000000000007,куракана,танах,P,#,P,t,final
523.6689481611842,2180.663056122272,3049.105224919638,528.4205735794924,2190.990895718928,3052.829086794798,136.5820655722825,122.68240668321843,64.4398083218829,0.00010724214018115934,2.4123750000000004,0.042375000000000274,0.529687500000003,6410.25641025641,3,dct_smooth_regression,utterance_000001,0-0-4-10,group_0,EY,1,6,артистсемпе,"",0.08000000000000007,куракана,танах,P,#,P,t,final
534.6321050947672,2176.6168275736572,3054.5537539714987,537.120321620537,2186.2024717954123,3055.7524795365657,141.28968740962222,120.53269735265344,73.88978523663813,0.00010724214018115934,2.414375,0.04437500000000005,0.5546875000000002,6410.25641025641,3,dct_smooth_regression,utterance_000001,0-0-4-10,group_0,EY,1,6,артистсемпе,"",0.08000000000000007,куракана,танах,P,#,P,t,final
545.0164759537647,2172.5357418367103,3056.351372008586,544.106029975348,2177.575903354352,3054.9289950705956,144.56100346725236,123.18119841201427,83.95331567555603,0.00010724214018115934,2.4163750000000004,0.04637500000000028,0.579687500000003,6410.25641025641,3,dct_smooth_regression,utterance_000001,0-0-4-10,group_0,EY,1,6,артистсемпе,"",0.08000000000000007,куракана,танах,P,#,P,t,final
553.0112227121716,2169.680145889801,3053.7891143691695,549.1241529358869,2164.601216648099,3050.2634014428836,146.5746047976358,131.7038228567323,93.32765761517223,0.00010724214018115934,2.418375,0.04837500000000006,0.6046875000000002,6410.25641025641,3,dct_smooth_regression,utterance_000001,0-0-4-10,group_0,EY,1,6,артистсемпе,"",0.08000000000000007,куракана,танах,P,#,P,t,final
558.4569464396085,2165.6360840956504,3047.26528298508,552.1781164213617,2147.7216176910556,3042.258853201997,147.589558380414,146.85867329433844,100.79027051546466,0.00010724214018115934,2.4203750000000004,0.05037500000000028,0.629687500000003,6410.25641025641,3,dct_smooth_regression,utterance_000001,0-0-4-10,group_0,EY,1,6,артистсемпе,"",0.08000000000000007,куракана,танах,P,#,P,t,final
560.1309167943222,2155.670880682803,3039.363064683439,553.520223160352,2128.3060883431904,3031.9734399286026,147.89604657129422,168.77396781777531,105.64275641259552,0.00010724214018115934,2.422375,0.05237500000000006,0.6546875000000002,6410.25641025641,3,dct_smooth_regression,utterance_000001,0-0-4-10,group_0,EY,1,6,артистсемпе,"",0.08000000000000007,куракана,танах,P,#,P,t,final
557.9502962477657,2136.028492570114,3029.9745866924986,553.5978492866336,2108.439083237784,3020.8730212823148,147.77397446880232,196.21444685244023,107.94389773072761,0.00010724214018115934,2.4243750000000004,0.054375000000000284,0.679687500000003,6410.25641025641,3,dct_smooth_regression,utterance_000001,0-0-4-10,group_0,EY,1,6,артистсемпе,"",0.08000000000000007,куракана,танах,P,#,P,t,final
553.1242158944042,2103.1238244214255,3015.4782505955163,552.9637728768184,2090.5655580014322,3010.604292581123,147.46444413697452,225.72116375348406,108.39034781736876,0.00010724214018115934,2.426375,0.056375000000000064,0.7046875000000002,6410.25641025641,3,dct_smooth_regression,utterance_000001,0-0-4-10,group_0,EY,1,6,артистсемпе,"",0.08000000000000007,куракана,танах,P,#,P,t,final
547.8785572171224,2062.300594325319,2997.9798084434924,552.1674431285154,2077.0581761986195,3002.727622606771,147.153856615823,251.4489199714829,107.95276801115146,0.00010724214018115934,2.4283750000000004,0.05837500000000029,0.7296875000000029,6410.25641025641,3,dct_smooth_regression,utterance_000001,0-0-4-10,group_0,EY,1,6,артистсемпе,"",0.08000000000000007,куракана,танах,P,#,P,t,final
543.88426567849,2026.3562902523938,2983.102822642261,551.6477620843693,2069.789205344342,2998.4574711778773,146.9673424213862,266.64672215973724,107.49034294046021,0.00010724214018115934,2.430375,0.06037500000000007,0.7546875000000002,6410.25641025641,3,dct_smooth_regression,utterance_000001,0-0-4-10,group_0,EY,1,6,артистсемпе,"",0.08000000000000007,куракана,танах,P,#,P,t,final
355.0124925997499,2849.4470837451586,3540.079176993081,356.7700790579046,2850.068351722395,3537.076719890483,48.7673621693607,61.95552187743002,366.3729314315292,6.259662894897098e-6,4.646374999999999,0.006374999999999353,0.12749999999998526,7487.179487179487,3,dct_smooth_regression,utterance_000001,0-0-11-1,group_0,EY,1,6,е,"",0.05000000000000071,<eps>,йӗртеҫҫӗ,Y,#,Y,Y,final
362.2980582383529,2844.668546042691,3511.4777616319966,360.8523122456158,2844.3150552519073,3514.464191732814,48.002160517057504,61.14996569621229,342.86992615503505,6.259662894897098e-6,4.648375,0.008375000000000021,0.16749999999999804,7487.179487179487,3,dct_smooth_regression,utterance_000001,0-0-11-1,group_0,EY,1,6,е,"",0.05000000000000071,<eps>,йӗртеҫҫӗ,Y,#,Y,Y,final
368.8684780786483,2835.3474176654813,3476.5150791380415,367.6215893582371,2834.5884142523105,3477.896962409515,46.87903576069707,61.291493114687924,307.67098495039517,6.259662894897098e-6,4.6503749999999995,0.010374999999999801,0.20749999999999308,7487.179487179487,3,dct_smooth_regression,utterance_000001,0-0-11-1,group_0,EY,1,6,е,"",0.05000000000000071,<eps>,йӗртеҫҫӗ,Y,#,Y,Y,final
374.914444656361,2823.061332179321,3440.3367296587826,375.07176119539696,2823.0760628683975,3439.6914869455613,45.94745528093878,64.50071882498318,275.01449937779586,6.259662894897098e-6,4.652374999999999,0.01237499999999958,0.2474999999999881,7487.179487179487,3,dct_smooth_regression,utterance_000001,0-0-11-1,group_0,EY,1,6,е,"",0.05000000000000071,<eps>,йӗртеҫҫӗ,Y,#,Y,Y,final
380.6949668063199,2810.096255064631,3409.948963729578,381.6314656176031,2810.832023644348,3409.0721335352973,45.60989319771182,71.95338616891398,253.70341778824113,6.259662894897098e-6,4.654374999999999,0.01437499999999936,0.2874999999999831,7487.179487179487,3,dct_smooth_regression,utterance_000001,0-0-11-1,group_0,EY,1,6,е,"",0.05000000000000071,<eps>,йӗртеҫҫӗ,Y,#,Y,Y,final
386.22284650312304,2797.0641663827773,3388.2759600848435,386.8073891587931,2797.414652274469,3387.886564279524,45.998211260649896,82.95956196130507,245.7460979174783,6.259662894897098e-6,4.656375,0.01637500000000003,0.3274999999999959,7487.179487179487,3,dct_smooth_regression,utterance_000001,0-0-11-1,group_0,EY,1,6,е,"",0.05000000000000071,<eps>,йӗртеҫҫӗ,Y,#,Y,Y,final
391.3938554342172,2782.571780310143,3371.122338573223,391.08691362026264,2782.005742464453,3371.1222125066533,47.020665812840086,94.44218862097246,247.91097321432426,6.259662894897098e-6,4.6583749999999995,0.018374999999999808,0.36749999999999095,7487.179487179487,3,dct_smooth_regression,utterance_000001,0-0-11-1,group_0,EY,1,6,е,"",0.05000000000000071,<eps>,йӗртеҫҫӗ,Y,#,Y,Y,final
395.9743751979578,2765.841138575799,3351.3731916099146,395.2881783519894,2764.987126538786,3351.316788075201,48.490683821936315,102.23327104019117,253.14857340441327,6.259662894897098e-6,4.660374999999999,0.020374999999999588,0.407499999999986,7487.179487179487,3,dct_smooth_regression,utterance_000001,0-0-11-1,group_0,EY,1,6,е,"",0.05000000000000071,<eps>,йӗртеҫҫӗ,Y,#,Y,Y,final
400.3008598779387,2747.824858565086,3322.3890633769674,399.87514266572146,2748.5122177736357,3323.692904339752,50.23763406937369,104.30019733681026,253.06027206508486,6.259662894897098e-6,4.662374999999999,0.022374999999999368,0.44749999999998097,7487.179487179487,3,dct_smooth_regression,utterance_000001,0-0-11-1,group_0,EY,1,6,е,"",0.05000000000000071,<eps>,йӗртеҫҫӗ,Y,#,Y,Y,final
404.3639987423945,2734.5058437566267,3287.6313551900407,404.6752400977792,2735.4598529279447,3288.960052480771,52.12590849426304,102.22641308597183,242.77694202724194,6.259662894897098e-6,4.664375,0.024375000000000036,0.48749999999999377,7487.179487179487,3,dct_smooth_regression,utterance_000001,0-0-11-1,group_0,EY,1,6,е,"",0.05000000000000071,<eps>,йӗртеҫҫӗ,Y,#,Y,Y,final
408.2869621237444,2728.1526028864773,3254.789636581193,409.06729312544144,2727.575272137419,3252.745292683467,53.98402531885729,99.08144495320802,224.70305874150029,6.259662894897098e-6,4.6663749999999995,0.026374999999999815,0.5274999999999888,7487.179487179487,3,dct_smooth_regression,utterance_000001,0-0-11-1,group_0,EY,1,6,е,"",0.05000000000000071,<eps>,йӗртеҫҫӗ,Y,#,Y,Y,final
411.89876405929,2725.6849573970467,3226.530391669768,412.37214017236903,2724.3590194526214,3222.793077262602,55.534901092847385,96.84244357139451,206.4541149352074,6.259662894897098e-6,4.668374999999999,0.028374999999999595,0.5674999999999838,7487.179487179487,3,dct_smooth_regression,utterance_000001,0-0-11-1,group_0,EY,1,6,е,"",0.05000000000000071,<eps>,йӗртеҫҫӗ,Y,#,Y,Y,final
415.0153702351171,2722.612639556661,3202.152888623986,414.1259678861012,2723.6848308192075,3205.9041507197726,56.43506153874746,95.8730449608645,195.39141838180174,6.259662894897098e-6,4.670374999999999,0.030374999999999375,0.6074999999999788,7487.179487179487,3,dct_smooth_regression,utterance_000001,0-0-11-1,group_0,EY,1,6,е,"",0.05000000000000071,<eps>,йӗртеҫҫӗ,Y,#,Y,Y,final
398.2089185987439,2698.635715174138,3358.7543853056995,402.97525649243596,2711.089788137118,3356.1771614717436,85.61555393441255,89.32369712223942,248.51155322824803,0.00004320577460220603,5.1263749999999995,0.006374999999999353,0.07968749999999185,7307.692307692308,3,dct_smooth_regression,utterance_000001,0-0-12-4,group_0,EY,1,6,йӗртеҫҫӗ,"",0.08000000000000007,е,ӗнтӗ,t,ɕː,t,ɕː,internal
403.2177820713945,2703.801462895395,3347.1988861629525,404.23913270853865,2710.2030338234913,3348.6486964655987,84.82142971436731,90.62899518070918,252.0427412955616,0.00004320577460220603,5.128375,0.008375000000000021,0.10468750000000018,7307.692307692308,3,dct_smooth_regression,utterance_000001,0-0-12-4,group_0,EY,1,6,йӗртеҫҫӗ,"",0.08000000000000007,е,ӗнтӗ,t,ɕː,t,ɕː,internal
407.5342061919605,2707.7307519271217,3337.613659733404,406.6326920469871,2708.457512889865,3334.7909453333045,83.31663869121644,93.06919429146483,258.7864255450672,0.00004320577460220603,5.130375,0.010374999999999801,0.1296874999999974,7307.692307692308,3,dct_smooth_regression,utterance_000001,0-0-12-4,group_0,EY,1,6,йӗртеҫҫӗ,"",0.08000000000000007,е,ӗнтӗ,t,ɕː,t,ɕː,internal
412.4627004248782,2710.840564590228,3320.197295454217,409.907467594276,2705.916015422681,3316.785934929699,81.25284063420501,96.3067190502414,268.09807609922285,0.00004320577460220603,5.132375,0.01237499999999958,0.15468749999999462,7307.692307692308,3,dct_smooth_regression,utterance_000001,0-0-12-4,group_0,EY,1,6,йӗртеҫҫӗ,"",0.08000000000000007,е,ӗнтӗ,t,ɕː,t,ɕː,internal
417.1432876439037,2711.75281565617,3290.905473632945,413.7371646743253,2702.6868733703127,3297.406498423545,78.82391037479238,99.85877795635378,279.016742020151,0.00004320577460220603,5.1343749999999995,0.01437499999999936,0.17968749999999184,7307.692307692308,3,dct_smooth_regression,utterance_000001,0-0-12-4,group_0,EY,1,6,йӗртеҫҫӗ,"",0.08000000000000007,е,ӗнтӗ,t,ɕː,t,ɕː,internal
420.1349829409728,2708.925715035767,3264.4914246402604,417.76446678021847,2698.9336024367253,3279.521965657687,76.23628207463184,103.15865506793803,290.32722816959205,0.00004320577460220603,5.136375,0.01637500000000003,0.2046875000000002,7307.692307692308,3,dct_smooth_regression,utterance_000001,0-0-12-4,group_0,EY,1,6,йӗртеҫҫӗ,"",0.08000000000000007,е,ӗнтӗ,t,ɕː,t,ɕː,internal
421.94689850219805,2703.123071061121,3258.082169323513,421.6503794364926,2694.8776351795746,3265.5937725131607,73.68242059508569,105.66364399966776,300.70198913072505,0.00004320577460220603,5.138375,0.018374999999999808,0.2296874999999974,7307.692307692308,3,dct_smooth_regression,utterance_000001,0-0-12-4,group_0,EY,1,6,йӗртеҫҫӗ,"",0.08000000000000007,е,ӗнтӗ,t,ɕː,t,ɕː,internal
424.1095005812172,2695.4104314846145,3266.8625338701304,425.11804468791837,2690.7891682242093,3257.254297120467,71.32177803875487,106.98759999300789,308.9155523277561,0.00004320577460220603,5.140375,0.020374999999999588,0.2546874999999946,7307.692307692308,3,dct_smooth_regression,utterance_000001,0-0-12-4,group_0,EY,1,6,йӗртеҫҫӗ,"",0.08000000000000007,е,ӗнтӗ,t,ɕː,t,ɕː,internal
426.5312799479452,2687.3868285725066,3274.859489596071,427.98414888252165,2686.9635067928884,3255.0456026680454,69.27046430561919,107.00895979252749,314.07857482429836,0.00004320577460220603,5.1423749999999995,0.022374999999999368,0.2796874999999919,7307.692307692308,3,dct_smooth_regression,utterance_000001,0-0-12-4,group_0,EY,1,6,йӗртеҫҫӗ,"",0.08000000000000007,е,ӗнтӗ,t,ɕː,t,ɕː,internal
428.7717675172871,2679.54007978385,3275.808778367428,430.1734299538311,2683.6837140629614,3258.363697312256,67.59839937394037,105.90475551512672,315.8101263220737,0.00004320577460220603,5.144375,0.024375000000000036,0.30468750000000017,7307.692307692308,3,dct_smooth_regression,utterance_000001,0-0-12-4,group_0,EY,1,6,йӗртеҫҫӗ,"",0.08000000000000007,е,ӗнтӗ,t,ɕː,t,ɕː,internal
430.89275120689257,2672.787157897902,3270.485230553901,431.714906676096,2681.1741243756187,3265.6144957658594,66.33156637564241,104.09458237761886,314.2803677384716,0.00004320577460220603,5.146375,0.026374999999999815,0.3296874999999974,7307.692307692308,3,dct_smooth_regression,utterance_000001,0-0-12-4,group_0,EY,1,6,йӗртеҫҫӗ,"",0.08000000000000007,е,ӗнтӗ,t,ɕː,t,ɕː,internal
432.5901640837411,2669.047807899417,3263.09343968706,432.7217113426638,2679.552498783394,3274.5475483576824,65.45705631052844,102.12300964176595,310.10872187208895,0.00004320577460220603,5.148375,0.028374999999999595,0.35468749999999466,7307.692307692308,3,dct_smooth_regression,utterance_000001,0-0-12-4,group_0,EY,1,6,йӗртеҫҫӗ,"",0.08000000000000007,е,ӗнтӗ,t,ɕː,t,ɕː,internal
433.35865403911663,2669.3084516116,3260.0420568072527,433.35920354954885,2678.790490373975,3282.7005332670174,64.92938751585292,100.53181805605529,304.16259268181415,0.00004320577460220603,5.1503749999999995,0.030374999999999375,0.37968749999999185,7307.692307692308,3,dct_smooth_regression,utterance_000001,0-0-12-4,group_0,EY,1,6,йӗртеҫҫӗ,"",0.08000000000000007,е,ӗнтӗ,t,ɕː,t,ɕː,internal
433.54798047860754,2673.066292967643,3265.8703058277497,433.80787083632123,2678.692083811064,3287.867795174218,64.67753619918962,99.76279405543005,297.33281298070307,0.00004320577460220603,5.152375,0.03237500000000004,0.4046875000000002,7307.692307692308,3,dct_smooth_regression,utterance_000001,0-0-12-4,group_0,EY,1,6,йӗртеҫҫӗ,"",0.08000000000000007,е,ӗнтӗ,t,ɕː,t,ɕː,internal
433.87526219042326,2679.224109330374,3279.4028769502165,434.2280712574413,2678.897586668549,3288.5035125404816,64.6128058942761,100.10334155192659,290.3529768050287,0.00004320577460220603,5.154375,0.03437499999999982,0.4296874999999974,7307.692307692308,3,dct_smooth_regression,utterance_000001,0-0-12-4,group_0,EY,1,6,йӗртеҫҫӗ,"",0.08000000000000007,е,ӗнтӗ,t,ɕː,t,ɕː,internal
434.61802847223925,2685.6647507372845,3293.216406300839,434.7328837113105,2678.9168169865547,3283.9846892510855,64.63786584836592,101.66439503265103,283.6969212201126,0.00004320577460220603,5.156375,0.0363749999999996,0.45468749999999464,7307.692307692308,3,dct_smooth_regression,utterance_000001,0-0-12-4,group_0,EY,1,6,йӗртеҫҫӗ,"",0.08000000000000007,е,ӗнтӗ,t,ɕː,t,ɕː,internal
435.9727117434178,2689.7965409474755,3297.2206483130813,435.3734016145269,2678.189992305658,3274.688012836294,64.65697031905664,104.37474546845614,277.55626636815964,0.00004320577460220603,5.1583749999999995,0.03837499999999938,0.4796874999999919,7307.692307692308,3,dct_smooth_regression,utterance_000001,0-0-12-4,group_0,EY,1,6,йӗртеҫҫӗ,"",0.08000000000000007,е,ӗнтӗ,t,ɕː,t,ɕː,internal
437.641876521576,2689.2698769191024,3284.072791701002,436.13814580248606,2676.169412527199,3261.8718659747396,64.58669328573505,107.9851266550912,271.8817088421135,0.00004320577460220603,5.160375,0.04037500000000005,0.5046875000000002,7307.692307692308,3,dct_smooth_regression,utterance_000001,0-0-12-4,group_0,EY,1,6,йӗртеҫҫӗ,"",0.08000000000000007,е,ӗнтӗ,t,ɕː,t,ɕː,internal
438.83939811232676,2682.5751802830955,3256.11652224175,436.9654244227103,2672.4103922371096,3247.39300149399,64.36579674236836,112.08925423273843,266.46667760174245,0.00004320577460220603,5.162375,0.04237499999999983,0.5296874999999974,7307.692307692308,3,dct_smooth_regression,utterance_000001,0-0-12-4,group_0,EY,1,6,йӗртеҫҫӗ,"",0.08000000000000007,е,ӗнтӗ,t,ɕː,t,ɕː,internal
439.04969322868436,2669.7491719401482,3227.5574531129587,437.764993271969,2666.657000424975,3233.3190647285032,63.9624743147361,116.17645634214138,261.05212478115106,0.00004320577460220603,5.164375,0.04437499999999961,0.5546874999999947,7307.692307692308,3,dct_smooth_regression,utterance_000001,0-0-12-4,group_0,EY,1,6,йӗртеҫҫӗ,"",0.08000000000000007,е,ӗнтӗ,t,ɕː,t,ɕː,internal
438.61350834123016,2652.8989594417562,3209.622745611802,438.44374211513133,2658.9076875155174,3221.517118584769,63.37744219473094,119.7234624642366,255.43090323099736,0.00004320577460220603,5.1663749999999995,0.04637499999999939,0.5796874999999919,7307.692307692308,3,dct_smooth_regression,utterance_000001,0-0-12-4,group_0,EY,1,6,йӗртеҫҫӗ,"",0.08000000000000007,е,ӗнтӗ,t,ɕː,t,ɕː,internal
437.7865625774731,2637.3233566660674,3203.3373770689855,438.9296427319059,2649.448073726048,3213.3010252286203,62.6421837421465,122.31140494228804,249.52967773608768,0.00004320577460220603,5.168375,0.04837500000000006,0.6046875000000002,7307.692307692308,3,dct_smooth_regression,utterance_000001,0-0-12-4,group_0,EY,1,6,йӗртеҫҫӗ,"",0.08000000000000007,е,ӗнтӗ,t,ɕː,t,ɕː,internal
436.75022587665194,2625.816064848852,3202.7766553533534,439.18889959986444,2638.8427960090453,3209.2066609579865,61.812791339903505,123.73071459181179,243.44986889670164,0.00004320577460220603,5.170375,0.05037499999999984,0.6296874999999974,7307.692307692308,3,dct_smooth_regression,utterance_000001,0-0-12-4,group_0,EY,1,6,йӗртеҫҫӗ,"",0.08000000000000007,е,ӗнтӗ,t,ɕː,t,ɕː,internal
436.41119505350247,2618.0644799546853,3204.620753378877,439.2329597133421,2627.884651992745,3208.936486349395,60.96083498897832,124.03073656345063,237.4595523764581,0.00004320577460220603,5.172375,0.052374999999999616,0.6546874999999946,7307.692307692308,3,dct_smooth_regression,utterance_000001,0-0-12-4,group_0,EY,1,6,йӗртеҫҫӗ,"",0.08000000000000007,е,ӗнтӗ,t,ɕː,t,ɕː,internal
437.3072138515821,2611.6370929433833,3207.7780952929033,439.11437996607174,2617.5062771594003,3211.4796406986793,60.163154490758096,123.49186471497687,231.9429100685843,0.00004320577460220603,5.1743749999999995,0.054374999999999396,0.6796874999999919,7307.692307692308,3,dct_smooth_regression,utterance_000001,0-0-12-4,group_0,EY,1,6,йӗртеҫҫӗ,"",0.08000000000000007,е,ӗнтӗ,t,ɕː,t,ɕː,internal
438.8728517189501,2606.5325767841846,3212.811729879361,438.913016309473,2608.6660233277516,3215.377684631487,59.492319792276774,122.53326628117703,227.32579004854824,0.00004320577460220603,5.176375,0.056375000000000064,0.7046875000000002,7307.692307692308,3,dct_smooth_regression,utterance_000001,0-0-12-4,group_0,EY,1,6,йӗртеҫҫӗ,"",0.08000000000000007,е,ӗнтӗ,t,ɕː,t,ɕː,internal
440.36957444318415,2607.6390741765517,3221.9159882417216,438.7160715738881,2602.2244121221424,3219.0766617420313,59.008909490452176,121.59423037555955,223.99927360601922,0.00004320577460220603,5.178375,0.058374999999999844,0.7296874999999974,7307.692307692308,3,dct_smooth_regression,utterance_000001,0-0-12-4,group_0,EY,1,6,йӗртеҫҫӗ,"",0.08000000000000007,е,ӗнтӗ,t,ɕː,t,ɕː,internal
441.5653239124058,2617.812424863852,3235.548389173392,438.59679252021294,2598.8296357077174,3221.2891921044948,58.756041327360954,121.02773037933235,222.25762026985063,0.00004320577460220603,5.180375,0.06037499999999962,0.7546874999999946,7307.692307692308,3,dct_smooth_regression,utterance_000001,0-0-12-4,group_0,EY,1,6,йӗртеҫҫӗ,"",0.08000000000000007,е,ӗнтӗ,t,ɕː,t,ɕː,internal
