F1,F2,F3,F1_s,F2_s,F3_s,B1,B2,B3,error,time,rel_time,prop_time,max_formant,n_formant,smooth_method,file_name,id,group,label,speaker_num,optimized,word,stress,dur,pre_word,fol_word,pre_seg,fol_seg,abs_pre_seg,abs_fol_seg,context
827.4009619223631,1929.2551435746013,3122.892855908548,1002.8815452957086,2048.5476527674655,3306.071267029646,435.1022100804444,270.36758969253,442.8419593843889,0.020668970946962184,0.012749999999999997,0.012749999999999997,0.06710526315789472,5692.3076923076915,3,dct_smooth_regression,utterance_000004,0-0-0-0,group_0,SIL,1,4,<eps>,"",0.19,#,ҫав,#,#,SIL,ɕ,coextensive
856.2504600127327,1953.1923864356474,3155.7620363762917,1001.5387703045167,2047.9443707002206,3303.642714660639,434.50321167948243,271.34025368099697,444.5027623021882,0.020668970946962184,0.01475,0.01475,0.07763157894736843,5692.3076923076915,3,dct_smooth_regression,utterance_000004,0-0-0-0,group_0,SIL,1,4,<eps>,"",0.19,#,ҫав,#,#,SIL,ɕ,coextensive
908.8241651002165,2000.9385965174035,3206.127370406193,998.875019084867,2046.7402397263488,3298.8390793544218,433.33172119004576,273.28132790849503,447.81782021491597,0.020668970946962184,0.016749999999999998,0.016749999999999998,0.0881578947368421,5692.3076923076915,3,dct_smooth_regression,utterance_000004,0-0-0-0,group_0,SIL,1,4,<eps>,"",0.19,#,ҫав,#,#,SIL,ɕ,coextensive
946.3027610329889,2023.3419408635575,3243.621916808695,994.9335125746825,2044.940216521418,3291.7660789671486,431.639616150624,276.18200143121146,452.773396967581,0.020668970946962184,0.018749999999999996,0.018749999999999996,0.09868421052631578,5692.3076923076915,3,dct_smooth_regression,utterance_000004,0-0-0-0,group_0,SIL,1,4,<eps>,"",0.19,#,ҫав,#,#,SIL,ɕ,coextensive
962.9854240647164,2023.1318911130152,3262.773946731283,989.7781478223424,2042.55195813567,3282.5792657194447,429.5019680099277,280.0283155819217,459.34730937197577,0.020668970946962184,0.020749999999999998,0.020749999999999998,0.10921052631578947,5692.3076923076915,3,dct_smooth_regression,utterance_000004,0-0-0-0,group_0,SIL,1,4,<eps>,"",0.19,#,ҫав,#,#,SIL,ɕ,coextensive
974.5227506790151,2018.439954550835,3256.1853536730223,983.492396521643,2039.5860777715395,3271.4804743541213,427.01399653397914,284.80031964477985,467.5070955662621,0.020668970946962184,0.02275,0.02275,0.11973684210526317,5692.3076923076915,3,dct_smooth_regression,utterance_000004,0-0-0-0,group_0,SIL,1,4,<eps>,"",0.19,#,ҫав,#,#,SIL,ɕ,coextensive
987.4338337259354,2016.4748212886418,3234.9479213975646,976.1778689052578,2036.056468370538,3258.7132138311863,424.28738942590195,290.4710238734749,477.20768373070007,0.020668970946962184,0.024749999999999994,0.024749999999999994,0.13026315789473683,5692.3076923076915,3,dct_smooth_regression,utterance_000004,0-0-0-0,group_0,SIL,1,4,<eps>,"",0.19,#,ҫав,#,#,SIL,ɕ,coextensive
998.1133557790265,2019.2162053177701,3223.704071187528,967.9525700180671,2031.9806796999815,3244.5571080679097,421.44625233925893,297.005219726296,488.3886666377094,0.020668970946962184,0.026749999999999996,0.026749999999999996,0.14078947368421052,5692.3076923076915,3,dct_smooth_regression,utterance_000004,0-0-0-0,group_0,SIL,1,4,<eps>,"",0.19,#,ҫав,#,#,SIL,ɕ,coextensive
1005.1443637738195,2025.174749495958,3229.2060274872883,958.9488811091032,2027.3803318425,3229.321513004169,418.6229563236203,304.3582562065184,500.9713245841805,0.020668970946962184,0.028749999999999998,0.028749999999999998,0.1513157894736842,5692.3076923076915,3,dct_smooth_regression,utterance_000004,0-0-0-0,group_0,SIL,1,4,<eps>,"",0.19,#,ҫав,#,#,SIL,ɕ,coextensive
1012.5484323007588,2031.9859399031725,3248.235897530318,949.3113039387001,2022.281545700542,3213.3384561319526,415.9541240232396,312.47487923176504,514.855579875064,0.020668970946962184,0.03075,0.03075,0.1618421052631579,5692.3076923076915,3,dct_smooth_regression,utterance_000004,0-0-0-0,group_0,SIL,1,4,<eps>,"",0.19,#,ҫав,#,#,SIL,ɕ,coextensive
1019.3122267279731,2038.2347178613597,3287.6965106041953,939.194010095441,2016.7153694047224,3196.9550601407254,413.5769483385533,321.2882560816677,529.9171074575196,0.020668970946962184,0.03275,0.03275,0.1723684210526316,5692.3076923076915,3,dct_smooth_regression,utterance_000004,0-0-0-0,group_0,SIL,1,4,<eps>,"",0.19,#,ҫав,#,#,SIL,ɕ,coextensive
1007.5851068535145,2039.5557311136354,3362.8752641183914,928.7582408713032,2010.7181784148165,3180.525624142315,411.62597554562444,330.719316699653,546.004864215019,0.020668970946962184,0.034749999999999996,0.034749999999999996,0.18289473684210525,5692.3076923076915,3,dct_smooth_regression,utterance_000004,0-0-0-0,group_0,SIL,1,4,<eps>,"",0.19,#,ҫав,#,#,SIL,ɕ,coextensive
977.9427156664652,2031.991158539707,3110.3627858468985,918.1696057865627,2004.3320266654862,3164.4035437794823,410.23041747361975,340.6765451560268,562.9393280456278,0.020668970946962184,0.03675,0.03675,0.19342105263157894,5692.3076923076915,3,dct_smooth_regression,utterance_000004,0-0-0-0,group_0,SIL,1,4,<eps>,"",0.19,#,ҫав,#,#,SIL,ɕ,coextensive
951.0513566140564,2020.2769310971917,3163.717903639066,907.595329441174,1997.6049263581851,3148.933255211826,409.5119920108681,351.0563452134502,580.5117503872144,0.020668970946962184,0.03875,0.03875,0.20394736842105265,5692.3076923076915,3,dct_smooth_regression,utterance_000004,0-0-0-0,group_0,SIL,1,4,<eps>,"",0.19,#,ҫав,#,#,SIL,ɕ,coextensive
932.2484336529662,2015.4984884378396,3164.3084611599857,897.2014969692839,1990.5910349411822,3134.4423874265726,409.5832340975054,361.74408158376804,598.484715309198,0.020668970946962184,0.040749999999999995,0.040749999999999995,0.2144736842105263,5692.3076923076915,3,dct_smooth_regression,utterance_000004,0-0-0-0,group_0,SIL,1,4,<eps>,"",0.19,#,ҫав,#,#,SIL,ɕ,coextensive
926.5749775315554,2028.5633926120458,3303.112236292146,887.1503479816694,1983.3507294380972,3121.23430255249,410.5461745979162,372.6158622249293,616.5942585458048,0.020668970946962184,0.042749999999999996,0.042749999999999996,0.225,5692.3076923076915,3,dct_smooth_regression,utterance_000004,0-0-0-0,group_0,SIL,1,4,<eps>,"",0.19,#,ҫав,#,#,SIL,ɕ,coextensive
939.4644616915434,2047.0038604365363,3202.789118842408,877.5976675113026,1975.9505505508832,3109.5811949716435,412.49125417685457,383.5410777056909,634.5537270024001,0.020668970946962184,0.04475,0.04475,0.2355263157894737,5692.3076923076915,3,dct_smooth_regression,utterance_000004,0-0-0-0,group_0,SIL,1,4,<eps>,"",0.19,#,ҫав,#,#,SIL,ɕ,coextensive
959.830410158518,2039.6309649739171,3165.707582078808,868.6903201643113,1968.4630018275159,3099.7179072292993,415.4963240773024,394.38565412378097,652.0594530176287,0.020668970946962184,0.04675,0.04675,0.24605263157894738,5692.3076923076915,3,dct_smooth_regression,utterance_000004,0-0-0-0,group_0,SIL,1,4,<eps>,"",0.19,#,ҫав,#,#,SIL,ɕ,coextensive
935.7517882636422,2020.2990508233208,3157.8080158945377,860.5639704761986,1960.966192583419,3091.8366043296155,419.6255850297252,405.01591125045894,668.7981824118569,0.020668970946962184,0.04875,0.04875,0.2565789473684211,5692.3076923076915,3,dct_smooth_regression,utterance_000004,0-0-0-0,group_0,SIL,1,4,<eps>,"",0.19,#,ҫав,#,#,SIL,ɕ,coextensive
884.1363939449127,2002.145574864116,3162.672742905553,853.341028453379,1953.5433171197074,3086.082428349538,424.92832847387695,415.3028541740496,684.456040755458,0.020668970946962184,0.05075,0.05075,0.2671052631578948,5692.3076923076915,3,dct_smooth_regression,utterance_000004,0-0-0-0,group_0,SIL,1,4,<eps>,"",0.19,#,ҫав,#,#,SIL,ɕ,coextensive
875.8225408097319,1995.4314527754118,3174.7582820172056,847.128854531573,1946.2819669986447,3082.550232855243,431.43736991814586,425.12667237380117,698.72866295459,0.020668970946962184,0.052750000000000005,0.052750000000000005,0.27763157894736845,5692.3076923076915,3,dct_smooth_regression,utterance_000004,0-0-0-0,group_0,SIL,1,4,<eps>,"",0.19,#,ҫав,#,#,SIL,ɕ,coextensive
881.5973130514209,2004.2764264063542,3187.608951168916,842.0182528086821,1939.273277614533,3081.2824718784454,439.16710192497123,434.38118238219215,711.3319653999056,0.020668970946962184,0.05475000000000001,0.05475000000000001,0.28815789473684217,5692.3076923076915,3,dct_smooth_regression,utterance_000004,0-0-0-0,group_0,SIL,1,4,<eps>,"",0.19,#,ҫав,#,#,SIL,ɕ,coextensive
871.0410023532328,2017.520871356129,3186.3261020404143,838.0822755260413,1932.6109149254817,3082.2682917697325,448.11114345318214,442.97793510359185,722.0129270821527,0.020668970946962184,0.056749999999999995,0.056749999999999995,0.2986842105263158,5692.3076923076915,3,dct_smooth_regression,utterance_000004,0-0-0-0,group_0,SIL,1,4,<eps>,"",0.19,#,ҫав,#,#,SIL,ɕ,coextensive
841.5786990394724,2023.3219962709293,3167.036327570892,835.3753555038239,1926.3899128714443,3085.4438466980805,458.23962260035296,450.84972000585145,730.5596840733818,0.020668970946962184,0.05875,0.05875,0.3092105263157895,5692.3076923076915,3,dct_smooth_regression,utterance_000004,0-0-0-0,group_0,SIL,1,4,<eps>,"",0.19,#,ҫав,#,#,SIL,ɕ,coextensive
809.1387619958243,2018.169390461236,3134.9729450337095,833.9327767162295,1920.7053765769767,3090.693830540408,469.496200049502,457.9532359715949,736.8102435414135,0.020668970946962184,0.06075,0.06075,0.31973684210526315,5692.3076923076915,3,dct_smooth_regression,utterance_000004,0-0-0-0,group_0,SIL,1,4,<eps>,"",0.19,#,ҫав,#,#,SIL,ɕ,coextensive
795.6137254464949,1987.67246429149,3083.312435251213,833.7704865564889,1915.6510708038386,3097.8541900439423,481.79501829055204,464.2707591410032,740.6591943438419,0.020668970946962184,0.06275,0.06275,0.33026315789473687,5692.3076923076915,3,dct_smooth_regression,utterance_000004,0-0-0-0,group_0,SIL,1,4,<eps>,"",0.19,#,ҫав,#,#,SIL,ɕ,coextensive
799.799003193054,1918.516857610119,3002.163698706391,834.8852467283552,1911.3179171623442,3106.715957085159,495.01784244007916,469.8107149166364,742.0619273628377,0.020668970946962184,0.06475,0.06475,0.3407894736842106,5692.3076923076915,3,dct_smooth_regression,utterance_000004,0-0-0-0,group_0,SIL,1,4,<eps>,"",0.19,#,ҫав,#,#,SIL,ɕ,coextensive
809.7921101393364,1855.7864853140168,2944.749322604352,837.2551132455322,1907.792427200583,3117.030112211548,509.0117350269713,474.607145511518,741.0360669657922,0.020668970946962184,0.06674999999999999,0.06674999999999999,0.3513157894736842,5692.3076923076915,3,dct_smooth_regression,utterance_000004,0-0-0-0,group_0,SIL,1,4,<eps>,"",0.19,#,ҫав,#,#,SIL,ɕ,coextensive
819.508957244615,1838.3545533645972,2970.5033773866476,840.8402298546316,1905.1551015652462,3128.513368023518,523.5876693481666,478.7181462410159,737.6600345741905,0.020668970946962184,0.06874999999999999,0.06874999999999999,0.36184210526315785,5692.3076923076915,3,dct_smooth_regression,utterance_000004,0-0-0-0,group_0,SIL,1,4,<eps>,"",0.19,#,ҫав,#,#,SIL,ɕ,coextensive
823.6129657735197,1849.5207673667283,3120.251034523325,845.5839134444358,1903.478827876038,3140.8547398743394,538.5205213382521,482.22341410307564,732.0688910374864,0.020668970946962184,0.07075,0.07075,0.37236842105263157,5692.3076923076915,3,dct_smooth_regression,utterance_000004,0-0-0-0,group_0,SIL,1,4,<eps>,"",0.19,#,ҫав,#,#,SIL,ɕ,coextensive
814.2002485553247,1855.688936801385,3234.490043607793,851.4140047780772,1902.8273117002132,3153.722753318929,553.5508745232471,485.2211039917622,724.447810496281,0.020668970946962184,0.07275,0.07275,0.3828947368421053,5692.3076923076915,3,dct_smooth_regression,utterance_000004,0-0-0-0,group_0,SIL,1,4,<eps>,"",0.19,#,ҫав,#,#,SIL,ɕ,coextensive
799.2964133159408,1852.6555624317552,3227.294042474,858.24445328634,1903.2535759930422,3166.773123140872,568.3890137090331,487.8242169962531,715.0237022407265,0.020668970946962184,0.07475,0.07475,0.39342105263157895,5692.3076923076915,3,dct_smooth_regression,utterance_000004,0-0-0-0,group_0,SIL,1,4,<eps>,"",0.19,#,ҫав,#,#,SIL,ɕ,coextensive
800.0294952178133,1858.1362697833674,3177.9327926029364,865.9771007762181,1904.7985645395588,3179.656727965818,582.7213617571955,490.15675075404846,704.0556029492378,0.020668970946962184,0.07675,0.07675,0.40394736842105267,5692.3076923076915,3,dct_smooth_regression,utterance_000004,0-0-0-0,group_0,SIL,1,4,<eps>,"",0.19,#,ҫав,#,#,SIL,ɕ,coextensive
832.054112221426,1880.9355104026824,3132.7431248015537,874.503625809389,1907.4898842670113,3192.0276976763466,596.2194286891453,492.349825870108,691.8245024409948,0.020668970946962184,0.07875,0.07875,0.4144736842105263,5692.3076923076915,3,dct_smooth_regression,utterance_000004,0-0-0-0,group_0,SIL,1,4,<eps>,"",0.19,#,ҫав,#,#,SIL,ɕ,coextensive
885.0650108109419,1920.260946549109,3102.5340414628095,883.7076082430054,1911.340719789641,3203.5514282344766,608.5511024071789,494.5379694237373,678.6232434114355,0.020668970946962184,0.08075,0.08075,0.42500000000000004,5692.3076923076915,3,dct_smooth_regression,utterance_000004,0-0-0-0,group_0,SIL,1,4,<eps>,"",0.19,#,ҫав,#,#,SIL,ɕ,coextensive
915.4461603187759,1947.8224933602157,3075.2683521524305,893.4666720341136,1916.348951211294,3213.9123401531892,619.3938365870005,496.8556923776153,664.747058973798,0.020668970946962184,0.08275,0.08275,0.43552631578947376,5692.3076923076915,3,dct_smooth_regression,utterance_000004,0-0-0-0,group_0,SIL,1,4,<eps>,"",0.19,#,ҫав,#,#,SIL,ɕ,coextensive
871.2001483533296,1823.0686114183325,2995.998551966722,903.6546639039022,1922.4965030802744,3222.8212027007135,628.4490163104804,499.4344484737124,650.4851960355415,0.020668970946962184,0.08475,0.08475,0.4460526315789474,5692.3076923076915,3,dct_smooth_regression,utterance_000004,0-0-0-0,group_0,SIL,1,4,<eps>,"",0.19,#,ҫав,#,#,SIL,ɕ,coextensive
792.2632815738893,1682.5566806222957,2834.51203017698,914.1438258343084,1929.7489485174194,3230.0218558376037,635.456546266526,502.400013667341,636.1139349826973,0.020668970946962184,0.08675,0.08675,0.45657894736842103,5692.3076923076915,3,dct_smooth_regression,utterance_000004,0-0-0-0,group_0,SIL,1,4,<eps>,"",0.19,#,ҫав,#,#,SIL,ɕ,coextensive
772.9798139333892,1683.0145204006703,2919.9139411470987,924.8069206037734,1938.0553879936906,3235.297175650126,640.2085519820707,505.8702819521248,621.8911739707945,0.020668970946962184,0.08875,0.08875,0.46710526315789475,5692.3076923076915,3,dct_smooth_regression,utterance_000004,0-0-0-0,group_0,SIL,1,4,<eps>,"",0.19,#,ҫав,#,#,SIL,ɕ,coextensive
786.1180403219535,1707.935999108028,3049.512054660835,935.5192716193377,1947.3486171055351,3238.4741463397727,642.561047092379,509.9534388194756,608.0526139658315,0.020668970946962184,0.09075,0.09075,0.47763157894736846,5692.3076923076915,3,dct_smooth_regression,utterance_000004,0-0-0-0,group_0,SIL,1,4,<eps>,"",0.19,#,ҫав,#,#,SIL,ɕ,coextensive
819.652647326273,1768.5526499003827,3219.064124333585,946.1606811098676,1957.5455920881056,3239.4279222621453,642.4425196908887,514.7464494123553,594.809469233297,0.020668970946962184,0.09275,0.09275,0.4881578947368421,5692.3076923076915,3,dct_smooth_regression,utterance_000004,0-0-0-0,group_0,SIL,1,4,<eps>,"",0.19,#,ҫав,#,#,SIL,ɕ,coextensive
905.7991080891989,1919.888764520388,3389.3029125991748,956.6171942354412,1968.548195834104,3238.0847866118465,639.858627574042,520.3337852621671,582.3475434274933,0.020668970946962184,0.09475,0.09475,0.49868421052631584,5692.3076923076915,3,dct_smooth_regression,utterance_000004,0-0-0-0,group_0,SIL,1,4,<eps>,"",0.19,#,ҫав,#,#,SIL,ɕ,coextensive
1029.408946168019,2029.4891466334966,3445.804129228543,966.7826807523896,1980.2443009761998,3234.4239385948667,634.8925413451867,526.7863109602705,570.827455701239,0.020668970946962184,0.09675,0.09675,0.5092105263157896,5692.3076923076915,3,dct_smooth_regression,utterance_000004,0-0-0-0,group_0,SIL,1,4,<eps>,"",0.19,#,ҫав,#,#,SIL,ɕ,coextensive
1101.2690891248467,2072.189325072322,3463.394089654052,976.560210452148,1992.5091202778235,3228.4780677387766,627.700890683374,534.1602591751222,560.3857727528118,0.020668970946962184,0.09875,0.09875,0.5197368421052632,5692.3076923076915,3,dct_smooth_regression,utterance_000004,0-0-0-0,group_0,SIL,1,4,<eps>,"",0.19,#,ҫав,#,#,SIL,ɕ,coextensive
1127.5038973209712,2093.6196130475732,3443.607376616957,985.8632035555212,2005.2068282996502,3220.3327017505385,618.5056943552129,542.4962376560567,551.1367974356654,0.020668970946962184,0.10074999999999999,0.10074999999999999,0.5302631578947369,5692.3076923076915,3,dct_smooth_regression,utterance_000004,0-0-0-0,group_0,SIL,1,4,<eps>,"",0.19,#,ҫав,#,#,SIL,ɕ,coextensive
1122.6270273916482,2107.7973983257384,3377.221472008304,994.6163424761288,2018.1924322078296,3210.124342406747,607.5830283805847,551.8182336352122,543.1747771409938,0.020668970946962184,0.10275,0.10275,0.5407894736842105,5692.3076923076915,3,dct_smooth_regression,utterance_000004,0-0-0-0,group_0,SIL,1,4,<eps>,"",0.19,#,ҫав,#,#,SIL,ɕ,coextensive
1106.3028475032472,2116.9351735987057,3305.4550387506306,1002.7562367474275,2031.3138638039616,3198.037431709245,595.2494582501342,562.132607605788,536.5763199489086,0.020668970946962184,0.10475,0.10475,0.5513157894736842,5692.3076923076915,3,dct_smooth_regression,utterance_000004,0-0-0-0,group_0,SIL,1,4,<eps>,"",0.19,#,ҫав,#,#,SIL,ɕ,coextensive
1090.8259471194465,2122.7708197313195,3263.1353397458947,1010.2318383153888,2044.4142595201947,3184.3002173252867,581.8473981057329,573.4270979625362,531.4028382616308,0.020668970946962184,0.10675,0.10675,0.5618421052631579,5692.3076923076915,3,dct_smooth_regression,utterance_000004,0-0-0-0,group_0,SIL,1,4,<eps>,"",0.19,#,ҫав,#,#,SIL,ɕ,coextensive
1073.4728631824546,2126.785084202572,3249.949054991658,1017.0046097135179,2057.3343903620407,3169.1796115427587,567.7305538544002,585.6698884184456,527.7028738916251,0.020668970946962184,0.10875,0.10875,0.5723684210526316,5692.3076923076915,3,dct_smooth_regression,utterance_000004,0-0-0-0,group_0,SIL,1,4,<eps>,"",0.19,#,ҫав,#,#,SIL,ɕ,coextensive
1047.2083109093776,2132.2677967346785,3250.9944929349567,1023.0484527425867,2069.915199712106,3152.975161030326,553.2504730021853,598.8088192030964,525.5141920917685,0.020668970946962184,0.11075,0.11075,0.5828947368421054,5692.3076923076915,3,dct_smooth_regression,utterance_000004,0-0-0-0,group_0,SIL,1,4,<eps>,"",0.19,#,ҫав,#,#,SIL,ɕ,coextensive
1016.1012929672964,2145.3212141219255,3248.7426311484833,1028.3494100649937,2082.0004036319897,3136.012265071869,538.7449942777527,612.7708482683272,524.8655626234231,0.020668970946962184,0.11275,0.11275,0.593421052631579,5692.3076923076915,3,dct_smooth_regression,utterance_000004,0-0-0-0,group_0,SIL,1,4,<eps>,"",0.19,#,ҫав,#,#,SIL,ɕ,coextensive
995.4457438183714,2178.89313955776,3213.74973905657,1032.9051564929907,2093.439105903157,3118.634797177629,524.5291074047711,627.4618872972558,525.7781725164732,0.020668970946962184,0.11475,0.11475,0.6039473684210527,5692.3076923076915,3,dct_smooth_regression,utterance_000004,0-0-0-0,group_0,SIL,1,4,<eps>,"",0.19,#,ҫав,#,#,SIL,ɕ,coextensive
1023.5174785988224,2229.491801442229,3089.84106533108,1036.72430061233,2104.088378598573,3101.197298666398,510.88844116572557,642.7671463561046,528.26663736382,0.020668970946962184,0.11675,0.11675,0.6144736842105264,5692.3076923076915,3,dct_smooth_regression,utterance_000004,0-0-0-0,group_0,SIL,1,4,<eps>,"",0.19,#,ҫав,#,#,SIL,ɕ,coextensive
1066.2763080628808,2243.0557508508723,3007.351403640421,1039.8255206625452,2113.8157585234126,3084.056922650212,498.0753331080866,658.552117841374,532.3395961008338,0.020668970946962184,0.11875000000000001,0.11875000000000001,0.6250000000000001,5692.3076923076915,3,dct_smooth_regression,utterance_000004,0-0-0-0,group_0,SIL,1,4,<eps>,"",0.19,#,ҫав,#,#,SIL,ɕ,coextensive
1086.4572201131268,2266.1721623572316,2986.211640306038,1042.2365612311771,2122.501610432226,3067.5653126097336,486.30722247460557,674.6643128214481,537.9998889330928,0.020668970946962184,0.12075000000000001,0.12075000000000001,0.6355263157894738,5692.3076923076915,3,dct_smooth_regression,utterance_000004,0-0-0-0,group_0,SIL,1,4,<eps>,"",0.19,#,ҫав,#,#,SIL,ɕ,coextensive
1105.753351976449,2287.0684287456374,2973.0090940320842,1043.993119266807,2130.0413095265267,3052.0606012927738,475.76696183828113,690.9358298509436,545.2443302866831,0.020668970946962184,0.12275000000000001,0.12275000000000001,0.6460526315789474,5692.3076923076915,3,dct_smooth_regression,utterance_000004,0-0-0-0,group_0,SIL,1,4,<eps>,"",0.19,#,ҫав,#,#,SIL,ɕ,coextensive
1125.2103230996945,2282.088119612551,2982.2070200130543,1045.1376491465674,2136.3471983435884,3037.859712964172,466.60456331671435,707.1867882536186,554.0630993098656,0.020668970946962184,0.12475000000000001,0.12475000000000001,0.6565789473684212,5692.3076923076915,3,dct_smooth_regression,utterance_000004,0-0-0-0,group_0,SIL,1,4,<eps>,"",0.19,#,ҫав,#,#,SIL,ɕ,coextensive
1126.5809243905578,2248.645147110593,3015.9351463145795,1045.7181170368274,2141.350276724825,3025.251145144026,458.9398741052849,723.2295970052137,564.4387804280211,0.020668970946962184,0.12675000000000003,0.12675000000000003,0.667105263157895,5692.3076923076915,3,dct_smooth_regression,utterance_000004,0-0-0-0,group_0,SIL,1,4,<eps>,"",0.19,#,ҫав,#,#,SIL,ɕ,coextensive
1102.0454483918988,2206.793881521898,3048.305737296154,1045.786734567225,2145.0015880394635,3014.488395050072,452.86570025392666,738.8739610094023,576.3450964568482,0.020668970946962184,0.12875000000000003,0.12875000000000003,0.6776315789473686,5692.3076923076915,3,dct_smooth_regression,utterance_000004,0-0-0-0,group_0,SIL,1,4,<eps>,"",0.19,#,ҫав,#,#,SIL,ɕ,coextensive
1069.777482764105,2173.818011356449,3070.4936853473682,1045.3987009211876,2147.2732701548834,3005.784181258157,448.4509524104357,753.9324549267214,589.7453872907174,0.020668970946962184,0.13075000000000003,0.13075000000000003,0.6881578947368423,5692.3076923076915,3,dct_smooth_regression,utterance_000004,0-0-0-0,group_0,SIL,1,4,<eps>,"",0.19,#,ҫав,#,#,SIL,ɕ,coextensive
1049.9649560164835,2144.0109787703655,3087.093953699621,1044.610980869717,2148.159245688792,2999.305592948122,445.7434592001438,768.2264283157165,604.5908984031971,0.020668970946962184,0.13274999999999998,0.13274999999999998,0.6986842105263157,5692.3076923076915,3,dct_smooth_regression,utterance_000004,0-0-0-0,group_0,SIL,1,4,<eps>,"",0.19,#,ҫав,#,#,SIL,ɕ,coextensive
1044.0004754522654,2113.093983402589,3092.818179872495,1043.481144093607,2147.675532733267,2995.1702779255797,444.7721725632793,781.5919526860918,620.8189552158841,0.020668970946962184,0.13474999999999998,0.13474999999999998,0.7092105263157894,5692.3076923076915,3,dct_smooth_regression,utterance_000004,0-0-0-0,group_0,SIL,1,4,<eps>,"",0.19,#,ҫав,#,#,SIL,ɕ,coextensive
1042.8101975685777,2084.337969337236,3075.015312469396,1042.0662884200249,2145.860164375195,2993.443756887019,445.5485680683931,793.885488522039,638.351111384083,0.020668970946962184,0.13674999999999998,0.13674999999999998,0.7197368421052631,5692.3076923076915,3,dct_smooth_regression,utterance_000004,0-0-0-0,group_0,SIL,1,4,<eps>,"",0.19,#,ҫав,#,#,SIL,ɕ,coextensive
1035.490084093111,2062.144932153902,3036.679433891329,1040.4220664218349,2142.7727128086876,2994.137925668739,448.06711902584334,804.9889439725513,657.0913704842042,0.020668970946962184,0.13874999999999998,0.13874999999999998,0.7302631578947368,5692.3076923076915,3,dct_smooth_regression,utterance_000004,0-0-0-0,group_0,SIL,1,4,<eps>,"",0.19,#,ҫав,#,#,SIL,ɕ,coextensive
1014.7204752363913,2043.3442956129627,3006.513906616123,1038.6018312811543,2138.4934214909003,2997.2107800773083,452.3047962691473,814.813819446391,676.9245904739735,0.020668970946962184,0.14075,0.14075,0.7407894736842106,5692.3076923076915,3,dct_smooth_regression,utterance_000004,0-0-0-0,group_0,SIL,1,4,<eps>,"",0.19,#,ҫав,#,#,SIL,ɕ,coextensive
980.4084226566605,2031.87741360567,2990.7020581912407,1036.65591399883,2133.121956476124,3002.5673699612435,458.21961792196754,823.3041830226532,697.7151874403405,0.020668970946962184,0.14275,0.14275,0.7513157894736842,5692.3076923076915,3,dct_smooth_regression,utterance_000004,0-0-0-0,group_0,SIL,1,4,<eps>,"",0.19,#,ҫав,#,#,SIL,ɕ,coextensive
938.3511996224182,2025.5907841432022,2973.718504819571,1034.631040040258,2126.775795614866,3010.061961089148,465.74834829372304,830.4382960218836,719.3062582564028,0.020668970946962184,0.14475,0.14475,0.7618421052631579,5692.3076923076915,3,dct_smooth_regression,utterance_000004,0-0-0-0,group_0,SIL,1,4,<eps>,"",0.19,#,ҫав,#,#,SIL,ɕ,coextensive
908.2897759788785,2017.1608144753052,2950.785532182289,1032.569889449193,2119.5882815669734,3019.5013557910665,474.8035246862936,836.2287987948012,741.5192395618113,0.020668970946962184,0.14675,0.14675,0.7723684210526316,5692.3076923076915,3,dct_smooth_regression,utterance_000004,0-0-0-0,group_0,SIL,1,4,<eps>,"",0.19,#,ҫав,#,#,SIL,ɕ,coextensive
894.1044996831251,1998.7392725484724,2923.1643436087343,1030.5108004388976,2111.7063713976136,3030.6492968286525,485.2700759268937,840.7214642105491,764.1542118460003,0.020668970946962184,0.14875,0.14875,0.7828947368421053,5692.3076923076915,3,dct_smooth_regression,utterance_000004,0-0-0-0,group_0,SIL,1,4,<eps>,"",0.19,#,ҫав,#,#,SIL,ɕ,coextensive
885.0860914665883,1962.336154774933,2872.6880485709103,1028.487612585519,2103.288121757146,3043.2318541917884,497.00188437689405,843.9926201990432,786.9909415467455,0.020668970946962184,0.15075,0.15075,0.793421052631579,5692.3076923076915,3,dct_smooth_regression,utterance_000004,0-0-0-0,group_0,SIL,1,4,<eps>,"",0.19,#,ҫав,#,#,SIL,ɕ,coextensive
878.5619973778977,1884.7808349450918,2755.458500457701,1026.5296420984641,2094.4999541569523,3056.9436720409662,509.81872752990415,846.145423537888,809.7907306306009,0.020668970946962184,0.15275,0.15275,0.8039473684210526,5692.3076923076915,3,dct_smooth_regression,utterance_000004,0-0-0-0,group_0,SIL,1,4,<eps>,"",0.19,#,ҫав,#,#,SIL,ɕ,coextensive
875.7907954096097,1764.1620181288501,2655.574285504536,1024.6617783158517,2085.5137495236463,3071.454933340223,523.5041052871135,847.3052274719763,832.2991123262699,0.020668970946962184,0.15475,0.15475,0.8144736842105263,5692.3076923076915,3,dct_smooth_regression,utterance_000004,0-0-0-0,group_0,SIL,1,4,<eps>,"",0.19,#,ҫав,#,#,SIL,ɕ,coextensive
871.304742769192,1656.488366673259,2632.28078545927,1022.904687649693,2076.5038249413415,3086.4188833047665,537.8044999083471,847.6143212934927,854.2493944228796,0.020668970946962184,0.15675,0.15675,0.8250000000000001,5692.3076923076915,3,dct_smooth_regression,utterance_000004,0-0-0-0,group_0,SIL,1,4,<eps>,"",0.19,#,ҫав,#,#,SIL,ɕ,coextensive
846.7261510235357,1556.8220168033233,2648.7091820961105,1021.275108753712,2067.6438481923165,3101.4797399963463,552.4306105605621,847.2263296166203,875.3670093867188,0.020668970946962184,0.15875,0.15875,0.8355263157894738,5692.3076923076915,3,dct_smooth_regression,utterance_000004,0-0-0-0,group_0,SIL,1,4,<eps>,"",0.19,#,ҫав,#,#,SIL,ɕ,coextensive
715.6693665638471,1474.3433083022635,2673.2764256634487,1019.7862207623921,2059.103747318323,3116.280811530559,567.0610370090376,846.3005448400236,895.3745856885268,0.020668970946962184,0.16075,0.16075,0.8460526315789475,5692.3076923076915,3,dct_smooth_regression,utterance_000004,0-0-0-0,group_0,SIL,1,4,<eps>,"",0.19,#,ҫав,#,#,SIL,ɕ,coextensive
1382.1661013485002,2601.1777470873694,3909.9385707161837,1018.448065094388,2051.0466729080495,3130.472634616742,581.3487455604018,844.9964328073672,913.9976098792515,0.020668970946962184,0.16275,0.16275,0.8565789473684211,5692.3076923076915,3,dct_smooth_regression,utterance_000004,0-0-0-0,group_0,SIL,1,4,<eps>,"",0.19,#,ҫав,#,#,SIL,ɕ,coextensive
1273.8751850579165,2417.0889559160682,3491.873559679505,1017.2680005534428,2043.6260701546116,3143.7209486415286,594.9304321183021,843.4685051546486,930.9705071440795,0.020668970946962184,0.16475,0.16475,0.8671052631578948,5692.3076923076915,3,dct_smooth_regression,utterance_000004,0-0-0-0,group_0,SIL,1,4,<eps>,"",0.19,#,ҫав,#,#,SIL,ɕ,coextensive
1175.161469365819,2362.527715775097,3447.0957757702868,1016.2511713062723,2036.9829159278504,3155.7143232434896,607.4386123807567,841.8616990574598,946.0429324320718,0.020668970946962184,0.16675,0.16675,0.8776315789473685,5692.3076923076915,3,dct_smooth_regression,utterance_000004,0-0-0-0,group_0,SIL,1,4,<eps>,"",0.19,#,ҫав,#,#,SIL,ɕ,coextensive
1122.5042740152483,2327.6249906340718,3400.790820400977,1015.4009677647473,2031.243173201199,3166.171265223307,618.5159432136711,840.3073524999332,958.9860377509211,0.020668970946962184,0.16875,0.16875,0.8881578947368423,5692.3076923076915,3,dct_smooth_regression,utterance_000004,0-0-0-0,group_0,SIL,1,4,<eps>,"",0.19,#,ҫав,#,#,SIL,ɕ,coextensive
1095.167036296553,2275.1129558848206,3302.422529341739,1014.7194614287508,2026.5155112163632,3174.846642511386,627.8309518897954,838.9198161569715,969.5984663277223,0.020668970946962184,0.17075,0.17075,0.898684210526316,5692.3076923076915,3,dct_smooth_regression,utterance_000004,0-0-0-0,group_0,SIL,1,4,<eps>,"",0.19,#,ҫав,#,#,SIL,ɕ,coextensive
1072.3573881183265,2176.7187652284683,3214.0522033789775,1014.207796321086,2022.889334837962,3181.537278501221,635.0940708107962,837.7937053874,977.7118228551187,0.020668970946962184,0.17275000000000001,0.17275000000000001,0.9092105263157896,5692.3076923076915,3,dct_smooth_regression,utterance_000004,0-0-0-0,group_0,SIL,1,4,<eps>,"",0.19,#,ҫав,#,#,SIL,ɕ,coextensive
1052.2109065891852,2090.252831486858,3217.363664583602,1013.8665217175014,2020.4331607417885,3186.0865889962465,640.0726957661323,837.0017698815594,983.1953818506115,0.020668970946962184,0.17475000000000002,0.17475000000000002,0.9197368421052633,5692.3076923076915,3,dct_smooth_regression,utterance_000004,0-0-0-0,group_0,SIL,1,4,<eps>,"",0.19,#,ҫав,#,#,SIL,ɕ,coextensive
1047.6922147845946,2069.951317784477,3258.3775927340703,1013.6958533814283,2019.193371510417,3188.388155877241,642.6039480690689,836.5933447817356,985.9598231085121,0.020668970946962184,0.17675000000000002,0.17675000000000002,0.930263157894737,5692.3076923076915,3,dct_smooth_regression,utterance_000004,0-0-0-0,group_0,SIL,1,4,<eps>,"",0.19,#,ҫав,#,#,SIL,ɕ,coextensive
433.6365739945994,2092.5759692473443,2569.5289669705376,371.62152631770965,2083.961913625798,3044.732474139246,102.53919867505117,32.90008184913839,276.41039933743457,0.006948041415730892,1.456375,0.0063750000000000195,0.016346153846153892,6410.25641025641,3,dct_smooth_regression,utterance_000004,0-0-5-0,group_0,SIL,1,4,<eps>,"",0.3900000000000001,<unk>,юписем,#,#,spn,Y,coextensive
429.60052823117934,2080.282224805571,2758.335663281804,371.8317399355508,2084.120071403086,3044.4036408344186,102.3550004041318,32.97279841963763,276.3616485625263,0.006948041415730892,1.458375,0.008375000000000021,0.021474358974359023,6410.25641025641,3,dct_smooth_regression,utterance_000004,0-0-5-0,group_0,SIL,1,4,<eps>,"",0.3900000000000001,<unk>,юписем,#,#,spn,Y,coextensive
423.5794151083539,2074.478544945105,2987.6514271613437,372.2513148716092,2084.43545469399,3043.74764642724,101.9884620317968,33.11851911453416,276.26417090241483,0.006948041415730892,1.460375,0.010375000000000023,0.026602564102564154,6410.25641025641,3,dct_smooth_regression,utterance_000004,0-0-5-0,group_0,SIL,1,4,<eps>,"",0.3900000000000001,<unk>,юписем,#,#,spn,Y,coextensive
413.78204159602103,2073.4355114518826,3093.8085140944977,372.8785502404268,2084.906202811323,3042.767825900589,101.44326376252434,33.337818516722315,276.11801421945177,0.006948041415730892,1.462375,0.012375000000000025,0.031730769230769285,6410.25641025641,3,dct_smooth_regression,utterance_000004,0-0-5-0,group_0,SIL,1,4,<eps>,"",0.3900000000000001,<unk>,юписем,#,#,spn,Y,coextensive
399.56492663687095,2072.896458089211,3079.15398387793,373.7109039821254,2085.529534308853,3041.4691582229507,100.72483673111302,33.63155714661763,275.9232505140864,0.006948041415730892,1.464375,0.014375000000000027,0.036858974358974415,6410.25641025641,3,dct_smooth_regression,utterance_000004,0-0-5-0,group_0,SIL,1,4,<eps>,"",0.3900000000000001,<unk>,юписем,#,#,spn,Y,coextensive
383.20416217487406,2069.832369470671,3070.868364838843,374.745003939184,2086.301758438453,3039.8582382793456,99.84025920254774,34.00087972071083,275.67997617196784,0.006948041415730892,1.466375,0.01637500000000003,0.041987179487179546,6410.25641025641,3,dct_smooth_regression,utterance_000004,0-0-5-0,group_0,SIL,1,4,<eps>,"",0.3900000000000001,<unk>,юписем,#,#,spn,Y,coextensive
368.7113861316936,2065.1691548123945,3064.279729445494,375.9766625503725,2087.2182903526614,3037.9432396750294,98.79812335633498,34.44721263494179,275.38831229140817,0.006948041415730892,1.468375,0.01837500000000003,0.047115384615384684,6410.25641025641,3,dct_smooth_regression,utterance_000004,0-0-5-0,group_0,SIL,1,4,<eps>,"",0.3900000000000001,<unk>,юписем,#,#,spn,Y,coextensive
359.3211422411097,2061.057934608889,3052.495680168427,377.4008950978913,2088.2736699899433,3035.733868606906,97.60837679138282,34.97226050582718,275.04840508947495,0.006948041415730892,1.470375,0.020375000000000032,0.052243589743589815,6410.25641025641,3,dct_smooth_regression,utterance_000004,0-0-5-0,group_0,SIL,1,4,<eps>,"",0.3900000000000001,<unk>,юписем,#,#,spn,Y,coextensive
352.8580616912754,2058.6755997080636,3029.2028306935117,379.01194142832173,2089.4615845647622,3033.241309044479,96.28214355930544,35.57800156048748,274.6604263845476,0.006948041415730892,1.472375,0.022375000000000034,0.057371794871794946,6410.25641025641,3,dct_smooth_regression,utterance_000004,0-0-5-0,group_0,SIL,1,4,<eps>,"",0.3900000000000001,<unk>,юписем,#,#,spn,Y,coextensive
348.9748964380086,2058.512255264844,3011.34854070965,380.8032910528868,2090.7748945697335,3030.478159507851,94.83152999740096,36.26668162524674,274.2245741527208,0.006948041415730892,1.474375,0.024375000000000036,0.06250000000000007,6410.25641025641,3,dct_smooth_regression,utterance_000004,0-0-5-0,group_0,SIL,1,4,<eps>,"",0.3900000000000001,<unk>,юписем,#,#,spn,Y,coextensive
350.75035241832035,2061.2742550942285,3009.7925188434556,382.76771151784567,2092.205663182706,3027.4583617745634,93.2694208754206,37.04080642170652,273.7410731549976,0.006948041415730892,1.476375,0.026375000000000037,0.06762820512820521,6410.25641025641,3,dct_smooth_regression,utterance_000004,0-0-5-0,group_0,SIL,1,4,<eps>,"",0.3900000000000001,<unk>,юписем,#,#,spn,Y,coextensive
358.2367347183206,2067.161405369945,3019.3994567247923,384.8972799216478,2093.745188957598,3024.1971218896274,91.60927139277412,37.90313183969053,273.21017563174837,0.006948041415730892,1.478375,0.02837500000000004,0.07275641025641033,6410.25641025641,3,dct_smooth_regression,utterance_000004,0-0-5-0,group_0,SIL,1,4,<eps>,"",0.3900000000000001,<unk>,юписем,#,#,spn,Y,coextensive
368.78351889549566,2076.6441530290153,3033.793738680574,387.1834174418277,2095.3840416644016,3020.7108238938454,89.86490037669196,38.85665181898601,272.63216206046644,0.006948041415730892,1.480375,0.03037500000000004,0.07788461538461547,6410.25641025641,3,dct_smooth_regression,utterance_000004,0-0-5-0,group_0,SIL,1,4,<eps>,"",0.3900000000000001,<unk>,юписем,#,#,spn,Y,coextensive
378.61517617160644,2087.952709406529,3047.155117277753,389.6169267215789,2097.1121011308196,3017.016936724153,88.05028965887699,39.904583437362426,272.00734197237506,0.006948041415730892,1.482375,0.03237500000000004,0.0830128205128206,6410.25641025641,3,dct_smooth_regression,utterance_000004,0-0-5-0,group_0,SIL,1,4,<eps>,"",0.3900000000000001,<unk>,юписем,#,#,spn,Y,coextensive
386.0615386018228,2097.535889594495,3055.9487309605524,392.1880319535752,2098.9185989258,3013.1339147760837,86.17939407818072,41.05034877216478,271.3360548229877,0.006948041415730892,1.484375,0.034375000000000044,0.08814102564102573,6410.25641025641,3,dct_smooth_regression,utterance_000004,0-0-5-0,group_0,SIL,1,4,<eps>,"",0.3900000000000001,<unk>,юписем,#,#,spn,Y,coextensive
391.57471539823086,2103.3406338105015,3059.8625887018693,394.886421486952,2100.79216271361,3009.0810926523927,84.26596590534476,42.29755307835336,270.618670911255,0.006948041415730892,1.486375,0.036375000000000046,0.09326923076923087,6410.25641025641,3,dct_smooth_regression,utterance_000004,0-0-5-0,group_0,SIL,1,4,<eps>,"",0.3900000000000001,<unk>,юписем,#,#,spn,Y,coextensive
395.07712542760623,2104.083338409113,3058.834756982825,397.7012927724813,2102.7208630962805,3004.8785746531335,82.32339675146396,43.64995880893706,269.85559234145916,0.006948041415730892,1.488375,0.03837500000000005,0.09839743589743599,6410.25641025641,3,dct_smooth_regression,utterance_000004,0-0-5-0,group_0,SIL,1,4,<eps>,"",0.3900000000000001,<unk>,юписем,#,#,spn,Y,coextensive
396.82411233922335,2100.7756822654733,3055.043581271377,400.62139945090826,2104.692262752165,3000.547119591029,80.36457924368867,45.11145499632944,269.0472540215795,0.006948041415730892,1.490375,0.04037500000000005,0.10352564102564113,6410.25641025641,3,dct_smooth_regression,utterance_000004,0-0-5-0,group_0,SIL,1,4,<eps>,"",0.3900000000000001,<unk>,юписем,#,#,spn,Y,coextensive
396.40801264639964,2095.300041804044,3050.928037728636,403.63510038022486,2106.693467669125,2996.108021541517,78.40178996717566,46.68602151746765,268.1941246913866,0.006948041415730892,1.492375,0.04237500000000005,0.10865384615384625,6410.25641025641,3,dct_smooth_regression,utterance_000004,0-0-5-0,group_0,SIL,1,4,<eps>,"",0.3900000000000001,<unk>,юписем,#,#,spn,Y,coextensive
394.92517042766974,2089.9450870879523,3047.159541775124,406.73041038935713,2108.711180262452,2991.582987159389,76.44659441506903,48.377687783976825,267.29670797308785,0.006948041415730892,1.494375,0.04437500000000005,0.11378205128205139,6410.25641025641,3,dct_smooth_regression,utterance_000004,0-0-5-0,group_0,SIL,1,4,<eps>,"",0.3900000000000001,<unk>,юписем,#,#,spn,Y,coextensive
394.2133572772962,2085.1984284548344,3043.1327823372785,409.8950525383903,2110.7317541601583,2986.9940102132778,74.50977398684435,50.19048543377421,266.35554343693343,0.006948041415730892,1.496375,0.046375000000000055,0.11891025641025652,6410.25641025641,3,dct_smooth_regression,utterance_000004,0-0-5-0,group_0,SIL,1,4,<eps>,"",0.3900000000000001,<unk>,юписем,#,#,spn,Y,coextensive
394.82778330622097,2080.819269213265,3038.9800230546343,413.1165116590772,2112.7412504316776,2982.3632440052897,72.6012744519935,52.12839465483955,265.3712076737891,0.006948041415730892,1.498375,0.04837500000000006,0.12403846153846165,6410.25641025641,3,dct_smooth_regression,utterance_000004,0-0-5-0,group_0,SIL,1,4,<eps>,"",0.3900000000000001,<unk>,юписем,#,#,spn,Y,coextensive
395.13820067854124,2076.279636749085,3034.803562835003,416.38208894399014,2114.7254950304223,2977.712872355817,70.73017476652925,54.19528384792969,264.3443153663048,0.006948041415730892,1.500375,0.05037500000000006,0.1291666666666668,6410.25641025641,3,dct_smooth_regression,utterance_000004,0-0-5-0,group_0,SIL,1,4,<eps>,"",0.3900000000000001,<unk>,юписем,#,#,spn,Y,coextensive
393.7351720276662,2071.1836444106457,3029.795856810665,419.67895734831563,2116.6701372159787,2973.0649798428044,68.90467470332831,56.3948424350498,263.27552034997757,0.006948041415730892,1.502375,0.05237500000000006,0.13429487179487193,6410.25641025641,3,dct_smooth_regression,utterance_000004,0-0-5-0,group_0,SIL,1,4,<eps>,"",0.3900000000000001,<unk>,юписем,#,#,spn,Y,coextensive
390.8398460756078,2066.153284110024,3023.094651619608,422.9942175649802,2118.5607087180774,2968.441421990548,67.13209943698193,58.730506746422655,262.1655166550904,0.006948041415730892,1.504375,0.05437500000000006,0.13942307692307704,6410.25641025641,3,dct_smooth_regression,utterance_000004,0-0-5-0,group_0,SIL,1,4,<eps>,"",0.3900000000000001,<unk>,юписем,#,#,spn,Y,coextensive
388.30182325094734,2061.4847920822976,3012.6364576979686,426.3149543315218,2120.3826834018328,2963.863696105403,65.41891900726674,61.205379071850246,261.0150395202681,0.006948041415730892,1.506375,0.056375000000000064,0.14455128205128218,6410.25641025641,3,dct_smooth_regression,utterance_000004,0-0-5-0,group_0,SIL,1,4,<eps>,"",0.3900000000000001,<unk>,юписем,#,#,spn,Y,coextensive
388.6574454233486,2057.011227725061,2996.516314529301,429.62829282593026,2122.121537192107,2959.3528134544863,63.77078046583971,63.82214014332736,259.82486636816276,0.006948041415730892,1.508375,0.058375000000000066,0.1496794871794873,6410.25641025641,3,dct_smooth_regression,utterance_000004,0-0-5-0,group_0,SIL,1,4,<eps>,"",0.3900000000000001,<unk>,юписем,#,#,spn,Y,coextensive
395.8878429454418,2056.8970318286547,2982.9033631360094,432.9214549085414,2123.7628080142626,2954.9291734787234,62.1925504781759,66.58295552413853,258.59581773364823,0.006948041415730892,1.510375,0.06037500000000007,0.15480769230769245,6410.25641025641,3,dct_smooth_regression,utterance_000004,0-0-5-0,group_0,SIL,1,4,<eps>,"",0.3900000000000001,<unk>,юписем,#,#,spn,Y,coextensive
414.0877425437122,2069.562339682868,2974.2724046206667,436.18181496800867,2125.292155508951,2950.61244072326,60.688366194694105,69.48937661386591,257.32875813479575,0.006948041415730892,1.512375,0.06237500000000007,0.15993589743589756,6410.25641025641,3,dct_smooth_regression,utterance_000004,0-0-5-0,group_0,SIL,1,4,<eps>,"",0.3900000000000001,<unk>,юписем,#,#,spn,Y,coextensive
437.2103435521095,2092.864768115757,2969.5903002073874,439.396955131367,2126.6954202800516,2946.4214251565127,59.2616923077608,72.54223723576722,256.02459687689225,0.006948041415730892,1.514375,0.06437500000000007,0.1650641025641027,6410.25641025641,3,dct_smooth_regression,utterance_000004,0-0-5-0,group_0,SIL,1,4,<eps>,"",0.3900000000000001,<unk>,юписем,#,#,spn,Y,coextensive
453.48730511317115,2118.48625013734,2966.8682071894173,442.5547196012585,2127.958682437285,2942.373966533923,57.91538236077366,75.7415470483126,254.6842887798151,0.006948041415730892,1.516375,0.06637500000000007,0.17019230769230784,6410.25641025641,3,dct_smooth_regression,utterance_000004,0-0-5-0,group_0,SIL,1,4,<eps>,"",0.3900000000000001,<unk>,юписем,#,#,spn,Y,coextensive
462.1354654096732,2146.625241626055,2965.773576541843,445.6432678874646,2129.0683191984895,2938.4868234439414,56.65174255815487,79.08638331003606,253.30883481919895,0.006948041415730892,1.518375,0.06837500000000007,0.17532051282051297,6410.25641025641,3,dct_smooth_regression,utterance_000004,0-0-5-0,group_0,SIL,1,4,<eps>,"",0.3900000000000001,<unk>,юписем,#,#,spn,Y,coextensive
466.462120449201,2173.859440035119,2967.4535885296655,448.6511267049981,2130.011061320947,2934.7755676519314,55.47259652815166,82.57478281827744,251.899282672055,0.006948041415730892,1.520375,0.07037500000000008,0.18044871794871808,6410.25641025641,3,dct_smooth_regression,utterance_000004,0-0-5-0,group_0,SIL,1,4,<eps>,"",0.3900000000000001,<unk>,юписем,#,#,spn,Y,coextensive
469.9047099127839,2196.5019733366485,2970.753243580294,451.5672403170955,2130.7740481365363,2931.2544843327187,54.3793497026111,86.20363612809491,250.45672715780583,0.006948041415730892,1.522375,0.07237500000000008,0.18557692307692322,6410.25641025641,3,dct_smooth_regression,utterance_000004,0-0-5-0,group_0,SIL,1,4,<eps>,"",0.3900000000000001,<unk>,юписем,#,#,spn,Y,coextensive
473.975622822164,2215.9839385466666,2972.891139829243,454.3810191085079,2131.3448809717956,2927.9364787544346,53.37305218977088,89.96858642627973,248.98231056608253,0.006948041415730892,1.524375,0.07437500000000008,0.19070512820512836,6410.25641025641,3,dct_smooth_regression,utterance_000004,0-0-5-0,group_0,SIL,1,4,<eps>,"",0.3900000000000001,<unk>,юписем,#,#,spn,Y,coextensive
478.2304906635453,2232.4951569803234,2973.134941420945,457.0823861824817,2131.7116747411983,2924.832989945382,52.45445921980009,93.86393567423683,247.47722286313493,0.006948041415730892,1.526375,0.07637500000000008,0.1958333333333335,6410.25641025641,3,dct_smooth_regression,utterance_000004,0-0-5-0,group_0,SIL,1,4,<eps>,"",0.3900000000000001,<unk>,юписем,#,#,spn,Y,coextensive
481.9274867517083,2245.1458254706627,2972.5921775980905,459.66182178369303,2131.8631075100266,2921.9539118418957,51.6240884323253,97.88256082877375,245.9427017692719,0.006948041415730892,1.528375,0.07837500000000008,0.20096153846153864,6410.25641025641,3,dct_smooth_regression,utterance_000004,0-0-5-0,group_0,SIL,1,4,<eps>,"",0.3900000000000001,<unk>,юписем,#,#,spn,Y,coextensive
485.1762265836215,2251.7561053740005,2969.543837182339,462.1104053591442,2131.7884678321484,2919.307522378833,50.88227344616902,102.01584308727664,244.38003270043862,0.006948041415730892,1.530375,0.08037500000000009,0.20608974358974375,6410.25641025641,3,dct_smooth_regression,utterance_000004,0-0-5-0,group_0,SIL,1,4,<eps>,"",0.3900000000000001,<unk>,юписем,#,#,spn,Y,coextensive
487.99428053926704,2250.4988081988836,2962.9127930986515,464.4198550795633,2131.477699677721,2916.9004209455607,50.22921330123506,106.2536131691983,242.79054856780024,0.006948041415730892,1.5323749999999998,0.08237499999999986,0.21121794871794833,6410.25641025641,3,dct_smooth_regression,utterance_000004,0-0-5-0,group_0,SIL,1,4,<eps>,"",0.3900000000000001,<unk>,юписем,#,#,spn,Y,coextensive
490.4936641453344,2246.4131251395556,2953.7196444979327,466.5825646551606,2130.921444776303,2914.7374745892603,49.66501748945889,110.58411562589988,241.17562943007533,0.006948041415730892,1.534375,0.08437500000000009,0.21634615384615402,6410.25641025641,3,dct_smooth_regression,utterance_000004,0-0-5-0,group_0,SIL,1,4,<eps>,"",0.3900000000000001,<unk>,юписем,#,#,spn,Y,coextensive
492.8667795283612,2245.1704420265755,2941.93368582685,468.59163729159553,2130.1110822120195,2912.8217733042998,49.189746395679315,114.99399505399708,239.53670199430314,0.006948041415730892,1.5363749999999998,0.08637499999999987,0.22147435897435858,6410.25641025641,3,dct_smooth_regression,utterance_000004,0-0-5-0,group_0,SIL,1,4,<eps>,"",0.3900000000000001,<unk>,юписем,#,#,spn,Y,coextensive
494.77132622309176,2248.56882287906,2926.881104579397,470.4409166446792,2129.0387651192464,2911.154594701488,48.80344705077865,119.46830686431338,237.87523896177584,0.006948041415730892,1.538375,0.08837500000000009,0.22660256410256427,6410.25641025641,3,dct_smooth_regression,utterance_000004,0-0-5-0,group_0,SIL,1,4,<eps>,"",0.3900000000000001,<unk>,юписем,#,#,spn,Y,coextensive
496.2340909203236,2253.910866266777,2904.2868475462437,472.1250146455897,2127.697454339682,2909.7353783044723,48.50618415977287,123.99055492350323,236.19275821697244,0.006948041415730892,1.5403749999999998,0.09037499999999987,0.23173076923076885,6410.25641025641,3,dct_smooth_regression,utterance_000004,0-0-5-0,group_0,SIL,1,4,<eps>,"",0.3900000000000001,<unk>,юписем,#,#,spn,Y,coextensive
497.3503193648371,2256.0926271092685,2880.3212682046096,473.6393360821763,2126.080948914656,2908.56170967256,48.29806640852879,128.54275793675765,234.4908218585237,0.006948041415730892,1.542375,0.0923750000000001,0.23685897435897454,6410.25641025641,3,dct_smooth_regression,utterance_000004,0-0-5-0,group_0,SIL,1,4,<eps>,"",0.3900000000000001,<unk>,юписем,#,#,spn,Y,coextensive
498.2936810881686,2250.2149698382127,2863.4406416667625,474.98009983618846,2124.183913299935,2907.6293145001414,48.17926807663069,133.105545880898,232.7710350724743,0.006948041415730892,1.5443749999999998,0.09437499999999988,0.2419871794871791,6410.25641025641,3,dct_smooth_regression,utterance_000004,0-0-5-0,group_0,SIL,1,4,<eps>,"",0.3900000000000001,<unk>,юписем,#,#,spn,Y,coextensive
498.8281614407153,2231.6861440794787,2853.6599467058977,476.14435669094604,2122.001901204182,2906.9320627928,48.15004599304717,137.6582871361036,231.0350448494165,0.006948041415730892,1.5463749999999998,0.09637499999999988,0.24711538461538424,6410.25641025641,3,dct_smooth_regression,utterance_000004,0-0-5-0,group_0,SIL,1,4,<eps>,"",0.3900000000000001,<unk>,юписем,#,#,spn,Y,coextensive
498.26213577613413,2201.260533770215,2852.5636847007545,477.1300036389733,2119.5313759664546,2906.461983169453,48.21075186823785,142.17924621554369,229.28453854839407,0.006948041415730892,1.5483749999999998,0.09837499999999988,0.25224358974358935,6410.25641025641,3,dct_smooth_regression,utterance_000004,0-0-5-0,group_0,SIL,1,4,<eps>,"",0.3900000000000001,<unk>,юписем,#,#,spn,Y,coextensive
496.3369320289994,2167.104036220725,2859.589220651568,477.93579463441756,2116.769727402642,2906.209287288676,48.36184002387006,146.64577117482366,227.5212423118578,0.006948041415730892,1.5503749999999998,0.10037499999999988,0.2573717948717945,6410.25641025641,3,dct_smooth_regression,utterance_000004,0-0-5-0,group_0,SIL,1,4,<eps>,"",0.3900000000000001,<unk>,юписем,#,#,spn,Y,coextensive
493.0902286300813,2134.2342866946256,2867.4843418148894,478.56134775055807,2113.715285065549,2906.162404345968,48.603870522090055,151.03450892207152,225.74691933731552,0.006948041415730892,1.5523749999999998,0.10237499999999988,0.2624999999999996,6410.25641025641,3,dct_smooth_regression,utterance_000004,0-0-5-0,group_0,SIL,1,4,<eps>,"",0.3900000000000001,<unk>,юписем,#,#,spn,Y,coextensive
489.2452840810175,2108.516427920121,2868.2550598246967,479.00714871834316,2110.3673278782535,2906.308025537413,48.9375076730529,155.32164577370662,223.9633680127209,0.006948041415730892,1.5543749999999998,0.10437499999999988,0.2676282051282048,6410.25641025641,3,dct_smooth_regression,utterance_000004,0-0-5-0,group_0,SIL,1,4,<eps>,"",0.3900000000000001,<unk>,юписем,#,#,spn,Y,coextensive
485.605775503127,2089.803659235594,2866.196980309028,479.27455083758707,2106.7260901154373,2906.631158334159,49.36351387490987,159.48316974282253,222.17241992399715,0.006948041415730892,1.5563749999999998,0.10637499999999989,0.2727564102564099,6410.25641025641,3,dct_smooth_regression,utterance_000004,0-0-5-0,group_0,SIL,1,4,<eps>,"",0.3900000000000001,<unk>,юписем,#,#,spn,Y,coextensive
481.9826199350663,2072.9768994346477,2867.1479584256945,479.3657712681448,2102.7927637224684,2907.115190361719,49.882738717439615,163.49515024097428,220.37593774444377,0.006948041415730892,1.5583749999999998,0.10837499999999989,0.277884615384615,6410.25641025641,3,dct_smooth_regression,utterance_000004,0-0-5-0,group_0,SIL,1,4,<eps>,"",0.3900000000000001,<unk>,юписем,#,#,spn,Y,coextensive
478.21728929621725,2057.0559333492306,2872.7573083123307,479.28388372399166,2098.5694969771157,2907.741962628452,50.496103261766656,167.3340301546797,218.57581301706298,0.006948041415730892,1.5603749999999998,0.11037499999999989,0.2830128205128202,6410.25641025641,3,dct_smooth_regression,utterance_000004,0-0-5-0,group_0,SIL,1,4,<eps>,"",0.3900000000000001,<unk>,юписем,#,#,spn,Y,coextensive
474.2435358218483,2043.462977618237,2881.7907211343827,479.03280760861287,2094.059389513732,2908.4918517990186,51.20457939693315,170.9769246583729,216.77396384208393,0.006948041415730892,1.5623749999999998,0.11237499999999989,0.2881410256410253,6410.25641025641,3,dct_smooth_regression,utterance_000004,0-0-5-0,group_0,SIL,1,4,<eps>,"",0.3900000000000001,<unk>,юписем,#,#,spn,Y,coextensive
469.7917062118077,2032.2379819700218,2892.851839160164,478.61729364534386,2089.2664837446023,2909.343861161344,52.00916417226097,174.4019206759327,214.9723324831267,0.006948041415730892,1.5643749999999998,0.1143749999999999,0.2932692307692304,6410.25641025641,3,dct_smooth_regression,utterance_000004,0-0-5-0,group_0,SIL,1,4,<eps>,"",0.3900000000000001,<unk>,юписем,#,#,spn,Y,coextensive
465.38274820371004,2023.9438983245834,2901.8192057329147,478.0429060712948,2084.195752727739,2910.2757198898685,52.91084901522956,177.58837062834345,213.17288290652505,0.006948041415730892,1.5663749999999999,0.1163749999999999,0.29839743589743556,6410.25641025641,3,dct_smooth_regression,utterance_000004,0-0-5-0,group_0,SIL,1,4,<eps>,"",0.3900000000000001,<unk>,юписем,#,#,spn,Y,coextensive
460.8525631021316,2016.624781104852,2906.13222179554,477.3160014780967,2078.8530845447863,2911.2639901639213,53.910583770689776,180.51717402403395,211.37759826929334,0.006948041415730892,1.5683749999999999,0.1183749999999999,0.30352564102564067,6410.25641025641,3,dct_smooth_regression,utterance_000004,0-0-5-0,group_0,SIL,1,4,<eps>,"",0.3900000000000001,<unk>,юписем,#,#,spn,Y,coextensive
456.5677558710276,2009.4056480445752,2903.746438815358,476.44370439693347,2073.245263266645,2912.2841816580485,55.009235541171456,183.17104057176616,209.5884783721034,0.006948041415730892,1.570375,0.12037500000000012,0.3086538461538464,6410.25641025641,3,dct_smooth_regression,utterance_000004,0-0-5-0,group_0,SIL,1,4,<eps>,"",0.3900000000000001,<unk>,юписем,#,#,spn,Y,coextensive
452.82536867846994,2002.2943563738531,2895.816064018887,475.4338797390489,2067.379946598067,2913.3108728813413,56.20754237211403,185.53472882560828,207.807537094344,0.006948041415730892,1.5723749999999999,0.1223749999999999,0.31378205128205094,6410.25641025641,3,dct_smooth_regression,utterance_000004,0-0-5-0,group_0,SIL,1,4,<eps>,"",0.3900000000000001,<unk>,юписем,#,#,spn,Y,coextensive
449.32621240110973,1996.725352037423,2885.5948075131596,474.29510221613106,2061.2656403055826,2914.3178388054284,57.506061911959506,187.5952549005425,206.03679982895923,0.006948041415730892,1.574375,0.12437500000000012,0.31891025641025667,6410.25641025641,3,dct_smooth_regression,utterance_000004,0-0-5-0,group_0,SIL,1,4,<eps>,"",0.3900000000000001,<unk>,юписем,#,#,spn,Y,coextensive
446.13033422525814,1997.3483452056853,2879.5576533751646,473.0366228775718,2054.911669545769,2915.2781841859687,58.905115286542404,189.34206650956287,204.2783009351988,0.006948041415730892,1.5763749999999999,0.1263749999999999,0.3240384615384612,6410.25641025641,3,dct_smooth_regression,utterance_000004,0-0-5-0,group_0,SIL,1,4,<eps>,"",0.3900000000000001,<unk>,юписем,#,#,spn,Y,coextensive
443.5327752780735,2006.1221096461322,2880.493008574514,471.66833291357517,2048.3281472229273,2916.1644819504586,60.40472656073595,190.76717844439187,202.53408122772206,0.006948041415730892,1.5783749999999999,0.1283749999999999,0.32916666666666633,6410.25641025641,3,dct_smooth_regression,utterance_000004,0-0-5-0,group_0,SIL,1,4,<eps>,"",0.3900000000000001,<unk>,юписем,#,#,spn,Y,coextensive
442.03877844414916,2018.333596262615,2885.0801792968896,470.20072488433647,2041.5259395166818,2916.9489159960453,62.00455831751923,191.86526662054854,200.80618552063885,0.006948041415730892,1.5803749999999999,0.1303749999999999,0.3342948717948715,6410.25641025641,3,dct_smooth_regression,utterance_000004,0-0-5-0,group_0,SIL,1,4,<eps>,"",0.3900000000000001,<unk>,юписем,#,#,spn,Y,coextensive
442.16352776402624,2018.7815642014164,2886.8472219307323,468.64485154604193,2034.516628730812,2917.6034277149984,63.703844064063325,192.63371889618597,199.09666024505555,0.006948041415730892,1.5823749999999999,0.1323749999999999,0.3394230769230766,6410.25641025641,3,dct_smooth_regression,utterance_000004,0-0-5-0,group_0,SIL,1,4,<eps>,"",0.3900000000000001,<unk>,юписем,#,#,spn,Y,coextensive
442.1384938216201,1999.9701339315318,2884.5745065316014,467.01228245414944,2027.3124736247116,2918.099865542705,65.50131837322576,193.0726420117432,197.40755115851158,0.006948041415730892,1.5843749999999999,0.1343749999999999,0.3445512820512817,6410.25641025641,3,dct_smooth_regression,utterance_000004,0-0-5-0,group_0,SIL,1,4,<eps>,"",0.3900000000000001,<unk>,юписем,#,#,spn,Y,coextensive
439.52094351732325,1973.5300719905306,2883.68512799865,465.31505853331083,2019.926367398195,2918.4101368035494,67.39514588258562,193.1848251412321,195.74090116435355,0.006948041415730892,1.5863749999999999,0.1363749999999999,0.3496794871794869,6410.25641025641,3,dct_smooth_regression,utterance_000004,0-0-5-0,group_0,SIL,1,4,<eps>,"",0.3900000000000001,<unk>,юписем,#,#,spn,Y,coextensive
437.5589449447529,1955.705284608865,2887.076367849007,463.5656448113041,2012.371793508955,2918.506361114017,69.38285049572495,192.97566165344708,194.0987482585918,0.006948041415730892,1.5883749999999999,0.13837499999999991,0.354807692307692,6410.25641025641,3,dct_smooth_regression,utterance_000004,0-0-5-0,group_0,SIL,1,4,<eps>,"",0.3900000000000001,<unk>,юписем,#,#,spn,Y,coextensive
440.4030216781969,1948.8257081561796,2892.363221823054,461.7768815214686,2004.6627795096817,2918.3610245899054,71.46124635396691,192.45303171266636,192.48312362112836,0.006948041415730892,1.5903749999999999,0.14037499999999992,0.3599358974358971,6410.25641025641,3,dct_smooth_regression,utterance_000004,0-0-5-0,group_0,SIL,1,4,<eps>,"",0.3900000000000001,<unk>,юписем,#,#,spn,Y,coextensive
443.1276105700379,1947.1415181749073,2893.768919979157,459.96193378430894,1996.8138490987812,2917.9471340955693,73.62637236154787,191.62714926796932,190.89604986743856,0.006948041415730892,1.5923749999999999,0.14237499999999992,0.36506410256410227,6410.25641025641,3,dct_smooth_regression,utterance_000004,0-0-5-0,group_0,SIL,1,4,<eps>,"",0.3900000000000001,<unk>,юписем,#,#,spn,Y,coextensive
443.3590463184577,1939.3077427748838,2887.822146122245,458.13424008416536,1988.8399725846346,2917.2383707679933,75.87343224195853,190.51037775861946,189.33953947584055,0.006948041415730892,1.5943749999999999,0.14437499999999992,0.3701923076923074,6410.25641025641,3,dct_smooth_regression,utterance_000004,0-0-5-0,group_0,SIL,1,4,<eps>,"",0.3900000000000001,<unk>,юписем,#,#,spn,Y,coextensive
442.45689157021275,1923.1637266392627,2880.8186102782065,456.3074597610891,1980.7565159684846,2916.209242046888,78.19674226529074,189.11701947770672,187.81559340440546,0.006948041415730892,1.5963749999999999,0.14637499999999992,0.37532051282051254,6410.25641025641,3,dct_smooth_regression,utterance_000004,0-0-5-0,group_0,SIL,1,4,<eps>,"",0.3900000000000001,<unk>,юписем,#,#,spn,Y,coextensive
442.7138630503607,1907.7148408958553,2884.8982887256007,454.49541974132177,1972.5791888552476,2914.8352314442736,80.58968890237266,187.46308397297327,186.3261999103613,0.006948041415730892,1.5983749999999999,0.14837499999999992,0.38044871794871765,6410.25641025641,3,dct_smooth_regression,utterance_000004,0-0-5-0,group_0,SIL,1,4,<eps>,"",0.3900000000000001,<unk>,юписем,#,#,spn,Y,coextensive
446.2280970546303,1902.2381394813867,2901.2054033490986,452.7120607320196,1964.3239914048652,2913.0929452929126,83.04469871740123,185.56604111623383,184.87333358352205,0.006948041415730892,1.6003749999999999,0.15037499999999993,0.38557692307692276,6410.25641025641,3,dct_smooth_regression,utterance_000004,0-0-5-0,group_0,SIL,1,4,<eps>,"",0.3900000000000001,<unk>,юписем,#,#,spn,Y,coextensive
453.1939619239822,1908.0984527903895,2924.318487056339,450.97138310711085,1956.0071605391538,2910.96025572261,85.55322279333029,183.4445645428078,183.4589546038668,0.006948041415730892,1.6023749999999999,0.15237499999999993,0.3907051282051279,6410.25641025641,3,dct_smooth_regression,utterance_000004,0-0-5-0,group_0,SIL,1,4,<eps>,"",0.3900000000000001,<unk>,юписем,#,#,spn,Y,coextensive
457.4070122847523,1921.9063734439924,2943.1959497614034,449.28739271139534,1947.6451156205644,2908.416439126713,88.10573788138635,181.11827105906735,182.08500823189,0.006948041415730892,1.6043749999999999,0.15437499999999993,0.39583333333333304,6410.25641025641,3,dct_smooth_regression,utterance_000004,0-0-5-0,group_0,SIL,1,4,<eps>,"",0.3900000000000001,<unk>,юписем,#,#,spn,Y,coextensive
452.0983405970445,1940.7385110409614,2947.333500270566,447.6740468092158,1939.254403819741,2905.4423093981204,90.6917662680279,178.6074613551314,180.75342453877298,0.006948041415730892,1.6063749999999999,0.15637499999999993,0.4009615384615382,6410.25641025641,3,dct_smooth_regression,utterance_000004,0-0-5-0,group_0,SIL,1,4,<eps>,"",0.3900000000000001,<unk>,юписем,#,#,spn,Y,coextensive
440.3569800699625,1960.8879438178215,2933.3046170815737,446.14520040224414,1930.8516453883237,2902.0203452345727,93.29991605303834,175.9328669617267,179.46611838179257,0.006948041415730892,1.6083749999999999,0.15837499999999993,0.4060897435897433,6410.25641025641,3,dct_smooth_regression,utterance_000004,0-0-5-0,group_0,SIL,1,4,<eps>,"",0.3900000000000001,<unk>,юписем,#,#,spn,Y,coextensive
434.2577348933126,1971.6611292449406,2901.9809246090613,444.71455313815426,1922.4534790520859,2898.134810837037,95.9179431291383,173.11540787985206,178.22498962870637,0.006948041415730892,1.610375,0.16037499999999993,0.4112179487179484,6410.25641025641,3,dct_smooth_regression,utterance_000004,0-0-5-0,group_0,SIL,1,4,<eps>,"",0.3900000000000001,<unk>,юписем,#,#,spn,Y,coextensive
437.5076554303678,1969.041610599598,2869.7418183543573,443.39559702819923,1914.0765077371973,2893.7718693523293,98.53283564956484,170.17596471606092,177.03192363313528,0.006948041415730892,1.612375,0.16237499999999994,0.4163461538461536,6410.25641025641,3,dct_smooth_regression,utterance_000004,0-0-5-0,group_0,SIL,1,4,<eps>,"",0.3900000000000001,<unk>,юписем,#,#,spn,Y,coextensive
441.99451481565455,1956.7528725442353,2857.301288452267,442.2015651870191,1905.7372448392255,2888.9196884417233,101.13092117434222,167.13516850276847,175.8887919612307,0.006948041415730892,1.614375,0.16437499999999994,0.4214743589743587,6410.25641025641,3,dct_smooth_regression,utterance_000004,0-0-5-0,group_0,SIL,1,4,<eps>,"",0.3900000000000001,<unk>,юписем,#,#,spn,Y,coextensive
441.1300149929164,1934.3202886056588,2866.908726014962,441.14538180236826,1897.4520612404324,2883.5685373910637,103.69799601343169,164.01321069930347,174.79745336816237,0.006948041415730892,1.616375,0.16637499999999994,0.4266025641025638,6410.25641025641,3,dct_smooth_regression,utterance_000004,0-0-5-0,group_0,SIL,1,4,<eps>,"",0.3900000000000001,<unk>,юписем,#,#,spn,Y,coextensive
436.54439372705025,1886.5517848998954,2886.90148779935,440.2396135359334,1889.2371332759956,2877.710875214581,106.2194755566589,160.82967518125463,173.7597550212094,0.006948041415730892,1.618375,0.16837499999999994,0.431730769230769,6410.25641025641,3,dct_smooth_regression,utterance_000004,0-0-5-0,group_0,SIL,1,4,<eps>,"",0.3900000000000001,<unk>,юписем,#,#,spn,Y,coextensive
431.9746443027079,1823.941337694348,2906.2038436268767,439.49642254902045,1881.1083918440468,2871.3414292441335,108.68056362295046,157.60339335609328,172.77753396448907,0.006948041415730892,1.620375,0.17037499999999994,0.4368589743589741,6410.25641025641,3,dct_smooth_regression,utterance_000004,0-0-5-0,group_0,SIL,1,4,<eps>,"",0.3900000000000001,<unk>,юписем,#,#,spn,Y,coextensive
429.5919707094132,1783.995795750053,2914.003690541734,438.9275213386725,1873.0814728478742,2864.457263737739,111.06643810632796,154.35232291195223,171.85261881862138,0.006948041415730892,1.622375,0.17237499999999994,0.44198717948717925,6410.25641025641,3,dct_smooth_regression,utterance_000004,0-0-5-0,group_0,SIL,1,4,<eps>,"",0.3900000000000001,<unk>,юписем,#,#,spn,Y,coextensive
430.989822071433,1769.9052541733681,2905.473308286892,438.54412956077823,1865.1716691513338,2857.0578380858533,113.36244947789763,151.09345012983138,170.986831706901,0.006948041415730892,1.624375,0.17437499999999995,0.44711538461538436,6410.25641025641,3,dct_smooth_regression,utterance_000004,0-0-5-0,group_0,SIL,1,4,<eps>,"",0.3900000000000001,<unk>,юписем,#,#,spn,Y,coextensive
439.2475207201174,1775.186399052809,2886.4265778636677,438.35693300698927,1857.393884220483,2849.1450542406596,115.55432805789157,147.84271517946,170.1819903978534,0.006948041415730892,1.626375,0.17637499999999995,0.45224358974358947,6410.25641025641,3,dct_smooth_regression,utterance_000004,0-0-5-0,group_0,SIL,1,4,<eps>,"",0.3900000000000001,<unk>,юписем,#,#,spn,Y,coextensive
451.3463660801211,1788.1071831575885,2866.775765496233,438.3760448918217,1849.7625876157463,2840.723293042485,117.62839543510749,144.61495938364376,169.43991065235318,0.006948041415730892,1.628375,0.17837499999999995,0.45737179487179463,6410.25641025641,3,dct_smooth_regression,utterance_000004,0-0-5-0,group_0,SIL,1,4,<eps>,"",0.3900000000000001,<unk>,юписем,#,#,spn,Y,coextensive
462.64332252497326,1797.382533305757,2848.8657041297233,438.610969595245,1842.2917724895633,2831.7994391680936,119.57177501551972,141.42389307942918,168.76240876182814,0.006948041415730892,1.630375,0.18037499999999995,0.46249999999999974,6410.25641025641,3,dct_smooth_regression,utterance_000004,0-0-5-0,group_0,SIL,1,4,<eps>,"",0.3900000000000001,<unk>,юписем,#,#,spn,Y,coextensive
471.85999006167134,1799.9949530244287,2833.8467149557005,439.0705689943811,1834.9949152345303,2822.38289447782,121.37259645486246,138.28208242769023,168.15130426240543,0.006948041415730892,1.632375,0.18237499999999995,0.4676282051282049,6410.25641025641,3,dct_smooth_regression,utterance_000004,0-0-5-0,group_0,SIL,1,4,<eps>,"",0.3900000000000001,<unk>,юписем,#,#,spn,Y,coextensive
479.15364218898515,1803.1237419471909,2825.0616091741617,439.7630315057486,1827.8849374165598,2812.4855795919993,123.02018869187103,135.20095332362484,167.60842280822277,0.006948041415730892,1.634375,0.18437499999999996,0.47275641025641,6410.25641025641,3,dct_smooth_regression,utterance_000004,0-0-5-0,group_0,SIL,1,4,<eps>,"",0.3900000000000001,<unk>,юписем,#,#,spn,Y,coextensive
484.78894811751366,1810.7865326511717,2824.090428148518,440.69584394679055,1820.9741701165974,2802.1219235818157,124.50525646093303,132.19081043454298,167.1355991854756,0.006948041415730892,1.636375,0.18637499999999996,0.47788461538461513,6410.25641025641,3,dct_smooth_regression,utterance_000004,0-0-5-0,group_0,SIL,1,4,<eps>,"",0.3900000000000001,<unk>,юписем,#,#,spn,Y,coextensive
487.83253907614085,1819.7208642522914,2826.0247838249256,441.875766312353,1814.2743207930168,2791.308841715031,125.82003552630425,129.26086933176572,166.73468044712243,0.006948041415730892,1.638375,0.18837499999999996,0.4830128205128203,6410.25641025641,3,dct_smooth_regression,utterance_000004,0-0-5-0,group_0,SIL,1,4,<eps>,"",0.3900000000000001,<unk>,юписем,#,#,spn,Y,coextensive
488.25492990786626,1826.9141969244697,2826.3016292039542,443.3088095483183,1807.7964427650063,2780.0657012531096,126.95842243525533,126.4192996825649,166.40752914650727,0.006948041415730892,1.640375,0.19037499999999996,0.4881410256410254,6410.25641025641,3,dct_smooth_regression,utterance_000004,0-0-5-0,group_0,SIL,1,4,<eps>,"",0.3900000000000001,<unk>,юписем,#,#,spn,Y,coextensive
486.7222800441236,1832.358151351748,2823.8862402905856,445.00021639087845,1801.5509074051251,2768.4142753524766,127.91607531448392,123.67327751726012,166.15602664645212,0.006948041415730892,1.642375,0.19237499999999996,0.49326923076923057,6410.25641025641,3,dct_smooth_regression,utterance_000004,0-0-5-0,group_0,SIL,1,4,<eps>,"",0.3900000000000001,<unk>,юписем,#,#,spn,Y,coextensive
484.40151151951636,1835.4876264744482,2818.56355013635,446.95444532596673,1795.5473791168042,2756.3786851790137,128.69048310323456,121.02904467679909,165.98207647864157,0.006948041415730892,1.644375,0.19437499999999996,0.4983974358974357,6410.25641025641,3,dct_smooth_regression,utterance_000004,0-0-5-0,group_0,SIL,1,4,<eps>,"",0.3900000000000001,<unk>,юписем,#,#,spn,Y,coextensive
482.46200536210483,1836.6550007068909,2809.11159252711,449.1751577092537,1789.7947931599335,2743.9853304009334,129.2810015902099,118.49197366851638,165.88760772632241,0.006948041415730892,1.646375,0.19637499999999997,0.5035256410256408,6410.25641025641,3,dct_smooth_regression,utterance_000004,0-0-5-0,group_0,SIL,1,4,<eps>,"",0.3900000000000001,<unk>,юписем,#,#,spn,Y,coextensive
482.2552325919768,1835.9581745985336,2795.4015385518687,451.66520807290397,1784.3013363749185,2731.2628082807914,129.688855656174,116.06663630367446,165.8745784014769,0.006948041415730892,1.648375,0.19837499999999997,0.5086538461538459,6410.25641025641,3,dct_smooth_regression,utterance_000004,0-0-5-0,group_0,SIL,1,4,<eps>,"",0.3900000000000001,<unk>,юписем,#,#,spn,Y,coextensive
484.31172999402196,1833.6528532890143,2779.1471440685136,454.42663763104923,1779.074430842707,2718.241821642218,129.91710817363943,113.7568746520086,165.94497878567918,0.006948041415730892,1.650375,0.20037499999999997,0.5137820512820511,6410.25641025641,3,dct_smooth_regression,utterance_000004,0-0-5-0,group_0,SIL,1,4,<eps>,"",0.3900000000000001,<unk>,юписем,#,#,spn,Y,coextensive
488.3334957001189,1829.392648663465,2760.0067682037297,457.460670981741,1774.120720505386,2704.955076040749,129.97059703237724,111.56587301869148,166.10083470179455,0.006948041415730892,1.652375,0.20237499999999997,0.5189102564102562,6410.25641025641,3,dct_smooth_regression,utterance_000004,0-0-5-0,group_0,SIL,1,4,<eps>,"",0.3900000000000001,<unk>,юписем,#,#,spn,Y,coextensive
492.66386773713515,1822.474267721705,2738.905717917013,460.76771598904486,1769.446060759056,2691.4371665206854,129.85584270036998,109.49622982179223,166.34421068152182,0.006948041415730892,1.654375,0.20437499999999997,0.5240384615384613,6410.25641025641,3,dct_smooth_regression,utterance_000004,0-0-5-0,group_0,SIL,1,4,<eps>,"",0.3900000000000001,<unk>,юписем,#,#,spn,Y,coextensive
495.49032564852087,1812.471871525691,2717.149045344982,464.34736681502204,1765.0555110179066,2677.724454390889,129.58092955502244,107.55002841825619,166.6772129914941,0.006948041415730892,1.656375,0.20637499999999998,0.5291666666666665,6410.25641025641,3,dct_smooth_regression,utterance_000004,0-0-5-0,group_0,SIL,1,4,<eps>,"",0.3900000000000001,<unk>,юписем,#,#,spn,Y,coextensive
496.55943004178874,1799.4605315975298,2692.3472573828635,468.1984100576412,1760.9533302357315,2663.8549345016972,129.15536489700017,105.72890608949305,167.10199247822388,0.006948041415730892,1.658375,0.20837499999999998,0.5342948717948716,6410.25641025641,3,dct_smooth_regression,utterance_000004,0-0-5-0,group_0,SIL,1,4,<eps>,"",0.3900000000000001,<unk>,юписем,#,#,spn,Y,coextensive
496.6698030000063,1787.2403660406478,2660.777146609353,472.31883393727605,1757.1429753586733,2649.8680935523116,128.58992006587812,104.03412055061786,167.62074718961944,0.006948041415730892,1.660375,0.21037499999999998,0.5394230769230767,6410.25641025641,3,dct_smooth_regression,utterance_000004,0-0-5-0,group_0,SIL,1,4,<eps>,"",0.3900000000000001,<unk>,юписем,#,#,spn,Y,coextensive
496.86814783116466,1778.5305226309633,2618.3375322949446,476.7058404613934,1753.6271026707698,2635.804760003045,127.89645839953756,102.46661348787121,168.23572472807308,0.006948041415730892,1.662375,0.21237499999999998,0.5445512820512819,6410.25641025641,3,dct_smooth_regression,utterance_000004,0-0-5-0,group_0,SIL,1,4,<eps>,"",0.3900000000000001,<unk>,юписем,#,#,spn,Y,coextensive
497.3815826847221,1771.308098378982,2572.936623792757,481.35586048441513,1750.4075719819587,2621.706946209313,127.08775491468585,101.02707075519031,168.94922428725116,0.006948041415730892,1.664375,0.21437499999999998,0.549679487179487,6410.25641025641,3,dct_smooth_regression,utterance_000004,0-0-5-0,group_0,SIL,1,4,<eps>,"",0.3900000000000001,<unk>,юписем,#,#,spn,Y,coextensive
497.71330322654666,1763.9702391354551,2543.3060988093716,486.2645715675762,1747.4854535966576,2607.617683434139,126.1773125402088,99.7159789724114,169.76359832168856,0.006948041415730892,1.666375,0.21637499999999998,0.5548076923076921,6410.25641025641,3,dct_smooth_regression,utterance_000004,0-0-5-0,group_0,SIL,1,4,<eps>,"",0.3900000000000001,<unk>,юписем,#,#,spn,Y,coextensive
496.6862724276105,1754.7284504622187,2526.7456835232656,491.42691853197283,1744.8610379898917,2593.580850432931,125.17917952312891,98.5336783638636,170.6812537951162,0.006948041415730892,1.668375,0.21837499999999999,0.5599358974358972,6410.25641025641,3,dct_smooth_regression,utterance_000004,0-0-5-0,group_0,SIL,1,4,<eps>,"",0.3900000000000001,<unk>,юписем,#,#,spn,Y,coextensive
492.22242455778814,1743.4423023645898,2519.066184066629,496.83713658693785,1742.5338481072558,2579.640996338275,124.10777227048747,97.48041175728486,171.70465295013938,0.006948041415730892,1.670375,0.220375,0.5650641025641023,6410.25641025641,3,dct_smooth_regression,utterance_000004,0-0-5-0,group_0,SIL,1,4,<eps>,"",0.3900000000000001,<unk>,юписем,#,#,spn,Y,coextensive
483.2630147814398,1730.6725664909704,2516.171882706403,502.48877690544924,1740.5026541948182,2565.8431586032193,122.97770741641183,96.55636972961142,172.8363135384633,0.006948041415730892,1.672375,0.222375,0.5701923076923076,6410.25641025641,3,dct_smooth_regression,utterance_000004,0-0-5-0,group_0,SIL,1,4,<eps>,"",0.3900000000000001,<unk>,юписем,#,#,spn,Y,coextensive
471.97892498774365,1715.9403056115987,2519.2229148454685,508.37473450852355,1738.7654910554313,2552.2326767889317,121.80364634208127,95.76173193902129,174.07880844733484,0.006948041415730892,1.674375,0.224375,0.5753205128205127,6410.25641025641,3,dct_smooth_regression,utterance_000004,0-0-5-0,group_0,SIL,1,4,<eps>,"",0.3900000000000001,<unk>,юписем,#,#,spn,Y,coextensive
465.9670267721468,1702.5079381700298,2538.9143791848965,514.487278311493,1737.3196776188731,2538.8550030064766,120.60015475846933,95.0967047226567,175.43476465430405,0.006948041415730892,1.676375,0.226375,0.5804487179487178,6410.25641025641,3,dct_smooth_regression,utterance_000004,0-0-5-0,group_0,SIL,1,4,<eps>,"",0.3900000000000001,<unk>,юписем,#,#,spn,Y,coextensive
467.2628364524961,1704.9588892627144,2561.243471651819,520.8180831767725,1736.1618387047988,2525.7555098427288,119.38157931821613,94.56155506780512,176.9068614388015,0.006948041415730892,1.678375,0.228375,0.5855769230769229,6410.25641025641,3,dct_smooth_regression,utterance_000004,0-0-5-0,group_0,SIL,1,4,<eps>,"",0.3900000000000001,<unk>,юписем,#,#,spn,Y,coextensive
475.0978984743775,1773.444426468236,2530.3654962001497,527.3582638102156,1735.2879288497186,2512.9792966169425,118.1619425819839,94.1566410821532,178.4978277754846,0.006948041415730892,1.680375,0.230375,0.590705128205128,6410.25641025641,3,dct_smooth_regression,utterance_000004,0-0-5-0,group_0,SIL,1,4,<eps>,"",0.3900000000000001,<unk>,юписем,#,#,spn,Y,coextensive
486.6428818523867,1809.5978783435876,2482.838820756668,534.0984103314591,1734.6932580621276,2500.5709948272106,116.95485705095655,93.88243909721398,180.21043883083965,0.006948041415730892,1.682375,0.232375,0.5958333333333332,6410.25641025641,3,dct_smooth_regression,utterance_000004,0-0-5-0,group_0,SIL,1,4,<eps>,"",0.3900000000000001,<unk>,юписем,#,#,spn,Y,coextensive
504.3915062614653,1802.8110822535148,2460.042188539368,541.0286253428145,1734.3725193635337,2488.5745736548147,115.77345841102142,93.73956753934429,182.04751148124825,0.006948041415730892,1.684375,0.234375,0.6009615384615383,6410.25641025641,3,dct_smooth_regression,utterance_000004,0-0-5-0,group_0,SIL,1,4,<eps>,"",0.3900000000000001,<unk>,юписем,#,#,spn,Y,coextensive
522.9407374049703,1793.8652913948642,2454.0341488611116,548.138562316275,1734.3198179675016,2477.0331463993534,114.63035763104399,93.72880769600371,184.01189876770366,0.006948041415730892,1.686375,0.236375,0.6060897435897434,6410.25641025641,3,dct_smooth_regression,utterance_000004,0-0-5-0,group_0,SIL,1,4,<eps>,"",0.3900000000000001,<unk>,юписем,#,#,spn,Y,coextensive
534.9893636687646,1786.6034559946713,2455.9141308927556,555.4174651141169,1734.5287019439395,2465.98877871836,113.53761112783344,93.8511214921326,186.10648319971466,0.006948041415730892,1.688375,0.238375,0.6112179487179485,6410.25641025641,3,dct_smooth_regression,utterance_000004,0-0-5-0,group_0,SIL,1,4,<eps>,"",0.3900000000000001,<unk>,юписем,#,#,spn,Y,coextensive
541.6004852159602,1779.8973521838502,2461.2187440493335,562.8542084553678,1734.9921942117546,2455.4822995420063,112.506707859395,94.10766637371347,188.33416881874308,0.006948041415730892,1.690375,0.240375,0.6163461538461537,6410.25641025641,3,dct_smooth_regression,utterance_000004,0-0-5-0,group_0,SIL,1,4,<eps>,"",0.3900000000000001,<unk>,юписем,#,#,spn,Y,coextensive
545.460917950135,1770.9904203513806,2472.7232624500753,570.4373391381368,1735.7028256996782,2445.5531155263166,111.54857193690262,94.49980737362971,190.69787192996824,0.006948041415730892,1.692375,0.242375,0.6214743589743589,6410.25641025641,3,dct_smooth_regression,utterance_000004,0-0-5-0,group_0,SIL,1,4,<eps>,"",0.3900000000000001,<unk>,юписем,#,#,spn,Y,coextensive
548.720018506599,1759.5005383261137,2401.9633003962213,578.155117826418,1736.652669512522,2436.2390298972205,110.67357915172907,95.02912640969795,193.20051041033344,0.006948041415730892,1.694375,0.244375,0.626602564102564,6410.25641025641,3,dct_smooth_regression,utterance_000004,0-0-5-0,group_0,SIL,1,4,<eps>,"",0.3900000000000001,<unk>,юписем,#,#,spn,Y,coextensive
553.0106653607686,1746.881297995875,2274.687449169402,585.9955612095299,1737.8333759384186,2427.576066522661,109.89158569098613,95.69742883699094,195.84499150093555,0.006948041415730892,1.696375,0.246375,0.6317307692307691,6410.25641025641,3,dct_smooth_regression,utterance_000004,0-0-5-0,group_0,SIL,1,4,<eps>,"",0.3900000000000001,<unk>,юписем,#,#,spn,Y,coextensive
557.9088189866231,1737.9315762342867,2238.5938039017715,593.9464843428086,1739.2362081316332,2419.5983000310594,109.21196725514791,96.5067472470189,198.63419799297517,0.006948041415730892,1.698375,0.248375,0.6368589743589742,6410.25641025641,3,dct_smooth_regression,utterance_000004,0-0-5-0,group_0,SIL,1,4,<eps>,"",0.3900000000000001,<unk>,юписем,#,#,spn,Y,coextensive
562.9454441324431,1735.7242346469793,2239.3077121120273,601.9955429795314,1740.8520783054207,2412.337692771607,108.64366678472975,97.45934247567662,201.57097271892252,0.006948041415730892,1.700375,0.250375,0.6419871794871793,6410.25641025641,3,dct_smooth_regression,utterance_000004,0-0-5-0,group_0,SIL,1,4,<eps>,"",0.3900000000000001,<unk>,юписем,#,#,spn,Y,coextensive
569.5302915269028,1739.9398058576623,2270.025305910332,610.130275706311,1742.6715842700469,2405.8239393854246,108.19524903906601,98.55770175077582,204.6581012644484,0.006948041415730892,1.702375,0.252375,0.6471153846153845,6410.25641025641,3,dct_smooth_regression,utterance_000004,0-0-5-0,group_0,SIL,1,4,<eps>,"",0.3900000000000001,<unk>,юписем,#,#,spn,Y,coextensive
579.0967220368525,1746.6495442408493,2323.940605170029,618.3381456973252,1744.6850461525103,2400.0843197264694,107.87496033814108,99.8045338791051,207.8982928222277,0.006948041415730892,1.704375,0.254375,0.6522435897435896,6410.25641025641,3,dct_smooth_regression,utterance_000004,0-0-5-0,group_0,SIL,1,4,<eps>,"",0.3900000000000001,<unk>,юписем,#,#,spn,Y,coextensive
591.6217624360411,1750.9165569879272,2362.7579872952924,626.6065819067528,1746.8825431367031,2395.143560837516,107.69079186762814,101.20276134298562,211.29415911615422,0.006948041415730892,1.706375,0.256375,0.6573717948717948,6410.25641025641,3,dct_smooth_regression,utterance_000004,0-0-5-0,group_0,SIL,1,4,<eps>,"",0.3900000000000001,<unk>,юписем,#,#,spn,Y,coextensive
607.2399988883451,1749.6418789374645,2347.8853185666285,634.9230195235962,1749.253950065689,2391.023708649594,107.65054504789167,102.75550914788946,214.84819133404096,0.006948041415730892,1.708375,0.258375,0.6624999999999999,6410.25641025641,3,dct_smooth_regression,utterance_000004,0-0-5-0,group_0,SIL,1,4,<eps>,"",0.3900000000000001,<unk>,юписем,#,#,spn,Y,coextensive
623.9669272835546,1744.0524757176088,2309.7086591149746,643.274939518716,1751.7889737514206,2387.7440100331673,107.76189757082734,104.46609023660828,218.56273501871806,0.006948041415730892,1.710375,0.260375,0.667628205128205,6410.25641025641,3,dct_smooth_regression,utterance_000004,0-0-5-0,group_0,SIL,1,4,<eps>,"",0.3900000000000001,<unk>,юписем,#,#,spn,Y,coextensive
639.3238337972282,1740.964461826363,2298.515246079127,651.6499071203001,1754.477188841598,2385.3208057862134,108.03246880626764,106.33798726247637,222.43996288178448,0.006948041415730892,1.712375,0.262375,0.6727564102564102,6410.25641025641,3,dct_smooth_regression,utterance_000004,0-0-5-0,group_0,SIL,1,4,<eps>,"",0.3900000000000001,<unk>,юписем,#,#,spn,Y,coextensive
653.716591449576,1744.8358043211965,2306.9316730842106,660.0356090611335,1757.3080730983863,2383.767435098432,108.46988336583561,108.37483049509412,226.48184552136138,0.006948041415730892,1.714375,0.264375,0.6778846153846153,6410.25641025641,3,dct_smooth_regression,utterance_000004,0-0-5-0,group_0,SIL,1,4,<eps>,"",0.3900000000000001,<unk>,юписем,#,#,spn,Y,coextensive
666.3869918576469,1756.4770642877452,2335.657690071619,668.4198894488793,1760.2710419493887,2383.0941519822845,109.08183168139072,110.580371617776,230.69012004513976,0.006948041415730892,1.716375,0.26637500000000003,0.6830128205128204,6410.25641025641,3,dct_smooth_regression,utterance_000004,0-0-5-0,group_0,SIL,1,4,<eps>,"",0.3900000000000001,<unk>,юписем,#,#,spn,Y,coextensive
678.6091487081525,1772.6596345892042,2400.278690934788,676.7907841190752,1763.355482177541,2383.308054110569,109.87612650373192,112.95845316752319,235.0662566230549,0.006948041415730892,1.718375,0.26837500000000003,0.6881410256410255,6410.25641025641,3,dct_smooth_regression,utterance_000004,0-0-5-0,group_0,SIL,1,4,<eps>,"",0.3900000000000001,<unk>,юписем,#,#,spn,Y,coextensive
689.6968634809778,1786.8768500764888,2514.880658701499,685.1365533396677,1766.5507846234432,2384.4130244471667,110.86075425244964,115.51297336671233,239.61142302008818,0.006948041415730892,1.720375,0.27037500000000003,0.6932692307692306,6410.25641025641,3,dct_smooth_regression,utterance_000004,0-0-5-0,group_0,SIL,1,4,<eps>,"",0.3900000000000001,<unk>,юписем,#,#,spn,Y,coextensive
699.1963168476404,1797.2005432681033,2544.578454752336,693.4457127455711,1769.846375781015,2386.409686002485,112.0439201483715,118.24784610198094,244.3264471891492,0.006948041415730892,1.722375,0.27237500000000003,0.6983974358974357,6410.25641025641,3,dct_smooth_regression,utterance_000004,0-0-5-0,group_0,SIL,1,4,<eps>,"",0.3900000000000001,<unk>,юписем,#,#,spn,Y,coextensive
707.833142662119,1805.3562410670718,2544.2004028067126,701.7070623919356,1773.231748175224,2389.2953699883974,113.43408603583636,121.16695582108706,249.21177803667968,0.006948041415730892,1.724375,0.27437500000000004,0.703525641025641,6410.25641025641,3,dct_smooth_regression,utterance_000004,0-0-5-0,group_0,SIL,1,4,<eps>,"",0.3900000000000001,<unk>,юписем,#,#,spn,Y,coextensive
715.3983317288079,1811.633462148731,2542.8584164954373,709.9097138254508,1776.6964894189364,2393.064097589253,115.03999975406228,124.27410714394658,254.2674445095674,0.006948041415730892,1.726375,0.27637500000000004,0.7086538461538461,6410.25641025641,3,dct_smooth_regression,utterance_000004,0-0-5-0,group_0,SIL,1,4,<eps>,"",0.3900000000000001,<unk>,юписем,#,#,spn,Y,coextensive
722.8414592642114,1816.450800053861,2541.840524159727,718.0431150840694,1780.2303098546502,2397.7065755061917,116.87071484740198,127.57296902071286,259.4930131909916,0.006948041415730892,1.728375,0.27837500000000004,0.7137820512820512,6410.25641025641,3,dct_smooth_regression,utterance_000004,0-0-5-0,group_0,SIL,1,4,<eps>,"",0.3900000000000001,<unk>,юписем,#,#,spn,Y,coextensive
732.3556755703523,1819.90229393573,2537.934979166183,726.0970735469358,1783.8230686959218,2403.2102053716853,118.935599316731,131.06701331871238,264.8875446347944,0.006948041415730892,1.730375,0.28037500000000004,0.7189102564102563,6410.25641025641,3,dct_smooth_regression,utterance_000004,0-0-5-0,group_0,SIL,1,4,<eps>,"",0.3900000000000001,<unk>,юписем,#,#,spn,Y,coextensive
743.38883505586,1820.0353206082295,2529.5362617246556,734.0617765680053,1787.464798592645,2409.5591070703117,121.2443320133147,134.7594477822469,270.4495487125276,0.006948041415730892,1.732375,0.28237500000000004,0.7240384615384614,6410.25641025641,3,dct_smooth_regression,utterance_000004,0-0-5-0,group_0,SIL,1,4,<eps>,"",0.3900000000000001,<unk>,юписем,#,#,spn,Y,coextensive
753.9289997298267,1817.8542734984944,2524.055345615381,741.9278098387601,1791.145728553954,2416.734155940496,123.80688516831486,138.6531433854954,276.17693929413866,0.006948041415730892,1.734375,0.28437500000000004,0.7291666666666666,6410.25641025641,3,dct_smooth_regression,utterance_000004,0-0-5-0,group_0,SIL,1,4,<eps>,"",0.3900000000000001,<unk>,юписем,#,#,spn,Y,coextensive
764.5003553117591,1816.9101858988122,2532.9944689029767,749.6861734375359,1794.8563051723372,2424.7130337705626,126.63349144314732,142.7505561896103,282.0669886317297,0.006948041415730892,1.736375,0.28637500000000005,0.7342948717948717,6410.25641025641,3,dct_smooth_regression,utterance_000004,0-0-5-0,group_0,SIL,1,4,<eps>,"",0.3900000000000001,<unk>,юписем,#,#,spn,Y,coextensive
775.0926724158395,1819.2497251314385,2551.5040701120492,757.328295535172,1798.5872121024802,2433.4702934412876,129.7345937872637,147.0536439208878,288.1162818653973,0.006948041415730892,1.738375,0.28837500000000005,0.7394230769230768,6410.25641025641,3,dct_smooth_regression,utterance_000004,0-0-5-0,group_0,SIL,1,4,<eps>,"",0.3900000000000001,<unk>,юписем,#,#,spn,Y,coextensive
784.736652706591,1824.128560122611,2559.8715562029893,764.8460437389734,1802.3293877584397,2442.977437006405,133.12077631127528,151.56377760756587,294.32067212002266,0.006948041415730892,1.740375,0.29037500000000005,0.744551282051282,6410.25641025641,3,dct_smooth_regression,utterance_000004,0-0-5-0,group_0,SIL,1,4,<eps>,"",0.3900000000000001,<unk>,юписем,#,#,spn,Y,coextensive
793.4111794760641,1829.048921502981,2556.2079071206067,772.2317340692097,1806.0740412028222,2453.2030069425946,136.8026743370574,156.28164874790238,300.67523671118016,0.006948041415730892,1.742375,0.29237500000000005,0.7496794871794871,6410.25641025641,3,dct_smooth_regression,utterance_000004,0-0-5-0,group_0,SIL,1,4,<eps>,"",0.3900000000000001,<unk>,юписем,#,#,spn,Y,coextensive
800.583329317271,1827.4841840597765,2548.7981502624516,779.478137574561,1809.8126662117459,2464.112690241527,140.79086178651576,161.2071726307474,307.1742350260475,0.006948041415730892,1.744375,0.29437500000000005,0.7548076923076923,6410.25641025641,3,dct_smooth_regression,utterance_000004,0-0-5-0,group_0,SIL,1,4,<eps>,"",0.3900000000000001,<unk>,юписем,#,#,spn,Y,coextensive
807.6075307956959,1813.9745430197618,2539.4913408526922,786.5784846049665,1813.537053509392,2475.669434958899,145.0957141326021,166.33938859031971,313.81106869021926,0.006948041415730892,1.746375,0.29637500000000006,0.7599358974358974,6410.25641025641,3,dct_smooth_regression,utterance_000004,0-0-5-0,group_0,SIL,1,4,<eps>,"",0.3900000000000001,<unk>,юписем,#,#,spn,Y,coextensive
814.8707067483215,1793.0650454924867,2528.800998643943,793.5264667721854,1817.2393011758638,2487.833578779292,149.72724527663877,171.6763581471939,320.57824467240164,0.006948041415730892,1.748375,0.29837500000000006,0.7650641025641025,6410.25641025641,3,dct_smooth_regression,utterance_000004,0-0-5-0,group_0,SIL,1,4,<eps>,"",0.3900000000000001,<unk>,юписем,#,#,spn,Y,coextensive
821.9076420484638,1776.5103414395085,2521.386961074824,800.3162366399814,1820.911823241845,2500.5629891014532,154.69491695261888,177.21506216476882,327.4673420148051,0.006948041415730892,1.750375,0.30037500000000006,0.7701923076923076,6410.25641025641,3,dct_smooth_regression,utterance_000004,0-0-5-0,group_0,SIL,1,4,<eps>,"",0.3900000000000001,<unk>,юписем,#,#,spn,Y,coextensive
827.4735323338007,1766.9724818197767,2519.2074813884565,806.9424051971511,1824.547356493089,2513.8132140963125,160.0074196095883,182.95129833120527,334.46898290624057,0.006948041415730892,1.752375,0.30237500000000006,0.7753205128205127,6410.25641025641,3,dct_smooth_regression,utterance_000004,0-0-5-0,group_0,SIL,1,4,<eps>,"",0.3900000000000001,<unk>,юписем,#,#,spn,Y,coextensive
829.3524370070571,1762.0672686801265,2520.9270404008416,813.4000371775402,1828.138965517064,2527.537644140208,165.67242420452988,188.87958045676672,341.5728088360339,0.006948041415730892,1.754375,0.30437500000000006,0.780448717948718,6410.25641025641,3,dct_smooth_regression,utterance_000004,0-0-5-0,group_0,SIL,1,4,<eps>,"",0.3900000000000001,<unk>,юписем,#,#,spn,Y,coextensive
829.3217758975813,1758.27084708117,2524.0304443667583,819.6846443017258,1831.6800460330667,2541.6876829783664,171.69630496554578,194.99304125071666,348.7674625784849,0.006948041415730892,1.756375,0.30637500000000006,0.7855769230769231,6410.25641025641,3,dct_smooth_regression,utterance_000004,0-0-5-0,group_0,SIL,1,4,<eps>,"",0.3900000000000001,<unk>,юписем,#,#,spn,Y,coextensive
833.3579685603967,1754.936909299559,2528.4505633420804,825.7921765250928,1835.1643265557655,2556.212927929078,178.08383397059805,201.28334040487636,356.0405767582423,0.006948041415730892,1.758375,0.30837500000000007,0.7907051282051282,6410.25641025641,3,dct_smooth_regression,utterance_000004,0-0-5-0,group_0,SIL,1,4,<eps>,"",0.3900000000000001,<unk>,юписем,#,#,spn,Y,coextensive
849.1219641875459,1755.946729792266,2535.3259119490185,831.7190113865795,1838.5858684503655,2571.0613583973186,184.83784933784435,207.74057995648343,363.3787697353488,0.006948041415730892,1.760375,0.31037500000000007,0.7958333333333333,6410.25641025641,3,dct_smooth_regression,utterance_000004,0-0-5-0,group_0,SIL,1,4,<eps>,"",0.3900000000000001,<unk>,юписем,#,#,spn,Y,coextensive
879.238370635314,1762.8726700685268,2543.009531272667,837.4619415613486,1841.9390644454247,2586.17953192809,191.95889994030307,214.353229024517,370.7676495235394,0.006948041415730892,1.762375,0.31237500000000007,0.8009615384615384,6410.25641025641,3,dct_smooth_regression,utterance_000004,0-0-5-0,group_0,SIL,1,4,<eps>,"",0.3900000000000001,<unk>,юписем,#,#,spn,Y,coextensive
915.3302742196448,1771.229379427921,2549.070517902578,843.0181607290222,1845.2186356766845,2601.5127869945118,199.44487083231604,221.10806010439597,378.19182641565203,0.006948041415730892,1.764375,0.31437500000000007,0.8060897435897436,6410.25641025641,3,dct_smooth_regression,utterance_000004,0-0-5-0,group_0,SIL,1,4,<eps>,"",0.3900000000000001,<unk>,юписем,#,#,spn,Y,coextensive
938.5404401461823,1778.920908140698,2555.3212247591377,848.385247876857,1848.4196273421373,2617.0054516840623,207.29059498970642,227.99009915890093,385.63493493473965,0.006948041415730892,1.766375,0.3163750000000001,0.8112179487179487,6410.25641025641,3,dct_smooth_regression,utterance_000004,0-0-5-0,group_0,SIL,1,4,<eps>,"",0.3900000000000001,<unk>,юписем,#,#,spn,Y,coextensive
946.983827806687,1785.9638469826066,2559.4914060652427,853.5611501642944,1851.5374030548462,2632.6010574182856,215.48745848911418,234.9825917516893,393.07966565825456,0.006948041415730892,1.768375,0.3183750000000001,0.8163461538461538,6410.25641025641,3,dct_smooth_regression,utterance_000004,0-0-5-0,group_0,SIL,1,4,<eps>,"",0.3900000000000001,<unk>,юписем,#,#,spn,Y,coextensive
944.9939870894148,1791.3607143955794,2555.7257032116013,858.5441644816716,1854.567637985794,2648.2425568170324,224.023007840577,242.06698742745698,400.5078073750194,0.006948041415730892,1.770375,0.3203750000000001,0.8214743589743589,6410.25641025641,3,dct_smooth_regression,utterance_000004,0-0-5-0,group_0,SIL,1,4,<eps>,"",0.3900000000000001,<unk>,юписем,#,#,spn,Y,coextensive
936.4650143317974,1793.8946324882806,2541.664276141805,863.3329178414849,1857.5063108941765,2663.8725447979336,232.88056978235252,249.22294444419856,407.90029993084295,0.006948041415730892,1.772375,0.3223750000000001,0.826602564102564,6410.25641025641,3,dct_smooth_regression,utterance_000004,0-0-5-0,group_0,SIL,1,4,<eps>,"",0.3900000000000001,<unk>,юписем,#,#,spn,Y,coextensive
924.7248933384435,1794.279844404761,2522.9683522877285,867.9263467454363,1860.3496951470956,2679.433481985408,242.03889537501956,256.428356803551,415.2372979989907,0.006948041415730892,1.774375,0.3243750000000001,0.8317307692307692,6410.25641025641,3,dct_smooth_regression,utterance_000004,0-0-5-0,group_0,SIL,1,4,<eps>,"",0.3900000000000001,<unk>,юписем,#,#,spn,Y,coextensive
912.885972157289,1793.376269882824,2518.0931975602284,872.3236756745504,1863.0943488345154,2694.8679194912165,251.4718416063319,263.65940530179813,422.4982458771844,0.006948041415730892,1.776375,0.3263750000000001,0.8368589743589744,6410.25641025641,3,dct_smooth_regression,utterance_000004,0-0-5-0,group_0,SIL,1,4,<eps>,"",0.3900000000000001,<unk>,юписем,#,#,spn,Y,coextensive
903.0232222141881,1790.7709916992876,2527.7424697142205,876.524394852892,1865.737104088579,2710.1187241203797,261.1481048409211,270.8906340353014,429.66196326481526,0.006948041415730892,1.778375,0.3283750000000001,0.8419871794871795,6410.25641025641,3,dct_smooth_regression,utterance_000004,0-0-5-0,group_0,SIL,1,4,<eps>,"",0.3900000000000001,<unk>,юписем,#,#,spn,Y,coextensive
897.2193711953174,1780.555557119385,2541.5174268791047,880.5282374378481,1868.2750557189897,2725.1293030522866,271.0310212139928,278.0950534403997,436.70674181435623,0.006948041415730892,1.780375,0.3303750000000001,0.8471153846153846,6410.25641025641,3,dct_smooth_regression,utterance_000004,0-0-5-0,group_0,SIL,1,4,<eps>,"",0.3900000000000001,<unk>,юписем,#,#,spn,Y,coextensive
898.4629812037304,1759.6175662988574,2559.3581324974884,884.3351562915295,1870.70554927805,2739.8438270470065,281.07844936715475,285.24427053189436,443.6104520819348,0.006948041415730892,1.782375,0.3323750000000001,0.8522435897435897,6410.25641025641,3,dct_smooth_regression,utterance_000004,0-0-5-0,group_0,SIL,1,4,<eps>,"",0.3900000000000001,<unk>,юписем,#,#,spn,Y,coextensive
905.0309887747337,1743.1244165404594,2597.9785059039154,887.945300488619,1873.026168670195,2754.2074512312265,291.24275065296285,292.30864653113713,450.3506603263575,0.006948041415730892,1.784375,0.3343750000000001,0.8573717948717948,6410.25641025641,3,dct_smooth_regression,utterance_000004,0-0-5-0,group_0,SIL,1,4,<eps>,"",0.3900000000000001,<unk>,юписем,#,#,spn,Y,coextensive
914.8247624369258,1736.769104268678,2681.8791580615994,891.3589917159233,1875.2347234214035,2768.166532526819,301.47088099984524,299.25748155191656,456.9047544267245,0.006948041415730892,1.786375,0.3363750000000001,0.8625,6410.25641025641,3,dct_smooth_regression,utterance_000004,0-0-5-0,group_0,SIL,1,4,<eps>,"",0.3900000000000001,<unk>,юписем,#,#,spn,Y,coextensive
909.8032835139617,1734.4875150918556,2771.893650722173,894.5767007179769,1877.3292357237315,2781.668842797783,311.7046069582098,306.0592254497669,463.2500780096506,0.006948041415730892,1.788375,0.3383750000000001,0.8676282051282052,6410.25641025641,3,dct_smooth_regression,utterance_000004,0-0-5-0,group_0,SIL,1,4,<eps>,"",0.3900000000000001,<unk>,юписем,#,#,spn,Y,coextensive
770.6937472594127,1736.0264706788237,2811.3504619360046,897.5990239413311,1879.3079273694054,2794.6637768081646,321.88085599839536,312.6817133501317,469.36407170178035,0.006948041415730892,1.790375,0.3403750000000001,0.8727564102564103,6410.25641025641,3,dct_smooth_regression,utterance_000004,0-0-5-0,group_0,SIL,1,4,<eps>,"",0.3900000000000001,<unk>,юписем,#,#,spn,Y,coextensive
588.0595587112139,1750.2532550756753,2814.683068001123,900.4266605276106,1881.169206687433,2807.102554104422,331.9322078959025,319.09242376744197,475.2244202557399,0.006948041415730892,1.792375,0.3423750000000001,0.8778846153846154,6410.25641025641,3,dct_smooth_regression,utterance_000004,0-0-5-0,group_0,SIL,1,4,<eps>,"",0.3900000000000001,<unk>,юписем,#,#,spn,Y,coextensive
684.3267693640566,1766.2804859607343,2808.768741033962,903.06038980209,1882.911655593554,2818.938413960532,341.7875300583437,325.2587566265853,480.80920414199045,0.006948041415730892,1.794375,0.3443750000000001,0.8830128205128205,6410.25641025641,3,dct_smooth_regression,utterance_000004,0-0-5-0,group_0,SIL,1,4,<eps>,"",0.3900000000000001,<unk>,юписем,#,#,spn,Y,coextensive
756.8340871837572,1763.2300761790611,2809.539251997415,905.5010494004262,1884.5340168615753,2830.1268025527943,351.37275501093984,331.1483279179386,486.09705405933397,0.006948041415730892,1.796375,0.3463750000000001,0.8881410256410257,6410.25641025641,3,dct_smooth_regression,utterance_000004,0-0-5-0,group_0,SIL,1,4,<eps>,"",0.3900000000000001,<unk>,юписем,#,#,spn,Y,coextensive
811.9445388508216,1768.8007603071353,2847.2950432457023,907.7495141713074,1886.0351817207295,2840.625551563631,360.61179310484056,336.729277175183,491.0673066969603,0.006948041415730892,1.798375,0.3483750000000001,0.8932692307692308,6410.25641025641,3,dct_smooth_regression,utterance_000004,0-0-5-0,group_0,SIL,1,4,<eps>,"",0.3900000000000001,<unk>,юписем,#,#,spn,Y,coextensive
854.0303406301789,1819.6128948556593,2906.810254798463,909.8066759871873,1887.414177879702,2850.3950474496555,369.4275680373678,341.9705834798931,495.70015998468557,0.006948041415730892,1.800375,0.3503750000000001,0.8983974358974359,6410.25641025641,3,dct_smooth_regression,utterance_000004,0-0-5-0,group_0,SIL,1,4,<eps>,"",0.3900000000000001,<unk>,юписем,#,#,spn,Y,coextensive
889.4420796707831,1938.4727166083223,2933.0579773434524,911.6734245889704,1888.6701580733884,2859.3983906485755,377.7431572129522,346.84238528604027,499.9768259986816,0.006948041415730892,1.802375,0.3523750000000001,0.903525641025641,6410.25641025641,3,dct_smooth_regression,utterance_000004,0-0-5-0,group_0,SIL,1,4,<eps>,"",0.3900000000000001,<unk>,юписем,#,#,spn,Y,coextensive
913.3471488984372,2061.0184529835483,2888.3371081074615,913.3506295835648,1889.8023892233061,2867.601544042126,385.48301360065,351.3162990375951,503.87967965036313,0.006948041415730892,1.804375,0.3543750000000001,0.9086538461538461,6410.25641025641,3,dct_smooth_regression,utterance_000004,0-0-5-0,group_0,SIL,1,4,<eps>,"",0.3900000000000001,<unk>,юписем,#,#,spn,Y,coextensive
928.6127263424341,2116.8456847406596,2761.891644639573,914.8391237056209,1890.8102422969578,2874.973470037804,392.57424085205236,355.3657313377946,507.3924012784816,0.006948041415730892,1.806375,0.3563750000000001,0.9137820512820514,6410.25641025641,3,dct_smooth_regression,utterance_000004,0-0-5-0,group_0,SIL,1,4,<eps>,"",0.3900000000000001,<unk>,юписем,#,#,spn,Y,coextensive
947.5896178427138,2126.2119848619236,2698.026662085657,916.139687446622,1891.69318294529,2881.4862556807016,398.94788932880397,358.9661793311586,510.5001112902526,0.006948041415730892,1.8083749999999998,0.3583749999999999,0.9189102564102559,6410.25641025641,3,dct_smooth_regression,utterance_000004,0-0-5-0,group_0,SIL,1,4,<eps>,"",0.3900000000000001,<unk>,юписем,#,#,spn,Y,coextensive
974.527684932017,2138.137427967263,2848.9050224635407,917.2530351457663,1892.4507629908278,2887.1152252577867,404.5402376316386,362.0955139874949,513.1894950574409,0.006948041415730892,1.8103749999999998,0.3603749999999999,0.924038461538461,6410.25641025641,3,dct_smooth_regression,utterance_000004,0-0-5-0,group_0,SIL,1,4,<eps>,"",0.3900000000000001,<unk>,юписем,#,#,spn,Y,coextensive
990.1856458064206,2122.2441587708367,3072.7000783938174,918.179802627885,1893.0826128320566,2891.8390399105247,409.2940224648564,364.7342411356633,515.448916367523,0.006948041415730892,1.8123749999999998,0.3623749999999999,0.9291666666666661,6410.25641025641,3,dct_smooth_regression,utterance_000004,0-0-5-0,group_0,SIL,1,4,<eps>,"",0.3900000000000001,<unk>,юписем,#,#,spn,Y,coextensive
983.3872529724208,2107.19700162972,3202.935234582107,918.9205364639823,1893.5884348222744,2895.639783827371,413.15957939587236,366.8657353843764,517.2685178574394,0.006948041415730892,1.8143749999999998,0.3643749999999999,0.9342948717948713,6410.25641025641,3,dct_smooth_regression,utterance_000004,0-0-5-0,group_0,SIL,1,4,<eps>,"",0.3900000000000001,<unk>,юписем,#,#,spn,Y,coextensive
966.1877509674225,2074.192643338178,3181.7066543663836,919.4756849199388,1893.9679976734335,2898.503036645277,416.09585838796033,368.4764424839809,518.6403070162594,0.006948041415730892,1.8163749999999999,0.3663749999999999,0.9394230769230764,6410.25641025641,3,dct_smooth_regression,utterance_000004,0-0-5-0,group_0,SIL,1,4,<eps>,"",0.3900000000000001,<unk>,юписем,#,#,spn,Y,coextensive
951.4908714800661,2021.1361932890957,3067.4154535411676,919.8455906485228,1894.2211319275184,2900.417931748568,418.07128091694216,369.5560462189266,519.5582265306134,0.006948041415730892,1.8183749999999999,0.3683749999999999,0.9445512820512816,6410.25641025641,3,dct_smooth_regression,utterance_000004,0-0-5-0,group_0,SIL,1,4,<eps>,"",0.3900000000000001,<unk>,юписем,#,#,spn,Y,coextensive
941.7428654305747,1979.9557443494755,2974.263518670688,920.0304851691856,1894.347726529786,2901.377200214207,419.0644099556923,370.0975965630814,520.0182079595608,0.006948041415730892,1.8203749999999999,0.3703749999999999,0.9496794871794867,6410.25641025641,3,dct_smooth_regression,utterance_000004,0-0-5-0,group_0,SIL,1,4,<eps>,"",0.3900000000000001,<unk>,юписем,#,#,spn,Y,coextensive
585.565958718973,1957.2304022220524,2794.509878427661,628.3910433657913,1993.6401403114526,2838.090910332731,208.03888192634233,257.25755345614283,422.52525324840536,0.0005298421303006162,0.346375,0.006374999999999964,0.06374999999999965,6589.74358974359,3,dct_smooth_regression,utterance_000004,0-0-1-1,group_0,AA,1,4,ҫав,"",0.09999999999999998,<eps>,кунах,ɕ,V,ɕ,V,internal
610.8014101508138,1978.3449698889883,2810.6934875942075,633.9179954340459,1991.1019145458677,2834.250452991157,206.78745910997227,254.11277333609857,430.1399004414868,0.0005298421303006162,0.348375,0.008374999999999966,0.08374999999999967,6589.74358974359,3,dct_smooth_regression,utterance_000004,0-0-1-1,group_0,AA,1,4,ҫав,"",0.09999999999999998,<eps>,кунах,ɕ,V,ɕ,V,internal
639.7427128213159,1989.6580306436056,2818.605338454509,644.5623321585439,1986.0427504961685,2826.7221988727783,204.358768548227,248.18939156872676,444.99305343253644,0.0005298421303006162,0.350375,0.010374999999999968,0.10374999999999969,6589.74358974359,3,dct_smooth_regression,utterance_000004,0-0-1-1,group_0,AA,1,4,ҫав,"",0.09999999999999998,<eps>,кунах,ɕ,V,ɕ,V,internal
670.6700720475374,1994.1391948346732,2826.0903750519155,659.5430544355505,1978.504613051907,2815.8048270557856,200.89395305785052,240.14494482790636,466.24916775064656,0.0005298421303006162,0.352375,0.01237499999999997,0.12374999999999972,6589.74358974359,3,dct_smooth_regression,utterance_000004,0-0-1-1,group_0,AA,1,4,ҫав,"",0.09999999999999998,<eps>,кунах,ɕ,V,ɕ,V,internal
702.3790183229627,1992.0644590195996,2831.0319816156766,677.780152783876,1968.5676001428221,2801.9299579591457,196.58796314955558,230.80362799068376,492.48055954970073,0.0005298421303006162,0.354375,0.014374999999999971,0.14374999999999974,6589.74358974359,3,dct_smooth_regression,utterance_000004,0-0-1-1,group_0,AA,1,4,ҫав,"",0.09999999999999998,<eps>,кунах,ɕ,V,ɕ,V,internal
729.0223387728664,1980.55673808161,2824.6882165686698,697.9940163450669,1956.3669908960535,2785.6430618545924,191.67240128067007,221.01948606957637,521.5536869893126,0.0005298421303006162,0.356375,0.016374999999999973,0.16374999999999976,6589.74358974359,3,dct_smooth_regression,utterance_000004,0-0-1-1,group_0,AA,1,4,ҫав,"",0.09999999999999998,<eps>,кунах,ɕ,V,ɕ,V,internal
744.966243041205,1958.7269469809612,2796.656078407699,718.8218458153473,1942.1105937674695,2767.578999138252,186.39684936114767,211.56160190715616,550.6296542935227,0.0005298421303006162,0.358375,0.018374999999999975,0.18374999999999977,6589.74358974359,3,dct_smooth_regression,utterance_000004,0-0-1-1,group_0,AA,1,4,ҫав,"",0.09999999999999998,<eps>,кунах,ɕ,V,ɕ,V,internal
754.629914752435,1928.9570996944947,2752.3872548604736,738.9394413117209,1926.0927271584196,2748.4330749249507,181.0110467663097,203.04014038389764,576.371330732455,0.0005298421303006162,0.360375,0.020374999999999976,0.2037499999999998,6589.74358974359,3,dct_smooth_regression,utterance_000004,0-0-1-1,group_0,AA,1,4,ҫав,"",0.09999999999999998,<eps>,кунах,ɕ,V,ɕ,V,internal
762.9708452925283,1898.5210616910829,2716.8750730560178,757.1762997785432,1908.7012958477872,2728.9287320230073,175.74976477867565,195.87470922071876,595.3943399054161,0.0005298421303006162,0.362375,0.022374999999999978,0.2237499999999998,6589.74358974359,3,dct_smooth_regression,utterance_000004,0-0-1-1,group_0,AA,1,4,ҫав,"",0.09999999999999998,<eps>,кунах,ɕ,V,ɕ,V,internal
770.8289508856161,1876.3943473719448,2700.8200766386426,772.6127691435022,1890.4150630358047,2709.7832401264427,170.82145050641802,190.29452706595015,604.8926038270637,0.0005298421303006162,0.364375,0.02437499999999998,0.24374999999999986,6589.74358974359,3,dct_smooth_regression,utterance_000004,0-0-1-1,group_0,AA,1,4,ҫав,"",0.09999999999999998,<eps>,кунах,ɕ,V,ɕ,V,internal
777.1721855157133,1860.6374786705842,2693.748673127129,784.649976130224,1871.7892975230357,2691.6729464863856,166.40089560915698,186.35596091825704,603.2557386041358,0.0005298421303006162,0.366375,0.026374999999999982,0.2637499999999999,6589.74358974359,3,dct_smooth_regression,utterance_000004,0-0-1-1,group_0,AA,1,4,ҫав,"",0.09999999999999998,<eps>,кунах,ɕ,V,ɕ,V,internal
781.1976680816368,1846.3222105080247,2686.8069697926458,793.0461576261386,1853.4293802270631,2675.1998114816456,162.62549722492912,183.96553126191066,590.449676176835,0.0005298421303006162,0.368375,0.028374999999999984,0.2837499999999999,6589.74358974359,3,dct_smooth_regression,utterance_000004,0-0-1-1,group_0,AA,1,4,ҫав,"",0.09999999999999998,<eps>,кунах,ɕ,V,ɕ,V,internal
783.0819230932344,1830.5763226056179,2670.3620679711335,797.9165692467351,1835.9535225437362,2660.8610367476927,159.59422682805788,182.90224827706726,568.0032032444918,0.0005298421303006162,0.370375,0.030374999999999985,0.3037499999999999,6589.74358974359,3,dct_smooth_regression,utterance_000004,0-0-1-1,group_0,AA,1,4,ҫав,"",0.09999999999999998,<eps>,кунах,ɕ,V,ɕ,V,internal
784.0679958626047,1812.5425339436144,2641.533403968032,799.697941605707,1819.9472946845751,2649.023580600656,157.3682399956496,182.83919441498273,538.6051518426458,0.0005298421303006162,0.372375,0.03237499999999999,0.3237499999999999,6589.74358974359,3,dct_smooth_regression,utterance_000004,0-0-1-1,group_0,AA,1,4,ҫав,"",0.09999999999999998,<eps>,кунах,ɕ,V,ɕ,V,internal
785.5221976508298,1798.5301219227474,2618.914811242724,799.0821026056867,1805.9139949759074,2639.9052269661656,155.9721223298193,183.36858768854432,505.4753787271554,0.0005298421303006162,0.374375,0.03437499999999999,0.34374999999999994,6589.74358974359,3,dct_smooth_regression,utterance_000004,0-0-1-1,group_0,AA,1,4,ҫав,"",0.09999999999999998,<eps>,кунах,ɕ,V,ɕ,V,internal
788.673769096692,1791.6091402265065,2609.1835456285676,796.9264990695833,1794.2258392947665,2633.563619464103,155.39502011395442,184.03588459114732,471.73648585694093,0.0005298421303006162,0.376375,0.03637499999999999,0.36374999999999996,6589.74358974359,3,dct_smooth_regression,utterance_000004,0-0-1-1,group_0,AA,1,4,ҫав,"",0.09999999999999998,<eps>,кунах,ɕ,V,ɕ,V,internal
793.2678356417077,1790.6370018751272,2607.987301027595,794.1516088398802,1785.0813799544658,2629.894291909435,155.59128683623544,184.38620635813973,439.9625274603264,0.0005298421303006162,0.378375,0.03837499999999999,0.38375,6589.74358974359,3,dct_smooth_regression,utterance_000004,0-0-1-1,group_0,AA,1,4,ҫав,"",0.09999999999999998,<eps>,кунах,ɕ,V,ɕ,V,internal
796.8054891231311,1790.9532854671306,2612.8916614242858,791.6364043913885,1778.4743968897837,2628.6382327322626,156.48072858085922,184.02091426344296,411.96882981424085,0.0005298421303006162,0.380375,0.040374999999999994,0.40375,6589.74358974359,3,dct_smooth_regression,utterance_000004,0-0-1-1,group_0,AA,1,4,ҫав,"",0.09999999999999998,<eps>,кунах,ɕ,V,ɕ,V,internal
797.9223459865034,1788.2480102717734,2624.456887111847,790.1229982207318,1774.1787276843725,2629.3989388148093,157.9489908247776,182.6554566502574,388.80606151546164,0.0005298421303006162,0.382375,0.042374999999999996,0.42375,6589.74358974359,3,dct_smooth_regression,utterance_000004,0-0-1-1,group_0,AA,1,4,ҫав,"",0.09999999999999998,<eps>,кунах,ɕ,V,ɕ,V,internal
797.7726618075328,1782.6592559576548,2642.1391169127355,790.1403852706775,1771.7521722448096,2631.6682807438983,159.84902149589735,180.1649168286059,370.87288955417193,0.0005298421303006162,0.384375,0.044375,0.44375000000000003,6589.74358974359,3,dct_smooth_regression,utterance_000004,0-0-1-1,group_0,AA,1,4,ҫав,"",0.09999999999999998,<eps>,кунах,ɕ,V,ɕ,V,internal
799.3979858548269,1778.738637284871,2657.4082095628755,791.9549416416331,1770.5608425808105,2634.859862466862,162.0047735143534,176.60412107718045,358.0637373044469,0.0005298421303006162,0.386375,0.046375,0.46375000000000005,6589.74358974359,3,dct_smooth_regression,utterance_000004,0-0-1-1,group_0,AA,1,4,ҫав,"",0.09999999999999998,<eps>,кунах,ɕ,V,ɕ,V,internal
803.9928655085048,1777.819151555595,2665.848510735104,795.5522956283804,1769.8233009430446,2638.347965389282,164.21826318593185,172.19557990790184,349.8979504695777,0.0005298421303006162,0.388375,0.048375,0.4837500000000001,6589.74358974359,3,dct_smooth_regression,utterance_000004,0-0-1-1,group_0,AA,1,4,ҫав,"",0.09999999999999998,<eps>,кунах,ɕ,V,ɕ,V,internal
809.8610128811594,1775.279544321295,2667.0755759754074,800.6516930444516,1768.6717485794334,2641.509672674275,166.2806857173682,167.28842624715494,345.611328929951,0.0005298421303006162,0.390375,0.050375,0.5037500000000001,6589.74358974359,3,dct_smooth_regression,utterance_000004,0-0-1-1,group_0,AA,1,4,ҫав,"",0.09999999999999998,<eps>,кунах,ɕ,V,ɕ,V,internal
813.8429707503406,1764.5866463777857,2660.568774066848,806.7504159721325,1766.2256141778307,2643.7674225052438,167.98748695178546,162.3001851457778,344.21807439783146,0.0005298421303006162,0.39237500000000003,0.052375000000000005,0.5237500000000002,6589.74358974359,3,dct_smooth_regression,utterance_000004,0-0-1-1,group_0,AA,1,4,ҫав,"",0.09999999999999998,<eps>,кунах,ɕ,V,ɕ,V,internal
815.8166151582235,1746.411820276108,2648.9483329676796,813.1925688235544,1761.6713569767737,2644.6290789525883,169.15621441847995,157.65665723821698,344.56675237863413,0.0005298421303006162,0.39437500000000003,0.05437500000000001,0.5437500000000002,6589.74358974359,3,dct_smooth_regression,utterance_000004,0-0-1-1,group_0,AA,1,4,ҫав,"",0.09999999999999998,<eps>,кунах,ɕ,V,ɕ,V,internal
817.0846018747856,1728.1195414747617,2636.2470246031485,819.2539666310998,1754.341322443398,2643.7226619579037,169.6448876632252,153.74249488661587,345.4170309672417,0.0005298421303006162,0.39637500000000003,0.05637500000000001,0.5637500000000002,6589.74358974359,3,dct_smooth_regression,utterance_000004,0-0-1-1,group_0,AA,1,4,ҫав,"",0.09999999999999998,<eps>,кунах,ɕ,V,ɕ,V,internal
817.9718511073681,1716.1844036489297,2624.852882223805,824.2332213635697,1743.7841928324256,2640.82315304138,169.36790542870688,150.8684631896237,345.55439264601233,0.0005298421303006162,0.39837500000000003,0.05837500000000001,0.5837500000000002,6589.74358974359,3,dct_smooth_regression,utterance_000004,0-0-1-1,group_0,AA,1,4,ҫав,"",0.09999999999999998,<eps>,кунах,ɕ,V,ɕ,V,internal
817.8445461153084,1709.1698943605165,2615.4110839667487,827.5385919702468,1729.8200173139812,2635.8692810197863,168.30648257420287,149.2544828795395,343.9393894241754,0.0005298421303006162,0.40037500000000004,0.06037500000000001,0.6037500000000002,6589.74358974359,3,dct_smooth_regression,utterance_000004,0-0-1-1,group_0,AA,1,4,ҫав,"",0.09999999999999998,<eps>,кунах,ɕ,V,ɕ,V,internal
817.0196042984908,1705.1565621569086,2611.667513488933,828.7607898283422,1712.5739675066895,2628.9688635753305,166.5114243828962,149.02308857209755,339.8632212484385,0.0005298421303006162,0.40237500000000004,0.062375000000000014,0.6237500000000002,6589.74358974359,3,dct_smooth_regression,utterance_000004,0-0-1-1,group_0,AA,1,4,ҫав,"",0.09999999999999998,<eps>,кунах,ɕ,V,ɕ,V,internal
817.3171817624234,1701.3831412850102,2609.857760347912,827.7236337944829,1692.484749665367,2620.3920897308412,164.0975384505296,150.19685873231646,333.0647526773742,0.0005298421303006162,0.40437500000000004,0.06437500000000002,0.6437500000000003,6589.74358974359,3,dct_smooth_regression,utterance_000004,0-0-1-1,group_0,AA,1,4,ҫав,"",0.09999999999999998,<eps>,кунах,ɕ,V,ɕ,V,internal
819.266457126915,1694.3954719036035,2606.4003210988926,824.5070314368452,1670.2858529371183,2610.5530148149096,161.23071611454216,152.6952027783588,323.7672636035327,0.0005298421303006162,0.406375,0.06637499999999996,0.6637499999999997,6589.74358974359,3,dct_smooth_regression,utterance_000004,0-0-1-1,group_0,AA,1,4,ҫав,"",0.09999999999999998,<eps>,кунах,ɕ,V,ɕ,V,internal
821.1919333855276,1681.0955437827934,2602.4926124341673,819.4399334579936,1646.9603110470182,2599.980433693929,158.11013971015066,156.3295351225162,312.61824017031165,0.0005298421303006162,0.408375,0.06837499999999996,0.6837499999999997,6589.74358974359,3,dct_smooth_regression,utterance_000004,0-0-1-1,group_0,AA,1,4,ҫав,"",0.09999999999999998,<eps>,кунах,ɕ,V,ɕ,V,internal
820.3248835636314,1658.0416566986974,2595.868104785427,813.0643122967429,1623.6721592812885,2589.2801268735016,154.94876407685334,160.80013399160603,300.5505525466567,0.0005298421303006162,0.410375,0.07037499999999997,0.7037499999999998,6589.74358974359,3,dct_smooth_regression,utterance_000004,0-0-1-1,group_0,AA,1,4,ҫав,"",0.09999999999999998,<eps>,кунах,ɕ,V,ɕ,V,internal
814.3499202699576,1623.5498761848762,2584.822054989319,806.0744752860094,1601.68003089858,2579.091167555946,151.95504601940502,165.70157842949033,288.60957845645254,0.0005298421303006162,0.412375,0.07237499999999997,0.7237499999999998,6589.74358974359,3,dct_smooth_regression,utterance_000004,0-0-1-1,group_0,AA,1,4,ҫав,"",0.09999999999999998,<eps>,кунах,ɕ,V,ɕ,V,internal
805.1858911248249,1586.5418657072248,2574.0102862761855,799.238777330496,1582.240128312513,2570.039475337173,149.31803167481792,170.5450212954942,277.7952901577197,0.0005298421303006162,0.414375,0.07437499999999997,0.7437499999999998,6589.74358974359,3,dct_smooth_regression,utterance_000004,0-0-1-1,group_0,AA,1,4,ҫав,"",0.09999999999999998,<eps>,кунах,ɕ,V,ɕ,V,internal
795.6059895982082,1554.381483393324,2566.276724696857,793.3127450168591,1566.5069395348528,2562.692058490146,147.1967323672328,174.80312528284887,268.952104217802,0.0005298421303006162,0.416375,0.07637499999999997,0.7637499999999998,6589.74358974359,3,dct_smooth_regression,utterance_000004,0-0-1-1,group_0,AA,1,4,ҫав,"",0.09999999999999998,<eps>,кунах,ɕ,V,ɕ,V,internal
787.733924701698,1531.252074094872,2560.5337750477665,788.9535509815839,1555.4404277133635,2557.5153757918783,145.71361885018126,177.97666761461497,262.7143813038394,0.0005298421303006162,0.418375,0.07837499999999997,0.7837499999999998,6589.74358974359,3,dct_smooth_regression,utterance_000004,0-0-1-1,group_0,AA,1,4,ҫав,"",0.09999999999999998,<eps>,кунах,ɕ,V,ɕ,V,internal
783.0883516871403,1519.3446874346962,2555.2023458740823,786.645585352006,1549.7279557989207,2554.8409669264497,144.9513186377799,179.67223363343322,259.4949766104521,0.0005298421303006162,0.420375,0.08037499999999997,0.8037499999999999,6589.74358974359,3,dct_smooth_regression,utterance_000004,0-0-1-1,group_0,AA,1,4,ҫав,"",0.09999999999999998,<eps>,кунах,ɕ,V,ɕ,V,internal
617.8749922783884,1610.6765984120611,3224.750853292888,636.8197459329971,1599.2055658418833,3200.3732727708134,411.76720772611174,259.08228942546145,120.22081102669149,0.00024686822682843925,0.746375,0.0063750000000000195,0.07968750000000029,6230.7692307692305,3,dct_smooth_regression,utterance_000004,0-0-2-3,group_0,AA,1,4,кунах,"",0.07999999999999996,ҫав,хулари,N,χ,N,χ,internal
635.9828435717511,1604.2923722768594,3214.1625355803744,642.1443825003122,1600.6103248452525,3202.367580986937,410.8354199199581,257.3031778542402,128.84069075217698,0.00024686822682843925,0.748375,0.008375000000000021,0.10468750000000032,6230.7692307692305,3,dct_smooth_regression,utterance_000004,0-0-2-3,group_0,AA,1,4,кунах,"",0.07999999999999996,ҫав,хулари,N,χ,N,χ,internal
657.7179142515147,1600.7103539418003,3202.57236625942,652.3129890343876,1603.2777004612994,3205.7163333762037,409.263017255623,253.9726377737104,146.56709738276146,0.00024686822682843925,0.750375,0.010375000000000023,0.12968750000000037,6230.7692307692305,3,dct_smooth_regression,utterance_000004,0-0-2-3,group_0,AA,1,4,кунах,"",0.07999999999999996,ҫав,хулари,N,χ,N,χ,internal
676.7534200992338,1598.7861123573105,3195.2988651852206,666.4251329032285,1606.9323122649373,3209.2385583611162,407.5165599435525,249.50510544631695,173.919870509276,0.00024686822682843925,0.752375,0.012375000000000025,0.1546875000000004,6230.7692307692305,3,dct_smooth_regression,utterance_000004,0-0-2-3,group_0,AA,1,4,кунах,"",0.07999999999999996,ҫав,хулари,N,χ,N,χ,internal
690.9530318489782,1600.2909572822507,3193.637349340602,683.2732476029129,1611.1834686783695,3211.393850583096,406.0424899823458,244.4316257390732,210.54302327395442,0.00024686822682843925,0.754375,0.014375000000000027,0.17968750000000044,6230.7692307692305,3,dct_smooth_regression,utterance_000004,0-0-2-3,group_0,AA,1,4,кунах,"",0.07999999999999996,ҫав,хулари,N,χ,N,χ,internal
706.2558237073875,1608.0532609319275,3194.4751155549993,701.4901908833301,1615.5521380902057,3210.5180014955076,405.0468198252729,239.3187081479676,254.0866605055715,0.00024686822682843925,0.756375,0.01637500000000003,0.20468750000000047,6230.7692307692305,3,dct_smooth_regression,utterance_000004,0-0-2-3,group_0,AA,1,4,кунах,"",0.07999999999999996,ҫав,хулари,N,χ,N,χ,internal
726.1689041903891,1620.7769861662712,3192.413245189928,719.7100776108265,1619.50652310806,3205.0754498900315,404.30502863339586,234.69351950911755,299.62088333823436,0.00024686822682843925,0.758375,0.01837500000000003,0.22968750000000052,6230.7692307692305,3,dct_smooth_regression,utterance_000004,0-0-2-3,group_0,AA,1,4,кунах,"",0.07999999999999996,ҫав,хулари,N,χ,N,χ,internal
744.3229326184415,1630.6581938455338,3186.6109901067966,736.7194439684173,1622.5049270302268,3193.889519043908,403.05146678475785,230.98622133926315,340.52009180650543,0.00024686822682843925,0.760375,0.020375000000000032,0.25468750000000057,6230.7692307692305,3,dct_smooth_regression,utterance_000004,0-0-2-3,group_0,AA,1,4,кунах,"",0.07999999999999996,ҫав,хулари,N,χ,N,χ,internal
754.5430914339045,1632.075919021525,3180.2225902185505,751.5781964070835,1624.0434172606178,3176.3160024019116,399.99675704102543,228.492080442235,370.9279458607043,0.00024686822682843925,0.762375,0.022375000000000034,0.2796875000000006,6230.7692307692305,3,dct_smooth_regression,utterance_000004,0-0-2-3,group_0,AA,1,4,кунах,"",0.07999999999999996,ҫав,хулари,N,χ,N,χ,internal
758.712717324077,1627.1638242040144,3171.7181364614435,763.6953785148896,1623.7045068904602,3152.3358105335496,393.51815276462526,227.34991747506757,388.4083622314241,0.00024686822682843925,0.764375,0.024375000000000036,0.3046875000000006,6230.7692307692305,3,dct_smooth_regression,utterance_000004,0-0-2-3,group_0,AA,1,4,кунах,"",0.07999999999999996,ҫав,хулари,N,χ,N,χ,internal
761.3653837424214,1620.398971571297,3152.723761918052,772.8525067108553,1621.2019903282064,3122.5562031216095,382.0360617963335,227.53144199603256,394.901824518519,0.00024686822682843925,0.766375,0.026375000000000037,0.32968750000000063,6230.7692307692305,3,dct_smooth_regression,utterance_000004,0-0-2-3,group_0,AA,1,4,кунах,"",0.07999999999999996,ҫав,хулари,N,χ,N,χ,internal
766.7338017238599,1614.4126042613925,3109.8585703913436,779.1756970759077,1616.4164967947481,3088.125108610486,364.51078284724633,228.83797998348945,395.47672040015243,0.00024686822682843925,0.768375,0.02837500000000004,0.3546875000000007,6230.7692307692305,3,dct_smooth_regression,utterance_000004,0-0-2-3,group_0,AA,1,4,кунах,"",0.07999999999999996,ҫав,хулари,N,χ,N,χ,internal
775.2063240614928,1608.5305069124015,3049.0744753984463,783.0655647630857,1609.4165258956457,3050.576558013519,340.89127718767895,230.90557866421807,396.06534055460753,0.00024686822682843925,0.770375,0.03037500000000004,0.37968750000000073,6230.7692307692305,3,dct_smooth_regression,utterance_000004,0-0-2-3,group_0,AA,1,4,кунах,"",0.07999999999999996,ҫав,хулари,N,χ,N,χ,internal
783.0207381605481,1599.8184959472073,2992.918717548506,785.0996434852548,1600.4608380138502,3011.6350558785944,312.30126579839197,233.22424977304988,401.6223947394597,0.00024686822682843925,0.772375,0.03237500000000004,0.40468750000000075,6230.7692307692305,3,dct_smooth_regression,utterance_000004,0-0-2-3,group_0,AA,1,4,кунах,"",0.07999999999999996,ҫав,хулари,N,χ,N,χ,internal
788.1580679728985,1587.461756073344,2951.4792671372015,785.924975479765,1589.98005493669,2973.0112633395347,280.8332419386951,235.179546645889,415.1710352396008,0.00024686822682843925,0.7743749999999999,0.03437499999999993,0.4296874999999994,6230.7692307692305,3,dct_smooth_regression,utterance_000004,0-0-2-3,group_0,AA,1,4,кунах,"",0.07999999999999996,ҫав,хулари,N,χ,N,χ,internal
792.0306018506869,1572.8924690709032,2917.9789106152043,786.1582455635802,1578.5379657747205,2936.220166782918,249.0171889120443,236.12225006283828,437.33683401853676,0.00024686822682843925,0.7763749999999999,0.036374999999999935,0.45468749999999947,6230.7692307692305,3,dct_smooth_regression,utterance_000004,0-0-2-3,group_0,AA,1,4,кунах,"",0.07999999999999996,ҫав,хулари,N,χ,N,χ,internal
795.1683557555333,1561.6853755752923,2891.389218396553,786.3076484944902,1566.7759536225021,2902.4465076301162,219.20311333133722,235.46352445107075,465.8838481857139,0.00024686822682843925,0.7783749999999999,0.03837499999999994,0.4796874999999995,6230.7692307692305,3,dct_smooth_regression,utterance_000004,0-0-2-3,group_0,AA,1,4,кунах,"",0.07999999999999996,ҫав,хулари,N,χ,N,χ,internal
796.9844124821979,1555.982698434416,2870.765227319627,786.7253709000825,1555.3466832781494,2872.4721305472412,193.113886031951,232.78042838731258,495.3042960474112,0.00024686822682843925,0.7803749999999999,0.04037499999999994,0.5046874999999995,6230.7692307692305,3,dct_smooth_regression,utterance_000004,0-0-2-3,group_0,AA,1,4,кунах,"",0.07999999999999996,ҫав,хулари,N,χ,N,χ,internal
796.5301877763005,1552.2488695386535,2855.1882340757265,787.5932628978903,1544.84522727511,2846.668149777565,171.6898087059965,227.90577496394164,517.2223887540187,0.00024686822682843925,0.7823749999999999,0.04237499999999994,0.5296874999999995,6230.7692307692305,3,dct_smooth_regression,utterance_000004,0-0-2-3,group_0,AA,1,4,кунах,"",0.07999999999999996,ҫав,хулари,N,χ,N,χ,internal
793.7075988961601,1545.8532658111105,2844.773989737753,788.9382076265723,1535.746741275092,2825.0437008962854,155.17996985929244,220.97427408052852,522.5621743562031,0.00024686822682843925,0.7843749999999999,0.04437499999999994,0.5546874999999996,6230.7692307692305,3,dct_smooth_regression,utterance_000004,0-0-2-3,group_0,AA,1,4,кунах,"",0.07999999999999996,ҫав,хулари,N,χ,N,χ,internal
789.0646131167255,1535.1574340515847,2840.2370387775086,790.6689768613063,1528.3593771676112,2807.334545733899,143.34871979313957,212.40766830197552,505.3548458825758,0.00024686822682843925,0.7863749999999999,0.046374999999999944,0.5796874999999996,6230.7692307692305,3,dct_smooth_regression,utterance_000004,0-0-2-3,group_0,AA,1,4,кунах,"",0.07999999999999996,ҫав,хулари,N,χ,N,χ,internal
783.638582402476,1520.997906409551,2841.872189283317,792.6237585414759,1522.7993104162545,2793.1103069442615,135.67604393193386,202.84187642744448,466.11141595875506,0.00024686822682843925,0.7883749999999999,0.048374999999999946,0.6046874999999997,6230.7692307692305,3,dct_smooth_regression,utterance_000004,0-0-2-3,group_0,AA,1,4,кунах,"",0.07999999999999996,ҫав,хулари,N,χ,N,χ,internal
780.0520974363518,1508.281009105195,2713.6527474465233,794.6173588562594,1518.991765881564,2781.879131419305,131.48954655771809,193.01912286833144,412.0600691476818,0.00024686822682843925,0.7903749999999999,0.05037499999999995,0.6296874999999997,6230.7692307692305,3,dct_smooth_regression,utterance_000004,0-0-2-3,group_0,AA,1,4,кунах,"",0.07999999999999996,ҫав,хулари,N,χ,N,χ,internal
781.638778928198,1505.901011517289,2720.0082057009,796.4791152886861,1516.6981796558593,2773.1726976082223,130.02379212817434,183.6774693112292,353.78951147470605,0.00024686822682843925,0.7923749999999999,0.05237499999999995,0.6546874999999998,6230.7692307692305,3,dct_smooth_regression,utterance_000004,0-0-2-3,group_0,AA,1,4,кунах,"",0.07999999999999996,ҫав,хулари,N,χ,N,χ,internal
789.1166561512144,1513.290988456418,2790.709778258031,798.0761696739511,1515.5657118813963,2766.601473580595,130.4396179091292,175.4653820136636,300.84522919902594,0.00024686822682843925,0.7943749999999999,0.05437499999999995,0.6796874999999998,6230.7692307692305,3,dct_smooth_regression,utterance_000004,0-0-2-3,group_0,AA,1,4,кунах,"",0.07999999999999996,ҫав,хулари,N,χ,N,χ,internal
799.4858837832531,1519.6725966234972,2772.0835268758947,799.3210214670703,1515.1918621270302,2761.8782731018855,131.8505927755695,168.8944742018703,259.19127252722666,0.00024686822682843925,0.7963749999999999,0.05637499999999995,0.7046874999999998,6230.7692307692305,3,dct_smooth_regression,utterance_000004,0-0-2-3,group_0,AA,1,4,кунах,"",0.07999999999999996,ҫав,хулари,N,χ,N,χ,internal
809.1477429800713,1520.036992112869,2764.23624835927,800.1662137760112,1515.1945164822803,2758.815589224741,133.39624445588575,164.32785500873126,231.26040046101616,0.00024686822682843925,0.798375,0.058374999999999955,0.7296874999999998,6230.7692307692305,3,dct_smooth_regression,utterance_000004,0-0-2-3,group_0,AA,1,4,кунах,"",0.07999999999999996,ҫав,хулари,N,χ,N,χ,internal
818.2187627723632,1517.219354356843,2761.2664048438432,800.5917384961919,1515.2767989908027,2757.307317620082,134.37071547309984,161.99125413460092,217.4110015795102,0.00024686822682843925,0.800375,0.060374999999999956,0.7546874999999998,6230.7692307692305,3,dct_smooth_regression,utterance_000004,0-0-2-3,group_0,AA,1,4,кунах,"",0.07999999999999996,ҫав,хулари,N,χ,N,χ,internal
590.9354715536672,1405.8540749578976,3057.6994636724035,608.9090520771327,1420.0883029067866,3038.88356812051,77.31205625055468,167.34227334508986,140.01280598421133,0.00007913480352795719,1.096375,0.0063750000000000195,0.0796875000000004,6589.74358974359,3,dct_smooth_regression,utterance_000004,0-0-3-3,group_0,AA,1,4,хулари,"",0.07999999999999985,кунах,<unk>,l,R,l,R,internal
616.4911149580032,1422.1784613779637,3042.7274841434546,614.1972247489454,1423.130750863642,3037.5961552742865,77.88985124780204,171.0829712036332,138.3971766967451,0.00007913480352795719,1.098375,0.008375000000000021,0.10468750000000046,6589.74358974359,3,dct_smooth_regression,utterance_000004,0-0-3-3,group_0,AA,1,4,хулари,"",0.07999999999999985,кунах,<unk>,l,R,l,R,internal
633.6748742202698,1434.3949035564856,3031.050166979059,624.1957040864387,1428.9787616208757,3034.9276709878245,79.0490850827041,178.09440265861693,135.4680081294488,0.00007913480352795719,1.100375,0.010375000000000023,0.12968750000000054,6589.74358974359,3,dct_smooth_regression,utterance_000004,0-0-3-3,group_0,AA,1,4,хулари,"",0.07999999999999985,кунах,<unk>,l,R,l,R,internal
646.500524140115,1442.9540234638437,3022.9953604363354,637.8391768471986,1437.1781527710582,3030.728501311707,80.79576865483455,187.38396053067908,131.733687559152,0.00007913480352795719,1.102375,0.012375000000000025,0.1546875000000006,6589.74358974359,3,dct_smooth_regression,utterance_000004,0-0-3-3,group_0,AA,1,4,хулари,"",0.07999999999999985,кунах,<unk>,l,R,l,R,internal
658.7626391961145,1451.5658269394128,3016.0186028209737,653.7394703353943,1447.095945780424,3024.8589048907356,83.13560947405543,197.4123217481116,127.76103907485253,0.00007913480352795719,1.104375,0.014375000000000027,0.17968750000000067,6589.74358974359,3,dct_smooth_regression,utterance_000004,0-0-3-3,group_0,AA,1,4,хулари,"",0.07999999999999985,кунах,<unk>,l,R,l,R,internal
670.9906345275427,1461.366465073257,3008.1652807889373,670.3948890497606,1457.976187610761,3017.2659528039194,86.06974794087813,206.22551913880025,124.03326556912127,0.00007913480352795719,1.106375,0.01637500000000003,0.20468750000000074,6589.74358974359,3,dct_smooth_regression,utterance_000004,0-0-3-3,group_0,AA,1,4,хулари,"",0.07999999999999985,кунах,<unk>,l,R,l,R,internal
683.7127567741942,1471.5185601024734,2999.3795171846455,686.4072717970843,1469.010186888222,3008.0509685642896,89.58869514426941,211.83078886213596,120.85355529958113,0.00007913480352795719,1.108375,0.01837500000000003,0.2296875000000008,6589.74358974359,3,dct_smooth_regression,utterance_000004,0-0-3-3,group_0,AA,1,4,хулари,"",0.07999999999999985,кунах,<unk>,l,R,l,R,internal
696.8956173779029,1480.702799203321,2991.6046023460417,700.6691011309606,1479.4165583766076,2997.507970958881,93.66439550684497,212.75378676625968,118.3056114423856,0.00007913480352795719,1.1103750000000001,0.020375000000000032,0.25468750000000084,6589.74358974359,3,dct_smooth_regression,utterance_000004,0-0-3-3,group_0,AA,1,4,хулари,"",0.07999999999999985,кунах,<unk>,l,R,l,R,internal
708.947580332156,1487.7850688967994,2986.444958982987,712.4893864903438,1488.5245777744349,2986.1193218893986,98.24066777053983,208.53547340968066,116.26467636005971,0.00007913480352795719,1.1123750000000001,0.022375000000000034,0.2796875000000009,6589.74358974359,3,dct_smooth_regression,utterance_000004,0-0-3-3,group_0,AA,1,4,хулари,"",0.07999999999999985,кунах,<unk>,l,R,l,R,internal
719.7204360846042,1493.5593073809434,2982.12244173357,721.6391700322222,1495.8526265729474,2974.5039460462835,103.22286635475338,199.88723150875026,114.45047253145343,0.00007913480352795719,1.1143750000000001,0.024375000000000036,0.304687500000001,6589.74358974359,3,dct_smooth_regression,utterance_000004,0-0-3-3,group_0,AA,1,4,хулари,"",0.07999999999999985,кунах,<unk>,l,R,l,R,internal
728.6225711310283,1498.3202845128951,2975.786223094022,728.3129842000405,1501.172410657368,2963.3242280703557,108.46845105046393,188.40613736053524,112.5165731105028,0.00007913480352795719,1.1163750000000001,0.026375000000000037,0.3296875000000011,6589.74358974359,3,dct_smooth_regression,utterance_000004,0-0-3-3,group_0,AA,1,4,хулари,"",0.07999999999999985,кунах,<unk>,l,R,l,R,internal
734.264692954216,1501.1946033192983,2965.7465969301834,733.0184122436515,1504.549616007452,2953.167726483052,113.78112572434752,176.021059578725,110.16624008951605,0.00007913480352795719,1.1183750000000001,0.02837500000000004,0.35468750000000115,6589.74358974359,3,dct_smooth_regression,utterance_000004,0-0-3-3,group_0,AA,1,4,хулари,"",0.07999999999999985,кунах,<unk>,l,R,l,R,internal
737.5204860814556,1502.7499402686865,2952.054562855884,736.4190219859322,1506.3530474578533,2944.4269729655134,118.91197534744282,164.4635286110262,107.26980337857218,0.00007913480352795719,1.1203750000000001,0.03037500000000004,0.37968750000000123,6589.74358974359,3,dct_smooth_regression,utterance_000004,0-0-3-3,group_0,AA,1,4,хулари,"",0.07999999999999985,кунах,<unk>,l,R,l,R,internal
740.0373545498799,1504.4795029861903,2936.9266471112983,739.1638724201428,1507.2271856929126,2937.20319107324,123.57105891698372,154.9629084984862,103.94533657776665,0.00007913480352795719,1.1223750000000001,0.03237500000000004,0.40468750000000125,6589.74358974359,3,dct_smooth_regression,utterance_000004,0-0-3-3,group_0,AA,1,4,хулари,"",0.07999999999999985,кунах,<unk>,l,R,l,R,internal
742.7030616657518,1507.196115122235,2924.523180937001,741.7380847797499,1508.0273103535785,2931.2570071017685,127.45161042483407,148.18307021405687,100.57113625590745,0.00007913480352795719,1.1243750000000001,0.034375000000000044,0.42968750000000133,6589.74358974359,3,dct_smooth_regression,utterance_000004,0-0-3-3,group_0,AA,1,4,хулари,"",0.07999999999999985,кунах,<unk>,l,R,l,R,internal
745.6651068401882,1511.5043915676065,2915.610200470988,744.3634904439346,1509.721395424293,2926.021451024869,130.2660591532822,144.30108595744076,97.72994371180194,0.00007913480352795719,1.1263750000000001,0.036375000000000046,0.4546875000000014,6589.74358974359,3,dct_smooth_regression,utterance_000004,0-0-3-3,group_0,AA,1,4,хулари,"",0.07999999999999985,кунах,<unk>,l,R,l,R,internal
747.9779164744688,1517.2351742616013,2910.5540851373967,746.9673111611412,1513.2681681503616,2920.6811118512264,131.78893800710432,143.1192594004249,96.12103787204357,0.00007913480352795719,1.1283750000000001,0.03837500000000005,0.4796875000000015,6589.74358974359,3,dct_smooth_regression,utterance_000004,0-0-3-3,group_0,AA,1,4,хулари,"",0.07999999999999985,кунах,<unk>,l,R,l,R,internal
749.0851591660509,1524.4872526635083,2907.115678196014,749.2224674854633,1519.4851846227148,2914.3083683261934,131.89780144178187,144.15375915198314,96.48908616830475,0.00007913480352795719,1.1303750000000001,0.04037500000000005,0.5046875000000015,6589.74358974359,3,dct_smooth_regression,utterance_000004,0-0-3-3,group_0,AA,1,4,хулари,"",0.07999999999999985,кунах,<unk>,l,R,l,R,internal
748.980725575434,1533.8634391444996,2903.1826667660807,750.6483471380636,1528.9236801658958,2906.0356939153385,130.6015169422171,146.70074612926368,99.59875093843213,0.00007913480352795719,1.1323750000000001,0.04237500000000005,0.5296875000000016,6589.74358974359,3,dct_smooth_regression,utterance_000004,0-0-3-3,group_0,AA,1,4,хулари,"",0.07999999999999985,кунах,<unk>,l,R,l,R,internal
748.3574298123692,1545.3898917867116,2897.507021371158,750.7486397616913,1541.7676418464553,2895.2345510502546,128.04727828430055,149.91431298079064,106.2463059150782,0.00007913480352795719,1.1343750000000001,0.04437500000000005,0.5546875000000017,6589.74358974359,3,dct_smooth_regression,utterance_000004,0-0-3-3,group_0,AA,1,4,хулари,"",0.07999999999999985,кунах,<unk>,l,R,l,R,internal
747.4207611328239,1559.344317895107,2888.4678659464844,749.1555642938297,1557.772678462975,2881.6681614942545,124.5033439951777,152.92922347574512,117.2626613782809,0.00007913480352795719,1.1363750000000001,0.046375000000000055,0.5796875000000018,6589.74358974359,3,dct_smooth_regression,utterance_000004,0-0-3-3,group_0,AA,1,4,хулари,"",0.07999999999999985,кунах,<unk>,l,R,l,R,internal
745.3942229002752,1575.0054766850262,2874.2231835004345,745.7488758681137,1576.2558894264134,2865.5883115968622,120.32174567061573,155.02733459855523,133.4334865166474,0.00007913480352795719,1.1383750000000001,0.04837500000000006,0.6046875000000018,6589.74358974359,3,dct_smooth_regression,utterance_000004,0-0-3-3,group_0,AA,1,4,хулари,"",0.07999999999999985,кунах,<unk>,l,R,l,R,internal
741.8194853677493,1590.0249066493016,2855.7381535894397,740.7235571812682,1596.1415439780644,2847.755004153586,115.89089470451995,155.7999523637245,155.247132741177,0.00007913480352795719,1.1403750000000001,0.05037500000000006,0.6296875000000018,6589.74358974359,3,dct_smooth_regression,utterance_000004,0-0-3-3,group_0,AA,1,4,хулари,"",0.07999999999999985,кунах,<unk>,l,R,l,R,internal
736.7495515560265,1605.287126956569,2834.2372600483313,734.590897927138,1616.0598347624898,2829.3707560062344,111.58973928445828,155.2354338192606,182.40903624022468,0.00007913480352795719,1.1423750000000001,0.05237500000000006,0.654687500000002,6589.74358974359,3,dct_smooth_regression,utterance_000004,0-0-3-3,group_0,AA,1,4,хулари,"",0.07999999999999985,кунах,<unk>,l,R,l,R,internal
730.4519167959091,1623.1924107997836,2811.9991792181536,728.1115190645619,1634.4883710739691,2811.9363451488944,107.75257400391664,153.68704206462573,213.1919796861163,0.00007913480352795719,1.1443750000000001,0.05437500000000006,0.679687500000002,6589.74358974359,3,dct_smooth_regression,utterance_000004,0-0-3-3,group_0,AA,1,4,хулари,"",0.07999999999999985,кунах,<unk>,l,R,l,R,internal
723.9351633684709,1643.5494442756292,2793.8146334635094,722.1729822704791,1649.9196051897736,2797.0490755336064,104.64850162508368,151.73504403633407,243.95224115995885,0.00007913480352795719,1.1463750000000001,0.056375000000000064,0.7046875000000021,6589.74358974359,3,dct_smooth_regression,utterance_000004,0-0-3-3,group_0,AA,1,4,хулари,"",0.07999999999999985,кунах,<unk>,l,R,l,R,internal
717.4678135345454,1665.4722373928046,2781.079845012236,717.6360855326526,1661.033093294716,2786.175476552474,102.47437618762615,150.00392168420987,269.3822938224297,0.00007913480352795719,1.1483750000000001,0.058375000000000066,0.7296875000000022,6589.74358974359,3,dct_smooth_regression,utterance_000004,0-0-3-3,group_0,AA,1,4,хулари,"",0.07999999999999985,кунах,<unk>,l,R,l,R,internal
711.3179651096347,1686.0928266359242,2775.307237263016,715.180472827515,1666.8501261427243,2780.4357068044956,101.35666787248242,148.99929371288536,283.9156420679579,0.00007913480352795719,1.1503750000000001,0.06037500000000007,0.7546875000000023,6589.74358974359,3,dct_smooth_regression,utterance_000004,0-0-3-3,group_0,AA,1,4,хулари,"",0.07999999999999985,кунах,<unk>,l,R,l,R,internal
495.5313753114381,1698.8395717846115,3124.7176218698814,513.1756859091396,1705.174800842495,3099.2583265928542,120.9886670867169,71.03370410528595,242.151078776114,0.00016098815144896937,3.7363750000000002,0.006375000000000242,0.07968750000000295,6948.717948717948,3,dct_smooth_regression,utterance_000004,0-0-9-4,group_0,AA,1,4,ҫырса,"",0.08000000000000007,пӗлтерӳсем,ҫапнӑ,s,#,s,ɕ,final
514.4972128572509,1705.8021661538164,3099.069792293122,522.2895501833879,1708.3314611712883,3099.2739212384486,123.77315572437203,72.11523109251486,217.1269751582126,0.00016098815144896937,3.738375,0.008375000000000021,0.10468750000000018,6948.717948717948,3,dct_smooth_regression,utterance_000004,0-0-9-4,group_0,AA,1,4,ҫырса,"",0.08000000000000007,пӗлтерӳсем,ҫапнӑ,s,#,s,ɕ,final
540.974573854558,1715.610200244042,3089.15839016414,539.4382474046794,1714.4470945564326,3099.3197922725235,129.03757239217254,74.19224840815048,178.04334186866905,0.00016098815144896937,3.7403750000000002,0.010375000000000245,0.12968750000000295,6948.717948717948,3,dct_smooth_regression,utterance_000004,0-0-9-4,group_0,AA,1,4,ҫырса,"",0.08000000000000007,пӗлтерӳсем,ҫапнӑ,s,#,s,ɕ,final
573.6731915035579,1726.664788751855,3089.0970733794315,562.6300012272502,1723.1371436186957,3099.4060737614514,136.13164816576045,77.09176714220796,138.37836519967476,0.00016098815144896937,3.742375,0.012375000000000025,0.15468750000000017,6948.717948717948,3,dct_smooth_regression,utterance_000004,0-0-9-4,group_0,AA,1,4,ҫырса,"",0.08000000000000007,пӗлтерӳсем,ҫапнӑ,s,#,s,ɕ,final
603.6994272037206,1738.3626059521564,3093.4660554999064,589.2640194024292,1733.852333482619,3099.5060347396325,144.02963571324392,80.55888861255548,106.66849766360343,0.00016098815144896937,3.7443750000000002,0.014375000000000249,0.17968750000000294,6948.717948717948,3,dct_smooth_regression,utterance_000004,0-0-9-4,group_0,AA,1,4,ҫырса,"",0.08000000000000007,пӗлтерӳсем,ҫапнӑ,s,#,s,ɕ,final
628.6200801290161,1750.1981530613457,3097.503347057112,616.5192880656248,1745.9128153165489,3099.521456273044,151.39703358233888,84.27784860767532,85.447690698576,0.00016098815144896937,3.746375,0.01637500000000003,0.2046875000000002,6948.717948717948,3,dct_smooth_regression,utterance_000004,0-0-9-4,group_0,AA,1,4,ҫырса,"",0.08000000000000007,пӗлтерӳсем,ҫапнӑ,s,#,s,ɕ,final
647.4367901140172,1760.5030935516832,3098.0679946847636,641.7621291334069,1758.554437129277,3099.2584551468626,156.81952322077947,87.91546740510391,74.00703121052645,0.00016098815144896937,3.7483750000000002,0.018375000000000252,0.22968750000000296,6948.717948717948,3,dct_smooth_regression,utterance_000004,0-0-9-4,group_0,AA,1,4,ҫырса,"",0.08000000000000007,пӗлтерӳсем,ҫапнӑ,s,#,s,ɕ,final
661.5089353266424,1770.1573901553388,3095.3463933981993,662.9043815288079,1770.9860146044493,3098.425226046105,159.16871623151374,91.18269777186747,71.10392794697253,0.00016098815144896937,3.750375,0.020375000000000032,0.2546875000000002,6948.717948717948,3,dct_smooth_regression,utterance_000004,0-0-9-4,group_0,AA,1,4,ҫырса,"",0.08000000000000007,пӗлтерӳсем,ҫапнӑ,s,#,s,ɕ,final
671.7472743056913,1780.0954793974292,3091.922285692325,678.654510040503,1782.4546041077065,3096.658792510361,157.95908543782025,93.89718719189679,76.34653735931482,0.00016098815144896937,3.7523750000000002,0.022375000000000256,0.279687500000003,6948.717948717948,3,dct_smooth_regression,utterance_000004,0-0-9-4,group_0,AA,1,4,ҫырса,"",0.08000000000000007,пӗлтерӳсем,ҫапнӑ,s,#,s,ɕ,final
678.9911967342681,1789.49100507482,3090.1598064027567,688.624556706483,1792.3136496714892,3093.5812341609703,153.50576809084205,96.02373413494878,90.56011291034123,0.00016098815144896937,3.754375,0.024375000000000036,0.30468750000000017,6948.717948717948,3,dct_smooth_regression,utterance_000004,0-0-9-4,group_0,AA,1,4,ҫырса,"",0.08000000000000007,пӗлтерӳсем,ҫапнӑ,s,#,s,ɕ,final
684.7951011403647,1797.8187184825617,3090.2225336121596,693.2826328043986,1800.0869765628822,3088.8783960150154,146.79098823940637,97.67612278863226,115.41475139527209,0.00016098815144896937,3.7563750000000002,0.02637500000000026,0.32968750000000296,6948.717948717948,3,dct_smooth_regression,utterance_000004,0-0-9-4,group_0,AA,1,4,ҫырса,"",0.08000000000000007,пӗлтерӳсем,ҫапнӑ,s,#,s,ɕ,final
689.0490771106195,1803.8339061328104,3090.6801660626697,693.7685061811907,1805.5204649167135,3082.38744210617,139.120480080609,99.07986484323906,152.09411218587132,0.00016098815144896937,3.758375,0.02837500000000004,0.3546875000000002,6948.717948717948,3,dct_smooth_regression,utterance_000004,0-0-9-4,group_0,AA,1,4,ҫырса,"",0.08000000000000007,пӗлтерӳсем,ҫапнӑ,s,#,s,ɕ,final
691.2306116856738,1807.6904952470654,3088.4051912631676,691.6135537558879,1808.6133029136236,3074.1753536564306,131.75444385158704,100.51039677969278,198.84779962365621,0.00016098815144896937,3.7603750000000002,0.030375000000000263,0.37968750000000295,6948.717948717948,3,dct_smooth_regression,utterance_000004,0-0-9-4,group_0,AA,1,4,ҫырса,"",0.08000000000000007,пӗлтерӳсем,ҫапнӑ,s,#,s,ɕ,final
691.1239400021443,1810.1087499862597,3079.0388665662454,688.4215904636244,1809.622238556584,3064.589724163131,125.66159587530892,102.22653750784977,248.65150045581913,0.00016098815144896937,3.762375,0.03237500000000004,0.4046875000000002,6948.717948717948,3,dct_smooth_regression,utterance_000004,0-0-9-4,group_0,AA,1,4,ҫырса,"",0.08000000000000007,пӗлтерӳсем,ҫапнӑ,s,#,s,ɕ,final
689.7157416050088,1811.1030638937266,3061.2692124600226,685.5712223990072,1809.0351958444805,3054.266414396181,121.4329258876559,104.41425674117359,289.9861376510622,0.00016098815144896937,3.7643750000000002,0.034375000000000266,0.42968750000000294,6948.717948717948,3,dct_smooth_regression,utterance_000004,0-0-9-4,group_0,AA,1,4,ҫырса,"",0.08000000000000007,пӗлтерӳсем,ҫапнӑ,s,#,s,ɕ,final
688.4075684064289,1810.0317306837555,3038.1249192396676,683.9929521271553,1807.5146686845828,3044.085433944713,119.3046453569249,107.14759223416482,312.389821985921,0.00016098815144896937,3.766375,0.036375000000000046,0.4546875000000002,6948.717948717948,3,dct_smooth_regression,utterance_000004,0-0-9-4,group_0,AA,1,4,ҫырса,"",0.08000000000000007,пӗлтерӳсем,ҫапнӑ,s,#,s,ɕ,final
688.1627863428649,1806.8730415153095,3019.007343793165,684.057066671532,1805.8158642954509,3035.0756784838413,119.21957176071754,110.36852300957304,313.0105924459869,0.00016098815144896937,3.7683750000000003,0.03837500000000027,0.479687500000003,6948.717948717948,3,dct_smooth_regression,utterance_000004,0-0-9-4,group_0,AA,1,4,ҫырса,"",0.08000000000000007,пӗлтерӳсем,ҫапнӑ,s,#,s,ɕ,final
689.0600315020645,1803.8636104807608,3009.8770477262824,685.5849874469604,1804.688877490235,3028.279170355396,120.88312893484166,113.88765558804687,297.9599037995849,0.00016098815144896937,3.770375,0.04037500000000005,0.5046875000000002,6948.717948717948,3,dct_smooth_regression,utterance_000004,0-0-9-4,group_0,AA,1,4,ҫырса,"",0.08000000000000007,пӗлтерӳсем,ҫапнӑ,s,#,s,ɕ,final
690.576797778702,1804.041433516867,3011.1877870789976,687.9719859144975,1804.7774440008661,3024.594274018645,123.80854309913592,117.40961627401943,277.75888549907586,0.00016098815144896937,3.7723750000000003,0.042375000000000274,0.529687500000003,6948.717948717948,3,dct_smooth_regression,utterance_000004,0-0-9-4,group_0,AA,1,4,ҫырса,"",0.08000000000000007,пӗлтерӳсем,ҫапнӑ,s,#,s,ɕ,final
691.3028838734356,1807.5241641854361,3019.376706775365,690.3878583864719,1806.5283678690876,3024.6231711272117,127.3719308880786,120.5858363716083,262.0057603445727,0.00016098815144896937,3.774375,0.04437500000000005,0.5546875000000002,6948.717948717948,3,dct_smooth_regression,utterance_000004,0-0-9-4,group_0,AA,1,4,ҫырса,"",0.08000000000000007,пӗлтерӳсем,ҫапнӑ,s,#,s,ɕ,final
690.0507432906834,1812.5087122081118,3031.805542489244,692.008393741672,1810.1251232931527,3028.550366539875,130.90100139912238,123.089676687061,257.21511115326877,0.00016098815144896937,3.7763750000000003,0.04637500000000028,0.579687500000003,6948.717948717948,3,dct_smooth_regression,utterance_000004,0-0-9-4,group_0,AA,1,4,ҫырса,"",0.08000000000000007,пӗлтерӳсем,ҫапнӑ,s,#,s,ɕ,final
687.1180513245664,1817.068881120997,3046.740366283661,692.2267490540928,1815.4563263287712,3036.075619070175,133.79988475826983,124.69676975684789,267.4612862872186,0.00016098815144896937,3.778375,0.04837500000000006,0.6046875000000002,6948.717948717948,3,dct_smooth_regression,utterance_000004,0-0-9-4,group_0,AA,1,4,ҫырса,"",0.08000000000000007,пӗлтерӳсем,ҫапнӑ,s,#,s,ɕ,final
684.0858695254957,1820.8810242470024,3062.7044776975004,690.8006006827356,1822.1250757645653,3046.4168230867385,135.67921919603967,125.34495726834152,295.6032668775359,0.00016098815144896937,3.7803750000000003,0.05037500000000028,0.629687500000003,6948.717948717948,3,dct_smooth_regression,utterance_000004,0-0-9-4,group_0,AA,1,4,ҫырса,"",0.08000000000000007,пӗлтерӳсем,ҫапнӑ,s,#,s,ɕ,final
682.0920433783555,1824.8982918908132,3076.2731798832815,687.9064838060182,1829.4992466530812,3058.3872526272266,136.4397966252487,125.15148028188425,343.3709683233974,0.00016098815144896937,3.782375,0.05237500000000006,0.6546875000000002,6948.717948717948,3,dct_smooth_regression,utterance_000004,0-0-9-4,group_0,AA,1,4,ҫырса,"",0.08000000000000007,пӗлтерӳсем,ҫапнӑ,s,#,s,ɕ,final
681.1974000911099,1830.3733190156386,3084.567485730274,684.0936566607861,1836.7966043494573,3070.5391199657874,136.27019555933967,124.38089339579632,409.4944081537418,0.00016098815144896937,3.7843750000000003,0.054375000000000284,0.679687500000003,6948.717948717948,3,dct_smooth_regression,utterance_000004,0-0-9-4,group_0,AA,1,4,ҫырса,"",0.08000000000000007,пӗлтерӳсем,ҫапнӑ,s,#,s,ɕ,final
681.1107290390287,1838.854312504778,3086.982654276761,680.1516901919609,1843.193106465888,3081.3538117862913,135.55860489798093,123.37654121908312,486.2602757689537,0.00016098815144896937,3.786375,0.056375000000000064,0.7046875000000002,6948.717948717948,3,dct_smooth_regression,utterance_000004,0-0-9-4,group_0,AA,1,4,ҫырса,"",0.08000000000000007,пӗлтерӳсем,ҫапнӑ,s,#,s,ɕ,final
681.6275962077572,1849.4714283606256,3083.116594426703,676.9242430370244,1847.9389082151376,3089.450568358354,134.75720755682107,122.47963481934217,557.2235244228622,0.00016098815144896937,3.7883750000000003,0.05837500000000029,0.7296875000000029,6948.717948717948,3,dct_smooth_regression,utterance_000004,0-0-9-4,group_0,AA,1,4,ҫырса,"",0.08000000000000007,пӗлтерӳсем,ҫапнӑ,s,#,s,ɕ,final
681.7519173313032,1860.2978765492799,3061.830484876757,675.11240404904,1850.4650674433308,3093.781388240117,134.2486305672209,121.95819850309516,600.7474277926104,0.00016098815144896937,3.790375,0.06037500000000007,0.7546875000000002,6948.717948717948,3,dct_smooth_regression,utterance_000004,0-0-9-4,group_0,AA,1,4,ҫырса,"",0.08000000000000007,пӗлтерӳсем,ҫапнӑ,s,#,s,ɕ,final
633.8029679275932,2050.046757313681,3072.206817400415,632.8242654481287,2034.7735823706378,3043.8484473108056,142.59635033567363,167.7836679664178,685.0310566408345,0.00017311167774548288,3.906375,0.006375000000000242,0.07083333333333577,6230.7692307692305,3,dct_smooth_regression,utterance_000004,0-0-10-1,group_0,AA,1,4,ҫапнӑ,"",0.0900000000000003,ҫырса,<eps>,ɕ,P,ɕ,P,internal
634.1819045959847,2041.066209002229,3042.9750233405703,633.2335856404309,2031.1657008554905,3033.0910606193283,141.15745129204018,169.31251825009085,696.0375735412501,0.00017311167774548288,3.908375,0.008375000000000021,0.09305555555555547,6230.7692307692305,3,dct_smooth_regression,utterance_000004,0-0-10-1,group_0,AA,1,4,ҫапнӑ,"",0.0900000000000003,ҫырса,<eps>,ɕ,P,ɕ,P,internal
633.5598543953076,2025.5763462266061,3022.8140363134385,634.2025377953137,2024.2969475017717,3012.467677872241,138.53094564852827,172.19863463983353,716.0165813031267,0.00017311167774548288,3.910375,0.010375000000000245,0.11527777777778012,6230.7692307692305,3,dct_smooth_regression,utterance_000004,0-0-10-1,group_0,AA,1,4,ҫапнӑ,"",0.0900000000000003,ҫырса,<eps>,ɕ,P,ɕ,P,internal
633.6286349087673,2006.4431483181108,2958.0526661130366,636.0089613834003,2014.8136859054844,2983.6615810091766,135.16184442093132,176.09958866902926,740.7882361775314,0.00017311167774548288,3.912375,0.012375000000000025,0.13749999999999982,6230.7692307692305,3,dct_smooth_regression,utterance_000004,0-0-10-1,group_0,AA,1,4,ҫапнӑ,"",0.0900000000000003,ҫырса,<eps>,ɕ,P,ɕ,P,internal
635.9483019108636,1987.962510315528,2893.0553603577778,639.015738181287,2003.5730248568473,2948.9614160445494,131.59630176984984,180.51161200201187,764.0780558538781,0.00017311167774548288,3.914375,0.014375000000000249,0.15972222222222443,6230.7692307692305,3,dct_smooth_regression,utterance_000004,0-0-10-1,group_0,AA,1,4,ҫапнӑ,"",0.0900000000000003,ҫырса,<eps>,ɕ,P,ɕ,P,internal
641.273281117988,1975.8638720790414,2870.0840836248885,643.6143517358346,1991.5257139723228,2911.010923890358,128.38611346976214,184.80068672064004,778.1646404289656,0.00017311167774548288,3.916375,0.01637500000000003,0.18194444444444413,6230.7692307692305,3,dct_smooth_regression,utterance_000004,0-0-10-1,group_0,AA,1,4,ҫапнӑ,"",0.0900000000000003,ҫырса,<eps>,ɕ,P,ɕ,P,internal
649.3934631356059,1970.1520663418908,2903.9167661799092,650.162120701109,1979.5869938159794,2872.525943211659,126.01549049180147,188.26637919267648,775.429446842272,0.00017311167774548288,3.918375,0.018375000000000252,0.20416666666666877,6230.7692307692305,3,dct_smooth_regression,utterance_000004,0-0-10-1,group_0,AA,1,4,ҫапнӑ,"",0.0900000000000003,ҫырса,<eps>,ɕ,P,ɕ,P,internal
660.2115413522483,1968.3794149880684,2877.4005275219465,658.9215838708051,1968.513518578189,2836.0133342319764,124.85926355173814,190.2395807278946,750.5939515012301,0.00017311167774548288,3.920375,0.020375000000000032,0.22638888888888847,6230.7692307692305,3,dct_smooth_regression,utterance_000004,0-0-10-1,group_0,AA,1,4,ҫапнӑ,"",0.0900000000000003,ҫырса,<eps>,ɕ,P,ɕ,P,internal
673.7725074968206,1967.1052740799018,2821.274978158846,670.0102187401304,1958.8035795072353,2803.5255670907586,125.1668692935009,190.19905116749004,702.7423056088296,0.00017311167774548288,3.922375,0.022375000000000256,0.24861111111111311,6230.7692307692305,3,dct_smooth_regression,utterance_000004,0-0-10-1,group_0,AA,1,4,ҫапнӑ,"",0.0900000000000003,ҫырса,<eps>,ɕ,P,ɕ,P,internal
688.8592915883798,1962.385347928445,2785.358303369848,683.3672813005576,1950.6345396814754,2776.4794435859285,127.05927425114594,187.876494160866,635.9692297708721,0.00017311167774548288,3.924375,0.024375000000000036,0.2708333333333328,6230.7692307692305,3,dct_smooth_regression,utterance_000004,0-0-10-1,group_0,AA,1,4,ҫапнӑ,"",0.0900000000000003,ҫырса,<eps>,ɕ,P,ɕ,P,internal
704.1264022919339,1953.9843826789663,2758.6925660074526,698.7422593892447,1943.8461195412356,2755.558538194931,130.52698824047565,183.31571936232191,558.1124374031044,0.00017311167774548288,3.926375,0.02637500000000026,0.29305555555555746,6230.7692307692305,3,dct_smooth_regression,utterance_000004,0-0-10-1,group_0,AA,1,4,ҫапнӑ,"",0.0900000000000003,ҫырса,<eps>,ɕ,P,ɕ,P,internal
719.4679255785916,1944.6553077638323,2736.3106469883546,715.7065543003449,1937.9716982595364,2740.707695663113,135.42379092117451,176.86384024853376,478.1823194003147,0.00017311167774548288,3.928375,0.02837500000000004,0.31527777777777716,6230.7692307692305,3,dct_smooth_regression,utterance_000004,0-0-10-1,group_0,AA,1,4,ҫапнӑ,"",0.0900000000000003,ҫырса,<eps>,ɕ,P,ɕ,P,internal
735.0162241018572,1935.0584265847644,2722.5653014564737,733.6869416687376,1932.313037977185,2731.2158565079185,141.45944950683622,169.09696032463793,403.8310066045555,0.00017311167774548288,3.930375,0.030375000000000263,0.3375000000000018,6230.7692307692305,3,dct_smooth_regression,utterance_000004,0-0-10-1,group_0,AA,1,4,ҫапнӑ,"",0.0900000000000003,ҫырса,<eps>,ɕ,P,ɕ,P,internal
750.2139382020795,1923.5752840908335,2717.9206564095803,752.0165306514331,1926.0477536095948,2725.8722360410716,148.20242415185265,160.70652278958184,339.93942244848637,0.00017311167774548288,3.932375,0.03237500000000004,0.3597222222222215,6230.7692307692305,3,dct_smooth_regression,utterance_000004,0-0-10-1,group_0,AA,1,4,ҫапнӑ,"",0.0900000000000003,ҫырса,<eps>,ɕ,P,ɕ,P,internal
764.4167981690678,1909.827428537964,2714.534299084959,769.996721457068,1918.3542995038654,2723.1719564532177,155.10692842103825,152.38295206999075,288.5292971971679,0.00017311167774548288,3.934375,0.034375000000000266,0.3819444444444461,6230.7692307692305,3,dct_smooth_regression,utterance_000004,0-0-10-1,group_0,AA,1,4,ҫапнӑ,"",0.0900000000000003,ҫырса,<eps>,ɕ,P,ɕ,P,internal
777.890946424569,1896.6543834127658,2709.0229277187573,786.9623475194256,1908.5368645045764,2721.541780704892,161.57438249782288,144.7268931379934,249.51182168149833,0.00017311167774548288,3.936375,0.036375000000000046,0.4041666666666658,6230.7692307692305,3,dct_smooth_regression,utterance_000004,0-0-10-1,group_0,AA,1,4,ҫапнӑ,"",0.0900000000000003,ҫырса,<eps>,ɕ,P,ɕ,P,internal
791.4894758269024,1887.1271178758743,2705.510579409224,802.3419435137197,1896.132687064866,2719.5552772993506,167.04633714526943,138.20171749079373,221.63741522030236,0.00017311167774548288,3.938375,0.03837500000000027,0.4263888888888904,6230.7692307692305,3,dct_smooth_regression,utterance_000004,0-0-10-1,group_0,AA,1,4,ҫапнӑ,"",0.0900000000000003,ҫырса,<eps>,ɕ,P,ɕ,P,internal
805.5780515804728,1880.819541021204,2708.375240030203,815.7059173703163,1880.9868933814037,2716.109628543653,171.1087909278419,133.12420640001312,203.2406449716118,0.00017311167774548288,3.940375,0.04037500000000005,0.44861111111111013,6230.7692307692305,3,dct_smooth_regression,utterance_000004,0-0-10-1,group_0,AA,1,4,ҫапнӑ,"",0.0900000000000003,ҫырса,<eps>,ɕ,P,ɕ,P,internal
822.6211483229685,1872.4285561555323,2715.341570074042,826.7971868200631,1863.284644070606,2710.542868695865,173.576034461918,129.68038894543096,192.6586936692555,0.00017311167774548288,3.942375,0.042375000000000274,0.47083333333333477,6230.7692307692305,3,dct_smooth_regression,utterance_000004,0-0-10-1,group_0,AA,1,4,ҫапнӑ,"",0.0900000000000003,ҫырса,<eps>,ɕ,P,ɕ,P,internal
841.9559748056635,1855.2308899092432,2718.7866689286793,835.5413032874122,1843.5364723001805,2702.679585666869,174.5247286038183,127.95158411313378,188.37180403912805,0.00017311167774548288,3.944375,0.04437500000000005,0.49305555555555447,6230.7692307692305,3,dct_smooth_regression,utterance_000004,0-0-10-1,group_0,AA,1,4,ҫапнӑ,"",0.0900000000000003,ҫырса,<eps>,ɕ,P,ɕ,P,internal
858.8974826277415,1827.1052325796968,2714.079979302095,842.0358728103462,1822.5193333809468,2692.803671361177,174.26661354354155,127.93906871209425,188.96907898138716,0.00017311167774548288,3.946375,0.04637500000000028,0.5152777777777791,6230.7692307692305,3,dct_smooth_regression,utterance_000004,0-0-10-1,group_0,AA,1,4,ҫапнӑ,"",0.0900000000000003,ҫырса,<eps>,ɕ,P,ɕ,P,internal
866.9545728274588,1796.9059882795154,2701.0290643953467,846.5218013409998,1801.1821142418494,2681.567038718434,173.27146714213748,129.58101159190028,193.04300936252042,0.00017311167774548288,3.948375,0.04837500000000006,0.5374999999999988,6230.7692307692305,3,dct_smooth_regression,utterance_000004,0-0-10-1,group_0,AA,1,4,ҫапнӑ,"",0.0900000000000003,ҫырса,<eps>,ɕ,P,ɕ,P,internal
864.1628706155557,1773.8572368473133,2681.196323675665,849.3411642667384,1780.529285162918,2669.851880749821,172.06752355788834,132.76008334936284,199.1045522187065,0.00017311167774548288,3.950375,0.05037500000000028,0.5597222222222235,6230.7692307692305,3,dct_smooth_regression,utterance_000004,0-0-10-1,group_0,AA,1,4,ҫапнӑ,"",0.0900000000000003,ҫырса,<eps>,ɕ,P,ɕ,P,internal
854.086478192554,1758.0102544493552,2657.8422099950662,850.8880220837373,1761.4993188904587,2658.6098427522734,171.14755024199238,137.3035941925946,205.59392855532386,0.00017311167774548288,3.952375,0.05237500000000006,0.5819444444444432,6230.7692307692305,3,dct_smooth_regression,utterance_000004,0-0-10-1,group_0,AA,1,4,ҫапнӑ,"",0.0900000000000003,ҫырса,<eps>,ɕ,P,ɕ,P,internal
843.1406087432049,1745.7566938294656,2635.925200878084,851.5590837513176,1744.8550452258912,2648.7036645039057,170.89820812776054,142.9800782188007,211.02422079403323,0.00017311167774548288,3.954375,0.054375000000000284,0.6041666666666677,6230.7692307692305,3,dct_smooth_regression,utterance_000004,0-0-10-1,group_0,AA,1,4,ҫапнӑ,"",0.0900000000000003,ҫырса,<eps>,ɕ,P,ɕ,P,internal
836.0506118687268,1734.414846087627,2620.588804421899,851.7107029826889,1731.1011895123245,2640.7752126275686,171.5569554349169,149.4970683812297,214.22689075085776,0.00017311167774548288,3.956375,0.056375000000000064,0.6263888888888874,6230.7692307692305,3,dct_smooth_regression,utterance_000004,0-0-10-1,group_0,AA,1,4,ҫапнӑ,"",0.0900000000000003,ҫырса,<eps>,ɕ,P,ɕ,P,internal
834.3553567933322,1722.601588720704,2615.345528714339,851.6273713678552,1720.4402518884053,2635.158711257188,173.19211815893487,156.50444931927467,214.59680089148435,0.00017311167774548288,3.958375,0.05837500000000029,0.6486111111111121,6230.7692307692305,3,dct_smooth_regression,utterance_000004,0-0-10-1,group_0,AA,1,4,ҫапнӑ,"",0.0900000000000003,ҫырса,<eps>,ɕ,P,ɕ,P,internal
837.8987488273068,1711.4034585669983,2620.097335626288,851.5048653305746,1712.7722222161767,2631.850238149591,175.70034028777252,163.60629553198223,212.21211276009402,0.00017311167774548288,3.960375,0.06037500000000007,0.6708333333333318,6230.7692307692305,3,dct_smooth_regression,utterance_000004,0-0-10-1,group_0,AA,1,4,ҫапнӑ,"",0.0900000000000003,ҫырса,<eps>,ɕ,P,ɕ,P,internal
845.6776899257117,1705.0421068820513,2629.967906057469,851.4488260202644,1707.7372180595187,2630.5353989166574,178.8194084676209,170.38179521520433,207.76123871466447,0.00017311167774548288,3.962375,0.06237500000000029,0.6930555555555564,6230.7692307692305,3,dct_smooth_regression,utterance_000004,0-0-10-1,group_0,AA,1,4,ҫапнӑ,"",0.0900000000000003,ҫырса,<eps>,ɕ,P,ɕ,P,internal
854.6100822104551,1705.365289001658,2638.1382685704452,851.4871646462326,1704.7939089362621,2630.6679256607945,182.15917679435694,176.41336304515113,202.3102216835237,0.00017311167774548288,3.964375,0.06437500000000007,0.7152777777777761,6230.7692307692305,3,dct_smooth_regression,utterance_000004,0-0-10-1,group_0,AA,1,4,ҫапнӑ,"",0.0900000000000003,ҫырса,<eps>,ɕ,P,ɕ,P,internal
860.6184393639783,1707.692337406993,2641.305116118945,851.5926469346507,1703.3214483620577,2631.584147503753,185.2547051954225,181.3181640397004,197.01557643768103,0.00017311167774548288,3.966375,0.0663750000000003,0.7375000000000008,6230.7692307692305,3,dct_smooth_regression,utterance_000004,0-0-10-1,group_0,AA,1,4,ҫапнӑ,"",0.0900000000000003,ҫырса,<eps>,ɕ,P,ɕ,P,internal
860.6335199955395,1705.7901815861346,2639.6820946180387,851.7106176564482,1702.7293157211745,2632.6330038519736,187.6412003440187,184.77859299105958,192.88568426618554,0.00017311167774548288,3.968375,0.06837500000000007,0.7597222222222205,6230.7692307692305,3,dct_smooth_regression,utterance_000004,0-0-10-1,group_0,AA,1,4,ҫапнӑ,"",0.0900000000000003,ҫырса,<eps>,ɕ,P,ɕ,P,internal
857.5776706561869,1696.4493769250403,2637.183981870214,851.7862764148013,1702.5584469305538,2633.2992780414947,188.94072105553988,186.56782110388554,190.63767474149677,0.00017311167774548288,3.970375,0.0703750000000003,0.7819444444444451,6230.7692307692305,3,dct_smooth_regression,utterance_000004,0-0-10-1,group_0,AA,1,4,ҫапнӑ,"",0.0900000000000003,ҫырса,<eps>,ɕ,P,ɕ,P,internal
464.841144832192,1093.297441158141,3120.82995412553,466.17093458783836,1094.4528055175613,3130.9044223081237,44.4518602906074,324.4420055500798,266.4922231427218,0.000010435337472493344,0.596375,0.0063750000000000195,0.10625000000000025,6230.7692307692305,3,dct_smooth_regression,utterance_000004,0-0-2-1,group_0,UW,1,4,кунах,"",0.06000000000000005,ҫав,хулари,K,N,K,N,internal
466.75341675184256,1097.4535836120706,3133.9735870498116,466.4403902679835,1095.0939324679134,3132.0677293388026,40.507670462206505,321.44078141209815,268.83314193182287,0.000010435337472493344,0.598375,0.008375000000000021,0.1395833333333336,6230.7692307692305,3,dct_smooth_regression,utterance_000004,0-0-2-1,group_0,UW,1,4,кунах,"",0.06000000000000005,ҫав,хулари,K,N,K,N,internal
467.8131720740378,1099.6070282364649,3143.175599808205,466.77860014807595,1096.9679089471454,3134.047088149755,34.33654170874653,313.86199704644565,270.7903712195459,0.000010435337472493344,0.600375,0.010375000000000023,0.1729166666666669,6230.7692307692305,3,dct_smooth_regression,utterance_000004,0-0-2-1,group_0,UW,1,4,кунах,"",0.06000000000000005,ҫав,хулари,K,N,K,N,internal
467.6412353438446,1099.103433667451,3143.5075314213327,466.8807704862697,1100.9389598599835,3136.2173491165177,28.035942835131255,299.9561451769142,267.9932344353495,0.000010435337472493344,0.602375,0.012375000000000025,0.20625000000000027,6230.7692307692305,3,dct_smooth_regression,utterance_000004,0-0-2-1,group_0,UW,1,4,кунах,"",0.06000000000000005,ҫав,хулари,K,N,K,N,internal
466.52930457334395,1102.8670330763707,3136.4467677736275,466.4858927109252,1107.6538479953585,3137.807005394693,22.930221251245236,279.6913965378501,256.65677767411387,0.000010435337472493344,0.604375,0.014375000000000027,0.2395833333333336,6230.7692307692305,3,dct_smooth_regression,utterance_000004,0-0-2-1,group_0,UW,1,4,кунах,"",0.06000000000000005,ҫав,хулари,K,N,K,N,internal
464.9680371018639,1114.5642515461022,3130.063382963046,465.50643398589193,1117.1100099490623,3138.0742275881667,19.41048181313328,255.6209918321685,236.03081806069775,0.000010435337472493344,0.606375,0.01637500000000003,0.2729166666666669,6230.7692307692305,3,dct_smooth_regression,utterance_000004,0-0-2-1,group_0,UW,1,4,кунах,"",0.06000000000000005,ҫав,хулари,K,N,K,N,internal
463.43300461934183,1130.9317235303183,3131.025384137843,464.0787919075409,1128.4861671921174,3136.495923794674,17.325680433949483,231.90983101738522,209.13514603206434,0.000010435337472493344,0.608375,0.01837500000000003,0.30625000000000024,6230.7692307692305,3,dct_smooth_regression,utterance_000004,0-0-2-1,group_0,UW,1,4,кунах,"",0.06000000000000005,ҫав,хулари,K,N,K,N,internal
462.2331889291206,1145.6293615209563,3135.123173148543,462.5104646762418,1140.321966973411,3132.9258845461345,16.341326174208138,212.38365961875084,180.99813676683027,0.000010435337472493344,0.610375,0.020375000000000032,0.3395833333333336,6230.7692307692305,3,dct_smooth_regression,utterance_000004,0-0-2-1,group_0,UW,1,4,кунах,"",0.06000000000000005,ҫав,хулари,K,N,K,N,internal
461.37201673437687,1153.9856564594745,3132.873285671132,461.1481738803289,1150.9762755709232,3127.674483294572,16.099841861085253,199.1063586285102,156.01468996375988,0.000010435337472493344,0.612375,0.022375000000000034,0.37291666666666695,6230.7692307692305,3,dct_smooth_regression,utterance_000004,0-0-2-1,group_0,UW,1,4,кунах,"",0.06000000000000005,ҫав,хулари,K,N,K,N,internal
460.68996477587035,1157.371179858808,3124.362909927725,460.2281552293434,1159.1695055322427,3121.4741776249516,16.26197072441443,192.0005537506683,136.4872105775989,0.000010435337472493344,0.614375,0.024375000000000036,0.4062500000000003,6230.7692307692305,3,dct_smooth_regression,utterance_000004,0-0-2-1,group_0,UW,1,4,кунах,"",0.06000000000000005,ҫав,хулари,K,N,K,N,internal
460.0971534930003,1159.9432725189338,3114.634330879562,459.77819765379195,1164.3800133003326,3115.3232873919032,16.529809318613207,189.07249420517493,122.73112863614284,0.000010435337472493344,0.6163749999999999,0.026374999999999926,0.43958333333333177,6230.7692307692305,3,dct_smooth_regression,utterance_000004,0-0-2-1,group_0,UW,1,4,кунах,"",0.06000000000000005,ҫав,хулари,K,N,K,N,internal
459.62758868314114,1163.603095805925,3107.4145475175246,459.616843263488,1166.9330178720527,3110.2386420697503,16.68978496447122,186.95996005122973,113.86679342519813,0.000010435337472493344,0.6183749999999999,0.028374999999999928,0.4729166666666651,6230.7692307692305,3,dct_smooth_regression,utterance_000004,0-0-2-1,group_0,UW,1,4,кунах,"",0.06000000000000005,ҫав,хулари,K,N,K,N,internal
459.2524458672749,1167.6277765533423,3104.5665054467017,459.4497606002568,1167.7597600196068,3106.9827631220323,16.65061973902045,182.08115384098633,108.54158548700525,0.000010435337472493344,0.6203749999999999,0.03037499999999993,0.5062499999999984,6230.7692307692305,3,dct_smooth_regression,utterance_000004,0-0-2-1,group_0,UW,1,4,кунах,"",0.06000000000000005,ҫав,хулари,K,N,K,N,internal
458.77739286600416,1170.7087237274177,3105.77208195289,459.0179063680323,1167.949813571088,3105.8487442132064,16.43690643826895,172.3998814455249,105.3983925910337,0.000010435337472493344,0.6223749999999999,0.03237499999999993,0.5395833333333317,6230.7692307692305,3,dct_smooth_regression,utterance_000004,0-0-2-1,group_0,UW,1,4,кунах,"",0.06000000000000005,ҫав,хулари,K,N,K,N,internal
458.0523629536895,1171.9941563961831,3108.608772765809,458.2279303711421,1168.3040580892077,3106.5760877207495,16.137648061709033,158.7041016941715,103.3741352872498,0.000010435337472493344,0.6243749999999999,0.03437499999999993,0.5729166666666651,6230.7692307692305,3,dct_smooth_regression,utterance_000004,0-0-2-1,group_0,UW,1,4,кунах,"",0.06000000000000005,ҫав,хулари,K,N,K,N,internal
457.17398264097204,1171.1952330614488,3110.439910157486,457.203653058412,1169.0825889979162,3108.433387972378,15.846793980856589,144.117823235914,101.86739637145538,0.000010435337472493344,0.6263749999999999,0.036374999999999935,0.6062499999999984,6230.7692307692305,3,dct_smooth_regression,utterance_000004,0-0-2-1,group_0,UW,1,4,кунах,"",0.06000000000000005,ҫав,хулари,K,N,K,N,internal
456.39778251252733,1169.1562652264097,3110.4661882675678,456.23443149659715,1170.0397226893147,3110.449922994184,15.628864132715659,132.25845798301324,100.73101946274353,0.000010435337472493344,0.6283749999999999,0.03837499999999994,0.6395833333333317,6230.7692307692305,3,dct_smooth_regression,utterance_000004,0-0-2-1,group_0,UW,1,4,кунах,"",0.06000000000000005,ҫав,хулари,K,N,K,N,internal
455.748654768274,1167.278675036438,3109.9838086224304,455.644518828556,1170.6975364470184,3111.7265949961766,15.514952655830465,125.72556553151645,100.08939566768376,0.000010435337472493344,0.6303749999999999,0.04037499999999994,0.6729166666666652,6230.7692307692305,3,dct_smooth_regression,utterance_000004,0-0-2-1,group_0,UW,1,4,кунах,"",0.06000000000000005,ҫав,хулари,K,N,K,N,internal
371.7470896679118,891.8150009552371,1583.1796980862391,350.2237537498748,866.8262030231763,1579.3390587151123,365.4387717108255,166.50955680205425,413.65018451160574,0.00313484405148953,0.976375,0.0063750000000000195,0.09107142857142876,4256.410256410256,3,dct_smooth_regression,utterance_000004,0-0-3-1,group_0,UW,1,4,хулари,"",0.07000000000000006,кунах,<unk>,χ,l,χ,l,internal
373.9648170922863,904.3951422868685,1614.2730176546634,362.341962753258,866.7050733102229,1591.1636730581458,333.26149176437696,178.76055064651,430.1690463730621,0.00313484405148953,0.978375,0.008375000000000021,0.11964285714285733,4256.410256410256,3,dct_smooth_regression,utterance_000004,0-0-3-1,group_0,UW,1,4,хулари,"",0.07000000000000006,кунах,<unk>,χ,l,χ,l,internal
368.8864239796599,865.3715417916059,1582.5219216497646,384.4613750369236,866.4959092732804,1612.1471985663638,282.32178465243777,202.45339822052605,462.72399528953014,0.00313484405148953,0.980375,0.010375000000000023,0.1482142857142859,4256.410256410256,3,dct_smooth_regression,utterance_000004,0-0-3-1,group_0,UW,1,4,хулари,"",0.07000000000000006,кунах,<unk>,χ,l,χ,l,internal
384.017679211082,803.4229493372851,1534.77191515388,412.8176319696541,866.1526597861789,1637.4440920201107,229.46295597179514,234.71704706512057,509.8639729302965,0.00313484405148953,0.982375,0.012375000000000025,0.17678571428571446,4256.410256410256,3,dct_smooth_regression,utterance_000004,0-0-3-1,group_0,UW,1,4,хулари,"",0.07000000000000006,кунах,<unk>,χ,l,χ,l,internal
427.896298821517,815.678923493235,1742.3377726311794,442.82087991389045,865.3797052521999,1660.9071530469002,185.87400695596094,269.2451870667319,568.4185865815381,0.00313484405148953,0.984375,0.014375000000000027,0.20535714285714304,4256.410256410256,3,dct_smooth_regression,utterance_000004,0-0-3-1,group_0,UW,1,4,хулари,"",0.07000000000000006,кунах,<unk>,χ,l,χ,l,internal
481.6637516663806,868.3672222085681,1736.5696809871401,470.0262826257907,863.4918330074506,1676.190478151911,155.3315554913614,297.04496347345923,632.9414522018599,0.00313484405148953,0.986375,0.01637500000000003,0.23392857142857162,4256.410256410256,3,dct_smooth_regression,utterance_000004,0-0-3-1,group_0,UW,1,4,хулари,"",0.07000000000000006,кунах,<unk>,χ,l,χ,l,internal
502.60740418527865,873.3196111775743,1695.057193578007,491.0175451568949,859.3949502516795,1677.8702724734424,137.01753662353246,310.60066176382855,695.919610036462,0.00313484405148953,0.988375,0.01837500000000003,0.2625000000000002,4256.410256410256,3,dct_smooth_regression,utterance_000004,0-0-3-1,group_0,UW,1,4,хулари,"",0.07000000000000006,кунах,<unk>,χ,l,χ,l,internal
511.1908734758179,871.3575955265733,1656.3555573612466,503.9974862027688,851.7444030545961,1662.3791977640215,128.3953516797484,308.7722115591959,749.0480812617058,0.00313484405148953,0.990375,0.020375000000000032,0.29107142857142876,4256.410256410256,3,dct_smooth_regression,utterance_000004,0-0-3-1,group_0,UW,1,4,хулари,"",0.07000000000000006,кунах,<unk>,χ,l,χ,l,internal
512.5876704362544,865.7174993883181,1614.460286082717,508.9619887578247,839.2783703665958,1628.5925533896038,126.48098487208745,297.68046818674,785.200333325057,0.00313484405148953,0.992375,0.022375000000000034,0.31964285714285734,4256.410256410256,3,dct_smooth_regression,utterance_000004,0-0-3-1,group_0,UW,1,4,хулари,"",0.07000000000000006,кунах,<unk>,χ,l,χ,l,internal
508.08540417758337,848.5267803279365,1554.4015217364267,507.4452221452407,821.2569426755408,1577.976799289295,127.94976726831825,287.01943851024964,800.1442328870855,0.00313484405148953,0.994375,0.024375000000000036,0.3482142857142859,4256.410256410256,3,dct_smooth_regression,utterance_000004,0-0-3-1,group_0,UW,1,4,хулари,"",0.07000000000000006,кунах,<unk>,χ,l,χ,l,internal
500.04464601568316,805.8520080068204,1464.6559248318247,501.9340216765543,797.885241168029,1514.296504803293,129.0936525365127,286.00875733248836,793.1463779244317,0.00313484405148953,0.996375,0.026375000000000037,0.37678571428571445,4256.410256410256,3,dct_smooth_regression,utterance_000004,0-0-3-1,group_0,UW,1,4,хулари,"",0.07000000000000006,кунах,<unk>,χ,l,χ,l,internal
490.72659139358785,744.0546475980922,1397.7600045320694,495.12810309332696,770.5800937680291,1442.9566469423946,126.46671417531734,302.12982243416445,766.35178108168,0.00313484405148953,0.998375,0.02837500000000004,0.405357142857143,4256.410256410256,3,dct_smooth_regression,utterance_000004,0-0-3-1,group_0,UW,1,4,хулари,"",0.07000000000000006,кунах,<unk>,χ,l,χ,l,internal
483.77379384546765,704.8449613347889,1380.834042762754,489.25018979589373,741.9638365976549,1370.117467065947,118.22570307139942,341.9790243408404,723.5511914788709,0.00313484405148953,1.000375,0.03037500000000004,0.4339285714285716,4256.410256410256,3,dct_smooth_regression,utterance_000004,0-0-3-1,group_0,UW,1,4,хулари,"",0.07000000000000006,кунах,<unk>,χ,l,χ,l,internal
481.7250958366165,686.5344276846754,1364.7380933340346,485.5808319027505,715.5324704874313,1301.748625598744,105.05901114959097,411.80852251270534,669.0921361321049,0.00313484405148953,1.002375,0.03237500000000004,0.4625000000000002,4256.410256410256,3,dct_smooth_regression,utterance_000004,0-0-3-1,group_0,UW,1,4,хулари,"",0.07000000000000006,кунах,<unk>,χ,l,χ,l,internal
485.1969088889408,687.2538452733484,1319.6500588346616,484.31738685391855,695.0329567419778,1242.7853575357358,89.61518546244929,515.5395074981258,607.3097758360257,0.00313484405148953,1.004375,0.034375000000000044,0.49107142857142877,4256.410256410256,3,dct_smooth_regression,utterance_000004,0-0-3-1,group_0,UW,1,4,хулари,"",0.07000000000000006,кунах,<unk>,χ,l,χ,l,internal
488.9520430207724,713.5191153394115,1227.6620186903194,484.75855180965345,683.6718295411877,1196.516183303271,74.8456064634089,649.3894927064008,542.3828612707737,0.00313484405148953,1.006375,0.036375000000000046,0.5196428571428573,4256.410256410256,3,dct_smooth_regression,utterance_000004,0-0-3-1,group_0,UW,1,4,хулари,"",0.07000000000000006,кунах,<unk>,χ,l,χ,l,internal
489.18205984002924,739.464763005323,1119.2639142272626,485.7238195653845,683.3388879482667,1164.279377364923,62.682912429468516,795.9707576524863,478.2954638413564,0.00313484405148953,1.008375,0.03837500000000005,0.5482142857142859,4256.410256410256,3,dct_smooth_regression,utterance_000004,0-0-3-1,group_0,UW,1,4,хулари,"",0.07000000000000006,кунах,<unk>,χ,l,χ,l,internal
487.0791578143659,706.278995455956,1091.8887066112204,486.05727917660295,694.04575310309,1145.486295533019,53.775113983443234,925.5379437289745,418.6664628964839,0.00313484405148953,1.010375,0.04037500000000005,0.5767857142857145,4256.410256410256,3,dct_smooth_regression,utterance_000004,0-0-3-1,group_0,UW,1,4,хулари,"",0.07000000000000006,кунах,<unk>,χ,l,χ,l,internal
484.4718975101158,690.9552542916358,1102.9046575704474,485.0530649501303,713.7417074929386,1137.93567112753,47.900296867317664,1009.5753671859475,366.44698042658223,0.00313484405148953,1.012375,0.04237500000000005,0.605357142857143,4256.410256410256,3,dct_smooth_regression,utterance_000004,0-0-3-1,group_0,UW,1,4,хулари,"",0.07000000000000006,кунах,<unk>,χ,l,χ,l,internal
482.2552568857331,705.2963410775194,1124.5570859054192,482.67670698836776,738.5853592652653,1138.342826875047,44.45023117248858,1038.212906922307,323.6654932784074,0.00313484405148953,1.014375,0.04437500000000005,0.6339285714285716,4256.410256410256,3,dct_smooth_regression,utterance_000004,0-0-3-1,group_0,UW,1,4,хулари,"",0.07000000000000006,кунах,<unk>,χ,l,χ,l,internal
480.06618444859595,740.5626491793009,1144.2421602376248,479.52939394282924,763.6405395288721,1142.9856247416556,42.71899636910946,1025.1020300567873,291.39408863374103,0.00313484405148953,1.016375,0.046375000000000055,0.6625000000000002,4256.410256410256,3,dct_smooth_regression,utterance_000004,0-0-3-1,group_0,UW,1,4,хулари,"",0.07000000000000006,кунах,<unk>,χ,l,χ,l,internal
476.93270891233163,787.3703841012319,1162.517788708185,476.58725795470065,783.8568353457509,1148.3646177064393,42.034605886830164,996.3053949245947,269.96316044037997,0.00313484405148953,1.018375,0.04837500000000006,0.6910714285714288,4256.410256410256,3,dct_smooth_regression,utterance_000004,0-0-3-1,group_0,UW,1,4,хулари,"",0.07000000000000006,кунах,<unk>,χ,l,χ,l,internal
472.47575423814123,823.7600637765238,1187.00736939772,474.818775341919,795.1181616284099,1151.784715491903,41.85022386235659,975.4595341922123,259.3108230066053,0.00313484405148953,1.020375,0.05037500000000006,0.7196428571428573,4256.410256410256,3,dct_smooth_regression,utterance_000004,0-0-3-1,group_0,UW,1,4,хулари,"",0.07000000000000006,кунах,<unk>,χ,l,χ,l,internal
413.47241670543457,1837.979368713852,2789.466078461831,413.0020590103104,1823.6397685147529,2789.0405413111207,96.00814686385367,88.88496461808688,99.56037644180148,0.0003882531374937401,1.956375,0.0063750000000000195,0.09107142857142876,5692.3076923076915,3,dct_smooth_regression,utterance_000004,0-0-6-1,group_0,UW,1,4,юписем,"",0.07000000000000006,<eps>,ҫумне,Y,P,Y,P,internal
415.73064617598436,1815.9521038957382,2799.587699480245,412.79503657927216,1808.5511761838159,2788.769100864846,94.38412488546295,95.77178076099403,99.64898718252783,0.0003882531374937401,1.958375,0.008375000000000021,0.11964285714285733,5692.3076923076915,3,dct_smooth_regression,utterance_000004,0-0-6-1,group_0,UW,1,4,юписем,"",0.07000000000000006,<eps>,ҫумне,Y,P,Y,P,internal
414.9373621477634,1779.5202129390436,2796.7539047881633,412.1884812104747,1780.586182020249,2787.175608849381,91.67869693854674,109.81396775066939,99.57179029330834,0.0003882531374937401,1.960375,0.010375000000000023,0.1482142857142859,5692.3076923076915,3,dct_smooth_regression,utterance_000004,0-0-6-1,group_0,UW,1,4,юписем,"",0.07000000000000006,<eps>,ҫумне,Y,P,Y,P,internal
410.7052394117842,1731.1472813626372,2779.5006504039497,410.856969913715,1743.7955763084112,2782.579320674206,88.79936651960396,131.0437058701115,98.94560848202651,0.0003882531374937401,1.962375,0.012375000000000025,0.17678571428571446,5692.3076923076915,3,dct_smooth_regression,utterance_000004,0-0-6-1,group_0,UW,1,4,юписем,"",0.07000000000000006,<eps>,ҫумне,Y,P,Y,P,internal
404.98347995367607,1686.0085067807584,2757.639254725001,408.4454815071706,1703.3918472289672,2773.372545495447,86.77984712421723,158.3288139690486,97.47502462576396,0.0003882531374937401,1.964375,0.014375000000000027,0.20535714285714304,5692.3076923076915,3,dct_smooth_regression,utterance_000004,0-0-6-1,group_0,UW,1,4,юписем,"",0.07000000000000006,<eps>,ҫумне,Y,P,Y,P,internal
399.5567548836438,1654.7508775875285,2741.455821034856,404.68890622505563,1664.8949792122687,2758.7734229099956,86.61273788171496,188.47940054284066,95.17389472919007,0.0003882531374937401,1.966375,0.01637500000000003,0.23392857142857162,5692.3076923076915,3,dct_smooth_regression,utterance_000004,0-0-6-1,group_0,UW,1,4,юписем,"",0.07000000000000006,<eps>,ҫумне,Y,P,Y,P,internal
394.4702396466616,1633.042852838891,2729.8215760685666,399.5159134852023,1633.2568897524993,2739.3719349358557,89.20795146672505,216.3329694966067,92.47865537083646,0.0003882531374937401,1.968375,0.01837500000000003,0.2625000000000002,5692.3076923076915,3,dct_smooth_regression,utterance_000004,0-0-6-1,group_0,UW,1,4,юписем,"",0.07000000000000006,<eps>,ҫумне,Y,P,Y,P,internal
390.56454306614324,1619.691098281642,2719.595769806485,393.10942917385336,1612.119083648011,2717.2697168976933,95.44127498685918,236.50159688271484,90.1950220456411,0.0003882531374937401,1.970375,0.020375000000000032,0.29107142857142876,5692.3076923076915,3,dct_smooth_regression,utterance_000004,0-0-6-1,group_0,UW,1,4,юписем,"",0.07000000000000006,<eps>,ҫумне,Y,P,Y,P,internal
387.996088964131,1614.9881553835905,2708.0929754379245,385.90727187539454,1603.3268410008552,2695.7351308951934,106.20739128847973,246.0031488659063,89.33362726561884,0.0003882531374937401,1.972375,0.022375000000000034,0.31964285714285734,5692.3076923076915,3,dct_smooth_regression,utterance_000004,0-0-6-1,group_0,UW,1,4,юписем,"",0.07000000000000006,<eps>,ҫумне,Y,P,Y,P,internal
385.84186985893194,1618.7161535493053,2696.363464732356,378.54188766268805,1606.769789349176,2678.444225673438,122.37491075373471,245.7692757323545,90.95581016043393,0.0003882531374937401,1.974375,0.024375000000000036,0.3482142857142859,5692.3076923076915,3,dct_smooth_regression,utterance_000004,0-0-6-1,group_0,UW,1,4,юписем,"",0.07000000000000006,<eps>,ҫумне,Y,P,Y,P,internal
381.5362637313908,1627.218600511398,2684.820807330354,371.733448239494,1620.5550601890134,2668.510845257055,144.54089735716866,239.8899881910485,96.10456710053457,0.0003882531374937401,1.976375,0.026375000000000037,0.37678571428571445,5692.3076923076915,3,dct_smooth_regression,utterance_000004,0-0-6-1,group_0,UW,1,4,юписем,"",0.07000000000000006,<eps>,ҫумне,Y,P,Y,P,internal
372.69514475052216,1639.125079141659,2673.9706375546125,366.16179808289075,1641.45882447969,2667.58468830945,172.5253848715044,233.5370153241437,105.7872116508631,0.0003882531374937401,1.978375,0.02837500000000004,0.405357142857143,5692.3076923076915,3,dct_smooth_regression,utterance_000004,0-0-6-1,group_0,UW,1,4,юписем,"",0.07000000000000006,<eps>,ҫумне,Y,P,Y,P,internal
360.11038946203104,1656.2400804358774,2664.4276940311215,362.3470354003166,1665.5566068445962,2675.2903232901162,204.70192818852587,231.27532899449898,120.88931831532493,0.0003882531374937401,1.980375,0.03037500000000004,0.4339285714285716,5692.3076923076915,3,dct_smooth_regression,utterance_000004,0-0-6-1,group_0,UW,1,4,юписем,"",0.07000000000000006,<eps>,ҫумне,Y,P,Y,P,internal
348.8184884940708,1679.0721706952215,2665.3872044419995,360.56503506829847,1688.910020429121,2689.1925541659925,237.54553019155117,236.5121522368042,141.88076506874495,0.0003882531374937401,1.982375,0.03237500000000004,0.4625000000000002,5692.3076923076915,3,dct_smooth_regression,utterance_000004,0-0-6-1,group_0,UW,1,4,юписем,"",0.07000000000000006,<eps>,ҫумне,Y,P,Y,P,internal
346.84187464168843,1702.4966222256858,2686.5226649499527,360.8142544617811,1708.1896120666509,2705.327877192624,265.99148341288986,251.72553788261354,168.2679956335005,0.0003882531374937401,1.984375,0.034375000000000044,0.49107142857142877,5692.3076923076915,3,dct_smooth_regression,utterance_000004,0-0-6-1,group_0,UW,1,4,юписем,"",0.07000000000000006,<eps>,ҫумне,Y,P,Y,P,internal
358.2163307783445,1719.963623261086,2715.456015472911,362.8367018595338,1721.1371484142928,2719.1794398930447,284.928395832218,278.7973538058083,198.00628998815608,0.0003882531374937401,1.986375,0.036375000000000046,0.5196428571428573,5692.3076923076915,3,dct_smooth_regression,utterance_000004,0-0-6-1,group_0,UW,1,4,юписем,"",0.07000000000000006,<eps>,ҫумне,Y,P,Y,P,internal
372.79079342625533,1724.9345943050905,2734.0140080911983,366.18280225806313,1726.8086510017524,2726.84098784926,291.2809394832987,318.9812362362886,227.41642858012733,0.0003882531374937401,1.988375,0.03837500000000005,0.5482142857142859,5692.3076923076915,3,dct_smooth_regression,utterance_000004,0-0-6-1,group_0,UW,1,4,юписем,"",0.07000000000000006,<eps>,ҫумне,Y,P,Y,P,internal
380.5111972066273,1721.1666360830804,2739.041123310148,370.3005896357035,1725.5826403939593,2726.0528586883815,285.3883934223426,372.32873317143276,252.13526623469517,0.0003882531374937401,1.990375,0.04037500000000005,0.5767857142857145,5692.3076923076915,3,dct_smooth_regression,utterance_000004,0-0-6-1,group_0,UW,1,4,юписем,"",0.07000000000000006,<eps>,ҫумне,Y,P,Y,P,internal
381.8751636003816,1722.585443693875,2731.812361935918,374.6264381772216,1718.9576319018945,2716.8197548804515,270.72372936227765,436.68901827442517,268.89962418971766,0.0003882531374937401,1.992375,0.04237500000000005,0.605357142857143,5692.3076923076915,3,dct_smooth_regression,utterance_000004,0-0-6-1,group_0,UW,1,4,юписем,"",0.07000000000000006,<eps>,ҫумне,Y,P,Y,P,internal
381.21469941737604,1732.9447843983558,2713.673447912606,378.6578077354141,1709.1924934041633,2701.4299439794,252.261436572139,506.74554957482707,277.0301542107414,0.0003882531374937401,1.994375,0.04437500000000005,0.6339285714285716,5692.3076923076915,3,dct_smooth_regression,utterance_000004,0-0-6-1,group_0,UW,1,4,юписем,"",0.07000000000000006,<eps>,ҫумне,Y,P,Y,P,internal
381.975997652497,1728.9467814731156,2689.8350105120307,381.9967208309662,1698.8596983743114,2683.858766288893,234.68754041778976,573.8445606999123,278.5185728310253,0.0003882531374937401,1.9963749999999998,0.04637499999999983,0.662499999999997,5692.3076923076915,3,dct_smooth_regression,utterance_000004,0-0-6-1,group_0,UW,1,4,юписем,"",0.07000000000000006,<eps>,ҫумне,Y,P,Y,P,internal
382.52278143666496,1693.5802515645598,2664.716342108175,384.3630428545647,1690.3849543076255,2668.710231857679,221.38831727821932,627.2830636123847,276.76729723478843,0.0003882531374937401,1.998375,0.04837500000000006,0.6910714285714288,5692.3076923076915,3,dct_smooth_regression,utterance_000004,0-0-6-1,group_0,UW,1,4,юписем,"",0.07000000000000006,<eps>,ҫумне,Y,P,Y,P,internal
377.85512587052415,1641.493949697368,2637.3559860528794,385.58578003514606,1685.6397537932824,2659.980678483758,214.3200231850587,657.0503051348013,274.96978255648315,0.0003882531374937401,2.000375,0.05037500000000006,0.7196428571428573,5692.3076923076915,3,dct_smooth_regression,utterance_000004,0-0-6-1,group_0,UW,1,4,юписем,"",0.07000000000000006,<eps>,ҫумне,Y,P,Y,P,internal
316.5844379208836,1760.093325450178,2185.938568617671,313.7253880506063,1798.6408315968808,2200.263468079763,69.15130762663607,229.91208599000404,193.18772821455332,0.0006449525443934499,2.4863750000000002,0.006375000000000242,0.09107142857143223,4256.410256410256,3,dct_smooth_regression,utterance_000004,0-0-7-1,group_0,UW,1,4,ҫумне,"",0.06999999999999984,юписем,пӗлтерӳсем,ɕ,M,ɕ,M,internal
315.85087925958004,1785.7847426298922,2174.9470541051637,320.9027176969347,1797.654981604743,2231.1304555913007,71.05376637997047,195.3834611516239,211.01103825028295,0.0006449525443934499,2.488375,0.008375000000000021,0.11964285714285772,4256.410256410256,3,dct_smooth_regression,utterance_000004,0-0-7-1,group_0,UW,1,4,ҫумне,"",0.06999999999999984,юписем,пӗлтерӳсем,ɕ,M,ɕ,M,internal
326.22774338053523,1852.1116605669679,2335.9037743659997,334.21436569399543,1795.6955422131891,2285.622929917214,74.23641606063416,146.29484195472898,248.15701411168382,0.0006449525443934499,2.4903750000000002,0.010375000000000245,0.14821428571428955,4256.410256410256,3,dct_smooth_regression,utterance_000004,0-0-7-1,group_0,UW,1,4,ҫумне,"",0.06999999999999984,юписем,пӗлтерӳсем,ɕ,M,ɕ,M,internal
356.7939627173141,1809.1253618081776,2403.2021485433766,351.77951229269155,1792.7737288888186,2350.981540430964,77.4548106361761,102.82490926825727,306.36640603366106,0.0006449525443934499,2.492375,0.012375000000000025,0.17678571428571505,4256.410256410256,3,dct_smooth_regression,utterance_000004,0-0-7-1,group_0,UW,1,4,ҫумне,"",0.06999999999999984,юписем,пӗлтерӳсем,ɕ,M,ɕ,M,internal
379.6693791691188,1787.2008028454284,2435.6147298216097,371.242305749664,1788.874097843528,2411.9318958916065,79.04952920712111,73.13492642810658,385.12488519198257,0.0006449525443934499,2.4943750000000002,0.014375000000000249,0.20535714285714687,4256.410256410256,3,dct_smooth_regression,utterance_000004,0-0-7-1,group_0,UW,1,4,ҫумне,"",0.06999999999999984,юписем,пӗлтерӳсем,ɕ,M,ɕ,M,internal
394.2736688479436,1775.2333372008718,2443.868485185756,390.20910055819803,1783.919296913988,2454.1981889494327,77.5430060321493,56.398716218268845,478.9039380846165,0.0006449525443934499,2.496375,0.01637500000000003,0.23392857142857237,4256.410256410256,3,dct_smooth_regression,utterance_000004,0-0-7-1,group_0,UW,1,4,ҫумне,"",0.06999999999999984,юписем,пӗлтерӳсем,ɕ,M,ɕ,M,internal
406.10604945227436,1766.9615943854055,2425.8636008172143,406.66258387734655,1777.7304909296527,2467.642992780614,72.42330801744916,49.42918421013424,576.6174350865025,0.0006449525443934499,2.4983750000000002,0.018375000000000252,0.26250000000000423,4256.410256410256,3,dct_smooth_regression,utterance_000004,0-0-7-1,group_0,UW,1,4,ҫумне,"",0.06999999999999984,юписем,пӗлтерӳсем,ɕ,M,ɕ,M,internal
415.52764162323774,1760.8952961988775,2398.6600278659485,419.265015940039,1769.9920048133001,2448.268881840403,64.50801022179887,50.00812943717719,665.3796230470464,0.0006449525443934499,2.500375,0.020375000000000032,0.2910714285714297,4256.410256410256,3,dct_smooth_regression,utterance_000004,0-0-7-1,group_0,UW,1,4,ҫумне,"",0.06999999999999984,юписем,пӗлтерӳсем,ɕ,M,ɕ,M,internal
422.82877650358984,1755.6434118356985,2374.2692485459415,427.4936778028995,1760.231561041021,2398.637891132339,55.50428495125393,57.41220438182075,736.903603523197,0.0006449525443934499,2.5023750000000002,0.022375000000000256,0.3196428571428615,4256.410256410256,3,dct_smooth_regression,utterance_000004,0-0-7-1,group_0,UW,1,4,ҫумне,"",0.06999999999999984,юписем,пӗлтерӳсем,ɕ,M,ɕ,M,internal
428.27597829222,1748.8619915340328,2349.9240353315645,431.5949034981249,1747.8285644412122,2326.694010750662,47.1317236731675,71.66421628233807,791.5726700210552,0.0006449525443934499,2.504375,0.024375000000000036,0.34821428571428703,4256.410256410256,3,dct_smooth_regression,utterance_000004,0-0-7-1,group_0,UW,1,4,ҫумне,"",0.06999999999999984,юписем,пӗлтерӳсем,ɕ,M,ɕ,M,internal
431.8045525539634,1737.4872077081172,2304.8011837062877,432.38711865940394,1732.0609615721314,2243.3921600853414,40.50781131480291,92.02507759883909,837.1584800942076,0.0006449525443934499,2.5063750000000002,0.02637500000000026,0.37678571428571883,4256.410256410256,3,dct_smooth_regression,utterance_000004,0-0-7-1,group_0,UW,1,4,ҫумне,"",0.06999999999999984,юписем,пӗлтерӳсем,ɕ,M,ɕ,M,internal
433.13636007763506,1718.8665362542956,2212.485794706165,430.97669150126353,1712.1956553273244,2159.8301398879958,36.07701095072269,115.33224875592758,883.9496183775417,0.0006449525443934499,2.508375,0.02837500000000004,0.40535714285714436,4256.410256410256,3,dct_smooth_regression,utterance_000004,0-0-7-1,group_0,UW,1,4,ҫумне,"",0.06999999999999984,юписем,пӗлтерӳсем,ɕ,M,ɕ,M,internal
431.8993318417746,1695.8618389381254,2096.2102399737664,428.4650322222744,1687.6186799304915,2084.6711930628385,33.86350681872423,135.97408191893354,939.764751389143,0.0006449525443934499,2.5103750000000002,0.030375000000000263,0.43392857142857616,4256.410256410256,3,dct_smooth_regression,utterance_000004,0-0-7-1,group_0,UW,1,4,ҫумне,"",0.06999999999999984,юписем,пӗлтерӳсем,ɕ,M,ɕ,M,internal
428.5077561513324,1665.7233064777472,1981.6198312284064,425.71858731390364,1657.9908474812019,2022.5157658558555,33.738828615181625,148.81515360577728,1006.5201097090736,0.0006449525443934499,2.512375,0.03237500000000004,0.4625000000000017,4256.410256410256,3,dct_smooth_regression,utterance_000004,0-0-7-1,group_0,UW,1,4,ҫумне,"",0.06999999999999984,юписем,пӗлтерӳсем,ɕ,M,ɕ,M,internal
424.1971051603107,1622.5416986149987,1904.7919066855848,423.24845247486024,1623.4047550534824,1973.576060046934,35.558719684913065,152.7981725491236,1078.4626440157701,0.0006449525443934499,2.5143750000000002,0.034375000000000266,0.4910714285714335,4256.410256410256,3,dct_smooth_regression,utterance_000004,0-0-7-1,group_0,UW,1,4,ҫумне,"",0.06999999999999984,юписем,пӗлтерӳсем,ɕ,M,ɕ,M,internal
420.42932753625684,1569.268714845612,1887.7666142355722,421.2113550648339,1584.512610723961,1934.618754932056,39.16331588222026,151.36360688858892,1142.6216151799802,0.0006449525443934499,2.516375,0.036375000000000046,0.519642857142859,4256.410256410256,3,dct_smooth_regression,utterance_000004,0-0-7-1,group_0,UW,1,4,ҫумне,"",0.06999999999999984,юписем,пӗлтерӳсем,ɕ,M,ɕ,M,internal
417.84924132010934,1524.1416526872322,1908.1284354865584,419.5091436494004,1542.5936177136618,1900.7835468348512,44.291228336349754,149.72763501944837,1182.8104580833476,0.0006449525443934499,2.5183750000000003,0.03837500000000027,0.5482142857142909,4256.410256410256,3,dct_smooth_regression,utterance_000004,0-0-7-1,group_0,UW,1,4,ҫумне,"",0.06999999999999984,юписем,пӗлтерӳсем,ɕ,M,ɕ,M,internal
416.27250740491525,1491.9390675604689,1922.5884875730387,417.93935610195473,1499.5358595145708,1867.6593840625387,50.48344570669962,152.23494993840944,1187.0072076613171,0.0006449525443934499,2.520375,0.04037500000000005,0.5767857142857163,4256.410256410256,3,dct_smooth_regression,utterance_000004,0-0-7-1,group_0,UW,1,4,ҫумне,"",0.06999999999999984,юписем,пӗлтерӳсем,ɕ,M,ɕ,M,internal
415.0831294919531,1466.646708590446,1890.9598103651235,416.3411492259477,1457.720379049305,1832.9666899005833,57.06517195744483,161.36346350583378,1154.2876634502902,0.0006449525443934499,2.5223750000000003,0.042375000000000274,0.6053571428571481,4256.410256410256,3,dct_smooth_regression,utterance_000004,0-0-7-1,group_0,UW,1,4,ҫумне,"",0.06999999999999984,юписем,пӗлтерӳсем,ɕ,M,ɕ,M,internal
413.90947363341684,1442.4150410918419,1817.702813581597,414.6899910602394,1419.8123848727703,1797.3548606032236,63.25633637403906,177.50809705092203,1096.1280334578819,0.0006449525443934499,2.524375,0.04437500000000005,0.6339285714285736,4256.410256410256,3,dct_smooth_regression,utterance_000004,0-0-7-1,group_0,UW,1,4,ҫумне,"",0.06999999999999984,юписем,пӗлтерӳсем,ɕ,M,ɕ,M,internal
412.75676791379146,1414.1921064240103,1735.6321015351436,413.11696796188653,1388.4828623645508,1764.125032141875,68.36363154650128,198.48479258331537,1031.0645462882812,0.0006449525443934499,2.5263750000000003,0.04637500000000028,0.6625000000000055,4256.410256410256,3,dct_smooth_regression,utterance_000004,0-0-7-1,group_0,UW,1,4,ҫумне,"",0.06999999999999984,юписем,пӗлтерӳсем,ɕ,M,ɕ,M,internal
412.2363730426096,1373.207982793121,1695.6633524085253,411.856495933306,1366.0993380172915,1738.0337244645414,71.92861621379699,219.05316010831015,977.1551744978821,0.0006449525443934499,2.528375,0.04837500000000006,0.691071428571431,4256.410256410256,3,dct_smooth_regression,utterance_000004,0-0-7-1,group_0,UW,1,4,ҫумне,"",0.06999999999999984,юписем,пӗлтерӳсем,ɕ,M,ɕ,M,internal
413.4800055644683,1315.5991720423294,1731.9748915288226,411.1505365294584,1354.433506576798,1723.6175689719087,73.74046674659948,232.0580812110964,947.1170463711268,0.0006449525443934499,2.5303750000000003,0.05037500000000028,0.7196428571428628,4256.410256410256,3,dct_smooth_regression,utterance_000004,0-0-7-1,group_0,UW,1,4,ҫумне,"",0.06999999999999984,юписем,пӗлтерӳсем,ɕ,M,ɕ,M,internal
452.3432629796796,2370.939920933204,3047.7849962309597,457.56743176869406,2399.9535803734448,3070.1793847577096,36.478351193601334,177.65691419570686,176.8364105783767,0.00017709868160536334,1.236375,0.0063750000000000195,0.05795454545454558,6410.25641025641,3,dct_smooth_regression,utterance_000004,0-0-3-5,group_0,IY,1,4,хулари,"",0.1100000000000001,кунах,<unk>,R,#,R,spn,final
456.8393469192806,2394.231095426087,3076.505310757512,458.23081855156227,2403.8512965824407,3074.9248614217636,36.82678528044896,172.19691716361206,175.35830922541342,0.00017709868160536334,1.238375,0.008375000000000021,0.07613636363636377,6410.25641025641,3,dct_smooth_regression,utterance_000004,0-0-3-5,group_0,IY,1,4,хулари,"",0.1100000000000001,кунах,<unk>,R,#,R,spn,final
460.48461162549984,2409.937908365581,3091.2277351734433,459.5108438048175,2411.45921459828,3084.0904925205655,37.52802475566633,162.1901163975937,172.59815736666062,0.00017709868160536334,1.240375,0.010375000000000023,0.09431818181818194,6410.25641025641,3,dct_smooth_regression,utterance_000004,0-0-3-5,group_0,IY,1,4,хулари,"",0.1100000000000001,кунах,<unk>,R,#,R,spn,final
463.7459551441957,2423.3225865208206,3097.453784535489,461.3176028892523,2422.4149580553276,3097.052860035554,38.59069692022772,149.1798254734098,168.9137448555794,0.00017709868160536334,1.242375,0.012375000000000025,0.11250000000000013,6410.25641025641,3,dct_smooth_regression,utterance_000004,0-0-3-5,group_0,IY,1,4,хулари,"",0.1100000000000001,кунах,<unk>,R,#,R,spn,final
466.59042574645343,2437.2502946039103,3102.835001230488,463.52491700064957,2436.2056250142296,3112.942577712588,40.027448556561346,134.9123569243839,164.76661311155848,0.00017709868160536334,1.244375,0.014375000000000027,0.13068181818181832,6410.25641025641,3,dct_smooth_regression,utterance_000004,0-0-3-5,group_0,IY,1,4,хулари,"",0.1100000000000001,кунах,<unk>,R,#,R,spn,final
468.86433867317743,2453.7508965541383,3118.1795971194047,465.97992773862615,2452.201949408467,3130.7168675759613,41.854576358012366,120.94998209209183,160.6568241530286,0.00017709868160536334,1.246375,0.01637500000000003,0.1488636363636365,6410.25641025641,3,dct_smooth_regression,utterance_000004,0-0-3-5,group_0,IY,1,4,хулари,"",0.1100000000000001,кунах,<unk>,R,#,R,spn,final
470.6291077734151,2475.3298153631213,3149.7271158535136,468.5145998430738,2469.6996879611506,3149.2463865161876,44.09150643674906,108.44649792054246,157.0658887858854,0.00017709868160536334,1.248375,0.01837500000000003,0.16704545454545466,6410.25641025641,3,dct_smooth_regression,utterance_000004,0-0-3-5,group_0,IY,1,4,хулари,"",0.1100000000000001,кунах,<unk>,R,#,R,spn,final
471.88055285814164,2500.048860900855,3187.302286416574,470.9581702764967,2487.965101286133,3167.4088866455772,46.76009867610591,98.10384017461391,154.4170119650104,0.00017709868160536334,1.250375,0.020375000000000032,0.18522727272727285,6410.25641025641,3,dct_smooth_regression,utterance_000004,0-0-3-5,group_0,IY,1,4,хулари,"",0.1100000000000001,кунах,<unk>,R,#,R,spn,final
472.7753220959693,2522.653257684683,3213.519088985817,473.1495066369797,2506.2811172276865,3184.1817091409353,49.883744738318846,90.25323799454291,153.0539600599574,0.00017709868160536334,1.252375,0.022375000000000034,0.20340909090909104,6410.25641025641,3,dct_smooth_regression,utterance_000004,0-0-3-5,group_0,IY,1,4,хулари,"",0.1100000000000001,кунах,<unk>,R,#,R,spn,final
472.9974899509078,2541.137709409059,3223.932692417418,474.948351522672,2523.990756250951,3198.7252109220913,53.486220947389235,84.98473834840742,153.2336514614676,0.00017709868160536334,1.254375,0.024375000000000036,0.22159090909090923,6410.25641025641,3,dct_smooth_regression,utterance_000004,0-0-3-5,group_0,IY,1,4,хулари,"",0.1100000000000001,кунах,<unk>,R,#,R,spn,final
472.205139896245,2553.7118315741777,3220.753253479777,476.2445307603542,2540.534661868134,3210.449998644559,57.590249614850656,82.26766924525418,155.12455378545354,0.00017709868160536334,1.256375,0.026375000000000037,0.2397727272727274,6410.25641025641,3,dct_smooth_regression,utterance_000004,0-0-3-5,group_0,IY,1,4,хулари,"",0.1100000000000001,кунах,<unk>,R,#,R,spn,final
471.67305151375996,2563.8267789752326,3211.6789758635928,476.9643836629453,2555.4800904416875,3219.062229410507,62.215716385105814,82.03311599762655,158.80304311091888,0.00017709868160536334,1.258375,0.02837500000000004,0.2579545454545456,6410.25641025641,3,dct_smooth_regression,utterance_000004,0-0-3-5,group_0,IY,1,4,хулари,"",0.1100000000000001,кунах,<unk>,R,#,R,spn,final
473.671072586586,2574.096331977305,3206.995820875939,477.0739172151874,2568.5394307881884,3224.5831145852203,67.37749022975063,84.20996222617383,164.242233191634,0.00017709868160536334,1.260375,0.03037500000000004,0.27613636363636374,6410.25641025641,3,dct_smooth_regression,utterance_000004,0-0-3-5,group_0,IY,1,4,хулари,"",0.1100000000000001,кунах,<unk>,R,#,R,spn,final
477.7524774943968,2584.0938926680865,3210.124661071305,476.578472359146,2579.5771848126096,3227.340972365402,73.08280216540527,88.71517852638141,171.2917103221941,0.00017709868160536334,1.262375,0.03237500000000004,0.2943181818181819,6410.25641025641,3,dct_smooth_regression,utterance_000004,0-0-3-5,group_0,IY,1,4,хулари,"",0.1100000000000001,кунах,<unk>,R,#,R,spn,final
480.63551642230277,2591.2279865840896,3215.5858214335794,475.5189947382707,2588.6052744311805,3227.9365280333814,79.32816574850891,95.40198732716745,179.6517142289775,0.00017709868160536334,1.264375,0.034375000000000044,0.3125000000000001,6410.25641025641,3,dct_smooth_regression,utterance_000004,0-0-3-5,group_0,IY,1,4,хулари,"",0.1100000000000001,кунах,<unk>,R,#,R,spn,final
479.067135300139,2593.086639792308,3217.881268380137,473.9652981613019,2595.7674702811287,3227.1844574381416,86.09587490564076,103.97384918801042,188.85105551346388,0.00017709868160536334,1.266375,0.036375000000000046,0.3306818181818183,6410.25641025641,3,dct_smooth_regression,utterance_000004,0-0-3-5,group_0,IY,1,4,хулари,"",0.1100000000000001,кунах,<unk>,R,#,R,spn,final
474.61437744737236,2591.042698939634,3219.140157745337,472.0069711307473,2601.3145880704806,3226.036213072717,93.35019956440392,113.88386497978743,198.24305739761124,0.00017709868160536334,1.268375,0.03837500000000005,0.3488636363636365,6410.25641025641,3,dct_smooth_regression,utterance_000004,0-0-3-5,group_0,IY,1,4,хулари,"",0.1100000000000001,кунах,<unk>,R,#,R,spn,final
470.4717047753912,2586.5320427277156,3224.848571416098,469.7427823627676,2605.572800030261,3225.4907883774767,101.03351950963891,124.25854150479232,207.0353988655608,0.00017709868160536334,1.270375,0.04037500000000005,0.3670454545454547,6410.25641025641,3,dct_smooth_regression,utterance_000004,0-0-3-5,group_0,IY,1,4,хулари,"",0.1100000000000001,кунах,<unk>,R,#,R,spn,final
468.00110799244953,2581.2327824932813,3235.764725289764,467.26957242381474,2608.907905858607,3226.5011260008446,109.06278628891916,133.90212757962064,214.3647339114416,0.00017709868160536334,1.272375,0.04237500000000005,0.38522727272727286,6410.25641025641,3,dct_smooth_regression,utterance_000004,0-0-3-5,group_0,IY,1,4,хулари,"",0.1100000000000001,кунах,<unk>,R,#,R,spn,final
465.29884605948666,2578.6440656109166,3244.477387019901,464.67166388334175,2611.6886613605407,3229.884269134626,117.32686371866417,141.4327318616915,219.41384883273477,0.00017709868160536334,1.274375,0.04437500000000005,0.40340909090909105,6410.25641025641,3,dct_smooth_regression,utterance_000004,0-0-3-5,group_0,IY,1,4,хулари,"",0.1100000000000001,кунах,<unk>,R,#,R,spn,final
460.4764863937578,2583.0597407690398,3243.098790694788,462.0117775350159,2614.2522558536775,3236.2430569388307,125.68543607495249,145.55602375906878,221.55075221460086,0.00017709868160536334,1.276375,0.046375000000000055,0.42159090909090924,6410.25641025641,3,dct_smooth_regression,utterance_000004,0-0-3-5,group_0,IY,1,4,хулари,"",0.1100000000000001,кунах,<unk>,R,#,R,spn,final
454.6364744800444,2598.4051194583753,3234.736868459309,459.32431079800307,2616.8747654390145,3245.9061995185734,133.97024113820495,145.40413492352852,220.45348032583453,0.00017709868160536334,1.278375,0.04837500000000006,0.4397727272727274,6410.25641025641,3,dct_smooth_regression,utterance_000004,0-0-3-5,group_0,IY,1,4,хулари,"",0.1100000000000001,кунах,<unk>,R,#,R,spn,final
450.5266735387298,2624.2029938083897,3236.7894664361256,456.6116273459652,2619.748913979779,3258.892015788563,141.98932676002423,140.8026436986532,216.18131787879713,0.00017709868160536334,1.280375,0.05037500000000006,0.45795454545454556,6410.25641025641,3,dct_smooth_regression,utterance_000004,0-0-3-5,group_0,IY,1,4,хулари,"",0.1100000000000001,кунах,<unk>,R,#,R,spn,final
449.243778952381,2654.2171237708435,3262.736217937587,453.8437418248133,2622.970791783076,3274.899109769642,149.53479517279305,132.33546970646344,209.16747211750038,0.00017709868160536334,1.282375,0.05237500000000006,0.47613636363636375,6410.25641025641,3,dct_smooth_regression,utterance_000004,0-0-3-5,group_0,IY,1,4,хулари,"",0.1100000000000001,кунах,<unk>,R,#,R,spn,final
449.92455478521975,2670.1148071042853,3303.1422000494254,450.9614827677231,2626.536373470691,3293.324967294198,156.39406769257806,121.17003079430269,200.13503417645006,0.00017709868160536334,1.284375,0.05437500000000006,0.49431818181818193,6410.25641025641,3,dct_smooth_regression,utterance_000004,0-0-3-5,group_0,IY,1,4,хулари,"",0.1100000000000001,кунах,<unk>,R,#,R,spn,final
450.5843102097993,2667.550832216369,3340.16466411916,447.88290620289223,2630.3478113627993,3313.311070238322,162.36410347208397,108.72577468830633,189.96430452833042,0.00017709868160536334,1.286375,0.056375000000000064,0.5125000000000002,6410.25641025641,3,dct_smooth_regression,utterance_000004,0-0-3-5,group_0,IY,1,4,хулари,"",0.1100000000000001,кунах,<unk>,R,#,R,spn,final
450.18454244144806,2655.414446833982,3361.8921051117222,444.512438649518,2634.228632975348,3333.8108518489616,167.26733413527438,96.33430803013442,179.55242923670247,0.00017709868160536334,1.288375,0.058375000000000066,0.5306818181818183,6410.25641025641,3,dct_smooth_regression,utterance_000004,0-0-3-5,group_0,IY,1,4,хулари,"",0.1100000000000001,кунах,<unk>,R,#,R,spn,final
448.1918952797304,2645.288960410835,3370.3563076664286,440.75197658304876,2637.9462128312803,3353.6748480219862,170.96748476321372,85.01307278690459,169.7013521994014,0.00017709868160536334,1.290375,0.06037500000000007,0.5488636363636364,6410.25641025641,3,dct_smooth_regression,utterance_000004,0-0-3-5,group_0,IY,1,4,хулари,"",0.1100000000000001,кунах,<unk>,R,#,R,spn,final
443.10221844305653,2640.544390108852,3372.9271878285604,436.51298192877965,2641.239283303184,3371.745903531085,173.38311929046932,75.39293327685395,161.05289612337165,0.00017709868160536334,1.292375,0.06237500000000007,0.5670454545454546,6410.25641025641,3,dct_smooth_regression,utterance_000004,0-0-3-5,group_0,IY,1,4,хулари,"",0.1100000000000001,кунах,<unk>,R,#,R,spn,final
434.05658597338606,2640.512941467158,3376.0816578378603,431.72850627797465,2643.84784660891,3386.9563974278126,174.496821906125,67.76635316187466,154.07061000029896,0.00017709868160536334,1.294375,0.06437500000000007,0.5852272727272728,6410.25641025641,3,dct_smooth_regression,utterance_000004,0-0-3-5,group_0,IY,1,4,хулари,"",0.1100000000000001,кунах,<unk>,R,#,R,spn,final
423.03112445968196,2642.160270515133,3381.7839707417743,426.3640601069875,2645.5426825595227,3398.4192356214603,174.35845950124823,62.19291439398152,149.05493560515998,0.00017709868160536334,1.296375,0.06637500000000007,0.603409090909091,6410.25641025641,3,dct_smooth_regression,utterance_000004,0-0-3-5,group_0,IY,1,4,хулари,"",0.1100000000000001,кунах,<unk>,R,#,R,spn,final
412.4645833727202,2642.9692004416743,3387.595059786856,420.42631948259185,2646.1517259971,3405.5048411264634,173.08188559531536,58.6079737375523,146.17374888445858,0.00017709868160536334,1.298375,0.06837500000000007,0.6215909090909092,6410.25641025641,3,dct_smooth_regression,utterance_000004,0-0-3-5,group_0,IY,1,4,хулари,"",0.1100000000000001,кунах,<unk>,R,#,R,spn,final
405.41767777407125,2641.154077571594,3390.013415177366,413.9688258783556,2645.5809045747646,3407.8975146040984,170.83554078124578,56.90461906603993,145.49240284591838,0.00017709868160536334,1.300375,0.07037500000000008,0.6397727272727274,6410.25641025641,3,dct_smooth_regression,utterance_000004,0-0-3-5,group_0,IY,1,4,хулари,"",0.1100000000000001,кунах,<unk>,R,#,R,spn,final
402.1020372879594,2636.198728895995,3389.8159554023314,407.0940717365042,2643.8275518175947,3405.626244666261,167.82840917482721,56.97979915154009,146.99253532199245,0.00017709868160536334,1.302375,0.07237500000000008,0.6579545454545456,6410.25641025641,3,dct_smooth_regression,utterance_000004,0-0-3-5,group_0,IY,1,4,хулари,"",0.1100000000000001,кунах,<unk>,R,#,R,spn,final
400.2942997459157,2627.633447390183,3389.808638848442,399.9516558995274,2640.9851948126293,3399.067176033777,164.2934573947268,58.74609141229052,150.57452682828665,0.00017709868160536334,1.304375,0.07437500000000008,0.6761363636363638,6410.25641025641,3,dct_smooth_regression,utterance_000004,0-0-3-5,group_0,IY,1,4,хулари,"",0.1100000000000001,кунах,<unk>,R,#,R,spn,final
397.61478407592364,2616.789834929711,3390.1820432924683,392.732514914585,2637.239299492281,3388.9173152074713,160.47086930197753,62.11338105568809,156.04370243636703,0.00017709868160536334,1.306375,0.07637500000000008,0.694318181818182,6410.25641025641,3,dct_smooth_regression,utterance_000004,0-0-3-5,group_0,IY,1,4,хулари,"",0.1100000000000001,кунах,<unk>,R,#,R,spn,final
392.2464881255455,2604.7034106510873,3388.525879172524,385.65956170199377,2632.8543702212783,3376.1414681391548,156.5930979000317,66.94516383063679,163.08542431506962,0.00017709868160536334,1.308375,0.07837500000000008,0.7125000000000001,6410.25641025641,3,dct_smooth_regression,utterance_000004,0-0-3-5,group_0,IY,1,4,хулари,"",0.1100000000000001,кунах,<unk>,R,#,R,spn,final
384.09842302102874,2596.0928671713746,3383.029150228069,378.9753649559355,2628.153573021411,3361.896658834061,152.87311625824174,72.99727612334104,171.23942748955153,0.00017709868160536334,1.310375,0.08037500000000009,0.7306818181818183,6410.25641025641,3,dct_smooth_regression,utterance_000004,0-0-3-5,group_0,IY,1,4,хулари,"",0.1100000000000001,кунах,<unk>,R,#,R,spn,final
374.464630749269,2597.2690116452363,3373.84424585697,372.92775553863623,2623.492715993997,3347.440181473269,149.49646261819862,79.85526797460409,179.88837322267864,0.00017709868160536334,1.312375,0.08237500000000009,0.7488636363636365,6410.25641025641,3,dct_smooth_regression,utterance_000004,0-0-3-5,group_0,IY,1,4,хулари,"",0.1100000000000001,кунах,<unk>,R,#,R,spn,final
364.9782529997749,2610.9767777241655,3359.8368170532726,367.75442865372094,2619.230918810711,3334.028830464296,146.6169386845235,86.89842650514368,188.27731017168853,0.00017709868160536334,1.314375,0.08437500000000009,0.7670454545454547,6410.25641025641,3,dct_smooth_regression,utterance_000004,0-0-3-5,group_0,IY,1,4,хулари,"",0.1100000000000001,кунах,<unk>,R,#,R,spn,final
359.7552509444188,2630.713445960851,3339.0999958054526,363.66770715033186,2615.7005927111945,3322.8176147488116,144.35527398912072,93.32515828859044,195.57631911835477,0.00017709868160536334,1.316375,0.08637500000000009,0.7852272727272729,6410.25641025641,3,dct_smooth_regression,utterance_000004,0-0-3-5,group_0,IY,1,4,хулари,"",0.1100000000000001,кунах,<unk>,R,#,R,spn,final
359.98190568125455,2647.567351912015,3307.1453334199177,360.8406334452493,2613.179408782116,3314.7663296544238,142.79977257213213,98.26344991604465,200.98619442767995,0.00017709868160536334,1.318375,0.08837500000000009,0.8034090909090911,6410.25641025641,3,dct_smooth_regression,utterance_000004,0-0-3-5,group_0,IY,1,4,хулари,"",0.1100000000000001,кунах,<unk>,R,#,R,spn,final
359.72104874776807,2662.172754551483,3257.4642680810916,359.3954646288769,2611.8667513095547,3310.5617250401997,142.00790039804573,100.95499270248614,203.86895452330515,0.00017709868160536334,1.320375,0.0903750000000001,0.8215909090909093,6410.25641025641,3,dct_smooth_regression,utterance_000004,0-0-3-5,group_0,IY,1,4,хулари,"",0.1100000000000001,кунах,<unk>,R,#,R,spn,final
351.532511563641,2311.9387544840056,2661.104372858703,352.53649096152765,2367.3152351102685,2669.4644806801425,67.37180346982831,145.6238430566813,111.76265094320813,0.0000765916096636264,2.0663750000000003,0.006375000000000242,0.07968750000000295,6230.7692307692305,3,dct_smooth_regression,utterance_000004,0-0-6-3,group_0,IY,1,4,юписем,"",0.08000000000000007,<eps>,ҫумне,P,s,P,s,internal
352.7518119700172,2359.788396377832,2681.884578358945,351.676414998654,2376.6874944459746,2684.349579990265,67.02797957911464,139.20422706845534,117.26562693048247,0.0000765916096636264,2.068375,0.008375000000000021,0.10468750000000018,6230.7692307692305,3,dct_smooth_regression,utterance_000004,0-0-6-3,group_0,IY,1,4,юписем,"",0.08000000000000007,<eps>,ҫумне,P,s,P,s,internal
351.4876234769543,2408.708237011989,2709.684567292461,350.0894734583865,2394.144058394434,2712.279350495621,66.4458982852307,127.76050358595229,127.9558113343214,0.0000765916096636264,2.0703750000000003,0.010375000000000245,0.12968750000000295,6230.7692307692305,3,dct_smooth_regression,utterance_000004,0-0-6-3,group_0,IY,1,4,юписем,"",0.08000000000000007,<eps>,ҫумне,P,s,P,s,internal
348.64030179215945,2449.619388935486,2747.2577299651034,348.02434825592786,2417.3251639106725,2749.889114883375,65.80612345410452,113.51503359244454,142.8917614035033,0.0000765916096636264,2.072375,0.012375000000000025,0.15468750000000017,6230.7692307692305,3,dct_smooth_regression,utterance_000004,0-0-6-3,group_0,IY,1,4,юписем,"",0.08000000000000007,<eps>,ҫумне,P,s,P,s,internal
345.37809197638404,2478.387705411258,2795.5349063356484,345.8121284680753,2443.1918638945403,2792.862955843986,65.31505736878384,98.73756017179686,160.0752388255485,0.0000765916096636264,2.0743750000000003,0.014375000000000249,0.17968750000000294,6230.7692307692305,3,dct_smooth_regression,utterance_000004,0-0-6-3,group_0,IY,1,4,юписем,"",0.08000000000000007,<eps>,ҫумне,P,s,P,s,internal
342.54049013795554,2495.0471290548358,2847.545824905371,343.8223979270919,2468.523357914463,2836.6563325000166,65.15331660940502,85.16512905735961,176.31650839748843,0.0000765916096636264,2.076375,0.01637500000000003,0.2046875000000002,6230.7692307692305,3,dct_smooth_regression,utterance_000004,0-0-6-3,group_0,IY,1,4,юписем,"",0.08000000000000007,<eps>,ҫумне,P,s,P,s,internal
340.7604116205239,2501.799444318486,2891.1396402276646,342.41437241789964,2490.428817556456,2877.2339097744903,65.433259176241,73.80135490729826,187.87036298154152,0.0000765916096636264,2.0783750000000003,0.018375000000000252,0.22968750000000296,6230.7692307692305,3,dct_smooth_regression,utterance_000004,0-0-6-3,group_0,IY,1,4,юписем,"",0.08000000000000007,<eps>,ҫумне,P,s,P,s,internal
340.61781185212214,2501.824502997957,2921.012893416598,341.8895653689239,2506.7821634043303,2911.686918731836,66.16999672868381,65.01877798437543,191.85419924606427,0.0000765916096636264,2.080375,0.020375000000000032,0.2546875000000002,6230.7692307692305,3,dct_smooth_regression,utterance_000004,0-0-6-3,group_0,IY,1,4,юписем,"",0.08000000000000007,<eps>,ҫумне,P,s,P,s,internal
342.3096147158877,2498.9643954980925,2940.195729899019,342.4521368110167,2516.5041633446353,2938.6190865808153,67.26666288945326,58.78565688722075,187.6357993313691,0.0000765916096636264,2.0823750000000003,0.022375000000000256,0.279687500000003,6230.7692307692305,3,dct_smooth_regression,utterance_000004,0-0-6-3,group_0,IY,1,4,юписем,"",0.08000000000000007,<eps>,ҫумне,P,s,P,s,internal
345.37897686783697,2496.61178357742,2952.9898205560894,344.1819204754021,2519.646186435756,2958.235960195803,68.5167722457251,54.87672651565764,177.12068255118595,0.0000765916096636264,2.084375,0.024375000000000036,0.30468750000000017,6230.7692307692305,3,dct_smooth_regression,utterance_000004,0-0-6-3,group_0,IY,1,4,юписем,"",0.08000000000000007,<eps>,ҫумне,P,s,P,s,internal
348.98110153651635,2496.330456309242,2962.0732504553202,347.0233192910375,2517.268079497058,2972.130266559886,69.63051432413728,53.008017785385135,163.72329567383622,0.0000765916096636264,2.0863750000000003,0.02637500000000026,0.32968750000000296,6230.7692307692305,3,dct_smooth_regression,utterance_000004,0-0-6-3,group_0,IY,1,4,юписем,"",0.08000000000000007,<eps>,ҫумне,P,s,P,s,internal
352.4484220767248,2497.923578022922,2969.738656818228,350.79108921402263,2511.141518387087,2982.8144738616243,70.29092649690696,52.892892112866974,150.87964733224052,0.0000765916096636264,2.088375,0.02837500000000004,0.3546875000000002,6230.7692307692305,3,dct_smooth_regression,utterance_000004,0-0-6-3,group_0,IY,1,4,юписем,"",0.08000000000000007,<eps>,ҫумне,P,s,P,s,internal
355.7118840979555,2500.6754051187913,2979.8167422642655,355.1918156901293,2503.3423264770854,2993.0995319864974,70.2350471666029,54.2394942550113,141.06998688370894,0.0000765916096636264,2.0903750000000003,0.030375000000000263,0.37968750000000295,6230.7692307692305,3,dct_smooth_regression,utterance_000004,0-0-6-3,group_0,IY,1,4,юписем,"",0.08000000000000007,<eps>,ҫумне,P,s,P,s,internal
359.16003560193366,2503.8538590712415,2997.457210254779,359.85793679931106,2495.8145352141073,3005.446641028695,69.33746934353483,56.71452888777133,135.60526918456338,0.0000765916096636264,2.092375,0.03237500000000004,0.4046875000000002,6230.7692307692305,3,dct_smooth_regression,utterance_000004,0-0-6-3,group_0,IY,1,4,юписем,"",0.08000000000000007,<eps>,ҫумне,P,s,P,s,internal
362.87488460895497,2505.7581907843355,3023.5087123104818,364.3897361381941,2489.991838005295,3021.421553163281,67.66230596646292,59.89985783482681,134.82607677818265,0.0000765916096636264,2.0943750000000003,0.034375000000000266,0.42968750000000294,6230.7692307692305,3,dct_smooth_regression,utterance_000004,0-0-6-3,group_0,IY,1,4,юписем,"",0.08000000000000007,<eps>,ҫумне,P,s,P,s,internal
366.9774152899108,2504.231903693158,3055.1470671380794,368.399978544254,2486.548250925339,3041.3580777085676,65.45817688609917,63.271501495346754,138.282722041302,0.0000765916096636264,2.096375,0.036375000000000046,0.4546875000000002,6230.7692307692305,3,dct_smooth_regression,utterance_000004,0-0-6-3,group_0,IY,1,4,юписем,"",0.08000000000000007,<eps>,ҫумне,P,s,P,s,internal
370.8656258841121,2498.5314986482617,3083.107964324531,371.5558443193842,2485.3222076495326,3064.2938717649563,63.09825632136623,66.22906928678108,144.70114100482937,0.0000765916096636264,2.0983750000000003,0.03837500000000027,0.479687500000003,6230.7692307692305,3,dct_smooth_regression,utterance_000004,0-0-6-3,group_0,IY,1,4,юписем,"",0.08000000000000007,<eps>,ҫумне,P,s,P,s,internal
373.9256336575706,2490.5574723243312,3103.0011348079056,373.61347473118076,2485.4226109359565,3088.186059192957,60.99442101403999,68.187170240084,151.8413824032748,0.0000765916096636264,2.100375,0.04037500000000005,0.5046875000000002,6230.7692307692305,3,dct_smooth_regression,utterance_000004,0-0-6-3,group_0,IY,1,4,юписем,"",0.08000000000000007,<eps>,ҫумне,P,s,P,s,internal
375.40058787344077,2482.6359489266833,3114.8374776858327,374.4416245120201,2485.4887013718335,3110.3578302906303,59.521093497871874,68.70729132682708,156.61537518175058,0.0000765916096636264,2.1023750000000003,0.042375000000000274,0.529687500000003,6230.7692307692305,3,dct_smooth_regression,utterance_000004,0-0-6-3,group_0,IY,1,4,юписем,"",0.08000000000000007,<eps>,ҫумне,P,s,P,s,internal
374.8239870438877,2475.741986717371,3121.308708177161,374.032418081795,2484.0452557656254,3128.0811302889447,58.96866600476296,67.61597481707875,155.86340456127908,0.0000765916096636264,2.104375,0.04437500000000005,0.5546875000000002,6230.7692307692305,3,dct_smooth_regression,utterance_000004,0-0-6-3,group_0,IY,1,4,юписем,"",0.08000000000000007,<eps>,ҫумне,P,s,P,s,internal
372.54260195305733,2469.4142071205597,3126.318911095347,372.49879693846157,2479.8765319150525,3139.1739223498,59.523565718302976,65.05033817622046,147.7232215367363,0.0000765916096636264,2.1063750000000003,0.04637500000000028,0.579687500000003,6230.7692307692305,3,dct_smooth_regression,utterance_000004,0-0-6-3,group_0,IY,1,4,юписем,"",0.08000000000000007,<eps>,ҫумне,P,s,P,s,internal
369.48791163450744,2462.5114132923813,3130.8400210848017,370.059714870797,2472.339977092027,3142.4884756983643,61.257823576367045,61.40633011329583,132.74481855304404,0.0000765916096636264,2.108375,0.04837500000000006,0.6046875000000002,6230.7692307692305,3,dct_smooth_regression,utterance_000004,0-0-6-3,group_0,IY,1,4,юписем,"",0.08000000000000007,<eps>,ҫумне,P,s,P,s,internal
366.48544019347463,2454.2807420444283,3131.556675545264,367.0153216524064,2461.554298558274,3138.1899297304885,64.1111025786298,57.21665316269482,113.74162331849556,0.0000765916096636264,2.1103750000000003,0.05037500000000028,0.629687500000003,6230.7692307692305,3,dct_smooth_regression,utterance_000004,0-0-6-3,group_0,IY,1,4,юписем,"",0.08000000000000007,<eps>,ҫумне,P,s,P,s,internal
363.9146951804838,2445.3576890386603,3125.3612225043144,363.7151768131493,2448.423147752001,3127.767321807045,67.86032445214815,53.01645982361523,94.37235975749081,0.0000765916096636264,2.112375,0.05237500000000006,0.6546875000000002,6230.7692307692305,3,dct_smooth_regression,utterance_000004,0-0-6-3,group_0,IY,1,4,юписем,"",0.08000000000000007,<eps>,ҫумне,P,s,P,s,internal
361.6575855859993,2436.5367219415675,3113.344293600753,360.52292510866664,2434.489897446206,3113.773648213308,72.0915609711742,49.24768406767813,77.57223203207509,0.0000765916096636264,2.1143750000000003,0.054375000000000284,0.679687500000003,6230.7692307692305,3,dct_smooth_regression,utterance_000004,0-0-6-3,group_0,IY,1,4,юписем,"",0.08000000000000007,<eps>,ҫумне,P,s,P,s,internal
359.2100475344353,2427.397003830619,3100.932255156807,357.78087751318543,2421.653819694601,3099.3464134393867,76.20773652218602,46.22108439443691,64.86238794415989,0.0000765916096636264,2.116375,0.056375000000000064,0.7046875000000002,6230.7692307692305,3,dct_smooth_regression,utterance_000004,0-0-6-3,group_0,IY,1,4,юписем,"",0.08000000000000007,<eps>,ҫумне,P,s,P,s,internal
356.10790734205744,2417.7821365436844,3092.7848230389786,355.7776510682782,2411.80635614839,3087.6045089134577,79.50895291482367,44.12510054604767,56.595600833034965,0.0000765916096636264,2.1183750000000003,0.05837500000000029,0.7296875000000029,6230.7692307692305,3,dct_smooth_regression,utterance_000004,0-0-6-3,group_0,IY,1,4,юписем,"",0.08000000000000007,<eps>,ҫумне,P,s,P,s,internal
352.3150586391846,2409.3303114336504,3088.3684318682126,354.72152127851064,2406.4624052822496,3081.042276272444,81.35378887113501,43.05745972146019,52.5757068774488,0.0000765916096636264,2.120375,0.06037500000000007,0.7546875000000002,6230.7692307692305,3,dct_smooth_regression,utterance_000004,0-0-6-3,group_0,IY,1,4,юписем,"",0.08000000000000007,<eps>,ҫумне,P,s,P,s,internal
430.4137969118767,2310.5819423452253,3104.0779636522384,436.91645553374457,2305.5878371785257,3115.246947302858,24.687711619412745,105.0994178760887,111.91411083379313,0.00004967418737507895,2.2263750000000004,0.006375000000000242,0.07083333333333613,6410.25641025641,3,dct_smooth_regression,utterance_000004,0-0-6-5,group_0,EY,1,4,юписем,"",0.08999999999999986,<eps>,ҫумне,s,M,s,M,internal
434.4811959192627,2308.5209908741112,3112.8803753504717,438.1623356832543,2306.982917881481,3119.615100511597,24.031466625614925,105.30413763569392,108.13993571060676,0.00004967418737507895,2.228375,0.008375000000000021,0.09305555555555593,6410.25641025641,3,dct_smooth_regression,utterance_000004,0-0-6-5,group_0,EY,1,4,юписем,"",0.08999999999999986,<eps>,ҫумне,s,M,s,M,internal
439.7838551801538,2309.6335832357363,3129.665039498096,440.537552593686,2309.801680976503,3127.715388677494,22.846274402898565,105.77614795038708,101.52371627933634,0.00004967418737507895,2.2303750000000004,0.010375000000000245,0.11527777777778069,6410.25641025641,3,dct_smooth_regression,utterance_000004,0-0-6-5,group_0,EY,1,4,юписем,"",0.08999999999999986,<eps>,ҫумне,s,M,s,M,internal
445.7886573769797,2315.908933322136,3147.6811057828395,443.82232554925525,2314.0814998371425,3138.3661822136473,21.34394692216333,106.63261346514109,93.54924252344416,0.00004967418737507895,2.232375,0.012375000000000025,0.13750000000000048,6410.25641025641,3,dct_smooth_regression,utterance_000004,0-0-6-5,group_0,EY,1,4,юписем,"",0.08999999999999986,<eps>,ҫумне,s,M,s,M,internal
451.5824467221793,2323.657144732504,3160.282373858865,447.7185819458346,2319.832780854371,3150.0082294297245,19.75860195430116,108.03107425266002,85.7441877503136,0.00004967418737507895,2.2343750000000004,0.014375000000000249,0.15972222222222524,6410.25641025641,3,dct_smooth_regression,utterance_000004,0-0-6-5,group_0,EY,1,4,юписем,"",0.08999999999999986,<eps>,ҫумне,s,M,s,M,internal
456.8415616866693,2328.550720907027,3167.10133211745,451.883429157116,2326.994517341167,3160.9264032053866,18.294107243260765,110.15153073329783,79.32360761258188,0.00004967418737507895,2.2363750000000002,0.01637500000000003,0.18194444444444505,6410.25641025641,3,dct_smooth_regression,utterance_000004,0-0-6-5,group_0,EY,1,4,юписем,"",0.08999999999999986,<eps>,ҫумне,s,M,s,M,internal
460.69955964394626,2330.1921273003018,3169.421247019958,455.967004320348,2335.39043229161,3169.4937683996664,17.097675673114733,113.17687432398502,75.09077562767966,0.00004967418737507895,2.2383750000000004,0.018375000000000252,0.2041666666666698,6410.25641025641,3,dct_smooth_regression,utterance_000004,0-0-6-5,group_0,EY,1,4,юписем,"",0.08999999999999986,<eps>,ҫумне,s,M,s,M,internal
462.88182419603027,2332.9105718497954,3169.524613764607,459.65006292221597,2344.6955546722406,3174.403390774274,16.258685866096844,117.27222716422699,73.52627801672672,0.00004967418737507895,2.2403750000000002,0.020375000000000032,0.2263888888888896,6410.25641025641,3,dct_smooth_regression,utterance_000004,0-0-6-5,group_0,EY,1,4,юписем,"",0.08999999999999986,<eps>,ҫумне,s,M,s,M,internal
463.77175999583574,2341.061646444332,3168.813677659105,462.676781463487,2354.4219520033125,3174.855078654628,15.821643789713324,122.56213158596489,74.93546735830851,0.00004967418737507895,2.2423750000000005,0.022375000000000256,0.24861111111111434,6410.25641025641,3,dct_smooth_regression,utterance_000004,0-0-6-5,group_0,EY,1,4,юписем,"",0.08999999999999986,<eps>,ҫумне,s,M,s,M,internal
463.77393840883536,2356.478264163998,3167.4534867918724,464.8789469739774,2363.929685381405,3170.6706754318325,15.801478795021104,129.1037193066361,79.55136609146976,0.00004967418737507895,2.2443750000000002,0.024375000000000036,0.27083333333333415,6410.25641025641,3,dct_smooth_regression,utterance_000004,0-0-6-5,group_0,EY,1,4,юписем,"",0.08999999999999986,<eps>,ҫумне,s,M,s,M,internal
463.44630767718047,2375.034247147309,3164.316729604755,466.1888864069827,2372.465239132929,3162.3216846658206,16.193635884552304,136.8547887139897,87.53419702370869,0.00004967418737507895,2.2463750000000005,0.02637500000000026,0.2930555555555589,6410.25641025641,3,dct_smooth_regression,utterance_000004,0-0-6-5,group_0,EY,1,4,юписем,"",0.08999999999999986,<eps>,ҫумне,s,M,s,M,internal
463.08522700958116,2390.315854746082,3156.498300303748,466.6399876070659,2379.2252710629978,3150.86545891577,16.97621613074066,145.63858198858694,98.83975320684458,0.00004967418737507895,2.2483750000000002,0.02837500000000004,0.3152777777777787,6410.25641025641,3,dct_smooth_regression,utterance_000004,0-0-6-5,group_0,EY,1,4,юписем,"",0.08999999999999986,<eps>,ҫумне,s,M,s,M,internal
462.8445298065966,2396.115927273998,3142.525986283786,466.3552753833935,2383.4392010644897,3137.7991435283143,18.10510740439727,155.11182416693114,112.96638091881923,0.00004967418737507895,2.2503750000000005,0.030375000000000263,0.33750000000000346,6410.25641025641,3,dct_smooth_regression,utterance_000004,0-0-6-5,group_0,EY,1,4,юписем,"",0.08999999999999986,<eps>,ҫумне,s,M,s,M,internal
462.7479263465026,2393.531311305299,3123.9006289253425,465.52601375258905,2384.460581931929,3124.852192193458,19.50597014986089,164.74802614071396,128.66932868490883,0.00004967418737507895,2.2523750000000002,0.03237500000000004,0.3597222222222233,6410.25641025641,3,dct_smooth_regression,utterance_000004,0-0-6-5,group_0,EY,1,4,юписем,"",0.08999999999999986,<eps>,ҫумне,s,M,s,M,internal
462.8263048386093,2385.3067644496437,3107.8417396257396,464.3835089835062,2381.854957384706,3113.746910002721,21.06935742507328,173.8514778447084,143.84445074346283,0.00004967418737507895,2.2543750000000005,0.034375000000000266,0.38194444444444803,6410.25641025641,3,dct_smooth_regression,utterance_000004,0-0-6-5,group_0,EY,1,4,юписем,"",0.08999999999999986,<eps>,ҫумне,s,M,s,M,internal
463.04964449364485,2374.518081771392,3098.917938966826,463.168033137409,2375.471405182917,3105.9609086003447,22.65604954413332,181.61509808620156,155.82768176489472,0.00004967418737507895,2.2563750000000002,0.036375000000000046,0.4041666666666678,6410.25641025641,3,dct_smooth_regression,utterance_000004,0-0-6-5,group_0,EY,1,4,юписем,"",0.08999999999999986,<eps>,ҫумне,s,M,s,M,internal
463.3175674844412,2362.1113541776745,3097.370933649533,462.098985625814,2365.4863374446263,3102.524956185962,24.11685526879682,187.22467410253006,162.18031854376437,0.00004967418737507895,2.2583750000000005,0.03837500000000027,0.42638888888889254,6410.25641025641,3,dct_smooth_regression,utterance_000004,0-0-6-5,group_0,EY,1,4,юписем,"",0.08999999999999986,<eps>,ҫумне,s,M,s,M,internal
463.43668007736375,2349.576995318288,3103.1053535029237,461.3500492706846,2352.4112609637373,3103.8845425106338,25.324106382485535,189.9942934416021,161.64532353373426,0.00004967418737507895,2.2603750000000002,0.04037500000000005,0.44861111111111235,6410.25641025641,3,dct_smooth_regression,utterance_000004,0-0-6-5,group_0,EY,1,4,юписем,"",0.08999999999999986,<eps>,ҫумне,s,M,s,M,internal
463.3656827965409,2336.2546398598174,3113.5525129843522,461.03224324341227,2337.0607003643336,3109.8443049517327,26.20409208728967,189.49991748385054,154.69395005450258,0.00004967418737507895,2.2623750000000005,0.042375000000000274,0.4708333333333371,6410.25641025641,3,dct_smooth_regression,utterance_000004,0-0-6-5,group_0,EY,1,4,юписем,"",0.08999999999999986,<eps>,ҫумне,s,M,s,M,internal
463.3339289036753,2318.2379632722304,3126.498278911543,461.186560768963,2320.4817576911278,3119.602596815236,26.756678129300774,185.67040283388994,143.289604235486,0.00004967418737507895,2.2643750000000002,0.04437500000000005,0.4930555555555569,6410.25641025641,3,dct_smooth_regression,utterance_000004,0-0-6-5,group_0,EY,1,4,юписем,"",0.08999999999999986,<eps>,ҫумне,s,M,s,M,internal
463.6390058512248,2297.1457372938225,3138.8975633614896,461.78648437866843,2303.85209570967,3131.8706251854524,27.053729931700964,178.80499020807474,130.05370078141962,0.00004967418737507895,2.2663750000000005,0.04637500000000028,0.5152777777777816,6410.25641025641,3,dct_smooth_regression,utterance_000004,0-0-6-5,group_0,EY,1,4,юписем,"",0.08999999999999986,<eps>,ҫумне,s,M,s,M,internal
464.20395227294745,2279.730755831515,3149.36397257059,462.7492964409205,2288.3577341096075,3145.0585822344806,27.218423015482234,169.51102239117898,117.3873112205521,0.00004967418737507895,2.2683750000000003,0.04837500000000006,0.5375000000000014,6410.25641025641,3,dct_smooth_regression,utterance_000004,0-0-6-5,group_0,EY,1,4,юписем,"",0.08999999999999986,<eps>,ҫумне,s,M,s,M,internal
464.78730607019975,2268.4846054310233,3158.5787137452185,463.9539404713417,2275.0652643347953,3157.501754124318,27.395577455671784,158.58358162041313,106.98205403343616,0.00004967418737507895,2.2703750000000005,0.05037500000000028,0.5597222222222262,6410.25641025641,3,dct_smooth_regression,utterance_000004,0-0-6-5,group_0,EY,1,4,юписем,"",0.08999999999999986,<eps>,ҫумне,s,M,s,M,internal
465.22274820419966,2263.7432574809973,3165.3743729509392,465.26239697555974,2264.804425261048,3167.6940575712547,27.72392522379455,146.86593273121068,99.77907659974998,0.00004967418737507895,2.2723750000000003,0.05237500000000006,0.581944444444446,6410.25641025641,3,dct_smooth_regression,utterance_000004,0-0-6-5,group_0,EY,1,4,юписем,"",0.08999999999999986,<eps>,ҫумне,s,M,s,M,internal
465.54499370561075,2262.522325925533,3170.0219378138527,466.5412170005447,2258.076196631296,3174.495605233307,28.31604569275752,135.12923118707343,96.17961065185536,0.00004967418737507895,2.2743750000000005,0.054375000000000284,0.6041666666666707,6410.25641025641,3,dct_smooth_regression,utterance_000004,0-0-6-5,group_0,EY,1,4,юписем,"",0.08999999999999986,<eps>,ҫумне,s,M,s,M,internal
465.6943326275566,2262.8067184663955,3172.106019794831,467.6800375323352,2254.9987100954427,3177.284843453108,29.245490982614832,123.99541000619503,96.28485630418369,0.00004967418737507895,2.2763750000000003,0.056375000000000064,0.6263888888888905,6410.25641025641,3,dct_smooth_regression,utterance_000004,0-0-6-5,group_0,EY,1,4,юписем,"",0.08999999999999986,<eps>,ҫумне,s,M,s,M,internal
465.7083594275509,2263.7930656492213,3171.750338549703,468.60454235832617,2255.2986888770433,3176.0339583353593,30.537301436956103,113.90822423307571,100.03337794896478,0.00004967418737507895,2.2783750000000005,0.05837500000000029,0.6486111111111154,6410.25641025641,3,dct_smooth_regression,utterance_000004,0-0-6-5,group_0,EY,1,4,юписем,"",0.08999999999999986,<eps>,ҫумне,s,M,s,M,internal
465.90066187829984,2265.9552576887554,3169.2593604796707,469.28232117144586,2258.350393500693,3171.2974246607005,32.15877693992492,105.14299901025758,107.19216167183664,0.00004967418737507895,2.2803750000000003,0.06037500000000007,0.6708333333333352,6410.25641025641,3,dct_smooth_regression,utterance_000004,0-0-6-5,group_0,EY,1,4,юписем,"",0.08999999999999986,<eps>,ҫумне,s,M,s,M,internal
466.79925141936604,2269.4974754744994,3164.474102710496,469.7212608761493,2263.2579284032945,3164.1161608283683,34.0110926316675,97.83944543180964,117.21502963317008,0.00004967418737507895,2.2823750000000005,0.06237500000000029,0.6930555555555599,6410.25641025641,3,dct_smooth_regression,utterance_000004,0-0-6-5,group_0,EY,1,4,юписем,"",0.08999999999999986,<eps>,ҫумне,s,M,s,M,internal
468.5555554687615,2273.0882775036957,3157.5329170863783,469.96129367802683,2268.9710742191064,3155.8519367086146,35.927197824277265,92.04277699056115,129.0387021031026,0.00004967418737507895,2.2843750000000003,0.06437500000000007,0.7152777777777797,6410.25641025641,3,dct_smooth_regression,utterance_000004,0-0-6-5,group_0,EY,1,4,юписем,"",0.08999999999999986,<eps>,ҫумне,s,M,s,M,internal
470.9488331255581,2274.8076105083423,3149.337149224098,470.06134632948203,2274.420327338803,3147.976706529974,37.684564163713134,87.74284305606149,140.9612076050852,0.00004967418737507895,2.2863750000000005,0.0663750000000003,0.7375000000000044,6410.25641025641,3,dct_smooth_regression,utterance_000004,0-0-6-5,group_0,EY,1,4,юписем,"",0.08999999999999986,<eps>,ҫумне,s,M,s,M,internal
473.12547157840817,2272.748543331443,3143.364057745793,470.0840325138984,2278.654171274877,3141.847965875646,39.03928531640429,84.90595722693254,150.79332295381386,0.00004967418737507895,2.2883750000000003,0.06837500000000007,0.7597222222222242,6410.25641025641,3,dct_smooth_regression,utterance_000004,0-0-6-5,group_0,EY,1,4,юписем,"",0.08999999999999986,<eps>,ҫумне,s,M,s,M,internal
474.30922839254487,2266.3210360692083,3140.746500285425,470.08090544869646,2280.961150754116,3138.5031408608497,39.778950637412755,83.4978022180669,156.38710182442955,0.00004967418737507895,2.2903750000000005,0.0703750000000003,0.781944444444449,6410.25641025641,3,dct_smooth_regression,utterance_000004,0-0-6-5,group_0,EY,1,4,юписем,"",0.08999999999999986,<eps>,ҫумне,s,M,s,M,internal
422.70852335934813,2759.406418036312,3409.5765575274927,424.5754671041495,2773.498562396171,3355.478944231991,33.14906191848316,59.539600409995536,254.68047839949625,0.000079992088576367,2.696375,0.006375000000000242,0.07968750000000295,6230.7692307692305,3,dct_smooth_regression,utterance_000004,0-0-7-4,group_0,EY,1,4,ҫумне,"",0.08000000000000007,юписем,пӗлтерӳсем,N,#,N,P,final
425.33001888836355,2763.028115464149,3367.0316052213393,425.64782794952856,2769.4804471540847,3350.2257441776214,32.86348541799265,62.49130731290057,249.35103585805916,0.000079992088576367,2.698375,0.008375000000000021,0.10468750000000018,6230.7692307692305,3,dct_smooth_regression,utterance_000004,0-0-7-4,group_0,EY,1,4,ҫумне,"",0.08000000000000007,юписем,пӗлтерӳсем,N,#,N,P,final
427.87592562467324,2764.858011899366,3323.1737396532503,427.71952079768266,2761.4779974708485,3339.9078155309103,32.32911332485173,68.2223715707101,239.73925842871526,0.000079992088576367,2.700375,0.010375000000000245,0.12968750000000295,6230.7692307692305,3,dct_smooth_regression,utterance_000004,0-0-7-4,group_0,EY,1,4,ҫумне,"",0.08000000000000007,юписем,пӗлтерӳсем,N,#,N,P,final
430.7819226465042,2760.1388124327746,3289.9563366826314,430.65165147686656,2749.5907631610694,3324.902331975096,31.612280230181554,76.21517858970137,227.56707814336048,0.000079992088576367,2.702375,0.012375000000000025,0.15468750000000017,6230.7692307692305,3,dct_smooth_regression,utterance_000004,0-0-7-4,group_0,EY,1,4,ҫумне,"",0.08000000000000007,юписем,пӗлтерӳсем,N,#,N,P,final
434.7470735795454,2743.1776152413822,3268.7734315397506,434.25314099951254,2734.0374814153943,3305.7726716183397,30.79686418414878,85.36386488229422,214.69026387993284,0.000079992088576367,2.704375,0.014375000000000249,0.17968750000000294,6230.7692307692305,3,dct_smooth_regression,utterance_000004,0-0-7-4,group_0,EY,1,4,ҫумне,"",0.08000000000000007,юписем,пӗлтерӳсем,N,#,N,P,final
439.53507655138986,2716.806141684148,3258.0393297581513,438.29966911261937,2715.212396335418,3283.2581401065977,29.97119116913698,93.89406937166991,202.63662691339184,0.000079992088576367,2.706375,0.01637500000000003,0.2046875000000002,6230.7692307692305,3,dct_smooth_regression,utterance_000004,0-0-7-4,group_0,EY,1,4,ҫумне,"",0.08000000000000007,юписем,пӗлтерӳсем,N,#,N,P,final
444.15805069599355,2691.808533349557,3254.290662270597,442.5561000264296,2693.722584503216,3258.2503074985875,29.217197740373123,99.71740563831747,192.35790757008107,0.000079992088576367,2.708375,0.018375000000000252,0.22968750000000296,6230.7692307692305,3,dct_smooth_regression,utterance_000004,0-0-7-4,group_0,EY,1,4,ҫумне,"",0.08000000000000007,юписем,пӗлтерӳсем,N,#,N,P,final
448.02300586369245,2671.6670951846986,3250.3859193164453,446.8002078270798,2670.386627849611,3231.751636265782,28.603733376468927,101.23627425892005,184.18586055812327,0.000079992088576367,2.710375,0.020375000000000032,0.2546875000000002,6230.7692307692305,3,dct_smooth_regression,utterance_000004,0-0-7-4,group_0,EY,1,4,ҫумне,"",0.08000000000000007,юписем,пӗлтерӳсем,N,#,N,P,final
451.1833992251301,2652.5326221361147,3234.0581179683427,450.84528861607816,2646.182556044055,3204.815068902294,28.184231063197583,98.13854985249743,177.91295451208703,0.000079992088576367,2.712375,0.022375000000000256,0.279687500000003,6230.7692307692305,3,dct_smooth_regression,utterance_000004,0-0-7-4,group_0,EY,1,4,ҫумне,"",0.08000000000000007,юписем,пӗлтерӳсем,N,#,N,P,final
453.86858620325467,2629.4057222613687,3194.637933969825,454.55922904804316,2622.144421653359,3178.467380459741,27.997836620911023,91.55969524811577,172.93090213350305,0.000079992088576367,2.714375,0.024375000000000036,0.30468750000000017,6230.7692307692305,3,dct_smooth_regression,utterance_000004,0-0-7-4,group_0,EY,1,4,ҫумне,"",0.08000000000000007,юписем,пӗлтерӳсем,N,#,N,P,final
456.3708491001027,2600.0408589318195,3148.975987216789,457.87782678580254,2599.2197528008933,3153.623505220743,28.072671097990266,83.48222929721086,168.4052156016951,0.000079992088576367,2.716375,0.02637500000000026,0.32968750000000296,6230.7692307692305,3,dct_smooth_regression,utterance_000004,0-0-7-4,group_0,EY,1,4,ҫумне,"",0.08000000000000007,юписем,пӗлтерӳсем,N,#,N,P,final
459.0551562913148,2568.663761691972,3122.439961435944,460.8106368814273,2578.1115913219387,3131.002702702436,28.4300174315104,75.87910971504539,163.48885809251826,0.000079992088576367,2.718375,0.02837500000000004,0.3546875000000002,6230.7692307692305,3,dct_smooth_regression,utterance_000004,0-0-7-4,group_0,EY,1,4,ҫумне,"",0.08000000000000007,юписем,пӗлтерӳсем,N,#,N,P,final
462.1384458848467,2542.7870707815146,3110.5279596963933,463.43833000378277,2559.1361723010505,3111.0594022312034,29.08855191637139,70.17785646241086,157.55969453284743,0.000079992088576367,2.720375,0.030375000000000263,0.37968750000000295,6230.7692307692305,3,dct_smooth_regression,utterance_000004,0-0-7-4,group_0,EY,1,4,ҫумне,"",0.08000000000000007,юписем,пӗлтерӳсем,N,#,N,P,final
465.46198936251477,2526.8039769726024,3099.4925921132162,465.90144119870627,2542.128580119174,3093.9412128164663,30.06803176502344,67.1963630912471,150.42141857040312,0.000079992088576367,2.722375,0.03237500000000004,0.4046875000000002,6230.7692307692305,3,dct_smooth_regression,utterance_000004,0-0-7-4,group_0,EY,1,4,ҫумне,"",0.08000000000000007,юписем,пӗлтерӳсем,N,#,N,P,final
468.6236615757607,2519.35233836693,3084.507018497501,468.3813759790253,2526.423160684643,3079.4837062687816,31.391988558958364,67.3412870657891,142.3847595769932,0.000079992088576367,2.724375,0.034375000000000266,0.42968750000000294,6230.7692307692305,3,dct_smooth_regression,utterance_000004,0-0-7-4,group_0,EY,1,4,ҫумне,"",0.08000000000000007,юписем,пӗлтерӳсем,N,#,N,P,final
471.87926593489755,2515.1379497442636,3067.6144533318125,471.07551212535896,2510.9237107204553,3067.246490497132,33.08896181327468,70.8085570481921,134.1858930152158,0.000079992088576367,2.726375,0.036375000000000046,0.4546875000000002,6230.7692307692305,3,dct_smooth_regression,utterance_000004,0-0-7-4,group_0,EY,1,4,ҫумне,"",0.08000000000000007,юписем,пӗлтерӳсем,N,#,N,P,final
475.26545031206575,2509.4453556437866,3052.981979542813,474.16906500020013,2494.2624603299096,3056.5885796855227,35.19169299868164,77.63508907780688,126.78489648653573,0.000079992088576367,2.728375,0.03837500000000027,0.479687500000003,6230.7692307692305,3,dct_smooth_regression,utterance_000004,0-0-7-4,group_0,EY,1,4,ҫумне,"",0.08000000000000007,юписем,пӗлтерӳсем,N,#,N,P,final
478.9989712127096,2496.864579378331,3038.681094818663,477.8069492561558,2475.0295535789387,3046.774276047693,37.73356501549754,87.56071285797981,121.14902775534482,0.000079992088576367,2.730375,0.04037500000000005,0.5046875000000002,6230.7692307692305,3,dct_smooth_regression,utterance_000004,0-0-7-4,group_0,EY,1,4,ҫумне,"",0.08000000000000007,юписем,пӗлтерӳсем,N,#,N,P,final
483.2434408450076,2471.8345166375225,3022.767777217381,482.0690711145159,2452.039479373744,3037.09497596396,40.74151358877152,99.75921675593519,118.11256174546388,0.000079992088576367,2.732375,0.042375000000000274,0.529687500000003,6230.7692307692305,3,dct_smooth_regression,utterance_000004,0-0-7-4,group_0,EY,1,4,ҫумне,"",0.08000000000000007,юписем,пӗлтерӳсем,N,#,N,P,final
487.99975185246626,2431.5655835224698,3010.132129509853,486.9522643030879,2424.590846171191,3026.9886622145077,44.22480669408635,112.62976566242246,118.33559120573052,0.000079992088576367,2.734375,0.04437500000000005,0.5546875000000002,6230.7692307692305,3,dct_smooth_regression,utterance_000004,0-0-7-4,group_0,EY,1,4,ҫумне,"",0.08000000000000007,юписем,пӗлтерӳсем,N,#,N,P,final
492.9717894059345,2382.278275024388,3007.1258511959204,492.3614350291292,2392.6733005093206,3016.1381601510316,48.159716381234716,123.9418586576115,122.31578744671337,0.000079992088576367,2.7363750000000002,0.04637500000000028,0.579687500000003,6230.7692307692305,3,dct_smooth_regression,utterance_000004,0-0-7-4,group_0,EY,1,4,ҫумне,"",0.08000000000000007,юписем,пӗлтерӳсем,N,#,N,P,final
497.77958527245204,2335.776166728625,3011.59304116471,498.1114631872766,2357.081189485973,3004.5318171145295,52.47145624486839,131.49987092490719,130.37531421244762,0.000079992088576367,2.738375,0.04837500000000006,0.6046875000000002,6230.7692307692305,3,dct_smooth_regression,utterance_000004,0-0-7-4,group_0,EY,1,4,ҫумне,"",0.08000000000000007,юписем,пӗлтерӳсем,N,#,N,P,final
502.3056176959173,2298.4033002101,3015.9396154944793,503.94013174413766,2319.4071175279405,2992.475812078406,57.01692438526061,134.0667882989044,142.55084389796502,0.000079992088576367,2.7403750000000002,0.05037500000000028,0.629687500000003,6230.7692307692305,3,dct_smooth_regression,utterance_000004,0-0-7-4,group_0,EY,1,4,ҫумне,"",0.08000000000000007,юписем,пӗлтерӳсем,N,#,N,P,final
506.6677886453587,2269.8085497043953,3011.7957731709344,509.53098181992834,2281.907704205131,2980.5549540244747,61.574355466212346,131.9297661842762,158.35481028162843,0.000079992088576367,2.742375,0.05237500000000006,0.6546875000000002,6230.7692307692305,3,dct_smooth_regression,utterance_000004,0-0-7-4,group_0,EY,1,4,ҫумне,"",0.08000000000000007,юписем,пӗлтерӳсем,N,#,N,P,final
511.14335396350094,2246.6261462202606,2992.802673995614,514.5436991131353,2247.2553331316763,2969.547300574687,65.84768472464519,126.69316981803945,176.4637214246606,0.000079992088576367,2.7443750000000002,0.054375000000000284,0.679687500000003,6230.7692307692305,3,dct_smooth_regression,utterance_000004,0-0-7-4,group_0,EY,1,4,ҫумне,"",0.08000000000000007,юписем,пӗлтерӳсем,N,#,N,P,final
516.1682096057592,2226.4243846359373,2963.3780716799492,518.6486076026102,2218.20966957483,2960.3057476510535,69.49230716314015,120.50766575628278,194.5241523282746,0.000079992088576367,2.746375,0.056375000000000064,0.7046875000000002,6230.7692307692305,3,dct_smooth_regression,utterance_000004,0-0-7-4,group_0,EY,1,4,ҫумне,"",0.08000000000000007,юписем,пӗлтерӳсем,N,#,N,P,final
522.2799834109338,2208.8701879878636,2936.07183201873,521.5612294093269,2197.25755909096,2953.625507428676,72.16340681890692,115.30240422785354,209.36631612749832,0.000079992088576367,2.7483750000000002,0.05837500000000029,0.7296875000000029,6230.7692307692305,3,dct_smooth_regression,utterance_000004,0-0-7-4,group_0,EY,1,4,ҫумне,"",0.08000000000000007,юписем,пӗлтерӳсем,N,#,N,P,final
529.5959934142836,2194.155728835391,2917.18045071903,523.072762912124,2186.276799797047,2950.1190432892686,73.57875371669465,112.38606062627002,217.8048856863972,0.000079992088576367,2.750375,0.06037500000000007,0.7546875000000002,6230.7692307692305,3,dct_smooth_regression,utterance_000004,0-0-7-4,group_0,EY,1,4,ҫумне,"",0.08000000000000007,юписем,пӗлтерӳсем,N,#,N,P,final
440.8161759600296,2451.441687618129,3232.7440167046957,445.793731608222,2459.6392628395643,3232.6246593521555,17.46740312206767,51.30012321718742,123.27812723458905,0.00004120823618635522,3.0463750000000003,0.006375000000000242,0.07083333333333613,6410.25641025641,3,dct_smooth_regression,utterance_000004,0-0-8-4,group_0,EY,1,4,пӗлтерӳсем,"",0.08999999999999986,ҫумне,ҫырса,t,R,t,R,internal
445.7005601599135,2457.8344953286837,3220.4869889846923,446.6123967810817,2459.3856213836116,3228.3060722598552,17.680483876705154,51.85085790025922,127.59221269306543,0.00004120823618635522,3.048375,0.008375000000000021,0.09305555555555593,6410.25641025641,3,dct_smooth_regression,utterance_000004,0-0-8-4,group_0,EY,1,4,пӗлтерӳсем,"",0.08999999999999986,ҫумне,ҫырса,t,R,t,R,internal
449.65729596734195,2463.7433742871085,3213.945715419632,448.1427990307202,2458.7152192853455,3220.0091941527626,18.09655336515016,52.90584881061568,136.05430148033108,0.00004120823618635522,3.0503750000000003,0.010375000000000245,0.11527777777778069,6410.25641025641,3,dct_smooth_regression,utterance_000004,0-0-8-4,group_0,EY,1,4,пӗлтерӳсем,"",0.08999999999999986,ҫумне,ҫырса,t,R,t,R,internal
452.6953246910929,2466.1995033812004,3210.2176093248077,450.1869859000691,2457.330879087058,3208.3712906036885,18.696480983550654,54.37442577134404,148.19620067719862,0.00004120823618635522,3.052375,0.012375000000000025,0.13750000000000048,6410.25641025641,3,dct_smooth_regression,utterance_000004,0-0-8-4,group_0,EY,1,4,пӗлтерӳсем,"",0.08999999999999986,ҫумне,ҫырса,t,R,t,R,internal
454.96423158699565,2463.0269222703264,3203.142678702994,452.4854166984868,2454.8549185036413,3194.2459460438486,19.45475184060926,56.128581306886424,163.02363517286625,0.00004120823618635522,3.0543750000000003,0.014375000000000249,0.15972222222222524,6410.25641025641,3,dct_smooth_regression,utterance_000004,0-0-8-4,group_0,EY,1,4,пӗлтерӳсем,"",0.08999999999999986,ҫумне,ҫырса,t,R,t,R,internal
456.71235423326107,2454.344773058324,3188.1283468100637,454.7555371831537,2450.898747809445,3178.5962457440164,20.344429825996986,58.01752423802709,178.82219164864705,0.00004120823618635522,3.056375,0.01637500000000003,0.18194444444444505,6410.25641025641,3,dct_smooth_regression,utterance_000004,0-0-8-4,group_0,EY,1,4,пӗлтерӳсем,"",0.08999999999999986,ҫумне,ҫырса,t,R,t,R,internal
457.74494819177505,2443.125941786457,3166.264635927854,456.7337233818549,2445.1374573732346,3162.3765252226785,21.344681823124105,59.8914689422584,193.1785725702281,0.00004120823618635522,3.0583750000000003,0.018375000000000252,0.2041666666666698,6410.25641025641,3,dct_smooth_regression,utterance_000004,0-0-8-4,group_0,EY,1,4,пӗлтерӳсем,"",0.08999999999999986,ҫумне,ҫырса,t,R,t,R,internal
458.0397238976431,2431.910380999892,3143.284952461692,458.21430036002033,2437.377410124034,3146.418920660244,22.45015232752813,61.63226447286191,203.38215214028392,0.00004120823618635522,3.060375,0.020375000000000032,0.2263888888888896,6410.25641025641,3,dct_smooth_regression,utterance_000004,0-0-8-4,group_0,EY,1,4,пӗлтерӳсем,"",0.08999999999999986,ҫумне,ҫырса,t,R,t,R,internal
457.85754414910554,2419.532773118979,3123.1606310671586,459.07974759405323,2427.605747624484,3131.3401657122918,23.680518706558374,63.18399595477214,207.18321764151264,0.00004120823618635522,3.0623750000000003,0.022375000000000256,0.24861111111111434,6410.25641025641,3,dct_smooth_regression,utterance_000004,0-0-8-4,group_0,EY,1,4,пӗлтерӳсем,"",0.08999999999999986,ҫумне,ҫырса,t,R,t,R,internal
457.5283658691353,2405.946107568142,3111.61511985335,459.31748309168205,2416.0133186838207,3117.481122431656,25.0882655398748,64.57459372215226,203.59379485307244,0.00004120823618635522,3.064375,0.024375000000000036,0.27083333333333415,6410.25641025641,3,dct_smooth_regression,utterance_000004,0-0-8-4,group_0,EY,1,4,пӗлтерӳсем,"",0.08999999999999986,ҫумне,ҫырса,t,R,t,R,internal
457.3017206775484,2393.3408889602956,3107.7527129267874,459.02058941288595,2402.9864728881857,3104.886832243034,26.763382007104905,65.92179008556751,193.2747490391542,0.00004120823618635522,3.0663750000000003,0.02637500000000026,0.2930555555555589,6410.25641025641,3,dct_smooth_regression,utterance_000004,0-0-8-4,group_0,EY,1,4,пӗлтерӳсем,"",0.08999999999999986,ҫумне,ҫырса,t,R,t,R,internal
457.2627933452786,2383.3783855684114,3103.2253629340257,458.3722205410287,2389.0678541617285,3093.3290994296217,28.834850749582817,67.42263166358963,178.26019039585825,0.00004120823618635522,3.068375,0.02837500000000004,0.3152777777777787,6410.25641025641,3,dct_smooth_regression,utterance_000004,0-0-8-4,group_0,EY,1,4,пӗлтерӳсем,"",0.08999999999999986,ҫумне,ҫырса,t,R,t,R,internal
457.403573041561,2377.1425951864308,3090.9940348733107,457.6158629094106,2374.8910899147086,3082.3675975330566,31.46943871541428,69.33166665562372,161.19447490348267,0.00004120823618635522,3.0703750000000003,0.030375000000000263,0.33750000000000346,6410.25641025641,3,dct_smooth_regression,utterance_000004,0-0-8-4,group_0,EY,1,4,пӗлтерӳсем,"",0.08999999999999986,ҫумне,ҫырса,t,R,t,R,internal
457.6667654129349,2371.495708269238,3069.804500638001,457.01576017454755,2361.098390856156,3071.440074782688,34.86746872820431,71.93524681801296,144.52640450911156,0.00004120823618635522,3.072375,0.03237500000000004,0.3597222222222233,6410.25641025641,3,dct_smooth_regression,utterance_000004,0-0-8-4,group_0,EY,1,4,пӗлтерӳсем,"",0.08999999999999986,ҫумне,ҫырса,t,R,t,R,internal
458.0060905539351,2363.4450537202288,3048.1425466823744,456.81333424250147,2348.2529331629007,3059.9681955431006,39.25261781946176,75.52698625338844,130.0211822708879,0.00004120823618635522,3.0743750000000003,0.034375000000000266,0.38194444444444803,6410.25641025641,3,dct_smooth_regression,utterance_000004,0-0-8-4,group_0,EY,1,4,пӗлтерӳсем,"",0.08999999999999986,ҫумне,ҫырса,t,R,t,R,internal
458.4479493479723,2352.202590160536,3034.1385402317956,457.1861165583435,2336.7590447670646,3047.463459929478,44.848887466753624,80.38406542055898,118.66734879074997,0.00004120823618635522,3.076375,0.036375000000000046,0.4041666666666678,6410.25641025641,3,dct_smooth_regression,utterance_000004,0-0-8-4,group_0,EY,1,4,пӗлтерӳсем,"",0.08999999999999986,ҫумне,ҫырса,t,R,t,R,internal
459.17571700019437,2337.6618264114945,3026.1944203966686,458.21543647505956,2326.8024621385134,3033.6177832468647,51.834409050562094,86.73881108945724,110.83862326440509,0.00004120823618635522,3.0783750000000003,0.03837500000000027,0.42638888888889254,6410.25641025641,3,dct_smooth_regression,utterance_000004,0-0-8-4,group_0,EY,1,4,пӗлтерӳсем,"",0.08999999999999986,ҫумне,ҫырса,t,R,t,R,internal
460.2487307266641,2321.1406011656645,3020.0785237371306,459.8679272798376,2318.320340216913,3018.3656609318064,60.26226129407174,94.73761730479704,106.5249490177765,0.00004120823618635522,3.080375,0.04037500000000005,0.44861111111111235,6410.25641025641,3,dct_smooth_regression,utterance_000004,0-0-8-4,group_0,EY,1,4,пӗлтерӳсем,"",0.08999999999999986,ҫумне,ҫырса,t,R,t,R,internal
461.59593047821835,2304.2709637277376,3011.813206355965,461.9939682567141,2311.0066307647535,3001.909048469236,69.94880725259594,104.38202003466185,105.51075379908684,0.00004120823618635522,3.0823750000000003,0.042375000000000274,0.4708333333333371,6410.25641025641,3,dct_smooth_regression,utterance_000004,0-0-8-4,group_0,EY,1,4,пӗлтерӳсем,"",0.08999999999999986,ҫумне,ҫырса,t,R,t,R,internal
463.48890518786453,2289.2145839894883,2997.6964746337235,464.34375675998405,2304.353458341699,2984.7015396639295,80.35548309870336,115.45628611420945,107.457701007341,0.00004120823618635522,3.084375,0.04437500000000005,0.4930555555555569,6410.25641025641,3,dct_smooth_regression,utterance_000004,0-0-8-4,group_0,EY,1,4,пӗлтерӳсем,"",0.08999999999999986,ҫумне,ҫырса,t,R,t,R,internal
465.9668010177827,2281.00676296384,2976.185318357717,466.59914328617225,2297.723924176017,2967.394343903557,90.52635706443863,127.46196801850813,111.90160250460474,0.00004120823618635522,3.0863750000000003,0.04637500000000028,0.5152777777777816,6410.25641025641,3,dct_smooth_regression,utterance_000004,0-0-8-4,group_0,EY,1,4,пӗлтерӳсем,"",0.08999999999999986,ҫумне,ҫырса,t,R,t,R,internal
468.3048166969295,2278.2931088733417,2950.903099760652,468.41703313487517,2290.447102759131,2950.752092813895,99.16643317620503,139.59697715611625,118.20182957521251,0.00004120823618635522,3.088375,0.04837500000000006,0.5375000000000014,6410.25641025641,3,dct_smooth_regression,utterance_000004,0-0-8-4,group_0,EY,1,4,пӗлтерӳсем,"",0.08999999999999986,ҫумне,ҫырса,t,R,t,R,internal
469.592889549279,2275.521166248836,2928.3602341111036,469.4783983673232,2281.922543861255,2935.5508560548237,104.91357622746058,150.82188683211348,125.4994983369134,0.00004120823618635522,3.0903750000000003,0.05037500000000028,0.5597222222222262,6410.25641025641,3,dct_smooth_regression,utterance_000004,0-0-8-4,group_0,EY,1,4,пӗлтерӳсем,"",0.08999999999999986,ҫумне,ҫырса,t,R,t,R,internal
469.2942603814498,2269.5517822700417,2916.5500412801593,469.5360123912206,2271.719868964106,2922.4732934568824,106.75126717503835,160.03432113168773,132.74685675973177,0.00004120823618635522,3.092375,0.05237500000000006,0.581944444444446,6410.25641025641,3,dct_smooth_regression,utterance_000004,0-0-8-4,group_0,EY,1,4,пӗлтерӳсем,"",0.08999999999999986,ҫумне,ҫырса,t,R,t,R,internal
467.9090082294065,2260.631359831575,2911.5282187206376,468.4540590589252,2259.6593307948087,2912.016254983457,104.38440217443976,166.32142786594895,138.84861678198922,0.00004120823618635522,3.0943750000000003,0.054375000000000284,0.6041666666666707,6410.25641025641,3,dct_smooth_regression,utterance_000004,0-0-8-4,group_0,EY,1,4,пӗлтерӳсем,"",0.08999999999999986,ҫумне,ҫырса,t,R,t,R,internal
465.7909735060151,2252.279930004149,2907.1165812898344,466.23378346589885,2245.861480938409,2904.4243114043793,98.369976449981,169.2052698609802,142.8971730820034,0.00004120823618635522,3.096375,0.056375000000000064,0.6263888888888905,6410.25641025641,3,dct_smooth_regression,utterance_000004,0-0-8-4,group_0,EY,1,4,пӗлтерӳсем,"",0.08999999999999986,ҫумне,ҫырса,t,R,t,R,internal
463.0430639585769,2244.915534177515,2900.716362723854,463.02120835026466,2230.7580731927746,2899.6589254997125,89.92051469886704,168.77850796578755,144.41271653056947,0.00004120823618635522,3.0983750000000003,0.05837500000000029,0.6486111111111154,6410.25641025641,3,dct_smooth_regression,utterance_000004,0-0-8-4,group_0,EY,1,4,пӗлтерӳсем,"",0.08999999999999986,ҫумне,ҫырса,t,R,t,R,internal
459.5854301845657,2233.5801125556704,2893.7946378287475,459.0953830409867,2215.0614844732036,2897.4078035677185,80.49525608819519,165.67145679939935,143.47153143077122,0.00004120823618635522,3.100375,0.06037500000000007,0.6708333333333352,6410.25641025641,3,dct_smooth_regression,utterance_000004,0-0-8-4,group_0,EY,1,4,пӗлтерӳсем,"",0.08999999999999986,ҫумне,ҫырса,t,R,t,R,internal
455.8387803996824,2216.0541420412937,2890.083811009705,454.8383211296126,2199.695554788695,2897.1331474896747,71.39974459800322,160.87260667858672,140.65623952006703,0.00004120823618635522,3.1023750000000003,0.06237500000000029,0.6930555555555599,6410.25641025641,3,dct_smooth_regression,utterance_000004,0-0-8-4,group_0,EY,1,4,пӗлтерӳсем,"",0.08999999999999986,ҫумне,ҫырса,t,R,t,R,internal
452.21014306856887,2196.806578383979,2891.405653045252,450.69034117319626,2185.696054765168,2898.15189843655,63.55902854825329,155.4877400475731,136.8586204748056,0.00004120823618635522,3.104375,0.06437500000000007,0.7152777777777797,6410.25641025641,3,dct_smooth_regression,utterance_000004,0-0-8-4,group_0,EY,1,4,пӗлтерӳсем,"",0.08999999999999986,ҫумне,ҫырса,t,R,t,R,internal
448.38179374417246,2177.0405699112957,2897.6432047452963,447.09659078016966,2174.0932419398296,2899.7364358220693,57.492249009006144,150.52976922763577,133.03422642196523,0.00004120823618635522,3.1063750000000003,0.0663750000000003,0.7375000000000044,6410.25641025641,3,dct_smooth_regression,utterance_000004,0-0-8-4,group_0,EY,1,4,пӗлтерӳсем,"",0.08999999999999986,ҫумне,ҫырса,t,R,t,R,internal
444.3084363528184,2154.7443117850253,2906.1645826321533,444.4518149388327,2165.7915657200583,2901.2212355321903,53.41534742771622,146.7904075938219,130.00412406864828,0.00004120823618635522,3.108375,0.06837500000000007,0.7597222222222242,6410.25641025641,3,dct_smooth_regression,utterance_000004,0-0-8-4,group_0,EY,1,4,пӗлтерӳсем,"",0.08999999999999986,ҫумне,ҫырса,t,R,t,R,internal
440.18882612348955,2129.5651230094463,2912.5573939727897,443.050740334065,2161.46215233246,2902.100125223669,51.3788635077859,144.79288218909136,128.34378390568665,0.00004120823618635522,3.1103750000000003,0.0703750000000003,0.781944444444449,6410.25641025641,3,dct_smooth_regression,utterance_000004,0-0-8-4,group_0,EY,1,4,пӗлтерӳсем,"",0.08999999999999986,ҫумне,ҫырса,t,R,t,R,internal
405.7307963279511,2231.2927240366757,3140.3442295045297,409.58194467545934,2226.799016183649,3159.8687780385762,28.034393796732523,52.07117348439903,90.7066165044451,0.00002530123138847428,3.346375,0.006375000000000242,0.09107142857143165,6230.7692307692305,3,dct_smooth_regression,utterance_000004,0-0-8-8,group_0,EY,1,4,пӗлтерӳсем,"",0.07000000000000028,ҫумне,ҫырса,s,M,s,M,internal
410.6015509790543,2229.4105633252666,3147.1451637153386,410.8913639026795,2227.963832114292,3153.030469063821,27.528023995457342,52.110216591362025,91.97741042711532,0.00002530123138847428,3.348375,0.008375000000000021,0.11964285714285697,6230.7692307692305,3,dct_smooth_regression,utterance_000004,0-0-8-8,group_0,EY,1,4,пӗлтерӳсем,"",0.07000000000000028,ҫумне,ҫырса,s,M,s,M,internal
414.94560571520094,2227.9850332343053,3147.8786652081826,413.39065185810114,2229.9090578839546,3140.7019853580646,26.782035789617932,52.512867220268234,94.77420685654998,0.00002530123138847428,3.350375,0.010375000000000245,0.14821428571428863,6230.7692307692305,3,dct_smooth_regression,utterance_000004,0-0-8-8,group_0,EY,1,4,пӗлтерӳсем,"",0.07000000000000028,ҫумне,ҫырса,s,M,s,M,internal
419.10446530325214,2228.4019539928513,3140.088879424955,416.85776127671977,2231.9769648948054,3125.291487412275,26.213630564134093,53.834581498040464,99.57215550574551,0.00002530123138847428,3.352375,0.012375000000000025,0.17678571428571394,6230.7692307692305,3,dct_smooth_regression,utterance_000004,0-0-8-8,group_0,EY,1,4,пӗлтерӳсем,"",0.07000000000000028,ҫумне,ҫырса,s,M,s,M,internal
423.12469751071336,2230.2581828980096,3123.885239820349,420.9995492055508,2233.4258252069008,3109.756086527649,26.253232984906056,56.73924340915741,107.00404739216746,0.00002530123138847428,3.354375,0.014375000000000249,0.20535714285714557,6230.7692307692305,3,dct_smooth_regression,utterance_000004,0-0-8-8,group_0,EY,1,4,пӗлтерӳсем,"",0.07000000000000028,ҫумне,ҫырса,s,M,s,M,internal
426.64990096244566,2232.045669758923,3105.278818619199,425.49255444287894,2233.6415029826735,3096.982358398182,27.26719021312234,61.898260843862104,117.77045102964583,0.00002530123138847428,3.356375,0.01637500000000003,0.23392857142857088,6230.7692307692305,3,dct_smooth_regression,utterance_000004,0-0-8-8,group_0,EY,1,4,пӗлтерӳсем,"",0.07000000000000028,ҫумне,ҫырса,s,M,s,M,internal
429.8829468660674,2232.7065115473797,3088.8946165966995,430.0267263922267,2232.3087887590104,3089.1949996314934,29.5360635672604,69.88600847896585,132.49759887852807,0.00002530123138847428,3.358375,0.018375000000000252,0.26250000000000256,6230.7692307692305,3,dct_smooth_regression,utterance_000004,0-0-8-8,group_0,EY,1,4,пӗлтерӳсем,"",0.07000000000000028,ҫумне,ҫырса,s,M,s,M,internal
432.96395493353657,2231.584170766117,3079.647216578951,434.3452721264853,2229.491944308434,3087.520045907851,33.22662893705395,80.98845788739735,151.5019324438666,0.00002530123138847428,3.360375,0.020375000000000032,0.29107142857142787,6230.7692307692305,3,dct_smooth_regression,utterance_000004,0-0-8-8,group_0,EY,1,4,пӗлтерӳсем,"",0.07000000000000028,ҫумне,ҫырса,s,M,s,M,internal
436.41799191694446,2228.44738158193,3079.761037278648,438.27448862750606,2225.6009683067987,3091.790152172803,38.30208893245426,94.87264554487544,174.44753765959175,0.00002530123138847428,3.362375,0.022375000000000256,0.3196428571428595,6230.7692307692305,3,dct_smooth_regression,utterance_000004,0-0-8-8,group_0,EY,1,4,пӗлтерӳсем,"",0.07000000000000028,ҫумне,ҫырса,s,M,s,M,internal
440.37504205155886,2223.3038328420894,3089.222211256021,441.7391361727966,2221.254230506132,3100.6220997897863,44.37967609234853,110.22999564910211,199.98266060451346,0.00002530123138847428,3.364375,0.024375000000000036,0.3482142857142848,6230.7692307692305,3,dct_smooth_regression,utterance_000004,0-0-8-8,group_0,EY,1,4,пӗлтерӳсем,"",0.07000000000000028,ҫумне,ҫырса,s,M,s,M,internal
444.31218132960646,2217.2401665157836,3105.3851835422015,444.76130502167683,2217.0792717469762,3111.73546336322,50.6507857891649,124.74633974196392,225.58740015491955,0.00002530123138847428,3.366375,0.02637500000000026,0.37678571428571644,6230.7692307692305,3,dct_smooth_regression,utterance_000004,0-0-8-8,group_0,EY,1,4,пӗлтерӳсем,"",0.07000000000000028,ҫумне,ҫырса,s,M,s,M,internal
447.7423105695406,2212.1469807130215,3124.194088321857,447.4434341878125,2213.5124765918317,3122.4310473666415,56.03976080875571,135.76853096499124,247.9213819332864,0.00002530123138847428,3.368375,0.02837500000000004,0.40535714285714175,6230.7692307692305,3,dct_smooth_regression,utterance_000004,0-0-8-8,group_0,EY,1,4,пӗлтерӳсем,"",0.07000000000000028,ҫумне,ҫырса,s,M,s,M,internal
450.76583945789247,2209.091735410836,3140.6931568817477,449.938712291659,2210.6592982847774,3130.119573841725,59.64380606229717,141.52537397312224,263.7507788519875,0.00002530123138847428,3.370375,0.030375000000000263,0.43392857142857344,6230.7692307692305,3,dct_smooth_regression,utterance_000004,0-0-8-8,group_0,EY,1,4,пӗлтерӳсем,"",0.07000000000000028,ҫумне,ҫырса,s,M,s,M,internal
453.66373225859076,2207.451671997812,3147.872017704582,452.4141050105712,2208.259304719891,3132.790206383058,61.19875264518058,142.07532410805763,271.09132792637956,0.00002530123138847428,3.372375,0.03237500000000004,0.46249999999999875,6230.7692307692305,3,dct_smooth_regression,utterance_000004,0-0-8-8,group_0,EY,1,4,пӗлтерӳсем,"",0.07000000000000028,ҫумне,ҫырса,s,M,s,M,internal
456.38931324726855,2205.4303291235583,3139.6787831010056,455.0123842826551,2205.7694821575224,3129.332688709315,61.20452937244658,139.22054364498217,269.91284586185645,0.00002530123138847428,3.374375,0.034375000000000266,0.4910714285714304,6230.7692307692305,3,dct_smooth_regression,utterance_000004,0-0-8-8,group_0,EY,1,4,пӗлтерӳсем,"",0.07000000000000028,ҫумне,ҫырса,s,M,s,M,internal
458.76721530671233,2201.817689057022,3119.0031276666673,457.81960160330874,2202.5439316870993,3119.667863688253,60.63302998564801,135.54194844459286,261.98455471308046,0.00002530123138847428,3.376375,0.036375000000000046,0.5196428571428557,6230.7692307692305,3,dct_smooth_regression,utterance_000004,0-0-8-8,group_0,EY,1,4,пӗлтерӳсем,"",0.07000000000000028,ҫумне,ҫырса,s,M,s,M,internal
460.8687926669886,2196.962897534735,3094.7391566364013,460.8434484933556,2198.058664894417,3104.6873079420684,60.488485264040996,133.36342679928958,250.0335981927303,0.00002530123138847428,3.378375,0.03837500000000027,0.5482142857142873,6230.7692307692305,3,dct_smooth_regression,utterance_000004,0-0-8-8,group_0,EY,1,4,пӗлтерӳсем,"",0.07000000000000028,ҫумне,ҫырса,s,M,s,M,internal
462.91937613525926,2191.6401061548286,3073.085047041388,464.00605474997246,2192.11536845617,3086.041867625921,61.49737172898764,134.1894879805306,236.7773053089752,0.00002530123138847428,3.380375,0.04037500000000005,0.5767857142857127,6230.7692307692305,3,dct_smooth_regression,utterance_000004,0-0-8-8,group_0,EY,1,4,пӗлтерӳсем,"",0.07000000000000028,ҫумне,ҫырса,s,M,s,M,internal
465.1302173101835,2186.4281623735797,3057.3536730658866,467.15230940320896,2184.9622989451977,3065.842254353194,63.97469026044743,138.55885488856342,224.29159616132657,0.00002530123138847428,3.382375,0.042375000000000274,0.6053571428571443,6230.7692307692305,3,dct_smooth_regression,utterance_000004,0-0-8-8,group_0,EY,1,4,пӗлтерӳсем,"",0.07000000000000028,ҫумне,ҫырса,s,M,s,M,internal
468.08534646169403,2180.8674817620113,3046.044064419182,470.07216354812704,2177.2928916440655,3046.339067490237,67.76823583289026,146.0163176661372,213.8294089199029,0.00002530123138847428,3.384375,0.04437500000000005,0.6339285714285696,6230.7692307692305,3,dct_smooth_regression,utterance_000004,0-0-8-8,group_0,EY,1,4,пӗлтерӳсем,"",0.07000000000000028,ҫумне,ҫырса,s,M,s,M,internal
471.7181084943349,2174.7928281095005,3037.3552497828027,472.5330259874564,2170.1169420526508,3029.636904606706,72.22714571101014,155.0839191935654,205.95068973180437,0.00002530123138847428,3.386375,0.04637500000000028,0.6625000000000013,6230.7692307692305,3,dct_smooth_regression,utterance_000004,0-0-8-8,group_0,EY,1,4,пӗлтерӳсем,"",0.07000000000000028,ҫумне,ҫырса,s,M,s,M,internal
475.3055888201461,2166.715890291029,3027.170516727492,474.3166814067715,2164.535575543654,3017.4743761601317,76.2727124712384,163.418960309337,200.77507747668017,0.00002530123138847428,3.388375,0.04837500000000006,0.6910714285714266,6230.7692307692305,3,dct_smooth_regression,utterance_000004,0-0-8-8,group_0,EY,1,4,пӗлтерӳсем,"",0.07000000000000028,ҫумне,ҫырса,s,M,s,M,internal
477.7021237865357,2152.734882990134,3007.2146031389652,475.2544237444973,2161.4792081464925,3011.0776622020676,78.70237171281588,168.45072329205595,198.22928226477313,0.00002530123138847428,3.390375,0.05037500000000028,0.7196428571428582,6230.7692307692305,3,dct_smooth_regression,utterance_000004,0-0-8-8,group_0,EY,1,4,пӗлтерӳсем,"",0.07000000000000028,ҫумне,ҫырса,s,M,s,M,internal
512.9455103022217,1834.7484131175634,3030.3316586259925,513.3716935866648,1834.751493620695,3032.4472724239745,288.3732865124354,130.8359856606688,865.9836868250924,2.3399823949282307e-6,2.906375,0.006375000000000242,0.12750000000000417,8384.615384615383,3,dct_smooth_regression,utterance_000004,0-0-8-1,group_0,EH,1,4,пӗлтерӳсем,"",0.050000000000000266,ҫумне,ҫырса,P,l,P,l,internal
513.5981444412582,1833.2215319298336,3050.471309460226,513.0072164647617,1833.785662864108,3050.7255612453837,263.9934683751008,110.10798210984512,906.4785977560954,2.3399823949282307e-6,2.908375,0.008375000000000021,0.16749999999999954,8384.615384615383,3,dct_smooth_regression,utterance_000004,0-0-8-1,group_0,EH,1,4,пӗлтерӳсем,"",0.050000000000000266,ҫумне,ҫырса,P,l,P,l,internal
511.7958964647752,1833.018805414294,3089.7344979933882,511.76649517482997,1832.8288506694273,3085.6838486043807,238.90666044711486,86.02474623941147,958.862384260377,2.3399823949282307e-6,2.910375,0.010375000000000245,0.2075000000000038,8384.615384615383,3,dct_smooth_regression,utterance_000004,0-0-8-1,group_0,EH,1,4,пӗлтерӳсем,"",0.050000000000000266,ҫумне,ҫырса,P,l,P,l,internal
508.94163394651565,1834.549039637709,3135.263305658662,509.2450455741767,1833.6617180487995,3133.3558382669207,234.8374866675597,71.0919626065064,976.2203025986038,2.3399823949282307e-6,2.912375,0.012375000000000025,0.24749999999999917,8384.615384615383,3,dct_smooth_regression,utterance_000004,0-0-8-1,group_0,EH,1,4,пӗлтерӳсем,"",0.050000000000000266,ҫумне,ҫырса,P,l,P,l,internal
505.7451728320028,1839.0966868652663,3183.0624884071117,505.75694164171216,1838.488014616351,3186.9590364811443,260.9558833044279,67.3071963233421,925.2905667367012,2.3399823949282307e-6,2.914375,0.014375000000000249,0.2875000000000034,8384.615384615383,3,dct_smooth_regression,utterance_000004,0-0-8-1,group_0,EH,1,4,пӗлтерӳсем,"",0.050000000000000266,ҫумне,ҫырса,P,l,P,l,internal
502.5944821017717,1848.3301414599273,3233.7525390360065,502.2765128604842,1849.3309743039817,3237.9152559414138,314.2584404654631,72.10784896654576,816.3047240733498,2.3399823949282307e-6,2.916375,0.01637500000000003,0.32749999999999885,8384.615384615383,3,dct_smooth_regression,utterance_000004,0-0-8-1,group_0,EH,1,4,пӗлтерӳсем,"",0.050000000000000266,ҫумне,ҫырса,P,l,P,l,internal
499.4495171603205,1865.5959728101413,3282.9373029347757,499.65964703195624,1867.3235412884185,3278.3870013739647,375.05841438404104,80.72011964648487,690.4471119072643,2.3399823949282307e-6,2.918375,0.018375000000000252,0.3675000000000031,8384.615384615383,3,dct_smooth_regression,utterance_000004,0-0-8-1,group_0,EH,1,4,пӗлтерӳсем,"",0.050000000000000266,ҫумне,ҫырса,P,l,P,l,internal
497.52584545845605,1892.547614240758,3307.1207769905004,497.8075953262985,1892.1266336024096,3304.0353239402225,413.6987641329838,86.98994657011197,582.9824242505475,2.3399823949282307e-6,2.920375,0.020375000000000032,0.4074999999999985,8384.615384615383,3,dct_smooth_regression,utterance_000004,0-0-8-1,group_0,EH,1,4,пӗлтерӳсем,"",0.050000000000000266,ҫумне,ҫырса,P,l,P,l,internal
496.08585423325513,1924.1721729604105,3312.8471129279333,495.588688781924,1921.7210180446446,3315.289123671984,419.27574320651576,87.47084517682933,506.698944506838,2.3399823949282307e-6,2.922375,0.022375000000000256,0.44750000000000273,8384.615384615383,3,dct_smooth_regression,utterance_000004,0-0-8-1,group_0,EH,1,4,пӗлтерӳсем,"",0.050000000000000266,ҫумне,ҫырса,P,l,P,l,internal
491.7463905923298,1954.164722083998,3313.650206786798,491.73763510557893,1952.6877018083453,3316.3369809798314,409.6945140977207,84.10134503302469,458.5371728626423,2.3399823949282307e-6,2.924375,0.024375000000000036,0.4874999999999981,8384.615384615383,3,dct_smooth_regression,utterance_000004,0-0-8-1,group_0,EH,1,4,пӗлтерӳсем,"",0.050000000000000266,ҫумне,ҫырса,P,l,P,l,internal
485.6890047869242,1977.6929549484223,3313.3620729615877,486.0880272619428,1980.8903236012723,3312.598211018385,406.87636134424383,80.79737171315023,430.3004651813073,2.3399823949282307e-6,2.926375,0.02637500000000026,0.5275000000000024,8384.615384615383,3,dct_smooth_regression,utterance_000004,0-0-8-1,group_0,EH,1,4,пӗлтерӳсем,"",0.050000000000000266,ҫумне,ҫырса,P,l,P,l,internal
480.1925868502638,1998.5960233225592,3311.6267705077553,480.11225250803284,2002.3243179224,3308.3613846194585,416.46161391903115,79.4200019364887,414.8187150151422,2.3399823949282307e-6,2.928375,0.02837500000000004,0.5674999999999978,8384.615384615383,3,dct_smooth_regression,utterance_000004,0-0-8-1,group_0,EH,1,4,пӗлтерӳсем,"",0.050000000000000266,ҫумне,ҫырса,P,l,P,l,internal
476.3239834136357,2018.0683749168568,3303.8137236070365,476.2162712653689,2013.8822033168888,3305.8789273307116,427.903181151427,79.35284394789002,407.8962328559526,2.3399823949282307e-6,2.930375,0.030375000000000263,0.607500000000002,8384.615384615383,3,dct_smooth_regression,utterance_000004,0-0-8-1,group_0,EH,1,4,пӗлтерӳсем,"",0.050000000000000266,ҫумне,ҫырса,P,l,P,l,internal
402.01587291499425,1943.137694133907,2581.2457254652636,406.92583069228124,1968.9626031741532,2634.30371131426,22.590951009396345,135.88337006786855,154.4115026363001,0.0001018775425787599,3.1663750000000004,0.006375000000000242,0.07083333333333613,5333.333333333333,3,dct_smooth_regression,utterance_000004,0-0-8-6,group_0,UX,1,4,пӗлтерӳсем,"",0.08999999999999986,ҫумне,ҫырса,R,s,R,s,internal
408.08729628649803,1949.9061586455723,2611.8560267939033,408.1659681656433,1967.2985196396442,2636.284514156627,22.457432735595233,134.94435890097827,154.86990690532235,0.0001018775425787599,3.168375,0.008375000000000021,0.09305555555555593,5333.333333333333,3,dct_smooth_regression,utterance_000004,0-0-8-6,group_0,UX,1,4,пӗлтерӳсем,"",0.08999999999999986,ҫумне,ҫырса,R,s,R,s,internal
412.34242054007274,1959.1538593447947,2635.7077714554466,410.52719527764634,1964.2310530812483,2640.273569648483,22.230593128716546,133.1167563105315,155.49004202403316,0.0001018775425787599,3.1703750000000004,0.010375000000000245,0.11527777777778069,5333.333333333333,3,dct_smooth_regression,utterance_000004,0-0-8-6,group_0,UX,1,4,пӗлтерӳсем,"",0.08999999999999986,ҫумне,ҫырса,R,s,R,s,internal
415.84504280807664,1970.5213951557146,2661.5290890917136,413.78573656250825,1960.2405826901058,2646.308124868845,21.981955318396164,130.49956905497282,155.7246244788589,0.0001018775425787599,3.172375,0.012375000000000025,0.13750000000000048,5333.333333333333,3,dct_smooth_regression,utterance_000004,0-0-8-6,group_0,UX,1,4,пӗлтерӳсем,"",0.08999999999999986,ҫумне,ҫырса,R,s,R,s,internal
419.37077545687606,1976.8171762657328,2690.1299494250725,417.639808283282,1955.951443550683,2654.4034245504045,21.8002410413172,127.23629836748418,154.87775220263657,0.0001018775425787599,3.1743750000000004,0.014375000000000249,0.15972222222222524,5333.333333333333,3,dct_smooth_regression,utterance_000004,0-0-8-6,group_0,UX,1,4,пӗлтерӳсем,"",0.08999999999999986,ҫумне,ҫырса,R,s,R,s,internal
422.9914843397021,1975.0312270808136,2705.3810578960233,421.7451629524772,1952.0331971199491,2664.5131963100685,21.77691752740737,123.50806291720386,152.266654449148,0.0001018775425787599,3.176375,0.01637500000000003,0.18194444444444505,5333.333333333333,3,dct_smooth_regression,utterance_000004,0-0-8-6,group_0,UX,1,4,пӗлтерӳсем,"",0.08999999999999986,ҫумне,ҫырса,R,s,R,s,internal
426.5215325066748,1967.661357323359,2707.1316732874257,425.7547303096897,1949.094206871166,2676.490710297677,21.99488192613084,119.52379689268999,147.41919351908763,0.0001018775425787599,3.1783750000000004,0.018375000000000252,0.2041666666666698,5333.333333333333,3,dct_smooth_regression,utterance_000004,0-0-8-6,group_0,UX,1,4,пӗлтерӳсем,"",0.08999999999999986,ҫумне,ҫырса,R,s,R,s,internal
429.39257140493055,1956.6722498586555,2705.0442156218937,429.3571292133858,1947.5841433173105,2690.059166704164,22.520872172243674,115.5081335099121,140.24683389094926,0.0001018775425787599,3.180375,0.020375000000000032,0.2263888888888896,5333.333333333333,3,dct_smooth_regression,utterance_000004,0-0-8-6,group_0,UX,1,4,пӗлтерӳсем,"",0.08999999999999986,ҫумне,ҫырса,R,s,R,s,internal
431.5505930688877,1945.4273169513488,2705.256579771321,432.3090525395994,1947.7208398691234,2704.799125954562,23.399775317126306,111.68836457700236,131.11860842003574,0.0001018775425787599,3.1823750000000004,0.022375000000000256,0.24861111111111434,5333.333333333333,3,dct_smooth_regression,utterance_000004,0-0-8-6,group_0,UX,1,4,пӗлтерӳсем,"",0.08999999999999986,ҫумне,ҫырса,R,s,R,s,internal
433.08571419156976,1940.4373151241875,2710.472632584477,434.45744360138104,1949.4533653710319,2720.1582817385793,24.648178059151373,108.28228745643396,120.79396284914924,0.0001018775425787599,3.184375,0.024375000000000036,0.27083333333333415,5333.333333333333,3,dct_smooth_regression,utterance_000004,0-0-8-6,group_0,UX,1,4,пӗлтерӳсем,"",0.08999999999999986,ҫумне,ҫырса,R,s,R,s,internal
434.4431811435146,1942.561752722848,2720.055874327027,435.74885510440566,1952.4677825862773,2735.4854315414364,26.245520162532216,105.48857153688776,110.24021492456946,0.0001018775425787599,3.1863750000000004,0.02637500000000026,0.2930555555555589,5333.333333333333,3,dct_smooth_regression,utterance_000004,0-0-8-6,group_0,UX,1,4,пӗлтерӳсем,"",0.08999999999999986,ҫумне,ҫырса,R,s,R,s,internal
435.36724362195065,1947.662130825047,2730.2524687877635,436.2251995787142,1956.2356125017432,2750.0865376412116,28.123827557803793,103.48052406024284,100.41769578369946,0.0001018775425787599,3.188375,0.02837500000000004,0.3152777777777787,5333.333333333333,3,dct_smooth_regression,utterance_000004,0-0-8-6,group_0,UX,1,4,пӗлтерӳсем,"",0.08999999999999986,ҫумне,ҫырса,R,s,R,s,internal
435.66159337446953,1952.6105286091495,2741.6545036507628,436.00700507819107,1960.0984724108177,2763.296902167649,30.16053839417322,102.40307450445599,92.12158551542879,0.0001018775425787599,3.1903750000000004,0.030375000000000263,0.33750000000000346,5333.333333333333,3,dct_smooth_regression,utterance_000004,0-0-8-6,group_0,UX,1,4,пӗлтерӳсем,"",0.08999999999999986,ҫумне,ҫырса,R,s,R,s,internal
435.31183056980785,1956.6157731503263,2756.3126012204275,435.2670122414353,1963.3766755623774,2774.5603147111783,32.181807062823204,102.3717874065394,85.92621707775767,0.0001018775425787599,3.192375,0.03237500000000004,0.3597222222222233,5333.333333333333,3,dct_smooth_regression,utterance_000004,0-0-8-6,group_0,UX,1,4,пӗлтерӳсем,"",0.08999999999999986,ҫумне,ҫырса,R,s,R,s,internal
434.603690790668,1958.9548184405112,2771.985758041895,434.19824643840946,1965.4856274529402,2783.504093139502,33.98324952149444,103.47205775699817,82.22312028398713,0.0001018775425787599,3.1943750000000004,0.034375000000000266,0.38194444444444803,5333.333333333333,3,dct_smooth_regression,utterance_000004,0-0-8-6,group_0,UX,1,4,пӗлтерӳсем,"",0.08999999999999986,ҫумне,ҫырса,R,s,R,s,internal
433.7429842301353,1960.3622630845014,2786.58537792188,432.9813912630831,1966.042239721118,2789.998581246566,35.36916037889283,105.75651370100876,81.31280351654696,0.0001018775425787599,3.196375,0.036375000000000046,0.4041666666666678,5333.333333333333,3,dct_smooth_regression,utterance_000004,0-0-8-6,group_0,UX,1,4,пӗлтерӳсем,"",0.08999999999999986,ҫумне,ҫырса,R,s,R,s,internal
432.75298025772906,1962.742726718427,2799.212238960331,431.7562838053046,1964.9445823469314,2794.191017884449,36.2009447709479,109.23911389014218,83.50845486905483,0.0001018775425787599,3.1983750000000004,0.03837500000000027,0.42638888888889254,5333.333333333333,3,dct_smooth_regression,utterance_000004,0-0-8-6,group_0,UX,1,4,пӗлтерӳсем,"",0.08999999999999986,ҫумне,ҫырса,R,s,R,s,internal
431.7220365334106,1966.7851059105608,2808.455750125314,430.60165478734984,1962.4115047306593,2796.506627938658,36.43693502928768,113.88549399357346,89.22235023856493,0.0001018775425787599,3.200375,0.04037500000000005,0.44861111111111235,5333.333333333333,3,dct_smooth_regression,utterance_000004,0-0-8-6,group_0,UX,1,4,пӗлтерӳсем,"",0.08999999999999986,ҫумне,ҫырса,R,s,R,s,internal
430.5088983520236,1970.185476510777,2814.3813489096237,429.52595335954936,1958.9745049898934,2797.613943919008,36.14636605303515,119.60074671093125,99.01594336420082,0.0001018775425787599,3.2023750000000004,0.042375000000000274,0.4708333333333371,5333.333333333333,3,dct_smooth_regression,utterance_000004,0-0-8-6,group_0,UX,1,4,пӗлтерӳсем,"",0.08999999999999986,ҫумне,ҫырса,R,s,R,s,internal
428.84003982119117,1969.4715211203502,2816.8576298483094,428.47041595051485,1955.420940488184,2798.3561946166433,35.4917565686414,126.21781195554296,113.59516225637935,0.0001018775425787599,3.204375,0.04437500000000005,0.4930555555555569,5333.333333333333,3,dct_smooth_regression,utterance_000004,0-0-8-6,group_0,UX,1,4,пӗлтерӳсем,"",0.08999999999999986,ҫумне,ҫырса,R,s,R,s,internal
426.8112229381693,1964.8014404830326,2816.978037736667,427.3237058152659,1952.6947834436453,2799.6554252427222,34.68904710493752,133.4914892939896,133.72703330260254,0.0001018775425787599,3.2063750000000004,0.04637500000000028,0.5152777777777816,5333.333333333333,3,dct_smooth_regression,utterance_000004,0-0-8-6,group_0,UX,1,4,пӗлтерӳсем,"",0.08999999999999986,ҫумне,ҫырса,R,s,R,s,internal
424.51899993864623,1958.6741715516705,2816.1114850731196,425.945730228146,1951.7675096815383,2802.40015124908,33.96322622064697,141.10386404606263,160.05475276965961,0.0001018775425787599,3.208375,0.04837500000000006,0.5375000000000014,5333.333333333333,3,dct_smooth_regression,utterance_000004,0-0-8-6,group_0,UX,1,4,пӗлтерӳсем,"",0.08999999999999986,ҫумне,ҫырса,R,s,R,s,internal
422.26504809175736,1954.0400014906613,2813.970973592546,424.19688356424166,1953.4964332359632,2807.3301825577005,33.51446170400261,148.68563214719273,192.8125248821095,0.0001018775425787599,3.2103750000000004,0.05037500000000028,0.5597222222222262,5333.333333333333,3,dct_smooth_regression,utterance_000004,0-0-8-6,group_0,UX,1,4,пӗлтерӳсем,"",0.08999999999999986,ҫумне,ҫырса,R,s,R,s,internal
420.26995704771963,1954.4095608194682,2810.5125557412002,421.9681617465495,1958.4901573629163,2814.933340033997,33.50010865464273,155.85389528691528,231.49858466925915,0.0001018775425787599,3.212375,0.05237500000000006,0.581944444444446,5333.333333333333,3,dct_smooth_regression,utterance_000004,0-0-8-6,group_0,UX,1,4,пӗлтерӳсем,"",0.08999999999999986,ҫумне,ҫырса,R,s,R,s,internal
418.67249552288513,1960.988105862871,2809.401167371629,419.2074608221851,1967.0004257017156,2825.3679097033405,34.02873329880424,162.2612097461358,274.6373724194725,0.0001018775425787599,3.2143750000000004,0.054375000000000284,0.6041666666666707,5333.333333333333,3,dct_smooth_regression,utterance_000004,0-0-8-6,group_0,UX,1,4,пӗлтерӳсем,"",0.08999999999999986,ҫумне,ҫырса,R,s,R,s,internal
416.6743713604249,1972.2418182254266,2816.267352650742,415.9379268883794,1978.8565344251529,2838.4218995470933,35.15791316968469,167.64520950810015,319.7947155830388,0.0001018775425787599,3.216375,0.056375000000000064,0.6263888888888905,5333.333333333333,3,dct_smooth_regression,utterance_000004,0-0-8-6,group_0,UX,1,4,пӗлтерӳсем,"",0.08999999999999986,ҫумне,ҫырса,R,s,R,s,internal
413.8121554471529,1984.6608081897534,2833.8880074576887,412.26538413278337,1993.4530047658795,2853.5158023837635,36.88832069570901,171.8657904092253,363.9407659265997,0.0001018775425787599,3.2183750000000004,0.05837500000000029,0.6486111111111154,5333.333333333333,3,dct_smooth_regression,utterance_000004,0-0-8-6,group_0,UX,1,4,пӗлтерӳсем,"",0.08999999999999986,ҫумне,ҫырса,R,s,R,s,internal
410.04137541973967,1997.8588574755884,2857.2626062553722,408.3734631420967,2009.794148678234,2869.750176266327,39.150908843305956,174.9193550772495,404.0847219720141,0.0001018775425787599,3.220375,0.06037500000000007,0.6708333333333352,5333.333333333333,3,dct_smooth_regression,utterance_000004,0-0-8-6,group_0,UX,1,4,пӗлтерӳсем,"",0.08999999999999986,ҫумне,ҫырса,R,s,R,s,internal
405.9889720337181,2013.9394018073383,2876.560669780878,404.506851023569,2026.5914566507222,2885.993634504619,41.79053346054601,176.92626554477545,437.9343409452938,0.0001018775425787599,3.2223750000000004,0.06237500000000029,0.6930555555555599,5333.333333333333,3,dct_smooth_regression,utterance_000004,0-0-8-6,group_0,UX,1,4,пӗлтерӳсем,"",0.08999999999999986,ҫумне,ҫырса,R,s,R,s,internal
402.03934353369357,2036.1159859897393,2894.4567332111806,400.9448273375247,2042.4024634148254,2901.001552743077,44.556611604926076,178.09549098399293,464.2956816314413,0.0001018775425787599,3.224375,0.06437500000000007,0.7152777777777797,5333.333333333333,3,dct_smooth_regression,utterance_000004,0-0-8-6,group_0,UX,1,4,пӗлтерӳсем,"",0.08999999999999986,ҫумне,ҫырса,R,s,R,s,internal
398.56366429179815,2058.340692896897,2915.9898004143224,397.9686829683758,2055.7939215875795,2913.551666287482,47.11615885715645,178.6760700859979,483.0624642813529,0.0001018775425787599,3.2263750000000004,0.0663750000000003,0.7375000000000044,5333.333333333333,3,dct_smooth_regression,utterance_000004,0-0-8-6,group_0,UX,1,4,пӗлтерӳсем,"",0.08999999999999986,ҫумне,ҫырса,R,s,R,s,internal
395.0123452734702,2076.7293635702554,2938.761230180138,395.82753539272613,2065.5085580621726,2922.5803175821143,49.10138167956973,178.90657494906418,494.8506532202713,0.0001018775425787599,3.228375,0.06837500000000007,0.7597222222222242,5333.333333333333,3,dct_smooth_regression,utterance_000004,0-0-8-6,group_0,UX,1,4,пӗлтерӳсем,"",0.08999999999999986,ҫумне,ҫырса,R,s,R,s,internal
391.7962757863089,2088.9731542569825,2953.3294024179368,394.7073206319682,2070.6139151105535,2927.3027666180005,50.18928491715009,178.9717324995862,500.47409140476304,0.0001018775425787599,3.2303750000000004,0.0703750000000003,0.781944444444449,5333.333333333333,3,dct_smooth_regression,utterance_000004,0-0-8-6,group_0,UX,1,4,пӗлтерӳсем,"",0.08999999999999986,ҫумне,ҫырса,R,s,R,s,internal
727.8715714553787,1697.128295681817,3095.0770386879526,853.1372253639503,1689.0631409616196,3169.202394259829,736.198986369064,76.09178661885498,350.6900177456633,0.00995729149112424,4.1663749999999995,0.006374999999999353,0.021982758620687423,6410.25641025641,3,dct_smooth_regression,utterance_000004,0-0-10-4,group_0,AH,1,4,ҫапнӑ,"",0.29000000000000004,ҫырса,<eps>,N,#,N,SIL,final
682.904494079825,1680.3570785692805,3085.3550226245866,853.3334183243276,1689.074588234233,3168.31776181403,734.3193809423553,76.33964455539748,350.2198463794899,0.00995729149112424,4.168375,0.008375000000000021,0.028879310344827658,6410.25641025641,3,dct_smooth_regression,utterance_000004,0-0-10-4,group_0,AH,1,4,ҫапнӑ,"",0.29000000000000004,ҫырса,<eps>,N,#,N,SIL,final
686.2407164805651,1675.8327260040517,3115.571982649784,853.7232222649633,1689.0973274340893,3166.5541278946635,730.5877677104497,76.83563879185127,349.282358632282,0.00995729149112424,4.170375,0.010374999999999801,0.03577586206896483,6410.25641025641,3,dct_smooth_regression,utterance_000004,0-0-10-4,group_0,AH,1,4,ҫапнӑ,"",0.29000000000000004,ҫырса,<eps>,N,#,N,SIL,final
735.2360150993512,1683.2610542342409,3165.433353548559,854.3014999578024,1689.131049375205,3163.9227142933887,725.058551061159,77.58028145091538,347.8832396884321,0.00995729149112424,4.172375,0.01237499999999958,0.042672413793102,6410.25641025641,3,dct_smooth_regression,utterance_000004,0-0-10-4,group_0,AH,1,4,ҫапнӑ,"",0.29000000000000004,ҫырса,<eps>,N,#,N,SIL,final
814.3291010290252,1695.3126245361912,3197.3922990586666,855.0606121380163,1689.175294035991,3160.4402536331922,717.8113979723959,78.57422913585597,346.03095552975833,0.00995729149112424,4.1743749999999995,0.01437499999999936,0.04956896551723917,6410.25641025641,3,dct_smooth_regression,utterance_000004,0-0-10-4,group_0,AH,1,4,ҫапнӑ,"",0.29000000000000004,ҫырса,<eps>,N,#,N,SIL,final
887.0001071434958,1706.6062404736033,3212.566468182881,855.9904966900725,1689.2294550554564,3156.1288701773283,708.9490129986834,79.81814892591296,343.7366792651218,0.00995729149112424,4.176375,0.01637500000000003,0.0564655172413794,6410.25641025641,3,dct_smooth_regression,utterance_000004,0-0-10-4,group_0,AH,1,4,ҫапнӑ,"",0.29000000000000004,ҫырса,<eps>,N,#,N,SIL,final
929.6711969780795,1713.5824313230728,3214.174964157791,857.0787730583797,1689.292785706959,3151.015922377238,698.5943349241944,81.31253979291077,341.0141937306025,0.00995729149112424,4.178375,0.018374999999999808,0.06336206896551658,6410.25641025641,3,dct_smooth_regression,utterance_000004,0-0-10-4,group_0,AH,1,4,ҫапнӑ,"",0.29000000000000004,ҫырса,<eps>,N,#,N,SIL,final
937.8201002454897,1716.0341391395,3202.4570477149045,858.3108708928071,1689.3644063311565,3145.133808403027,686.8872807837128,83.057510046472,337.87977111063145,0.00995729149112424,4.180375,0.020374999999999588,0.07025862068965374,6410.25641025641,3,dct_smooth_regression,utterance_000004,0-0-10-4,group_0,AH,1,4,ҫапнӑ,"",0.29000000000000004,ҫырса,<eps>,N,#,N,SIL,final
925.5111856669838,1715.3563746466652,3177.708164001071,859.6701817090947,1689.4433132050106,3138.5197361914334,673.9811780448284,85.05251221316828,334.35203056462933,0.00995729149112424,4.1823749999999995,0.022374999999999368,0.07715517241379091,6410.25641025641,3,dct_smooth_regression,utterance_000004,0-0-10-4,group_0,AH,1,4,ҫапнӑ,"",0.29000000000000004,ҫырса,<eps>,N,#,N,SIL,final
913.2551528855021,1713.2972438309748,3150.545902656079,861.1382321250709,1689.5283888187384,3131.21545982466,660.0390321460941,87.29603795212202,330.45177510148267,0.00995729149112424,4.184375,0.024375000000000036,0.08405172413793115,6410.25641025641,3,dct_smooth_regression,utterance_000004,0-0-10-4,group_0,AH,1,4,ҫапнӑ,"",0.29000000000000004,ҫырса,<eps>,N,#,N,SIL,final
910.3541277622542,1711.0744397921314,3129.7130714342848,862.6948770277194,1689.618413527505,3123.2669843168287,645.2297744227274,89.7852772469593,326.2018092235295,0.00995729149112424,4.186375,0.026374999999999815,0.09094827586206833,6410.25641025641,3,dct_smooth_regression,utterance_000004,0-0-10-4,group_0,AH,1,4,ҫапнӑ,"",0.29000000000000004,ҫырса,<eps>,N,#,N,SIL,final
916.043628496466,1708.8610833207852,3117.6356287893113,864.318510835355,1689.7120785393577,3114.7242411308084,629.7246254988486,92.51574820314367,321.6267391578049,0.00995729149112424,4.188375,0.028374999999999595,0.0978448275862055,6410.25641025641,3,dct_smooth_regression,utterance_000004,0-0-10-4,group_0,AH,1,4,ҫапнӑ,"",0.29000000000000004,ҫырса,<eps>,N,#,N,SIL,final
923.309906734319,1706.0640072172328,3109.276337938599,865.9862948452546,1689.8080001954247,3105.64073697484,613.6936927860918,95.48090629287059,316.75275779733215,0.00995729149112424,4.1903749999999995,0.030374999999999375,0.10474137931034266,6410.25641025641,3,dct_smooth_regression,utterance_000004,0-0-10-4,group_0,AH,1,4,ҫапнӑ,"",0.29000000000000004,ҫырса,<eps>,N,#,N,SIL,final
926.7319875158009,1702.2613788271576,3100.477740881361,867.6743985016433,1689.9047354927247,3096.073178633814,597.3028994701795,98.6717447498685,311.60741677920885,0.00995729149112424,4.192375,0.03237500000000004,0.1116379310344829,6410.25641025641,3,dct_smooth_regression,utterance_000004,0-0-10-4,group_0,AH,1,4,ҫапнӑ,"",0.29000000000000004,ҫырса,<eps>,N,#,N,SIL,final
925.09431853785,1698.3699348345283,3092.951989269248,869.3582522833859,1690.0007987940546,3086.081076772525,580.7113181395364,102.07640088864318,306.2193884170708,0.00995729149112424,4.194375,0.03437499999999982,0.11853448275862007,6410.25641025641,3,dct_smooth_regression,utterance_000004,0-0-10-4,group_0,AH,1,4,ҫапнӑ,"",0.29000000000000004,ҫырса,<eps>,N,#,N,SIL,final
923.111597370892,1695.0477617327074,3090.359683702091,871.0128097963609,1690.0946796633484,3075.7263318063206,564.0689568669252,105.67978620844785,300.6182204699287,0.00995729149112424,4.196375,0.0363749999999996,0.12543103448275725,6410.25641025641,3,dct_smooth_regression,utterance_000004,0-0-10-4,group_0,AH,1,4,ҫапнӑ,"",0.29000000000000004,ҫырса,<eps>,N,#,N,SIL,final
924.6905211695213,1691.6845725443002,3092.028393808067,872.6128165633287,1690.1848617586409,3065.0728050669236,547.5150207970747,109.46326097958337,294.83408695373964,0.00995729149112424,4.1983749999999995,0.03837499999999938,0.13232758620689442,6410.25641025641,3,dct_smooth_regression,utterance_000004,0-0-10-4,group_0,AH,1,4,ҫапнӑ,"",0.29000000000000004,ҫырса,<eps>,N,#,N,SIL,final
926.306665251513,1688.1086940972675,3090.728852797827,874.1330829350547,1690.269842708324,3054.1858785967993,531.1766495481452,113.40437628073312,288.8975383730945,0.00995729149112424,4.200375,0.04037500000000005,0.13922413793103464,6410.25641025641,3,dct_smooth_regression,utterance_000004,0-0-10-4,group_0,AH,1,4,ҫапнӑ,"",0.29000000000000004,ҫырса,<eps>,N,#,N,SIL,final
920.2221348495159,1684.2583156194967,3078.861893599633,875.5487585011203,1690.3481548898078,3043.1320069834446,515.1681110803704,117.47670780468843,282.83925485626713,0.00995729149112424,4.202375,0.04237499999999983,0.1461206896551718,6410.25641025641,3,dct_smooth_regression,utterance_000004,0-0-10-4,group_0,AH,1,4,ҫапнӑ,"",0.29000000000000004,ҫырса,<eps>,N,#,N,SIL,final
906.1157148671834,1680.0284962688306,3054.75735207921,876.8356053577336,1690.4183870229779,3031.9782646947497,499.59041681697903,121.6498058093006,276.68980570778785,0.00995729149112424,4.204375,0.04437499999999961,0.153017241379309,6410.25641025641,3,dct_smooth_regression,utterance_000004,0-0-10-4,group_0,AH,1,4,ҫапнӑ,"",0.29000000000000004,ҫырса,<eps>,N,#,N,SIL,final
891.3104115525059,1676.7729699548547,3026.8821670893394,877.9702675931187,1690.479206484043,3020.7918923978427,484.5313110421483,125.88928402208049,270.4794188419853,0.00995729149112424,4.2063749999999995,0.04637499999999939,0.15991379310344617,6410.25641025641,3,dct_smooth_regression,utterance_000004,0-0-10-4,group_0,AH,1,4,ҫапнӑ,"",0.29000000000000004,ҫырса,<eps>,N,#,N,SIL,final
880.9782822823951,1675.5307379782703,3002.347467629112,878.9305343787511,1690.5293822385156,3009.6398457363703,470.06557993608686,130.15706684612115,264.23776342516356,0.00995729149112424,4.208375,0.04837500000000006,0.1668103448275864,6410.25641025641,3,dct_smooth_regression,utterance_000004,0-0-10-4,group_0,AH,1,4,ҫапнӑ,"",0.29000000000000004,ҫырса,<eps>,N,#,N,SIL,final
875.9677121379992,1676.2557099173948,2977.7852890546014,879.6955941065559,1690.567808285211,2998.588350005197,456.2556217549509,134.41180872203714,257.9937488338572,0.00995729149112424,4.210375,0.05037499999999984,0.17370689655172356,6410.25641025641,3,dct_smooth_regression,utterance_000004,0-0-10-4,group_0,AH,1,4,ҫапнӑ,"",0.29000000000000004,ҫырса,<eps>,N,#,N,SIL,final
877.6406617070585,1678.8923083644415,2952.9817334594877,880.2462770877975,1690.5935274963463,2987.7024640973673,443.15221914196457,138.6094920073911,251.77534273627828,0.00995729149112424,4.212375,0.052374999999999616,0.18060344827586072,6410.25641025641,3,dct_smooth_regression,utterance_000004,0-0-10-4,group_0,AH,1,4,ҫапнӑ,"",0.29000000000000004,ҫырса,<eps>,N,#,N,SIL,final
885.1198085798799,1683.2214859503495,2926.5791539512393,880.5652844280536,1690.6057557321049,2977.0456570064857,430.7954567630152,142.7042004823235,245.609410731953,0.00995729149112424,4.2143749999999995,0.054374999999999396,0.18749999999999792,6410.25641025641,3,dct_smooth_regression,utterance_000004,0-0-10-4,group_0,AH,1,4,ҫапнӑ,"",0.29000000000000004,ҫырса,<eps>,N,#,N,SIL,final
891.5115634047366,1686.7376855738987,2903.9079051203767,880.6374008135674,1690.6039061015122,2966.67940004927,419.2157317403486,146.6490550450107,239.52157955223777,0.00995729149112424,4.216375,0.056375000000000064,0.19439655172413814,6410.25641025641,3,dct_smooth_regression,utterance_000004,0-0-10-4,group_0,AH,1,4,ҫапнӑ,"",0.29000000000000004,ҫырса,<eps>,N,#,N,SIL,final
886.7280646631078,1686.3319950681057,2891.53358496355,880.4496890862882,1690.587613235137,2956.662777829025,408.4348100641658,150.39728700834698,233.5361253464267,0.00995729149112424,4.218375,0.058374999999999844,0.2012931034482753,6410.25641025641,3,dct_smooth_regression,utterance_000004,0-0-10-4,group_0,AH,1,4,ҫапнӑ,"",0.29000000000000004,ҫырса,<eps>,N,#,N,SIL,final
869.7668862447009,1681.6670739988376,2888.7925451171623,879.9916646468196,1690.5567574291426,2947.052120792428,398.4668886984819,153.9034135135306,227.67588807099142,0.00995729149112424,4.220375,0.06037499999999962,0.20818965517241247,6410.25641025641,3,dct_smooth_regression,utterance_000004,0-0-10-4,group_0,AH,1,4,ҫапнӑ,"",0.29000000000000004,ҫырса,<eps>,N,#,N,SIL,final
853.0569065898807,1675.5801286735634,2890.0092457103797,879.2554479048215,1690.5114885145615,2937.9006620408218,389.3196299517014,157.12446990826473,221.9622124808516,0.00995729149112424,4.2223749999999995,0.0623749999999994,0.21508620689654964,6410.25641025641,3,dct_smooth_regression,utterance_000004,0-0-10-4,group_0,AH,1,4,ҫапнӑ,"",0.29000000000000004,ҫырса,<eps>,N,#,N,SIL,final
846.651127828695,1671.0685473851076,2889.8044445408027,878.2358931935585,1690.4522493004906,2929.2582208448853,380.99514144045037,160.0212464785488,216.41491570934758,0.00995729149112424,4.224375,0.06437500000000007,0.2219827586206899,6410.25641025641,3,dct_smooth_regression,utterance_000004,0-0-10-4,group_0,AH,1,4,ҫапнӑ,"",0.29000000000000004,ҫырса,<eps>,N,#,N,SIL,final
848.7560081220546,1667.8624587884985,2886.8035789469686,876.9306927774782,1690.3797984352227,2921.1709150799124,373.4908813280317,162.5594725515134,211.05228093493514,0.00995729149112424,4.226375,0.06637499999999985,0.22887931034482706,6410.25641025641,3,dct_smooth_regression,utterance_000004,0-0-10-4,group_0,AH,1,4,ҫапнӑ,"",0.29000000000000004,ҫырса,<eps>,N,#,N,SIL,final
852.3404166065161,1664.7196622037118,2881.7877360345014,875.3404548070324,1690.2952325252718,2913.680904550056,366.8004742575,164.71089036213317,205.89107618318744,0.00995729149112424,4.228375,0.06837499999999963,0.23577586206896423,6410.25641025641,3,dct_smooth_regression,utterance_000004,0-0-10-4,group_0,AH,1,4,ҫапнӑ,"",0.29000000000000004,ҫырса,<eps>,N,#,N,SIL,final
852.5682414835806,1661.3523227357955,2877.08672729526,873.468754311395,1690.2000073488553,2906.8261669059225,360.9144284047761,166.45416454077431,200.94659691567682,0.00995729149112424,4.2303749999999996,0.07037499999999941,0.2426724137931014,6410.25641025641,3,dct_smooth_regression,utterance_000004,0-0-10-4,group_0,AH,1,4,ҫапнӑ,"",0.29000000000000004,ҫырса,<eps>,N,#,N,SIL,final
849.6940655511725,1657.2896444704174,2875.388632404548,871.3221565651511,1690.095957997752,2900.6403075831236,355.82074830630853,167.77558058882855,196.23273072316567,0.00995729149112424,4.232375,0.07237500000000008,0.24956896551724164,6410.25641025641,3,dct_smooth_regression,utterance_000004,0-0-10-4,group_0,AH,1,4,ҫапнӑ,"",0.29000000000000004,ҫырса,<eps>,N,#,N,SIL,final
845.0105329937121,1652.5441634449821,2877.711927592642,868.9102124172118,1689.985317779647,2895.1524049022246,351.50544158557057,168.66949681767477,191.76204217629157,0.00995729149112424,4.234375,0.07437499999999986,0.2564655172413788,6410.25641025641,3,dct_smooth_regression,utterance_000004,0-0-10-4,group_0,AH,1,4,ҫапнӑ,"",0.29000000000000004,ҫырса,<eps>,N,#,N,SIL,final
837.9608102943254,1648.2340930478595,2882.6216612235194,866.245425426883,1689.8707357121443,2890.3868911754194,347.95292047477074,169.1385281083643,187.54587569628558,0.00995729149112424,4.236375,0.07637499999999964,0.26336206896551595,6410.25641025641,3,dct_smooth_regression,utterance_000004,0-0-10-4,group_0,AH,1,4,ҫапнӑ,"",0.29000000000000004,ҫырса,<eps>,N,#,N,SIL,final
829.4147407444448,1646.57648983722,2889.3978500542503,863.343190910837,1689.7552924396894,2886.3634703647795,345.1463011942328,169.1934553882963,183.59447419139914,0.00995729149112424,4.238375,0.07837499999999942,0.2702586206896532,6410.25641025641,3,dct_smooth_regression,utterance_000004,0-0-10-4,group_0,AH,1,4,ҫапнӑ,"",0.29000000000000004,ҫырса,<eps>,N,#,N,SIL,final
822.2096314522892,1647.491155452671,2899.390748879992,860.2217072633917,1689.642514405696,2883.0970725336133,343.06760592101705,168.8528706269522,179.91711115863146,0.00995729149112424,4.240375,0.08037500000000009,0.2771551724137934,6410.25641025641,3,dct_smooth_regression,utterance_000004,0-0-10-4,group_0,AH,1,4,ҫапнӑ,"",0.29000000000000004,ҫырса,<eps>,N,#,N,SIL,final
818.0672325042143,1649.800387167573,2914.5374291200637,856.9018601686029,1689.536386114335,2880.5978450289626,341.69787336636756,168.14258210833015,176.52223396915414,0.00995729149112424,4.242375,0.08237499999999986,0.28405172413793056,6410.25641025641,3,dct_smooth_regression,utterance_000004,0-0-10-4,group_0,AH,1,4,ҫапнӑ,"",0.29000000000000004,ҫырса,<eps>,N,#,N,SIL,final
817.7591627762671,1652.4231555634383,2928.9903007686175,853.4070805739374,1689.441360319741,2878.8711800320916,341.0171850023583,167.09481754608714,173.41761613117657,0.00995729149112424,4.244375,0.08437499999999964,0.29094827586206773,6410.25641025641,3,dct_smooth_regression,utterance_000004,0-0-10-4,group_0,AH,1,4,ҫапнӑ,"",0.29000000000000004,ҫырса,<eps>,N,#,N,SIL,final
820.7142757870189,1655.4443386375713,2933.5764300339024,849.7631775394027,1689.3623659848347,2877.9177778176145,341.00461483700417,165.74727232042642,170.61051644566305,0.00995729149112424,4.246375,0.08637499999999942,0.2978448275862049,6410.25641025641,3,dct_smooth_regression,utterance_000004,0-0-10-4,group_0,AH,1,4,ҫапнӑ,"",0.29000000000000004,ҫырса,<eps>,N,#,N,SIL,final
828.9156347149665,1662.3263688319435,2927.716106010435,845.9981473107322,1689.3048138576607,2877.73374477309,341.6381114252185,164.14205612677162,168.10784312668196,0.00995729149112424,4.248375,0.08837500000000009,0.3047413793103451,6410.25641025641,3,dct_smooth_regression,utterance_000004,0-0-10-4,group_0,AH,1,4,ҫапнӑ,"",0.29000000000000004,ҫырса,<eps>,N,#,N,SIL,final
842.8140181903182,1673.562730614843,2917.5188311278566,842.1419601884563,1689.2745995200598,2878.3107249519803,342.8943215932871,162.3245934147441,165.91632113678673,0.00995729149112424,4.250375,0.09037499999999987,0.3116379310344823,6410.25641025641,3,dct_smooth_regression,utterance_000004,0-0-10-4,group_0,AH,1,4,ҫапнӑ,"",0.29000000000000004,ҫырса,<eps>,N,#,N,SIL,final
857.6658029204372,1685.3843255867366,2909.303806370517,838.2263269743346,1689.2781037716627,2879.6360636661434,344.7483661984689,160.3425313219939,164.04266117590592,0.00995729149112424,4.252375,0.09237499999999965,0.31853448275861945,6410.25641025641,3,dct_smooth_regression,utterance_000004,0-0-10-4,group_0,AH,1,4,ҫапнӑ,"",0.29000000000000004,ҫырса,<eps>,N,#,N,SIL,final
871.3484091675232,1699.5243117354685,2908.3683888405963,834.2844469707966,1689.3221902216587,2881.693001371718,347.1735791701794,158.2447038602839,162.49372894698394,0.00995729149112424,4.254375,0.09437499999999943,0.3254310344827566,6410.25641025641,3,dct_smooth_regression,utterance_000004,0-0-10-4,group_0,AH,1,4,ҫапнӑ,"",0.29000000000000004,ҫырса,<eps>,N,#,N,SIL,final
883.6519558747776,1718.6891626733645,2922.435120022286,830.3507396859351,1689.4141999714952,2884.4608958664703,350.1412220864511,156.08019362372085,161.2767134906933,0.00995729149112424,4.256375,0.0963750000000001,0.3323275862068969,6410.25641025641,3,dct_smooth_regression,utterance_000004,0-0-10-4,group_0,AH,1,4,ҫапнӑ,"",0.29000000000000004,ҫырса,<eps>,N,#,N,SIL,final
892.6141703835066,1738.0064329908746,2939.1653455424316,826.4605625545736,1689.5619432836431,2887.9154705993674,353.6201876032063,153.8975231330424,160.3992935232097,0.00995729149112424,4.258375,0.09837499999999988,0.33922413793103406,6410.25641025641,3,dct_smooth_regression,utterance_000004,0-0-10-4,group_0,AH,1,4,ҫапнӑ,"",0.29000000000000004,ҫырса,<eps>,N,#,N,SIL,final
892.5899870534003,1751.116589572458,2940.0253901232963,822.6499171235392,1689.7736881447477,2892.0290866960268,357.5767061215004,151.74399800903666,159.86980081429724,0.00995729149112424,4.260375,0.10037499999999966,0.34612068965517123,6410.25641025641,3,dct_smooth_regression,utterance_000004,0-0-10-4,group_0,AH,1,4,ҫапнӑ,"",0.29000000000000004,ҫырса,<eps>,N,#,N,SIL,final
879.8206995527572,1756.155726569847,2933.1345801166203,818.9551462652101,1690.058145645893,2896.771036128481,361.9740710702048,149.66521432219474,159.69737969774627,0.00995729149112424,4.262375,0.10237499999999944,0.3530172413793084,6410.25641025641,3,dct_smooth_regression,utterance_000004,0-0-10-4,group_0,AH,1,4,ҫапнӑ,"",0.29000000000000004,ҫырса,<eps>,N,#,N,SIL,final
856.2832936873076,1758.135566335646,2929.7928534474586,815.4126250765852,1690.424452118232,2902.1078533056007,366.77239899632906,147.70473339657732,159.89214180334974,0.00995729149112424,4.264375,0.1043750000000001,0.3599137931034486,6410.25641025641,3,dct_smooth_regression,utterance_000004,0-0-10-4,group_0,AH,1,4,ҫапнӑ,"",0.29000000000000004,ҫырса,<eps>,N,#,N,SIL,final
834.7383999829389,1759.1626664073472,2933.399797423041,812.0584481906573,1690.8821479788746,2908.0036422329695,371.92844117134587,145.90391957176004,160.46531503090816,0.00995729149112424,4.266375,0.10637499999999989,0.3668103448275858,6410.25641025641,3,dct_smooth_regression,utterance_000004,0-0-10-4,group_0,AH,1,4,ҫапнӑ,"",0.29000000000000004,ҫырса,<eps>,N,#,N,SIL,final
824.9358880699763,1754.2818287240393,2939.8379966993034,808.9281162720671,1691.4411532595705,2914.420416288699,377.3954635069998,144.3019302638014,161.42938564498004,0.00995729149112424,4.268375,0.10837499999999967,0.37370689655172296,6410.25641025641,3,dct_smooth_regression,utterance_000004,0-0-10-4,group_0,AH,1,4,ҫапнӑ,"",0.29000000000000004,ҫырса,<eps>,N,#,N,SIL,final
823.3865619943664,1741.688009256303,2944.576769457888,806.0562244894213,1692.1117398093177,2921.3184475856106,383.1232110934517,142.93584323553372,162.7982321481406,0.00995729149112424,4.270375,0.11037499999999945,0.3806034482758601,6410.25641025641,3,dct_smooth_regression,utterance_000004,0-0-10-4,group_0,AH,1,4,ҫапнӑ,"",0.29000000000000004,ҫырса,<eps>,N,#,N,SIL,final
821.1002809284067,1727.5711209316596,2946.8642972359003,803.4761557520328,1692.9045001814611,2928.65662284072,389.05797250081,141.84090323971117,164.58724928544888,0.00995729149112424,4.272375,0.11237500000000011,0.38750000000000034,6410.25641025641,3,dct_smooth_regression,utterance_000004,0-0-10-4,group_0,AH,1,4,ҫапнӑ,"",0.29000000000000004,ҫырса,<eps>,N,#,N,SIL,final
808.2554709004608,1715.211291755479,2949.161558384396,801.2197814691616,1693.8303132360365,2936.3928026504286,395.14275701939454,141.05086895497342,166.81346014034588,0.00995729149112424,4.274375,0.1143749999999999,0.3943965517241375,6410.25641025641,3,dct_smooth_regression,utterance_000004,0-0-10-4,group_0,AH,1,4,ҫапнӑ,"",0.29000000000000004,ҫырса,<eps>,N,#,N,SIL,final
777.1854290027923,1700.8720900017956,2951.0728078717316,799.3171725353143,1694.9003065089335,2944.484181074237,401.3175951884604,140.5984411231045,169.4956138009016,0.00995729149112424,4.276375,0.11637499999999967,0.40129310344827474,6410.25641025641,3,dct_smooth_regression,utterance_000004,0-0-10-4,group_0,AH,1,4,ҫапнӑ,"",0.29000000000000004,ҫырса,<eps>,N,#,N,SIL,final
725.0203071657257,1680.118881965976,2947.893453638136,797.7963231662296,1696.125815420777,2952.8876424610103,407.51996926204475,140.51575369551477,172.65426550642724,0.00995729149112424,4.278375,0.11837499999999945,0.4081896551724119,6410.25641025641,3,dct_smooth_regression,utterance_000004,0-0-10-4,group_0,AH,1,4,ҫапнӑ,"",0.29000000000000004,ҫырса,<eps>,N,#,N,SIL,final
661.0666864458946,1653.0223306753305,2939.4560749376424,796.6828901074922,1697.518339420164,2961.5601125093503,413.68537573122785,140.8349112709313,176.3118355325606,0.00995729149112424,4.280375,0.12037500000000012,0.4150862068965521,6410.25641025641,3,dct_smooth_regression,utterance_000004,0-0-10-4,group_0,AH,1,4,ҫапнӑ,"",0.29000000000000004,ҫырса,<eps>,N,#,N,SIL,final
629.6239225650048,1629.3290411548574,2928.915336038595,795.9999496121226,1699.0894951778296,2970.4589006368765,419.7480167822202,141.58855783025248,180.4926423471024,0.00995729149112424,4.282375,0.1223749999999999,0.4219827586206893,6410.25641025641,3,dct_smooth_regression,utterance_000004,0-0-10-4,group_0,AH,1,4,ҫапнӑ,"",0.29000000000000004,ҫырса,<eps>,N,#,N,SIL,final
688.9302019277476,1633.5853023144589,2920.5348959927546,795.7677744360929,1700.8509669704035,2979.542030841258,425.6416118115128,142.81046345351527,185.22290478377815,0.00995729149112424,4.284375,0.12437499999999968,0.42887931034482646,6410.25641025641,3,dct_smooth_regression,utterance_000004,0-0-10-4,group_0,AH,1,4,ҫапнӑ,"",0.29000000000000004,ҫырса,<eps>,N,#,N,SIL,final
759.5782859081462,1672.8439999074546,2917.3112993498344,796.0036329327517,1702.8144544144145,2988.768558367612,431.3003141056161,144.53611708303217,190.53070715853454,0.00995729149112424,4.286375,0.12637499999999946,0.4357758620689636,6410.25641025641,3,dct_smooth_regression,utterance_000004,0-0-10-4,group_0,AH,1,4,ҫапнӑ,"",0.29000000000000004,ҫырса,<eps>,N,#,N,SIL,final
795.2676025411874,1723.044768955533,2921.76207996564,796.721612140077,1704.99161773303,2998.0988696510617,436.6597118465257,146.80331426483053,196.44592042329535,0.00995729149112424,4.288375,0.12837500000000013,0.44267241379310385,6410.25641025641,3,dct_smooth_regression,utterance_000004,0-0-10-4,group_0,AH,1,4,ҫапнӑ,"",0.29000000000000004,ҫырса,<eps>,N,#,N,SIL,final
807.9593187517136,1754.7668247794484,2936.7789486782267,797.932466550145,1707.3940207594374,3007.494963178383,441.6578870892068,149.65272898949954,203.0000716557369,0.00995729149112424,4.290375,0.1303749999999999,0.449568965517241,6410.25641025641,3,dct_smooth_regression,utterance_000004,0-0-10-4,group_0,AH,1,4,ҫапнӑ,"",0.29000000000000004,ҫырса,<eps>,N,#,N,SIL,final
813.5306537220407,1770.9691616579842,2964.0292355460965,799.6434940299822,1710.0330719017168,3016.9207091070452,446.23650165451056,153.12845813602726,210.22615347265173,0.00995729149112424,4.292375,0.1323749999999997,0.4564655172413782,6410.25641025641,3,dct_smooth_regression,utterance_000004,0-0-10-4,group_0,AH,1,4,ҫапнӑ,"",0.29000000000000004,ҫырса,<eps>,N,#,N,SIL,final
823.2143533172683,1776.5712382643658,2988.8045055626544,801.8584401289925,1712.9199633142634,3026.3420856917887,450.3418753561197,157.27852550879243,218.15836439343198,0.00995729149112424,4.294375,0.13437499999999947,0.46336206896551535,6410.25641025641,3,dct_smooth_regression,utterance_000004,0-0-10-4,group_0,AH,1,4,ҫапнӑ,"",0.29000000000000004,ҫырса,<eps>,N,#,N,SIL,final
843.4081459149485,1775.0693724076136,2993.538482490677,804.5774317624797,1716.0656085402002,3035.7273907961744,453.9260199524158,162.15532999694997,226.83177084692193,0.00995729149112424,4.296375,0.13637500000000014,0.4702586206896556,6410.25641025641,3,dct_smooth_regression,utterance_000004,0-0-10-4,group_0,AH,1,4,ҫапнӑ,"",0.29000000000000004,ҫырса,<eps>,N,#,N,SIL,final
867.467412371572,1769.5259630985938,2988.244262914985,807.7969410055738,1719.480578907583,3045.0474270071727,456.9475919233824,167.81601896632822,236.28188149994827,0.00995729149112424,4.298375,0.13837499999999991,0.4771551724137928,6410.25641025641,3,dct_smooth_regression,utterance_000004,0-0-10-4,group_0,AH,1,4,ҫапнӑ,"",0.29000000000000004,ҫырса,<eps>,N,#,N,SIL,final
883.7208180871921,1765.6702805646146,2987.972194322748,811.509779469383,1723.1750389793706,3054.2756591226816,459.37272875221487,174.32276365508997,246.54412499109807,0.00995729149112424,4.300375,0.1403749999999997,0.48405172413792996,6410.25641025641,3,dct_smooth_regression,utterance_000004,0-0-10-4,group_0,AH,1,4,ҫапнӑ,"",0.29000000000000004,ҫырса,<eps>,N,#,N,SIL,final
891.263988897782,1768.4858502730744,2999.771934738043,815.7051234637399,1727.1586813729914,3063.388343042491,461.1757368483795,181.742908186816,257.65322308873533,0.00995729149112424,4.302375,0.14237499999999947,0.49094827586206713,6410.25641025641,3,dct_smooth_regression,utterance_000004,0-0-10-4,group_0,AH,1,4,ҫапнӑ,"",0.29000000000000004,ҫырса,<eps>,N,#,N,SIL,final
895.276980283359,1778.976683380713,3028.699190040788,820.368569880866,1731.4406612797063,3072.3646253603297,462.3396044559776,190.14895802113298,269.64245287096185,0.00995729149112424,4.304375,0.14437500000000014,0.49784482758620735,6410.25641025641,3,dct_smooth_regression,utterance_000004,0-0-10-4,group_0,AH,1,4,ҫапнӑ,"",0.29000000000000004,ҫырса,<eps>,N,#,N,SIL,final
898.3253515030177,1794.2934468306617,3069.7316609463446,825.4822224640471,1736.029531026709,3081.186613225833,462.8563195897225,199.61836752072608,282.5427938560587,0.00995729149112424,4.306375,0.14637499999999992,0.5047413793103446,6410.25641025641,3,dct_smooth_regression,utterance_000004,0-0-10-4,group_0,AH,1,4,ҫапнӑ,"",0.29000000000000004,ҫырса,<eps>,N,#,N,SIL,final
899.3439991344603,1807.1604485555056,3102.473291627551,831.0248078573762,1740.9331750358765,3089.8394143180467,462.7269808575156,210.23308024481318,296.3819591900462,0.00995729149112424,4.308375,0.1483749999999997,0.5116379310344817,6410.25641025641,3,dct_smooth_regression,utterance_000004,0-0-10-4,group_0,AH,1,4,ҫапнӑ,"",0.29000000000000004,ҫырса,<eps>,N,#,N,SIL,final
898.095750398117,1811.8919410511057,3114.9329267397616,836.971820569188,1746.1587455421875,3098.3111470440854,461.96169750351254,222.07877016149962,311.1833140925658,0.00995729149112424,4.310375,0.15037499999999948,0.5185344827586189,6410.25641025641,3,dct_smooth_regression,utterance_000004,0-0-10-4,group_0,AH,1,4,ҫапнӑ,"",0.29000000000000004,ҫырса,<eps>,N,#,N,SIL,final
894.7865876478769,1807.8886042165607,3119.596917962269,843.2956957253181,1751.7125994419007,3106.592921345284,460.57928362899486,235.2437279629377,326.96468980282134,0.00995729149112424,4.312375,0.15237500000000015,0.5254310344827591,6410.25641025641,3,dct_smooth_regression,utterance_000004,0-0-10-4,group_0,AH,1,4,ҫапнӑ,"",0.29000000000000004,ҫырса,<eps>,N,#,N,SIL,final
882.5632461524824,1795.0593887044483,3143.437499206047,849.9660082410572,1757.6002366455605,3114.67879075627,458.606759802184,249.817335014697,343.737107228062,0.00995729149112424,4.314375,0.15437499999999993,0.5323275862068962,6410.25641025641,3,dct_smooth_regression,utterance_000004,0-0-10-4,group_0,AH,1,4,ҫапнӑ,"",0.29000000000000004,ҫырса,<eps>,N,#,N,SIL,final
834.6310129870066,1764.4483645808862,3197.5927802262577,856.9496968048662,1763.8262403136719,3122.5656766175302,456.0786826684192,265.8880692994126,361.50343128162405,0.00995729149112424,4.316375,0.1563749999999997,0.5392241379310334,6410.25641025641,3,dct_smooth_regression,utterance_000004,0-0-10-4,group_0,AH,1,4,ҫапнӑ,"",0.29000000000000004,ҫырса,<eps>,N,#,N,SIL,final
765.708626034481,1699.6606496719203,3269.2385030303776,864.2113108446648,1770.3942193533674,3130.253265586976,453.03632930706846,283.54099428788555,380.2569843244031,0.00995729149112424,4.318375,0.1583749999999995,0.5461206896551706,6410.25641025641,3,dct_smooth_regression,utterance_000004,0-0-10-4,group_0,AH,1,4,ҫапнӑ,"",0.29000000000000004,ҫырса,<eps>,N,#,N,SIL,final
749.2533324860202,1603.4541146050547,3275.116221447468,871.71327844082,1777.3067535525358,3137.7438818285787,449.5267676423701,302.85469431063655,399.98015491549927,0.00995729149112424,4.320375,0.16037500000000016,0.5530172413793109,6410.25641025641,3,dct_smooth_regression,utterance_000004,0-0-10-4,group_0,AH,1,4,ҫапнӑ,"",0.29000000000000004,ҫырса,<eps>,N,#,N,SIL,final
754.2138834128256,1538.4519715877625,2937.6034760165367,879.4161929606925,1784.5653417236238,3145.042335474403,445.60184701572285,323.89763996378696,420.6430458559371,0.00995729149112424,4.322375,0.16237499999999994,0.559913793103448,6410.25641025641,3,dct_smooth_regression,utterance_000004,0-0-10-4,group_0,AH,1,4,ҫапнӑ,"",0.29000000000000004,ҫырса,<eps>,N,#,N,SIL,final
767.6028367156198,1514.8004139710022,2913.3228518617375,887.2791160194627,1792.1703532226393,3152.1557491582985,441.31714401071486,346.723995373124,442.2022127967171,0.00995729149112424,4.324375,0.16437499999999972,0.5668103448275852,6410.25641025641,3,dct_smooth_regression,utterance_000004,0-0-10-4,group_0,AH,1,4,ҫапнӑ,"",0.29000000000000004,ҫырса,<eps>,N,#,N,SIL,final
802.0158459443157,1520.1759203069344,3038.008633550881,895.259894222497,1800.1209831997523,3159.093364603543,436.7308978588852,371.3689162931671,464.59955091583964,0.00995729149112424,4.326375,0.1663749999999995,0.5737068965517224,6410.25641025641,3,dct_smooth_regression,utterance_000004,0-0-10-4,group_0,AH,1,4,ҫапнӑ,"",0.29000000000000004,ҫырса,<eps>,N,#,N,SIL,final
868.605311883404,1587.347508237161,3384.101283886918,903.3154870170903,1808.4152119263244,3165.8663314111627,431.9029674236552,397.8434338299937,487.7613917247897,0.00995729149112424,4.328375,0.16837500000000016,0.5806034482758626,6410.25641025641,3,dct_smooth_regression,utterance_000004,0-0-10-4,group_0,AH,1,4,ҫапнӑ,"",0.29000000000000004,ҫырса,<eps>,N,#,N,SIL,final
934.9029407918594,1750.4462807829068,3411.6947974062896,911.4023028772017,1817.0497685291828,3172.487480339213,426.89383812845017,426.12907183103937,511.59787429593706,0.00995729149112424,4.330375,0.17037499999999994,0.5874999999999998,6410.25641025641,3,dct_smooth_regression,utterance_000004,0-0-10-4,group_0,AH,1,4,ҫапнӑ,"",0.29000000000000004,ҫырса,<eps>,N,#,N,SIL,final
973.1554316615461,1870.875857094857,3417.045712195637,919.4765409647481,1826.0200994465793,3178.9710834847683,421.76370258691855,456.17240420902255,536.002654487914,0.00995729149112424,4.332375,0.17237499999999972,0.594396551724137,6410.25641025641,3,dct_smooth_regression,utterance_000004,0-0-10-4,group_0,AH,1,4,ҫапнӑ,"",0.29000000000000004,ҫырса,<eps>,N,#,N,SIL,final
990.0560921382382,1913.2083504959542,3413.5078138778867,927.4945353558891,1835.3203419015351,3185.3326038787277,416.5716334598344,487.87981777001613,560.8530115514416,0.00995729149112424,4.334375,0.1743749999999995,0.6012931034482741,6410.25641025641,3,dct_smooth_regression,utterance_000004,0-0-10-4,group_0,AH,1,4,ҫапнӑ,"",0.29000000000000004,ҫырса,<eps>,N,#,N,SIL,final
995.7875676458253,1911.0876415217622,3398.4277411055723,935.4130988910616,1844.9433026672868,3191.58843707813,411.37486155425063,521.1128011747472,586.0104034397244,0.00995729149112424,4.336375,0.17637500000000017,0.6081896551724143,6410.25641025641,3,dct_smooth_regression,utterance_000004,0-0-10-4,group_0,AH,1,4,ҫапнӑ,"",0.29000000000000004,ҫырса,<eps>,N,#,N,SIL,final
997.2890680662612,1910.2441200170185,3381.1134685125835,943.1898637035976,1854.8804423763686,3197.755647390801,406.2281667182537,555.6841249148927,611.3215100580649,0.00995729149112424,4.338375,0.17837499999999995,0.6150862068965515,6410.25641025641,3,dct_smooth_regression,utterance_000004,0-0-10-4,group_0,AH,1,4,ҫапнӑ,"",0.29000000000000004,ҫырса,<eps>,N,#,N,SIL,final
994.7969434700133,1929.0426486634944,3372.0863013557328,950.7836155036786,1865.1218655996363,3203.851701392674,401.18338394542565,591.3553032775906,636.6197876724938,0.00995729149112424,4.340375,0.18037499999999973,0.6219827586206886,6410.25641025641,3,dct_smooth_regression,utterance_000004,0-0-10-4,group_0,AH,1,4,ҫапнӑ,"",0.29000000000000004,ҫырса,<eps>,N,#,N,SIL,final
982.2714533245011,1937.6433200952513,3349.815934947359,958.1546187419899,1875.6563168943321,3209.8942013987566,396.28902250402564,627.8357297745583,661.7275381777923,0.00995729149112424,4.342375,0.1823749999999995,0.6288793103448258,6410.25641025641,3,dct_smooth_regression,utterance_000004,0-0-10-4,group_0,AH,1,4,ҫапнӑ,"",0.29000000000000004,ҫырса,<eps>,N,#,N,SIL,final
963.2307837359385,1935.1153135960283,3310.7000449880866,965.2649298503414,1886.471182991304,3215.9006215247546,391.5899919993623,664.7838458930956,686.4584746542431,0.00995729149112424,4.344374999999999,0.1843749999999993,0.6357758620689631,6410.25641025641,3,dct_smooth_regression,utterance_000004,0-0-10-4,group_0,AH,1,4,ҫапнӑ,"",0.29000000000000004,ҫырса,<eps>,N,#,N,SIL,final
974.3668586763334,1983.5999760754037,3311.351281624508,972.0786958541646,1897.552501260825,3221.8880489280505,387.127426152055,701.810634767775,710.6207406925864,0.00995729149112424,4.346375,0.18637499999999996,0.6426724137931032,6410.25641025641,3,dct_smooth_regression,utterance_000004,0-0-10-4,group_0,AH,1,4,ҫапнӑ,"",0.29000000000000004,ҫырса,<eps>,N,#,N,SIL,final
1002.4899515783235,2097.74284245122,3380.1022101109747,978.5624357732949,1908.88497456431,3227.8729327446695,382.9385927589713,738.4856251136889,734.0203166836067,0.00995729149112424,4.348375,0.18837499999999974,0.6495689655172404,6410.25641025641,3,dct_smooth_regression,utterance_000004,0-0-10-4,group_0,AH,1,4,ҫапнӑ,"",0.29000000000000004,ҫырса,<eps>,N,#,N,SIL,final
1006.3948217453293,2196.9662071531516,2715.022907329667,984.6853023718222,1920.4519925657876,3233.8708431438945,379.0568767769777,774.3454492628965,756.4647231894547,0.00995729149112424,4.350375,0.19037499999999952,0.6564655172413776,6410.25641025641,3,dct_smooth_regression,utterance_000004,0-0-10-4,group_0,AH,1,4,ҫапнӑ,"",0.29000000000000004,ҫырса,<eps>,N,#,N,SIL,final
993.5736910189164,2002.746299924122,2885.88594361427,990.4193219837824,1932.2356595424026,3239.8962428051996,375.51182267296264,808.9048298508224,777.7669112551189,0.00995729149112424,4.352375,0.19237500000000018,0.6633620689655179,6410.25641025641,3,dct_smooth_regression,utterance_000004,0-0-10-4,group_0,AH,1,4,ҫапнӑ,"",0.29000000000000004,ҫырса,<eps>,N,#,N,SIL,final
986.7090323606576,1848.2610944729006,2975.086199575774,995.7396103276291,1944.2168286977626,3245.9622729844527,372.3292220307599,841.6696847220214,797.7492136435036,0.00995729149112424,4.354375,0.19437499999999996,0.670258620689655,6410.25641025641,3,dct_smooth_regression,utterance_000004,0-0-10-4,group_0,AH,1,4,ҫапнӑ,"",0.29000000000000004,ҫырса,<eps>,N,#,N,SIL,final
994.4903768890129,1837.6125296519303,2990.583704009427,1000.6245624271872,1956.3751429457616,3252.0805561791954,369.5312327954456,872.151855004692,816.247220853296,0.00995729149112424,4.356375,0.19637499999999974,0.6771551724137922,6410.25641025641,3,dct_smooth_regression,utterance_000004,0-0-10-4,group_0,AH,1,4,ҫапнӑ,"",0.29000000000000004,ҫырса,<eps>,N,#,N,SIL,final
1010.7145756009448,1857.4624341383933,2998.704922663766,1005.0560149783458,1968.68908209589,3258.2610172278282,367.1365173615991,899.8847955235082,833.1134424394342,0.00995729149112424,4.358375,0.19837499999999952,0.6840517241379294,6410.25641025641,3,dct_smooth_regression,utterance_000004,0-0-10-4,group_0,AH,1,4,ҫапнӑ,"",0.29000000000000004,ҫырса,<eps>,N,#,N,SIL,final
1032.6970043676176,1886.1271197556473,3012.5589552390047,1009.019379737183,1981.1360163341437,3264.511724486408,365.16038787163495,924.4394385981273,848.2206181881419,0.00995729149112424,4.3603749999999994,0.2003749999999993,0.6909482758620665,6410.25641025641,3,dct_smooth_regression,utterance_000004,0-0-10-4,group_0,AH,1,4,ҫапнӑ,"",0.29000000000000004,ҫырса,<eps>,N,#,N,SIL,final
1047.5885835153113,1916.6060514728226,3033.844817248488,1012.5037467544723,1993.6922658567657,3270.838752521307,363.61494848966544,945.4393684864834,861.4645551636379,0.00995729149112424,4.362375,0.20237499999999997,0.6978448275862068,6410.25641025641,3,dct_smooth_regression,utterance_000004,0-0-10-4,group_0,AH,1,4,ҫапнӑ,"",0.29000000000000004,ҫырса,<eps>,N,#,N,SIL,final
1043.1642467504332,1959.3771504719953,3069.6622407182654,1015.5019565414209,2006.3331664773932,3277.2460675382604,362.5092259756702,962.5744363428342,872.7663850472895,0.00995729149112424,4.364375,0.20437499999999975,0.704741379310344,6410.25641025641,3,dct_smooth_regression,utterance_000004,0-0-10-4,group_0,AH,1,4,ҫапнӑ,"",0.29000000000000004,ҫырса,<eps>,N,#,N,SIL,final
1022.9142619699894,2027.1694525619007,3145.5414782124935,1018.0106405197595,2019.0331409920018,3283.735436540291,361.8492815395448,975.6120099806506,882.07416050559,0.00995729149112424,4.366375,0.20637499999999953,0.7116379310344811,6410.25641025641,3,dct_smooth_regression,utterance_000004,0-0-10-4,group_0,AH,1,4,ҫапнӑ,"",0.29000000000000004,ҫырса,<eps>,N,#,N,SIL,final
1002.7503099837506,2095.3563323632793,3267.6078668834757,1020.0302293836045,2031.7657760505563,3290.3063609709043,361.6382986560587,984.4051864896264,889.3637380679843,0.00995729149112424,4.368375,0.2083750000000002,0.7185344827586213,6410.25641025641,3,dct_smooth_regression,utterance_000004,0-0-10-4,group_0,AH,1,4,ҫапнӑ,"",0.29000000000000004,ҫырса,<eps>,N,#,N,SIL,final
988.9247499263541,2144.316586042224,3393.2936425275034,1021.5649292784314,2044.5039042497588,3296.9560353569996,361.8766432355516,988.8974883690345,894.6389263525429,0.00995729149112424,4.370375,0.21037499999999998,0.7254310344827585,6410.25641025641,3,dct_smooth_regression,utterance_000004,0-0-10-4,group_0,AH,1,4,ҫапнӑ,"",0.29000000000000004,ҫырса,<eps>,N,#,N,SIL,final
976.6924933925966,2147.94317775086,3453.3920906629032,1022.6226659816086,2057.2196911279457,3303.679331220387,362.5618942489052,989.123797855819,897.9309104509836,0.00995729149112424,4.372375,0.21237499999999976,0.7323275862068956,6410.25641025641,3,dct_smooth_regression,utterance_000004,0-0-10-4,group_0,AH,1,4,ҫапнӑ,"",0.29000000000000004,ҫырса,<eps>,N,#,N,SIL,final
965.7987422882704,2099.3035516539007,3450.710810080794,1023.2149975467792,2069.884726711257,3310.4688062799996,363.68884458545193,985.207537234785,899.2969938702564,0.00995729149112424,4.374375,0.21437499999999954,0.7392241379310328,6410.25641025641,3,dct_smooth_regression,utterance_000004,0-0-10-4,group_0,AH,1,4,ҫапнӑ,"",0.29000000000000004,ҫырса,<eps>,N,#,N,SIL,final
961.7710152067987,2035.6603927624435,3432.826515085599,1023.3569961485175,2082.4701212299133,3317.3147387210815,365.2494735707286,977.3543507929138,898.8187267818146,0.00995729149112424,4.3763749999999995,0.21637499999999932,0.74612068965517,6410.25641025641,3,dct_smooth_regression,utterance_000004,0-0-10-4,group_0,AH,1,4,ҫапнӑ,"",0.29000000000000004,ҫырса,<eps>,N,#,N,SIL,final
964.9767336985841,1992.1998160336796,3427.8098891826266,1023.0671001317088,2094.946604595016,3324.205186065192,367.23289418048734,965.8427634917648,896.5995119139526,0.00995729149112424,4.378375,0.21837499999999999,0.7530172413793103,6410.25641025641,3,dct_smooth_regression,utterance_000004,0-0-10-4,group_0,AH,1,4,ҫапнӑ,"",0.29000000000000004,ҫырса,<eps>,N,#,N,SIL,final
972.3418186473185,1974.4158701932788,3427.413033412107,1022.366937529644,2107.28462919989,3331.1260679379484,369.62527954893324,951.0124631345267,892.7617961184535,0.00995729149112424,4.380375,0.22037499999999977,0.7599137931034474,6410.25641025641,3,dct_smooth_regression,utterance_000004,0-0-10-4,group_0,AH,1,4,ҫапнӑ,"",0.29000000000000004,ҫырса,<eps>,N,#,N,SIL,final
982.6549481550855,1980.4366548914402,3424.281072694789,1021.2811225636083,2119.4544755858865,3338.061271802304,372.4097748679566,933.250963730693,887.4439658154436,0.00995729149112424,4.382375,0.22237499999999955,0.7668103448275846,6410.25641025641,3,dct_smooth_regression,utterance_000004,0-0-10-4,group_0,AH,1,4,ҫапнӑ,"",0.29000000000000004,ҫырса,<eps>,N,#,N,SIL,final
991.56903120217,2005.863159025233,3416.2489171381553,1019.8370268725722,2131.4263604908565,3344.992780505942,375.56640218663046,912.9794522271869,880.797068036614,0.00995729149112424,4.384375,0.2243750000000002,0.7737068965517249,6410.25641025641,3,dct_smooth_regression,utterance_000004,0-0-10-4,group_0,AH,1,4,ҫапнӑ,"",0.29000000000000004,ҫырса,<eps>,N,#,N,SIL,final
993.620536104524,2032.7338821903347,3406.223502754204,1018.0645274423888,2143.1705467794127,3351.900820283984,379.07196691249936,890.638600569072,872.9814759841944,0.00995729149112424,4.386375,0.226375,0.780603448275862,6410.25641025641,3,dct_smooth_regression,utterance_000004,0-0-10-4,group_0,AH,1,4,ҫапнӑ,"",0.29000000000000004,ҫырса,<eps>,N,#,N,SIL,final
990.311169012085,2055.7155926279443,3391.066644967078,1015.9957334077095,2154.657454737745,3358.7640276647326,382.8999759424298,866.6750485010232,864.1636096391052,0.00995729149112424,4.388375,0.22837499999999977,0.7874999999999992,6410.25641025641,3,dct_smooth_regression,utterance_000004,0-0-10-4,group_0,AH,1,4,ҫапнӑ,"",0.29000000000000004,ҫырса,<eps>,N,#,N,SIL,final
988.3192598639267,2097.0019292075895,3364.7082664469904,1013.6646940848537,2165.8577742022853,3365.559633548181,387.02057825398873,841.5291427710144,854.5128090259117,0.00995729149112424,4.390375,0.23037499999999955,0.7943965517241364,6410.25641025641,3,dct_smooth_regression,utterance_000004,0-0-10-4,group_0,AH,1,4,ҫапнӑ,"",0.29000000000000004,ҫырса,<eps>,N,#,N,SIL,final
994.4739239532507,2206.7658320397004,3331.7008665388835,1011.1070907584642,2176.742576981035,3372.26366256628,391.4005394015067,815.6243712800573,844.1984415007415,0.00995729149112424,4.3923749999999995,0.23237499999999933,0.8012931034482735,6410.25641025641,3,dct_smooth_regression,utterance_000004,0-0-10-4,group_0,AH,1,4,ҫапнӑ,"",0.29000000000000004,ҫырса,<eps>,N,#,N,SIL,final
1020.0625546839082,2437.109261949273,3342.1681395638316,1008.3599148874894,2187.283429018958,3378.851145691887,396.0032616108767,789.3587725562984,833.3873061676056,0.00995729149112424,4.394375,0.234375,0.8081896551724137,6410.25641025641,3,dct_smooth_regression,utterance_000004,0-0-10-4,group_0,AH,1,4,ҫапнӑ,"",0.29000000000000004,ҫырса,<eps>,N,#,N,SIL,final
1064.382965784077,2580.7887322602023,3437.3247328777966,1005.4611355155967,2197.4525017546366,3385.2963439411474,400.78886097854956,763.0984466086417,822.2413795079347,0.00995729149112424,4.396375,0.23637499999999978,0.8150862068965509,6410.25641025641,3,dct_smooth_regression,utterance_000004,0-0-10-4,group_0,AH,1,4,ҫапнӑ,"",0.29000000000000004,ҫырса,<eps>,N,#,N,SIL,final
1099.0049244883219,2572.45292183313,3479.671318580964,1002.4493587664605,2207.222682114345,3391.5729809129602,405.714312582722,737.1731547792417,810.9159276608574,0.00995729149112424,4.398375,0.23837499999999956,0.821982758620688,6410.25641025641,3,dct_smooth_regression,utterance_000004,0-0-10-4,group_0,AH,1,4,ҫапнӑ,"",0.29000000000000004,ҫырса,<eps>,N,#,N,SIL,final
1093.6223039199895,2455.4413272167667,3484.841768928746,999.3634823746436,2216.56768059193,3397.6544818300063,410.73367305011675,711.8738820596301,799.5579934607812,0.00995729149112424,4.400375,0.24037500000000023,0.8288793103448283,6410.25641025641,3,dct_smooth_regression,utterance_000004,0-0-10-4,group_0,AH,1,4,ҫапнӑ,"",0.29000000000000004,ҫырса,<eps>,N,#,N,SIL,final
1056.3566338617943,2354.472462358503,3518.109770328913,996.2423482473606,2225.462136868394,3403.51421668925,415.7983882524188,687.4521500018054,788.3052510380795,0.00995729149112424,4.402375,0.242375,0.8357758620689655,6410.25641025641,3,dct_smooth_regression,utterance_000004,0-0-10-4,group_0,AH,1,4,ҫапнӑ,"",0.29000000000000004,ҫырса,<eps>,N,#,N,SIL,final
1019.9432113238239,2299.894408696891,3577.9278846141046,993.1243960708819,2233.881722433788,3409.1257450963835,420.8576913236915,664.1208128322394,777.2852079903628,0.00995729149112424,4.404375,0.2443749999999998,0.8426724137931026,6410.25641025641,3,dct_smooth_regression,utterance_000004,0-0-10-4,group_0,AH,1,4,ҫапнӑ,"",0.29000000000000004,ҫырса,<eps>,N,#,N,SIL,final
1007.9678127642898,2268.5481388118906,3637.1873663194856,990.0473209675092,2241.8032396860144,3414.4630603485753,425.8590931221425,642.0560417573413,766.6147250752779,0.00995729149112424,4.406375,0.24637499999999957,0.8495689655172398,6410.25641025641,3,dct_smooth_regression,utterance_000004,0-0-10-4,group_0,AH,1,4,ҫапнӑ,"",0.29000000000000004,ҫырса,<eps>,N,#,N,SIL,final
1018.3404909456307,2251.0886743191095,3661.4593118693147,987.0477381750123,2249.204716996221,3419.5008303432173,430.7489636772585,621.4001987741739,756.3998160935878,0.00995729149112424,4.4083749999999995,0.24837499999999935,0.856465517241377,6410.25641025641,3,dct_smooth_regression,utterance_000004,0-0-10-4,group_0,AH,1,4,ҫапнӑ,"",0.29000000000000004,ҫырса,<eps>,N,#,N,SIL,final
1037.073722223491,2251.544445140638,3645.988962136909,984.160857660413,2256.0654992487184,3424.2146329269017,435.4731991835476,602.265316431793,746.7356859868321,0.00995729149112424,4.410375,0.250375,0.8633620689655173,6410.25641025641,3,dct_smooth_regression,utterance_000004,0-0-10-4,group_0,AH,1,4,ҫапнӑ,"",0.29000000000000004,ҫырса,<eps>,N,#,N,SIL,final
1043.3893615691716,2275.986422260324,3596.0159838405352,981.4201714945833,2262.366333384508,3428.581183358267,439.97796488749714,584.7369283964084,737.7069629041234,0.00995729149112424,4.412375,0.2523749999999998,0.8702586206896544,6410.25641025641,3,dct_smooth_regression,utterance_000004,0-0-10-4,group_0,AH,1,4,ҫапнӑ,"",0.29000000000000004,ҫырса,<eps>,N,#,N,SIL,final
1032.57278218628,2314.7263591053825,3536.5418576672378,978.8571567039945,2268.0894485016274,3432.5785516399774,444.2104999684947,568.8780320626632,729.388079752851,0.00995729149112424,4.414375,0.2543749999999996,0.8771551724137916,6410.25641025641,3,dct_smooth_regression,utterance_000004,0-0-10-4,group_0,AH,1,4,ҫапнӑ,"",0.29000000000000004,ҫырса,<eps>,N,#,N,SIL,final
1010.9131869179978,2345.040782481527,3499.247686198139,976.5009961820986,2273.218630092297,3436.186367578181,448.1199664727549,554.7330041980625,721.8437621523298,0.00995729149112424,4.4163749999999995,0.25637499999999935,0.8840517241379288,6410.25641025641,3,dct_smooth_regression,utterance_000004,0-0-10-4,group_0,AH,1,4,ҫапнӑ,"",0.29000000000000004,ҫырса,<eps>,N,#,N,SIL,final
986.289762918039,2343.098121420677,3490.191253536442,974.3783200863735,2277.739288026266,3439.3860115512925,451.65832077490194,542.331329995802,715.129582366316,0.00995729149112424,4.418375,0.258375,0.890948275862069,6410.25641025641,3,dct_smooth_regression,utterance_000004,0-0-10-4,group_0,AH,1,4,ҫапнӑ,"",0.29000000000000004,ҫырса,<eps>,N,#,N,SIL,final
965.8806446621461,2312.681678019334,3510.677443419652,972.5129699694195,2281.638517921539,3442.1607891126496,454.78118316825237,531.6910422273372,709.2925423308578,0.00995729149112424,4.420375,0.2603749999999998,0.8978448275862062,6410.25641025641,3,dct_smooth_regression,utterance_000004,0-0-10-4,group_0,AH,1,4,ҫапнӑ,"",0.29000000000000004,ҫырса,<eps>,N,#,N,SIL,final
954.3626856723911,2274.904832071896,3572.4602935571697,970.9257876951622,2284.905155577716,3444.4960877122016,457.44867925563346,522.8217986707007,704.3716529919798,0.00995729149112424,4.422375,0.2623749999999996,0.9047413793103434,6410.25641025641,3,dct_smooth_regression,utterance_000004,0-0-10-4,group_0,AH,1,4,ҫапнӑ,"",0.29000000000000004,ҫырса,<eps>,N,#,N,SIL,final
942.1801974304333,2243.5299992679543,3694.673894505652,969.6344309759611,2287.529824183172,3446.3795139992517,459.62622602054404,515.7275517224613,700.3984815527601,0.00995729149112424,4.4243749999999995,0.26437499999999936,0.9116379310344805,6410.25641025641,3,dct_smooth_regression,utterance_000004,0-0-10-4,group_0,AH,1,4,ҫапнӑ,"",0.29000000000000004,ҫырса,<eps>,N,#,N,SIL,final
919.2569512959822,2207.1774752866663,3023.3271183382817,968.6532171350901,2289.504974045155,3447.801010359795,461.2852359360835,510.4087838378229,697.3976426927343,0.00995729149112424,4.426375,0.26637500000000003,0.9185344827586207,6410.25641025641,3,dct_smooth_regression,utterance_000004,0-0-10-4,group_0,AH,1,4,ҫапнӑ,"",0.29000000000000004,ҫырса,<eps>,N,#,N,SIL,final
882.5380531942902,1954.9658268729584,2742.548819830266,967.9929964536909,2290.8249146312596,3448.752949546294,462.40371427257895,506.8642964538109,695.3872142180901,0.00995729149112424,4.428375,0.2683749999999998,0.9254310344827579,6410.25641025641,3,dct_smooth_regression,utterance_000004,0-0-10-4,group_0,AH,1,4,ҫапнӑ,"",0.29000000000000004,ҫырса,<eps>,N,#,N,SIL,final
841.1234016046296,1784.1581986579085,2797.1756482271016,967.6610562040372,2291.4858387514314,3449.2302064728747,462.9667278636068,505.09254896148724,694.3790618415957,0.00995729149112424,4.430375,0.2703749999999996,0.932327586206895,6410.25641025641,3,dct_smooth_regression,utterance_000004,0-0-10-4,group_0,AH,1,4,ҫапнӑ,"",0.29000000000000004,ҫырса,<eps>,N,#,N,SIL,final
