spk,cue,rule,estimate,se,lo,hi,p,AIC,n,dAIC
chv_voice_1,duration,A6,0.1016619861222263,0.01756058721855983,0.06724323517384903,0.13608073707060356,7.071682429933734e-09,2239.9285424600703,3909,14.465109852673777
chv_voice_1,duration,A5,0.1016619861222263,0.01756058721855983,0.06724323517384903,0.13608073707060356,7.071682429933734e-09,2239.9285424600703,3909,14.465109852673777
chv_voice_1,duration,A4,0.10054455806850034,0.017590945856836782,0.06606630418910024,0.13502281194790045,1.0925374536998848e-08,2240.9691287679407,3909,15.505696160544176
chv_voice_1,duration,B6,0.12008655922107411,0.018941126241623755,0.08296195178749155,0.15721116665465668,2.2977942574605312e-10,2230.956032740897,3909,5.492600133500673
chv_voice_1,duration,B5,0.12840429871289308,0.019575255501471826,0.0900367979300083,0.16677179949577786,5.3980906978696665e-11,2225.4634326073965,3909,0.0
chv_voice_1,duration,B4,0.12775982695734628,0.019643925755903603,0.08925773247577522,0.16626192143891733,7.832495123110536e-11,2226.437745656648,3909,0.9743130492515775
chv_voice_1,duration,SON_F,0.08437679970840385,0.017127531553949183,0.050806837862663455,0.11794676155414424,8.376524497642492e-07,2252.970248618817,3909,27.506816011420597
chv_voice_1,duration,SON_A,0.07267855495238848,0.015996289065814264,0.04132582838339252,0.10403128152138444,5.5337399957244075e-06,2260.6392931363434,3909,35.17586052894694
chv_voice_1,duration,SON_B,0.087003084705037,0.01725838529827568,0.05317664952041667,0.12082951988965732,4.6260586297133054e-07,2253.394018701615,3909,27.930586094218597
chv_voice_1,intensity,A6,0.7910463466336072,0.23142575351832492,0.3374518697376903,1.244640823529524,0.0006304994378050062,23060.423426763347,3909,0.0
chv_voice_1,intensity,A5,0.7910463466336072,0.23142575351832492,0.3374518697376903,1.244640823529524,0.0006304994378050062,23060.423426763347,3909,0.0
chv_voice_1,intensity,A4,0.757271803610644,0.23106831266562838,0.30437791078601234,1.2101656964352756,0.0010481840902367228,23061.684553218274,3909,1.2611264549268526
chv_voice_1,intensity,B6,0.665424561965528,0.24681556147744252,0.18166606146974068,1.1491830624613153,0.007016929491380573,23066.692204573974,3909,6.268777810626489
chv_voice_1,intensity,B5,0.6968359325170996,0.2547971678351069,0.19743348356029006,1.1962383814739093,0.006240580787369726,23066.28315822483,3909,5.859731461481715
chv_voice_1,intensity,B4,0.6515311100368583,0.2550406145758874,0.151651505468119,1.1514107146055976,0.01063046720514753,23067.52431478864,3909,7.100888025292079
chv_voice_1,intensity,SON_F,0.5234225237143502,0.22174445172673735,0.088803398329945,0.9580416490987553,0.018251484329412745,23068.48731464097,3909,8.06388787762262
chv_voice_1,intensity,SON_A,0.5475434055657056,0.21040795958793052,0.1351438047733618,0.9599430063580494,0.009260238453311986,23067.114519274284,3909,6.691092510936869
chv_voice_1,intensity,SON_B,0.3814494016391377,0.22028504124452009,-0.050309279200121626,0.813208082478397,0.08334171316239769,23072.20702493791,3909,11.78359817456294
chv_voice_1,f0,A6,0.05661698608585031,0.12896251638568335,-0.19614954603008905,0.30938351820178966,0.660647819189061,19273.616759602028,3909,2.6052399547079403
chv_voice_1,f0,A5,0.05661698608585031,0.12896251638568335,-0.19614954603008905,0.30938351820178966,0.660647819189061,19273.616759602028,3909,2.6052399547079403
chv_voice_1,f0,A4,0.06021739948497393,0.1288298475281708,-0.19228910167024085,0.31272390064018873,0.640200792375518,19273.588919072383,3909,2.5773994250630494
chv_voice_1,f0,B6,-0.047320503079616015,0.14159000541311456,-0.32483691368932055,0.23019590753008853,0.7382226579738685,19273.70301294389,3909,2.6914932965701155
chv_voice_1,f0,B5,-0.04624198100280473,0.14451350999603138,-0.32948846059502623,0.23700449858941675,0.7489806168241184,19273.714046826244,3909,2.702527178924356
chv_voice_1,f0,B4,-0.03300553734908097,0.1452208386895843,-0.3176383811806662,0.25162730648250425,0.8202073884978277,19273.768823940245,3909,2.757304292925255
chv_voice_1,f0,SON_F,-0.13417559205816307,0.12593206964369044,-0.38100244855979637,0.1126512644434702,0.2866677846780904,19272.548824582394,3909,1.5373049350746442
chv_voice_1,f0,SON_A,-0.0719431463623088,0.12200150816930043,-0.3110661023741376,0.16717980964952006,0.5553980774299436,19273.42733480791,3909,2.415815160591592
chv_voice_1,f0,SON_B,-0.20651335921021058,0.13304883409616286,-0.4672890740386898,0.05426235561826864,0.12062343941558935,19271.01151964732,3909,0.0
chv_voice_10,duration,A6,0.012315140033477282,0.04417396150647533,-0.07426582451921437,0.09889610458616893,0.7804080513541949,145.46149454293914,295,0.8341871846970434
chv_voice_10,duration,A5,0.012315140033477282,0.04417396150647533,-0.07426582451921437,0.09889610458616893,0.7804080513541949,145.46149454293914,295,0.8341871846970434
chv_voice_10,duration,A4,0.012315140033477282,0.04417396150647533,-0.07426582451921437,0.09889610458616893,0.7804080513541949,145.46149454293914,295,0.8341871846970434
chv_voice_10,duration,B6,0.009206469384254064,0.04879481953067444,-0.08643137689586783,0.10484431566437596,0.8503458310398607,145.50138507185954,295,0.8740777136174529
chv_voice_10,duration,B5,0.022041654548570662,0.04782911508801169,-0.07170341102393224,0.11578672012107358,0.6449121239661245,145.34970355640803,295,0.7223961981659386
chv_voice_10,duration,B4,0.022041654548570662,0.04782911508801169,-0.07170341102393224,0.11578672012107358,0.6449121239661245,145.34970355640803,295,0.7223961981659386
chv_voice_10,duration,SON_F,0.04225705852835362,0.042922648745493376,-0.04187133301281339,0.12638545006952062,0.32487304221494073,144.6273073582421,295,0.0
chv_voice_10,duration,SON_A,0.03839394144239282,0.0405989544765304,-0.04118000933160676,0.1179678922163924,0.3443077777679636,144.70965575515197,295,0.08234839690987883
chv_voice_10,duration,SON_B,0.029232433994579674,0.04342667723638986,-0.055883853388744464,0.1143487213779038,0.500855291622806,145.12861775014642,295,0.501310391904326
chv_voice_10,intensity,A6,0.6551527705451142,0.39057548044273444,-0.11037517112264528,1.4206807122128737,0.09346355908103264,1339.8829685568658,295,0.5705680281857894
chv_voice_10,intensity,A5,0.6551527705451142,0.39057548044273444,-0.11037517112264528,1.4206807122128737,0.09346355908103264,1339.8829685568658,295,0.5705680281857894
chv_voice_10,intensity,A4,0.6551527705451142,0.39057548044273444,-0.11037517112264528,1.4206807122128737,0.09346355908103264,1339.8829685568658,295,0.5705680281857894
chv_voice_10,intensity,B6,0.7776000231304189,0.4466095382983849,-0.09775467193441556,1.6529547181952533,0.08166285088379255,1339.370078756152,295,0.057678227472024446
chv_voice_10,intensity,B5,0.6997162608126293,0.4466199533041213,-0.17565884766344841,1.575091369288707,0.11718651683397516,1340.2370297850407,295,0.9246292563607312
chv_voice_10,intensity,B4,0.6997162608126293,0.4466199533041213,-0.17565884766344841,1.575091369288707,0.11718651683397516,1340.2370297850407,295,0.9246292563607312
chv_voice_10,intensity,SON_F,0.6865598693613628,0.3571516378521514,-0.01345734082885397,1.3865770795515795,0.05456545814134784,1339.31240052868,295,0.0
chv_voice_10,intensity,SON_A,0.38351890019930274,0.314370753263541,-0.2326477761972377,0.9996855765958432,0.2224810564555516,1342.04244391991,295,2.730043391230083
chv_voice_10,intensity,SON_B,0.5241330701078106,0.34580165881958647,-0.15363818117857886,1.2019043213942,0.1295941333632208,1341.2066537380424,295,1.8942532093624322
chv_voice_10,f0,A6,-0.003823742871104981,0.2777579520334301,-0.548229328856628,0.540581843114418,0.9890163035254994,1176.0176557395873,295,3.8582479059803063
chv_voice_10,f0,A5,-0.003823742871104981,0.2777579520334301,-0.548229328856628,0.540581843114418,0.9890163035254994,1176.0176557395873,295,3.8582479059803063
chv_voice_10,f0,A4,-0.003823742871104981,0.2777579520334301,-0.548229328856628,0.540581843114418,0.9890163035254994,1176.0176557395873,295,3.8582479059803063
chv_voice_10,f0,B6,0.09134253439177058,0.30095986538308794,-0.4985388017590818,0.6812238705426229,0.7615057707058777,1175.918930076476,295,3.759522242869025
chv_voice_10,f0,B5,-0.0019708111444113564,0.2918309694099234,-0.5739595111878613,0.5700178888990386,0.9946117170666254,1176.017824633264,295,3.8584167996568794
chv_voice_10,f0,B4,-0.0019708111444113564,0.2918309694099234,-0.5739595111878613,0.5700178888990386,0.9946117170666254,1176.017824633264,295,3.8584167996568794
chv_voice_10,f0,SON_F,-0.47516836229591924,0.27072901571575453,-1.005797233098798,0.05546050850695966,0.07923470837150316,1172.5150871494352,295,0.35567931582818346
chv_voice_10,f0,SON_A,-0.47502425564738365,0.264555029749562,-0.9935521139565251,0.043503602661757845,0.07256462672352675,1172.159407833607,295,0.0
chv_voice_10,f0,SON_B,-0.4129352219117133,0.2831006174820245,-0.9678124321764813,0.14194198835305472,0.1446706992878127,1173.547138403008,295,1.387730569400901
chv_voice_2,duration,A6,0.14130610916905292,0.015796665989379,0.11034464382987008,0.17226757450823577,3.7089978928013163e-19,1426.8251266706802,3811,0.0
chv_voice_2,duration,A5,0.14119436726868634,0.015807408927668333,0.11021184577045641,0.17217688876691628,4.1775599441022105e-19,1427.1387582007528,3811,0.31363153007259825
chv_voice_2,duration,A4,0.14017014567609506,0.015744520413229348,0.10931088566616554,0.1710294056860246,5.44605673374931e-19,1427.9731810760468,3811,1.1480544053665653
chv_voice_2,duration,B6,0.15706878807470473,0.01728722315703847,0.12318583068690933,0.19095174546250013,1.029095093180729e-19,1432.5349249517103,3811,5.709798281030089
chv_voice_2,duration,B5,0.1586406306496319,0.017179893338016027,0.1249680397071205,0.1923132215921433,2.604979183627486e-20,1435.9409156273496,3811,9.115788956669348
chv_voice_2,duration,B4,0.15951982877333135,0.017324420533988423,0.12556396452671403,0.19347569301994866,3.3287195143768605e-20,1435.7265418113902,3811,8.901415140710014
chv_voice_2,duration,SON_F,0.11614779847908899,0.014982290284536,0.08678250952139843,0.14551308743677954,9.021491474269806e-15,1467.0751963200391,3811,40.25006964935892
chv_voice_2,duration,SON_A,0.11666943946217405,0.014050391870095285,0.08913067139678729,0.1442082075275608,1.009666391196993e-16,1456.2041222960916,3811,29.378995625411335
chv_voice_2,duration,SON_B,0.12440398251352908,0.015019650251869065,0.09496546801986572,0.15384249700719244,1.2036465270570502e-16,1463.743215916099,3811,36.91808924541874
chv_voice_2,intensity,A6,0.01310148646319831,0.14690648991478128,-0.274835233769773,0.3010382066961696,0.9289368814437557,18798.89603172537,3811,0.9998168579841149
chv_voice_2,intensity,A5,0.010649566653114659,0.1469575496303389,-0.2773872306223496,0.29868636392857895,0.9422302995946106,18798.900023453923,3811,1.0038085865380708
chv_voice_2,intensity,A4,0.021470318431810232,0.14521388771640317,-0.26314890149234,0.3060895383559605,0.8824587294100024,18798.876000757493,3811,0.9797858901074505
chv_voice_2,intensity,B6,0.008258358216427711,0.1614393337370194,-0.3081627359081303,0.3246794523409858,0.9592023596190967,18798.90416643784,3811,1.0079515704528603
chv_voice_2,intensity,B5,0.03347491230889117,0.15130348278133035,-0.26307991394251634,0.33002973856029866,0.8249028391495086,18798.85119404251,3811,0.9549791751232988
chv_voice_2,intensity,B4,0.018159901893964794,0.15165982810679038,-0.2790933611953444,0.31541316498327393,0.9046883080715115,18798.891279668085,3811,0.9950648006997653
chv_voice_2,intensity,SON_F,0.02171564167491619,0.13039099649465288,-0.23385071145460345,0.2772819948044358,0.867730045167814,18798.87483392121,3811,0.9786190538252413
chv_voice_2,intensity,SON_A,0.11410467265195189,0.11953948459370445,-0.12019271715170883,0.3484020624556126,0.3398126868256889,18797.896214867385,3811,0.0
chv_voice_2,intensity,SON_B,0.09937034133650488,0.12535615802107405,-0.14632772838480027,0.34506841105781005,0.4279502367538429,18798.28390816997,3811,0.3876933025858307
chv_voice_2,f0,A6,0.09838619448499372,0.10384349219912323,-0.10514705022528781,0.30191943919527525,0.3434111034623165,17582.021331214244,3811,0.4823440473264782
chv_voice_2,f0,A5,0.094421545127861,0.1040812723043975,-0.1095777485887581,0.2984208388444801,0.36430604797783384,17582.094014408627,3811,0.5550272417094675
chv_voice_2,f0,A4,0.12121687388536968,0.10422687864571835,-0.08306780826023828,0.32550155603097763,0.24482555514237803,17581.538987166918,3811,0.0
chv_voice_2,f0,B6,0.11869487136520786,0.12064572836900875,-0.11777075623804929,0.355160498968465,0.32519916963700013,17581.906135230707,3811,0.36714806378950016
chv_voice_2,f0,B5,0.10141551262293408,0.12421128513471315,-0.14203860624110368,0.3448696314869718,0.41422803955224896,17582.218227597565,3811,0.6792404306470416
chv_voice_2,f0,B4,0.10906037414850124,0.1254617121084454,-0.13684458158405172,0.3549653298810542,0.38469828367996206,17582.1140539485,3811,0.575066781580972
chv_voice_2,f0,SON_F,0.010889917196268459,0.1029004870695607,-0.19079503746007054,0.21257487185260743,0.915717552723492,17582.921446970195,3811,1.3824598032770155
chv_voice_2,f0,SON_A,0.03691332707399443,0.09712105379173805,-0.15344393835781212,0.227270592505801,0.7038894176264126,17582.787208046975,3811,1.248220880057488
chv_voice_2,f0,SON_B,0.0060230375574976056,0.11051227160557081,-0.21058101478942118,0.2226270899044164,0.9565359524677159,17582.92969250849,3811,1.3907053415714472
chv_voice_3,duration,A6,0.08713967178891253,0.02202002434902437,0.04398042406482477,0.1302989195130003,7.580416440774178e-05,644.4241996859178,1458,8.166791814223416
chv_voice_3,duration,A5,0.08713967178891253,0.02202002434902437,0.04398042406482477,0.1302989195130003,7.580416440774178e-05,644.4241996859178,1458,8.166791814223416
chv_voice_3,duration,A4,0.08591362944631988,0.02170501404714113,0.043371801913923265,0.1284554569787165,7.5504439938096e-05,644.6501599473745,1458,8.392752075680164
chv_voice_3,duration,B6,0.1152634069306831,0.024407972112971493,0.06742378158925896,0.16310303227210723,2.331153035977914e-06,638.0381522683792,1458,1.780744396684895
chv_voice_3,duration,B5,0.12214951065577126,0.024980489898823243,0.0731877504540777,0.1711112708574648,1.0094030434831158e-06,636.2574078716943,1458,0.0
chv_voice_3,duration,B4,0.11740342766679109,0.02506325255630129,0.06827945265644056,0.1665274026771416,2.8093835252035996e-06,638.3399071122449,1458,2.0824992405505327
chv_voice_3,duration,SON_F,0.07762766473263592,0.02041687749282838,0.0376105848466923,0.11764474461857954,0.0001434562142900961,646.2129544869349,1458,9.955546615240564
chv_voice_3,duration,SON_A,0.07751429061371057,0.01891917125343784,0.040432714956972406,0.11459586627044874,4.183053029968184e-05,644.9981813756444,1458,8.740773503950095
chv_voice_3,duration,SON_B,0.0951565642704307,0.020601547046836956,0.05477753205863027,0.13553559648223112,3.857726164495193e-06,640.4380750293567,1458,4.180667157662356
chv_voice_3,intensity,A6,0.6859341724225934,0.20132569412385815,0.2913358119398314,1.0805325329053552,0.000656601737154139,7138.612673048703,1458,0.3510455645064212
chv_voice_3,intensity,A5,0.6859341724225934,0.20132569412385815,0.2913358119398314,1.0805325329053552,0.000656601737154139,7138.612673048703,1458,0.3510455645064212
chv_voice_3,intensity,A4,0.6905617251030249,0.1988809373961085,0.30075508780665233,1.0803683623993976,0.0005161406959914578,7138.261627484197,1458,0.0
chv_voice_3,intensity,B6,0.5412084231686567,0.2198555764271876,0.11029149337136901,0.9721253529659444,0.013829789902009374,7144.827707433671,1458,6.566079949474442
chv_voice_3,intensity,B5,0.5497538146482341,0.22458232698403555,0.10957245375952446,0.9899351755369439,0.014369377374061998,7144.895458632709,1458,6.6338311485123995
chv_voice_3,intensity,B4,0.5764717772405217,0.22680630090811196,0.13193142746062225,1.021012127020421,0.011031731457827348,7144.354673617392,1458,6.0930461331954575
chv_voice_3,intensity,SON_F,0.21767024935234655,0.1878274807295583,-0.15047161287758767,0.5858121115822807,0.2465034994163544,7149.392313887944,1458,11.13068640374695
chv_voice_3,intensity,SON_A,0.41813431604992046,0.17952974624888005,0.06625601340211557,0.7700126186977254,0.019856251655713118,7145.264970430949,1458,7.003342946752127
chv_voice_3,intensity,SON_B,0.19777872029408314,0.18246163071153831,-0.15984607590053193,0.5554035164886982,0.2783883400049313,7149.723925665034,1458,11.462298180837024
chv_voice_3,f0,A6,0.34134033245028544,0.13708074751601002,0.07266206731890584,0.610018597581665,0.012771878863556975,6106.948995735383,1458,1.1778771055614925
chv_voice_3,f0,A5,0.34134033245028544,0.13708074751601002,0.07266206731890584,0.610018597581665,0.012771878863556975,6106.948995735383,1458,1.1778771055614925
chv_voice_3,f0,A4,0.3699029955823781,0.13647124906532926,0.10241934741433278,0.6373866437504234,0.0067185299945167806,6105.771118629821,1458,0.0
chv_voice_3,f0,B6,0.27830935286709185,0.15137213189034573,-0.018380025637985797,0.5749987313721695,0.06597739494934421,6109.871819940847,1458,4.100701311025659
chv_voice_3,f0,B5,0.22715607025770654,0.15229322347205598,-0.07133864774752316,0.5256507882629362,0.13581179242649416,6111.0289600857395,1458,5.257841455918424
chv_voice_3,f0,B4,0.22333221825962238,0.15343454746546895,-0.07739949477269673,0.5240639312919415,0.14551604416963598,6111.1108274500675,1458,5.339708820246415
chv_voice_3,f0,SON_F,0.12812367427044158,0.12842053521086885,-0.12358057474286138,0.37982792328374454,0.31843049511107446,6112.098688116743,1458,6.327569486921675
chv_voice_3,f0,SON_A,0.2476128000833175,0.12543979685799028,0.0017507982416565537,0.4934748019249785,0.048386600831771306,6109.139801190186,1458,3.3686825603645048
chv_voice_3,f0,SON_B,0.15134167696117268,0.13137498466756123,-0.10615329298724735,0.4088366469095927,0.2493282843459913,6111.82472652722,1458,6.053607897399161
chv_voice_4,duration,A6,0.0694632930406088,0.016274829333692092,0.037564627546572305,0.1013619585346453,1.9710728050449527e-05,4039.4845335507016,4649,9.712305491442748
chv_voice_4,duration,A5,0.06913010762639989,0.016251108120380112,0.03727793571045487,0.1009822795423449,2.1010694461601737e-05,4039.6795127751666,4649,9.907284715907736
chv_voice_4,duration,A4,0.07157518549428597,0.016218387857750437,0.039787145293095114,0.10336322569547683,1.0184812920335301e-05,4038.0316171733575,4649,8.259389114098667
chv_voice_4,duration,B6,0.08688105542483658,0.017824145005331592,0.05194573121438666,0.12181637963528649,1.0916933655936342e-06,4033.1037749902716,4649,3.331546931012781
chv_voice_4,duration,B5,0.09158848364508661,0.018523190590524045,0.05528303008765948,0.12789393720251374,7.632753195168555e-07,4031.2832112913075,4649,1.510983232048602
chv_voice_4,duration,B4,0.09410180857684328,0.018584730331790353,0.057675737126534184,0.13052788002715238,4.118578300404132e-07,4029.772228059259,4649,0.0
chv_voice_4,duration,SON_F,0.05443665334628154,0.01723439413928418,0.020657240833284546,0.08821606585927853,0.0015852588103933238,4046.435229670191,4649,16.663001610932042
chv_voice_4,duration,SON_A,0.06241082766030539,0.016102452819405696,0.030850020134270226,0.09397163518634055,0.00010624944479993014,4040.3958344186303,4649,10.623606359371479
chv_voice_4,duration,SON_B,0.07409344089145832,0.01758216567417715,0.03963239617007111,0.10855448561284553,2.5074858323981233e-05,4035.889137325388,4649,6.116909266129369
chv_voice_4,intensity,A6,0.8453872569429903,0.11333716224055612,0.6232464189515003,1.0675280949344803,8.715030293362455e-14,23889.651452752572,4649,0.5761841058410937
chv_voice_4,intensity,A5,0.8505170053710841,0.11322325638125615,0.6285994228638221,1.0724345878783461,5.829407671793604e-14,23889.07526864673,4649,0.0
chv_voice_4,intensity,A4,0.8186073444703217,0.1130408461216069,0.5970472860719722,1.0401674028686712,4.431110550905018e-13,23892.257793862693,4649,3.1825252159615047
chv_voice_4,intensity,B6,0.8227805495144317,0.12650440889979467,0.5748319080708342,1.0707291909580292,7.822886468188764e-11,23899.414366785102,4649,10.3390981383709
chv_voice_4,intensity,B5,0.8132805140896703,0.12678997447942386,0.5647721641099995,1.061788864069341,1.4138659274757452e-10,23901.66617051356,4649,12.590901866828062
chv_voice_4,intensity,B4,0.7756968499820732,0.1267986109242578,0.5271715725705279,1.0242221273936185,9.502491410867451e-10,23904.78794148924,4649,15.712672842510074
chv_voice_4,intensity,SON_F,0.5199467613259311,0.10266067627565843,0.3187318358256406,0.7211616868262216,4.090181848453558e-07,23915.753499424187,4649,26.67823077745561
chv_voice_4,intensity,SON_A,0.5492320101745846,0.09550137461996519,0.3620493159194528,0.7364147044297163,8.869730773376029e-09,23912.07756425527,4649,23.00229560853768
chv_voice_4,intensity,SON_B,0.46596336132704796,0.10260770467767691,0.26485226015880126,0.6670744624952947,5.593169738894654e-06,23920.57872311502,4649,31.50345446828942
chv_voice_4,f0,A6,0.3854085455667487,0.07978215260339909,0.22903552646408648,0.5417815646694109,1.3601189762821322e-06,20500.9703924016,4649,0.4354914499235747
chv_voice_4,f0,A5,0.389589881332581,0.07967562308230286,0.2334256600912674,0.5457541025738946,1.0098985229408664e-06,20500.534900951676,4649,0.0
chv_voice_4,f0,A4,0.3874938574526187,0.07937275075601029,0.23192326597083857,0.5430644489343989,1.0504151174225034e-06,20500.666144903425,4649,0.13124395174963865
chv_voice_4,f0,B6,0.40840494505617275,0.0901932238186386,0.2316262263716411,0.5851836637407044,5.9513268280375596e-06,20502.362484122754,4649,1.827583171078004
chv_voice_4,f0,B5,0.4017651651815203,0.09209667301805069,0.22125568606614093,0.5822746442968996,1.2862653967076836e-05,20503.67498236394,4649,3.140081412264408
chv_voice_4,f0,B4,0.4046569105274312,0.09229031865522648,0.22376788596318728,0.5855459350916751,1.1619458792111957e-05,20503.518334867465,4649,2.9834339157896466
chv_voice_4,f0,SON_F,0.21187657927213066,0.083435610283986,0.04834278311551812,0.3754103754287432,0.011104205995323383,20513.86384499597,4649,13.328944044293166
chv_voice_4,f0,SON_A,0.24335039954707524,0.07618177589250122,0.09403411879777285,0.39266668029637763,0.0014015155126825812,20511.183171784298,4649,10.648270832622075
chv_voice_4,f0,SON_B,0.23943019763621914,0.08235885255802419,0.07800684662249174,0.40085354864994655,0.0036472891667785183,20512.691485982814,4649,12.156585031138093
chv_voice_5,duration,A6,0.09694780162178447,0.038673987965498625,0.021146785209407173,0.17274881803416176,0.012183097348649183,505.2375188020319,647,1.9956112181482695
chv_voice_5,duration,A5,0.10169056503268639,0.03814118807410951,0.026933836407431758,0.17644729365794104,0.007672283939187357,504.4303862517447,647,1.1884786678610908
chv_voice_5,duration,A4,0.10169056503268639,0.03814118807410951,0.026933836407431758,0.17644729365794104,0.007672283939187357,504.4303862517447,647,1.1884786678610908
chv_voice_5,duration,B6,0.12306785339179699,0.042733232947276205,0.039310716815135635,0.20682498996845833,0.003977890464571939,503.24190758388363,647,0.0
chv_voice_5,duration,B5,0.12188562387090918,0.04092629653708965,0.04167008265821347,0.20210116508360487,0.002899715104095055,503.8221937907622,647,0.5802862068785544
chv_voice_5,duration,B4,0.12351631872552966,0.04153039184666437,0.042116750706067504,0.20491588674499184,0.002938313007893417,503.7431558942669,647,0.5012483103832892
chv_voice_5,duration,SON_F,0.07440460645565872,0.03675591422357937,0.0023630145774431455,0.1464461983338743,0.04294038670161685,507.7946780852483,647,4.552770501364648
chv_voice_5,duration,SON_A,0.06220524948426584,0.033595617196133146,-0.0036421602201551218,0.1280526591886868,0.06408497401750411,508.62664324757134,647,5.384735663687707
chv_voice_5,duration,SON_B,0.09291067622039467,0.037693828484266965,0.019030772391231424,0.16679058004955793,0.013706003521359011,506.0490776541985,647,2.8071700703148963
chv_voice_5,intensity,A6,1.1127710085306057,0.33041897999929604,0.46514980773198555,1.760392209329226,0.0007578221219058917,3436.0999909637894,647,0.0
chv_voice_5,intensity,A5,0.9817876257365932,0.3317626637819179,0.3315328047240341,1.632042446749152,0.00308331610118652,3438.035993009077,647,1.9360020452877507
chv_voice_5,intensity,A4,0.9817876257365932,0.3317626637819179,0.3315328047240341,1.632042446749152,0.00308331610118652,3438.035993009077,647,1.9360020452877507
chv_voice_5,intensity,B6,0.8333767048748149,0.3595299609023594,0.1286979815061905,1.5380554282434393,0.0204513988117288,3441.2232483674698,647,5.123257403680327
chv_voice_5,intensity,B5,0.7712123700736293,0.36977355635543624,0.046456199616974336,1.4959685405302843,0.03701177225043907,3442.0067115269885,647,5.906720563199087
chv_voice_5,intensity,B4,0.7248755502053758,0.37349266154333227,-0.007170066419555532,1.456921166830307,0.052282218522155366,3442.4575721188767,647,6.357581155087246
chv_voice_5,intensity,SON_F,0.9123043158327977,0.31860168591778354,0.2878450114339419,1.5367636202316535,0.004190370184322895,3438.9200031173204,647,2.8200121535310245
chv_voice_5,intensity,SON_A,0.9909234875832358,0.2967250005722479,0.40934248646162996,1.5725044887048416,0.0008391881336201698,3436.6899278713845,647,0.5899369075950744
chv_voice_5,intensity,SON_B,0.6553867370815456,0.32130674388617675,0.02562551906463917,1.2851479550984521,0.041374827007142144,3442.355530195541,647,6.255539231751754
chv_voice_5,f0,A6,0.88531987756955,0.18797422903263697,0.5168903886655816,1.2537493664735184,2.4796740771874014e-06,2716.3314934978403,647,0.0
chv_voice_5,f0,A5,0.8490602218024697,0.18278529317224645,0.4908010471848666,1.2073193964200728,3.3987342594802436e-06,2717.4553281507388,647,1.1238346528984948
chv_voice_5,f0,A4,0.8490602218024697,0.18278529317224645,0.4908010471848666,1.2073193964200728,3.3987342594802436e-06,2717.4553281507388,647,1.1238346528984948
chv_voice_5,f0,B6,0.9467636256262572,0.22098086103002884,0.5136411380074006,1.3798861132451137,1.8325826690050516e-05,2717.7173544658885,647,1.3858609680482914
chv_voice_5,f0,B5,0.8609873412503205,0.22681709676591155,0.4164258315891339,1.3055488509115072,0.00014707657286151438,2721.2688582786395,647,4.937364780799271
chv_voice_5,f0,B4,0.8458140099924445,0.23002163874909617,0.394971598044216,1.296656421940673,0.0002358947838185344,2721.934077154763,647,5.602583656922889
chv_voice_5,f0,SON_F,0.6355389962638546,0.20782278952545075,0.22820632879397112,1.042871663733738,0.0022275909657395424,2724.672623857815,647,8.341130359974613
chv_voice_5,f0,SON_A,0.7997775158152013,0.18128310281417698,0.4444626342994144,1.1550923973309881,1.0253379949582428e-05,2716.97345072157,647,0.6419572237296052
chv_voice_5,f0,SON_B,0.7558103268621609,0.20880236486810425,0.3465576917206766,1.1650629620036452,0.00029489888235150364,2721.8076474989884,647,5.476154001148188
chv_voice_main,duration,A6,0.12121913633809372,0.010049626332273905,0.10152186872683687,0.14091640394935057,1.6755122977031575e-33,166535.3999364419,374529,916.0577303207247
chv_voice_main,duration,A5,0.12178574477515945,0.010014977903592856,0.10215638808411745,0.14141510146620145,5.053499545158151e-34,166433.65212285938,374529,814.3099167381879
chv_voice_main,duration,A4,0.12137799206799114,0.009950865374486119,0.10187429593399835,0.14088168820198393,3.1960103371085736e-34,166444.94631859695,374529,825.6041124757612
chv_voice_main,duration,B6,0.14270533167940222,0.01132543065219247,0.12050748760110498,0.16490317575769947,2.099881738837762e-36,165619.3422061212,374529,0.0
chv_voice_main,duration,B5,0.14591560490387762,0.011673773923236817,0.12303500801433345,0.16879620179342178,7.518157053300214e-36,165631.72521246818,374529,12.38300634699408
chv_voice_main,duration,B4,0.1453422352755628,0.011771982165829357,0.12226915023053728,0.16841532032058834,5.090621803935463e-35,165780.2839529839,374529,160.94174686272163
chv_voice_main,duration,SON_F,0.11889095339948258,0.009314394960238746,0.10063473927741463,0.1371471675215505,2.5975125027841314e-37,166276.6659167054,374529,657.3237105841981
chv_voice_main,duration,SON_A,0.11011146082453532,0.008596706195628037,0.09326191668110437,0.12696100496796628,1.4682673951981915e-37,166821.08323387068,374529,1201.7410277494928
chv_voice_main,duration,SON_B,0.12511163152360733,0.009611933826783416,0.10627224122311182,0.14395102182410283,9.887024456057284e-39,166256.96226716612,374529,637.6200610449305
chv_voice_main,intensity,A6,0.646969176125482,0.12104079614428379,0.4097292156826858,0.8842091365682783,9.039181484304589e-08,2165767.5799762513,374529,0.0
chv_voice_main,intensity,A5,0.6379563018710294,0.12098834977665547,0.40081913630878463,0.8750934674332741,1.3430390637906385e-07,2165795.1078888755,374529,27.527912624180317
chv_voice_main,intensity,A4,0.6316154339313486,0.12052548208071347,0.3953854890531502,0.8678453788095469,1.601302423094772e-07,2165810.9225906623,374529,43.342614410910755
chv_voice_main,intensity,B6,0.5287878119361907,0.13959767830124445,0.2551763624657516,0.8023992614066299,0.00015190072067151574,2166284.833213564,374529,517.2532373126596
chv_voice_main,intensity,B5,0.5289914365120146,0.1423594707295577,0.24996687388208155,0.8080159991419478,0.00020249359050857036,2166311.167902366,374529,543.5879261144437
chv_voice_main,intensity,B4,0.5190041612782151,0.14338029588132944,0.2379787813508094,0.8000295412056209,0.0002948612769092775,2166337.249117441,374529,569.6691411896609
chv_voice_main,intensity,SON_F,0.3356402622608155,0.12388996397264243,0.09281593287443635,0.5784645916471947,0.006744965393313199,2166560.460924433,374529,792.8809481817298
chv_voice_main,intensity,SON_A,0.4641933086450854,0.1168419814497304,0.23518302500361382,0.6932035922865569,7.10237919081362e-05,2166211.394288475,374529,443.8143122238107
chv_voice_main,intensity,SON_B,0.3476190998671731,0.12930089434983097,0.09418934694150438,0.6010488527928418,0.00717844016124538,2166569.812175014,374529,802.2321987627074
chv_voice_main,f0,A6,0.05798752886426041,0.03608672355679764,-0.012742449307062961,0.12871750703558377,0.10807768788201398,1520416.384008151,374529,3.0530934995040298
chv_voice_main,f0,A5,0.05553068189144545,0.035997796881024266,-0.015024999995362116,0.12608636377825302,0.12292461795958036,1520420.4069647992,374529,7.076050147647038
chv_voice_main,f0,A4,0.05947360102597076,0.0357926100428954,-0.010679914658104216,0.12962711671004573,0.0965896390533839,1520413.3309146515,374529,0.0
chv_voice_main,f0,B6,0.03053308340831582,0.035077693714314954,-0.038219196271741494,0.09928536308837313,0.38405912782471496,1520455.4235217164,374529,42.09260706487112
chv_voice_main,f0,B5,0.024149668927691572,0.03632676997501337,-0.04705080022333463,0.09535013807871778,0.5061848985483413,1520459.9196501952,374529,46.588735543657094
chv_voice_main,f0,B4,0.027656532688365393,0.0366595224929361,-0.04419613139778937,0.09950919677452015,0.4505994283271598,1520457.9154162416,374529,44.58450159011409
chv_voice_main,f0,SON_F,-0.04483508052488026,0.03275054807758228,-0.10902615475694152,0.019355993707181003,0.1710032816570496,1520434.4016566728,374529,21.0707420213148
chv_voice_main,f0,SON_A,-0.020536830763761036,0.03278537287424144,-0.08479616159727427,0.0437225000697522,0.5310511455708133,1520459.2303998088,374529,45.89948515733704
chv_voice_main,f0,SON_B,-0.06024431029968146,0.03103179436916133,-0.12106662726323766,0.0005780066638747458,0.05221296265408114,1520413.9821433201,374529,0.6512286686338484
cv_100,duration,A6,0.12622525220893044,0.023526611569051444,0.08011309353358961,0.17233741088427126,8.085431954743136e-08,906.4665032142225,2019,7.329888378194482
cv_100,duration,A5,0.12815229233965222,0.023264938211134147,0.0825530134458293,0.17375157123347515,3.621357769889586e-08,904.6339824770489,2019,5.497367641020901
cv_100,duration,A4,0.1261764286850239,0.02322421496308159,0.08065696735738398,0.17169589001266383,5.542418991388403e-08,906.1293101560009,2019,6.992695319972881
cv_100,duration,B6,0.14946226871157337,0.02540207060073282,0.09967421033413704,0.1992503270890097,4.00802943175055e-09,899.136614836028,2019,0.0
cv_100,duration,B5,0.14658941032569675,0.025488442713371518,0.09663206260748858,0.19654675804390492,8.860648152686425e-09,901.6582579629944,2019,2.52164312696641
cv_100,duration,B4,0.14518757578636798,0.02574926835758229,0.0947190098055067,0.19565614176722929,1.715252057521065e-08,903.1866167953663,2019,4.05000195933826
cv_100,duration,SON_F,0.1065944301473871,0.02176725580573625,0.06393060876814405,0.14925825152663016,9.730677979620262e-07,916.5274480864687,2019,17.390833250440664
cv_100,duration,SON_A,0.10671780339952051,0.020579532567575463,0.06638191956707261,0.14705368723196843,2.1528798789778676e-07,913.5718072859395,2019,14.435192449911483
cv_100,duration,SON_B,0.1138443067342557,0.022690457919703803,0.06937100921163625,0.15831760425687516,5.240904961297166e-07,915.5649542537963,2019,16.428339417768257
cv_100,intensity,A6,-0.11509371590154936,0.16334422027389217,-0.43524838763837803,0.20506095583527928,0.4810539459329757,9916.88911034008,2019,2.835205409763148
cv_100,intensity,A5,-0.13530566981931855,0.1634475131257425,-0.4556627955457738,0.1850514559071367,0.40777054213043407,9916.717368997362,2019,2.6634640670454246
cv_100,intensity,A4,-0.13498208126614789,0.16194527664079256,-0.45239482348210125,0.1824306609498055,0.4045603847920616,9916.720933879054,2019,2.667028948737425
cv_100,intensity,B6,-0.1822771112058178,0.19045497178823614,-0.5555688559107606,0.191014633499125,0.33853624044195163,9916.42055325012,2019,2.366648319803062
cv_100,intensity,B5,-0.16624311128127722,0.18857501218611494,-0.5358501351660625,0.20336391260350806,0.3780064071203948,9916.580055822023,2019,2.526150891706493
cv_100,intensity,B4,-0.1644384669822356,0.1869480256302481,-0.5308565972175219,0.20197966325305064,0.37907898507046367,9916.60455890182,2019,2.55065397150247
cv_100,intensity,SON_F,-0.2116525162482329,0.15505616573368886,-0.5155626010862631,0.09225756858979728,0.17225132701937473,9915.72014667535,2019,1.6662417450334033
cv_100,intensity,SON_A,-0.18271520164802546,0.14566793280834275,-0.4682243499523773,0.10279394665632635,0.20972322267797316,9916.031217053618,2019,1.9773121233010897
cv_100,intensity,SON_B,-0.3183784116628071,0.16696212765027596,-0.645624181857348,0.00886735853173376,0.056534833343431935,9914.053904930317,2019,0.0
cv_100,f0,A6,-0.3885390854929164,0.1565060396581117,-0.6952909232228153,-0.08178724776301749,0.013043402353102385,9426.684576133353,2019,0.0
cv_100,f0,A5,-0.3645480047317633,0.1548445416181902,-0.6680433063034161,-0.06105270316011052,0.01855843312897594,9427.38861579118,2019,0.7040396578267973
cv_100,f0,A4,-0.37950787279596077,0.15153876357458346,-0.6765238494021444,-0.0824918961897772,0.012267256031499637,9426.925319832948,2019,0.2407436995945318
cv_100,f0,B6,-0.3619525062970523,0.170534509670267,-0.6962001452507756,-0.027704867343328943,0.033799211470319494,9428.460158952996,2019,1.7755828196422954
cv_100,f0,B5,-0.3975686964626918,0.1728577795778676,-0.7363699444353122,-0.05876744849007126,0.021449595504892005,9427.578139742483,2019,0.8935636091300694
cv_100,f0,B4,-0.42303889237137204,0.17072632515127026,-0.7576624896678618,-0.08841529507488233,0.013216657300455315,9426.932363276206,2019,0.24778714285275782
cv_100,f0,SON_F,-0.18673561107183406,0.15521201134778073,-0.49095115331348427,0.11747993116981614,0.228937525142078,9431.405009588721,2019,4.720433455368038
cv_100,f0,SON_A,-0.24942375975717096,0.148106214187029,-0.5397119395637477,0.04086442004940588,0.0921648435383269,9429.928541490408,2019,3.243965357054549
cv_100,f0,SON_B,-0.3115572547302893,0.16355954289225713,-0.6321339587991133,0.009019449338534713,0.05679888902823148,9429.010809787993,2019,2.326233654639509
cv_101,duration,A6,0.20065253066954256,0.03353899348541336,0.13491610343813237,0.26638895790095274,2.1951723087999104e-09,700.3986133995513,1557,4.986944660278823
cv_101,duration,A5,0.20065253066954256,0.03353899348541336,0.13491610343813237,0.26638895790095274,2.1951723087999104e-09,700.3986133995513,1557,4.986944660278823
cv_101,duration,A4,0.20539743279834502,0.03366282717812202,0.13941829152922586,0.2713765740674642,1.0500553396396885e-09,697.5713665658682,1557,2.159697826595675
cv_101,duration,B6,0.22995014834831834,0.034270266020925644,0.16278042694730407,0.2971198697493326,1.9475431623207957e-11,695.4116687392725,1557,0.0
cv_101,duration,B5,0.2262013113656874,0.03480478523152314,0.15798393231190205,0.2944186904194728,8.077830956356582e-11,697.8699857144693,1557,2.4583169751967944
cv_101,duration,B4,0.2286449486817692,0.035303581610391405,0.15944992872540206,0.29783996863813633,9.385167861479836e-11,696.8655496299098,1557,1.453880890637265
cv_101,duration,SON_F,0.152150788162491,0.028567408533112668,0.09615866743759018,0.20814290888739184,1.0038423526651144e-07,708.2012867477838,1557,12.789618008511297
cv_101,duration,SON_A,0.15700973125615797,0.02732469883524732,0.10345332153907322,0.21056614097324272,9.133954848293792e-09,701.6237865213034,1557,6.212117782030873
cv_101,duration,SON_B,0.1648716314483835,0.028655199479402177,0.10870744046875522,0.22103582242801176,8.734332325752812e-09,701.5150149480614,1557,6.103346208788935
cv_101,intensity,A6,1.8011092419983252,0.3223724757483601,1.1692591895315396,2.432959294465111,2.3096707434893705e-08,8305.166684539154,1557,0.0
cv_101,intensity,A5,1.8011092419983252,0.3223724757483601,1.1692591895315396,2.432959294465111,2.3096707434893705e-08,8305.166684539154,1557,0.0
cv_101,intensity,A4,1.796412077312653,0.32178012377676,1.1657230347102034,2.4271011199151027,2.3676994612626153e-08,8305.237712705955,1557,0.07102816680162505
cv_101,intensity,B6,1.7540659960727452,0.3738222799482798,1.0213743273741167,2.486757664771374,2.7022228203645743e-06,8312.316323397066,1557,7.149638857912578
cv_101,intensity,B5,1.7421394301245055,0.37724443228581567,1.002740342844307,2.481538517404704,3.87334337889568e-06,8312.899190739612,1557,7.732506200458374
cv_101,intensity,B4,1.7710898147430971,0.37675203041669436,1.0326558351263762,2.509523794359818,2.5896281836479573e-06,8312.148549583631,1557,6.981865044477672
cv_101,intensity,SON_F,1.0872846347228287,0.2768417815822572,0.5446747428216046,1.6298945266240528,8.584819395912161e-05,8320.447213248077,1557,15.280528708923157
cv_101,intensity,SON_A,1.2266647237106472,0.2589316916581195,0.719158608060733,1.7341708393605613,2.1647049263238555e-06,8313.874193081412,1557,8.707508542258438
cv_101,intensity,SON_B,1.1266910046441663,0.2704968444481441,0.5965171895258039,1.6568648197625286,3.109912901260003e-05,8319.652841643814,1557,14.486157104660379
cv_101,f0,A6,0.1731616711345331,0.1835667723462815,-0.18662920266417862,0.5329525449332448,0.3455187435785999,6530.551506802625,1557,0.036165502799121896
cv_101,f0,A5,0.1731616711345331,0.1835667723462815,-0.18662920266417862,0.5329525449332448,0.3455187435785999,6530.551506802625,1557,0.036165502799121896
cv_101,f0,A4,0.1760756856764456,0.18358074710258626,-0.18374257864462346,0.5358939499975146,0.33749906564974363,6530.515341299826,1557,0.0
cv_101,f0,B6,0.10111957844648173,0.2016057444439487,-0.2940276806636577,0.49626683755662115,0.6159693802259727,6531.24907320026,1557,0.7337319004336678
cv_101,f0,B5,0.1099805942116243,0.20302645588601828,-0.2879512593249715,0.5079124477482201,0.5880212427344494,6531.201522645002,1557,0.6861813451760099
cv_101,f0,B4,0.10622239110560033,0.2037726678372024,-0.29317203785531637,0.505616820066517,0.6021725010528926,6531.224502055355,1557,0.7091607555285009
cv_101,f0,SON_F,-0.052125770420442245,0.14721248965522343,-0.34066225014468016,0.23641070930379565,0.7232749997211834,6531.392799797104,1557,0.8774584972779849
cv_101,f0,SON_A,-0.013894292612546698,0.14331997665039983,-0.2948014468473304,0.267012861622237,0.9227693104889219,6531.514380102677,1557,0.9990388028509187
cv_101,f0,SON_B,-0.10656973217859433,0.14876334951718226,-0.39814589723227156,0.1850064328750829,0.47376236842480324,6530.989705706315,1557,0.4743644064892578
cv_102,duration,A6,0.12235794388369262,0.016909124655093095,0.08921605955971015,0.15549982820767508,4.614033609492195e-13,1764.6743672911507,5261,22.984832565029137
cv_102,duration,A5,0.12602051548158116,0.016852211020624216,0.09299018188115771,0.15905084908200462,7.547304933619647e-14,1756.183902985631,5261,14.494368259509429
cv_102,duration,A4,0.1263287358520248,0.016794174625401097,0.09341215358623867,0.15924531811781095,5.387203142700407e-14,1755.1028427801612,5261,13.41330805403959
cv_102,duration,B6,0.1468842022854912,0.018747585476841033,0.11013893475088278,0.18362946982009964,4.694660794400818e-15,1741.6895347261216,5261,0.0
cv_102,duration,B5,0.1439601090292246,0.018357382468485364,0.10797963939099328,0.1799405786674559,4.431348190321824e-15,1749.6438597832603,5261,7.954325057138703
cv_102,duration,B4,0.14440666739936386,0.0184267746868645,0.10829018901310944,0.1805231457856183,4.6222930812493204e-15,1749.229178034002,5261,7.539643307880397
cv_102,duration,SON_F,0.09151970671649547,0.01643785773048097,0.05930150556475276,0.12373790786823817,2.5824572116602407e-08,1819.7371890337927,5261,78.04765430767111
cv_102,duration,SON_A,0.08775528011371324,0.01547504844988121,0.05742418515194607,0.11808637507548041,1.4216573992572531e-08,1820.7321100588779,5261,79.04257533275631
cv_102,duration,SON_B,0.10525625287143701,0.017098436862577508,0.07174331662078509,0.13876918912208894,7.465272219769569e-10,1807.1337589867017,5261,65.44422426058009
cv_102,intensity,A6,0.40444585046659126,0.14368216208730908,0.12282881277546548,0.6860628881577171,0.004879776909208992,25423.967623543642,5261,0.0
cv_102,intensity,A5,0.3945871685789985,0.14438004614313263,0.11160227813845858,0.6775720590195384,0.0062764948393830376,25424.656739568578,5261,0.6891160249360837
cv_102,intensity,A4,0.3819099852923918,0.14545260004992439,0.09682288919454002,0.6669970813902435,0.008647956159659943,25425.56667662342,5261,1.5990530797789688
cv_102,intensity,B6,0.2841805314121362,0.16602828689864277,-0.04123491090920367,0.609595973733476,0.0869631715391368,25433.347877116772,5261,9.380253573130176
cv_102,intensity,B5,0.3151905357507919,0.1593230559235765,0.002917346140581978,0.6274637253610018,0.04789364591961978,25431.992070874017,5261,8.024447330375551
cv_102,intensity,B4,0.2823415754917188,0.1614522164437022,-0.034104768737937496,0.598787919721375,0.08033208802925479,25433.532529240347,5261,9.564905696704955
cv_102,intensity,SON_F,0.29607464119519133,0.1235370116150393,0.053942098429714314,0.5382071839606684,0.016545843134093532,25431.07954044739,5261,7.111916903748352
cv_102,intensity,SON_A,0.3847056793841112,0.12070621010622623,0.1481215075759078,0.6212898511923146,0.0014369507220447727,25424.0913593159,5261,0.12373577225662302
cv_102,intensity,SON_B,0.2733199113509856,0.1356279916505824,0.007489047715844133,0.5391507749861271,0.043881857663481245,25433.1867818485,5261,9.219158304858865
cv_102,f0,A6,-0.5183706182993196,0.08795918658949352,-0.6907706240147269,-0.3459706125839124,3.785388333058112e-09,24114.034219874775,5261,2.922395883448189
cv_102,f0,A5,-0.4965749783145476,0.088401891937746,-0.6698426865125298,-0.32330727011656546,1.9402757492741013e-08,24116.62388742918,5261,5.512063437854522
cv_102,f0,A4,-0.4992191273909712,0.08845220701988198,-0.6725854531499399,-0.3258528016320025,1.6620007060341596e-08,24116.207392235163,5261,5.095568243836169
cv_102,f0,B6,-0.5982127956606086,0.10123274133233963,-0.7966289686719943,-0.3997966226492229,3.4360248071971134e-09,24111.111823991327,5261,0.0
cv_102,f0,B5,-0.560909916089465,0.10306912758644407,-0.7629254061588955,-0.3588944260200347,5.2663511148738814e-08,24115.88952431524,5261,4.77770032391345
cv_102,f0,B4,-0.5617976278920725,0.10323578225932235,-0.7641397611203443,-0.3594554946638008,5.2718637582550136e-08,24115.894840557612,5261,4.783016566285369
cv_102,f0,SON_F,-0.45591806119406597,0.09492213498269839,-0.6419654457601548,-0.26987067662797715,1.562479207712091e-06,24120.970864945455,5261,9.859040954128432
cv_102,f0,SON_A,-0.4802670202438494,0.08640161576178997,-0.6496141871369577,-0.310919853350741,2.7203731806152282e-08,24115.98085315848,5261,4.8690291671518935
cv_102,f0,SON_B,-0.5133156377518959,0.09771164864426839,-0.704830469094662,-0.3218008064091299,1.4933948549593204e-07,24117.742148544607,5261,6.630324553279934
cv_103,duration,A6,0.05793761180503179,0.03111787003510567,-0.0030534134637753216,0.11892863707383891,0.0626205869320974,737.5028156057333,3055,3.2306987150905115
cv_103,duration,A5,0.06181413321120683,0.031120799407100812,0.0008173663732892397,0.12281090004912443,0.0470039831734363,736.8306722050693,3055,2.558555314426485
cv_103,duration,A4,0.06907857276413652,0.031519836958468106,0.007299692325539037,0.130857453202734,0.028409094199605557,735.2322149203737,3055,0.9600980297309434
cv_103,duration,B6,0.07593745037833362,0.035461221272872524,0.006433456683503466,0.14544144407316378,0.032239997389030293,735.7159480142518,3055,1.4438311236090158
cv_103,duration,B5,0.07365374998458712,0.03550846452635421,0.004057159512932881,0.14325034045624135,0.03805526896400093,736.0948903970002,3055,1.8227735063574073
cv_103,duration,B4,0.08176431565595552,0.03578442448420601,0.011626843666911732,0.1519017876449993,0.022317898547556756,734.2721168906428,3055,0.0
cv_103,duration,SON_F,-0.018745005144134876,0.03032959691391102,-0.07819101509540047,0.04070100480713072,0.536546775058917,740.5383866985258,3055,6.2662698078829635
cv_103,duration,SON_A,-0.016726571174714912,0.02910682396686153,-0.07377594614976352,0.040322803800333686,0.5655202489296735,740.788357700133,3055,6.5162408094902275
cv_103,duration,SON_B,-0.01604476249776414,0.030471871120719397,-0.07576962989437416,0.04368010489884588,0.5985107087945771,740.9445063212415,3055,6.6723894305987415
cv_103,intensity,A6,1.1168077038872657,0.31517940328351646,0.49905607345157343,1.734559334322958,0.00039499830011095586,15926.64077326867,3055,1.3384818672111578
cv_103,intensity,A5,1.150408316615967,0.3145290251970327,0.533931427229783,1.7668852060021512,0.00025462913365179555,15925.818247614141,3055,0.515956212682795
cv_103,intensity,A4,1.1473975593953165,0.30847941318797706,0.5427779095468815,1.7520172092437516,0.00019959607515340026,15925.302291401458,3055,0.0
cv_103,intensity,B6,1.1273768607359846,0.3737960020219056,0.3947366967730497,1.8600170246989196,0.002561149136837822,15928.653772138083,3055,3.3514807366245805
cv_103,intensity,B5,1.1645982825752652,0.37670239923697485,0.4262615800707945,1.902934985079736,0.001991073594377947,15928.01504478544,3055,2.7127533839811804
cv_103,intensity,B4,1.1576190597583664,0.36476759503131667,0.4426745734969858,1.8725635460197472,0.0015057152052278683,15927.52352691477,3055,2.221235513312422
cv_103,intensity,SON_F,0.19179079819750283,0.2510190963400403,-0.3002066306289762,0.6837882270239819,0.4448382596283271,15937.198451047128,3055,11.896159645670195
cv_103,intensity,SON_A,0.25777290784264684,0.24222733548145783,-0.2169926697010105,0.7325384853863042,0.28724824623077294,15936.242126598887,3055,10.939835197428692
cv_103,intensity,SON_B,0.20308054977936849,0.2523892369424218,-0.2916023546277783,0.6977634541865152,0.4210318570814815,15937.076989694098,3055,11.774698292640096
cv_103,f0,A6,0.24909841948360897,0.08748105830554805,0.07763554520473481,0.42056129376248313,0.004407025686347935,8974.519642603347,3055,0.24609237214099267
cv_103,f0,A5,0.2533413788784248,0.08686905126423379,0.08307803840052655,0.42360471935632305,0.003541422377471635,8974.273550231206,3055,0.0
cv_103,f0,A4,0.23238593949093592,0.08505003624022578,0.06568786846009339,0.39908401052177844,0.006288548151106952,8974.97581288057,3055,0.7022626493635471
cv_103,f0,B6,0.25691697941736497,0.10277022798979994,0.05548733255735708,0.4583466262773729,0.01242226133691178,8975.289657873804,3055,1.0161076425974898
cv_103,f0,B5,0.262027258041587,0.10301554678756222,0.06011678633796505,0.46393772974520897,0.010972605754213558,8975.097872372477,3055,0.824322141270386
cv_103,f0,B4,0.23525933923872383,0.0999114189199202,0.03943295815568024,0.4310857203217674,0.018538702912502994,8975.832903790459,3055,1.5593535592524859
cv_103,f0,SON_F,-0.07425776535716135,0.06832255705804179,-0.20816997719092323,0.05965444647660055,0.2770940866194789,8978.584704072553,3055,4.3111538413468224
cv_103,f0,SON_A,-0.05603921766114465,0.06668754854542408,-0.18674681281017583,0.07466837748788654,0.40072615909025866,8979.222399629278,3055,4.948849398071616
cv_103,f0,SON_B,-0.07349803208833654,0.0690387143567911,-0.2088139122276471,0.061817848050974025,0.28706080429036096,8978.628383417226,3055,4.354833186020187
cv_104,duration,A6,0.20126315145882614,0.015093800058646209,0.17167930334387957,0.23084699957377272,1.4649464273354726e-40,5228.556060714689,8175,11.085241967077309
cv_104,duration,A5,0.20297986397711051,0.015064391901011779,0.17345365585112743,0.2325060721030936,2.2202994328030964e-41,5219.312918902802,8175,1.8421001551905647
cv_104,duration,A4,0.20287513428065398,0.014959716835807439,0.1735540892824714,0.23219617927883657,6.780239360406337e-42,5217.470818747612,8175,0.0
cv_104,duration,B6,0.22193602843544571,0.015479712706660733,0.1915957915303907,0.25227626534050074,1.2808643984420419e-46,5228.280942254552,8175,10.810123506940727
cv_104,duration,B5,0.22229570506446736,0.015050354170747827,0.1927970108898016,0.2517943992391331,2.2826830932550892e-49,5231.990845781102,8175,14.520027033489896
cv_104,duration,B4,0.21947472801228401,0.015072853274361695,0.18993193559453508,0.24901752043003295,4.977761225896798e-48,5243.477537186054,8175,26.006718438442476
cv_104,duration,SON_F,0.12993015887214357,0.014196347261355319,0.10210531823988714,0.1577549995044,5.570027059294293e-20,5434.242393386028,8175,216.7715746384165
cv_104,duration,SON_A,0.1360517445290257,0.013401032372565631,0.10978572107879705,0.16231776797925432,3.2353473025736583e-24,5398.067105329881,8175,180.59628658226939
cv_104,duration,SON_B,0.14339857270290698,0.014533916345674844,0.1149120966653843,0.17188504874042967,5.817106330488061e-23,5410.778419410073,8175,193.30760066246148
cv_104,intensity,A6,2.227340358572799,0.15710174790029868,1.9194209326882135,2.5352597844573843,1.2591834204266932e-45,46477.00210131555,8175,3.4268386746261967
cv_104,intensity,A5,2.2319624081718006,0.15631951092328497,1.925576166762162,2.5383486495814394,2.991987411664445e-46,46473.57526264092,8175,0.0
cv_104,intensity,A4,2.178468165408939,0.15603693700283547,1.8726357688833817,2.4843005619344964,2.687407179389928e-44,46486.04542064224,8175,12.470158001313393
cv_104,intensity,B6,2.204258933266292,0.17318846791609496,1.864809536150746,2.543708330381838,4.1586187455922526e-37,46534.027920396795,8175,60.45265775587177
cv_104,intensity,B5,2.213122031098193,0.17186563950130723,1.876265377675631,2.5499786845207555,6.061001865502044e-38,46535.24580072868,8175,61.67053808775381
cv_104,intensity,B4,2.1481535365464395,0.17311568451810802,1.8088467948909477,2.4874602782019313,2.3420937336227547e-35,46550.13560391072,8175,76.56034126979648
cv_104,intensity,SON_F,1.6258004811861937,0.1627836238101829,1.3067445785182352,1.9448563838541522,1.7289728909323458e-23,46603.81667909534,8175,130.24141645441705
cv_104,intensity,SON_A,1.8410380782572926,0.15107738066911808,1.5449264121458213,2.137149744368764,3.688247651058297e-34,46532.64457469002,8175,59.06931204909779
cv_104,intensity,SON_B,1.710692094397242,0.16402488983018712,1.3892033103300752,2.0321808784644086,1.819067435783961e-25,46597.13053546066,8175,123.55527281973627
cv_104,f0,A6,0.5521349096713294,0.07213185232477029,0.41075647911477964,0.6935133402278791,1.9403135883337637e-14,33519.49750509662,8175,0.41572359757265076
cv_104,f0,A5,0.5513866875572897,0.0718328350632216,0.4105943308333754,0.692179044281204,1.6417153801903707e-14,33519.081781499044,8175,0.0
cv_104,f0,A4,0.5299061956556651,0.0717651779297861,0.38924644691328436,0.6705659443980458,1.5373021413286383e-13,33525.38981200709,8175,6.308030508043885
cv_104,f0,B6,0.5206016598026199,0.08102454617613541,0.36179354929739443,0.6794097703078452,1.316669137996726e-10,33543.197617694685,8175,24.11583619564044
cv_104,f0,B5,0.5052112792214368,0.08141647870059063,0.34563498096827916,0.6647875774745945,5.460287685316684e-10,33547.75201286681,8175,28.670231367766974
cv_104,f0,B4,0.48411222314679153,0.0820028116843956,0.3233867122453762,0.6448377340482069,3.5564272324747368e-09,33552.979698007104,8175,33.89791650806001
cv_104,f0,SON_F,0.3111558952216487,0.07417774613867757,0.16576751278984067,0.45654427765345673,2.7319229586399836e-05,33577.857604534634,8175,58.77582303559029
cv_104,f0,SON_A,0.361796125590314,0.06997400244684633,0.2246470807944952,0.4989451703861328,2.3354801655349884e-07,33562.765900424885,8175,43.684118925841176
cv_104,f0,SON_B,0.27082252978053445,0.07627681963288993,0.1213199633000702,0.4203250962609987,0.00038446793229372707,33586.39769183941,8175,67.31591034036683
cv_105,duration,A6,0.019038829620260392,0.02346016014354788,-0.02694308426109345,0.06502074350161424,0.4170563349670062,1939.7291665954945,4817,1.2940697780923074
cv_105,duration,A5,0.020289504967015065,0.023364713518626876,-0.025505333529493614,0.06608434346352374,0.3851850507377583,1939.5637303986296,4817,1.1286335812274046
cv_105,duration,A4,0.014118486570402952,0.023258078791879466,-0.0314673478616808,0.05970432100248671,0.5438271511142326,1940.2380640573956,4817,1.8029672399934498
cv_105,duration,B6,0.0305693009191218,0.026599666052281295,-0.02156604454334954,0.08270464638159314,0.25045857004384486,1938.4350968174022,4817,0.0
cv_105,duration,B5,0.025781811326023325,0.026027888233266887,-0.02523284961117977,0.07679647226322642,0.3219074905351885,1939.1672582899027,4817,0.7321614725005929
cv_105,duration,B4,0.017463385152299723,0.026062674659955307,-0.033619457181212675,0.06854622748581213,0.5028237158398207,1940.0925196626504,4817,1.6574228452482203
cv_105,duration,SON_F,0.0144149875041106,0.017544512376307306,-0.019972256753451725,0.04880223176167292,0.4112910857055455,1939.6230445797883,4817,1.1879477623861021
cv_105,duration,SON_A,0.01078813507010771,0.016663063471818115,-0.021871469334655794,0.04344773947487121,0.5173549320211656,1940.1316600662485,4817,1.6965632488463598
cv_105,duration,SON_B,0.012597355916988417,0.017687927417755454,-0.02207098182181227,0.0472656936557891,0.4763404465520653,1939.9407853779612,4817,1.505688560559065
cv_105,intensity,A6,0.9267297269007171,0.3235217016422358,0.29262719168193485,1.5608322621194994,0.0041766076628389735,26416.115605442777,4817,1.839900055572798
cv_105,intensity,A5,0.9472857011989495,0.32266379698970116,0.3148646590991353,1.5797067432987637,0.0033265774857363984,26415.246432078704,4817,0.9707266914992942
cv_105,intensity,A4,0.9637914676214382,0.3181197066556287,0.3402768425764059,1.5873060926664704,0.0024483703918971185,26414.275705387205,4817,0.0
cv_105,intensity,B6,0.7455055020557235,0.3752494235952638,0.010016631809006471,1.4809943723024406,0.046956398779083905,26424.166755453833,4817,9.89105006662794
cv_105,intensity,B5,0.756259669446158,0.3800061275093961,0.011447659527741627,1.5010716793645744,0.04657717475103612,26424.022078211845,4817,9.746372824640275
cv_105,intensity,B4,0.7599187850524203,0.3765556244434607,0.021869761143237354,1.497967808961603,0.04358309327357227,26423.825759240233,4817,9.550053853028658
cv_105,intensity,SON_F,0.4573438619033412,0.31246270018549516,-0.1550830304602293,1.0697707542669117,0.14328275259583775,26425.302009847732,4817,11.026304460527172
cv_105,intensity,SON_A,0.5878051384832862,0.29575555697335454,0.008124246815511271,1.167486030151061,0.04687039648159207,26419.201270858906,4817,4.925565471701702
cv_105,intensity,SON_B,0.48462603867755727,0.3160122926854942,-0.13475805498601134,1.1040101323411258,0.12513620025651007,26424.488042896497,4817,10.21233750929241
cv_105,f0,A6,0.28310101240593344,0.09271721730705668,0.10137526648410236,0.46482675832776454,0.0022627826245837086,17082.841685051106,4817,0.7519621555766207
cv_105,f0,A5,0.2777889642786489,0.09241052799461459,0.0966643294092043,0.4589135991480935,0.002646815186465942,17083.194638896697,4817,1.1049160011680215
cv_105,f0,A4,0.2891095512375014,0.09316299072956101,0.10651008940756185,0.471709013067441,0.001913974592271038,17082.08972289553,4817,0.0
cv_105,f0,B6,0.315335324573524,0.10332994006435162,0.11280864204739482,0.5178620070996531,0.002275248520436046,17082.664698712397,4817,0.5749758168676635
cv_105,f0,B5,0.30240382832481755,0.10397874060010075,0.0986054967486201,0.506202159901015,0.0036337207859168867,17083.703031607034,4817,1.613308711504942
cv_105,f0,B4,0.3206555573346519,0.10568189046475202,0.11351905202373794,0.5277920626455659,0.002412080376053473,17082.29693657141,4817,0.20721367587975692
cv_105,f0,SON_F,0.023700023214510153,0.08098763855053236,-0.13503574834453327,0.18243579477355357,0.7697992174308649,17093.785401966135,4817,11.695679070606275
cv_105,f0,SON_A,0.07913290409305795,0.0791853083036606,-0.07607030018211683,0.23433610836823274,0.3176308824610532,17092.16871334507,4817,10.07899044953956
cv_105,f0,SON_B,0.07467595857150326,0.08344527812500782,-0.08887678655351207,0.2382287036965186,0.37083555480421737,17092.492201793735,4817,10.402478898206027
cv_106,duration,A6,0.039427291820297444,0.014786721833227748,0.01044531702717106,0.06840926661342384,0.007666877058352865,4851.699723171889,8240,10.896237692883005
cv_106,duration,A5,0.044837227445381045,0.014806620788882955,0.015816250699170455,0.07385820419159164,0.0024602519632071352,4846.899848987494,8240,6.096363508488139
cv_106,duration,A4,0.04514946955346996,0.014674926718763205,0.01638661318469408,0.07391232592224584,0.0020934782364635134,4846.501238273839,8240,5.6977527948329225
cv_106,duration,B6,0.05589817504838239,0.016386207268102956,0.0237812088029006,0.08801514129386417,0.0006465527067663254,4841.054463924789,8240,0.250978445783403
cv_106,duration,B5,0.05654675796361389,0.01564507541395816,0.025882410152255897,0.08721110577497189,0.000301103591277834,4840.803485479006,8240,0.0
cv_106,duration,B4,0.054392349161838424,0.015603212256095058,0.02381005313989211,0.08497464518378474,0.000490353721626403,4842.953318858828,8240,2.1498333798226668
cv_106,duration,SON_F,0.04499372222610523,0.013526526280767148,0.01848173071580162,0.07150571373640885,0.0008799693096440523,4845.237676531204,8240,4.434191052198003
cv_106,duration,SON_A,0.03028121383795992,0.012458091908563805,0.005863353697174865,0.054699073978744975,0.015071923736776037,4856.577328285184,8240,15.773842806178436
cv_106,duration,SON_B,0.04352607987305111,0.013570985870716668,0.016926947566446443,0.07012521217965578,0.0013399210187626477,4848.405330167097,8240,7.60184468809166
cv_106,intensity,A6,1.3891844896054373,0.1470496746037274,1.1009671273821315,1.677401851828743,3.485400957162873e-21,46252.736960617374,8240,2.1045075516594807
cv_106,intensity,A5,1.3932636428677636,0.1469429330536959,1.1052554940825197,1.6812717916530076,2.5025792202274715e-21,46250.632453065715,8240,0.0
cv_106,intensity,A4,1.3710837071325637,0.14603093620597357,1.0848630721688555,1.6573043420962719,6.0575559600096424e-21,46254.04675713289,8240,3.4143040671769995
cv_106,intensity,B6,1.348952101343394,0.16119630132422788,1.0330073507479074,1.6648968519388807,5.841514445835225e-17,46279.716640429215,8240,29.08418736349995
cv_106,intensity,B5,1.3545411073598497,0.15653464986509724,1.047733193624259,1.6613490210954402,5.0031781618089745e-18,46280.247571486485,8240,29.61511842077016
cv_106,intensity,B4,1.3364555098633244,0.1568485255257141,1.0290323998329247,1.643878619893724,1.5862434173188568e-17,46283.54399553847,8240,32.91154247275699
cv_106,intensity,SON_F,0.8565906924280868,0.14297835852833862,0.5763531097125432,1.1368282751436305,2.0848875052173754e-09,46327.37682656764,8240,76.74437350192602
cv_106,intensity,SON_A,1.0129267123009642,0.1349375574385717,0.7484490997213638,1.2774043248805647,6.066752952280472e-14,46301.087515153966,8240,50.455062088251
cv_106,intensity,SON_B,0.8401952067224585,0.13977577814663247,0.5662346815550588,1.1141557318898583,1.8435795874890566e-09,46333.596873719616,8240,82.96442065390147
cv_106,f0,A6,0.26422417157091294,0.08269282022609603,0.10214624392776472,0.42630209921406115,0.0013971012789610608,36119.73897535506,8240,2.0891432513308246
cv_106,f0,A5,0.279684879079492,0.08232499121657316,0.11832789629500862,0.4410418618639754,0.0006804770902688641,36117.64983210373,8240,0.0
cv_106,f0,A4,0.2732367806481034,0.0820819732575909,0.11235611306322527,0.4341174482329816,0.0008721220830604493,36118.372131793,8240,0.7222996892742231
cv_106,f0,B6,0.22484151617015724,0.08852993421011869,0.051322845118324606,0.39836018722198985,0.011094027360063718,36125.96928468278,8240,8.319452579053177
cv_106,f0,B5,0.21995146932791776,0.08606837824996699,0.051257447957982455,0.38864549069785304,0.010602216232427528,36126.50359463945,8240,8.853762535720307
cv_106,f0,B4,0.2125167501881737,0.08665799005535284,0.042667089679682135,0.38236641069666527,0.014192185812143002,36127.159408276624,8240,9.509576172895322
cv_106,f0,SON_F,0.173084249524338,0.07998512544471877,0.01631340365268924,0.3298550953959868,0.03046776731018281,36128.17416363915,8240,10.524331535423698
cv_106,f0,SON_A,0.16222982056190083,0.07733552113866791,0.010652199130111728,0.31380744199368993,0.035928114239054044,36128.5837004863,8240,10.933868382569926
cv_106,f0,SON_B,0.10663800306227339,0.08148566019526342,-0.0530738909204429,0.2663498970449897,0.1906454754232575,36132.96622473375,8240,15.316392630018527
cv_107,duration,A6,0.11010136600637892,0.01606510376746975,0.0786137626221382,0.14158896939061963,7.209046557061398e-12,8968.801450884446,13159,17.30610761009666
cv_107,duration,A5,0.11489877223233995,0.016082753870022146,0.08337657464709655,0.14642096981758335,9.050669091780734e-13,8952.625790220623,13159,1.130446946273878
cv_107,duration,A4,0.11501121713163674,0.01603439986960927,0.08358379338720257,0.14643864087607092,7.349008826396842e-13,8951.49534327435,13159,0.0
cv_107,duration,B6,0.12181749975201915,0.01829189457212074,0.08596538639066251,0.1576696131133758,2.7449227868020302e-11,8966.586558472445,13159,15.091215198095597
cv_107,duration,B5,0.11973463081246939,0.01790268253237133,0.08464537304902159,0.1548238885759172,2.2611253638684058e-11,8974.412571466703,13159,22.917228192352923
cv_107,duration,B4,0.12174479004885774,0.017960670702306246,0.08654187547233749,0.156947704625378,1.215056217047375e-11,8969.730357621564,13159,18.23501434721402
cv_107,duration,SON_F,0.06673997525736013,0.015445060132877237,0.03646765739692075,0.0970122931177995,1.5523844008977837e-05,9070.334778938966,13159,118.83943566461676
cv_107,duration,SON_A,0.06899835751167095,0.014450712830367765,0.04067496036415014,0.09732175465919177,1.7994199346900076e-06,9059.70871067914,13159,108.21336740479092
cv_107,duration,SON_B,0.06905851131825533,0.01613318786920303,0.037437463094617394,0.10067955954189325,1.8645307906152945e-05,9071.196423418456,13159,119.70108014410653
cv_107,intensity,A6,1.5785171033173364,0.11860442938283275,1.3460524217269842,1.8109817849076886,2.0496109522983724e-40,71114.1213593207,13159,0.0
cv_107,intensity,A5,1.566679530320959,0.11825837820416046,1.3348931090408045,1.7984659516011137,4.637780558380441e-40,71116.8891317654,13159,2.767772444698494
cv_107,intensity,A4,1.530493996344976,0.11822909043899557,1.2987649790845446,1.7622230136054073,2.5025500655003977e-38,71129.65034367499,13159,15.528984354285058
cv_107,intensity,B6,1.5338985775026333,0.13198550169703266,1.2752069941764492,1.7925901608288173,3.1963463669173884e-31,71181.44514476089,13159,67.32378544018138
cv_107,intensity,B5,1.5560622341397456,0.13107086247007535,1.299163343698398,1.8129611245810933,1.6563079874121956e-32,71177.47584004895,13159,63.35448072824511
cv_107,intensity,B4,1.5306769325937999,0.13140013349733298,1.2731326709390274,1.7882211942485724,2.3223399660624043e-31,71186.56211976509,13159,72.44076044438407
cv_107,intensity,SON_F,0.7714342325943601,0.1346560364330021,0.5075084011856759,1.0353600640030443,1.0106951066147852e-08,71341.33921487088,13159,227.21785555017414
cv_107,intensity,SON_A,1.0098987576348133,0.11943098365276304,0.7758140296753977,1.2439834855942289,2.7689710852268142e-17,71273.86631789769,13159,159.74495857697912
cv_107,intensity,SON_B,0.8851927797580766,0.13107304582344592,0.6282896099441226,1.1420959495720306,1.4438912214192726e-11,71324.58226924264,13159,210.46090992193785
cv_107,f0,A6,0.246162513618458,0.05256781346681231,0.14312959922350588,0.34919542801341014,2.830362737256035e-06,51394.55111320361,13159,0.0
cv_107,f0,A5,0.24004844865855607,0.05257326802728605,0.1370048433250754,0.34309205399203674,4.971680495275877e-06,51396.006084262975,13159,1.4549710593637428
cv_107,f0,A4,0.23689113634829195,0.05247977765724284,0.13403077214009598,0.33975150055648795,6.363097298387633e-06,51396.717044169476,13159,2.1659309658643906
cv_107,f0,B6,0.2368239227153801,0.05631111098719526,0.1264541451804774,0.34719370025028284,2.6035127917098437e-05,51402.414881291916,13159,7.863768088303914
cv_107,f0,B5,0.21735540235082274,0.056592500169897635,0.10643410201782337,0.3282767026838221,0.00012267878795433566,51406.73630105583,13159,12.185187852221134
cv_107,f0,B4,0.20982325825876233,0.05663073195818253,0.09882702362072457,0.3208194928968001,0.00021129655590434762,51408.294243554716,13159,13.7431303511039
cv_107,f0,SON_F,0.04471346315137475,0.051015706625990205,-0.05527732183556606,0.14470424813831556,0.38077748893261865,51426.928885152935,13159,32.37777194932278
cv_107,f0,SON_A,0.11400174038975978,0.05098767456265158,0.01406589824696268,0.2139375825325569,0.025360379884166572,51419.69386489564,13159,25.142751692030288
cv_107,f0,SON_B,0.09058826491794054,0.05457753976006954,-0.016383713011795753,0.19756024284767684,0.09695298133703448,51423.60151506572,13159,29.05040186210681
cv_108,duration,A6,0.14117862656601624,0.01182259445498838,0.118006341434239,0.16435091169779345,7.197921503193322e-33,10168.922859253427,22428,32.956418706453405
cv_108,duration,A5,0.14343110135375156,0.011870347942269778,0.1201652193869028,0.16669698332060032,1.296680889751878e-33,10146.41908003459,22428,10.45263948761567
cv_108,duration,A4,0.14336584044663434,0.011837233707127089,0.12016486238066525,0.16656681851260344,9.187700266354172e-34,10143.749969843433,22428,7.7835292964591645
cv_108,duration,B6,0.16111381020392027,0.013100055285567375,0.13543770184420822,0.1867899185636323,9.202964824685016e-35,10135.966440546974,22428,0.0
cv_108,duration,B5,0.1611133687078189,0.012629226170535232,0.13636008541356984,0.18586665200206795,2.8429181177241867e-37,10145.50161186573,22428,9.535171318755602
cv_108,duration,B4,0.16023403550532206,0.012691800965176409,0.1353581056135763,0.1851099653970678,1.5373401528806522e-36,10153.79902359996,22428,17.832583052986593
cv_108,duration,SON_F,0.10690217165750229,0.011847387902423324,0.08368129136875258,0.130123051946252,1.8255807818568314e-19,10395.372958776752,22428,259.40651822977816
cv_108,duration,SON_A,0.10484002817244892,0.011228825161188546,0.08283153085651937,0.12684852548837847,9.93953808473928e-21,10370.71058755547,22428,234.74414700849593
cv_108,duration,SON_B,0.1159046947421582,0.012612801499383285,0.09118360380336696,0.14062578568094944,3.9485912066094516e-20,10360.354773850755,22428,224.3883333037811
cv_108,intensity,A6,0.86667832642809,0.11544094889018088,0.6404140666033354,1.0929425862528444,6.024565001106486e-14,122817.40672787956,22428,0.4640079458768014
cv_108,intensity,A5,0.8657227885368058,0.11529763388272926,0.6397394261266565,1.0917061509469552,5.976708490931717e-14,122816.94271993368,22428,0.0
cv_108,intensity,A4,0.8434072925893681,0.11523456382831943,0.617547547485862,1.0692670376928741,2.4973644758992833e-13,122823.76915531215,22428,6.826435378476162
cv_108,intensity,B6,0.7290185966030923,0.12943936629801195,0.4753174386589889,0.9827197545471957,1.7800334001885493e-08,122880.54468421394,22428,63.60196428025665
cv_108,intensity,B5,0.7836030369499265,0.12338267710514376,0.5417729898238447,1.0254330840760082,2.1392360207934507e-10,122868.86237021614,22428,51.91965028246341
cv_108,intensity,B4,0.7783547968630219,0.12371903575628507,0.5358654867807031,1.0208441069453407,3.1479812120957565e-10,122870.38815408986,22428,53.445434156179545
cv_108,intensity,SON_F,0.40815251750926473,0.11414195836361483,0.18443427911657967,0.6318707559019499,0.00034911521797807216,122929.83197116606,22428,112.88925123238005
cv_108,intensity,SON_A,0.6068270095576304,0.10642729643466257,0.3982295085456917,0.815424510569569,1.1854984783497298e-08,122878.50188079168,22428,61.559160857999814
cv_108,intensity,SON_B,0.42489947153328617,0.11639431288655877,0.19676661827563097,0.6530323247909413,0.00026171251619581644,122929.4730382521,22428,112.53031831841508
cv_108,f0,A6,-0.08301483675803645,0.038085791644476945,-0.15766298838121126,-0.008366685134861634,0.029281193154490123,89521.46956411403,22428,12.844293641974218
cv_108,f0,A5,-0.07758690608659669,0.03809602552766528,-0.15225511612082063,-0.0029186960523727434,0.041688719889285464,89522.20038155411,22428,13.575111082056537
cv_108,f0,A4,-0.07599058407401046,0.03794424814159633,-0.15036131043153927,-0.0016198577164816541,0.04521052253461705,89522.38855136839,22428,13.763280896338983
cv_108,f0,B6,-0.09171802182851582,0.042796472357282254,-0.17559910764878905,-0.007836936008242604,0.03210337763171925,89521.53558058015,22428,12.910310108098201
cv_108,f0,B5,-0.09468746089216105,0.04228564093948755,-0.17756731713355667,-0.011807604650765455,0.0251406700927057,89521.24076783529,22428,12.6154973632365
cv_108,f0,B4,-0.09509252357190859,0.0423169578870759,-0.17803376103057736,-0.012151286113239818,0.02463048517533063,89521.20311356478,22428,12.5778430927312
cv_108,f0,SON_F,-0.14162251512153318,0.037083712064514975,-0.21430659076798253,-0.06893843947508382,0.00013399641739927378,89508.62527047205,22428,0.0
cv_108,f0,SON_A,-0.1250399229914031,0.03554090805574852,-0.19470010278067018,-0.055379743202136,0.00043448936573784163,89511.16720339865,22428,2.541932926600566
cv_108,f0,SON_B,-0.13799938950986707,0.03970219561279448,-0.21581569291094424,-0.06018308610878989,0.0005092124964327377,89510.79239170333,22428,2.1671212312794523
cv_109,duration,A6,0.16500677989335977,0.010504451595120591,0.1444180547669234,0.18559550501979613,1.3274883998450415e-55,10013.186129183043,23261,8.80618207679072
cv_109,duration,A5,0.16551790489150991,0.01047609352804598,0.14498476157653978,0.18605104820648005,3.131833863390039e-56,10004.379947106252,23261,0.0
cv_109,duration,A4,0.16444851901387217,0.010433619209678448,0.14399862536290242,0.18489841266484192,5.734200037993916e-56,10010.413565435701,23261,6.033618329449382
cv_109,duration,B6,0.17722428936953222,0.01196820038170547,0.1537666166213895,0.20068196211767494,1.3018554772166376e-49,10069.643543977625,23261,65.26359687137301
cv_109,duration,B5,0.17613026877181712,0.01164949854948915,0.1532972516148184,0.19896328592881585,1.2113461913899692e-51,10092.826808941085,23261,88.44686183483282
cv_109,duration,B4,0.17429792371596864,0.011655027941888345,0.1514540689498675,0.1971417784820698,1.4504500842839778e-50,10107.842082448216,23261,103.46213534196431
cv_109,duration,SON_F,0.10535130818247118,0.010262060555150117,0.08523766949437696,0.12546494687056542,1.0017594858388545e-24,10440.120795958304,23261,435.7408488520523
cv_109,duration,SON_A,0.11703393688947732,0.00932607629469546,0.09875482735187421,0.13531304642708042,4.020140104975459e-36,10296.266583698904,23261,291.8866365926515
cv_109,duration,SON_B,0.11737015290775776,0.010454032932000312,0.09688024836103715,0.13786005745447838,2.9962411651650965e-29,10373.950465958165,23261,369.5705188519132
cv_109,intensity,A6,2.3600446134724598,0.13095334962838084,2.1033760482008335,2.616713178744086,1.308632384768561e-72,122631.75567894522,23261,0.0
cv_109,intensity,A5,2.3296763554775866,0.13109153644476895,2.0727369440458396,2.5866157669093335,1.1777637439464693e-70,122659.19078449215,23261,27.435105546930572
cv_109,intensity,A4,2.305592675811683,0.130726854084121,2.049368041806806,2.56181730981656,1.287232633154657e-69,122678.47507565867,23261,46.719396713451715
cv_109,intensity,B6,2.436572994575402,0.1505157567686957,2.1415621113087586,2.7315838778420454,6.113037649110884e-59,122814.59041874523,23261,182.83473980000417
cv_109,intensity,B5,2.3727760517137355,0.15196998245748708,2.0749148860970608,2.6706372173304103,5.895862392841492e-55,122891.88592846232,23261,260.1302495170967
cv_109,intensity,B4,2.345125211820676,0.1522382713066564,2.0467382000596297,2.6435122235817223,1.5311959176548866e-53,122915.78094627976,23261,284.0252673345385
cv_109,intensity,SON_F,1.3689481826459926,0.12584139956787768,1.1222990394929524,1.6155973257990328,1.46167334477589e-27,123420.55053329383,23261,788.7948543486127
cv_109,intensity,SON_A,1.5767664119894849,0.118581842687811,1.3443460003213754,1.8091868236575943,2.413879292253684e-40,123180.490171378,23261,548.7344924327772
cv_109,intensity,SON_B,1.481964081627166,0.13157845973202306,1.2240703005524007,1.7398578627019312,1.9990858964412097e-29,123365.73383799639,23261,733.9781590511702
cv_109,f0,A6,0.48278296109601976,0.05143689104420706,0.3819666546493739,0.5835992675426656,6.236474271601147e-21,91724.38055264592,23261,0.0
cv_109,f0,A5,0.4781634203936979,0.051345304775451184,0.37752662303381357,0.5788002177535823,1.246232575353518e-20,91727.36621034483,23261,2.985657698911382
cv_109,f0,A4,0.47274541960812066,0.05114867251805018,0.3724940214727423,0.572996817743499,2.406361581549977e-20,91730.83978185517,23261,6.459229209256591
cv_109,f0,B6,0.5011877931970153,0.05784797642189976,0.3878057594100918,0.6145698269839389,4.55982535237768e-18,91751.40936003535,23261,27.028807389433496
cv_109,f0,B5,0.4982084991697738,0.05778904389684548,0.38494197313195666,0.6114750252075909,6.628016939630447e-18,91756.86629546943,23261,32.48574282351183
cv_109,f0,B4,0.4930364182328291,0.05779384676889952,0.37976047856578604,0.6063123578998721,1.4515074060854075e-17,91760.44867152747,23261,36.06811888155062
cv_109,f0,SON_F,0.30166489943585684,0.046215969282060655,0.21108159964301795,0.3922481992286957,6.697160806227316e-11,91838.13504698583,23261,113.75449433991162
cv_109,f0,SON_A,0.3296075919016933,0.04406056374746483,0.24324888695666225,0.41596629684672437,7.388012064095159e-14,91806.73509038928,23261,82.35453774336202
cv_109,f0,SON_B,0.3221310235643191,0.04716683394942101,0.22968402902345392,0.4145780181051843,8.514650798682999e-12,91830.55546885321,23261,106.17491620729561
cv_72,duration,A6,0.09787254766562764,0.06155640288849909,-0.022778001995830577,0.21852309732708586,0.11184261564728006,160.75463520154136,206,0.6654884467165516
cv_72,duration,A5,0.09787254766562764,0.06155640288849909,-0.022778001995830577,0.21852309732708586,0.11184261564728006,160.75463520154136,206,0.6654884467165516
cv_72,duration,A4,0.09787254766562764,0.06155640288849909,-0.022778001995830577,0.21852309732708586,0.11184261564728006,160.75463520154136,206,0.6654884467165516
cv_72,duration,B6,0.12295576105149329,0.07220966201108171,-0.018575176490226872,0.26448669859321344,0.08861289545229638,160.0891467548248,206,0.0
cv_72,duration,B5,0.12295576105149329,0.07220966201108171,-0.018575176490226872,0.26448669859321344,0.08861289545229638,160.0891467548248,206,0.0
cv_72,duration,B4,0.12295576105149329,0.07220966201108171,-0.018575176490226872,0.26448669859321344,0.08861289545229638,160.0891467548248,206,0.0
cv_72,duration,SON_F,0.07397841560318533,0.06706526222420345,-0.05746949835625342,0.20542632956262408,0.2699919970343687,161.99125144748234,206,1.902104692657531
cv_72,duration,SON_A,0.07472788742100639,0.06453093935043025,-0.0517527537058369,0.20120852854784968,0.24685733533006027,161.8813282320208,206,1.7921814771959816
cv_72,duration,SON_B,0.09096334917174853,0.07334198768269616,-0.052786946686335934,0.234713645029833,0.2148781556752184,161.5677065374329,206,1.4785597826081016
cv_72,intensity,A6,1.617504840713748,0.534322889845224,0.5702319766171089,2.664777704810387,0.0024682663039294677,1114.2998054817403,206,0.0
cv_72,intensity,A5,1.617504840713748,0.534322889845224,0.5702319766171089,2.664777704810387,0.0024682663039294677,1114.2998054817403,206,0.0
cv_72,intensity,A4,1.617504840713748,0.534322889845224,0.5702319766171089,2.664777704810387,0.0024682663039294677,1114.2998054817403,206,0.0
cv_72,intensity,B6,1.5139710894687257,0.6183777584809632,0.3019506828460379,2.725991496091414,0.014353413757966072,1116.2678458019773,206,1.9680403202369234
cv_72,intensity,B5,1.5139710894687257,0.6183777584809632,0.3019506828460379,2.725991496091414,0.014353413757966072,1116.2678458019773,206,1.9680403202369234
cv_72,intensity,B4,1.5139710894687257,0.6183777584809632,0.3019506828460379,2.725991496091414,0.014353413757966072,1116.2678458019773,206,1.9680403202369234
cv_72,intensity,SON_F,1.4576802961501607,0.6128843402221242,0.25642698931479724,2.658933602985524,0.017388246323997533,1116.188598531366,206,1.8887930496257468
cv_72,intensity,SON_A,1.4584971949295704,0.6166311851036615,0.24990007212639376,2.6670943177327473,0.01801709204489756,1115.8697465348555,206,1.5699410531151443
cv_72,intensity,SON_B,1.2392945374424016,0.6814329631308323,-0.09631407029402972,2.574903145178833,0.06896339295452436,1117.8779357030876,206,3.5781302213472372
cv_72,f0,A6,0.4037648566468393,0.2975435511873601,-0.17942050368038648,0.9869502169740652,0.17478307111251834,781.6568704773094,206,1.4521646627583777
cv_72,f0,A5,0.4037648566468393,0.2975435511873601,-0.17942050368038648,0.9869502169740652,0.17478307111251834,781.6568704773094,206,1.4521646627583777
cv_72,f0,A4,0.4037648566468393,0.2975435511873601,-0.17942050368038648,0.9869502169740652,0.17478307111251834,781.6568704773094,206,1.4521646627583777
cv_72,f0,B6,0.3934415011013788,0.3139612151396347,-0.22192248057230518,1.0088054827750628,0.21014995846844164,782.1528243031435,206,1.9481184885923994
cv_72,f0,B5,0.3934415011013788,0.3139612151396347,-0.22192248057230518,1.0088054827750628,0.21014995846844164,782.1528243031435,206,1.9481184885923994
cv_72,f0,B4,0.3934415011013788,0.3139612151396347,-0.22192248057230518,1.0088054827750628,0.21014995846844164,782.1528243031435,206,1.9481184885923994
cv_72,f0,SON_F,0.5601291543902897,0.2726582417588478,0.025719000542947956,1.0945393082376313,0.03994406505983487,780.2047058145511,206,0.0
cv_72,f0,SON_A,0.5215678454734832,0.29562383083340404,-0.05785486295998865,1.100990553906955,0.077682212158732,780.4726970968944,206,0.26799128234335967
cv_72,f0,SON_B,0.5149366620709805,0.30771299716346356,-0.088180812369408,1.1180541365113692,0.09424235568994324,781.0969760186865,206,0.8922702041354569
cv_76,duration,A6,0.08068087313690522,0.05308224277859446,-0.023360322709139916,0.18472206898295035,0.12853055904022295,146.34033406413528,280,4.26914215389229
cv_76,duration,A5,0.07654215922865709,0.053157699390410276,-0.027646931576547046,0.18073125003386123,0.14989362842717957,146.54657823068226,280,4.47538632043927
cv_76,duration,A4,0.07654215922865709,0.053157699390410276,-0.027646931576547046,0.18073125003386123,0.14989362842717957,146.54657823068226,280,4.47538632043927
cv_76,duration,B6,0.08608480074449931,0.0593513580600509,-0.030243861053200455,0.20241346254219908,0.14693953624358888,146.36245887909388,280,4.291266968850891
cv_76,duration,B5,0.08965107678708359,0.0609891156455315,-0.02988758987815815,0.20918974345232533,0.14157473563176562,146.24587673605333,280,4.1746848258103455
cv_76,duration,B4,0.08965107678708359,0.0609891156455315,-0.02988758987815815,0.20918974345232533,0.14157473563176562,146.24587673605333,280,4.1746848258103455
cv_76,duration,SON_F,0.12518657806414535,0.053064953213948884,0.02117926976480554,0.22919388636348514,0.01831834449695914,142.071191910243,280,0.0
cv_76,duration,SON_A,0.08829499079657971,0.04734257153447214,-0.0044964494109856895,0.18108643100414512,0.062178162602062916,144.96079095322534,280,2.889599042982354
cv_76,duration,SON_B,0.1042943312569834,0.05502877724705454,-0.0035620721472434946,0.2121507346612103,0.05805678343834616,144.47034048154,280,2.399148571297019
cv_76,intensity,A6,0.04920586864802655,0.3312252225478438,-0.5999955675457473,0.6984073048418005,0.8819031023632126,1234.7652874523405,280,3.0087533629898644
cv_76,intensity,A5,0.12083786141672984,0.3358995219604319,-0.5375252016257167,0.7792009244591763,0.7190385316478017,1234.676069344643,280,2.9195352552924305
cv_76,intensity,A4,0.12083786141672984,0.3358995219604319,-0.5375252016257167,0.7792009244591763,0.7190385316478017,1234.676069344643,280,2.9195352552924305
cv_76,intensity,B6,-0.060269346787790196,0.3724106943001166,-0.7901943076160186,0.6696556140404383,0.871435236130921,1234.7599491240812,280,3.0034150347305513
cv_76,intensity,B5,-0.055552500271178334,0.3844738430042183,-0.8091212325594461,0.6980162320170895,0.8851138097752039,1234.7639789187592,280,3.0074448294085414
cv_76,intensity,B4,-0.055552500271178334,0.3844738430042183,-0.8091212325594461,0.6980162320170895,0.8851138097752039,1234.7639789187592,280,3.0074448294085414
cv_76,intensity,SON_F,0.4360268785089536,0.41732233074798797,-0.3819248897571028,1.25397864677501,0.2961059912730091,1233.1537108515963,280,1.3971767622456355
cv_76,intensity,SON_A,0.5584180712681031,0.3594155080364168,-0.14603632448327386,1.26287246701948,0.12025984657323603,1231.7565340893507,280,0.0
cv_76,intensity,SON_B,0.49857041496744575,0.4403064589917677,-0.3644302446564189,1.3615710745913103,0.2574974379519699,1232.8278648338542,280,1.0713307445034843
cv_76,f0,A6,-0.04856640403132663,0.25894730927260345,-0.5561031302056294,0.4589703221429762,0.8512268932192563,1026.5575604955675,280,0.7303643100910904
cv_76,f0,A5,0.03491952087480482,0.26715831608275226,-0.4887107786473896,0.5585498203969992,0.8960069203792229,1026.574672497843,280,0.7474763123666435
cv_76,f0,A4,0.03491952087480482,0.26715831608275226,-0.4887107786473896,0.5585498203969992,0.8960069203792229,1026.574672497843,280,0.7474763123666435
cv_76,f0,B6,-0.008543195594389236,0.29604927529308384,-0.5887997751688335,0.5717133839800551,0.9769783664925948,1026.5924487944117,280,0.7652526089352705
cv_76,f0,B5,0.005609502414434087,0.3060176228457618,-0.594185038363259,0.6054040431921273,0.9853750751654163,1026.5930105497941,280,0.7658143643177482
cv_76,f0,B4,0.005609502414434087,0.3060176228457618,-0.594185038363259,0.6054040431921273,0.9853750751654163,1026.5930105497941,280,0.7658143643177482
cv_76,f0,SON_F,0.03750233399784833,0.25513783291990677,-0.46256781852516893,0.5375724865208655,0.8831410768422596,1026.5681383283102,280,0.7409421428337737
cv_76,f0,SON_A,0.1941342845422725,0.2176799805730222,-0.23251847738085102,0.620787046465396,0.3724822183150197,1025.8271961854764,280,0.0
cv_76,f0,SON_B,0.15556008431781307,0.2559435348397478,-0.3460892439680926,0.6572094126037188,0.543326339329768,1026.1942243872957,280,0.36702820181926654
cv_77,duration,A6,0.058706434633821955,0.059876288022097504,-0.05865108988948915,0.17606395915713308,0.32685803980715866,114.66674315761031,268,0.6578932282029655
cv_77,duration,A5,0.058706434633821955,0.059876288022097504,-0.05865108988948915,0.17606395915713308,0.32685803980715866,114.66674315761031,268,0.6578932282029655
cv_77,duration,A4,0.058706434633821955,0.059876288022097504,-0.05865108988948915,0.17606395915713308,0.32685803980715866,114.66674315761031,268,0.6578932282029655
cv_77,duration,B6,0.060898760672384596,0.06605528704019702,-0.06856960192640157,0.19036712327117075,0.35656185266529916,114.73295149250282,268,0.7241015630954735
cv_77,duration,B5,0.07765623126507551,0.0669616060508834,-0.053588516594655966,0.20890097912480698,0.24616575930210938,114.00884992940735,268,0.0
cv_77,duration,B4,0.07765623126507551,0.0669616060508834,-0.053588516594655966,0.20890097912480698,0.24616575930210938,114.00884992940735,268,0.0
cv_77,duration,SON_F,0.057951184728818696,0.051984341434797236,-0.04393812448338389,0.1598404939410213,0.26494404456351095,114.60176381440033,268,0.5929138849929814
cv_77,duration,SON_A,0.06298507640164779,0.049139836319652054,-0.033329002784870235,0.15929915558816582,0.19992970777347074,114.25983062852424,268,0.25098069911689436
cv_77,duration,SON_B,0.07175172649607081,0.05551979543192987,-0.03706707255051174,0.18057052554265335,0.19623148184398287,114.03280376101748,268,0.023953831610128873
cv_77,intensity,A6,1.07526112574188,0.6480422851006603,-0.19490175305541424,2.3454240045391743,0.0970663696223507,1511.5259133549691,268,1.8240475996087753
cv_77,intensity,A5,1.07526112574188,0.6480422851006603,-0.19490175305541424,2.3454240045391743,0.0970663696223507,1511.5259133549691,268,1.8240475996087753
cv_77,intensity,A4,1.07526112574188,0.6480422851006603,-0.19490175305541424,2.3454240045391743,0.0970663696223507,1511.5259133549691,268,1.8240475996087753
cv_77,intensity,B6,1.4989364646941004,0.6513407615397191,0.222308572076251,2.77556435731195,0.021374162030776602,1509.7964896190078,268,0.09462386364748454
cv_77,intensity,B5,1.4007158545841698,0.6652361176463534,0.0968530639973173,2.704578645171022,0.03523980723484604,1510.431342111,268,0.7294763556396902
cv_77,intensity,B4,1.4007158545841698,0.6652361176463534,0.0968530639973173,2.704578645171022,0.03523980723484604,1510.431342111,268,0.7294763556396902
cv_77,intensity,SON_F,1.0427395264879444,0.7609218230582394,-0.4486672467062047,2.5341462996820936,0.17057344609130098,1511.4954015277463,268,1.7935357723858942
cv_77,intensity,SON_A,0.7317955961130375,0.7627867190572646,-0.763266373239201,2.226857565465276,0.3373717875451804,1512.6647967740084,268,2.962931018648078
cv_77,intensity,SON_B,1.4306262920659247,0.7399798829033888,-0.0197342784247172,2.8809868625565667,0.05319539452581687,1509.7018657553604,268,0.0
cv_77,f0,A6,0.0882629064018474,0.4190985653602712,-0.7331702817042841,0.909696094507979,0.8331980184931678,1254.8572033071277,268,0.4314933698481127
cv_77,f0,A5,0.0882629064018474,0.4190985653602712,-0.7331702817042841,0.909696094507979,0.8331980184931678,1254.8572033071277,268,0.4314933698481127
cv_77,f0,A4,0.0882629064018474,0.4190985653602712,-0.7331702817042841,0.909696094507979,0.8331980184931678,1254.8572033071277,268,0.4314933698481127
cv_77,f0,B6,0.16157322691462486,0.4114822679200771,-0.6449320182087263,0.9680784720379759,0.6945695414920485,1254.7743412902867,268,0.34863135300702197
cv_77,f0,B5,0.21357132001715498,0.4241062623315053,-0.6176769541525954,1.0448195941869054,0.6145567347492356,1254.6872822976072,268,0.261572360327591
cv_77,f0,B4,0.21357132001715498,0.4241062623315053,-0.6176769541525954,1.0448195941869054,0.6145567347492356,1254.6872822976072,268,0.261572360327591
cv_77,f0,SON_F,-0.28450103665419024,0.4376282259013252,-1.1422523594207876,0.5732502861124071,0.5156292129051627,1254.4257099372796,268,0.0
cv_77,f0,SON_A,-0.0803194488936596,0.420723609965424,-0.9049377244258907,0.7442988266385715,0.8485977729861456,1254.85968752129,268,0.4339775840103357
cv_77,f0,SON_B,0.07903665961500092,0.43702832489227916,-0.7775388571738662,0.9356121764038681,0.8564851594388632,1254.865895179053,268,0.44018524177340623
cv_78,duration,A6,0.2139214397981622,0.054270651049340375,0.10755096374145506,0.3202919158548693,8.088863636695683e-05,159.95688329234883,289,7.335885685854009
cv_78,duration,A5,0.2049340460188209,0.05410018614640485,0.0988976811718674,0.31097041086577437,0.00015183615131079457,161.49899158570577,289,8.877993979210942
cv_78,duration,A4,0.2049340460188209,0.05410018614640485,0.0988976811718674,0.31097041086577437,0.00015183615131079457,161.49899158570577,289,8.877993979210942
cv_78,duration,B6,0.27151556481080696,0.051256611915964284,0.17105260545551698,0.37197852416609695,1.1760393248282656e-07,152.62099760649483,289,0.0
cv_78,duration,B5,0.26233729095855557,0.05257000367566821,0.15930008375424587,0.36537449816286527,6.030220672465628e-07,155.25181820710407,289,2.6308206006092405
cv_78,duration,B4,0.26233729095855557,0.05257000367566821,0.15930008375424587,0.36537449816286527,6.030220672465628e-07,155.25181820710407,289,2.6308206006092405
cv_78,duration,SON_F,0.20389597185639632,0.04799540302896422,0.10982498191962646,0.2979669617931662,2.1545689118468036e-05,161.44757723674456,289,8.82657963024974
cv_78,duration,SON_A,0.18247085673691718,0.04973026287536362,0.08499954150120449,0.2799421719726299,0.0002432996519141726,164.04853733913342,289,11.427539732638593
cv_78,duration,SON_B,0.23872152682293477,0.04944422097800091,0.14181085370605298,0.3356321999398165,1.3784350528332954e-06,158.12683190582595,289,5.505834299331127
cv_78,intensity,A6,1.0649358907934998,0.35863979597669465,0.3620018906791783,1.7678698909078214,0.0029840660617187842,1366.085079018506,289,0.8299775957552811
cv_78,intensity,A5,1.1234219834042232,0.35954672887752703,0.4187103948042702,1.8281335720041763,0.0017807683065438574,1365.2551014227506,289,0.0
cv_78,intensity,A4,1.1234219834042232,0.35954672887752703,0.4187103948042702,1.8281335720041763,0.0017807683065438574,1365.2551014227506,289,0.0
cv_78,intensity,B6,1.049895625322738,0.4034704724210898,0.2590934993774021,1.840697751268074,0.009263801814801872,1367.2959451728611,289,2.0408437501105254
cv_78,intensity,B5,1.1461694245851357,0.4096344001342941,0.34328600032191936,1.949052848848352,0.005141530428249292,1366.3818332876754,289,1.12673186492475
cv_78,intensity,B4,1.1461694245851357,0.4096344001342941,0.34328600032191936,1.949052848848352,0.005141530428249292,1366.3818332876754,289,1.12673186492475
cv_78,intensity,SON_F,0.9064470086097264,0.40037754986420715,0.12170701087588043,1.6911870063435723,0.023575307530805285,1368.0044715150968,289,2.7493700923462256
cv_78,intensity,SON_A,0.8824672804771463,0.38070777951782603,0.13628003262220734,1.6286545283320852,0.020451227254993657,1367.9714143909662,289,2.7163129682155613
cv_78,intensity,SON_B,0.9743695393015077,0.3915099252026163,0.20701008590437975,1.7417289926986357,0.012819379821642505,1367.991529016651,289,2.7364275939003164
cv_78,f0,A6,0.19634920672862316,0.4376939296021245,-0.6615308952915409,1.054229308748787,0.6537207119868609,1438.6661788038869,289,0.3445677789850379
cv_78,f0,A5,0.3279449966714725,0.43558459035791114,-0.5258008004300333,1.1816907937729781,0.4515191711572787,1438.3216110249018,289,0.0
cv_78,f0,A4,0.3279449966714725,0.43558459035791114,-0.5258008004300333,1.1816907937729781,0.4515191711572787,1438.3216110249018,289,0.0
cv_78,f0,B6,0.017399422040682764,0.47528858448790506,-0.9141662035556111,0.9489650476369766,0.9707974682005257,1438.8569117427426,289,0.5353007178407552
cv_78,f0,B5,0.17907826125900977,0.4887549761228106,-0.7788814919416991,1.1370380144597185,0.7140690041199624,1438.7259631427492,289,0.4043521178473384
cv_78,f0,B4,0.17907826125900977,0.4887549761228106,-0.7788814919416991,1.1370380144597185,0.7140690041199624,1438.7259631427492,289,0.4043521178473384
cv_78,f0,SON_F,-0.0004915328670212721,0.41872251719718845,-0.8211876665735106,0.820204600839468,0.9990633740017714,1438.8582023340666,289,0.5365913091648054
cv_78,f0,SON_A,0.23881760955058529,0.41266129092994364,-0.5699985206721042,1.047633739773275,0.5627744108660009,1438.5522319419297,289,0.23062091702786347
cv_78,f0,SON_B,0.06969935129162495,0.4555798574750449,-0.8232371693594631,0.962635871942713,0.8784058343212428,1438.8369171807415,289,0.515306155839653
cv_79,duration,A6,0.18670699845221786,0.05807528374331015,0.07287944231532997,0.3005345545891057,0.0013048395453732617,132.75093249822277,223,6.044416847344337
cv_79,duration,A5,0.19455366886919934,0.05559575673522711,0.0855859856681542,0.30352135207024444,0.00046624740735087274,131.00244115043375,223,4.295925499555324
cv_79,duration,A4,0.19455366886919934,0.05559575673522711,0.0855859856681542,0.30352135207024444,0.00046624740735087274,131.00244115043375,223,4.295925499555324
cv_79,duration,B6,0.20365896274192608,0.06449588775616626,0.07724702273984022,0.33007090274401196,0.0015901659356980596,132.45035712481325,223,5.743841473934822
cv_79,duration,B5,0.2416531029068911,0.06302931448244305,0.11811564652130273,0.36519055929247946,0.00012608662757528246,128.55913904916105,223,1.852623398282617
cv_79,duration,B4,0.2613045169473061,0.06343749053301863,0.1369670355025896,0.3856419983920226,3.803771898785508e-05,126.70651565087843,223,0.0
cv_79,duration,SON_F,0.15935137816020348,0.05836913752247978,0.04494786861614311,0.2737548877042638,0.0063322369830831286,134.89539315921235,223,8.188877508333917
cv_79,duration,SON_A,0.16640103276734391,0.0571660034233507,0.05435566605757654,0.2784463994771113,0.003604596928640908,133.79289582121072,223,7.086380170332291
cv_79,duration,SON_B,0.17969743514160175,0.06426090934010643,0.05374605283499315,0.3056488174482104,0.005167980901436446,134.0633516972677,223,7.356836046389276
cv_79,intensity,A6,0.004084175432605079,0.4630925627117448,-0.9035772474824147,0.9117455983476249,0.9929632679510818,1052.9637440788817,223,0.2926170328164517
cv_79,intensity,A5,0.15510321882678943,0.44858449117595534,-0.724122383878083,1.034328821531662,0.7295220075461972,1052.8374819550006,223,0.16635490893531824
cv_79,intensity,A4,0.15510321882678943,0.44858449117595534,-0.724122383878083,1.034328821531662,0.7295220075461972,1052.8374819550006,223,0.16635490893531824
cv_79,intensity,B6,0.15260955708858243,0.5342687091442999,-0.8945571128342455,1.1997762270114103,0.7751523683117751,1052.8652753464048,223,0.19414830033952057
cv_79,intensity,B5,0.257712105269031,0.5165362349256658,-0.7546989151852739,1.2701231257233359,0.6178332247079138,1052.6933841928835,223,0.022257146818219553
cv_79,intensity,B4,0.19551867776076914,0.5387074489632891,-0.8603479222072776,1.251385277728816,0.716649433336779,1052.814367900192,223,0.14324085412681598
cv_79,intensity,SON_F,0.2167788051355729,0.40445962884106834,-0.575962067392921,1.0095196776640667,0.5919782968209888,1052.712279869255,223,0.04115282318980462
cv_79,intensity,SON_A,0.1932993310866621,0.38818786025491214,-0.5675488750129657,0.9541475371862899,0.6185171307026114,1052.756230934109,223,0.0851038880437045
cv_79,intensity,SON_B,0.25145697982415566,0.4610807650412057,-0.6522613196566076,1.1551752793049188,0.5855030018349237,1052.6711270460653,223,0.0
cv_79,f0,A6,0.4200700989134242,0.21762699661750445,-0.00647881445688453,0.8466190122837329,0.05357837940744221,771.163550919501,223,0.01397606399120832
cv_79,f0,A5,0.3575149576024911,0.21475247872329611,-0.06339990069516932,0.7784298159001515,0.09595728181127416,771.8440504820023,223,0.69447562649259
cv_79,f0,A4,0.3575149576024911,0.21475247872329611,-0.06339990069516932,0.7784298159001515,0.09595728181127416,771.8440504820023,223,0.69447562649259
cv_79,f0,B6,0.4528682985846679,0.23810194540621452,-0.013811514411512515,0.9195481115808484,0.05717203397381102,771.1495748555097,223,0.0
cv_79,f0,B5,0.38466766040623396,0.23446810744029803,-0.07488983017675016,0.844225150989218,0.1008811098979842,772.0870610991445,223,0.9374862436347939
cv_79,f0,B4,0.41842863189010954,0.24489813733152582,-0.06157171727968108,0.8984289810599002,0.08752834269503046,771.7974680424581,223,0.6478931869484086
cv_79,f0,SON_F,0.2548051282124487,0.19901373781379283,-0.13526179790258525,0.6448720543274826,0.2004257991642997,772.9831892832726,223,1.8336144277628819
cv_79,f0,SON_A,0.2390132885845781,0.20572899396176242,-0.16421553958047624,0.6422421167496324,0.24532196061274647,773.0887803166023,223,1.9392054610925697
cv_79,f0,SON_B,0.35947160755304564,0.2209676244732489,-0.07362493641452222,0.7925681515206136,0.1037781624688955,772.102512648374,223,0.9529377928643044
cv_81,duration,A6,0.17546055996577614,0.07389247313510826,0.03063131262096397,0.3202898073105883,0.01757087943531948,154.5000557151555,204,6.360950132845289
cv_81,duration,A5,0.17546055996577614,0.07389247313510826,0.03063131262096397,0.3202898073105883,0.01757087943531948,154.5000557151555,204,6.360950132845289
cv_81,duration,A4,0.17546055996577614,0.07389247313510826,0.03063131262096397,0.3202898073105883,0.01757087943531948,154.5000557151555,204,6.360950132845289
cv_81,duration,B6,0.22286985598827033,0.08419750049507846,0.05784275501791655,0.38789695695862414,0.00812119993500976,152.29168705829278,204,4.152581475982572
cv_81,duration,B5,0.27291272863063265,0.07550561861145097,0.12492171615218875,0.4209037411090766,0.0003009636560915746,148.1391055823102,204,0.0
cv_81,duration,B4,0.27291272863063265,0.07550561861145097,0.12492171615218875,0.4209037411090766,0.0003009636560915746,148.1391055823102,204,0.0
cv_81,duration,SON_F,0.1718101878983238,0.06284150932755327,0.04864082961631941,0.2949795461803282,0.00625655044585766,153.34099103788105,204,5.201885455570846
cv_81,duration,SON_A,0.1605733759224492,0.058597899040413716,0.04572149380323831,0.27542525804166007,0.0061390927196252575,153.5131773311046,204,5.3740717487943925
cv_81,duration,SON_B,0.15590317903386874,0.06271258608656846,0.032986510304194555,0.27881984776354296,0.012918975994444729,155.02487217678964,204,6.885766594479435
cv_81,intensity,A6,-0.6476078765223179,0.624232630246236,-1.8711038318049404,0.5758880787603047,0.29952787719596274,1082.0239620025318,204,0.0
cv_81,intensity,A5,-0.6476078765223179,0.624232630246236,-1.8711038318049404,0.5758880787603047,0.29952787719596274,1082.0239620025318,204,0.0
cv_81,intensity,A4,-0.6476078765223179,0.624232630246236,-1.8711038318049404,0.5758880787603047,0.29952787719596274,1082.0239620025318,204,0.0
cv_81,intensity,B6,-0.6496151635816082,0.626779867287395,-1.8781037034649022,0.5788733763016859,0.30000031153637663,1082.1821408142512,204,0.15817881171938097
cv_81,intensity,B5,-0.6533629783545198,0.6451973616764726,-1.917949807240406,0.6112238505313663,0.31122450218982756,1082.19142522552,204,0.16746322298831728
cv_81,intensity,B4,-0.6533629783545198,0.6451973616764726,-1.917949807240406,0.6112238505313663,0.31122450218982756,1082.19142522552,204,0.16746322298831728
cv_81,intensity,SON_F,-0.1675664990778655,0.6835483199566639,-1.5073212061929266,1.1721882080371955,0.8063463738704186,1082.8905712440019,204,0.866609241470087
cv_81,intensity,SON_A,-0.16457150681474017,0.6451416376858129,-1.4290491166789334,1.099906103049453,0.7986508024241924,1082.8843987729629,204,0.8604367704310789
cv_81,intensity,SON_B,-0.22089040349508504,0.669425149514375,-1.53296369654326,1.0911828895530902,0.7414224192983727,1082.840258245485,204,0.8162962429532854
cv_81,f0,A6,1.001376844933216,0.3475091701294542,0.32025887147948584,1.6824948183869464,0.003956818219504588,751.3956919142804,204,0.39386089861238816
cv_81,f0,A5,1.001376844933216,0.3475091701294542,0.32025887147948584,1.6824948183869464,0.003956818219504588,751.3956919142804,204,0.39386089861238816
cv_81,f0,A4,1.001376844933216,0.3475091701294542,0.32025887147948584,1.6824948183869464,0.003956818219504588,751.3956919142804,204,0.39386089861238816
cv_81,f0,B6,1.1180243429202492,0.3981726055913024,0.33760603596129646,1.898442649879202,0.004986746504787741,751.0331438763944,204,0.03131286072641615
cv_81,f0,B5,1.1326608505064504,0.40892903485608423,0.3311599421885253,1.9341617588243754,0.005608684489840414,751.001831015668,204,0.0
cv_81,f0,B4,1.1326608505064504,0.40892903485608423,0.3311599421885253,1.9341617588243754,0.005608684489840414,751.001831015668,204,0.0
cv_81,f0,SON_F,0.7633752744473866,0.31012528652600346,0.1555297128564198,1.3712208360383533,0.013835505755517258,754.6524152442892,204,3.650584228621142
cv_81,f0,SON_A,0.8072932975947059,0.282590517831724,0.25341588264452686,1.3611707125448849,0.004279892706382084,752.6200024740086,204,1.618171458340612
cv_81,f0,SON_B,0.9323558072473347,0.3216683909786229,0.3018857609292339,1.5628258535654354,0.0037495239802390846,751.2817423263461,204,0.2799113106781306
cv_82,duration,A6,0.22794119431169657,0.04837003110774762,0.13313593334051124,0.3227464552828819,2.447600911216896e-06,207.47720739748604,385,0.0
cv_82,duration,A5,0.22552595634913813,0.04830419574578165,0.1308497326874061,0.3202021800108702,3.0286258627194873e-06,207.88208324556047,385,0.40487584807442545
cv_82,duration,A4,0.22552595634913813,0.04830419574578165,0.1308497326874061,0.3202021800108702,3.0286258627194873e-06,207.88208324556047,385,0.40487584807442545
cv_82,duration,B6,0.24731819219663528,0.05020653084955435,0.14891339173150875,0.3457229926617618,8.39229754041734e-07,209.77048821701055,385,2.2932808195245116
cv_82,duration,B5,0.2383237612236383,0.05068025609906753,0.13899045926946593,0.33765706317781063,2.5699877447268843e-06,211.94712398469574,385,4.4699165872096955
cv_82,duration,B4,0.2383237612236383,0.05068025609906753,0.13899045926946593,0.33765706317781063,2.5699877447268843e-06,211.94712398469574,385,4.4699165872096955
cv_82,duration,SON_F,0.10632818632455275,0.04839285509007312,0.01147819034800944,0.20117818230109608,0.02800704316551527,229.03979612966054,385,21.562588732174504
cv_82,duration,SON_A,0.13200396283417684,0.04810106037212217,0.0377258845048174,0.22628204116353628,0.006063923672375373,224.68768738386768,385,17.210479986381642
cv_82,duration,SON_B,0.14023893506562637,0.05397498148109446,0.034447971362681226,0.2460298987685715,0.009370813787595484,226.1088638010067,385,18.63165640352065
cv_82,intensity,A6,0.892971575433919,0.3261524366089219,0.25371279968043214,1.532230351187406,0.0061833555108566345,1806.8946929878102,385,0.0
cv_82,intensity,A5,0.864688883655018,0.319761148927622,0.23795703175687888,1.491420735553157,0.006847500358284816,1807.2804166939022,385,0.38572370609199425
cv_82,intensity,A4,0.864688883655018,0.319761148927622,0.23795703175687888,1.491420735553157,0.006847500358284816,1807.2804166939022,385,0.38572370609199425
cv_82,intensity,B6,0.985144723050696,0.3663580804206256,0.2670828854262698,1.703206560675122,0.007166182222436164,1807.232521820219,385,0.33782883240883166
cv_82,intensity,B5,0.9259825182043611,0.36541559047463756,0.20976796087407146,1.6421970755346507,0.011275163722437519,1808.0716654731646,385,1.1769724853543266
cv_82,intensity,B4,0.9259825182043611,0.36541559047463756,0.20976796087407146,1.6421970755346507,0.011275163722437519,1808.0716654731646,385,1.1769724853543266
cv_82,intensity,SON_F,0.4114974789392365,0.3278652512307258,-0.231118413472986,1.054113371351459,0.20944932209215705,1812.238396731053,385,5.343703743242713
cv_82,intensity,SON_A,0.22480283922921018,0.31112678572975444,-0.38500566080110854,0.8346113392595289,0.4699599909178258,1813.26982222326,385,6.375129235449776
cv_82,intensity,SON_B,0.2734265224752716,0.34921396424993006,-0.4110328474545913,0.9578858924051346,0.4336405842118749,1813.2013648646239,385,6.3066718768136525
cv_82,f0,A6,-0.7299989761500751,0.2766229679695592,-1.2721799933704112,-0.18781795892973907,0.008315899360815145,1705.2950763215676,385,0.4378718106604538
cv_82,f0,A5,-0.7533011435094885,0.27580664009544675,-1.2938821580965643,-0.21272012892241288,0.006309163436165094,1704.8572045109072,385,0.0
cv_82,f0,A4,-0.7533011435094885,0.27580664009544675,-1.2938821580965643,-0.21272012892241288,0.006309163436165094,1704.8572045109072,385,0.0
cv_82,f0,B6,-0.722311990415497,0.31032773868416097,-1.3305543582364525,-0.11406962259454145,0.01993452737878325,1706.7097672862392,385,1.8525627753319895
cv_82,f0,B5,-0.8074263991194682,0.31138278378875134,-1.4177366553454207,-0.19711614289351564,0.00951331397611236,1705.6305059642102,385,0.77330145330302
cv_82,f0,B4,-0.8074263991194682,0.31138278378875134,-1.4177366553454207,-0.19711614289351564,0.00951331397611236,1705.6305059642102,385,0.77330145330302
cv_82,f0,SON_F,-0.7151762771491337,0.25309165621471386,-1.2112359233299728,-0.21911663096829453,0.004716859132828083,1705.2082125561492,385,0.351008045241997
cv_82,f0,SON_A,-0.6720974626298339,0.24634120255834635,-1.1549262196441927,-0.1892687056154751,0.006365795238339986,1705.3982649130544,385,0.5410604021471954
cv_82,f0,SON_B,-0.7662555906816414,0.28102330224427896,-1.3170612630804281,-0.21544991828285465,0.006397851653910119,1705.4068319915245,385,0.549627480617346
cv_83,duration,A6,0.1648480560350518,0.04991768941848376,0.06700938477482361,0.26268672729528,0.0009586209374571517,172.41295231608058,267,7.024283538594773
cv_83,duration,A5,0.1853408251575877,0.049490030620161815,0.08834036514207055,0.28234128517310486,0.00018038418661623702,169.93479046302014,267,4.546121685534331
cv_83,duration,A4,0.21850915903158977,0.04842873370754694,0.12358884096479776,0.31342947709838176,6.422723981781006e-06,165.3886687774858,267,0.0
cv_83,duration,B6,0.16823108292821204,0.053703936064973194,0.06297136824086458,0.2734907976155595,0.0017328591646639708,173.13934892435827,267,7.750680146872469
cv_83,duration,B5,0.190535880011007,0.05313969412801134,0.08638207952010477,0.29468968050190925,0.0003363479352287336,170.65068803222857,267,5.262019254742768
cv_83,duration,B4,0.22708629075401207,0.05186039278378016,0.12543992089780298,0.32873266061022116,1.193345538603909e-05,166.0064805604942,267,0.617811783008392
cv_83,duration,SON_F,0.0742173685269196,0.0644002274555778,-0.05200707728601289,0.2004418143398521,0.24914050072058458,179.7541207001018,267,14.36545192261599
cv_83,duration,SON_A,0.1340058569150525,0.057963644139464435,0.02039711440170222,0.2476145994284028,0.02078347238550155,175.46173068792575,267,10.073061910439947
cv_83,duration,SON_B,0.13100069205255785,0.06268656577058528,0.008135023142210707,0.253866360962905,0.03663819664699448,176.30498238008795,267,10.916313602602145
cv_83,intensity,A6,-0.9829036496531596,0.511256979926561,-1.9849673303092192,0.01916003100290009,0.054539897102846825,1423.859595391877,267,0.36378075851916947
cv_83,intensity,A5,-0.8237596682812228,0.5102765230565042,-1.823901653471971,0.17638231690952544,0.10645375525112348,1424.7606643879408,267,1.2648497545828832
cv_83,intensity,A4,-0.9776848741144828,0.5142539762147668,-1.9856226674954256,0.03025291926646001,0.05727958568873527,1423.909647738528,267,0.4138331051701698
cv_83,intensity,B6,-1.105507397878708,0.5673247657316306,-2.217463938712704,0.006449142955287979,0.051339344599606145,1423.495814633358,267,0.0
cv_83,intensity,B5,-0.9214584013416204,0.5682732939456293,-2.035274057475054,0.19235725479181298,0.10490922247888551,1424.5209009363548,267,1.0250863029968968
cv_83,intensity,B4,-1.0915374552068573,0.5703761530623773,-2.209474715209117,0.02639980479540216,0.05565656895002637,1423.576798729403,267,0.08098409604508561
cv_83,intensity,SON_F,-0.2852041490469227,0.5882272088353018,-1.438129478364114,0.8677211802702688,0.6277801148008018,1426.6360310357618,267,3.140216402403894
cv_83,intensity,SON_A,-0.42909022716613954,0.5574566968749273,-1.5217053530409972,0.663524898708718,0.4414610455466156,1426.3024958067263,267,2.8066811733683608
cv_83,intensity,SON_B,-0.47036704214402814,0.6189947519633693,-1.683596755992232,0.7428626717041756,0.44732118934212683,1426.2531775500443,267,2.757362916686361
cv_83,f0,A6,0.46380756711429677,0.28841339553025264,-0.10148268812499833,1.0290978223535918,0.10780569774013539,1170.4545891835944,267,1.4922284450137795
cv_83,f0,A5,0.6133438791012611,0.2867022003458475,0.05140756642340005,1.1752801917791222,0.03241085409525961,1169.1375032396945,267,0.1751425011138963
cv_83,f0,A4,0.6328109844491484,0.2936723291516067,0.0572132193119993,1.2084087495862974,0.03117592890933587,1168.9623607385806,267,0.0
cv_83,f0,B6,0.45707514097754065,0.32139054992590604,-0.17285033687723517,1.0870006188323165,0.15497406766206565,1170.7003572448089,267,1.737996506228228
cv_83,f0,B5,0.6232721707638813,0.3203438837049235,-0.0046018412977687495,1.2511461828255315,0.05169863768211284,1169.3896913378574,267,0.4273305992767291
cv_83,f0,B4,0.6429090099882906,0.32704528883242534,0.001900243876736929,1.2839177760998441,0.04932052311189533,1169.2221446496646,267,0.2597839110840141
cv_83,f0,SON_F,0.29601275166616714,0.37548923836496595,-0.43994615552916616,1.0319716588615004,0.43049853306233243,1171.5043692761863,267,2.542008537605625
cv_83,f0,SON_A,0.3195942378144059,0.3432601717628907,-0.3531956988408599,0.9923841744696716,0.351824905676716,1171.3606450385969,267,2.3982843000162575
cv_83,f0,SON_B,0.28922827651374805,0.38169674519334873,-0.45889734406521543,1.0373538970927116,0.4486044754566654,1171.579335291865,267,2.616974553284308
cv_84,duration,A6,0.023826622624482766,0.05347996393069148,-0.08099410667967254,0.12864735192863808,0.6559409146865199,118.64480660129766,204,0.12855602632845375
cv_84,duration,A5,0.023826622624482766,0.05347996393069148,-0.08099410667967254,0.12864735192863808,0.6559409146865199,118.64480660129766,204,0.12855602632845375
cv_84,duration,A4,0.023826622624482766,0.05347996393069148,-0.08099410667967254,0.12864735192863808,0.6559409146865199,118.64480660129766,204,0.12855602632845375
cv_84,duration,B6,-0.005756762800182565,0.062207987852249014,-0.12768441899059063,0.11617089339022549,0.926268557431994,118.7980027806309,204,0.28175220566168946
cv_84,duration,B5,-0.005756762800182565,0.062207987852249014,-0.12768441899059063,0.11617089339022549,0.926268557431994,118.7980027806309,204,0.28175220566168946
cv_84,duration,B4,-0.01787989251829707,0.06406125179919267,-0.14343994604471472,0.10768016100812057,0.7801633256820634,118.73523294890884,204,0.21898237393963882
cv_84,duration,SON_F,0.03201856917426975,0.060975207557477436,-0.08749283763838603,0.15152997598692552,0.5995081164012619,118.5162505749692,204,0.0
cv_84,duration,SON_A,0.02823085493904207,0.053573191032321235,-0.07677259948430755,0.1332343093623917,0.5982223229313097,118.55645763989088,204,0.04020706492167392
cv_84,duration,SON_B,0.0028714208127511138,0.05917785258421424,-0.1131171702523088,0.11886001187781103,0.9613003252252328,118.80343594252764,204,0.28718536755843616
cv_84,intensity,A6,0.40108564375764194,0.4970059891323107,-0.5730460949416871,1.375217382456971,0.41966438437529874,1111.0690396571313,204,0.5938332723676467
cv_84,intensity,A5,0.40108564375764194,0.4970059891323107,-0.5730460949416871,1.375217382456971,0.41966438437529874,1111.0690396571313,204,0.5938332723676467
cv_84,intensity,A4,0.40108564375764194,0.4970059891323107,-0.5730460949416871,1.375217382456971,0.41966438437529874,1111.0690396571313,204,0.5938332723676467
cv_84,intensity,B6,0.10691017730251781,0.64675416002723,-1.160727976350853,1.3745483309558886,0.8687057722020403,1111.4001229106564,204,0.9249165258927405
cv_84,intensity,B5,0.10691017730251781,0.64675416002723,-1.160727976350853,1.3745483309558886,0.8687057722020403,1111.4001229106564,204,0.9249165258927405
cv_84,intensity,B4,-0.21404475410909987,0.6594199367777969,-1.5065078301935817,1.0784183219753818,0.745487221950399,1111.3426053643766,204,0.8673989796129717
cv_84,intensity,SON_F,0.27589806664214545,0.48241855691202506,-0.6696423049054236,1.2214384381897145,0.5673856597654316,1111.2548119382236,204,0.7796055534599873
cv_84,intensity,SON_A,0.625830219336712,0.43207694377609507,-0.22104059046443436,1.4727010291378584,0.14749876280198604,1110.4752063847636,204,0.0
cv_84,intensity,SON_B,0.405447199570955,0.5289506359730267,-0.6312960469361775,1.4421904460780874,0.44337150116273705,1111.0873756640756,204,0.6121692793119564
cv_84,f0,A6,0.36064410851318895,0.27968767761956054,-0.18754373962114967,0.9088319566475276,0.19724065399156443,685.8128183787353,204,0.0
cv_84,f0,A5,0.36064410851318895,0.27968767761956054,-0.18754373962114967,0.9088319566475276,0.19724065399156443,685.8128183787353,204,0.0
cv_84,f0,A4,0.36064410851318895,0.27968767761956054,-0.18754373962114967,0.9088319566475276,0.19724065399156443,685.8128183787353,204,0.0
cv_84,f0,B6,0.27395396034911124,0.3023633155170782,-0.31867813806436196,0.8665860587625844,0.36491345227375094,687.026868072305,204,1.2140496935696774
cv_84,f0,B5,0.27395396034911124,0.3023633155170782,-0.31867813806436196,0.8665860587625844,0.36491345227375094,687.026868072305,204,1.2140496935696774
cv_84,f0,B4,0.22434640374348513,0.31116032811131716,-0.3855278393546965,0.8342206468416667,0.47090989601344124,687.4048088699503,204,1.5919904912150287
cv_84,f0,SON_F,0.14672210582484654,0.2930416328507355,-0.427639494562595,0.7210837062122881,0.616591495349665,687.7128412767568,204,1.9000228980214615
cv_84,f0,SON_A,0.3247502237271393,0.23837036675265316,-0.1424556951080609,0.7919561425623395,0.17307904620333125,686.0532522127855,204,0.24043383405023633
cv_84,f0,SON_B,0.23670640063862658,0.24562618091250696,-0.24472091394988704,0.7181337152271402,0.3352036023238365,687.1806478984604,204,1.3678295197250918
cv_85,duration,A6,0.07010264635306153,0.044627375315319136,-0.01736700926496397,0.15757230197108701,0.11621888056047315,298.7655681932689,401,1.627763970673982
cv_85,duration,A5,0.07010264635306153,0.044627375315319136,-0.01736700926496397,0.15757230197108701,0.11621888056047315,298.7655681932689,401,1.627763970673982
cv_85,duration,A4,0.07848178821425661,0.04546251692890176,-0.010624744966390848,0.16758832139490407,0.08429406747603779,298.09529671981363,401,0.9574924972187091
cv_85,duration,B6,0.08972046632297334,0.04928592549508164,-0.006879947647386669,0.18632088029333335,0.06869697759334513,297.96806664816086,401,0.8302624255659339
cv_85,duration,B5,0.07782532149965006,0.050134390300692354,-0.02043808348970695,0.17608872648900709,0.12058231292236318,298.76243243719045,401,1.624628214595532
cv_85,duration,B4,0.0688018248774339,0.05056393755071042,-0.030303492721958522,0.1679071424768263,0.17361179684535688,299.26118351646994,401,2.1233792938750184
cv_85,duration,SON_F,0.08629380784574309,0.04534421093708638,-0.002580845590946207,0.17516846128243238,0.05702968456588535,297.1378042225949,401,0.0
cv_85,duration,SON_A,0.06627444181527893,0.04291033586930226,-0.0178298164885535,0.15037870011911136,0.12247047773777262,298.5594100960893,401,1.4216058734944
cv_85,duration,SON_B,0.07178351344656099,0.04744186651361795,-0.021202544920130198,0.1647695718132522,0.13025840732642666,298.57876855187124,401,1.4409643292763121
cv_85,intensity,A6,0.7307689291904089,0.48271674966330624,-0.21535590014967132,1.6768937585304893,0.130059590282255,2161.380551589704,401,0.0
cv_85,intensity,A5,0.7307689291904089,0.48271674966330624,-0.21535590014967132,1.6768937585304893,0.130059590282255,2161.380551589704,401,0.0
cv_85,intensity,A4,0.6140703268197826,0.5498162822469365,-0.463569586384213,1.6917102400237782,0.2640522345454548,2161.99739667443,401,0.6168450847262648
cv_85,intensity,B6,0.5280184234080092,0.5541800619966277,-0.5581744981053811,1.6142113449213995,0.34069538270189703,2162.6912716112224,401,1.3107200215185912
cv_85,intensity,B5,0.3385492745779323,0.5413671404792859,-0.722530320761468,1.3996288699173327,0.5317349062250697,2163.2883949117886,401,1.9078433220847728
cv_85,intensity,B4,0.6160504203568198,0.47158947346178415,-0.30826494762827716,1.5403657883419166,0.19144112080983355,2162.368769202238,401,0.9882176125342994
cv_85,intensity,SON_F,-0.04153084640521636,0.4841440238780335,-0.990453133206162,0.9073914403957294,0.9316397094910638,2163.68172039796,401,2.3011688082560795
cv_85,intensity,SON_A,0.2883739007604825,0.4665521684706201,-0.6260683494419328,1.2028161509628978,0.5365122402292429,2163.2514363338496,401,1.8708847441457692
cv_85,intensity,SON_B,-0.019801278641409948,0.5150765974469089,-1.0293514096373513,0.9897488523545315,0.969334184696655,2163.688476232817,401,2.307924643112983
cv_85,f0,A6,1.0756351901678332,0.2114852246132619,0.6611241499258398,1.4901462304098265,3.6549966532800444e-07,1374.0200682602176,401,0.01402512097752151
cv_85,f0,A5,1.0756351901678332,0.2114852246132619,0.6611241499258398,1.4901462304098265,3.6549966532800444e-07,1374.0200682602176,401,0.01402512097752151
cv_85,f0,A4,1.0555776064808868,0.20722390472131286,0.6494187532271136,1.46173645973466,3.5077399301257885e-07,1374.00604313924,401,0.0
cv_85,f0,B6,1.0314230711904222,0.23748772023744882,0.5659471395250225,1.4968990028558218,1.4051267376021903e-05,1382.4060372618253,401,8.399994122585213
cv_85,f0,B5,1.0008007175256788,0.2404031027778031,0.5296106360811847,1.4719907989701728,3.140784812926328e-05,1384.486264779076,401,10.480221639835918
cv_85,f0,B4,0.9936956560072165,0.24028472489068262,0.5227375952214786,1.4646537167929545,3.541943224560415e-05,1385.0251039262214,401,11.0190607869813
cv_85,f0,SON_F,0.46397751787729063,0.19365373213384734,0.08441620289494983,0.8435388328596314,0.016579019431037987,1401.2231880245906,401,27.217144885350535
cv_85,f0,SON_A,0.6714785044577534,0.19145616570130491,0.29622441968319574,1.046732589232311,0.00045281807285662277,1392.3114390735996,401,18.305395934359467
cv_85,f0,SON_B,0.6266969478068956,0.20505834057577965,0.22478260027836744,1.0286112953354236,0.002241702554401745,1396.576747602035,401,22.570704462794993
cv_87,duration,A6,0.10225188132194137,0.04625762908527655,0.011586928314799322,0.1929168343290834,0.02707139138598691,149.27386895311838,404,4.927441194420226
cv_87,duration,A5,0.10824013459843299,0.04598056358790434,0.018118229966140487,0.19836203923072548,0.018570559710050456,148.45270305516578,404,4.106275296467629
cv_87,duration,A4,0.09588561521747585,0.04557920439935798,0.006550374594734204,0.1852208558402175,0.03540339326899851,149.95090243891627,404,5.604474680218118
cv_87,duration,B6,0.13832067461473488,0.048754235434510476,0.04276237316309435,0.23387897606637542,0.00455252535876105,145.51911183386005,404,1.1726840751618965
cv_87,duration,B5,0.14585226102125637,0.048745179129371034,0.050311709927689144,0.2413928121148236,0.0027703178039901583,144.34642775869816,404,0.0
cv_87,duration,B4,0.13054704174699905,0.049649498493800036,0.033234024699150974,0.2278600587948471,0.008554252268381366,146.7354029926894,404,2.388975233991232
cv_87,duration,SON_F,0.07879605813961084,0.04009064798942787,0.00021838808033221302,0.15737372819888945,0.04936248290872445,150.88334844551457,404,6.536920686816416
cv_87,duration,SON_A,0.05007985085617304,0.03841425914837404,-0.02521209707464008,0.12537179878698615,0.19234315983657857,153.49193677220808,404,9.145509013509923
cv_87,duration,SON_B,0.07865251566011697,0.04057020615412899,-0.0008650884019758553,0.1581701197222098,0.052540710704783215,151.04380521365977,404,6.697377454961611
cv_87,intensity,A6,-0.1296916293510311,0.37208252382223955,-0.8589733760426206,0.5995901173405584,0.7274225983373506,1927.7812235500787,404,0.2974535572670902
cv_87,intensity,A5,-0.13240165154209324,0.367733440646546,-0.8531591952093234,0.5883558921251368,0.7188113163329162,1927.7747659000806,404,0.29099590726900715
cv_87,intensity,A4,-0.009576660896630812,0.35886083275354747,-0.7129438930935839,0.6937905713003223,0.9787099556929839,1927.903246197892,404,0.4194762050804002
cv_87,intensity,B6,-0.18826313999280295,0.40574763382587425,-0.9835285022915164,0.6070022223059105,0.642654388637927,1927.6778040354739,404,0.19403404266222424
cv_87,intensity,B5,-0.25607016316644055,0.40056987236890923,-1.0411871130095027,0.5290467866766215,0.5226507745850578,1927.4837699928116,404,0.0
cv_87,intensity,B4,-0.2371787395293564,0.385579735186714,-0.9929150204953159,0.518557541436603,0.5384738773216249,1927.5497620625551,404,0.06599206974351546
cv_87,intensity,SON_F,-0.024174610689950332,0.34924261507713944,-0.7086901362411436,0.660340914861243,0.9448144195492402,1927.8986049116834,404,0.4148349188717475
cv_87,intensity,SON_A,0.06912108600431631,0.32676174188346196,-0.5713319280872691,0.7095741000959017,0.8324709201560653,1927.8575631476815,404,0.3737931548698725
cv_87,intensity,SON_B,-0.06399752725717284,0.3533460881078471,-0.7565558599485531,0.6285608054342076,0.8562745331901894,1927.867814690079,404,0.3840446972674272
cv_87,f0,A6,0.40224190469016513,0.19780702646552892,0.01454013281772848,0.7899436765626018,0.042001361921568184,1281.1355246419434,404,2.9948384251667903
cv_87,f0,A5,0.40877003077497504,0.19568147444339742,0.025234340865916083,0.792305720684034,0.03671166541924098,1280.8837555626312,404,2.7430693458545647
cv_87,f0,A4,0.397375168363839,0.1943239162609819,0.016500292492314494,0.7782500442353635,0.04086360562816849,1281.1993938043342,404,3.058707587557592
cv_87,f0,B6,0.5285790786818338,0.1975294211253902,0.14142141327606905,0.9157367440875986,0.007451750886233576,1278.1406862167767,404,0.0
cv_87,f0,B5,0.5190028751894834,0.1963896389706535,0.13407918280700254,0.9039265675719643,0.008224295636215287,1278.424950681302,404,0.2842644645254495
cv_87,f0,B4,0.5164777206707734,0.1988957662694858,0.1266420187825812,0.9063134225589655,0.009411708767689826,1278.6564550911185,404,0.5157688743418021
cv_87,f0,SON_F,0.2685933988503097,0.15509972719218165,-0.03540206644636634,0.5725888641469857,0.08331871994016196,1283.722548989769,404,5.581862772992281
cv_87,f0,SON_A,0.19853238960346448,0.158484071876044,-0.11209639127358173,0.5091611704805107,0.210316300918291,1285.0708786156852,404,6.930192398908503
cv_87,f0,SON_B,0.2987512890237753,0.15676071234124914,-0.008499707165073034,0.6060022852126237,0.056678871853541285,1283.0805379715885,404,4.939851754811798
cv_88,duration,A6,0.17752279667603293,0.05331677804337241,0.07302191171102301,0.28202368164104286,0.0008697520613707683,205.03254783001267,275,0.0
cv_88,duration,A5,0.17752279667603293,0.05331677804337241,0.07302191171102301,0.28202368164104286,0.0008697520613707683,205.03254783001267,275,0.0
cv_88,duration,A4,0.16341359491106938,0.054837379565424386,0.05593233096283759,0.2708948588593012,0.0028827920707232787,206.40524934183844,275,1.3727015118257668
cv_88,duration,B6,0.1852614026613956,0.05673332315824053,0.07406408927124417,0.29645871605154706,0.001092796026651501,205.3521593730971,275,0.3196115430844202
cv_88,duration,B5,0.1852614026613956,0.05673332315824053,0.07406408927124417,0.29645871605154706,0.001092796026651501,205.3521593730971,275,0.3196115430844202
cv_88,duration,B4,0.16907980739225148,0.05873388022351789,0.05396140215415643,0.2841982126303465,0.003992622437203033,206.78992769692053,275,1.7573798669078542
cv_88,duration,SON_F,0.110827051041133,0.05230078317456248,0.008317516018990542,0.21333658606327544,0.034087733813237764,210.1859108419266,275,5.153363011913939
cv_88,duration,SON_A,0.13189893107596923,0.050677499650178724,0.032571031761618935,0.23122683039031952,0.009248964118775446,208.37220792834233,275,3.3396600983296594
cv_88,duration,SON_B,0.1327802805122444,0.053325037607900735,0.028263206800758944,0.23729735422372983,0.012773678073364393,208.84496536017417,275,3.812417530161497
cv_88,intensity,A6,-0.0828463543535782,0.3680230301881238,-0.8041714935223009,0.6384787848151444,0.8218922431765112,1415.8739757343951,275,0.01966287969480618
cv_88,intensity,A5,-0.0828463543535782,0.3680230301881238,-0.8041714935223009,0.6384787848151444,0.8218922431765112,1415.8739757343951,275,0.01966287969480618
cv_88,intensity,A4,0.010452267961822368,0.370824259453562,-0.7163632805671591,0.737267816490804,0.9775133399215998,1415.8982485583333,275,0.04393570363299659
cv_88,intensity,B6,-0.06431159098744704,0.39564020466137556,-0.839766392123743,0.7111432101488491,0.8708722087301912,1415.8854662547076,275,0.031153400007269738
cv_88,intensity,B5,-0.06431159098744704,0.39564020466137556,-0.839766392123743,0.7111432101488491,0.8708722087301912,1415.8854662547076,275,0.031153400007269738
cv_88,intensity,B4,0.0407204151322711,0.3984166463749869,-0.7401762117627032,0.8216170420272454,0.9185934774204476,1415.8933253828536,275,0.03901252815330736
cv_88,intensity,SON_F,0.10477934402140611,0.3535676246081132,-0.5882132002104957,0.7977718882533079,0.7669637157447897,1415.8543128547003,275,0.0
cv_88,intensity,SON_A,-0.025137949389146243,0.3449276759996758,-0.7011961943485108,0.6509202955702182,0.9419024851479811,1415.896022892716,275,0.04171003801570805
cv_88,intensity,SON_B,-0.0030272446629670702,0.3641965226759208,-0.7168524291077718,0.7107979397818376,0.9933679653305575,1415.8986085558217,275,0.044295701121427555
cv_88,f0,A6,0.49687287931693325,0.17142717252277054,0.16087562117230297,0.8328701374615635,0.0037501355503677075,810.4967201998074,275,1.7586883494911945
cv_88,f0,A5,0.49687287931693325,0.17142717252277054,0.16087562117230297,0.8328701374615635,0.0037501355503677075,810.4967201998074,275,1.7586883494911945
cv_88,f0,A4,0.5294954883428915,0.17553385068417604,0.18544914100190646,0.8735418356838766,0.0025572261685428985,809.3645613188799,275,0.6265294685636036
cv_88,f0,B6,0.5449222757076309,0.16423097305168757,0.22302956852632322,0.8668149828889384,0.0009065676256408207,809.9652525545708,275,1.2272207042545915
cv_88,f0,B5,0.5449222757076309,0.16423097305168757,0.22302956852632322,0.8668149828889384,0.0009065676256408207,809.9652525545708,275,1.2272207042545915
cv_88,f0,B4,0.580645329573308,0.1695829810228766,0.2482626867684698,0.913027972378146,0.0006171572318387236,808.7380318503162,275,0.0
cv_88,f0,SON_F,0.1732414625367334,0.17525605410250625,-0.17026040350417887,0.5167433285776457,0.3229054517877188,817.3349200850147,275,8.59688823469844
cv_88,f0,SON_A,0.22907205178302947,0.1748738466187747,-0.1136806875897689,0.5718247911558278,0.19022038031937583,816.4837577593331,275,7.745725909016869
cv_88,f0,SON_B,0.23946817878641677,0.17464454373543598,-0.10283512693503774,0.5817714845078713,0.1703205049216968,816.5015776154643,275,7.763545765148024
cv_89,duration,A6,0.029888583511090867,0.046823931033206645,-0.06188632131399415,0.12166348833617588,0.5232663426480811,305.23185465008635,464,0.27927437099288
cv_89,duration,A5,0.037946668541251984,0.04594479978181114,-0.05210513903109785,0.12799847611360182,0.40885022143290883,304.95258027909347,464,0.0
cv_89,duration,A4,0.037946668541251984,0.04594479978181114,-0.05210513903109785,0.12799847611360182,0.40885022143290883,304.95258027909347,464,0.0
cv_89,duration,B6,0.00763116881525494,0.04614713064471084,-0.08281720724837831,0.09807954487888819,0.8686558721912142,305.64711223230336,464,0.6945319532098893
cv_89,duration,B5,0.018315254440740725,0.047127324717320264,-0.07405430200520699,0.11068481088668844,0.6975473242190209,305.5279364724739,464,0.5753561933804576
cv_89,duration,B4,0.021666129030673727,0.047544163433731405,-0.07152043129943983,0.11485268936078727,0.6486018834953384,305.4719387454835,464,0.519358466390031
cv_89,duration,SON_F,0.016049208068587752,0.04233682830063424,-0.06693097540065535,0.09902939153783086,0.7046255952005624,305.51870436066645,464,0.5661240815729798
cv_89,duration,SON_A,0.030066797569431588,0.04254340061968612,-0.0533182676451532,0.11345186278401638,0.47973282088973024,305.10958266168575,464,0.15700238259228172
cv_89,duration,SON_B,0.012045889898250338,0.043654000731009286,-0.07351595153452786,0.09760773133102854,0.7825940637297932,305.5920291887129,464,0.639448909619432
cv_89,intensity,A6,0.17866498499247085,0.5951398017661186,-0.9878090264691215,1.3451389964540632,0.7640194575382842,2618.9113719759084,464,0.8762037522706123
cv_89,intensity,A5,0.12309480589122845,0.5917448016149691,-1.036725005274111,1.282914617056568,0.8352132822285865,2618.967317395639,464,0.9321491720011181
cv_89,intensity,A4,0.12309480589122845,0.5917448016149691,-1.036725005274111,1.282914617056568,0.8352132822285865,2618.967317395639,464,0.9321491720011181
cv_89,intensity,B6,-0.10805154819210827,0.602772661283578,-1.289485964307921,1.0733828679237045,0.8577354800587687,2618.9834941809704,464,0.9483259573325995
cv_89,intensity,B5,-0.024078874494331826,0.6151945151824486,-1.2298601242519311,1.1817023752632674,0.9687785611284558,2619.0173895413805,464,0.982221317742642
cv_89,intensity,B4,0.10923705963257485,0.6159359191159646,-1.0979973418347155,1.3164714610998653,0.8592324276443364,2618.9841584473747,464,0.9489902237369279
cv_89,intensity,SON_F,0.21353295226390512,0.5724248512723782,-0.9084197562299561,1.3354856607577663,0.7091244128502867,2618.8322847026875,464,0.7971164790496914
cv_89,intensity,SON_A,0.48044275899653965,0.5710355660880579,-0.6387869505360539,1.5996724685291333,0.4001499402026468,2618.035168223638,464,0.0
cv_89,intensity,SON_B,0.3740968606672595,0.6071309614520575,-0.8158798237787732,1.564073545113292,0.5377812650714465,2618.484403123663,464,0.4492349000252034
cv_89,f0,A6,-0.43404894486623324,0.30817830456738743,-1.0380784218183126,0.16998053208584607,0.1590024604145438,2137.1769273840414,464,6.565868835949004
cv_89,f0,A5,-0.39533934489549116,0.3080818855638443,-0.999179840600626,0.2085011508096437,0.19941216007836882,2137.463899606945,464,6.852841058852391
cv_89,f0,A4,-0.39533934489549116,0.3080818855638443,-0.999179840600626,0.2085011508096437,0.19941216007836882,2137.463899606945,464,6.852841058852391
cv_89,f0,B6,-0.3967410832622563,0.3357747229429551,-1.0548595402304484,0.2613773737059356,0.23737666584402228,2137.616510035217,464,7.005451487124446
cv_89,f0,B5,-0.3952122701089036,0.3452362724194153,-1.0718753640509575,0.28145082383315034,0.25230907543655623,2137.667720716771,464,7.056662168678486
cv_89,f0,B4,-0.37862604452113574,0.35020262232032306,-1.065023184268969,0.3077710952266975,0.2796247063724132,2137.786536300555,464,7.175477752462484
cv_89,f0,SON_F,-0.8477073636286019,0.3140902613353967,-1.4633242758459795,-0.23209045141122442,0.006956298308618352,2130.6110585480924,464,0.0
cv_89,f0,SON_A,-0.733759371815843,0.30866704121361094,-1.3387467725945204,-0.12877197103716564,0.017445227129767697,2132.4728185257136,464,1.8617599776212046
cv_89,f0,SON_B,-0.6486116445567992,0.3375714251327749,-1.310251637817038,0.013028348703439607,0.05468058641877958,2134.4268009070506,464,3.815742358958232
cv_90,duration,A6,0.18784760108320878,0.039250934629062394,0.11091576921024648,0.26477943295617107,1.702972560120539e-06,279.90882131375986,532,4.036439129246901
cv_90,duration,A5,0.18981803201435443,0.03874072107583494,0.11388621870571795,0.2657498453229909,9.598157532277457e-07,278.8187894411552,532,2.94640725664226
cv_90,duration,A4,0.17588389434512258,0.03958412761973098,0.09829900421044986,0.2534687844797953,8.859220998145156e-06,282.4918003279382,532,6.619418143425264
cv_90,duration,B6,0.2142862844689491,0.04418843776385579,0.12767694645179176,0.30089562248610646,1.2385138199299307e-06,278.82476323257936,532,2.9523810480663997
cv_90,duration,B5,0.21105482329673048,0.04389062586990226,0.12502919659172207,0.2970804500017389,1.5195012563052784e-06,279.81028567701685,532,3.9379034925038923
cv_90,duration,B4,0.189552522214604,0.04630122550690223,0.09880212022107564,0.28030292420813235,4.241798777039586e-05,285.2385573461585,532,9.366175161645515
cv_90,duration,SON_F,0.20395083128701913,0.04120903091764632,0.12318113068843234,0.2847205318856059,7.452754608542405e-07,275.87238218451296,532,0.0
cv_90,duration,SON_A,0.16328141905858523,0.04023853893486749,0.08441388274624495,0.2421489553709255,4.9529385163052195e-05,284.4011929338898,532,8.528810749376817
cv_90,duration,SON_B,0.19920092597835065,0.046944334741029436,0.10719002988593296,0.29121182207076834,2.2021420839798524e-05,280.97953742208244,532,5.107155237569486
cv_90,intensity,A6,0.7769114400673908,0.3277653688233883,0.13449131717354967,1.419331562961232,0.017772309628658074,2697.356043117972,532,0.0
cv_90,intensity,A5,0.730551754184585,0.32500846099160036,0.09353517064104822,1.3675683377281218,0.02458939035756273,2697.7933533106166,532,0.43731019264441784
cv_90,intensity,A4,0.7545389046355875,0.3280340299308997,0.11159220597102404,1.3974856033001508,0.02143774998718138,2697.5176795433345,532,0.16163642536230327
cv_90,intensity,B6,0.7137701936371449,0.3835322458188468,-0.0379530081677949,1.4654933954420848,0.06273803377796335,2698.8225236279354,532,1.4664805099632758
cv_90,intensity,B5,0.5354935094446889,0.37674245562844333,-0.20292170358706008,1.2739087224764378,0.15520684365617687,2700.1749931110767,532,2.8189499931045248
cv_90,intensity,B4,0.5260250574784979,0.3932741479563937,-0.24479227251603375,1.2968423874730295,0.18104216023502784,2700.284055303893,532,2.928012185921034
cv_90,intensity,SON_F,0.6598364560886925,0.36667774324340313,-0.05885192066837763,1.3785248328457627,0.07193968550115126,2698.6700284732924,532,1.3139853553202556
cv_90,intensity,SON_A,0.615325978841328,0.3436706384023998,-0.05826847242737565,1.2889204301100317,0.07338118510470787,2698.806299588603,532,1.4502564706308476
cv_90,intensity,SON_B,0.529119026955658,0.41294796212861506,-0.2802589788164275,1.3384970327277435,0.20008082816661554,2700.0984101357767,532,2.742367017804554
cv_90,f0,A6,0.14834696827648725,0.4090704984926114,-0.653431208769031,0.9501251453220056,0.7168708255668563,2734.664265301629,532,1.055878890954773
cv_90,f0,A5,0.07254343617562761,0.4041812158171147,-0.7196517468259171,0.8647386191771724,0.8575588938865937,2734.7809276268526,532,1.1725412161786153
cv_90,f0,A4,0.00041984415558963737,0.4096696976394752,-0.8025327632177818,0.803372451528961,0.9991822995135358,2734.818655688377,532,1.2102692777029915
cv_90,f0,B6,-0.052565210854210793,0.46775500549607046,-0.969365021626509,0.8642345999180873,0.9105239714376865,2734.8031167229105,532,1.1947303122365156
cv_90,f0,B5,-0.2124418625520808,0.4609440266022582,-1.115892154692507,0.6910084295883452,0.6448816201671901,2734.5668217255047,532,0.9584353148306946
cv_90,f0,B4,-0.3267624348818904,0.4749096085248509,-1.2575852675905983,0.6040603978268174,0.49142013022118003,2734.240482776549,532,0.6320963658749861
cv_90,f0,SON_F,-0.24960352147952083,0.41087266999375516,-1.054913954667281,0.5557069117082393,0.5435217674119006,2734.388076669248,532,0.7796902585741918
cv_90,f0,SON_A,-0.31630983353946085,0.3792914379388199,-1.059721051899548,0.4271013848206262,0.4043095479329847,2734.0569482065434,532,0.44856179586940925
cv_90,f0,SON_B,-0.4499864070336659,0.440358973723111,-1.3130899955309634,0.41311718146363163,0.30684589160672304,2733.608386410674,532,0.0
cv_91,duration,A6,0.09968705995430722,0.045320181521037374,0.010859504173073978,0.18851461573554046,0.027834051440769503,188.50682287362645,374,0.0
cv_91,duration,A5,0.09968705995430722,0.045320181521037374,0.010859504173073978,0.18851461573554046,0.027834051440769503,188.50682287362645,374,0.0
cv_91,duration,A4,0.09423664518885648,0.04445915878329991,0.007096693973588655,0.1813765964041243,0.03403787085573119,188.88152256786395,374,0.37469969423750626
cv_91,duration,B6,0.09173872842880043,0.04979133249366184,-0.005852283258776778,0.18932974011637765,0.06540733472625566,189.7596868476371,374,1.2528639740106655
cv_91,duration,B5,0.09173872842880043,0.04979133249366184,-0.005852283258776778,0.18932974011637765,0.06540733472625566,189.7596868476371,374,1.2528639740106655
cv_91,duration,B4,0.0889774519177181,0.04996414962053809,-0.008952281338536566,0.18690718517397276,0.07494089623448416,189.97073245810657,374,1.4639095844801204
cv_91,duration,SON_F,0.02127849667452197,0.04707147851108018,-0.07098160120719517,0.11353859455623912,0.651235490690944,192.99780929275198,374,4.490986419125534
cv_91,duration,SON_A,0.02345701014799066,0.04512575637773131,-0.0649894723523627,0.11190349264834402,0.6031930626754587,192.93352129511595,374,4.426698421489505
cv_91,duration,SON_B,0.00815869060317943,0.04785350491281439,-0.08563417902593677,0.10195156023229564,0.8646223898282226,193.19534639539108,374,4.688523521764637
cv_91,intensity,A6,1.5766882107721294,0.5062897356737576,0.5843603288515645,2.5690160926926944,0.0018444353413317716,2000.8905872260502,374,0.6149298237098719
cv_91,intensity,A5,1.5766882107721294,0.5062897356737576,0.5843603288515645,2.5690160926926944,0.0018444353413317716,2000.8905872260502,374,0.6149298237098719
cv_91,intensity,A4,1.3132961003928931,0.5511311011330685,0.2330791421720788,2.3935130586137072,0.01717636865860716,2003.5421137759026,374,3.266456373562278
cv_91,intensity,B6,1.7462816841272004,0.5147040908177997,0.7374616661243132,2.7551017021300876,0.0006918524834611866,2000.2756574023404,374,0.0
cv_91,intensity,B5,1.7462816841272004,0.5147040908177997,0.7374616661243132,2.7551017021300876,0.0006918524834611866,2000.2756574023404,374,0.0
cv_91,intensity,B4,1.6814341035463032,0.5190981659558059,0.6640016982729235,2.698866508819683,0.0011988870881162658,2001.0145764156366,374,0.738919013296254
cv_91,intensity,SON_F,1.1976470317208747,0.5248580580830803,0.16892523787803748,2.226368825563712,0.022498234575310902,2004.4365335707953,374,4.160876168454934
cv_91,intensity,SON_A,1.1467544830297784,0.4944814371758544,0.17757086616510387,2.115938099894453,0.020389331706955043,2004.6311413746994,374,4.355483972359025
cv_91,intensity,SON_B,1.249529958635986,0.5089787003922508,0.2519317058671745,2.2471282114047977,0.014089440676403053,2004.308815280543,374,4.033157878202701
cv_91,f0,A6,0.1632763725318438,0.16262777329026012,-0.15547406311706602,0.4820268081807536,0.31538428007885433,1331.605678968579,374,0.032290248784192954
cv_91,f0,A5,0.1632763725318438,0.16262777329026012,-0.15547406311706602,0.4820268081807536,0.31538428007885433,1331.605678968579,374,0.032290248784192954
cv_91,f0,A4,0.13152761088289774,0.16124003729185624,-0.1845028622091405,0.447558083974936,0.4146571481227016,1331.8042015076117,374,0.23081278781683068
cv_91,f0,B6,0.17873559557380936,0.19096106628864803,-0.19554809435194076,0.5530192854995595,0.3492838714668056,1331.5810112237662,374,0.007622503971333572
cv_91,f0,B5,0.17873559557380936,0.19096106628864803,-0.19554809435194076,0.5530192854995595,0.3492838714668056,1331.5810112237662,374,0.007622503971333572
cv_91,f0,B4,0.17994871245601396,0.19138670703151797,-0.19516923332576125,0.5550666582377892,0.3470964109084985,1331.5733887197948,374,0.0
cv_91,f0,SON_F,0.10366551623393502,0.16263248235888125,-0.2150941491894722,0.4224251816573422,0.5238500257408141,1331.9460308755902,374,0.3726421557953472
cv_91,f0,SON_A,0.12235194854986699,0.15570159532719932,-0.18282317829144368,0.4275270753911776,0.43197851393623043,1331.8249258388769,374,0.2515371190820588
cv_91,f0,SON_B,0.13756475608263116,0.17732428675531212,-0.2099908459577806,0.4851203581230429,0.4378784921338582,1331.776718886932,374,0.20333016713721008
cv_92,duration,A6,0.17399511827404812,0.032906092871582006,0.1094991762457474,0.23849106030234885,1.2391387998534323e-07,355.6377174423876,729,3.4871224203143356
cv_92,duration,A5,0.17399511827404812,0.032906092871582006,0.1094991762457474,0.23849106030234885,1.2391387998534323e-07,355.6377174423876,729,3.4871224203143356
cv_92,duration,A4,0.17399511827404812,0.032906092871582006,0.1094991762457474,0.23849106030234885,1.2391387998534323e-07,355.6377174423876,729,3.4871224203143356
cv_92,duration,B6,0.2068756165588804,0.03535038088867429,0.1375888700170788,0.276162363100682,4.85268156508662e-09,352.1505950220733,729,0.0
cv_92,duration,B5,0.2068756165588804,0.03535038088867429,0.1375888700170788,0.276162363100682,4.85268156508662e-09,352.1505950220733,729,0.0
cv_92,duration,B4,0.2068756165588804,0.03535038088867429,0.1375888700170788,0.276162363100682,4.85268156508662e-09,352.1505950220733,729,0.0
cv_92,duration,SON_F,0.07322113029216325,0.0323859354941718,0.009744696723586521,0.13669756386073997,0.023765892433501856,376.18882768800495,729,24.038232665931673
cv_92,duration,SON_A,0.0780594330445567,0.03024271320814768,0.01878371515658725,0.13733515093252616,0.009848636987151256,374.6562098400043,729,22.50561481793102
cv_92,duration,SON_B,0.08525881844248395,0.033129858529741964,0.0203242957241897,0.1501933411607782,0.010068330897755497,374.57592731721707,729,22.42533229514379
cv_92,intensity,A6,2.0316240061286646,0.4241517432775563,1.2002865893046542,2.862961422952675,1.6690450728569515e-06,4249.330092038269,729,0.0
cv_92,intensity,A5,2.0316240061286646,0.4241517432775563,1.2002865893046542,2.862961422952675,1.6690450728569515e-06,4249.330092038269,729,0.0
cv_92,intensity,A4,2.0316240061286646,0.4241517432775563,1.2002865893046542,2.862961422952675,1.6690450728569515e-06,4249.330092038269,729,0.0
cv_92,intensity,B6,2.0658841509507146,0.5220534746551146,1.04265934062669,3.0891089612747393,7.582484011491094e-05,4252.269028831963,729,2.938936793693756
cv_92,intensity,B5,2.0658841509507146,0.5220534746551146,1.04265934062669,3.0891089612747393,7.582484011491094e-05,4252.269028831963,729,2.938936793693756
cv_92,intensity,B4,2.0658841509507146,0.5220534746551146,1.04265934062669,3.0891089612747393,7.582484011491094e-05,4252.269028831963,729,2.938936793693756
cv_92,intensity,SON_F,1.141594573859582,0.49678255376711716,0.1679007684760324,2.1152883792431316,0.021563133579580656,4260.091213382055,729,10.761121343785817
cv_92,intensity,SON_A,1.5567462140555608,0.4290959890365237,0.7157180755439744,2.397774352567147,0.00028566143724333446,4253.144556050566,729,3.8144640122973215
cv_92,intensity,SON_B,1.4290132267569071,0.4985840019083121,0.4517885830166154,2.4062378704971987,0.004155060357066868,4256.918386776019,729,7.588294737750402
cv_92,f0,A6,1.136312177954876,0.29392211577831473,0.560224831029379,1.712399524880373,0.00011062062608545606,3557.7522374936243,729,0.0
cv_92,f0,A5,1.136312177954876,0.29392211577831473,0.560224831029379,1.712399524880373,0.00011062062608545606,3557.7522374936243,729,0.0
cv_92,f0,A4,1.136312177954876,0.29392211577831473,0.560224831029379,1.712399524880373,0.00011062062608545606,3557.7522374936243,729,0.0
cv_92,f0,B6,1.1476073196037166,0.3524446456628971,0.4568158141044383,1.838398825102995,0.001129400680673479,3560.2824985400603,729,2.530261046435953
cv_92,f0,B5,1.1476073196037166,0.3524446456628971,0.4568158141044383,1.838398825102995,0.001129400680673479,3560.2824985400603,729,2.530261046435953
cv_92,f0,B4,1.1476073196037166,0.3524446456628971,0.4568158141044383,1.838398825102995,0.001129400680673479,3560.2824985400603,729,2.530261046435953
cv_92,f0,SON_F,0.569886730378358,0.3082640290107644,-0.03431076648274012,1.1740842272394563,0.06450160303455854,3567.4816348053046,729,9.729397311680259
cv_92,f0,SON_A,0.6473349919097022,0.2707629584666383,0.11663959331509122,1.1780303905043132,0.016812568720826978,3565.6150690543836,729,7.862831560759332
cv_92,f0,SON_B,0.5292549418265434,0.3056156183758052,-0.06975167019003481,1.1282615538431218,0.08331511466984827,3568.1603923494476,729,10.40815485582334
cv_93,duration,A6,0.12579175251509708,0.04229136687483206,0.04290067344042625,0.20868283158976791,0.0029355508934750824,327.11773248494524,558,4.016527782603362
cv_93,duration,A5,0.12873936194880203,0.04201161615037527,0.04639659429406651,0.21108212960353756,0.0021812503329404574,326.57703514109744,558,3.4758304387555654
cv_93,duration,A4,0.12517720849340322,0.04154912220945564,0.04374092896287017,0.20661348802393625,0.0025889023733877605,327.1186314148363,558,4.017426712494398
cv_93,duration,B6,0.15775899026934162,0.047124409537047426,0.06539514757672867,0.2501228329619546,0.000814813966240141,324.03926577913467,558,0.9380610767927919
cv_93,duration,B5,0.16369756365724455,0.04738519109020321,0.07082258912044626,0.25657253819404285,0.0005510803582389338,323.1012047023419,558,0.0
cv_93,duration,B4,0.16376775350312958,0.047610810480289166,0.07045056496176282,0.25708494204449633,0.0005823209715055042,323.28443180687464,558,0.1832271045327616
cv_93,duration,SON_F,0.10490646919678687,0.04437978128458385,0.01792209787900252,0.19189084051457123,0.01808687824593323,329.11644066974304,558,6.015235967401168
cv_93,duration,SON_A,0.08798042681495416,0.04051296604488147,0.008575013366986475,0.16738584026292186,0.029881245122301288,330.8318140959168,558,7.730609393574923
cv_93,duration,SON_B,0.10119772405797466,0.04506448301686565,0.01287133734491798,0.18952411077103132,0.02472833028252346,329.8559448742931,558,6.754740171951198
cv_93,intensity,A6,2.1107703232384623,0.6174702722849582,0.9005285895599442,3.32101205691698,0.0006298673222005251,3194.5143958765257,558,0.0
cv_93,intensity,A5,2.067272035778966,0.6150017992912565,0.8618685091681033,3.2726755623898285,0.0007754615430883764,3195.04110706508,558,0.5267111885541453
cv_93,intensity,A4,1.9248311552906645,0.6198753036527046,0.7098755601313635,3.1397867504499652,0.0019015625035036093,3197.067697630363,558,2.5533017538373315
cv_93,intensity,B6,1.9336345743686874,0.6766151553246292,0.607468869932414,3.2598002788049607,0.004265816564235518,3199.2351946407734,558,4.720798764247775
cv_93,intensity,B5,2.0214018409490366,0.6728643521905697,0.7025877106555201,3.340215971242553,0.002663026540287367,3198.2409183553737,558,3.7265224788479827
cv_93,intensity,B4,1.915789757178835,0.6901631572895808,0.5630699688912566,3.2685095454664133,0.005505751578793964,3199.6293224906035,558,5.114926614077831
cv_93,intensity,SON_F,1.4261834284958619,0.5534519469921154,0.34141761239131574,2.510949244600408,0.009969437903798683,3202.1178753386093,558,7.603479462083669
cv_93,intensity,SON_A,1.5965423987988023,0.542128582436578,0.5339703772231095,2.659114420374495,0.0032300525843445625,3198.9875632974736,558,4.473167420947902
cv_93,intensity,SON_B,1.3563117081859783,0.5596422443715907,0.25941290921766047,2.4532105071542962,0.015370337002324876,3203.1189392730075,558,8.604543396481859
cv_93,f0,A6,0.6001309146742929,0.28621699363426195,0.03914560715113946,1.1611162221974465,0.036014030548816585,2642.4527888902926,558,0.41872643421311295
cv_93,f0,A5,0.5784430173720605,0.2845282275501879,0.020767691373692165,1.1361183433704287,0.04205354182068812,2642.6729065846584,558,0.6388441285789668
cv_93,f0,A4,0.5348137227021849,0.28541737317695876,-0.024604328724654345,1.0942317741290242,0.060958649148653586,2643.1398542210068,558,1.1057917649272895
cv_93,f0,B6,0.6833855297534138,0.3335339244055748,0.02965903791848723,1.3371120215883403,0.0404695860379232,2642.1532865580725,558,0.11922410199304068
cv_93,f0,B5,0.6952368417331184,0.3323372348349255,0.043855861456664424,1.3466178220095724,0.03644192176668042,2642.0340624560795,558,0.0
cv_93,f0,B4,0.684937893287776,0.33303570379804054,0.03218791384361652,1.3376878727319355,0.03971990118381639,2642.201974729538,558,0.16791227345856896
cv_93,f0,SON_F,0.4098783646941633,0.2740390651939913,-0.1272382030860596,0.9469949324743862,0.1347336247179274,2644.075520980249,558,2.041458524169684
cv_93,f0,SON_A,0.48147075387221205,0.25301825372381437,-0.014445023426464088,0.9773865311708883,0.05705239890240925,2643.116941152408,558,1.0828786963284074
cv_93,f0,SON_B,0.48270396497037077,0.2834789878054734,-0.0729148511283571,1.0383227810690987,0.08860818105454042,2643.43843494646,558,1.4043724903804105
cv_94,duration,A6,0.2646553176087231,0.02481103446763687,0.2160256900521548,0.3132849451652913,1.4549148133145126e-26,817.8322078706879,1437,0.0
cv_94,duration,A5,0.25826849097563576,0.02547905574853967,0.208329541708498,0.3082074402427735,3.804819806296027e-24,822.0425960703069,1437,4.210388199619047
cv_94,duration,A4,0.258401007569333,0.025605334290236134,0.20821455236047015,0.3085874627781958,6.012744085554072e-24,822.3058912991437,1437,4.473683428455843
cv_94,duration,B6,0.28235487004234355,0.027418976588366794,0.22861367592914464,0.3360960641555425,7.209842668044328e-25,822.3490002744611,1437,4.516792403773252
cv_94,duration,B5,0.27184277932537326,0.027756865443043933,0.21743932305700714,0.3262462355937394,1.1981323515889895e-22,831.8114987432828,1437,13.979290872594902
cv_94,duration,B4,0.27270993633553336,0.028106902449397085,0.21762040753471507,0.32779946513635166,2.9392151572662044e-22,832.9241084521436,1437,15.091900581455775
cv_94,duration,SON_F,0.1925381909195936,0.025738359140844148,0.14209100700353905,0.24298537483564814,7.398795025244133e-14,866.3039996726848,1437,48.471791801996915
cv_94,duration,SON_A,0.20345384868440347,0.024347927064068874,0.1557319116388285,0.25117578572997845,6.482270971826602e-17,853.1550368534063,1437,35.32282898271842
cv_94,duration,SON_B,0.20887104163876544,0.02745626740948537,0.15505675751617412,0.2626853257613568,2.7964639794832427e-14,862.6941742946337,1437,44.86196642394589
cv_94,intensity,A6,0.06443452115471225,0.22574435144986055,-0.3780244076870144,0.5068934499964389,0.7753136712961713,7280.727466617892,1437,1.2306983145908816
cv_94,intensity,A5,0.09158046572997691,0.2239480237720025,-0.347357660863148,0.5305185923231018,0.682586443300744,7280.645877557372,1437,1.149109254070936
cv_94,intensity,A4,0.10634100738961956,0.22388504519757838,-0.33247368119763404,0.5451556959768732,0.6348009465049651,7280.590992438994,1437,1.0942241356933664
cv_94,intensity,B6,-0.07127015989981675,0.25760961724894277,-0.5761850097077446,0.433644689908111,0.7820415369480579,7280.724835703572,1437,1.2280674002713567
cv_94,intensity,B5,-0.04563893725334162,0.2592601393761489,-0.5537888104305935,0.4625109359239102,0.8602662075255965,7280.772802422637,1437,1.2760341193361455
cv_94,intensity,B4,-0.021123897388371154,0.25916568163037496,-0.5290886333839061,0.48684083860716376,0.9350385121924437,7280.79861198566,1437,1.3018436823585944
cv_94,intensity,SON_F,0.22000410935261863,0.22492917537367657,-0.22085707437978744,0.6608652930850247,0.3280229266414536,7279.803255205672,1437,0.3064869023710344
cv_94,intensity,SON_A,0.24285317604821258,0.2077148506934517,-0.16426793131095271,0.6499742834073778,0.2423366890686982,7279.496768303301,1437,0.0
cv_94,intensity,SON_B,0.04244417881056277,0.23576165941748733,-0.4196486736477124,0.504537031268838,0.8571289921790992,7280.772094748136,1437,1.2753264448347181
cv_94,f0,A6,-0.09086543658564039,0.2160545704828419,-0.5143323947320105,0.33260152156072975,0.6740712476982347,7087.574245713116,1437,0.5881971209328185
cv_94,f0,A5,-0.07736107872158793,0.21378310285759933,-0.4963759603224826,0.34165380287930674,0.7174513211544915,7087.621462489261,1437,0.635413897077342
cv_94,f0,A4,-0.05885146001066176,0.2129521761184764,-0.4762377252028755,0.35853480518155195,0.7822715883384574,7087.676598205844,1437,0.6905496136605507
cv_94,f0,B6,-0.20529530196413387,0.23804944938637074,-0.6718722227614204,0.26128161883315276,0.3884640740700964,7086.986048592184,1437,0.0
cv_94,f0,B5,-0.18371146775218417,0.24102757473057113,-0.6561255142241036,0.28870257871973526,0.4459400264259784,7087.145700139198,1437,0.1596515470146187
cv_94,f0,B4,-0.15820665287122201,0.2416307372703352,-0.631802897921079,0.31538959217863494,0.5126315852620065,7087.309990969383,1437,0.3239423771992733
cv_94,f0,SON_F,-0.025499128464516973,0.20926336246200974,-0.43565531889005604,0.3846570619610221,0.9030163471867566,7087.736344188427,1437,0.7502955962436317
cv_94,f0,SON_A,-0.013161876791361275,0.20563660633633393,-0.41620962521057575,0.3898858716278532,0.9489658358668723,7087.747343534536,1437,0.7612949423528335
cv_94,f0,SON_B,-0.09552656128936204,0.23116047580380505,-0.5486010938648199,0.35754797128609583,0.6794250601091236,7087.558208378619,1437,0.5721597864358046
cv_95,duration,A6,0.16066425746946375,0.02617680129158523,0.1093577269379567,0.2119707880009708,8.37468388169128e-10,645.025594030642,1238,8.446185866522683
cv_95,duration,A5,0.16682658209755505,0.026066225295508706,0.11573678051835798,0.21791638367675212,1.5527000968418946e-10,641.6036550592762,1238,5.024246895156921
cv_95,duration,A4,0.16682658209755505,0.026066225295508706,0.11573678051835798,0.21791638367675212,1.5527000968418946e-10,641.6036550592762,1238,5.024246895156921
cv_95,duration,B6,0.1891029609365944,0.028569859779741653,0.13310603576830077,0.24509988610488803,3.6171742195576445e-11,639.3337046195043,1238,2.7542964553849743
cv_95,duration,B5,0.1968261388994758,0.02821592720108655,0.14152292158534618,0.25212935621360544,3.0432889070146825e-12,636.5794081641193,1238,0.0
cv_95,duration,B4,0.1956058853897423,0.028274317995232084,0.1401882221190874,0.25102354866039717,4.575896682822381e-12,637.3445072703566,1238,0.7650991062373578
cv_95,duration,SON_F,0.09026266255732444,0.025551504299010937,0.04018171413126301,0.14034361098338588,0.00041152998745199213,673.028394838444,1238,36.448986674324715
cv_95,duration,SON_A,0.10675022607347379,0.02437223974211052,0.05898063617893717,0.1545198159680104,1.1868342062691247e-05,666.1224747222773,1238,29.54306655815799
cv_95,duration,SON_B,0.12289186639101521,0.02697479568398541,0.0700212668504038,0.17576246593162662,5.218572515775865e-06,664.0591102334129,1238,27.47970206929358
cv_95,intensity,A6,-0.07875508176507585,0.25890948313899004,-0.5862176687174963,0.4287075051873446,0.7609907752246741,6639.566248186744,1238,0.8395647831403039
cv_95,intensity,A5,-0.10380313757446949,0.25855369921036886,-0.6105683880267924,0.40296211287785344,0.6880696116796574,6639.507731762065,1238,0.7810483584617032
cv_95,intensity,A4,-0.10380313757446949,0.25855369921036886,-0.6105683880267924,0.40296211287785344,0.6880696116796574,6639.507731762065,1238,0.7810483584617032
cv_95,intensity,B6,-0.17995702948882514,0.29489829836631476,-0.757957694286802,0.3980436353091518,0.5417066725180777,6639.307869669847,1238,0.581186266243094
cv_95,intensity,B5,-0.08187355739372698,0.2946970352543378,-0.6594797464922291,0.49573263170477516,0.7811483830844872,6639.576768272902,1238,0.8500848692983709
cv_95,intensity,B4,-0.08618485134490778,0.29435276837195823,-0.6631162773539458,0.49074657466413035,0.7696792851876053,6639.569624004914,1238,0.842940601310147
cv_95,intensity,SON_F,0.2683582460134619,0.2785833739266023,-0.2776651668826786,0.8143816589096025,0.3353990068495717,6638.726683403604,1238,0.0
cv_95,intensity,SON_A,0.21062247771230244,0.2601969618602617,-0.29936356753381044,0.7206085229584154,0.41824298930128223,6639.024139471112,1238,0.29745606750839215
cv_95,intensity,SON_B,0.059391420477266414,0.2934341507591349,-0.515739515010638,0.6345223559651708,0.8396031003614286,6639.603794365303,1238,0.8771109616991453
cv_95,f0,A6,-0.04007854995948069,0.17712414539825172,-0.387241874940054,0.30708477502109266,0.820988489872411,5545.322647645193,1238,9.468934824671123
cv_95,f0,A5,-0.05144645229980116,0.17676717430603095,-0.39791011393962183,0.2950172093400195,0.7710201481223578,5545.290400162541,1238,9.436687342019468
cv_95,f0,A4,-0.05144645229980116,0.17676717430603095,-0.39791011393962183,0.2950172093400195,0.7710201481223578,5545.290400162541,1238,9.436687342019468
cv_95,f0,B6,-0.008930240929565186,0.20092560628313483,-0.4027444292445094,0.38488394738537907,0.964549286185986,5545.369934874007,1238,9.516222053485762
cv_95,f0,B5,-0.1064760977451442,0.20100027314306826,-0.500436633105558,0.28748443761526954,0.5962983752370754,5545.093051158815,1238,9.239338338293237
cv_95,f0,B4,-0.09728507035013208,0.20105245408225836,-0.49134788035135846,0.29677773965109433,0.6284717097613066,5545.139802515851,1238,9.286089695329792
cv_95,f0,SON_F,-0.5528252664050116,0.18857366549510926,-0.9224296507754257,-0.18322088203459747,0.003372051840378838,5535.908256985851,1238,0.054544165329389216
cv_95,f0,SON_A,-0.5291831347669582,0.17841985505205965,-0.8788860506689951,-0.17948021886492133,0.00301756329969663,5535.853712820522,1238,0.0
cv_95,f0,SON_B,-0.5506955232877848,0.19986412100133263,-0.9424292004503968,-0.15896184612517283,0.005862945483113702,5536.790112201936,1238,0.9363993814140485
cv_96,duration,A6,0.26055928259399175,0.023977367151988747,0.21356364297609381,0.3075549222118897,1.6576473538255913e-27,803.3980795087646,1456,0.0
cv_96,duration,A5,0.2590517268961954,0.024028902648114508,0.21195507770589095,0.3061483760864998,4.240013820722509e-27,805.4149359101157,1456,2.016856401351106
cv_96,duration,A4,0.255867034770503,0.0243536409240816,0.20813389855930306,0.30360017098170294,8.078846803205243e-26,809.2947762234953,1456,5.896696714730751
cv_96,duration,B6,0.2647045200792542,0.025978463169157577,0.21378673226770536,0.31562230789080303,2.2116257892012467e-24,818.1635137884323,1456,14.765434279667716
cv_96,duration,B5,0.25877989612231883,0.026150425480393678,0.20752506218074723,0.31003473006389043,4.340398628072149e-23,823.9137475848397,1456,20.515668076075144
cv_96,duration,B4,0.25701738548669006,0.02658913501598946,0.20490268085535074,0.3091320901180294,4.1944284696566194e-22,827.3967049219377,1456,23.99862541317316
cv_96,duration,SON_F,0.1775604239214741,0.024236521167140875,0.13005684243387797,0.2250640054090702,2.368561676681061e-13,860.7135640892939,1456,57.3154845805293
cv_96,duration,SON_A,0.20274695329956804,0.023098366252282367,0.1574741554450946,0.24801975115404148,1.6708140011073588e-18,837.1168194008605,1456,33.71873989209598
cv_96,duration,SON_B,0.19387082493753066,0.024700183566728724,0.14545846514674238,0.24228318472831895,4.194916122633245e-15,854.5029590210152,1456,51.10487951225059
cv_96,intensity,A6,0.27398487768309326,0.22819814670498098,-0.17328348985866943,0.7212532452248559,0.22988908390400387,7368.090440463038,1456,0.0
cv_96,intensity,A5,0.2692089562924371,0.23007092702387238,-0.18173006067435277,0.7201479732592269,0.24195554365420502,7368.147991184755,1456,0.057550721716324915
cv_96,intensity,A4,0.25607421802689256,0.2322129611276269,-0.19906318578325616,0.7112116218370412,0.2701331744687673,7368.29120584753,1456,0.20076538449211512
cv_96,intensity,B6,0.27926481007982557,0.24815589070433947,-0.2071207357006798,0.7656503558603309,0.2604363485504515,7368.262787243455,1456,0.17234678041677398
cv_96,intensity,B5,0.24691067018410295,0.2514243871035755,-0.24588112853890504,0.739702468907111,0.32607648819581636,7368.551986628197,1456,0.4615461651583246
cv_96,intensity,B4,0.23030855022419125,0.25555891932601393,-0.27058693165479597,0.7312040321031785,0.3674843786975377,7368.698699643046,1456,0.6082591800077353
cv_96,intensity,SON_F,0.19455682736751934,0.2122014553911745,-0.22135802519918268,0.6104716799342214,0.3592214378994798,7368.739586638889,1456,0.6491461758505466
cv_96,intensity,SON_A,0.056121395121999415,0.20234265447208066,-0.3404702076432787,0.45271299788727754,0.7815050719090018,7369.459272012579,1456,1.368831549541028
cv_96,intensity,SON_B,0.013896377540999014,0.21719204286364532,-0.4118000264717458,0.43959278155374387,0.9489845730881011,7369.526494662117,1456,1.4360541990790807
cv_96,f0,A6,-0.3671451917589721,0.2012489078024578,-0.7615930510517894,0.027302667533845193,0.0681016181891797,6841.198223444131,1456,4.307422867330388
cv_96,f0,A5,-0.3921256866250859,0.20160194514332613,-0.7872654991060051,0.0030141258558333273,0.051769066342325025,6840.699144901912,1456,3.8083443251116478
cv_96,f0,A4,-0.4063323162610746,0.2017716286691146,-0.8018047084525393,-0.01085992406960995,0.04402813581959763,6840.43002178365,1456,3.5392212068491062
cv_96,f0,B6,-0.551061705647767,0.22018172903733407,-0.9826178945609418,-0.11950551673459225,0.012322957962062071,6837.817898722647,1456,0.9270981458466849
cv_96,f0,B5,-0.5896014023363355,0.22195190503670167,-1.0246271362082708,-0.15457566846440024,0.007897104713619143,6836.890800576801,1456,0.0
cv_96,f0,B4,-0.5812357445594598,0.22383087192443696,-1.0199442535313563,-0.14252723558756336,0.009410680906216572,6837.296619800148,1456,0.40581922334695264
cv_96,f0,SON_F,-0.38549937139982665,0.1994471198541922,-0.7764157263140433,0.005416983514390017,0.053255910921668224,6840.451723291289,1456,3.5609227144886972
cv_96,f0,SON_A,-0.3839610586465703,0.19031441271410535,-0.7569773075662167,-0.010944809726923854,0.04364241281854596,6840.13738166081,1456,3.246581084009449
cv_96,f0,SON_B,-0.532633639585234,0.20753145125915304,-0.939395284053174,-0.12587199511729408,0.010272467356488223,6836.994029038138,1456,0.10322846133749408
cv_97,duration,A6,0.23813442441270408,0.03222460276892013,0.1749742029856206,0.30129464583978754,1.4701363287232395e-13,1049.8140634135361,1289,1.6605044214716145
cv_97,duration,A5,0.23813442441270408,0.03222460276892013,0.1749742029856206,0.30129464583978754,1.4701363287232395e-13,1049.8140634135361,1289,1.6605044214716145
cv_97,duration,A4,0.23645280245308012,0.03174916765115973,0.17422443385680705,0.2986811710493532,9.510565543489609e-14,1049.7132249522256,1289,1.5596659601610554
cv_97,duration,B6,0.2665981915328672,0.03611997632243625,0.19580303794089213,0.3373933451248422,1.5721462155735006e-13,1048.1535589920645,1289,0.0
cv_97,duration,B5,0.26369128636096284,0.03635770435059886,0.19243018583378907,0.3349523868881366,4.085639095774798e-13,1050.6971182867587,1289,2.543559294694205
cv_97,duration,B4,0.2605494544446391,0.0360390433717856,0.18991292943593935,0.3311859794533389,4.84261708204485e-13,1051.485046081049,1289,3.3314870889844315
cv_97,duration,SON_F,0.18925544195135008,0.02995975064908974,0.1305343306791342,0.24797655322356596,2.667070233196073e-10,1060.37229496495,1289,12.218735972885497
cv_97,duration,SON_A,0.1825155162023906,0.027993894616206962,0.12764748275462495,0.23738354965015623,7.038574098899404e-11,1059.6584940906923,1289,11.504935098627811
cv_97,duration,SON_B,0.1988356853524964,0.030630874554584873,0.13879917122551005,0.25887219947948276,8.507136315652091e-11,1057.863536024679,1289,9.70997703261446
cv_97,intensity,A6,1.447048084626606,0.29040736098870334,0.8778496570887475,2.0162465121644644,6.266370515211915e-07,7039.201738544407,1289,0.0
cv_97,intensity,A5,1.447048084626606,0.29040736098870334,0.8778496570887475,2.0162465121644644,6.266370515211915e-07,7039.201738544407,1289,0.0
cv_97,intensity,A4,1.3481592390072707,0.2913810929310752,0.7770522968623633,1.919266181152178,3.713760408553501e-06,7041.660460224837,1289,2.4587216804302443
cv_97,intensity,B6,1.4317748086689501,0.3166604616409493,0.8111203038526895,2.0524293134852107,6.140797062038686e-06,7043.297088109868,1289,4.09534956546122
cv_97,intensity,B5,1.3308862043266614,0.31098557260569903,0.7213544820194913,1.9404179266338315,1.8725020072808383e-05,7045.862714501323,1289,6.660975956916445
cv_97,intensity,B4,1.161334874952313,0.3106639411847471,0.5524335502302086,1.7702361996744171,0.00018531655302242493,7049.108471372267,1289,9.906732827859742
cv_97,intensity,SON_F,0.8078281427456703,0.27711218003164967,0.2646882698836369,1.3509680156077035,0.0035549883338886435,7051.551526705509,1289,12.34978816110197
cv_97,intensity,SON_A,0.8733826891282824,0.2655693137724863,0.3528668341342093,1.3938985441223557,0.0010064466499355566,7049.249065445374,1289,10.047326900967164
cv_97,intensity,SON_B,0.8452410162175555,0.28418449115124617,0.28823941356111304,1.402242618873998,0.0029368784684183397,7051.185843011034,1289,11.984104466627286
cv_97,f0,A6,-0.3538858669781855,0.15851797888608563,-0.6645811055949133,-0.043190628361457706,0.025584234620129084,5609.1379055861025,1289,1.4776724183484475
cv_97,f0,A5,-0.3538858669781855,0.15851797888608563,-0.6645811055949133,-0.043190628361457706,0.025584234620129084,5609.1379055861025,1289,1.4776724183484475
cv_97,f0,A4,-0.34844230725991393,0.15732187192151093,-0.6567931762260754,-0.0400914382937525,0.026771252664219234,5609.194609570219,1289,1.534376402464659
cv_97,f0,B6,-0.3729420911754448,0.18683152470423883,-0.7391318795957529,-0.006752302755136719,0.04591856299465168,5609.473825137487,1289,1.813591969733352
cv_97,f0,B5,-0.3695167807563105,0.18819509084269173,-0.7383791588079862,-0.0006544027046347378,0.04959074459073813,5609.607095730699,1289,1.9468625629451708
cv_97,f0,B4,-0.38148941674686765,0.1868700341141054,-0.7477546836105142,-0.015224149883221072,0.04120421350183037,5609.352780152678,1289,1.6925469849238652
cv_97,f0,SON_F,-0.3056429867674551,0.1502199284811001,-0.6000740465904113,-0.011211926944498907,0.04188743692391969,5609.258377599737,1289,1.5981444319832008
cv_97,f0,SON_A,-0.3506781239076355,0.14162655999876794,-0.6282661815052206,-0.07309006631005033,0.013283530444213749,5607.660233167754,1289,0.0
cv_97,f0,SON_B,-0.30691875913654837,0.15633489392140446,-0.6133351512225012,-0.0005023670505956424,0.04962138260320091,5609.399534395874,1289,1.7393012281199844
cv_98,duration,A6,0.25559811109779457,0.0244138551917042,0.20774695492205433,0.3034492672735348,1.194130967932631e-25,970.1275337186685,1560,5.734618582228904
cv_98,duration,A5,0.2537530943367129,0.024477422975118786,0.20577734530548009,0.3017288433679457,3.510032937044647e-25,970.5601098370435,1560,6.167194700603886
cv_98,duration,A4,0.25041654411946335,0.02432284790687402,0.20274376222199028,0.29808932601693644,7.381405654842902e-25,972.6623494323603,1560,8.269434295920746
cv_98,duration,B6,0.28613447840836836,0.027088912997324528,0.2330402089336123,0.33922874788312446,4.4329055370012013e-26,964.3929151364396,1560,0.0
cv_98,duration,B5,0.2748640747599561,0.025758649233233927,0.2243771222628176,0.32535102725709464,1.3949767237500824e-26,977.6613373518899,1560,13.2684222154503
cv_98,duration,B4,0.2717428729685456,0.026099682772258173,0.2205874947349196,0.32289825120217164,2.19199442456157e-25,982.1369855602002,1560,17.744070423760604
cv_98,duration,SON_F,0.12578713872895844,0.02716783969033371,0.07253817293590437,0.17903610452201252,3.6566307008926476e-06,1055.7509186826182,1560,91.35800354617868
cv_98,duration,SON_A,0.12906527674627583,0.02394982241181877,0.08212362481911104,0.17600692867344062,7.085601085936267e-08,1050.9237936753361,1560,86.53087853889656
cv_98,duration,SON_B,0.13865889407298682,0.027210967608038393,0.08532539756123156,0.19199239058474207,3.4745724529792724e-07,1051.077553829235,1560,86.68463869279549
cv_98,intensity,A6,0.6099592776220855,0.22674990949283108,0.16552945501613653,1.0543891002280343,0.007145011063020803,8476.814953886585,1560,15.00501711236393
cv_98,intensity,A5,0.5889831595071654,0.2254046971259365,0.14718995314032984,1.030776365874001,0.00897505031047703,8477.131830315328,1560,15.321893541105965
cv_98,intensity,A4,0.5542849874280046,0.2258370938042032,0.11164428357176631,0.9969256912842428,0.014113655124904157,8477.686730820686,1560,15.876794046464056
cv_98,intensity,B6,0.395584006060307,0.25191004311140514,-0.09815967843804702,0.8893276905586611,0.11633641247015733,8480.388536438793,1560,18.57859966457181
cv_98,intensity,B5,0.35341859726147123,0.2539343837724756,-0.14429279493258096,0.8511299894555234,0.16399165171079255,8480.828056827315,1560,19.0181200530933
cv_98,intensity,B4,0.30032656740625907,0.25515566383716937,-0.19977853371459287,0.800431668527111,0.23918244309321912,8481.2635727236,1560,19.453635949377713
cv_98,intensity,SON_F,0.9700901641012714,0.2489638579679735,0.4821210024840433,1.4580593257184993,9.758877689317864e-05,8467.234914348213,1560,5.424977573991782
cv_98,intensity,SON_A,1.0750663527547704,0.23089670499377574,0.6225088109669699,1.5276238945425709,3.2233538304355235e-06,8461.809936774222,1560,0.0
cv_98,intensity,SON_B,0.9558352829148571,0.2573220225242353,0.45148411876735595,1.4601864470623582,0.00020356635649662489,8468.36629996858,1560,6.55636319435871
cv_98,f0,A6,1.2372234057448075,0.15158934356580722,0.9401082923558253,1.5343385191337897,3.304021157196484e-16,6432.130526812176,1560,0.6025213016982889
cv_98,f0,A5,1.233607294203667,0.15058510072607695,0.9384604967805563,1.528754091626778,2.5672009107618628e-16,6431.708501451594,1560,0.18049594111653278
cv_98,f0,A4,1.229627744757031,0.14944670918255992,0.9367121947592135,1.5225432947548483,1.9057546860034967e-16,6431.528005510478,1560,0.0
cv_98,f0,B6,1.247099401302414,0.16719855922860966,0.919390225214339,1.5748085773904887,8.731882843201875e-14,6444.738317948171,1560,13.210312437693574
cv_98,f0,B5,1.1771287273527808,0.16613398228857076,0.8515061220671822,1.5027513326383795,1.3862512049652802e-12,6454.441381622192,1560,22.91337611171457
cv_98,f0,B4,1.1998178852145374,0.16777861934192714,0.8709717913043602,1.5286639791247145,8.602470527277013e-13,6453.221346274695,1560,21.693340764217282
cv_98,f0,SON_F,0.6629280903698369,0.15889108101459357,0.3515015715812335,0.9743546091584403,3.016499680100736e-05,6489.1868327695065,1560,57.65882725902884
cv_98,f0,SON_A,0.8364583361459226,0.14672222835532148,0.5488827685694925,1.1240339037223528,1.1913086997042492e-08,6469.962605875245,1560,38.43460036476699
cv_98,f0,SON_B,0.7991584867404145,0.1605789446935102,0.4844237551411345,1.1138932183396943,6.466652033078889e-07,6479.465042418965,1560,47.937036908487244
cv_99,duration,A6,0.23261700227904486,0.03202604706878536,0.16984595002422553,0.2953880545338642,3.7756567228315997e-13,411.87319298096463,1188,4.698623051419872
cv_99,duration,A5,0.2338874724294244,0.031863369639524554,0.17143526793595626,0.29633967692289254,2.1307662479825306e-13,410.60057356901734,1188,3.426003639472583
cv_99,duration,A4,0.23653663634617997,0.03257447878498389,0.17269065792761157,0.30038261476474837,3.830766930816045e-13,407.6427090881234,1188,0.4681391585786514
cv_99,duration,B6,0.25844498672026356,0.031342216296036444,0.19701424278003213,0.319875730660495,1.639127321480217e-16,410.057703940447,1188,2.8831340109022676
cv_99,duration,B5,0.25450688483205525,0.03132765076167013,0.1931046893391818,0.3159090803249287,4.509411448972796e-16,412.5914438816403,1188,5.416873952095557
cv_99,duration,B4,0.26168165163453944,0.032359860696596236,0.1982563246692108,0.32510697859986804,6.134708905558912e-16,407.17456992954476,1188,0.0
cv_99,duration,SON_F,0.17484638567353472,0.027347675555004235,0.12124494158572642,0.22844782976134304,1.6216893811054924e-10,434.7661919218758,1188,27.591621992331056
cv_99,duration,SON_A,0.1778602863034936,0.026905076380087736,0.12512633659852163,0.23059423600846557,3.8261282157401396e-11,427.7250535610633,1188,20.550483631518546
cv_99,duration,SON_B,0.1830769761846777,0.027866381133145348,0.1284588691637128,0.2376950832056426,5.037772325516388e-11,431.56865510530815,1188,24.394085175763394
cv_99,intensity,A6,1.3192803614208999,0.30229681873692765,0.7267785966965217,1.911782126145278,1.2759540197805437e-05,6355.789873585527,1188,3.9628203978863894
cv_99,intensity,A5,1.3233578174464167,0.3008239535818995,0.7337428684258936,1.9129727664669396,1.086954664761384e-05,6355.595614915383,1188,3.7685617277420533
cv_99,intensity,A4,1.2655340855013808,0.2940265501545688,0.689242047198426,1.8418261238043356,1.6762881365698435e-05,6356.828604462128,1188,5.0015512744876105
cv_99,intensity,B6,1.2581224057308733,0.33107725283953776,0.6092109901653793,1.9070338212963673,0.0001446452248096809,6359.921320209277,1188,8.09426702163637
cv_99,intensity,B5,1.2738632514329773,0.33132855036129566,0.6244592927248378,1.9232672101411168,0.00012069351251760559,6359.623783615976,1188,7.79673042833565
cv_99,intensity,B4,1.194106416790683,0.3233215413606458,0.5603961957238173,1.8278166378575487,0.00022140849869634564,6361.053021608947,1188,9.225968421306789
cv_99,intensity,SON_F,1.0492904243936547,0.27339293584579044,0.5134402701359054,1.5851405786514041,0.00012402508348368757,6359.362763398825,1188,7.535710211184778
cv_99,intensity,SON_A,1.25735912267657,0.2627579653351817,0.7423535106196137,1.772364734733526,1.707857353821489e-06,6351.827053187641,1188,0.0
cv_99,intensity,SON_B,1.2162403745137351,0.27728730312263616,0.6727572603933683,1.759723488634102,1.1534270605409843e-05,6355.418439618781,1188,3.591386431140563
cv_99,f0,A6,-0.1544003338847163,0.12367842461335708,-0.3968100461268962,0.08800937835746359,0.21188405086647988,4350.850175730202,1188,0.9568624247758635
cv_99,f0,A5,-0.14639106973726532,0.12336559501844946,-0.38818763597342626,0.09540549649889563,0.23536798746467558,4350.970068993816,1188,1.0767556883902216
cv_99,f0,A4,-0.13552065086211004,0.12016811197453929,-0.371050150332207,0.10000884860798695,0.2594217795182976,4351.117311705809,1188,1.2239984003826976
cv_99,f0,B6,-0.20251232063092434,0.14117879957340979,-0.4792227677948075,0.07419812653295882,0.15144713694431255,4350.319334336109,1188,0.4260210306829322
cv_99,f0,B5,-0.19761605118543368,0.1420032978497713,-0.47594251497098544,0.08071041260011808,0.16403446562868862,4350.406916128111,1188,0.5136028226852432
cv_99,f0,B4,-0.16603232213862085,0.13708361119715953,-0.4347162000850535,0.10265155580781182,0.225828120199685,4350.889055964935,1188,0.9957426595092329
cv_99,f0,SON_F,-0.14704253248903293,0.13206246883665668,-0.40588497140888,0.11179990643081417,0.26552308848480066,4350.6898806066165,1188,0.7965673011904073
cv_99,f0,SON_A,-0.1468410811741674,0.1219277975182274,-0.38581956430989306,0.09213740196155831,0.22846276310948122,4350.5636819932115,1188,0.6703686877854125
cv_99,f0,SON_B,-0.187207943805097,0.13659176344634041,-0.4549278001599242,0.0805119125497302,0.17051047758291105,4349.893313305426,1188,0.0
