spk,cue,rule,estimate,se,lo,hi,p,AIC,n,dAIC
chv_voice_1,duration,A6,0.14290016939162478,0.017121755732708917,0.1093415281555153,0.17645881062773427,7.054417635331067e-17,2494.6921131152667,4150,45.68745274627872
chv_voice_1,duration,A5,0.14491255767684347,0.01707984104671429,0.11143606922528346,0.17838904612840348,2.1679597558345056e-17,2490.1530874051114,4150,41.148427036123394
chv_voice_1,duration,A4,0.14429008780937738,0.017027803102583002,0.1109155937283147,0.17766458189044007,2.375282693967723e-17,2490.85070721396,4150,41.84604684497208
chv_voice_1,duration,B6,0.15840296574835744,0.017419192623228646,0.1242613482068293,0.19254458328988558,9.582319763615412e-20,2469.8686664898523,4150,20.86400612086436
chv_voice_1,duration,B5,0.17016556247433015,0.01779565654398653,0.13528607564811657,0.20504504930054374,1.1528369178214532e-21,2449.1170376681457,4150,0.11237729915774253
chv_voice_1,duration,B4,0.17006573991800303,0.01775329773407719,0.13526927635921174,0.20486220347679432,9.762099418160162e-22,2449.004660368988,4150,0.0
chv_voice_1,duration,SON_F,0.13242412795076286,0.015628194999239953,0.10179286575225255,0.16305539014927317,2.3830880986156058e-17,2499.62443244944,4150,50.619772080452094
chv_voice_1,duration,SON_A,0.11930002533194514,0.015150173900288983,0.08960568448737874,0.14899436617651154,3.4211164635744835e-15,2518.3034224308904,4150,69.29876206190238
chv_voice_1,duration,SON_B,0.1360130556239817,0.015243735784999705,0.10613533348538227,0.16589077776258113,4.556566313571457e-19,2486.6880375116853,4150,37.68337714269728
chv_voice_1,intensity,A6,1.4575958587535827,0.23365160082430647,0.999638721137942,1.9155529963692233,4.4226608056487727e-10,24609.090337648187,4150,15.282155881395738
chv_voice_1,intensity,A5,1.4728593864487263,0.2330467849924017,1.016087687863619,1.9296310850338336,2.6153639250002747e-10,24607.32465865022,4150,13.516476883429277
chv_voice_1,intensity,A4,1.4522337387419169,0.2319366870920708,0.9976378320414581,1.9068296454423757,3.816908823613484e-10,24609.087344393505,4150,15.279162626713514
chv_voice_1,intensity,B6,1.437461795754162,0.24277805986990408,0.9616167984091499,1.913306793099174,3.2020712585065685e-09,24614.089737298644,4150,20.281555531852064
chv_voice_1,intensity,B5,1.4730190716808953,0.24851816107750865,0.9859234759689783,1.9601146673928123,3.08126780804933e-09,24612.594313327834,4150,18.786131561042566
chv_voice_1,intensity,B4,1.4562543566568626,0.24758923330337734,0.9709794593822431,1.9415292539314821,4.059870275945129e-09,24614.012203445192,4150,20.20402167840075
chv_voice_1,intensity,SON_F,1.4667434557575565,0.20295572765411157,1.0689502295554978,1.8645366819596152,4.940951617761287e-13,24599.223419653965,4150,5.415237887173134
chv_voice_1,intensity,SON_A,1.4690970955704803,0.19366643314892645,1.0895108865985845,1.848683304542376,3.306752663459509e-14,24593.80818176679,4150,0.0
chv_voice_1,intensity,SON_B,1.4385272952759438,0.19606947970899752,1.0542311150463086,1.822823475505579,2.1872166627197654e-13,24599.375078015,4150,5.56689624820865
chv_voice_1,f0,A6,-0.03405454669655927,0.10172927613860366,-0.23344392792822244,0.1653348345351039,0.7378087008574701,20589.657242286976,4150,13.90991959969324
chv_voice_1,f0,A5,-0.04838331833027179,0.1016943496373253,-0.24770424361942936,0.15093760695888578,0.6342368603588363,20589.551921308674,4150,13.804598621391051
chv_voice_1,f0,A4,-0.054194750864009836,0.10135937015401603,-0.25285911636588126,0.14446961463786157,0.5928716801863527,20589.49795441759,4150,13.750631730308669
chv_voice_1,f0,B6,-0.09692397602703196,0.10367740606627647,-0.30013169191693384,0.10628373986286993,0.3498598758855722,20588.964623802993,4150,13.217301115710143
chv_voice_1,f0,B5,-0.13668394380330512,0.10624809787511977,-0.34493021563853987,0.07156232803192963,0.1982825182182305,20588.21965459183,4150,12.4723319045479
chv_voice_1,f0,B4,-0.1417267975928938,0.10612053619079471,-0.34972304852685143,0.06626945334106382,0.18170405928065358,20588.100950128814,4150,12.353627441530989
chv_voice_1,f0,SON_F,-0.33475250764001246,0.09936829289001141,-0.5295143617044349,-0.1399906535755901,0.0007549452763067743,20578.595718580138,4150,2.8483958928554785
chv_voice_1,f0,SON_A,-0.29023454645000196,0.09629146999606653,-0.47896582764229234,-0.10150326525771158,0.002577214256522681,20580.841172971457,4150,5.09385028417455
chv_voice_1,f0,SON_B,-0.36809804793637296,0.09833025753888866,-0.5608253527125947,-0.1753707431601512,0.0001814839437582196,20575.747322687283,4150,0.0
chv_voice_10,duration,A6,0.011925396601293454,0.040011626043705645,-0.06649739044436961,0.09034818364695651,0.7656663097307581,148.33903681478637,314,0.023909471259912607
chv_voice_10,duration,A5,0.011925396601293454,0.040011626043705645,-0.06649739044436961,0.09034818364695651,0.7656663097307581,148.33903681478637,314,0.023909471259912607
chv_voice_10,duration,A4,0.011925396601293454,0.040011626043705645,-0.06649739044436961,0.09034818364695651,0.7656663097307581,148.33903681478637,314,0.023909471259912607
chv_voice_10,duration,B6,0.006435195871565168,0.04144137962548789,-0.07478990819439109,0.08766029993752143,0.8765971875955971,148.40978645232713,314,0.09465910880066986
chv_voice_10,duration,B5,0.012374675122056545,0.040675666119780414,-0.06734963047271306,0.09209898071682615,0.7609542210804232,148.33733321360467,314,0.022205870078209955
chv_voice_10,duration,B4,0.012374675122056545,0.040675666119780414,-0.06734963047271306,0.09209898071682615,0.7609542210804232,148.33733321360467,314,0.022205870078209955
chv_voice_10,duration,SON_F,0.012907044627685436,0.035446056064205714,-0.05656722525815776,0.08238131451352863,0.7157594139338497,148.31512734352646,314,0.0
chv_voice_10,duration,SON_A,0.01248187749455508,0.034083404600833436,-0.054321595523078456,0.07928535051218862,0.7142041361436863,148.31578859872775,314,0.0006612552012938977
chv_voice_10,duration,SON_B,0.0006688994552974355,0.03436563231028413,-0.06668773987285946,0.06802553878345434,0.9844707978666103,148.43669277109632,314,0.12156542756986255
chv_voice_10,intensity,A6,0.6913236477353147,0.36978055837592866,-0.03344624668150542,1.4160935421521348,0.06154618198282044,1428.59124526541,314,0.099421360671613
chv_voice_10,intensity,A5,0.6913236477353147,0.36978055837592866,-0.03344624668150542,1.4160935421521348,0.06154618198282044,1428.59124526541,314,0.099421360671613
chv_voice_10,intensity,A4,0.6913236477353147,0.36978055837592866,-0.03344624668150542,1.4160935421521348,0.06154618198282044,1428.59124526541,314,0.099421360671613
chv_voice_10,intensity,B6,0.7137213739517697,0.3899998707019617,-0.05067837262407515,1.4781211205276146,0.06724165340360003,1428.4918239047383,314,0.0
chv_voice_10,intensity,B5,0.6695345347113931,0.38777177229621873,-0.09049813898919556,1.429567208411982,0.08423591438854683,1429.2259476046702,314,0.7341236999318426
chv_voice_10,intensity,B4,0.6695345347113931,0.38777177229621873,-0.09049813898919556,1.429567208411982,0.08423591438854683,1429.2259476046702,314,0.7341236999318426
chv_voice_10,intensity,SON_F,0.5081067921751022,0.3294345956168964,-0.13758501523401478,1.1537985995842193,0.1229860997517359,1430.9632099305397,314,2.4713860258013938
chv_voice_10,intensity,SON_A,0.3193255994248962,0.3110713800673983,-0.2903743055072045,0.9290255043569968,0.3046395651520589,1432.801672510026,314,4.309848605287698
chv_voice_10,intensity,SON_B,0.3849498507208704,0.3237766912034192,-0.24965246403783115,1.0195521654795718,0.23446474720704447,1432.2456847512235,314,3.7538608464851677
chv_voice_10,f0,A6,0.24968646897883265,0.2577698462824477,-0.2555424297347648,0.7549153676924301,0.33272428648730845,1294.8671054221002,314,1.0486006747125884
chv_voice_10,f0,A5,0.24968646897883265,0.2577698462824477,-0.2555424297347648,0.7549153676924301,0.33272428648730845,1294.8671054221002,314,1.0486006747125884
chv_voice_10,f0,A4,0.24968646897883265,0.2577698462824477,-0.2555424297347648,0.7549153676924301,0.33272428648730845,1294.8671054221002,314,1.0486006747125884
chv_voice_10,f0,B6,0.3404522205459148,0.2592532359722782,-0.1676841219597504,0.8485885630515799,0.18911443212537282,1294.0012131288036,314,0.18270838141597778
chv_voice_10,f0,B5,0.2820791858566516,0.25049527661538007,-0.20889155630949335,0.7730499280227965,0.2601291838499702,1294.6373934589813,314,0.8188887115936723
chv_voice_10,f0,B4,0.2820791858566516,0.25049527661538007,-0.20889155630949335,0.7730499280227965,0.2601291838499702,1294.6373934589813,314,0.8188887115936723
chv_voice_10,f0,SON_F,-0.3053845078074766,0.2498245113464287,-0.7950405500464768,0.1842715344315236,0.22155787420764006,1294.2100939157524,314,0.39158916836481694
chv_voice_10,f0,SON_A,-0.3271451061121041,0.24261950741983102,-0.8026793406549729,0.14838912843076468,0.17753378882625992,1293.8185047473876,314,0.0
chv_voice_10,f0,SON_B,-0.22617579221469636,0.2404502077808175,-0.6974581994650986,0.2451066150357059,0.3468921290532745,1294.9736389348502,314,1.155134187462636
chv_voice_2,duration,A6,0.16042254481413057,0.014421266241829682,0.1321568629801444,0.18868822664811674,9.584665658039757e-29,1571.9001291052373,3954,8.389324976993521
chv_voice_2,duration,A5,0.16027042525061438,0.014410409065541238,0.13202602348215356,0.1885148270190752,9.821270411303375e-29,1572.185875170344,3954,8.675071042100171
chv_voice_2,duration,A4,0.160259119074244,0.014330083752026266,0.1321721549202725,0.1883460832282155,4.9167056430598575e-29,1570.6338621690138,3954,7.123058040770047
chv_voice_2,duration,B6,0.16769331734531198,0.014842135201726319,0.1386027323499284,0.19678390234069557,1.335344461769217e-29,1567.0196029645886,3954,3.508798836344795
chv_voice_2,duration,B5,0.16942324768382963,0.01488042474795816,0.14025761517783164,0.19858888018982762,4.9301554819205684e-30,1567.9924323852647,3954,4.48162825702093
chv_voice_2,duration,B4,0.17097475128679376,0.014879395349383748,0.1418111364020016,0.20013836617158592,1.469070847814257e-30,1563.5108041282438,3954,0.0
chv_voice_2,duration,SON_F,0.15192471295814813,0.01349390575701046,0.12547665767440763,0.17837276824188864,2.0967665293643852e-29,1584.4173050712798,3954,20.906500943036008
chv_voice_2,duration,SON_A,0.14652429487977994,0.012820986695459195,0.12139516095667992,0.17165342880287995,3.013631340464644e-30,1581.1449942931831,3954,17.634190164939355
chv_voice_2,duration,SON_B,0.1548151127073014,0.012760469313767672,0.12980459285231674,0.17982563256228604,7.113400036957771e-34,1564.3128445797265,3954,0.8020404514827533
chv_voice_2,intensity,A6,0.0954384439847461,0.13067688652212986,-0.16068825359862843,0.35156514156812063,0.4651829136807213,19463.207659572836,3954,2.4465978480038757
chv_voice_2,intensity,A5,0.09824262030551884,0.13059122226762584,-0.15771617533902782,0.3542014159500655,0.45187599099400433,19463.15592803199,3954,2.394866307156917
chv_voice_2,intensity,A4,0.11121585720973777,0.12964981745134202,-0.14289778499489258,0.3653294994143681,0.3909933517560241,19462.891487876805,3954,2.1304261519726424
chv_voice_2,intensity,B6,0.05307008063838937,0.13179429551501845,-0.2052467385710468,0.3113868998478255,0.6871883732416213,19463.817614229676,3954,3.0565525048441486
chv_voice_2,intensity,B5,0.08827066946877055,0.12538551111577526,-0.15748493231814895,0.33402627125569007,0.4814364011052732,19463.396146665436,3954,2.635084940604429
chv_voice_2,intensity,B4,0.08863931390390584,0.12529882584700544,-0.15694638475622483,0.33422501256403647,0.479303436610546,19463.38970890167,3954,2.628647176836239
chv_voice_2,intensity,SON_F,0.0621705922898972,0.11292654903354112,-0.15916544381584335,0.2835066283956378,0.5819489885989507,19463.68248612238,3954,2.9214243975475256
chv_voice_2,intensity,SON_A,0.1746963123276705,0.10979179991715833,-0.04049561550995984,0.3898882401653008,0.11157358877374954,19460.761061724832,3954,0.0
chv_voice_2,intensity,SON_B,0.10765082640746712,0.1052814360628336,-0.09870078827568673,0.314002441090621,0.30654180528062025,19462.85374292706,3954,2.092681202226231
chv_voice_2,f0,A6,-0.14297160139469134,0.08511029274405318,-0.3097877751730356,0.023844572383652896,0.09298861663342552,18324.069353426912,3954,15.34401367819737
chv_voice_2,f0,A5,-0.14236259143165675,0.08530217538653535,-0.30955485518926606,0.02482967232595254,0.09513303815294631,18324.089612678847,3954,15.364272930131847
chv_voice_2,f0,A4,-0.11409452574648538,0.08567171115847733,-0.2820110796171009,0.05382202812413017,0.18293765518905214,18324.98950341162,3954,16.264163662905048
chv_voice_2,f0,B6,-0.21010157699122042,0.08788684874397897,-0.3823598005294192,-0.037843353453021644,0.01682124487349798,18321.44987694753,3954,12.724537198813778
chv_voice_2,f0,B5,-0.22637154523572783,0.09006327127354172,-0.4028955569318696,-0.04984753353958607,0.011954913705287102,18320.762272890865,3954,12.036933142149792
chv_voice_2,f0,B4,-0.21201124664515197,0.0902218984445982,-0.38884616759656443,-0.03517632569373949,0.018779122118045374,18321.47812199769,3954,12.752782248975564
chv_voice_2,f0,SON_F,-0.3152410257442622,0.08388136018354278,-0.47964849170400603,-0.15083355978451837,0.0001711555740568032,18313.479562928635,3954,4.754223179919791
chv_voice_2,f0,SON_A,-0.2603423304516612,0.08067527822715248,-0.4184658757768801,-0.10221878512644236,0.0012507807877218699,18316.843894509373,3954,8.118554760658299
chv_voice_2,f0,SON_B,-0.3580324152043453,0.08287492988181677,-0.5204672777727062,-0.19559755263598444,1.5592073141899817e-05,18308.725339748715,3954,0.0
chv_voice_3,duration,A6,0.09147383859292198,0.021448135204188916,0.0494354935927117,0.13351218359313224,2.000048356800805e-05,677.4340953664168,1505,12.495401041256628
chv_voice_3,duration,A5,0.09147383859292198,0.021448135204188916,0.0494354935927117,0.13351218359313224,2.000048356800805e-05,677.4340953664168,1505,12.495401041256628
chv_voice_3,duration,A4,0.09071719193726839,0.021244800621862674,0.04907738271841755,0.13235700115611923,1.9539487733131088e-05,677.6474228448487,1505,12.70872851968852
chv_voice_3,duration,B6,0.10531608561452516,0.02250079450801537,0.06121452837881503,0.1494176428502353,2.8610682442956543e-06,671.3346696330545,1505,6.395975307894332
chv_voice_3,duration,B5,0.11286693350158909,0.02299301006716669,0.06780063376994239,0.1579332332332358,9.165882693556393e-07,667.5987375006243,1505,2.660043175464125
chv_voice_3,duration,B4,0.1095255896055363,0.022930434919756,0.06458193716281453,0.15446924204825807,1.7843569673189722e-06,669.589979771551,1505,4.65128544639083
chv_voice_3,duration,SON_F,0.09360504463852294,0.019100147915877476,0.05616875472340309,0.1310413345536428,9.547161650226353e-07,671.1589043567574,1505,6.220210031597162
chv_voice_3,duration,SON_A,0.09052504078281326,0.017815760729275834,0.05560614975343262,0.1254439318121939,3.7510260645200187e-07,671.2156780497376,1505,6.276983724577349
chv_voice_3,duration,SON_B,0.10074164399075468,0.018309889701760895,0.06485426017530332,0.13662902780620603,3.754335613687579e-08,664.9386943251602,1505,0.0
chv_voice_3,intensity,A6,0.7362257575287097,0.16909770799145404,0.40479424986545975,1.0676572651919596,1.3376833043496259e-05,7368.601629595549,1505,0.5285609721158835
chv_voice_3,intensity,A5,0.7362257575287097,0.16909770799145404,0.40479424986545975,1.0676572651919596,1.3376833043496259e-05,7368.601629595549,1505,0.5285609721158835
chv_voice_3,intensity,A4,0.7438363356763771,0.1680816148054867,0.41439637065762314,1.073276300695131,9.624263179890856e-06,7368.073068623433,1505,0.0
chv_voice_3,intensity,B6,0.6132358173791266,0.16841705981938904,0.2831383801331241,0.9433332546251291,0.00027139764022271224,7374.933287720593,1505,6.860219097160552
chv_voice_3,intensity,B5,0.621972887789848,0.17178824118560482,0.28526793506606263,0.9586778405136335,0.0002939445509679312,7374.867130335668,1505,6.794061712234907
chv_voice_3,intensity,B4,0.6341013402834342,0.17244523484242594,0.2961086799922794,0.9720940005745891,0.0002358846734260202,7374.39024947762,1505,6.317180854187427
chv_voice_3,intensity,SON_F,0.12537132606410692,0.1601345815419107,-0.18849245375803805,0.4392351058862519,0.4336786414675009,7386.247647697125,1505,18.174579073692257
chv_voice_3,intensity,SON_A,0.2754950705901492,0.14706711963330546,-0.012756483891129489,0.5637466250714279,0.061032379752542706,7383.614016458076,1505,15.540947834642793
chv_voice_3,intensity,SON_B,0.13761534918554866,0.14306166393016492,-0.1427855121175746,0.4180162104886719,0.33608461738480055,7386.088489481184,1505,18.01542085775145
chv_voice_3,f0,A6,0.3388556191420773,0.12214199016721589,0.09945731841433417,0.5782539198698204,0.005532468133870239,6306.170327206789,1505,1.0003117795131402
chv_voice_3,f0,A5,0.3388556191420773,0.12214199016721589,0.09945731841433417,0.5782539198698204,0.005532468133870239,6306.170327206789,1505,1.0003117795131402
chv_voice_3,f0,A4,0.35828989930529453,0.12172745746561661,0.11970408267268598,0.5968757159379031,0.003246519340606101,6305.170015427276,1505,0.0
chv_voice_3,f0,B6,0.3045428643826733,0.1312566623663589,0.04727980614460986,0.5618059226207368,0.02032958425032761,6308.043110633828,1505,2.8730952065525344
chv_voice_3,f0,B5,0.25899644267278754,0.13304559721076475,-0.0017729278603113574,0.5197658132058864,0.05157379656616675,6309.803485184862,1505,4.633469757586681
chv_voice_3,f0,B4,0.25063212976684185,0.13287504228517705,-0.009802953112105162,0.5110672126457889,0.05926473918246142,6310.072604492898,1505,4.902589065622124
chv_voice_3,f0,SON_F,0.051277148572880696,0.10937499898507694,-0.1630978494378701,0.2656521465836315,0.6391985542661174,6313.825719643172,1505,8.655704215896549
chv_voice_3,f0,SON_A,0.12141907596056838,0.10641368987028142,-0.08715175618518321,0.32998990810631995,0.2538657941414837,6312.74821447646,1505,7.57819904918415
chv_voice_3,f0,SON_B,0.07119395106767527,0.10971645955605909,-0.14385030966220053,0.2862382117975511,0.5164092571412796,6313.609184845506,1505,8.439169418230449
chv_voice_4,duration,A6,0.08713236106881668,0.01475011411514792,0.058222137403126754,0.1160425847345066,3.479015066083687e-09,4236.295328827306,4866,21.602010651231467
chv_voice_4,duration,A5,0.08770137475603987,0.014728794954535428,0.05883293664515043,0.1165698128669293,2.610018779643605e-09,4235.570346211274,4866,20.877028035200055
chv_voice_4,duration,A4,0.08868195637699967,0.014684478131889294,0.05990037923849666,0.11746353351550269,1.5491573462704306e-09,4234.205826319612,4866,19.51250814353807
chv_voice_4,duration,B6,0.09749122969663128,0.015171728654723118,0.06775464153337396,0.1272278178598886,1.3113596562649924e-10,4226.558518881899,4866,11.865200705824464
chv_voice_4,duration,B5,0.10642344898569764,0.015793757911093484,0.07546768347995442,0.13737921449144086,1.602246061910264e-11,4217.005301695366,4866,2.311983519291971
chv_voice_4,duration,B4,0.10665301110123104,0.0158078230354093,0.07566967795182881,0.13763634425063326,1.5108931175400205e-11,4216.597478547188,4866,1.9041603711139032
chv_voice_4,duration,SON_F,0.08380689045614632,0.013809808159237935,0.05673966646403997,0.11087411444825268,1.2899001375597955e-09,4233.475537992454,4866,18.78221981637944
chv_voice_4,duration,SON_A,0.08766185702630001,0.013359380193563348,0.06147747184691585,0.11384624220568418,5.3154720769301166e-11,4225.528043368522,4866,10.834725192447877
chv_voice_4,duration,SON_B,0.0961468816940041,0.013689465237588396,0.06931552982833084,0.12297823355967735,2.1650012577224197e-12,4214.693318176074,4866,0.0
chv_voice_4,intensity,A6,1.1454236802649205,0.11284723779599216,0.9242430941847759,1.366604266345065,3.306355791930181e-24,24990.101921188863,4866,0.28810724728828063
chv_voice_4,intensity,A5,1.1458363723175662,0.11265939702719632,0.9250239541442614,1.366648790490871,2.6769652692376406e-24,24989.813813941575,4866,0.0
chv_voice_4,intensity,A4,1.1376877754767434,0.11190589215488801,0.9183522268531629,1.3570233241003238,2.798711322174551e-24,24990.924727809295,4866,1.1109138677202282
chv_voice_4,intensity,B6,1.1111485661724094,0.11681892245993414,0.8821834781509386,1.3401136541938803,1.875405767509561e-21,25001.803872703327,4866,11.990058761752152
chv_voice_4,intensity,B5,1.1126925018228548,0.11830097035683089,0.8808225999234662,1.3445624037222434,5.173046535524575e-21,25004.1207306378,4866,14.306916696223198
chv_voice_4,intensity,B4,1.1153484866724628,0.11707660128105193,0.885878348161601,1.3448186251833245,1.6243146033057372e-21,25003.450411023114,4866,13.636597081538639
chv_voice_4,intensity,SON_F,0.849427769996994,0.10012676294413181,0.6531793146264957,1.0456762253674923,2.1847462542543353e-17,25033.96616025671,4866,44.15234631513522
chv_voice_4,intensity,SON_A,0.8768300204059086,0.0954915647420197,0.68966655351155,1.0639934873002672,4.2206958121243097e-20,25024.830790092503,4866,35.0169761509278
chv_voice_4,intensity,SON_B,0.8313326798155778,0.09677388129035103,0.6416558724864898,1.0210094871446658,8.66177442130016e-18,25034.59490837039,4866,44.78109442881396
chv_voice_4,f0,A6,0.31983720642096913,0.07263234259145619,0.177477814941715,0.46219659790022327,1.0651364573245066e-05,21453.550367997927,4866,0.2713397630213876
chv_voice_4,f0,A5,0.32182186416561753,0.07247004525371603,0.17978057546833412,0.4638631528629009,8.964295611858731e-06,21453.279028234905,4866,0.0
chv_voice_4,f0,A4,0.3201363553731318,0.07229600269434029,0.1784361900922248,0.4618365206540388,9.505204121341787e-06,21453.38763977343,4866,0.10861153852602001
chv_voice_4,f0,B6,0.3058797810256836,0.07824140124357772,0.15252663458827126,0.4592329274630959,9.251171209406875e-05,21455.923658453852,4866,2.644630218946986
chv_voice_4,f0,B5,0.2765217139770716,0.07926390568868491,0.12116445882724916,0.43187896912689405,0.000485519293412656,21459.319648904086,4866,6.040620669180498
chv_voice_4,f0,B4,0.27670186622970977,0.07922524011136933,0.12142039561142587,0.43198333684799367,0.0004783471420384312,21459.28037015778,4866,6.001341922874417
chv_voice_4,f0,SON_F,0.09093553443859954,0.06769928059567104,-0.04175505552891569,0.2236261244061148,0.17919832433567984,21470.891192730072,4866,17.612164495167235
chv_voice_4,f0,SON_A,0.11564019190775633,0.06622190953595321,-0.014154750782711958,0.24543513459822464,0.08076704162371526,21469.648431511254,4866,16.36940327634875
chv_voice_4,f0,SON_B,0.09784067825625363,0.06938580859282556,-0.038155506585684465,0.23383686309819174,0.1585112229101462,21470.541638440296,4866,17.262610205390956
chv_voice_5,duration,A6,0.13124110086545518,0.03415332288919901,0.06430058800262511,0.19818161372828524,0.00012168633449794986,534.393128534872,674,2.826751472023716
chv_voice_5,duration,A5,0.1357047590253651,0.033746178095947515,0.06956224995730798,0.20184726809342224,5.786871297900911e-05,533.1775859861416,674,1.6112089232933613
chv_voice_5,duration,A4,0.1357047590253651,0.033746178095947515,0.06956224995730798,0.20184726809342224,5.786871297900911e-05,533.1775859861416,674,1.6112089232933613
chv_voice_5,duration,B6,0.14434008839093243,0.03554573159013785,0.07467045447426224,0.21400972230760262,4.8928540483755736e-05,531.7047199156268,674,0.13834285277857816
chv_voice_5,duration,B5,0.14529002233302035,0.034142467829771116,0.07837078538666897,0.21220925927937173,2.0867111519585547e-05,531.9630467798174,674,0.3966697169691997
chv_voice_5,duration,B4,0.14723533051303428,0.03454336430831682,0.07953033646873332,0.21494032455733525,2.0230344184072716e-05,531.5663770628482,674,0.0
chv_voice_5,duration,SON_F,0.11165431046943104,0.03352592408035775,0.045943499271929866,0.17736512166693222,0.0008672527505200086,538.5058647615881,674,6.9394876987398675
chv_voice_5,duration,SON_A,0.10373301092041826,0.03210202899554348,0.040813034089153044,0.16665298775168347,0.0012320536706147695,539.4823727964583,674,7.915995733610089
chv_voice_5,duration,SON_B,0.12629137065513033,0.03280586692481423,0.06199187148249444,0.1905908698277662,0.00011828282575836977,534.3139903372105,674,2.7476132743622657
chv_voice_5,intensity,A6,1.2781561353382982,0.31583180177120534,0.6591258038667357,1.8971864668098606,5.1888880928159977e-05,3565.9593926402567,674,0.7347367039419623
chv_voice_5,intensity,A5,1.2090510194627362,0.3176014527003436,0.5865521721700627,1.8315498667554095,0.00014076609214020368,3567.8448126205285,674,2.6201566842137254
chv_voice_5,intensity,A4,1.2090510194627362,0.3176014527003436,0.5865521721700627,1.8315498667554095,0.00014076609214020368,3567.8448126205285,674,2.6201566842137254
chv_voice_5,intensity,B6,1.061886335073474,0.33000538374280713,0.41507578293757197,1.708696887209376,0.0012918466614251212,3572.110047883054,674,6.885391946739219
chv_voice_5,intensity,B5,1.0557917129304581,0.32925138007714244,0.41045900797925894,1.7011244178816574,0.0013429342726752605,3572.548568716375,674,7.323912780060255
chv_voice_5,intensity,B4,1.0455876994125708,0.3350220485420494,0.38894448427015393,1.7022309145549877,0.0018026747513189868,3572.8425922898005,674,7.617936353485675
chv_voice_5,intensity,SON_F,1.1659869337854976,0.2890732173508904,0.5994034277777524,1.7325704397932427,5.494399745605151e-05,3568.2448102279513,674,3.0201542916365725
chv_voice_5,intensity,SON_A,1.2291260364673717,0.2694884473548249,0.700928679651915,1.7573233932828285,5.092027450739135e-06,3565.224655936315,674,0.0
chv_voice_5,intensity,SON_B,0.9950111272812737,0.27665739811015294,0.45276262698537395,1.5372596275771735,0.00032247027198349003,3572.1497122338387,674,6.925056297523952
chv_voice_5,f0,A6,0.6161601614454306,0.1929122224479694,0.23805220544741057,0.9942681174434507,0.0014031983888488596,2811.872372768149,674,0.0
chv_voice_5,f0,A5,0.5893932027255409,0.19232803963946302,0.21243024503219338,0.9663561604188884,0.0021801929837577004,2812.9532550680296,674,1.0808822998806136
chv_voice_5,f0,A4,0.5893932027255409,0.19232803963946302,0.21243024503219338,0.9663561604188884,0.0021801929837577004,2812.9532550680296,674,1.0808822998806136
chv_voice_5,f0,B6,0.569199793578864,0.20419218431306327,0.16898311232525998,0.969416474832468,0.005310515143116208,2814.249745007724,674,2.3773722395749246
chv_voice_5,f0,B5,0.4899880560916374,0.21095164877546443,0.07652282449172715,0.9034532876915478,0.020192557505726762,2817.1626068876226,674,5.290234119473553
chv_voice_5,f0,B4,0.48459393028416453,0.2128994109906363,0.0673110847425174,0.9018767758258117,0.022836208250696977,2817.3767900393514,674,5.504417271202328
chv_voice_5,f0,SON_F,0.3795384785474123,0.1921788175198211,0.0028679962085629285,0.7562089608862617,0.048276820872505455,2819.5975666077234,674,7.725193839574331
chv_voice_5,f0,SON_A,0.5177180770703226,0.1764773627842988,0.17182244601309693,0.8636137081275482,0.0033503071436345646,2814.5237278332847,674,2.6513550651357036
chv_voice_5,f0,SON_B,0.4061757032550927,0.18745318508018885,0.03876746049792257,0.7735839460122629,0.03024923586270551,2818.6648699709212,674,6.792497202772211
chv_voice_main,duration,A6,0.1646732608479249,0.00903656485196522,0.14696159373807308,0.18238492795777675,3.390880968314783e-74,186809.32095622632,386412,5985.5203530234285
chv_voice_main,duration,A5,0.16543471432916887,0.009014260505503377,0.14776676373838224,0.1831026649199555,3.149462188100626e-75,186583.84375804593,386412,5760.043154843035
chv_voice_main,duration,A4,0.16514856581758605,0.00897175752922042,0.14756392106031402,0.18273321057485808,1.141612879607913e-75,186562.9161892396,386412,5739.1155860367
chv_voice_main,duration,B6,0.18176302081341628,0.008804983652035706,0.1645052528554263,0.19902078877140625,1.1237562825465102e-94,183696.30460409087,386412,2872.5040008879732
chv_voice_main,duration,B5,0.18912074361611528,0.008899628970641456,0.17167747083365803,0.20656401639857253,3.268158797855994e-100,182389.57762802986,386412,1565.7770248269662
chv_voice_main,duration,B4,0.18894213797032314,0.008917081574563895,0.1714646580841779,0.20641961785646837,1.2118017786851195e-99,182448.14749547443,386412,1624.3468922715401
chv_voice_main,duration,SON_F,0.17140730428506215,0.007638137664167806,0.15643655446329324,0.18637805410683106,1.5674795628521056e-111,183079.41737182206,386412,2255.616768619162
chv_voice_main,duration,SON_A,0.15878285009787893,0.007775725185944974,0.1435424287334268,0.17402327146233107,1.1032356038298879e-92,184930.22189489158,386412,4106.42129168869
chv_voice_main,duration,SON_B,0.17562289990386246,0.00751596680830145,0.16089160495959162,0.1903541948481333,9.336310132070161e-121,180823.8006032029,386412,0.0
chv_voice_main,intensity,A6,1.0277192386529364,0.10925324963465949,0.8135828693690037,1.241855607936869,5.116597598851226e-21,2247980.3590643937,386412,1797.4153725556098
chv_voice_main,intensity,A5,1.0266092206096664,0.10899861078733471,0.8129719434664904,1.2402464977528425,4.573459409783826e-21,2247981.371293868,386412,1798.4276020298712
chv_voice_main,intensity,A4,1.0307121943693238,0.1084766293510763,0.8180980008412143,1.2433263878974334,2.0649488613670282e-21,2247933.8743857415,386412,1750.9306939034723
chv_voice_main,intensity,B6,0.9328224298348262,0.1154400852444953,0.7065598627556154,1.159084996914037,6.446135108928559e-16,2248811.834098604,386412,2628.890406765975
chv_voice_main,intensity,B5,0.9977318214651864,0.11686462486398301,0.7686771567317796,1.226786486198593,1.3715609173232154e-17,2248471.0410827273,386412,2288.09739088919
chv_voice_main,intensity,B4,1.0135424498175414,0.11716303234772679,0.7839029064159968,1.243181993219086,5.11837049767209e-18,2248367.460929272,386412,2184.5172374341637
chv_voice_main,intensity,SON_F,1.0484769295816496,0.1016430322996627,0.8492565862743107,1.2476972728889886,6.010221026376513e-25,2247459.109368898,386412,1276.1656770599075
chv_voice_main,intensity,SON_A,1.150578840781614,0.0927781766980548,0.9687336144534267,1.3324240671098013,2.5681248102931414e-35,2246182.943691838,386412,0.0
chv_voice_main,intensity,SON_B,1.0941414344781595,0.0953133897798529,0.9073271905096478,1.2809556784466711,1.6741996460648452e-30,2246879.9072835785,386412,696.9635917404667
chv_voice_main,f0,A6,0.03155304233098254,0.03020849235131386,-0.027655602677592622,0.09076168733955771,0.2962499544776055,1575027.4354632155,386412,551.2778634307906
chv_voice_main,f0,A5,0.02822714601782835,0.030142982513523753,-0.0308530997086782,0.08730739174433491,0.3490458123848822,1575031.4727496286,386412,555.3151498439256
chv_voice_main,f0,A4,0.02819648938568063,0.030008332424178445,-0.03061984216570912,0.08701282093707038,0.3474114864542177,1575031.4348989485,386412,555.2772991638631
chv_voice_main,f0,B6,0.015223896245950637,0.030652459151360372,-0.04485492369071569,0.07530271618261697,0.6194277785277843,1575043.315317801,386412,567.1577180163004
chv_voice_main,f0,B5,-0.006883694431490772,0.03177400288992761,-0.0691607400957489,0.055393351232767354,0.8284846315026592,1575046.9109818977,386412,570.7533821130637
chv_voice_main,f0,B4,-0.011236010890305435,0.03170937578924623,-0.07338638743722804,0.050914365656617167,0.723081478804356,1575045.4220258226,386412,569.264426037902
chv_voice_main,f0,SON_F,-0.1524589600167447,0.023998246783333572,-0.1994955237120785,-0.1054223963214109,2.112645693976225e-10,1574527.680248053,386412,51.52264826837927
chv_voice_main,f0,SON_A,-0.13299843002206535,0.025707784388689963,-0.1833856874238977,-0.08261117262023301,2.297870497876869e-07,1574622.1046498502,386412,145.94705006550066
chv_voice_main,f0,SON_B,-0.15661270075231393,0.02569006410076147,-0.2069652263898064,-0.10626017511482144,1.085948686912316e-09,1574476.1575997847,386412,0.0
cv_100,duration,A6,0.16227168449248258,0.02110814317432757,0.12089972387080056,0.2036436451141646,1.4988053919465728e-14,1046.9183615226598,2079,20.047245986336748
cv_100,duration,A5,0.1631799162320788,0.021042389581750455,0.12193683265184792,0.2044229998123097,8.846977600608836e-15,1045.7849967782108,2079,18.913881241887793
cv_100,duration,A4,0.16014223581980286,0.021121107843376414,0.11874486444678509,0.20153960719282063,3.400204343454943e-14,1048.889606268012,2079,22.01849073168887
cv_100,duration,B6,0.1841893701028213,0.02167002634925955,0.1417161184582726,0.22666262174737,1.900324030828513e-17,1026.871115536323,2079,0.0
cv_100,duration,B5,0.1771631358823031,0.021824374796526866,0.13438736128111045,0.21993891048349573,4.752075136968265e-16,1037.3248105174257,2079,10.453694981102672
cv_100,duration,B4,0.17292612548013087,0.02206391508138714,0.12968085192061207,0.21617139903964966,4.595732705635476e-15,1042.1850613080273,2079,15.313945771704311
cv_100,duration,SON_F,0.13599670741018471,0.018862623275175953,0.09902596579083985,0.1729674490295296,5.601304400645768e-13,1063.3797999396634,2079,36.50868440334034
cv_100,duration,SON_A,0.13078409076781472,0.018040962489249707,0.09542380428888529,0.16614437724674413,4.189753942000925e-13,1064.8121427239525,2079,37.941027187629516
cv_100,duration,SON_B,0.1433445518829405,0.018763154779073112,0.10656876851595722,0.18012033524992382,2.177574455911854e-14,1053.5182176090934,2079,26.647102072770394
cv_100,intensity,A6,0.1825390943621692,0.15983479314805263,-0.13073710020801393,0.4958152889323523,0.2534338380788941,10349.573193315618,2079,4.554488095174747
cv_100,intensity,A5,0.18028967593813067,0.1596110836427797,-0.13254804800171754,0.4931273998779789,0.25866331067886916,10349.605193572646,2079,4.58648835220265
cv_100,intensity,A4,0.19718262370636364,0.15844228203391575,-0.11336424908011122,0.5077294964928385,0.2133128050368348,10349.339370785305,2079,4.320665564860974
cv_100,intensity,B6,0.16495879201348132,0.16866300332153955,-0.1656206944967362,0.4955382785236988,0.3280556311048678,10349.88588862893,2079,4.867183408487108
cv_100,intensity,B5,0.28681024083754103,0.15445501412193036,-0.01592158684144246,0.5895420685165245,0.06332287199914416,10347.83825433753,2079,2.8195491170863534
cv_100,intensity,B4,0.3197722503355807,0.15317137983367882,0.019556345861570235,0.6199881548095911,0.03682704952892084,10347.085742824069,2079,2.0670376036250673
cv_100,intensity,SON_F,0.31971851028407827,0.13060725522051383,0.06372829005187114,0.5757087305162853,0.01436762325980253,10346.057481394155,2079,1.038776173711085
cv_100,intensity,SON_A,0.3418558415579372,0.12497058521441846,0.096913494537677,0.5867981885781974,0.0062287394936768265,10345.018705220444,2079,0.0
cv_100,intensity,SON_B,0.31691667226774733,0.12813367843886628,0.06577466252756942,0.5680586820079252,0.013386105402951336,10346.067546462651,2079,1.0488412422073452
cv_100,f0,A6,-0.2700384548236883,0.13160200502250888,-0.5279783846678057,-0.012098524979570924,0.04017620535833394,9716.873682861125,2079,0.0
cv_100,f0,A5,-0.2541984054905896,0.13100738937035933,-0.5109728886564939,0.002576077675314703,0.0523388211307431,9717.327454083104,2079,0.45377122197896824
cv_100,f0,A4,-0.2602094912887399,0.1310359793645311,-0.5170400108432208,-0.00337897173425894,0.04705702483963571,9717.141105007986,2079,0.26742214686055377
cv_100,f0,B6,-0.2177399270457634,0.13497924531783254,-0.48229924786871514,0.046819393777188356,0.10671488821631772,9718.429615316232,2079,1.555932455106813
cv_100,f0,B5,-0.2736861880002472,0.14030864619807173,-0.5486911345484677,0.0013187585479734198,0.05110452611821649,9717.07531982661,2079,0.20163696548479493
cv_100,f0,B4,-0.27459016514224915,0.1408115227450289,-0.5505807497225057,0.0014004194380074497,0.051169605316805464,9717.04853366483,2079,0.17485080370533979
cv_100,f0,SON_F,-0.09229772140585113,0.11877992309238984,-0.3251063706669352,0.14051092785523295,0.43713035353292495,9720.332841487896,2079,3.459158626770659
cv_100,f0,SON_A,-0.14287122926524887,0.11726995906244556,-0.3727203490276422,0.08697789049714441,0.22310597939398635,9719.486252984922,2079,2.612570123796104
cv_100,f0,SON_B,-0.16003554583185575,0.12341144776356298,-0.4019219834484392,0.08185089178472768,0.19471233624964202,9719.205704161115,2079,2.3320212999897194
cv_101,duration,A6,0.22148572686440965,0.029667149162159703,0.16333811450657665,0.27963333922224265,8.28644796993353e-14,803.5480090705219,1615,17.336694924496896
cv_101,duration,A5,0.22142566194092694,0.02950403571911607,0.16359775193145945,0.27925357195039446,6.146240305720937e-14,803.1663317951156,1615,16.955017649090678
cv_101,duration,A4,0.22400698023566398,0.029330458474818164,0.1665192816250204,0.2814946788463076,2.2173794433328865e-14,800.9218690955577,1615,14.710554949532707
cv_101,duration,B6,0.23717732430322966,0.029806310229654184,0.17875695625310745,0.29559769235335187,1.7585442357691354e-15,798.164600943358,1615,11.953286797333021
cv_101,duration,B5,0.23360406110299106,0.03011122313177233,0.1745860637647173,0.2926220584412648,8.625223069355143e-15,800.7084024588844,1615,14.497088312859432
cv_101,duration,B4,0.23299328275616363,0.029693562963574952,0.17479389934755674,0.2911926661647705,4.274941243454143e-15,801.1814008406295,1615,14.97008669460456
cv_101,duration,SON_F,0.1799825940494118,0.024890571934705147,0.1311970730573897,0.2287681150414339,4.796109045183902e-13,797.1566316333201,1615,10.945317487295142
cv_101,duration,SON_A,0.18125046714464563,0.02379103867620689,0.13462003133928013,0.22788090295001112,2.5677094945903475e-14,790.0245118112548,1615,3.8131976652298363
cv_101,duration,SON_B,0.18679850948012364,0.024096994057158896,0.1395684011280922,0.23402861783215506,9.049745533499456e-15,786.211314146025,1615,0.0
cv_101,intensity,A6,2.3458584067807444,0.3550831604654483,1.649895412268466,3.041821401293023,3.93500993005899e-11,8909.29270917401,1615,84.71656710417847
cv_101,intensity,A5,2.3710575583595124,0.3540246009544065,1.6771693404888754,3.0649457762301493,2.121062237766105e-11,8907.696947048422,1615,83.12080497859097
cv_101,intensity,A4,2.340723477259254,0.3561990273335777,1.6425733836854417,3.0388735708330663,4.9846999344235956e-11,8908.969799408005,1615,84.39365733817431
cv_101,intensity,B6,2.3117801013132455,0.3928501363868123,1.5417938339950934,3.0817663686313974,3.989307047770303e-09,8914.930405551502,1615,90.3542634816713
cv_101,intensity,B5,2.3491830382672347,0.39375270886822095,1.5774277288855219,3.1209383476489476,2.429346945451324e-09,8913.197193798758,1615,88.62105172892734
cv_101,intensity,B4,2.3550231912353916,0.39645463009393894,1.5779721162512712,3.132074266219512,2.846596784030116e-09,8912.952448864009,1615,88.37630679417816
cv_101,intensity,SON_F,2.706124075397404,0.25351214983315035,2.209240261724429,3.2030078890703786,1.3392773184046425e-26,8838.391277141283,1615,13.81513507145246
cv_101,intensity,SON_A,2.750302209774357,0.23846099104280435,2.2829186673304607,3.2176857522182534,8.93785465696931e-31,8824.57614206983,1615,0.0
cv_101,intensity,SON_B,2.7378370069357567,0.25032001513732394,2.247209777266602,3.2284642366049114,7.640251984220399e-28,8828.911779822236,1615,4.335637752405091
cv_101,f0,A6,0.12145874402388324,0.15443452917197703,-0.18123293315319172,0.4241504212009582,0.4315898373071756,6839.130823283436,1615,2.760665271234757
cv_101,f0,A5,0.12523712492414216,0.15370495231070666,-0.17602458160484288,0.42649883145312717,0.4151930219930492,6839.091615494684,1615,2.721457482482947
cv_101,f0,A4,0.13090733936661247,0.15314504574010346,-0.1692569502839903,0.43107162901721524,0.3926656590952149,6839.032257099358,1615,2.6620990871560934
cv_101,f0,B6,0.052118401022472796,0.1697019539275481,-0.2804974286755215,0.3847342307204671,0.7587541119851784,6839.602457586996,1615,3.2322995747945242
cv_101,f0,B5,0.05971629584934235,0.16970178539746866,-0.2728992035296962,0.3923317952283809,0.724921048109207,6839.571936933749,1615,3.2017789215478842
cv_101,f0,B4,0.05882212931029651,0.1688597268985556,-0.2721429354108725,0.3897871940314655,0.727578044051262,6839.575808461901,1615,3.205650449699533
cv_101,f0,SON_F,-0.19289831272066216,0.12711811619522992,-0.44204982046331276,0.05625319502198847,0.12914729822481408,6837.350052603895,1615,0.9798945916936646
cv_101,f0,SON_A,-0.16125298427473975,0.12186276404609446,-0.4001040018050849,0.07759803325560538,0.1857574863759931,6837.947364814965,1615,1.5772068027636124
cv_101,f0,SON_B,-0.22449718469603633,0.1251028869644773,-0.46969884314641186,0.020704473754339175,0.07273332973088627,6836.3701580122015,1615,0.0
cv_102,duration,A6,0.1380970652236162,0.015322269036206471,0.10806541791265152,0.1681287125345809,2.0079933542821965e-19,2026.6328661534135,5463,33.657535095926505
cv_102,duration,A5,0.14127758628127188,0.015226401811623855,0.11143383873048912,0.17112133383205463,1.7194294117519318e-20,2014.8118251910018,5463,21.83649413351486
cv_102,duration,A4,0.140808147527931,0.015147280457872867,0.11111947783050018,0.1704968172253618,1.4591680614288743e-20,2014.9597544036205,5463,21.984423346133553
cv_102,duration,B6,0.15267069997992086,0.016060188409890114,0.12119273069653624,0.18414866926330548,1.978331159375232e-21,1992.975331057487,5463,0.0
cv_102,duration,B5,0.14874567963483967,0.015343349441683779,0.11867271472913947,0.1788186445405399,3.1827798784358195e-22,2006.2586703229863,5463,13.283339265499308
cv_102,duration,B4,0.14764782903635562,0.015305726099975445,0.11764860588040375,0.1776470521923075,5.082509247777873e-22,2008.549388538755,5463,15.574057481268028
cv_102,duration,SON_F,0.11039240130052698,0.013813733882742308,0.08331748289035205,0.1374673197107019,1.333108693897503e-15,2078.8530775224826,5463,85.87774646499565
cv_102,duration,SON_A,0.10562109918524952,0.013312408317379327,0.07952877888318605,0.131713419487313,2.1214011178808556e-15,2086.59438797001,5463,93.61905691252286
cv_102,duration,SON_B,0.1177445089376268,0.0136436071252819,0.09100303897207426,0.14448597890317932,6.134491905680333e-18,2055.577862469654,5463,62.60253141216708
cv_102,intensity,A6,0.9029677045610827,0.1333950665824342,0.6415133740595116,1.1644220350626537,1.2956474693332288e-11,26614.46303394455,5463,38.07526221837179
cv_102,intensity,A5,0.8991941331239376,0.13281296983796373,0.6388807122415288,1.1595075540063464,1.2844552858829877e-11,26614.471269819493,5463,38.08349809331412
cv_102,intensity,A4,0.8914967135369473,0.1324154212039256,0.6319624879772531,1.1510309390966413,1.66686769746428e-11,26615.59881515553,5463,39.21104342934996
cv_102,intensity,B6,0.8918783888977826,0.14001066282477612,0.6174574897612214,1.166299288034344,1.8893608670131826e-10,26622.190585928933,5463,45.802814202754234
cv_102,intensity,B5,0.9612827538927575,0.12154549776930705,0.7230535782649157,1.1995119295205994,2.598178374272981e-15,26607.37376177302,5463,30.985990046840016
cv_102,intensity,B4,0.9452596495169447,0.12141400555876725,0.707288198621761,1.1832311004121285,6.947918115187599e-15,26610.4345502399,5463,34.04677851372253
cv_102,intensity,SON_F,0.9192243740819949,0.11054261064450503,0.702560857218765,1.1358878909452248,9.13154128877908e-17,26591.802964939146,5463,15.415193212968006
cv_102,intensity,SON_A,0.955804558281373,0.1124342152012438,0.7354334964869351,1.176175620075811,1.8794572199607073e-17,26576.38777172618,5463,0.0
cv_102,intensity,SON_B,0.9606606720676325,0.11290547174010925,0.7393659474570184,1.1819553966782466,1.7613781516959098e-17,26579.361988075994,5463,2.9742163498158334
cv_102,f0,A6,-0.5205983237399504,0.07303668861293443,-0.6637502334213019,-0.3774464140585989,1.019106461236535e-12,25117.191934558556,5463,11.668004552528146
cv_102,f0,A5,-0.5106496181974225,0.07367215971367946,-0.6550470512362343,-0.36625218515861074,4.167595396387108e-12,25118.51368939697,5463,12.98975939094089
cv_102,f0,A4,-0.5131031928501707,0.07372119649947681,-0.6575967379891452,-0.36860964771119614,3.4015267464162154e-12,25117.838657152795,5463,12.314727146767837
cv_102,f0,B6,-0.5297927949273659,0.0801053717347608,-0.6867993235274971,-0.37278626632723466,3.748342219509124e-11,25118.054459320527,5463,12.53052931449929
cv_102,f0,B5,-0.5182329591912941,0.08144072847347728,-0.6778567869993095,-0.35860913138327866,1.9744596305445426e-10,25120.04879399115,5463,14.524863985123375
cv_102,f0,B4,-0.5198502339818757,0.08152561446698925,-0.6796404383371746,-0.3600600296265768,1.811495206996872e-10,25119.580688871603,5463,14.05675886557583
cv_102,f0,SON_F,-0.5002818035793257,0.07374984917066592,-0.6448315079538309,-0.3557320992048205,1.1730207908726248e-11,25113.20461611505,5463,7.680686109022645
cv_102,f0,SON_A,-0.5282640921411008,0.07348969064656725,-0.6723038858083726,-0.384224298473829,6.561509483777592e-13,25105.523930006028,5463,0.0
cv_102,f0,SON_B,-0.5096943707434851,0.07956317006128648,-0.6656381840636066,-0.3537505574233636,1.492306890011618e-10,25111.01671128042,5463,5.492781274391746
cv_103,duration,A6,0.06560009595558433,0.029347929039157228,0.008078155038836167,0.1231220368723325,0.025400633031947725,881.8665742151634,3195,3.627359541311307
cv_103,duration,A5,0.0689133217252717,0.029324828022186982,0.011436658801785217,0.1263899846487582,0.018773452566066714,881.1238902972918,3195,2.8846756234397617
cv_103,duration,A4,0.07546656582301847,0.029203511425608016,0.01822768342882676,0.1327054482172102,0.009761630641424735,879.2473314638655,3195,1.008116790013446
cv_103,duration,B6,0.07760800563955961,0.03118129067701955,0.01649267591260129,0.13872333536651793,0.012812870069227909,880.0416493129023,3195,1.8024346390502615
cv_103,duration,B5,0.07656384517297143,0.03131096738905939,0.015194349090415032,0.13793334125552784,0.014474276354328762,880.2670955208569,3195,2.0278808470047807
cv_103,duration,B4,0.08334416076727343,0.03106540081586541,0.022455975168177225,0.1442323463663696,0.007299526302868338,878.2392146738521,3195,0.0
cv_103,duration,SON_F,-0.010905280107246808,0.02553075248529572,-0.06094555497842642,0.0391349947639328,0.6692752349297766,887.820857480353,3195,9.581642806500895
cv_103,duration,SON_A,-0.00921581654157171,0.0246412255586422,-0.05751261863651043,0.039080985553367004,0.7084043710526859,887.9876217374358,3195,9.748407063583727
cv_103,duration,SON_B,-0.007488961661283722,0.024979190964264746,-0.05644817595124263,0.04147025262867518,0.7643236012574499,888.1549192353423,3195,9.915704561490202
cv_103,intensity,A6,1.5320258524523651,0.29136502977301654,0.9609503940972527,2.1031013108074776,1.455530281344142e-07,16676.415625670652,3195,1.877753289300017
cv_103,intensity,A5,1.5563815343243546,0.2904023522037685,0.9871929240049684,2.1255701446437407,8.350012093538345e-08,16675.379668114398,3195,0.8417957330457284
cv_103,intensity,A4,1.500280323664875,0.2825156895390007,0.9465495721684336,2.0540110751613163,1.0936575873314109e-07,16676.11216866286,3195,1.5742962815093051
cv_103,intensity,B6,1.6428899151908598,0.30435425114775994,1.0463555829412503,2.2394242474404695,6.740555295467205e-08,16675.168218177456,3195,0.6303457961039385
cv_103,intensity,B5,1.661993561227617,0.30596832149529624,1.0622956510968364,2.2616914713583975,5.575284101116009e-08,16674.537872381352,3195,0.0
cv_103,intensity,B4,1.5940296094187476,0.2972577851318686,1.011404350560285,2.17665486827721,8.210131072534867e-08,16675.420124803197,3195,0.8822524218448962
cv_103,intensity,SON_F,0.33621222576895915,0.2126564450001227,-0.08059440643128135,0.7530188579691997,0.11387547209348,16697.653236262184,3195,23.115363880831865
cv_103,intensity,SON_A,0.3760393706113324,0.20730755823884922,-0.03028344353681206,0.7823621847594768,0.06969001002271581,16696.353366326635,3195,21.81549394528338
cv_103,intensity,SON_B,0.3770468271927564,0.20926335636018345,-0.033109351273203136,0.7872030056587159,0.07157980222982081,16696.410784868127,3195,21.87291248677502
cv_103,f0,A6,0.253303462560119,0.08174131459521533,0.09309048595349695,0.413516439166741,0.0019427824639495124,9523.458342895214,3195,11.788495276767208
cv_103,f0,A5,0.2550376572753058,0.08115169638884426,0.09598033235317108,0.41409498219744056,0.0016738166013039865,9523.314272618227,3195,11.644424999780313
cv_103,f0,A4,0.2089829562634893,0.08321293284164548,0.04588560789386417,0.3720803046331145,0.012024517617036793,9525.314566098441,3195,13.64471847999448
cv_103,f0,B6,0.27287379232550524,0.087711587957498,0.10095907992880915,0.4447885047222013,0.0018643304027326695,9523.075227717723,3195,11.405380099276954
cv_103,f0,B5,0.26690661298945806,0.0881339132055975,0.09416414310648696,0.43964908287242915,0.0024583516451330487,9523.376812297684,3195,11.70696467923699
cv_103,f0,B4,0.2155066047135501,0.09015971620658789,0.03879356094863784,0.39221964847846236,0.016835716114982205,9525.470239865837,3195,13.800392247390846
cv_103,f0,SON_F,-0.22472379507359275,0.06271758713810385,-0.3476502658642763,-0.10179732428290919,0.00033953207409678554,9511.669847618447,3195,0.0
cv_103,f0,SON_A,-0.20910757496684249,0.061211806094672284,-0.32908271491240015,-0.0891324350212848,0.0006351758157416929,9513.531207923086,3195,1.8613603046396747
cv_103,f0,SON_B,-0.21435944338676186,0.061727839919446234,-0.33534600962887645,-0.09337287714464725,0.0005153388503685875,9512.95790175617,3195,1.2880541377235204
cv_104,duration,A6,0.2316084799250605,0.0130602421081227,0.20601040539314003,0.257206554456981,2.2971599235671367e-70,5665.747758317142,8498,41.63992365973172
cv_104,duration,A5,0.23305118377684608,0.013027462147584587,0.2075173579675803,0.25858500958611186,1.430880326173199e-71,5653.70146844997,8498,29.593633792559558
cv_104,duration,A4,0.23090790035536143,0.013002550753419056,0.20542290087866008,0.25639289983206276,1.4771470640825807e-70,5660.629306020663,8498,36.5214713632522
cv_104,duration,B6,0.24652225673968195,0.013044398492660187,0.220955235694068,0.2720892777852959,1.168833191208504e-79,5630.825684511041,8498,6.717849853630469
cv_104,duration,B5,0.24840568454798007,0.012740907270935645,0.2234335062969462,0.27337786279901394,1.1709134895963885e-84,5624.10783465741,8498,0.0
cv_104,duration,B4,0.24269115210637074,0.012770348079460337,0.21766126987062848,0.267721034342113,1.572158642450809e-80,5653.144256669384,8498,29.036422011973627
cv_104,duration,SON_F,0.15671715074575734,0.012602497642797132,0.13201625536587497,0.18141804612563972,1.6788962216603989e-35,5954.103634982406,8498,329.9958003249958
cv_104,duration,SON_A,0.15593908625673353,0.011950470784760704,0.13251616351860254,0.1793620089948645,6.457159118422384e-39,5930.771190184285,8498,306.6633555268745
cv_104,duration,SON_B,0.16580028894600446,0.012277086093300858,0.14173720020313477,0.18986337768887415,1.4639824051994646e-41,5901.0334850562285,8498,276.9256503988181
cv_104,intensity,A6,2.821962183408051,0.14604062110931643,2.5357225660337908,3.1082018007823113,3.431834155038087e-83,49013.132439439214,8498,159.9256711967755
cv_104,intensity,A5,2.8410052812892177,0.14521032318873792,2.5563930478392916,3.125617514739144,3.0884754630287303e-85,49001.63749020388,8498,148.43072196144203
cv_104,intensity,A4,2.8002860520541923,0.14486515759897037,2.5163503431602106,3.084221760948174,2.9871235082372954e-83,49013.879651090465,8498,160.67288284802635
cv_104,intensity,B6,2.8037910272891002,0.1522198202849823,2.505440179530535,3.1021418750476655,9.189061667621387e-76,49059.15296465863,8498,205.9461964161892
cv_104,intensity,B5,2.8485439969767605,0.15112663881899352,2.5523357848915333,3.1447522090619877,3.0102730523553625e-79,49045.13802876335,8498,191.93126052091247
cv_104,intensity,B4,2.81365960416054,0.15143576556633392,2.5168455036505257,3.1104737046705546,4.674774651428399e-77,49056.82506602256,8498,203.6182977801218
cv_104,intensity,SON_F,2.7485213476759585,0.13390356333234044,2.486070363544571,3.010972331807346,1.2581595076286807e-93,48949.213756882265,8498,96.00698863982689
cv_104,intensity,SON_A,2.83271225085037,0.12659271718902945,2.5845905251598724,3.080833976540868,6.655558675951124e-111,48853.20676824244,8498,0.0
cv_104,intensity,SON_B,2.7984784936617286,0.12907620919343576,2.5454891236425947,3.0514678636808625,3.1126137851162975e-104,48900.64979877349,8498,47.4430305310525
cv_104,f0,A6,0.4253035940657067,0.06454870969879066,0.29878812305607705,0.5518190650753364,4.4316177759486534e-11,34873.28205229184,8498,0.0
cv_104,f0,A5,0.42277989475724354,0.06422904530071859,0.2968909659678351,0.5486688235466519,4.629807344217604e-11,34873.65651342945,8498,0.3744611376096145
cv_104,f0,A4,0.4026098856299453,0.06393521585208901,0.27729686255985087,0.5279229087000398,3.031605081491685e-10,34879.532089609405,8498,6.25003731756442
cv_104,f0,B6,0.3644843262415395,0.07136737414552687,0.22460427291630683,0.5043643795667722,3.270434211556898e-07,34894.93552752998,8498,21.653475238141255
cv_104,f0,B5,0.34670107597438793,0.07140747969926373,0.20674241576383104,0.48665973618494485,1.2023572025232477e-06,34899.612101563514,8498,26.330049271673488
cv_104,f0,B4,0.3236981047146431,0.07134971274230562,0.1838526677397241,0.46354354168956213,5.711904933594802e-06,34904.914417468855,8498,31.632365177014435
cv_104,f0,SON_F,0.13441419266138815,0.059712922479357694,0.017376864601847078,0.25145152072092924,0.024385108694086804,34933.64652329702,8498,60.36447100518126
cv_104,f0,SON_A,0.17527697251882662,0.05667050828793259,0.06420277627447875,0.2863511687631745,0.0019820198707991253,34926.95257381585,8498,53.6705215240072
cv_104,f0,SON_B,0.091207353721974,0.060341937500746755,-0.027062843779489643,0.20947755122343764,0.1306589349859953,34937.80863809543,8498,64.52658580358548
cv_105,duration,A6,0.023190854483775926,0.022810027646008927,-0.02151679970240157,0.06789850866995342,0.3092982649634385,2148.2631837976005,5046,1.4502437779301545
cv_105,duration,A5,0.02533957797586953,0.022584368417774336,-0.018925784122968168,0.06960494007470723,0.2618640098245085,2147.8260080335713,5046,1.01306801390092
cv_105,duration,A4,0.02029672512627266,0.022498984739076872,-0.02380128496231801,0.06439473521486333,0.36699451825080365,2148.7089952988554,5046,1.8960552791850205
cv_105,duration,B6,0.03146960138295138,0.02465385304246185,-0.016851950580273847,0.0797911533461766,0.20179375868491656,2146.8129400196704,5046,0.0
cv_105,duration,B5,0.029499605387587884,0.0240744974631658,-0.017686409640217088,0.07668562041539286,0.2204446298323134,2147.2446016442173,5046,0.43166162454690493
cv_105,duration,B4,0.023274902714482695,0.024058505871377867,-0.023879768793417924,0.07042957422238331,0.333329484898941,2148.397964069911,5046,1.5850240502404631
cv_105,duration,SON_F,0.013729745855913654,0.015357235794243801,-0.016370436300804196,0.043829928012631504,0.3713087547673316,2148.8241968759194,5046,2.0112568562490196
cv_105,duration,SON_A,0.00991804885871956,0.014698806118800846,-0.0188916111341301,0.03872770885156922,0.4998333396516249,2149.509818084478,5046,2.6968780648076063
cv_105,duration,SON_B,0.012859475746223523,0.014987119849130993,-0.016515279158073222,0.04223423065052027,0.39087305007786133,2148.9612583719245,5046,2.1483183522541367
cv_105,intensity,A6,1.29798504538701,0.2945259608784185,0.7207141620653099,1.8752559287087103,1.0479718521710501e-05,27781.001900042833,5046,20.80684876443047
cv_105,intensity,A5,1.3133735732237544,0.2916003055133805,0.7418369744175286,1.8849101720299801,6.667996449559617e-06,27779.506156429066,5046,19.311105150663934
cv_105,intensity,A4,1.3349289352132827,0.2878187174863865,0.7708042489399652,1.8990536214866003,3.516447327126398e-06,27777.459433010383,5046,17.264381731980393
cv_105,intensity,B6,1.1845158762671169,0.31750945137465536,0.5621973515727924,1.8068344009614412,0.00019098820432788017,27790.558250008224,5046,30.363198729821306
cv_105,intensity,B5,1.2192113227417112,0.31769192837895954,0.5965351431189505,1.8418875023644719,0.00012418410353944303,27788.72417620953,5046,28.529124931126717
cv_105,intensity,B4,1.234845545158776,0.31473074630441955,0.6179732824021138,1.8517178079154384,8.72723848805114e-05,27787.4966134264,5046,27.301562147997174
cv_105,intensity,SON_F,0.9899969114293415,0.24872849105052328,0.5024890689703159,1.4775047538883672,6.884826247273018e-05,27772.22656925823,5046,12.031517979827186
cv_105,intensity,SON_A,1.0722624165903576,0.23606055590700956,0.6095837270126189,1.5349411061680964,5.5638685648533e-06,27760.195051278402,5046,0.0
cv_105,intensity,SON_B,1.023295386589889,0.24005237228372323,0.5527927369137915,1.4937980362659866,2.0188069045876954e-05,27766.813974732006,5046,6.618923453603202
cv_105,f0,A6,0.33080897375303014,0.08671243082837972,0.1608526093294059,0.5007653381766544,0.00013617625491693625,17976.878244014297,5046,1.601138114114292
cv_105,f0,A5,0.31959928710295865,0.08603057099590738,0.1509793679509802,0.4882192062549371,0.00020324371599051523,17977.894415329865,5046,2.6173094296827912
cv_105,f0,A4,0.3259539307120713,0.08659341335310554,0.15623084053998443,0.49567702088415816,0.0001670908101267369,17976.92370023355,5046,1.6465943333678297
cv_105,f0,B6,0.3596602727029572,0.09188836799151306,0.1795590714395916,0.5397614739663228,9.074197896058948e-05,17975.277105900183,5046,0.0
cv_105,f0,B5,0.33517519618841696,0.09164532807768555,0.1555503531561533,0.5148000392206806,0.00025487799609005303,17977.93039703,5046,2.6532911298163526
cv_105,f0,B4,0.3466819665346443,0.0923915015421928,0.1655946235119464,0.5277693095573421,0.00017520950220932435,17976.505588385393,5046,1.2284824852104066
cv_105,f0,SON_F,-0.025483991279580443,0.07135894606024429,-0.16534752555765925,0.11437954299849835,0.7209989883849105,17995.11096659035,5046,19.833860690167057
cv_105,f0,SON_A,0.01641061781694685,0.07070732739852473,-0.12217574388416162,0.15499697951805533,0.8164664178740024,17995.23908118189,5046,19.961975281708874
cv_105,f0,SON_B,0.019970420581890375,0.07144132194960412,-0.1200545704393337,0.15999541160311445,0.7798335231321971,17995.19377833748,5046,19.916672437298985
cv_106,duration,A6,0.06039667006896489,0.0132342226631152,0.0344575936492591,0.08633574648867068,5.026625370426176e-06,5315.708170134851,8626,27.65456089700092
cv_106,duration,A5,0.06390602011850471,0.01323541093742611,0.03796461468114953,0.0898474255558599,1.3762596431291667e-06,5309.500514090083,8626,21.446904852233274
cv_106,duration,A4,0.06213135731031041,0.01309790635381037,0.03645946085684208,0.08780325376377873,2.0994303511357708e-06,5311.982386181055,8626,23.928776943204866
cv_106,duration,B6,0.07826042389012677,0.013865502572762407,0.05108403884751246,0.10543680893274109,1.6589861587417568e-08,5288.05360923785,8626,0.0
cv_106,duration,B5,0.07738033180040657,0.013173985680013676,0.051559319867579764,0.10320134373323338,4.261172855956127e-09,5289.9005745816685,8626,1.846965343818738
cv_106,duration,B4,0.0724851039699123,0.013079059106768607,0.046850148120645835,0.09812005981917876,2.98911161719184e-08,5298.584993229513,8626,10.53138399166346
cv_106,duration,SON_F,0.04909428040960686,0.011604349417448067,0.026349755551408647,0.07183880526780508,2.3298668597230805e-05,5325.371162587846,8626,37.31755334999616
cv_106,duration,SON_A,0.0363006443268979,0.010885898989406898,0.014964282307660379,0.057637006346135417,0.0008540735184958094,5341.050017220416,8626,52.99640798256587
cv_106,duration,SON_B,0.0504471980798475,0.01118270652007013,0.02852909330051005,0.07236530285918495,6.446809039459885e-06,5322.236036421815,8626,34.182427183965046
cv_106,intensity,A6,1.883049613041293,0.14059810450928328,1.6074773282030979,2.158621897879488,6.631973736167235e-41,48675.60447431408,8626,5.756979639169003
cv_106,intensity,A5,1.891068190285215,0.1393977476992245,1.617848604794735,2.164287775775695,6.371519732448939e-42,48669.84749467491,8626,0.0
cv_106,intensity,A4,1.8699549716619372,0.1378417199553581,1.5997852005494355,2.140124742774439,6.374145870876666e-42,48674.00886056461,8626,4.161365889696754
cv_106,intensity,B6,1.8845941944659115,0.15422408254197767,1.5823149926836353,2.186873396248188,2.435522958539173e-34,48692.13570997878,8626,22.28821530386631
cv_106,intensity,B5,1.918564456654766,0.14645308234992743,1.6315164152489081,2.2056124980606238,3.283974574003779e-39,48682.460495257954,8626,12.613000583041867
cv_106,intensity,B4,1.9003565523322656,0.14539049724763944,1.6153911777268923,2.1853219269376387,4.8413630082451605e-39,48686.736671857834,8626,16.88917718292214
cv_106,intensity,SON_F,1.5257246280897783,0.12445492460753353,1.2817929758590125,1.769656280320544,1.4987183277060788e-34,48738.57876920198,8626,68.73127452706831
cv_106,intensity,SON_A,1.5982070425306607,0.11335677278384428,1.376027767874326,1.8203863171869954,3.856756911196557e-45,48698.72407118008,8626,28.87657650516485
cv_106,intensity,SON_B,1.5580651695824066,0.1196436079589373,1.3235636979828895,1.7925666411819237,9.107472422569426e-39,48721.98522254819,8626,52.13772787327616
cv_106,f0,A6,0.41641694776323995,0.07226725022699308,0.2747731373183335,0.5580607582081464,8.303407424583137e-09,37954.57004403931,8626,2.5174822259068605
cv_106,f0,A5,0.42433821350407663,0.07161781951469329,0.28396728725527776,0.5647091397528755,3.122275324858481e-09,37952.052561813405,8626,0.0
cv_106,f0,A4,0.41608313542970893,0.0708875469534558,0.2771435434009356,0.5550227274584822,4.367887149815729e-09,37953.66138688137,8626,1.6088250679677003
cv_106,f0,B6,0.4138916315863553,0.07926703907927483,0.2585282349909766,0.5692550281817339,1.7749429850877646e-07,37958.03553537406,8626,5.9829735606545
cv_106,f0,B5,0.38756791485036407,0.0754542925950394,0.23967750136408686,0.5354583283366413,2.7996271171492166e-07,37963.98989850625,8626,11.9373366928412
cv_106,f0,B4,0.378576581499324,0.07491616599377554,0.23174089615152393,0.525412266847124,4.341584312463267e-07,37965.721566490276,8626,13.669004676870827
cv_106,f0,SON_F,0.2748295582681567,0.06049170402417959,0.1562658183807647,0.3933932981555487,5.5390779518383206e-06,37978.830735621,8626,26.778173807593703
cv_106,f0,SON_A,0.2577394064304803,0.0580802926489349,0.14390203283856792,0.3715767800223927,9.095073646702986e-06,37980.53125923595,8626,28.47869742254261
cv_106,f0,SON_B,0.25214980922562763,0.06199401473716202,0.13064154034079006,0.3736580781104652,4.7555886397750604e-05,37982.468265509524,8626,30.415703696118726
cv_107,duration,A6,0.12274053895188214,0.014346783152074483,0.09462084397381615,0.15086023392994813,1.1759775387916848e-17,9733.522576482832,13626,18.531954637001036
cv_107,duration,A5,0.1261954609354494,0.01437687523100699,0.0980167854826757,0.1543741363882231,1.6689668777859868e-18,9714.99062184583,13626,0.0
cv_107,duration,A4,0.1258778471984393,0.014321601382972508,0.0978075084878132,0.15394818590906542,1.5040156348873212e-18,9715.138324419073,13626,0.1477025732419861
cv_107,duration,B6,0.1293236924386998,0.015115525242271062,0.09969726296384851,0.15895012191355107,1.171695179616811e-17,9720.801236636285,13626,5.810614790454565
cv_107,duration,B5,0.12735181355477884,0.01477886427550675,0.09838523957478561,0.15631838753477206,6.863619000391101e-18,9730.575299239714,13626,15.584677393882885
cv_107,duration,B4,0.12750486251627985,0.014765263401307124,0.09856494624971789,0.1564447787828418,5.8490458346742694e-18,9729.700145797451,13626,14.709523951620213
cv_107,duration,SON_F,0.08384304944297671,0.01342341715294783,0.05753315182319897,0.11015294706275446,4.2101971639927153e-10,9861.218309153282,13626,146.22768730745156
cv_107,duration,SON_A,0.08276731764065023,0.012562427685529088,0.05814495937701322,0.10738967590428725,4.44348739924347e-11,9854.639840304375,13626,139.64921845854406
cv_107,duration,SON_B,0.08566712021425435,0.01291467020490949,0.06035436661263175,0.11097987381587696,3.2822260766381553e-11,9848.637617213903,13626,133.64699536807166
cv_107,intensity,A6,2.1374377297824707,0.12462180787845185,1.8931789863407051,2.3816964732242365,6.136263631002566e-66,74689.59163254361,13626,99.60793651784479
cv_107,intensity,A5,2.1337837370019708,0.12352514822496512,1.891674446481039,2.375893027522902,7.373531892381436e-67,74686.13672188092,13626,96.15302585515019
cv_107,intensity,A4,2.114853585632713,0.12314798595241398,1.8734835331659816,2.3562236380994444,4.2102025576998747e-66,74695.76006808289,13626,105.77637205712381
cv_107,intensity,B6,2.101209765625125,0.13192931890521628,1.842628300570901,2.359791230679349,4.1306231896395186e-57,74754.9519652453,13626,164.9682692195347
cv_107,intensity,B5,2.1340849364873002,0.12910271785806768,1.8810436094854877,2.387126263489113,2.2265641346879764e-61,74736.24185461315,13626,146.25815858738497
cv_107,intensity,B4,2.140863795658551,0.1288119701858426,1.8883923340942994,2.3933352572228026,4.987543188377947e-62,74731.47566627577,13626,141.49197025000467
cv_107,intensity,SON_F,1.9206954235132168,0.11687034260605264,1.6916295520053537,2.14976129502108,1.0847073937615901e-60,74731.52009874729,13626,141.53640272152552
cv_107,intensity,SON_A,2.038849429986735,0.10711740297947514,1.8288993201469637,2.248799539826506,8.9548201922405e-81,74589.98369602577,13626,0.0
cv_107,intensity,SON_B,2.018103003388263,0.1102282106525127,1.802055710509338,2.2341502962671878,7.091348151452743e-75,74632.20468445405,13626,42.22098842827836
cv_107,f0,A6,0.2836960198104271,0.04522288273025348,0.19505916965913025,0.3723328699617239,3.535095688688656e-10,53430.87606900686,13626,0.0
cv_107,f0,A5,0.27470398847612004,0.04522885707671131,0.18605542860576588,0.36335254834647424,1.250395600442862e-09,53434.20729512781,13626,3.331226120950305
cv_107,f0,A4,0.27109860218798226,0.045057970085014255,0.1827849808213543,0.3594122235546102,1.7804967719159814e-09,53435.452717898734,13626,4.576648891874356
cv_107,f0,B6,0.2854796475266353,0.04781855714299583,0.19175527552636346,0.37920401952690713,2.3716658731413623e-09,53433.71857317492,13626,2.842504168060259
cv_107,f0,B5,0.258437601723242,0.047597764916687844,0.1651459824865338,0.3517292209599502,5.647533057165931e-08,53444.33514426558,13626,13.459075258717348
cv_107,f0,B4,0.25051172213108575,0.04738141392683363,0.15764415083449185,0.34337929342767964,1.24249952439143e-07,53447.16762741516,13626,16.29155840830208
cv_107,f0,SON_F,0.04255239199341493,0.04211570590295888,-0.03999439157638447,0.12509917556321432,0.31231866691513377,53490.056575008915,13626,59.18050600205606
cv_107,f0,SON_A,0.08511464054795347,0.04091557182535142,0.004920119770264686,0.16530916132564225,0.03750255842156663,53484.828513174165,13626,53.95244416730566
cv_107,f0,SON_B,0.08454416836753713,0.04270459568628609,0.0008431608224163945,0.16824517591265786,0.047732298359630464,53485.12981889013,13626,54.25374988326803
cv_108,duration,A6,0.14849437654925574,0.010315869162610361,0.12827527299053942,0.16871348010797205,5.582490422090451e-47,11413.347397372483,23352,41.44375213509193
cv_108,duration,A5,0.15020019212266683,0.010348045989400869,0.12991802198344113,0.17048236226189253,9.759058534700983e-48,11388.742648447405,23352,16.839003210014198
cv_108,duration,A4,0.14959227328903915,0.01029351638304856,0.12941698117826397,0.16976756539981433,7.523037762779233e-48,11390.121101157158,23352,18.217455919766508
cv_108,duration,B6,0.15777771052672318,0.010757735633436419,0.1366925486851878,0.17886287236825857,1.057458045865594e-48,11371.903645237391,23352,0.0
cv_108,duration,B5,0.1578441354681278,0.010212876218584521,0.13782689807970216,0.17786137285655346,6.937445980174143e-54,11377.906238651689,23352,6.002593414297735
cv_108,duration,B4,0.15612443792903763,0.010197482375422956,0.13613737247320865,0.1761115033848666,6.546685825107868e-53,11394.229746473728,23352,22.3261012363364
cv_108,duration,SON_F,0.1099237881976719,0.009416667785637135,0.09146711933782312,0.12838045705752069,1.7447607186799252e-31,11697.00030465622,23352,325.0966594188285
cv_108,duration,SON_A,0.1065418451143311,0.008968187086987375,0.08896419842383585,0.12411949180482634,1.5041099061422668e-32,11691.25231333344,23352,319.34866809604864
cv_108,duration,SON_B,0.1135127515355111,0.009111289636940698,0.09565462384710734,0.13137087922391488,1.2575622695243244e-35,11638.221470798308,23352,266.3178255609164
cv_108,intensity,A6,1.4379551661401961,0.11164974184526685,1.2191216721234732,1.656788660156919,5.897201658884314e-38,128848.62587201249,23352,123.49487140291603
cv_108,intensity,A5,1.4407127822185177,0.11100590798839138,1.2231412025612707,1.6582843618757648,1.6159245679294778e-38,128843.54547070744,23352,118.41447009786498
cv_108,intensity,A4,1.4262402176051534,0.11038135955272145,1.2098927528818193,1.6425876823284875,3.4255111696717473e-38,128850.63114065622,23352,125.50014004664263
cv_108,intensity,B6,1.4120985737892016,0.11973081060847642,1.177426184996588,1.6467709625818152,4.194246788300704e-32,128902.17974412887,23352,177.04874351929175
cv_108,intensity,B5,1.4927986472080743,0.11033920523856232,1.2765338049404922,1.7090634894756564,1.051946107300862e-41,128851.74285202351,23352,126.61185141393798
cv_108,intensity,B4,1.4980215331551219,0.11005961289915102,1.2823046918727858,1.713738374437458,3.4449150494411245e-42,128846.51251136084,23352,121.3815107512637
cv_108,intensity,SON_F,1.3196826479067194,0.0966960543924598,1.1301583812974982,1.5092069145159406,2.0823581916533736e-42,128840.38338169895,23352,115.25238108937629
cv_108,intensity,SON_A,1.404848711971035,0.09040028174003645,1.2276641597605635,1.5820332641815062,1.8507606713581664e-54,128725.13100060957,23352,0.0
cv_108,intensity,SON_B,1.3817071941465262,0.09328673555279478,1.1988651924630485,1.564549195830004,1.2363732360832498e-49,128767.92293492911,23352,42.791934319538996
cv_108,f0,A6,-0.0045122751570227,0.03347968945800598,-0.07013246649471441,0.06110791618066902,0.8927885915108038,93527.49294746875,23352,13.775982925886638
cv_108,f0,A5,-0.0015394062670896838,0.03339519405318485,-0.06699398661133199,0.06391517407715261,0.9632332233607542,93527.51333441149,23352,13.796369868621696
cv_108,f0,A4,-0.0013387667491397692,0.0332056674133588,-0.06642187487932301,0.06374434138104347,0.9678400680875161,93527.51397984463,23352,13.797015301766805
cv_108,f0,B6,0.013776960364160727,0.03486755724181168,-0.05456345182979017,0.08211737255811163,0.6927524002811205,93527.31599048468,23352,13.599025941817672
cv_108,f0,B5,0.008987181364070385,0.03442648907804398,-0.05848873722889582,0.07646309995703658,0.7940506700661156,93527.43155876883,23352,13.71459422596672
cv_108,f0,B4,0.006931568517583003,0.03433425221815782,-0.06036356583000632,0.07422670286517233,0.8400066742418173,93527.46562613484,23352,13.748661591976997
cv_108,f0,SON_F,-0.100421826479519,0.030269261511462798,-0.15974957904198608,-0.041094073917051915,0.000907887761813538,93513.71696454287,23352,0.0
cv_108,f0,SON_A,-0.09654852805244474,0.029319468084975448,-0.1540146854989966,-0.03908237060589286,0.000991302508201288,93513.79634248861,23352,0.07937794574536383
cv_108,f0,SON_B,-0.07679271617939953,0.03024521461497432,-0.1360733368247492,-0.017512095534049865,0.011116860170639717,93519.14179175418,23352,5.424827211318188
cv_109,duration,A6,0.1920789246698979,0.0102654151070929,0.17195871105999583,0.21219913827979997,4.0073267824184857e-78,11241.452918975097,24234,4.595730064342206
cv_109,duration,A5,0.19168298034703835,0.010218152603496247,0.1716554012441857,0.21171055944989098,1.6324841372824534e-78,11240.771941049563,24234,3.914752138807671
cv_109,duration,A4,0.19053375808221384,0.01017025489972895,0.1706000584787451,0.2104674576856826,2.5948658926706815e-78,11248.513945570514,24234,11.656756659758685
cv_109,duration,B6,0.20042534101975773,0.010802652354433371,0.17925214240506832,0.22159853963444714,7.663068881697937e-77,11236.857188910755,24234,0.0
cv_109,duration,B5,0.19652240726892733,0.010321498516325611,0.17629227017692914,0.21675254436092553,7.93695748467947e-81,11303.335367493542,24234,66.47817858278722
cv_109,duration,B4,0.19455689849816069,0.01029691396669579,0.17437494712343693,0.21473884987288444,1.2614920381721249e-79,11324.582662471046,24234,87.725473560291
cv_109,duration,SON_F,0.11298627812066009,0.009400590702784489,0.09456112034320249,0.13141143589811768,2.8215778249552294e-33,12009.230810036053,24234,772.3736211252981
cv_109,duration,SON_A,0.11897473762647734,0.008679870833045798,0.10196219079370758,0.1359872844592471,9.222838843521977e-43,11887.989904728922,24234,651.1327158181666
cv_109,duration,SON_B,0.12144126060417076,0.008878355201035686,0.10403968441014082,0.1388428367982007,1.3675858829440275e-42,11885.403912403279,24234,648.5467234925236
cv_109,intensity,A6,2.7096918708560365,0.13300304050324752,2.4490059114696714,2.9703778302424015,2.89404179732266e-92,130017.95012567705,24234,192.1607233689865
cv_109,intensity,A5,2.7021196728089363,0.1325932878522838,2.44223682861846,2.9620025169994126,2.568070749953475e-92,130019.96100418144,24234,194.17160187338595
cv_109,intensity,A4,2.6805060800035414,0.13204204920065893,2.42170366357025,2.939308496436833,1.275490928930975e-91,130039.61376650195,24234,213.82436419388978
cv_109,intensity,B6,2.703641161815343,0.14261450532018444,2.4241167313877816,2.9831655922429046,3.815584724096348e-80,130187.10072359508,24234,361.311321287023
cv_109,intensity,B5,2.774939953337627,0.1387740750844209,2.5029427661721617,3.046937140503092,5.9554045005825445e-89,130105.87118199107,24234,280.0817796830088
cv_109,intensity,B4,2.754114820937865,0.13853910280091072,2.48257817944808,3.0256514624276503,6.100606925616742e-88,130127.61286861077,24234,301.8234663027106
cv_109,intensity,SON_F,2.3222759396844577,0.11297324751251892,2.1008483745599205,2.543703504808995,6.804086419466217e-94,130161.878503215,24234,336.08910090694553
cv_109,intensity,SON_A,2.4151932187437386,0.10575968484255614,2.2079042364523285,2.6224822010351487,1.985211643818967e-115,129825.78940230806,24234,0.0
cv_109,intensity,SON_B,2.3794785786009496,0.1092642092534415,2.1653207284642044,2.5936364287376947,3.8093436709576784e-105,129972.50263715397,24234,146.71323484591267
cv_109,f0,A6,0.4101359586169436,0.04967243694372825,0.3127779822072362,0.507493935026651,1.496151732071437e-16,95928.70250968148,24234,0.0
cv_109,f0,A5,0.4033376132157013,0.04947453090260129,0.30636753264660277,0.5003076937847998,3.5668560843026943e-16,95934.15881122448,24234,5.456301543003065
cv_109,f0,A4,0.39874866104019724,0.0491600599924583,0.30239494345497897,0.4951023786254155,5.010899916649746e-16,95937.20369403035,24234,8.50118434887554
cv_109,f0,B6,0.39803368971461955,0.05316088090418828,0.2938383631424105,0.5022290162868286,7.028245962353001e-14,95954.06925040326,24234,25.36674072178721
cv_109,f0,B5,0.37993068368078,0.052445534429674825,0.2771374361986173,0.48272393116294265,4.3470897608362375e-13,95970.32856335622,24234,41.62605367474316
cv_109,f0,B4,0.37506229504024774,0.05222132973513392,0.27270848875938525,0.47741610132111023,6.861518876946561e-13,95973.58112616572,24234,44.87861648424587
cv_109,f0,SON_F,0.12291943847838625,0.04003886817864196,0.044443256848248014,0.2013956201085245,0.002140567451361032,96098.39972554521,24234,169.69721586373635
cv_109,f0,SON_A,0.14861112291474657,0.038200759315758635,0.07373763465585964,0.2234846111736335,0.00010013431249153726,96085.61977056199,24234,156.91726088050928
cv_109,f0,SON_B,0.1266330525305928,0.03876008154782449,0.05066329269685679,0.20260281236432878,0.0010865539048043097,96095.98395141347,24234,167.28144173198962
cv_72,duration,A6,0.09274159487547333,0.05517848846720016,-0.01540824252023898,0.20089143227118564,0.09281025030519242,156.81340095407484,217,1.0660056355789607
cv_72,duration,A5,0.09274159487547333,0.05517848846720016,-0.01540824252023898,0.20089143227118564,0.09281025030519242,156.81340095407484,217,1.0660056355789607
cv_72,duration,A4,0.09274159487547333,0.05517848846720016,-0.01540824252023898,0.20089143227118564,0.09281025030519242,156.81340095407484,217,1.0660056355789607
cv_72,duration,B6,0.10908209306200596,0.05763052090982402,-0.003873727921249112,0.22203791404526102,0.0583866805883936,155.74739531849588,217,0.0
cv_72,duration,B5,0.10908209306200596,0.05763052090982402,-0.003873727921249112,0.22203791404526102,0.0583866805883936,155.74739531849588,217,0.0
cv_72,duration,B4,0.10908209306200596,0.05763052090982402,-0.003873727921249112,0.22203791404526102,0.0583866805883936,155.74739531849588,217,0.0
cv_72,duration,SON_F,0.08352378152897659,0.05341859050547715,-0.021176655861758625,0.1882242189197118,0.11791825052157336,157.2545077594138,217,1.507112440917922
cv_72,duration,SON_A,0.07795328689970332,0.05124635333605348,-0.022489565638961498,0.17839613943836813,0.12822270610291983,157.5362361614869,217,1.7888408429910214
cv_72,duration,SON_B,0.08943933725149669,0.051891640921933366,-0.012268278955492706,0.1911469534584861,0.08478389079021022,156.7623149012254,217,1.014919582729533
cv_72,intensity,A6,1.71020474712014,0.49327852465515304,0.74337883879604,2.67703065544424,0.0005262697306827636,1185.3039917829428,217,2.75071869926569
cv_72,intensity,A5,1.71020474712014,0.49327852465515304,0.74337883879604,2.67703065544424,0.0005262697306827636,1185.3039917829428,217,2.75071869926569
cv_72,intensity,A4,1.71020474712014,0.49327852465515304,0.74337883879604,2.67703065544424,0.0005262697306827636,1185.3039917829428,217,2.75071869926569
cv_72,intensity,B6,1.4707583969063076,0.5275542720265632,0.4367520237342437,2.5047647700783715,0.005305406991082553,1188.350278200952,217,5.797005117274921
cv_72,intensity,B5,1.4707583969063076,0.5275542720265632,0.4367520237342437,2.5047647700783715,0.005305406991082553,1188.350278200952,217,5.797005117274921
cv_72,intensity,B4,1.4707583969063076,0.5275542720265632,0.4367520237342437,2.5047647700783715,0.005305406991082553,1188.350278200952,217,5.797005117274921
cv_72,intensity,SON_F,1.7553225164480661,0.47174136534070205,0.8307094403802902,2.679935592515842,0.00019848059585195072,1183.9499263773005,217,1.3966532936233307
cv_72,intensity,SON_A,1.8213685542684213,0.47815948982091655,0.8841759542194249,2.7585611543174178,0.00013946028498136427,1182.5532730836771,217,0.0
cv_72,intensity,SON_B,1.573392246807807,0.492194108608655,0.6086917939348433,2.538092699680771,0.0013901398287513686,1186.083856525915,217,3.530583442237912
cv_72,f0,A6,0.28566934571488906,0.2524823714650335,-0.2091961023565766,0.7805347937863547,0.2578687917895849,814.1922829815701,217,0.0
cv_72,f0,A5,0.28566934571488906,0.2524823714650335,-0.2091961023565766,0.7805347937863547,0.2578687917895849,814.1922829815701,217,0.0
cv_72,f0,A4,0.28566934571488906,0.2524823714650335,-0.2091961023565766,0.7805347937863547,0.2578687917895849,814.1922829815701,217,0.0
cv_72,f0,B6,0.23916726199198624,0.2521514214173587,-0.2550495239860368,0.7333840479700093,0.34287166576285966,814.7226779996566,217,0.5303950180865513
cv_72,f0,B5,0.23916726199198624,0.2521514214173587,-0.2550495239860368,0.7333840479700093,0.34287166576285966,814.7226779996566,217,0.5303950180865513
cv_72,f0,B4,0.23916726199198624,0.2521514214173587,-0.2550495239860368,0.7333840479700093,0.34287166576285966,814.7226779996566,217,0.5303950180865513
cv_72,f0,SON_F,0.12923525088840163,0.22864327206261822,-0.3189055623543301,0.5773760641311333,0.5719196711535068,815.4192795343617,217,1.226996552791661
cv_72,f0,SON_A,0.1334894004015736,0.22812428968293155,-0.31363420737697223,0.5806130081801194,0.5584395749406242,815.3815346754498,217,1.189251693879669
cv_72,f0,SON_B,0.08232400785122151,0.22417590473916982,-0.35706076543755133,0.5217087811399943,0.7134478282675147,815.622002449835,217,1.4297194682649206
cv_76,duration,A6,0.1563970870962783,0.052350318697193914,0.05379046244977824,0.25900371174277836,0.002812603308059563,154.05928749434315,287,7.469562185064092
cv_76,duration,A5,0.16035368744964051,0.05178506332086572,0.05885496334074371,0.26185241155853733,0.001958040614698408,153.5030320219198,287,6.913306712640747
cv_76,duration,A4,0.16035368744964051,0.05178506332086572,0.05885496334074371,0.26185241155853733,0.001958040614698408,153.5030320219198,287,6.913306712640747
cv_76,duration,B6,0.16847358581180252,0.05369019160884104,0.06324081025847408,0.27370636136513093,0.0017017228848465356,152.76502525634487,287,6.17529994706581
cv_76,duration,B5,0.18095368478766133,0.053190088453713015,0.07670111141838382,0.28520625815693884,0.0006689001831106038,151.01769631528236,287,4.427971006003304
cv_76,duration,B4,0.18095368478766133,0.053190088453713015,0.07670111141838382,0.28520625815693884,0.0006689001831106038,151.01769631528236,287,4.427971006003304
cv_76,duration,SON_F,0.18979581939853032,0.04592881683696776,0.09977533839807351,0.27981630039898714,3.5900936799719996e-05,146.58972530927906,287,0.0
cv_76,duration,SON_A,0.1551809386730462,0.044714049226858815,0.06754140218840292,0.24282047515768945,0.0005194544018102162,151.62824186474018,287,5.038516555461115
cv_76,duration,SON_B,0.17888793107164316,0.04601686099491,0.08869488352161957,0.26908097862166674,0.0001013057038966666,147.6230778310378,287,1.0333525217587294
cv_76,intensity,A6,0.025750669111544177,0.2695593978576388,-0.5025857506894279,0.5540870889125163,0.9238948649563873,1260.0223184884787,287,2.2411564377732702
cv_76,intensity,A5,0.012852664329951673,0.2690533546049688,-0.5144919106957871,0.5401972393556905,0.9618995884946215,1260.027481472142,287,2.2463194214365103
cv_76,intensity,A4,0.012852664329951673,0.2690533546049688,-0.5144919106957871,0.5401972393556905,0.9618995884946215,1260.027481472142,287,2.2463194214365103
cv_76,intensity,B6,-0.03616743256910274,0.2844223716183562,-0.5936352809410809,0.5213004158028754,0.8988129739818744,1260.0162503319498,287,2.235088281244316
cv_76,intensity,B5,-0.09469715265886558,0.2863075591986542,-0.6558599686882278,0.46646566337049666,0.7408308842216723,1259.9422430655793,287,2.1610810148738437
cv_76,intensity,B4,-0.09469715265886558,0.2863075591986542,-0.6558599686882278,0.46646566337049666,0.7408308842216723,1259.9422430655793,287,2.1610810148738437
cv_76,intensity,SON_F,0.3352244455602679,0.312573838125392,-0.2774202771655004,0.9478691682860363,0.283511306370932,1258.7485489939872,287,0.967386943281781
cv_76,intensity,SON_A,0.42075899760489516,0.2678936656709298,-0.10431258711012731,0.9458305823199176,0.11627107303044487,1257.7811620507055,287,0.0
cv_76,intensity,SON_B,0.32970805849600443,0.284662048316698,-0.22822955620472368,0.8876456731967326,0.24676455018429544,1258.707384788923,287,0.9262227382175752
cv_76,f0,A6,0.22454759014325523,0.24135254684273538,-0.24850340166850612,0.6975985819550166,0.35217864271429977,1053.4151167322634,287,0.8559454895739691
cv_76,f0,A5,0.27138619588573115,0.24406343507776962,-0.2069781368666973,0.7497505286381596,0.266159896898431,1052.9276563248882,287,0.3684850821987311
cv_76,f0,A4,0.27138619588573115,0.24406343507776962,-0.2069781368666973,0.7497505286381596,0.266159896898431,1052.9276563248882,287,0.3684850821987311
cv_76,f0,B6,0.27891299732313457,0.25810149328505927,-0.2269659295155816,0.7847919241618507,0.2798603862831429,1052.9070463707385,287,0.3478751280490542
cv_76,f0,B5,0.285303188637523,0.263311148828179,-0.23078666306570783,0.8013930403407539,0.278577185410679,1052.8661457869446,287,0.3069745442551266
cv_76,f0,B4,0.285303188637523,0.263311148828179,-0.23078666306570783,0.8013930403407539,0.278577185410679,1052.8661457869446,287,0.3069745442551266
cv_76,f0,SON_F,0.14772540419478444,0.22291974481228735,-0.2891972956372988,0.5846481040268676,0.5075327981789848,1053.9772624808863,287,1.4180912381968938
cv_76,f0,SON_A,0.2723387999076347,0.2045558747568249,-0.12859071461574212,0.6732683144310115,0.18306850958732412,1052.5591712426894,287,0.0
cv_76,f0,SON_B,0.27079058621440216,0.21903931478802294,-0.15852647077012277,0.700107643198927,0.21636016514974588,1052.659188063889,287,0.10001682119946054
cv_77,duration,A6,0.0778868035773946,0.055807939105709886,-0.03149675706979678,0.18727036422458598,0.1628282675942485,138.45115451178413,282,2.197311602868467
cv_77,duration,A5,0.0778868035773946,0.055807939105709886,-0.03149675706979678,0.18727036422458598,0.1628282675942485,138.45115451178413,282,2.197311602868467
cv_77,duration,A4,0.0778868035773946,0.055807939105709886,-0.03149675706979678,0.18727036422458598,0.1628282675942485,138.45115451178413,282,2.197311602868467
cv_77,duration,B6,0.08457409558012588,0.05662799851191846,-0.026416781503234302,0.19556497266348605,0.1353055237422164,138.03354572604064,282,1.779702817124985
cv_77,duration,B5,0.10580309172743874,0.05603544911000529,-0.004026388528171637,0.2156325719830491,0.05900639447817622,136.25384290891566,282,0.0
cv_77,duration,B4,0.10580309172743874,0.05603544911000529,-0.004026388528171637,0.2156325719830491,0.05900639447817622,136.25384290891566,282,0.0
cv_77,duration,SON_F,0.06302970557104932,0.04762286929788325,-0.030311118252801847,0.15637052939490048,0.18566330804552889,138.9966204156791,282,2.7427775067634457
cv_77,duration,SON_A,0.061471648273471576,0.04634011310714859,-0.029354973416539663,0.1522982699634828,0.1846635046538897,139.0151814798803,282,2.7613385709646536
cv_77,duration,SON_B,0.07211651214423191,0.04761351320596278,-0.021205973739455125,0.16543899802791895,0.12986795776018376,138.22936565662883,282,1.9755227477131712
cv_77,intensity,A6,1.9906612664512933,0.5533967160891647,0.9060037029165304,3.075318829986056,0.0003217000275313291,1601.4060079918168,282,11.364616000232672
cv_77,intensity,A5,1.9906612664512933,0.5533967160891647,0.9060037029165304,3.075318829986056,0.0003217000275313291,1601.4060079918168,282,11.364616000232672
cv_77,intensity,A4,1.9906612664512933,0.5533967160891647,0.9060037029165304,3.075318829986056,0.0003217000275313291,1601.4060079918168,282,11.364616000232672
cv_77,intensity,B6,2.310407655405264,0.5635102059147572,1.2059276518123399,3.414887658998188,4.131000504731178e-05,1598.1593782701514,282,8.117986278567287
cv_77,intensity,B5,2.345890598759552,0.566567948743944,1.2354174192214218,3.456363778297682,3.465069259634051e-05,1597.9623501933822,282,7.9209582017981575
cv_77,intensity,B4,2.345890598759552,0.566567948743944,1.2354174192214218,3.456363778297682,3.465069259634051e-05,1597.9623501933822,282,7.9209582017981575
cv_77,intensity,SON_F,2.282921013709224,0.5433461253893183,1.2179626079461603,3.347879419472288,2.65039580371997e-05,1594.7899094248537,282,4.748517433269626
cv_77,intensity,SON_A,2.0674871960973924,0.5278983283549527,1.0328064725216852,3.1021679196730996,8.986259217955462e-05,1597.2947754819204,282,7.253383490336319
cv_77,intensity,SON_B,2.552191298684192,0.4896769486689218,1.5924244792931055,3.511958118075279,1.8682574784514228e-07,1590.041391991584,282,0.0
cv_77,f0,A6,0.3383022886406446,0.37767434763805524,-0.4019394327299437,1.078544010011233,0.3703856040066391,1318.2351570682383,282,0.9677763348111057
cv_77,f0,A5,0.3383022886406446,0.37767434763805524,-0.4019394327299437,1.078544010011233,0.3703856040066391,1318.2351570682383,282,0.9677763348111057
cv_77,f0,A4,0.3383022886406446,0.37767434763805524,-0.4019394327299437,1.078544010011233,0.3703856040066391,1318.2351570682383,282,0.9677763348111057
cv_77,f0,B6,0.4037612536233296,0.4187731921867926,-0.4170342030627838,1.224556710309443,0.3349694347077947,1317.9185513999573,282,0.6511706665301062
cv_77,f0,B5,0.5100129991183561,0.4346315161464076,-0.3418647725286028,1.361890770765315,0.24062033333046107,1317.2673807334272,282,0.0
cv_77,f0,B4,0.5100129991183561,0.4346315161464076,-0.3418647725286028,1.361890770765315,0.24062033333046107,1317.2673807334272,282,0.0
cv_77,f0,SON_F,0.0974629037116574,0.3328442076854597,-0.5549117433518436,0.7498375507751585,0.7696609738738044,1318.973665462971,282,1.7062847295437678
cv_77,f0,SON_A,0.21590289932729462,0.3203422993105923,-0.4119680073214664,0.8437738059760556,0.5003268146295587,1318.6262710594713,282,1.3588903260440475
cv_77,f0,SON_B,0.35662698326167647,0.3550099151684231,-0.3391924504684329,1.0524464169917858,0.31511117776922515,1317.908242247166,282,0.6408615137388551
cv_78,duration,A6,0.24695377493812581,0.040342573525983236,0.16788233082719867,0.32602521904905296,9.274596808559527e-10,160.29938695262956,297,8.737573828329232
cv_78,duration,A5,0.24090415877383184,0.0402833259990217,0.1619488398157493,0.31985947773191437,2.2280226065672197e-09,161.74911465407627,297,10.187301529775937
cv_78,duration,A4,0.24090415877383184,0.0402833259990217,0.1619488398157493,0.31985947773191437,2.2280226065672197e-09,161.74911465407627,297,10.187301529775937
cv_78,duration,B6,0.2801586048057994,0.03695214522827961,0.20773240015837136,0.35258480945322745,3.4116112521243494e-14,151.56181312430033,297,0.0
cv_78,duration,B5,0.27348571233956,0.037371717434526774,0.20023714616788751,0.34673427851123245,2.5171974785075507e-13,153.94279785435128,297,2.3809847300509546
cv_78,duration,B4,0.27348571233956,0.037371717434526774,0.20023714616788751,0.34673427851123245,2.5171974785075507e-13,153.94279785435128,297,2.3809847300509546
cv_78,duration,SON_F,0.2363868221483896,0.037558928547766796,0.1627713221947667,0.3100023221020125,3.098699898012435e-10,162.26771258311658,297,10.705899458816248
cv_78,duration,SON_A,0.21461640512984698,0.03921602918082818,0.13775298793542373,0.2914798223242702,4.433039616946332e-08,166.13621271797922,297,14.57439959367889
cv_78,duration,SON_B,0.24898671287964996,0.03720631698762197,0.1760623315839109,0.321911094175389,2.200583936387637e-11,157.471193243367,297,5.909380119066668
cv_78,intensity,A6,0.95500068784698,0.309580069294076,0.3482237520305911,1.561777623663369,0.002036711775327348,1409.4321375540314,297,0.6569982891535346
cv_78,intensity,A5,0.9885523830133972,0.30948210465140336,0.38196745789664666,1.5951373081301479,0.0014021164866651168,1408.775139264878,297,0.0
cv_78,intensity,A4,0.9885523830133972,0.30948210465140336,0.38196745789664666,1.5951373081301479,0.0014021164866651168,1408.775139264878,297,0.0
cv_78,intensity,B6,0.8896435176869792,0.31659839271798446,0.2691106679597297,1.5101763674142288,0.0049540510981022036,1410.7744123928792,297,1.9992731280012777
cv_78,intensity,B5,0.892711965678614,0.3125942550488934,0.28002722578278294,1.505396705574445,0.004292625679036925,1410.7603210367765,297,1.985181771898624
cv_78,intensity,B4,0.892711965678614,0.3125942550488934,0.28002722578278294,1.505396705574445,0.004292625679036925,1410.7603210367765,297,1.985181771898624
cv_78,intensity,SON_F,0.8027686018846223,0.30550455177163854,0.2039796804122107,1.4015575233570339,0.008596901339137503,1411.6180732832531,297,2.8429340183752174
cv_78,intensity,SON_A,0.792862322322105,0.2934990690476998,0.2176041469886134,1.3681204976555965,0.006904545549384934,1411.333514517889,297,2.558375253011036
cv_78,intensity,SON_B,0.766469001824482,0.2874813811881493,0.20300549469570928,1.3299325089532545,0.007672504028535671,1411.9923873505236,297,3.2172480856456787
cv_78,f0,A6,0.18157761479247747,0.35458626824789624,-0.5134114709733991,0.8765667005583541,0.6085928925571833,1475.9820575106035,297,0.32028562011532813
cv_78,f0,A5,0.2781313645684654,0.35828445630590566,-0.42410616979110966,0.9803688989280404,0.4375798785574615,1475.6617718904881,297,0.0
cv_78,f0,A4,0.2781313645684654,0.35828445630590566,-0.42410616979110966,0.9803688989280404,0.4375798785574615,1475.6617718904881,297,0.0
cv_78,f0,B6,0.05883973581412362,0.3592670524908474,-0.6453236870679373,0.7630031586961845,0.8699065763325486,1476.192522280492,297,0.5307503900039592
cv_78,f0,B5,0.1644172630298488,0.3686925419350054,-0.5582201191627617,0.8870546452224594,0.6556356678672548,1476.0325849697692,297,0.3708130792811062
cv_78,f0,B4,0.1644172630298488,0.3686925419350054,-0.5582201191627617,0.8870546452224594,0.6556356678672548,1476.0325849697692,297,0.3708130792811062
cv_78,f0,SON_F,-0.08318718186139637,0.34882726132664216,-0.766888614061615,0.6005142503388222,0.8115113676783158,1476.1654439490453,297,0.5036720585571857
cv_78,f0,SON_A,0.09833407170439147,0.33973174067914863,-0.5675401400267398,0.7642082834355227,0.7722399214420355,1476.1399985490339,297,0.4782266585457364
cv_78,f0,SON_B,-0.03411890824903884,0.34817193274542335,-0.7165358964300687,0.648298079931991,0.9219367204987683,1476.2073797432759,297,0.5456078527877253
cv_79,duration,A6,0.2039691641711851,0.051342610353712036,0.10333764787790951,0.3046006804644607,7.106034023479806e-05,152.726900014482,242,6.731891064559591
cv_79,duration,A5,0.20882148822366078,0.05028258026118576,0.11026763091173669,0.3073753455355849,3.282037316189007e-05,151.2699086093943,242,5.274899659471885
cv_79,duration,A4,0.20882148822366078,0.05028258026118576,0.11026763091173669,0.3073753455355849,3.282037316189007e-05,151.2699086093943,242,5.274899659471885
cv_79,duration,B6,0.21777684803850142,0.052111986230832665,0.1156373550260694,0.3199163410509335,2.927725024840755e-05,151.3194823476798,242,5.3244733977574015
cv_79,duration,B5,0.247931082344459,0.05063635748956722,0.14868382166490723,0.34717834302401074,9.765514491596893e-07,146.28363059285607,242,0.28862164293366277
cv_79,duration,B4,0.251786135365446,0.05151142796082107,0.1508237365622367,0.35274853416865526,1.018828501151652e-06,145.9950089499224,242,0.0
cv_79,duration,SON_F,0.13258274757067226,0.053899212789268444,0.02694029050370611,0.2382252046376384,0.013900394042419014,160.55322452772214,242,14.558215577799729
cv_79,duration,SON_A,0.13630535799187588,0.051638570628627874,0.03509375955976525,0.2375169564239865,0.00830030444820614,159.68855129821964,242,13.693542348297228
cv_79,duration,SON_B,0.14801698448800193,0.05316900259677724,0.043805739398318555,0.2522282295776853,0.005371021921816979,158.43552049827497,242,12.44051154835256
cv_79,intensity,A6,0.3010201166129084,0.3913105261468539,-0.46594851463492526,1.067988747860742,0.4417380963159151,1137.9044362661257,242,3.188800993242239
cv_79,intensity,A5,0.4357299418178123,0.38539105866901696,-0.31963653317346086,1.1910964168090854,0.2582160458936419,1137.2015818451935,242,2.485946572310013
cv_79,intensity,A4,0.4357299418178123,0.38539105866901696,-0.31963653317346086,1.1910964168090854,0.2582160458936419,1137.2015818451935,242,2.485946572310013
cv_79,intensity,B6,0.4016018858481415,0.4162788715499035,-0.4143047023896693,1.2175084740859523,0.3346738426392084,1137.4889256914857,242,2.7732904186023006
cv_79,intensity,B5,0.5326435160979255,0.393453758365536,-0.23852585029852502,1.303812882494376,0.17581169670125718,1136.735657382199,242,2.020022109315505
cv_79,intensity,B4,0.5176245300166474,0.4028585655351781,-0.2719782584323017,1.3072273184655967,0.19883455373556602,1136.8643928170138,242,2.148757544130376
cv_79,intensity,SON_F,0.6610830287536203,0.34393260542182735,-0.0130248778731612,1.335190935380402,0.05458945695975498,1135.0700784194214,242,0.3544431465379603
cv_79,intensity,SON_A,0.6504962708148078,0.3275590684600258,0.008480496633157197,1.2925120449964584,0.047045541939715774,1135.0093792169705,242,0.29374394408705484
cv_79,intensity,SON_B,0.6874874600146335,0.3442642965854721,0.012729438707108187,1.3622454813221587,0.04582781479422417,1134.7156352728834,242,0.0
cv_79,f0,A6,0.20349557553888228,0.20098936103751805,-0.1904435720946531,0.5974347231724176,0.31131367574987445,834.7898738589116,242,0.0
cv_79,f0,A5,0.1376533425768353,0.1992939997364079,-0.2529628969065242,0.5282695820601948,0.4897510081013621,835.2873423007469,242,0.49746844183528083
cv_79,f0,A4,0.1376533425768353,0.1992939997364079,-0.2529628969065242,0.5282695820601948,0.4897510081013621,835.2873423007469,242,0.49746844183528083
cv_79,f0,B6,0.20807537482169597,0.20269584879140437,-0.18920848880945657,0.6053592384528486,0.30463716987007994,834.7921663378496,242,0.0022924789379885624
cv_79,f0,B5,0.06343877941231504,0.17819936618342685,-0.28583197830720164,0.41270953713183167,0.7218413844651216,835.6516506560599,242,0.861776797148309
cv_79,f0,B4,0.047725607784068785,0.1769697740861923,-0.2991351494248681,0.3945863649930057,0.7874047131793909,835.6903374299494,242,0.9004635710377897
cv_79,f0,SON_F,-0.046062548992185474,0.16551640337750062,-0.3704746996120867,0.2783496016277157,0.7807851649853845,835.6809584642853,242,0.891084605373635
cv_79,f0,SON_A,-0.06096178026483321,0.16837809003296672,-0.390982836729448,0.26905927619978154,0.7173124797828603,835.6323905449165,242,0.8425166860048421
cv_79,f0,SON_B,0.006719724765866356,0.16430379054722374,-0.3153157047066922,0.3287551542384249,0.9673770743752237,835.7374559057853,242,0.9475820468736629
cv_81,duration,A6,0.17406911747189988,0.07383040104049035,0.02936153143253878,0.318776703511261,0.01838909635345334,173.69521002954139,210,5.042767658936725
cv_81,duration,A5,0.17406911747189988,0.07383040104049035,0.02936153143253878,0.318776703511261,0.01838909635345334,173.69521002954139,210,5.042767658936725
cv_81,duration,A4,0.17406911747189988,0.07383040104049035,0.02936153143253878,0.318776703511261,0.01838909635345334,173.69521002954139,210,5.042767658936725
cv_81,duration,B6,0.20248174941042982,0.08059645945136756,0.044512688885749385,0.36045080993511025,0.01199501757108198,171.882599853513,210,3.2301574829083393
cv_81,duration,B5,0.23997067880849823,0.07080019621758481,0.101202294222032,0.37873906339496444,0.0007004397027959375,168.65244237060466,210,0.0
cv_81,duration,B4,0.23997067880849823,0.07080019621758481,0.101202294222032,0.37873906339496444,0.0007004397027959375,168.65244237060466,210,0.0
cv_81,duration,SON_F,0.1715814994087891,0.06350016163245437,0.04712118260917855,0.29604181620839964,0.006891050094427747,171.79767238486306,210,3.145230014258402
cv_81,duration,SON_A,0.16521375921534884,0.06059132985152918,0.046454752706351646,0.28397276572434604,0.0063973154626361765,171.79270521047994,210,3.1402628398752768
cv_81,duration,SON_B,0.1529673933127497,0.05922596289080535,0.03688450604677121,0.26905028057872815,0.009800894451359498,173.4785070026283,210,4.826064632023645
cv_81,intensity,A6,-0.3865289454498176,0.5352320886619697,-1.4355838392272782,0.6625259483276431,0.47018951971888046,1114.1648933435656,210,0.0
cv_81,intensity,A5,-0.3865289454498176,0.5352320886619697,-1.4355838392272782,0.6625259483276431,0.47018951971888046,1114.1648933435656,210,0.0
cv_81,intensity,A4,-0.3865289454498176,0.5352320886619697,-1.4355838392272782,0.6625259483276431,0.47018951971888046,1114.1648933435656,210,0.0
cv_81,intensity,B6,-0.3263492278573707,0.5931397507438055,-1.4889031393152297,0.8362046836004882,0.5821778827186712,1114.2907000165044,210,0.12580667293877923
cv_81,intensity,B5,-0.05165406396664664,0.5798812282358069,-1.1882212713088283,1.0849131433755348,0.929020738263456,1114.5368233995791,210,0.37193005601352525
cv_81,intensity,B4,-0.05165406396664664,0.5798812282358069,-1.1882212713088283,1.0849131433755348,0.929020738263456,1114.5368233995791,210,0.37193005601352525
cv_81,intensity,SON_F,0.11916909905268679,0.5809965949637789,-1.0195842270763198,1.2579224251816934,0.8374849902798923,1114.4957036818346,210,0.3308103382689751
cv_81,intensity,SON_A,0.14739582313992494,0.5454194063817732,-0.9216262133683505,1.2164178596482005,0.7869732480985524,1114.4649167353264,210,0.3000233917607602
cv_81,intensity,SON_B,0.1399131826830523,0.5660015649982029,-0.9694498847134253,1.24927625007953,0.8047567324653413,1114.4768325572995,210,0.31193921373392186
cv_81,f0,A6,1.1143189816457462,0.34620487572530834,0.43575742522414185,1.7928805380673505,0.0012878694983444613,766.928933848511,210,3.2969421004033848
cv_81,f0,A5,1.1143189816457462,0.34620487572530834,0.43575742522414185,1.7928805380673505,0.0012878694983444613,766.928933848511,210,3.2969421004033848
cv_81,f0,A4,1.1143189816457462,0.34620487572530834,0.43575742522414185,1.7928805380673505,0.0012878694983444613,766.928933848511,210,3.2969421004033848
cv_81,f0,B6,1.1954206432237724,0.3631697953160671,0.48360784440428095,1.907233442043264,0.0009960851876750633,765.6501253478027,210,2.0181335996951475
cv_81,f0,B5,1.2763515777033787,0.3652348736623448,0.5604912253251829,1.9922119300815746,0.0004747640062780452,763.6319917481076,210,0.0
cv_81,f0,B4,1.2763515777033787,0.3652348736623448,0.5604912253251829,1.9922119300815746,0.0004747640062780452,763.6319917481076,210,0.0
cv_81,f0,SON_F,0.748739933102254,0.30315141981285215,0.15456315026906375,1.342916715935444,0.013516797405857938,773.4896741953326,210,9.857682447224988
cv_81,f0,SON_A,0.7756362364440055,0.2796085557165497,0.22760346723956815,1.3236690056484428,0.00553703981252768,771.9870664472053,210,8.355074699097713
cv_81,f0,SON_B,0.8584386633634288,0.29956783445755214,0.27128570782662664,1.445591618900231,0.004162326198559175,770.3016563898404,210,6.669664641732879
cv_82,duration,A6,0.2680226906711557,0.03984446599347434,0.189927537323946,0.34611784401836543,1.735264808221885e-11,246.7908944084761,407,0.0
cv_82,duration,A5,0.2656832928659117,0.03984442443939703,0.18758822096469352,0.34377836476712986,2.5928305182843378e-11,247.1836884132872,407,0.39279400481109406
cv_82,duration,A4,0.2656832928659117,0.03984442443939703,0.18758822096469352,0.34377836476712986,2.5928305182843378e-11,247.1836884132872,407,0.39279400481109406
cv_82,duration,B6,0.2726044297599445,0.040244204918340604,0.1937257881199969,0.35148307139989204,1.2548112046051877e-11,247.1783038950549,407,0.3874094865788038
cv_82,duration,B5,0.2643774374624081,0.040305236139058453,0.18537917462985354,0.34337570029496267,5.4031255680029396e-11,251.45258830169576,407,4.661693893219649
cv_82,duration,B4,0.2643774374624081,0.040305236139058453,0.18537917462985354,0.34337570029496267,5.4031255680029396e-11,251.45258830169576,407,4.661693893219649
cv_82,duration,SON_F,0.16803871665891817,0.04180744589326351,0.0860961227081217,0.24998131060971465,5.83591652429275e-05,273.57011694237735,407,26.779222533901248
cv_82,duration,SON_A,0.17960436377236774,0.04096302842895183,0.09931682805162216,0.2598918994931133,1.16226861691542e-05,269.6721827237342,407,22.881288315258075
cv_82,duration,SON_B,0.19200308312499428,0.040331496423160654,0.1129533501355994,0.27105281611438914,1.9299547151705364e-06,266.6875433116295,407,19.89664890315339
cv_82,intensity,A6,0.8815098830502169,0.29056231404999,0.3120077475122366,1.4510120185881972,0.0024148914002269945,1928.4391377501547,407,0.6155343429741151
cv_82,intensity,A5,0.8579632183222186,0.28226267208853806,0.30472838102868394,1.411198055615753,0.0023689923053137,1928.8259054472737,407,1.0023020400931273
cv_82,intensity,A4,0.8579632183222186,0.28226267208853806,0.30472838102868394,1.411198055615753,0.0023689923053137,1928.8259054472737,407,1.0023020400931273
cv_82,intensity,B6,0.9304453761503205,0.29436688450004794,0.3534862825302265,1.5074044697704145,0.0015731717407021684,1927.8236034071806,407,0.0
cv_82,intensity,B5,0.8885253929405593,0.2886346082906106,0.32280156069096255,1.4542492251901562,0.0020813323550004635,1928.894312895061,407,1.0707094878803218
cv_82,intensity,B4,0.8885253929405593,0.2886346082906106,0.32280156069096255,1.4542492251901562,0.0020813323550004635,1928.894312895061,407,1.0707094878803218
cv_82,intensity,SON_F,0.5329164796090088,0.2645288439812842,0.014439945405691823,1.0513930138123257,0.04394789735935569,1933.5038767110757,407,5.680273303895092
cv_82,intensity,SON_A,0.34517460755437457,0.25334497156836755,-0.15138153671962584,0.841730751828375,0.173049998790484,1935.652892690187,407,7.8292892830063465
cv_82,intensity,SON_B,0.46287793675368144,0.25149161586061425,-0.030045630333122464,0.9558015038404853,0.06569042144727626,1934.430538160017,407,6.606934752836423
cv_82,f0,A6,-0.6091487439981074,0.23758526652074316,-1.074815866378764,-0.14348162161745076,0.01034984918252819,1808.1409703784616,407,2.800738980476126
cv_82,f0,A5,-0.6252358204478703,0.23764823167042062,-1.0910263545218948,-0.15944528637384586,0.008515161674158042,1807.7741715324632,407,2.43394013447778
cv_82,f0,A4,-0.6252358204478703,0.23764823167042062,-1.0910263545218948,-0.15944528637384586,0.008515161674158042,1807.7741715324632,407,2.43394013447778
cv_82,f0,B6,-0.4967987124467668,0.24522508105134252,-0.9774398713073982,-0.016157553586135465,0.04277619491025616,1810.2100770621919,407,4.869845664206423
cv_82,f0,B5,-0.5093117108786986,0.24619037505778427,-0.9918448459919558,-0.026778575765441515,0.03856750376909306,1810.1252841940295,407,4.785052796044056
cv_82,f0,B4,-0.5093117108786986,0.24619037505778427,-0.9918448459919558,-0.026778575765441515,0.03856750376909306,1810.1252841940295,407,4.785052796044056
cv_82,f0,SON_F,-0.6645736462493116,0.2125982641735147,-1.0812662440294005,-0.24788104846922276,0.0017722572288125594,1805.8496325506799,407,0.5094011526944087
cv_82,f0,SON_A,-0.6758346787258136,0.21707192647304765,-1.101295654612987,-0.2503737028386402,0.0018493667616836075,1805.3402313979855,407,0.0
cv_82,f0,SON_B,-0.6166806559456884,0.2208605048678352,-1.0495672454866454,-0.18379406640473145,0.005235541636710123,1806.9617571626886,407,1.621525764703165
cv_83,duration,A6,0.13957491694970028,0.04324458922800229,0.0548155220628158,0.22433431183658475,0.0012484671153899448,205.82890799978907,289,4.076628351536556
cv_83,duration,A5,0.15063376468631517,0.04319726401972023,0.06596712720766353,0.23530040216496684,0.00048826400400849425,204.06988580958125,289,2.31760616132874
cv_83,duration,A4,0.16373018650403268,0.043506338138831424,0.07845776375192309,0.24900260925614226,0.0001676429169981244,201.7522796482525,289,0.0
cv_83,duration,B6,0.13971657899328727,0.04361981814829091,0.054221735422637085,0.22521142256393745,0.0013597906582151946,206.07833142305788,289,4.326051774805364
cv_83,duration,B5,0.15075874373529857,0.04353332077255464,0.06543343502109149,0.23608405244950564,0.0005340582592483329,204.34172792026004,289,2.5894482720075302
cv_83,duration,B4,0.16401492177244684,0.04392305326509158,0.07792573737286734,0.25010410617202633,0.00018835614074485483,202.0368117192138,289,0.28453207096129063
cv_83,duration,SON_F,0.07832325406684577,0.04674128348335488,-0.013289661560529784,0.16993616969422132,0.09380164342229297,211.89086407627406,289,10.138584428021545
cv_83,duration,SON_A,0.10570285434491887,0.045659406892525047,0.016210416835569785,0.19519529185426795,0.02061134113464578,209.05986585851235,289,7.307586210259842
cv_83,duration,SON_B,0.10405607200980799,0.04588502702012521,0.014121419050362585,0.1939907249692534,0.023344047111220633,209.3469293954562,289,7.594649747203675
cv_83,intensity,A6,-0.8306800298841868,0.405159295431201,-1.6247922489293407,-0.03656781083903282,0.040339515198525445,1528.4715717154431,289,0.18716432144128703
cv_83,intensity,A5,-0.7233227940014721,0.4047473719326485,-1.5166276429894632,0.06998205498651888,0.07392182033439658,1529.263069702034,289,0.9786623080321988
cv_83,intensity,A4,-0.8226203311112584,0.40063928908628826,-1.6078733377203833,-0.037367324502133425,0.04004647179700929,1528.415149666424,289,0.13074227242213965
cv_83,intensity,B6,-0.8601187307303945,0.4163595766829467,-1.6761835010289698,-0.04405396043181897,0.03884666089445986,1528.326566917137,289,0.04215952313506932
cv_83,intensity,B5,-0.7475525705217376,0.41540026053082996,-1.5617370811621645,0.06663194011868911,0.07192448233927463,1529.1545622867854,289,0.8701548927836029
cv_83,intensity,B4,-0.84804100220215,0.4109633702046822,-1.653529207803327,-0.042552796600972886,0.039060970627733047,1528.2844073940018,289,0.0
cv_83,intensity,SON_F,-0.3235474553259614,0.38632606304226175,-1.0807465388887945,0.43365162823687164,0.4023124822592572,1531.3276764023715,289,3.0432690083696343
cv_83,intensity,SON_A,-0.40648042868333767,0.3743612892744037,-1.1402285556611689,0.32726769829449354,0.2775687384662041,1530.9723098188422,289,2.687902424840331
cv_83,intensity,SON_B,-0.4176667555088119,0.3797284843503138,-1.161934584835427,0.3266010738178032,0.27137179820115165,1530.9356428188116,289,2.6512354248097836
cv_83,f0,A6,0.22666906200393716,0.281833775767521,-0.325725138500404,0.7790632625082783,0.4212439048834885,1278.353125265412,289,0.9432467601984627
cv_83,f0,A5,0.30258796145150846,0.2835381885311815,-0.2531468880696073,0.8583228109726242,0.2858878910967184,1277.8549704390211,289,0.44509193380758916
cv_83,f0,A4,0.35465981760585796,0.2795783738029572,-0.1933137950479381,0.902633430259654,0.20460074981367793,1277.4098785052136,289,0.0
cv_83,f0,B6,0.1895299779986524,0.2870179605897855,-0.3730252247573272,0.752085180754632,0.5090344640426161,1278.5494770059868,289,1.139598500773218
cv_83,f0,B5,0.267670092013928,0.28855347209098353,-0.29789471328439976,0.8332348973122558,0.35360090667857025,1278.1190680485724,289,0.7091895433588888
cv_83,f0,B4,0.3214077029306677,0.2841116222146459,-0.23545107661003822,0.8782664824713737,0.2579403592498636,1277.719311252627,289,0.30943274741343885
cv_83,f0,SON_F,0.01250051347998846,0.25976115677859385,-0.4966313538060555,0.5216323807660325,0.9616181322320083,1278.9630581830986,289,1.5531796778850548
cv_83,f0,SON_A,0.026773378985514785,0.2601861123493224,-0.48319140121915705,0.5367381591901866,0.9180416421351987,1278.9553692100683,289,1.5454907048547284
cv_83,f0,SON_B,-0.010427069828298382,0.26250303186302465,-0.5249330122798266,0.5040788726232299,0.9683149916702211,1278.963695438795,289,1.5538169335814018
cv_84,duration,A6,0.0620446198343079,0.04746725547723556,-0.030991200901073802,0.15508044056968961,0.191177533689175,112.20058155664208,209,0.20147590312956254
cv_84,duration,A5,0.0620446198343079,0.04746725547723556,-0.030991200901073802,0.15508044056968961,0.191177533689175,112.20058155664208,209,0.20147590312956254
cv_84,duration,A4,0.0620446198343079,0.04746725547723556,-0.030991200901073802,0.15508044056968961,0.191177533689175,112.20058155664208,209,0.20147590312956254
cv_84,duration,B6,0.05356247229712132,0.053208718194155326,-0.05072661536342312,0.15785155995766575,0.31410375546423697,112.64613571369216,209,0.6470300601796453
cv_84,duration,B5,0.05356247229712132,0.053208718194155326,-0.05072661536342312,0.15785155995766575,0.31410375546423697,112.64613571369216,209,0.6470300601796453
cv_84,duration,B4,0.047746578053928894,0.05387889491530684,-0.057856055980072506,0.1533492120879303,0.3755187496120972,112.86686909203496,209,0.8677634385224451
cv_84,duration,SON_F,0.061931499021731014,0.05277667310818971,-0.04151078027032081,0.16537377831378283,0.240609989621289,112.09079330514123,209,0.0916876516287175
cv_84,duration,SON_A,0.05997734348903308,0.047592522086891645,-0.03330399980127455,0.1532586867793407,0.20758777220558222,111.99910565351252,209,0.0
cv_84,duration,SON_B,0.05230883937740413,0.051643584192464266,-0.048912585639825826,0.15353026439463408,0.31111668863203223,112.45225390385338,209,0.4531482503408597
cv_84,intensity,A6,1.1286541099774094,0.5016091555913964,0.14550016501827256,2.1118080549365463,0.024444704906926507,1133.8623297296383,209,3.267236074012999
cv_84,intensity,A5,1.1286541099774094,0.5016091555913964,0.14550016501827256,2.1118080549365463,0.024444704906926507,1133.8623297296383,209,3.267236074012999
cv_84,intensity,A4,1.1286541099774094,0.5016091555913964,0.14550016501827256,2.1118080549365463,0.024444704906926507,1133.8623297296383,209,3.267236074012999
cv_84,intensity,B6,1.0171363562503337,0.5090172694365384,0.019462508154718505,2.014810204345949,0.04569113912053051,1134.7503172029649,209,4.155223547339574
cv_84,intensity,B5,1.0171363562503337,0.5090172694365384,0.019462508154718505,2.014810204345949,0.04569113912053051,1134.7503172029649,209,4.155223547339574
cv_84,intensity,B4,0.8675977748792808,0.5307795482784594,-0.17273013974649964,1.9079256895050611,0.10213864833135383,1135.5237225424703,209,4.92862888684499
cv_84,intensity,SON_F,1.1294186854552033,0.4753852373067128,0.19766362033404627,2.0611737505763603,0.017511107119911697,1133.5691168951294,209,2.9740232395040493
cv_84,intensity,SON_A,1.4099559317323878,0.4607957192312683,0.506796322039102,2.3131155414256734,0.0022146367580331825,1130.5950936556253,209,0.0
cv_84,intensity,SON_B,1.3208670042222574,0.4597434309604716,0.4197698795397331,2.221964128904782,0.004065265803999186,1131.7365632412157,209,1.1414695855903574
cv_84,f0,A6,0.3602215833388168,0.2814240198729083,-0.1913694956120835,0.9118126622897171,0.20054658818418147,707.4577092497124,209,0.0
cv_84,f0,A5,0.3602215833388168,0.2814240198729083,-0.1913694956120835,0.9118126622897171,0.20054658818418147,707.4577092497124,209,0.0
cv_84,f0,A4,0.3602215833388168,0.2814240198729083,-0.1913694956120835,0.9118126622897171,0.20054658818418147,707.4577092497124,209,0.0
cv_84,f0,B6,0.35975423553682084,0.303200743509618,-0.23451922174203044,0.9540276928156721,0.2354163710208158,707.6727994097342,209,0.2150901600218731
cv_84,f0,B5,0.35975423553682084,0.303200743509618,-0.23451922174203044,0.9540276928156721,0.2354163710208158,707.6727994097342,209,0.2150901600218731
cv_84,f0,B4,0.3099132949893343,0.3070865011860053,-0.2919762473352361,0.9118028373139047,0.3128762315235427,708.382766331036,209,0.9250570813236436
cv_84,f0,SON_F,0.19123642348691894,0.2750593985970618,-0.3478799977633221,0.73035284473716,0.48689550686686534,709.4035579739015,209,1.9458487241890907
cv_84,f0,SON_A,0.3221743810813618,0.2359322205640518,-0.14025277122417973,0.7846015333869034,0.17208406007556165,707.5256714580039,209,0.06796220829153299
cv_84,f0,SON_B,0.3152327400655869,0.24767215056113245,-0.1702046750342327,0.8006701551654065,0.20309528850440484,707.7699164768462,209,0.31220722713385385
cv_85,duration,A6,0.12709632902018408,0.04410283452555078,0.04065477335010456,0.2135378846902636,0.003953884195638404,307.05662580429134,411,2.9703772614304853
cv_85,duration,A5,0.12709632902018408,0.04410283452555078,0.04065477335010456,0.2135378846902636,0.003953884195638404,307.05662580429134,411,2.9703772614304853
cv_85,duration,A4,0.122717478623392,0.043734825148392505,0.036997221332542685,0.2084377359142413,0.005016938053906239,307.53297078376204,411,3.446722240901181
cv_85,duration,B6,0.14920106257573906,0.045738886815234275,0.05955284441787989,0.23884928073359823,0.0011062220028326803,304.08624854286086,411,0.0
cv_85,duration,B5,0.1387971980797372,0.04691345499380263,0.04684682629188404,0.23074756986759037,0.0030906025732303985,305.90176712994923,411,1.815518587088377
cv_85,duration,B4,0.1176487697801664,0.04479264368086684,0.0298551881656674,0.2054423513946654,0.008626294955798305,308.9245674490289,411,4.83831890616807
cv_85,duration,SON_F,0.1262214582898617,0.041137314851292066,0.04559232118132925,0.20685059539839415,0.0021528326545507135,305.8538468103743,411,1.7675982675134492
cv_85,duration,SON_A,0.10706063801704042,0.039890179340282696,0.028875886510086338,0.1852453895239945,0.007277222027984642,308.4912360985586,411,4.404987555697744
cv_85,duration,SON_B,0.12212420105813962,0.04169681312692673,0.04039844732936322,0.20384995478691603,0.003402057012879913,306.42618994604857,411,2.3399414031877086
cv_85,intensity,A6,0.8428011146744911,0.4808739724622236,-0.09971187135146709,1.7853141007004494,0.07966305077315357,2231.9660403271105,411,1.5707279525490776
cv_85,intensity,A5,0.8428011146744911,0.4808739724622236,-0.09971187135146709,1.7853141007004494,0.07966305077315357,2231.9660403271105,411,1.5707279525490776
cv_85,intensity,A4,0.9331892887513404,0.47152968598369577,0.008991104223296742,1.8573874732793842,0.04780835642080441,2230.986122510239,411,0.590810135677657
cv_85,intensity,B6,0.6829014711556693,0.512042545123604,-0.3207019172865946,1.6865048595979333,0.1823083873713629,2233.440186149325,411,3.0448737747638006
cv_85,intensity,B5,0.5788200003993605,0.5134253488736552,-0.42749368339300353,1.5851336841917245,0.2595863534588233,2234.1418009004524,411,3.7464885258909817
cv_85,intensity,B4,1.0286018719238565,0.33578289140710277,0.3704674047659351,1.686736339081778,0.002189145308070967,2230.3953123745614,411,0.0
cv_85,intensity,SON_F,0.5208654545041798,0.4284163201029549,-0.31883053289761176,1.3605614419059713,0.22406388260090127,2234.1702413496287,411,3.7749289750672688
cv_85,intensity,SON_A,0.7539408137303221,0.4073329409707479,-0.04443175057234383,1.5523133780329879,0.06418101828940473,2232.1246332541446,411,1.729320879583156
cv_85,intensity,SON_B,0.5806609838730855,0.4233421665810949,-0.24908966262586052,1.4104116303720315,0.17018441207384205,2233.7330818079413,411,3.33776943337989
cv_85,f0,A6,1.1083837121477216,0.17151688543146584,0.7722106167020486,1.4445568075933946,1.0316257677828962e-10,1388.842506404599,411,0.0
cv_85,f0,A5,1.1083837121477216,0.17151688543146584,0.7722106167020486,1.4445568075933946,1.0316257677828962e-10,1388.842506404599,411,0.0
cv_85,f0,A4,1.0840957119675119,0.17153213676295379,0.7478927239121225,1.4202987000229013,2.614389242298811e-10,1390.138696932913,411,1.2961905283141277
cv_85,f0,B6,1.0520819339712482,0.17846327859014433,0.7022939079345654,1.401869960007931,3.741616214136562e-09,1396.4246151289951,411,7.582108724396221
cv_85,f0,B5,1.0287456204461722,0.1782978796485516,0.6792817763350112,1.3782094645573333,7.935902791066148e-09,1398.791067488536,411,9.948561083937193
cv_85,f0,B4,0.9970131484790994,0.17946314676949396,0.6452653808108912,1.3487609161473075,2.767684408990037e-08,1401.2581310271075,411,12.41562462250863
cv_85,f0,SON_F,0.5922512161561293,0.17559170611657243,0.24809147216764732,0.9364109601446113,0.0007438411405149356,1422.917065820913,411,34.07455941631406
cv_85,f0,SON_A,0.7294629805574568,0.16608331328632092,0.4039396865162678,1.0549862745986458,1.1223473369540495e-05,1413.4143144087361,411,24.57180800413721
cv_85,f0,SON_B,0.7066686674016535,0.16794232792799807,0.37750170466277727,1.0358356301405296,2.5786255243902013e-05,1415.900903923004,411,27.058397518405172
cv_87,duration,A6,0.13568153499780677,0.04194535638214342,0.053468636488805676,0.21789443350680787,0.0012176154800892464,169.3370594059694,421,9.146083174531668
cv_87,duration,A5,0.14042478803933828,0.04161494458719391,0.05885949664843822,0.22199007943023835,0.000739811863250465,168.22578160175465,421,8.034805370316917
cv_87,duration,A4,0.13204005599593194,0.041711678224443285,0.050285166676023105,0.21379494531584076,0.00154794482557354,169.79426281537246,421,9.603286583934732
cv_87,duration,B6,0.16688969259473221,0.04226461697631326,0.08405104332115823,0.2497283418683062,7.858141424841007e-05,163.374436799338,421,3.1834605679002834
cv_87,duration,B5,0.17942111918423115,0.041760972169449906,0.09756961373210933,0.261272624636353,1.73607749879755e-05,160.19097623143773,421,0.0
cv_87,duration,B4,0.1653468283153391,0.04284897141903994,0.0813628443340208,0.24933081229665738,0.00011393189195213892,163.6531560329189,421,3.46217980148117
cv_87,duration,SON_F,0.1055827447606178,0.035894547839790555,0.035229430994628316,0.17593605852660726,0.003266582140827183,171.6342558156806,421,11.443279584242873
cv_87,duration,SON_A,0.08239971211139396,0.03549817929297158,0.012823280697169662,0.15197614352561828,0.020274018442315425,175.74882432919765,421,15.557848097759916
cv_87,duration,SON_B,0.10938229504945621,0.03566411545370194,0.039480628760200406,0.179283961338712,0.002162096704767699,170.69641225352063,421,10.505436022082904
cv_87,intensity,A6,0.3288373762573365,0.40763155855262784,-0.470120478505814,1.127795231020487,0.41983793328308816,2082.6917022740863,421,9.776651581131318
cv_87,intensity,A5,0.3520225328728752,0.40393276984579624,-0.4396856960248854,1.1437307617706358,0.3834877941933299,2082.5586502216765,421,9.643599528721552
cv_87,intensity,A4,0.44756287885228707,0.37748835147543197,-0.29231429003955955,1.1874400477441336,0.23576702114917047,2081.9403402669186,421,9.025289573963619
cv_87,intensity,B6,0.30389410435381536,0.4224632329266435,-0.524133832182406,1.1319220408900366,0.4719323271517252,2082.850532011237,421,9.9354813182822
cv_87,intensity,B5,0.31115654509197926,0.4193885718807072,-0.5108450557942068,1.1331581459781654,0.4581303522610123,2082.814305754542,421,9.899255061587155
cv_87,intensity,B4,0.39873952960624875,0.39727155146792936,-0.3799127112708928,1.1773917704833903,0.31552557531042014,2082.351178889552,421,9.43612819659711
cv_87,intensity,SON_F,0.9079993009156461,0.33740515032393464,0.2466852062807342,1.5693133955505578,0.00712115921958909,2074.6465333645815,421,1.7314826716265088
cv_87,intensity,SON_A,0.9753675697200606,0.32843268223562166,0.3316395125382421,1.619095626901879,0.002980285690452653,2072.915050692955,421,0.0
cv_87,intensity,SON_B,0.9162928490346488,0.33348934428758426,0.2626537342309837,1.569931963838314,0.00600345566678086,2074.390392842097,421,1.4753421491418521
cv_87,f0,A6,0.33086521454896684,0.16939018912208664,-0.0011395561303229607,0.6628699852282567,0.050787302817971516,1336.0807873418858,421,2.7814936190291064
cv_87,f0,A5,0.3324400259606429,0.1673584094138498,0.0044175435094973015,0.6604625084117886,0.046989402967429206,1335.9808770380719,421,2.681583315215221
cv_87,f0,A4,0.32910116538269996,0.1652944219176213,0.005124098424162171,0.6530782323412377,0.0464809063072388,1336.0337792693726,421,2.734485546515998
cv_87,f0,B6,0.40044373810154715,0.17167411357854118,0.06396247548760647,0.7369250007154878,0.0196701585594164,1334.1031075942399,421,0.8038138713832268
cv_87,f0,B5,0.4217596206922931,0.16990649852752243,0.08874288357834914,0.7547763578062371,0.013053577233819795,1333.2992937228566,421,0.0
cv_87,f0,B4,0.4146970187156363,0.1697052059912935,0.08207481497270108,0.7473192224585715,0.014540262074252174,1333.5600913882026,421,0.26079766534599
cv_87,f0,SON_F,0.07462518366855557,0.1290920448888436,-0.17839522431357785,0.327645591650689,0.5632119167733614,1340.7355017752484,421,7.436208052391748
cv_87,f0,SON_A,0.03236319136189955,0.128128514307362,-0.21876869668052998,0.28349507940432905,0.8005898237922292,1341.0148103393653,421,7.715516616508694
cv_87,f0,SON_B,0.09054245957156183,0.12728142970233333,-0.1589291426450115,0.34001406178813515,0.47686341002567023,1340.566656128009,421,7.267362405152426
cv_88,duration,A6,0.21055772278374152,0.04565682294385323,0.12107034981378918,0.30004509575369387,3.9929853803917295e-06,209.10672487279408,285,0.0017418946803218205
cv_88,duration,A5,0.21055772278374152,0.04565682294385323,0.12107034981378918,0.30004509575369387,3.9929853803917295e-06,209.10672487279408,285,0.0017418946803218205
cv_88,duration,A4,0.20099235044584035,0.04564302088206672,0.11153202951698958,0.2904526713746911,1.0648268807875805e-05,210.52053864404058,285,1.4155556659268314
cv_88,duration,B6,0.2146561378091727,0.048105706991639144,0.12036895210555998,0.3089433235127854,8.11314931550859e-06,209.10498297811375,285,0.0
cv_88,duration,B5,0.2146561378091727,0.048105706991639144,0.12036895210555998,0.3089433235127854,8.11314931550859e-06,209.10498297811375,285,0.0
cv_88,duration,B4,0.20442056214070234,0.04810687846081514,0.11013108035750466,0.2987100439239,2.14439501496961e-05,210.5697813914278,285,1.4647984133140426
cv_88,duration,SON_F,0.1565156997350361,0.04230344497211856,0.07360094758968372,0.23943045188038847,0.0002157410254260267,215.7495487413339,285,6.644565763220157
cv_88,duration,SON_A,0.16804333730274387,0.041582806620042115,0.08654103632746132,0.24954563827802642,5.318438434918607e-05,213.1109473714247,285,4.005964393310933
cv_88,duration,SON_B,0.1695751267850804,0.0434180266265447,0.08447579459705279,0.25467445897310803,9.397682089726601e-05,213.2583306212,285,4.153347643086249
cv_88,intensity,A6,0.5097783578936641,0.39653580481429956,-0.26743181954236306,1.2869885353296913,0.19858980548475857,1506.190851822281,285,2.7213047883394665
cv_88,intensity,A5,0.5097783578936641,0.39653580481429956,-0.26743181954236306,1.2869885353296913,0.19858980548475857,1506.190851822281,285,2.7213047883394665
cv_88,intensity,A4,0.5578558815131605,0.39758709031425166,-0.22141481550277275,1.3371265785290936,0.16058594498909307,1505.9516603030038,285,2.4821132690622107
cv_88,intensity,B6,0.5142988319440954,0.39710538212956686,-0.2640277170298556,1.2926253809180466,0.19527908892038537,1506.2140675890835,285,2.7445205551418894
cv_88,intensity,B5,0.5142988319440954,0.39710538212956686,-0.2640277170298556,1.2926253809180466,0.19527908892038537,1506.2140675890835,285,2.7445205551418894
cv_88,intensity,B4,0.5634957462036724,0.3975322855860807,-0.21566753354504586,1.3426590259523907,0.15634140146685713,1505.9742543166008,285,2.504707282659183
cv_88,intensity,SON_F,0.8796414665963364,0.3539702457464531,0.18585978493328836,1.5734231482593843,0.012952531685082824,1503.4695470339416,285,0.0
cv_88,intensity,SON_A,0.8002212750698087,0.35296304395092115,0.10841370892600322,1.4920288412136142,0.023380871998974505,1503.9119938599097,285,0.4424468259680907
cv_88,intensity,SON_B,0.8110225593019641,0.350504481558699,0.12403377544691407,1.4980113431570141,0.02067473604460831,1503.918568401196,285,0.44902136725431774
cv_88,f0,A6,0.6138308103283713,0.13880656859586288,0.34176993588048005,0.8858916847762626,9.76996415591278e-06,825.3572986770179,285,2.5752903475929543
cv_88,f0,A5,0.6138308103283713,0.13880656859586288,0.34176993588048005,0.8858916847762626,9.76996415591278e-06,825.3572986770179,285,2.5752903475929543
cv_88,f0,A4,0.634805046339294,0.13715638611268013,0.36597852955844096,0.903631563120147,3.6862589823668833e-06,823.883753401748,285,1.1017450723230695
cv_88,f0,B6,0.6440614175589132,0.13797684570806068,0.3736267999711143,0.9144960351467122,3.0430144946852515e-06,824.2968180753161,285,1.5148097458911707
cv_88,f0,B5,0.6440614175589132,0.13797684570806068,0.3736267999711143,0.9144960351467122,3.0430144946852515e-06,824.2968180753161,285,1.5148097458911707
cv_88,f0,B4,0.664662857569789,0.13629662394719375,0.3975214746332893,0.9318042405062887,1.0793503542107817e-06,822.7820083294249,285,0.0
cv_88,f0,SON_F,0.3091640001902821,0.136926256300189,0.040788537841911665,0.5775394625386525,0.02395271162386618,837.7425970372906,285,14.960588707865668
cv_88,f0,SON_A,0.3475785060553896,0.134325284479832,0.08430094847491887,0.6108560636358603,0.009665047994322384,835.9929382182133,285,13.210929888788428
cv_88,f0,SON_B,0.3627036397856458,0.1341697238374137,0.09973098106431494,0.6256762985069766,0.006865070870856347,835.6017130637241,285,12.819704734299194
cv_89,duration,A6,0.06284207219434232,0.03980701195411991,-0.015179671235732703,0.14086381562441735,0.11441213472234253,336.22202009789703,487,2.1212322166306876
cv_89,duration,A5,0.07440709974541204,0.03852872700318091,-0.0011092051808225395,0.1499234046716466,0.053456969554130436,335.1588283730241,487,1.0580404917577653
cv_89,duration,A4,0.07440709974541204,0.03852872700318091,-0.0011092051808225395,0.1499234046716466,0.053456969554130436,335.1588283730241,487,1.0580404917577653
cv_89,duration,B6,0.051058431869112055,0.04076791491940559,-0.028846681372922893,0.130963545111147,0.21041793555914,337.17890684289205,487,3.078118961625705
cv_89,duration,B5,0.07004261688236478,0.03958060878746233,-0.007535376341061384,0.14762061010579094,0.076790549240455,335.73803538729317,487,1.6372475060268243
cv_89,duration,B4,0.0717244937756333,0.03971928850579169,-0.006125311695718422,0.149574299246985,0.07095193574818526,335.59680916164757,487,1.4960212803812283
cv_89,duration,SON_F,0.06370907687326653,0.031425534667210236,0.0021150289255344665,0.1253031248209986,0.042631447374838656,335.4210551990095,487,1.3202673177431734
cv_89,duration,SON_A,0.07350414236058866,0.03125808746800206,0.012238290923304633,0.1347699937978727,0.01869668427050542,334.10078788126634,487,0.0
cv_89,duration,SON_B,0.06596538261981492,0.03177107208233357,0.003694081338441131,0.12823668390118872,0.03786881526786467,335.1015192850009,487,1.0007314037345623
cv_89,intensity,A6,0.8729243154847509,0.47538728484393117,-0.05883476280935418,1.804683393778856,0.06632242806216761,2752.6608082353805,487,3.2876962101609024
cv_89,intensity,A5,0.809167927296815,0.47661143360511304,-0.12499048256920653,1.7433263371628365,0.0895546134105588,2753.1764256512306,487,3.803313626011004
cv_89,intensity,A4,0.809167927296815,0.47661143360511304,-0.12499048256920653,1.7433263371628365,0.0895546134105588,2753.1764256512306,487,3.803313626011004
cv_89,intensity,B6,0.7500339195840485,0.4826985982296399,-0.1960553329460456,1.6961231721141425,0.12022380762523531,2753.679996545095,487,4.306884519875439
cv_89,intensity,B5,0.7750132759002297,0.4880866771216642,-0.18163661125823205,1.7316631630586916,0.11231801659573176,2753.562596006369,487,4.189483981149351
cv_89,intensity,B4,0.8966602288425217,0.48552351387239695,-0.05496585834737633,1.8482863160324197,0.06477750451185653,2752.66214904854,487,3.289037023320361
cv_89,intensity,SON_F,0.891091747754041,0.4211151753103513,0.06570600414575245,1.7164774913623295,0.03434237665655306,2751.5134865849923,487,2.140374559772681
cv_89,intensity,SON_A,1.053521858119567,0.40870267251731096,0.2524646199856374,1.8545790962534965,0.009945398298301208,2749.3731120252196,487,0.0
cv_89,intensity,SON_B,1.0360543522421803,0.4108381050471845,0.23081166634969874,1.841297038134662,0.011675379278834337,2749.715912985219,487,0.3428009599992947
cv_89,f0,A6,-0.007405376903974785,0.2533023138666117,-0.5038779120825336,0.4890671582745841,0.9766769034729637,2249.063209291898,487,3.6336008320809015
cv_89,f0,A5,0.01830128938713249,0.2547646456796382,-0.4810374161449584,0.5176399949192234,0.9427323720408347,2249.0594958761085,487,3.62988741629124
cv_89,f0,A4,0.01830128938713249,0.2547646456796382,-0.4810374161449584,0.5176399949192234,0.9427323720408347,2249.0594958761085,487,3.62988741629124
cv_89,f0,B6,0.053955807081820364,0.2595122320222986,-0.4546881676818849,0.5625997818455256,0.8352973786946183,2249.0263321498255,487,3.5967236900082753
cv_89,f0,B5,0.06725729166714733,0.2638078771763935,-0.44980614759858384,0.5843207309328785,0.798763259325805,2249.006717820911,487,3.5771093610937896
cv_89,f0,B4,0.0775548099645491,0.2650045998153446,-0.4418542056735263,0.5969638256026245,0.7697861901128258,2248.9881324580583,487,3.5585239982410712
cv_89,f0,SON_F,-0.4639113509652757,0.24976370977621803,-0.953448222126663,0.02562552019611164,0.06325413191377484,2245.4296084598172,487,0.0
cv_89,f0,SON_A,-0.37976890234557614,0.24742924484666254,-0.8647302222450347,0.10519241755388242,0.12481856674591314,2246.5428165484036,487,1.1132080885863616
cv_89,f0,SON_B,-0.270362762555741,0.254159763289068,-0.7685158986023142,0.22779037349083225,0.28744140684778097,2247.8097680693245,487,2.3801596095072455
cv_90,duration,A6,0.2203620684276653,0.03494407684875671,0.15187167780410216,0.2888524590512284,2.860893970635088e-10,316.25837224959207,554,4.771019471488671
cv_90,duration,A5,0.2216429928409262,0.0346425052320822,0.1537436825860451,0.2895423030958073,1.5741801719177159e-10,315.10316044689046,554,3.615807668787056
cv_90,duration,A4,0.20948048139549524,0.03568377752881923,0.13954027743900954,0.27942068535198095,4.345661216406313e-09,320.1215501077619,554,8.634197329658491
cv_90,duration,B6,0.2390083126357442,0.03409974911628886,0.17217280436781804,0.30584382090367035,2.3986799129585933e-12,311.4873527781034,554,0.0
cv_90,duration,B5,0.2296108334165783,0.03250910406079743,0.16589298945741537,0.29332867737574125,1.6298067779304192e-12,315.38580977479967,554,3.898456996696268
cv_90,duration,B4,0.21135117620890367,0.03425510356352503,0.14421117322439464,0.2784911791934127,6.832546625970159e-10,323.092792393113,554,11.605439615009573
cv_90,duration,SON_F,0.2016368746351923,0.02981470147025954,0.1432000597534836,0.260073689516901,1.3516171647146905e-11,318.43637348149934,554,6.949020703395945
cv_90,duration,SON_A,0.1722521835102366,0.03092528032372268,0.11163863407574015,0.23286573294473306,2.548163095010157e-08,328.15849197623254,554,16.67113919812914
cv_90,duration,SON_B,0.1945733221709016,0.03027464599915971,0.13523501601254856,0.2539116283292546,1.301984971788512e-10,320.42128452459735,554,8.933931746493954
cv_90,intensity,A6,0.9171378103056886,0.28847919136614675,0.35171859522804105,1.4825570253833362,0.0014767373775538516,2797.138563409411,554,0.08312953781523902
cv_90,intensity,A5,0.8874902981321534,0.2887100544187642,0.3216185914713756,1.4533620047929312,0.0021122024479815985,2797.59500474052,554,0.5395708689243293
cv_90,intensity,A4,0.9157059845617959,0.2875188913964631,0.3521689574247282,1.4792430116988635,0.0014482654504983502,2797.0554338715956,554,0.0
cv_90,intensity,B6,0.8652169229956859,0.29999836523585854,0.27722012713340316,1.4532137188579686,0.0039256882974154205,2798.6115160682116,554,1.5560821966159892
cv_90,intensity,B5,0.769880900523477,0.3031972900642538,0.17561421199753957,1.3641475890494146,0.011110383512091785,2800.1641297127626,554,3.108695841166991
cv_90,intensity,B4,0.7903292089845618,0.3054467949712257,0.1916534908409595,1.3890049271281641,0.009668840082636401,2799.9505225113553,554,2.895088639759706
cv_90,intensity,SON_F,0.8611124581903221,0.2686825098524372,0.3344947388795453,1.387730177501099,0.0013508865518625963,2797.1164943455365,554,0.06106047394087
cv_90,intensity,SON_A,0.8264962127873897,0.26415757752322494,0.3087473608418688,1.3442450647329105,0.0017552176896248764,2797.333873278599,554,0.2784394070035887
cv_90,intensity,SON_B,0.7897093904651107,0.2689140464973388,0.2626378593303267,1.3167809215998947,0.003317665647487924,2798.3580651168313,554,1.302631245235716
cv_90,f0,A6,0.11203972958519595,0.3451701353266712,-0.5644937356550795,0.7885731948254714,0.7454893015682489,2847.311240901749,554,3.5371389060505862
cv_90,f0,A5,0.05460164064371735,0.34254660158753036,-0.6167896984678422,0.7259929797552768,0.8733544004659464,2847.4039854072344,554,3.629883411535957
cv_90,f0,A4,0.04068409407088169,0.34533987869743404,-0.636182068176089,0.7175502563178524,0.9062191168631409,2847.417079946588,554,3.642977950889417
cv_90,f0,B6,-0.03610010291836276,0.3731730474836701,-0.767519275986356,0.6953190701496306,0.9229342730404554,2847.4214821655733,554,3.6473801698748503
cv_90,f0,B5,-0.16584295335463584,0.3550162844394427,-0.8616748708559435,0.5299889641466718,0.640398415304915,2847.182142791534,554,3.4080407958354044
cv_90,f0,B4,-0.1733160175869667,0.365447976221333,-0.8895940509807794,0.542962015806846,0.6353171255495342,2847.1635681813113,554,3.389466185612946
cv_90,f0,SON_F,-0.483311945109651,0.29689156518305965,-1.0652194128684478,0.0985955226491459,0.10354454413118662,2844.8429938258428,554,1.0688918301443664
cv_90,f0,SON_A,-0.5109946343340515,0.29374158768302105,-1.0867281461927727,0.06473887752466978,0.0819282214196396,2844.364869395034,554,0.5907673993356184
cv_90,f0,SON_B,-0.5672534292094892,0.3059206379499478,-1.1668578795913869,0.03235102117240851,0.0637033614507532,2843.7741019956984,554,0.0
cv_91,duration,A6,0.10007796971100545,0.039572820537477606,0.02251524145754935,0.17764069796446155,0.011440197462683774,186.2422787887573,384,0.0
cv_91,duration,A5,0.10007796971100545,0.039572820537477606,0.02251524145754935,0.17764069796446155,0.011440197462683774,186.2422787887573,384,0.0
cv_91,duration,A4,0.09641744076892703,0.03905140582752017,0.0198766853469875,0.17295819619086655,0.013549587463129793,186.60347304770858,384,0.36119425895128643
cv_91,duration,B6,0.09569734777190972,0.041596463110668405,0.01416828007499965,0.1772264154688198,0.02141353734884881,187.09225237891394,384,0.849973590156651
cv_91,duration,B5,0.09569734777190972,0.041596463110668405,0.01416828007499965,0.1772264154688198,0.02141353734884881,187.09225237891394,384,0.849973590156651
cv_91,duration,B4,0.09403227018937696,0.04125697731019555,0.013168594661393682,0.17489594571736022,0.022656090029440027,187.24431118984455,384,1.0020324010872628
cv_91,duration,SON_F,0.05101901940827246,0.040685938935437725,-0.028725420905185477,0.1307634597217304,0.20985226157781534,191.06757422137002,384,4.825295432612734
cv_91,duration,SON_A,0.04822801118064832,0.03862152137501383,-0.027470170714378794,0.12392619307567543,0.21176234000395688,191.16668551997498,384,4.924406731217687
cv_91,duration,SON_B,0.044776928306118714,0.03975213687980453,-0.03313725997829816,0.12269111659053558,0.25999495553300234,191.4574166360593,384,5.215137847302003
cv_91,intensity,A6,3.1669243277103236,0.5294440712968782,2.1292139479684424,4.204634707452205,2.209520573204939e-09,2176.2271333897975,384,19.3464610497399
cv_91,intensity,A5,3.1669243277103236,0.5294440712968782,2.1292139479684424,4.204634707452205,2.209520573204939e-09,2176.2271333897975,384,19.3464610497399
cv_91,intensity,A4,3.055854358312127,0.5319938796830465,2.0131463541333563,4.098562362490898,9.238210855961128e-09,2178.1402869628673,384,21.25961462280975
cv_91,intensity,B6,3.2955947616922527,0.5283508999874904,2.2600269977167713,4.331162525667734,4.445867190081825e-10,2174.7925744158188,384,17.91190207576119
cv_91,intensity,B5,3.2955947616922527,0.5283508999874904,2.2600269977167713,4.331162525667734,4.445867190081825e-10,2174.7925744158188,384,17.91190207576119
cv_91,intensity,B4,3.355318224755145,0.5257942892347434,2.324761417855048,4.385875031655242,1.7544458689826132e-10,2172.930746906306,384,16.05007456624844
cv_91,intensity,SON_F,3.4923597329102107,0.4935954815409107,2.5249125890900257,4.459806876730395,1.4907433431933516e-12,2162.036007144955,384,5.155334804897393
cv_91,intensity,SON_A,3.469890338437019,0.4923204607995513,2.504942235269899,4.43483844160414,1.8146597657836067e-12,2159.354584112102,384,2.47391177204463
cv_91,intensity,SON_B,3.5803591902905763,0.48339160877804077,2.6329116370856163,4.527806743495536,1.29435371948335e-13,2156.8806723400576,384,0.0
cv_91,f0,A6,0.2014232926043059,0.13489578963094856,-0.0629724550723533,0.4658190402809651,0.13539085684266916,1356.5543585840092,384,0.09899032319913204
cv_91,f0,A5,0.2014232926043059,0.13489578963094856,-0.0629724550723533,0.4658190402809651,0.13539085684266916,1356.5543585840092,384,0.09899032319913204
cv_91,f0,A4,0.18227278883497855,0.13433356609245328,-0.08102100070622986,0.44556657837618696,0.17482345978027225,1356.7706765775035,384,0.31530831669351755
cv_91,f0,B6,0.21340989366375795,0.13916678522063133,-0.05935700536867944,0.48617679269619535,0.12515690211486977,1356.45536826081,384,0.0
cv_91,f0,B5,0.21340989366375795,0.13916678522063133,-0.05935700536867944,0.48617679269619535,0.12515690211486977,1356.45536826081,384,0.0
cv_91,f0,B4,0.21151052792518252,0.1382725303411211,-0.05950363154341484,0.48252468739377985,0.12609989011391756,1356.4673780040105,384,0.01200974320045134
cv_91,f0,SON_F,0.10416192606959401,0.14445384364279937,-0.17896760747029272,0.38729145960948075,0.4708639219673004,1357.4758336004318,384,1.020465339621751
cv_91,f0,SON_A,0.11650072144188074,0.1391221929149105,-0.15617877667134383,0.3891802195551053,0.40236858528574715,1357.3462071557171,384,0.8908388949071195
cv_91,f0,SON_B,0.12956532995939585,0.14086307380699994,-0.14652629470232403,0.40565695462111573,0.35767923258468004,1357.2355104993746,384,0.780142238564622
cv_92,duration,A6,0.18055143333261006,0.030792512706046497,0.12019810842875893,0.24090475823646118,4.5325208006750905e-09,423.80834661350923,758,3.203570433486675
cv_92,duration,A5,0.18055143333261006,0.030792512706046497,0.12019810842875893,0.24090475823646118,4.5325208006750905e-09,423.80834661350923,758,3.203570433486675
cv_92,duration,A4,0.18055143333261006,0.030792512706046497,0.12019810842875893,0.24090475823646118,4.5325208006750905e-09,423.80834661350923,758,3.203570433486675
cv_92,duration,B6,0.198587628056755,0.03228408699182688,0.13531081755277433,0.2618644385607357,7.687255816456596e-10,420.60477618002255,758,0.0
cv_92,duration,B5,0.198587628056755,0.03228408699182688,0.13531081755277433,0.2618644385607357,7.687255816456596e-10,420.60477618002255,758,0.0
cv_92,duration,B4,0.198587628056755,0.03228408699182688,0.13531081755277433,0.2618644385607357,7.687255816456596e-10,420.60477618002255,758,0.0
cv_92,duration,SON_F,0.08968411209997369,0.028120161754253446,0.03456859506163694,0.14479962913831046,0.0014260936160989464,445.1457222835236,758,24.540946103501028
cv_92,duration,SON_A,0.08954370683607092,0.02659408005102707,0.03741930993605786,0.141668103736084,0.0007597577629492767,444.1730356889957,758,23.568259508973142
cv_92,duration,SON_B,0.09820572251381536,0.027543614139400645,0.044220238800590096,0.15219120622704063,0.0003632151370533944,442.71257992428446,758,22.1078037442619
cv_92,intensity,A6,2.0368509600837963,0.38958003993643997,1.273274081808374,2.8004278383592185,1.710528761163921e-07,4416.444358436649,758,0.0
cv_92,intensity,A5,2.0368509600837963,0.38958003993643997,1.273274081808374,2.8004278383592185,1.710528761163921e-07,4416.444358436649,758,0.0
cv_92,intensity,A4,2.0368509600837963,0.38958003993643997,1.273274081808374,2.8004278383592185,1.710528761163921e-07,4416.444358436649,758,0.0
cv_92,intensity,B6,1.934265024820694,0.43182857167243655,1.0878810243427184,2.7806490252986698,7.490828574365231e-06,4420.197317576671,758,3.7529591400216304
cv_92,intensity,B5,1.934265024820694,0.43182857167243655,1.0878810243427184,2.7806490252986698,7.490828574365231e-06,4420.197317576671,758,3.7529591400216304
cv_92,intensity,B4,1.934265024820694,0.43182857167243655,1.0878810243427184,2.7806490252986698,7.490828574365231e-06,4420.197317576671,758,3.7529591400216304
cv_92,intensity,SON_F,1.3828500203305407,0.37085110855342157,0.6559818475658344,2.109718193095247,0.00019235176784538588,4424.76915799097,758,8.324799554320634
cv_92,intensity,SON_A,1.6859476728014782,0.34736344362526245,1.0051153232959638,2.3667800223069926,1.2126752303486373e-06,4416.82255544321,758,0.3781970065610949
cv_92,intensity,SON_B,1.5414415609712278,0.36729991930011086,0.8215337191430105,2.261349402799445,2.7085186024973816e-05,4421.170612075688,758,4.726253639038987
cv_92,f0,A6,1.0917948014076448,0.2997879387970105,0.5042104413655043,1.6793791614497855,0.0002706433542544631,3715.682137880506,758,0.0
cv_92,f0,A5,1.0917948014076448,0.2997879387970105,0.5042104413655043,1.6793791614497855,0.0002706433542544631,3715.682137880506,758,0.0
cv_92,f0,A4,1.0917948014076448,0.2997879387970105,0.5042104413655043,1.6793791614497855,0.0002706433542544631,3715.682137880506,758,0.0
cv_92,f0,B6,1.0479716018622784,0.3347416465129968,0.39187797469680474,1.7040652290277523,0.001743974291756995,3718.133717935307,758,2.4515800548006155
cv_92,f0,B5,1.0479716018622784,0.3347416465129968,0.39187797469680474,1.7040652290277523,0.001743974291756995,3718.133717935307,758,2.4515800548006155
cv_92,f0,B4,1.0479716018622784,0.3347416465129968,0.39187797469680474,1.7040652290277523,0.001743974291756995,3718.133717935307,758,2.4515800548006155
cv_92,f0,SON_F,0.37582091959431124,0.274602847565198,-0.16240066163347683,0.9140425008220994,0.17112495630222446,3728.391102395938,758,12.708964515431944
cv_92,f0,SON_A,0.43601744842854523,0.25543448589764106,-0.06463414393083128,0.9366690407879217,0.0878287608641572,3727.282377072052,758,11.600239191545825
cv_92,f0,SON_B,0.33730952767996614,0.27263211027710377,-0.19704940846315722,0.8716684638230895,0.21600047918712084,3728.768401741567,758,13.086263861060615
cv_93,duration,A6,0.16239274578708163,0.03974394391920476,0.0844946157054403,0.24029087586872294,4.389217814742658e-05,361.7150081427312,581,6.9465408140322324
cv_93,duration,A5,0.1648860359666045,0.0393743827868965,0.08771224570428737,0.24205982622892164,2.818608269122427e-05,360.954345263548,581,6.185877934849032
cv_93,duration,A4,0.1562364538437919,0.03858778575076724,0.0806043937722881,0.23186851391529567,5.1468222951343865e-05,362.87682988985284,581,8.108362561153854
cv_93,duration,B6,0.19405517709453693,0.040574753135033066,0.11452866094987212,0.27358169323920173,1.7299211368494908e-06,355.8559413874582,581,1.0874740587591987
cv_93,duration,B5,0.19794592751710183,0.04058009291441186,0.1184089454048546,0.2774829096293491,1.07217342308793e-06,354.768467328699,581,0.0
cv_93,duration,B4,0.1887708916540819,0.040311870889217005,0.10975962471121657,0.2677821585969472,2.8303526100523884e-06,357.22803255962435,581,2.4595652309253637
cv_93,duration,SON_F,0.13884983393760397,0.03634583596809483,0.0676119954401381,0.21008767243506984,0.00013332161974332206,362.48001659722627,581,7.711549268527278
cv_93,duration,SON_A,0.12204622803411531,0.03425261027285209,0.054911111899325224,0.18918134416890542,0.000366470304883488,365.39921123986596,581,10.630743911166974
cv_93,duration,SON_B,0.13805972851814624,0.0350598123389052,0.06934249633389206,0.20677696070240043,8.222036830978651e-05,362.0911503512916,581,7.322683022592628
cv_93,intensity,A6,1.9726878722822183,0.5217750822170218,0.9500087111368556,2.995367033427581,0.00015637259698535023,3334.377215335764,581,0.0
cv_93,intensity,A5,1.9367422678077837,0.518274615827424,0.9209240207860327,2.9525605148295346,0.0001863003212212584,3334.8056241777394,581,0.4284088419753971
cv_93,intensity,A4,1.8165699228409549,0.5287493013553948,0.7802212921843812,2.8529185534975285,0.0005912480720806698,3336.6792714196527,581,2.3020560838886013
cv_93,intensity,B6,1.7356740177517709,0.5699187963894424,0.6186331768284636,2.8527148586750783,0.0023231231663375087,3339.0066075640816,581,4.629392228317556
cv_93,intensity,B5,1.808845340624002,0.5650762472077397,0.7012958960968321,2.916394785151172,0.0013692102523010848,3337.966581984112,581,3.5893666483480047
cv_93,intensity,B4,1.7120655477636486,0.5868009627831513,0.5619356607086721,2.8621954348186254,0.0035270749748680308,3339.3470037090137,581,4.969788373249685
cv_93,intensity,SON_F,1.4404887557005204,0.4584933128918479,0.5418418624324984,2.339135648968542,0.0016791961360994772,3339.2512210682935,581,4.87400573252944
cv_93,intensity,SON_A,1.545508764123672,0.4351669702621248,0.6925815024099073,2.3984360258374364,0.0003829976116863954,3336.517917416836,581,2.1407020810720496
cv_93,intensity,SON_B,1.330253339211323,0.4544556695231494,0.43952022694595005,2.220986451476696,0.003420997618717647,3340.5833737388484,581,6.206158403084373
cv_93,f0,A6,0.5312212482760558,0.26780747514385966,0.006318596994090875,1.0561238995580207,0.047301140526697726,2742.7559386707753,581,0.013811838964102208
cv_93,f0,A5,0.5100672985822496,0.26621374969294564,-0.011711650815923846,1.0318462479804231,0.055364256966170665,2742.980237237495,581,0.23811040568398312
cv_93,f0,A4,0.45046896064718533,0.26415401101795616,-0.06727290094800875,0.9682108222423794,0.08813345927649435,2743.644123535998,581,0.9019967041867858
cv_93,f0,B6,0.554254314993735,0.28408715160217796,-0.002556502146533801,1.1110651321340037,0.0510569276108341,2742.742126831811,581,0.0
cv_93,f0,B5,0.5503425318304627,0.28365257201378724,-0.005616509316560325,1.1063015729774857,0.05235546921257879,2742.7760002487516,581,0.03387341694042334
cv_93,f0,B4,0.4947252440791498,0.2814881732654567,-0.056991575521145366,1.046442063679445,0.07882670540808036,2743.414897715186,581,0.6727708833745965
cv_93,f0,SON_F,0.26632721401282794,0.2400784381393682,-0.2042265247403337,0.7368809527659896,0.2672860511405243,2744.9405102791716,581,2.1983834473603565
cv_93,f0,SON_A,0.3172872614352152,0.2267302973596019,-0.12710412138960453,0.761678644260035,0.16169189928689964,2744.3709646301595,581,1.628837798348286
cv_93,f0,SON_B,0.2876831358779005,0.2338945600017677,-0.17075020172556415,0.7461164734813652,0.2187085890928816,2744.719435429687,581,1.97730859787589
cv_94,duration,A6,0.3349847704243339,0.02295928469039842,0.289984572431153,0.3799849684175148,3.23374316112269e-48,918.3061226907703,1491,13.935654737033474
cv_94,duration,A5,0.33030382762143046,0.02324949765922547,0.28473481220934854,0.37587284303351237,8.299253574863213e-46,923.6759334559338,1491,19.305465502196967
cv_94,duration,A4,0.3284371891292003,0.023294565984701057,0.2827798397991862,0.37409453845921437,3.8352853540451927e-45,925.4807029920516,1491,21.11023503831484
cv_94,duration,B6,0.35361364269667406,0.02296236876464388,0.30860739991797204,0.3986198854753761,1.6442461621572194e-53,904.3704679537368,1491,0.0
cv_94,duration,B5,0.34755741803865864,0.023322428823486542,0.301845457544625,0.3932693785326923,3.185110109075317e-50,915.4817339507131,1491,11.111265996976272
cv_94,duration,B4,0.34421534367112216,0.02341961711436986,0.2983128941269572,0.3901177932152871,6.6651332837534776e-49,920.1941436233456,1491,15.823675669608747
cv_94,duration,SON_F,0.26987724903030785,0.022446215702344435,0.22588266625371275,0.3138718318069029,2.6809691386203008e-33,981.0005399831352,1491,76.63007202939843
cv_94,duration,SON_A,0.26858548963969525,0.021788865118080536,0.2258793140082574,0.3112916652711331,6.503145020849842e-35,973.4897488829565,1491,69.11928092921971
cv_94,duration,SON_B,0.2852251033743296,0.022083625691541285,0.24194119701890868,0.3285090097297505,3.671726837832633e-38,958.241778471313,1491,53.87131051757615
cv_94,intensity,A6,0.21855080147352354,0.19195934821138946,-0.15768952102079978,0.5947911239678468,0.25490070721173097,7540.295880726839,1491,3.9855960071645313
cv_94,intensity,A5,0.23296122883533596,0.19103072366379711,-0.14145898954570638,0.6073814472163783,0.22265594260715926,7540.11447937131,1491,3.804194651635953
cv_94,intensity,A4,0.243653154424524,0.1909126745617081,-0.13053568771642388,0.6178419965654719,0.20186557898282986,7539.9726288035745,1491,3.6623440839002797
cv_94,intensity,B6,0.18180854603678984,0.2017614858967542,-0.2136439663208484,0.5772610583944281,0.3675318035934644,7540.7310451898065,1491,4.420760470132336
cv_94,intensity,B5,0.18374766784209823,0.20231499364192998,-0.2127897196960845,0.580285055380281,0.3637590116824876,7540.719986342778,1491,4.409701623103501
cv_94,intensity,B4,0.20454262098552917,0.20145640539765364,-0.19031193359387194,0.5993971755649303,0.3099535421226802,7540.518882712416,1491,4.208597992741488
cv_94,intensity,SON_F,0.4155203865057928,0.17335874019136518,0.07573725573071705,0.7553035172808686,0.016535262683019514,7536.310284719674,1491,0.0
cv_94,intensity,SON_A,0.396662772188648,0.16821789959865532,0.06695568897528353,0.7263698554020124,0.018372232153594712,7536.529081301735,1491,0.21879658206034946
cv_94,intensity,SON_B,0.3200760547956414,0.17348566318649436,-0.019955845049887566,0.6601079546411703,0.06504172599870611,7538.422626713056,1491,2.1123419933819605
cv_94,f0,A6,-0.2269331489487848,0.18017254425964158,-0.5800713356976823,0.12620503780011266,0.20783811135095698,7358.847123855512,1491,3.793135363897818
cv_94,f0,A5,-0.21839331106795298,0.17918256601411567,-0.5695911404556196,0.1328045183197137,0.22290824762107608,7358.951294451634,1491,3.8973059600193665
cv_94,f0,A4,-0.2104655017088027,0.17869640084935745,-0.5607104473735433,0.13977944395593786,0.23888330921788292,7359.048172254423,1491,3.9941837628084613
cv_94,f0,B6,-0.2786520183064153,0.18671526316424863,-0.6446139341083426,0.08730989749551205,0.1355968975562665,7358.189607052187,1491,3.135618560572766
cv_94,f0,B5,-0.2557735086843636,0.18814212190756743,-0.6245320676231958,0.11298505025446853,0.17399780662034903,7358.549923457618,1491,3.495934966003915
cv_94,f0,B4,-0.24874270090848508,0.18802962093114833,-0.6172807579335358,0.11979535611656564,0.18587161520498885,7358.648283259064,1491,3.5942947674493553
cv_94,f0,SON_F,-0.3366830148540066,0.16773588959786068,-0.6654453584658135,-0.007920671242199695,0.04472612714792902,7356.4950962401845,1491,1.4411077485701753
cv_94,f0,SON_A,-0.3382365343042435,0.16489704337669564,-0.661434739322567,-0.015038329285920027,0.04024763983614804,7356.256040760223,1491,1.2020522686088952
cv_94,f0,SON_B,-0.39257795733974393,0.1704188905100618,-0.726598982739465,-0.058556931940022816,0.021244777778910498,7355.053988491614,1491,0.0
cv_95,duration,A6,0.1953812480909403,0.024328017878479612,0.14769833304912025,0.24306416313276033,9.658626752853083e-16,753.0251144726485,1310,11.928296144663818
cv_95,duration,A5,0.19905732429407955,0.024196568026275567,0.15163205096257942,0.24648259762557967,1.9248026040565101e-16,749.2348699385911,1310,8.138051610606453
cv_95,duration,A4,0.19905732429407955,0.024196568026275567,0.15163205096257942,0.24648259762557967,1.9248026040565101e-16,749.2348699385911,1310,8.138051610606453
cv_95,duration,B6,0.21681297895737608,0.025164324271874833,0.1674909033845014,0.26613505453025077,6.940207051661235e-18,741.0968183279847,1310,0.0
cv_95,duration,B5,0.21520965056556837,0.0237461957296933,0.16866710693536952,0.26175219419576723,1.2701504869283698e-19,743.8431914329135,1310,2.746373104928807
cv_95,duration,B4,0.21297428831830584,0.02374467161839074,0.16643473194626,0.25951384469035166,2.982673118361039e-19,745.719620078904,1310,4.62280175091928
cv_95,duration,SON_F,0.11009433785741927,0.023097012133073965,0.0648241940765943,0.15536448163824423,1.8735593538177734e-06,802.956415840074,1310,61.859597512089294
cv_95,duration,SON_A,0.11681989392015289,0.021777922377381964,0.07413516606048424,0.15950462177982155,8.133436703053605e-08,797.0227982611846,1310,55.92597993319987
cv_95,duration,SON_B,0.13138017668358112,0.022180271911541788,0.08790684373695923,0.17485350963020302,3.155641617946771e-09,789.6100423637081,1310,48.5132240357234
cv_95,intensity,A6,0.38482823537795785,0.22570261054235294,-0.05754888128505392,0.8272053520409697,0.08819005787320293,7012.915470726543,1310,9.05023488471943
cv_95,intensity,A5,0.3720131145030282,0.22403759520341102,-0.0671005720956574,0.8111268011017139,0.09681508532697702,7013.064893449961,1310,9.199657608137386
cv_95,intensity,A4,0.3720131145030282,0.22403759520341102,-0.0671005720956574,0.8111268011017139,0.09681508532697702,7013.064893449961,1310,9.199657608137386
cv_95,intensity,B6,0.3851166160248742,0.24376303710769245,-0.09265893670620301,0.8628921687559514,0.11413409750441839,7013.08849078184,1310,9.223254940015977
cv_95,intensity,B5,0.4668693109917937,0.23652283253025796,0.0032845592324881046,0.9304540627510993,0.048394609314273376,7011.996043420431,1310,8.130807578607346
cv_95,intensity,B4,0.4762771471448032,0.23648642650120347,0.012763751202444384,0.939790543087162,0.04401242632548144,7011.852935181153,1310,7.987699339329083
cv_95,intensity,SON_F,0.7573168915422022,0.20024155041058242,0.3648434527374606,1.1497903303469437,0.00015556291086642096,7003.865235841824,1310,0.0
cv_95,intensity,SON_A,0.7035634919595959,0.1912773685059552,0.3286598496879237,1.0784671342312682,0.0002348516972587599,7004.710629171552,1310,0.8453933297278127
cv_95,intensity,SON_B,0.6646792455132697,0.2010429644395028,0.27063503521184423,1.0587234558146952,0.0009458567641887814,7006.251099437444,1310,2.3858635956203216
cv_95,f0,A6,0.14288910876165292,0.16243366765556772,-0.1754808798432598,0.4612590973665657,0.3790344883566559,5923.050032646188,1310,9.480074835804771
cv_95,f0,A5,0.1309253960581589,0.16128349218773866,-0.18519024862980887,0.44704104074612666,0.4169225673874798,5923.176692908977,1310,9.606735098594072
cv_95,f0,A4,0.1309253960581589,0.16128349218773866,-0.18519024862980887,0.44704104074612666,0.4169225673874798,5923.176692908977,1310,9.606735098594072
cv_95,f0,B6,0.2129355030987969,0.17417769979683642,-0.12845278850300249,0.5543237947005963,0.2215115193635363,5922.163171369615,1310,8.593213559232026
cv_95,f0,B5,0.05235653313836125,0.16435746202914076,-0.2697840924387546,0.3744971587154771,0.7500656344659377,5923.775808602251,1310,10.205850791868215
cv_95,f0,B4,0.05547200173545802,0.1640669207337939,-0.266099162902778,0.37704316637369406,0.7352833485341129,5923.763329075809,1310,10.193371265426322
cv_95,f0,SON_F,-0.45019158054851616,0.14838135032482874,-0.7410190271851804,-0.15936413391185184,0.0024132060909645313,5914.403717027639,1310,0.833759217255647
cv_95,f0,SON_A,-0.4528359758416812,0.14220264781044797,-0.7315531655501593,-0.1741187861332032,0.0014503375362457929,5913.569957810383,1310,0.0
cv_95,f0,SON_B,-0.3846150515021098,0.15081047959725238,-0.6802035915127245,-0.0890265114914951,0.010762394197740721,5916.737383524733,1310,3.1674257143495197
cv_96,duration,A6,0.3227002124517798,0.02290889420986953,0.27779877980043555,0.3676016451031241,4.6147796004400646e-45,955.2135052972212,1512,0.0
cv_96,duration,A5,0.3215019928499967,0.02288242252286075,0.2766524447051896,0.36635154099480377,7.684618914560941e-45,957.712111580428,1512,2.4986062832067546
cv_96,duration,A4,0.31684383016584605,0.02307471784618806,0.27161738318731743,0.3620702771443747,6.602028181738461e-43,964.6113680038843,1512,9.39786270666309
cv_96,duration,B6,0.3298051547325015,0.02364475633135619,0.2834614323230434,0.3761488771419596,3.220028609769345e-44,957.6610825451789,1512,2.4475772479577245
cv_96,duration,B5,0.32558617260531886,0.023822303521397307,0.2788944577033801,0.3722778875072576,1.5922955734570212e-42,964.9311833484348,1512,9.717678051213625
cv_96,duration,B4,0.32063544821382334,0.024069151689196194,0.2734599109029988,0.36781098552464786,1.737542128661827e-40,973.0194961294796,1512,17.80599083225843
cv_96,duration,SON_F,0.25076830683884943,0.022385657210204885,0.20689241870684785,0.294644194970851,3.9779247692492433e-29,1023.2929209194258,1512,68.07941562220458
cv_96,duration,SON_A,0.2614277181853804,0.021455076995312943,0.21937576727456704,0.3034796690961938,3.7416529800461407e-34,998.764259096236,1512,43.55075379901473
cv_96,duration,SON_B,0.26331269241297345,0.02209404963976949,0.22000835511902525,0.3066170297069216,9.558787010637267e-33,1003.0348013780672,1512,47.82129608084597
cv_96,intensity,A6,0.7472222411372151,0.22131066746921135,0.3134533328975609,1.1809911493768694,0.0007345444989849294,7687.02321213767,1512,6.33814709249782
cv_96,intensity,A5,0.7485362344841664,0.22208795125773512,0.31324385001900557,1.1838286189493272,0.0007504564710591857,7687.023951914401,1512,6.33888686922819
cv_96,intensity,A4,0.728221774154126,0.2224920039293248,0.29213744645264944,1.1643061018556027,0.0010640326388687968,7687.814153394525,1512,7.129088349352969
cv_96,intensity,B6,0.8163445529378452,0.22565040762495703,0.37406975399292947,1.258619351882761,0.00029718647230210455,7685.160136312323,1512,4.47507126715027
cv_96,intensity,B5,0.8062753760074275,0.22720683215522583,0.36094998498318487,1.25160076703167,0.000387225292928488,7685.667299243559,1512,4.9822341983863225
cv_96,intensity,B4,0.7821856801651121,0.22805829894781757,0.33519141422738974,1.2291799461028345,0.0006041109584627664,7686.696107419486,1512,6.011042374313547
cv_96,intensity,SON_F,0.8365983717422807,0.18896570328129514,0.4662255933109422,1.2069711501736191,9.544218050079385e-06,7680.685065045172,1512,0.0
cv_96,intensity,SON_A,0.6887098075199827,0.18527125793613047,0.32557814196516693,1.0518414730747985,0.000201359150437407,7686.3940300052,1512,5.708964960027515
cv_96,intensity,SON_B,0.7484196153081177,0.18518921806624497,0.3854487478982776,1.111390482717958,5.313804413959003e-05,7684.361144260611,1512,3.6760792154382216
cv_96,f0,A6,-0.407270749419647,0.17678166989868002,-0.7537628224210599,-0.0607786764182342,0.021233511514927604,7118.062272981488,1512,9.849809125886168
cv_96,f0,A5,-0.4274891803923557,0.17676211379444345,-0.7739429234294649,-0.08103543735524654,0.015587067149453538,7117.457787630895,1512,9.2453237752934
cv_96,f0,A4,-0.440906502067696,0.17699249476067722,-0.7878117917986234,-0.09400121233676867,0.012734726213411382,7117.039156440134,1512,8.826692584532793
cv_96,f0,B6,-0.49533419387498395,0.186196150583374,-0.8602786490183969,-0.13038973873157095,0.007807534339288984,7115.583108729129,1512,7.3706448735274535
cv_96,f0,B5,-0.5204910610270799,0.18678982420445392,-0.8865991164678095,-0.1543830055863502,0.005327954801374824,7114.747480025846,1512,6.535016170244489
cv_96,f0,B4,-0.5177881665683179,0.18781538904222686,-0.8859063290910826,-0.1496700040455533,0.005835226943577116,7114.915255893236,1512,6.702792037634026
cv_96,f0,SON_F,-0.5300277357549188,0.16227734385941023,-0.8480913297193629,-0.21196414179047474,0.0010900722433934474,7112.183089221039,1512,3.970625365437627
cv_96,f0,SON_A,-0.5393457830509005,0.1565305792982759,-0.8461457184755212,-0.23254584762627978,0.0005697389706853235,7110.907765466487,1512,2.695301610885508
cv_96,f0,SON_B,-0.6026431248090979,0.1622659965958196,-0.9206844781369043,-0.28460177148129145,0.00020407236182633562,7108.2124638556015,1512,0.0
cv_97,duration,A6,0.22957095440070693,0.033243211657246266,0.16441425955250427,0.2947276492489096,4.992146558531557e-12,1135.9025450965246,1341,4.265118457726658
cv_97,duration,A5,0.22957095440070693,0.033243211657246266,0.16441425955250427,0.2947276492489096,4.992146558531557e-12,1135.9025450965246,1341,4.265118457726658
cv_97,duration,A4,0.22497255309096875,0.032731889357228525,0.16081804995080085,0.28912705623113666,6.278106890279484e-12,1137.2965159798005,1341,5.659089341002527
cv_97,duration,B6,0.24530622710123262,0.03500472724449958,0.17669696170201343,0.3139154925004518,2.420896106286148e-12,1131.637426638798,1341,0.0
cv_97,duration,B5,0.24056158073811695,0.03508926541100576,0.17178662053254568,0.30933654094368823,7.096269239719335e-12,1135.3888026806117,1341,3.751376041813728
cv_97,duration,B4,0.23376850773322042,0.03465407793869863,0.1658465149733711,0.3016905004930697,1.5221551558380983e-11,1138.1103910114557,1341,6.472964372657771
cv_97,duration,SON_F,0.19415273015449422,0.027869432475140725,0.1395286425032184,0.24877681780577005,3.2489566150684354e-12,1137.6285589982458,1341,5.9911323594478745
cv_97,duration,SON_A,0.1854535026608394,0.026525185807163745,0.13346413847879846,0.23744286684288035,2.717678159406086e-12,1139.1384261154421,1341,7.5009994766442105
cv_97,duration,SON_B,0.19820574331284854,0.02711272124758689,0.14506480966757823,0.25134667695811885,2.6628208123075936e-13,1132.2546343331992,1341,0.6172076944012588
cv_97,intensity,A6,1.5074704902432952,0.31133712543808056,0.8972497243846572,2.117691256101933,1.2858838379637147e-06,7664.032517255179,1341,55.845540381059436
cv_97,intensity,A5,1.5074704902432952,0.31133712543808056,0.8972497243846572,2.117691256101933,1.2858838379637147e-06,7664.032517255179,1341,55.845540381059436
cv_97,intensity,A4,1.4816758280491593,0.3076526890366211,0.878676557537382,2.0846750985609366,1.4641570165803444e-06,7664.3616319857765,1341,56.17465511165665
cv_97,intensity,B6,1.415415970027676,0.3272862807110296,0.7739348598340581,2.056897080221294,1.5273747791186057e-05,7668.127864226629,1341,59.94088735250898
cv_97,intensity,B5,1.3799447082900198,0.3257439847371465,0.7414864982052127,2.018402918374827,2.2724721441100607e-05,7669.288376500214,1341,61.10139962609446
cv_97,intensity,B4,1.3335771541789472,0.32227484439109794,0.7019184591723953,1.965235849185499,3.5032814391282885e-05,7670.158814734078,1341,61.971837859958214
cv_97,intensity,SON_F,2.3042199451898253,0.25603533138819207,1.802390695668969,2.8060491947106816,2.2650627530267867e-19,7613.317046449939,1341,5.130069575819107
cv_97,intensity,SON_A,2.3006515887034458,0.24308203368781656,1.8242108026753252,2.7770923747315663,2.949493318252134e-21,7608.18697687412,1341,0.0
cv_97,intensity,SON_B,2.3154855678624,0.24726990185046133,1.830836560235496,2.800134575489304,7.66263709877481e-21,7609.80226803076,1341,1.6152911566405237
cv_97,f0,A6,-0.28488529680917085,0.14216327519510547,-0.5635253161915776,-0.006245277426764118,0.045077525672585515,5818.786860709946,1341,6.596273404677049
cv_97,f0,A5,-0.28488529680917085,0.14216327519510547,-0.5635253161915776,-0.006245277426764118,0.045077525672585515,5818.786860709946,1341,6.596273404677049
cv_97,f0,A4,-0.28286322824793425,0.1394187697803137,-0.5561240170173491,-0.009602439478519409,0.04247104438969164,5818.7683843936475,1341,6.577797088378247
cv_97,f0,B6,-0.25319427423973967,0.15102178942597033,-0.5491969815146416,0.042808433035162186,0.09363220448327088,5819.64131025511,1341,7.450722949840383
cv_97,f0,B5,-0.25157858320554277,0.15437469247166655,-0.5541529804500092,0.05099581403892367,0.1031729348707151,5819.702958207181,1341,7.512370901911709
cv_97,f0,B4,-0.26271610794662875,0.15123334718953735,-0.559133468438122,0.033701252544864446,0.08235941556962555,5819.450991201657,1341,7.260403896388198
cv_97,f0,SON_F,-0.3752841141460308,0.12045188171088986,-0.6113698022993749,-0.1391984259926867,0.0018354922935924732,5814.381725310642,1341,2.1911380053725225
cv_97,f0,SON_A,-0.411243176746184,0.1155858499507874,-0.6377914426497273,-0.1846949108426407,0.0003738281084274502,5812.190587305269,1341,0.0
cv_97,f0,SON_B,-0.3513347660284468,0.11905478936988953,-0.5846821531934303,-0.11798737886346336,0.0031671175269938575,5815.082024801995,1341,2.891437496726212
cv_98,duration,A6,0.2840102013350098,0.024951241600173098,0.23510576779867054,0.3329146348713491,5.104988408826354e-30,1082.0173874103102,1638,18.02075209255281
cv_98,duration,A5,0.2829448267359225,0.02485811677105112,0.23422291786466234,0.33166673560718274,5.117655054718051e-30,1082.5288661679306,1638,18.532230850173164
cv_98,duration,A4,0.2782383477778905,0.024880551693378064,0.2294724664588695,0.3270042290969115,4.9410860953722067e-29,1087.073456503906,1638,23.076821186148663
cv_98,duration,B6,0.30913559995612205,0.02602049322659891,0.2581354332319882,0.36013576668025593,1.4953039241979178e-32,1063.9966353177574,1638,0.0
cv_98,duration,B5,0.30099884051318393,0.024351536657646267,0.2532698286641972,0.34872785236217063,4.2712451909289147e-35,1078.7162159504737,1638,14.719580632716315
cv_98,duration,B4,0.2920367534643983,0.02464562350574486,0.24373133139313835,0.3403421755356582,2.1664238811218082e-32,1090.4136267166668,1638,26.41699139890943
cv_98,duration,SON_F,0.15766644377205707,0.025482561508743694,0.10772062321491943,0.20761226432919472,6.123098126047461e-10,1187.5910983004483,1638,123.59446298269086
cv_98,duration,SON_A,0.15311689720601507,0.023538784614870807,0.10698087936086828,0.19925291505116186,7.775700750259788e-11,1187.0508574333894,1638,123.054222115632
cv_98,duration,SON_B,0.16920599462334504,0.024431575048426767,0.12132010752842859,0.2170918817182615,4.337954308963467e-12,1176.2840836493401,1638,112.28744833158271
cv_98,intensity,A6,0.8161581291660283,0.21446615151037027,0.39580447220570253,1.236511786126354,0.00014149884669370256,9010.103282254495,1638,48.19535510777496
cv_98,intensity,A5,0.8101548055234183,0.21434805702961157,0.3900326137453797,1.230276997301457,0.0001570661105532588,9010.219422342372,1638,48.31149519565224
cv_98,intensity,A4,0.7972715092584178,0.21421472180251697,0.3774106545254846,1.2171323639913512,0.00019778149355085986,9010.49796572197,1638,48.59003857525022
cv_98,intensity,B6,0.6312728052367713,0.22494468152863842,0.19038122944064,1.0721643810329027,0.005010672014862586,9015.19216705719,1638,53.284239910470205
cv_98,intensity,B5,0.637718716097746,0.2289380567373822,0.18900012489247686,1.0864373073030151,0.005343677325832131,9015.222391662963,1638,53.31446451624288
cv_98,intensity,B4,0.6498166991731775,0.22901168173024072,0.20095380298190574,1.0986795953644493,0.004547080207898414,9015.026261400639,1638,53.118334253918874
cv_98,intensity,SON_F,1.5362500818125961,0.21038667700205527,1.1238921948885678,1.9486079687366245,2.834554923145016e-13,8970.895503134978,1638,8.987575988257959
cv_98,intensity,SON_A,1.6097475093728437,0.20047688225572516,1.2168128201516224,2.002682198594065,9.779759186039455e-16,8961.90792714672,1638,0.0
cv_98,intensity,SON_B,1.4931847037290524,0.2070405110622416,1.0873853020470587,1.8989841054110461,5.511927467344759e-13,8972.563263047403,1638,10.655335900682985
cv_98,f0,A6,1.2286469885479767,0.14602385730432016,0.9424402282315092,1.5148537488644442,3.962085689978012e-17,6769.812302080744,1638,0.0
cv_98,f0,A5,1.2232097642955984,0.14543711107145302,0.9381530265955504,1.5082665019956463,4.0800476454033067e-17,6770.247352427034,1638,0.43505034628924477
cv_98,f0,A4,1.2187149498816574,0.144580973351025,0.9353362421136484,1.5020936576496664,3.477688247686146e-17,6770.257814429169,1638,0.44551234842492704
cv_98,f0,B6,1.2036211732577498,0.15226842585451936,0.9051750585828918,1.5020672879326078,2.6879285309405002e-15,6780.76374726456,1638,10.95144518381585
cv_98,f0,B5,1.1090122487605107,0.14526202997989865,0.8242986699999094,1.393725827521112,2.2658610348482324e-14,6796.283690526418,1638,26.471388445673256
cv_98,f0,B4,1.115980341200983,0.14629589988109096,0.8292403774340447,1.4027203049679213,2.3797888299411392e-14,6795.881544425214,1638,26.069242344469785
cv_98,f0,SON_F,0.65331181454814,0.13549038453074883,0.38775066086787235,0.9188729682284077,1.422460278456714e-06,6835.058394285996,1638,65.24609220525144
cv_98,f0,SON_A,0.7645122707254418,0.12856715160725404,0.5125206535752239,1.0165038878756598,2.74096562524455e-09,6819.060486034083,1638,49.24818395333841
cv_98,f0,SON_B,0.734592184988713,0.1300399867952737,0.4797138108699766,0.9894705591074495,1.614105687895606e-08,6824.920044274176,1638,55.10774219343148
cv_99,duration,A6,0.2305448841226684,0.02773722311337686,0.17617992682044975,0.28490984142488707,9.430036009597447e-17,475.7466151704416,1227,2.406488078111579
cv_99,duration,A5,0.23149710899445433,0.027595903521252765,0.1774091380927989,0.28558507989610976,4.910395666170583e-17,474.46990031705764,1227,1.1297732247276144
cv_99,duration,A4,0.23066536533922297,0.0272767755397047,0.17720288528140177,0.28412784539704417,2.7558175565260997e-17,473.34012709233,1227,0.0
cv_99,duration,B6,0.2405285082085559,0.02680131188149583,0.18799793692082406,0.29305907949628773,2.8462864297642807e-19,474.5228312039799,1227,1.182704111649855
cv_99,duration,B5,0.236922359245168,0.026888338675254787,0.1842212154416686,0.28962350304866735,1.2365601251864846e-18,477.31902523153167,1227,3.9788981392016467
cv_99,duration,B4,0.23836768844331227,0.026225701750841057,0.1869653130116638,0.28977006387496074,9.987405367058712e-20,474.51649276238413,1227,1.1763656700541105
cv_99,duration,SON_F,0.1747779312772626,0.024627495557383198,0.12650803998479154,0.22304782256973366,1.276216048062207e-12,495.8251575550985,1227,22.485030462768464
cv_99,duration,SON_A,0.1749603104710525,0.023875616444102514,0.1281641022406116,0.22175651870149343,2.336278175532439e-13,490.38642278525776,1227,17.046295692927742
cv_99,duration,SON_B,0.175266708452511,0.023729397500035988,0.12875708935244046,0.22177632755258153,1.5124573287315464e-13,492.4310657429005,1227,19.09093865057048
cv_99,intensity,A6,1.6880682083078815,0.2819232181863386,1.1354987006626578,2.2406377159531052,2.128451431580166e-09,6632.572870937845,1227,29.236460154075758
cv_99,intensity,A5,1.6940150751655434,0.2805548095200385,1.144127648506268,2.243902501824819,1.5594947808241973e-09,6632.160324260209,1227,28.823913476438975
cv_99,intensity,A4,1.618634618198681,0.28125858848372426,1.0673677847705814,2.1699014516267807,8.665740284203912e-09,6634.471299532892,1227,31.134888749122183
cv_99,intensity,B6,1.6266380118680162,0.2953979797200576,1.0476579716167032,2.205618052119329,3.658337332032014e-08,6637.030741355282,1227,33.69433057151218
cv_99,intensity,B5,1.6404263649094464,0.2951139519282613,1.0620030191300542,2.2188497106888385,2.7191571763445097e-08,6636.54808656802,1227,33.211675784250474
cv_99,intensity,B4,1.5539386604623624,0.29603150271161854,0.9737169151475901,2.1341604057771346,1.5273287767749832e-07,6639.033182323433,1227,35.69677153966313
cv_99,intensity,SON_F,1.7968626948981448,0.23513433757479182,1.3359993932515528,2.2577259965447367,2.1411294727333735e-14,6614.631276324428,1227,11.294865540658066
cv_99,intensity,SON_A,1.914016883156646,0.22956036174854585,1.4640785741294962,2.363955192183796,7.571750915585994e-17,6603.33641078377,1227,0.0
cv_99,intensity,SON_B,1.8911500588598225,0.23493627513630713,1.4306749595926604,2.3516251581269842,8.304479301970365e-16,6606.685443829036,1227,3.349033045265969
cv_99,f0,A6,-0.19239898251039572,0.11178699579244054,-0.4115014942635792,0.026703529242787738,0.08522881005919664,4557.046056529043,1227,3.8891109795322336
cv_99,f0,A5,-0.18777922005197842,0.11141923748543707,-0.4061609255234351,0.030602485419478243,0.09192312690052497,4557.144146315029,1227,3.9872007655176276
cv_99,f0,A4,-0.17768092988440298,0.11054725844493885,-0.3943535564364831,0.038991696667677156,0.10799190371989414,4557.338317815036,1227,4.1813722655251695
cv_99,f0,B6,-0.21537196391408214,0.11741023442970135,-0.4454960233962968,0.014752095568132478,0.06660142433074112,4556.659867173072,1227,3.5029216235607237
cv_99,f0,B5,-0.21609518592308685,0.11780055249558413,-0.44698426881443176,0.01479389696825803,0.06659230712421454,4556.641651412671,1227,3.484705863160343
cv_99,f0,B4,-0.1923864548857833,0.11635204341131605,-0.4204364599719628,0.03566355020039616,0.0982320279480643,4557.167383460236,1227,4.010437910725159
cv_99,f0,SON_F,-0.24271097053263305,0.12748379713667174,-0.49257921292050966,0.007157271855243563,0.0569287585280793,4554.340450553965,1227,1.1835050044537638
cv_99,f0,SON_A,-0.24259912139167436,0.12028519122744066,-0.47835809619745806,-0.006840146585890661,0.04370949134076642,4553.973632060854,1227,0.8166865113425956
cv_99,f0,SON_B,-0.26427070523788676,0.12406299769845174,-0.5074341807268521,-0.021107229748921374,0.033160621420544475,4553.156945549511,1227,0.0
